solar_depression_deg,relative_azimuth_deg,elevation_deg,X,Y_cd_m2,Z,CIE_x,CIE_y,preview_sRGB_R8,preview_sRGB_G8,preview_sRGB_B8,gamut_clipped,solar_Y_cd_m2,background_Y_cd_m2,near_horizon,night_background_important
-6.0,0.0,0.0,17096.25347,16860.3223031,7993.40210284,0.407539034242,0.401914927177,255,204,133,0,16860.3223031,0.0,1,0
-6.0,0.0,0.5,18382.9668237,18146.0486736,8521.99125194,0.40804785842,0.402788971501,255,204,132,0,18146.0486736,0.0,1,0
-6.0,0.0,1.0,19500.7438131,19345.3587293,9139.26181395,0.406389407993,0.403151231397,255,206,133,0,19345.3587293,0.0,1,0
-6.0,0.0,2.0,20745.5026755,20936.0088287,10367.2831652,0.398577965297,0.402238110637,255,212,140,0,20936.0088287,0.0,1,0
-6.0,0.0,3.0,20822.7615974,21388.9070113,11389.165325,0.388478314035,0.39904056414,255,219,150,0,21388.9070113,0.0,1,0
-6.0,0.0,5.0,19364.1536118,20383.3388302,12549.1554114,0.37027523573,0.38976377391,255,230,171,0,20383.3388302,0.0,0,0
-6.0,0.0,8.0,16270.1841654,17411.3780877,12476.4735538,0.352488659472,0.37721228348,255,241,193,0,17411.3780877,0.0,0,0
-6.0,0.0,12.0,12754.5630018,13747.9710135,11103.9298555,0.339158795828,0.365574680479,255,249,212,0,13747.9710135,0.0,0,0
-6.0,0.0,20.0,7922.67526913,8538.5199605,7825.00630132,0.32622126021,0.351579062276,255,255,232,0,8538.5199605,0.0,0,0
-6.0,0.0,30.0,4543.02267199,4865.80892641,4958.17955613,0.316212093324,0.338679275326,251,255,245,0,4865.80892641,0.0,0,0
-6.0,0.0,45.0,2148.81238595,2277.56476356,2738.88487176,0.299893064562,0.317862034465,234,244,255,0,2277.56476356,0.0,0,0
-6.0,0.0,60.0,1192.87725436,1255.94060546,1773.6593539,0.282506498907,0.297441653772,207,225,255,0,1255.94060546,0.0,0,0
-6.0,0.0,90.0,632.424696492,663.146009646,1151.619515,0.25842890799,0.270982616684,171,205,255,0,663.146009646,0.0,0,0
-6.0,90.0,0.0,1657.59793889,1681.3930782,1526.12424028,0.340710928972,0.345601900314,255,231,214,0,1681.3930782,0.0,1,0
-6.0,90.0,0.5,1784.59898274,1807.60827326,1609.2737306,0.343094397026,0.347518000722,255,229,211,0,1807.60827326,0.0,1,0
-6.0,90.0,1.0,1911.7776609,1937.35770671,1701.45054956,0.344428081904,0.349036612643,255,229,209,0,1937.35770671,0.0,1,0
-6.0,90.0,2.0,2125.23575074,2172.70365674,1874.95577116,0.344285086534,0.351974817952,255,231,209,0,2172.70365674,0.0,1,0
-6.0,90.0,3.0,2266.84928888,2351.96688068,2063.10323761,0.339251216716,0.351989710944,255,238,215,0,2351.96688068,0.0,1,0
-6.0,90.0,5.0,2348.23419626,2495.33549197,2404.22712663,0.323992829303,0.344288830897,255,252,236,0,2495.33549197,0.0,0,0
-6.0,90.0,8.0,2224.19871748,2396.8488065,2676.77971487,0.304775468737,0.328433207317,242,254,255,0,2396.8488065,0.0,0,0
-6.0,90.0,12.0,1961.39465721,2117.32966389,2700.02196302,0.289344751227,0.312348268419,217,239,255,0,2117.32966389,0.0,0,0
-6.0,90.0,20.0,1514.87229714,1623.19026184,2397.15773314,0.273678772875,0.293247635356,193,222,255,0,1623.19026184,0.0,0,0
-6.0,90.0,30.0,1168.41241944,1241.90494847,1986.41168385,0.265745831887,0.282461105483,181,214,255,0,1241.90494847,0.0,0,0
-6.0,90.0,45.0,886.847882841,936.202123299,1574.7700988,0.26100495478,0.275530220666,175,208,255,0,936.202123299,0.0,0,0
-6.0,90.0,60.0,733.164657319,770.867626701,1322.4455018,0.259391621967,0.272730827947,172,206,255,0,770.867626701,0.0,0,0
-6.0,90.0,90.0,632.424696492,663.146009646,1151.619515,0.25842890799,0.270982616684,171,205,255,0,663.146009646,0.0,0,0
-6.0,180.0,0.0,1557.33733883,1611.17089648,1586.97850423,0.327482216674,0.338802521114,255,242,232,0,1611.17089648,0.0,1,0
-6.0,180.0,0.5,1690.66900454,1743.53716079,1685.96989605,0.330197435454,0.340522892161,255,240,228,0,1743.53716079,0.0,1,0
-6.0,180.0,1.0,1839.05042348,1890.31205836,1772.45343529,0.334262441924,0.34357966294,255,237,222,0,1890.31205836,0.0,1,0
-6.0,180.0,2.0,2165.05344985,2233.63835825,1978.07031843,0.339522379366,0.350277823436,255,236,215,0,2233.63835825,0.0,1,0
-6.0,180.0,3.0,2441.91702379,2556.00119386,2234.00031017,0.337658259617,0.353433350227,255,241,216,0,2556.00119386,0.0,1,0
-6.0,180.0,5.0,2728.13535763,2933.07446399,2769.95208786,0.323577626301,0.347884964787,254,255,235,0,2933.07446399,0.0,0,0
-6.0,180.0,8.0,2727.17626024,2979.23958182,3288.18046276,0.303201629936,0.33122549149,237,255,253,0,2979.23958182,0.0,0,0
-6.0,180.0,12.0,2478.14673841,2710.06995829,3500.63579693,0.285209898571,0.311901941053,210,239,255,0,2710.06995829,0.0,0,0
-6.0,180.0,20.0,1919.88073796,2081.97550212,3137.8545662,0.268901751073,0.291605018552,185,221,255,0,2081.97550212,0.0,0,0
-6.0,180.0,30.0,1413.5296871,1517.70566029,2505.69596444,0.259986673737,0.279147477362,172,211,255,0,1517.70566029,0.0,0,0
-6.0,180.0,45.0,962.068322069,1022.57481355,1800.28068526,0.254184329091,0.270170513845,164,204,255,0,1022.57481355,0.0,0,0
-6.0,180.0,60.0,721.107168377,761.182497984,1376.05992374,0.252280956422,0.266301400158,161,201,255,0,761.182497984,0.0,0,0
-6.0,180.0,90.0,632.424696491,663.146009645,1151.61951499,0.25842890799,0.270982616684,171,205,255,0,663.146009645,0.0,0,0
-5.5,0.0,0.0,15136.5544071,14758.2365338,6522.77493109,0.415638828259,0.405250493284,255,200,125,0,14758.2365338,0.0,1,0
-5.5,0.0,0.5,16344.517126,15944.6228812,6942.17146406,0.416619187916,0.406425946093,255,200,124,0,15944.6228812,0.0,1,0
-5.5,0.0,1.0,17438.4539072,17103.2790162,7488.26494114,0.414904943927,0.406930285157,255,201,125,0,17103.2790162,0.0,1,0
-5.5,0.0,2.0,18709.5764923,18694.1238603,8606.52862149,0.406639499726,0.406303647627,255,207,132,0,18694.1238603,0.0,1,0
-5.5,0.0,3.0,18868.6515417,19217.1245425,9564.7836102,0.39597964143,0.40329273498,255,215,142,0,19217.1245425,0.0,1,0
-5.5,0.0,5.0,17603.6998358,18408.88822,10688.6535061,0.376942865909,0.394184128822,255,227,163,0,18408.88822,0.0,0,0
-5.5,0.0,8.0,14803.435061,15762.3414606,10756.4984497,0.358243467266,0.38144902408,255,238,186,0,15762.3414606,0.0,0,0
-5.5,0.0,12.0,11596.4337108,12448.5342599,9644.30814838,0.344217360735,0.369510292115,255,246,205,0,12448.5342599,0.0,0,0
-5.5,0.0,20.0,7181.23939809,7712.6389821,6842.98464752,0.330371470296,0.354818400993,255,252,226,0,7712.6389821,0.0,0,0
-5.5,0.0,30.0,4115.64952112,4394.5361485,4373.99938757,0.319434213561,0.341079868769,254,255,242,0,4394.5361485,0.0,0,0
-5.5,0.0,45.0,1956.29188601,2069.14816008,2454.14614805,0.301916176033,0.319333379954,237,245,255,0,2069.14816008,0.0,0,0
-5.5,0.0,60.0,1091.86280502,1148.46908094,1605.61931513,0.28389928731,0.298617694529,209,226,255,0,1148.46908094,0.0,0,0
-5.5,0.0,90.0,585.025467322,613.976037932,1053.89637684,0.259676868611,0.272527238279,173,206,255,0,613.976037932,0.0,0,0
-5.5,90.0,0.0,1420.01522806,1429.33944605,1279.44618825,0.343929212233,0.346187547838,255,227,210,0,1429.33944605,0.0,1,0
-5.5,90.0,0.5,1534.72159777,1541.56073607,1348.74004193,0.346827985814,0.348373545975,255,225,206,0,1541.56073607,0.0,1,0
-5.5,90.0,1.0,1654.02135262,1661.54865685,1427.48036591,0.348725234126,0.350312251683,255,225,204,0,1661.54865685,0.0,1,0
-5.5,90.0,2.0,1862.66465413,1888.6631952,1580.93290601,0.349319873801,0.354195580798,255,227,202,0,1888.6631952,0.0,1,0
-5.5,90.0,3.0,2007.59240847,2069.02753723,1753.59396709,0.344342838617,0.354880209916,255,234,208,0,2069.02753723,0.0,1,0
-5.5,90.0,5.0,2106.68961603,2229.71628986,2078.86931975,0.32838647477,0.347563621425,255,248,229,0,2229.71628986,0.0,0,0
-5.5,90.0,8.0,2014.07268244,2166.28328591,2355.52233574,0.308156392871,0.331444862515,245,255,252,0,2166.28328591,0.0,0,0
-5.5,90.0,12.0,1786.06727676,1926.55807617,2404.78865762,0.291964427073,0.31493014415,221,241,255,0,1926.55807617,0.0,0,0
-5.5,90.0,20.0,1388.71735746,1488.17976654,2161.19645913,0.275643422367,0.295385494927,196,224,255,0,1488.17976654,0.0,0,0
-5.5,90.0,30.0,1069.05160666,1136.62708964,1795.58530029,0.267178473494,0.284067007478,183,215,255,0,1136.62708964,0.0,0,0
-5.5,90.0,45.0,817.874329841,864.013661338,1434.37362316,0.262453680422,0.277259668239,177,209,255,0,864.013661338,0.0,0,0
-5.5,90.0,60.0,676.803974759,712.141785236,1207.11759018,0.260703951895,0.274316027454,174,207,255,0,712.141785236,0.0,0,0
-5.5,90.0,90.0,585.025467322,613.976037932,1053.89637684,0.259676868611,0.272527238279,173,206,255,0,613.976037932,0.0,0,0
-5.5,180.0,0.0,1348.41071008,1387.10530886,1346.91412657,0.330296088854,0.339774413625,255,239,228,0,1387.10530886,0.0,1,0
-5.5,180.0,0.5,1468.17544836,1504.46502112,1428.53258266,0.333587302967,0.341832734887,255,236,223,0,1504.46502112,0.0,1,0
-5.5,180.0,1.0,1606.25972979,1639.39118318,1502.32363463,0.338304199757,0.345282218079,255,233,217,0,1639.39118318,0.0,1,0
-5.5,180.0,2.0,1917.03668566,1963.76669298,1683.2190429,0.344541509796,0.352940111345,255,232,208,0,1963.76669298,0.0,1,0
-5.5,180.0,3.0,2187.01956413,2276.01495514,1916.18883752,0.342834768719,0.356785587812,255,237,209,0,2276.01495514,0.0,1,0
-5.5,180.0,5.0,2478.12908945,2655.96840718,2420.65985019,0.328022327612,0.351562371265,255,253,229,0,2655.96840718,0.0,0,0
-5.5,180.0,8.0,2502.56170972,2730.89299304,2929.56944147,0.306572866318,0.334544274866,240,255,249,0,2730.89299304,0.0,0,0
-5.5,180.0,12.0,2289.77232907,2504.32899202,3160.99349624,0.287837213968,0.314808188906,214,241,255,0,2504.32899202,0.0,0,0
-5.5,180.0,20.0,1783.73838571,1936.13028462,2863.48977366,0.270946569427,0.294094617678,188,223,255,0,1936.13028462,0.0,0,0
-5.5,180.0,30.0,1318.4895162,1417.50513627,2302.07187375,0.261705459692,0.281358955641,175,213,255,0,1417.50513627,0.0,0,0
-5.5,180.0,45.0,898.471186649,956.414534984,1658.64313283,0.255717605822,0.272209102188,166,206,255,0,956.414534984,0.0,0,0
-5.5,180.0,60.0,672.879462185,711.362020078,1268.10199834,0.253692429772,0.268201319053,164,203,255,0,711.362020078,0.0,0,0
-5.5,180.0,90.0,585.02546732,613.97603793,1053.89637683,0.259676868611,0.272527238279,173,206,255,0,613.97603793,0.0,0,0
-5.0,0.0,0.0,13115.8411762,12609.6209852,5161.49577635,0.424640108702,0.408250660705,255,195,116,0,12609.6209852,0.0,1,0
-5.0,0.0,0.5,14254.0502216,13708.1908856,5514.28070482,0.425792449455,0.409486713184,255,194,115,0,13708.1908856,0.0,1,0
-5.0,0.0,1.0,15313.5581854,14812.4417791,5984.93009754,0.42406989128,0.41019275199,255,196,116,0,14812.4417791,0.0,1,0
-5.0,0.0,2.0,16603.9888113,16389.7365027,6981.82480904,0.415353603895,0.409994020152,255,203,123,0,16389.7365027,0.0,1,0
-5.0,0.0,3.0,16848.4642722,16981.654248,7866.67418305,0.404070989155,0.407265239052,255,210,133,0,16981.654248,0.0,1,0
-5.0,0.0,5.0,15796.864804,16386.8145621,8958.27781136,0.383959973899,0.398299344181,255,222,154,0,16386.8145621,0.0,0,0
-5.0,0.0,8.0,13313.0171801,14087.326912,9147.47241677,0.36426299713,0.385449207577,255,234,178,0,14087.326912,0.0,0,0
-5.0,0.0,12.0,10429.3802533,11138.0678911,8281.24862216,0.349408228267,0.373150894266,255,242,198,0,11138.0678911,0.0,0,0
-5.0,0.0,20.0,6454.29045094,6901.8091551,5942.84802932,0.334437430107,0.357626192138,255,249,220,0,6901.8091551,0.0,0,0
-5.0,0.0,30.0,3697.02048254,3932.05517803,3838.85764175,0.322378966208,0.342873914102,255,253,239,0,3932.05517803,0.0,0,0
-5.0,0.0,45.0,1768.7432942,1865.45503853,2193.56622026,0.303502874579,0.320097873133,240,246,255,0,1865.45503853,0.0,0,0
-5.0,0.0,60.0,993.833906347,1043.60433337,1451.86809283,0.284822773248,0.299086475622,211,227,255,0,1043.60433337,0.0,0,0
-5.0,0.0,90.0,539.220926326,565.906595714,964.796348596,0.260502781757,0.273394883619,174,206,255,0,565.906595714,0.0,0,0
-5.0,90.0,0.0,1210.04336137,1209.05980414,1087.19385112,0.345105778441,0.344825266772,255,225,209,0,1209.05980414,0.0,1,0
-5.0,90.0,0.5,1312.3960222,1307.49041791,1145.13561035,0.348575919241,0.347272977524,255,223,205,0,1307.49041791,0.0,1,0
-5.0,90.0,1.0,1423.09892514,1417.01813548,1212.28910588,0.351173812957,0.349673274904,255,222,201,0,1417.01813548,0.0,1,0
-5.0,90.0,2.0,1624.55385433,1633.1490477,1347.01006665,0.352802414696,0.354669022545,255,224,198,0,1633.1490477,0.0,1,0
-5.0,90.0,3.0,1770.23377154,1811.36302881,1503.78876976,0.348102173795,0.356189910054,255,230,203,0,1811.36302881,0.0,1,0
-5.0,90.0,5.0,1882.77645603,1983.70110386,1809.48871323,0.331710296614,0.349491347976,255,245,225,0,1983.70110386,0.0,0,0
-5.0,90.0,8.0,1817.40184075,1949.82352075,2082.83994439,0.310663513263,0.333299445185,248,255,251,0,1949.82352075,0.0,0,0
-5.0,90.0,12.0,1620.97101879,1745.90030231,2149.72257288,0.293835480723,0.316481571032,224,243,255,0,1745.90030231,0.0,0,0
-5.0,90.0,20.0,1268.89169517,1358.83308905,1953.21102455,0.276993991651,0.296627838891,198,225,255,0,1358.83308905,0.0,0,0
-5.0,90.0,30.0,980.027328881,1041.5868999,1632.94169126,0.268165914087,0.285010524586,185,216,255,0,1041.5868999,0.0,0,0
-5.0,90.0,45.0,751.576001475,793.854699824,1307.7067068,0.263420892153,0.278239210482,178,210,255,0,793.854699824,0.0,0,0
-5.0,90.0,60.0,622.615828901,655.050127852,1102.72635805,0.261560174358,0.27518578504,176,208,255,0,655.050127852,0.0,0,0
-5.0,90.0,90.0,539.220926327,565.906595714,964.796348598,0.260502781757,0.273394883619,174,206,255,0,565.906595714,0.0,0,0
-5.0,180.0,0.0,1169.91653497,1196.98412872,1160.81272143,0.331635937292,0.339308781084,255,237,226,0,1196.98412872,0.0,1,0
-5.0,180.0,0.5,1276.44140059,1299.82620744,1228.36861656,0.335496306412,0.341642703983,255,234,221,0,1299.82620744,0.0,1,0
-5.0,180.0,1.0,1404.16906404,1422.93459953,1291.94304988,0.340896610727,0.345452406471,255,230,214,0,1422.93459953,0.0,1,0
-5.0,180.0,2.0,1698.1942138,1726.62225778,1450.9100909,0.348295621593,0.354126146259,255,228,203,0,1726.62225778,0.0,1,0
-5.0,180.0,3.0,1958.97989069,2025.90239134,1661.34424451,0.346953825087,0.358806431485,255,234,204,0,2025.90239134,0.0,1,0
-5.0,180.0,5.0,2250.27755306,2402.86053372,2131.2185489,0.331686211958,0.354176624661,255,250,224,0,2402.86053372,0.0,0,0
-5.0,180.0,8.0,2294.74895041,2499.95810098,2623.16223522,0.309354190772,0.337018354515,242,255,247,0,2499.95810098,0.0,0,0
-5.0,180.0,12.0,2112.95990006,2309.73594441,2863.71607985,0.289986336486,0.316992227231,218,243,255,0,2309.73594441,0.0,0,0
-5.0,180.0,20.0,1654.12265005,1795.83193572,2618.22680852,0.272589519425,0.29594236214,191,225,255,0,1795.83193572,0.0,0,0
-5.0,180.0,30.0,1226.95028531,1319.79448283,2117.34953857,0.263062923823,0.282969081678,177,214,255,0,1319.79448283,0.0,0,0
-5.0,180.0,45.0,836.754552933,891.307061382,1529.05749541,0.256900200681,0.27364889995,168,207,255,0,891.307061382,0.0,0,0
-5.0,180.0,60.0,626.008611554,662.23442828,1169.2016254,0.254739657177,0.269480911472,165,204,255,0,662.23442828,0.0,0,0
-5.0,180.0,90.0,539.220926327,565.906595714,964.796348598,0.260502781757,0.273394883619,174,206,255,0,565.906595714,0.0,0,0
-4.5,0.0,0.0,11222.7937484,10627.1064814,4052.08030994,0.43327936762,0.410281617853,255,190,109,0,10627.1064814,0.0,1,0
-4.5,0.0,0.5,12290.005554,11638.9193139,4349.48709312,0.434607345382,0.411583200992,255,189,107,0,11638.9193139,0.0,1,0
-4.5,0.0,1.0,13305.1643608,12677.8099689,4748.26693097,0.432952390303,0.412538167963,255,191,108,0,12677.8099689,0.0,1,0
-4.5,0.0,2.0,14596.8536024,14218.2365718,5620.84613689,0.423884324518,0.412889501344,255,198,115,0,14218.2365718,0.0,1,0
-4.5,0.0,3.0,14913.670493,14860.0716729,6421.92590229,0.412029154011,0.410548346418,255,206,125,0,14860.0716729,0.0,1,0
-4.5,0.0,5.0,14058.4297967,14452.8687363,7451.30497668,0.390918021075,0.401886051781,255,218,147,0,14452.8687363,0.0,0,0
-4.5,0.0,8.0,11886.3512237,12489.5419772,7735.3872793,0.370161234492,0.388945622549,255,230,171,0,12489.5419772,0.0,0,0
-4.5,0.0,12.0,9316.25286343,9890.82121746,7077.89823598,0.35443266788,0.376291863587,255,238,191,0,9890.82121746,0.0,0,0
-4.5,0.0,20.0,5766.04982237,6135.17716539,5147.09051355,0.338218115772,0.359869949918,255,245,214,0,6135.17716539,0.0,0,0
-4.5,0.0,30.0,3306.34003054,3501.13031083,3370.06845808,0.324866364618,0.344005597013,255,250,235,0,3501.13031083,0.0,0,0
-4.5,0.0,45.0,1595.06521642,1677.04302388,1965.03288439,0.304567927128,0.32022108703,241,246,255,0,1677.04302388,0.0,0,0
-4.5,0.0,60.0,903.646357215,947.135910811,1316.72656428,0.285286136537,0.299016028354,211,227,255,0,947.135910811,0.0,0,0
-4.5,0.0,90.0,497.527615232,522.026756031,886.581334799,0.261013742962,0.27386652187,175,207,255,0,522.026756031,0.0,0,0
-4.5,90.0,0.0,1043.29202957,1036.56601216,946.883390378,0.344691495118,0.342469297564,255,223,210,0,1036.56601216,0.0,1,0
-4.5,90.0,0.5,1134.75416997,1123.13972852,996.39375537,0.348695103404,0.345126137571,255,221,205,0,1123.13972852,0.0,1,0
-4.5,90.0,1.0,1236.89536711,1222.56239259,1054.28504872,0.352016477741,0.347937358893,255,219,201,0,1222.56239259,0.0,1,0
-4.5,90.0,2.0,1429.04217781,1425.72783697,1172.49470676,0.354841878201,0.354018902544,255,221,196,0,1425.72783697,0.0,1,0
-4.5,90.0,3.0,1572.54336327,1598.59517684,1313.92420288,0.350617918494,0.356426491322,255,227,200,0,1598.59517684,0.0,1,0
-4.5,90.0,5.0,1692.80278928,1775.92789225,1598.0098713,0.334100941548,0.350506972625,255,243,221,0,1775.92789225,0.0,0,0
-4.5,90.0,8.0,1648.11357296,1763.82935758,1862.21774707,0.312488313061,0.334428445661,249,255,249,0,1763.82935758,0.0,0,0
-4.5,90.0,12.0,1477.53210178,1588.99286989,1939.06378193,0.295176486626,0.317443750996,226,244,255,0,1588.99286989,0.0,0,0
-4.5,90.0,20.0,1163.19529559,1244.61164388,1777.40867348,0.277929598655,0.297382920972,199,226,255,0,1244.61164388,0.0,0,0
-4.5,90.0,30.0,901.911309486,958.093194729,1493.72851039,0.26892758176,0.285679626422,186,216,255,0,958.093194729,0.0,0,0
-4.5,90.0,45.0,691.983109723,730.639534674,1198.02250698,0.264050670637,0.278801399072,179,211,255,0,730.639534674,0.0,0,0
-4.5,90.0,60.0,570.240859185,599.678839459,1006.75399277,0.261978109735,0.275502406183,176,208,255,0,599.678839459,0.0,0,0
-4.5,90.0,90.0,497.527615232,522.026756031,886.581334799,0.261013742962,0.27386652187,175,207,255,0,522.026756031,0.0,0,0
-4.5,180.0,0.0,1023.66464916,1042.68038888,1022.21124214,0.331437913477,0.33759475117,255,236,227,0,1042.68038888,0.0,1,0
-4.5,180.0,0.5,1118.58808451,1133.03723437,1079.58641401,0.335790149112,0.340127654807,255,232,221,0,1133.03723437,0.0,1,0
-4.5,180.0,1.0,1235.80936371,1244.41345326,1134.32591834,0.341898658507,0.344279063416,255,228,213,0,1244.41345326,0.0,1,0
-4.5,180.0,2.0,1511.47310358,1525.88038421,1273.02667119,0.35065888572,0.354001347429,255,225,201,0,1525.88038421,0.0,1,0
-4.5,180.0,3.0,1760.89157863,1809.6891501,1461.31871382,0.349945701168,0.359643345572,255,231,200,0,1809.6891501,0.0,1,0
-4.5,180.0,5.0,2048.21170126,2178.54673158,1894.50181031,0.334606211777,0.355898400827,255,247,220,0,2178.54673158,0.0,0,0
-4.5,180.0,8.0,2107.87464249,2291.94625433,2363.84302475,0.311646862845,0.338861640807,244,255,245,0,2291.94625433,0.0,0,0
-4.5,180.0,12.0,1952.2764982,2132.37883001,2606.51790261,0.291768936605,0.318685342085,221,245,255,0,2132.37883001,0.0,0,0
-4.5,180.0,20.0,1535.6208386,1667.08550778,2402.83325511,0.27394701452,0.297399648614,193,226,255,0,1667.08550778,0.0,0,0
-4.5,180.0,30.0,1142.92071529,1229.72067995,1953.8220149,0.264169740258,0.284232307864,178,215,255,0,1229.72067995,0.0,0,0
-4.5,180.0,45.0,780.13976337,831.314917877,1414.16078786,0.257844981074,0.274758946193,169,208,255,0,831.314917877,0.0,0,0
-4.5,180.0,60.0,583.200185839,617.170236265,1081.85029126,0.255540659334,0.270425306655,166,204,255,0,617.170236265,0.0,0,0
-4.5,180.0,90.0,497.527615232,522.02675603,886.581334797,0.261013742962,0.27386652187,175,207,255,0,522.02675603,0.0,0,0
-4.0,0.0,0.0,9469.9097304,8820.30814598,3152.22883529,0.441643150977,0.411348026864,255,184,102,0,8820.30814598,0.0,1,0
-4.0,0.0,0.5,10458.5041346,9739.03439727,3396.33267837,0.443272070166,0.412778145243,255,184,100,0,9739.03439727,0.0,1,0
-4.0,0.0,1.0,11420.5353862,10703.954199,3728.47619014,0.441749526359,0.414031964146,255,186,100,0,10703.954199,0.0,1,0
-4.0,0.0,2.0,12695.1802161,12185.9072767,4478.73594119,0.432399746703,0.415053833825,255,193,107,0,12185.9072767,0.0,1,0
-4.0,0.0,3.0,13078.0880613,12867.6115288,5203.36666669,0.419854898812,0.413097825235,255,201,118,0,12867.6115288,0.0,1,0
-4.0,0.0,5.0,12398.4924267,12618.996016,6143.54421174,0.397884516993,0.404960777646,255,214,139,0,12618.996016,0.0,0,0
-4.0,0.0,8.0,10521.039311,10967.4771849,6491.48461338,0.376019974763,0.391975580775,255,226,164,0,10967.4771849,0.0,0,0
-4.0,0.0,12.0,8253.7370155,8704.17614103,6011.0735072,0.359342670895,0.378953423956,255,235,185,0,8704.17614103,0.0,0,0
-4.0,0.0,20.0,5113.07699883,5409.65279539,4439.51247242,0.341732001642,0.361553616028,255,242,210,0,5409.65279539,0.0,0,0
-4.0,0.0,30.0,2939.76994184,3097.88626252,2954.61894475,0.326921707031,0.344505279381,255,248,232,0,3097.88626252,0.0,0,0
-4.0,0.0,45.0,1432.82468174,1501.44317534,1761.03754947,0.305161125353,0.319775402309,242,246,255,0,1501.44317534,0.0,0,0
-4.0,0.0,60.0,819.580682704,857.325890457,1195.17328748,0.285361383552,0.298503499922,211,226,255,0,857.325890457,0.0,0,0
-4.0,0.0,90.0,458.702835587,481.101777457,815.73241511,0.261289182872,0.274048208463,175,207,255,0,481.101777457,0.0,0,0
-4.0,90.0,0.0,905.124062422,895.554411743,838.579842298,0.34294637125,0.339320484909,255,223,213,0,895.554411743,0.0,1,0
-4.0,90.0,0.5,986.891432466,971.817298804,881.554816698,0.347464739028,0.342157437995,255,220,207,0,971.817298804,0.0,1,0
-4.0,90.0,1.0,1080.73629216,1061.70262414,931.976674108,0.35152576494,0.345334777592,255,218,202,0,1061.70262414,0.0,1,0
-4.0,90.0,2.0,1262.42626663,1250.98744525,1035.77872129,0.355693947398,0.352471011027,255,219,196,0,1250.98744525,0.0,1,0
-4.0,90.0,3.0,1401.90314532,1416.54869408,1162.75408941,0.352130276703,0.355808948195,255,225,199,0,1416.54869408,0.0,1,0
-4.0,90.0,5.0,1526.09739379,1594.49040026,1424.54152806,0.335765450361,0.350812988423,255,241,219,0,1594.49040026,0.0,0,0
-4.0,90.0,8.0,1497.65985904,1598.89202002,1676.11025511,0.3137996818,0.335010519301,251,255,249,0,1598.89202002,0.0,0,0
-4.0,90.0,12.0,1349.01558401,1448.53629735,1757.96429358,0.296127931985,0.317974131081,228,244,255,0,1448.53629735,0.0,0,0
-4.0,90.0,20.0,1067.31610597,1140.97774765,1623.23468644,0.278561439596,0.297786571526,200,226,255,0,1140.97774765,0.0,0,0
-4.0,90.0,30.0,830.23864673,881.410832401,1369.94606743,0.269418434115,0.286024177763,187,216,255,0,881.410832401,0.0,0,0
-4.0,90.0,45.0,637.035422512,672.285760307,1099.69408946,0.264438100431,0.279070775533,180,211,255,0,672.285760307,0.0,0,0
-4.0,90.0,60.0,525.597620211,552.491521822,925.771768541,0.262292466227,0.275713508311,177,208,255,0,552.491521822,0.0,0,0
-4.0,90.0,90.0,458.702835587,481.101777457,815.73241511,0.261289182872,0.274048208463,175,207,255,0,481.101777457,0.0,0,0
-4.0,180.0,0.0,898.304935582,911.824657855,911.81147287,0.330023653598,0.334990595183,255,235,229,0,911.824657855,0.0,1,0
-4.0,180.0,0.5,982.75966058,991.156343176,961.531158127,0.334790444652,0.33765088878,255,231,223,0,991.156343176,0.0,1,0
-4.0,180.0,1.0,1089.55691837,1091.12330708,1008.99375007,0.341588803976,0.342079885107,255,227,214,0,1091.12330708,0.0,1,0
-4.0,180.0,2.0,1345.75045823,1349.38756191,1129.5779596,0.351856311778,0.352807259169,255,223,200,0,1349.38756191,0.0,1,0
-4.0,180.0,3.0,1582.0362217,1615.66880458,1296.44392664,0.352021314441,0.359504952217,255,228,198,0,1615.66880458,0.0,1,0
-4.0,180.0,5.0,1862.11556112,1972.31601622,1691.5341606,0.336975589322,0.356917887254,255,245,216,0,1972.31601622,0.0,0,0
-4.0,180.0,8.0,1933.61719857,2097.82252851,2134.12432382,0.31361562099,0.340248274317,246,255,243,0,2097.82252851,0.0,0,0
-4.0,180.0,12.0,1801.31436356,1965.4269423,2374.42004219,0.293318195284,0.32004157372,223,246,255,0,1965.4269423,0.0,0,0
-4.0,180.0,20.0,1423.82721251,1545.31742285,2206.01775341,0.275127059896,0.298602692391,195,227,255,0,1545.31742285,0.0,0,0
-4.0,180.0,30.0,1063.47011829,1144.31062465,1803.52632163,0.265118102696,0.285271261021,180,216,255,0,1144.31062465,0.0,0,0
-4.0,180.0,45.0,726.727050569,774.545578413,1308.58979727,0.258634388566,0.275652491445,170,209,255,0,774.545578413,0.0,0,0
-4.0,180.0,60.0,543.026774287,574.757941331,1001.97681514,0.256173520657,0.271142736101,167,205,255,0,574.757941331,0.0,0,0
-4.0,180.0,90.0,458.702835586,481.101777456,815.732415107,0.261289182872,0.274048208464,175,207,255,0,481.101777456,0.0,0,0
-3.5,0.0,0.0,7841.90904925,7171.26535508,2423.38917232,0.449739366061,0.411277447162,255,179,96,0,7171.26535508,0.0,1,0
-3.5,0.0,0.5,8745.32334898,7991.95935245,2618.29136595,0.451824539977,0.412902212284,255,179,93,0,7991.95935245,0.0,1,0
-3.5,0.0,1.0,9646.12575663,8875.38284956,2888.88741006,0.45053467247,0.414536136689,255,180,93,0,8875.38284956,0.0,1,0
-3.5,0.0,2.0,10886.6966277,10279.518254,3520.36221587,0.440996602513,0.416401116015,255,188,99,0,10279.518254,0.0,1,0
-3.5,0.0,3.0,11307.3130184,10966.8652521,4144.6176462,0.428002587781,0.415116013866,255,196,110,0,10966.8652521,0.0,1,0
-3.5,0.0,5.0,10807.1955068,10875.4805222,5007.80328659,0.404908258823,0.40746666231,255,210,132,0,10875.4805222,0.0,0,0
-3.5,0.0,8.0,9210.44540049,9514.91361253,5394.36078489,0.381863698155,0.394486904999,255,222,158,0,9514.91361253,0.0,0,0
-3.5,0.0,12.0,7236.65006921,7573.32757528,5063.52570739,0.364135600104,0.381076624548,255,231,179,0,7573.32757528,0.0,0,0
-3.5,0.0,20.0,4491.79529334,4721.88068324,3807.93355153,0.344949315493,0.362618820127,255,239,205,0,4721.88068324,0.0,0,0
-3.5,0.0,30.0,2593.8910107,2718.82133551,2582.80235171,0.328527158766,0.344350107565,255,245,230,0,2718.82133551,0.0,0,0
-3.5,0.0,45.0,1279.84520186,1336.40145175,1575.75243641,0.305306650688,0.318798125442,243,245,255,0,1336.40145175,0.0,0,0
-3.5,0.0,60.0,740.107592601,772.59742698,1083.22737742,0.285102799077,0.297618469523,211,225,255,0,772.59742698,0.0,0,0
-3.5,0.0,90.0,421.661429052,442.032822371,749.41348363,0.261396941995,0.274025604593,176,207,255,0,442.032822371,0.0,0,0
-3.5,90.0,0.0,786.821469902,776.454732569,751.128630643,0.339967087281,0.335487863428,255,223,217,0,776.454732569,0.0,1,0
-3.5,90.0,0.5,859.612255187,843.376228834,788.655711615,0.34499799638,0.338481806636,255,220,210,0,843.376228834,0.0,1,0
-3.5,90.0,1.0,945.294642905,924.113149232,832.753478124,0.349829099139,0.341990376149,255,217,204,0,924.113149232,0.0,1,0
-3.5,90.0,2.0,1115.62484231,1098.8561062,923.690561114,0.355501552062,0.350158078624,255,217,197,0,1098.8561062,0.0,1,0
-3.5,90.0,3.0,1249.67658493,1255.64267604,1036.98733624,0.352786115667,0.354470354719,255,223,198,0,1255.64267604,0.0,1,0
-3.5,90.0,5.0,1375.00575768,1430.91388547,1276.14415792,0.336840829709,0.350536874288,255,239,218,0,1430.91388547,0.0,0,0
-3.5,90.0,8.0,1359.64160736,1447.9780143,1512.61872875,0.314714489592,0.335161603794,252,255,249,0,1447.9780143,0.0,0,0
-3.5,90.0,12.0,1230.21886785,1318.87252904,1595.99814776,0.296789455232,0.318177089984,229,244,255,0,1318.87252904,0.0,0,0
-3.5,90.0,20.0,977.750277492,1044.2061219,1482.88159906,0.278971603801,0.297932778166,201,226,255,0,1044.2061219,0.0,0,0
-3.5,90.0,30.0,762.658495282,809.095052063,1255.9235279,0.269712019791,0.286134176758,187,216,255,0,809.095052063,0.0,0,0
-3.5,90.0,45.0,585.035303515,617.041319186,1008.55159144,0.264646628399,0.279124872848,180,211,255,0,617.041319186,0.0,0,0
-3.5,90.0,60.0,483.160841423,507.613724943,850.296676802,0.262434625067,0.275716503001,177,208,255,0,507.613724943,0.0,0,0
-3.5,90.0,90.0,421.661429052,442.032822371,749.41348363,0.261396941995,0.274025604593,176,207,255,0,442.032822371,0.0,0,0
-3.5,180.0,0.0,787.374251586,797.384110582,819.219907851,0.327529687521,0.331693560015,255,236,233,0,797.384110582,0.0,1,0
-3.5,180.0,0.5,861.959774286,866.523314828,862.832956113,0.332633981823,0.334395071733,255,231,226,0,866.523314828,0.0,1,0
-3.5,180.0,1.0,958.157044047,955.114284265,903.801665976,0.34012503261,0.33904491868,255,226,216,0,955.114284265,0.0,1,0
-3.5,180.0,2.0,1193.70323415,1189.14861451,1007.5982287,0.352078103765,0.350734736502,255,221,200,0,1189.14861451,0.0,1,0
-3.5,180.0,3.0,1415.23052704,1436.03761378,1153.58670569,0.353378731884,0.358574197772,255,226,197,0,1436.03761378,0.0,1,0
-3.5,180.0,5.0,1685.27338878,1776.89435832,1509.49463767,0.338975831091,0.357404469733,255,242,214,0,1776.89435832,0.0,0,0
-3.5,180.0,8.0,1766.07115395,1911.21078463,1922.09540141,0.315404918568,0.341325591862,248,255,242,0,1911.21078463,0.0,0,0
-3.5,180.0,12.0,1655.1747658,1803.65023354,2156.62698329,0.294753613942,0.321194133459,225,247,255,0,1803.65023354,0.0,0,0
-3.5,180.0,20.0,1315.16873261,1426.77486743,2019.24598538,0.276226919557,0.299667728375,196,228,255,0,1426.77486743,0.0,0,0
-3.5,180.0,30.0,986.005622933,1060.87844256,1659.98467184,0.265994210424,0.286192610996,181,217,255,0,1060.87844256,0.0,0,0
-3.5,180.0,45.0,674.724976377,719.164548336,1207.72930053,0.259348129646,0.276429637331,172,209,255,0,719.164548336,0.0,0,0
-3.5,180.0,60.0,504.133627391,533.619099041,926.060118473,0.256711645766,0.271726045802,168,205,255,0,533.619099041,0.0,0,0
-3.5,180.0,90.0,421.661429076,442.032822395,749.413483677,0.261396941995,0.274025604592,176,207,255,0,442.032822395,0.0,0,0
-3.0,0.0,0.0,6341.93267472,5682.97769485,1844.04902243,0.457275307791,0.409762371799,255,174,91,0,5682.97769485,0.0,1,0
-3.0,0.0,0.5,7153.72148909,6401.45616589,1994.81276394,0.460046681468,0.411669460459,255,173,88,0,6401.45616589,0.0,1,0
-3.0,0.0,1.0,7985.15759515,7196.38419728,2209.49734869,0.459153563531,0.413798401515,255,175,87,0,7196.38419728,0.0,1,0
-3.0,0.0,2.0,9182.87640885,8513.31827879,2739.28026439,0.4493595784,0.416595077862,255,182,93,0,8513.31827879,0.0,1,0
-3.0,0.0,3.0,9626.84143106,9188.40818258,3264.20802842,0.436008963043,0.416151897005,255,191,103,0,9188.40818258,0.0,1,0
-3.0,0.0,5.0,9286.44025269,9226.56653092,4030.90691607,0.4119267123,0.409270841515,255,205,126,0,9226.56653092,0.0,0,0
-3.0,0.0,8.0,7956.28967602,8135.64599778,4434.20587567,0.387617402757,0.396355349015,255,218,152,0,8135.64599778,0.0,0,0
-3.0,0.0,12.0,6265.87086472,6500.68258584,4226.61259318,0.368728867157,0.382546876145,255,227,174,0,6500.68258584,0.0,0,0
-3.0,0.0,20.0,3901.86134618,4072.31357679,3244.94162735,0.3477868626,0.36297987979,255,236,202,0,4072.31357679,0.0,0,0
-3.0,0.0,30.0,2267.25207768,2362.73004153,2248.04471348,0.329636992241,0.343518584472,255,243,228,0,2362.73004153,0.0,0,0
-3.0,0.0,45.0,1134.84440259,1180.70204636,1404.86013027,0.30503236096,0.317358337381,242,243,255,0,1180.70204636,0.0,0,0
-3.0,0.0,60.0,664.237012924,691.997995885,977.87080685,0.284578791787,0.296472418363,210,224,255,0,691.997995885,0.0,0,0
-3.0,0.0,90.0,385.670281195,404.127608954,685.463156003,0.26142510995,0.273936338256,176,207,255,0,404.127608954,0.0,0,0
-3.0,90.0,0.0,683.034219631,673.488075335,676.472679018,0.335974376903,0.331278770461,255,224,222,0,673.488075335,0.0,1,0
-3.0,90.0,0.5,747.409895674,731.85711999,709.466935235,0.34148046882,0.334374636849,255,220,215,0,731.85711999,0.0,1,0
-3.0,90.0,1.0,824.98196243,803.737805274,748.106853972,0.347093875046,0.338155841046,255,217,208,0,803.737805274,0.0,1,0
-3.0,90.0,2.0,983.113692395,963.351061065,827.40231982,0.354419900602,0.347295322961,255,216,198,0,963.351061065,0.0,1,0
-3.0,90.0,3.0,1110.51412665,1110.09271722,927.643152161,0.352740134377,0.35260627924,255,222,199,0,1110.09271722,0.0,1,0
-3.0,90.0,5.0,1234.63308243,1279.9282098,1143.85578077,0.337477400141,0.349858472739,255,238,217,0,1279.9282098,0.0,0,0
-3.0,90.0,8.0,1229.8264391,1306.5760849,1363.22299688,0.315370394545,0.335051680707,253,255,249,0,1306.5760849,0.0,0,0
-3.0,90.0,12.0,1117.60673373,1196.28586683,1445.4789712,0.297285520304,0.3182143196,230,244,255,0,1196.28586683,0.0,0,0
-3.0,90.0,20.0,892.011334288,951.761335505,1350.28694321,0.279271974341,0.297978576113,202,226,255,0,951.761335505,0.0,0,0
-3.0,90.0,30.0,697.449290235,739.442031646,1147.08390372,0.26991330386,0.286164520588,188,216,255,0,739.442031646,0.0,0,0
-3.0,90.0,45.0,534.693007832,563.643270746,921.122164213,0.264770493169,0.279106149848,180,211,255,0,563.643270746,0.0,0,0
-3.0,90.0,60.0,443.21014822,465.474416,780.766109625,0.26233979783,0.275518204353,177,208,255,0,465.474416,0.0,0,0
-3.0,90.0,90.0,385.670281195,404.127608954,685.463156003,0.26142510995,0.273936338256,176,207,255,0,404.127608954,0.0,0,0
-3.0,180.0,0.0,686.659716446,694.816813034,736.100128387,0.324266757425,0.328118847765,255,237,238,0,694.816813034,0.0,1,0
-3.0,180.0,0.5,751.959583669,754.586622267,774.983651618,0.329585686192,0.3307371235,255,232,230,0,754.586622267,0.0,1,0
-3.0,180.0,1.0,837.484244388,831.963529345,810.217922848,0.337740787213,0.33551439232,255,226,219,0,831.963529345,0.0,1,0
-3.0,180.0,2.0,1051.48302028,1041.08763151,898.599822274,0.351528951424,0.348053593246,255,220,201,0,1041.08763151,0.0,1,0
-3.0,180.0,3.0,1256.69674911,1266.84198632,1024.32597275,0.354212139547,0.35707167283,255,224,196,0,1266.84198632,0.0,1,0
-3.0,180.0,5.0,1513.88560711,1588.32229094,1340.07431539,0.340790056636,0.357546462522,255,240,212,0,1588.32229094,0.0,0,0
-3.0,180.0,8.0,1601.64362914,1728.36528304,1719.68873933,0.317176143934,0.342271043202,249,255,241,0,1728.36528304,0.0,0,0
-3.0,180.0,12.0,1511.03114011,1644.2102988,1944.68634051,0.296284811367,0.322398741691,228,248,255,0,1644.2102988,0.0,0,0
-3.0,180.0,20.0,1207.27374288,1309.0628471,1836.41866573,0.277358517067,0.300743499278,198,229,255,0,1309.0628471,0.0,0,0
-3.0,180.0,30.0,908.827531855,977.745368702,1518.61173734,0.266895228453,0.28713431801,182,218,255,0,977.745368702,0.0,0,0
-3.0,180.0,45.0,622.97533056,664.050616097,1108.3474325,0.260074415112,0.277222174161,173,210,255,0,664.050616097,0.0,0,0
-3.0,180.0,60.0,465.615612136,492.888809456,851.518881574,0.257242882631,0.272310753455,169,206,255,0,492.888809456,0.0,0,0
-3.0,180.0,90.0,385.670281195,404.127608954,685.463156003,0.26142510995,0.273936338256,176,207,255,0,404.127608954,0.0,0,0
-2.5,0.0,0.0,4985.37931812,4370.38484867,1396.6424752,0.46365241607,0.406456432889,255,168,88,0,4370.38484867,0.0,1,0
-2.5,0.0,0.5,5699.60501637,4983.92119296,1509.29904625,0.467455646817,0.408758518923,255,167,84,0,4983.92119296,0.0,1,0
-2.5,0.0,1.0,6453.4355803,5684.11847451,1674.37312562,0.467236432396,0.411536956447,255,169,83,0,5684.11847451,0.0,1,0
-2.5,0.0,2.0,7576.75941034,6881.05657211,2092.67387477,0.457796686123,0.415761505035,255,177,87,0,6881.05657211,0.0,1,0
-2.5,0.0,3.0,8041.35923232,7539.3063171,2533.60668617,0.443923947247,0.416208071682,255,186,97,0,7539.3063171,0.0,1,0
-2.5,0.0,5.0,7847.67959626,7687.31195032,3204.1562735,0.418785297582,0.410227403302,255,200,120,0,7687.31195032,0.0,0,0
-2.5,0.0,8.0,6767.44381699,6841.71691084,3604.59387907,0.393141645825,0.397456398507,255,213,147,0,6841.71691084,0.0,0,0
-2.5,0.0,12.0,5347.2328751,5494.42532163,3494.19651265,0.372997144816,0.383264579128,255,223,170,0,5494.42532163,0.0,0,0
-2.5,0.0,20.0,3345.5736355,3464.48604666,2744.46603318,0.350155908851,0.362601572268,255,233,199,0,3464.48604666,0.0,0,0
-2.5,0.0,30.0,1959.79301375,2030.04068765,1944.43631616,0.33025005737,0.342087684188,255,241,228,0,2030.04068765,0.0,0,0
-2.5,0.0,45.0,997.127247705,1033.8245912,1244.37016551,0.304436402394,0.315640596499,241,241,255,0,1033.8245912,0.0,0,0
-2.5,0.0,60.0,591.231654804,614.886463591,876.131652051,0.283938873806,0.295299090589,209,223,255,0,614.886463591,0.0,0,0
-2.5,0.0,90.0,350.048265943,366.772750255,621.570449922,0.261544006223,0.274039964793,176,207,255,0,366.772750255,0.0,0,0
-2.5,90.0,0.0,590.142044207,582.713413466,607.716878594,0.331433905934,0.327261859346,255,227,228,0,582.713413466,0.0,1,0
-2.5,90.0,0.5,646.462664117,633.10121061,636.686236276,0.337358187433,0.330385478897,255,222,221,0,633.10121061,0.0,1,0
-2.5,90.0,1.0,715.880151587,696.323934337,670.390578601,0.343744351112,0.334354037393,255,218,213,0,696.323934337,0.0,1,0
-2.5,90.0,2.0,860.955409385,840.238310677,738.886835934,0.352838928727,0.344348594809,255,216,201,0,840.238310677,0.0,1,0
-2.5,90.0,3.0,980.532576002,975.757886026,826.483245798,0.352357999231,0.35064219677,255,221,200,0,975.757886026,0.0,1,0
-2.5,90.0,5.0,1101.31247664,1137.67338379,1019.33100825,0.338000422005,0.349159836087,255,237,217,0,1137.67338379,0.0,0,0
-2.5,90.0,8.0,1104.94233892,1171.30199777,1219.87288584,0.316048424177,0.335029383518,254,255,249,0,1171.30199777,0.0,0,0
-2.5,90.0,12.0,1008.38127212,1077.93904296,1299.07290621,0.297862377044,0.318408814723,231,244,255,0,1077.93904296,0.0,0,0
-2.5,90.0,20.0,808.03818132,861.628029552,1219.49125268,0.279679523015,0.298228130665,202,226,255,0,861.628029552,0.0,0,0
-2.5,90.0,30.0,633.125485394,671.046358742,1038.79924914,0.270223344715,0.286408296145,188,217,255,0,671.046358742,0.0,0,0
-2.5,90.0,45.0,484.721658143,510.866326021,833.604408676,0.264992168151,0.279285179635,181,211,255,0,510.866326021,0.0,0,0
-2.5,90.0,60.0,402.28661347,422.45179319,707.656143823,0.262521563616,0.275680824535,177,208,255,0,422.45179319,0.0,0,0
-2.5,90.0,90.0,350.04826593,366.772750242,621.570449889,0.261544006224,0.274039964795,176,207,255,0,366.772750242,0.0,0,0
-2.5,180.0,0.0,593.474954403,601.087636897,655.802832299,0.320733919276,0.324848070133,255,239,243,0,601.087636897,0.0,1,0
-2.5,180.0,0.5,649.967839803,652.207788208,690.953729155,0.326104192618,0.327228027555,255,234,235,0,652.207788208,0.0,1,0
-2.5,180.0,1.0,724.854413317,718.65863587,721.166666127,0.334855271285,0.331993056888,255,226,223,0,718.65863587,0.0,1,0
-2.5,180.0,2.0,916.66936653,902.560194103,795.366512051,0.350596933923,0.345200623352,255,219,203,0,902.560194103,0.0,1,0
-2.5,180.0,3.0,1104.36965455,1105.89860004,901.557064616,0.354894488368,0.355385822338,255,222,196,0,1105.89860004,0.0,1,0
-2.5,180.0,5.0,1345.70837223,1404.30694314,1176.35627661,0.342735867124,0.357660224013,255,238,209,0,1404.30694314,0.0,0,0
-2.5,180.0,8.0,1437.9325167,1546.8177349,1520.16036469,0.319192241351,0.343362580671,252,255,240,0,1546.8177349,0.0,0,0
-2.5,180.0,12.0,1357.80523709,1475.49398539,1708.07425309,0.298985592001,0.324900383844,232,251,255,0,1475.49398539,0.0,0,0
-2.5,180.0,20.0,1098.28509274,1190.32788335,1652.06342312,0.278704714997,0.302061819538,200,230,255,0,1190.32788335,0.0,0,0
-2.5,180.0,30.0,830.482335618,893.497029324,1374.97600473,0.267987833496,0.288322006205,184,219,255,0,893.497029324,0.0,0,0
-2.5,180.0,45.0,570.425220186,608.206561538,1007.14069464,0.260971911008,0.278257031834,174,211,255,0,608.206561538,0.0,0,0
-2.5,180.0,60.0,426.617585407,451.770896197,775.620692512,0.257929394881,0.273136874491,170,206,255,0,451.770896197,0.0,0,0
-2.5,180.0,90.0,350.048265933,366.772750245,621.570449879,0.261544006227,0.274039964799,176,207,255,0,366.772750245,0.0,0,0
-2.0,0.0,0.0,3793.89269843,3251.8014435,1060.28474804,0.468036340821,0.401160857639,255,163,89,0,3251.8014435,0.0,1,0
-2.0,0.0,0.5,4405.92703929,3759.99014388,1140.92844312,0.473407125917,0.404002633637,255,161,83,0,3759.99014388,0.0,1,0
-2.0,0.0,1.0,5082.2781533,4369.34004184,1273.145306,0.473882538553,0.407406656695,255,163,80,0,4369.34004184,0.0,1,0
-2.0,0.0,2.0,6112.7275708,5430.15841407,1592.01473793,0.465380568898,0.413414499939,255,171,83,0,5430.15841407,0.0,1,0
-2.0,0.0,3.0,6578.04048573,6049.17697831,1943.5772088,0.451453790506,0.41515765709,255,180,92,0,6049.17697831,0.0,1,0
-2.0,0.0,5.0,6509.74890167,6279.72590759,2516.58732851,0.425305270753,0.41027704259,255,195,115,0,6279.72590759,0.0,0,0
-2.0,0.0,8.0,5658.47476341,5650.76048716,2897.47775773,0.398295845077,0.397752842889,255,209,142,0,5650.76048716,0.0,0,0
-2.0,0.0,12.0,4490.77534341,4566.94088248,2859.40365598,0.3768339488,0.383225219495,255,219,166,0,4566.94088248,0.0,0,0
-2.0,0.0,20.0,2827.50049167,2904.13321289,2300.45892524,0.352025383918,0.361566200334,255,230,198,0,2904.13321289,0.0,0,0
-2.0,0.0,30.0,1671.48629641,1721.02786957,1665.99407427,0.330430675808,0.340224387869,255,239,228,0,1721.02786957,0.0,0,0
-2.0,0.0,45.0,866.557854468,895.71696705,1090.8416742,0.303723263936,0.313943355764,240,240,255,0,895.71696705,0.0,0,0
-2.0,0.0,60.0,520.681139517,540.868988519,775.590201224,0.283419361724,0.294408097141,209,223,255,0,540.868988519,0.0,0,0
-2.0,0.0,90.0,314.362416953,329.533698565,556.063073638,0.2619775904,0.274620755058,176,207,255,0,329.533698565,0.0,0,0
-2.0,90.0,0.0,505.339118804,500.750178607,538.620769925,0.327141726781,0.324170981465,255,230,234,0,500.750178607,0.0,1,0
-2.0,90.0,0.5,553.812769441,543.558887571,563.671247775,0.333412681782,0.327239522835,255,224,226,0,543.558887571,0.0,1,0
-2.0,90.0,1.0,615.012303008,598.315399747,592.739272149,0.340525745476,0.331280848419,255,219,217,0,598.315399747,0.0,1,0
-2.0,90.0,2.0,746.226577986,726.074718606,651.057852315,0.35143681575,0.341946259529,255,215,203,0,726.074718606,0.0,1,0
-2.0,90.0,3.0,856.886903345,849.336938494,726.322421945,0.352259242137,0.349155512945,255,220,200,0,849.336938494,0.0,1,0
-2.0,90.0,5.0,972.399169528,1001.14577503,895.47513954,0.338930764172,0.348950424077,255,235,216,0,1001.14577503,0.0,0,0
-2.0,90.0,8.0,982.658864712,1039.56212501,1075.94716703,0.317174154208,0.33554089785,255,254,247,0,1039.56212501,0.0,0,0
-2.0,90.0,12.0,900.568640641,961.67381314,1150.91849199,0.298878372862,0.319157798222,232,245,255,0,961.67381314,0.0,0,0
-2.0,90.0,20.0,724.391235554,772.2710089,1085.87414531,0.280496041963,0.299035867204,204,227,255,0,772.2710089,0.0,0,0
-2.0,90.0,30.0,568.67061299,602.846763968,927.566534053,0.270913711456,0.287195171572,189,217,255,0,602.846763968,0.0,0,0
-2.0,90.0,45.0,434.727079209,458.326135467,744.018037146,0.265551715434,0.279967127244,181,211,255,0,458.326135467,0.0,0,0
-2.0,90.0,60.0,361.33228731,379.610271049,632.758329239,0.263035636486,0.276341286867,178,209,255,0,379.610271049,0.0,0,0
-2.0,90.0,90.0,314.362416951,329.533698558,556.063073618,0.261977590404,0.274620755059,176,207,255,0,329.533698558,0.0,0,0
-2.0,180.0,0.0,506.204593653,513.950656646,574.305784225,0.317476929629,0.322335037055,255,241,248,0,513.950656646,0.0,1,0
-2.0,180.0,0.5,554.177106941,556.9310736,605.812007083,0.322773947756,0.324377963294,255,236,240,0,556.9310736,0.0,1,0
-2.0,180.0,1.0,618.49394373,612.771576527,631.185835091,0.332085958623,0.329013466455,255,227,227,0,612.771576527,0.0,1,0
-2.0,180.0,2.0,788.004314538,771.814378651,692.257521044,0.349901264246,0.342712370822,255,218,204,0,771.814378651,0.0,1,0
-2.0,180.0,3.0,957.663896573,952.36357923,780.233530568,0.355974343867,0.354004156836,255,220,195,0,952.36357923,0.0,1,0
-2.0,180.0,5.0,1180.84934485,1224.87853332,1014.5485966,0.345249676031,0.358122667088,255,235,206,0,1224.87853332,0.0,0,0
-2.0,180.0,8.0,1274.38352256,1365.8854044,1320.23242078,0.321773283397,0.34487689423,254,255,239,0,1365.8854044,0.0,0,0
-2.0,180.0,12.0,1212.41121834,1314.97612524,1497.97519216,0.301193049712,0.326672719181,236,253,255,0,1314.97612524,0.0,0,0
-2.0,180.0,20.0,987.417086495,1069.65228172,1463.41666985,0.280477489704,0.303836535682,203,231,255,0,1069.65228172,0.0,0,0
-2.0,180.0,30.0,750.282741217,807.361217122,1226.68187578,0.269466573209,0.289966500052,186,220,255,0,807.361217122,0.0,0,0
-2.0,180.0,45.0,516.539207833,551.056656286,902.207268338,0.262228848824,0.279752147413,176,212,255,0,551.056656286,0.0,0,0
-2.0,180.0,60.0,386.840058093,409.96124738,697.01999475,0.258960063051,0.274437944698,171,207,255,0,409.96124738,0.0,0,0
-2.0,180.0,90.0,314.362416951,329.533698558,556.063073617,0.261977590404,0.274620755059,176,207,255,0,329.533698558,0.0,0,0
-1.5,0.0,0.0,2789.94908361,2341.23627239,810.820614696,0.469529835104,0.394014459753,255,158,92,0,2341.23627239,0.0,1,0
-1.5,0.0,0.5,3305.38006007,2755.10613962,874.436424094,0.476628253751,0.397280011484,255,156,85,0,2755.10613962,0.0,1,0
-1.5,0.0,1.0,3879.39910237,3252.04439198,958.317531395,0.479544338829,0.401995112294,255,157,80,0,3252.04439198,0.0,1,0
-1.5,0.0,2.0,4811.40537994,4176.64840535,1201.4325232,0.472193124783,0.409897837722,255,165,80,0,4176.64840535,0.0,1,0
-1.5,0.0,3.0,5266.36724738,4746.04292825,1477.38717699,0.458351621508,0.413065851607,255,175,88,0,4746.04292825,0.0,1,0
-1.5,0.0,5.0,5297.92898309,5029.49348694,1954.74341052,0.43135136218,0.409495648883,255,190,111,0,5029.49348694,0.0,0,0
-1.5,0.0,8.0,4649.64945964,4584.2776427,2303.95922152,0.402989709651,0.39732386973,255,205,138,0,4584.2776427,0.0,0,0
-1.5,0.0,12.0,3711.13120322,3733.94698885,2316.14817091,0.38019108104,0.382528470296,255,215,164,0,3733.94698885,0.0,0,0
-1.5,0.0,20.0,2355.19205464,2399.1738673,1909.24473013,0.353440826245,0.360041123735,255,227,196,0,2399.1738673,0.0,0,0
-1.5,0.0,30.0,1406.39535857,1439.71957948,1410.91387988,0.330370175707,0.338198222529,255,238,228,0,1439.71957948,0.0,0,0
-1.5,0.0,45.0,744.120271845,767.127224624,943.545950271,0.303129484411,0.31250174048,239,238,255,0,767.127224624,0.0,0,0
-1.5,0.0,60.0,453.020585449,470.188322527,676.283049789,0.283227798208,0.29396104197,208,222,255,0,470.188322527,0.0,0,0
-1.5,0.0,90.0,278.729373152,292.376447554,489.160394518,0.262886215886,0.27575758178,178,208,255,0,292.376447554,0.0,0,0
-1.5,90.0,0.0,426.789908014,424.766393756,466.390446628,0.323829402465,0.322294048885,255,232,239,0,424.766393756,0.0,1,0
-1.5,90.0,0.5,466.225818601,458.876577696,485.603665094,0.330491114599,0.325281495738,255,226,230,0,458.876577696,0.0,1,0
-1.5,90.0,1.0,520.655006373,506.953303431,512.330342144,0.338101135207,0.329203571058,255,220,220,0,506.953303431,0.0,1,0
-1.5,90.0,2.0,637.283999621,618.22499543,560.863412725,0.35085536253,0.340362467952,255,215,204,0,618.22499543,0.0,1,0
-1.5,90.0,3.0,738.071472086,728.407806957,624.116111662,0.353043671371,0.348421224975,255,218,200,0,728.407806957,0.0,1,0
-1.5,90.0,5.0,846.676265125,868.33904284,769.650172352,0.340760666509,0.349479255746,255,234,213,0,868.33904284,0.0,0,0
-1.5,90.0,8.0,862.083521721,909.788993784,929.530804384,0.319124328964,0.336783843821,255,252,244,0,909.788993784,0.0,0,0
-1.5,90.0,12.0,793.535190377,846.279305109,999.751190249,0.300630969203,0.320613087859,235,247,255,0,846.279305109,0.0,0,0
-1.5,90.0,20.0,640.742578898,682.914451911,948.857859821,0.281953082701,0.300510440977,206,228,255,0,682.914451911,0.0,0,0
-1.5,90.0,30.0,503.960061675,534.380802395,813.202549966,0.272183767258,0.288613703759,191,218,255,0,534.380802395,0.0,0,0
-1.5,90.0,45.0,384.755951091,405.829355995,652.426703293,0.266633921495,0.281237684147,183,212,255,0,405.829355995,0.0,0,0
-1.5,90.0,60.0,320.424686239,336.84088325,556.239148487,0.264048982663,0.277576904532,179,210,255,0,336.84088325,0.0,0,0
-1.5,90.0,90.0,278.729373137,292.376447539,489.16039448,0.262886215889,0.275757581784,178,208,255,0,292.376447539,0.0,0,0
-1.5,180.0,0.0,422.363339953,429.887114243,488.205573269,0.315089291479,0.320702138254,255,243,252,0,429.887114243,0.0,1,0
-1.5,180.0,0.5,463.277353136,466.463095302,517.537112388,0.320102629707,0.322303826113,255,237,244,0,466.463095302,0.0,1,0
-1.5,180.0,1.0,517.468601331,512.368480517,538.340821476,0.329980801435,0.326728542362,255,228,230,0,512.368480517,0.0,1,0
-1.5,180.0,2.0,665.610145908,648.084227942,587.600234954,0.35008259258,0.340864706049,255,216,204,0,648.084227942,0.0,1,0
-1.5,180.0,3.0,817.675483967,806.799592357,659.529129545,0.358000866139,0.353239100998,255,217,193,0,806.799592357,0.0,1,0
-1.5,180.0,5.0,1022.46212494,1053.19016163,857.07803453,0.348638303899,0.35911592486,255,232,202,0,1053.19016163,0.0,0,0
-1.5,180.0,8.0,1113.96929062,1188.51533449,1123.55643459,0.325147676636,0.34690633118,255,253,234,0,1188.51533449,0.0,0,0
-1.5,180.0,12.0,1067.30172785,1154.58080455,1288.08245593,0.304077599462,0.328943681316,241,255,255,0,1154.58080455,0.0,0,0
-1.5,180.0,20.0,875.570614659,947.644022276,1272.70904026,0.282814018029,0.306094116356,207,233,255,0,947.644022276,0.0,0,0
-1.5,180.0,30.0,668.752286651,719.591199475,1075.22058315,0.271457233442,0.292093560078,189,222,255,0,719.591199475,0.0,0,0
-1.5,180.0,45.0,461.619958994,492.696987209,794.468449959,0.263966041806,0.281736677519,178,213,255,0,492.696987209,0.0,0,0
-1.5,180.0,60.0,346.321437685,367.314160778,615.920464315,0.260479003015,0.276268275601,174,209,255,0,367.314160778,0.0,0,0
-1.5,180.0,90.0,278.729373136,292.376447538,489.160394478,0.262886215889,0.275757581784,178,208,255,0,292.376447538,0.0,0,0
-1.0,0.0,0.0,1992.44999534,1643.44180817,629.22105744,0.46715059139,0.385321997741,255,155,98,0,1643.44180817,0.0,1,0
-1.0,0.0,0.5,2397.74127144,1953.55271774,662.778987691,0.478202308283,0.389613937961,255,151,88,0,1953.55271774,0.0,1,0
-1.0,0.0,1.0,2885.3331761,2360.51693589,727.762042201,0.483013142069,0.395157381323,255,151,82,0,2360.51693589,0.0,1,0
-1.0,0.0,2.0,3702.76770643,3139.76409008,901.232759404,0.478161194042,0.405457070318,255,159,78,0,3139.76409008,0.0,1,0
-1.0,0.0,3.0,4134.99917684,3650.38148168,1113.78609122,0.464650151315,0.410193626475,255,169,85,0,3650.38148168,0.0,1,0
-1.0,0.0,5.0,4241.22427167,3961.07221361,1504.26148332,0.43694420673,0.408082064355,255,186,107,0,3961.07221361,0.0,0,0
-1.0,0.0,8.0,3766.17660938,3665.31026339,1816.5087855,0.407242471617,0.396335638427,255,201,135,0,3665.31026339,0.0,0,0
-1.0,0.0,12.0,3027.30922121,3013.22809274,1861.05501577,0.383126475638,0.381344413506,255,212,161,0,3013.22809274,0.0,0,0
-1.0,0.0,20.0,1939.07875783,1959.14931178,1570.88475782,0.354550878545,0.358220679221,255,224,196,0,1959.14931178,0.0,0,0
-1.0,0.0,30.0,1171.01327499,1191.96409026,1182.3868691,0.330294208883,0.336203563716,255,236,229,0,1191.96409026,0.0,0,0
-1.0,0.0,45.0,631.736095565,649.470267167,804.884236415,0.302832530775,0.311333681975,239,237,255,0,649.470267167,0.0,0,0
-1.0,0.0,60.0,389.362535125,403.663162599,580.64664924,0.283446439018,0.293856947394,209,222,255,0,403.663162599,0.0,0,0
-1.0,0.0,90.0,243.837870622,255.816310228,423.088694639,0.264253322458,0.277234663115,180,209,255,0,255.816310228,0.0,0,0
-1.0,90.0,0.0,352.493054969,351.787217899,392.124874917,0.321498905474,0.320855131527,255,234,243,0,351.787217899,0.0,1,0
-1.0,90.0,0.5,384.903924739,379.418394692,407.991957977,0.328328275238,0.323649043609,255,228,233,0,379.418394692,0.0,1,0
-1.0,90.0,1.0,430.930860812,419.259108555,430.011971745,0.336611628973,0.327494510898,255,221,222,0,419.259108555,0.0,1,0
-1.0,90.0,2.0,532.756641629,514.246106391,469.386066862,0.351332479111,0.339125494295,255,213,203,0,514.246106391,0.0,1,0
-1.0,90.0,3.0,623.220417801,611.133047508,521.393985432,0.354960172397,0.348075713993,255,216,198,0,611.133047508,0.0,1,0
-1.0,90.0,5.0,724.04583835,738.368048439,644.47863015,0.343655802338,0.350453591013,255,231,210,0,738.368048439,0.0,0,0
-1.0,90.0,8.0,743.715483146,781.831936441,784.388340116,0.321963708307,0.338464796329,255,250,240,0,781.831936441,0.0,0,0
-1.0,90.0,12.0,688.059931421,731.967892637,849.857725694,0.303125385108,0.322469074583,239,248,255,0,731.967892637,0.0,0,0
-1.0,90.0,20.0,558.029123175,594.033837185,812.696636867,0.284019034167,0.302344285796,209,230,255,0,594.033837185,0.0,0,0
-1.0,90.0,30.0,439.925114036,466.220342381,699.447859638,0.273995357129,0.29037262283,194,220,255,0,466.220342381,0.0,0,0
-1.0,90.0,45.0,335.554186003,353.848606448,561.712635089,0.268204019083,0.282826507178,185,214,255,0,353.848606448,0.0,0,0
-1.0,90.0,60.0,280.323826838,294.695589103,480.666053744,0.265537259807,0.279150938007,182,211,255,0,294.695589103,0.0,0,0
-1.0,90.0,90.0,243.837870627,255.816310234,423.088694641,0.264253322459,0.277234663118,180,209,255,0,255.816310234,0.0,0,0
-1.0,180.0,0.0,340.469518325,346.76598803,398.58346095,0.313560113221,0.319358934105,255,244,254,0,346.76598803,0.0,1,0
-1.0,180.0,0.5,376.833640946,379.621098684,428.098426636,0.318123028732,0.320476201065,255,239,247,0,379.621098684,0.0,1,0
-1.0,180.0,1.0,422.092659786,417.002279937,445.18427421,0.328661131635,0.324697523259,255,228,232,0,417.002279937,0.0,1,0
-1.0,180.0,2.0,550.948565987,532.0750983,484.229003574,0.351537807072,0.339495417179,255,213,203,0,532.0750983,0.0,1,0
-1.0,180.0,3.0,687.413725925,671.719933024,542.748625377,0.361438629294,0.35318691307,255,213,190,0,671.719933024,0.0,1,0
-1.0,180.0,5.0,875.932247532,895.109239591,710.766148209,0.352941233262,0.360668259235,255,228,197,0,895.109239591,0.0,0,0
-1.0,180.0,8.0,965.384525238,1024.34236223,943.549968841,0.329114697496,0.349214347097,255,249,228,0,1024.34236223,0.0,0,0
-1.0,180.0,12.0,929.43533049,1001.83617298,1090.94449107,0.307534382774,0.331490593255,244,255,252,0,1001.83617298,0.0,0,0
-1.0,180.0,20.0,766.42400401,828.058535992,1088.52683459,0.285658339948,0.308630504178,211,236,255,0,828.058535992,0.0,0,0
-1.0,180.0,30.0,588.21191001,632.424613588,926.724552746,0.273923149902,0.29451246954,193,223,255,0,632.424613588,0.0,0,0
-1.0,180.0,45.0,407.294904036,434.644655169,688.37193676,0.266151633252,0.284023648986,182,215,255,0,434.644655169,0.0,0,0
-1.0,180.0,60.0,305.819594604,324.416689663,534.979698601,0.262457432013,0.278417644826,177,210,255,0,324.416689663,0.0,0,0
-1.0,180.0,90.0,243.837870627,255.816310234,423.088694647,0.264253322457,0.277234663116,180,209,255,0,255.816310234,0.0,0,0
-0.5,0.0,0.0,1386.1973143,1126.76135964,482.252564986,0.462804524863,0.376187610743,255,152,105,0,1126.76135964,0.0,1,0
-0.5,0.0,0.5,1705.05395904,1361.32800141,507.654739724,0.477066718133,0.380893682861,255,147,94,0,1361.32800141,0.0,1,0
-0.5,0.0,1.0,2104.80166517,1681.45352474,550.268677217,0.485366097285,0.387742250766,255,146,85,0,1681.45352474,0.0,1,0
-0.5,0.0,2.0,2811.42277142,2328.70673132,674.522805138,0.483506600663,0.400489420178,255,154,78,0,2328.70673132,0.0,1,0
-0.5,0.0,3.0,3215.29665345,2780.6145521,837.350459763,0.470536152563,0.406923470561,255,164,83,0,2780.6145521,0.0,1,0
-0.5,0.0,5.0,3375.69719621,3102.20156558,1155.87621323,0.442205489061,0.40637843999,255,181,104,0,3102.20156558,0.0,0,0
-0.5,0.0,8.0,3040.10817007,2921.29534292,1431.67935383,0.41120980582,0.395138996213,255,197,133,0,2921.29534292,0.0,0,0
-0.5,0.0,12.0,2463.93369376,2426.87674448,1494.92021438,0.385849925059,0.380046838255,255,209,159,0,2426.87674448,0.0,0,0
-0.5,0.0,20.0,1593.77109579,1597.6368423,1290.04548146,0.355637099527,0.356499709521,255,222,195,0,1597.6368423,0.0,0,0
-0.5,0.0,30.0,972.445011488,984.455112635,986.088540913,0.330427712156,0.334508632103,255,234,229,0,984.455112635,0.0,0,0
-0.5,0.0,45.0,520.816565297,533.596126928,666.806547531,0.302585837566,0.310010552173,238,236,255,0,533.596126928,0.0,0,0
-0.5,0.0,60.0,332.241665356,343.992728253,493.34443289,0.284069493931,0.294116754219,210,222,255,0,343.992728253,0.0,0,0
-0.5,0.0,90.0,211.423102275,221.77529575,361.662817496,0.265987443024,0.279011343641,182,211,255,0,221.77529575,0.0,0,0
-0.5,90.0,0.0,281.33280984,280.995811167,319.326341377,0.319096269905,0.318714035712,255,236,246,0,280.995811167,0.0,1,0
-0.5,90.0,0.5,307.249288829,302.715109761,332.035494864,0.326167010171,0.321353656051,255,228,236,0,302.715109761,0.0,1,0
-0.5,90.0,1.0,345.343687184,334.935929127,349.662087503,0.33530411081,0.325198919401,255,220,224,0,334.935929127,0.0,1,0
-0.5,90.0,2.0,433.280309261,415.011578372,380.975928447,0.352470229509,0.337608756158,255,211,202,0,415.011578372,0.0,1,0
-0.5,90.0,3.0,514.087350322,499.680065769,423.235944015,0.357749581243,0.347723658581,255,213,195,0,499.680065769,0.0,1,0
-0.5,90.0,5.0,607.743030112,615.213182778,526.707524222,0.347348474579,0.351617953626,255,227,205,0,615.213182778,0.0,0,0
-0.5,90.0,8.0,631.597797085,660.627829804,648.920896079,0.325373581856,0.340328677917,255,246,235,0,660.627829804,0.0,0,0
-0.5,90.0,12.0,588.225654433,623.642513149,710.249037939,0.306030065567,0.324456027633,244,250,255,0,623.642513149,0.0,0,0
-0.5,90.0,20.0,479.792256477,509.766292269,685.601877591,0.286415706182,0.304308939165,213,231,255,0,509.766292269,0.0,0,0
-0.5,90.0,30.0,379.477990224,401.699211274,593.097764676,0.276129595288,0.292299009413,197,221,255,0,401.699211274,0.0,0,0
-0.5,90.0,45.0,289.853141485,305.446217935,477.814876539,0.270104646618,0.284635323715,188,215,255,0,305.446217935,0.0,0,0
-0.5,90.0,60.0,242.921684679,255.28586745,410.346064114,0.267371875844,0.280980519901,184,212,255,0,255.28586745,0.0,0,0
-0.5,90.0,90.0,211.423102268,221.775295743,361.662817497,0.265987443019,0.279011343636,182,211,255,0,221.775295743,0.0,0,0
-0.5,180.0,0.0,269.852504601,274.971897829,323.135444543,0.310904364462,0.316802555772,251,242,255,0,274.971897829,0.0,1,0
-0.5,180.0,0.5,295.116708287,296.680052942,340.054692839,0.316699305451,0.318376981274,255,239,250,0,296.680052942,0.0,1,0
-0.5,180.0,1.0,334.705422328,329.107468489,357.365294078,0.327763976237,0.322282118201,255,227,234,0,329.107468489,0.0,1,0
-0.5,180.0,2.0,447.243815059,426.926065404,388.097056294,0.354317935482,0.33822169699,255,209,200,0,426.926065404,0.0,1,0
-0.5,180.0,3.0,570.809732548,550.745588295,435.147328338,0.366678718539,0.35378984457,255,208,185,0,550.745588295,0.0,1,0
-0.5,180.0,5.0,747.254944373,756.969966729,579.696374473,0.358581175568,0.363243070633,255,224,190,0,756.969966729,0.0,0,0
-0.5,180.0,8.0,837.958161485,884.516500841,791.916872825,0.333264787831,0.351781529836,255,245,222,0,884.516500841,0.0,0,0
-0.5,180.0,12.0,813.146767348,873.258978986,930.168453368,0.310767708189,0.333741339758,247,255,250,0,873.258978986,0.0,0,0
-0.5,180.0,20.0,671.385080471,723.709080621,931.96048587,0.288512812257,0.310997888067,216,238,255,0,723.709080621,0.0,0,0
-0.5,180.0,30.0,515.496313561,553.475762964,795.19666424,0.276528783199,0.29690217997,197,225,255,0,553.475762964,0.0,0,0
-0.5,180.0,45.0,361.59260408,385.810425789,599.274345988,0.268507224197,0.286490612158,185,217,255,0,385.810425789,0.0,0,0
-0.5,180.0,60.0,267.962977183,284.179052762,460.116473804,0.264717931428,0.280737629479,180,212,255,0,284.179052762,0.0,0,0
-0.5,180.0,90.0,211.423102274,221.775295751,361.66281751,0.265987443018,0.279011343636,182,211,255,0,221.775295751,0.0,0,0
0.0,0.0,0.0,972.26991246,781.096373131,373.984903154,0.457033101824,0.367168513249,255,150,113,0,781.096373131,0.0,1,0
0.0,0.0,0.5,1219.29765945,955.611401198,389.499660417,0.475469315571,0.372643952327,255,143,99,0,955.611401198,0.0,1,0
0.0,0.0,1.0,1548.79404786,1209.59888307,418.937154424,0.487451415576,0.380696638555,255,141,87,0,1209.59888307,0.0,1,0
0.0,0.0,2.0,2168.65429992,1756.79841925,510.918455067,0.488835179643,0.395998970837,255,149,77,0,1756.79841925,0.0,1,0
0.0,0.0,3.0,2547.00138164,2160.34645203,638.279583936,0.476464441433,0.404133375423,255,160,81,0,2160.34645203,0.0,1,0
0.0,0.0,5.0,2744.16036744,2484.21617194,902.397276723,0.4476042421,0.405204342299,255,177,101,0,2484.21617194,0.0,0,0
0.0,0.0,8.0,2511.31930964,2385.5122429,1148.09533852,0.415442461902,0.394630453914,255,193,130,0,2385.5122429,0.0,0,0
0.0,0.0,12.0,2054.23767641,2004.91068039,1222.59590458,0.38893168142,0.379592532537,255,206,157,0,2004.91068039,0.0,0,0
0.0,0.0,20.0,1342.15832511,1336.73865502,1078.17843154,0.357234864369,0.35579234073,255,220,193,0,1336.73865502,0.0,0,0
0.0,0.0,30.0,825.908837869,832.550454821,835.70609856,0.331136355579,0.333799217061,255,233,228,0,832.550454821,0.0,0,0
0.0,0.0,45.0,448.390139748,458.497770186,572.223004132,0.303148422126,0.309982007316,239,236,255,0,458.497770186,0.0,0,0
0.0,0.0,60.0,288.252726932,298.176976998,425.533133067,0.284845170587,0.294652101932,211,223,255,0,298.176976998,0.0,0,0
0.0,0.0,90.0,186.565238104,195.660839521,315.107434664,0.267540903766,0.280584305892,185,212,255,0,195.660839521,0.0,0,0
0.0,90.0,0.0,217.687285908,217.505056949,255.461550242,0.315190123567,0.31492627367,255,238,252,0,217.505056949,0.0,1,0
0.0,90.0,0.5,238.319038395,234.460212394,265.512285817,0.322798009429,0.317571312644,255,229,241,0,234.460212394,0.0,1,0
0.0,90.0,1.0,270.03761558,260.631593373,279.500420946,0.333309970671,0.321700028926,255,220,227,0,260.631593373,0.0,1,0
0.0,90.0,2.0,347.435226094,329.526178597,304.553300198,0.353978625448,0.335732289038,255,208,201,0,329.526178597,0.0,1,0
0.0,90.0,3.0,421.368281204,405.434379184,339.613956601,0.361250238608,0.347589680461,255,209,191,0,405.434379184,0.0,1,0
0.0,90.0,5.0,510.927173545,513.421451313,429.200076688,0.35150330567,0.353219297549,255,224,200,0,513.421451313,0.0,0,0
0.0,90.0,8.0,539.743708017,562.010227035,539.644152184,0.328831690626,0.342397271817,255,243,230,0,562.010227035,0.0,0,0
0.0,90.0,12.0,507.287655539,536.301754782,599.437983975,0.308751793975,0.326410720018,248,252,255,0,536.301754782,0.0,0,0
0.0,90.0,20.0,417.001661969,442.329811834,585.864487355,0.288543334729,0.306069089398,216,233,255,0,442.329811834,0.0,0,0
0.0,90.0,30.0,331.383231123,350.418412303,510.216868305,0.278001749018,0.29397061275,200,223,255,0,350.418412303,0.0,0,0
0.0,90.0,45.0,254.134889012,267.632925778,413.329314375,0.271773788076,0.286208691516,191,216,255,0,267.632925778,0.0,0,0
0.0,90.0,60.0,213.812046419,224.606098291,356.448561427,0.26899107079,0.282570771372,187,213,255,0,224.606098291,0.0,0,0
0.0,90.0,90.0,186.565238104,195.660839521,315.107434664,0.267540903766,0.280584305892,185,212,255,0,195.660839521,0.0,0,0
0.0,180.0,0.0,207.160843047,210.8540704,254.057265791,0.30824195592,0.313737239709,247,239,255,0,210.8540704,0.0,1,0
0.0,180.0,0.5,225.110737785,226.77603783,268.574967415,0.312453423048,0.314764857432,254,240,255,0,226.77603783,0.0,1,0
0.0,180.0,1.0,250.748339109,246.557085268,276.501242517,0.324045203843,0.318628794267,255,229,239,0,246.557085268,0.0,1,0
0.0,180.0,2.0,355.959415976,334.464070105,303.23193414,0.358232249059,0.33659965346,255,204,197,0,334.464070105,0.0,1,0
0.0,180.0,3.0,467.846082598,443.40659154,339.214534464,0.374137026049,0.35459273821,255,202,177,0,443.40659154,0.0,1,0
0.0,180.0,5.0,634.669411841,635.040294059,458.617614317,0.367215980687,0.367430570952,255,218,180,0,635.040294059,0.0,0,0
0.0,180.0,8.0,730.069781318,766.469986669,653.070057686,0.339628974802,0.356562375885,255,241,213,0,766.469986669,0.0,0,0
0.0,180.0,12.0,719.85482751,771.376318424,795.182085215,0.314840212479,0.337373974186,250,255,246,0,771.376318424,0.0,0,0
0.0,180.0,20.0,601.373130746,647.493624289,817.72539791,0.29099749067,0.31331466316,220,240,255,0,647.493624289,0.0,0,0
0.0,180.0,30.0,463.524747502,497.193963369,703.14331802,0.278583644229,0.298819225835,200,227,255,0,497.193963369,0.0,0,0
0.0,180.0,45.0,324.722700891,346.197363921,530.12068841,0.270367762309,0.288247807572,188,218,255,0,346.197363921,0.0,0,0
0.0,180.0,60.0,239.768768247,254.177735872,405.387503578,0.266607029419,0.282628849456,183,214,255,0,254.177735872,0.0,0,0
0.0,180.0,90.0,186.565238104,195.660839521,315.107434664,0.267540903766,0.280584305892,185,212,255,0,195.660839521,0.0,0,0
0.5,0.0,0.0,739.433719647,585.137731324,290.615703714,0.457800644032,0.362272402691,255,147,114,0,585.137731324,0.0,1,0
0.5,0.0,0.5,946.813161386,727.912439277,300.982266463,0.479227307407,0.368431209588,255,138,99,0,727.912439277,0.0,1,0
0.5,0.0,1.0,1234.03049069,943.448943267,323.369783852,0.493444579506,0.377251429854,255,136,85,0,943.448943267,0.0,1,0
0.5,0.0,2.0,1795.9295443,1425.993144,395.589099038,0.496454372475,0.394191706296,255,144,73,0,1425.993144,0.0,1,0
0.5,0.0,3.0,2159.93339868,1800.72162463,500.931231922,0.484117817098,0.403605695737,255,155,75,0,1800.72162463,0.0,1,0
0.5,0.0,5.0,2386.72142416,2132.92287645,731.868418319,0.454482651362,0.406153996117,255,173,95,0,2132.92287645,0.0,0,0
0.5,0.0,8.0,2221.83733973,2091.40414246,962.650542783,0.421130176511,0.396407684721,255,190,125,0,2091.40414246,0.0,0,0
0.5,0.0,12.0,1836.51080299,1781.18747342,1051.13588945,0.393355329778,0.38150583425,255,203,152,0,1781.18747342,0.0,0,0
0.5,0.0,20.0,1212.41702464,1203.36527603,952.259840963,0.359976797694,0.357289257504,255,218,190,0,1203.36527603,0.0,0,0
0.5,0.0,30.0,730.512678184,737.633536389,742.730663852,0.33041762086,0.333638450692,255,233,229,0,737.633536389,0.0,0,0
0.5,0.0,45.0,394.132975387,405.302083636,509.18277609,0.301182640807,0.309717682857,236,236,255,0,405.302083636,0.0,0,0
0.5,0.0,60.0,252.189253294,262.768407853,375.838778724,0.283105367294,0.294981430203,208,223,255,0,262.768407853,0.0,0,0
0.5,0.0,90.0,165.504147443,174.525979082,276.273562521,0.26854317179,0.283181785513,186,214,255,0,174.525979082,0.0,0,0
0.5,90.0,0.0,166.621620819,165.847329943,197.485721977,0.314407305739,0.312946254602,255,237,254,0,165.847329943,0.0,1,0
0.5,90.0,0.5,182.142639324,178.629964867,205.226425559,0.321807334907,0.315601185652,255,229,243,0,178.629964867,0.0,1,0
0.5,90.0,1.0,205.425730812,197.932959579,216.010288741,0.331669388899,0.319571961541,255,220,229,0,197.932959579,0.0,1,0
0.5,90.0,2.0,270.783581945,255.51101892,235.827305309,0.35530218952,0.335262661853,255,206,200,0,255.51101892,0.0,1,0
0.5,90.0,3.0,337.54017979,323.444678465,265.330443754,0.364390158576,0.349173416183,255,207,188,0,323.444678465,0.0,1,0
0.5,90.0,5.0,424.563900228,426.445468766,344.955363088,0.354997006884,0.356570271118,255,223,196,0,426.445468766,0.0,0,0
0.5,90.0,8.0,459.457878181,479.466972223,447.403347498,0.331420711832,0.345853869919,255,243,226,0,479.466972223,0.0,0,0
0.5,90.0,12.0,437.521731964,464.142765351,506.94350439,0.310605740869,0.329504563931,251,255,254,0,464.142765351,0.0,0,0
0.5,90.0,20.0,363.262745403,386.955530116,502.56941471,0.289963533515,0.308875584534,218,236,255,0,386.955530116,0.0,0,0
0.5,90.0,30.0,290.31148152,308.408137056,440.817536896,0.279269942389,0.296678320186,202,225,255,0,308.408137056,0.0,0,0
0.5,90.0,45.0,223.965609041,237.049783253,359.719667907,0.27288417408,0.288826193431,192,218,255,0,237.049783253,0.0,0,0
0.5,90.0,60.0,189.0954555,199.687098785,311.4445122,0.270048766394,0.285174778786,188,216,255,0,199.687098785,0.0,0,0
0.5,90.0,90.0,165.504147441,174.525979083,276.273562536,0.268543171783,0.283181785507,186,214,255,0,174.525979083,0.0,0,0
0.5,180.0,0.0,148.558216049,152.383546658,190.45648402,0.302317350618,0.310101933967,238,236,255,0,152.383546658,0.0,1,0
0.5,180.0,0.5,157.382493238,162.242812657,205.238749687,0.299853822268,0.309113971383,234,235,255,0,162.242812657,0.0,1,0
0.5,180.0,1.0,166.138191873,169.28608305,211.001740895,0.304045171833,0.309806045374,240,236,255,0,169.28608305,0.0,1,0
0.5,180.0,2.0,232.868453849,222.164174422,227.130100443,0.341367893681,0.325676213417,255,213,217,0,222.164174422,0.0,1,0
0.5,180.0,3.0,325.044532452,306.811065566,250.661130381,0.368315434702,0.347654674062,255,202,185,0,306.811065566,0.0,1,0
0.5,180.0,5.0,481.380430473,477.245713796,336.739288069,0.371617474464,0.368425543774,255,214,176,0,477.245713796,0.0,0,0
0.5,180.0,8.0,587.285746836,614.251136015,496.615501622,0.345838072134,0.361717323858,255,237,205,0,614.251136015,0.0,0,0
0.5,180.0,12.0,600.511034511,643.868904748,631.494272415,0.320123295461,0.343236716375,253,255,240,0,643.868904748,0.0,0,0
0.5,180.0,20.0,517.247609684,559.016058316,679.090037746,0.294668594706,0.318463484873,225,245,255,0,559.016058316,0.0,0,0
0.5,180.0,30.0,405.651576262,437.133951061,598.94940634,0.281363492546,0.303199943939,204,231,255,0,437.133951061,0.0,0,0
0.5,180.0,45.0,287.144129382,307.614246437,458.802356854,0.272546347332,0.291975808226,191,221,255,0,307.614246437,0.0,0,0
0.5,180.0,60.0,213.348201683,227.302486263,353.991630355,0.268483312264,0.286043772183,185,216,255,0,227.302486263,0.0,0,0
0.5,180.0,90.0,165.504147446,174.525979089,276.273562544,0.268543171782,0.283181785508,186,214,255,0,174.525979089,0.0,0,0
1.0,0.0,0.0,233.309885316,218.390918117,213.840124512,0.350556780988,0.328140477838,255,205,206,0,218.390918117,0.0,1,0
1.0,0.0,0.5,324.877412022,277.757528004,218.702578393,0.395546781605,0.338177085272,255,173,164,0,277.757528004,0.0,1,0
1.0,0.0,1.0,470.890405952,384.887855793,231.600378418,0.433050998576,0.353959367581,255,157,133,0,384.887855793,0.0,1,0
1.0,0.0,2.0,761.133994887,638.516893812,275.6794025,0.454318768595,0.381128961355,255,160,108,0,638.516893812,0.0,1,0
1.0,0.0,3.0,1119.40670363,977.970980176,359.164793332,0.455683837772,0.398108719583,255,168,99,0,977.970980176,0.0,1,0
1.0,0.0,5.0,1449.93647341,1355.62732985,561.444713684,0.430630473939,0.402620701144,255,187,115,0,1355.62732985,0.0,0,0
1.0,0.0,8.0,1453.2020463,1426.67400422,774.865506472,0.397621014685,0.390362487188,255,205,146,0,1426.67400422,0.0,0,0
1.0,0.0,12.0,1242.49191044,1250.73790308,858.949879055,0.370651941239,0.373111831043,255,218,175,0,1250.73790308,0.0,0,0
1.0,0.0,20.0,843.906621675,863.343067112,769.942629158,0.340670611467,0.348516770724,255,233,213,0,863.343067112,0.0,0,0
1.0,0.0,30.0,537.346416512,554.355157947,596.778331126,0.318242707381,0.328316112092,255,246,246,0,554.355157947,0.0,0,0
1.0,0.0,45.0,306.254814968,318.968266855,408.050871114,0.296392659562,0.30869670715,228,235,255,0,318.968266855,0.0,0,0
1.0,0.0,60.0,201.833702422,211.679249526,299.689302939,0.282996444612,0.29680115013,208,225,255,0,211.679249526,0.0,0,0
1.0,0.0,90.0,134.812122097,142.560976156,219.348215076,0.271403941163,0.287003944325,190,217,255,0,142.560976156,0.0,0,0
1.0,90.0,0.0,112.039090577,115.640328491,150.830183412,0.296000655844,0.30551491358,228,232,255,0,115.640328491,0.0,1,0
1.0,90.0,0.5,120.199566722,122.750987884,156.606546207,0.300832012439,0.307217635814,235,233,255,0,122.750987884,0.0,1,0
1.0,90.0,1.0,136.399259364,135.906387717,164.682097252,0.312135205467,0.311007321096,253,236,255,0,135.906387717,0.0,1,0
1.0,90.0,2.0,188.208611853,180.207293623,179.356076567,0.343589336481,0.328982312952,255,214,214,0,180.207293623,0.0,1,0
1.0,90.0,3.0,246.233878572,236.971001221,201.605356098,0.359565125734,0.346038929913,255,210,193,0,236.971001221,0.0,1,0
1.0,90.0,5.0,325.252549419,326.491315918,263.233106998,0.35547621334,0.356830090581,255,222,195,0,326.491315918,0.0,0,0
1.0,90.0,8.0,361.461824722,376.848795939,344.88294488,0.333700121771,0.34790531252,255,241,222,0,376.848795939,0.0,0,0
1.0,90.0,12.0,348.647535784,369.795810422,394.28530242,0.313326646361,0.332332425231,253,255,252,0,369.795810422,0.0,0,0
1.0,90.0,20.0,292.156369355,311.486701007,394.227444378,0.292779839708,0.312151422861,223,239,255,0,311.486701007,0.0,0,0
1.0,90.0,30.0,234.566327214,249.585293548,347.381120282,0.282089105619,0.300150891514,206,228,255,0,249.585293548,0.0,0,0
1.0,90.0,45.0,181.780698405,192.833084741,284.737164256,0.275696424068,0.292458948457,196,221,255,0,192.833084741,0.0,0,0
1.0,90.0,60.0,153.775471334,162.803446439,246.960214171,0.272874522136,0.288894660922,192,219,255,0,162.803446439,0.0,0,0
1.0,90.0,90.0,134.812122141,142.560976195,219.348215202,0.271403941136,0.287003944283,190,217,255,0,142.560976195,0.0,0,0
1.0,180.0,0.0,102.282903568,106.354767134,141.562041454,0.292070210276,0.303697471593,222,231,255,0,106.354767134,0.0,1,0
1.0,180.0,0.5,108.305414466,112.70970609,150.651016253,0.291405118035,0.30325524692,221,230,255,0,112.70970609,0.0,1,0
1.0,180.0,1.0,115.162443538,118.979277864,157.997794865,0.293677221398,0.303410579471,224,230,255,0,118.979277864,0.0,1,0
1.0,180.0,2.0,148.643623051,143.750863571,165.714339042,0.324472297244,0.313791954047,255,224,239,0,143.750863571,0.0,1,0
1.0,180.0,3.0,213.537224301,199.254685383,180.789605086,0.359743723461,0.335682093233,255,202,196,0,199.254685383,0.0,1,0
1.0,180.0,5.0,340.159634977,328.860813464,232.434306599,0.377345211255,0.364811224996,255,206,172,0,328.860813464,0.0,0,0
1.0,180.0,8.0,436.749775769,448.469901448,344.224164088,0.355241745166,0.364774613025,255,229,193,0,448.469901448,0.0,0,0
1.0,180.0,12.0,460.809084098,488.703139006,452.316042445,0.328720068943,0.348618408557,255,249,229,0,488.703139006,0.0,0,0
1.0,180.0,20.0,408.57003308,439.468002816,506.931273181,0.301534529486,0.324337975681,237,250,255,0,439.468002816,0.0,0,0
1.0,180.0,30.0,327.306893188,351.750064964,458.571915936,0.287709727349,0.309195795726,214,236,255,0,351.750064964,0.0,0,0
1.0,180.0,45.0,234.016221732,250.516252929,357.637622397,0.277872869803,0.297465148435,199,226,255,0,250.516252929,0.0,0,0
1.0,180.0,60.0,174.775611527,186.29886403,278.995271215,0.273057135427,0.291060255495,192,220,255,0,186.29886403,0.0,0,0
1.0,180.0,90.0,134.812122141,142.560976195,219.348215201,0.271403941137,0.287003944285,190,217,255,0,142.560976195,0.0,0,0
1.5,0.0,0.0,148.320301719,146.193361788,161.787802373,0.325048926663,0.320387666312,255,229,238,0,146.193361788,0.0,1,0
1.5,0.0,0.5,181.673422884,168.047717433,164.681827585,0.353173356725,0.326684968632,255,202,204,0,168.047717433,0.0,1,0
1.5,0.0,1.0,290.195991492,244.211055712,173.647507948,0.409849762819,0.344904292946,255,167,152,0,244.211055712,0.0,1,0
1.5,0.0,2.0,616.499264695,508.182659896,209.633585285,0.462034099231,0.380856443723,255,155,103,0,508.182659896,0.0,1,0
1.5,0.0,3.0,827.406096407,718.367741398,269.515685112,0.455798420011,0.395731772992,255,167,100,0,718.367741398,0.0,1,0
1.5,0.0,5.0,1038.90741334,966.444801042,418.946692055,0.428539323506,0.39864919234,255,186,118,0,966.444801042,0.0,0,0
1.5,0.0,8.0,988.15924729,971.067727419,570.483999004,0.390621402033,0.383865088743,255,207,154,0,971.067727419,0.0,0,0
1.5,0.0,12.0,839.247543654,844.700887762,624.238484664,0.363596005942,0.365958615343,255,220,184,0,844.700887762,0.0,0,0
1.5,0.0,20.0,575.018310781,588.096133936,559.380925738,0.333828653849,0.341421024418,255,236,223,0,588.096133936,0.0,0,0
1.5,0.0,30.0,374.582679279,386.520170608,436.136158477,0.312872097102,0.322842947739,255,249,255,0,386.520170608,0.0,0,0
1.5,0.0,45.0,220.761633827,229.890207735,299.935408157,0.294118550388,0.306280459495,225,233,255,0,229.890207735,0.0,0,0
1.5,0.0,60.0,148.43218899,155.456036761,220.209967079,0.283214464428,0.296616242697,208,225,255,0,155.456036761,0.0,0,0
1.5,0.0,90.0,100.897158187,106.397500597,161.048399115,0.273921704301,0.288854366372,194,218,255,0,106.397500597,0.0,0,0
1.5,90.0,0.0,81.0107078415,83.3840850247,111.877718437,0.293227536316,0.301818246887,224,229,255,0,83.3840850247,0.0,1,0
1.5,90.0,0.5,86.4687277895,88.2293345655,116.149719514,0.29729890747,0.303352269007,230,230,255,0,88.2293345655,0.0,1,0
1.5,90.0,1.0,96.9406063505,96.7894391007,122.107189445,0.306932165178,0.306453541276,245,232,255,0,96.7894391007,0.0,1,0
1.5,90.0,2.0,131.393956617,125.764548193,132.302462711,0.337373877165,0.322919518723,255,216,222,0,125.764548193,0.0,1,0
1.5,90.0,3.0,172.537157802,165.074694871,147.304674099,0.355807955136,0.340418785001,255,209,198,0,165.074694871,0.0,1,0
1.5,90.0,5.0,232.193147822,230.966122249,189.717487353,0.35564621528,0.353766801502,255,220,196,0,230.966122249,0.0,0,0
1.5,90.0,8.0,262.530134687,271.473199571,248.079158995,0.335680873759,0.34711581184,255,238,220,0,271.473199571,0.0,0,0
1.5,90.0,12.0,255.926151556,269.664232578,284.908806259,0.315763611599,0.33271375934,255,254,250,0,269.664232578,0.0,0,0
1.5,90.0,20.0,216.375309029,229.560175124,286.931399452,0.295245035449,0.313235841678,227,240,255,0,229.560175124,0.0,0,0
1.5,90.0,30.0,174.501113993,184.93411699,253.873553028,0.284524074238,0.301535086096,210,229,255,0,184.93411699,0.0,0,0
1.5,90.0,45.0,135.813810414,143.596323475,208.911608781,0.278123619217,0.294060884306,200,223,255,0,143.596323475,0.0,0,0
1.5,90.0,60.0,114.898221342,121.280570035,181.078759205,0.275365229895,0.290661175253,196,220,255,0,121.280570035,0.0,0,0
1.5,90.0,90.0,100.897158187,106.397500597,161.048399113,0.273921704302,0.288854366373,194,218,255,0,106.397500597,0.0,0,0
1.5,180.0,0.0,71.215267729,73.4923243713,100.813050158,0.290058168119,0.29933256811,219,227,255,0,73.4923243713,0.0,1,0
1.5,180.0,0.5,75.3773857375,77.8936582567,107.50807914,0.289046856327,0.298695912927,217,226,255,0,77.8936582567,0.0,1,0
1.5,180.0,1.0,77.8695021919,80.436647587,111.063070166,0.289080921004,0.298611131603,217,226,255,0,80.436647587,0.0,1,0
1.5,180.0,2.0,92.7122228264,91.6032599236,118.353288427,0.306315786943,0.302651838071,244,228,255,0,91.6032599236,0.0,1,0
1.5,180.0,3.0,128.419676189,119.743603803,125.919511426,0.343292124458,0.320099204108,255,207,216,0,119.743603803,0.0,1,0
1.5,180.0,5.0,214.96612606,202.353940875,152.663950771,0.377144129278,0.355016868174,255,199,175,0,202.353940875,0.0,0,0
1.5,180.0,8.0,294.832738248,295.290158682,221.599163994,0.363218831225,0.363782349768,255,219,185,0,295.290158682,0.0,0,0
1.5,180.0,12.0,325.139366777,338.41679867,299.481284425,0.337618611634,0.351405647532,255,239,217,0,338.41679867,0.0,0,0
1.5,180.0,20.0,297.74465418,316.466259809,349.609036256,0.308921447522,0.328345828211,249,254,255,0,316.466259809,0.0,0,0
1.5,180.0,30.0,241.440567593,257.476042693,324.071978158,0.293370492597,0.31285493664,223,239,255,0,257.476042693,0.0,0,0
1.5,180.0,45.0,174.772533477,186.023181491,257.45305053,0.282689660263,0.300887267185,207,229,255,0,186.023181491,0.0,0,0
1.5,180.0,60.0,131.353732025,139.368765406,203.075988237,0.277235440801,0.294151985753,199,223,255,0,139.368765406,0.0,0,0
1.5,180.0,90.0,100.897158188,106.397500598,161.048399115,0.273921704301,0.288854366373,194,218,255,0,106.397500598,0.0,0,0
2.0,0.0,0.0,101.969875822,101.901954086,119.443163307,0.315388639444,0.315178560303,255,238,252,0,101.901954086,0.0,1,0
2.0,0.0,0.5,132.712375545,121.178973048,121.166543337,0.353845042059,0.32309404936,255,198,204,0,121.178973048,0.0,1,0
2.0,0.0,1.0,202.464312517,170.136161697,127.423603282,0.404909126637,0.340255938372,255,167,157,0,170.136161697,0.0,1,0
2.0,0.0,2.0,389.977497944,322.932125751,150.605529661,0.451616276134,0.373973895532,255,157,113,0,322.932125751,0.0,1,0
2.0,0.0,3.0,527.558721987,458.724154856,191.202058399,0.448038617053,0.389579638029,255,168,109,0,458.724154856,0.0,1,0
2.0,0.0,5.0,641.185229228,601.111274226,293.246064505,0.417562653493,0.391465066986,255,190,129,0,601.111274226,0.0,0,0
2.0,0.0,8.0,619.740803372,612.509190281,397.930578535,0.380166966743,0.375730885726,255,211,166,0,612.509190281,0.0,0,0
2.0,0.0,12.0,531.199826048,537.374085517,440.477544453,0.352009087516,0.356100571239,255,226,199,0,537.374085517,0.0,0,0
2.0,0.0,20.0,370.951371811,380.814337842,392.641021642,0.324142948191,0.332761357853,255,241,237,0,380.814337842,0.0,0,0
2.0,0.0,30.0,246.548771288,255.56454184,306.840322447,0.304774909767,0.315919887866,242,242,255,0,255.56454184,0.0,0,0
2.0,0.0,45.0,150.932876586,157.316801029,211.438906988,0.290429463062,0.302713597509,219,230,255,0,157.316801029,0.0,0,0
2.0,0.0,60.0,103.633944032,108.303565916,154.857490583,0.282539140071,0.295270016654,207,223,255,0,108.303565916,0.0,0,0
2.0,0.0,90.0,72.1445074894,75.5714612586,112.853239939,0.276872727415,0.290024526073,199,219,255,0,75.5714612586,0.0,0,0
2.0,90.0,0.0,56.289657495,57.6764289396,79.3790081397,0.291135689886,0.298308209301,221,225,255,0,57.6764289396,0.0,1,0
2.0,90.0,0.5,59.9079727158,60.9159821333,82.4014822221,0.294785798368,0.299745853724,226,227,255,0,60.9159821333,0.0,1,0
2.0,90.0,1.0,66.6485099932,66.4390723086,86.6294303733,0.303337958139,0.302384742536,239,228,255,0,66.4390723086,0.0,1,0
2.0,90.0,2.0,88.9109796209,84.8165661017,93.5229804866,0.33268776261,0.317367255753,255,217,228,0,84.8165661017,0.0,1,0
2.0,90.0,3.0,116.675571539,110.665542358,103.286845582,0.352890819405,0.334713200095,255,208,203,0,110.665542358,0.0,1,0
2.0,90.0,5.0,159.088093484,156.253687423,131.133422512,0.356320109752,0.349971703302,255,216,196,0,156.253687423,0.0,0,0
2.0,90.0,8.0,182.55301231,186.491102011,170.761199089,0.33818305929,0.345478448208,255,234,217,0,186.491102011,0.0,0,0
2.0,90.0,12.0,179.706949231,187.358584459,196.771203728,0.318721603799,0.332292261262,255,249,245,0,187.358584459,0.0,0,0
2.0,90.0,20.0,153.20721209,161.119638289,199.463977607,0.298189854206,0.313589946557,231,240,255,0,161.119638289,0.0,0,0
2.0,90.0,30.0,124.076120369,130.471908908,177.159024437,0.287408137767,0.302223250201,214,229,255,0,130.471908908,0.0,0,0
2.0,90.0,45.0,96.9318831907,101.757865074,146.293354987,0.280975741354,0.294964779768,205,223,255,0,101.757865074,0.0,0,0
2.0,90.0,60.0,81.8398586115,85.7962972713,126.43183988,0.27830250075,0.29175666345,201,221,255,0,85.7962972713,0.0,0,0
2.0,90.0,90.0,72.144507657,75.5714614584,112.853240619,0.276872726944,0.290024525673,199,219,255,0,75.5714614584,0.0,0,0
2.0,180.0,0.0,47.1809852957,48.2881206236,68.644375703,0.287490002828,0.29423615992,215,222,255,0,48.2881206236,0.0,1,0
2.0,180.0,0.5,49.9498941034,51.1913224736,73.3252880897,0.286300767009,0.293416335539,213,221,255,0,51.1913224736,0.0,1,0
2.0,180.0,1.0,51.3666162363,52.699026586,75.6728944247,0.285785213472,0.29319826117,213,221,255,0,52.699026586,0.0,1,0
2.0,180.0,2.0,56.1779121497,56.8667374976,80.866181531,0.289710027069,0.293262305938,219,221,255,0,56.8667374976,0.0,1,0
2.0,180.0,3.0,71.4632906541,67.8201961284,83.9151813406,0.320177943959,0.303855738471,255,220,246,0,67.8201961284,0.0,1,0
2.0,180.0,5.0,124.771002892,114.729874536,97.4120236835,0.370336079385,0.3405327435,255,195,184,0,114.729874536,0.0,0,0
2.0,180.0,8.0,184.064942767,179.291656937,135.63072835,0.368876988289,0.359311042299,255,210,181,0,179.291656937,0.0,0,0
2.0,180.0,12.0,212.552080221,216.667307939,187.043934407,0.344904641308,0.351582351253,255,230,208,0,216.667307939,0.0,0,0
2.0,180.0,20.0,203.460943332,213.097759807,228.335544265,0.315495050779,0.330438301574,255,252,250,0,213.097759807,0.0,0,0
2.0,180.0,30.0,168.38843417,177.536043302,217.35526647,0.298942818343,0.315182722637,232,241,255,0,177.536043302,0.0,0,0
2.0,180.0,45.0,124.065704402,130.758941645,176.397396369,0.287707241743,0.30322879812,215,230,255,0,130.758941645,0.0,0,0
2.0,180.0,60.0,93.9796087137,98.8607288169,140.888716058,0.281604516308,0.296230513208,206,224,255,0,98.8607288169,0.0,0,0
2.0,180.0,90.0,72.1445076571,75.5714614585,112.85324062,0.276872726944,0.290024525673,199,219,255,0,75.5714614585,0.0,0,0
2.5,0.0,0.0,70.1097718143,70.2004059065,85.1799621676,0.31092167422,0.311323616816,251,237,255,0,70.2004059065,0.0,1,0
2.5,0.0,0.5,87.8638260762,81.340868692,86.0507643753,0.344219184855,0.318664560456,255,205,215,0,81.340868692,0.0,1,0
2.5,0.0,1.0,129.481127452,110.409268479,90.2878538284,0.392155229929,0.334392918248,255,173,168,0,110.409268479,0.0,1,0
2.5,0.0,2.0,237.038038344,198.826894509,105.444636567,0.437897372843,0.36730718565,255,162,125,0,198.826894509,0.0,1,0
2.5,0.0,3.0,324.8454374,285.015115161,132.867796634,0.437367764071,0.38374072495,255,172,119,0,285.015115161,0.0,1,0
2.5,0.0,5.0,400.966591131,378.837519774,203.059003517,0.407957715828,0.38544280909,255,194,139,0,378.837519774,0.0,0,0
2.5,0.0,8.0,393.186820756,391.043456829,276.351926591,0.370727341273,0.368706409828,255,215,177,0,391.043456829,0.0,0,0
2.5,0.0,12.0,336.579448121,343.179787112,306.386219875,0.341308116747,0.348001185155,255,232,213,0,343.179787112,0.0,0,0
2.5,0.0,20.0,237.568190585,245.489378973,271.564152815,0.314817588126,0.325314487637,255,248,252,0,245.489378973,0.0,0,0
2.5,0.0,30.0,162.864711923,168.897647691,211.414442028,0.299837385232,0.3109441478,234,237,255,0,168.897647691,0.0,0,0
2.5,0.0,45.0,101.405322163,105.457343729,144.64848645,0.288483939949,0.300011373824,216,227,255,0,105.457343729,0.0,0,0
2.5,0.0,60.0,70.3353440972,73.1260208817,105.236960036,0.282813903524,0.29403503573,208,222,255,0,73.1260208817,0.0,0,0
2.5,0.0,90.0,49.3623016744,51.2824332381,76.06524362,0.279340771157,0.290206776459,203,219,255,0,51.2824332381,0.0,0,0
2.5,90.0,0.0,37.5313245605,38.2563195072,54.09623017,0.288960617943,0.294542488294,217,222,255,0,38.2563195072,0.0,1,0
2.5,90.0,0.5,39.8623947953,40.3558259724,56.1568567898,0.292299703943,0.295917895668,222,223,255,0,40.3558259724,0.0,1,0
2.5,90.0,1.0,44.0843438492,43.8283403936,59.0533544957,0.299962795674,0.298220873134,234,225,255,0,43.8283403936,0.0,1,0
2.5,90.0,2.0,57.904012603,55.0645706647,63.5999094379,0.327940799152,0.311859549917,255,218,235,0,55.0645706647,0.0,1,0
2.5,90.0,3.0,75.7345803889,71.2805653772,69.8108423111,0.349287375837,0.328745488534,255,207,208,0,71.2805653772,0.0,1,0
2.5,90.0,5.0,104.326951368,101.213701179,87.5323423742,0.355975996342,0.345353215523,255,213,197,0,101.213701179,0.0,0,0
2.5,90.0,8.0,121.425101455,122.492972735,113.4379287,0.339787496146,0.342775752314,255,229,216,0,122.492972735,0.0,0,0
2.5,90.0,12.0,120.727254673,124.430576261,131.023623038,0.320928247256,0.330772755932,255,244,242,0,124.430576261,0.0,0,0
2.5,90.0,20.0,103.811725843,108.085087974,133.549236973,0.30051501705,0.31288558004,235,239,255,0,108.085087974,0.0,0,0
2.5,90.0,30.0,84.4319673325,87.9729166572,119.004384254,0.289736726088,0.301887847244,218,229,255,0,87.9729166572,0.0,0,0
2.5,90.0,45.0,66.1964755481,68.8957854108,98.5627284964,0.283308632537,0.294861177891,208,223,255,0,68.8957854108,0.0,0,0
2.5,90.0,60.0,55.9372770034,58.1513163262,85.1711615404,0.280725413117,0.291836735241,205,220,255,0,58.1513163262,0.0,0,0
2.5,90.0,90.0,49.3623016744,51.2824332381,76.06524362,0.279340771157,0.290206776459,203,219,255,0,51.2824332381,0.0,0,0
2.5,180.0,0.0,29.6563060584,30.128026984,44.7652256924,0.283657878783,0.288169814857,210,217,255,0,30.128026984,0.0,1,0
2.5,180.0,0.5,31.405490015,31.9478686941,47.8976823286,0.282293897855,0.287169166204,208,216,255,0,31.9478686941,0.0,1,0
2.5,180.0,1.0,32.2437011701,32.8348117233,49.3800729592,0.281706268952,0.286870674478,207,216,255,0,32.8348117233,0.0,1,0
2.5,180.0,2.0,33.5673991293,34.2697923006,52.0298060389,0.28003870822,0.28589847935,204,215,255,0,34.2697923006,0.0,1,0
2.5,180.0,3.0,38.1679800905,37.6569184349,54.7622583831,0.292279738637,0.288366171118,223,216,255,0,37.6569184349,0.0,1,0
2.5,180.0,5.0,65.4149725351,59.5641510299,60.7366820661,0.352231584774,0.32072741912,255,198,206,0,59.5641510299,0.0,0,0
2.5,180.0,8.0,105.573143652,99.9813273485,79.5687822088,0.370271952441,0.350660025877,255,203,182,0,99.9813273485,0.0,0,0
2.5,180.0,12.0,130.041321252,129.44023616,110.747372077,0.351245704736,0.349622154969,255,221,201,0,129.44023616,0.0,0,0
2.5,180.0,20.0,130.990791305,134.951300073,141.669972967,0.321361418769,0.331077786645,255,244,242,0,134.951300073,0.0,0,0
2.5,180.0,30.0,111.594356428,116.069141435,139.194678867,0.304189366645,0.316386954952,241,242,255,0,116.069141435,0.0,0,0
2.5,180.0,45.0,83.5296411388,87.0958850402,115.684276012,0.291745656277,0.304201548021,221,231,255,0,87.0958850402,0.0,0,0
2.5,180.0,60.0,64.0389993447,66.6904838452,93.7125312531,0.285325363451,0.297139036159,211,225,255,0,66.6904838452,0.0,0,0
2.5,180.0,90.0,49.3623016745,51.2824332382,76.0652436201,0.279340771157,0.290206776459,203,219,255,0,51.2824332382,0.0,0,0
3.0,0.0,0.0,47.058204463,47.1430910619,58.7306475815,0.307706836827,0.308261898099,246,234,255,0,47.1430910619,0.0,1,0
3.0,0.0,0.5,57.4793008765,53.6864550034,59.1345438617,0.337517320661,0.315245804528,255,209,223,0,53.6864550034,0.0,1,0
3.0,0.0,1.0,82.585370467,71.1990063337,61.9913733256,0.382737033326,0.329967599658,255,177,176,0,71.1990063337,0.0,1,0
3.0,0.0,2.0,148.493693881,125.691789618,72.1708459876,0.428730995334,0.362897336983,255,165,133,0,125.691789618,0.0,1,0
3.0,0.0,3.0,205.487563659,181.604813786,90.9524121818,0.429850022671,0.379890792091,255,174,125,0,181.604813786,0.0,1,0
3.0,0.0,5.0,252.748135857,241.761445087,139.974376023,0.398352287841,0.381036340529,255,198,149,0,241.761445087,0.0,0,0
3.0,0.0,8.0,251.558460574,252.567671697,191.354244443,0.361704613095,0.363155712445,255,220,187,0,252.567671697,0.0,0,0
3.0,0.0,12.0,217.159733567,222.703010422,211.226990028,0.333532725554,0.342046570214,255,237,224,0,222.703010422,0.0,0,0
3.0,0.0,20.0,153.975441277,159.482958681,184.865624142,0.308986590712,0.320038671563,248,246,255,0,159.482958681,0.0,0,0
3.0,0.0,30.0,106.177107943,109.969706869,141.966885642,0.296489935482,0.307080423703,229,233,255,0,109.969706869,0.0,0,0
3.0,0.0,45.0,66.5938205736,68.8940552488,95.9237353658,0.287772165933,0.29771218002,215,225,255,0,68.8940552488,0.0,0,0
3.0,0.0,60.0,46.1972244626,47.684399578,69.0619176426,0.283516756696,0.292643691707,209,221,255,0,47.684399578,0.0,0,0
3.0,0.0,90.0,32.2965211457,33.2582459574,49.3050084213,0.281182171898,0.289555205951,206,218,255,0,33.2582459574,0.0,0,0
3.0,90.0,0.0,23.966328567,24.3148095238,35.4274302776,0.286306754901,0.290469781024,214,219,255,0,24.3148095238,0.0,1,0
3.0,90.0,0.5,25.4233766614,25.6329868478,36.7835178135,0.289428631717,0.291814907555,218,220,255,0,25.6329868478,0.0,1,0
3.0,90.0,1.0,27.9959536818,27.758438848,38.7003055587,0.296395565793,0.293880975852,229,221,255,0,27.758438848,0.0,1,0
3.0,90.0,2.0,36.2598363768,34.3979738225,41.6199266135,0.322947695653,0.306365044388,255,219,242,0,34.3979738225,0.0,1,0
3.0,90.0,3.0,47.1846781381,44.1349098771,45.4824788697,0.344912026642,0.322618735829,255,207,213,0,44.1349098771,0.0,1,0
3.0,90.0,5.0,65.4834287424,62.832884264,56.4369766327,0.354437146263,0.340090746892,255,211,200,0,62.832884264,0.0,0,0
3.0,90.0,8.0,77.2391042505,76.9897773066,72.7662034272,0.340267738642,0.339169358279,255,226,216,0,76.9897773066,0.0,0,0
3.0,90.0,12.0,77.5668478535,79.0437503351,84.1562697672,0.322165788475,0.328299948436,255,240,241,0,79.0437503351,0.0,0,0
3.0,90.0,20.0,67.2832983008,69.3393133215,86.1447538915,0.302033909436,0.311263335909,237,237,255,0,69.3393133215,0.0,0,0
3.0,90.0,30.0,54.8546890044,56.6130008606,76.7263679045,0.291479389172,0.300822467678,221,228,255,0,56.6130008606,0.0,0,0
3.0,90.0,45.0,43.2306761611,44.5851717723,63.8870622483,0.284969326622,0.293897933262,211,222,255,0,44.5851717723,0.0,0,0
3.0,90.0,60.0,36.561473563,37.670647223,55.1862473669,0.282506062198,0.29107651225,208,220,255,0,37.670647223,0.0,0,0
3.0,90.0,90.0,32.2965211487,33.2582459605,49.305008422,0.281182171908,0.28955520596,206,218,255,0,33.2582459605,0.0,0,0
3.0,180.0,0.0,17.7208601259,17.9092799865,28.0461687469,0.278295969778,0.28125499589,202,211,255,0,17.9092799865,0.0,1,0
3.0,180.0,0.5,18.7742410998,18.9978626814,30.0539603024,0.276799801868,0.280096787836,200,210,255,0,18.9978626814,0.0,1,0
3.0,180.0,1.0,19.2569644578,19.5057492263,30.9639321027,0.276177983904,0.279745985286,199,210,255,0,19.5057492263,0.0,1,0
3.0,180.0,2.0,20.0211733252,20.3386587545,32.596499209,0.274426810827,0.278778529502,196,209,255,0,20.3386587545,0.0,1,0
3.0,180.0,3.0,20.942681451,21.2607949219,34.4414702351,0.273242821318,0.277393303314,194,208,255,0,21.2607949219,0.0,1,0
3.0,180.0,5.0,30.894074118,28.6792238875,37.1703269894,0.319339637311,0.296445619947,255,215,248,0,28.6792238875,0.0,0,0
3.0,180.0,8.0,54.5005091458,50.4931187359,45.2801214708,0.362674847608,0.336007579191,255,199,193,0,50.4931187359,0.0,0,0
3.0,180.0,12.0,72.9270851521,70.9792264275,62.2423739032,0.353759641888,0.344310836915,255,215,200,0,70.9792264275,0.0,0,0
3.0,180.0,20.0,79.0686836741,80.0572406034,83.3584738507,0.326077406565,0.330154192275,255,236,235,0,80.0572406034,0.0,0,0
3.0,180.0,30.0,69.6556006888,71.4575505053,84.8356857582,0.30828041263,0.316255447336,247,242,255,0,71.4575505053,0.0,0,0
3.0,180.0,45.0,53.3992781362,55.0419754568,72.516360541,0.295092739765,0.304170541373,227,231,255,0,55.0419754568,0.0,0,0
3.0,180.0,60.0,41.4653467405,42.7336583948,59.6892441048,0.288177436027,0.296991996361,216,224,255,0,42.7336583948,0.0,0,0
3.0,180.0,90.0,32.2965211487,33.2582459604,49.3050084218,0.281182171908,0.289555205961,206,218,255,0,33.2582459604,0.0,0,0
3.5,0.0,0.0,30.7640733957,30.8268635576,39.2530687083,0.305065959983,0.305688606431,242,232,255,0,30.8268635576,0.0,1,0
3.5,0.0,0.5,37.0917859851,34.7906748624,39.4119902944,0.333276148132,0.312600264483,255,212,228,0,34.7906748624,0.0,1,0
3.5,0.0,1.0,52.1974793094,45.4131515704,41.3209048181,0.375706487712,0.32687432225,255,181,183,0,45.4131515704,0.0,1,0
3.5,0.0,2.0,95.1274991481,80.8551437933,48.2341390016,0.424265741056,0.360611472043,255,167,137,0,80.8551437933,0.0,1,0
3.5,0.0,3.0,131.19120628,116.969936621,61.2781783082,0.42396423883,0.378006053541,255,177,130,0,116.969936621,0.0,1,0
3.5,0.0,5.0,165.927131767,159.406029106,95.8728318107,0.393933454532,0.378451474752,255,201,153,0,159.406029106,0.0,0,0
3.5,0.0,8.0,164.202300341,165.716303757,131.305346839,0.356014252962,0.359296830575,255,224,194,0,165.716303757,0.0,0,0
3.5,0.0,12.0,140.931670598,144.960487342,143.449605351,0.328250551536,0.33763425722,255,240,231,0,144.960487342,0.0,0,0
3.5,0.0,20.0,99.3578080615,102.762159575,122.966986766,0.305634559358,0.316106685252,243,242,255,0,102.762159575,0.0,0,0
3.5,0.0,30.0,67.8304180796,70.0225765984,92.6227701597,0.294306076508,0.303817525664,225,230,255,0,70.0225765984,0.0,0,0
3.5,0.0,45.0,42.336571988,43.5155288988,61.4783212821,0.287357976477,0.295360104575,215,223,255,0,43.5155288988,0.0,0,0
3.5,0.0,60.0,29.1000934819,29.818764002,43.6834209664,0.283620343734,0.290624774151,209,219,255,0,29.818764002,0.0,0,0
3.5,0.0,90.0,20.1417275986,20.5612323544,30.6736982095,0.282189277519,0.288066615666,207,217,255,0,20.5612323544,0.0,0,0
3.5,90.0,0.0,14.6986321935,14.8617559689,22.366410602,0.283064478136,0.286205896041,209,215,255,0,14.8617559689,0.0,1,0
3.5,90.0,0.5,15.5309800754,15.6112479283,23.1583869135,0.286018493513,0.287496706107,213,216,255,0,15.6112479283,0.0,1,0
3.5,90.0,1.0,17.0949407296,16.9225797338,24.4498505976,0.292384289209,0.289436303133,223,217,255,0,16.9225797338,0.0,1,0
3.5,90.0,2.0,21.8327264095,20.7001305202,26.2724200979,0.317311801546,0.300850914558,255,221,250,0,20.7001305202,0.0,1,0
3.5,90.0,3.0,28.1934122188,26.2786989817,28.6145907338,0.339325205628,0.316280444041,255,208,221,0,26.2786989817,0.0,1,0
3.5,90.0,5.0,39.2650346108,37.3551453775,35.1735771968,0.35122743523,0.334143393317,255,209,205,0,37.3551453775,0.0,0,0
3.5,90.0,8.0,46.865958347,46.2345720251,45.0653700054,0.339200614761,0.334630845229,255,223,218,0,46.2345720251,0.0,0,0
3.5,90.0,12.0,47.5300629153,47.9395311909,52.1035165797,0.322078071637,0.32485275243,255,237,241,0,47.9395311909,0.0,0,0
3.5,90.0,20.0,41.5942437262,42.4533770109,53.4727041124,0.302458882145,0.308706200755,238,235,255,0,42.4533770109,0.0,0,0
3.5,90.0,30.0,34.0413473014,34.8097199853,47.6772770172,0.292129331321,0.298723200722,222,226,255,0,34.8097199853,0.0,0,0
3.5,90.0,45.0,26.9134351011,27.5102758592,39.7642298776,0.285741835544,0.292078535898,213,220,255,0,27.5102758592,0.0,0,0
3.5,90.0,60.0,22.801831291,23.2878534938,34.3744541961,0.283378801784,0.28941903547,209,218,255,0,23.2878534938,0.0,0,0
3.5,90.0,90.0,20.1417275987,20.5612323545,30.67369821,0.282189277518,0.288066615665,207,217,255,0,20.5612323545,0.0,0,0
3.5,180.0,0.0,10.1629162386,10.2436428615,16.9916683239,0.271748607852,0.273907176011,193,205,255,0,10.2436428615,0.0,1,0
3.5,180.0,0.5,10.774242668,10.8714255505,18.2302635632,0.270194129305,0.272631260631,190,204,255,0,10.8714255505,0.0,1,0
3.5,180.0,1.0,11.0489625156,11.1583250351,18.7720464524,0.269622793645,0.272291517336,189,204,255,0,11.1583250351,0.0,1,0
3.5,180.0,2.0,11.5076743534,11.6498208766,19.7514214513,0.268188414983,0.271501165204,187,204,255,0,11.6498208766,0.0,1,0
3.5,180.0,3.0,11.852413027,12.037033136,20.6590727591,0.26605627558,0.270200523548,184,203,255,0,12.037033136,0.0,1,0
3.5,180.0,5.0,14.0233931425,13.7072931093,22.3641966594,0.279936638786,0.273626612395,205,204,255,0,13.7072931093,0.0,0,0
3.5,180.0,8.0,25.290397829,23.2445818001,25.4830983807,0.341678661605,0.314039251289,255,204,218,0,23.2445818001,0.0,0,0
3.5,180.0,12.0,37.184339866,35.5258642067,33.5431124955,0.349959333666,0.334350638212,255,211,206,0,35.5258642067,0.0,0,0
3.5,180.0,20.0,44.1232026177,44.0088517787,46.4832726319,0.327772502521,0.326923038781,255,231,233,0,44.0088517787,0.0,0,0
3.5,180.0,30.0,40.7071761027,41.2445008155,49.1550408404,0.310488865854,0.31458724252,251,240,255,0,41.2445008155,0.0,0,0
3.5,180.0,45.0,32.2329602318,32.8629023677,43.3590435637,0.297201494816,0.303009827128,230,229,255,0,32.8629023677,0.0,0,0
3.5,180.0,60.0,25.3945546678,25.9276374876,36.3585761028,0.289625138696,0.295704953351,218,223,255,0,25.9276374876,0.0,0,0
3.5,180.0,90.0,20.1417275988,20.5612323544,30.6736982088,0.282189277524,0.288066615668,207,217,255,0,20.5612323544,0.0,0,0
4.0,0.0,0.0,19.6483067415,19.678929787,25.5304068552,0.302945122833,0.303417280683,239,229,255,0,19.678929787,0.0,1,0
4.0,0.0,0.5,23.434312021,22.0588769204,25.542734589,0.329893817893,0.310531289299,255,214,233,0,22.0588769204,0.0,1,0
4.0,0.0,1.0,33.0214299583,28.8191091524,26.7984856794,0.372538281378,0.325128905927,255,182,186,0,28.8191091524,0.0,1,0
4.0,0.0,2.0,61.1808097962,52.1613079896,31.5126592766,0.42235962829,0.360093806,255,168,138,0,52.1613079896,0.0,1,0
4.0,0.0,3.0,86.5141434107,77.1794792263,40.661826744,0.423351291452,0.377672723972,255,178,131,0,77.1794792263,0.0,1,0
4.0,0.0,5.0,109.524353687,105.56545984,64.9572683315,0.391092643996,0.376956114447,255,202,156,0,105.56545984,0.0,0,0
4.0,0.0,8.0,107.68736839,108.877766166,88.9229299539,0.352509249626,0.356405957596,255,225,198,0,108.877766166,0.0,0,0
4.0,0.0,12.0,91.3015065674,93.8320950592,95.6411298032,0.325177077376,0.334189955703,255,241,236,0,93.8320950592,0.0,0,0
4.0,0.0,20.0,62.9486314466,64.9067223645,79.7753539259,0.303175922929,0.312606565146,239,238,255,0,64.9067223645,0.0,0,0
4.0,0.0,30.0,42.2226950772,43.3735703309,58.631298524,0.292750525115,0.300730104207,223,228,255,0,43.3735703309,0.0,0,0
4.0,0.0,45.0,25.8109552089,26.3944065225,38.0719110432,0.285907564724,0.292370446197,213,220,255,0,26.3944065225,0.0,0,0
4.0,0.0,60.0,17.5524004889,17.8672844555,26.6318870226,0.282867942462,0.287942495075,208,217,255,0,17.8672844555,0.0,0,0
4.0,0.0,90.0,11.9689593227,12.1193211976,18.3368372889,0.282119648472,0.285663819535,207,215,255,0,12.1193211976,0.0,0,0
4.0,90.0,0.0,8.70401263499,8.78613679315,13.6708182607,0.279324208474,0.281959690112,203,212,255,0,8.78613679315,0.0,1,0
4.0,90.0,0.5,9.1920957253,9.22864166548,14.1592034791,0.282139730149,0.283261461472,208,212,255,0,9.22864166548,0.0,1,0
4.0,90.0,1.0,10.0899444296,9.98965807119,14.9640767723,0.287924802387,0.285063049269,216,213,255,0,9.98965807119,0.0,1,0
4.0,90.0,2.0,12.6950396402,12.0628878152,16.0759026945,0.310895147322,0.295414066495,250,221,255,0,12.0628878152,0.0,1,0
4.0,90.0,3.0,16.2129175815,15.1149605701,17.4632577759,0.332292275498,0.309789068912,255,211,230,0,15.1149605701,0.0,1,0
4.0,90.0,5.0,22.5379514524,21.3358935206,21.2705913485,0.345968938025,0.327516741649,255,210,211,0,21.3358935206,0.0,0,0
4.0,90.0,8.0,27.1507003841,26.5800820093,27.028375252,0.336193456887,0.329127776765,255,222,222,0,26.5800820093,0.0,0,0
4.0,90.0,12.0,27.7886365914,27.7945375768,31.171475265,0.32031293738,0.320380956622,255,235,244,0,27.7945375768,0.0,0,0
4.0,90.0,20.0,24.5296595644,24.8275862701,32.0050108591,0.30148696166,0.30514869276,236,231,255,0,24.8275862701,0.0,0,0
4.0,90.0,30.0,20.1442181504,20.4291629426,28.5240932637,0.291533349633,0.295657158714,221,223,255,0,20.4291629426,0.0,0,0
4.0,90.0,45.0,15.9747533626,16.196356871,23.8097974291,0.285360742253,0.289319297367,212,218,255,0,16.196356871,0.0,0,0
4.0,90.0,60.0,13.5391894006,13.7157078418,20.5548167308,0.283189090154,0.286881194259,209,216,255,0,13.7157078418,0.0,0,0
4.0,90.0,90.0,11.9689593227,12.1193211976,18.3368372888,0.282119648473,0.285663819535,207,215,255,0,12.1193211976,0.0,0,0
4.0,180.0,0.0,5.66919491402,5.71092207387,10.0235745529,0.264869959615,0.2668194906,183,200,255,0,5.71092207387,0.0,1,0
4.0,180.0,0.5,6.01819965847,6.06721170792,10.7666528395,0.263354750111,0.265499503819,180,199,255,0,6.06721170792,0.0,1,0
4.0,180.0,1.0,6.17819490859,6.23255407496,11.0880519311,0.262915326234,0.265228600285,180,199,255,0,6.23255407496,0.0,1,0
4.0,180.0,2.0,6.46078188081,6.5293320873,11.6717472126,0.261974626873,0.264754230812,178,199,255,0,6.5293320873,0.0,1,0
4.0,180.0,3.0,6.69243731444,6.78201886989,12.2236599892,0.260425210519,0.263911129676,176,198,255,0,6.78201886989,0.0,1,0
4.0,180.0,5.0,7.08316928829,7.16382315705,13.163477144,0.258411088698,0.261353536236,173,196,255,0,7.16382315705,0.0,0,0
4.0,180.0,8.0,10.6832808435,10.060413567,14.4551728344,0.303512063874,0.285816401334,239,212,255,0,10.060413567,0.0,0,0
4.0,180.0,12.0,17.0967426353,16.2042254342,17.7168594223,0.335113106063,0.317618884042,255,214,225,0,16.2042254342,0.0,0,0
4.0,180.0,20.0,22.7183111568,22.3923241149,24.7405601095,0.325238688225,0.320571809727,255,229,237,0,22.3923241149,0.0,0,0
4.0,180.0,30.0,22.2367512335,22.2877871921,27.1360760283,0.310306454989,0.311018644787,250,237,255,0,22.2877871921,0.0,0,0
4.0,180.0,45.0,18.2401246633,18.4430001067,24.7506872489,0.296906932256,0.300209274024,229,227,255,0,18.4430001067,0.0,0,0
4.0,180.0,60.0,14.668321258,14.8684726533,21.198540908,0.2891145059,0.293059515745,218,221,255,0,14.8684726533,0.0,0,0
4.0,180.0,90.0,11.9689593226,12.1193211975,18.3368372888,0.282119648472,0.285663819534,207,215,255,0,12.1193211975,0.0,0,0
4.5,0.0,0.0,12.290370641,12.2968808245,16.1976507815,0.301346085534,0.301505707921,236,228,255,0,12.2968808245,0.0,1,0
4.5,0.0,0.5,14.7357805502,13.8267936495,16.1819237845,0.329331676833,0.309016622655,255,214,234,0,13.8267936495,0.0,1,0
4.5,0.0,1.0,21.0230526271,18.261104265,17.0033517291,0.373494104502,0.324425520196,255,181,186,0,18.261104265,0.0,1,0
4.5,0.0,2.0,40.2347550235,34.1324524534,20.2203828102,0.425370335594,0.360855502818,255,166,136,0,34.1324524534,0.0,1,0
4.5,0.0,3.0,57.2024467209,51.0175650403,26.6295005577,0.424194687376,0.378329622132,255,177,130,0,51.0175650403,0.0,1,0
4.5,0.0,5.0,72.6449282087,70.034661306,43.5523943337,0.390077615604,0.376061403948,255,202,157,0,70.034661306,0.0,0,0
4.5,0.0,8.0,70.085086084,70.902186248,59.3243116257,0.349880344907,0.353959490745,255,226,202,0,70.902186248,0.0,0,0
4.5,0.0,12.0,58.3933596298,59.8605633719,62.5027856403,0.323049473895,0.331166482404,255,241,239,0,59.8605633719,0.0,0,0
4.5,0.0,20.0,38.9616972268,40.0159134516,50.4264753542,0.301085525359,0.309232225028,236,235,255,0,40.0159134516,0.0,0,0
4.5,0.0,30.0,25.3622677374,25.9634720554,36.0542670124,0.290252526461,0.297132868315,219,224,255,0,25.9634720554,0.0,0,0
4.5,0.0,45.0,15.2048366419,15.4592728935,22.8405590619,0.284177755708,0.288933158523,210,217,255,0,15.4592728935,0.0,0,0
4.5,0.0,60.0,10.0939622529,10.2320612773,15.6943481832,0.280229263962,0.284063178434,205,213,255,0,10.2320612773,0.0,0,0
4.5,0.0,90.0,6.73927917369,6.78813427405,10.5669407357,0.279703665115,0.281731322714,204,211,255,0,6.78813427405,0.0,0,0
4.5,90.0,0.0,5.02686493227,5.0742561056,8.14983803458,0.275430179439,0.278026819602,198,209,255,0,5.0742561056,0.0,1,0
4.5,90.0,0.5,5.30595180536,5.32998986296,8.44464186632,0.278081212544,0.279341030283,202,209,255,0,5.32998986296,0.0,1,0
4.5,90.0,1.0,5.80446288703,5.76036322902,8.93341732349,0.283168794641,0.281017407468,209,210,255,0,5.76036322902,0.0,1,0
4.5,90.0,2.0,7.16332547475,6.852746054,9.59730828182,0.303358753902,0.290206065755,239,216,255,0,6.852746054,0.0,1,0
4.5,90.0,3.0,8.98719526731,8.4359773477,10.4023911021,0.322983403272,0.303173636785,255,216,242,0,8.4359773477,0.0,1,0
4.5,90.0,5.0,12.3541395279,11.7225866855,12.550705761,0.337291992967,0.320049374297,255,214,222,0,11.7225866855,0.0,0,0
4.5,90.0,8.0,14.9514476311,14.6161236036,15.7756744664,0.329739245612,0.322344009072,255,225,231,0,14.6161236036,0.0,0,0
4.5,90.0,12.0,15.4237922414,15.3776538921,18.098640607,0.315414414769,0.314470891917,255,237,252,0,15.3776538921,0.0,0,0
4.5,90.0,20.0,13.7308388187,13.8379451321,18.543102212,0.297772222335,0.300094970811,231,227,255,0,13.8379451321,0.0,0,0
4.5,90.0,30.0,11.3108555732,11.4160598702,16.4925597475,0.288398952769,0.291081403172,217,219,255,0,11.4160598702,0.0,0,0
4.5,90.0,45.0,8.99471416542,9.07366664211,13.7634574029,0.282569737442,0.285050036449,208,214,255,0,9.07366664211,0.0,0,0
4.5,90.0,60.0,7.62103898482,7.68051365223,11.8556442378,0.280626863661,0.282816878621,205,212,255,0,7.68051365223,0.0,0,0
4.5,90.0,90.0,6.73927917372,6.78813427408,10.5669407358,0.279703665114,0.281731322714,204,211,255,0,6.78813427408,0.0,0,0
4.5,180.0,0.0,3.12583811972,3.15035010225,5.81480910077,0.258526078229,0.260553370261,173,196,255,0,3.15035010225,0.0,1,0
4.5,180.0,0.5,3.32364702573,3.35098328518,6.25234607317,0.257109391012,0.259224058714,171,195,255,0,3.35098328518,0.0,1,0
4.5,180.0,1.0,3.41807820664,3.4473301145,6.44035617495,0.256887021234,0.259085459953,171,195,255,0,3.4473301145,0.0,1,0
4.5,180.0,2.0,3.59510563906,3.62959904988,6.78487129826,0.256617733638,0.259079864601,171,195,255,0,3.62959904988,0.0,1,0
4.5,180.0,3.0,3.7511793779,3.79590471387,7.11727200824,0.255802529093,0.258852464301,169,195,255,0,3.79590471387,0.0,1,0
4.5,180.0,5.0,3.96483040591,4.03218841815,7.73680913881,0.251994010311,0.256275105312,163,193,255,0,4.03218841815,0.0,0,0
4.5,180.0,8.0,4.77160243194,4.66457475656,8.32958137037,0.268584221503,0.262559841793,189,196,255,0,4.66457475656,0.0,0,0
4.5,180.0,12.0,7.38634888428,7.03762938871,9.4442616444,0.309463492484,0.294853303514,248,220,255,0,7.03762938871,0.0,0,0
4.5,180.0,20.0,10.8056622898,10.5896707742,12.7627203499,0.316343035093,0.310019738123,255,231,251,0,10.5896707742,0.0,0,0
4.5,180.0,30.0,11.2430624833,11.2152313974,14.3859370063,0.305151232978,0.304395861371,242,230,255,0,11.2152313974,0.0,0,0
4.5,180.0,45.0,9.74116306535,9.78453842449,13.5733309622,0.294303559461,0.295614031579,226,223,255,0,9.78453842449,0.0,0,0
4.5,180.0,60.0,8.02843632852,8.08995433828,11.8818369339,0.286727538183,0.288924592102,214,217,255,0,8.08995433828,0.0,0,0
4.5,180.0,90.0,6.7392791737,6.78813427406,10.5669407358,0.279703665115,0.281731322714,204,211,255,0,6.78813427406,0.0,0,0
5.0,0.0,0.0,7.55842822308,7.55473014745,10.0547598795,0.300319960833,0.300173024737,235,226,255,0,7.55473014745,0.0,1,0
5.0,0.0,0.5,9.16865700957,8.55789781409,10.0397830428,0.330207644006,0.308211254046,255,212,233,0,8.55789781409,0.0,1,0
5.0,0.0,1.0,13.4250935286,11.5425629802,10.5730878944,0.37773810746,0.324769871144,255,178,182,0,11.5425629802,0.0,1,0
5.0,0.0,2.0,26.5277167431,22.3511665986,12.7701459258,0.430302261987,0.362555045297,255,164,132,0,22.3511665986,0.0,1,0
5.0,0.0,3.0,38.1196348897,33.8652440094,17.2447114708,0.427208448808,0.379529300415,255,176,127,0,33.8652440094,0.0,1,0
5.0,0.0,5.0,47.9774380329,46.2004740614,28.8868825449,0.389855101726,0.375415846562,255,202,157,0,46.2004740614,0.0,0,0
5.0,0.0,8.0,45.0760535445,45.5931493652,38.9885114999,0.347654235228,0.351642396079,255,227,205,0,45.5931493652,0.0,0,0
5.0,0.0,12.0,36.2527776931,37.2175018091,40.0753594849,0.319279348961,0.327775704475,255,244,245,0,37.2175018091,0.0,0,0
5.0,0.0,20.0,23.3101712723,23.9365980631,31.169281133,0.297262755942,0.30525125813,230,232,255,0,23.9365980631,0.0,0,0
5.0,0.0,30.0,14.7225109702,15.051497329,21.6061364806,0.286540861909,0.292943848125,214,221,255,0,15.051497329,0.0,0,0
5.0,0.0,45.0,8.59334859137,8.71595906661,13.3285187099,0.280481666296,0.284483597561,205,214,255,0,8.71595906661,0.0,0,0
5.0,0.0,60.0,5.59946589827,5.65780236108,8.99070935518,0.276544453222,0.279425553939,199,210,255,0,5.65780236108,0.0,0,0
5.0,0.0,90.0,3.64337777279,3.65444797407,5.91267486608,0.27579407318,0.276632058174,198,207,255,0,3.65444797407,0.0,0,0
5.0,90.0,0.0,2.85544392169,2.8845244467,4.76244187389,0.271884629891,0.274653568101,193,206,255,0,2.8845244467,0.0,1,0
5.0,90.0,0.5,3.01533967691,3.03327938931,4.94058786467,0.274391018012,0.276023502732,196,207,255,0,3.03327938931,0.0,1,0
5.0,90.0,1.0,3.28843740598,3.27497441181,5.23434285181,0.278734174262,0.277593025412,203,208,255,0,3.27497441181,0.0,1,0
5.0,90.0,2.0,3.97294673448,3.8383418638,5.6277657324,0.295626956832,0.285611008733,228,213,255,0,3.8383418638,0.0,1,0
5.0,90.0,3.0,4.87047002308,4.62873647963,6.09030491229,0.312419670728,0.296913505267,252,222,255,0,4.62873647963,0.0,1,0
5.0,90.0,5.0,6.55127223275,6.27709914923,7.27992368601,0.325799487753,0.312164662792,255,221,238,0,6.27709914923,0.0,0,0
5.0,90.0,8.0,7.90780367926,7.77280049784,9.03167418494,0.319994925737,0.314531925546,255,230,245,0,7.77280049784,0.0,0,0
5.0,90.0,12.0,8.26422310737,8.237854426,10.2801296226,0.308571398139,0.307586838456,247,233,255,0,8.237854426,0.0,0,0
5.0,90.0,20.0,7.40624715986,7.44776315974,10.4816976497,0.292324460356,0.293963096226,223,221,255,0,7.44776315974,0.0,0,0
5.0,90.0,30.0,6.11280425229,6.15030578683,9.28789710127,0.283643553755,0.285383682849,210,214,255,0,6.15030578683,0.0,0,0
5.0,90.0,45.0,4.87074248222,4.89530791407,7.73945251135,0.27824064855,0.279643946243,202,210,255,0,4.89530791407,0.0,0,0
5.0,90.0,60.0,4.12176108996,4.13729620138,6.64553318728,0.276543062077,0.277585365885,200,208,255,0,4.13729620138,0.0,0,0
5.0,90.0,90.0,3.64337777279,3.65444797407,5.91267486608,0.27579407318,0.276632058174,198,207,255,0,3.65444797407,0.0,0,0
5.0,180.0,0.0,1.72264003147,1.73771585204,3.33911377382,0.253349175493,0.255566380853,166,192,255,0,1.73771585204,0.0,1,0
5.0,180.0,0.5,1.83481661763,1.85077216071,3.59298302239,0.252084703959,0.254276829491,164,191,255,0,1.85077216071,0.0,1,0
5.0,180.0,1.0,1.89153159165,1.90789541455,3.70279739462,0.252129433964,0.254310630103,164,191,255,0,1.90789541455,0.0,1,0
5.0,180.0,2.0,2.00387661313,2.02159790704,3.90640351067,0.252635832943,0.254870019329,165,192,255,0,2.02159790704,0.0,1,0
5.0,180.0,3.0,2.10894375397,2.13167788602,4.10699387834,0.252640259884,0.255363688151,165,192,255,0,2.13167788602,0.0,1,0
5.0,180.0,5.0,2.26831143949,2.30557978238,4.50747099579,0.249776562715,0.253880390091,160,191,255,0,2.30557978238,0.0,0,0
5.0,180.0,8.0,2.41472688511,2.43353963568,4.85319088919,0.248903518622,0.250842686087,159,189,255,0,2.43353963568,0.0,0,0
5.0,180.0,12.0,3.24752023908,3.14559299777,5.19956275156,0.280135513347,0.271343130862,206,202,255,0,3.14559299777,0.0,0,0
5.0,180.0,20.0,4.93693282028,4.82254279679,6.53565834744,0.302969759625,0.295949871127,239,222,255,0,4.82254279679,0.0,0,0
5.0,180.0,30.0,5.42434165348,5.39243338244,7.43797639672,0.297146837277,0.295398893945,230,222,255,0,5.39243338244,0.0,0,0
5.0,180.0,45.0,4.91915129567,4.92826926737,7.2166003525,0.2882762111,0.28881055009,217,217,255,0,4.92826926737,0.0,0,0
5.0,180.0,60.0,4.2043611902,4.21454905536,6.45270476276,0.282710464724,0.283395519115,209,212,255,0,4.21454905536,0.0,0,0
5.0,180.0,90.0,3.64337777279,3.65444797407,5.91267486608,0.27579407318,0.276632058174,198,207,255,0,3.65444797407,0.0,0,0
5.5,0.0,0.0,4.59978168128,4.59295643535,6.14321915131,0.299934435191,0.299489386616,234,226,255,0,4.59295643535,0.0,1,0
5.5,0.0,0.5,5.68787914807,5.26553207578,6.13392791188,0.332870969721,0.308154010051,255,209,229,0,5.26553207578,0.0,1,0
5.5,0.0,1.0,8.57963430799,7.28226460764,6.47781644436,0.384052982311,0.325978397231,255,173,176,0,7.28226460764,0.0,1,0
5.5,0.0,2.0,17.5094859104,14.6384760226,7.97429760039,0.436403286206,0.364846750728,255,161,127,0,14.6384760226,0.0,1,0
5.5,0.0,3.0,25.3494962683,22.4141203497,11.0768480762,0.430817404316,0.380930376165,255,174,124,0,22.4141203497,0.0,1,0
5.5,0.0,5.0,31.2507403511,30.1121874352,18.9792834635,0.388970378895,0.374799087139,255,202,158,0,30.1121874352,0.0,0,0
5.5,0.0,8.0,28.5793873434,28.9325088947,25.2981479486,0.345119817579,0.349384053334,255,228,208,0,28.9325088947,0.0,0,0
5.5,0.0,12.0,22.2636989913,22.8618030334,25.2806032822,0.316218300874,0.324713360208,255,245,250,0,22.8618030334,0.0,0,0
5.5,0.0,20.0,13.6565339259,14.0382248446,18.9003126343,0.293089666228,0.301281324856,223,228,255,0,14.0382248446,0.0,0,0
5.5,0.0,30.0,8.35631667051,8.5387994048,12.6930204289,0.28242118828,0.288588617386,208,217,255,0,8.5387994048,0.0,0,0
5.5,0.0,45.0,4.70738696909,4.77650744558,7.61725946655,0.275267213066,0.279309073455,197,210,255,0,4.77650744558,0.0,0,0
5.5,0.0,60.0,3.0247630789,3.04856732351,5.04633685427,0.272019207867,0.274159941403,193,206,255,0,3.04856732351,0.0,0,0
5.5,0.0,90.0,1.90432330662,1.90710999477,3.24250624072,0.269965924042,0.270360978201,190,202,255,0,1.90710999477,0.0,0,0
5.5,90.0,0.0,1.61548418992,1.63398484247,2.75713253091,0.268951448318,0.272031501548,188,204,255,0,1.63398484247,0.0,1,0
5.5,90.0,0.5,1.70553100531,1.7185223442,2.86080297554,0.271371518631,0.27343860469,192,205,255,0,1.7185223442,0.0,1,0
5.5,90.0,1.0,1.85562636232,1.85421493682,3.0335740149,0.27517604595,0.274966741698,198,206,255,0,1.85421493682,0.0,1,0
5.5,90.0,2.0,2.20266689273,2.1477536756,3.2641416521,0.28927032559,0.282058720307,218,210,255,0,2.1477536756,0.0,1,0
5.5,90.0,3.0,2.64094860608,2.54165620854,3.52888395866,0.303156977505,0.291759109687,239,218,255,0,2.54165620854,0.0,1,0
5.5,90.0,5.0,3.45823176428,3.35130797083,4.18250500308,0.31461223518,0.304884855425,255,229,254,0,3.35130797083,0.0,0,0
5.5,90.0,8.0,4.16311549107,4.10997428064,5.11601191007,0.310933144733,0.306964154752,251,232,255,0,4.10997428064,0.0,0,0
5.5,90.0,12.0,4.31629009713,4.32060139275,5.76363935708,0.299731318449,0.300030702942,234,226,255,0,4.32060139275,0.0,0,0
5.5,90.0,20.0,3.88218355836,3.90942705269,5.83317186736,0.284935452328,0.28693500677,212,215,255,0,3.90942705269,0.0,0,0
5.5,90.0,30.0,3.2041196684,3.22379822194,5.13950975765,0.276995004067,0.278696208011,200,209,255,0,3.22379822194,0.0,0,0
5.5,90.0,45.0,2.54554860691,2.55603710202,4.25214785381,0.272142518261,0.27326383469,193,205,255,0,2.55603710202,0.0,0,0
5.5,90.0,60.0,2.15725023807,2.1625320487,3.65379376289,0.270549904414,0.271212318693,191,203,255,0,2.1625320487,0.0,0,0
5.5,90.0,90.0,1.90432330662,1.90710999477,3.24250624072,0.269965924042,0.270360978201,190,202,255,0,1.90710999477,0.0,0,0
5.5,180.0,0.0,0.957727083066,0.967395501912,1.9130757051,0.249525170584,0.252044169894,160,190,255,0,0.967395501912,0.0,1,0
5.5,180.0,0.5,1.02168438396,1.03151031705,2.05905723311,0.248448879186,0.250838307956,159,189,255,0,1.03151031705,0.0,1,0
5.5,180.0,1.0,1.05623589503,1.06590593331,2.12323393071,0.248796797969,0.25107457945,159,189,255,0,1.06590593331,0.0,1,0
5.5,180.0,2.0,1.1281460951,1.13771189695,2.24409373,0.25014593606,0.252266979131,161,190,255,0,1.13771189695,0.0,1,0
5.5,180.0,3.0,1.19847865176,1.21062044353,2.36576307296,0.250997538679,0.253540395696,162,191,255,0,1.21062044353,0.0,1,0
5.5,180.0,5.0,1.30356302164,1.32524737629,2.5997474451,0.249315979812,0.253463271533,160,191,255,0,1.32524737629,0.0,0,0
5.5,180.0,8.0,1.36504462472,1.3915691095,2.8471235974,0.243595397845,0.248328754035,151,188,255,0,1.3915691095,0.0,0,0
5.5,180.0,12.0,1.5491388682,1.53782290302,2.97593344518,0.25551140386,0.253644974576,170,190,255,0,1.53782290302,0.0,0,0
5.5,180.0,20.0,2.2165733159,2.17725478219,3.3994397114,0.284421550765,0.279376358597,211,209,255,0,2.17725478219,0.0,0,0
5.5,180.0,30.0,2.5359087211,2.52094488899,3.81179147595,0.285940940978,0.284253667221,213,213,255,0,2.52094488899,0.0,0,0
5.5,180.0,45.0,2.41355143436,2.41146411885,3.76297781198,0.281037878317,0.280794827884,206,210,255,0,2.41146411885,0.0,0,0
5.5,180.0,60.0,2.11956860244,2.12038543597,3.43393798375,0.276205163731,0.27631160692,199,207,255,0,2.12038543597,0.0,0,0
5.5,180.0,90.0,1.90432330662,1.90710999477,3.2425062407,0.269965924042,0.270360978201,190,202,255,0,1.90710999477,0.0,0,0
6.0,0.0,0.0,2.78420091818,2.7762075753,3.71396390204,0.300203701065,0.2993418268,234,226,255,0,2.7762075753,0.0,1,0
6.0,0.0,0.5,3.52472600031,3.22984867641,3.70944687811,0.336842387207,0.308662272864,255,204,225,0,3.22984867641,0.0,1,0
6.0,0.0,1.0,5.50562867204,4.6011568443,3.92995459198,0.392229864595,0.327793833097,255,168,170,0,4.6011568443,0.0,1,0
6.0,0.0,2.0,11.5236790767,9.56152944349,4.94528355058,0.442699240774,0.367320349439,255,159,122,0,9.56152944349,0.0,1,0
6.0,0.0,3.0,16.6514411349,14.6930871738,7.07991633793,0.433355414451,0.382389057511,255,174,122,0,14.6930871738,0.0,1,0
6.0,0.0,5.0,20.1362161551,19.4369187913,12.3688913827,0.387667127722,0.37420409185,255,203,160,0,19.4369187913,0.0,0,0
6.0,0.0,8.0,17.9448965284,18.2112201279,16.4464190944,0.341141282874,0.3462042251,255,230,213,0,18.2112201279,0.0,0,0
6.0,0.0,12.0,13.4100238902,13.8193177973,15.7429293058,0.312062257364,0.321586862362,253,247,255,0,13.8193177973,0.0,0,0
6.0,0.0,20.0,7.89210962121,8.12346610103,11.3035508121,0.28888586944,0.297354532577,217,225,255,0,8.12346610103,0.0,0,0
6.0,0.0,30.0,4.64656038999,4.75741106194,7.35165211468,0.277313486515,0.283929215945,200,214,255,0,4.75741106194,0.0,0,0
6.0,0.0,45.0,2.54279628167,2.58114433522,4.29564777895,0.269947706292,0.274018802813,190,206,255,0,2.58114433522,0.0,0,0
6.0,0.0,60.0,1.58914854958,1.60361146664,2.78973808502,0.265632938396,0.26805047649,184,201,255,0,1.60361146664,0.0,0,0
6.0,0.0,90.0,0.973441892378,0.974896537912,1.75259156634,0.263026291571,0.26341934022,180,197,255,0,0.974896537912,0.0,0,0
6.0,90.0,0.0,0.914548342682,0.926235748713,1.58795936972,0.266729883135,0.27013853886,185,203,255,0,0.926235748713,0.0,1,0
6.0,90.0,0.5,0.966181501176,0.975064590361,1.64880308599,0.269127650736,0.271602014943,189,204,255,0,0.975064590361,0.0,1,0
6.0,90.0,1.0,1.05011133866,1.05223455331,1.75024336277,0.272572877414,0.273123991097,194,205,255,0,1.05223455331,0.0,1,0
6.0,90.0,2.0,1.23038357138,1.20884319276,1.88521306099,0.284518601515,0.279537522002,212,209,255,0,1.20884319276,0.0,1,0
6.0,90.0,3.0,1.44726048626,1.40824219166,2.03689965655,0.295817961672,0.287842678378,228,215,255,0,1.40824219166,0.0,1,0
6.0,90.0,5.0,1.8417779569,1.80422208437,2.39561082751,0.304848822095,0.298632620265,241,225,255,0,1.80422208437,0.0,0,0
6.0,90.0,8.0,2.16476810047,2.1582414018,2.8862461395,0.300276229342,0.299370907212,235,226,255,0,2.1582414018,0.0,0,0
6.0,90.0,12.0,2.23175824191,2.24866924279,3.2114525699,0.290144701435,0.292343253772,219,220,255,0,2.24866924279,0.0,0,0
6.0,90.0,20.0,2.00501507498,2.0260437377,3.21688132338,0.276632400012,0.279533729538,199,210,255,0,2.0260437377,0.0,0,0
6.0,90.0,30.0,1.64689186456,1.65984563563,2.80843127926,0.269312577291,0.271430878769,189,204,255,0,1.65984563563,0.0,0,0
6.0,90.0,45.0,1.2960189972,1.30197099337,2.29052627759,0.265115001384,0.266332547945,183,200,255,0,1.30197099337,0.0,0,0
6.0,90.0,60.0,1.10561300151,1.10867196859,1.98207005373,0.263469843527,0.264198801649,181,198,255,0,1.10867196859,0.0,0,0
6.0,90.0,90.0,0.973441892378,0.974896537912,1.75259156634,0.263026291571,0.26341934022,180,197,255,0,0.974896537912,0.0,0,0
6.0,180.0,0.0,0.540128490404,0.546479251555,1.10101747841,0.246901747783,0.2498047867,156,188,255,0,0.546479251555,0.0,1,0
6.0,180.0,0.5,0.577066829795,0.583351487687,1.18504261074,0.246035575716,0.248715073727,155,188,255,0,0.583351487687,0.0,1,0
6.0,180.0,1.0,0.598478685661,0.604436566887,1.22291851492,0.246710509882,0.249166523689,156,188,255,0,0.604436566887,0.0,1,0
6.0,180.0,2.0,0.644955667737,0.650366551254,1.29528516485,0.248959248615,0.251047903017,160,189,255,0,0.650366551254,0.0,1,0
6.0,180.0,3.0,0.691903434514,0.698786191913,1.36979113366,0.250645990552,0.253139308926,162,191,255,0,0.698786191913,0.0,1,0
6.0,180.0,5.0,0.764923354772,0.778408560418,1.51794013373,0.249871080566,0.254276179307,160,192,255,0,0.778408560418,0.0,0,0
6.0,180.0,8.0,0.809777233232,0.829011249444,1.68419075465,0.243690127262,0.24947831155,151,189,255,0,0.829011249444,0.0,0,0
6.0,180.0,12.0,0.835378251945,0.844055790485,1.75873406017,0.242971904519,0.245495788832,151,186,255,0,0.844055790485,0.0,0,0
6.0,180.0,20.0,1.04510352232,1.03408180691,1.85178944458,0.265863706194,0.263059893898,185,197,255,0,1.03408180691,0.0,0,0
6.0,180.0,30.0,1.19230577881,1.18544235353,1.97520542049,0.273907305544,0.272330577191,196,204,255,0,1.18544235353,0.0,0,0
6.0,180.0,45.0,1.16179228308,1.1607265596,1.9490264135,0.271984074475,0.27173458081,193,203,255,0,1.1607265596,0.0,0,0
6.0,180.0,60.0,1.04522166309,1.04550585863,1.80445690883,0.268336886668,0.268409847408,188,201,255,0,1.04550585863,0.0,0,0
6.0,180.0,90.0,0.973441892378,0.974896537912,1.75259156634,0.263026291571,0.26341934022,180,197,255,0,0.974896537912,0.0,0,0
