solar_depression_deg,relative_azimuth_deg,elevation_deg,X,Y_cd_m2,Z,CIE_x,CIE_y,preview_sRGB_R8,preview_sRGB_G8,preview_sRGB_B8,gamut_clipped,solar_Y_cd_m2,background_Y_cd_m2,near_horizon,night_background_important
-5.0,0.0,0.0,13441.683172,13042.0671764,5593.64091851,0.41903916251,0.406581291723,255,198,122,0,13042.0671764,0.0,1,0
-5.0,0.0,0.25,13879.5821326,13450.2276823,5664.46937217,0.420666323817,0.407653326991,255,197,120,0,13450.2276823,0.0,1,0
-5.0,0.0,0.5,14345.4011885,13911.1605227,5802.72754182,0.421189094169,0.408439542568,255,197,119,0,13911.1605227,0.0,1,0
-5.0,0.0,0.75,14806.5961498,14393.4516395,5989.92379422,0.420761810354,0.409021405583,255,198,119,0,14393.4516395,0.0,1,0
-5.0,0.0,1.0,15219.8777121,14851.0651926,6200.77842652,0.419607263001,0.409439217316,255,199,120,0,14851.0651926,0.0,1,0
-5.0,0.0,1.25,15565.0358706,15259.7025735,6423.72731935,0.417870523029,0.40967331837,255,200,121,0,15259.7025735,0.0,1,0
-5.0,0.0,1.5,15835.0599606,15607.1586065,6651.50466564,0.415686853812,0.409704205366,255,202,123,0,15607.1586065,0.0,1,0
-5.0,0.0,1.75,16030.8483979,15889.0458613,6878.64457308,0.413181755818,0.409526913629,255,204,125,0,15889.0458613,0.0,1,0
-5.0,0.0,2.0,16157.7733105,16106.0797253,7100.8631903,0.410463350419,0.409150154489,255,206,127,0,16106.0797253,0.0,1,0
-5.0,0.0,2.25,16223.3636607,16262.0718785,7314.85441156,0.407619232945,0.408591794145,255,208,130,0,16262.0718785,0.0,1,0
-5.0,0.0,2.5,16235.8312152,16362.4868872,7518.15822456,0.404717280821,0.40787447915,255,210,132,0,16362.4868872,0.0,1,0
-5.0,0.0,2.75,16203.2030022,16413.4628052,7709.03061374,0.40180838622,0.40702242644,255,212,135,0,16413.4628052,0.0,1,0
-5.0,0.0,3.0,16132.8676807,16421.1940966,7886.31119697,0.398929745059,0.406059412633,255,214,138,0,16421.1940966,0.0,1,0
-5.0,0.0,3.25,16031.3508814,16391.542356,8049.28470717,0.396107936256,0.40500766671,255,216,141,0,16391.542356,0.0,1,0
-5.0,0.0,3.5,15904.2563329,16329.8306965,8197.54547032,0.393361715806,0.403887493204,255,217,144,0,16329.8306965,0.0,1,0
-5.0,0.0,3.75,15756.2120104,16240.6691384,8330.83101525,0.390704336172,0.402717344151,255,219,147,0,16240.6691384,0.0,1,0
-5.0,0.0,4.0,15590.8201673,16127.8107394,8448.86155056,0.388145219269,0.401514004305,255,221,149,0,16127.8107394,0.0,1,0
-5.0,0.0,4.25,15411.274035,15994.7990678,8552.28362221,0.38568337885,0.400286707932,255,222,152,0,15994.7990678,0.0,1,0
-5.0,0.0,4.5,15229.2530362,15854.5831715,8655.58590471,0.383227843453,0.398963606633,255,224,155,0,15854.5831715,0.0,1,0
-5.0,0.0,4.75,15029.3559493,15690.056204,8728.92080886,0.380988366827,0.397736863026,255,225,157,0,15690.056204,0.0,1,0
-5.0,0.0,5.0,14823.885823,15515.2079617,8790.46260163,0.378841141889,0.39650865981,255,226,160,0,15515.2079617,0.0,0,0
-5.0,0.0,6.0,13977.3594991,14751.7800654,8931.93440831,0.371135446355,0.391698337547,255,231,169,0,14751.7800654,0.0,0,0
-5.0,0.0,7.0,13136.0770885,13947.1406804,8937.00193763,0.364686201126,0.387203098539,255,235,177,0,13947.1406804,0.0,0,0
-5.0,0.0,8.0,12330.4887175,13148.4392605,8842.05753785,0.35926965768,0.3831020311,255,238,184,0,13148.4392605,0.0,0,0
-5.0,0.0,9.0,11572.2533279,12378.4724583,8675.91386125,0.354687257191,0.379397712791,255,240,190,0,12378.4724583,0.0,0,0
-5.0,0.0,10.0,10864.3010028,11647.4007468,8460.48397456,0.350776051118,0.376060018835,255,243,195,0,11647.4007468,0.0,0,0
-5.0,0.0,11.0,10205.572229,10958.8259831,8212.13192679,0.347405639154,0.373046984489,255,244,200,0,10958.8259831,0.0,0,0
-5.0,0.0,12.0,9593.30408322,10312.9935843,7942.97828758,0.344472297903,0.370314603545,255,246,204,0,10312.9935843,0.0,0,0
-5.0,0.0,13.0,9024.13628787,9708.4914771,7661.96673463,0.341893348201,0.367821202074,255,247,208,0,9708.4914771,0.0,0,0
-5.0,0.0,14.0,8494.62362031,9143.13846481,7375.64901543,0.339602766938,0.365529452503,255,248,211,0,9143.13846481,0.0,0,0
-5.0,0.0,15.0,8001.35733661,8614.33195878,7088.61579947,0.337548698626,0.36340790942,255,249,214,0,8614.33195878,0.0,0,0
-5.0,0.0,16.0,7541.5099818,8119.79267572,6804.66135176,0.335686017243,0.361426408071,255,250,217,0,8119.79267572,0.0,0,0
-5.0,0.0,17.0,7112.39470037,7657.16696298,6526.44794332,0.333977812357,0.359558767319,255,251,220,0,7657.16696298,0.0,0,0
-5.0,0.0,18.0,6711.57728058,7224.22486943,6255.81304556,0.332394274335,0.3577834066,255,252,222,0,7224.22486943,0.0,0,0
-5.0,0.0,19.0,6336.86668946,6818.89049593,5994.0239938,0.330910657942,0.356081901517,255,252,225,0,6818.89049593,0.0,0,0
-5.0,0.0,20.0,5986.29521724,6439.25089497,5741.92525596,0.329506242004,0.354438477677,255,253,227,0,6439.25089497,0.0,0,0
-5.0,0.0,21.0,5658.09072337,6083.54725114,5500.0394463,0.328163587873,0.352839639825,255,253,229,0,6083.54725114,0.0,0,0
-5.0,0.0,22.0,5350.65030505,5750.1614357,5268.64284121,0.326867964859,0.351273856249,255,254,231,0,5750.1614357,0.0,0,0
-5.0,0.0,23.0,5062.5177151,5437.60234656,5047.82325199,0.325606905876,0.3497312948,255,254,233,0,5437.60234656,0.0,0,0
-5.0,0.0,24.0,4792.36354569,5144.49233,4837.52458887,0.324369848007,0.348203590827,255,255,235,0,5144.49233,0.0,0,0
-5.0,0.0,25.0,4538.9687335,4869.55512269,4637.58169754,0.323147844514,0.34668364865,255,255,237,0,4869.55512269,0.0,0,0
-5.0,0.0,26.0,4301.21082904,4611.60532135,4447.74775903,0.321933329925,0.345165470007,254,255,238,0,4611.60532135,0.0,0,0
-5.0,0.0,27.0,4078.05286269,4369.53962581,4267.71600029,0.32071993112,0.343644012228,254,255,240,0,4369.53962581,0.0,0,0
-5.0,0.0,28.0,3868.53482222,4142.33020754,4097.13719535,0.319502321712,0.342115084762,253,255,241,0,4142.33020754,0.0,0,0
-5.0,0.0,29.0,3671.76954901,3929.02250568,3935.63446041,0.318276161531,0.340575350655,253,255,243,0,3929.02250568,0.0,0,0
-5.0,0.0,30.0,3486.93973199,3728.73549787,3782.78841169,0.317038801567,0.33902330538,252,255,245,0,3728.73549787,0.0,0,0
-5.0,0.0,31.0,3307.00660178,3533.54055139,3631.19018119,0.315803051221,0.337435941961,252,255,246,0,3533.54055139,0.0,0,0
-5.0,0.0,32.0,3148.58137608,3362.34668065,3497.79327347,0.314583778707,0.335941682231,251,255,248,0,3362.34668065,0.0,0,0
-5.0,0.0,33.0,2996.26002544,3197.82698112,3364.11126959,0.313475399743,0.334563783752,251,255,249,0,3197.82698112,0.0,0,0
-5.0,0.0,34.0,2852.52380673,3042.66895786,3236.69300609,0.312369632994,0.333191745305,250,255,251,0,3042.66895786,0.0,0,0
-5.0,0.0,35.0,2717.34250442,2896.83865817,3116.24031978,0.311249864615,0.331809714345,250,255,252,0,2896.83865817,0.0,0,0
-5.0,0.0,36.0,2590.22313176,2759.79670759,3002.42188626,0.310115678367,0.330417954205,249,255,254,0,2759.79670759,0.0,0,0
-5.0,0.0,37.0,2470.659779,2630.9888476,2894.83709983,0.308968197221,0.329018138418,249,255,255,0,2630.9888476,0.0,0,0
-5.0,0.0,38.0,2358.16938376,2509.88522308,2793.09344653,0.307808877642,0.327612154941,247,254,255,0,2509.88522308,0.0,0,0
-5.0,0.0,39.0,2252.29673899,2395.986079,2696.81862053,0.306639296658,0.326201904637,245,252,255,0,2395.986079,0.0,0,0
-5.0,0.0,40.0,2152.54479082,2288.74926296,2605.50530045,0.305464180632,0.324792738931,243,251,255,0,2288.74926296,0.0,0,0
-5.0,0.0,41.0,2031.1918336,2156.83291649,2489.80493778,0.304169457525,0.322984115694,241,249,255,0,2156.83291649,0.0,0,0
-5.0,0.0,42.0,1942.12207183,2061.17505589,2407.19018907,0.302960130151,0.32153172669,239,247,255,0,2061.17505589,0.0,0,0
-5.0,0.0,43.0,1858.3945104,1971.32804677,2329.08753196,0.301745707938,0.320082616324,237,246,255,0,1971.32804677,0.0,0,0
-5.0,0.0,44.0,1779.64131266,1886.8864651,2255.18319627,0.300528229166,0.318638730154,235,245,255,0,1886.8864651,0.0,0,0
-5.0,0.0,45.0,1705.52714898,1807.48104212,2185.19615124,0.299309580091,0.317201864574,233,243,255,0,1807.48104212,0.0,0,0
-5.0,0.0,46.0,1635.74039245,1732.76883435,2118.86546062,0.29809161678,0.315773741188,231,242,255,0,1732.76883435,0.0,0,0
-5.0,0.0,47.0,1569.99059284,1662.43040942,2055.94769785,0.296876160092,0.314355995902,229,241,255,0,1662.43040942,0.0,0,0
-5.0,0.0,48.0,1508.00690142,1596.16810341,1996.21573038,0.295664975432,0.312950161326,227,239,255,0,1596.16810341,0.0,0,0
-5.0,0.0,49.0,1449.53669679,1533.70449428,1939.45765524,0.294459755114,0.311557652045,225,238,255,0,1533.70449428,0.0,0,0
-5.0,0.0,50.0,1394.34376923,1474.78042166,1885.47447488,0.293262137827,0.310179791258,223,237,255,0,1474.78042166,0.0,0,0
-5.0,0.0,51.0,1342.10896208,1419.04788171,1833.88577331,0.292077587504,0.308821484359,222,235,255,0,1419.04788171,0.0,0,0
-5.0,0.0,52.0,1292.82786502,1366.49831414,1784.91694314,0.290899446642,0.307476048573,220,234,255,0,1366.49831414,0.0,0,0
-5.0,0.0,53.0,1246.2079974,1316.81338688,1738.2079206,0.289732983076,0.306148148248,218,233,255,0,1316.81338688,0.0,0,0
-5.0,0.0,54.0,1202.0696419,1269.79659416,1693.60747384,0.288579337097,0.304838460783,216,232,255,0,1269.79659416,0.0,0,0
-5.0,0.0,55.0,1160.24460068,1225.2641952,1650.97386984,0.287439510277,0.303547493367,214,231,255,0,1225.2641952,0.0,0,0
-5.0,0.0,56.0,1120.5753126,1183.04422585,1610.17406194,0.286314360697,0.302275578798,213,230,255,0,1183.04422585,0.0,0,0
-5.0,0.0,57.0,1082.91393653,1142.97547763,1571.08281543,0.285204597519,0.301022869939,211,228,255,0,1142.97547763,0.0,0,0
-5.0,0.0,58.0,1047.12156655,1104.90661897,1533.58195552,0.284110778536,0.299789336552,209,227,255,0,1104.90661897,0.0,0,0
-5.0,0.0,59.0,999.82548059,1054.26619214,1478.15916979,0.283056194241,0.29846866464,208,226,255,0,1054.26619214,0.0,0,0
-5.0,0.0,60.0,968.364211221,1020.8427531,1444.9439945,0.281980676689,0.29726204973,206,225,255,0,1020.8427531,0.0,0,0
-5.0,0.0,61.0,938.567110694,989.197349681,1413.24400328,0.280923296335,0.296077474942,205,224,255,0,989.197349681,0.0,0,0
-5.0,0.0,62.0,910.33315444,959.220225087,1382.97572607,0.279884706603,0.294915185674,203,223,255,0,959.220225087,0.0,0,0
-5.0,0.0,63.0,883.567469742,930.808331551,1354.06018167,0.278865495308,0.293775331601,201,222,255,0,930.808331551,0.0,0,0
-5.0,0.0,64.0,858.180997626,903.864942251,1326.42263178,0.277866190869,0.29265796989,200,221,255,0,903.864942251,0.0,0,0
-5.0,0.0,65.0,834.091603977,878.300872291,1299.99443525,0.276887275266,0.291563101981,198,221,255,0,878.300872291,0.0,0,0
-5.0,0.0,66.0,811.235864873,854.047617529,1274.73109627,0.275929198024,0.290490946448,197,220,255,0,854.047617529,0.0,0,0
-5.0,0.0,67.0,789.948931374,831.48134918,1251.19264005,0.274992212068,0.289450224468,196,219,255,0,831.48134918,0.0,0,0
-5.0,0.0,68.0,773.393512938,814.143890265,1234.21106289,0.274083080839,0.288524615163,194,218,255,0,814.143890265,0.0,0,0
-5.0,0.0,69.0,750.80581075,790.087590367,1208.2858084,0.273101807314,0.287390355503,193,217,255,0,790.087590367,0.0,0,0
-5.0,0.0,70.0,733.197753791,771.49693424,1188.98666675,0.27219171729,0.286409872819,191,216,255,0,771.49693424,0.0,0,0
-5.0,0.0,71.0,716.588961587,753.968070776,1170.70258642,0.271305765056,0.285457766217,190,216,255,0,753.968070776,0.0,0,0
-5.0,0.0,72.0,700.927844259,737.445685381,1153.39261552,0.270444092948,0.28453403744,189,215,255,0,737.445685381,0.0,0,0
-5.0,0.0,73.0,686.164897487,721.876722913,1137.01680797,0.269606736662,0.283638565962,188,214,255,0,721.876722913,0.0,0,0
-5.0,0.0,74.0,672.253898565,707.211689902,1121.53782467,0.268793674984,0.282771181434,186,214,255,0,707.211689902,0.0,0,0
-5.0,0.0,75.0,659.151905158,693.404654057,1106.92104277,0.268004841607,0.281931680734,185,213,255,0,693.404654057,0.0,0,0
-5.0,0.0,76.0,646.819062567,680.413030695,1093.1344145,0.267240130985,0.281119833923,184,212,255,0,680.413030695,0.0,0,0
-5.0,0.0,77.0,635.218711183,668.197680915,1080.14902118,0.266499382666,0.280335365328,183,212,255,0,668.197680915,0.0,0,0
-5.0,0.0,78.0,624.319154505,656.724754434,1067.94336624,0.265782263319,0.279577825462,182,211,255,0,656.724754434,0.0,0,0
-5.0,0.0,79.0,614.081422299,645.952852932,1056.47664479,0.265088939143,0.278847316173,181,211,255,0,645.952852932,0.0,0,0
-5.0,0.0,80.0,604.480786431,635.855591047,1045.73579856,0.264418942135,0.27814327024,180,210,255,0,635.855591047,0.0,0,0
-5.0,0.0,81.0,595.487035129,626.400871282,1035.69353756,0.263772116271,0.277465458868,179,209,255,0,626.400871282,0.0,0,0
-5.0,0.0,82.0,587.073582027,617.560448472,1026.32791526,0.263148182847,0.276813528642,178,209,255,0,617.560448472,0.0,0,0
-5.0,0.0,83.0,579.215287364,609.307633831,1017.61787093,0.262546837189,0.276187102839,177,209,255,0,609.307633831,0.0,0,0
-5.0,0.0,84.0,571.888239779,601.617057432,1009.54299268,0.261967745939,0.275585776191,176,208,255,0,601.617057432,0.0,0,0
-5.0,0.0,85.0,565.069543372,594.46443823,1002.08327887,0.261410543719,0.275009109661,175,208,255,0,594.46443823,0.0,0,0
-5.0,0.0,86.0,558.73712371,587.826372817,995.218897859,0.260874832651,0.274456627507,175,207,255,0,587.826372817,0.0,0,0
-5.0,0.0,87.0,552.869486527,581.680074481,988.929896917,0.260360176532,0.273927808583,174,207,255,0,581.680074481,0.0,0,0
-5.0,0.0,88.0,547.445490089,576.003126631,983.195902163,0.25986609757,0.273422080217,173,206,255,0,576.003126631,0.0,0,0
-5.0,0.0,89.0,542.444067894,570.773183487,977.995754489,0.2593920688,0.27293880723,172,206,255,0,570.773183487,0.0,0,0
-5.0,0.0,90.0,537.84392205,565.967638218,973.307082626,0.258937506478,0.272477280079,172,206,255,0,565.967638218,0.0,0,0
-2.0,0.0,0.0,4262.23150121,3705.89907459,1232.43625942,0.463257490277,0.402790299876,255,166,91,0,3705.89907459,0.0,1,0
-2.0,0.0,0.25,4515.7137868,3903.80230166,1236.40202786,0.467662808694,0.404291156432,255,165,87,0,3903.80230166,0.0,1,0
-2.0,0.0,0.5,4811.0785506,4154.45315351,1267.33897624,0.470159225196,0.405990975874,255,164,84,0,4154.45315351,0.0,1,0
-2.0,0.0,0.75,5126.69954997,4438.86983701,1316.36806103,0.471120108387,0.407911721439,255,165,82,0,4438.86983701,0.0,1,0
-2.0,0.0,1.0,5431.96901639,4729.0244939,1376.84909924,0.470795901818,0.409870775148,255,166,81,0,4729.0244939,0.0,1,0
-2.0,0.0,1.25,5710.49540064,5008.78889109,1446.78095384,0.469378988636,0.411701629901,255,167,81,0,5008.78889109,0.0,1,0
-2.0,0.0,1.5,5956.47028213,5270.84363194,1530.45257317,0.466889740308,0.413147837218,255,170,82,0,5270.84363194,0.0,1,0
-2.0,0.0,1.75,6157.06061353,5498.7001071,1610.81579034,0.464103200131,0.414477699093,255,172,83,0,5498.7001071,0.0,1,0
-2.0,0.0,2.0,6318.87493691,5696.43160716,1695.27683072,0.460875716531,0.415476967788,255,175,85,0,5696.43160716,0.0,1,0
-2.0,0.0,2.25,6444.04002963,5863.28505724,1782.17876512,0.457364581275,0.416145601636,255,177,87,0,5863.28505724,0.0,1,0
-2.0,0.0,2.5,6535.19702696,5999.42496964,1868.37941283,0.453738553596,0.416539914084,255,179,90,0,5999.42496964,0.0,1,0
-2.0,0.0,2.75,6597.18559659,6107.87484855,1953.91274309,0.450044181941,0.416664576033,255,182,92,0,6107.87484855,0.0,1,0
-2.0,0.0,3.0,6633.91579145,6191.10717568,2037.75039377,0.446344408972,0.4165512738,255,184,95,0,6191.10717568,0.0,1,0
-2.0,0.0,3.25,6649.05573432,6251.75052996,2119.07582944,0.442683617144,0.416231664866,255,186,98,0,6251.75052996,0.0,1,0
-2.0,0.0,3.5,6645.92038209,6292.4022358,2197.25559904,0.43909259936,0.415735834179,255,189,101,0,6292.4022358,0.0,1,0
-2.0,0.0,3.75,6627.43752776,6315.52341296,2271.81360903,0.435592226891,0.415091488363,255,191,104,0,6315.52341296,0.0,1,0
-2.0,0.0,4.0,6596.1507262,6323.38094838,2342.40707911,0.432196120863,0.414323569923,255,193,107,0,6323.38094838,0.0,1,0
-2.0,0.0,4.25,6554.24940527,6318.02810347,2408.80630082,0.428912601158,0.413454188342,255,194,110,0,6318.02810347,0.0,1,0
-2.0,0.0,4.5,6503.60239736,6301.29873868,2470.87507892,0.425746116324,0.412502687262,255,196,113,0,6301.29873868,0.0,1,0
-2.0,0.0,4.75,6445.79856549,6274.81773043,2528.55421367,0.42269830752,0.411485839606,255,198,116,0,6274.81773043,0.0,1,0
-2.0,0.0,5.0,6382.1834366,6240.01478107,2581.84698534,0.41976877544,0.41041806294,255,199,119,0,6240.01478107,0.0,0,0
-2.0,0.0,6.0,6089.84598943,6040.35060833,2752.74371731,0.409182988073,0.405857342733,255,205,130,0,6040.35060833,0.0,0,0
-2.0,0.0,7.0,5769.22814402,5783.09613431,2862.79484086,0.400220636147,0.40118268094,255,210,139,0,5783.09613431,0.0,0,0
-2.0,0.0,8.0,5445.40541542,5501.57630298,2923.03927018,0.392602536067,0.396652341587,255,213,147,0,5501.57630298,0.0,0,0
-2.0,0.0,9.0,5130.67181779,5214.41369669,2944.34634897,0.386071569538,0.392372958473,255,217,155,0,5214.41369669,0.0,0,0
-2.0,0.0,10.0,4830.75505685,4931.8554968,2936.11033182,0.380412728212,0.388374194636,255,219,161,0,4931.8554968,0.0,0,0
-2.0,0.0,11.0,4547.98079295,4659.37541236,2905.96964053,0.375452691592,0.384648730799,255,222,167,0,4659.37541236,0.0,0,0
-2.0,0.0,12.0,4282.90975191,4399.71377233,2859.93927706,0.371053623501,0.38117304173,255,224,173,0,4399.71377233,0.0,0,0
-2.0,0.0,13.0,4035.20141737,4154.04277421,2802.67326861,0.367106233465,0.377917937362,255,225,177,0,4154.04277421,0.0,0,0
-2.0,0.0,14.0,3804.07434059,3922.63696212,2737.735002,0.363523709695,0.37485375221,255,227,182,0,3922.63696212,0.0,0,0
-2.0,0.0,15.0,3588.55411943,3705.26424342,2667.83490014,0.360236802536,0.371952741739,255,228,186,0,3705.26424342,0.0,0,0
-2.0,0.0,16.0,3387.60656089,3501.41572066,2595.02478601,0.357189977734,0.369190040467,255,230,190,0,3501.41572066,0.0,0,0
-2.0,0.0,17.0,3200.20717321,3310.44061141,2520.85010765,0.354338473128,0.366543916735,255,231,194,0,3310.44061141,0.0,0,0
-2.0,0.0,18.0,3025.37606556,3131.62577804,2446.46790402,0.351646039832,0.363995674989,255,232,197,0,3131.62577804,0.0,0,0
-2.0,0.0,19.0,2862.19406671,2964.24266759,2372.73800578,0.349083189155,0.361529393086,255,233,201,0,2964.24266759,0.0,0,0
-2.0,0.0,20.0,2709.80807279,2807.57405176,2300.2923062,0.346625853608,0.359131616011,255,234,204,0,2807.57405176,0.0,0,0
-2.0,0.0,21.0,2567.43018353,2660.92814472,2229.58693325,0.344254361424,0.356791053221,255,235,208,0,2660.92814472,0.0,0,0
-2.0,0.0,22.0,2434.33551279,2523.64725549,2160.94424966,0.341952587329,0.354498262045,255,236,211,0,2523.64725549,0.0,0,0
-2.0,0.0,23.0,2309.85732028,2395.11057404,2094.58331866,0.339707320076,0.352245390765,255,237,214,0,2395.11057404,0.0,0,0
-2.0,0.0,24.0,2193.3819301,2274.73461249,2030.64317627,0.337507774558,0.350025960475,255,238,217,0,2274.73461249,0.0,0,0
-2.0,0.0,25.0,2084.34453427,2161.97323703,1969.20160176,0.335345191474,0.347834687219,255,239,220,0,2161.97323703,0.0,0,0
-2.0,0.0,26.0,1982.22482916,2056.31638614,1910.28707497,0.333212648346,0.345667463542,255,240,223,0,2056.31638614,0.0,0,0
-2.0,0.0,27.0,1886.53636473,1957.28213762,1853.86010069,0.331106139213,0.343522735132,255,241,226,0,1957.28213762,0.0,0,0
-2.0,0.0,28.0,1794.44573572,1861.78405266,1797.6245429,0.329023407433,0.341370329967,255,242,230,0,1861.78405266,0.0,0,0
-2.0,0.0,29.0,1711.03909667,1775.51168255,1745.09529954,0.327055590327,0.339379165911,255,243,233,0,1775.51168255,0.0,0,0
-2.0,0.0,30.0,1630.32004261,1691.90357326,1689.86982724,0.325277264104,0.337564251837,255,244,235,0,1691.90357326,0.0,0,0
-2.0,0.0,31.0,1554.07437996,1612.91354696,1636.30954506,0.323543230255,0.335792974798,255,245,238,0,1612.91354696,0.0,0,0
-2.0,0.0,32.0,1482.49215923,1538.76739513,1585.30588781,0.321821577885,0.334037888845,255,246,241,0,1538.76739513,0.0,0,0
-2.0,0.0,33.0,1415.28999293,1469.17388325,1536.78652304,0.320110797882,0.332298275508,255,247,243,0,1469.17388325,0.0,0,0
-2.0,0.0,34.0,1352.16583593,1403.81946766,1490.60578995,0.318412064205,0.330575616238,255,248,246,0,1403.81946766,0.0,0,0
-2.0,0.0,35.0,1292.83538906,1342.40822136,1446.61814315,0.316726892558,0.328871554796,255,249,249,0,1342.40822136,0.0,0,0
-2.0,0.0,36.0,1237.03520108,1284.66548036,1404.68699666,0.315056816213,0.327187630382,255,250,251,0,1284.66548036,0.0,0,0
-2.0,0.0,37.0,1184.46235793,1230.27860425,1364.53465028,0.313409891044,0.325532914349,255,251,254,0,1230.27860425,0.0,0,0
-2.0,0.0,38.0,1126.27750789,1169.56024103,1319.4036337,0.311535908309,0.323508202427,253,249,255,0,1169.56024103,0.0,0,0
-2.0,0.0,39.0,1079.4588136,1121.13090295,1282.64722842,0.309901057738,0.321864668027,250,248,255,0,1121.13090295,0.0,0,0
-2.0,0.0,40.0,1035.39799741,1075.56799315,1247.58765411,0.308286871956,0.320247376383,247,246,255,0,1075.56799315,0.0,0,0
-2.0,0.0,41.0,993.906330286,1032.6736906,1214.12389154,0.306694581531,0.31865721723,245,244,255,0,1032.6736906,0.0,0,0
-2.0,0.0,42.0,954.808815672,992.264583254,1182.16112642,0.30512536147,0.317094987677,242,243,255,0,992.264583254,0.0,0,0
-2.0,0.0,43.0,917.943128428,954.170577182,1151.61043692,0.303580315253,0.315561384639,240,241,255,0,954.170577182,0.0,0,0
-2.0,0.0,44.0,883.158606977,918.233852193,1122.38845567,0.302060459624,0.314056996382,237,240,255,0,918.233852193,0.0,0,0
-2.0,0.0,45.0,850.315340255,884.307913566,1094.41704456,0.300566711878,0.312582296573,235,239,255,0,884.307913566,0.0,0,0
-2.0,0.0,46.0,819.28331461,852.256700811,1067.62295436,0.299099879653,0.311137639569,233,237,255,0,852.256700811,0.0,0,0
-2.0,0.0,47.0,789.941636936,821.95377189,1041.9374744,0.297660656,0.309723259925,230,236,255,0,821.95377189,0.0,0,0
-2.0,0.0,48.0,762.177860071,793.28159387,1017.29616452,0.29624961446,0.308339271782,228,235,255,0,793.28159387,0.0,0,0
-2.0,0.0,49.0,735.887254737,766.130774921,993.638464072,0.294867204916,0.306985667637,226,233,255,0,766.130774921,0.0,0,0
-2.0,0.0,50.0,710.972219013,740.399436334,970.907383151,0.293513756142,0.305662322369,224,232,255,0,740.399436334,0.0,0,0
-2.0,0.0,51.0,687.341736384,715.992642593,949.049269727,0.292189472054,0.304368993122,222,231,255,0,715.992642593,0.0,0,0
-2.0,0.0,52.0,664.910826103,692.82181588,928.013487072,0.290894433835,0.303105321747,220,230,255,0,692.82181588,0.0,0,0
-2.0,0.0,53.0,643.600038297,670.804199991,907.752121817,0.289628601232,0.30187083683,218,229,255,0,670.804199991,0.0,0,0
-2.0,0.0,54.0,623.335002505,649.862378945,888.219719157,0.288391815874,0.300664956691,216,228,255,0,649.862378945,0.0,0,0
-2.0,0.0,55.0,604.045963263,629.923784439,869.372996545,0.287183800603,0.299486988586,214,227,255,0,629.923784439,0.0,0,0
-2.0,0.0,56.0,579.180215814,603.962777264,841.954796476,0.286001110071,0.298238821048,212,226,255,0,603.962777264,0.0,0,0
-2.0,0.0,57.0,561.656029613,585.841687227,824.22472949,0.284855523483,0.297121782185,211,225,255,0,585.841687227,0.0,0,0
-2.0,0.0,58.0,545.524477571,569.17127963,808.064238332,0.283719485967,0.296017849837,209,224,255,0,569.17127963,0.0,0,0
-2.0,0.0,59.0,530.218256573,553.350493943,792.564610345,0.282612242623,0.294941983063,207,223,255,0,553.350493943,0.0,0,0
-2.0,0.0,60.0,515.690790559,538.331066699,777.698057361,0.281533648482,0.293893767493,206,222,255,0,538.331066699,0.0,0,0
-2.0,0.0,61.0,501.898712445,524.068060951,763.438535943,0.280483527027,0.29287275399,204,221,255,0,524.068060951,0.0,0,0
-2.0,0.0,62.0,488.802426714,510.520479339,749.762762933,0.279461684114,0.291878487367,203,221,255,0,510.520479339,0.0,0,0
-2.0,0.0,63.0,476.371462087,497.657120943,736.658323565,0.278467941884,0.290910697349,201,220,255,0,497.657120943,0.0,0,0
-2.0,0.0,64.0,464.766175759,485.655574337,724.395113599,0.277502684523,0.289975330954,200,219,255,0,485.655574337,0.0,0,0
-2.0,0.0,65.0,455.26335481,475.92051627,714.87951831,0.276577049064,0.289126481603,198,218,255,0,475.92051627,0.0,0,0
-2.0,0.0,66.0,443.085546155,463.267730738,701.365740014,0.275598871131,0.28815217452,197,218,255,0,463.267730738,0.0,0,0
-2.0,0.0,67.0,433.060639927,452.915689056,690.568356159,0.274689733826,0.287283762601,195,217,255,0,452.915689056,0.0,0,0
-2.0,0.0,68.0,423.722792169,443.2793211,680.509593757,0.273809102862,0.28644650576,194,216,255,0,443.2793211,0.0,0,0
-2.0,0.0,69.0,414.900406182,434.175105155,670.948471518,0.27295648678,0.285637009713,193,216,255,0,434.175105155,0.0,0,0
-2.0,0.0,70.0,406.567986777,425.576888019,661.867765319,0.272131557565,0.284854944725,192,215,255,0,425.576888019,0.0,0,0
-2.0,0.0,71.0,398.701698756,417.46023685,653.251237799,0.271333962409,0.284099968889,190,214,255,0,417.46023685,0.0,0,0
-2.0,0.0,72.0,391.279396567,409.80247215,645.083764668,0.270563334887,0.2833717402,189,214,255,0,409.80247215,0.0,0,0
-2.0,0.0,73.0,384.280523956,402.58256296,637.351279319,0.269819300427,0.2826699214,188,213,255,0,402.58256296,0.0,0,0
-2.0,0.0,74.0,377.685958804,395.780962779,630.040629061,0.269101479811,0.281994181362,187,213,255,0,395.780962779,0.0,0,0
-2.0,0.0,75.0,371.477887919,389.379478667,623.139489287,0.268409488318,0.281344193099,186,212,255,0,389.379478667,0.0,0,0
-2.0,0.0,76.0,365.639690694,383.361149417,616.636259561,0.267742939015,0.280719635919,185,212,255,0,383.361149417,0.0,0,0
-2.0,0.0,77.0,360.15580456,377.710102997,610.519938407,0.267101442542,0.280120192694,184,211,255,0,377.710102997,0.0,0,0
-2.0,0.0,78.0,355.011597401,372.41142422,604.78001254,0.266484603546,0.279545545739,183,211,255,0,372.41142422,0.0,0,0
-2.0,0.0,79.0,350.193274097,367.451054874,599.40636046,0.265892024436,0.278995377948,182,211,255,0,367.451054874,0.0,0,0
-2.0,0.0,80.0,345.687754508,362.815666927,594.389140457,0.265323300339,0.27846936696,181,210,255,0,362.815666927,0.0,0,0
-2.0,0.0,81.0,341.482572113,358.492555432,589.718685548,0.264778018353,0.277967182437,181,210,255,0,358.492555432,0.0,0,0
-2.0,0.0,82.0,337.565760539,354.469519658,585.38537724,0.2642557552,0.277488482431,180,209,255,0,354.469519658,0.0,0,0
-2.0,0.0,83.0,333.92574393,350.734747448,581.379527739,0.26375607318,0.277032907453,179,209,255,0,350.734747448,0.0,0,0
-2.0,0.0,84.0,330.551221701,347.27669417,577.691239896,0.263278517243,0.276600076211,178,209,255,0,347.27669417,0.0,0,0
-2.0,0.0,85.0,327.431036004,344.083943075,574.310240035,0.262822610251,0.276189579241,178,208,255,0,344.083943075,0.0,0,0
-2.0,0.0,86.0,324.554027586,341.145052745,571.22569094,0.262387846961,0.275800970818,177,208,255,0,341.145052745,0.0,0,0
-2.0,0.0,87.0,321.908878388,338.448390678,568.425971148,0.261973688973,0.275433762117,176,208,255,0,338.448390678,0.0,0,0
-2.0,0.0,88.0,319.483913338,335.981923548,565.898398946,0.261579555029,0.275087409383,176,208,255,0,335.981923548,0.0,0,0
-2.0,0.0,89.0,317.266873265,333.732976014,563.628892898,0.261204812836,0.274761303125,175,207,255,0,333.732976014,0.0,0,0
-2.0,0.0,90.0,315.24461447,331.687911823,561.601521578,0.260848765515,0.27445475153,175,207,255,0,331.687911823,0.0,0,0
0.0,0.0,0.0,1171.71898821,942.743862019,426.005477881,0.461221647696,0.371090578688,255,150,108,0,942.743862019,0.0,1,0
0.0,0.0,0.25,1273.44880716,1007.63077896,416.665238102,0.472041979555,0.373508557931,255,145,101,0,1007.63077896,0.0,1,0
0.0,0.0,0.5,1417.13952245,1111.50229872,420.392905453,0.480543518073,0.37690376742,255,143,94,0,1111.50229872,0.0,1,0
0.0,0.0,0.75,1583.77075632,1239.77694618,430.35261337,0.486729955615,0.38101257747,255,142,87,0,1239.77694618,0.0,1,0
0.0,0.0,1.0,1757.83703751,1381.25210225,444.764372467,0.490487970982,0.385409754484,255,142,82,0,1381.25210225,0.0,1,0
0.0,0.0,1.25,1927.74772989,1526.88307896,463.182942417,0.492046802701,0.389728347466,255,144,79,0,1526.88307896,0.0,1,0
0.0,0.0,1.5,2085.81586862,1669.70413567,485.326566334,0.49183950277,0.393719534028,255,146,76,0,1669.70413567,0.0,1,0
0.0,0.0,1.75,2227.73767973,1804.89214263,510.862717032,0.490313929298,0.397247739923,255,148,75,0,1804.89214263,0.0,1,0
0.0,0.0,2.0,2351.57488359,1929.35719715,539.36869461,0.487848164084,0.40025659955,255,151,75,0,1929.35719715,0.0,1,0
0.0,0.0,2.25,2457.09006443,2041.46304867,570.361782711,0.484736894371,0.402741630237,255,154,75,0,2041.46304867,0.0,1,0
0.0,0.0,2.5,2545.05820128,2140.59763496,603.326889466,0.481199945863,0.404727666165,255,157,77,0,2140.59763496,0.0,1,0
0.0,0.0,2.75,2616.80725697,2226.84072131,637.742037065,0.477398479153,0.406254748353,255,160,78,0,2226.84072131,0.0,1,0
0.0,0.0,3.0,2673.91757107,2300.71673485,673.104963652,0.473449187974,0.407369502209,255,163,81,0,2300.71673485,0.0,1,0
0.0,0.0,3.25,2718.0327108,2363.01206122,708.94878204,0.469436223965,0.408119981336,255,166,83,0,2363.01206122,0.0,1,0
0.0,0.0,3.5,2750.74613772,2414.64677671,744.852653944,0.465419939983,0.408552698662,255,168,86,0,2414.64677671,0.0,1,0
0.0,0.0,3.75,2773.54119623,2456.58950522,780.446636728,0.461443392237,0.408711071666,255,171,89,0,2456.58950522,0.0,1,0
0.0,0.0,4.0,2787.7629701,2489.80241379,815.413668391,0.457536936559,0.40863465842,255,173,92,0,2489.80241379,0.0,1,0
0.0,0.0,4.25,2794.61131526,2515.20910343,849.489767215,0.453721477067,0.408358895316,255,175,95,0,2515.20910343,0.0,1,0
0.0,0.0,4.5,2795.14355939,2533.67449504,882.460425568,0.450010987011,0.407915134252,255,177,98,0,2533.67449504,0.0,1,0
0.0,0.0,4.75,2790.28374198,2545.99523438,914.156571966,0.446414289117,0.407330851538,255,179,101,0,2545.99523438,0.0,1,0
0.0,0.0,5.0,2780.83545417,2552.89689486,944.449370807,0.442936438967,0.406629978038,255,181,103,0,2552.89689486,0.0,0,0
0.0,0.0,6.0,2709.73711468,2538.44624784,1050.17677244,0.430228989232,0.40303288371,255,188,115,0,2538.44624784,0.0,0,0
0.0,0.0,7.0,2606.549042,2478.80294327,1130.6035024,0.419331999267,0.398780677916,255,193,125,0,2478.80294327,0.0,0,0
0.0,0.0,8.0,2488.98190324,2394.11733806,1187.78487147,0.409986726316,0.394360573121,255,197,134,0,2394.11733806,0.0,0,0
0.0,0.0,9.0,2366.78251229,2296.66290009,1225.27143293,0.40191820637,0.390010754536,255,201,142,0,2296.66290009,0.0,0,0
0.0,0.0,10.0,2245.30101562,2193.86282111,1246.81546276,0.394883782961,0.38583728599,255,204,150,0,2193.86282111,0.0,0,0
0.0,0.0,11.0,2127.43262752,2090.18669323,1255.82397259,0.388682683551,0.381877838358,255,207,156,0,2090.18669323,0.0,0,0
0.0,0.0,12.0,2014.66728144,1988.28373381,1255.15834539,0.383154313321,0.378136626197,255,210,162,0,1988.28373381,0.0,0,0
0.0,0.0,13.0,1907.69972851,1889.69540272,1247.14424335,0.378171243568,0.374602171259,255,212,168,0,1889.69540272,0.0,0,0
0.0,0.0,14.0,1806.76299211,1795.27350949,1233.6356923,0.373632231397,0.371256246805,255,214,173,0,1795.27350949,0.0,0,0
0.0,0.0,15.0,1711.81878424,1705.43305355,1216.08848581,0.369456734166,0.368078520989,255,216,178,0,1705.43305355,0.0,0,0
0.0,0.0,16.0,1622.68756225,1620.32922364,1195.64095518,0.365580690585,0.365049372618,255,218,183,0,1620.32922364,0.0,0,0
0.0,0.0,17.0,1539.11163331,1539.95345851,1173.17825608,0.361952858148,0.362150830166,255,219,187,0,1539.95345851,0.0,0,0
0.0,0.0,18.0,1460.79566956,1464.19725997,1149.38656841,0.358532058759,0.359366931998,255,221,191,0,1464.19725997,0.0,0,0
0.0,0.0,19.0,1387.4310993,1392.89323215,1124.79680627,0.355285034796,0.356683745018,255,222,195,0,1392.89323215,0.0,0,0
0.0,0.0,20.0,1318.70989706,1325.8407528,1099.81791486,0.352184854205,0.354089275638,255,224,199,0,1325.8407528,0.0,0,0
0.0,0.0,21.0,1254.33259144,1262.82264147,1074.76356398,0.349209618137,0.351573271245,255,225,203,0,1262.82264147,0.0,0,0
0.0,0.0,22.0,1194.01313963,1203.61623837,1049.8728709,0.346341511456,0.349127035015,255,227,207,0,1203.61623837,0.0,0,0
0.0,0.0,23.0,1137.48086748,1147.99997029,1025.32610086,0.34356605159,0.346743253705,255,228,210,0,1147.99997029,0.0,0,0
0.0,0.0,24.0,1084.48088237,1095.75716279,1001.25527204,0.340871651847,0.344415987569,255,229,214,0,1095.75716279,0.0,0,0
0.0,0.0,25.0,1034.70059279,1046.59736739,977.61128529,0.338258022635,0.342147243806,255,231,218,0,1046.59736739,0.0,0,0
0.0,0.0,26.0,986.751892193,999.067601332,953.705981669,0.335684075719,0.339873768662,255,232,221,0,999.067601332,0.0,0,0
0.0,0.0,27.0,943.228111924,956.017117232,930.664029275,0.333306839827,0.33782606788,255,233,224,0,956.017117232,0.0,0,0
0.0,0.0,28.0,900.838372577,913.923919565,905.532947313,0.331154633332,0.335964974062,255,235,228,0,913.923919565,0.0,0,0
0.0,0.0,29.0,860.570616379,873.867624959,880.521214028,0.329095204368,0.334180181328,255,236,231,0,873.867624959,0.0,0,0
0.0,0.0,30.0,822.727273471,836.194186982,856.469449815,0.327077302423,0.332431107852,255,237,233,0,836.194186982,0.0,0,0
0.0,0.0,31.0,787.168046859,800.771559307,833.391017299,0.325097299489,0.330715496491,255,238,236,0,800.771559307,0.0,0,0
0.0,0.0,32.0,753.733064727,767.444549985,811.241226196,0.323155108983,0.329033763801,255,239,239,0,767.444549985,0.0,0,0
0.0,0.0,33.0,722.271656617,736.066034859,789.971259202,0.321251070232,0.327386516269,255,240,242,0,736.066034859,0.0,0,0
0.0,0.0,34.0,692.644882861,706.49993672,769.534779918,0.319385529804,0.325774234646,255,242,245,0,706.49993672,0.0,0,0
0.0,0.0,35.0,663.691453342,677.545453318,749.530264155,0.317439197729,0.324065473562,255,243,248,0,677.545453318,0.0,0,0
0.0,0.0,36.0,635.374581417,649.144607153,729.232585638,0.315517825759,0.322355821342,255,244,251,0,649.144607153,0.0,0,0
0.0,0.0,37.0,610.437925149,624.209794621,710.938418877,0.313755280747,0.320833800273,255,245,254,0,624.209794621,0.0,0,0
0.0,0.0,38.0,586.919384955,600.680327143,693.353892504,0.312032887743,0.319348826932,253,245,255,0,600.680327143,0.0,0,0
0.0,0.0,39.0,564.723077975,578.461387897,676.444900581,0.31035060677,0.317900666235,251,244,255,0,578.461387897,0.0,0,0
0.0,0.0,40.0,543.760241021,557.465132714,660.1788576,0.30870837673,0.316489039141,248,242,255,0,557.465132714,0.0,0,0
0.0,0.0,41.0,523.948645803,537.610138319,644.524726274,0.307106095692,0.315113612577,245,241,255,0,537.610138319,0.0,0,0
0.0,0.0,42.0,505.212062628,518.820892225,629.452972788,0.305543611943,0.313773999253,243,240,255,0,518.820892225,0.0,0,0
0.0,0.0,43.0,487.479787047,501.027338443,614.935548535,0.304020714269,0.312469754335,240,238,255,0,501.027338443,0.0,0,0
0.0,0.0,44.0,470.686200064,484.164451935,600.945831518,0.302537128121,0.311200376826,238,237,255,0,484.164451935,0.0,0,0
0.0,0.0,45.0,454.770361638,468.171844581,587.458576322,0.301092509283,0.309965308541,236,236,255,0,468.171844581,0.0,0,0
0.0,0.0,46.0,439.675605328,452.993363916,574.449795146,0.299686443934,0.308763935757,234,235,255,0,452.993363916,0.0,0,0
0.0,0.0,47.0,425.349247951,438.576811885,561.896745823,0.298318449013,0.307595593326,231,234,255,0,438.576811885,0.0,0,0
0.0,0.0,48.0,411.742234994,424.873591304,549.777806006,0.296987973257,0.30645956632,229,233,255,0,424.873591304,0.0,0,0
0.0,0.0,49.0,398.808855191,411.838424607,538.072407181,0.295694397465,0.305355092376,227,232,255,0,411.838424607,0.0,0,0
0.0,0.0,50.0,386.506468375,399.429081365,526.760948188,0.294437037796,0.304281364348,225,231,255,0,399.429081365,0.0,0,0
0.0,0.0,51.0,374.795254984,387.606129471,515.82470905,0.293215149408,0.303237534768,224,230,255,0,387.606129471,0.0,0,0
0.0,0.0,52.0,363.637964861,376.332683147,505.245760622,0.292027925701,0.302222714493,222,229,255,0,376.332683147,0.0,0,0
0.0,0.0,53.0,352.997603837,365.572336777,494.9998313,0.290875409067,0.301237180785,220,228,255,0,365.572336777,0.0,0,0
0.0,0.0,54.0,339.31879243,351.576784251,480.161068973,0.289754380106,0.300221842859,218,227,255,0,351.576784251,0.0,0,0
0.0,0.0,55.0,329.884696457,342.029980452,470.912296783,0.288656729366,0.299284133404,217,227,255,0,342.029980452,0.0,0,0
0.0,0.0,56.0,320.918364906,332.949925809,462.014880497,0.287591365463,0.298373462741,215,226,255,0,332.949925809,0.0,0,0
0.0,0.0,57.0,312.394983648,324.312153988,453.457397036,0.28655764677,0.297489180462,213,225,255,0,324.312153988,0.0,0,0
0.0,0.0,58.0,304.291502814,316.09394288,445.229173556,0.285554925127,0.296630636601,212,224,255,0,316.09394288,0.0,0,0
0.0,0.0,59.0,296.586604147,308.274284431,437.320381477,0.284582550722,0.29579718355,210,224,255,0,308.274284431,0.0,0,0
0.0,0.0,60.0,289.260929157,300.834129828,429.722518773,0.283639873901,0.29498817866,209,223,255,0,300.834129828,0.0,0,0
0.0,0.0,61.0,282.299919137,293.759414956,422.432742426,0.282726248686,0.294203050645,208,222,255,0,293.759414956,0.0,0,0
0.0,0.0,62.0,275.810221055,287.164888711,415.627518157,0.281840875126,0.293443815209,206,222,255,0,287.164888711,0.0,0,0
0.0,0.0,63.0,270.137731228,281.422886716,409.817859378,0.280989992599,0.292728507403,205,221,255,0,281.422886716,0.0,0,0
0.0,0.0,64.0,263.798613635,274.969321408,402.766423687,0.280179487014,0.292043852525,204,221,255,0,274.969321408,0.0,0,0
0.0,0.0,65.0,257.678560497,268.731058496,396.108500864,0.279320866388,0.291301658701,202,220,255,0,268.731058496,0.0,0,0
0.0,0.0,66.0,252.316030156,263.277755992,390.273936127,0.278535181188,0.290635983067,201,220,255,0,263.277755992,0.0,0,0
0.0,0.0,67.0,247.240013415,258.114028998,384.714959548,0.277776231809,0.289993279655,200,219,255,0,258.114028998,0.0,0,0
0.0,0.0,68.0,242.437458802,253.227027148,379.4234188,0.27704354898,0.289373245561,199,219,255,0,253.227027148,0.0,0,0
0.0,0.0,69.0,237.896132427,248.604706306,374.39156445,0.276336661291,0.288775583786,198,218,255,0,248.604706306,0.0,0,0
0.0,0.0,70.0,233.604663176,244.235879596,369.612150541,0.275655107382,0.288200015792,197,218,255,0,244.235879596,0.0,0,0
0.0,0.0,71.0,229.552490637,240.110164346,365.078426747,0.274998434438,0.287646276913,196,217,255,0,240.110164346,0.0,0,0
0.0,0.0,72.0,225.729795928,236.217913096,360.784077015,0.274366202641,0.287114120427,195,217,255,0,236.217913096,0.0,0,0
0.0,0.0,73.0,222.127434258,232.550145241,356.723173073,0.273757984022,0.286603314705,194,216,255,0,232.550145241,0.0,0,0
0.0,0.0,74.0,218.736870749,229.098482752,352.890117164,0.273173364358,0.28611364462,193,216,255,0,229.098482752,0.0,0,0
0.0,0.0,75.0,215.550109986,225.855078294,349.279585227,0.272611939939,0.28564490662,192,216,255,0,225.855078294,0.0,0,0
0.0,0.0,76.0,212.559648218,222.812567627,345.886487481,0.272073318752,0.285196909396,191,215,255,0,222.812567627,0.0,0,0
0.0,0.0,77.0,209.758401774,219.963996676,342.705896646,0.271557118125,0.284769470606,191,215,255,0,219.963996676,0.0,0,0
0.0,0.0,78.0,207.139663194,217.302777291,339.733015832,0.271062962677,0.284362413756,190,215,255,0,217.302777291,0.0,0,0
0.0,0.0,79.0,204.697037938,214.822622797,336.963111485,0.270590481971,0.283975565189,189,214,255,0,214.822622797,0.0,0,0
0.0,0.0,80.0,202.424398656,212.517502102,334.391466628,0.270139309773,0.283608753262,188,214,255,0,212.517502102,0.0,0,0
0.0,0.0,81.0,200.315821806,210.381574293,332.013314374,0.269709079163,0.283261802107,188,214,255,0,210.381574293,0.0,0,0
0.0,0.0,82.0,198.365531107,208.409131348,329.823770693,0.26929942039,0.282934529819,187,214,255,0,208.409131348,0.0,0,0
0.0,0.0,83.0,196.567832292,206.594530832,327.817753601,0.268909957733,0.282626744702,187,213,255,0,206.594530832,0.0,0,0
0.0,0.0,84.0,194.917048784,204.932129724,325.989899652,0.268540306865,0.282338242581,186,213,255,0,204.932129724,0.0,0,0
0.0,0.0,85.0,193.407426837,203.416186233,324.334444007,0.268190065879,0.282068797868,186,213,255,0,203.416186233,0.0,0,0
0.0,0.0,86.0,192.03304962,202.040770322,322.845087368,0.267858815916,0.281818164177,185,213,255,0,202.040770322,0.0,0,0
0.0,0.0,87.0,190.787721228,200.799643612,321.514835074,0.267546112256,0.281586066676,185,213,255,0,200.799643612,0.0,0,0
0.0,0.0,88.0,189.664819257,199.686104925,320.335775307,0.267251477861,0.281372195743,184,212,255,0,199.686104925,0.0,0,0
0.0,0.0,89.0,188.65714129,198.692830235,319.298845259,0.266974396346,0.281176201695,184,212,255,0,198.692830235,0.0,0,0
0.0,0.0,90.0,188.070127757,198.143234197,318.957891903,0.266701353364,0.280985977681,183,212,255,0,198.143234197,0.0,0,0
2.0,0.0,0.0,110.91361067,110.400522401,130.35511872,0.315391835097,0.31393282705,255,236,252,0,110.400522401,0.0,1,0
2.0,0.0,0.25,122.071921807,115.837832075,126.288834108,0.335179558166,0.318062276722,255,214,225,0,115.837832075,0.0,1,0
2.0,0.0,0.5,146.519651662,131.313541526,126.137650744,0.362698580512,0.325056977498,255,191,195,0,131.313541526,0.0,1,0
2.0,0.0,0.75,182.753622263,156.262013316,127.710786742,0.391564765829,0.334804300428,255,174,168,0,156.262013316,0.0,1,0
2.0,0.0,1.0,226.829312393,188.727939967,130.506310952,0.415389942917,0.345615332439,255,163,148,0,188.727939967,0.0,1,0
2.0,0.0,1.25,281.972878252,230.980953099,134.663453955,0.435400482121,0.356662736372,255,157,131,0,230.980953099,0.0,1,0
2.0,0.0,1.5,330.431832737,271.380625737,140.069642273,0.445396690935,0.365800206615,255,156,121,0,271.380625737,0.0,1,0
2.0,0.0,1.75,375.953274027,311.715133548,146.883388831,0.450485249263,0.373512027522,255,158,114,0,311.715133548,0.0,1,0
2.0,0.0,2.0,427.049132335,357.266520217,155.34518758,0.454471564735,0.380207948398,255,159,109,0,357.266520217,0.0,1,0
2.0,0.0,2.25,473.697295766,400.773689693,165.197811844,0.455623268674,0.385482079228,255,161,105,0,400.773689693,0.0,1,0
2.0,0.0,2.5,504.915078273,434.056684679,176.006613743,0.452847417337,0.389296056095,255,165,105,0,434.056684679,0.0,1,0
2.0,0.0,2.75,541.371058527,471.084247731,188.188526431,0.450900628303,0.392359694778,255,168,105,0,471.084247731,0.0,1,0
2.0,0.0,3.0,562.376238044,496.960891555,200.892256555,0.446249106887,0.394341615118,255,172,107,0,496.960891555,0.0,1,0
2.0,0.0,3.25,589.418893268,526.725392286,214.604854456,0.442922618206,0.395811183678,255,175,109,0,526.725392286,0.0,1,0
2.0,0.0,3.5,612.187369899,552.874008193,228.756658155,0.439216134372,0.396661539609,255,178,111,0,552.874008193,0.0,1,0
2.0,0.0,3.75,631.117998035,575.604720025,243.1392483,0.435295229945,0.397006565715,255,181,114,0,575.604720025,0.0,1,0
2.0,0.0,4.0,636.799896073,587.977155024,257.17612886,0.429703113894,0.396758253214,255,184,118,0,587.977155024,0.0,1,0
2.0,0.0,4.25,649.534304693,604.743950299,271.473815871,0.425714188496,0.396357941665,255,187,121,0,604.743950299,0.0,1,0
2.0,0.0,4.5,659.573212308,618.805755902,285.498845987,0.421754951902,0.395686766757,255,189,125,0,618.805755902,0.0,1,0
2.0,0.0,4.75,667.233345256,630.402299372,299.128347371,0.417865976813,0.394799921924,255,192,128,0,630.402299372,0.0,1,0
2.0,0.0,5.0,672.794535021,639.759080361,312.260839516,0.414074685878,0.393742853796,255,194,131,0,639.759080361,0.0,0,0
2.0,0.0,6.0,671.247963297,653.51411995,358.53010829,0.398770912544,0.388235698612,255,203,146,0,653.51411995,0.0,0,0
2.0,0.0,7.0,661.773593989,653.792379768,394.703468515,0.386941131983,0.382274490562,255,209,158,0,653.792379768,0.0,0,0
2.0,0.0,8.0,636.528199583,637.092673347,420.503747458,0.375726904575,0.376060099523,255,215,170,0,637.092673347,0.0,0,0
2.0,0.0,9.0,613.859592093,619.118548099,438.214190901,0.36731833953,0.37046516824,255,220,179,0,619.118548099,0.0,0,0
2.0,0.0,10.0,589.076835787,597.535740959,449.084348553,0.360138132362,0.365309570322,255,224,188,0,597.535740959,0.0,0,0
2.0,0.0,11.0,563.679138162,574.282378555,454.601163601,0.353944711331,0.360602685001,255,227,196,0,574.282378555,0.0,0,0
2.0,0.0,12.0,534.041631519,547.086966957,455.757714899,0.347482846891,0.35597100592,255,231,204,0,547.086966957,0.0,0,0
2.0,0.0,13.0,510.072181917,523.9020421,454.11372896,0.342770184314,0.352063895855,255,233,210,0,523.9020421,0.0,0,0
2.0,0.0,14.0,487.098070063,501.363381949,450.212274655,0.338574383499,0.348489982583,255,236,216,0,501.363381949,0.0,0,0
2.0,0.0,15.0,465.238888044,479.69541947,444.633811103,0.334808262949,0.345211877736,255,238,221,0,479.69541947,0.0,0,0
2.0,0.0,16.0,444.54639147,459.024738439,437.859089326,0.331397328833,0.342190545477,255,240,226,0,459.024738439,0.0,0,0
2.0,0.0,17.0,425.019933979,439.402737596,430.255019921,0.328282426407,0.339391603395,255,241,231,0,439.402737596,0.0,0,0
2.0,0.0,18.0,406.631174548,420.838485645,422.10406966,0.325415911709,0.336785637847,255,243,235,0,420.838485645,0.0,0,0
2.0,0.0,19.0,389.330542514,403.307860743,413.614313095,0.322760344691,0.334347732673,255,245,239,0,403.307860743,0.0,0,0
2.0,0.0,20.0,373.070382742,386.782895933,404.964711284,0.320282126442,0.332054363228,255,246,243,0,386.782895933,0.0,0,0
2.0,0.0,21.0,355.571918305,369.497321592,396.114846059,0.317139640812,0.329559905657,255,249,248,0,369.497321592,0.0,0,0
2.0,0.0,22.0,341.341261641,354.928944493,387.395146587,0.314987704261,0.327526337907,255,250,252,0,354.928944493,0.0,0,0
2.0,0.0,23.0,327.915135216,341.157879416,378.749385421,0.312949155505,0.325587503568,255,251,255,0,341.157879416,0.0,0,0
2.0,0.0,24.0,315.033161065,327.910839992,369.989530293,0.311010694497,0.323723946185,252,250,255,0,327.910839992,0.0,0,0
2.0,0.0,25.0,303.138690204,315.699694722,361.277509583,0.309288617705,0.322104453658,249,248,255,0,315.699694722,0.0,0,0
2.0,0.0,26.0,291.31923853,303.540657761,351.505214549,0.307829647557,0.320743711158,247,247,255,0,303.540657761,0.0,0,0
2.0,0.0,27.0,280.063049705,291.949363388,341.814740886,0.306472672086,0.319479851433,244,245,255,0,291.949363388,0.0,0,0
2.0,0.0,28.0,269.444840985,281.006861445,332.465453024,0.305175677379,0.318270926903,242,244,255,0,281.006861445,0.0,0,0
2.0,0.0,29.0,259.428916723,270.67817862,323.469065677,0.303931773836,0.317110752362,240,243,255,0,270.67817862,0.0,0,0
2.0,0.0,30.0,249.971155656,260.918950614,314.811622123,0.302737837478,0.315996614325,238,242,255,0,260.918950614,0.0,0,0
2.0,0.0,31.0,241.030887325,251.68807818,306.47888494,0.301591010525,0.314925869783,237,241,255,0,251.68807818,0.0,0,0
2.0,0.0,32.0,232.570033285,242.947067523,298.455072393,0.300488882337,0.313896385342,235,240,255,0,242.947067523,0.0,0,0
2.0,0.0,33.0,224.529701967,234.631806435,290.733374197,0.299414900911,0.312886261635,233,239,255,0,234.631806435,0.0,0,0
2.0,0.0,34.0,216.568115102,226.37539485,282.999550726,0.298326586248,0.311836295588,231,238,255,0,226.37539485,0.0,0,0
2.0,0.0,35.0,209.330868664,218.886398515,275.762335846,0.297353599116,0.310927188195,230,237,255,0,218.886398515,0.0,0,0
2.0,0.0,36.0,202.459293345,211.772167412,268.788302951,0.296417913657,0.310052766647,228,236,255,0,211.772167412,0.0,0,0
2.0,0.0,37.0,195.929559605,205.008353399,262.066875656,0.295517563306,0.30921096937,227,236,255,0,205.008353399,0.0,0,0
2.0,0.0,38.0,189.71971759,198.572588702,255.587470379,0.294650840831,0.308400101847,226,235,255,0,198.572588702,0.0,0,0
2.0,0.0,39.0,183.809510873,192.444179607,249.339893203,0.293816170221,0.307618531626,224,234,255,0,192.444179607,0.0,0,0
2.0,0.0,40.0,178.180022916,186.603835061,243.313980792,0.293012096996,0.306864822014,223,233,255,0,186.603835061,0.0,0,0
2.0,0.0,41.0,172.813718052,181.033624836,237.499872916,0.292237307344,0.306137612553,222,233,255,0,181.033624836,0.0,0,0
2.0,0.0,42.0,167.694326161,175.716945044,231.88822069,0.291490481956,0.30543559923,221,232,255,0,175.716945044,0.0,0,0
2.0,0.0,43.0,162.807313025,170.638958855,226.470697237,0.290770457058,0.304757612766,220,232,255,0,170.638958855,0.0,0,0
2.0,0.0,44.0,158.139005025,165.785692125,221.238732588,0.290076326472,0.304102738888,219,231,255,0,165.785692125,0.0,0,0
2.0,0.0,45.0,153.676574004,161.144063668,216.184378113,0.289407010171,0.30346994638,218,230,255,0,161.144063668,0.0,0,0
2.0,0.0,46.0,149.408082069,156.701863863,211.299829424,0.288761614459,0.302858336519,217,230,255,0,156.701863863,0.0,0,0
2.0,0.0,47.0,145.320517194,152.445450505,206.573592314,0.288140230741,0.302267485227,216,229,255,0,152.445450505,0.0,0,0
2.0,0.0,48.0,141.405724315,148.366863997,202.003276023,0.287541001033,0.301696107428,215,229,255,0,148.366863997,0.0,0,0
2.0,0.0,49.0,137.654466261,144.456693822,197.582687914,0.286963167937,0.301143519821,214,228,255,0,144.456693822,0.0,0,0
2.0,0.0,50.0,134.057745982,140.705794965,193.304998478,0.286406230477,0.300609383271,213,228,255,0,140.705794965,0.0,0,0
2.0,0.0,51.0,130.463565944,136.9527075,188.933372005,0.285885104207,0.30010477463,212,228,255,0,136.9527075,0.0,0,0
2.0,0.0,52.0,126.255107011,132.548674529,183.442320241,0.285486082301,0.29971699919,212,227,255,0,132.548674529,0.0,0,0
2.0,0.0,53.0,123.150028112,129.30745007,179.675629413,0.284981701118,0.299230602325,211,227,255,0,129.30745007,0.0,0,0
2.0,0.0,54.0,120.181519997,126.207431386,176.051436915,0.284493441739,0.298757966525,210,226,255,0,126.207431386,0.0,0,0
2.0,0.0,55.0,117.343164878,123.242102809,172.563901506,0.284021301814,0.298299287519,209,226,255,0,123.242102809,0.0,0,0
2.0,0.0,56.0,114.629589408,120.406003662,169.209290856,0.28356472516,0.297854118752,209,226,255,0,120.406003662,0.0,0,0
2.0,0.0,57.0,112.036220809,117.694537699,165.98498762,0.283122978818,0.297421921798,208,225,255,0,117.694537699,0.0,0,0
2.0,0.0,58.0,109.558820697,115.103417071,162.888501309,0.282695424495,0.297002186979,207,225,255,0,115.103417071,0.0,0,0
2.0,0.0,59.0,106.935479019,112.427014246,159.900935848,0.281955682542,0.296435157244,206,225,255,0,112.427014246,0.0,0,0
2.0,0.0,60.0,104.710417842,110.095558499,157.094419059,0.281555005418,0.296035067079,206,224,255,0,110.095558499,0.0,0,0
2.0,0.0,61.0,102.666332292,107.954300091,154.546869565,0.281148600968,0.295629538542,205,224,255,0,107.954300091,0.0,0,0
2.0,0.0,62.0,100.398921058,105.578216698,151.522349529,0.280836545586,0.295324106616,204,224,255,0,105.578216698,0.0,0,0
2.0,0.0,63.0,98.4109323713,103.494823854,148.948155151,0.280489768477,0.294979820656,204,223,255,0,103.494823854,0.0,0,0
2.0,0.0,64.0,96.5189936732,101.51164711,146.489588447,0.28015479349,0.294646405341,203,223,255,0,101.51164711,0.0,0,0
2.0,0.0,65.0,94.7197465052,99.6252513681,144.14349928,0.279831507723,0.294323890489,203,223,255,0,99.6252513681,0.0,0,0
2.0,0.0,66.0,93.0097674102,97.8321263252,141.906302669,0.279519974609,0.294012491675,202,223,255,0,97.8321263252,0.0,0,0
2.0,0.0,67.0,91.3858216232,96.1289555745,139.774484779,0.279220347992,0.293712525104,202,222,255,0,96.1289555745,0.0,0,0
2.0,0.0,68.0,89.8449675295,94.512720515,137.745035779,0.278932653729,0.293424157961,202,222,255,0,94.512720515,0.0,0,0
2.0,0.0,69.0,88.3844588998,92.9806095639,135.815109786,0.278656943153,0.293147604863,201,222,255,0,92.9806095639,0.0,0,0
2.0,0.0,70.0,87.0016307675,91.529883175,133.98174522,0.278393406413,0.292883199325,201,222,255,0,91.529883175,0.0,0,0
2.0,0.0,71.0,85.6941220721,90.1581325632,132.242400191,0.278142190167,0.292631277923,200,221,255,0,90.1581325632,0.0,0,0
2.0,0.0,72.0,84.4596548072,88.8630163757,130.594632239,0.277903409435,0.292392092767,200,221,255,0,88.8630163757,0.0,0,0
2.0,0.0,73.0,83.2961264981,87.6423804405,129.036159589,0.27767720342,0.292165940061,200,221,255,0,87.6423804405,0.0,0,0
2.0,0.0,74.0,82.201385243,86.4940233815,127.564441064,0.277463805269,0.291953241293,199,221,255,0,86.4940233815,0.0,0,0
2.0,0.0,75.0,81.173335482,85.4157986325,126.176854981,0.277263543258,0.291754513208,199,221,255,0,85.4157986325,0.0,0,0
2.0,0.0,76.0,80.2103858268,84.4060743602,124.871701095,0.277076566695,0.291570038604,199,221,255,0,84.4060743602,0.0,0,0
2.0,0.0,77.0,79.3108347566,83.4631097504,123.646962641,0.276903091839,0.29140020043,199,220,255,0,83.4631097504,0.0,0,0
2.0,0.0,78.0,78.4729307647,82.5850915002,122.500471226,0.276743361832,0.291245345831,198,220,255,0,82.5850915002,0.0,0,0
2.0,0.0,79.0,77.6950839027,81.7703916179,121.430271338,0.276597580318,0.291105837423,198,220,255,0,81.7703916179,0.0,0,0
2.0,0.0,80.0,76.9755702979,81.0172281672,120.433969783,0.276466127097,0.290982180617,198,220,255,0,81.0172281672,0.0,0,0
2.0,0.0,81.0,76.3127858295,80.3239472741,119.509421114,0.276349261664,0.290874763408,198,220,255,0,80.3239472741,0.0,0,0
2.0,0.0,82.0,75.7050861605,79.6888501357,118.654325464,0.276247277301,0.290784001416,198,220,255,0,79.6888501357,0.0,0,0
2.0,0.0,83.0,75.15077084,79.110181675,117.866160806,0.276160541017,0.290710398937,197,220,255,0,79.110181675,0.0,0,0
2.0,0.0,84.0,74.6481033673,78.5861420921,117.142314837,0.276089403924,0.290654419177,197,220,255,0,78.5861420921,0.0,0,0
2.0,0.0,85.0,74.1952611341,78.1148465163,116.479921251,0.27603427641,0.290616608196,197,220,255,0,78.1148465163,0.0,0,0
2.0,0.0,86.0,73.7902669732,77.6942508346,115.875711882,0.27599567467,0.290597636472,197,220,255,0,77.6942508346,0.0,0,0
2.0,0.0,87.0,73.4347468612,77.326056275,115.33384416,0.275972281319,0.29059606069,197,220,255,0,77.326056275,0.0,0,0
2.0,0.0,88.0,73.2026631588,77.087764574,115.001732867,0.275932251421,0.290576865896,197,220,255,0,77.087764574,0.0,0,0
2.0,0.0,89.0,73.1072673482,76.9930294432,114.906614368,0.275869285931,0.290532156714,197,220,255,0,76.9930294432,0.0,0,0
2.0,0.0,90.0,73.0596521097,76.9491498248,114.868349687,0.275824666879,0.290508824011,197,220,255,0,76.9491498248,0.0,0,0
4.0,0.0,0.0,22.791044662,22.6845226403,29.2220268526,0.305110826123,0.303684782581,242,230,255,0,22.6845226403,0.0,1,0
4.0,0.0,0.25,23.641041049,22.7208934089,27.5050010475,0.320049029883,0.307592202837,255,224,246,0,22.7208934089,0.0,1,0
4.0,0.0,0.5,26.9268512964,24.7518436453,27.2675738151,0.34107820066,0.313527719993,255,204,219,0,24.7518436453,0.0,1,0
4.0,0.0,0.75,32.1688511656,28.337864469,27.5250078898,0.365423393723,0.321905142083,255,186,193,0,28.337864469,0.0,1,0
4.0,0.0,1.0,38.9234182894,33.2909513722,28.0644041279,0.38815211653,0.331984029263,255,174,172,0,33.2909513722,0.0,1,0
4.0,0.0,1.25,46.6942502404,39.3652212797,28.8800717802,0.406250528753,0.342486320629,255,168,155,0,39.3652212797,0.0,1,0
4.0,0.0,1.5,54.9713122997,46.2386455531,30.009266059,0.418927278038,0.352377069263,255,165,143,0,46.2386455531,0.0,1,0
4.0,0.0,1.75,63.292387488,53.5552084131,31.486309976,0.426688605776,0.361044955275,255,165,135,0,53.5552084131,0.0,1,0
4.0,0.0,2.0,71.3220189111,61.008106418,33.3315870081,0.430528079813,0.368269200875,255,167,130,0,61.008106418,0.0,1,0
4.0,0.0,2.25,79.0782517714,68.4814547026,35.5411643457,0.431883537295,0.37400944297,255,170,126,0,68.4814547026,0.0,1,0
4.0,0.0,2.5,85.9002942709,75.4789744051,38.0898140077,0.430644654877,0.378399365904,255,173,125,0,75.4789744051,0.0,1,0
4.0,0.0,2.75,92.2498957939,82.1759246066,40.9401375481,0.428340192074,0.381564131069,255,176,126,0,82.1759246066,0.0,1,0
4.0,0.0,3.0,97.8311565566,88.3218868829,44.038578576,0.424998771458,0.383688537878,255,180,127,0,88.3218868829,0.0,1,0
4.0,0.0,3.25,102.654538077,93.8650873265,47.3269776526,0.420979979997,0.38493498023,255,184,130,0,93.8650873265,0.0,1,0
4.0,0.0,3.5,106.764341973,98.7965256235,50.7482824322,0.416545183661,0.385458441935,255,187,133,0,98.7965256235,0.0,1,0
4.0,0.0,3.75,110.193390211,103.10289608,54.2377080882,0.411885564175,0.385382412128,255,191,136,0,103.10289608,0.0,1,0
4.0,0.0,4.0,113.026358639,106.836725899,57.7546702146,0.407129431399,0.384833909468,255,194,140,0,106.836725899,0.0,1,0
4.0,0.0,4.25,115.289190814,109.993192218,61.2353053474,0.402380709777,0.38389669008,255,197,144,0,109.993192218,0.0,1,0
4.0,0.0,4.5,117.068530093,112.64504564,64.6576101445,0.397690180661,0.382663287183,255,200,148,0,112.64504564,0.0,1,0
4.0,0.0,4.75,118.408687099,114.819557211,67.9783953953,0.393114465256,0.381198626044,255,203,153,0,114.819557211,0.0,1,0
4.0,0.0,5.0,119.346360201,116.54444709,71.1659826818,0.388678459811,0.379553394993,255,206,157,0,116.54444709,0.0,0,0
4.0,0.0,6.0,120.544366367,120.204666865,82.3259742958,0.373115727178,0.372064270106,255,215,173,0,120.204666865,0.0,0,0
4.0,0.0,7.0,118.283237441,119.686160524,90.6255815096,0.359966660569,0.364236120452,255,223,188,0,119.686160524,0.0,0,0
4.0,0.0,8.0,114.467870238,116.922200708,96.2331033667,0.349388807669,0.356880128988,255,229,202,0,116.922200708,0.0,0,0
4.0,0.0,9.0,109.926652635,112.946128195,99.5821022896,0.340905529392,0.350269554309,255,234,213,0,112.946128195,0.0,0,0
4.0,0.0,10.0,104.883340108,108.243468849,101.187626186,0.333689224488,0.344379566276,255,238,223,0,108.243468849,0.0,0,0
4.0,0.0,11.0,99.9282139934,103.402560768,101.512610475,0.327801811793,0.339198965029,255,242,232,0,103.402560768,0.0,0,0
4.0,0.0,12.0,95.0798543748,98.5570365633,100.883126239,0.322829854779,0.334636122556,255,245,239,0,98.5570365633,0.0,0,0
4.0,0.0,13.0,90.4209151971,93.8312681926,99.5739916227,0.318578493309,0.330594132794,255,247,246,0,93.8312681926,0.0,0,0
4.0,0.0,14.0,86.1235798386,89.3962118017,97.8310261715,0.315066113678,0.327038391607,255,249,251,0,89.3962118017,0.0,0,0
4.0,0.0,15.0,81.9821693721,85.1366373297,95.7949366049,0.311821543982,0.323819653773,253,250,255,0,85.1366373297,0.0,0,0
4.0,0.0,16.0,78.0880988071,81.1080494961,93.5533252409,0.308954545828,0.320902941394,248,247,255,0,81.1080494961,0.0,0,0
4.0,0.0,17.0,74.5532177415,77.4104628171,91.2214174166,0.30656984479,0.31831910533,245,244,255,0,77.4104628171,0.0,0,0
4.0,0.0,18.0,71.1586035459,73.8827746687,88.8411650081,0.304249314914,0.315896918387,241,242,255,0,73.8827746687,0.0,0,0
4.0,0.0,19.0,68.0635738006,70.6313665295,86.4402117118,0.30232317425,0.313728735335,238,240,255,0,70.6313665295,0.0,0,0
4.0,0.0,20.0,65.1095536423,67.5550968975,84.0916190541,0.300381408871,0.311663865705,235,238,255,0,67.5550968975,0.0,0,0
4.0,0.0,21.0,62.4248541687,64.7326981259,81.7888297635,0.298760158246,0.309805307411,232,236,255,0,64.7326981259,0.0,0,0
4.0,0.0,22.0,59.775515396,61.9653989255,79.4499966986,0.297108428472,0.307993033141,230,234,255,0,61.9653989255,0.0,0,0
4.0,0.0,23.0,57.4026784489,59.4724920077,77.1567250644,0.295841455833,0.306508844064,228,233,255,0,59.4724920077,0.0,0,0
4.0,0.0,24.0,55.0603802152,57.0176454883,74.6305328913,0.294900140784,0.305383137856,226,232,255,0,57.0176454883,0.0,0,0
4.0,0.0,25.0,52.7646374151,54.6342201193,72.1223236841,0.293918729015,0.304333002649,225,231,255,0,54.6342201193,0.0,0,0
4.0,0.0,26.0,50.670198586,52.440003089,69.7303049375,0.293161594924,0.303401118851,224,230,255,0,52.440003089,0.0,0,0
4.0,0.0,27.0,48.6964222373,50.3709509845,67.4366972087,0.292463854555,0.302520838405,222,229,255,0,50.3709509845,0.0,0,0
4.0,0.0,28.0,46.7920625712,48.3954582896,65.2545240622,0.291644640865,0.301638253943,221,229,255,0,48.3954582896,0.0,0,0
4.0,0.0,29.0,45.0529472895,46.5744735911,63.1774350582,0.291030581801,0.300859254761,220,228,255,0,46.5744735911,0.0,0,0
4.0,0.0,30.0,43.4119026515,44.8571288053,61.1980538399,0.29044456554,0.300113758934,219,227,255,0,44.8571288053,0.0,0,0
4.0,0.0,31.0,41.8531474667,43.2272273694,59.2831041587,0.289915065487,0.299433261587,219,227,255,0,43.2272273694,0.0,0,0
4.0,0.0,32.0,40.196827382,41.5278928293,57.4043288267,0.288917574438,0.29848470263,217,226,255,0,41.5278928293,0.0,0,0
4.0,0.0,33.0,38.8073469966,40.0735818588,55.6582768841,0.288446380988,0.297858023158,216,225,255,0,40.0735818588,0.0,0,0
4.0,0.0,34.0,37.4902876397,38.6954923234,53.9883064327,0.288001158124,0.297259565208,216,225,255,0,38.6954923234,0.0,0,0
4.0,0.0,35.0,36.2438419513,37.3924986782,52.3978816646,0.287571433311,0.296685281168,215,224,255,0,37.3924986782,0.0,0,0
4.0,0.0,36.0,35.0593036306,36.1550124821,50.8753197555,0.287160358709,0.296134984964,214,224,255,0,36.1550124821,0.0,0,0
4.0,0.0,37.0,33.9317875642,34.9778706693,49.4154916247,0.286767332261,0.295608082569,214,223,255,0,34.9778706693,0.0,0,0
4.0,0.0,38.0,32.8587309047,33.858246527,48.0176950644,0.286388849943,0.295100389363,213,223,255,0,33.858246527,0.0,0,0
4.0,0.0,39.0,31.8354711892,32.7911158204,46.6769415906,0.286023916668,0.294609849596,213,222,255,0,32.7911158204,0.0,0,0
4.0,0.0,40.0,30.8595123565,31.773685789,45.3912806326,0.285671476554,0.294134127268,212,222,255,0,31.773685789,0.0,0,0
4.0,0.0,41.0,29.9290207777,30.8040214417,44.158753596,0.285332332668,0.293674268824,212,222,255,0,30.8040214417,0.0,0,0
4.0,0.0,42.0,29.0383463608,29.8760198279,42.9703038068,0.285011929293,0.29323371052,211,221,255,0,29.8760198279,0.0,0,0
4.0,0.0,43.0,28.1859334163,28.9880164407,41.8260414419,0.284706423167,0.292808272611,211,221,255,0,28.9880164407,0.0,0,0
4.0,0.0,44.0,27.3716336238,28.1402665363,40.7293767586,0.284406384663,0.29239290497,210,221,255,0,28.1402665363,0.0,0,0
4.0,0.0,45.0,26.5923709995,27.3292871794,39.675463926,0.284115263391,0.291988541579,210,220,255,0,27.3292871794,0.0,0,0
4.0,0.0,46.0,25.8462658832,26.5530249097,38.6616987744,0.283834669555,0.29159605047,210,220,255,0,26.5530249097,0.0,0,0
4.0,0.0,47.0,25.1310482753,25.8091714691,37.6861072317,0.283561884293,0.29121337135,209,220,255,0,25.8091714691,0.0,0,0
4.0,0.0,48.0,24.4446541808,25.0954895724,36.7457772766,0.2832982935,0.290841069701,209,219,255,0,25.0954895724,0.0,0,0
4.0,0.0,49.0,23.7852616992,24.4101343231,35.8375751274,0.283046777637,0.290482818697,208,219,255,0,24.4101343231,0.0,0,0
4.0,0.0,50.0,22.9613192229,23.5503604873,34.6194308947,0.283014974794,0.290275337188,208,219,255,0,23.5503604873,0.0,0,0
4.0,0.0,51.0,22.3095918894,22.8725739931,33.6931277902,0.28284638764,0.289984010557,208,219,255,0,22.8725739931,0.0,0,0
4.0,0.0,52.0,21.7461798224,22.2879132574,32.9140399803,0.282608283757,0.289648525196,208,218,255,0,22.2879132574,0.0,0,0
4.0,0.0,53.0,21.2074559271,21.7289807765,32.1677689389,0.282373746525,0.289317763108,207,218,255,0,21.7289807765,0.0,0,0
4.0,0.0,54.0,20.6921347136,21.1943955014,31.4526289942,0.282143058862,0.288991525535,207,218,255,0,21.1943955014,0.0,0,0
4.0,0.0,55.0,20.1986771611,20.6823539726,30.7656245017,0.281920725845,0.288671589611,207,217,255,0,20.6823539726,0.0,0,0
4.0,0.0,56.0,19.7269927214,20.1929468368,30.1072357088,0.281704818825,0.288358723021,207,217,255,0,20.1929468368,0.0,0,0
4.0,0.0,57.0,19.2769731237,19.7261700552,29.4786596862,0.281490444427,0.288049806371,206,217,255,0,19.7261700552,0.0,0,0
4.0,0.0,58.0,18.8526942349,19.2863435954,28.8890952989,0.281265393422,0.287735055342,206,217,255,0,19.2863435954,0.0,0,0
4.0,0.0,59.0,18.4739417117,18.8943238502,28.3797506667,0.280980975113,0.287374812717,205,216,255,0,18.8943238502,0.0,0,0
4.0,0.0,60.0,18.0258819124,18.4300560002,27.7129199481,0.280913242238,0.287211844103,205,216,255,0,18.4300560002,0.0,0,0
4.0,0.0,61.0,17.6178520642,18.0075281192,27.115517299,0.280803316037,0.287014193959,205,216,255,0,18.0075281192,0.0,0,0
4.0,0.0,62.0,17.246836043,17.6235361513,26.5828727707,0.280649720822,0.28677958603,205,216,255,0,17.6235361513,0.0,0,0
4.0,0.0,63.0,16.8938169322,17.2582177364,26.0757134805,0.280498897126,0.286549277812,205,216,255,0,17.2582177364,0.0,0,0
4.0,0.0,64.0,16.5573586278,16.9100426901,25.591769051,0.280352035499,0.28632374252,205,215,255,0,16.9100426901,0.0,0,0
4.0,0.0,65.0,16.1667396964,16.528758259,25.1281842256,0.279586824751,0.285847556496,203,215,255,0,16.528758259,0.0,0,0
4.0,0.0,66.0,15.8641852219,16.2151398567,24.6890883386,0.279454440718,0.28563665744,203,215,255,0,16.2151398567,0.0,0,0
4.0,0.0,67.0,15.57702167,15.9175170201,24.2713091516,0.279329056634,0.285434860872,203,215,255,0,15.9175170201,0.0,0,0
4.0,0.0,68.0,15.3045338371,15.6351297771,23.8741068532,0.279209653096,0.285240910155,203,215,255,0,15.6351297771,0.0,0,0
4.0,0.0,69.0,15.0462551603,15.3674912621,23.4967352292,0.279097027133,0.285055721843,203,214,255,0,15.3674912621,0.0,0,0
4.0,0.0,70.0,14.8016114392,15.1140288643,23.1381720526,0.278992418865,0.284881108314,203,214,255,0,15.1140288643,0.0,0,0
4.0,0.0,71.0,14.570159259,14.8742688639,22.7979715774,0.278895290849,0.28471641711,202,214,255,0,14.8742688639,0.0,0,0
4.0,0.0,72.0,14.3509175376,14.6470457338,22.4741524671,0.278809552156,0.28456272923,202,214,255,0,14.6470457338,0.0,0,0
4.0,0.0,73.0,14.1437136902,14.4322644548,22.1666627602,0.278734284182,0.284420838123,202,214,255,0,14.4322644548,0.0,0,0
4.0,0.0,74.0,13.9483226031,14.2297190236,21.8752287043,0.278669555672,0.284291494432,202,214,255,0,14.2297190236,0.0,0,0
4.0,0.0,75.0,13.7645459546,14.0392548022,21.5995719022,0.27861551173,0.284176039947,202,214,255,0,14.0392548022,0.0,0,0
4.0,0.0,76.0,13.5919105298,13.8603372007,21.3389707787,0.278572885554,0.284074422082,202,214,255,0,13.8603372007,0.0,0,0
4.0,0.0,77.0,13.4300525903,13.6925564267,21.0927779374,0.278542876842,0.283987276503,202,214,255,0,13.6925564267,0.0,0,0
4.0,0.0,78.0,13.2785700011,13.5355112934,20.8601215314,0.278527363101,0.283916887773,202,213,255,0,13.5355112934,0.0,0,0
4.0,0.0,79.0,13.1369516638,13.3886481373,20.6403825979,0.278525984101,0.283862382512,202,213,255,0,13.3886481373,0.0,0,0
4.0,0.0,80.0,13.0048768017,13.2516346811,20.4329897678,0.278539638535,0.283824721321,202,213,255,0,13.2516346811,0.0,0,0
4.0,0.0,81.0,12.8818811944,13.1240017232,20.2371849502,0.278568913967,0.283804737192,202,213,255,0,13.1240017232,0.0,0,0
4.0,0.0,82.0,12.767580128,13.0053591616,20.0521204681,0.278615678746,0.283804521596,202,213,255,0,13.0053591616,0.0,0,0
4.0,0.0,83.0,12.6614569296,12.8951611988,19.8766805686,0.278682316555,0.283826214882,202,213,255,0,12.8951611988,0.0,0,0
4.0,0.0,84.0,12.5631174575,12.7929808948,19.71021426,0.278769589284,0.283870149415,202,213,255,0,12.7929808948,0.0,0,0
4.0,0.0,85.0,12.4720864278,12.6983067957,19.5517924261,0.27887917924,0.283937527007,203,213,255,0,12.6983067957,0.0,0,0
4.0,0.0,86.0,12.4050588762,12.6283533531,19.4391004697,0.278937665614,0.28395862043,203,213,255,0,12.6283533531,0.0,0,0
4.0,0.0,87.0,12.3608005935,12.5819014805,19.3685072532,0.278954259682,0.283943987798,203,213,255,0,12.5819014805,0.0,0,0
4.0,0.0,88.0,12.3254597649,12.5446471843,19.3093003044,0.278986535381,0.283947838238,203,213,255,0,12.5446471843,0.0,0,0
4.0,0.0,89.0,12.2982604291,12.5157696669,19.260067969,0.279036009108,0.283971089969,203,213,255,0,12.5157696669,0.0,0,0
4.0,0.0,90.0,12.2790143526,12.4950798387,19.2204439394,0.279103154035,0.284014342907,203,213,255,0,12.4950798387,0.0,0,0
6.0,0.0,0.0,3.31212904208,3.27464180828,4.38710255771,0.301819505194,0.298403461249,237,225,255,0,3.27464180828,0.0,1,0
6.0,0.0,0.25,3.55735438162,3.35930276832,4.16243287909,0.321087234809,0.303211072346,255,219,245,0,3.35930276832,0.0,1,0
6.0,0.0,0.5,4.25621705443,3.79101529655,4.14314024166,0.349145772377,0.310984366371,255,193,211,0,3.79101529655,0.0,1,0
6.0,0.0,0.75,5.36529340321,4.54108018256,4.20178161894,0.380297305024,0.32187625644,255,173,180,0,4.54108018256,0.0,1,0
6.0,0.0,1.0,6.81526360076,5.5933364745,4.31724707286,0.407468963479,0.334412746031,255,162,157,0,5.5933364745,0.0,1,0
6.0,0.0,1.25,8.51151632516,6.9060758648,4.49784098631,0.427382937134,0.346770055347,255,156,139,0,6.9060758648,0.0,1,0
6.0,0.0,1.5,10.3224535214,8.39914395909,4.75661562708,0.439660951799,0.357742044533,255,155,128,0,8.39914395909,0.0,1,0
6.0,0.0,1.75,12.1229794997,9.9809120312,5.10436212616,0.445562572759,0.366833981959,255,157,120,0,9.9809120312,0.0,1,0
6.0,0.0,2.0,13.8337714042,11.576474321,5.54542225978,0.44688977188,0.373969456147,255,160,116,0,11.576474321,0.0,1,0
6.0,0.0,2.25,15.4870255677,13.1716381509,6.07823252312,0.445837920001,0.37918293158,255,164,115,0,13.1716381509,0.0,1,0
6.0,0.0,2.5,16.8864956218,14.6300304797,6.69340014244,0.441940021397,0.382885598529,255,168,116,0,14.6300304797,0.0,1,0
6.0,0.0,2.75,18.0849800166,15.9552066657,7.37788933707,0.436644618841,0.385223269624,255,173,118,0,15.9552066657,0.0,1,0
6.0,0.0,3.0,19.0798947507,17.1274783891,8.11557045229,0.430474449673,0.386424659578,255,178,122,0,17.1274783891,0.0,1,0
6.0,0.0,3.25,20.0091062393,18.2153945134,8.89097277521,0.424682269775,0.386611725394,255,182,126,0,18.2153945134,0.0,1,0
6.0,0.0,3.5,20.64798551,19.0796765045,9.68384487969,0.417878077554,0.386138324932,255,187,131,0,19.0796765045,0.0,1,0
6.0,0.0,3.75,21.2374989959,19.8555258626,10.4793205063,0.411800139119,0.385003352516,255,190,137,0,19.8555258626,0.0,1,0
6.0,0.0,4.0,21.576738694,20.4263169281,11.2626568719,0.405077444452,0.383479652701,255,195,142,0,20.4263169281,0.0,1,0
6.0,0.0,4.25,21.8982773873,20.9283489886,12.0238458876,0.399235895037,0.381552758344,255,198,148,0,20.9283489886,0.0,1,0
6.0,0.0,4.5,22.0051060896,21.2504034885,12.7532332448,0.39288698479,0.379412256328,255,202,154,0,21.2504034885,0.0,1,0
6.0,0.0,4.75,22.1241566359,21.5271296201,13.4409047165,0.387516335581,0.377059090804,255,205,159,0,21.5271296201,0.0,1,0
6.0,0.0,5.0,22.055979875,21.6465288069,14.0827344672,0.381688795841,0.374603058276,255,209,165,0,21.6465288069,0.0,0,0
6.0,0.0,6.0,21.410451383,21.5200924411,16.1512404976,0.362386675162,0.364242425786,255,220,186,0,21.5200924411,0.0,0,0
6.0,0.0,7.0,20.3396109999,20.7271870457,17.4327815499,0.347688156745,0.354313435909,255,229,204,0,20.7271870457,0.0,0,0
6.0,0.0,8.0,19.0197942542,19.5551831842,18.057453867,0.33584633073,0.345300082187,255,236,220,0,19.5551831842,0.0,0,0
6.0,0.0,9.0,17.6657399315,18.2653332602,18.2074901009,0.326306035054,0.337381196495,255,242,234,0,18.2653332602,0.0,0,0
6.0,0.0,10.0,16.3477330231,16.9623295909,18.0182837838,0.318493272634,0.330467096279,255,247,246,0,16.9623295909,0.0,0,0
6.0,0.0,11.0,15.1213867317,15.7246513846,17.6255840588,0.311963702743,0.324409431312,253,250,255,0,15.7246513846,0.0,0,0
6.0,0.0,12.0,13.9921373592,14.5698617191,17.0979551402,0.306442211751,0.319094969946,244,245,255,0,14.5698617191,0.0,0,0
6.0,0.0,13.0,12.9670280952,13.5133195353,16.5021187472,0.301681806281,0.314391440839,237,240,255,0,13.5133195353,0.0,0,0
6.0,0.0,14.0,12.0809992451,12.5740192167,15.8656094433,0.298144423464,0.310311558995,231,237,255,0,12.5740192167,0.0,0,0
6.0,0.0,15.0,11.2410685129,11.7017319486,15.2339302534,0.294448170455,0.306514772989,225,233,255,0,11.7017319486,0.0,0,0
6.0,0.0,16.0,10.5262055369,10.9425254999,14.6154597905,0.291712389708,0.303249851222,221,230,255,0,10.9425254999,0.0,0,0
6.0,0.0,17.0,9.84229137604,10.231437094,14.0202438026,0.288681274723,0.300095190206,217,227,255,0,10.231437094,0.0,0,0
6.0,0.0,18.0,9.25126025168,9.60113408615,13.4361839967,0.286518042258,0.297353881199,213,225,255,0,9.60113408615,0.0,0,0
6.0,0.0,19.0,8.68233801535,9.00835225905,12.8836116848,0.283975020163,0.294638035271,210,223,255,0,9.00835225905,0.0,0,0
6.0,0.0,20.0,8.18769720203,8.48057363741,12.3512913332,0.282144063832,0.292236443367,207,221,255,0,8.48057363741,0.0,0,0
6.0,0.0,21.0,7.74973671452,8.01652602348,11.8542376575,0.280579156915,0.290238261751,205,219,255,0,8.01652602348,0.0,0,0
6.0,0.0,22.0,7.2989883269,7.5504490077,11.3248264755,0.278861265397,0.288468438405,202,218,255,0,7.5504490077,0.0,0,0
6.0,0.0,23.0,6.90523636105,7.1345239408,10.8122672346,0.27785404434,0.287080155949,201,216,255,0,7.1345239408,0.0,0,0
6.0,0.0,24.0,6.54352570272,6.75345311439,10.3350120127,0.276892698115,0.285775885875,199,215,255,0,6.75345311439,0.0,0,0
6.0,0.0,25.0,6.18437479529,6.3826323898,9.87728714036,0.275543294238,0.284376612481,197,214,255,0,6.3826323898,0.0,0,0
6.0,0.0,26.0,5.87725172092,6.05839342518,9.45408636537,0.27476977529,0.283238404462,196,213,255,0,6.05839342518,0.0,0,0
6.0,0.0,27.0,5.59371181372,5.75982354803,9.06080222275,0.274008979746,0.282145992942,195,212,255,0,5.75982354803,0.0,0,0
6.0,0.0,28.0,5.33073416088,5.48341386114,8.69256318308,0.273276930428,0.28110396486,194,212,255,0,5.48341386114,0.0,0,0
6.0,0.0,29.0,5.06618882774,5.21195434423,8.3444842018,0.272044794006,0.27987212758,192,211,255,0,5.21195434423,0.0,0,0
6.0,0.0,30.0,4.82710709502,4.96006823522,7.99554213001,0.271449349955,0.278926336557,191,210,255,0,4.96006823522,0.0,0,0
6.0,0.0,31.0,4.61673340364,4.73943773238,7.68926969627,0.27084857758,0.278047237323,190,209,255,0,4.73943773238,0.0,0,0
6.0,0.0,32.0,4.41947272589,4.5328917759,7.40009140008,0.270263546492,0.277199449618,190,208,255,0,4.5328917759,0.0,0,0
6.0,0.0,33.0,4.2348959081,4.33968463117,7.1276494803,0.269700284789,0.27637377785,189,208,255,0,4.33968463117,0.0,0,0
6.0,0.0,34.0,4.04851291409,4.15006313903,6.87015100905,0.268669868223,0.275409005811,187,207,255,0,4.15006313903,0.0,0,0
6.0,0.0,35.0,3.88622732215,3.97981370314,6.62333672843,0.268212161226,0.274671126034,187,206,255,0,3.97981370314,0.0,0,0
6.0,0.0,36.0,3.73373472355,3.8202878097,6.3912428942,0.267742105231,0.27394873404,186,206,255,0,3.8202878097,0.0,0,0
6.0,0.0,37.0,3.59048262309,3.67065712045,6.17289395205,0.26726765054,0.273235664256,185,205,255,0,3.67065712045,0.0,0,0
6.0,0.0,38.0,3.45544722716,3.52960852781,5.96590520441,0.266810102972,0.272536419411,185,205,255,0,3.52960852781,0.0,0,0
6.0,0.0,39.0,3.32839368709,3.39713815394,5.76985854344,0.266369723928,0.271871310092,184,204,255,0,3.39713815394,0.0,0,0
6.0,0.0,40.0,3.19745999765,3.26475015298,5.58350708085,0.26544372047,0.271029951163,183,204,255,0,3.26475015298,0.0,0,0
6.0,0.0,41.0,3.08441679522,3.14687441645,5.4063174708,0.265038710217,0.270405587807,182,203,255,0,3.14687441645,0.0,0,0
6.0,0.0,42.0,2.97684881745,3.03485081902,5.23765832226,0.264623885947,0.269779913676,182,203,255,0,3.03485081902,0.0,0,0
6.0,0.0,43.0,2.87486364307,2.92871072365,5.07714319307,0.264216365076,0.269165218889,181,202,255,0,2.92871072365,0.0,0,0
6.0,0.0,44.0,2.777577643,2.8274231227,4.92299171343,0.263827852129,0.268562418553,181,202,255,0,2.8274231227,0.0,0,0
6.0,0.0,45.0,2.68528432358,2.73144988578,4.77606109832,0.263449254353,0.267978489053,180,201,255,0,2.73144988578,0.0,0,0
6.0,0.0,46.0,2.59756202436,2.64030877752,4.63589571253,0.263077116576,0.267406442483,180,201,255,0,2.64030877752,0.0,0,0
6.0,0.0,47.0,2.50445623917,2.54687349992,4.49859826607,0.262248703636,0.266690335104,178,200,255,0,2.54687349992,0.0,0,0
6.0,0.0,48.0,2.37391908252,2.40984853547,4.27305687034,0.26211384416,0.266080957909,178,200,255,0,2.40984853547,0.0,0,0
6.0,0.0,49.0,2.30138299585,2.33461454318,4.15592466905,0.261761073561,0.265540855336,178,199,255,0,2.33461454318,0.0,0,0
6.0,0.0,50.0,2.23244072769,2.26315081695,4.04432244965,0.261412553942,0.265008619345,177,199,255,0,2.26315081695,0.0,0,0
6.0,0.0,51.0,2.16679983614,2.19511812104,3.93781052821,0.26106876146,0.264480714629,177,199,255,0,2.19511812104,0.0,0,0
6.0,0.0,52.0,2.1042798275,2.13028883198,3.83595799633,0.260736370406,0.263959085055,176,198,255,0,2.13028883198,0.0,0,0
6.0,0.0,53.0,2.04453674816,2.06824831696,3.73806797668,0.260422241669,0.263442495478,176,198,255,0,2.06824831696,0.0,0,0
6.0,0.0,54.0,1.98836151194,2.01007044183,3.64635067359,0.260093924034,0.262933629353,176,197,255,0,2.01007044183,0.0,0,0
6.0,0.0,55.0,1.9351419715,1.9549903285,3.55974457331,0.259754893189,0.262419146215,175,197,255,0,1.9549903285,0.0,0,0
6.0,0.0,56.0,1.8856284142,1.9037989635,3.47968723095,0.259402763021,0.261902455251,175,197,255,0,1.9037989635,0.0,0,0
6.0,0.0,57.0,1.83638765802,1.85523621654,3.41216966675,0.258508027765,0.261161336651,173,196,255,0,1.85523621654,0.0,0,0
6.0,0.0,58.0,1.77687012582,1.79369218436,3.30569271902,0.258406664423,0.260853062713,173,196,255,0,1.79369218436,0.0,0,0
6.0,0.0,59.0,1.73009561691,1.74540020252,3.22625623817,0.258155718392,0.260439387718,173,196,255,0,1.74540020252,0.0,0,0
6.0,0.0,60.0,1.68589315311,1.69978719682,3.15117409171,0.257905873254,0.260031367073,173,195,255,0,1.69978719682,0.0,0,0
6.0,0.0,61.0,1.64400308989,1.65658867494,3.07995100852,0.257658814977,0.259631309402,172,195,255,0,1.65658867494,0.0,0,0
6.0,0.0,62.0,1.60430324949,1.61565589075,3.01242834147,0.257413913078,0.25923546883,172,195,255,0,1.61565589075,0.0,0,0
6.0,0.0,63.0,1.56660129524,1.57678461622,2.94832638013,0.25716928513,0.258840953207,172,194,255,0,1.57678461622,0.0,0,0
6.0,0.0,64.0,1.53080690727,1.53989636349,2.88740638452,0.256928286963,0.258453847376,171,194,255,0,1.53989636349,0.0,0,0
6.0,0.0,65.0,1.49683492861,1.50490538671,2.82952922292,0.256691089101,0.258075085853,171,194,255,0,1.50490538671,0.0,0,0
6.0,0.0,66.0,1.46453737635,1.47165716427,2.77445484475,0.256457239365,0.257703995633,171,194,255,0,1.47165716427,0.0,0,0
6.0,0.0,67.0,1.43388231144,1.44009741621,2.72203259048,0.256232872612,0.257343503613,170,193,255,0,1.44009741621,0.0,0,0
6.0,0.0,68.0,1.40006366726,1.40696062402,2.67220847317,0.255521845383,0.256780590368,169,193,255,0,1.40696062402,0.0,0,0
6.0,0.0,69.0,1.37273712917,1.37879931295,2.62497440644,0.255321186516,0.256448717725,169,193,255,0,1.37879931295,0.0,0,0
6.0,0.0,70.0,1.34680805019,1.35208920399,2.5800104233,0.255130063353,0.256130488844,169,192,255,0,1.35208920399,0.0,0,0
6.0,0.0,71.0,1.32213218257,1.32666263668,2.5370921491,0.254948129537,0.255821741734,169,192,255,0,1.32666263668,0.0,0,0
6.0,0.0,72.0,1.29873310139,1.30255886605,2.49622604806,0.254777540254,0.255528055437,168,192,255,0,1.30255886605,0.0,0,0
6.0,0.0,73.0,1.27654410303,1.27970710254,2.45731796843,0.25461782988,0.255248717655,168,192,255,0,1.27970710254,0.0,0,0
6.0,0.0,74.0,1.25550468447,1.25804772781,2.42024362014,0.254470325936,0.254985759351,168,192,255,0,1.25804772781,0.0,0,0
6.0,0.0,75.0,1.23552839349,1.23748788417,2.38483421502,0.254336438586,0.254739804371,168,191,255,0,1.23748788417,0.0,0,0
6.0,0.0,76.0,1.21654094689,1.21794918277,2.35094199947,0.254217574101,0.254511849694,168,191,255,0,1.21794918277,0.0,0,0
6.0,0.0,77.0,1.19848155764,1.1993701165,2.31851012849,0.254111454505,0.25429985372,168,191,255,0,1.1993701165,0.0,0,0
6.0,0.0,78.0,1.18109531562,1.18145092825,2.28684205235,0.254032410366,0.254108896263,167,191,255,0,1.18145092825,0.0,0,0
6.0,0.0,79.0,1.16421144059,1.16398318057,2.25560418302,0.253983974935,0.253934177807,167,191,255,0,1.16398318057,0.0,0,0
6.0,0.0,80.0,1.14830431299,1.14757907482,2.22605433169,0.253940762616,0.253780380449,167,191,255,0,1.14757907482,0.0,0,0
6.0,0.0,81.0,1.12910072489,1.1291309203,2.19719367772,0.253421535108,0.253428312331,167,190,255,0,1.1291309203,0.0,0,0
6.0,0.0,82.0,1.11442178541,1.11397147967,2.16910879681,0.253421549262,0.253319148916,167,190,255,0,1.11397147967,0.0,0,0
6.0,0.0,83.0,1.1002524809,1.09934006215,2.14156592954,0.253446744192,0.253236565559,167,190,255,0,1.09934006215,0.0,0,0
6.0,0.0,84.0,1.08900798247,1.08770349185,2.12068777092,0.25341094004,0.253107386533,167,190,255,0,1.08770349185,0.0,0,0
6.0,0.0,85.0,1.08141533094,1.07980413438,2.10807731195,0.253300575565,0.252923184007,166,190,255,0,1.07980413438,0.0,0,0
6.0,0.0,86.0,1.07451396573,1.07261651639,2.09638734719,0.253213020175,0.252765879521,166,190,255,0,1.07261651639,0.0,0,0
6.0,0.0,87.0,1.06823501161,1.06607260202,2.08552768074,0.253146138911,0.252633699576,166,190,255,0,1.06607260202,0.0,0,0
6.0,0.0,88.0,1.06256123445,1.06014417855,2.07549047878,0.253099488886,0.252523752078,166,190,255,0,1.06014417855,0.0,0,0
6.0,0.0,89.0,1.05749536761,1.0548356062,2.06633139838,0.253070306577,0.252433796331,166,190,255,0,1.0548356062,0.0,0,0
6.0,0.0,90.0,1.0529981143,1.05011124989,2.05795321616,0.253059908128,0.252366127548,166,190,255,0,1.05011124989,0.0,0,0
9.0,0.0,0.0,0.162658429311,0.157443749142,0.209418151531,0.307180706954,0.297332775018,245,223,255,0,0.157443749142,0.0,1,0
9.0,0.0,0.25,0.191631272204,0.170795821989,0.199073909152,0.341283935492,0.304177233828,255,196,220,0,0.170795821989,0.0,1,0
9.0,0.0,0.5,0.256741816176,0.210360740402,0.199109126259,0.385375733855,0.315756606828,255,165,178,0,0.210360740402,0.0,1,0
9.0,0.0,0.75,0.356439650825,0.276836643203,0.204174747322,0.425624464267,0.330570540287,255,147,146,0,0.276836643203,0.0,1,0
9.0,0.0,1.0,0.480940260937,0.367522869388,0.214317054359,0.452530323644,0.345812685148,255,140,124,0,0.367522869388,0.0,1,0
9.0,0.0,1.25,0.620015144936,0.477614775381,0.231003896755,0.466656152334,0.359478111459,255,140,110,0,0.477614775381,0.0,1,0
9.0,0.0,1.5,0.765646705425,0.601224480659,0.255660931824,0.471883851774,0.370547044353,255,144,102,0,0.601224480659,0.0,1,0
9.0,0.0,1.75,0.902833328883,0.728019805253,0.289168650736,0.470220356871,0.3791726797,255,149,99,0,0.728019805253,0.0,1,0
9.0,0.0,2.0,1.03109486181,0.853946187742,0.331554358055,0.465170530568,0.385251266338,255,156,99,0,0.853946187742,0.0,1,0
9.0,0.0,2.25,1.14046376817,0.97141422615,0.382362278813,0.457238935821,0.389462970594,255,163,102,0,0.97141422615,0.0,1,0
9.0,0.0,2.5,1.23448838726,1.07779148481,0.439364424642,0.448636616562,0.391689974645,255,169,107,0,1.07779148481,0.0,1,0
9.0,0.0,2.75,1.30571454469,1.16846547187,0.501681409325,0.438768597668,0.392647810044,255,176,114,0,1.16846547187,0.0,1,0
9.0,0.0,3.0,1.36508324109,1.24716451255,0.566640637277,0.429421569184,0.392327241219,255,182,120,0,1.24716451255,0.0,1,0
9.0,0.0,3.25,1.4069665521,1.30978845805,0.632573325436,0.420074239111,0.391060035569,255,188,128,0,1.30978845805,0.0,1,0
9.0,0.0,3.5,1.43100069843,1.35719845478,0.698481592182,0.410419193189,0.389252287171,255,194,136,0,1.35719845478,0.0,1,0
9.0,0.0,3.75,1.44543592941,1.39123702585,0.7606725911,0.401806251522,0.386739891378,255,199,144,0,1.39123702585,0.0,1,0
9.0,0.0,4.0,1.45036324458,1.41464580822,0.820241741329,0.393558898865,0.383866902756,255,204,151,0,1.41464580822,0.0,1,0
9.0,0.0,4.25,1.44761166346,1.42876114998,0.875988823282,0.385786820038,0.380763180178,255,209,159,0,1.42876114998,0.0,1,0
9.0,0.0,4.5,1.43441252201,1.43014123717,0.924874924705,0.378530021719,0.377402863722,255,214,167,0,1.43014123717,0.0,1,0
9.0,0.0,4.75,1.41776230639,1.42612867236,0.969579464968,0.371777447162,0.373971345368,255,218,174,0,1.42612867236,0.0,1,0
9.0,0.0,5.0,1.39043474811,1.41216173847,1.00896361862,0.364794128844,0.370494416851,255,222,182,0,1.41216173847,0.0,0,0
9.0,0.0,6.0,1.26467850036,1.31458313813,1.10869932916,0.342920793213,0.356452562719,255,237,209,0,1.31458313813,0.0,0,0
9.0,0.0,7.0,1.11846632215,1.17906605988,1.13554780358,0.325790911274,0.343442621825,255,249,234,0,1.17906605988,0.0,0,0
9.0,0.0,8.0,0.989210141513,1.04593007372,1.11317572865,0.31420294505,0.332218904444,254,255,252,0,1.04593007372,0.0,0,0
9.0,0.0,9.0,0.861078507179,0.914560940145,1.0621992117,0.303427576631,0.322273761842,240,248,255,0,0.914560940145,0.0,0,0
9.0,0.0,10.0,0.747861430513,0.796247777012,0.995687110652,0.294457246497,0.313508516929,225,240,255,0,0.796247777012,0.0,0,0
9.0,0.0,11.0,0.658123555502,0.698655743871,0.925153519785,0.288406192319,0.306168410396,216,233,255,0,0.698655743871,0.0,0,0
9.0,0.0,12.0,0.576604259708,0.612166251281,0.855804636434,0.282016662696,0.299410003126,206,227,255,0,0.612166251281,0.0,0,0
9.0,0.0,13.0,0.512161406424,0.541864445831,0.791293009256,0.277546291379,0.29364271787,199,222,255,0,0.541864445831,0.0,0,0
9.0,0.0,14.0,0.453787413381,0.479726705897,0.731603962853,0.272525665447,0.288103715313,192,218,255,0,0.479726705897,0.0,0,0
9.0,0.0,15.0,0.408065419382,0.429733306964,0.678718898877,0.26908056497,0.283368488316,187,214,255,0,0.429733306964,0.0,0,0
9.0,0.0,16.0,0.365236474778,0.384251385361,0.630125887071,0.264738210616,0.278520989036,180,210,255,0,0.384251385361,0.0,0,0
9.0,0.0,17.0,0.331471709122,0.347145367303,0.586618780226,0.261984125236,0.274372059152,177,207,255,0,0.347145367303,0.0,0,0
9.0,0.0,18.0,0.303154484873,0.31634132541,0.548686026287,0.259509671682,0.270798017489,173,204,255,0,0.31634132541,0.0,0,0
9.0,0.0,19.0,0.275393906258,0.287234346766,0.511871466185,0.256299654001,0.267319145488,168,202,255,0,0.287234346766,0.0,0,0
9.0,0.0,20.0,0.252899285364,0.262824806453,0.477696008608,0.254574359081,0.264565621675,166,200,255,0,0.262824806453,0.0,0,0
9.0,0.0,21.0,0.23314831386,0.241539379562,0.447548812473,0.252807509104,0.261906114123,164,198,255,0,0.241539379562,0.0,0,0
9.0,0.0,22.0,0.214218287355,0.221889398156,0.420751799304,0.250003986828,0.258956575831,159,196,255,0,0.221889398156,0.0,0,0
9.0,0.0,23.0,0.199159443088,0.205579323633,0.396305832425,0.248624662473,0.256639048378,158,194,255,0,0.205579323633,0.0,0,0
9.0,0.0,24.0,0.18576438325,0.191194814096,0.374696435353,0.247140279629,0.254364905655,155,192,255,0,0.191194814096,0.0,0,0
9.0,0.0,25.0,0.173832063397,0.17843830871,0.355266464954,0.245686237509,0.252196492626,153,191,255,0,0.17843830871,0.0,0,0
9.0,0.0,26.0,0.162960770057,0.166808026218,0.337503341456,0.244219353458,0.2499850013,151,189,255,0,0.166808026218,0.0,0,0
9.0,0.0,27.0,0.151664323837,0.155154633804,0.319694416652,0.242076753761,0.24764776008,148,188,255,0,0.155154633804,0.0,0,0
9.0,0.0,28.0,0.143105864901,0.146020720795,0.304986226579,0.240873217921,0.245779450937,147,186,255,0,0.146020720795,0.0,0,0
9.0,0.0,29.0,0.135271528433,0.137689467237,0.29147385935,0.239658354246,0.243942176874,145,185,255,0,0.137689467237,0.0,0,0
9.0,0.0,30.0,0.128112981041,0.130086380008,0.279017956522,0.238475151212,0.242148523052,143,184,255,0,0.130086380008,0.0,0,0
9.0,0.0,31.0,0.121633386208,0.12323107947,0.267678695004,0.237313450922,0.240430638673,142,182,255,0,0.12323107947,0.0,0,0
9.0,0.0,32.0,0.115046016961,0.116533662096,0.257194431686,0.235376658527,0.238420283592,139,181,255,0,0.116533662096,0.0,0,0
9.0,0.0,33.0,0.109724958223,0.110892900934,0.247525491557,0.234383246191,0.236878086093,137,180,255,0,0.110892900934,0.0,0,0
9.0,0.0,34.0,0.104721375035,0.105595112158,0.238413151915,0.233372984327,0.235320119188,136,179,255,0,0.105595112158,0.0,0,0
9.0,0.0,35.0,0.10013117964,0.100753134341,0.230026373165,0.23237107509,0.233814424536,135,178,255,0,0.100753134341,0.0,0,0
9.0,0.0,36.0,0.0958777927978,0.0962773319987,0.222207682398,0.231386097239,0.232350322778,133,177,255,0,0.0962773319987,0.0,0,0
9.0,0.0,37.0,0.0919180794035,0.0921170105855,0.214873997151,0.230423628758,0.230922316776,132,176,255,0,0.0921170105855,0.0,0,0
9.0,0.0,38.0,0.0882351464916,0.0882558337305,0.208007087076,0.229481378441,0.229535181674,131,175,255,0,0.0882558337305,0.0,0,0
9.0,0.0,39.0,0.0843351477265,0.0843221437884,0.201431137327,0.227878369476,0.227843232095,128,174,255,0,0.0843221437884,0.0,0,0
9.0,0.0,40.0,0.081143808955,0.0809661790564,0.195299329637,0.227033277948,0.226536285033,127,173,255,0,0.0809661790564,0.0,0,0
9.0,0.0,41.0,0.0781155368614,0.0777891562839,0.189481878037,0.226168425118,0.225223453296,126,172,255,0,0.0777891562839,0.0,0,0
9.0,0.0,42.0,0.0752601330714,0.0747973557859,0.183959823649,0.225318060632,0.223932571712,124,171,255,0,0.0747973557859,0.0,0,0
9.0,0.0,43.0,0.0725528102954,0.0719633801677,0.17868968987,0.224478620936,0.222654922285,123,170,255,0,0.0719633801677,0.0,0,0
9.0,0.0,44.0,0.0698832094658,0.0691875244101,0.173287191443,0.223727985753,0.221500781001,122,170,255,0,0.0691875244101,0.0,0,0
9.0,0.0,45.0,0.0636993399088,0.0625823915815,0.160870217406,0.221831473385,0.217941726748,120,167,255,0,0.0625823915815,0.0,0,0
9.0,0.0,46.0,0.0616485445059,0.0604545446813,0.156797538506,0.221041254069,0.216760159994,118,166,255,0,0.0604545446813,0.0,0,0
9.0,0.0,47.0,0.0594470909863,0.05827789938,0.152974641495,0.219605363249,0.215286215867,116,166,255,0,0.05827789938,0.0,0,0
9.0,0.0,48.0,0.0576857392349,0.056445798998,0.149385619324,0.218906957595,0.214201608431,115,165,255,0,0.056445798998,0.0,0,0
9.0,0.0,49.0,0.0560155137915,0.0547143873958,0.146013995773,0.218176612783,0.21310881405,114,164,255,0,0.0547143873958,0.0,0,0
9.0,0.0,50.0,0.0544557201836,0.0530977762864,0.14285033686,0.217471591626,0.212048576015,113,163,255,0,0.0530977762864,0.0,0,0
9.0,0.0,51.0,0.0529999924351,0.0515904712956,0.139886088177,0.216789675826,0.211024210269,112,163,255,0,0.0515904712956,0.0,0,0
9.0,0.0,52.0,0.051629595954,0.050169278622,0.137085699258,0.21612779396,0.210014727267,111,162,255,0,0.050169278622,0.0,0,0
9.0,0.0,53.0,0.050409297541,0.0489098207133,0.134593470763,0.215504850563,0.209094435314,110,162,255,0,0.0489098207133,0.0,0,0
9.0,0.0,54.0,0.0494940897176,0.0479799572121,0.132731176188,0.214999855552,0.208422539516,109,161,255,0,0.0479799572121,0.0,0,0
9.0,0.0,55.0,0.0474697676416,0.0458938866889,0.128252537284,0.214198102114,0.207087245542,108,160,255,0,0.0458938866889,0.0,0,0
9.0,0.0,56.0,0.0461524563803,0.0445479360885,0.125391491558,0.213577925836,0.20615274974,107,160,255,0,0.0445479360885,0.0,0,0
9.0,0.0,57.0,0.0447269826437,0.0431576460867,0.12269573214,0.212398641824,0.204946206323,105,159,255,0,0.0431576460867,0.0,0,0
9.0,0.0,58.0,0.0435877910168,0.0419917497528,0.120167855277,0.211850997166,0.204093711802,104,158,255,0,0.0419917497528,0.0,0,0
9.0,0.0,59.0,0.0424978915089,0.0408791183516,0.117780598129,0.211266637805,0.203219350042,103,158,255,0,0.0408791183516,0.0,0,0
9.0,0.0,60.0,0.0414699615123,0.0398278639411,0.115505207004,0.210718102228,0.202374239074,102,157,255,0,0.0398278639411,0.0,0,0
9.0,0.0,61.0,0.040508237652,0.0388465698293,0.113368858041,0.210188185982,0.201566163263,102,157,255,0,0.0388465698293,0.0,0,0
9.0,0.0,62.0,0.0396021294208,0.0379234393737,0.111348180063,0.209675138342,0.200787243347,101,156,255,0,0.0379234393737,0.0,0,0
9.0,0.0,63.0,0.0387463064122,0.0370526459544,0.109433163541,0.209177043745,0.200033594459,100,156,255,0,0.0370526459544,0.0,0,0
9.0,0.0,64.0,0.0379360436784,0.0362290455924,0.107614646595,0.208692368804,0.199301893689,99,155,255,0,0.0362290455924,0.0,0,0
9.0,0.0,65.0,0.0371683998455,0.0354500223324,0.105885273768,0.208222018309,0.198595452854,98,155,255,0,0.0354500223324,0.0,0,0
9.0,0.0,66.0,0.0364381557977,0.0347094485614,0.104235342287,0.20776339145,0.197906633599,98,154,255,0,0.0347094485614,0.0,0,0
9.0,0.0,67.0,0.0357435575765,0.0340059827388,0.102660006276,0.207317740132,0.19723955785,97,154,255,0,0.0340059827388,0.0,0,0
9.0,0.0,68.0,0.0350806282579,0.0333353099443,0.101150895258,0.206883784653,0.196590979875,96,153,255,0,0.0333353099443,0.0,0,0
9.0,0.0,69.0,0.034439576829,0.0326857429926,0.0996862826718,0.206457922076,0.195944062068,96,153,255,0,0.0326857429926,0.0,0,0
9.0,0.0,70.0,0.0337040265877,0.0319803896004,0.0982801009114,0.205556831343,0.19504457529,94,153,255,0,0.0319803896004,0.0,0,0
9.0,0.0,71.0,0.0331170604158,0.0313853107241,0.0969262651066,0.205149849406,0.194422200756,93,152,255,0,0.0313853107241,0.0,0,0
9.0,0.0,72.0,0.0325528997075,0.0308135095301,0.0956142768545,0.204760090724,0.193819200857,92,152,255,0,0.0308135095301,0.0,0,0
9.0,0.0,73.0,0.032008368019,0.0302620249635,0.0943397930384,0.204382414914,0.193231524286,92,151,255,0,0.0302620249635,0.0,0,0
9.0,0.0,74.0,0.0314746734644,0.0297216256024,0.093086629358,0.204006196834,0.192643644412,91,151,255,0,0.0297216256024,0.0,0,0
9.0,0.0,75.0,0.030955409647,0.0291963068776,0.0918604531261,0.20363770689,0.192065588858,91,151,255,0,0.0291963068776,0.0,0,0
9.0,0.0,76.0,0.0304399423807,0.0286748839478,0.0906392165396,0.20326624776,0.191479865242,90,150,255,0,0.0286748839478,0.0,0,0
9.0,0.0,77.0,0.0299323620799,0.0281617674786,0.0894298990029,0.202898215103,0.190896139112,89,150,255,0,0.0281617674786,0.0,0,0
9.0,0.0,78.0,0.0294175919411,0.0276405074238,0.0881985477233,0.202521485459,0.190287384281,89,149,255,0,0.0276405074238,0.0,0,0
9.0,0.0,79.0,0.0289040158516,0.0271209579163,0.086963985971,0.202141591242,0.189671691897,88,149,255,0,0.0271209579163,0.0,0,0
9.0,0.0,80.0,0.0283801549228,0.0265909293098,0.0857003358313,0.201747838402,0.189028654845,87,149,255,0,0.0265909293098,0.0,0,0
9.0,0.0,81.0,0.0280164500471,0.0262213796439,0.0848814060587,0.201384444761,0.188481337628,87,148,255,0,0.0262213796439,0.0,0,0
9.0,0.0,82.0,0.0278642359916,0.0260649501547,0.084634474944,0.20109338749,0.188108122646,86,148,255,0,0.0260649501547,0.0,0,0
9.0,0.0,83.0,0.0276327415697,0.0258566279252,0.0843864954358,0.200417539238,0.187535562792,85,148,255,0,0.0258566279252,0.0,0,0
9.0,0.0,84.0,0.0275007281056,0.0257205618223,0.0841579496556,0.200181105886,0.187223061507,84,148,255,0,0.0257205618223,0.0,0,0
9.0,0.0,85.0,0.0273717198497,0.0255875701023,0.0839290549589,0.199956540256,0.186922926995,84,147,255,0,0.0255875701023,0.0,0,0
9.0,0.0,86.0,0.0272532684584,0.0254655621338,0.0837198006909,0.199747448374,0.186644807957,84,147,255,0,0.0254655621338,0.0,0,0
9.0,0.0,87.0,0.0271366245854,0.0253455182208,0.0835115578079,0.199543246951,0.186372737166,83,147,255,0,0.0253455182208,0.0,0,0
9.0,0.0,88.0,0.027024581376,0.0252294467101,0.0833116861552,0.199346726621,0.186104922261,83,147,255,0,0.0252294467101,0.0,0,0
9.0,0.0,89.0,0.0269203889833,0.0251218975518,0.0831292383242,0.199157248624,0.185851994923,82,147,255,0,0.0251218975518,0.0,0,0
9.0,0.0,90.0,0.0268239845444,0.0250222540634,0.0829651760723,0.198974134409,0.185609313,82,147,255,0,0.0250222540634,0.0,0,0
12.0,0.0,0.0,0.00754240413546,0.00692391596686,0.0105941120185,0.300968638493,0.276288770021,235,203,255,0,0.00692391596686,0.0,1,1
12.0,0.0,0.25,0.00995583659394,0.00814647408909,0.0100881101155,0.353163816357,0.288980223009,255,172,211,0,0.00814647408909,0.0,1,1
12.0,0.0,0.5,0.0148661627062,0.0111708271394,0.0101333939384,0.411003731533,0.308839054795,255,142,161,0,0.0111708271394,0.0,1,1
12.0,0.0,0.75,0.0224111552358,0.0162640964261,0.0105175648062,0.455577802713,0.330619338225,255,129,127,0,0.0162640964261,0.0,1,1
12.0,0.0,1.0,0.031559499987,0.0230956542352,0.0112977941183,0.478515377721,0.350183802488,255,128,107,0,0.0230956542352,0.0,1,1
12.0,0.0,1.25,0.0413450145593,0.0311499911907,0.0125996487704,0.485870878639,0.366062843386,255,134,96,0,0.0311499911907,0.0,1,1
12.0,0.0,1.5,0.0518800138005,0.0402765957911,0.0145305610727,0.4862816539,0.377520516668,255,140,90,0,0.0402765957911,0.0,1,1
12.0,0.0,1.75,0.0608626809322,0.049032917559,0.0171137514006,0.479198428967,0.386057543014,255,148,90,0,0.049032917559,0.0,1,1
12.0,0.0,2.0,0.0693660695781,0.0576159188606,0.0202951592534,0.47099003929,0.391207459972,255,156,92,0,0.0576159188606,0.0,1,1
12.0,0.0,2.25,0.0756158557554,0.0648932422969,0.0239730422519,0.459720767346,0.394530629142,255,164,98,0,0.0648932422969,0.0,1,1
12.0,0.0,2.5,0.0808269509658,0.0711460293675,0.0279217997012,0.449301257937,0.395486902698,255,171,105,0,0.0711460293675,0.0,1,1
12.0,0.0,2.75,0.083850142586,0.0757782008695,0.0320120167937,0.437539057414,0.395418797851,255,178,113,0,0.0757782008695,0.0,1,1
12.0,0.0,3.0,0.0860066007375,0.0792752305194,0.0360170912319,0.427258127734,0.393818454363,255,184,121,0,0.0792752305194,0.0,1,1
12.0,0.0,3.25,0.0862360063497,0.0811392020086,0.0397812536497,0.41628441379,0.391680767388,255,191,130,0,0.0811392020086,0.0,1,1
12.0,0.0,3.5,0.086061499282,0.0821742483758,0.0432147557221,0.407005412172,0.388621672979,255,196,139,0,0.0821742483758,0.0,1,1
12.0,0.0,3.75,0.0842656338553,0.0817506928383,0.046153748839,0.397160785487,0.385307365485,255,202,148,0,0.0817506928383,0.0,1,1
12.0,0.0,4.0,0.082526120714,0.0809087615829,0.0486611446207,0.389097909628,0.381472311192,255,207,156,0,0.0809087615829,0.0,1,1
12.0,0.0,4.25,0.0794250271948,0.0788426078884,0.0505682303621,0.38032273348,0.377533848031,255,212,165,0,0.0788426078884,0.0,1,1
12.0,0.0,4.5,0.0767677448996,0.076753821483,0.0520651576946,0.373408084808,0.373340359537,255,216,173,0,0.076753821483,0.0,1,1
12.0,0.0,4.75,0.0729421383403,0.0736674494548,0.052983205556,0.365454769762,0.369088724187,255,221,182,0,0.0736674494548,0.0,1,1
12.0,0.0,5.0,0.0698604201244,0.0708757198474,0.0535638294807,0.359549310899,0.364774734897,255,224,189,0,0.0708757198474,0.0,0,1
12.0,0.0,6.0,0.0555462157327,0.0574670950387,0.0523605473393,0.335882686461,0.347498061031,255,238,220,0,0.0574670950387,0.0,0,1
12.0,0.0,7.0,0.0435382442064,0.0453534883144,0.0482062861879,0.3175701926,0.33081067649,255,249,247,0,0.0453534883144,0.0,0,1
12.0,0.0,8.0,0.0336770394998,0.0353258466922,0.0433172200768,0.299830908451,0.314510445776,234,241,255,0,0.0353258466922,0.0,0,1
12.0,0.0,9.0,0.0266697903414,0.027930875032,0.0387258544323,0.285768615362,0.299281223495,212,227,255,0,0.027930875032,0.0,0,1
12.0,0.0,10.0,0.0214994279021,0.0224508594443,0.0348639495724,0.272786094779,0.284857918087,193,215,255,0,0.0224508594443,0.0,0,1
12.0,0.0,11.0,0.0177462512333,0.0184560096889,0.0317424108152,0.261186797722,0.271632921567,176,205,255,0,0.0184560096889,0.0,0,1
12.0,0.0,12.0,0.0150094319871,0.0155348193644,0.0292599859944,0.250976062118,0.259761181713,161,196,255,0,0.0155348193644,0.0,0,1
12.0,0.0,13.0,0.0129901269738,0.0133691121503,0.0272712560978,0.242215309034,0.249281907523,148,189,255,0,0.0133691121503,0.0,0,1
12.0,0.0,14.0,0.0114417136024,0.0117010046673,0.025595645909,0.234757850315,0.240077911199,137,183,255,0,0.0117010046673,0.0,0,1
12.0,0.0,15.0,0.0103569879934,0.0105422040589,0.0243385961872,0.228945498807,0.233039776461,128,178,255,0,0.0105422040589,0.0,0,1
12.0,0.0,16.0,0.00943389113909,0.00955921575574,0.0231001292102,0.224118932447,0.227096242539,121,174,255,0,0.00955921575574,0.0,0,1
12.0,0.0,17.0,0.00871453626832,0.00877590133457,0.0219938985944,0.220708693816,0.222262856103,115,171,255,0,0.00877590133457,0.0,0,1
12.0,0.0,18.0,0.00808930118444,0.00811008990858,0.0210343368206,0.217257353419,0.217815683871,110,168,255,0,0.00811008990858,0.0,0,1
12.0,0.0,19.0,0.00756693247145,0.00755433069113,0.020190480381,0.21428940381,0.21393253159,105,166,255,0,0.00755433069113,0.0,0,1
12.0,0.0,20.0,0.00714315119157,0.00709629285169,0.0194340494459,0.212129792647,0.210738242944,101,164,255,0,0.00709629285169,0.0,0,1
12.0,0.0,21.0,0.00676047816806,0.00669147021105,0.018745540852,0.20996911031,0.207825838935,98,162,255,0,0.00669147021105,0.0,0,1
12.0,0.0,22.0,0.00644168306445,0.00635160012557,0.0181180174907,0.208392494738,0.205478255062,95,160,255,0,0.00635160012557,0.0,0,1
12.0,0.0,23.0,0.00615424052667,0.00604965237492,0.0175554279199,0.206800436192,0.203285969166,92,159,255,0,0.00604965237492,0.0,0,1
12.0,0.0,24.0,0.0058885438604,0.00576986801042,0.01698171604,0.205604663455,0.201460972115,90,158,255,0,0.00576986801042,0.0,0,1
12.0,0.0,25.0,0.00564686990642,0.00551871974418,0.0164606043183,0.204402745915,0.199764026503,88,157,255,0,0.00551871974418,0.0,0,1
12.0,0.0,26.0,0.0054322186441,0.00529423910641,0.0159696297615,0.203483699312,0.198315168993,86,156,255,0,0.00529423910641,0.0,0,1
12.0,0.0,27.0,0.0052301144568,0.00508554596706,0.0155061215697,0.202546611931,0.196947908875,84,155,255,0,0.00508554596706,0.0,0,1
12.0,0.0,28.0,0.0050478023028,0.00489616655262,0.015067308204,0.201821054192,0.195758358959,83,154,255,0,0.00489616655262,0.0,0,1
12.0,0.0,29.0,0.00487473338451,0.0047182813906,0.0146511042045,0.201068695819,0.1946155022,82,153,255,0,0.0047182813906,0.0,0,1
12.0,0.0,30.0,0.00471665347765,0.00455488729043,0.0142558275239,0.200475183587,0.193599523496,81,153,255,0,0.00455488729043,0.0,0,1
12.0,0.0,31.0,0.00456879568542,0.00440321146785,0.0138802009129,0.199927975108,0.192682101226,80,152,255,0,0.00440321146785,0.0,0,1
12.0,0.0,32.0,0.00442620153578,0.00425657659083,0.0135208416325,0.199345943761,0.191706426115,79,151,255,0,0.00425657659083,0.0,0,1
12.0,0.0,33.0,0.00429434948346,0.00412106708183,0.013178263285,0.198870665548,0.190845984121,78,151,255,0,0.00412106708183,0.0,0,1
12.0,0.0,34.0,0.00416748621278,0.00399149766039,0.012850472409,0.198362401997,0.189985766732,77,150,255,0,0.00399149766039,0.0,0,1
12.0,0.0,35.0,0.00404860892764,0.00386958853675,0.0125363110442,0.197932349532,0.189180225725,76,150,255,0,0.00386958853675,0.0,0,1
12.0,0.0,36.0,0.0039350409627,0.00375327264102,0.012234586682,0.197513459701,0.188389872318,75,149,255,0,0.00375327264102,0.0,0,1
12.0,0.0,37.0,0.00382504026982,0.00364113238213,0.0119442020133,0.197061640271,0.187586919105,75,149,255,0,0.00364113238213,0.0,0,1
12.0,0.0,38.0,0.00372061953363,0.00353432543504,0.0116642182959,0.196658778277,0.186811931671,74,148,255,0,0.00353432543504,0.0,0,1
12.0,0.0,39.0,0.00362073584471,0.00343202294107,0.0113936941318,0.196283581504,0.186053273028,73,148,255,0,0.00343202294107,0.0,0,1
12.0,0.0,40.0,0.00352241698754,0.00333182938483,0.0111315018148,0.195844896242,0.185248306057,73,147,255,0,0.00333182938483,0.0,0,1
12.0,0.0,41.0,0.00341796508602,0.00322584260661,0.0108465690804,0.195419751694,0.184435283955,72,147,255,0,0.00322584260661,0.0,0,1
12.0,0.0,42.0,0.00310053033453,0.00289083531458,0.0100952387412,0.192739888375,0.179704507206,67,143,255,0,0.00289083531458,0.0,0,1
12.0,0.0,43.0,0.00302924753525,0.00281936708315,0.0098927243202,0.192439000714,0.17910592575,66,143,255,0,0.00281936708315,0.0,0,1
12.0,0.0,44.0,0.00296283077005,0.00275273681763,0.00970417008524,0.192145342087,0.17852034036,66,143,255,0,0.00275273681763,0.0,0,1
12.0,0.0,45.0,0.00290018444149,0.00268997505873,0.00952578912837,0.191862549467,0.177956086305,65,142,255,0,0.00268997505873,0.0,0,1
12.0,0.0,46.0,0.00284121376665,0.0026309591868,0.00935746251359,0.191590263494,0.177412262941,65,142,255,0,0.0026309591868,0.0,0,1
12.0,0.0,47.0,0.00278582807075,0.0025755782433,0.0091990391291,0.191328492087,0.17688869845,64,142,255,0,0.0025755782433,0.0,0,1
12.0,0.0,48.0,0.0027339743332,0.00252376221954,0.0090504526423,0.191077591715,0.176385857437,64,141,255,0,0.00252376221954,0.0,0,1
12.0,0.0,49.0,0.00268572803093,0.00247557119992,0.00891197240019,0.190838925116,0.17590587781,63,141,255,0,0.00247557119992,0.0,0,1
12.0,0.0,50.0,0.00264251303517,0.00243262413596,0.00878605322274,0.190641132549,0.175498933846,63,141,255,0,0.00243262413596,0.0,0,1
12.0,0.0,51.0,0.00260940590401,0.00240109825295,0.00867890328356,0.190614963821,0.175398260544,63,141,255,0,0.00240109825295,0.0,0,1
12.0,0.0,52.0,0.00251725503888,0.00230936083939,0.00842156099973,0.190007656303,0.174315368874,62,140,255,0,0.00230936083939,0.0,0,1
12.0,0.0,53.0,0.00245987659891,0.00225321640384,0.00825250032916,0.189723411489,0.173784287857,61,139,255,0,0.00225321640384,0.0,0,1
12.0,0.0,54.0,0.00240588272436,0.00220046249345,0.00809286020459,0.189451437656,0.173275604281,61,139,255,0,0.00220046249345,0.0,0,1
12.0,0.0,55.0,0.00235501198315,0.00215083639908,0.00794192456484,0.189191431525,0.172788852129,60,139,255,0,0.00215083639908,0.0,0,1
12.0,0.0,56.0,0.00230700752922,0.00210407653021,0.00779901276701,0.188942607255,0.172322673613,59,139,255,0,0.00210407653021,0.0,0,1
12.0,0.0,57.0,0.0022616270636,0.00205993659344,0.00766348010554,0.188704113927,0.171875600478,59,138,255,0,0.00205993659344,0.0,0,1
12.0,0.0,58.0,0.00221864772605,0.00201819039674,0.00753473130812,0.188475100034,0.171446161753,59,138,255,0,0.00201819039674,0.0,0,1
12.0,0.0,59.0,0.00217786519593,0.00197863085566,0.00741221850794,0.188254726549,0.171032904777,58,138,255,0,0.00197863085566,0.0,0,1
12.0,0.0,60.0,0.00213909150247,0.00194106772583,0.00729543568856,0.18804216554,0.170634392313,58,137,255,0,0.00194106772583,0.0,0,1
12.0,0.0,61.0,0.00210215313734,0.00190532556619,0.00718391437859,0.187836592095,0.170249186335,57,137,255,0,0.00190532556619,0.0,0,1
12.0,0.0,62.0,0.00206688743095,0.00187124032913,0.00707721247746,0.187637184724,0.169875853925,57,137,255,0,0.00187124032913,0.0,0,1
12.0,0.0,63.0,0.00203314200402,0.00183865847013,0.00697491485801,0.187443105286,0.169512927539,56,137,255,0,0.00183865847013,0.0,0,1
12.0,0.0,64.0,0.00200077172857,0.00180743408752,0.00687662435018,0.187253489053,0.169158897184,56,136,255,0,0.00180743408752,0.0,0,1
12.0,0.0,65.0,0.0019696372043,0.00177742726469,0.00678195828212,0.187067427895,0.168812178177,56,136,255,0,0.00177742726469,0.0,0,1
12.0,0.0,66.0,0.00193960263185,0.00174850194294,0.00669054255294,0.186883955874,0.168471085048,55,136,255,0,0.00174850194294,0.0,0,1
12.0,0.0,67.0,0.00191053411403,0.0017205241843,0.00660200708411,0.186702033323,0.168133801554,55,136,255,0,0.0017205241843,0.0,0,1
12.0,0.0,68.0,0.00188229765407,0.00169336020055,0.00651598028238,0.186520526055,0.167798347261,54,135,255,0,0.00169336020055,0.0,0,1
12.0,0.0,69.0,0.00185475713538,0.00166687433903,0.0064320835437,0.186338179465,0.167462533938,54,135,255,0,0.00166687433903,0.0,0,1
12.0,0.0,70.0,0.00182777213458,0.00164092689354,0.00634992529367,0.186153586763,0.167123910617,53,135,255,0,0.00164092689354,0.0,0,1
12.0,0.0,71.0,0.00180119548566,0.0016153716725,0.00626909429714,0.185965150029,0.166779695941,53,135,255,0,0.0016153716725,0.0,0,1
12.0,0.0,72.0,0.00177487047174,0.00159005320924,0.00618915187918,0.185771031489,0.166426693952,53,135,255,0,0.00159005320924,0.0,0,1
12.0,0.0,73.0,0.00174862748699,0.00156480345335,0.00610962264617,0.185569090841,0.166061185897,52,134,255,0,0.00156480345335,0.0,0,1
12.0,0.0,74.0,0.00172228000649,0.00153943777814,0.00602998326238,0.185356803644,0.1656787891,52,134,255,0,0.00153943777814,0.0,0,1
12.0,0.0,75.0,0.00169561959548,0.00151375004225,0.00594964851956,0.185131153401,0.165274270261,51,134,255,0,0.00151375004225,0.0,0,1
12.0,0.0,76.0,0.00166840961914,0.0014875063705,0.00586795374877,0.184888486593,0.164841294657,50,134,255,0,0.0014875063705,0.0,0,1
12.0,0.0,77.0,0.00164048324876,0.00146053024028,0.00578451624968,0.184624135757,0.164371768845,50,133,255,0,0.00146053024028,0.0,0,1
12.0,0.0,78.0,0.00162174494312,0.00144246184859,0.00572883864285,0.184434955465,0.164045763134,49,133,255,0,0.00144246184859,0.0,0,1
12.0,0.0,79.0,0.0016151725727,0.00143625625899,0.00570937968976,0.18436341449,0.163941062685,49,133,255,0,0.00143625625899,0.0,0,1
12.0,0.0,80.0,0.00160899421151,0.00143045265466,0.00569084723129,0.184300115615,0.163849308934,49,133,255,0,0.00143045265466,0.0,0,1
12.0,0.0,81.0,0.00160297836811,0.00142481083451,0.00567271564786,0.184239695933,0.163761857386,49,133,255,0,0.00142481083451,0.0,0,1
12.0,0.0,82.0,0.00159713644775,0.00141933882648,0.00565506148145,0.184181477027,0.16367788853,49,133,255,0,0.00141933882648,0.0,0,1
12.0,0.0,83.0,0.00159147626839,0.00141404164044,0.0056379441844,0.184124862379,0.16359667286,48,133,255,0,0.00141404164044,0.0,0,1
12.0,0.0,84.0,0.00158600274846,0.00140892184491,0.00562140948874,0.184069319196,0.163517550676,48,133,255,0,0.00140892184491,0.0,0,1
12.0,0.0,85.0,0.00158071841631,0.00140397999025,0.00560549196007,0.184014363925,0.163439915803,48,133,255,0,0.00140397999025,0.0,0,1
12.0,0.0,86.0,0.00157562378448,0.00139921491507,0.00559021693624,0.183959550467,0.163363202129,48,133,255,0,0.00139921491507,0.0,0,1
12.0,0.0,87.0,0.00157071761982,0.00139462396241,0.00557560199826,0.183904460323,0.163286872143,48,133,255,0,0.00139462396241,0.0,0,1
12.0,0.0,88.0,0.00156599713202,0.00139020312492,0.00556165808034,0.183848694121,0.163210406874,47,132,255,0,0.00139020312492,0.0,0,1
12.0,0.0,89.0,0.00156145809684,0.00138594713277,0.00554839029708,0.183791864097,0.163133296749,47,132,255,0,0.00138594713277,0.0,0,1
12.0,0.0,90.0,0.00155709492557,0.00138184949388,0.00553579854481,0.183733587218,0.16305503302,47,132,255,0,0.00138184949388,0.0,0,1
15.0,0.0,0.0,0.000218330528283,0.000174885199829,0.000340718005398,0.297479892686,0.238284727686,231,167,255,0,0.000174885199829,0.0,1,1
15.0,0.0,0.25,0.000374666409876,0.00025762393412,0.000322439722094,0.392431770176,0.269839552843,255,124,182,0,0.00025762393412,0.0,1,1
15.0,0.0,0.5,0.000662919931938,0.000432083961012,0.000325888803245,0.466551720417,0.304093308502,255,104,130,0,0.000432083961012,0.0,1,1
15.0,0.0,0.75,0.00106135863627,0.000698783873877,0.00034437660649,0.504323590069,0.332039689424,255,103,100,0,0.000698783873877,0.0,1,1
15.0,0.0,1.0,0.00151423989084,0.00103311306606,0.000380908099193,0.517112327704,0.352807706099,255,110,84,0,0.00103311306606,0.0,1,1
15.0,0.0,1.25,0.00195153445799,0.00139130482416,0.000439237905691,0.515995407037,0.367867908311,255,119,76,0,0.00139130482416,0.0,1,1
15.0,0.0,1.5,0.00236121639969,0.00174871610405,0.000519428147703,0.510052376014,0.377744625168,255,128,74,0,0.00174871610405,0.0,1,1
15.0,0.0,1.75,0.00264561096722,0.0020399641693,0.000617620977519,0.498871041224,0.384666930174,255,137,77,0,0.0020399641693,0.0,1,1
15.0,0.0,2.0,0.00282094434708,0.00225749480434,0.000727163135232,0.485900378255,0.388847649714,255,146,84,0,0.00225749480434,0.0,1,1
15.0,0.0,2.25,0.00288741183394,0.0023913457716,0.000839925470584,0.471900864617,0.390826872686,255,155,92,0,0.0023913457716,0.0,1,1
15.0,0.0,2.5,0.00291638005944,0.0024743442561,0.000948886164349,0.460025118056,0.390299098651,255,161,100,0,0.0024743442561,0.0,1,1
15.0,0.0,2.75,0.00282657463999,0.00246198217186,0.00104491815756,0.446291278271,0.388725333841,255,169,110,0,0.00246198217186,0.0,1,1
15.0,0.0,3.0,0.00267681981446,0.00238805159402,0.00112433505065,0.432498064516,0.385841320659,255,176,121,0,0.00238805159402,0.0,1,1
15.0,0.0,3.25,0.00248468322028,0.00226790927457,0.00118589365351,0.418403471559,0.381900238194,255,184,133,0,0.00226790927457,0.0,1,1
15.0,0.0,3.5,0.002332557431,0.00215295850507,0.00123010647386,0.408102086476,0.376679624835,255,188,142,0,0.00215295850507,0.0,1,1
15.0,0.0,3.75,0.00211573904255,0.0019863402652,0.00125349906483,0.395053324844,0.370891830353,255,195,155,0,0.0019863402652,0.0,1,1
15.0,0.0,4.0,0.0019339884545,0.00183130933407,0.00126118043384,0.384760137999,0.364332491466,255,199,165,0,0.00183130933407,0.0,1,1
15.0,0.0,4.25,0.00173474206479,0.00166406972949,0.00125678929298,0.372613983087,0.35743391633,255,205,178,0,0.00166406972949,0.0,1,1
15.0,0.0,4.5,0.00154152362595,0.00149669977824,0.00123905449826,0.360398286273,0.349918759635,255,212,192,0,0.00149669977824,0.0,1,1
15.0,0.0,4.75,0.00139382212486,0.00135805242378,0.00121489670834,0.351374464159,0.342357130219,255,216,203,0,0.00135805242378,0.0,1,1
15.0,0.0,5.0,0.00123941453789,0.00121899033079,0.00118607644401,0.340079817003,0.334475670528,255,222,217,0,0.00121899033079,0.0,0,1
15.0,0.0,6.0,0.000821888559288,0.000822888100113,0.00107551276878,0.302132762336,0.302500201482,237,229,255,0,0.000822888100113,0.0,0,1
15.0,0.0,7.0,0.000578754542775,0.000584683492425,0.00101400218537,0.265795835545,0.268518734477,184,201,255,0,0.000584683492425,0.0,0,1
15.0,0.0,8.0,0.000446550428636,0.000454560766061,0.000994585230639,0.235560094258,0.239785632333,139,182,255,0,0.000454560766061,0.0,0,1
15.0,0.0,9.0,0.000376539107359,0.000385869084792,0.000981846575017,0.215873916154,0.221222892467,105,171,255,0,0.000385869084792,0.0,0,1
15.0,0.0,10.0,0.000342504131953,0.000349545809726,0.000964095234997,0.206808036383,0.211059884513,87,165,255,0,0.000349545809726,0.0,0,1
15.0,0.0,11.0,0.000318656926151,0.000321647618142,0.000938022204015,0.201895410119,0.203790259835,77,160,255,0,0.000321647618142,0.0,0,1
15.0,0.0,12.0,0.000302681241525,0.000301844814633,0.000911209575336,0.199692634544,0.199140805535,74,157,255,0,0.000301844814633,0.0,0,1
15.0,0.0,13.0,0.000285075782587,0.000281224023408,0.000874578275695,0.197848649521,0.195175446821,71,155,255,0,0.000281224023408,0.0,0,1
15.0,0.0,14.0,0.000268327427745,0.00026211068007,0.000836544199038,0.196291807436,0.191744018014,68,152,255,0,0.00026211068007,0.0,0,1
15.0,0.0,15.0,0.00025314378422,0.000245074409262,0.00080017679732,0.194966698126,0.188751813584,66,150,255,0,0.000245074409262,0.0,0,1
15.0,0.0,16.0,0.000239403809051,0.000229889744933,0.000765843342089,0.193827752868,0.186124911064,65,148,255,0,0.000229889744933,0.0,0,1
15.0,0.0,17.0,0.000226934639175,0.000216301534781,0.000733566307737,0.192840041303,0.183804451593,63,147,255,0,0.000216301534781,0.0,0,1
15.0,0.0,18.0,0.000215569196334,0.000204078380765,0.000703244703377,0.19197673729,0.181743506758,62,145,255,0,0.000204078380765,0.0,0,1
15.0,0.0,19.0,0.00020516956122,0.000193029943615,0.00067477425408,0.191215823794,0.179901830786,61,144,255,0,0.000193029943615,0.0,0,1
15.0,0.0,20.0,0.000195973881391,0.000183347908807,0.000649083887004,0.190560870808,0.178283641243,60,143,255,0,0.000183347908807,0.0,0,1
15.0,0.0,21.0,0.000188547401767,0.000175665341163,0.000627205448061,0.190179485792,0.17718591686,59,142,255,0,0.000175665341163,0.0,0,1
15.0,0.0,22.0,0.000180480310931,0.000167374473591,0.000603728595247,0.189663160127,0.175890496986,59,141,255,0,0.000167374473591,0.0,0,1
15.0,0.0,23.0,0.000173026961339,0.00015977963808,0.000581737042133,0.18919486559,0.174709692157,58,140,255,0,0.00015977963808,0.0,0,1
15.0,0.0,24.0,0.000166110991265,0.000152787441807,0.000561082476487,0.188766585116,0.173625859547,57,140,255,0,0.000152787441807,0.0,0,1
15.0,0.0,25.0,0.000159682703451,0.000146333855202,0.000541685148314,0.188371336449,0.172624230905,57,139,255,0,0.000146333855202,0.0,0,1
15.0,0.0,26.0,0.000153695561017,0.000140360830502,0.000523459080208,0.188003244382,0.171691956123,56,138,255,0,0.000140360830502,0.0,0,1
15.0,0.0,27.0,0.000148103500526,0.000134813441775,0.000506305121909,0.187657577306,0.170818135844,56,138,255,0,0.000134813441775,0.0,0,1
15.0,0.0,28.0,0.000142871468851,0.000129649060606,0.000490152685683,0.187329862928,0.16999293804,55,137,255,0,0.000129649060606,0.0,0,1
15.0,0.0,29.0,0.000137960840337,0.000124823716443,0.000474907514447,0.187016840384,0.169208428979,55,137,255,0,0.000124823716443,0.0,0,1
15.0,0.0,30.0,0.000133344575034,0.000120305301581,0.000460510667229,0.186715124748,0.168456942375,54,136,255,0,0.000120305301581,0.0,0,1
15.0,0.0,31.0,0.000128992558818,0.000116060335141,0.000446884905167,0.186422188499,0.167732324043,54,135,255,0,0.000116060335141,0.0,0,1
15.0,0.0,32.0,0.00012487984343,0.000112060996307,0.000433966762623,0.186135680965,0.167028955869,54,135,255,0,0.000112060996307,0.0,0,1
15.0,0.0,33.0,0.000120985986443,0.000108284185767,0.000421705865027,0.185853210445,0.166341277671,53,134,255,0,0.000108284185767,0.0,0,1
15.0,0.0,34.0,0.000117287797797,0.000104705338533,0.00041003696396,0.185573120241,0.165665113869,53,134,255,0,0.000104705338533,0.0,0,1
15.0,0.0,35.0,0.0001137669899,0.000101304693205,0.000398910824514,0.185293536034,0.164996057621,52,134,255,0,0.000101304693205,0.0,0,1
15.0,0.0,36.0,0.000110407604567,9.80649871408e-05,0.000388284703394,0.185012576257,0.164329766801,52,133,255,0,9.80649871408e-05,0.0,0,1
15.0,0.0,37.0,0.000107192647508,9.49685890131e-05,0.000378109490052,0.184728683698,0.163662553811,51,133,255,0,9.49685890131e-05,0.0,0,1
15.0,0.0,38.0,0.000103813330902,9.17057389651e-05,0.000367454654765,0.184401733793,0.162895238184,51,132,255,0,9.17057389651e-05,0.0,0,1
15.0,0.0,39.0,9.4725328031e-05,8.26371824204e-05,0.000341187983558,0.182673296285,0.159361881582,47,130,255,0,8.26371824204e-05,0.0,0,1
15.0,0.0,40.0,9.22880777428e-05,8.03475280237e-05,0.000333149056192,0.182465156981,0.158857185808,46,129,255,0,8.03475280237e-05,0.0,0,1
15.0,0.0,41.0,9.01168725742e-05,7.83007959707e-05,0.000326019448751,0.182261544334,0.158363507171,46,129,255,0,7.83007959707e-05,0.0,0,1
15.0,0.0,42.0,8.80834698704e-05,7.63872559423e-05,0.00031932759123,0.182066507401,0.157890702078,46,129,255,0,7.63872559423e-05,0.0,0,1
15.0,0.0,43.0,8.61856623809e-05,7.46035537753e-05,0.000313071786426,0.181879626961,0.157437631223,45,128,255,0,7.46035537753e-05,0.0,0,1
15.0,0.0,44.0,8.44149477133e-05,7.29414639496e-05,0.000307224645277,0.181701226196,0.157004817265,45,128,255,0,7.29414639496e-05,0.0,0,1
15.0,0.0,45.0,8.27744715193e-05,7.14025405769e-05,0.000301802591438,0.181531083579,0.156591523006,45,128,255,0,7.14025405769e-05,0.0,0,1
15.0,0.0,46.0,8.12576765805e-05,6.99808913979e-05,0.000296782041705,0.181370398647,0.156200161076,44,127,255,0,6.99808913979e-05,0.0,0,1
15.0,0.0,47.0,7.9878904671e-05,6.86935102595e-05,0.000292188399643,0.181229596711,0.155852126569,44,127,255,0,6.86935102595e-05,0.0,0,1
15.0,0.0,48.0,7.86396777717e-05,6.7574691397e-05,0.000287829701004,0.181179016546,0.155686244878,44,127,255,0,6.7574691397e-05,0.0,0,1
15.0,0.0,49.0,7.58614526618e-05,6.49916649543e-05,0.000278679602678,0.180823685477,0.154914412656,43,126,255,0,6.49916649543e-05,0.0,0,1
15.0,0.0,50.0,7.39835125041e-05,6.32700283096e-05,0.000272323824096,0.18063379191,0.154476379141,43,126,255,0,6.32700283096e-05,0.0,0,1
15.0,0.0,51.0,7.22240501154e-05,6.16594908145e-05,0.000266355962684,0.180452077977,0.154056484324,43,126,255,0,6.16594908145e-05,0.0,0,1
15.0,0.0,52.0,7.05684490803e-05,6.01466742177e-05,0.000260726945314,0.180278142639,0.153654088409,42,125,255,0,6.01466742177e-05,0.0,0,1
15.0,0.0,53.0,6.90081218667e-05,5.87233279109e-05,0.000255409693321,0.180111489225,0.153268133607,42,125,255,0,5.87233279109e-05,0.0,0,1
15.0,0.0,54.0,6.75351535074e-05,5.73818549769e-05,0.000250379218282,0.179951592078,0.152897500386,41,125,255,0,5.73818549769e-05,0.0,0,1
15.0,0.0,55.0,6.61416163426e-05,5.61147449576e-05,0.000245610047478,0.179797923279,0.152541095405,41,125,255,0,5.61147449576e-05,0.0,0,1
15.0,0.0,56.0,6.48204740389e-05,5.4915316466e-05,0.000241079644783,0.179649947589,0.152197802797,41,124,255,0,5.4915316466e-05,0.0,0,1
15.0,0.0,57.0,6.35654488943e-05,5.37775978251e-05,0.00023676795016,0.179507130404,0.151866500332,41,124,255,0,5.37775978251e-05,0.0,0,1
15.0,0.0,58.0,6.23707515839e-05,5.2696094343e-05,0.000232656405378,0.17936894168,0.151546076212,40,124,255,0,5.2696094343e-05,0.0,0,1
15.0,0.0,59.0,6.12310045888e-05,5.16657126969e-05,0.000228727725694,0.179234846473,0.151235409991,40,124,255,0,5.16657126969e-05,0.0,0,1
15.0,0.0,60.0,6.01411745329e-05,5.06816952902e-05,0.000224965691122,0.179104298144,0.150933358622,40,124,255,0,5.06816952902e-05,0.0,0,1
15.0,0.0,61.0,5.90966015193e-05,4.97396374016e-05,0.000221355283789,0.178976737604,0.150638747456,39,123,255,0,4.97396374016e-05,0.0,0,1
15.0,0.0,62.0,5.8092646175e-05,4.88351848835e-05,0.000217881424988,0.178851572403,0.150350348626,39,123,255,0,4.88351848835e-05,0.0,0,1
15.0,0.0,63.0,5.71249452033e-05,4.79642408639e-05,0.00021452994241,0.178728180242,0.150066865811,39,123,255,0,4.79642408639e-05,0.0,0,1
15.0,0.0,64.0,5.61893037303e-05,4.71228686187e-05,0.000211287206409,0.178605895384,0.149786909322,39,123,255,0,4.71228686187e-05,0.0,0,1
15.0,0.0,65.0,5.52814658219e-05,4.63070944064e-05,0.000208139311898,0.178483988033,0.149508967626,38,122,255,0,4.63070944064e-05,0.0,0,1
15.0,0.0,66.0,5.43972411918e-05,4.55130058025e-05,0.000205072575293,0.178361655859,0.14923137461,38,122,255,0,4.55130058025e-05,0.0,0,1
15.0,0.0,67.0,5.35323266802e-05,4.4736596897e-05,0.000202072903083,0.178238000599,0.148952270133,38,122,255,0,4.4736596897e-05,0.0,0,1
15.0,0.0,68.0,5.26822812357e-05,4.39737401716e-05,0.000199125732761,0.178112004859,0.148669549598,37,122,255,0,4.39737401716e-05,0.0,0,1
15.0,0.0,69.0,5.18424304661e-05,4.32200991096e-05,0.000196215716027,0.177982500405,0.148380800015,37,122,255,0,4.32200991096e-05,0.0,0,1
15.0,0.0,70.0,5.10077688905e-05,4.247103789e-05,0.000193326398174,0.177848128309,0.148083218702,37,121,255,0,4.247103789e-05,0.0,0,1
15.0,0.0,71.0,5.01728419015e-05,4.17215125852e-05,0.000190439830169,0.177707286713,0.147773506903,36,121,255,0,4.17215125852e-05,0.0,0,1
15.0,0.0,72.0,4.93316037736e-05,4.09659401879e-05,0.000187536101952,0.177558062169,0.14744772921,36,121,255,0,4.09659401879e-05,0.0,0,1
15.0,0.0,73.0,4.84772395075e-05,4.01980345652e-05,0.000184592756018,0.177398137248,0.147101124679,35,121,255,0,4.01980345652e-05,0.0,0,1
15.0,0.0,74.0,4.76077001221e-05,3.94156075763e-05,0.000181604891818,0.177225251138,0.146729225179,35,120,255,0,3.94156075763e-05,0.0,0,1
15.0,0.0,75.0,4.69691790361e-05,3.88422056518e-05,0.000179411537487,0.177093211443,0.146451163924,35,120,255,0,3.88422056518e-05,0.0,0,1
15.0,0.0,76.0,4.66512460108e-05,3.85623498745e-05,0.000178304439955,0.177032459513,0.146336662504,34,120,255,0,3.85623498745e-05,0.0,0,1
15.0,0.0,77.0,4.63601344523e-05,3.8307400656e-05,0.000177281040953,0.176981815093,0.14624015611,34,120,255,0,3.8307400656e-05,0.0,0,1
15.0,0.0,78.0,4.60791173942e-05,3.80615965705e-05,0.00017629081238,0.17693371475,0.146148191445,34,120,255,0,3.80615965705e-05,0.0,0,1
15.0,0.0,79.0,4.58077472872e-05,3.78244753046e-05,0.00017533292314,0.176887693352,0.146060100859,34,120,255,0,3.78244753046e-05,0.0,0,1
15.0,0.0,80.0,4.55455853691e-05,3.75955911787e-05,0.000174406463417,0.176843341975,0.145975289014,34,120,255,0,3.75955911787e-05,0.0,0,1
15.0,0.0,81.0,4.52921997125e-05,3.73745117503e-05,0.000173510460001,0.17680029588,0.145893217326,34,120,255,0,3.73745117503e-05,0.0,0,1
15.0,0.0,82.0,4.50471629673e-05,3.71608144846e-05,0.000172643885797,0.176758224927,0.145813391399,34,120,255,0,3.71608144846e-05,0.0,0,1
15.0,0.0,83.0,4.48100498248e-05,3.69540834302e-05,0.000171805664815,0.176716825765,0.145735350627,33,120,255,0,3.69540834302e-05,0.0,0,1
15.0,0.0,84.0,4.45804342034e-05,3.67539058381e-05,0.000170994673552,0.176675815312,0.145658659362,33,120,255,0,3.67539058381e-05,0.0,0,1
15.0,0.0,85.0,4.43578861483e-05,3.65598686661e-05,0.000170209739386,0.176634925178,0.145582899166,33,120,255,0,3.65598686661e-05,0.0,0,1
15.0,0.0,86.0,4.41419684259e-05,3.63715549194e-05,0.000169449636439,0.176593896732,0.145507661812,33,120,255,0,3.63715549194e-05,0.0,0,1
15.0,0.0,87.0,4.3932232787e-05,3.61885397737e-05,0.000168713079155,0.176552476618,0.145432542735,33,120,255,0,3.61885397737e-05,0.0,0,1
15.0,0.0,88.0,4.37282158595e-05,3.60103864274e-05,0.000167998713779,0.176510412536,0.145357134724,33,120,255,0,3.60103864274e-05,0.0,0,1
15.0,0.0,89.0,4.35294346217e-05,3.58366416204e-05,0.000167305107766,0.176467449154,0.145281021634,33,119,255,0,3.58366416204e-05,0.0,0,1
15.0,0.0,90.0,4.33353813931e-05,3.56668307491e-05,0.000166630737099,0.176423324017,0.145203771966,32,119,255,0,3.56668307491e-05,0.0,0,1
18.0,0.0,0.0,3.75174828048e-06,2.52516745938e-06,4.66849909623e-06,0.342768943586,0.2307055052,255,129,228,0,2.52516745938e-06,0.0,1,1
18.0,0.0,0.25,7.48871304117e-06,4.47130568274e-06,4.43451819425e-06,0.456781004462,0.272731441276,255,83,143,0,4.47130568274e-06,0.0,1,1
18.0,0.0,0.5,1.31873820149e-05,7.7925292055e-06,4.52017259459e-06,0.517150536077,0.30558837618,255,75,104,0,7.7925292055e-06,0.0,1,1
18.0,0.0,0.75,1.95237136176e-05,1.18925885451e-05,4.82351556652e-06,0.53873652907,0.328163586086,255,82,84,0,1.18925885451e-05,0.0,1,1
18.0,0.0,1.0,2.50304688064e-05,1.58996438736e-05,5.33133606289e-06,0.541065390008,0.343691006349,255,92,75,0,1.58996438736e-05,0.0,1,1
18.0,0.0,1.25,2.8770477683e-05,1.90856985338e-05,6.00285714371e-06,0.534181099955,0.3543639264,255,102,73,0,1.90856985338e-05,0.0,1,1
18.0,0.0,1.5,3.03734545174e-05,2.09941563428e-05,6.76430349367e-06,0.522491902339,0.361146825735,255,112,76,0,2.09941563428e-05,0.0,1,1
18.0,0.0,1.75,2.98523706208e-05,2.14343541476e-05,7.55640362272e-06,0.507321269909,0.364262654513,255,122,84,0,2.14343541476e-05,0.0,1,1
18.0,0.0,2.0,2.75263790154e-05,2.05082087398e-05,8.36397487358e-06,0.488068804104,0.363629989558,255,131,95,0,2.05082087398e-05,0.0,1,1
18.0,0.0,2.25,2.40196693399e-05,1.86104534112e-05,9.19888032619e-06,0.463440697558,0.359074114999,255,142,112,0,1.86104534112e-05,0.0,1,1
18.0,0.0,2.5,2.00148205745e-05,1.62730187638e-05,1.01081054757e-05,0.431391593699,0.350742264847,255,156,135,0,1.62730187638e-05,0.0,1,1
18.0,0.0,2.75,1.60824759167e-05,1.39381361871e-05,1.10807334493e-05,0.391288306995,0.339116298981,255,177,167,0,1.39381361871e-05,0.0,1,1
18.0,0.0,3.0,1.26258554412e-05,1.18981586667e-05,1.20728486012e-05,0.344998300581,0.325114170612,255,209,213,0,1.18981586667e-05,0.0,1,1
18.0,0.0,3.25,1.07410448675e-05,1.07944621239e-05,1.30475219184e-05,0.310587163881,0.312131772843,251,238,255,0,1.07944621239e-05,0.0,1,1
18.0,0.0,3.5,9.17708822494e-06,9.92794638739e-06,1.39558738425e-05,0.27758124788,0.30029260693,199,228,255,0,9.92794638739e-06,0.0,1,1
18.0,0.0,3.75,8.43842901098e-06,9.51923761681e-06,1.47798743695e-05,0.257760013548,0.290774362607,165,222,255,0,9.51923761681e-06,0.0,1,1
18.0,0.0,4.0,8.35703322205e-06,9.4346193409e-06,1.5501874565e-05,0.251010750225,0.283376985101,154,216,255,0,9.4346193409e-06,0.0,1,1
18.0,0.0,4.25,8.23789846083e-06,9.28947507926e-06,1.61084497606e-05,0.244914429095,0.27617801997,145,211,255,0,9.28947507926e-06,0.0,1,1
18.0,0.0,4.5,8.08993405186e-06,9.09805161783e-06,1.66023480804e-05,0.239415630271,0.269250125942,136,206,255,0,9.09805161783e-06,0.0,1,1
18.0,0.0,4.75,7.92173001901e-06,8.87382841393e-06,1.69919970362e-05,0.234457033337,0.262635999874,128,201,255,0,8.87382841393e-06,0.0,1,1
18.0,0.0,5.0,7.73412787653e-06,8.62074657355e-06,1.72754600295e-05,0.229974753335,0.256338413131,120,196,255,0,8.62074657355e-06,0.0,0,1
18.0,0.0,6.0,6.95647598129e-06,7.55647438595e-06,1.77003954908e-05,0.21595012241,0.234575893459,97,182,255,0,7.55647438595e-06,0.0,0,1
18.0,0.0,7.0,6.19401988575e-06,6.52935336628e-06,1.73088543952e-05,0.206245768995,0.217411556777,80,170,255,0,6.52935336628e-06,0.0,0,1
18.0,0.0,8.0,5.49637962143e-06,5.61911466638e-06,1.64750187164e-05,0.199212664896,0.203661115888,68,161,255,0,5.61911466638e-06,0.0,0,1
18.0,0.0,9.0,4.93441205501e-06,4.9113081806e-06,1.55587455691e-05,0.194234041091,0.193324599633,59,154,255,0,4.9113081806e-06,0.0,0,1
18.0,0.0,10.0,4.42159010202e-06,4.29590705359e-06,1.44967036046e-05,0.190469193736,0.185055134914,52,148,255,0,4.29590705359e-06,0.0,0,1
18.0,0.0,11.0,3.98289499078e-06,3.78631396453e-06,1.34730229598e-05,0.187498894028,0.178244639248,46,144,255,0,3.78631396453e-06,0.0,0,1
18.0,0.0,12.0,3.61532944212e-06,3.37001940991e-06,1.25476298271e-05,0.185088485555,0.172529723462,41,140,255,0,3.37001940991e-06,0.0,0,1
18.0,0.0,13.0,3.30652231825e-06,3.02792548344e-06,1.17248061817e-05,0.183092962827,0.167666144251,36,136,255,0,3.02792548344e-06,0.0,0,1
18.0,0.0,14.0,3.04486128578e-06,2.74375785754e-06,1.09955527687e-05,0.181412660794,0.163472935807,33,133,255,0,2.74375785754e-06,0.0,0,1
18.0,0.0,15.0,2.82139962265e-06,2.50537702234e-06,1.03493444195e-05,0.179980724252,0.159821234605,29,131,255,0,2.50537702234e-06,0.0,0,1
18.0,0.0,16.0,2.62887340837e-06,2.30332782431e-06,9.7749503637e-06,0.178747964291,0.156612775031,26,129,255,0,2.30332782431e-06,0.0,0,1
18.0,0.0,17.0,2.46676182569e-06,2.13555844608e-06,9.27998669337e-06,0.177691058978,0.153833109399,23,126,255,0,2.13555844608e-06,0.0,0,1
18.0,0.0,18.0,2.35146667384e-06,2.01791939162e-06,8.92805045056e-06,0.176836089498,0.151752511786,21,125,255,0,2.01791939162e-06,0.0,0,1
18.0,0.0,19.0,2.22152334353e-06,1.88754907028e-06,8.51040021525e-06,0.17603931708,0.149574322618,18,123,255,0,1.88754907028e-06,0.0,0,1
18.0,0.0,20.0,2.1052508885e-06,1.77241917846e-06,8.12921624775e-06,0.175336955254,0.147616886844,16,122,255,0,1.77241917846e-06,0.0,0,1
18.0,0.0,21.0,2.00072145212e-06,1.67017502374e-06,7.78040454193e-06,0.174715645761,0.14585024192,15,121,255,0,1.67017502374e-06,0.0,0,1
18.0,0.0,22.0,1.90594036046e-06,1.57853010224e-06,7.45904475798e-06,0.174161621931,0.144243423654,13,119,255,0,1.57853010224e-06,0.0,0,1
18.0,0.0,23.0,1.819452524e-06,1.49580510153e-06,7.16159370817e-06,0.173664058604,0.142772389708,12,118,255,0,1.49580510153e-06,0.0,0,1
18.0,0.0,24.0,1.74012685995e-06,1.42068822858e-06,6.88529618052e-06,0.173213974377,0.141416732358,10,117,255,0,1.42068822858e-06,0.0,0,1
18.0,0.0,25.0,1.66705672813e-06,1.35213175832e-06,6.62790638313e-06,0.172804015164,0.140159475635,9,116,255,0,1.35213175832e-06,0.0,0,1
18.0,0.0,26.0,1.59964295845e-06,1.28940818676e-06,6.38804593703e-06,0.172429257156,0.138988325262,8,115,255,0,1.28940818676e-06,0.0,0,1
18.0,0.0,27.0,1.53705234214e-06,1.23162392547e-06,6.16336817773e-06,0.172082925868,0.137888244176,8,114,255,0,1.23162392547e-06,0.0,0,1
18.0,0.0,28.0,1.47872218058e-06,1.17815418417e-06,5.95234305232e-06,0.171760308217,0.136847968102,7,114,255,0,1.17815418417e-06,0.0,0,1
18.0,0.0,29.0,1.42426362732e-06,1.1285489916e-06,5.7539646312e-06,0.17145802571,0.135858824381,7,113,255,0,1.1285489916e-06,0.0,0,1
18.0,0.0,30.0,1.37319579079e-06,1.08230220703e-06,5.56680900845e-06,0.171172181484,0.134911591663,6,112,255,0,1.08230220703e-06,0.0,0,1
18.0,0.0,31.0,1.325160894e-06,1.03902684941e-06,5.38984301421e-06,0.170899617943,0.13399828836,6,111,255,0,1.03902684941e-06,0.0,0,1
18.0,0.0,32.0,1.27986198387e-06,9.98402942504e-07,5.22219565381e-06,0.170637785532,0.133112217821,5,111,255,0,9.98402942504e-07,0.0,0,1
18.0,0.0,33.0,1.23699765347e-06,9.6011714747e-07,5.06293915897e-06,0.170384085339,0.132246558052,5,110,255,0,9.6011714747e-07,0.0,0,1
18.0,0.0,34.0,1.19634148663e-06,9.2392849152e-07,4.91138915219e-06,0.170136444963,0.131395517671,5,109,255,0,9.2392849152e-07,0.0,0,1
18.0,0.0,35.0,1.15120125298e-06,8.82933595246e-07,4.74506561623e-06,0.169813720515,0.130241552802,5,108,255,0,8.82933595246e-07,0.0,0,1
18.0,0.0,36.0,1.04912835637e-06,7.87594815445e-07,4.37846405742e-06,0.168800764591,0.126721011998,4,105,255,0,7.87594815445e-07,0.0,0,1
18.0,0.0,37.0,1.01765308976e-06,7.60613689203e-07,4.25801857264e-06,0.168589294654,0.126006914004,4,105,255,0,7.60613689203e-07,0.0,0,1
18.0,0.0,38.0,9.9080798926e-07,7.37629259478e-07,4.15486524767e-06,0.168410172665,0.125376735248,4,104,255,0,7.37629259478e-07,0.0,0,1
18.0,0.0,39.0,9.65853740069e-07,7.16343399684e-07,4.05870405651e-06,0.168240787822,0.124778911044,4,104,255,0,7.16343399684e-07,0.0,0,1
18.0,0.0,40.0,9.42714491325e-07,6.96671258014e-07,3.9693119201e-06,0.168080817845,0.124212660242,4,103,255,0,6.96671258014e-07,0.0,0,1
18.0,0.0,41.0,9.21314903699e-07,6.7853032267e-07,3.88645960857e-06,0.167929951291,0.12367710929,4,103,255,0,6.7853032267e-07,0.0,0,1
18.0,0.0,42.0,9.01617901408e-07,6.61872139467e-07,3.81005892349e-06,0.16778816149,0.123172254288,4,102,255,0,6.61872139467e-07,0.0,0,1
18.0,0.0,43.0,8.83611924189e-07,6.46674026416e-07,3.7401064611e-06,0.167655812919,0.122699407539,4,102,255,0,6.46674026416e-07,0.0,0,1
18.0,0.0,44.0,8.67206088276e-07,6.32947404539e-07,3.67598519379e-06,0.167539191042,0.122281770807,4,101,255,0,6.32947404539e-07,0.0,0,1
18.0,0.0,45.0,8.51103862e-07,6.20245537143e-07,3.61066512546e-06,0.167473716944,0.122047179153,4,101,255,0,6.20245537143e-07,0.0,0,1
18.0,0.0,46.0,8.18471801582e-07,5.92959273872e-07,3.48348229555e-06,0.167208638753,0.121137848401,4,100,255,0,5.92959273872e-07,0.0,0,1
18.0,0.0,47.0,7.95419561203e-07,5.74194767317e-07,3.39203787687e-06,0.1670469675,0.120587296709,3,100,255,0,5.74194767317e-07,0.0,0,1
18.0,0.0,48.0,7.74139932691e-07,5.5694582621e-07,3.30735053732e-06,0.166896747794,0.120071892906,3,99,255,0,5.5694582621e-07,0.0,0,1
18.0,0.0,49.0,7.5418434109e-07,5.40823191633e-07,3.22776435297e-06,0.166752681796,0.119577817609,3,99,255,0,5.40823191633e-07,0.0,0,1
18.0,0.0,50.0,7.35534627362e-07,5.25806537219e-07,3.15322495216e-06,0.166615383689,0.119107183654,3,99,255,0,5.25806537219e-07,0.0,0,1
18.0,0.0,51.0,7.18009820131e-07,5.11739727794e-07,3.0830420687e-06,0.166483772915,0.118656261022,3,98,255,0,5.11739727794e-07,0.0,0,1
18.0,0.0,52.0,7.01508131905e-07,4.98533860195e-07,3.01683157117e-06,0.166357402322,0.118223573156,3,98,255,0,4.98533860195e-07,0.0,0,1
18.0,0.0,53.0,6.85979709759e-07,4.86144065523e-07,2.95440778057e-06,0.166236390168,0.117809365794,3,97,255,0,4.86144065523e-07,0.0,0,1
18.0,0.0,54.0,6.71307002611e-07,4.74469461412e-07,2.89532115909e-06,0.166119966707,0.117411036719,3,97,255,0,4.74469461412e-07,0.0,0,1
18.0,0.0,55.0,6.57410822705e-07,4.63441625327e-07,2.83927024302e-06,0.166007690668,0.117027087664,3,97,255,0,4.63441625327e-07,0.0,0,1
18.0,0.0,56.0,6.44224772254e-07,4.53003231484e-07,2.78600167432e-06,0.165899219377,0.116656306487,3,96,255,0,4.53003231484e-07,0.0,0,1
18.0,0.0,57.0,6.31684412464e-07,4.43098972172e-07,2.73526859006e-06,0.165794172011,0.116297356339,2,96,255,0,4.43098972172e-07,0.0,0,1
18.0,0.0,58.0,6.19728088749e-07,4.33676195423e-07,2.68683402582e-06,0.165692139748,0.115948813813,2,96,255,0,4.33676195423e-07,0.0,0,1
18.0,0.0,59.0,6.0829510402e-07,4.24683265007e-07,2.64046447586e-06,0.165592641483,0.115609057481,2,96,255,0,4.24683265007e-07,0.0,0,1
18.0,0.0,60.0,5.97326410086e-07,4.1607008481e-07,2.59593281336e-06,0.165495126399,0.115276287996,2,95,255,0,4.1607008481e-07,0.0,0,1
18.0,0.0,61.0,5.8676960267e-07,4.07792366286e-07,2.55303633278e-06,0.165399110261,0.114948855987,2,95,255,0,4.07792366286e-07,0.0,0,1
18.0,0.0,62.0,5.76569582293e-07,3.99803749197e-07,2.51156187183e-06,0.165303983212,0.114624763905,2,95,255,0,3.99803749197e-07,0.0,0,1
18.0,0.0,63.0,5.66672903938e-07,3.92059459948e-07,2.4713020027e-06,0.165209103868,0.11430190431,2,94,255,0,3.92059459948e-07,0.0,0,1
18.0,0.0,64.0,5.57025900649e-07,3.84514723726e-07,2.43204787527e-06,0.165113765567,0.113977956637,2,94,255,0,3.84514723726e-07,0.0,0,1
18.0,0.0,65.0,5.47576584628e-07,3.77126279685e-07,2.39359642293e-06,0.165017238419,0.113650471835,2,94,255,0,3.77126279685e-07,0.0,0,1
18.0,0.0,66.0,5.38265046954e-07,3.69844509009e-07,2.35571376704e-06,0.164918561357,0.113316338664,2,93,255,0,3.69844509009e-07,0.0,0,1
18.0,0.0,67.0,5.29033640545e-07,3.62621749658e-07,2.31817380036e-06,0.164816757882,0.112972288595,2,93,255,0,3.62621749658e-07,0.0,0,1
18.0,0.0,68.0,5.19817020509e-07,3.55404127151e-07,2.28072030646e-06,0.16471060318,0.112614296659,1,93,255,0,3.55404127151e-07,0.0,0,1
18.0,0.0,69.0,5.10545790302e-07,3.48134538351e-07,2.24308039521e-06,0.1645987024,0.112237715718,1,92,255,0,3.48134538351e-07,0.0,0,1
18.0,0.0,70.0,5.0114262282e-07,3.40749459795e-07,2.20494958926e-06,0.164479377923,0.111836943462,1,92,255,0,3.40749459795e-07,0.0,0,1
18.0,0.0,71.0,4.91598820723e-07,3.3323696812e-07,2.16631250053e-06,0.164351203339,0.111407705631,1,92,255,0,3.3323696812e-07,0.0,0,1
18.0,0.0,72.0,4.84469684107e-07,3.27650957979e-07,2.13742217551e-06,0.164252466931,0.111085337031,1,91,255,0,3.27650957979e-07,0.0,0,1
18.0,0.0,73.0,4.80505957416e-07,3.2462867404e-07,2.12127181969e-06,0.164196589038,0.110930822311,1,91,255,0,3.2462867404e-07,0.0,0,1
18.0,0.0,74.0,4.76873636366e-07,3.21875094024e-07,2.10639522414e-06,0.164148022897,0.110794886265,0,91,255,0,3.21875094024e-07,0.0,0,1
18.0,0.0,75.0,4.73381003861e-07,3.19230677825e-07,2.09207749571e-06,0.164101216717,0.110663804033,0,91,255,0,3.19230677825e-07,0.0,0,1
18.0,0.0,76.0,4.70016649305e-07,3.16685179285e-07,2.0782788441e-06,0.164055783617,0.110536584872,0,91,255,0,3.16685179285e-07,0.0,0,1
18.0,0.0,77.0,4.66770236641e-07,3.1422938512e-07,2.06496285791e-06,0.164011381027,0.110412342877,0,91,255,1,3.1422938512e-07,0.0,0,1
18.0,0.0,78.0,4.63632284105e-07,3.11854903324e-07,2.0520958125e-06,0.163967701078,0.110290273825,0,91,255,1,3.11854903324e-07,0.0,0,1
18.0,0.0,79.0,4.60593983917e-07,3.09553991051e-07,2.03964609652e-06,0.16392446286,0.110169636342,0,90,255,1,3.09553991051e-07,0.0,0,1
18.0,0.0,80.0,4.57647051165e-07,3.07319411481e-07,2.02758372453e-06,0.163881406059,0.11004973622,0,90,255,1,3.07319411481e-07,0.0,0,1
18.0,0.0,81.0,4.54783593728e-07,3.05144311713e-07,2.01587991078e-06,0.163838285587,0.10992991299,0,90,255,1,3.05144311713e-07,0.0,0,1
18.0,0.0,82.0,4.51995997129e-07,3.03022115761e-07,2.00450668564e-06,0.163794866917,0.109809528047,0,90,255,1,3.03022115761e-07,0.0,0,1
18.0,0.0,83.0,4.49276819692e-07,3.00946428135e-07,1.9934365401e-06,0.163750921914,0.109687953827,0,90,255,1,3.00946428135e-07,0.0,0,1
18.0,0.0,84.0,4.46618694355e-07,2.98910944539e-07,1.98264208721e-06,0.163706224972,0.109564563579,0,90,255,1,2.98910944539e-07,0.0,0,1
18.0,0.0,85.0,4.44014234183e-07,2.96909366811e-07,1.97209573084e-06,0.163660549327,0.109438721401,0,90,255,1,2.96909366811e-07,0.0,0,1
18.0,0.0,86.0,4.41455939049e-07,2.94935319762e-07,1.96176933377e-06,0.163613663421,0.10930977221,0,90,255,1,2.94935319762e-07,0.0,0,1
18.0,0.0,87.0,4.38936101216e-07,2.92982267761e-07,1.95163387739e-06,0.163565327193,0.109177031361,0,90,255,1,2.92982267761e-07,0.0,0,1
18.0,0.0,88.0,4.36446707732e-07,2.91043429183e-07,1.94165910597e-06,0.163515288212,0.109039773613,0,89,255,1,2.91043429183e-07,0.0,0,1
18.0,0.0,89.0,4.33979337707e-07,2.89111686941e-07,1.93181314886e-06,0.163463277522,0.10889722116,0,89,255,1,2.89111686941e-07,0.0,0,1
18.0,0.0,90.0,4.31525052777e-07,2.8717949357e-07,1.92206211461e-06,0.163409005104,0.108748530424,0,89,255,1,2.8717949357e-07,0.0,0,1
