solar_depression_deg,sky_elevation_deg,wavelength_nm,radiance_W_m2_sr_nm
-5,0.0,380.0,0.00607915792423
-5,0.0,390.0,0.00712749846113
-5,0.0,400.0,0.0126366485288
-5,0.0,410.0,0.0186959804684
-5,0.0,420.0,0.0240045283685
-5,0.0,430.0,0.0278214558316
-5,0.0,440.0,0.0406489209299
-5,0.0,450.0,0.0553133787261
-5,0.0,460.0,0.0694320130737
-5,0.0,470.0,0.083935621806
-5,0.0,480.0,0.101195284783
-5,0.0,490.0,0.112307646166
-5,0.0,500.0,0.131187058968
-5,0.0,510.0,0.1499280978
-5,0.0,520.0,0.161123130301
-5,0.0,530.0,0.18034123999
-5,0.0,540.0,0.201585915378
-5,0.0,550.0,0.221434289806
-5,0.0,560.0,0.233388031004
-5,0.0,570.0,0.247037627592
-5,0.0,580.0,0.27046784901
-5,0.0,590.0,0.28634149797
-5,0.0,600.0,0.289673596537
-5,0.0,610.0,0.309312819976
-5,0.0,620.0,0.334250399136
-5,0.0,630.0,0.360262975983
-5,0.0,640.0,0.387661613835
-5,0.0,650.0,0.410749923553
-5,0.0,660.0,0.420931405966
-5,0.0,670.0,0.458314337317
-5,0.0,680.0,0.47667354289
-5,0.0,690.0,0.492833650438
-5,0.0,700.0,0.504224064883
-5,0.0,710.0,0.51610093378
-5,0.0,720.0,0.519211366171
-5,0.0,730.0,0.530479617488
-5,0.0,740.0,0.530901907211
-5,0.0,750.0,0.538831609707
-5,0.0,760.0,0.546968347746
-5,0.0,770.0,0.543848980801
-5,0.0,780.0,0.545635577952
-5,1.0,380.0,0.00604820558259
-5,1.0,390.0,0.00715251797875
-5,1.0,400.0,0.0128207941276
-5,1.0,410.0,0.0192043761327
-5,1.0,420.0,0.024974089605
-5,1.0,430.0,0.0293047609865
-5,1.0,440.0,0.0433071413884
-5,1.0,450.0,0.0595399409907
-5,1.0,460.0,0.0754094215988
-5,1.0,470.0,0.0918829748744
-5,1.0,480.0,0.111499443971
-5,1.0,490.0,0.124453526646
-5,1.0,500.0,0.146030662083
-5,1.0,510.0,0.167508375071
-5,1.0,520.0,0.180549365882
-5,1.0,530.0,0.202455805557
-5,1.0,540.0,0.226672434666
-5,1.0,550.0,0.249216841386
-5,1.0,560.0,0.262743375407
-5,1.0,570.0,0.278031856285
-5,1.0,580.0,0.304846401712
-5,1.0,590.0,0.322979627472
-5,1.0,600.0,0.326725804047
-5,1.0,610.0,0.348853457639
-5,1.0,620.0,0.376817838532
-5,1.0,630.0,0.405791514337
-5,1.0,640.0,0.436118590371
-5,1.0,650.0,0.461366440049
-5,1.0,660.0,0.471907168155
-5,1.0,670.0,0.512695483267
-5,1.0,680.0,0.531928648767
-5,1.0,690.0,0.548488319067
-5,1.0,700.0,0.559532862662
-5,1.0,710.0,0.570946277767
-5,1.0,720.0,0.572516665297
-5,1.0,730.0,0.582927506784
-5,1.0,740.0,0.581316004148
-5,1.0,750.0,0.587834390857
-5,1.0,760.0,0.594397434471
-5,1.0,770.0,0.58868492405
-5,1.0,780.0,0.588275280876
-5,2.0,380.0,0.00659787739059
-5,2.0,390.0,0.007932055177
-5,2.0,400.0,0.0144414210113
-5,2.0,410.0,0.0219180344681
-5,2.0,420.0,0.0287868667127
-5,2.0,430.0,0.0340017126476
-5,2.0,440.0,0.0504276384697
-5,2.0,450.0,0.0694001153075
-5,2.0,460.0,0.0878043480152
-5,2.0,470.0,0.106698811742
-5,2.0,480.0,0.128960491581
-5,2.0,490.0,0.143229175283
-5,2.0,500.0,0.167090662762
-5,2.0,510.0,0.190447348341
-5,2.0,520.0,0.203877799726
-5,2.0,530.0,0.226967694172
-5,2.0,540.0,0.252242867579
-5,2.0,550.0,0.275233868163
-5,2.0,560.0,0.287944262411
-5,2.0,570.0,0.302337859107
-5,2.0,580.0,0.329545659604
-5,2.0,590.0,0.347050692502
-5,2.0,600.0,0.348909946349
-5,2.0,610.0,0.370181156342
-5,2.0,620.0,0.397267431157
-5,2.0,630.0,0.42505753138
-5,2.0,640.0,0.453867535232
-5,2.0,650.0,0.477059370265
-5,2.0,660.0,0.484850813188
-5,2.0,670.0,0.523421605466
-5,2.0,680.0,0.539663197018
-5,2.0,690.0,0.55303924618
-5,2.0,700.0,0.560736093669
-5,2.0,710.0,0.56876286074
-5,2.0,720.0,0.566983447548
-5,2.0,730.0,0.573940131208
-5,2.0,740.0,0.56911239705
-5,2.0,750.0,0.572306902068
-5,2.0,760.0,0.575480370519
-5,2.0,770.0,0.566880546955
-5,2.0,780.0,0.563530816415
-5,3.0,380.0,0.00737233137345
-5,3.0,390.0,0.00900507724571
-5,3.0,400.0,0.0165925316761
-5,3.0,410.0,0.0253584637948
-5,3.0,420.0,0.033373612557
-5,3.0,430.0,0.0393382855439
-5,3.0,440.0,0.0580416417403
-5,3.0,450.0,0.0792938105211
-5,3.0,460.0,0.0994413663214
-5,3.0,470.0,0.119675010951
-5,3.0,480.0,0.143172697567
-5,3.0,490.0,0.157366475532
-5,3.0,500.0,0.181670013254
-5,3.0,510.0,0.204931748786
-5,3.0,520.0,0.217166983631
-5,3.0,530.0,0.239368988236
-5,3.0,540.0,0.263484514583
-5,3.0,550.0,0.284839677217
-5,3.0,560.0,0.295330112693
-5,3.0,570.0,0.307418710462
-5,3.0,580.0,0.332720201728
-5,3.0,590.0,0.348078996104
-5,3.0,600.0,0.347647360158
-5,3.0,610.0,0.366474888816
-5,3.0,620.0,0.390803704511
-5,3.0,630.0,0.415581045668
-5,3.0,640.0,0.441096952892
-5,3.0,650.0,0.460954640603
-5,3.0,660.0,0.465856725332
-5,3.0,670.0,0.500177045641
-5,3.0,680.0,0.512980744938
-5,3.0,690.0,0.523019727012
-5,3.0,700.0,0.527675133765
-5,3.0,710.0,0.532680694907
-5,3.0,720.0,0.528568185168
-5,3.0,730.0,0.532650793616
-5,3.0,740.0,0.525889980712
-5,3.0,750.0,0.526638863268
-5,3.0,760.0,0.527377587659
-5,3.0,770.0,0.517447114997
-5,3.0,780.0,0.512445622001
-5,4.0,380.0,0.00833084602821
-5,4.0,390.0,0.0102822848922
-5,4.0,400.0,0.0190272465811
-5,4.0,410.0,0.029034614364
-5,4.0,420.0,0.0379784198566
-5,4.0,430.0,0.0443536279651
-5,4.0,440.0,0.0647161712467
-5,4.0,450.0,0.0873488204455
-5,4.0,460.0,0.108188673008
-5,4.0,470.0,0.128606425178
-5,4.0,480.0,0.152016102212
-5,4.0,490.0,0.165168060877
-5,4.0,500.0,0.188583268284
-5,4.0,510.0,0.210517460649
-5,4.0,520.0,0.220892136528
-5,4.0,530.0,0.241206814667
-5,4.0,540.0,0.263186053236
-5,4.0,550.0,0.282169077044
-5,4.0,560.0,0.290283903374
-5,4.0,570.0,0.299945029789
-5,4.0,580.0,0.322636595337
-5,4.0,590.0,0.335648354557
-5,4.0,600.0,0.333409829767
-5,4.0,610.0,0.349640336658
-5,4.0,620.0,0.370976494532
-5,4.0,630.0,0.392599491495
-5,4.0,640.0,0.414775693064
-5,4.0,650.0,0.431529231618
-5,4.0,660.0,0.434266804595
-5,4.0,670.0,0.464357480907
-5,4.0,680.0,0.474382782518
-5,4.0,690.0,0.481855934797
-5,4.0,700.0,0.484391991556
-5,4.0,710.0,0.487303120088
-5,4.0,720.0,0.481942051041
-5,4.0,730.0,0.484111027083
-5,4.0,740.0,0.476505670821
-5,4.0,750.0,0.475786035894
-5,4.0,760.0,0.475082973675
-5,4.0,770.0,0.464859854346
-5,4.0,780.0,0.459164357902
-5,5.0,380.0,0.0094573006387
-5,5.0,390.0,0.0117001518798
-5,5.0,400.0,0.0215653469101
-5,5.0,410.0,0.0326196249066
-5,5.0,420.0,0.0421650279685
-5,5.0,430.0,0.0485859510832
-5,5.0,440.0,0.069908447702
-5,5.0,450.0,0.0930617894173
-5,5.0,460.0,0.113741317795
-5,5.0,470.0,0.133520624622
-5,5.0,480.0,0.155977963154
-5,5.0,490.0,0.167630042002
-5,5.0,500.0,0.189460977397
-5,5.0,510.0,0.209520794571
-5,5.0,520.0,0.217944202531
-5,5.0,530.0,0.236077041585
-5,5.0,540.0,0.255676862165
-5,5.0,550.0,0.272227955975
-5,5.0,560.0,0.278261246696
-5,5.0,570.0,0.285804109295
-5,5.0,580.0,0.305873143628
-5,5.0,590.0,0.316776283114
-5,5.0,600.0,0.313303467694
-5,5.0,610.0,0.32721242922
-5,5.0,620.0,0.34582087397
-5,5.0,630.0,0.364619729789
-5,5.0,640.0,0.383851860528
-5,5.0,650.0,0.398014377342
-5,5.0,660.0,0.399258105008
-5,5.0,670.0,0.425619784741
-5,5.0,680.0,0.433545270474
-5,5.0,690.0,0.439156876517
-5,5.0,700.0,0.440298643711
-5,5.0,710.0,0.441829916768
-5,5.0,720.0,0.435918369485
-5,5.0,730.0,0.436866723007
-5,5.0,740.0,0.429056881963
-5,5.0,750.0,0.42750839662
-5,5.0,760.0,0.425999844653
-5,5.0,770.0,0.416020235681
-5,5.0,780.0,0.410162262473
-5,6.0,380.0,0.0106148119772
-5,6.0,390.0,0.0130807956056
-5,6.0,400.0,0.0238928405406
-5,6.0,410.0,0.035697276946
-5,6.0,420.0,0.0455037389413
-5,6.0,430.0,0.0516836928433
-5,6.0,440.0,0.0733252141306
-5,6.0,450.0,0.0963141923805
-5,6.0,460.0,0.116259337857
-5,6.0,470.0,0.134922113587
-5,6.0,480.0,0.155966909827
-5,6.0,490.0,0.166017871497
-5,6.0,500.0,0.186001330466
-5,6.0,510.0,0.204056801258
-5,6.0,520.0,0.210714759251
-5,6.0,530.0,0.226721726787
-5,6.0,540.0,0.244043016441
-5,6.0,550.0,0.258378290617
-5,6.0,560.0,0.262734044393
-5,6.0,570.0,0.268560863429
-5,6.0,580.0,0.286249790689
-5,6.0,590.0,0.295392406043
-5,6.0,600.0,0.291157551942
-5,6.0,610.0,0.303113139756
-5,6.0,620.0,0.319379982954
-5,6.0,630.0,0.335779054309
-5,6.0,640.0,0.352532044331
-5,6.0,650.0,0.364603180455
-5,6.0,660.0,0.364855079652
-5,6.0,670.0,0.388049016132
-5,6.0,680.0,0.394411167322
-5,6.0,690.0,0.398688097914
-5,6.0,700.0,0.398934315394
-5,6.0,710.0,0.399571791854
-5,6.0,720.0,0.393522288269
-5,6.0,730.0,0.39370361379
-5,6.0,740.0,0.386037462445
-5,6.0,750.0,0.384049263924
-5,6.0,760.0,0.382118092766
-5,6.0,770.0,0.372634156088
-5,6.0,780.0,0.366890105622
-5,7.0,380.0,0.0117564106018
-5,7.0,390.0,0.0143665689064
-5,7.0,400.0,0.0259283978843
-5,7.0,410.0,0.038204505035
-5,7.0,420.0,0.0480016244633
-5,7.0,430.0,0.0537553287982
-5,7.0,440.0,0.0752522023016
-5,7.0,450.0,0.0976319354181
-5,7.0,460.0,0.116528166987
-5,7.0,470.0,0.133860672099
-5,7.0,480.0,0.153317256527
-5,7.0,490.0,0.161843226377
-5,7.0,500.0,0.179963781188
-5,7.0,510.0,0.196093955831
-5,7.0,520.0,0.201246554103
-5,7.0,530.0,0.215322731315
-5,7.0,540.0,0.23059319672
-5,7.0,550.0,0.243002006109
-5,7.0,560.0,0.24604451445
-5,7.0,570.0,0.250514436018
-5,7.0,580.0,0.266125291806
-5,7.0,590.0,0.273827157263
-5,7.0,600.0,0.26915810147
-5,7.0,610.0,0.279494003737
-5,7.0,620.0,0.29378241453
-5,7.0,630.0,0.308166836965
-5,7.0,640.0,0.32284987975
-5,7.0,650.0,0.333232067158
-5,7.0,660.0,0.332827719674
-5,7.0,670.0,0.353348247876
-5,7.0,680.0,0.358529899008
-5,7.0,690.0,0.361833800441
-5,7.0,700.0,0.361502475151
-5,7.0,710.0,0.361555486068
-5,7.0,720.0,0.355591288579
-5,7.0,730.0,0.355286682236
-5,7.0,740.0,0.347933877458
-5,7.0,750.0,0.345731240464
-5,7.0,760.0,0.343596933069
-5,7.0,770.0,0.334704025224
-5,7.0,780.0,0.329204537033
-5,8.0,380.0,0.0128365477942
-5,8.0,390.0,0.01551705807
-5,8.0,400.0,0.0276380936713
-5,8.0,410.0,0.0401544439942
-5,8.0,420.0,0.049751223376
-5,8.0,430.0,0.0549792449491
-5,8.0,440.0,0.0760250925049
-5,8.0,450.0,0.0975368510248
-5,8.0,460.0,0.115245557489
-5,8.0,470.0,0.131195243618
-5,8.0,480.0,0.149050992687
-5,8.0,490.0,0.156201035931
-5,8.0,500.0,0.172562049312
-5,8.0,510.0,0.186931769055
-5,8.0,520.0,0.190834410506
-5,8.0,530.0,0.20321157306
-5,8.0,540.0,0.216685282128
-5,8.0,550.0,0.22745043669
-5,8.0,560.0,0.229474622147
-5,8.0,570.0,0.232878223258
-5,8.0,580.0,0.246699312967
-5,8.0,590.0,0.253222277369
-5,8.0,600.0,0.24833488662
-5,8.0,610.0,0.257324765543
-5,8.0,620.0,0.269940665874
-5,8.0,630.0,0.282629353646
-5,8.0,640.0,0.295575827978
-5,8.0,650.0,0.304578159015
-5,8.0,660.0,0.303736191301
-5,8.0,670.0,0.321990440846
-5,8.0,680.0,0.326260407288
-5,8.0,690.0,0.328836969804
-5,8.0,700.0,0.328128710214
-5,8.0,710.0,0.327792913037
-5,8.0,720.0,0.322027942704
-5,8.0,730.0,0.321411262388
-5,8.0,740.0,0.314444031398
-5,8.0,750.0,0.312156061958
-5,8.0,760.0,0.309943229998
-5,8.0,770.0,0.301658306207
-5,8.0,780.0,0.296457193313
-5,9.0,380.0,0.0138149823313
-5,9.0,390.0,0.0165019870647
-5,9.0,400.0,0.0290043176048
-5,9.0,410.0,0.0415718304581
-5,9.0,420.0,0.0508369608334
-5,9.0,430.0,0.0554961137653
-5,9.0,440.0,0.0758868941566
-5,9.0,450.0,0.0963829557832
-5,9.0,460.0,0.112859315534
-5,9.0,470.0,0.127450305885
-5,9.0,480.0,0.143763145006
-5,9.0,490.0,0.149700250625
-5,9.0,500.0,0.164440471615
-5,9.0,510.0,0.17722800587
-5,9.0,520.0,0.180101704958
-5,9.0,530.0,0.190994938323
-5,9.0,540.0,0.20290216345
-5,9.0,550.0,0.212265566159
-5,9.0,560.0,0.213499280404
-5,9.0,570.0,0.216060680369
-5,9.0,580.0,0.22833638956
-5,9.0,590.0,0.233886524229
-5,9.0,600.0,0.228925444478
-5,9.0,610.0,0.236785288808
-5,9.0,620.0,0.247974283566
-5,9.0,630.0,0.259220684729
-5,9.0,640.0,0.270693307804
-5,9.0,650.0,0.278550765826
-5,9.0,660.0,0.277418347001
-5,9.0,670.0,0.293729454677
-5,9.0,680.0,0.297280100291
-5,9.0,690.0,0.299300827831
-5,9.0,700.0,0.298347381995
-5,9.0,710.0,0.297751594529
-5,9.0,720.0,0.292244952252
-5,9.0,730.0,0.291428620116
-5,9.0,740.0,0.284874215267
-5,9.0,750.0,0.282578383458
-5,9.0,760.0,0.280361289303
-5,9.0,770.0,0.272670570391
-5,9.0,780.0,0.267786824096
-5,10.0,380.0,0.0146708055741
-5,10.0,390.0,0.0173132710492
-5,10.0,400.0,0.0300416321601
-5,10.0,410.0,0.0425131420833
-5,10.0,420.0,0.0513621971442
-5,10.0,430.0,0.0554457314416
-5,10.0,440.0,0.0750524934064
-5,10.0,450.0,0.0944591464823
-5,10.0,460.0,0.109712877381
-5,10.0,470.0,0.123007809553
-5,10.0,480.0,0.137867556925
-5,10.0,490.0,0.14274666375
-5,10.0,500.0,0.156010855209
-5,10.0,510.0,0.167385581066
-5,10.0,520.0,0.169413456408
-5,10.0,530.0,0.179010637825
-5,10.0,540.0,0.189550007571
-5,10.0,550.0,0.197712319865
-5,10.0,560.0,0.198329686505
-5,10.0,570.0,0.200220435393
-5,10.0,580.0,0.211153451087
-5,10.0,590.0,0.21589223187
-5,10.0,600.0,0.210954037269
-5,10.0,610.0,0.217854347653
-5,10.0,620.0,0.227813454354
-5,10.0,630.0,0.237819464146
-5,10.0,640.0,0.248026373228
-5,10.0,650.0,0.254919780709
-5,10.0,660.0,0.253597632702
-5,10.0,670.0,0.268223838851
-5,10.0,680.0,0.271195804796
-5,10.0,690.0,0.272783250383
-5,10.0,700.0,0.271673047409
-5,10.0,710.0,0.270904099298
-5,10.0,720.0,0.265683907833
-5,10.0,730.0,0.264742436386
-5,10.0,740.0,0.258604433999
-5,10.0,750.0,0.256347750973
-5,10.0,760.0,0.25417116967
-5,10.0,770.0,0.247047297583
-5,10.0,780.0,0.242482010371
-5,11.0,380.0,0.0153971141202
-5,11.0,390.0,0.0179567043608
-5,11.0,400.0,0.0307814042574
-5,11.0,410.0,0.0430467255429
-5,11.0,420.0,0.0514303161735
-5,11.0,430.0,0.0549539401281
-5,11.0,440.0,0.07370194878
-5,11.0,450.0,0.091994597012
-5,11.0,460.0,0.106066630435
-5,11.0,470.0,0.118146083106
-5,11.0,480.0,0.131654935225
-5,11.0,490.0,0.135615350182
-5,11.0,500.0,0.14754240111
-5,11.0,510.0,0.15765783466
-5,11.0,520.0,0.158989286614
-5,11.0,530.0,0.167451417777
-5,11.0,540.0,0.176791936326
-5,11.0,550.0,0.183918787626
-5,11.0,560.0,0.184053155524
-5,11.0,570.0,0.185405251056
-5,11.0,580.0,0.195163812253
-5,11.0,590.0,0.199218829133
-5,11.0,600.0,0.194367481078
-5,11.0,610.0,0.200444437077
-5,11.0,620.0,0.209333532835
-5,11.0,630.0,0.218262153497
-5,11.0,640.0,0.22737075084
-5,11.0,650.0,0.23344187602
-5,11.0,660.0,0.231999946751
-5,11.0,670.0,0.245151000436
-5,11.0,680.0,0.247649542566
-5,11.0,690.0,0.248893386297
-5,11.0,700.0,0.247686845722
-5,11.0,710.0,0.246804439866
-5,11.0,720.0,0.241880679502
-5,11.0,730.0,0.240864425944
-5,11.0,740.0,0.235133560098
-5,11.0,750.0,0.232944384847
-5,11.0,760.0,0.230835132377
-5,11.0,770.0,0.224245028049
-5,11.0,780.0,0.219989821632
-5,12.0,380.0,0.0159963706469
-5,12.0,390.0,0.0184459054612
-5,12.0,400.0,0.0312620051647
-5,12.0,410.0,0.0432416439734
-5,12.0,420.0,0.0511356942041
-5,12.0,430.0,0.0541281180987
-5,12.0,440.0,0.0719813006939
-5,12.0,450.0,0.0891676495299
-5,12.0,460.0,0.102116060798
-5,12.0,470.0,0.113067316865
-5,12.0,480.0,0.12532986143
-5,12.0,490.0,0.128493718101
-5,12.0,500.0,0.139212236773
-5,12.0,510.0,0.14820493999
-5,12.0,520.0,0.148961408955
-5,12.0,530.0,0.156425961155
-5,12.0,540.0,0.164711372459
-5,12.0,550.0,0.17094011815
-5,12.0,560.0,0.17069432265
-5,12.0,570.0,0.171610325606
-5,12.0,580.0,0.180335290789
-5,12.0,590.0,0.18380867432
-5,12.0,600.0,0.179085800408
-5,12.0,610.0,0.184449864162
-5,12.0,620.0,0.192400692785
-5,12.0,630.0,0.20038572798
-5,12.0,640.0,0.208533053347
-5,12.0,650.0,0.213895302997
-5,12.0,660.0,0.212382752603
-5,12.0,670.0,0.224232154746
-5,12.0,680.0,0.226337878696
-5,12.0,690.0,0.227305256876
-5,12.0,700.0,0.226044238284
-5,12.0,710.0,0.225090102628
-5,12.0,720.0,0.220461908993
-5,12.0,730.0,0.219405410772
-5,12.0,740.0,0.214065431734
-5,12.0,750.0,0.211960371579
-5,12.0,760.0,0.209934001758
-5,12.0,770.0,0.203842681045
-5,12.0,780.0,0.199884172635
-5,13.0,380.0,0.0164766806811
-5,13.0,390.0,0.0187981512039
-5,13.0,400.0,0.0315229278765
-5,13.0,410.0,0.0431619883111
-5,13.0,420.0,0.0505602847963
-5,13.0,430.0,0.0530570681266
-5,13.0,440.0,0.0700066895492
-5,13.0,450.0,0.0861154493777
-5,13.0,460.0,0.0980069880619
-5,13.0,470.0,0.107917987877
-5,13.0,480.0,0.119036224756
-5,13.0,490.0,0.12150943186
-5,13.0,500.0,0.131136677557
-5,13.0,510.0,0.139127397623
-5,13.0,520.0,0.139407794146
-5,13.0,530.0,0.145992537673
-5,13.0,540.0,0.15334576621
-5,13.0,550.0,0.158791317956
-5,13.0,560.0,0.158245363333
-5,13.0,570.0,0.158805876128
-5,13.0,580.0,0.166616539048
-5,13.0,590.0,0.169591232445
-5,13.0,600.0,0.165022995663
-5,13.0,610.0,0.169765235958
-5,13.0,620.0,0.176888107417
-5,13.0,630.0,0.184041261186
-5,13.0,640.0,0.191341492189
-5,13.0,650.0,0.196087376081
-5,13.0,660.0,0.194539047298
-5,13.0,670.0,0.205232885299
-5,13.0,680.0,0.207008868792
-5,13.0,690.0,0.207751113626
-5,13.0,700.0,0.206464892608
-5,13.0,710.0,0.20546855805
-5,13.0,720.0,0.201128516791
-5,13.0,730.0,0.20005568857
-5,13.0,740.0,0.195086644905
-5,13.0,750.0,0.193074726693
-5,13.0,760.0,0.191139559597
-5,13.0,770.0,0.185512020832
-5,13.0,780.0,0.181834277263
-5,14.0,380.0,0.0168491058077
-5,14.0,390.0,0.0190317326663
-5,14.0,400.0,0.0316015561054
-5,14.0,410.0,0.0428644251007
-5,14.0,420.0,0.0497731027421
-5,14.0,430.0,0.0518127595161
-5,14.0,440.0,0.0678692364
-5,14.0,450.0,0.0829425021708
-5,14.0,460.0,0.0938474834573
-5,14.0,470.0,0.102803646391
-5,14.0,480.0,0.112874628486
-5,14.0,490.0,0.114748685688
-5,14.0,500.0,0.123390910319
-5,14.0,510.0,0.13048639676
-5,14.0,520.0,0.130371666467
-5,14.0,530.0,0.136178127895
-5,14.0,540.0,0.142705103892
-5,14.0,550.0,0.147464577329
-5,14.0,560.0,0.146681279716
-5,14.0,570.0,0.146950388928
-5,14.0,580.0,0.153948982876
-5,14.0,590.0,0.15649332113
-5,14.0,600.0,0.152095069601
-5,14.0,610.0,0.156291738436
-5,14.0,620.0,0.162680413326
-5,14.0,630.0,0.169096412855
-5,14.0,640.0,0.175646232677
-5,14.0,650.0,0.179852578706
-5,14.0,660.0,0.17829327185
-5,14.0,670.0,0.187956533492
-5,14.0,680.0,0.189453120903
-5,14.0,690.0,0.190010239572
-5,14.0,700.0,0.188719380442
-5,14.0,710.0,0.187701920527
-5,14.0,720.0,0.183638678545
-5,14.0,730.0,0.182566141803
-5,14.0,740.0,0.177946281298
-5,14.0,750.0,0.176031553388
-5,14.0,760.0,0.174191177868
-5,14.0,770.0,0.168993344733
-5,14.0,780.0,0.165579276794
-5,15.0,380.0,0.0171258667894
-5,15.0,390.0,0.0191644001826
-5,15.0,400.0,0.0315316007395
-5,15.0,410.0,0.0423975404066
-5,15.0,420.0,0.0488310679843
-5,15.0,430.0,0.0504526571818
-5,15.0,440.0,0.0656396276832
-5,15.0,450.0,0.0797276856269
-5,15.0,460.0,0.0897168929915
-5,15.0,470.0,0.0977995108729
-5,15.0,480.0,0.106914336876
-5,15.0,490.0,0.108268298469
-5,15.0,500.0,0.116021602053
-5,15.0,510.0,0.122316459043
-5,15.0,520.0,0.121873240125
-5,15.0,530.0,0.126989565269
-5,15.0,540.0,0.132782310309
-5,15.0,550.0,0.136938608729
-5,15.0,560.0,0.135967725218
-5,15.0,570.0,0.135996954741
-5,15.0,580.0,0.142272053913
-5,15.0,590.0,0.144443092017
-5,15.0,600.0,0.140222559109
-5,15.0,610.0,0.1439383948
-5,15.0,620.0,0.149673626128
-5,15.0,630.0,0.155433909395
-5,15.0,640.0,0.161316348146
-5,15.0,650.0,0.165047971288
-5,15.0,660.0,0.16349532739
-5,15.0,670.0,0.17223641338
-5,15.0,680.0,0.173494496196
-5,15.0,690.0,0.173898204977
-5,15.0,700.0,0.172617131626
-5,15.0,710.0,0.171593642598
-5,15.0,720.0,0.167793547906
-5,15.0,730.0,0.166732820585
-5,15.0,740.0,0.162439729295
-5,15.0,750.0,0.160622934204
-5,15.0,760.0,0.158877810728
-5,15.0,770.0,0.154077006011
-5,15.0,780.0,0.15090918802
-5,16.0,380.0,0.0173192130312
-5,16.0,390.0,0.0192125269524
-5,16.0,400.0,0.0313425176115
-5,16.0,410.0,0.0418021021202
-5,16.0,420.0,0.0477803789696
-5,16.0,430.0,0.049022050916
-5,16.0,440.0,0.063372047274
-5,16.0,450.0,0.0765297878626
-5,16.0,460.0,0.0856725847444
-5,16.0,470.0,0.0929580708209
-5,16.0,480.0,0.101201563026
-5,16.0,490.0,0.102103858296
-5,16.0,500.0,0.109055159019
-5,16.0,510.0,0.114633498686
-5,16.0,520.0,0.113916992621
-5,16.0,530.0,0.118420230669
-5,16.0,540.0,0.12355927699
-5,16.0,550.0,0.127183819735
-5,16.0,560.0,0.126065082278
-5,16.0,570.0,0.125896280073
-5,16.0,580.0,0.131525346308
-5,16.0,590.0,0.133371286866
-5,16.0,600.0,0.129330834189
-5,16.0,610.0,0.132621456063
-5,16.0,620.0,0.137773564136
-5,16.0,630.0,0.142948946373
-5,16.0,640.0,0.148236146524
-5,16.0,650.0,0.151548457439
-5,16.0,660.0,0.150014943348
-5,16.0,670.0,0.157928911285
-5,16.0,680.0,0.15898221141
-5,16.0,690.0,0.159258031039
-5,16.0,700.0,0.157996773804
-5,16.0,710.0,0.156978058329
-5,16.0,720.0,0.153426222572
-5,16.0,730.0,0.152385195282
-5,16.0,740.0,0.148396503539
-5,16.0,750.0,0.146676184169
-5,16.0,760.0,0.145024701407
-5,16.0,770.0,0.140589884798
-5,16.0,780.0,0.137651052902
-5,17.0,380.0,0.0174407656452
-5,17.0,390.0,0.0191907351584
-5,17.0,400.0,0.0310594938412
-5,17.0,410.0,0.0411117751234
-5,17.0,420.0,0.0466580398238
-5,17.0,430.0,0.0475561916094
-5,17.0,440.0,0.0611074642173
-5,17.0,450.0,0.0733918791316
-5,17.0,460.0,0.0817550602215
-5,17.0,470.0,0.0883146638087
-5,17.0,480.0,0.0957653866279
-5,17.0,490.0,0.096275400053
-5,17.0,500.0,0.102503356202
-5,17.0,510.0,0.107440195243
-5,17.0,520.0,0.106496400809
-5,17.0,530.0,0.110454298533
-5,17.0,540.0,0.115010566427
-5,17.0,550.0,0.118165361637
-5,17.0,560.0,0.116930721638
-5,17.0,570.0,0.116598184711
-5,17.0,580.0,0.121649477119
-5,17.0,590.0,0.123211454993
-5,17.0,600.0,0.119349669546
-5,17.0,610.0,0.122263329951
-5,17.0,620.0,0.126894090284
-5,17.0,630.0,0.13154671066
-5,17.0,640.0,0.136301939103
-5,17.0,650.0,0.139242823495
-5,17.0,660.0,0.137737124832
-5,17.0,670.0,0.144908046772
-5,17.0,680.0,0.145784733436
-5,17.0,690.0,0.145953463322
-5,17.0,700.0,0.144718871267
-5,17.0,710.0,0.14371260608
-5,17.0,720.0,0.140393611033
-5,17.0,730.0,0.139377564758
-5,17.0,740.0,0.135671396686
-5,17.0,750.0,0.134044646204
-5,17.0,760.0,0.132483835178
-5,17.0,770.0,0.128385718319
-5,17.0,780.0,0.125659081679
-5,18.0,380.0,0.0175011680716
-5,18.0,390.0,0.0191117904418
-5,18.0,400.0,0.0307037143042
-5,18.0,410.0,0.0403539837122
-5,18.0,420.0,0.0454933087714
-5,18.0,430.0,0.0460821246283
-5,18.0,440.0,0.0588762954852
-5,18.0,450.0,0.0703447154544
-5,18.0,460.0,0.0779918181097
-5,18.0,470.0,0.0838915923361
-5,18.0,480.0,0.0906220359874
-5,18.0,490.0,0.0907914405363
-5,18.0,500.0,0.0963672723016
-5,18.0,510.0,0.100729687987
-5,18.0,520.0,0.0995971416722
-5,18.0,530.0,0.103069552246
-5,18.0,540.0,0.107105810292
-5,18.0,550.0,0.109845040135
-5,18.0,560.0,0.108520347374
-5,18.0,570.0,0.108052404981
-5,18.0,580.0,0.112586425792
-5,18.0,590.0,0.113899836701
-5,18.0,600.0,0.110212686485
-5,18.0,610.0,0.112791570581
-5,18.0,620.0,0.11695561759
-5,18.0,630.0,0.121140381617
-5,18.0,640.0,0.125419516332
-5,18.0,650.0,0.128030711642
-5,18.0,660.0,0.126558728728
-5,18.0,670.0,0.13306143254
-5,18.0,680.0,0.133785288978
-5,18.0,690.0,0.13386406474
-5,18.0,700.0,0.132660664192
-5,18.0,710.0,0.131672226724
-5,18.0,720.0,0.128570604004
-5,18.0,730.0,0.127582926757
-5,18.0,740.0,0.1241381917
-5,18.0,750.0,0.122601173196
-5,18.0,760.0,0.121127200831
-5,18.0,770.0,0.11733829553
-5,18.0,780.0,0.114807733971
-5,19.0,380.0,0.0175099386934
-5,19.0,390.0,0.0189866561799
-5,19.0,400.0,0.0302927682389
-5,19.0,410.0,0.0395508017597
-5,19.0,420.0,0.0443090151937
-5,19.0,430.0,0.0446202500145
-5,19.0,440.0,0.0567005786011
-5,19.0,450.0,0.0674094343983
-5,19.0,460.0,0.0744003467184
-5,19.0,470.0,0.0797012562866
-5,19.0,480.0,0.0857780994404
-5,19.0,490.0,0.0856519677817
-5,19.0,500.0,0.0906401742511
-5,19.0,510.0,0.0944882585285
-5,19.0,520.0,0.0931993961366
-5,19.0,530.0,0.0962393935619
-5,19.0,540.0,0.0998114057562
-5,19.0,550.0,0.102182652698
-5,19.0,560.0,0.100788924632
-5,19.0,570.0,0.100209132291
-5,19.0,580.0,0.10427973898
-5,19.0,590.0,0.105375243462
-5,19.0,600.0,0.101856922649
-5,19.0,610.0,0.104138129647
-5,19.0,620.0,0.107884020329
-5,19.0,630.0,0.111649689574
-5,19.0,640.0,0.115502340156
-5,19.0,650.0,0.117820463728
-5,19.0,660.0,0.116386034978
-5,19.0,670.0,0.122287418709
-5,19.0,680.0,0.122878700137
-5,19.0,690.0,0.122881766531
-5,19.0,700.0,0.121712379599
-5,19.0,710.0,0.120745443554
-5,19.0,720.0,0.117846003243
-5,19.0,730.0,0.116888703817
-5,19.0,740.0,0.113685284365
-5,19.0,750.0,0.112233596729
-5,19.0,760.0,0.110842112432
-5,19.0,770.0,0.10733673838
-5,19.0,780.0,0.104986926792
-5,20.0,380.0,0.0174754469422
-5,20.0,390.0,0.018824631461
-5,20.0,400.0,0.0298411021221
-5,20.0,410.0,0.0387197934464
-5,20.0,420.0,0.0431227127931
-5,20.0,430.0,0.0431856285719
-5,20.0,440.0,0.0545957364438
-5,20.0,450.0,0.0645996977868
-5,20.0,460.0,0.0709904641005
-5,20.0,470.0,0.0757485719466
-5,20.0,480.0,0.0812329814869
-5,20.0,490.0,0.0808507100986
-5,20.0,500.0,0.0853096945401
-5,20.0,510.0,0.0886973479787
-5,20.0,520.0,0.0872795777508
-5,20.0,530.0,0.0899343507235
-5,20.0,540.0,0.0930917921511
-5,20.0,550.0,0.095137002596
-5,20.0,560.0,0.0936913950338
-5,20.0,570.0,0.0930194470211
-5,20.0,580.0,0.0966747258325
-5,20.0,590.0,0.0975790212464
-5,20.0,600.0,0.0942225727403
-5,20.0,610.0,0.0962388722381
-5,20.0,620.0,0.0996099111873
-5,20.0,630.0,0.102999946201
-5,20.0,640.0,0.106470318848
-5,20.0,650.0,0.108527652996
-5,20.0,660.0,0.107133087635
-5,20.0,670.0,0.112493138192
-5,20.0,680.0,0.112969215444
-5,20.0,690.0,0.112908501947
-5,20.0,700.0,0.111774698736
-5,20.0,710.0,0.110831669914
-5,20.0,720.0,0.10811972465
-5,20.0,730.0,0.107193806559
-5,20.0,740.0,0.10421267534
-5,20.0,750.0,0.102841613463
-5,20.0,760.0,0.101527994986
-5,20.0,770.0,0.0982822599693
-5,20.0,780.0,0.0960987427713
-5,21.0,380.0,0.0174049611385
-5,21.0,390.0,0.0186335266225
-5,21.0,400.0,0.0293604677643
-5,21.0,410.0,0.0378747707912
-5,21.0,420.0,0.0419476672175
-5,21.0,430.0,0.0417890648825
-5,21.0,440.0,0.0525720082477
-5,21.0,450.0,0.0619234011163
-5,21.0,460.0,0.0677661627023
-5,21.0,470.0,0.0720328618737
-5,21.0,480.0,0.0769808095033
-5,21.0,490.0,0.0763768898742
-5,21.0,500.0,0.0803595103622
-5,21.0,510.0,0.0833351122099
-5,21.0,520.0,0.0818116682785
-5,21.0,530.0,0.0841232498486
-5,21.0,540.0,0.0869104519578
-5,21.0,550.0,0.0886667074429
-5,21.0,560.0,0.0871832654073
-5,21.0,570.0,0.0864357016434
-5,21.0,580.0,0.0897186703381
-5,21.0,590.0,0.0904550958518
-5,21.0,600.0,0.0872528712382
-5,21.0,610.0,0.0890332996382
-5,21.0,620.0,0.0920681957762
-5,21.0,630.0,0.0951214253766
-5,21.0,640.0,0.098249008488
-5,21.0,650.0,0.100074114413
-5,21.0,660.0,0.0987205892663
-5,21.0,670.0,0.103593195461
-5,21.0,680.0,0.103969047708
-5,21.0,690.0,0.103854605062
-5,21.0,700.0,0.102757038292
-5,21.0,710.0,0.101839377691
-5,21.0,720.0,0.0993008920611
-5,21.0,730.0,0.098406629074
-5,21.0,740.0,0.0956299142992
-5,21.0,750.0,0.0943346547691
-5,21.0,760.0,0.0930941831779
-5,21.0,770.0,0.0900859427703
-5,21.0,780.0,0.0880551726817
-5,22.0,380.0,0.0173047348058
-5,22.0,390.0,0.0184198492715
-5,22.0,400.0,0.0288603397297
-5,22.0,410.0,0.0370264573454
-5,22.0,420.0,0.0407936901791
-5,22.0,430.0,0.0404379998524
-5,22.0,440.0,0.0506356086516
-5,22.0,450.0,0.0593840406727
-5,22.0,460.0,0.064727071028
-5,22.0,470.0,0.0685493423553
-5,22.0,480.0,0.0730119277295
-5,22.0,490.0,0.072216594059
-5,22.0,500.0,0.0757706547778
-5,22.0,510.0,0.0783776377191
-5,22.0,520.0,0.076768265415
-5,22.0,530.0,0.0787741398819
-5,22.0,540.0,0.08123070964
-5,22.0,550.0,0.0827308558897
-5,22.0,560.0,0.0812211007928
-5,22.0,570.0,0.0804118617083
-5,22.0,580.0,0.0833610490218
-5,22.0,590.0,0.0839500689154
-5,22.0,600.0,0.080894067663
-5,22.0,610.0,0.0824644095675
-5,22.0,620.0,0.0851978128984
-5,22.0,630.0,0.0879489799148
-5,22.0,640.0,0.0907691022869
-5,22.0,650.0,0.0923873118826
-5,22.0,660.0,0.0910751695192
-5,22.0,670.0,0.0955087905598
-5,22.0,680.0,0.095797390047
-5,22.0,690.0,0.0956377271831
-5,22.0,700.0,0.0945763820885
-5,22.0,710.0,0.0936848479595
-5,22.0,720.0,0.0913065331243
-5,22.0,730.0,0.0904436741849
-5,22.0,740.0,0.0878546871792
-5,22.0,750.0,0.0866304202639
-5,22.0,760.0,0.0854584038985
-5,22.0,770.0,0.0826672050819
-5,22.0,780.0,0.0807765555389
-5,23.0,380.0,0.0171801102049
-5,23.0,390.0,0.0181889850428
-5,23.0,400.0,0.0283482897273
-5,23.0,410.0,0.036183057949
-5,23.0,420.0,0.0396678357015
-5,23.0,430.0,0.0391372413412
-5,23.0,440.0,0.048789663136
-5,23.0,450.0,0.0569818053141
-5,23.0,460.0,0.0618696118089
-5,23.0,470.0,0.0652902951993
-5,23.0,480.0,0.069314069516
-5,23.0,490.0,0.0683538467792
-5,23.0,500.0,0.0715225418817
-5,23.0,510.0,0.0737998927663
-5,23.0,520.0,0.0721214042089
-5,23.0,530.0,0.0738550210579
-5,23.0,540.0,0.076016365431
-5,23.0,550.0,0.077289534955
-5,23.0,560.0,0.0757629284543
-5,23.0,570.0,0.0749037960091
-5,23.0,580.0,0.0775537305905
-5,23.0,590.0,0.0780133275337
-5,23.0,600.0,0.0750954454886
-5,23.0,610.0,0.0764786309208
-5,23.0,620.0,0.0789415821946
-5,23.0,630.0,0.0814217996692
-5,23.0,640.0,0.0839660964948
-5,23.0,650.0,0.0853999154609
-5,23.0,660.0,0.0841288896608
-5,23.0,670.0,0.0881671199764
-5,23.0,680.0,0.0883797381662
-5,23.0,690.0,0.0881820865163
-5,23.0,700.0,0.0871564686903
-5,23.0,710.0,0.0862912993354
-5,23.0,720.0,0.0840606670037
-5,23.0,730.0,0.0832285895946
-5,23.0,740.0,0.0808118238368
-5,23.0,750.0,0.0796538461135
-5,23.0,760.0,0.0785457072396
-5,23.0,770.0,0.0759527194479
-5,23.0,780.0,0.074190477332
-5,24.0,380.0,0.0170356260354
-5,24.0,390.0,0.0179453647265
-5,24.0,400.0,0.0278303140134
-5,24.0,410.0,0.0353507405843
-5,24.0,420.0,0.0385749757734
-5,24.0,430.0,0.0378895584467
-5,24.0,440.0,0.0470349596062
-5,24.0,450.0,0.054714445398
-5,24.0,460.0,0.059187917006
-5,24.0,470.0,0.0622459881505
-5,24.0,480.0,0.0658732740278
-5,24.0,490.0,0.064771445263
-5,24.0,500.0,0.0675937638612
-5,24.0,510.0,0.069576465797
-5,24.0,520.0,0.0678431944367
-5,24.0,530.0,0.0693344105242
-5,24.0,540.0,0.0712321883826
-5,24.0,550.0,0.0723042418619
-5,24.0,560.0,0.0707685556689
-5,24.0,570.0,0.0698695079252
-5,24.0,580.0,0.0722511391744
-5,24.0,590.0,0.0725971396599
-5,24.0,600.0,0.0698093488257
-5,24.0,610.0,0.0710257874815
-5,24.0,620.0,0.0732461029958
-5,24.0,630.0,0.0754832438159
-5,24.0,640.0,0.0777800542578
-5,24.0,650.0,0.0790494993119
-5,24.0,660.0,0.0778188862286
-5,24.0,670.0,0.0815009438025
-5,24.0,680.0,0.0816473991638
-5,24.0,690.0,0.0814179230655
-5,24.0,700.0,0.0804272001798
-5,24.0,710.0,0.0795882527688
-5,24.0,720.0,0.077493638821
-5,24.0,730.0,0.0766914641225
-5,24.0,740.0,0.0744325729821
-5,24.0,750.0,0.0733363507886
-5,24.0,760.0,0.07228768462
-5,24.0,770.0,0.0698756212949
-5,24.0,780.0,0.0682309649978
-5,25.0,380.0,0.016875121692
-5,25.0,390.0,0.0176926139664
-5,25.0,400.0,0.0273111145791
-5,25.0,410.0,0.0345340391219
-5,25.0,420.0,0.0375182722853
-5,25.0,430.0,0.0366961616577
-5,25.0,440.0,0.0453705487031
-5,25.0,450.0,0.0525779603651
-5,25.0,460.0,0.0566745462499
-5,25.0,470.0,0.0594053927685
-5,25.0,480.0,0.062674597084
-5,25.0,490.0,0.0614516046094
-5,25.0,500.0,0.0639627027889
-5,25.0,510.0,0.0656821295492
-5,25.0,520.0,0.0639063051831
-5,25.0,530.0,0.0651817702194
-5,25.0,540.0,0.0668442871742
-5,25.0,550.0,0.0677381915623
-5,25.0,560.0,0.0661998047327
-5,25.0,570.0,0.0652693039238
-5,25.0,580.0,0.0674103700775
-5,25.0,590.0,0.0676567177152
-5,25.0,600.0,0.0649911937907
-5,25.0,610.0,0.0660590610109
-5,25.0,620.0,0.0680616676509
-5,25.0,630.0,0.0700807032058
-5,25.0,640.0,0.0721554156471
-5,25.0,650.0,0.0732783015444
-5,25.0,660.0,0.0720870898878
-5,25.0,670.0,0.0754482461445
-5,25.0,680.0,0.0755371078033
-5,25.0,690.0,0.0752810742274
-5,25.0,700.0,0.0743241831105
-5,25.0,710.0,0.0735110394647
-5,25.0,720.0,0.0715416050711
-5,25.0,730.0,0.0707682845007
-5,25.0,740.0,0.0686540433513
-5,25.0,750.0,0.0676152545005
-5,25.0,760.0,0.0666218676709
-5,25.0,770.0,0.0643749011585
-5,25.0,780.0,0.0628378679635
-5,26.0,380.0,0.0167004636586
-5,26.0,390.0,0.0174324012442
-5,26.0,400.0,0.0267925765571
-5,26.0,410.0,0.0337342142796
-5,26.0,420.0,0.036497665045
-5,26.0,430.0,0.035555449059
-5,26.0,440.0,0.0437924306503
-5,26.0,450.0,0.0505653030415
-5,26.0,460.0,0.0543192992482
-5,26.0,470.0,0.0567551071053
-5,26.0,480.0,0.0597011356966
-5,26.0,490.0,0.058375110411
-5,26.0,500.0,0.0606067550096
-5,26.0,510.0,0.0620911272307
-5,26.0,520.0,0.0602833290342
-5,26.0,530.0,0.0613669251721
-5,26.0,540.0,0.062819544445
-5,26.0,550.0,0.0635557706815
-5,26.0,560.0,0.0620200012508
-5,26.0,570.0,0.0610653060855
-5,26.0,580.0,0.0629906822466
-5,26.0,590.0,0.0631497008028
-5,26.0,600.0,0.0605989796345
-5,26.0,610.0,0.0615344777994
-5,26.0,620.0,0.0633417092182
-5,26.0,630.0,0.0651650122054
-5,26.0,640.0,0.0670403703258
-5,26.0,650.0,0.068032567213
-5,26.0,660.0,0.0668795617069
-5,26.0,670.0,0.069951521879
-5,26.0,680.0,0.069990295679
-5,26.0,690.0,0.069712231355
-5,26.0,700.0,0.0687879795108
-5,26.0,710.0,0.0680000472859
-5,26.0,720.0,0.0661457883363
-5,26.0,730.0,0.0654001858098
-5,26.0,740.0,0.0634184659881
-5,26.0,750.0,0.0624330429458
-5,26.0,760.0,0.0614909914214
-5,26.0,770.0,0.0593946831853
-5,26.0,780.0,0.0579561456496
-5,27.0,380.0,0.016500633218
-5,27.0,390.0,0.0171391582308
-5,27.0,400.0,0.0262122433114
-5,27.0,410.0,0.0328413120371
-5,27.0,420.0,0.0353579321861
-5,27.0,430.0,0.0342788306831
-5,27.0,440.0,0.0420203038233
-5,27.0,450.0,0.0482954296895
-5,27.0,460.0,0.0516505454737
-5,27.0,470.0,0.0537360649244
-5,27.0,480.0,0.0562968670451
-5,27.0,490.0,0.0548330867407
-5,27.0,500.0,0.0567233536622
-5,27.0,510.0,0.057914537293
-5,27.0,520.0,0.0560480324198
-5,27.0,530.0,0.0568893606005
-5,27.0,540.0,0.0580727873635
-5,27.0,550.0,0.058601484278
-5,27.0,560.0,0.0570492609016
-5,27.0,570.0,0.0560479848059
-5,27.0,580.0,0.0576971011217
-5,27.0,590.0,0.0577443345195
-5,27.0,600.0,0.0553331660408
-5,27.0,610.0,0.0561067137472
-5,27.0,620.0,0.0576765620971
-5,27.0,630.0,0.0592648918109
-5,27.0,640.0,0.0609021033026
-5,27.0,650.0,0.0617406294298
-5,27.0,660.0,0.0606384820749
-5,27.0,670.0,0.0633702113818
-5,27.0,680.0,0.0633569452886
-5,27.0,690.0,0.0630617895144
-5,27.0,700.0,0.0621864923192
-5,27.0,710.0,0.0614396677311
-5,27.0,720.0,0.0597340092428
-5,27.0,730.0,0.0590331618335
-5,27.0,740.0,0.0572207965844
-5,27.0,750.0,0.056311015465
-5,27.0,760.0,0.0554419714018
-5,27.0,770.0,0.0535356898538
-5,27.0,780.0,0.0522254435457
-5,28.0,380.0,0.0162395838498
-5,28.0,390.0,0.0167884583752
-5,28.0,400.0,0.0255543336215
-5,28.0,410.0,0.0318655445413
-5,28.0,420.0,0.0341462319263
-5,28.0,430.0,0.0329509852645
-5,28.0,440.0,0.0402102018469
-5,28.0,450.0,0.0460130001764
-5,28.0,460.0,0.0490030738125
-5,28.0,470.0,0.0507782291351
-5,28.0,480.0,0.0529966635865
-5,28.0,490.0,0.0514350020647
-5,28.0,500.0,0.0530301299072
-5,28.0,510.0,0.0539747442452
-5,28.0,520.0,0.0520836355394
-5,28.0,530.0,0.0527210286298
-5,28.0,540.0,0.0536833683177
-5,28.0,550.0,0.0540461959194
-5,28.0,560.0,0.0525007910513
-5,28.0,570.0,0.0514752921983
-5,28.0,580.0,0.0529026768876
-5,28.0,590.0,0.0528795920995
-5,28.0,600.0,0.0506082799076
-5,28.0,610.0,0.0512660476155
-5,28.0,620.0,0.0526571676568
-5,28.0,630.0,0.0540659691051
-5,28.0,640.0,0.055522445948
-5,28.0,650.0,0.0562525988919
-5,28.0,660.0,0.0552174892485
-5,28.0,670.0,0.0576763651647
-5,28.0,680.0,0.057637976445
-5,28.0,690.0,0.0573453662454
-5,28.0,700.0,0.0565282165529
-5,28.0,710.0,0.0558297186733
-5,28.0,720.0,0.0542624178845
-5,28.0,730.0,0.0536106138709
-5,28.0,740.0,0.0519509361405
-5,28.0,750.0,0.0511124334271
-5,28.0,760.0,0.0503133904441
-5,28.0,770.0,0.0485740006179
-5,28.0,780.0,0.0473764676343
-5,29.0,380.0,0.0160347267679
-5,29.0,390.0,0.0165161215507
-5,29.0,400.0,0.0250488336721
-5,29.0,410.0,0.0311235796666
-5,29.0,420.0,0.0332339685346
-5,29.0,430.0,0.0319605224514
-5,29.0,440.0,0.0388715563441
-5,29.0,450.0,0.0443382031992
-5,29.0,460.0,0.0470743076473
-5,29.0,470.0,0.0486370101382
-5,29.0,480.0,0.0506218816424
-5,29.0,490.0,0.0490022934686
-5,29.0,500.0,0.0503992251335
-5,29.0,510.0,0.0511806989849
-5,29.0,520.0,0.0492833348257
-5,29.0,530.0,0.0497895658118
-5,29.0,540.0,0.050606670849
-5,29.0,550.0,0.0508637612306
-5,29.0,560.0,0.0493335314788
-5,29.0,570.0,0.0483015865453
-5,29.0,580.0,0.0495768161983
-5,29.0,590.0,0.0494969998846
-5,29.0,600.0,0.0473197906331
-5,29.0,610.0,0.0478857655803
-5,29.0,620.0,0.0491378325158
-5,29.0,630.0,0.0504072430474
-5,29.0,640.0,0.0517215520476
-5,29.0,650.0,0.052360411538
-5,29.0,660.0,0.0513589472631
-5,29.0,670.0,0.0536086677544
-5,29.0,680.0,0.0535379707398
-5,29.0,690.0,0.0532334751135
-5,29.0,700.0,0.0524444600487
-5,29.0,710.0,0.0517682655446
-5,29.0,720.0,0.0502892010644
-5,29.0,730.0,0.0496609032196
-5,29.0,740.0,0.0481015256903
-5,29.0,750.0,0.047304823673
-5,29.0,760.0,0.0465458750521
-5,29.0,770.0,0.0449192474174
-5,29.0,780.0,0.043795935168
-5,30.0,380.0,0.015825463203
-5,30.0,390.0,0.0162444419326
-5,30.0,400.0,0.0245527139821
-5,30.0,410.0,0.0304041550851
-5,30.0,420.0,0.0323577328801
-5,30.0,430.0,0.0310163671847
-5,30.0,440.0,0.0376034180239
-5,30.0,450.0,0.0427598367987
-5,30.0,460.0,0.0452645268689
-5,30.0,470.0,0.0466353496374
-5,30.0,480.0,0.0484089413571
-5,30.0,490.0,0.0467416258224
-5,30.0,500.0,0.0479602116592
-5,30.0,510.0,0.048595844249
-5,30.0,520.0,0.0466974370989
-5,30.0,530.0,0.0470868887405
-5,30.0,540.0,0.0477741496816
-5,30.0,550.0,0.047937609386
-5,30.0,560.0,0.0464246206123
-5,30.0,570.0,0.0453896992525
-5,30.0,580.0,0.0465280588907
-5,30.0,590.0,0.046398726213
-5,30.0,600.0,0.0443099100108
-5,30.0,610.0,0.0447939777989
-5,30.0,620.0,0.0459209018249
-5,30.0,630.0,0.0470648559682
-5,30.0,640.0,0.0482511826554
-5,30.0,650.0,0.0488084871659
-5,30.0,660.0,0.0478393883676
-5,30.0,670.0,0.0498999683559
-5,30.0,680.0,0.0498013595048
-5,30.0,690.0,0.0494874816484
-5,30.0,700.0,0.048725454722
-5,30.0,710.0,0.0480708331015
-5,30.0,720.0,0.0466732580797
-5,30.0,730.0,0.0460674496778
-5,30.0,740.0,0.0446003273535
-5,30.0,750.0,0.043842577915
-5,30.0,760.0,0.04312098167
-5,30.0,770.0,0.0415976732103
-5,30.0,780.0,0.0405425594336
-5,31.0,380.0,0.015613068008
-5,31.0,390.0,0.0159743450066
-5,31.0,400.0,0.0240666875745
-5,31.0,410.0,0.0297071960455
-5,31.0,420.0,0.0315163353343
-5,31.0,430.0,0.0301162515365
-5,31.0,440.0,0.0364016202628
-5,31.0,450.0,0.0412715213555
-5,31.0,460.0,0.0435652374375
-5,31.0,470.0,0.0447627205864
-5,31.0,480.0,0.0463451139511
-5,31.0,490.0,0.0446390146847
-5,31.0,500.0,0.0456970720154
-5,31.0,510.0,0.0462023322367
-5,31.0,520.0,0.0443073107651
-5,31.0,530.0,0.0445928045237
-5,31.0,540.0,0.0451639618551
-5,31.0,550.0,0.0452445452881
-5,31.0,560.0,0.0437504361015
-5,31.0,570.0,0.0427154733749
-5,31.0,580.0,0.0437306412908
-5,31.0,590.0,0.0435581636425
-5,31.0,600.0,0.0415524096216
-5,31.0,610.0,0.0419633778824
-5,31.0,620.0,0.042977609572
-5,31.0,630.0,0.0440085785067
-5,31.0,640.0,0.0450796191964
-5,31.0,650.0,0.0455640451318
-5,31.0,660.0,0.0446260369096
-5,31.0,670.0,0.046515439115
-5,31.0,680.0,0.0463927777216
-5,31.0,690.0,0.0460716729807
-5,31.0,700.0,0.0453355018493
-5,31.0,710.0,0.0447017027184
-5,31.0,720.0,0.0433794478674
-5,31.0,730.0,0.0427951323946
-5,31.0,740.0,0.0414129400277
-5,31.0,750.0,0.0406915077627
-5,31.0,760.0,0.0400047279002
-5,31.0,770.0,0.03857617229
-5,31.0,780.0,0.0375837777025
-5,32.0,380.0,0.0153986065099
-5,32.0,390.0,0.0157065579656
-5,32.0,400.0,0.0235912097474
-5,32.0,410.0,0.0290323781503
-5,32.0,420.0,0.0307084099105
-5,32.0,430.0,0.0292578358048
-5,32.0,440.0,0.0352620379265
-5,32.0,450.0,0.0398670790155
-5,32.0,460.0,0.0419683277849
-5,32.0,470.0,0.0430091664891
-5,32.0,480.0,0.0444184456867
-5,32.0,490.0,0.0426813988403
-5,32.0,500.0,0.0435949110381
-5,32.0,510.0,0.0439836244194
-5,32.0,520.0,0.0420957419049
-5,32.0,530.0,0.042288703177
-5,32.0,540.0,0.0427560198135
-5,32.0,550.0,0.0427632776051
-5,32.0,560.0,0.0412893298224
-5,32.0,570.0,0.0402568028927
-5,32.0,580.0,0.0411610157238
-5,32.0,590.0,0.0409510187606
-5,32.0,600.0,0.0390233652221
-5,32.0,610.0,0.039369080258
-5,32.0,620.0,0.0402817613907
-5,32.0,630.0,0.0412109045246
-5,32.0,640.0,0.0421780206999
-5,32.0,650.0,0.0425972981349
-5,32.0,660.0,0.0416891282024
-5,32.0,670.0,0.0434234696279
-5,32.0,680.0,0.0432801445065
-5,32.0,690.0,0.0429536688254
-5,32.0,700.0,0.0422422491823
-5,32.0,710.0,0.0416285183993
-5,32.0,720.0,0.0403759508867
-5,32.0,730.0,0.039812162716
-5,32.0,740.0,0.038508238147
-5,32.0,750.0,0.0378206910456
-5,32.0,760.0,0.037166388339
-5,32.0,770.0,0.0358248215386
-5,32.0,780.0,0.0348901665874
-5,33.0,380.0,0.0151829675024
-5,33.0,390.0,0.0154416462478
-5,33.0,400.0,0.0231265348668
-5,33.0,410.0,0.0283791968952
-5,33.0,420.0,0.0299324849242
-5,33.0,430.0,0.0284387710102
-5,33.0,440.0,0.0341806547863
-5,33.0,450.0,0.0385405990377
-5,33.0,460.0,0.0404661245726
-5,33.0,470.0,0.0413653439265
-5,33.0,480.0,0.0426177858041
-5,33.0,490.0,0.0408566511365
-5,33.0,500.0,0.0416399502956
-5,33.0,510.0,0.041924468997
-5,33.0,520.0,0.0400468965355
-5,33.0,530.0,0.0401575037529
-5,33.0,540.0,0.0405319210135
-5,33.0,550.0,0.0404743328459
-5,33.0,560.0,0.039021530379
-5,33.0,570.0,0.0379935239423
-5,33.0,580.0,0.0387977264154
-5,33.0,590.0,0.0385551768928
-5,33.0,600.0,0.0367010169173
-5,33.0,610.0,0.0369884684361
-5,33.0,620.0,0.0378095686906
-5,33.0,630.0,0.0386468709587
-5,33.0,640.0,0.0395202290809
-5,33.0,650.0,0.0398812455182
-5,33.0,660.0,0.0390016967586
-5,33.0,670.0,0.0405954368484
-5,33.0,680.0,0.0404344246514
-5,33.0,690.0,0.0401041761146
-5,33.0,700.0,0.0394164413761
-5,33.0,710.0,0.0388220330241
-5,33.0,720.0,0.0376340157113
-5,33.0,730.0,0.0370898273575
-5,33.0,740.0,0.0358581168195
-5,33.0,750.0,0.0352022154225
-5,33.0,760.0,0.0345782367621
-5,33.0,770.0,0.0333166265297
-5,33.0,780.0,0.0324351897616
-5,34.0,380.0,0.0149668914552
-5,34.0,390.0,0.0151800438926
-5,34.0,400.0,0.022672762255
-5,34.0,410.0,0.0277470222094
-5,34.0,420.0,0.0291870365178
-5,34.0,430.0,0.0276567442083
-5,34.0,440.0,0.0331536095707
-5,34.0,450.0,0.0372864786247
-5,34.0,460.0,0.0390514225964
-5,34.0,470.0,0.0398225388524
-5,34.0,480.0,0.0409327878862
-5,34.0,490.0,0.039153564512
-5,34.0,500.0,0.0398194980762
-5,34.0,510.0,0.0400108547525
-5,34.0,520.0,0.0381462614012
-5,34.0,530.0,0.0381835800882
-5,34.0,540.0,0.0384748582108
-5,34.0,550.0,0.0383599514334
-5,34.0,560.0,0.0369290295257
-5,34.0,570.0,0.0359072916552
-5,34.0,580.0,0.0366212718885
-5,34.0,590.0,0.036350554501
-5,34.0,600.0,0.0345656186706
-5,34.0,610.0,0.0348010335972
-5,34.0,620.0,0.0355394739868
-5,34.0,630.0,0.0362938697804
-5,34.0,640.0,0.0370825674649
-5,34.0,650.0,0.0373914606473
-5,34.0,660.0,0.0365393597904
-5,34.0,670.0,0.0380054711462
-5,34.0,680.0,0.0378293873809
-5,34.0,690.0,0.037496741885
-5,34.0,700.0,0.036831669681
-5,34.0,710.0,0.0362558548032
-5,34.0,720.0,0.035127706708
-5,34.0,730.0,0.0346022334988
-5,34.0,740.0,0.0334372396228
-5,34.0,750.0,0.0328109253609
-5,34.0,760.0,0.032215292362
-5,34.0,770.0,0.0310272722231
-5,34.0,780.0,0.0301949507969
-5,35.0,380.0,0.0147509938894
-5,35.0,390.0,0.0149220780148
-5,35.0,400.0,0.0222298721068
-5,35.0,410.0,0.0271351396588
-5,35.0,420.0,0.0284705272846
-5,35.0,430.0,0.0269095091317
-5,35.0,440.0,0.0321772240634
-5,35.0,450.0,0.0360994434455
-5,35.0,460.0,0.0377174935686
-5,35.0,470.0,0.0383726617357
-5,35.0,480.0,0.0393538900852
-5,35.0,490.0,0.0375618185467
-5,35.0,500.0,0.0381219004613
-5,35.0,510.0,0.0382299469085
-5,35.0,520.0,0.0363805686551
-5,35.0,530.0,0.036352671541
-5,35.0,540.0,0.0365695157943
-5,35.0,550.0,0.0364039710703
-5,35.0,560.0,0.0349954575345
-5,35.0,570.0,0.0339814474015
-5,35.0,580.0,0.0346139586508
-5,35.0,590.0,0.0343189439267
-5,35.0,600.0,0.032599281486
-5,35.0,610.0,0.0327882077542
-5,35.0,620.0,0.0334519716556
-5,35.0,630.0,0.0341314562517
-5,35.0,640.0,0.0348436357041
-5,35.0,650.0,0.0351058764236
-5,35.0,660.0,0.0342800998114
-5,35.0,670.0,0.0356302223736
-5,35.0,680.0,0.0354413660335
-5,35.0,690.0,0.0351075079667
-5,35.0,700.0,0.034464124252
-5,35.0,710.0,0.0339061971224
-5,35.0,720.0,0.0328336557659
-5,35.0,730.0,0.0323260586074
-5,35.0,740.0,0.0312227916614
-5,35.0,750.0,0.0306241749404
-5,35.0,760.0,0.0300550723402
-5,35.0,770.0,0.0289348803736
-5,35.0,780.0,0.0281479530924
-5,36.0,380.0,0.0145357847118
-5,36.0,390.0,0.0146679884776
-5,36.0,400.0,0.0217977534158
-5,36.0,410.0,0.0265427811411
-5,36.0,420.0,0.027781433332
-5,36.0,430.0,0.0261949056175
-5,36.0,440.0,0.0312480176855
-5,36.0,450.0,0.0349745531016
-5,36.0,460.0,0.036458079493
-5,36.0,470.0,0.0370082275394
-5,36.0,480.0,0.0378722804796
-5,36.0,490.0,0.0360719325979
-5,36.0,500.0,0.0365364796736
-5,36.0,510.0,0.0365700111996
-5,36.0,520.0,0.034737710318
-5,36.0,530.0,0.0346517845455
-5,36.0,540.0,0.034801957955
-5,36.0,550.0,0.0345917030636
-5,36.0,560.0,0.0332059528469
-5,36.0,570.0,0.0322008815105
-5,36.0,580.0,0.0327597512372
-5,36.0,590.0,0.0324438554083
-5,36.0,600.0,0.0307858148486
-5,36.0,610.0,0.0309331959983
-5,36.0,620.0,0.0315294285993
-5,36.0,630.0,0.032141157936
-5,36.0,640.0,0.0327841075155
-5,36.0,650.0,0.0330045732686
-5,36.0,660.0,0.0322040504528
-5,36.0,670.0,0.0334486300857
-5,36.0,680.0,0.0332490226637
-5,36.0,690.0,0.032914971306
-5,36.0,700.0,0.032292352719
-5,36.0,710.0,0.0317516352427
-5,36.0,720.0,0.0307308213194
-5,36.0,730.0,0.0302403080733
-5,36.0,740.0,0.0291942407568
-5,36.0,750.0,0.0286215891912
-5,36.0,760.0,0.0280773534183
-5,36.0,770.0,0.0270197760293
-5,36.0,780.0,0.0262748691173
-5,37.0,380.0,0.0143216841728
-5,37.0,390.0,0.0144179436483
-5,37.0,400.0,0.0213762255251
-5,37.0,410.0,0.0259691473729
-5,37.0,420.0,0.0271182625076
-5,37.0,430.0,0.0255108706611
-5,37.0,440.0,0.030362712236
-5,37.0,450.0,0.0339071959442
-5,37.0,460.0,0.035267375492
-5,37.0,470.0,0.0357223257057
-5,37.0,480.0,0.036479853063
-5,37.0,490.0,0.0346752109298
-5,37.0,500.0,0.0350534653267
-5,37.0,510.0,0.0350203319105
-5,37.0,520.0,0.0332066480648
-5,37.0,530.0,0.0330690905894
-5,37.0,540.0,0.0331595143713
-5,37.0,550.0,0.0329098072896
-5,37.0,560.0,0.0315470314815
-5,37.0,570.0,0.0305518967763
-5,37.0,580.0,0.0310441240104
-5,37.0,590.0,0.0307103617269
-5,37.0,600.0,0.0291105714935
-5,37.0,610.0,0.0292208129102
-5,37.0,620.0,0.0297559099866
-5,37.0,630.0,0.0303062897101
-5,37.0,640.0,0.0308865345657
-5,37.0,650.0,0.0310695749109
-5,37.0,660.0,0.030293290661
-5,37.0,670.0,0.0314417032467
-5,37.0,680.0,0.0312331228249
-5,37.0,690.0,0.0308997550919
-5,37.0,700.0,0.0302970300472
-5,37.0,710.0,0.0297728747574
-5,37.0,720.0,0.0288002593681
-5,37.0,730.0,0.0283260852407
-5,37.0,740.0,0.0273331111586
-5,37.0,750.0,0.0267848382337
-5,37.0,760.0,0.0262639464116
-5,37.0,770.0,0.0252642670677
-5,37.0,780.0,0.0245583227695
-5,38.0,380.0,0.014109036081
-5,38.0,390.0,0.0141720530573
-5,38.0,400.0,0.0209650547667
-5,38.0,410.0,0.0254134242225
-5,38.0,420.0,0.026479566198
-5,38.0,430.0,0.0248554435862
-5,38.0,440.0,0.0295182299986
-5,38.0,450.0,0.0328930770566
-5,38.0,460.0,0.0341400062747
-5,38.0,470.0,0.0345085845836
-5,38.0,480.0,0.0351691590621
-5,38.0,490.0,0.0333636844419
-5,38.0,500.0,0.0336639233414
-5,38.0,510.0,0.0335711287322
-5,38.0,520.0,0.0317773230096
-5,38.0,530.0,0.031593825315
-5,38.0,540.0,0.031630668156
-5,38.0,550.0,0.0313461705249
-5,38.0,560.0,0.0300064607337
-5,38.0,570.0,0.0290220771337
-5,38.0,580.0,0.0294539191733
-5,38.0,590.0,0.0291049498806
-5,38.0,600.0,0.0275602996638
-5,38.0,610.0,0.027637327301
-5,38.0,620.0,0.0281170142868
-5,38.0,630.0,0.0286117790432
-5,38.0,640.0,0.0291351618169
-5,38.0,650.0,0.0292846562819
-5,38.0,660.0,0.0285316514434
-5,38.0,670.0,0.0295923137042
-5,38.0,680.0,0.0293763247488
-5,38.0,690.0,0.029044394812
-5,38.0,700.0,0.0284607436914
-5,38.0,710.0,0.0279525357024
-5,38.0,720.0,0.0270249102189
-5,38.0,730.0,0.0265663774611
-5,38.0,740.0,0.0256227732322
-5,38.0,750.0,0.0250974275613
-5,38.0,760.0,0.0245984871041
-5,38.0,770.0,0.0236524398489
-5,38.0,780.0,0.0229826878062
-5,39.0,380.0,0.0138981187776
-5,39.0,390.0,0.0139303776008
-5,39.0,400.0,0.0205639673212
-5,39.0,410.0,0.0248747944687
-5,39.0,420.0,0.0258639465446
-5,39.0,430.0,0.0242267672317
-5,39.0,440.0,0.0287116876482
-5,39.0,450.0,0.031928202301
-5,39.0,460.0,0.0330709994206
-5,39.0,470.0,0.0333611336567
-5,39.0,480.0,0.0339333571398
-5,39.0,490.0,0.0321300524743
-5,39.0,500.0,0.0323596861332
-5,39.0,510.0,0.0322134761054
-5,39.0,520.0,0.0304405690175
-5,39.0,530.0,0.0302161922928
-5,39.0,540.0,0.0302049496503
-5,39.0,550.0,0.0298897917172
-5,39.0,560.0,0.0285731405934
-5,39.0,570.0,0.0276001648181
-5,39.0,580.0,0.0279772143574
-5,39.0,590.0,0.0276153831167
-5,39.0,600.0,0.0261230060012
-5,39.0,610.0,0.026170318423
-5,39.0,620.0,0.0265997207794
-5,39.0,630.0,0.0270440047681
-5,39.0,640.0,0.027515757404
-5,39.0,650.0,0.0276351667851
-5,39.0,660.0,0.0269045383165
-5,39.0,670.0,0.0278850066815
-5,39.0,680.0,0.0276629861195
-5,39.0,690.0,0.0273331423747
-5,39.0,700.0,0.0267677970901
-5,39.0,710.0,0.0262749552776
-5,39.0,720.0,0.0253894037852
-5,39.0,730.0,0.0249458609239
-5,39.0,740.0,0.0240482517539
-5,39.0,750.0,0.0235445070188
-5,39.0,760.0,0.0230662459003
-5,39.0,770.0,0.0221699733381
-5,39.0,780.0,0.0215339046063
-5,40.0,380.0,0.0136891542906
-5,40.0,390.0,0.0136929378066
-5,40.0,400.0,0.0201726591974
-5,40.0,410.0,0.0243524462111
-5,40.0,420.0,0.0252700604711
-5,40.0,430.0,0.0236230865561
-5,40.0,440.0,0.0279403877136
-5,40.0,450.0,0.0310088604609
-5,40.0,460.0,0.0320557576444
-5,40.0,470.0,0.0322745658013
-5,40.0,480.0,0.0327661647797
-5,40.0,490.0,0.0309676268779
-5,40.0,500.0,0.0311332862685
-5,40.0,510.0,0.0309392272263
-5,40.0,520.0,0.0291880315749
-5,40.0,530.0,0.0289272734531
-5,40.0,540.0,0.0288728380099
-5,40.0,550.0,0.0285306760734
-5,40.0,560.0,0.0272369946296
-5,40.0,570.0,0.0262759476482
-5,40.0,580.0,0.0266032014016
-5,40.0,590.0,0.02623057487
-5,40.0,600.0,0.0247878304928
-5,40.0,610.0,0.0248085450371
-5,40.0,620.0,0.0251922509042
-5,40.0,630.0,0.0255906506847
-5,40.0,640.0,0.0260154583526
-5,40.0,650.0,0.0261078702059
-5,40.0,660.0,0.025398770643
-5,40.0,670.0,0.0263058294641
-5,40.0,680.0,0.0260789895585
-5,40.0,690.0,0.025751789351
-5,40.0,700.0,0.0252040324825
-5,40.0,710.0,0.0247260101024
-5,40.0,720.0,0.0238798842877
-5,40.0,730.0,0.0234507250538
-5,40.0,740.0,0.0225960535342
-5,40.0,750.0,0.0221126991415
-5,40.0,760.0,0.0216539568665
-5,40.0,770.0,0.0208039722522
-5,40.0,780.0,0.0201993157703
-5,41.0,380.0,0.013482316001
-5,41.0,390.0,0.0134597205607
-5,41.0,400.0,0.0197908039949
-5,41.0,410.0,0.0238455788066
-5,41.0,420.0,0.0246966214911
-5,41.0,430.0,0.0230427456071
-5,41.0,440.0,0.0272018087455
-5,41.0,450.0,0.0301316047713
-5,41.0,460.0,0.0310900313848
-5,41.0,470.0,0.0312439009118
-5,41.0,480.0,0.0316618121788
-5,41.0,490.0,0.0298702795648
-5,41.0,500.0,0.0299778947662
-5,41.0,510.0,0.0297409438236
-5,41.0,520.0,0.0280120932041
-5,41.0,530.0,0.027718947083
-5,41.0,540.0,0.0276256714134
-5,41.0,550.0,0.027259738711
-5,41.0,560.0,0.0259888709756
-5,41.0,570.0,0.0250401569632
-5,41.0,580.0,0.0253220767872
-5,41.0,590.0,0.0249404749962
-5,41.0,600.0,0.0235449337725
-5,41.0,610.0,0.0235418275623
-5,41.0,620.0,0.0238839436084
-5,41.0,630.0,0.0242405740814
-5,41.0,640.0,0.0246226321545
-5,41.0,650.0,0.0246908012045
-5,41.0,660.0,0.0240024377321
-5,41.0,670.0,0.0248421780808
-5,41.0,680.0,0.0246115865536
-5,41.0,690.0,0.0242875090027
-5,41.0,700.0,0.0237566726578
-5,41.0,710.0,0.0232929575562
-5,41.0,720.0,0.0224838538639
-5,41.0,730.0,0.0220685159304
-5,41.0,740.0,0.0212540137891
-5,41.0,750.0,0.0207899462359
-5,41.0,760.0,0.0203496655033
-5,41.0,770.0,0.0195428185496
-5,41.0,780.0,0.018967519851
-5,42.0,380.0,0.0132777350943
-5,42.0,390.0,0.0132306846039
-5,42.0,400.0,0.0194180589367
-5,42.0,410.0,0.0233534069389
-5,42.0,420.0,0.024142399921
-5,42.0,430.0,0.0224841834153
-5,42.0,440.0,0.0264935948019
-5,42.0,450.0,0.0292932344432
-5,42.0,460.0,0.0301698922401
-5,42.0,470.0,0.0302645513096
-5,42.0,480.0,0.0306149989482
-5,42.0,490.0,0.0288323936939
-5,42.0,500.0,0.0288872640613
-5,42.0,510.0,0.0286118315857
-5,42.0,520.0,0.026905805171
-5,42.0,530.0,0.0265838130062
-5,42.0,540.0,0.026455565382
-5,42.0,550.0,0.0260687172332
-5,42.0,560.0,0.0248204526823
-5,42.0,570.0,0.0238843753955
-5,42.0,580.0,0.0241249427901
-5,42.0,590.0,0.0237359672767
-5,42.0,600.0,0.0223853957128
-5,42.0,610.0,0.0223609421549
-5,42.0,620.0,0.0226651434322
-5,42.0,630.0,0.0229836878068
-5,42.0,640.0,0.0233267527211
-5,42.0,650.0,0.0233731368225
-5,42.0,660.0,0.0227047700923
-5,42.0,670.0,0.0234826602271
-5,42.0,680.0,0.0232492580152
-5,42.0,690.0,0.0229287152286
-5,42.0,700.0,0.0224141797342
-5,42.0,710.0,0.0219642942708
-5,42.0,720.0,0.0211900331573
-5,42.0,730.0,0.020787996778
-5,42.0,740.0,0.0200111593225
-5,42.0,750.0,0.0195653742517
-5,42.0,760.0,0.0191425932923
-5,42.0,770.0,0.0183760393369
-5,42.0,780.0,0.0178282413012
-5,43.0,380.0,0.0130755060756
-5,43.0,390.0,0.0130057651021
-5,43.0,400.0,0.019054069645
-5,43.0,410.0,0.0228751633978
-5,43.0,420.0,0.0236062220843
-5,43.0,430.0,0.0219459293327
-5,43.0,440.0,0.0258135448196
-5,43.0,450.0,0.0284907767401
-5,43.0,460.0,0.0292917077478
-5,43.0,470.0,0.0293322893363
-5,43.0,480.0,0.0296208539141
-5,43.0,490.0,0.0278488186556
-5,43.0,500.0,0.0278556756774
-5,43.0,510.0,0.0275456811612
-5,43.0,520.0,0.0258628252973
-5,43.0,530.0,0.0255151246387
-5,43.0,540.0,0.0253553387802
-5,43.0,550.0,0.0249500926899
-5,43.0,560.0,0.0237241768143
-5,43.0,570.0,0.0228009537669
-5,43.0,580.0,0.0230037185287
-5,43.0,590.0,0.0226087772783
-5,43.0,600.0,0.0213011243446
-5,43.0,610.0,0.0212575256567
-5,43.0,620.0,0.0215271001573
-5,43.0,630.0,0.0218108546025
-5,43.0,640.0,0.0221182893076
-5,43.0,650.0,0.0221450814935
-5,43.0,660.0,0.0214960242807
-5,43.0,670.0,0.0222169727271
-5,43.0,680.0,0.0219815896805
-5,43.0,690.0,0.0216649365862
-5,43.0,700.0,0.0211661290837
-5,43.0,710.0,0.0207296298463
-5,43.0,720.0,0.0199882369467
-5,43.0,730.0,0.0195990235457
-5,43.0,740.0,0.0188575865457
-5,43.0,750.0,0.0184291714526
-5,43.0,760.0,0.0180230169998
-5,43.0,770.0,0.017294189196
-5,43.0,780.0,0.0167722146477
-5,44.0,380.0,0.0128756918604
-5,44.0,390.0,0.0127848778374
-5,44.0,400.0,0.0186984744931
-5,44.0,410.0,0.0224101015908
-5,44.0,420.0,0.0230869695692
-5,44.0,430.0,0.0214265987957
-5,44.0,440.0,0.025159602993
-5,44.0,450.0,0.0277214708012
-5,44.0,460.0,0.0284521186687
-5,44.0,470.0,0.0284432182207
-5,44.0,480.0,0.0286748990358
-5,44.0,490.0,0.0269148297284
-5,44.0,500.0,0.0268778933877
-5,44.0,510.0,0.0265368154092
-5,44.0,520.0,0.0248773624206
-5,44.0,530.0,0.0245067283586
-5,44.0,540.0,0.0243184478488
-5,44.0,550.0,0.0238970191777
-5,44.0,560.0,0.0226931624449
-5,44.0,570.0,0.0217829371789
-5,44.0,580.0,0.0219510608993
-5,44.0,590.0,0.0215513904772
-5,44.0,600.0,0.0202847749286
-5,44.0,610.0,0.0202239911498
-5,44.0,620.0,0.0204618796684
-5,44.0,630.0,0.0207137932514
-5,44.0,640.0,0.0209886078657
-5,44.0,650.0,0.0209977649256
-5,44.0,660.0,0.0203673806426
-5,44.0,670.0,0.0210357927134
-5,44.0,680.0,0.0207991614648
-5,44.0,690.0,0.0204867044094
-5,44.0,700.0,0.0200030973572
-5,44.0,710.0,0.019579574684
-5,44.0,720.0,0.0188692636725
-5,44.0,730.0,0.0184924343821
-5,44.0,740.0,0.0177843531095
-5,44.0,750.0,0.0173724806158
-5,44.0,760.0,0.0169821614289
-5,44.0,770.0,0.0162887456131
-5,44.0,780.0,0.0157910815502
-5,45.0,380.0,0.0126783295639
-5,45.0,390.0,0.0125679242234
-5,45.0,400.0,0.0183509104249
-5,45.0,410.0,0.0219575002087
-5,45.0,420.0,0.0225835811913
-5,45.0,430.0,0.0209248921189
-5,45.0,440.0,0.0245298534044
-5,45.0,450.0,0.02698275699
-5,45.0,460.0,0.0276480228712
-5,45.0,470.0,0.0275937505455
-5,45.0,480.0,0.0277730220284
-5,45.0,490.0,0.0260260969451
-5,45.0,500.0,0.0259491266211
-5,45.0,510.0,0.025580047822
-5,45.0,520.0,0.0239441323381
-5,45.0,530.0,0.0235530151505
-5,45.0,540.0,0.0233389334043
-5,45.0,550.0,0.0229032673294
-5,45.0,560.0,0.021721152723
-5,45.0,570.0,0.0208240054319
-5,45.0,580.0,0.0209603007444
-5,45.0,590.0,0.0205569859877
-5,45.0,600.0,0.019329684255
-5,45.0,610.0,0.0192534592529
-5,45.0,620.0,0.0194622912859
-5,45.0,630.0,0.0196850019159
-5,45.0,640.0,0.0199298903113
-5,45.0,650.0,0.0199231583743
-5,45.0,660.0,0.0193108593152
-5,45.0,670.0,0.0199306880869
-5,45.0,680.0,0.0196934562597
-5,45.0,690.0,0.0193854604375
-5,45.0,700.0,0.0189165698889
-5,45.0,710.0,0.018505647086
-5,45.0,720.0,0.0178248037974
-5,45.0,730.0,0.0174599578182
-5,45.0,740.0,0.0167833877495
-5,45.0,750.0,0.0163873092257
-5,45.0,760.0,0.016012109953
-5,45.0,770.0,0.0153520216305
-5,45.0,780.0,0.0148773047069
-5,46.0,380.0,0.0124834410807
-5,46.0,390.0,0.0123548015471
-5,46.0,400.0,0.0180110271789
-5,46.0,410.0,0.021516678975
-5,46.0,420.0,0.0220950675313
-5,46.0,430.0,0.0204396061377
-5,46.0,440.0,0.0239225312333
-5,46.0,450.0,0.0262722862908
-5,46.0,460.0,0.0268765817135
-5,46.0,470.0,0.0267806112604
-5,46.0,480.0,0.0269114758308
-5,46.0,490.0,0.025178681262
-5,46.0,500.0,0.0250650232187
-5,46.0,510.0,0.0246706720325
-5,46.0,520.0,0.0230583448978
-5,46.0,530.0,0.0226489047939
-5,46.0,540.0,0.0224114022985
-5,46.0,550.0,0.0219632033468
-5,46.0,560.0,0.0208024924158
-5,46.0,570.0,0.0199184490954
-5,46.0,580.0,0.0200254164918
-5,46.0,590.0,0.0196194082514
-5,46.0,600.0,0.0184298415447
-5,46.0,610.0,0.0183397268516
-5,46.0,620.0,0.0185218538849
-5,46.0,630.0,0.0187177215629
-5,46.0,640.0,0.0189350951846
-5,46.0,650.0,0.0189140330229
-5,46.0,660.0,0.0183192776782
-5,46.0,670.0,0.0188940713504
-5,46.0,680.0,0.0186568121163
-5,46.0,690.0,0.0183535076088
-5,46.0,700.0,0.0178988906221
-5,46.0,710.0,0.0175002222914
-5,46.0,720.0,0.0168473888483
-5,46.0,730.0,0.0164941610453
-5,46.0,740.0,0.0158474388736
-5,46.0,750.0,0.0154664776569
-5,46.0,760.0,0.0151057523106
-5,46.0,770.0,0.0144771143305
-5,46.0,780.0,0.0140241165594
-5,47.0,380.0,0.0122910678456
-5,47.0,390.0,0.0121454392513
-5,47.0,400.0,0.0176785427512
-5,47.0,410.0,0.0210870678696
-5,47.0,420.0,0.0216205850746
-5,47.0,430.0,0.0199697056755
-5,47.0,440.0,0.023336109878
-5,47.0,450.0,0.0255880200463
-5,47.0,460.0,0.0261353263168
-5,47.0,470.0,0.0260009482419
-5,47.0,480.0,0.0260869942755
-5,47.0,490.0,0.0243691476582
-5,47.0,500.0,0.0242217866755
-5,47.0,510.0,0.0238045820293
-5,47.0,520.0,0.0222158210878
-5,47.0,530.0,0.0217899649141
-5,47.0,540.0,0.0215311500175
-5,47.0,550.0,0.0210719136767
-5,47.0,560.0,0.0199322501212
-5,47.0,570.0,0.0190612903114
-5,47.0,580.0,0.0191411594132
-5,47.0,590.0,0.0187332917542
-5,47.0,600.0,0.0175800062595
-5,47.0,610.0,0.0174773855874
-5,47.0,620.0,0.0176349167133
-5,47.0,630.0,0.0178060587741
-5,47.0,640.0,0.0179980823918
-5,47.0,650.0,0.0179640847751
-5,47.0,660.0,0.0173863711067
-5,47.0,670.0,0.0179193238294
-5,47.0,680.0,0.0176825443407
-5,47.0,690.0,0.0173841293951
-5,47.0,700.0,0.016943377573
-5,47.0,710.0,0.0165566442871
-5,47.0,720.0,0.0159304978774
-5,47.0,730.0,0.0155885528912
-5,47.0,740.0,0.0149701721758
-5,47.0,750.0,0.0146037130585
-5,47.0,760.0,0.0142568748982
-5,47.0,770.0,0.0136579899466
-5,47.0,780.0,0.0132256003033
-5,48.0,380.0,0.012101498108
-5,48.0,390.0,0.0119400408913
-5,48.0,400.0,0.0173536219284
-5,48.0,410.0,0.0206686919378
-5,48.0,420.0,0.0211599700039
-5,48.0,430.0,0.0195148530547
-5,48.0,440.0,0.0227699653555
-5,48.0,450.0,0.0249290125074
-5,48.0,460.0,0.0254230146342
-5,48.0,470.0,0.0252532472977
-5,48.0,480.0,0.025297773051
-5,48.0,490.0,0.0235955457458
-5,48.0,500.0,0.0234172137827
-5,48.0,510.0,0.0229793559595
-5,48.0,520.0,0.0214140661017
-5,48.0,530.0,0.0209735192454
-5,48.0,540.0,0.0206953166681
-5,48.0,550.0,0.0202263942705
-5,48.0,560.0,0.0191073962855
-5,48.0,570.0,0.0182494583351
-5,48.0,580.0,0.018304282998
-5,48.0,590.0,0.0178952994405
-5,48.0,600.0,0.0167768937637
-5,48.0,610.0,0.0166630284097
-5,48.0,620.0,0.0167979038163
-5,48.0,630.0,0.0169462657013
-5,48.0,640.0,0.0171149287014
-5,48.0,650.0,0.0170692661585
-5,48.0,660.0,0.0165080976517
-5,48.0,670.0,0.0170021545416
-5,48.0,680.0,0.0167662980976
-5,48.0,690.0,0.016472928963
-5,48.0,700.0,0.0160456356412
-5,48.0,710.0,0.0156705141655
-5,48.0,720.0,0.0150698009832
-5,48.0,730.0,0.0147388034185
-5,48.0,740.0,0.014147343157
-5,48.0,750.0,0.0137947933575
-5,48.0,760.0,0.0134612773455
-5,48.0,770.0,0.0128905522353
-5,48.0,780.0,0.0124777223005
-5,49.0,380.0,0.0119131712767
-5,49.0,390.0,0.0117369508711
-5,49.0,400.0,0.0170336995984
-5,49.0,410.0,0.0202583210748
-5,49.0,420.0,0.0207097533669
-5,49.0,430.0,0.0190717171783
-5,49.0,440.0,0.0222200793826
-5,49.0,450.0,0.0242907455754
-5,49.0,460.0,0.0247349448518
-5,49.0,470.0,0.024532770152
-5,49.0,480.0,0.0245390244187
-5,49.0,490.0,0.0228533936841
-5,49.0,500.0,0.0226468630849
-5,49.0,510.0,0.022190661501
-5,49.0,520.0,0.0206490842588
-5,49.0,530.0,0.0201957091716
-5,49.0,540.0,0.0199001631919
-5,49.0,550.0,0.0194230688761
-5,49.0,560.0,0.0183246349192
-5,49.0,570.0,0.0174798905966
-5,49.0,580.0,0.0175118101001
-5,49.0,590.0,0.0171025978832
-5,49.0,600.0,0.0160179093162
-5,49.0,610.0,0.0158941387964
-5,49.0,620.0,0.0160083358297
-5,49.0,630.0,0.0161358931187
-5,49.0,640.0,0.0162832080717
-5,49.0,650.0,0.0162271992997
-5,49.0,660.0,0.0156821923421
-5,49.0,670.0,0.0161402611419
-5,49.0,680.0,0.015905827429
-5,49.0,690.0,0.0156177184451
-5,49.0,700.0,0.0152035472239
-5,49.0,710.0,0.0148397724671
-5,49.0,720.0,0.0142633218805
-5,49.0,730.0,0.0139429800275
-5,49.0,740.0,0.0133770937088
-5,49.0,750.0,0.0130379007698
-5,49.0,760.0,0.0127171766841
-5,49.0,770.0,0.0121730828166
-5,49.0,780.0,0.0117788066882
-5,50.0,380.0,0.0117286646353
-5,50.0,390.0,0.0115393599817
-5,50.0,400.0,0.0167243827579
-5,50.0,410.0,0.0198638227575
-5,50.0,420.0,0.0202792451971
-5,50.0,430.0,0.0186500759292
-5,50.0,440.0,0.0216992863996
-5,50.0,450.0,0.0236888727187
-5,50.0,460.0,0.0240887342198
-5,50.0,470.0,0.0238587010208
-5,50.0,480.0,0.0238316351609
-5,50.0,490.0,0.02216377981
-5,50.0,500.0,0.0219332143092
-5,50.0,510.0,0.0214620800237
-5,50.0,520.0,0.0199442678809
-5,50.0,530.0,0.0194807237786
-5,50.0,540.0,0.0191708884216
-5,50.0,550.0,0.0186878106798
-5,50.0,560.0,0.0176095301763
-5,50.0,570.0,0.0167780228412
-5,50.0,580.0,0.0167901974163
-5,50.0,590.0,0.0163816496338
-5,50.0,600.0,0.0153282384186
-5,50.0,610.0,0.0151961615408
-5,50.0,620.0,0.0152922616785
-5,50.0,630.0,0.0154015460871
-5,50.0,640.0,0.0155300743129
-5,50.0,650.0,0.0154651926408
-5,50.0,660.0,0.0149352326184
-5,50.0,670.0,0.0153611490652
-5,50.0,680.0,0.0151283427168
-5,50.0,690.0,0.0148452775178
-5,50.0,700.0,0.0144432114232
-5,50.0,710.0,0.0140898879483
-5,50.0,720.0,0.0135355078514
-5,50.0,730.0,0.0132249292149
-5,50.0,740.0,0.0126822294113
-5,50.0,750.0,0.0123551725221
-5,50.0,760.0,0.0120460674894
-5,50.0,770.0,0.0115260459114
-5,50.0,780.0,0.011148533994
-5,51.0,380.0,0.0115474656418
-5,51.0,390.0,0.0113462180914
-5,51.0,400.0,0.0164233503367
-5,51.0,410.0,0.0194814848444
-5,51.0,420.0,0.0198636784511
-5,51.0,430.0,0.0182446446376
-5,51.0,440.0,0.0212003884191
-5,51.0,450.0,0.0231143976861
-5,51.0,460.0,0.0234740780049
-5,51.0,470.0,0.0232197112545
-5,51.0,480.0,0.0231631712374
-5,51.0,490.0,0.0215141298213
-5,51.0,500.0,0.0212628391192
-5,51.0,510.0,0.0207795366055
-5,51.0,520.0,0.0192856958177
-5,51.0,530.0,0.0188141773226
-5,51.0,540.0,0.0184925859589
-5,51.0,550.0,0.0180053909284
-5,51.0,560.0,0.0169471077664
-5,51.0,570.0,0.0161290261964
-5,51.0,580.0,0.0161241268766
-5,51.0,590.0,0.015717193579
-5,51.0,600.0,0.0146933545833
-5,51.0,610.0,0.0145544638032
-5,51.0,620.0,0.0146347455123
-5,51.0,630.0,0.0147279944774
-5,51.0,640.0,0.0148400011348
-5,51.0,650.0,0.0147676364334
-5,51.0,660.0,0.0142520194084
-5,51.0,670.0,0.0146490740423
-5,51.0,680.0,0.0144182443639
-5,51.0,690.0,0.0141402210617
-5,51.0,700.0,0.0137495966977
-5,51.0,710.0,0.0134061479515
-5,51.0,720.0,0.012872188576
-5,51.0,730.0,0.012570778316
-5,51.0,740.0,0.0120494296245
-5,51.0,750.0,0.0117336223356
-5,51.0,760.0,0.011435283462
-5,51.0,770.0,0.0109373242389
-5,51.0,780.0,0.010575192032
-5,52.0,380.0,0.011375843217
-5,52.0,390.0,0.0111641298857
-5,52.0,400.0,0.0161407963348
-5,52.0,410.0,0.0191241393251
-5,52.0,420.0,0.0194768738241
-5,52.0,430.0,0.0178687782489
-5,52.0,440.0,0.0207396538776
-5,52.0,450.0,0.0225858382933
-5,52.0,460.0,0.0229105658111
-5,52.0,470.0,0.022635878235
-5,52.0,480.0,0.0225543927682
-5,52.0,490.0,0.0209242912182
-5,52.0,500.0,0.020655958235
-5,52.0,510.0,0.0201633339724
-5,52.0,520.0,0.0186926596463
-5,52.0,530.0,0.0182154669758
-5,52.0,540.0,0.0178846873946
-5,52.0,550.0,0.017395111537
-5,52.0,560.0,0.016355918739
-5,52.0,570.0,0.0155509455985
-5,52.0,580.0,0.0155316054413
-5,52.0,590.0,0.0151264434715
-5,52.0,600.0,0.0141293163982
-5,52.0,610.0,0.013984498041
-5,52.0,620.0,0.0140507339963
-5,52.0,630.0,0.0141297469072
-5,52.0,640.0,0.0142270207973
-5,52.0,650.0,0.0141479363317
-5,52.0,660.0,0.0136449829068
-5,52.0,670.0,0.014016275571
-5,52.0,680.0,0.0137870811952
-5,52.0,690.0,0.0135134170337
-5,52.0,700.0,0.0131328219783
-5,52.0,710.0,0.0127980252482
-5,52.0,720.0,0.0122820975987
-5,52.0,730.0,0.0119886934529
-5,52.0,740.0,0.0114862098008
-5,52.0,750.0,0.0111802862707
-5,52.0,760.0,0.0108913678347
-5,52.0,770.0,0.0104129144877
-5,52.0,780.0,0.0100643575199
-5,53.0,380.0,0.0112089461153
-5,53.0,390.0,0.010987592159
-5,53.0,400.0,0.0158676155662
-5,53.0,410.0,0.0187795411549
-5,53.0,420.0,0.0191047766174
-5,53.0,430.0,0.0175080392255
-5,53.0,440.0,0.0202984338119
-5,53.0,450.0,0.0220807262998
-5,53.0,460.0,0.0223731193527
-5,53.0,470.0,0.0220801028302
-5,53.0,480.0,0.0219758961644
-5,53.0,490.0,0.0203647393203
-5,53.0,500.0,0.0200811427894
-5,53.0,510.0,0.0195805503866
-5,53.0,520.0,0.0181325626582
-5,53.0,530.0,0.0176507249196
-5,53.0,540.0,0.0173119702007
-5,53.0,550.0,0.0168207915941
-5,53.0,560.0,0.0158001359535
-5,53.0,570.0,0.0150080014155
-5,53.0,580.0,0.0149755909368
-5,53.0,590.0,0.0145725283193
-5,53.0,600.0,0.0136008187559
-5,53.0,610.0,0.0134508158206
-5,53.0,620.0,0.0135042591051
-5,53.0,630.0,0.013570291066
-5,53.0,640.0,0.0136541157103
-5,53.0,650.0,0.0135690603085
-5,53.0,660.0,0.0130782192186
-5,53.0,670.0,0.0134257370345
-5,53.0,680.0,0.0131983282364
-5,53.0,690.0,0.0129289714834
-5,53.0,700.0,0.0125579522347
-5,53.0,710.0,0.012231425671
-5,53.0,720.0,0.0117324864123
-5,53.0,730.0,0.0114467155233
-5,53.0,740.0,0.0109619560054
-5,53.0,750.0,0.0106653787099
-5,53.0,760.0,0.0103853667935
-5,53.0,770.0,0.00992518483196
-5,53.0,780.0,0.0095893663538
-5,54.0,380.0,0.0110470926466
-5,54.0,390.0,0.0108168707371
-5,54.0,400.0,0.0156041184003
-5,54.0,410.0,0.0184479627114
-5,54.0,420.0,0.0187475593086
-5,54.0,430.0,0.0171624827324
-5,54.0,440.0,0.0198766653378
-5,54.0,450.0,0.021598847362
-5,54.0,460.0,0.0218613673995
-5,54.0,470.0,0.0215518598888
-5,54.0,480.0,0.0214269980448
-5,54.0,490.0,0.0198346861194
-5,54.0,500.0,0.0195374634451
-5,54.0,510.0,0.0190301296035
-5,54.0,520.0,0.0176042869092
-5,54.0,530.0,0.017118732544
-5,54.0,540.0,0.0167731075453
-5,54.0,550.0,0.0162810175776
-5,54.0,560.0,0.015278318651
-5,54.0,570.0,0.014498721727
-5,54.0,580.0,0.0144545036349
-5,54.0,590.0,0.0140537973093
-5,54.0,600.0,0.0131062251287
-5,54.0,610.0,0.0129516942095
-5,54.0,620.0,0.012993484478
-5,54.0,630.0,0.013047678686
-5,54.0,640.0,0.0131192228126
-5,54.0,650.0,0.0130288591584
-5,54.0,660.0,0.0125495646053
-5,54.0,670.0,0.0128751441874
-5,54.0,680.0,0.0126496221173
-5,54.0,690.0,0.0123844858515
-5,54.0,700.0,0.0120225784939
-5,54.0,710.0,0.0117039292744
-5,54.0,720.0,0.0112209655714
-5,54.0,730.0,0.0109424479224
-5,54.0,740.0,0.0104743136467
-5,54.0,750.0,0.0101865533558
-5,54.0,760.0,0.00991494107803
-5,54.0,770.0,0.00947185065663
-5,54.0,780.0,0.00914796674449
-5,55.0,380.0,0.0108902267711
-5,55.0,390.0,0.0106518493924
-5,55.0,400.0,0.0153500422917
-5,55.0,410.0,0.0181289735361
-5,55.0,420.0,0.0184046541119
-5,55.0,430.0,0.0168314621103
-5,55.0,440.0,0.0194734441511
-5,55.0,450.0,0.0211390410702
-5,55.0,460.0,0.0213739478513
-5,55.0,470.0,0.0210496143703
-5,55.0,480.0,0.020905976182
-5,55.0,490.0,0.0193323503171
-5,55.0,500.0,0.0190229792834
-5,55.0,510.0,0.0185099974905
-5,55.0,520.0,0.0171057427293
-5,55.0,530.0,0.0166172936919
-5,55.0,540.0,0.0162657858299
-5,55.0,550.0,0.0157733890606
-5,55.0,560.0,0.0147880718553
-5,55.0,570.0,0.0140207017243
-5,55.0,580.0,0.0139658186425
-5,55.0,590.0,0.0135676797668
-5,55.0,600.0,0.0126430354396
-5,55.0,610.0,0.0124845616952
-5,55.0,620.0,0.0125157313676
-5,55.0,630.0,0.0125591240442
-5,55.0,640.0,0.0126194475273
-5,55.0,650.0,0.0125243685492
-5,55.0,660.0,0.0120560804837
-5,55.0,670.0,0.0123613994952
-5,55.0,680.0,0.012137841297
-5,55.0,690.0,0.0118768303607
-5,55.0,700.0,0.0115235933299
-5,55.0,710.0,0.0112124467124
-5,55.0,720.0,0.0107445140404
-5,55.0,730.0,0.0104728887298
-5,55.0,740.0,0.0100203583511
-5,55.0,750.0,0.00974091895982
-5,55.0,760.0,0.00947723122274
-5,55.0,770.0,0.00905013945282
-5,55.0,780.0,0.00873744388679
-5,56.0,380.0,0.0107382521965
-5,56.0,390.0,0.0104923753677
-5,56.0,400.0,0.0151050769537
-5,56.0,410.0,0.0178220934825
-5,56.0,420.0,0.0180754504848
-5,56.0,430.0,0.0165142993951
-5,56.0,440.0,0.0190878395696
-5,56.0,450.0,0.0207001299103
-5,56.0,460.0,0.0209094936622
-5,56.0,470.0,0.0205718392435
-5,56.0,480.0,0.0204111294594
-5,56.0,490.0,0.0188559829137
-5,56.0,500.0,0.0185357938201
-5,56.0,510.0,0.0180181356926
-5,56.0,520.0,0.016634903742
-5,56.0,530.0,0.0161442846667
-5,56.0,540.0,0.0157877735346
-5,56.0,550.0,0.0152955957751
-5,56.0,560.0,0.0143270947416
-5,56.0,570.0,0.0135716346869
-5,56.0,580.0,0.013507118447
-5,56.0,590.0,0.0131117195194
-5,56.0,600.0,0.0122088649098
-5,56.0,610.0,0.0120469701207
-5,56.0,620.0,0.0120684544615
-5,56.0,630.0,0.0121019847874
-5,56.0,640.0,0.0121520488444
-5,56.0,650.0,0.0120527857532
-5,56.0,660.0,0.011594992435
-5,56.0,670.0,0.0118815824527
-5,56.0,680.0,0.0116600463583
-5,56.0,690.0,0.0114030613009
-5,56.0,700.0,0.0110580773435
-5,56.0,710.0,0.0107540785676
-5,56.0,720.0,0.0103002992723
-5,56.0,730.0,0.0100352259841
-5,56.0,740.0,0.00959735318482
-5,56.0,750.0,0.00932577180061
-5,56.0,760.0,0.00906956546232
-5,56.0,770.0,0.0086574626791
-5,56.0,780.0,0.00835526488587
-5,57.0,380.0,0.0105910709924
-5,57.0,390.0,0.0103382987591
-5,57.0,400.0,0.0148689233675
-5,57.0,410.0,0.0175268650423
-5,57.0,420.0,0.0177593712362
-5,57.0,430.0,0.0162103574083
-5,57.0,440.0,0.0187189808837
-5,57.0,450.0,0.0202810162783
-5,57.0,460.0,0.0204667343657
-5,57.0,470.0,0.0201171189024
-5,57.0,480.0,0.0199408841712
-5,57.0,490.0,0.0184039688129
-5,57.0,500.0,0.0180741584208
-5,57.0,510.0,0.0175526856476
-5,57.0,520.0,0.0161899061343
-5,57.0,530.0,0.0156977540122
-5,57.0,540.0,0.0153370219284
-5,57.0,550.0,0.0148455183093
-5,57.0,560.0,0.013893277961
-5,57.0,570.0,0.0131494070843
-5,57.0,580.0,0.0130761893418
-5,57.0,590.0,0.0126836688755
-5,57.0,600.0,0.01180153231
-5,57.0,610.0,0.0116366815591
-5,57.0,620.0,0.011649328313
-5,57.0,630.0,0.0116738480271
-5,57.0,640.0,0.0117145249879
-5,57.0,650.0,0.0116115538017
-5,57.0,660.0,0.011163770359
-5,57.0,670.0,0.0114330307796
-5,57.0,680.0,0.0112135587554
-5,57.0,690.0,0.0109604971223
-5,57.0,700.0,0.010623371988
-5,57.0,710.0,0.0103261852751
-5,57.0,720.0,0.00988574330154
-5,57.0,730.0,0.00962690114735
-5,57.0,740.0,0.00920280849859
-5,57.0,750.0,0.00893865301641
-5,57.0,760.0,0.00868951457113
-5,57.0,770.0,0.00829146728876
-5,57.0,780.0,0.00799912773837
-5,58.0,380.0,0.0104485913986
-5,58.0,390.0,0.0101894801228
-5,58.0,400.0,0.0146413046133
-5,58.0,410.0,0.0172428658859
-5,58.0,420.0,0.0174558849165
-5,58.0,430.0,0.0159190507027
-5,58.0,440.0,0.018366069502
-5,58.0,450.0,0.0198806950246
-5,58.0,460.0,0.0200445080547
-5,58.0,470.0,0.0196841602088
-5,58.0,480.0,0.0194938042158
-5,58.0,490.0,0.0179748354755
-5,58.0,500.0,0.0176364800589
-5,58.0,510.0,0.0171119553792
-5,58.0,520.0,0.0157690542227
-5,58.0,530.0,0.015275927285
-5,58.0,540.0,0.0149116690643
-5,58.0,550.0,0.014421231353
-5,58.0,560.0,0.0134847061212
-5,58.0,570.0,0.0127521004253
-5,58.0,580.0,0.0126710225878
-5,58.0,590.0,0.0122814888868
-5,58.0,600.0,0.0114190595067
-5,58.0,610.0,0.0112516670034
-5,58.0,620.0,0.0112562451058
-5,58.0,630.0,0.0112725271975
-5,58.0,640.0,0.0113046093398
-5,58.0,650.0,0.0111983565403
-5,58.0,660.0,0.0107601228681
-5,58.0,670.0,0.011013333803
-5,58.0,680.0,0.0107959534827
-5,58.0,690.0,0.010546710467
-5,58.0,700.0,0.0102170710721
-5,58.0,710.0,0.00992637813815
-5,58.0,720.0,0.00949851346421
-5,58.0,730.0,0.00924559940672
-5,58.0,740.0,0.00883447205075
-5,58.0,750.0,0.00857733844323
-5,58.0,760.0,0.00833488141199
-5,58.0,770.0,0.00795002524101
-5,58.0,780.0,0.00766695074219
-5,59.0,380.0,0.0103107294148
-5,59.0,390.0,0.010045791707
-5,59.0,400.0,0.0144219670899
-5,59.0,410.0,0.0169697095472
-5,59.0,420.0,0.0171645056428
-5,59.0,430.0,0.0156398445191
-5,59.0,440.0,0.0180283766219
-5,59.0,450.0,0.019498249609
-5,59.0,460.0,0.0196417560729
-5,59.0,470.0,0.0192717857824
-5,59.0,480.0,0.0190685828991
-5,59.0,490.0,0.0175672438595
-5,59.0,500.0,0.0172213109145
-5,59.0,510.0,0.0166944078992
-5,59.0,520.0,0.0153708083488
-5,59.0,530.0,0.0148771939656
-5,59.0,540.0,0.0145100256416
-5,59.0,550.0,0.0140209887167
-5,59.0,560.0,0.0130996425709
-5,59.0,570.0,0.0123779757441
-5,59.0,580.0,0.012289797869
-5,59.0,590.0,0.0119033322313
-5,59.0,600.0,0.0110596545925
-5,59.0,610.0,0.0108900887699
-5,59.0,620.0,0.0108872960738
-5,59.0,630.0,0.0108960425008
-5,59.0,640.0,0.010920249888
-5,59.0,650.0,0.0108110973627
-5,59.0,660.0,0.0103819760047
-5,59.0,670.0,0.0106203098229
-5,59.0,680.0,0.0104050360762
-5,59.0,690.0,0.0101595049344
-5,59.0,700.0,0.00983699752426
-5,59.0,710.0,0.0095524960755
-5,59.0,720.0,0.00913649951904
-5,59.0,730.0,0.00888922680592
-5,59.0,740.0,0.00849030660842
-5,59.0,750.0,0.00823981635723
-5,59.0,760.0,0.00800367881163
-5,59.0,770.0,0.00763121194967
-5,59.0,780.0,0.00735685130395
-5,60.0,380.0,0.0101774087102
-5,60.0,390.0,0.0099071169891
-5,60.0,400.0,0.0142106792312
-5,60.0,410.0,0.0167070430836
-5,60.0,420.0,0.0168847897908
-5,60.0,430.0,0.0153722508205
-5,60.0,440.0,0.0177052374607
-5,60.0,450.0,0.019132844456
-5,60.0,460.0,0.0192575138007
-5,60.0,470.0,0.0188789233824
-5,60.0,480.0,0.0186640307948
-5,60.0,490.0,0.0171799756572
-5,60.0,500.0,0.0168273342709
-5,60.0,510.0,0.0162986459507
-5,60.0,520.0,0.0149937693428
-5,60.0,530.0,0.0145000909775
-5,60.0,540.0,0.0141305574968
-5,60.0,550.0,0.0136432050309
-5,60.0,560.0,0.0127365110189
-5,60.0,570.0,0.0120254550364
-5,60.0,580.0,0.011930863699
-5,60.0,590.0,0.0115475231722
-5,60.0,600.0,0.0107216923172
-5,60.0,610.0,0.0105502802926
-5,60.0,620.0,0.0105407503786
-5,60.0,630.0,0.0105425988685
-5,60.0,640.0,0.0105595862584
-5,60.0,650.0,0.0104478756247
-5,60.0,660.0,0.0100274497999
-5,60.0,670.0,0.0102519813434
-5,60.0,680.0,0.0100388175982
-5,60.0,690.0,0.00979688994813
-5,60.0,700.0,0.00948117839207
-5,60.0,710.0,0.00920258072255
-5,60.0,720.0,0.00879778925895
-5,60.0,730.0,0.00855588597317
-5,60.0,740.0,0.00816846626833
-5,60.0,750.0,0.00792426403226
-5,60.0,760.0,0.00769410634574
-5,60.0,770.0,0.00733328374718
-5,60.0,780.0,0.00706712384755
-5,90.0,380.0,0.00793106720918
-5,90.0,390.0,0.00760676808508
-5,90.0,400.0,0.0107543994257
-5,90.0,410.0,0.0124643945306
-5,90.0,420.0,0.0124190774933
-5,90.0,430.0,0.011145929233
-5,90.0,440.0,0.0126526616953
-5,90.0,450.0,0.013472970709
-5,90.0,460.0,0.0133579272363
-5,90.0,470.0,0.0128968051146
-5,90.0,480.0,0.0125510425892
-5,90.0,490.0,0.0113707816623
-5,90.0,500.0,0.0109571906067
-5,90.0,510.0,0.0104390236067
-5,90.0,520.0,0.00944428898643
-5,90.0,530.0,0.0089793139254
-5,90.0,540.0,0.00860365265763
-5,90.0,550.0,0.00816682120861
-5,90.0,560.0,0.00749542376135
-5,90.0,570.0,0.00695791194726
-5,90.0,580.0,0.00679118700872
-5,90.0,590.0,0.00647155626324
-5,90.0,600.0,0.00591643953118
-5,90.0,610.0,0.00573512810207
-5,90.0,620.0,0.00564618734627
-5,90.0,630.0,0.00556587870385
-5,90.0,640.0,0.00549606148078
-5,90.0,650.0,0.00536253013784
-5,90.0,660.0,0.00507682382516
-5,90.0,670.0,0.0051214773683
-5,90.0,680.0,0.00494979800382
-5,90.0,690.0,0.00476927656387
-5,90.0,700.0,0.00455842807675
-5,90.0,710.0,0.00437136307033
-5,90.0,720.0,0.0041303534609
-5,90.0,730.0,0.00397104979049
-5,90.0,740.0,0.00374964310645
-5,90.0,750.0,0.00359905788584
-5,90.0,760.0,0.00345792895599
-5,90.0,770.0,0.00326281533834
-5,90.0,780.0,0.00311450178222
-2,0.0,380.0,0.00248753255162
-2,0.0,390.0,0.00257989381082
-2,0.0,400.0,0.00397165278729
-2,0.0,410.0,0.00506174882774
-2,0.0,420.0,0.00562254145329
-2,0.0,430.0,0.005717359191
-2,0.0,440.0,0.00748345213437
-2,0.0,450.0,0.00937345595423
-2,0.0,460.0,0.011090994024
-2,0.0,470.0,0.0130225299897
-2,0.0,480.0,0.015460930269
-2,0.0,490.0,0.0173492523071
-2,0.0,500.0,0.0205857856817
-2,0.0,510.0,0.0241730424059
-2,0.0,520.0,0.0269270033051
-2,0.0,530.0,0.030890911595
-2,0.0,540.0,0.0360541825141
-2,0.0,550.0,0.0411969759559
-2,0.0,560.0,0.0449927984786
-2,0.0,570.0,0.0491534537018
-2,0.0,580.0,0.0565962829458
-2,0.0,590.0,0.0631263028392
-2,0.0,600.0,0.065570165755
-2,0.0,610.0,0.0739344761956
-2,0.0,620.0,0.0848677119308
-2,0.0,630.0,0.0964332180754
-2,0.0,640.0,0.109457594299
-2,0.0,650.0,0.121822971564
-2,0.0,660.0,0.130568207534
-2,0.0,670.0,0.148565655977
-2,0.0,680.0,0.160877084755
-2,0.0,690.0,0.172577411278
-2,0.0,700.0,0.183018437822
-2,0.0,710.0,0.193350525266
-2,0.0,720.0,0.200348126057
-2,0.0,730.0,0.210823222005
-2,0.0,740.0,0.216533543063
-2,0.0,750.0,0.225011549707
-2,0.0,760.0,0.234510278947
-2,0.0,770.0,0.238479674292
-2,0.0,780.0,0.243911004505
-2,1.0,380.0,0.00244690342219
-2,1.0,390.0,0.00254697295436
-2,1.0,400.0,0.00393754902816
-2,1.0,410.0,0.00504621923748
-2,1.0,420.0,0.00565028990527
-2,1.0,430.0,0.00581220191753
-2,1.0,440.0,0.00772885769803
-2,1.0,450.0,0.00987942407229
-2,1.0,460.0,0.0119702183325
-2,1.0,470.0,0.0144266613629
-2,1.0,480.0,0.0175824798741
-2,1.0,490.0,0.0202438644674
-2,1.0,500.0,0.0245860305269
-2,1.0,510.0,0.029476180767
-2,1.0,520.0,0.0334319994025
-2,1.0,530.0,0.0389138686994
-2,1.0,540.0,0.0459924620202
-2,1.0,550.0,0.0530757255437
-2,1.0,560.0,0.0584041315311
-2,1.0,570.0,0.0641536492436
-2,1.0,580.0,0.0743978454551
-2,1.0,590.0,0.0834523360484
-2,1.0,600.0,0.0869813022623
-2,1.0,610.0,0.0983775296889
-2,1.0,620.0,0.11315979927
-2,1.0,630.0,0.128693456678
-2,1.0,640.0,0.146071298753
-2,1.0,650.0,0.162424131322
-2,1.0,660.0,0.173785715312
-2,1.0,670.0,0.197271818075
-2,1.0,680.0,0.21298116578
-2,1.0,690.0,0.227664923592
-2,1.0,700.0,0.240474589008
-2,1.0,710.0,0.252930004451
-2,1.0,720.0,0.260834528423
-2,1.0,730.0,0.273074720129
-2,1.0,740.0,0.27896899299
-2,1.0,750.0,0.288273093217
-2,1.0,760.0,0.298686199486
-2,1.0,770.0,0.301920779538
-2,1.0,780.0,0.306910480609
-2,2.0,380.0,0.0026105393748
-2,2.0,390.0,0.00274115610894
-2,2.0,400.0,0.00429349029232
-2,2.0,410.0,0.00560784888091
-2,2.0,420.0,0.00644238329125
-2,2.0,430.0,0.00683921652463
-2,2.0,440.0,0.00941644580803
-2,2.0,450.0,0.0124565217587
-2,2.0,460.0,0.0155556744447
-2,2.0,470.0,0.0191939528698
-2,2.0,480.0,0.023770738023
-2,2.0,490.0,0.0276064963621
-2,2.0,500.0,0.0336063119952
-2,2.0,510.0,0.0401788669398
-2,2.0,520.0,0.0452682917029
-2,2.0,530.0,0.0521884272136
-2,2.0,540.0,0.0609782197042
-2,2.0,550.0,0.0694726489745
-2,2.0,560.0,0.075407665715
-2,2.0,570.0,0.0816625534999
-2,2.0,580.0,0.0936067932958
-2,2.0,590.0,0.103827023448
-2,2.0,600.0,0.106946545439
-2,2.0,610.0,0.119561919189
-2,2.0,620.0,0.135938132881
-2,2.0,630.0,0.15282699715
-2,2.0,640.0,0.171499950306
-2,2.0,650.0,0.188578880275
-2,2.0,660.0,0.199565885532
-2,2.0,670.0,0.22411328701
-2,2.0,680.0,0.239432014503
-2,2.0,690.0,0.253331534316
-2,2.0,700.0,0.264922275387
-2,2.0,710.0,0.275949467652
-2,2.0,720.0,0.281894875228
-2,2.0,730.0,0.292410705315
-2,2.0,740.0,0.296060292912
-2,2.0,750.0,0.30328788934
-2,2.0,760.0,0.311570394497
-2,2.0,770.0,0.312355069921
-2,2.0,780.0,0.314994896836
-2,3.0,380.0,0.00282252693457
-2,3.0,390.0,0.00301090644329
-2,3.0,400.0,0.00482010963115
-2,3.0,410.0,0.00646999617662
-2,3.0,420.0,0.00766168025459
-2,3.0,430.0,0.00837660228458
-2,3.0,440.0,0.0118191858917
-2,3.0,450.0,0.0158986463929
-2,3.0,460.0,0.0200138961918
-2,3.0,470.0,0.0246935977315
-2,3.0,480.0,0.0303819077151
-2,3.0,490.0,0.0348908641602
-2,3.0,500.0,0.0418669790453
-2,3.0,510.0,0.0492509575998
-2,3.0,520.0,0.0545501376847
-2,3.0,530.0,0.0617963631822
-2,3.0,540.0,0.0709785832089
-2,3.0,550.0,0.0795233040004
-2,3.0,560.0,0.084930690452
-2,3.0,570.0,0.0905555353942
-2,3.0,580.0,0.102453917522
-2,3.0,590.0,0.112321845329
-2,3.0,600.0,0.114347297697
-2,3.0,610.0,0.126464453233
-2,3.0,620.0,0.142311100882
-2,3.0,630.0,0.158411151656
-2,3.0,640.0,0.176086711808
-2,3.0,650.0,0.191869772151
-2,3.0,660.0,0.201282772512
-2,3.0,670.0,0.224161216437
-2,3.0,680.0,0.237573033614
-2,3.0,690.0,0.249442689135
-2,3.0,700.0,0.25894211599
-2,3.0,710.0,0.267824254175
-2,3.0,720.0,0.271749419064
-2,3.0,730.0,0.280058321827
-2,3.0,740.0,0.281790383688
-2,3.0,750.0,0.286946800756
-2,3.0,760.0,0.293078875228
-2,3.0,770.0,0.292189346728
-2,3.0,780.0,0.293095269466
-2,4.0,380.0,0.00311185963908
-2,4.0,390.0,0.0033905677822
-2,4.0,400.0,0.00556005404215
-2,4.0,410.0,0.00764376909458
-2,4.0,420.0,0.00923590182015
-2,4.0,430.0,0.0102345780827
-2,4.0,440.0,0.0145189281755
-2,4.0,450.0,0.0194841287313
-2,4.0,460.0,0.0243139685956
-2,4.0,470.0,0.0296051362185
-2,4.0,480.0,0.0358422517625
-2,4.0,490.0,0.0404492892331
-2,4.0,500.0,0.0476698170276
-2,4.0,510.0,0.0550888149501
-2,4.0,520.0,0.0599785982902
-2,4.0,530.0,0.0668312245862
-2,4.0,540.0,0.0755922935339
-2,4.0,550.0,0.0834773484544
-2,4.0,560.0,0.0879542691608
-2,4.0,570.0,0.0925977706276
-2,4.0,580.0,0.10365155727
-2,4.0,590.0,0.112581210787
-2,4.0,600.0,0.113561044423
-2,4.0,610.0,0.124568072025
-2,4.0,620.0,0.139102984098
-2,4.0,630.0,0.153710375103
-2,4.0,640.0,0.169685957501
-2,4.0,650.0,0.183689125354
-2,4.0,660.0,0.191503939248
-2,4.0,670.0,0.212016970582
-2,4.0,680.0,0.223444895103
-2,4.0,690.0,0.233359162775
-2,4.0,700.0,0.241018362982
-2,4.0,710.0,0.248081230307
-2,4.0,720.0,0.250557571033
-2,4.0,730.0,0.257082757055
-2,4.0,740.0,0.2575866294
-2,4.0,750.0,0.261248263724
-2,4.0,760.0,0.265802934361
-2,4.0,770.0,0.264020636749
-2,4.0,780.0,0.26390832212
-2,5.0,380.0,0.00349404718819
-2,5.0,390.0,0.00388225366857
-2,5.0,400.0,0.0064795800163
-2,5.0,410.0,0.00902380319863
-2,5.0,420.0,0.0109730931736
-2,5.0,430.0,0.0121513166022
-2,5.0,440.0,0.0171175907856
-2,5.0,450.0,0.0227004070487
-2,5.0,460.0,0.0279023419813
-2,5.0,470.0,0.0334079196165
-2,5.0,480.0,0.0397426494789
-2,5.0,490.0,0.0440819112712
-2,5.0,500.0,0.0510870061163
-2,5.0,510.0,0.0581110886285
-2,5.0,520.0,0.0623425317488
-2,5.0,530.0,0.0685088947387
-2,5.0,540.0,0.0765204603166
-2,5.0,550.0,0.0835239591789
-2,5.0,560.0,0.0870622488272
-2,5.0,570.0,0.090752495294
-2,5.0,580.0,0.100737196605
-2,5.0,590.0,0.108625232938
-2,5.0,600.0,0.108797032996
-2,5.0,610.0,0.118601751415
-2,5.0,620.0,0.131678908692
-2,5.0,630.0,0.1447155292
-2,5.0,640.0,0.15894392384
-2,5.0,650.0,0.171236035321
-2,5.0,660.0,0.177710887304
-2,5.0,670.0,0.195906371352
-2,5.0,680.0,0.205630703054
-2,5.0,690.0,0.213931073244
-2,5.0,700.0,0.220150257689
-2,5.0,710.0,0.225819542858
-2,5.0,720.0,0.227326015286
-2,5.0,730.0,0.232519224427
-2,5.0,740.0,0.232283531172
-2,5.0,750.0,0.234919561623
-2,5.0,760.0,0.238369239727
-2,5.0,770.0,0.236160575153
-2,5.0,780.0,0.235480154892
-2,6.0,380.0,0.00395273509902
-2,6.0,390.0,0.00444893635075
-2,6.0,400.0,0.00748735802114
-2,6.0,410.0,0.0104540676017
-2,6.0,420.0,0.0126704446266
-2,6.0,430.0,0.0139133224417
-2,6.0,440.0,0.019360279456
-2,6.0,450.0,0.0252975020384
-2,6.0,460.0,0.0305976245144
-2,6.0,470.0,0.0360392989139
-2,6.0,480.0,0.0421855086192
-2,6.0,490.0,0.0460788193322
-2,6.0,500.0,0.0526339573176
-2,6.0,510.0,0.0590749209351
-2,6.0,520.0,0.062603015668
-2,6.0,530.0,0.0680164208045
-2,6.0,540.0,0.0751971339934
-2,6.0,550.0,0.0813137603959
-2,6.0,560.0,0.0840342215465
-2,6.0,570.0,0.0869094962146
-2,6.0,580.0,0.095830697974
-2,6.0,590.0,0.102743468652
-2,6.0,600.0,0.102335656158
-2,6.0,610.0,0.111018860439
-2,6.0,620.0,0.122711706951
-2,6.0,630.0,0.134296236941
-2,6.0,640.0,0.146926146006
-2,6.0,650.0,0.157710656423
-2,6.0,660.0,0.163110053777
-2,6.0,670.0,0.179229940383
-2,6.0,680.0,0.187552758297
-2,6.0,690.0,0.194560959188
-2,6.0,700.0,0.199672263231
-2,6.0,710.0,0.204285710292
-2,6.0,720.0,0.20514578017
-2,6.0,730.0,0.209345994203
-2,6.0,740.0,0.208673086099
-2,6.0,750.0,0.210599242367
-2,6.0,760.0,0.213265371703
-2,6.0,770.0,0.210887664418
-2,6.0,780.0,0.209899549545
-2,7.0,380.0,0.00445620904852
-2,7.0,390.0,0.00504363086687
-2,7.0,400.0,0.00849425394388
-2,7.0,410.0,0.0118111081696
-2,7.0,420.0,0.0141965160061
-2,7.0,430.0,0.0154102959208
-2,7.0,440.0,0.0211523556892
-2,7.0,450.0,0.0272336399269
-2,7.0,460.0,0.0324453130545
-2,7.0,470.0,0.0376546086327
-2,7.0,480.0,0.0434551181705
-2,7.0,490.0,0.046841327767
-2,7.0,500.0,0.0528502809529
-2,7.0,510.0,0.058653063428
-2,7.0,520.0,0.0615216811848
-2,7.0,530.0,0.0662138624847
-2,7.0,540.0,0.0725893503683
-2,7.0,550.0,0.0778929558726
-2,7.0,560.0,0.0799375215197
-2,7.0,570.0,0.0821462117616
-2,7.0,580.0,0.090088427094
-2,7.0,590.0,0.0961375451016
-2,7.0,600.0,0.0953272334605
-2,7.0,610.0,0.103013459439
-2,7.0,620.0,0.113457482812
-2,7.0,630.0,0.123753796789
-2,7.0,640.0,0.134973396193
-2,7.0,650.0,0.14446124634
-2,7.0,660.0,0.149000270181
-2,7.0,670.0,0.163309239527
-2,7.0,680.0,0.170483202923
-2,7.0,690.0,0.176453865036
-2,7.0,700.0,0.180704071377
-2,7.0,710.0,0.184506768516
-2,7.0,720.0,0.184930577973
-2,7.0,730.0,0.188376805783
-2,7.0,740.0,0.187450115562
-2,7.0,750.0,0.188873247253
-2,7.0,760.0,0.190969133689
-2,7.0,770.0,0.188562666966
-2,7.0,780.0,0.187417071266
-2,8.0,380.0,0.00497088392064
-2,8.0,390.0,0.0056256951078
-2,8.0,400.0,0.00943574440018
-2,8.0,410.0,0.013020745182
-2,8.0,420.0,0.0154893017762
-2,8.0,430.0,0.0166091287067
-2,8.0,440.0,0.0224963010163
-2,8.0,450.0,0.0285696526405
-2,8.0,460.0,0.0335778001652
-2,8.0,470.0,0.0384644214515
-2,8.0,480.0,0.0438455004491
-2,8.0,490.0,0.0467260275554
-2,8.0,500.0,0.0521678183991
-2,8.0,510.0,0.0573428879231
-2,8.0,520.0,0.0596265264123
-2,8.0,530.0,0.0636649542403
-2,8.0,540.0,0.0693008214577
-2,8.0,550.0,0.0738859238679
-2,8.0,560.0,0.0753824842891
-2,8.0,570.0,0.0770536064427
-2,8.0,580.0,0.0841206404295
-2,8.0,590.0,0.0894192384563
-2,8.0,600.0,0.0883350445109
-2,8.0,610.0,0.0951487553716
-2,8.0,620.0,0.104486012875
-2,8.0,630.0,0.113653828968
-2,8.0,640.0,0.123641881283
-2,8.0,650.0,0.132018492773
-2,8.0,660.0,0.135862672335
-2,8.0,670.0,0.148600189945
-2,8.0,680.0,0.154824532451
-2,8.0,690.0,0.159951700644
-2,8.0,700.0,0.163520906289
-2,8.0,710.0,0.166688860555
-2,8.0,720.0,0.166813710273
-2,8.0,730.0,0.169674492223
-2,8.0,740.0,0.168606388947
-2,8.0,750.0,0.169663855238
-2,8.0,760.0,0.171333233104
-2,8.0,770.0,0.16897423071
-2,8.0,780.0,0.167759102807
-2,9.0,380.0,0.0054694965297
-2,9.0,390.0,0.00616702299944
-2,9.0,400.0,0.0102746220401
-2,9.0,410.0,0.0140502409147
-2,9.0,420.0,0.0165346829174
-2,9.0,430.0,0.0175212576239
-2,9.0,440.0,0.0234406038841
-2,9.0,450.0,0.0294028987017
-2,9.0,460.0,0.0341430893981
-2,9.0,470.0,0.0386668046969
-2,9.0,480.0,0.0436044093944
-2,9.0,490.0,0.0460104971777
-2,9.0,500.0,0.0509021753368
-2,9.0,510.0,0.0554892131914
-2,9.0,520.0,0.0572670798226
-2,9.0,530.0,0.0607272325409
-2,9.0,540.0,0.0656995715313
-2,9.0,550.0,0.0696588098526
-2,9.0,560.0,0.0707132953655
-2,9.0,570.0,0.0719516523406
-2,9.0,580.0,0.0782447039488
-2,9.0,590.0,0.0828941177139
-2,9.0,600.0,0.0816274982558
-2,9.0,610.0,0.0876801683223
-2,9.0,620.0,0.0960414765648
-2,9.0,630.0,0.10422265951
-2,9.0,640.0,0.11313603405
-2,9.0,650.0,0.120556932883
-2,9.0,660.0,0.123832697908
-2,9.0,670.0,0.135203960166
-2,9.0,680.0,0.140634414614
-2,9.0,690.0,0.145066022546
-2,9.0,700.0,0.148086920093
-2,9.0,710.0,0.150748211097
-2,9.0,720.0,0.15066548217
-2,9.0,730.0,0.153061901295
-2,9.0,740.0,0.151922285893
-2,9.0,750.0,0.152707581035
-2,9.0,760.0,0.154049896508
-2,9.0,770.0,0.151779014564
-2,9.0,780.0,0.150546576952
-2,10.0,380.0,0.00593342721629
-2,10.0,390.0,0.00665157155026
-2,10.0,400.0,0.0109950321273
-2,10.0,410.0,0.0148943443897
-2,10.0,420.0,0.0173456012531
-2,10.0,430.0,0.0181788200834
-2,10.0,440.0,0.0240490941127
-2,10.0,450.0,0.029834006354
-2,10.0,460.0,0.0342752807935
-2,10.0,470.0,0.0384261557852
-2,10.0,480.0,0.0429243447065
-2,10.0,490.0,0.044899265514
-2,10.0,500.0,0.0492755376847
-2,10.0,510.0,0.0533251167558
-2,10.0,520.0,0.0546708500478
-2,10.0,530.0,0.0576249689118
-2,10.0,540.0,0.0620082031361
-2,10.0,550.0,0.0654248374217
-2,10.0,560.0,0.0661223354514
-2,10.0,570.0,0.0670111208455
-2,10.0,580.0,0.0726217605734
-2,10.0,590.0,0.0767090475172
-2,10.0,600.0,0.0753247364194
-2,10.0,610.0,0.0807126515361
-2,10.0,620.0,0.0882133442864
-2,10.0,630.0,0.095530186372
-2,10.0,640.0,0.103503192113
-2,10.0,650.0,0.110097460547
-2,10.0,660.0,0.112902257395
-2,10.0,670.0,0.123080605202
-2,10.0,680.0,0.127839929246
-2,10.0,690.0,0.131690286181
-2,10.0,700.0,0.134262484611
-2,10.0,710.0,0.136512272935
-2,10.0,720.0,0.1362840917
-2,10.0,730.0,0.138305247304
-2,10.0,740.0,0.137138163283
-2,10.0,750.0,0.137716657932
-2,10.0,760.0,0.138802702738
-2,10.0,770.0,0.136640406033
-2,10.0,780.0,0.135421842359
-2,11.0,380.0,0.00635188216665
-2,11.0,390.0,0.0070724787289
-2,11.0,400.0,0.0115951792691
-2,11.0,410.0,0.0155633997059
-2,11.0,420.0,0.0179476292121
-2,11.0,430.0,0.0186205880045
-2,11.0,440.0,0.0243854664641
-2,11.0,450.0,0.0299530038159
-2,11.0,460.0,0.0340856691656
-2,11.0,470.0,0.037871339122
-2,11.0,480.0,0.0419492759863
-2,11.0,490.0,0.0435392308982
-2,11.0,500.0,0.0474417143198
-2,11.0,510.0,0.0510064338127
-2,11.0,520.0,0.0519848383775
-2,11.0,530.0,0.0544980162632
-2,11.0,540.0,0.0583604245984
-2,11.0,550.0,0.0613068034597
-2,11.0,560.0,0.0617150344941
-2,11.0,570.0,0.0623199774835
-2,11.0,580.0,0.0673287956052
-2,11.0,590.0,0.0709277948445
-2,11.0,600.0,0.0694716746817
-2,11.0,610.0,0.0742771536837
-2,11.0,620.0,0.081017492622
-2,11.0,630.0,0.087574647672
-2,11.0,640.0,0.0947217434364
-2,11.0,650.0,0.100596848559
-2,11.0,660.0,0.103006926322
-2,11.0,670.0,0.112138881259
-2,11.0,680.0,0.116325242596
-2,11.0,690.0,0.119684249317
-2,11.0,700.0,0.121884117553
-2,11.0,710.0,0.123794712103
-2,11.0,720.0,0.123464189874
-2,11.0,730.0,0.125177273716
-2,11.0,740.0,0.124010652083
-2,11.0,750.0,0.124429252776
-2,11.0,760.0,0.125310820131
-2,11.0,770.0,0.1232658779
-2,11.0,780.0,0.122079648171
-2,12.0,380.0,0.00672002857687
-2,12.0,390.0,0.00742900937599
-2,12.0,400.0,0.0120814272549
-2,12.0,410.0,0.0160752289079
-2,12.0,420.0,0.0183704051922
-2,12.0,430.0,0.0188847300571
-2,12.0,440.0,0.0245066723117
-2,12.0,450.0,0.0298351687703
-2,12.0,460.0,0.0336626319451
-2,12.0,470.0,0.0371004219732
-2,12.0,480.0,0.0407847623138
-2,12.0,490.0,0.0420344997682
-2,12.0,500.0,0.0455062052627
-2,12.0,510.0,0.0486366157128
-2,12.0,520.0,0.0493033463606
-2,12.0,530.0,0.0514327313058
-2,12.0,540.0,0.0548352683959
-2,12.0,550.0,0.0573734810891
-2,12.0,560.0,0.0575463747484
-2,12.0,570.0,0.0579195893348
-2,12.0,580.0,0.0623968570331
-2,12.0,590.0,0.0655701440601
-2,12.0,600.0,0.0640748264654
-2,12.0,610.0,0.0683682689899
-2,12.0,620.0,0.0744352186719
-2,12.0,630.0,0.0803224046007
-2,12.0,640.0,0.0867414513338
-2,12.0,650.0,0.0919876017623
-2,12.0,660.0,0.0940636255956
-2,12.0,670.0,0.102273817664
-2,12.0,680.0,0.105966969482
-2,12.0,690.0,0.108906624912
-2,12.0,700.0,0.110793940868
-2,12.0,710.0,0.112421492274
-2,12.0,720.0,0.112019100373
-2,12.0,730.0,0.113475968707
-2,12.0,740.0,0.112327472027
-2,12.0,750.0,0.11262064799
-2,12.0,760.0,0.113336596435
-2,12.0,770.0,0.111410913145
-2,12.0,780.0,0.110267600415
-2,13.0,380.0,0.00703712091067
-2,13.0,390.0,0.00772411515229
-2,13.0,400.0,0.0124642396327
-2,13.0,410.0,0.0164502088742
-2,13.0,420.0,0.0186430825135
-2,13.0,430.0,0.0190055966406
-2,13.0,440.0,0.0244608811944
-2,13.0,450.0,0.0295411903726
-2,13.0,460.0,0.0330746424446
-2,13.0,470.0,0.0361867840519
-2,13.0,480.0,0.0395072849035
-2,13.0,490.0,0.0404581865762
-2,13.0,500.0,0.0435407857573
-2,13.0,510.0,0.0462836919948
-2,13.0,520.0,0.0466860537534
-2,13.0,530.0,0.0484812806631
-2,13.0,540.0,0.0514777384967
-2,13.0,550.0,0.0536609186356
-2,13.0,560.0,0.0536416427399
-2,13.0,570.0,0.0538247461258
-2,13.0,580.0,0.0578316563208
-2,13.0,590.0,0.0606324833456
-2,13.0,600.0,0.0591211899352
-2,13.0,610.0,0.0629630754095
-2,13.0,620.0,0.0684322618879
-2,13.0,630.0,0.0737267942299
-2,13.0,640.0,0.0795019756078
-2,13.0,650.0,0.084195622928
-2,13.0,660.0,0.0859866467801
-2,13.0,670.0,0.0933819308357
-2,13.0,680.0,0.0966476537339
-2,13.0,690.0,0.0992266065894
-2,13.0,700.0,0.100849064493
-2,13.0,710.0,0.102238051055
-2,13.0,720.0,0.101785670467
-2,13.0,730.0,0.10302718948
-2,13.0,740.0,0.1019078063
-2,13.0,750.0,0.1021014346
-2,13.0,760.0,0.102681581904
-2,13.0,770.0,0.10087302376
-2,13.0,780.0,0.0997782441323
-2,14.0,380.0,0.00730498796424
-2,14.0,390.0,0.00796271829235
-2,14.0,400.0,0.0127556383745
-2,14.0,410.0,0.016708544892
-2,14.0,420.0,0.0187921978377
-2,14.0,430.0,0.0190126546117
-2,14.0,440.0,0.0242875699757
-2,14.0,450.0,0.0291189565255
-2,14.0,460.0,0.0323739585454
-2,14.0,470.0,0.0351847218542
-2,14.0,480.0,0.038171745956
-2,14.0,490.0,0.0388611643262
-2,14.0,500.0,0.0415937236257
-2,14.0,510.0,0.0439916443031
-2,14.0,520.0,0.0441697120898
-2,14.0,530.0,0.0456737399955
-2,14.0,540.0,0.0483113925375
-2,14.0,550.0,0.0501850811546
-2,14.0,560.0,0.0500084342726
-2,14.0,570.0,0.0500349473954
-2,14.0,580.0,0.053624896666
-2,14.0,590.0,0.0560988530559
-2,14.0,600.0,0.0545881094557
-2,14.0,610.0,0.0580306993865
-2,14.0,620.0,0.0629681682679
-2,14.0,630.0,0.0677370819745
-2,14.0,640.0,0.0729413009941
-2,14.0,650.0,0.077147841115
-2,14.0,660.0,0.0786941195473
-2,14.0,670.0,0.0853668304947
-2,14.0,680.0,0.0882601200302
-2,14.0,690.0,0.0905268692512
-2,14.0,700.0,0.0919231727627
-2,14.0,710.0,0.0931094519736
-2,14.0,720.0,0.0926230034264
-2,14.0,730.0,0.0936819754586
-2,14.0,740.0,0.0925982875662
-2,14.0,750.0,0.0927121652233
-2,14.0,760.0,0.0931798489273
-2,14.0,770.0,0.0914839416972
-2,14.0,780.0,0.0904401411579
-2,15.0,380.0,0.0075269349119
-2,15.0,390.0,0.00815059540628
-2,15.0,400.0,0.0129677284314
-2,15.0,410.0,0.0168689115951
-2,15.0,420.0,0.0188408886384
-2,15.0,430.0,0.0189304787438
-2,15.0,440.0,0.0240184741989
-2,15.0,450.0,0.0286057388696
-2,15.0,460.0,0.0316000453969
-2,15.0,470.0,0.0341340418405
-2,15.0,480.0,0.0368171688965
-2,15.0,490.0,0.0372783761278
-2,15.0,500.0,0.0396968563319
-2,15.0,510.0,0.0417880277532
-2,15.0,520.0,0.041775759797
-2,15.0,530.0,0.0430257706646
-2,15.0,540.0,0.0453461355848
-2,15.0,550.0,0.0469494995932
-2,15.0,560.0,0.0466437483746
-2,15.0,570.0,0.0465409084596
-2,15.0,580.0,0.0497606405615
-2,15.0,590.0,0.0519469981279
-2,15.0,600.0,0.050448515134
-2,15.0,610.0,0.0535372321859
-2,15.0,620.0,0.0580009189158
-2,15.0,630.0,0.0623026736073
-2,15.0,640.0,0.0669994558974
-2,15.0,650.0,0.0707752884319
-2,15.0,660.0,0.072110284465
-2,15.0,670.0,0.0781407654473
-2,15.0,680.0,0.0807081373705
-2,15.0,690.0,0.0827033097528
-2,15.0,700.0,0.0839053294344
-2,15.0,710.0,0.0849182512573
-2,15.0,720.0,0.0844094415473
-2,15.0,730.0,0.085312615662
-2,15.0,740.0,0.0842682625037
-2,15.0,750.0,0.0843177867374
-2,15.0,760.0,0.0846915881953
-2,15.0,770.0,0.083102560357
-2,15.0,780.0,0.0821101527377
-2,16.0,380.0,0.00770699160594
-2,16.0,390.0,0.00829368912365
-2,16.0,400.0,0.0131119017623
-2,16.0,410.0,0.0169478814042
-2,16.0,420.0,0.0188088029115
-2,16.0,430.0,0.0187791986801
-2,16.0,440.0,0.0236787805255
-2,16.0,450.0,0.0280302589392
-2,16.0,460.0,0.0307824418793
-2,16.0,470.0,0.0330636413613
-2,16.0,480.0,0.0354709276298
-2,16.0,490.0,0.0357333455893
-2,16.0,500.0,0.0378704963644
-2,16.0,510.0,0.0396891176266
-2,16.0,520.0,0.0395153463484
-2,16.0,530.0,0.0405435749493
-2,16.0,540.0,0.0425831468029
-2,16.0,550.0,0.0439500051407
-2,16.0,560.0,0.0435382819944
-2,16.0,570.0,0.0433284050329
-2,16.0,580.0,0.046218977168
-2,16.0,590.0,0.048151758756
-2,16.0,600.0,0.0466737579864
-2,16.0,610.0,0.0494482846157
-2,16.0,620.0,0.0534892134175
-2,16.0,630.0,0.0573750471191
-2,16.0,640.0,0.0616200402113
-2,16.0,650.0,0.0650141419909
-2,16.0,660.0,0.0661659802525
-2,16.0,670.0,0.0716245451012
-2,16.0,680.0,0.0739057248147
-2,16.0,690.0,0.075663721755
-2,16.0,700.0,0.0766980276599
-2,16.0,710.0,0.0775619265416
-2,16.0,720.0,0.0770394326987
-2,16.0,730.0,0.0778089151443
-2,16.0,740.0,0.076805559958
-2,16.0,750.0,0.0768028776946
-2,16.0,760.0,0.07709780986
-2,16.0,770.0,0.07560924471
-2,16.0,780.0,0.0746673482874
-2,17.0,380.0,0.00784943608152
-2,17.0,390.0,0.00839772184657
-2,17.0,400.0,0.013198476349
-2,17.0,410.0,0.0169598083513
-2,17.0,420.0,0.0187123573474
-2,17.0,430.0,0.0185751168817
-2,17.0,440.0,0.0232883057408
-2,17.0,450.0,0.0274144784424
-2,17.0,460.0,0.0299430653728
-2,17.0,470.0,0.0319942473419
-2,17.0,480.0,0.0341518627089
-2,17.0,490.0,0.0342414033422
-2,17.0,500.0,0.0361268539512
-2,17.0,510.0,0.0377034228102
-2,17.0,520.0,0.0373926941902
-2,17.0,530.0,0.0382271484402
-2,17.0,540.0,0.0400180526662
-2,17.0,550.0,0.0411777193478
-2,17.0,560.0,0.0406790852988
-2,17.0,570.0,0.0403805932537
-2,17.0,580.0,0.0429781768342
-2,17.0,590.0,0.0446870027824
-2,17.0,600.0,0.0432351609649
-2,17.0,610.0,0.0457303143084
-2,17.0,620.0,0.0493935716447
-2,17.0,630.0,0.0529085779854
-2,17.0,640.0,0.0567507378479
-2,17.0,650.0,0.059805877821
-2,17.0,660.0,0.0607984137999
-2,17.0,670.0,0.0657468841337
-2,17.0,680.0,0.0677760659678
-2,17.0,690.0,0.0693262761223
-2,17.0,700.0,0.0702152481212
-2,17.0,710.0,0.0709505179365
-2,17.0,720.0,0.0704208064643
-2,17.0,730.0,0.0710750713934
-2,17.0,740.0,0.0701130506905
-2,17.0,750.0,0.0700678623067
-2,17.0,760.0,0.0702962066333
-2,17.0,770.0,0.0689014545206
-2,17.0,780.0,0.0680083776211
-2,18.0,380.0,0.00795849492733
-2,18.0,390.0,0.00846798733921
-2,18.0,400.0,0.0132365671177
-2,18.0,410.0,0.0169169222424
-2,18.0,420.0,0.0185651140717
-2,18.0,430.0,0.0183313257785
-2,18.0,440.0,0.0228625298227
-2,18.0,450.0,0.0267750607469
-2,18.0,460.0,0.029098008095
-2,18.0,470.0,0.0309404797623
-2,18.0,480.0,0.0328725676545
-2,18.0,490.0,0.032812002555
-2,18.0,500.0,0.0344724467293
-2,18.0,510.0,0.0358341168003
-2,18.0,520.0,0.0354073872333
-2,18.0,530.0,0.0360724587772
-2,18.0,540.0,0.0376430181928
-2,18.0,550.0,0.0386209905631
-2,18.0,560.0,0.0380512478655
-2,18.0,570.0,0.037679449037
-2,18.0,580.0,0.0400159915682
-2,18.0,590.0,0.0415267540839
-2,18.0,600.0,0.0401048825695
-2,18.0,610.0,0.042351316628
-2,18.0,620.0,0.0456768463342
-2,18.0,630.0,0.048860840237
-2,18.0,640.0,0.0523433810657
-2,18.0,650.0,0.05509707223
-2,18.0,660.0,0.0559506930095
-2,18.0,670.0,0.060443619557
-2,18.0,680.0,0.0622504229994
-2,18.0,690.0,0.0636181327209
-2,18.0,700.0,0.0643807810022
-2,18.0,710.0,0.0650046652549
-2,18.0,720.0,0.0644725691399
-2,18.0,730.0,0.0650271981307
-2,18.0,740.0,0.0641059648851
-2,18.0,750.0,0.0640260976827
-2,18.0,760.0,0.0641980064578
-2,18.0,770.0,0.0628904457563
-2,18.0,780.0,0.0620440111597
-2,19.0,380.0,0.00803817288314
-2,19.0,390.0,0.00850926155257
-2,19.0,400.0,0.0132340978421
-2,19.0,410.0,0.0168295317695
-2,19.0,420.0,0.018378192384
-2,19.0,430.0,0.018058276211
-2,19.0,440.0,0.0224134709264
-2,19.0,450.0,0.0261245458711
-2,19.0,460.0,0.0282589292273
-2,19.0,470.0,0.0299124066434
-2,19.0,480.0,0.0316410731746
-2,19.0,490.0,0.0314503921469
-2,19.0,500.0,0.0329098115537
-2,19.0,510.0,0.0340807377958
-2,19.0,520.0,0.0335559474307
-2,19.0,530.0,0.0340729240115
-2,19.0,540.0,0.0354481438243
-2,19.0,550.0,0.0362666651924
-2,19.0,560.0,0.0356389835257
-2,19.0,570.0,0.0352066711497
-2,19.0,580.0,0.0373104462339
-2,19.0,590.0,0.0386458524793
-2,19.0,600.0,0.0372563911238
-2,19.0,610.0,0.0392811674048
-2,19.0,620.0,0.0423044276098
-2,19.0,630.0,0.0451926507407
-2,19.0,640.0,0.0483538166581
-2,19.0,650.0,0.0508390748343
-2,19.0,660.0,0.0515713100104
-2,19.0,670.0,0.0556569594984
-2,19.0,680.0,0.057267169697
-2,19.0,690.0,0.0584742603915
-2,19.0,700.0,0.0591268440895
-2,19.0,710.0,0.0596540286398
-2,19.0,720.0,0.0591231605945
-2,19.0,730.0,0.059591395036
-2,19.0,740.0,0.0587098247718
-2,19.0,750.0,0.0586016501454
-2,19.0,760.0,0.0587255889978
-2,19.0,770.0,0.0574987896759
-2,19.0,780.0,0.0566965532396
-2,20.0,380.0,0.00809216480573
-2,20.0,390.0,0.00852578243414
-2,20.0,400.0,0.0131978830633
-2,20.0,410.0,0.0167062634505
-2,20.0,420.0,0.0181606601751
-2,20.0,430.0,0.0177642700105
-2,20.0,440.0,0.0219504033745
-2,20.0,450.0,0.0254722793839
-2,20.0,460.0,0.0274341252403
-2,20.0,470.0,0.0289167133768
-2,20.0,480.0,0.0304620904031
-2,20.0,490.0,0.0301588320751
-2,20.0,500.0,0.0314387296656
-2,20.0,510.0,0.0324403886897
-2,20.0,520.0,0.0318329324545
-2,20.0,530.0,0.0322204273508
-2,20.0,540.0,0.0334224096908
-2,20.0,550.0,0.0341009321175
-2,20.0,560.0,0.0334263357371
-2,20.0,570.0,0.0329442521897
-2,20.0,580.0,0.0348403207686
-2,20.0,590.0,0.0360203358498
-2,20.0,600.0,0.0346647151773
-2,20.0,610.0,0.0364917730147
-2,20.0,620.0,0.0392442861147
-2,20.0,630.0,0.0418679904914
-2,20.0,640.0,0.0447416925459
-2,20.0,650.0,0.0469876518681
-2,20.0,660.0,0.0476136482944
-2,20.0,670.0,0.0513348147627
-2,20.0,680.0,0.0527709671803
-2,20.0,690.0,0.0538364600245
-2,20.0,700.0,0.0543929628054
-2,20.0,710.0,0.0548360292096
-2,20.0,720.0,0.054309082085
-2,20.0,730.0,0.0547022440328
-2,20.0,740.0,0.0538588480076
-2,20.0,750.0,0.0537275904169
-2,20.0,760.0,0.0538106697702
-2,20.0,770.0,0.0526584930391
-2,20.0,780.0,0.0518978914998
-2,21.0,380.0,0.00812381915753
-2,21.0,390.0,0.00852126808691
-2,21.0,400.0,0.0131337401994
-2,21.0,410.0,0.0165542997794
-2,21.0,420.0,0.0179198829039
-2,21.0,430.0,0.0174558734081
-2,21.0,440.0,0.021480436874
-2,21.0,450.0,0.0248251404713
-2,21.0,460.0,0.0266293501286
-2,21.0,470.0,0.0279575823501
-2,21.0,480.0,0.0293379312884
-2,21.0,490.0,0.028937480185
-2,21.0,500.0,0.0300571088155
-2,21.0,510.0,0.0309085898073
-2,21.0,520.0,0.0302317053625
-2,21.0,530.0,0.0305060184828
-2,21.0,540.0,0.0315543177539
-2,21.0,550.0,0.0321098859088
-2,21.0,560.0,0.0313976364876
-2,21.0,570.0,0.0308748373532
-2,21.0,580.0,0.0325854385561
-2,21.0,590.0,0.0336276516595
-2,21.0,600.0,0.0323065604548
-2,21.0,610.0,0.0339571101003
-2,21.0,620.0,0.0364669292833
-2,21.0,630.0,0.0388538672003
-2,21.0,640.0,0.0414702172102
-2,21.0,650.0,0.04350263777
-2,21.0,660.0,0.0440355350015
-2,21.0,670.0,0.0474302176828
-2,21.0,680.0,0.0487120682179
-2,21.0,690.0,0.0496525575888
-2,21.0,700.0,0.0501250600383
-2,21.0,710.0,0.0504948386837
-2,21.0,720.0,0.0499738067493
-2,21.0,730.0,0.0503016255783
-2,21.0,740.0,0.0494946999143
-2,21.0,750.0,0.0493446695344
-2,21.0,760.0,0.0493928973821
-2,21.0,770.0,0.0483095527887
-2,21.0,780.0,0.0475880033158
-2,22.0,380.0,0.00813613320359
-2,22.0,390.0,0.00849895502972
-2,22.0,400.0,0.0130466102973
-2,22.0,410.0,0.0163795998568
-2,22.0,420.0,0.0176618244379
-2,22.0,430.0,0.0171382579554
-2,22.0,440.0,0.0210089794963
-2,22.0,450.0,0.0241881101584
-2,22.0,460.0,0.0258484432784
-2,22.0,470.0,0.0270373552419
-2,22.0,480.0,0.0282691914611
-2,22.0,490.0,0.0277850412602
-2,22.0,500.0,0.0287616203468
-2,22.0,510.0,0.0294798865411
-2,22.0,520.0,0.0287449752496
-2,22.0,530.0,0.0289203983161
-2,22.0,540.0,0.0298323272946
-2,22.0,550.0,0.0302798997062
-2,22.0,560.0,0.0295378002841
-2,22.0,570.0,0.0289819430873
-2,22.0,580.0,0.030526828784
-2,22.0,590.0,0.0314467596129
-2,22.0,600.0,0.0301603438935
-2,22.0,610.0,0.0316531993143
-2,22.0,620.0,0.0339453090258
-2,22.0,630.0,0.036120149786
-2,22.0,640.0,0.0385059138524
-2,22.0,650.0,0.0403476067305
-2,22.0,660.0,0.0407988388142
-2,22.0,670.0,0.0439008167196
-2,22.0,680.0,0.0450457260929
-2,22.0,690.0,0.045875730354
-2,22.0,700.0,0.0462747065559
-2,22.0,710.0,0.0465805564479
-2,22.0,720.0,0.0460669002975
-2,22.0,730.0,0.0463377706294
-2,22.0,740.0,0.0455655006744
-2,22.0,750.0,0.0454002712674
-2,22.0,760.0,0.0454187491829
-2,22.0,770.0,0.0443988231542
-2,22.0,780.0,0.0437137896082
-2,23.0,380.0,0.00813024598029
-2,23.0,390.0,0.00846018785632
-2,23.0,400.0,0.012938639551
-2,23.0,410.0,0.0161847854353
-2,23.0,420.0,0.0173890610102
-2,23.0,430.0,0.0168135337106
-2,23.0,440.0,0.0205379841886
-2,23.0,450.0,0.0235625438709
-2,23.0,460.0,0.0250917658611
-2,23.0,470.0,0.0261551366891
-2,23.0,480.0,0.0272535252707
-2,23.0,490.0,0.0266977340165
-2,23.0,500.0,0.0275467947958
-2,23.0,510.0,0.0281470545761
-2,23.0,520.0,0.0273641202084
-2,23.0,530.0,0.0274533349081
-2,23.0,540.0,0.0282443066573
-2,23.0,550.0,0.0285971126167
-2,23.0,560.0,0.0278318559893
-2,23.0,570.0,0.0272495190642
-2,23.0,580.0,0.0286462639737
-2,23.0,590.0,0.0294576474087
-2,23.0,600.0,0.0282057318529
-2,23.0,610.0,0.0295576016089
-2,23.0,620.0,0.0316542549967
-2,23.0,630.0,0.0336389397587
-2,23.0,640.0,0.0358179208964
-2,23.0,650.0,0.0374891102205
-2,23.0,660.0,0.0378686704052
-2,23.0,670.0,0.0407079848446
-2,23.0,680.0,0.0417312489654
-2,23.0,690.0,0.0424635137123
-2,23.0,700.0,0.0427980887173
-2,23.0,710.0,0.0430481415088
-2,23.0,720.0,0.0425429367179
-2,23.0,730.0,0.0427641414826
-2,23.0,740.0,0.0420246982004
-2,23.0,750.0,0.0418472633741
-2,23.0,760.0,0.0418403551008
-2,23.0,770.0,0.0408788410997
-2,23.0,780.0,0.0402278952467
-2,24.0,380.0,0.00812690701688
-2,24.0,390.0,0.00842099870693
-2,24.0,400.0,0.0128252168061
-2,24.0,410.0,0.0159766181904
-2,24.0,420.0,0.0170940476218
-2,24.0,430.0,0.0164586314835
-2,24.0,440.0,0.0200182244055
-2,24.0,450.0,0.0228657831568
-2,24.0,460.0,0.0242416983111
-2,24.0,470.0,0.0251556649363
-2,24.0,480.0,0.0260943330472
-2,24.0,490.0,0.0254475650154
-2,24.0,500.0,0.0261411395541
-2,24.0,510.0,0.0265957085836
-2,24.0,520.0,0.0257479391526
-2,24.0,530.0,0.0257289752935
-2,24.0,540.0,0.0263689477221
-2,24.0,550.0,0.026601717953
-2,24.0,560.0,0.0258018614248
-2,24.0,570.0,0.0251817384493
-2,24.0,580.0,0.0263950870144
-2,24.0,590.0,0.0270748158858
-2,24.0,600.0,0.0258662709353
-2,24.0,610.0,0.0270499099272
-2,24.0,620.0,0.028913727808
-2,24.0,630.0,0.0306735457263
-2,24.0,640.0,0.0326089149457
-2,24.0,650.0,0.0340812712596
-2,24.0,660.0,0.034381133708
-2,24.0,670.0,0.0369146470967
-2,24.0,680.0,0.0378011743311
-2,24.0,690.0,0.0384261406357
-2,24.0,700.0,0.0386936564972
-2,24.0,710.0,0.0388875533761
-2,24.0,720.0,0.0384022646718
-2,24.0,730.0,0.0385754001541
-2,24.0,740.0,0.0378848050234
-2,24.0,750.0,0.0377036002074
-2,24.0,760.0,0.0376777582498
-2,24.0,770.0,0.0367947087685
-2,24.0,780.0,0.0361936731845
-2,25.0,380.0,0.00808244443542
-2,25.0,390.0,0.00834263300984
-2,25.0,400.0,0.0126578885228
-2,25.0,410.0,0.015709138746
-2,25.0,420.0,0.0167447160344
-2,25.0,430.0,0.0160610096262
-2,25.0,440.0,0.0194591218945
-2,25.0,450.0,0.0221396764564
-2,25.0,460.0,0.023378034635
-2,25.0,470.0,0.0241616367775
-2,25.0,480.0,0.0249613547253
-2,25.0,490.0,0.024244594179
-2,25.0,500.0,0.0248056884171
-2,25.0,510.0,0.02513826984
-2,25.0,520.0,0.0242447396122
-2,25.0,530.0,0.0241366446817
-2,25.0,540.0,0.0246508466247
-2,25.0,550.0,0.0247855795042
-2,25.0,560.0,0.0239641039274
-2,25.0,570.0,0.0233178248031
-2,25.0,580.0,0.024378252859
-2,25.0,590.0,0.0249527872792
-2,25.0,600.0,0.0237882388207
-2,25.0,610.0,0.0248351637245
-2,25.0,620.0,0.0265082995723
-2,25.0,630.0,0.028084025197
-2,25.0,640.0,0.0298206718547
-2,25.0,650.0,0.0311332245565
-2,25.0,660.0,0.0313754956025
-2,25.0,670.0,0.0336571307578
-2,25.0,680.0,0.0344366028452
-2,25.0,690.0,0.0349787749129
-2,25.0,700.0,0.0351976250807
-2,25.0,710.0,0.0353506191877
-2,25.0,720.0,0.0348882359853
-2,25.0,730.0,0.0350264500861
-2,25.0,740.0,0.0343816882127
-2,25.0,750.0,0.0342008558796
-2,25.0,760.0,0.03416343341
-2,25.0,770.0,0.0333496391377
-2,25.0,780.0,0.0327926092045
-2,26.0,380.0,0.00803593888786
-2,26.0,390.0,0.00826846736317
-2,26.0,400.0,0.0125072261771
-2,26.0,410.0,0.0154762567365
-2,26.0,420.0,0.0164485283388
-2,26.0,430.0,0.015731421251
-2,26.0,440.0,0.0190048930654
-2,26.0,450.0,0.021560392195
-2,26.0,460.0,0.0227002731101
-2,26.0,470.0,0.0233931095641
-2,26.0,480.0,0.0240972534448
-2,26.0,490.0,0.0233381009625
-2,26.0,500.0,0.0238104763447
-2,26.0,510.0,0.0240628621586
-2,26.0,520.0,0.0231452510783
-2,26.0,530.0,0.0229820696001
-2,26.0,540.0,0.0234137335946
-2,26.0,550.0,0.0234863763626
-2,26.0,560.0,0.0226574765399
-2,26.0,570.0,0.0220002931861
-2,26.0,580.0,0.0229566727795
-2,26.0,590.0,0.0234567194871
-2,26.0,600.0,0.022324932526
-2,26.0,610.0,0.0232724648056
-2,26.0,620.0,0.0248057689443
-2,26.0,630.0,0.0262459966335
-2,26.0,640.0,0.0278350926022
-2,26.0,650.0,0.0290271305197
-2,26.0,660.0,0.0292216832809
-2,26.0,670.0,0.03131527069
-2,26.0,680.0,0.0320103028113
-2,26.0,690.0,0.0324854545016
-2,26.0,700.0,0.0326614680015
-2,26.0,710.0,0.032777731966
-2,26.0,720.0,0.03232516044
-2,26.0,730.0,0.0324306594792
-2,26.0,740.0,0.0318128834876
-2,26.0,750.0,0.0316261231455
-2,26.0,760.0,0.0315730109765
-2,26.0,770.0,0.0308039931264
-2,26.0,780.0,0.0302739206022
-2,27.0,380.0,0.00798069022392
-2,27.0,390.0,0.00818724515492
-2,27.0,400.0,0.0123490224818
-2,27.0,410.0,0.0152381385496
-2,27.0,420.0,0.0161513524327
-2,27.0,430.0,0.0154054761286
-2,27.0,440.0,0.0185608597558
-2,27.0,450.0,0.0209995221362
-2,27.0,460.0,0.0220493675316
-2,27.0,470.0,0.0226601605427
-2,27.0,480.0,0.0232781234714
-2,27.0,490.0,0.0224833022659
-2,27.0,500.0,0.0228763443751
-2,27.0,510.0,0.0230575409802
-2,27.0,520.0,0.0221210769563
-2,27.0,530.0,0.0219099752998
-2,27.0,540.0,0.0222681795937
-2,27.0,550.0,0.022286282515
-2,27.0,560.0,0.021453157737
-2,27.0,570.0,0.0207882832151
-2,27.0,580.0,0.0216511566879
-2,27.0,590.0,0.0220848216881
-2,27.0,600.0,0.0209848965402
-2,27.0,610.0,0.0218431132454
-2,27.0,620.0,0.0232501941943
-2,27.0,630.0,0.0245682776837
-2,27.0,640.0,0.0260243276112
-2,27.0,650.0,0.0271080570618
-2,27.0,660.0,0.0272606385386
-2,27.0,670.0,0.0291845235166
-2,27.0,680.0,0.0298041855646
-2,27.0,690.0,0.0302197924924
-2,27.0,700.0,0.030358201066
-2,27.0,710.0,0.0304423579614
-2,27.0,720.0,0.0299998562872
-2,27.0,730.0,0.0300767807913
-2,27.0,740.0,0.0294845000994
-2,27.0,750.0,0.029293329249
-2,27.0,760.0,0.0292269209539
-2,27.0,770.0,0.028499302905
-2,27.0,780.0,0.0279944207741
-2,28.0,380.0,0.00791801406656
-2,28.0,390.0,0.00810022232724
-2,28.0,400.0,0.0121849723378
-2,28.0,410.0,0.0149965672109
-2,28.0,420.0,0.0158546923769
-2,28.0,430.0,0.0150841898745
-2,28.0,440.0,0.0181276844954
-2,28.0,450.0,0.0204571225073
-2,28.0,460.0,0.0214245942075
-2,28.0,470.0,0.0219611942812
-2,28.0,480.0,0.0225014083809
-2,28.0,490.0,0.0216768139195
-2,28.0,500.0,0.0219988958444
-2,28.0,510.0,0.022116904751
-2,28.0,520.0,0.0211661056034
-2,28.0,530.0,0.0209133909551
-2,28.0,540.0,0.0212061922456
-2,28.0,550.0,0.0211764132536
-2,28.0,560.0,0.0203417696453
-2,28.0,570.0,0.0196719380182
-2,28.0,580.0,0.0204506946987
-2,28.0,590.0,0.0208251648642
-2,28.0,600.0,0.0197561507256
-2,28.0,610.0,0.0205340234571
-2,28.0,620.0,0.0218270305286
-2,28.0,630.0,0.0230348784625
-2,28.0,640.0,0.0243708183157
-2,28.0,650.0,0.0253570999065
-2,28.0,660.0,0.0254727621215
-2,28.0,670.0,0.0272433099531
-2,28.0,680.0,0.0277956334793
-2,28.0,690.0,0.0281582962337
-2,28.0,700.0,0.0282636898628
-2,28.0,710.0,0.028319786268
-2,28.0,720.0,0.0278874944794
-2,28.0,730.0,0.0279394656922
-2,28.0,740.0,0.0273712645269
-2,28.0,750.0,0.0271769640061
-2,28.0,760.0,0.0270993275611
-2,28.0,770.0,0.0264100213747
-2,28.0,780.0,0.025928685752
-2,29.0,380.0,0.00784906001
-2,29.0,390.0,0.00800847767315
-2,29.0,400.0,0.0120165038625
-2,29.0,410.0,0.0147530086936
-2,29.0,420.0,0.0155597399337
-2,29.0,430.0,0.0147683120895
-2,29.0,440.0,0.0177057575866
-2,29.0,450.0,0.0199330061634
-2,29.0,460.0,0.0208250510528
-2,29.0,470.0,0.0212945194551
-2,29.0,480.0,0.0217645504868
-2,29.0,490.0,0.0209153499578
-2,29.0,500.0,0.0211739398545
-2,29.0,510.0,0.02123586898
-2,29.0,520.0,0.0202746363398
-2,29.0,530.0,0.0199858598895
-2,29.0,540.0,0.0202204089621
-2,29.0,550.0,0.0201486202202
-2,29.0,560.0,0.0193147432582
-2,29.0,570.0,0.0186422789565
-2,29.0,580.0,0.0193452830359
-2,29.0,590.0,0.0196669324719
-2,29.0,600.0,0.018627852908
-2,29.0,610.0,0.0193333716887
-2,29.0,620.0,0.0205231542821
-2,29.0,630.0,0.0216313900462
-2,29.0,640.0,0.0228587607056
-2,29.0,650.0,0.0237572620529
-2,29.0,660.0,0.0238404496577
-2,29.0,670.0,0.0254722648189
-2,29.0,680.0,0.0259643668003
-2,29.0,690.0,0.0262799180683
-2,29.0,700.0,0.0263563277075
-2,29.0,710.0,0.0263879094116
-2,29.0,720.0,0.0259658762848
-2,29.0,730.0,0.0259960649861
-2,29.0,740.0,0.0254506074201
-2,29.0,750.0,0.0252542591178
-2,29.0,760.0,0.0251671836926
-2,29.0,770.0,0.0245133700318
-2,29.0,780.0,0.0240540572917
-2,30.0,380.0,0.00777483017816
-2,30.0,390.0,0.00791293595316
-2,30.0,400.0,0.0118448176008
-2,30.0,410.0,0.0145086636077
-2,30.0,420.0,0.0152674308958
-2,30.0,430.0,0.0144583798883
-2,30.0,440.0,0.0172952595725
-2,30.0,450.0,0.0194268091757
-2,30.0,460.0,0.0202497215483
-2,30.0,470.0,0.0206584069494
-2,30.0,480.0,0.0210650413306
-2,30.0,490.0,0.0201957614005
-2,30.0,500.0,0.0203975196027
-2,30.0,510.0,0.0204096828205
-2,30.0,520.0,0.0194413833225
-2,30.0,530.0,0.0191214309944
-2,30.0,540.0,0.019304075492
-2,30.0,550.0,0.0191954570627
-2,30.0,560.0,0.0183642729755
-2,30.0,570.0,0.0176911496334
-2,30.0,580.0,0.0183258541296
-2,30.0,590.0,0.0186003381724
-2,30.0,600.0,0.01759021018
-2,30.0,610.0,0.0182304935924
-2,30.0,620.0,0.0193267435815
-2,30.0,630.0,0.020344847762
-2,30.0,640.0,0.0214739497126
-2,30.0,650.0,0.0222932808016
-2,30.0,660.0,0.0223479071042
-2,30.0,670.0,0.0238540285471
-2,30.0,680.0,0.0242922199516
-2,30.0,690.0,0.0245658179739
-2,30.0,700.0,0.0246167869945
-2,30.0,710.0,0.0246269641324
-2,30.0,720.0,0.0242151684589
-2,30.0,730.0,0.0242263540583
-2,30.0,740.0,0.0237023859045
-2,30.0,750.0,0.023504904098
-2,30.0,760.0,0.0234099396251
-2,30.0,770.0,0.0227890475433
-2,30.0,780.0,0.0223503496438
-2,31.0,380.0,0.0076961976812
-2,31.0,390.0,0.00781438964785
-2,31.0,400.0,0.0116709220635
-2,31.0,410.0,0.0142645127236
-2,31.0,420.0,0.0149784935102
-2,31.0,430.0,0.0141547629053
-2,31.0,440.0,0.0168962126026
-2,31.0,450.0,0.018938044276
-2,31.0,460.0,0.0196975246219
-2,31.0,470.0,0.0200511335336
-2,31.0,480.0,0.0204004576658
-2,31.0,490.0,0.0195150615859
-2,31.0,500.0,0.0196659278156
-2,31.0,510.0,0.0196339336438
-2,31.0,520.0,0.0186614690136
-2,31.0,530.0,0.0183146410762
-2,31.0,540.0,0.0184510166165
-2,31.0,550.0,0.0183101386857
-2,31.0,560.0,0.0174832664411
-2,31.0,570.0,0.0168111568173
-2,31.0,580.0,0.0173842049461
-2,31.0,590.0,0.0176165431461
-2,31.0,600.0,0.0166343911802
-2,31.0,610.0,0.0172157841596
-2,31.0,620.0,0.0182271629356
-2,31.0,630.0,0.0191636001034
-2,31.0,640.0,0.020203631088
-2,31.0,650.0,0.0209514641519
-2,31.0,660.0,0.020980977165
-2,31.0,670.0,0.0223730520544
-2,31.0,680.0,0.0227629331044
-2,31.0,690.0,0.0229991432738
-2,31.0,700.0,0.0230277892616
-2,31.0,710.0,0.0230192924628
-2,31.0,720.0,0.0226176598855
-2,31.0,730.0,0.0226122812724
-2,31.0,740.0,0.0221086297457
-2,31.0,750.0,0.0219107872234
-2,31.0,760.0,0.0218092779624
-2,31.0,770.0,0.0212189651127
-2,31.0,780.0,0.0207995837892
-2,32.0,380.0,0.00761392283529
-2,32.0,390.0,0.00771351755018
-2,32.0,400.0,0.0114956634408
-2,32.0,410.0,0.0140213542965
-2,32.0,420.0,0.0146934874316
-2,32.0,430.0,0.0138576987694
-2,32.0,440.0,0.016508519983
-2,32.0,450.0,0.0184661408285
-2,32.0,460.0,0.0191673505251
-2,32.0,470.0,0.0194710115123
-2,32.0,480.0,0.0197684836311
-2,32.0,490.0,0.0188704389144
-2,32.0,500.0,0.0189757102984
-2,32.0,510.0,0.0189045407026
-2,32.0,520.0,0.0179304083139
-2,32.0,530.0,0.017560489189
-2,32.0,540.0,0.0176555999999
-2,32.0,550.0,0.0174864950128
-2,32.0,560.0,0.0166652904476
-2,32.0,570.0,0.0159956088855
-2,32.0,580.0,0.0165129240324
-2,32.0,590.0,0.0167075733302
-2,32.0,600.0,0.0157524395243
-2,32.0,610.0,0.0162806000318
-2,32.0,620.0,0.0172148515691
-2,32.0,630.0,0.0180771828743
-2,32.0,640.0,0.0190363601292
-2,32.0,650.0,0.0197195356691
-2,32.0,660.0,0.0197269755472
-2,32.0,670.0,0.0210154135134
-2,32.0,680.0,0.0213619572655
-2,32.0,690.0,0.0215648234065
-2,32.0,700.0,0.0215738916987
-2,32.0,710.0,0.0215491205808
-2,32.0,720.0,0.0211575369632
-2,32.0,730.0,0.0211377363565
-2,32.0,740.0,0.0206533082482
-2,32.0,750.0,0.0204557581787
-2,32.0,760.0,0.0203488712825
-2,32.0,770.0,0.0197870049837
-2,32.0,780.0,0.0193857453541
-2,33.0,380.0,0.00752866736112
-2,33.0,390.0,0.00761090064254
-2,33.0,400.0,0.0113197504631
-2,33.0,410.0,0.0137798347145
-2,33.0,420.0,0.0144128351007
-2,33.0,430.0,0.01356732108
-2,33.0,440.0,0.0161319965752
-2,33.0,450.0,0.0180104745212
-2,33.0,460.0,0.0186580861875
-2,33.0,470.0,0.0189164080221
-2,33.0,480.0,0.0191669229159
-2,33.0,490.0,0.0182592606637
-2,33.0,500.0,0.0183236612721
-2,33.0,510.0,0.0182177414948
-2,33.0,520.0,0.0172440867078
-2,33.0,530.0,0.0168544061151
-2,33.0,540.0,0.0169126962359
-2,33.0,550.0,0.0167189221057
-2,33.0,560.0,0.0159045154403
-2,33.0,570.0,0.0152384540322
-2,33.0,580.0,0.015705319403
-2,33.0,590.0,0.0158662385505
-2,33.0,600.0,0.0149371900503
-2,33.0,610.0,0.0154171657157
-2,33.0,620.0,0.0162812169164
-2,33.0,630.0,0.0170761998303
-2,33.0,640.0,0.0179618683576
-2,33.0,650.0,0.0185864887216
-2,33.0,660.0,0.0185745377075
-2,33.0,670.0,0.0197686474628
-2,33.0,680.0,0.0200762730659
-2,33.0,690.0,0.0202493796714
-2,33.0,700.0,0.0202412897542
-2,33.0,710.0,0.0202023548335
-2,33.0,720.0,0.0198206768948
-2,33.0,730.0,0.0197883376875
-2,33.0,740.0,0.0193221165833
-2,33.0,750.0,0.0191254108729
-2,33.0,760.0,0.0190141607484
-2,33.0,770.0,0.0184788001752
-2,33.0,780.0,0.0180945641302
-2,34.0,380.0,0.0074410067467
-2,34.0,390.0,0.00750703561877
-2,34.0,400.0,0.0111437751751
-2,34.0,410.0,0.0135404736437
-2,34.0,420.0,0.0141368469955
-2,34.0,430.0,0.013283681416
-2,34.0,440.0,0.0157663920245
-2,34.0,450.0,0.0175703891397
-2,34.0,460.0,0.0181686326184
-2,34.0,470.0,0.0183857566636
-2,34.0,480.0,0.0185937037066
-2,34.0,490.0,0.0176790705676
-2,34.0,500.0,0.0177068132104
-2,34.0,510.0,0.017570073513
-2,34.0,520.0,0.0165987349329
-2,34.0,530.0,0.0161922214028
-2,34.0,540.0,0.0162176374475
-2,34.0,550.0,0.0160023328971
-2,34.0,560.0,0.0151956606828
-2,34.0,570.0,0.0145342201231
-2,34.0,580.0,0.0149553491159
-2,34.0,590.0,0.0150860553204
-2,34.0,600.0,0.0141821894501
-2,34.0,610.0,0.0146184852275
-2,34.0,620.0,0.015418534779
-2,34.0,630.0,0.0161522112772
-2,34.0,640.0,0.016970939567
-2,34.0,650.0,0.0175424514295
-2,34.0,660.0,0.0175134773034
-2,34.0,670.0,0.0186215874106
-2,34.0,680.0,0.0188942242834
-2,34.0,690.0,0.0190407508536
-2,34.0,700.0,0.0190176366049
-2,34.0,710.0,0.0189663955566
-2,34.0,720.0,0.0185944593571
-2,34.0,730.0,0.0185512388197
-2,34.0,740.0,0.0181022817559
-2,34.0,750.0,0.0179068865101
-2,34.0,760.0,0.0177921556401
-2,34.0,770.0,0.0172815352914
-2,34.0,780.0,0.0169133149343
-2,35.0,380.0,0.00735144097031
-2,35.0,390.0,0.0074023463804
-2,35.0,400.0,0.0109682302874
-2,35.0,410.0,0.0133036846671
-2,35.0,420.0,0.0138657419607
-2,35.0,430.0,0.0130067666456
-2,35.0,440.0,0.0154114084632
-2,35.0,450.0,0.0171452123791
-2,35.0,460.0,0.0176979164807
-2,35.0,470.0,0.0178775637007
-2,35.0,480.0,0.0180468787291
-2,35.0,490.0,0.0171275823945
-2,35.0,500.0,0.0171224234315
-2,35.0,510.0,0.0169583536104
-2,35.0,520.0,0.0159909022554
-2,35.0,530.0,0.0155701299516
-2,35.0,540.0,0.0155661763735
-2,35.0,550.0,0.0153321093721
-2,35.0,560.0,0.0145339417465
-2,35.0,570.0,0.0138779576987
-2,35.0,580.0,0.014257555997
-2,35.0,590.0,0.0143611746926
-2,35.0,600.0,0.0134816224967
-2,35.0,610.0,0.0138782603231
-2,35.0,620.0,0.0146198572697
-2,35.0,630.0,0.0152976316995
-2,35.0,640.0,0.0160552962515
-2,35.0,650.0,0.0165785632493
-2,35.0,660.0,0.0165346571515
-2,35.0,670.0,0.017564222657
-2,35.0,680.0,0.0178053667078
-2,35.0,690.0,0.0179281352088
-2,35.0,700.0,0.0178918798395
-2,35.0,710.0,0.0178299689111
-2,35.0,720.0,0.0174675966447
-2,35.0,730.0,0.0174149542276
-2,35.0,740.0,0.0169823880629
-2,35.0,750.0,0.0167886966541
-2,35.0,760.0,0.0166712534415
-2,35.0,770.0,0.0161837679421
-2,35.0,780.0,0.0158306392509
-2,36.0,380.0,0.00726040380905
-2,36.0,390.0,0.00729719383643
-2,36.0,400.0,0.0107935237253
-2,36.0,410.0,0.0130697923022
-2,36.0,420.0,0.0135996636616
-2,36.0,430.0,0.0127365126113
-2,36.0,440.0,0.0150667140477
-2,36.0,450.0,0.0167342672865
-2,36.0,460.0,0.0172448975456
-2,36.0,470.0,0.0173904106059
-2,36.0,480.0,0.0175246222171
-2,36.0,490.0,0.0166026712796
-2,36.0,500.0,0.0165679592002
-2,36.0,510.0,0.0163796567134
-2,36.0,520.0,0.015417429964
-2,36.0,530.0,0.0149846596781
-2,36.0,540.0,0.0149544474358
-2,36.0,550.0,0.0147040576181
-2,36.0,560.0,0.0139150216094
-2,36.0,570.0,0.0132651872872
-2,36.0,580.0,0.0136070076406
-2,36.0,590.0,0.0136863162409
-2,36.0,600.0,0.0128302448084
-2,36.0,610.0,0.013190816212
-2,36.0,620.0,0.0138789294151
-2,36.0,630.0,0.0145056372504
-2,36.0,640.0,0.0152074972022
-2,36.0,650.0,0.0156868639176
-2,36.0,660.0,0.0156298733188
-2,36.0,670.0,0.0165875699003
-2,36.0,680.0,0.0168003328152
-2,36.0,690.0,0.0169018491743
-2,36.0,700.0,0.0168541156167
-2,36.0,710.0,0.0167829768923
-2,36.0,720.0,0.0164299823354
-2,36.0,730.0,0.0163692042096
-2,36.0,740.0,0.0159522218946
-2,36.0,750.0,0.0157605660429
-2,36.0,760.0,0.0156410801427
-2,36.0,770.0,0.0151752703547
-2,36.0,780.0,0.0148363871591
-2,37.0,380.0,0.00716827089383
-2,37.0,390.0,0.00719188424158
-2,37.0,400.0,0.0106199908145
-2,37.0,410.0,0.0128390460244
-2,37.0,420.0,0.0133386938847
-2,37.0,430.0,0.0124728149194
-2,37.0,440.0,0.0147319532383
-2,37.0,450.0,0.0163368803758
-2,37.0,460.0,0.016808573117
-2,37.0,470.0,0.0169229540429
-2,37.0,480.0,0.0170252248889
-2,37.0,490.0,0.0161023638098
-2,37.0,500.0,0.0160410822976
-2,37.0,510.0,0.0158312947773
-2,37.0,520.0,0.0148754258684
-2,37.0,530.0,0.0144326409652
-2,37.0,540.0,0.014378930417
-2,37.0,550.0,0.0141143662867
-2,37.0,560.0,0.0133349658039
-2,37.0,570.0,0.0126918513713
-2,37.0,580.0,0.0129992419634
-2,37.0,590.0,0.0130567083732
-2,37.0,600.0,0.0122233222658
-2,37.0,610.0,0.0125510348092
-2,37.0,620.0,0.0131901144019
-2,37.0,630.0,0.0137700830085
-2,37.0,640.0,0.0144208460931
-2,37.0,650.0,0.0148601944876
-2,37.0,660.0,0.0147917520024
-2,37.0,670.0,0.0156835591785
-2,37.0,680.0,0.015870711716
-2,37.0,690.0,0.0159532021855
-2,37.0,700.0,0.0158954595982
-2,37.0,710.0,0.0158163647358
-2,37.0,720.0,0.015472557647
-2,37.0,730.0,0.0154047780539
-2,37.0,740.0,0.0150026349321
-2,37.0,750.0,0.0148132941517
-2,37.0,760.0,0.0146923497023
-2,37.0,770.0,0.0142468900949
-2,37.0,780.0,0.0139214784292
-2,38.0,380.0,0.00707536668251
-2,38.0,390.0,0.0070866763049
-2,38.0,400.0,0.01044790452
-2,38.0,410.0,0.0126116318704
-2,38.0,420.0,0.0130828633465
-2,38.0,430.0,0.0122155374948
-2,38.0,440.0,0.0144067546364
-2,38.0,450.0,0.015952387341
-2,38.0,460.0,0.0163879803847
-2,38.0,470.0,0.0164739242512
-2,38.0,480.0,0.016547087884
-2,38.0,490.0,0.0156248277266
-2,38.0,500.0,0.0155396338764
-2,38.0,510.0,0.0153107967333
-2,38.0,520.0,0.0143622404406
-2,38.0,530.0,0.0139111784383
-2,38.0,540.0,0.013836417206
-2,38.0,550.0,0.0135595688278
-2,38.0,560.0,0.0127902018606
-2,38.0,570.0,0.0121542711485
-2,38.0,580.0,0.0124302183639
-2,38.0,590.0,0.012468034941
-2,38.0,600.0,0.0116565769577
-2,38.0,610.0,0.0119542953026
-2,38.0,620.0,0.0125483271372
-2,38.0,630.0,0.0130854295597
-2,38.0,640.0,0.0136893104885
-2,38.0,650.0,0.0140921097651
-2,38.0,660.0,0.0140136583999
-2,38.0,670.0,0.014844933184
-2,38.0,680.0,0.0150089432876
-2,38.0,690.0,0.0150743863879
-2,38.0,700.0,0.0150079333404
-2,38.0,710.0,0.0149220042996
-2,38.0,720.0,0.0145871939844
-2,38.0,730.0,0.0145134138668
-2,38.0,740.0,0.0141254240833
-2,38.0,750.0,0.0139386337707
-2,38.0,760.0,0.0138167408553
-2,38.0,770.0,0.013390428043
-2,38.0,780.0,0.0130777808927
-2,39.0,380.0,0.00698197050878
-2,39.0,390.0,0.00698178726595
-2,39.0,400.0,0.0102774840738
-2,39.0,410.0,0.012387682064
-2,39.0,420.0,0.0128321604888
-2,39.0,430.0,0.0119645193567
-2,39.0,440.0,0.0140907369125
-2,39.0,450.0,0.0155801369363
-2,39.0,460.0,0.0159821972606
-2,39.0,470.0,0.0160421223402
-2,39.0,480.0,0.0160887161086
-2,39.0,490.0,0.015168361608
-2,39.0,500.0,0.0150616198831
-2,39.0,510.0,0.0148158896226
-2,39.0,520.0,0.0138754446984
-2,39.0,530.0,0.0134176250749
-2,39.0,540.0,0.0133239815303
-2,39.0,550.0,0.0130365093201
-2,39.0,560.0,0.0122774827905
-2,39.0,570.0,0.0116491077505
-2,39.0,580.0,0.0118962740538
-2,39.0,590.0,0.0119163876211
-2,39.0,600.0,0.0111261390794
-2,39.0,610.0,0.0113964213652
-2,39.0,620.0,0.0119489753336
-2,39.0,630.0,0.0124466779889
-2,39.0,640.0,0.0130074502235
-2,39.0,650.0,0.0133768009705
-2,39.0,660.0,0.0132896163103
-2,39.0,670.0,0.0140651585252
-2,39.0,680.0,0.0142082249554
-2,39.0,690.0,0.014258379609
-2,39.0,700.0,0.0141843644239
-2,39.0,710.0,0.0140925916251
-2,39.0,720.0,0.0137665898393
-2,39.0,730.0,0.0136876931527
-2,39.0,740.0,0.0133132262223
-2,39.0,750.0,0.0131291846139
-2,39.0,760.0,0.0130067892286
-2,39.0,770.0,0.0125985315887
-2,39.0,780.0,0.0122980040314
-2,40.0,380.0,0.00688832187412
-2,40.0,390.0,0.00687739814332
-2,40.0,400.0,0.0101089023359
-2,40.0,410.0,0.01216728312
-2,40.0,420.0,0.0125865387614
-2,40.0,430.0,0.0117195800924
-2,40.0,440.0,0.0137835133844
-2,40.0,450.0,0.0152194936291
-2,40.0,460.0,0.0155903422811
-2,40.0,470.0,0.0156264170282
-2,40.0,480.0,0.0156487114623
-2,40.0,490.0,0.014731384897
-2,40.0,500.0,0.0146051973249
-2,40.0,510.0,0.014344481093
-2,40.0,520.0,0.0134128098945
-2,40.0,530.0,0.0129495586032
-2,40.0,540.0,0.012838951515
-2,40.0,550.0,0.0125423116306
-2,40.0,560.0,0.0117938542418
-2,40.0,570.0,0.01117332747
-2,40.0,580.0,0.0113940849951
-2,40.0,590.0,0.0113982234015
-2,40.0,600.0,0.0106285040597
-2,40.0,610.0,0.0108736341717
-2,40.0,620.0,0.0113879071411
-2,40.0,630.0,0.0118493121641
-2,40.0,640.0,0.0123703538846
-2,40.0,650.0,0.0127090272143
-2,40.0,660.0,0.0126142369598
-2,40.0,670.0,0.0133383472324
-2,40.0,680.0,0.0134624292973
-2,40.0,690.0,0.013498859656
-2,40.0,700.0,0.0134182982973
-2,40.0,710.0,0.0133215565679
-2,40.0,720.0,0.0130041798894
-2,40.0,730.0,0.0129209479194
-2,40.0,740.0,0.0125594254804
-2,40.0,750.0,0.0123782996598
-2,40.0,760.0,0.0122557924084
-2,40.0,770.0,0.011864600687
-2,40.0,780.0,0.0115756054184
-2,41.0,380.0,0.0067946252304
-2,41.0,390.0,0.00677365843612
-2,41.0,400.0,0.00994229234072
-2,41.0,410.0,0.0119504830071
-2,41.0,420.0,0.012345923022
-2,41.0,430.0,0.0114805246377
-2,41.0,440.0,0.013484695981
-2,41.0,450.0,0.0148698398458
-2,41.0,460.0,0.0152115744231
-2,41.0,470.0,0.0152257416797
-2,41.0,480.0,0.0152257667939
-2,41.0,490.0,0.0143124290682
-2,41.0,500.0,0.0141686621511
-2,41.0,510.0,0.0138946439946
-2,41.0,520.0,0.0129722896789
-2,41.0,530.0,0.0125047608036
-2,41.0,540.0,0.0123788856529
-2,41.0,550.0,0.0120743524379
-2,41.0,560.0,0.0113366258027
-2,41.0,570.0,0.0107241714022
-2,41.0,580.0,0.0109206318206
-2,41.0,590.0,0.0109103274976
-2,41.0,600.0,0.0101604951682
-2,41.0,610.0,0.0103825114278
-2,41.0,620.0,0.0108613654838
-2,41.0,630.0,0.0112892484126
-2,41.0,640.0,0.0117735834272
-2,41.0,650.0,0.0120840557506
-2,41.0,660.0,0.0119826569451
-2,41.0,670.0,0.0126591883168
-2,41.0,680.0,0.0127660321978
-2,41.0,690.0,0.0127901295826
-2,41.0,700.0,0.0127039214002
-2,41.0,710.0,0.0126029839857
-2,41.0,720.0,0.0122940557169
-2,41.0,730.0,0.0122071796495
-2,41.0,740.0,0.0118580723742
-2,41.0,750.0,0.011680003443
-2,41.0,760.0,0.0115577271153
-2,41.0,770.0,0.0111827058883
-2,41.0,780.0,0.0109047090777
-2,42.0,380.0,0.00670105477552
-2,42.0,390.0,0.00667069085684
-2,42.0,400.0,0.00977775395708
-2,42.0,410.0,0.0117372985719
-2,42.0,420.0,0.0121102163805
-2,42.0,430.0,0.0112471486739
-2,42.0,440.0,0.013193900213
-2,42.0,450.0,0.0145305796954
-2,42.0,460.0,0.0148450948544
-2,42.0,470.0,0.0148390937566
-2,42.0,480.0,0.0148186627901
-2,42.0,490.0,0.013910132093
-2,42.0,500.0,0.0137504409703
-2,42.0,510.0,0.0134646053346
-2,42.0,520.0,0.0125520069202
-2,42.0,530.0,0.0120812018871
-2,42.0,540.0,0.0119415544095
-2,42.0,550.0,0.0116302403591
-2,42.0,560.0,0.0109033486088
-2,42.0,570.0,0.0102991316007
-2,42.0,580.0,0.0104731729297
-2,42.0,590.0,0.0104497839212
-2,42.0,600.0,0.00971923367885
-2,42.0,610.0,0.00991995454447
-2,42.0,620.0,0.0103659513428
-2,42.0,630.0,0.0107627949198
-2,42.0,640.0,0.0112131293574
-2,42.0,650.0,0.0114976134894
-2,42.0,660.0,0.011390487736
-2,42.0,670.0,0.0120228919404
-2,42.0,680.0,0.0121140541043
-2,42.0,690.0,0.0121270564499
-2,42.0,700.0,0.0120359980372
-2,42.0,710.0,0.0119315488976
-2,42.0,720.0,0.011630900462
-2,42.0,730.0,0.0115409923985
-2,42.0,740.0,0.0112038169227
-2,42.0,750.0,0.0110289243751
-2,42.0,760.0,0.0109071804951
-2,42.0,770.0,0.0105475202431
-2,42.0,780.0,0.0102800375718
-2,43.0,380.0,0.0066077609438
-2,43.0,390.0,0.00656859793146
-2,43.0,400.0,0.00961536358808
-2,43.0,410.0,0.0115277270289
-2,43.0,420.0,0.0118793117294
-2,43.0,430.0,0.0110192488904
-2,43.0,440.0,0.0129107565253
-2,43.0,450.0,0.0142011505514
-2,43.0,460.0,0.0144901576399
-2,43.0,470.0,0.0144655442554
-2,43.0,480.0,0.0144262759288
-2,43.0,490.0,0.0135232444312
-2,43.0,500.0,0.0133490953306
-2,43.0,510.0,0.0130527487528
-2,43.0,520.0,0.012150254332
-2,43.0,530.0,0.0116770393123
-2,43.0,540.0,0.0115249373209
-2,43.0,550.0,0.0112078113668
-2,43.0,560.0,0.0104918093531
-2,43.0,570.0,0.0098959437899
-2,43.0,580.0,0.0100492354741
-2,43.0,590.0,0.0100139647751
-2,43.0,600.0,0.00930212718461
-2,43.0,610.0,0.00948317507126
-2,43.0,620.0,0.00989860788875
-2,43.0,630.0,0.0102666334736
-2,43.0,640.0,0.0106853898699
-2,43.0,650.0,0.0109458637173
-2,43.0,660.0,0.0108337907427
-2,43.0,670.0,0.0114251611468
-2,43.0,680.0,0.0115020295882
-2,43.0,690.0,0.0115050389189
-2,43.0,700.0,0.0114098363169
-2,43.0,710.0,0.0113024808657
-2,43.0,720.0,0.0110099523262
-2,43.0,730.0,0.0109175548473
-2,43.0,740.0,0.0105918701629
-2,43.0,750.0,0.0104202552777
-2,43.0,760.0,0.01029930954
-2,43.0,770.0,0.00995427860617
-2,43.0,780.0,0.00969687096541
-2,44.0,380.0,0.00651488660081
-2,44.0,390.0,0.0064674791664
-2,44.0,400.0,0.00945520075369
-2,44.0,410.0,0.011321779502
-2,44.0,420.0,0.011653128029
-2,44.0,430.0,0.0107966582667
-2,44.0,440.0,0.0126349535902
-2,44.0,450.0,0.0138810729625
-2,44.0,460.0,0.0141461230536
-2,44.0,470.0,0.014104293572
-2,44.0,480.0,0.0140476367725
-2,44.0,490.0,0.0131506864418
-2,44.0,500.0,0.0129633810427
-2,44.0,510.0,0.0126576752736
-2,44.0,520.0,0.0117655537181
-2,44.0,530.0,0.0112906770665
-2,44.0,540.0,0.0111272842028
-2,44.0,550.0,0.0108051908812
-2,44.0,560.0,0.0101000907571
-2,44.0,570.0,0.00951264655178
-2,44.0,580.0,0.0096466776341
-2,44.0,590.0,0.00960059364328
-2,44.0,600.0,0.00890692915247
-2,44.0,610.0,0.00906975624677
-2,44.0,620.0,0.0094566854517
-2,44.0,630.0,0.00979788733501
-2,44.0,640.0,0.0101872418065
-2,44.0,650.0,0.0104254789017
-2,44.0,660.0,0.0103091492898
-2,44.0,670.0,0.0108622675064
-2,44.0,680.0,0.0109260830684
-2,44.0,690.0,0.0109200824047
-2,44.0,700.0,0.010821361968
-2,44.0,710.0,0.0107116362815
-2,44.0,720.0,0.0104270740696
-2,44.0,730.0,0.0103326682094
-2,44.0,740.0,0.0100180689737
-2,44.0,750.0,0.00984981604941
-2,44.0,760.0,0.00972990185707
-2,44.0,770.0,0.00939883519242
-2,44.0,780.0,0.00915110171434
-2,45.0,380.0,0.00642266343115
-2,45.0,390.0,0.00636753479931
-2,45.0,400.0,0.0092975117914
-2,45.0,410.0,0.0111196920604
-2,45.0,420.0,0.0114318440796
-2,45.0,430.0,0.0105794792046
-2,45.0,440.0,0.0123665320411
-2,45.0,450.0,0.0135702986653
-2,45.0,460.0,0.01381283974
-2,45.0,470.0,0.0137550832132
-2,45.0,480.0,0.0136823715208
-2,45.0,490.0,0.0127919950185
-2,45.0,500.0,0.0125927218255
-2,45.0,510.0,0.0122787005385
-2,45.0,520.0,0.0113971523623
-2,45.0,530.0,0.0109212738295
-2,45.0,540.0,0.010747650682
-2,45.0,550.0,0.0104213475704
-2,45.0,560.0,0.00972712069524
-2,45.0,570.0,0.00914812789649
-2,45.0,580.0,0.00926427261777
-2,45.0,590.0,0.00920835032979
-2,45.0,600.0,0.00853231779068
-2,45.0,610.0,0.00867826139782
-2,45.0,620.0,0.00903859438431
-2,45.0,630.0,0.00935481473585
-2,45.0,640.0,0.00971677788093
-2,45.0,650.0,0.00993440991155
-2,45.0,660.0,0.00981444213982
-2,45.0,670.0,0.0103318781886
-2,45.0,680.0,0.0103837712842
-2,45.0,690.0,0.0103696501622
-2,45.0,700.0,0.0102679694172
-2,45.0,710.0,0.0101563471424
-2,45.0,720.0,0.00987958427906
-2,45.0,730.0,0.00978359395965
-2,45.0,740.0,0.0094796815133
-2,45.0,750.0,0.00931484758442
-2,45.0,760.0,0.00919616116476
-2,45.0,770.0,0.00887842283453
-2,45.0,780.0,0.0086399737567
-2,46.0,380.0,0.0063300463688
-2,46.0,390.0,0.00626766652492
-2,46.0,400.0,0.00914060902025
-2,46.0,410.0,0.0109193556492
-2,46.0,420.0,0.0112132098269
-2,46.0,430.0,0.0103655651838
-2,46.0,440.0,0.0121029219511
-2,46.0,450.0,0.0132659564952
-2,46.0,460.0,0.0134873503857
-2,46.0,470.0,0.0134149486319
-2,46.0,480.0,0.013327529796
-2,46.0,490.0,0.0124444225545
-2,46.0,500.0,0.0122344393706
-2,46.0,510.0,0.0119132510355
-2,46.0,520.0,0.0110427073345
-2,46.0,530.0,0.0105666410181
-2,46.0,540.0,0.0103839441189
-2,46.0,550.0,0.0100543199993
-2,46.0,560.0,0.00937113811223
-2,46.0,570.0,0.00880080231898
-2,46.0,580.0,0.00890049158388
-2,46.0,590.0,0.00883578724526
-2,46.0,600.0,0.00817701633806
-2,46.0,610.0,0.00830744996626
-2,46.0,620.0,0.00864309788438
-2,46.0,630.0,0.00893618902385
-2,46.0,640.0,0.00927277416632
-2,46.0,650.0,0.00947145210057
-2,46.0,660.0,0.00934852085034
-2,46.0,670.0,0.0098328225877
-2,46.0,680.0,0.00987395158909
-2,46.0,690.0,0.00985263029693
-2,46.0,700.0,0.00974858157738
-2,46.0,710.0,0.00963556786179
-2,46.0,720.0,0.00936648104799
-2,46.0,730.0,0.00926935056337
-2,46.0,740.0,0.00897576404398
-2,46.0,750.0,0.00881442673431
-2,46.0,760.0,0.00869717577419
-2,46.0,770.0,0.00839215910069
-2,46.0,780.0,0.00816262444233
-2,47.0,380.0,0.00623760447442
-2,47.0,390.0,0.00616872134555
-2,47.0,400.0,0.00898615425661
-2,47.0,410.0,0.0107232813795
-2,47.0,420.0,0.0110003623384
-2,47.0,430.0,0.0101583503387
-2,47.0,440.0,0.011848778351
-2,47.0,450.0,0.0129738819832
-2,47.0,460.0,0.0131763549027
-2,47.0,470.0,0.0130913445879
-2,47.0,480.0,0.0129913149361
-2,47.0,490.0,0.012116403546
-2,47.0,500.0,0.0118975886513
-2,47.0,510.0,0.0115708995669
-2,47.0,520.0,0.0107118025687
-2,47.0,530.0,0.0102366037611
-2,47.0,540.0,0.0100464909364
-2,47.0,550.0,0.00971474424792
-2,47.0,560.0,0.0090426361927
-2,47.0,570.0,0.00848105343485
-2,47.0,580.0,0.00856633080651
-2,47.0,590.0,0.00849416718828
-2,47.0,600.0,0.00785170231055
-2,47.0,610.0,0.00796842434606
-2,47.0,620.0,0.00828198225102
-2,47.0,630.0,0.00855440296538
-2,47.0,640.0,0.00886827384368
-2,47.0,650.0,0.00905008443579
-2,47.0,660.0,0.00892481443583
-2,47.0,670.0,0.00937932975973
-2,47.0,680.0,0.00941099139314
-2,47.0,690.0,0.00938341419238
-2,47.0,700.0,0.0092774705455
-2,47.0,710.0,0.00916341807689
-2,47.0,720.0,0.00890148502351
-2,47.0,730.0,0.00880349558746
-2,47.0,740.0,0.00851941121594
-2,47.0,750.0,0.00836136789039
-2,47.0,760.0,0.00824553267749
-2,47.0,770.0,0.00795212586538
-2,47.0,780.0,0.00773073580354
-2,48.0,380.0,0.00614557509241
-2,48.0,390.0,0.00607066977419
-2,48.0,400.0,0.00883372256579
-2,48.0,410.0,0.0105305120913
-2,48.0,420.0,0.010791867536
-2,48.0,430.0,0.00995609891751
-2,48.0,440.0,0.0116016003436
-2,48.0,450.0,0.012690827135
-2,48.0,460.0,0.0128760309148
-2,48.0,470.0,0.0127799784552
-2,48.0,480.0,0.0126689539304
-2,48.0,490.0,0.0118030432487
-2,48.0,500.0,0.011576910976
-2,48.0,510.0,0.0112461076197
-2,48.0,520.0,0.0103989335877
-2,48.0,530.0,0.00992552559932
-2,48.0,540.0,0.00972943246383
-2,48.0,550.0,0.00939664470316
-2,48.0,560.0,0.00873577275206
-2,48.0,570.0,0.00818314972048
-2,48.0,580.0,0.00825581066412
-2,48.0,590.0,0.00817744131253
-2,48.0,600.0,0.00755066449825
-2,48.0,610.0,0.00765531013039
-2,48.0,620.0,0.007949079213
-2,48.0,630.0,0.00820302311293
-2,48.0,640.0,0.00849655401136
-2,48.0,650.0,0.00866339663674
-2,48.0,660.0,0.00853646392401
-2,48.0,670.0,0.00896415258352
-2,48.0,680.0,0.0089875842592
-2,48.0,690.0,0.00895468606174
-2,48.0,700.0,0.00884737850907
-2,48.0,710.0,0.00873270733603
-2,48.0,720.0,0.00847759389545
-2,48.0,730.0,0.00837909138187
-2,48.0,740.0,0.00810389917015
-2,48.0,750.0,0.0079490644984
-2,48.0,760.0,0.00783471430563
-2,48.0,770.0,0.00755203598297
-2,48.0,780.0,0.00733819549671
-2,49.0,380.0,0.00605710431262
-2,49.0,390.0,0.00597682502928
-2,49.0,400.0,0.00868841073367
-2,49.0,410.0,0.0103474282481
-2,49.0,420.0,0.0105945536374
-2,49.0,430.0,0.00976536204379
-2,49.0,440.0,0.0113693047755
-2,49.0,450.0,0.0124257435282
-2,49.0,460.0,0.0125957652861
-2,49.0,470.0,0.0124904341598
-2,49.0,480.0,0.0123702580049
-2,49.0,490.0,0.0115137125079
-2,49.0,500.0,0.011281877148
-2,49.0,510.0,0.0109483334689
-2,49.0,520.0,0.0101130667953
-2,49.0,530.0,0.00964228026648
-2,49.0,540.0,0.0094416619038
-2,49.0,550.0,0.00910882713281
-2,49.0,560.0,0.00845896025251
-2,49.0,570.0,0.00791520587592
-2,49.0,580.0,0.00797714592953
-2,49.0,590.0,0.00789362941598
-2,49.0,600.0,0.00728136846265
-2,49.0,610.0,0.0073754734466
-2,49.0,620.0,0.00765173798626
-2,49.0,630.0,0.007889361802
-2,49.0,640.0,0.00816487058419
-2,49.0,650.0,0.00831847763772
-2,49.0,660.0,0.00819016912381
-2,49.0,670.0,0.00859401252831
-2,49.0,680.0,0.00861017422235
-2,49.0,690.0,0.00857259218555
-2,49.0,700.0,0.00846410183322
-2,49.0,710.0,0.00834891584278
-2,49.0,720.0,0.00809990362951
-2,49.0,730.0,0.00800094318363
-2,49.0,740.0,0.00773367796571
-2,49.0,750.0,0.00758170320247
-2,49.0,760.0,0.00746863760521
-2,49.0,770.0,0.00719549322401
-2,49.0,780.0,0.00698836274313
-2,50.0,380.0,0.00597064307504
-2,50.0,390.0,0.005885380874
-2,50.0,400.0,0.00854717724567
-2,50.0,410.0,0.010169889442
-2,50.0,420.0,0.0104036185073
-2,50.0,430.0,0.00958115739103
-2,50.0,440.0,0.0111453917715
-2,50.0,450.0,0.0121707007876
-2,50.0,460.0,0.0123266073354
-2,50.0,470.0,0.0122128689492
-2,50.0,480.0,0.0120844300567
-2,50.0,490.0,0.0112373387683
-2,50.0,500.0,0.0110005463933
-2,50.0,510.0,0.0106648754859
-2,50.0,520.0,0.00984139865898
-2,50.0,530.0,0.00937353567446
-2,50.0,540.0,0.00916905070302
-2,50.0,550.0,0.0088365787146
-2,50.0,560.0,0.00819749339446
-2,50.0,570.0,0.00766245618534
-2,50.0,580.0,0.0077146142809
-2,50.0,590.0,0.00762655114183
-2,50.0,600.0,0.00702821605544
-2,50.0,610.0,0.00711267140424
-2,50.0,620.0,0.00737275424339
-2,50.0,630.0,0.00759531900562
-2,50.0,640.0,0.00785418351559
-2,50.0,650.0,0.00799563680405
-2,50.0,660.0,0.00786627030386
-2,50.0,670.0,0.00824804084915
-2,50.0,680.0,0.00825762773614
-2,50.0,690.0,0.00821588003411
-2,50.0,700.0,0.00810648321978
-2,50.0,710.0,0.00799100263105
-2,50.0,720.0,0.00774785200862
-2,50.0,730.0,0.0076486270355
-2,50.0,740.0,0.00738889617585
-2,50.0,750.0,0.0072397233778
-2,50.0,760.0,0.00712798572943
-2,50.0,770.0,0.0068638332021
-2,50.0,780.0,0.00666305409685
-2,51.0,380.0,0.00588642243683
-2,51.0,390.0,0.00579654521802
-2,51.0,400.0,0.00841029372871
-2,51.0,410.0,0.00999818108647
-2,51.0,420.0,0.0102193134854
-2,51.0,430.0,0.00940367698393
-2,51.0,440.0,0.0109300361959
-2,51.0,450.0,0.0119258333134
-2,51.0,460.0,0.0120686325904
-2,51.0,470.0,0.0119472929306
-2,51.0,480.0,0.0118114131507
-2,51.0,490.0,0.0109738014978
-2,51.0,500.0,0.0107327322475
-2,51.0,510.0,0.0103954828516
-2,51.0,520.0,0.00958362986566
-2,51.0,530.0,0.00911894228808
-2,51.0,540.0,0.00891118937516
-2,51.0,550.0,0.00857943903003
-2,51.0,560.0,0.00795088381753
-2,51.0,570.0,0.00742438708501
-2,51.0,580.0,0.00746763602777
-2,51.0,590.0,0.00737556810394
-2,51.0,600.0,0.006790562842
-2,51.0,610.0,0.00686618969641
-2,51.0,620.0,0.00711132182466
-2,51.0,630.0,0.00731999822375
-2,51.0,640.0,0.00756349765504
-2,51.0,650.0,0.00769379316715
-2,51.0,660.0,0.0075636386843
-2,51.0,670.0,0.00792498643247
-2,51.0,680.0,0.00792862630432
-2,51.0,690.0,0.00788317397154
-2,51.0,700.0,0.00777310355157
-2,51.0,710.0,0.00765751010325
-2,51.0,720.0,0.00741997050114
-2,51.0,730.0,0.00732063958737
-2,51.0,740.0,0.00706805184819
-2,51.0,750.0,0.00692160655434
-2,51.0,760.0,0.00681121736858
-2,51.0,770.0,0.00655552946907
-2,51.0,780.0,0.00636074893629
-2,52.0,380.0,0.00580445982505
-2,52.0,390.0,0.00571030902357
-2,52.0,400.0,0.00827770843308
-2,52.0,410.0,0.00983219461018
-2,52.0,420.0,0.0100414777802
-2,52.0,430.0,0.00923272488623
-2,52.0,440.0,0.0107229513981
-2,52.0,450.0,0.0116907598335
-2,52.0,460.0,0.0118213811525
-2,52.0,470.0,0.0116931722791
-2,52.0,480.0,0.0115505964754
-2,52.0,490.0,0.010722450708
-2,52.0,500.0,0.0104777133105
-2,52.0,510.0,0.0101393691589
-2,52.0,520.0,0.0093389506233
-2,52.0,530.0,0.008877645275
-2,52.0,540.0,0.00866715760065
-2,52.0,550.0,0.00833643795939
-2,52.0,560.0,0.00771815301373
-2,52.0,570.0,0.00720000967035
-2,52.0,580.0,0.00723514215644
-2,52.0,590.0,0.00713955443308
-2,52.0,600.0,0.00656730768485
-2,52.0,610.0,0.00663485222076
-2,52.0,620.0,0.00686615941515
-2,52.0,630.0,0.00706201654932
-2,52.0,640.0,0.00729131969003
-2,52.0,650.0,0.00741136364081
-2,52.0,660.0,0.00728065638316
-2,52.0,670.0,0.00762309142008
-2,52.0,680.0,0.00762135013747
-2,52.0,690.0,0.00757260552995
-2,52.0,700.0,0.00746206393383
-2,52.0,710.0,0.00734651362756
-2,52.0,720.0,0.00711434360714
-2,52.0,730.0,0.00701504271985
-2,52.0,740.0,0.00676922884568
-2,52.0,750.0,0.00662543401875
-2,52.0,760.0,0.00651640395851
-2,52.0,770.0,0.00626868860909
-2,52.0,780.0,0.00607957568381
-2,53.0,380.0,0.00572474503678
-2,53.0,390.0,0.00562663714404
-2,53.0,400.0,0.00814933359683
-2,53.0,410.0,0.00967178114264
-2,53.0,420.0,0.00986991226621
-2,53.0,430.0,0.00906807277962
-2,53.0,440.0,0.0105238167619
-2,53.0,450.0,0.0114650664072
-2,53.0,460.0,0.0115843648568
-2,53.0,470.0,0.0114499503987
-2,53.0,480.0,0.0113013521464
-2,53.0,490.0,0.0104826261176
-2,53.0,500.0,0.0102347637852
-2,53.0,510.0,0.00989574958765
-2,53.0,520.0,0.00910655830703
-2,53.0,530.0,0.00864880202999
-2,53.0,540.0,0.0084360527484
-2,53.0,550.0,0.00810662801333
-2,53.0,560.0,0.00749834867251
-2,53.0,570.0,0.00698836437865
-2,53.0,580.0,0.007016098642
-2,53.0,590.0,0.00691742466692
-2,53.0,600.0,0.00635739165758
-2,53.0,610.0,0.00641753121161
-2,53.0,620.0,0.00663604180143
-2,53.0,630.0,0.00682005490263
-2,53.0,640.0,0.00703622856765
-2,53.0,650.0,0.00714684495355
-2,53.0,660.0,0.00701579007006
-2,53.0,670.0,0.00734069286825
-2,53.0,680.0,0.00733408059195
-2,53.0,690.0,0.00728241281099
-2,53.0,700.0,0.00717157638869
-2,53.0,710.0,0.007056203392
-2,53.0,720.0,0.00682917232857
-2,53.0,730.0,0.00673001835991
-2,53.0,740.0,0.00649063166991
-2,53.0,750.0,0.00634940967282
-2,53.0,760.0,0.00624174203555
-2,53.0,770.0,0.00600154167166
-2,53.0,780.0,0.0058177872663
-2,54.0,380.0,0.00564726236602
-2,54.0,390.0,0.00554549079621
-2,54.0,400.0,0.00802507893855
-2,54.0,410.0,0.00951679230942
-2,54.0,420.0,0.00970442214379
-2,54.0,430.0,0.00890950010311
-2,54.0,440.0,0.0103323254273
-2,54.0,450.0,0.0112483597177
-2,54.0,460.0,0.0113571225621
-2,54.0,470.0,0.0112171040588
-2,54.0,480.0,0.0110630923098
-2,54.0,490.0,0.0102537117083
-2,54.0,500.0,0.0100032085402
-2,54.0,510.0,0.00966389598248
-2,54.0,520.0,0.00888570991374
-2,54.0,530.0,0.00843163401363
-2,54.0,540.0,0.00821704224666
-2,54.0,550.0,0.0078891365403
-2,54.0,560.0,0.0072905948315
-2,54.0,570.0,0.00678856956614
-2,54.0,580.0,0.00680955646154
-2,54.0,590.0,0.0067081836139
-2,54.0,600.0,0.00615984473528
-2,54.0,610.0,0.0062131945085
-2,54.0,620.0,0.00641984859116
-2,54.0,630.0,0.00659290797627
-2,54.0,640.0,0.00679692672951
-2,54.0,650.0,0.00689886536941
-2,54.0,660.0,0.00676764141636
-2,54.0,670.0,0.00707627509518
-2,54.0,680.0,0.00706525202548
-2,54.0,690.0,0.00701099153091
-2,54.0,700.0,0.00690001361413
-2,54.0,710.0,0.00678493289715
-2,54.0,720.0,0.00656282062988
-2,54.0,730.0,0.00646391372831
-2,54.0,740.0,0.00623062861149
-2,54.0,750.0,0.00609190177166
-2,54.0,760.0,0.00598559367224
-2,54.0,770.0,0.00575248253034
-2,54.0,780.0,0.00557379783321
-2,55.0,380.0,0.00557199546289
-2,55.0,390.0,0.00546683235215
-2,55.0,400.0,0.00790485857801
-2,55.0,410.0,0.00936708837972
-2,55.0,420.0,0.00954482514862
-2,55.0,430.0,0.00875680147028
-2,55.0,440.0,0.0101481927223
-2,55.0,450.0,0.0110402760304
-2,55.0,460.0,0.0111392289488
-2,55.0,470.0,0.0109941517994
-2,55.0,480.0,0.0108352771404
-2,55.0,490.0,0.010035142821
-2,55.0,500.0,0.00978242972022
-2,55.0,510.0,0.00944314291223
-2,55.0,520.0,0.00867572730763
-2,55.0,530.0,0.00822543144739
-2,55.0,540.0,0.00800936782741
-2,55.0,550.0,0.00768316948578
-2,55.0,560.0,0.00709409506259
-2,55.0,570.0,0.00659982421213
-2,55.0,580.0,0.00661465393634
-2,55.0,590.0,0.00651092818819
-2,55.0,600.0,0.00597378710424
-2,55.0,610.0,0.00602090637948
-2,55.0,620.0,0.0062165645028
-2,55.0,630.0,0.00637948396747
-2,55.0,640.0,0.0065722392329
-2,55.0,650.0,0.00666618318702
-2,55.0,660.0,0.00653494503169
-2,55.0,670.0,0.00682846689805
-2,55.0,680.0,0.00681344840288
-2,55.0,690.0,0.00675689105131
-2,55.0,700.0,0.00664590448481
-2,55.0,710.0,0.00653121396766
-2,55.0,720.0,0.00631381007509
-2,55.0,730.0,0.00621523552591
-2,55.0,740.0,0.0059877456524
-2,55.0,750.0,0.00585143649258
-2,55.0,760.0,0.00574647968131
-2,55.0,770.0,0.00552006091567
-2,55.0,780.0,0.00534617560462
-2,56.0,380.0,0.00549892866908
-2,56.0,390.0,0.00539062654095
-2,56.0,400.0,0.00778859258743
-2,56.0,410.0,0.00922253985049
-2,56.0,420.0,0.00939095287175
-2,56.0,430.0,0.00860978757579
-2,56.0,440.0,0.00997115681774
-2,56.0,450.0,0.0108404814251
-2,56.0,460.0,0.0109302942136
-2,56.0,470.0,0.010780653039
-2,56.0,480.0,0.0106174133263
-2,56.0,490.0,0.00982640410302
-2,56.0,500.0,0.00957186406406
-2,56.0,510.0,0.00923288437272
-2,56.0,520.0,0.00847599349662
-2,56.0,530.0,0.00802954909384
-2,56.0,540.0,0.00781234070648
-2,56.0,550.0,0.00748800606155
-2,56.0,560.0,0.00690812687802
-2,56.0,570.0,0.00642140207632
-2,56.0,580.0,0.00643061021808
-2,56.0,590.0,0.00632484034961
-2,56.0,600.0,0.0057984220944
-2,56.0,610.0,0.00583981979503
-2,56.0,620.0,0.00602527076625
-2,56.0,630.0,0.00617879512077
-2,56.0,640.0,0.00636110336107
-2,56.0,650.0,0.00644767555404
-2,56.0,660.0,0.00631655687258
-2,56.0,670.0,0.00659602879634
-2,56.0,680.0,0.00657738993497
-2,56.0,690.0,0.00651880051428
-2,56.0,700.0,0.00640791982153
-2,56.0,710.0,0.00629370219896
-2,56.0,720.0,0.00608080522319
-2,56.0,730.0,0.00598263504042
-2,56.0,740.0,0.00576065163612
-2,56.0,750.0,0.00562668298679
-2,56.0,760.0,0.00552306449253
-2,56.0,770.0,0.00530296747946
-2,56.0,780.0,0.00513362802805
-2,57.0,380.0,0.00542804737557
-2,57.0,390.0,0.00531684066569
-2,57.0,400.0,0.00767620708859
-2,57.0,410.0,0.00908302727651
-2,57.0,420.0,0.00924265026445
-2,57.0,430.0,0.00846828441351
-2,57.0,440.0,0.00980097740025
-2,57.0,450.0,0.0106486698415
-2,57.0,460.0,0.0107299615288
-2,57.0,470.0,0.0105762049462
-2,57.0,480.0,0.0104090503146
-2,57.0,490.0,0.00962702535136
-2,57.0,500.0,0.00937099813436
-2,57.0,510.0,0.00903256843649
-2,57.0,520.0,0.00828594698646
-2,57.0,530.0,0.00784340016981
-2,57.0,540.0,0.00762533490872
-2,57.0,550.0,0.00730299159588
-2,57.0,560.0,0.0067320344167
-2,57.0,570.0,0.00625264421531
-2,57.0,580.0,0.00625671711238
-2,57.0,590.0,0.00614917841393
-2,57.0,600.0,0.00563302761168
-2,57.0,610.0,0.0056691672114
-2,57.0,620.0,0.00584513501619
-2,57.0,630.0,0.00598994675618
-2,57.0,640.0,0.00616255671249
-2,57.0,650.0,0.0062423257794
-2,57.0,660.0,0.00611144121844
-2,57.0,670.0,0.00637783882386
-2,57.0,680.0,0.00635591831566
-2,57.0,690.0,0.00629553363288
-2,57.0,700.0,0.00618485688551
-2,57.0,710.0,0.00607118119567
-2,57.0,720.0,0.00586259789894
-2,57.0,730.0,0.00576489219165
-2,57.0,740.0,0.00554814245717
-2,57.0,750.0,0.00541643751368
-2,57.0,760.0,0.00531414017305
-2,57.0,770.0,0.0051000180769
-2,57.0,780.0,0.00493498621467
-2,58.0,380.0,0.00535933805918
-2,58.0,390.0,0.00524544450772
-2,58.0,400.0,0.00756763390543
-2,58.0,410.0,0.00894844058733
-2,58.0,420.0,0.00909977463859
-2,58.0,430.0,0.00833213205273
-2,58.0,440.0,0.00963743386131
-2,58.0,450.0,0.0104645606374
-2,58.0,460.0,0.0105379040525
-2,58.0,470.0,0.0103804389183
-2,58.0,480.0,0.0102097762238
-2,58.0,490.0,0.00943657710369
-2,58.0,500.0,0.00917936336211
-2,58.0,510.0,0.00884169178775
-2,58.0,520.0,0.00810507609319
-2,58.0,530.0,0.00766645028288
-2,58.0,540.0,0.00744778068274
-2,58.0,550.0,0.00712753053621
-2,58.0,560.0,0.00656522133464
-2,58.0,570.0,0.00609295174936
-2,58.0,580.0,0.00609233121866
-2,58.0,590.0,0.00598326874433
-2,58.0,600.0,0.00547694798166
-2,58.0,610.0,0.00550825183611
-2,58.0,620.0,0.00567540175632
-2,58.0,630.0,0.00581212695686
-2,58.0,640.0,0.00597572604628
-2,58.0,650.0,0.00604921148966
-2,58.0,660.0,0.00591865855003
-2,58.0,670.0,0.00617287934156
-2,58.0,680.0,0.00614798305394
-2,58.0,690.0,0.00608601464196
-2,58.0,700.0,0.00597562508617
-2,58.0,710.0,0.0058625480721
-2,58.0,720.0,0.00565809274992
-2,58.0,730.0,0.00556090090677
-2,58.0,740.0,0.00534912659177
-2,58.0,750.0,0.00521960894215
-2,58.0,760.0,0.00511861184624
-2,58.0,770.0,0.00491013944334
-2,58.0,780.0,0.00474919077387
-2,59.0,380.0,0.00529278821382
-2,59.0,390.0,0.00517641013838
-2,59.0,400.0,0.00746281010219
-2,59.0,410.0,0.00881867829664
-2,59.0,420.0,0.0089621945909
-2,59.0,430.0,0.00820118338045
-2,59.0,440.0,0.00948032349566
-2,59.0,450.0,0.0102878962162
-2,59.0,460.0,0.0103538220777
-2,59.0,470.0,0.0101930172714
-2,59.0,480.0,0.0100192140473
-2,59.0,490.0,0.00925466658407
-2,59.0,500.0,0.00899653152654
-2,59.0,510.0,0.00865979477094
-2,59.0,520.0,0.00793291381943
-2,59.0,530.0,0.00749821199431
-2,59.0,540.0,0.00727915861976
-2,59.0,550.0,0.00696108022128
-2,59.0,560.0,0.00640714449538
-2,59.0,570.0,0.00594177945869
-2,59.0,580.0,0.00593686698862
-2,59.0,590.0,0.00582649843194
-2,59.0,600.0,0.00532958677897
-2,59.0,610.0,0.00535643996496
-2,59.0,620.0,0.00551538400963
-2,59.0,630.0,0.00564459755524
-2,59.0,640.0,0.00579981754822
-2,59.0,650.0,0.00586749430904
-2,59.0,660.0,0.00573735500218
-2,59.0,670.0,0.00598022557818
-2,59.0,680.0,0.00595262961099
-2,59.0,690.0,0.00588926611828
-2,59.0,700.0,0.00577923360402
-2,59.0,710.0,0.0056668009079
-2,59.0,720.0,0.0054662947624
-2,59.0,730.0,0.00536965649066
-2,59.0,740.0,0.00516261261277
-2,59.0,750.0,0.00503520624997
-2,59.0,760.0,0.00493548512976
-2,59.0,770.0,0.00473235686344
-2,59.0,780.0,0.00457527962637
-2,60.0,380.0,0.0052283862444
-2,60.0,390.0,0.00510971170636
-2,60.0,400.0,0.00736167750752
-2,60.0,410.0,0.0086936467242
-2,60.0,420.0,0.00882978897527
-2,60.0,430.0,0.00807530292519
-2,60.0,440.0,0.00932945984383
-2,60.0,450.0,0.0101184398741
-2,60.0,460.0,0.0101774404741
-2,60.0,470.0,0.0100136303006
-2,60.0,480.0,0.00983701831033
-2,60.0,490.0,0.00908093415887
-2,60.0,500.0,0.00882211082927
-2,60.0,510.0,0.00848645711451
-2,60.0,520.0,0.00776903345095
-2,60.0,530.0,0.00733824016637
-2,60.0,540.0,0.00711899463988
-2,60.0,550.0,0.00680314558908
-2,60.0,560.0,0.00625730862375
-2,60.0,570.0,0.00579863037086
-2,60.0,580.0,0.00578979087226
-2,60.0,590.0,0.00567830913699
-2,60.0,600.0,0.00519040080561
-2,60.0,610.0,0.0052131545593
-2,60.0,620.0,0.00536445633211
-2,60.0,630.0,0.00548668660336
-2,60.0,640.0,0.00563410871148
-2,60.0,650.0,0.00569641126386
-2,60.0,660.0,0.00556675358957
-2,60.0,670.0,0.00579903610839
-2,60.0,680.0,0.00576898955405
-2,60.0,690.0,0.00570439888128
-2,60.0,700.0,0.00559478113754
-2,60.0,710.0,0.00548302836548
-2,60.0,720.0,0.00528629893696
-2,60.0,730.0,0.00519024518885
-2,60.0,740.0,0.00498769887919
-2,60.0,750.0,0.00486232820734
-2,60.0,760.0,0.00476385577514
-2,60.0,770.0,0.00456578400734
-2,60.0,780.0,0.00441237796433
-2,90.0,380.0,0.0041475970692
-2,90.0,390.0,0.00400629629575
-2,90.0,400.0,0.00570917643142
-2,90.0,410.0,0.0066726622371
-2,90.0,420.0,0.0067101328362
-2,90.0,430.0,0.00607747019636
-2,90.0,440.0,0.00695382174891
-2,90.0,450.0,0.00746919120564
-2,90.0,460.0,0.007438066381
-2,90.0,470.0,0.0072448251891
-2,90.0,480.0,0.00704075328833
-2,90.0,490.0,0.00642907848499
-2,90.0,500.0,0.00617298721075
-2,90.0,510.0,0.0058661548952
-2,90.0,520.0,0.00530271618398
-2,90.0,530.0,0.00494026776194
-2,90.0,540.0,0.00472759226395
-2,90.0,550.0,0.00445356766763
-2,90.0,560.0,0.00403564516221
-2,90.0,570.0,0.00368262905714
-2,90.0,580.0,0.00362282794155
-2,90.0,590.0,0.00350239888623
-2,90.0,600.0,0.00315278705678
-2,90.0,610.0,0.0031222806858
-2,90.0,620.0,0.00316906589788
-2,90.0,630.0,0.00319653156118
-2,90.0,640.0,0.00323775596225
-2,90.0,650.0,0.0032290586203
-2,90.0,660.0,0.00311267982918
-2,90.0,670.0,0.00319911669699
-2,90.0,680.0,0.00314011457224
-2,90.0,690.0,0.0030638835677
-2,90.0,700.0,0.00296588485144
-2,90.0,710.0,0.00286916812841
-2,90.0,720.0,0.00273115752855
-2,90.0,730.0,0.00264824139776
-2,90.0,740.0,0.00251387080559
-2,90.0,750.0,0.00242147667318
-2,90.0,760.0,0.00234478811348
-2,90.0,770.0,0.00222176482246
-2,90.0,780.0,0.00212348785012
0,0.0,380.0,0.00123358179354
0,0.0,390.0,0.00127891260577
0,0.0,400.0,0.00195940685319
0,0.0,410.0,0.002466886639
0,0.0,420.0,0.0026804940004
0,0.0,430.0,0.00263090167242
0,0.0,440.0,0.00327071209706
0,0.0,450.0,0.0038365329419
0,0.0,460.0,0.00417689285172
0,0.0,470.0,0.00448827605238
0,0.0,480.0,0.00479743299004
0,0.0,490.0,0.00488306492906
0,0.0,500.0,0.00520787823063
0,0.0,510.0,0.00553262304292
0,0.0,520.0,0.00562733702512
0,0.0,530.0,0.00584795610289
0,0.0,540.0,0.00635215225167
0,0.0,550.0,0.00678739128177
0,0.0,560.0,0.00697377828819
0,0.0,570.0,0.00721379734392
0,0.0,580.0,0.00807042824461
0,0.0,590.0,0.00881436087528
0,0.0,600.0,0.00883132370066
0,0.0,610.0,0.00990230563878
0,0.0,620.0,0.0114168528856
0,0.0,630.0,0.0130177194139
0,0.0,640.0,0.0149010862548
0,0.0,650.0,0.0167428717221
0,0.0,660.0,0.0181281142662
0,0.0,670.0,0.02089875655
0,0.0,680.0,0.0229423401055
0,0.0,690.0,0.0249635227875
0,0.0,700.0,0.026904449629
0,0.0,710.0,0.0288746059647
0,0.0,720.0,0.0304180959905
0,0.0,730.0,0.0325992133081
0,0.0,740.0,0.0340828701421
0,0.0,750.0,0.0360548179833
0,0.0,760.0,0.0383601274911
0,0.0,770.0,0.0397780505449
0,0.0,780.0,0.0414493385684
0,1.0,380.0,0.00117011986492
0,1.0,390.0,0.00121744703145
0,1.0,400.0,0.00187184697263
0,1.0,410.0,0.00236495806408
0,1.0,420.0,0.00257929083244
0,1.0,430.0,0.00254177936415
0,1.0,440.0,0.00317447576874
0,1.0,450.0,0.00374604176409
0,1.0,460.0,0.00410876935579
0,1.0,470.0,0.00446235825012
0,1.0,480.0,0.0048317641635
0,1.0,490.0,0.00500661025615
0,1.0,500.0,0.00545311765299
0,1.0,510.0,0.0059421083525
0,1.0,520.0,0.00622369507772
0,1.0,530.0,0.00667387907151
0,1.0,540.0,0.00750424309544
0,1.0,550.0,0.00830688904543
0,1.0,560.0,0.00884064645373
0,1.0,570.0,0.00946273135728
0,1.0,580.0,0.0109967724386
0,1.0,590.0,0.0124776602881
0,1.0,600.0,0.0129478874627
0,1.0,610.0,0.0150109571421
0,1.0,620.0,0.0178518701527
0,1.0,630.0,0.0209319770809
0,1.0,640.0,0.0245710660576
0,1.0,650.0,0.028228500037
0,1.0,660.0,0.031162076856
0,1.0,670.0,0.0365300663651
0,1.0,680.0,0.040670020439
0,1.0,690.0,0.0447669874413
0,1.0,700.0,0.0486976637333
0,1.0,710.0,0.0526322102001
0,1.0,720.0,0.0557245906342
0,1.0,730.0,0.0599151452489
0,1.0,740.0,0.0627353575804
0,1.0,750.0,0.0663601378312
0,1.0,760.0,0.0705127347478
0,1.0,770.0,0.0729263484054
0,1.0,780.0,0.0756994522674
0,2.0,380.0,0.00123334714078
0,2.0,390.0,0.00128902002639
0,2.0,400.0,0.00199310768254
0,2.0,410.0,0.0025372922541
0,2.0,420.0,0.00279618877655
0,2.0,430.0,0.00279483529584
0,2.0,440.0,0.00355640395706
0,2.0,450.0,0.00429686486664
0,2.0,460.0,0.00484897352929
0,2.0,470.0,0.00543839743443
0,2.0,480.0,0.00610014560223
0,2.0,490.0,0.00654978245233
0,2.0,500.0,0.0073890677077
0,2.0,510.0,0.00831450270022
0,2.0,520.0,0.00895242547778
0,2.0,530.0,0.00982566715537
0,2.0,540.0,0.0112312481156
0,2.0,550.0,0.0125694128651
0,2.0,560.0,0.0134527978139
0,2.0,570.0,0.0144109106701
0,2.0,580.0,0.0167514960398
0,2.0,590.0,0.0190021068316
0,2.0,600.0,0.0196405341623
0,2.0,610.0,0.0226377535744
0,2.0,620.0,0.0267189763643
0,2.0,630.0,0.0310414686877
0,2.0,640.0,0.0360629832172
0,2.0,650.0,0.0409650438093
0,2.0,660.0,0.0446787270313
0,2.0,670.0,0.0517211909626
0,2.0,680.0,0.0568406592152
0,2.0,690.0,0.0617436488578
0,2.0,700.0,0.0662739841998
0,2.0,710.0,0.0706723843192
0,2.0,720.0,0.0738278013955
0,2.0,730.0,0.0783303703382
0,2.0,740.0,0.0809423581476
0,2.0,750.0,0.0845113937915
0,2.0,760.0,0.0886565697621
0,2.0,770.0,0.0905433219457
0,2.0,780.0,0.0928333896567
0,3.0,380.0,0.00132221045302
0,3.0,390.0,0.00139518971825
0,3.0,400.0,0.00218587086866
0,3.0,410.0,0.00283126216742
0,3.0,420.0,0.00318769704399
0,3.0,430.0,0.00326629102075
0,3.0,440.0,0.00426983546521
0,3.0,450.0,0.00530088559787
0,3.0,460.0,0.00613707934676
0,3.0,470.0,0.00703522301512
0,3.0,480.0,0.00802990067002
0,3.0,490.0,0.00872184329983
0,3.0,500.0,0.00989974988181
0,3.0,510.0,0.0111468515786
0,3.0,520.0,0.0119527862653
0,3.0,530.0,0.0130123087429
0,3.0,540.0,0.0147092129035
0,3.0,550.0,0.0162420661534
0,3.0,560.0,0.0171231121988
0,3.0,570.0,0.0180475724025
0,3.0,580.0,0.0206786022628
0,3.0,590.0,0.0231610225112
0,3.0,600.0,0.0236045887006
0,3.0,610.0,0.0268679697963
0,3.0,620.0,0.0313301590237
0,3.0,630.0,0.0359576495291
0,3.0,640.0,0.0412826022982
0,3.0,650.0,0.0463511008277
0,3.0,660.0,0.0499771188216
0,3.0,670.0,0.0572173835517
0,3.0,680.0,0.0622047014302
0,3.0,690.0,0.0668631554555
0,3.0,700.0,0.0710436815165
0,3.0,710.0,0.0750136356446
0,3.0,720.0,0.0776178922536
0,3.0,730.0,0.0815975806118
0,3.0,740.0,0.083570568621
0,3.0,750.0,0.0865079931226
0,3.0,760.0,0.0900036078859
0,3.0,770.0,0.0911864383826
0,3.0,780.0,0.0927738841209
0,4.0,380.0,0.00144566164831
0,4.0,390.0,0.0015512380395
0,4.0,400.0,0.00247930377441
0,4.0,410.0,0.00328245238968
0,4.0,420.0,0.00377828046437
0,4.0,430.0,0.00395113551232
0,4.0,440.0,0.00525338496929
0,4.0,450.0,0.00660233310818
0,4.0,460.0,0.0076977476695
0,4.0,470.0,0.00883895516998
0,4.0,480.0,0.010056997226
0,4.0,490.0,0.0108442454707
0,4.0,500.0,0.0121781903718
0,4.0,510.0,0.0135333694419
0,4.0,520.0,0.0142988173176
0,4.0,530.0,0.0153148161647
0,4.0,540.0,0.017032480562
0,4.0,550.0,0.0184996553781
0,4.0,560.0,0.0191859854291
0,4.0,570.0,0.0198993151802
0,4.0,580.0,0.0224851867076
0,4.0,590.0,0.0248821177569
0,4.0,600.0,0.0250414620044
0,4.0,610.0,0.0282035014127
0,4.0,620.0,0.0325676246286
0,4.0,630.0,0.0370232324796
0,4.0,640.0,0.0421259500273
0,4.0,650.0,0.046891496253
0,4.0,660.0,0.0501405079924
0,4.0,670.0,0.0569531296165
0,4.0,680.0,0.0614491870829
0,4.0,690.0,0.0655711892908
0,4.0,700.0,0.0691888249105
0,4.0,710.0,0.0725678673668
0,4.0,720.0,0.0746080099108
0,4.0,730.0,0.0779566101816
0,4.0,740.0,0.079374648922
0,4.0,750.0,0.0817039903419
0,4.0,760.0,0.0845523205083
0,4.0,770.0,0.085223704211
0,4.0,780.0,0.0862800255768
0,5.0,380.0,0.00161366912186
0,5.0,390.0,0.0017638496299
0,5.0,400.0,0.00287108000879
0,5.0,410.0,0.00386326605673
0,5.0,420.0,0.00450338494329
0,5.0,430.0,0.00474783494708
0,5.0,440.0,0.00633347590936
0,5.0,450.0,0.00794889245829
0,5.0,460.0,0.0092171388032
0,5.0,470.0,0.0104905978324
0,5.0,480.0,0.0117995630602
0,5.0,490.0,0.0125556911165
0,5.0,500.0,0.013895209048
0,5.0,510.0,0.0152073912006
0,5.0,520.0,0.0158214260199
0,5.0,530.0,0.016679920827
0,5.0,540.0,0.0182766691084
0,5.0,550.0,0.0195657477121
0,5.0,560.0,0.0200112123872
0,5.0,570.0,0.0204814362231
0,5.0,580.0,0.0228807029722
0,5.0,590.0,0.0250709754956
0,5.0,600.0,0.024978576508
0,5.0,610.0,0.0279003863855
0,5.0,620.0,0.03197633374
0,5.0,630.0,0.0360889723838
0,5.0,640.0,0.0407878473344
0,5.0,650.0,0.0451126581585
0,5.0,660.0,0.047944360498
0,5.0,670.0,0.0541468850043
0,5.0,680.0,0.0581019923062
0,5.0,690.0,0.0616758070914
0,5.0,700.0,0.0647572710127
0,5.0,710.0,0.0675980951669
0,5.0,720.0,0.0691851348852
0,5.0,730.0,0.0719818170347
0,5.0,740.0,0.0729912509105
0,5.0,750.0,0.0748396956623
0,5.0,760.0,0.0771629830216
0,5.0,770.0,0.0774999307826
0,5.0,780.0,0.0781941513407
0,6.0,380.0,0.00182267199174
0,6.0,390.0,0.0020204568399
0,6.0,400.0,0.00332519509491
0,6.0,410.0,0.00450595780115
0,6.0,420.0,0.00526691596425
0,6.0,430.0,0.00554493355531
0,6.0,440.0,0.00735939483462
0,6.0,450.0,0.00916237472101
0,6.0,460.0,0.0105145857216
0,6.0,470.0,0.0118249718284
0,6.0,480.0,0.0131262902821
0,6.0,490.0,0.0137781787484
0,6.0,500.0,0.0150351237286
0,6.0,510.0,0.0162267348817
0,6.0,520.0,0.0166536409058
0,6.0,530.0,0.0173204322603
0,6.0,540.0,0.0187424550923
0,6.0,550.0,0.0198254063443
0,6.0,560.0,0.0200475257174
0,6.0,570.0,0.0202995844731
0,6.0,580.0,0.0224700100833
0,6.0,590.0,0.0244251529831
0,6.0,600.0,0.0241397116906
0,6.0,610.0,0.0267866076055
0,6.0,620.0,0.0305190033015
0,6.0,630.0,0.0342503111378
0,6.0,640.0,0.0385088752962
0,6.0,650.0,0.0423829462055
0,6.0,660.0,0.0448328546427
0,6.0,670.0,0.050411978288
0,6.0,680.0,0.0538697768966
0,6.0,690.0,0.0569575019262
0,6.0,700.0,0.0595809473984
0,6.0,710.0,0.0619733772896
0,6.0,720.0,0.0632142599297
0,6.0,730.0,0.0655603285759
0,6.0,740.0,0.0662773220069
0,6.0,750.0,0.0677587122808
0,6.0,760.0,0.069671877532
0,6.0,770.0,0.069793172929
0,6.0,780.0,0.0702423738634
0,7.0,380.0,0.00205873042928
0,7.0,390.0,0.0022990902832
0,7.0,400.0,0.00379746700527
0,7.0,410.0,0.00514498954785
0,7.0,420.0,0.00599220507222
0,7.0,430.0,0.00626795675474
0,7.0,440.0,0.00824730536299
0,7.0,450.0,0.0101629695121
0,7.0,460.0,0.0115308287914
0,7.0,470.0,0.0128133589601
0,7.0,480.0,0.0140475749229
0,7.0,490.0,0.0145641464073
0,7.0,500.0,0.0156972643945
0,7.0,510.0,0.0167386860609
0,7.0,520.0,0.0169817147954
0,7.0,530.0,0.0174614178932
0,7.0,540.0,0.0186992843853
0,7.0,550.0,0.0195847707146
0,7.0,560.0,0.0196198471612
0,7.0,570.0,0.0196927267541
0,7.0,580.0,0.0216345342607
0,7.0,590.0,0.0233628686887
0,7.0,600.0,0.022937910793
0,7.0,610.0,0.025316669476
0,7.0,620.0,0.0287061022971
0,7.0,630.0,0.0320689590844
0,7.0,640.0,0.0359054937068
0,7.0,650.0,0.0393618617224
0,7.0,660.0,0.0414813832303
0,7.0,670.0,0.0464811043005
0,7.0,680.0,0.049505226185
0,7.0,690.0,0.05217868008
0,7.0,700.0,0.0544213871489
0,7.0,710.0,0.0564474038639
0,7.0,720.0,0.0574243443416
0,7.0,730.0,0.059406512143
0,7.0,740.0,0.0599126161539
0,7.0,750.0,0.0611125288612
0,7.0,760.0,0.0627043547145
0,7.0,770.0,0.0626853922885
0,7.0,780.0,0.0629659825085
0,8.0,380.0,0.00230515866927
0,8.0,390.0,0.0025786363294
0,8.0,400.0,0.00425228287264
0,8.0,410.0,0.00573541117957
0,8.0,420.0,0.00663479989232
0,8.0,430.0,0.0068816396655
0,8.0,440.0,0.00896785305564
0,8.0,450.0,0.0109365306509
0,8.0,460.0,0.012274510258
0,8.0,470.0,0.0134909703063
0,8.0,480.0,0.0146276651026
0,8.0,490.0,0.0150030792569
0,8.0,500.0,0.0159991144592
0,8.0,510.0,0.0168865761241
0,8.0,520.0,0.0169650762682
0,8.0,530.0,0.0172775035343
0,8.0,540.0,0.0183411671356
0,8.0,550.0,0.0190507588443
0,8.0,560.0,0.0189359490178
0,8.0,570.0,0.0188670403364
0,8.0,580.0,0.0205966255151
0,8.0,590.0,0.0221189630853
0,8.0,600.0,0.0215962977748
0,8.0,610.0,0.023728366454
0,8.0,620.0,0.0267968707882
0,8.0,630.0,0.0298217096429
0,8.0,640.0,0.0332726156595
0,8.0,650.0,0.0363555144972
0,8.0,660.0,0.03819373845
0,8.0,670.0,0.0426733565267
0,8.0,680.0,0.045325106752
0,8.0,690.0,0.0476486373758
0,8.0,700.0,0.0495756086455
0,8.0,710.0,0.0513016360055
0,8.0,720.0,0.0520748127077
0,8.0,730.0,0.0537612778209
0,8.0,740.0,0.0541126013981
0,8.0,750.0,0.0550932449273
0,8.0,760.0,0.0564297215918
0,8.0,770.0,0.0563184214677
0,8.0,780.0,0.0564803846222
0,9.0,380.0,0.00254758148204
0,9.0,390.0,0.00284347031611
0,9.0,400.0,0.00466701881606
0,9.0,410.0,0.0062533255192
0,9.0,420.0,0.00717639568457
0,9.0,430.0,0.00737743939621
0,9.0,440.0,0.00952348422533
0,9.0,450.0,0.0115016554538
0,9.0,460.0,0.0127823601788
0,9.0,470.0,0.0139132098676
0,9.0,480.0,0.0149403858566
0,9.0,490.0,0.0151818387324
0,9.0,500.0,0.0160424217845
0,9.0,510.0,0.0167844897701
0,9.0,520.0,0.0167223872127
0,9.0,530.0,0.0168912935433
0,9.0,540.0,0.0177978130929
0,9.0,550.0,0.0183556642693
0,9.0,560.0,0.0181232261594
0,9.0,570.0,0.0179439602255
0,9.0,580.0,0.0194825824689
0,9.0,590.0,0.0208224004656
0,9.0,600.0,0.0202329679331
0,9.0,610.0,0.0221435447769
0,9.0,620.0,0.0249199715935
0,9.0,630.0,0.0276413220242
0,9.0,640.0,0.0307467294837
0,9.0,650.0,0.0335001625704
0,9.0,660.0,0.0350993889311
0,9.0,670.0,0.0391182917982
0,9.0,680.0,0.0414510133186
0,9.0,690.0,0.0434784658367
0,9.0,700.0,0.0451420933928
0,9.0,710.0,0.0466204221759
0,9.0,720.0,0.0472337707775
0,9.0,730.0,0.0486773016886
0,9.0,740.0,0.0489128227471
0,9.0,750.0,0.0497196291172
0,9.0,760.0,0.0508499278616
0,9.0,770.0,0.0506772861134
0,9.0,780.0,0.0507539853023
0,10.0,380.0,0.00277572745916
0,10.0,390.0,0.00308399874709
0,10.0,400.0,0.00503026916812
0,10.0,410.0,0.00669018148873
0,10.0,420.0,0.00761519270033
0,10.0,430.0,0.00776145526431
0,10.0,440.0,0.00993146099315
0,10.0,450.0,0.0118891047784
0,10.0,460.0,0.013097830813
0,10.0,470.0,0.0141354217573
0,10.0,480.0,0.0150518031341
0,10.0,490.0,0.0151722411945
0,10.0,500.0,0.0159061459195
0,10.0,510.0,0.0165164162356
0,10.0,520.0,0.0163371045677
0,10.0,530.0,0.0163854191032
0,10.0,540.0,0.0171533658898
0,10.0,550.0,0.0175821893885
0,10.0,560.0,0.0172584431834
0,10.0,570.0,0.0169939599493
0,10.0,580.0,0.01836309571
0,10.0,590.0,0.0195428175118
0,10.0,600.0,0.0189090739764
0,10.0,610.0,0.0206228305347
0,10.0,620.0,0.0231367650461
0,10.0,630.0,0.0255880724821
0,10.0,640.0,0.0283864125929
0,10.0,650.0,0.0308504366815
0,10.0,660.0,0.0322459709032
0,10.0,670.0,0.0358585702988
0,10.0,680.0,0.0379172272185
0,10.0,690.0,0.0396928364563
0,10.0,700.0,0.0411350514497
0,10.0,710.0,0.0424068274858
0,10.0,720.0,0.0428928471646
0,10.0,730.0,0.0441345041402
0,10.0,740.0,0.0442818293903
0,10.0,750.0,0.0449485476275
0,10.0,760.0,0.0459098828301
0,10.0,770.0,0.0456963826939
0,10.0,780.0,0.0457106487686
0,11.0,380.0,0.0029833181134
0,11.0,390.0,0.00329549689063
0,11.0,400.0,0.0053384759241
0,11.0,410.0,0.00704684958053
0,11.0,420.0,0.00795820751374
0,11.0,430.0,0.00804633143681
0,11.0,440.0,0.0102139640218
0,11.0,450.0,0.0121312878078
0,11.0,460.0,0.0132616360069
0,11.0,470.0,0.0142054315189
0,11.0,480.0,0.0150155494723
0,11.0,490.0,0.0150297178469
0,11.0,500.0,0.0156486138917
0,11.0,510.0,0.0161420179536
0,11.0,520.0,0.0158664135153
0,11.0,530.0,0.0158145206624
0,11.0,540.0,0.0164616126898
0,11.0,550.0,0.0167813904227
0,11.0,560.0,0.0163872719028
0,11.0,570.0,0.0160573005279
0,11.0,580.0,0.0172768783752
0,11.0,590.0,0.0183166574811
0,11.0,600.0,0.0176548161107
0,11.0,610.0,0.0191943729228
0,11.0,620.0,0.0214737233637
0,11.0,630.0,0.0236855495486
0,11.0,640.0,0.0262117407443
0,11.0,650.0,0.0284216286001
0,11.0,660.0,0.0296427257899
0,11.0,670.0,0.0328972230062
0,11.0,680.0,0.0347194314421
0,11.0,690.0,0.0362795176051
0,11.0,700.0,0.0375340747246
0,11.0,710.0,0.0386319887473
0,11.0,720.0,0.0390151616883
0,11.0,730.0,0.0400873168074
0,11.0,740.0,0.0401664339962
0,11.0,750.0,0.0407186534881
0,11.0,760.0,0.0415397375786
0,11.0,770.0,0.0412992025625
0,11.0,780.0,0.0412670559359
0,12.0,380.0,0.00316723233999
0,12.0,390.0,0.00347662304231
0,12.0,400.0,0.00559290100229
0,12.0,410.0,0.00732923075321
0,12.0,420.0,0.00821632029859
0,12.0,430.0,0.00824664156517
0,12.0,440.0,0.0103931101043
0,12.0,450.0,0.0122576993184
0,12.0,460.0,0.0133084614473
0,12.0,470.0,0.0141619360606
0,12.0,480.0,0.0148731769448
0,12.0,490.0,0.0147956305742
0,12.0,500.0,0.0153118668073
0,12.0,510.0,0.0157029183821
0,12.0,520.0,0.0153489617338
0,12.0,530.0,0.0152143206465
0,12.0,540.0,0.0157565525999
0,12.0,550.0,0.0159843651125
0,12.0,560.0,0.015536372956
0,12.0,570.0,0.0151563137268
0,12.0,580.0,0.0162441755748
0,12.0,590.0,0.0171616771577
0,12.0,600.0,0.0164834519954
0,12.0,610.0,0.0178689838953
0,12.0,620.0,0.0199391528266
0,12.0,630.0,0.0219387473556
0,12.0,640.0,0.0242238255043
0,12.0,650.0,0.0262102568709
0,12.0,660.0,0.0272812196294
0,12.0,670.0,0.0302197675486
0,12.0,680.0,0.0318370572576
0,12.0,690.0,0.0332116291352
0,12.0,700.0,0.0343059838295
0,12.0,710.0,0.0352563464155
0,12.0,720.0,0.0355554727918
0,12.0,730.0,0.0364840357693
0,12.0,740.0,0.0365097348144
0,12.0,750.0,0.0369672588082
0,12.0,760.0,0.0376706746267
0,12.0,770.0,0.0374126127442
0,12.0,780.0,0.0373455627988
0,13.0,380.0,0.00332657388996
0,13.0,390.0,0.00362815423979
0,13.0,400.0,0.00579743244189
0,13.0,410.0,0.00754544477775
0,13.0,420.0,0.00840144335483
0,13.0,430.0,0.00837655346691
0,13.0,440.0,0.0104888011199
0,13.0,450.0,0.0122934156477
0,13.0,460.0,0.0132664914173
0,13.0,470.0,0.0140352058871
0,13.0,480.0,0.0146561042703
0,13.0,490.0,0.014500299228
0,13.0,500.0,0.0149258083984
0,13.0,510.0,0.0152278512166
0,13.0,520.0,0.0148106174136
0,13.0,530.0,0.0146079207582
0,13.0,540.0,0.0150593622751
0,13.0,550.0,0.0152096331996
0,13.0,560.0,0.0147207490231
0,13.0,570.0,0.0143026366482
0,13.0,580.0,0.0152745046476
0,13.0,590.0,0.0160850591596
0,13.0,600.0,0.0153989370576
0,13.0,610.0,0.0166482259452
0,13.0,620.0,0.0185319573122
0,13.0,630.0,0.0203433651385
0,13.0,640.0,0.0224146656749
0,13.0,650.0,0.0242042349806
0,13.0,660.0,0.0251453786984
0,13.0,670.0,0.0278046944094
0,13.0,680.0,0.0292436408086
0,13.0,690.0,0.0304577039939
0,13.0,700.0,0.0314144437913
0,13.0,710.0,0.0322387125447
0,13.0,720.0,0.032468495539
0,13.0,730.0,0.0332745099482
0,13.0,740.0,0.0332579589719
0,13.0,750.0,0.0336364052768
0,13.0,760.0,0.0342402314961
0,13.0,770.0,0.0339712903138
0,13.0,780.0,0.033877784062
0,14.0,380.0,0.003461883925
0,14.0,390.0,0.00375206301524
0,14.0,400.0,0.00595715456018
0,14.0,410.0,0.00770418323555
0,14.0,420.0,0.00852504902837
0,14.0,430.0,0.00844879918503
0,14.0,440.0,0.0105180303503
0,14.0,450.0,0.0122589904303
0,14.0,460.0,0.0131580379888
0,14.0,470.0,0.0138484778179
0,14.0,480.0,0.0143877627793
0,14.0,490.0,0.0141657167508
0,14.0,500.0,0.0145115227094
0,14.0,510.0,0.0147364787425
0,14.0,520.0,0.0142685089491
0,14.0,530.0,0.0140100254758
0,14.0,540.0,0.0143829014956
0,14.0,550.0,0.0144677613524
0,14.0,560.0,0.0139482225227
0,14.0,570.0,0.013501501264
0,14.0,580.0,0.0143711373177
0,14.0,590.0,0.0150880089019
0,14.0,600.0,0.0144001559133
0,14.0,610.0,0.015528802864
0,14.0,620.0,0.0172463050285
0,14.0,630.0,0.0188906603503
0,14.0,640.0,0.0207721831938
0,14.0,650.0,0.022387955606
0,14.0,660.0,0.0232163877983
0,14.0,670.0,0.0256284525204
0,14.0,680.0,0.0269116034373
0,14.0,690.0,0.027986177037
0,14.0,700.0,0.0288240880408
0,14.0,710.0,0.029539979061
0,14.0,720.0,0.0297121098276
0,14.0,730.0,0.0304128953691
0,14.0,740.0,0.0303626834947
0,14.0,750.0,0.0306745775161
0,14.0,760.0,0.0311935142685
0,14.0,770.0,0.0309184045695
0,14.0,780.0,0.0308047602555
0,15.0,380.0,0.00357455609854
0,15.0,390.0,0.00385090198895
0,15.0,400.0,0.00607748800109
0,15.0,410.0,0.00781382899289
0,15.0,420.0,0.00859750556646
0,15.0,430.0,0.00847434856083
0,15.0,440.0,0.0104948916546
0,15.0,450.0,0.0121709288761
0,15.0,460.0,0.013000509247
0,15.0,470.0,0.0136194025744
0,15.0,480.0,0.0140854879805
0,15.0,490.0,0.0138077269538
0,15.0,500.0,0.0140837668996
0,15.0,510.0,0.0142421242291
0,15.0,520.0,0.0137338055053
0,15.0,530.0,0.0134297521038
0,15.0,540.0,0.0137346269665
0,15.0,550.0,0.0137642773158
0,15.0,560.0,0.0132221887002
0,15.0,570.0,0.0127543099622
0,15.0,580.0,0.0135337335308
0,15.0,590.0,0.0141684013874
0,15.0,600.0,0.0134833039391
0,15.0,610.0,0.0145049813372
0,15.0,620.0,0.0160741504715
0,15.0,630.0,0.0175700134817
0,15.0,640.0,0.0192828217257
0,15.0,650.0,0.020744844668
0,15.0,660.0,0.021475075715
0,15.0,670.0,0.0236677916605
0,15.0,680.0,0.0248144021289
0,15.0,690.0,0.0257672975965
0,15.0,700.0,0.0265021573053
0,15.0,710.0,0.0271244570601
0,15.0,720.0,0.0272483680323
0,15.0,730.0,0.0278583450785
0,15.0,740.0,0.0277811854781
0,15.0,750.0,0.0280367193348
0,15.0,760.0,0.0284828803886
0,15.0,770.0,0.028204975568
0,15.0,780.0,0.0280759981543
0,16.0,380.0,0.00366643135268
0,16.0,390.0,0.00392741694987
0,16.0,400.0,0.00616370540411
0,16.0,410.0,0.0078820332383
0,16.0,420.0,0.00862785000655
0,16.0,430.0,0.00846242129826
0,16.0,440.0,0.0104308729282
0,16.0,450.0,0.0120423235411
0,16.0,460.0,0.0128073680093
0,16.0,470.0,0.01336129826
0,16.0,480.0,0.0137620309327
0,16.0,490.0,0.0134376708846
0,16.0,500.0,0.0136527778475
0,16.0,510.0,0.013753685888
0,16.0,520.0,0.013213609453
0,16.0,530.0,0.0128724945246
0,16.0,540.0,0.013118480838
0,16.0,550.0,0.0131015179081
0,16.0,560.0,0.0125433247782
0,16.0,570.0,0.012060200696
0,16.0,580.0,0.0127599091906
0,16.0,590.0,0.0133223247059
0,16.0,600.0,0.0126432442823
0,16.0,610.0,0.0135699401641
0,16.0,620.0,0.0150066066913
0,16.0,630.0,0.0163702864373
0,16.0,640.0,0.0179328814568
0,16.0,650.0,0.0192586262877
0,16.0,660.0,0.0199030444666
0,16.0,670.0,0.0219008098232
0,16.0,680.0,0.0229274198198
0,16.0,690.0,0.0237738380427
0,16.0,700.0,0.0244190091941
0,16.0,710.0,0.0249601742076
0,16.0,720.0,0.0250435713652
0,16.0,730.0,0.0255748646709
0,16.0,740.0,0.0254760782227
0,16.0,750.0,0.0256836482902
0,16.0,760.0,0.0260671291735
0,16.0,770.0,0.0257888626738
0,16.0,780.0,0.0256482588927
0,17.0,380.0,0.00373953236905
0,17.0,390.0,0.00398431839711
0,17.0,400.0,0.00622068488162
0,17.0,410.0,0.00791555782507
0,17.0,420.0,0.00862378985117
0,17.0,430.0,0.00842065147027
0,17.0,440.0,0.0103352420061
0,17.0,450.0,0.0118834856785
0,17.0,460.0,0.0125889714845
0,17.0,470.0,0.0130841693123
0,17.0,480.0,0.0134267242559
0,17.0,490.0,0.0130636083084
0,17.0,500.0,0.0132255701282
0,17.0,510.0,0.0132769751646
0,17.0,520.0,0.01271224848
0,17.0,530.0,0.0123411672938
0,17.0,540.0,0.0125361258996
0,17.0,550.0,0.0124798136947
0,17.0,560.0,0.0119106635651
0,17.0,570.0,0.0114170094351
0,17.0,580.0,0.0120461802163
0,17.0,590.0,0.0125449898035
0,17.0,600.0,0.0118742871475
0,17.0,610.0,0.0127165253485
0,17.0,620.0,0.01403469165
0,17.0,630.0,0.0152805360051
0,17.0,640.0,0.0167091910822
0,17.0,650.0,0.0179139254474
0,17.0,660.0,0.0184831677219
0,17.0,670.0,0.0203073665878
0,17.0,680.0,0.0212282566314
0,17.0,690.0,0.0219812494753
0,17.0,700.0,0.0225481303934
0,17.0,710.0,0.0230187367078
0,17.0,720.0,0.0230679826544
0,17.0,730.0,0.0235308707681
0,17.0,740.0,0.023414725461
0,17.0,750.0,0.0235813206485
0,17.0,760.0,0.0239106141881
0,17.0,770.0,0.0236337482941
0,17.0,780.0,0.0234844125599
0,18.0,380.0,0.00379589760157
0,18.0,390.0,0.00402415604058
0,18.0,400.0,0.00625280480096
0,18.0,410.0,0.00792025960916
0,18.0,420.0,0.00859180953678
0,18.0,430.0,0.00835530166689
0,18.0,440.0,0.0102154282813
0,18.0,450.0,0.0117024996099
0,18.0,460.0,0.0123532586778
0,18.0,470.0,0.0127955015713
0,18.0,480.0,0.0130863594431
0,18.0,490.0,0.0126912102878
0,18.0,500.0,0.0128068612078
0,18.0,510.0,0.0128156500142
0,18.0,520.0,0.0122321588507
0,18.0,530.0,0.011837039917
0,18.0,540.0,0.0119877587975
0,18.0,550.0,0.0118982545279
0,18.0,560.0,0.011322273769
0,18.0,570.0,0.0108218671538
0,18.0,580.0,0.0113885350517
0,18.0,590.0,0.0118312689541
0,18.0,600.0,0.0111706371833
0,18.0,610.0,0.0119376695226
0,18.0,620.0,0.0131497268224
0,18.0,630.0,0.0142903756964
0,18.0,640.0,0.0155994256966
0,18.0,650.0,0.0166965249982
0,18.0,660.0,0.0171997689421
0,18.0,670.0,0.0188691848939
0,18.0,680.0,0.0196967383086
0,18.0,690.0,0.0203675696266
0,18.0,700.0,0.0208659407863
0,18.0,710.0,0.0212750263431
0,18.0,720.0,0.0212954212728
0,18.0,730.0,0.0216986770298
0,18.0,740.0,0.0215686308748
0,18.0,750.0,0.021700118751
0,18.0,760.0,0.0219824250894
0,18.0,770.0,0.0217082361428
0,18.0,780.0,0.0215524515733
0,19.0,380.0,0.00383748335538
0,19.0,390.0,0.00404925815111
0,19.0,400.0,0.0062639198635
0,19.0,410.0,0.00790114665138
0,19.0,420.0,0.00853731767933
0,19.0,430.0,0.00827148001373
0,19.0,440.0,0.0100773644642
0,19.0,450.0,0.0115056854695
0,19.0,460.0,0.0121062975325
0,19.0,470.0,0.0125008731706
0,19.0,480.0,0.0127458419807
0,19.0,490.0,0.0123244100613
0,19.0,500.0,0.0123997319702
0,19.0,510.0,0.0123718684939
0,19.0,520.0,0.0117744928808
0,19.0,530.0,0.0113603002438
0,19.0,540.0,0.011472649511
0,19.0,550.0,0.0113551879115
0,19.0,560.0,0.0107756938075
0,19.0,570.0,0.0102715715965
0,19.0,580.0,0.0107827820802
0,19.0,590.0,0.0111760130884
0,19.0,600.0,0.0105266468118
0,19.0,610.0,0.0112266187612
0,19.0,620.0,0.0123435402002
0,19.0,630.0,0.0133901442261
0,19.0,640.0,0.0145922348941
0,19.0,650.0,0.0155934429653
0,19.0,660.0,0.0160386391986
0,19.0,670.0,0.0175698041536
0,19.0,680.0,0.0183147982528
0,19.0,690.0,0.0189132300388
0,19.0,700.0,0.0193515248944
0,19.0,710.0,0.0197068546893
0,19.0,720.0,0.0197028462987
0,19.0,730.0,0.0200539993482
0,19.0,740.0,0.0199128775277
0,19.0,750.0,0.0200142192729
0,19.0,760.0,0.0202556816302
0,19.0,770.0,0.0199850898328
0,19.0,780.0,0.0198246723044
0,20.0,380.0,0.0038661106362
0,20.0,390.0,0.00406171005083
0,20.0,400.0,0.00625738086019
0,20.0,410.0,0.00786246537726
0,20.0,420.0,0.0084648008443
0,20.0,430.0,0.00817333819278
0,20.0,440.0,0.0099257765702
0,20.0,450.0,0.0112979736031
0,20.0,460.0,0.0118527124152
0,20.0,470.0,0.0122044188802
0,20.0,480.0,0.0124086779128
0,20.0,490.0,0.0119658768471
0,20.0,500.0,0.0120060987601
0,20.0,510.0,0.0119467478198
0,20.0,520.0,0.0113395384596
0,20.0,530.0,0.010910436772
0,20.0,540.0,0.0109895009142
0,20.0,550.0,0.0108485446505
0,20.0,560.0,0.010268208896
0,20.0,570.0,0.00976281828976
0,20.0,580.0,0.0102247586757
0,20.0,590.0,0.010574235441
0,20.0,600.0,0.00993695460904
0,20.0,610.0,0.0105770475273
0,20.0,620.0,0.0116085581066
0,20.0,630.0,0.0125709669014
0,20.0,640.0,0.0136772689841
0,20.0,650.0,0.0145929171691
0,20.0,660.0,0.0149869766717
0,20.0,670.0,0.0163944661246
0,20.0,680.0,0.0170663089843
0,20.0,690.0,0.017600831276
0,20.0,700.0,0.0179863511372
0,20.0,710.0,0.0182946258986
0,20.0,720.0,0.0182699690292
0,20.0,730.0,0.0185755116837
0,20.0,740.0,0.0184256380792
0,20.0,750.0,0.018501052962
0,20.0,760.0,0.0187069402118
0,20.0,770.0,0.0184406020259
0,20.0,780.0,0.0182770052706
0,21.0,380.0,0.00388341277722
0,21.0,390.0,0.00406332806628
0,21.0,400.0,0.00623603695535
0,21.0,410.0,0.00780775145021
0,21.0,420.0,0.00837792288716
0,21.0,430.0,0.00806420303234
0,21.0,440.0,0.00976437822251
0,21.0,450.0,0.0110831554562
0,21.0,460.0,0.0115959695338
0,21.0,470.0,0.0119091381732
0,21.0,480.0,0.0120772942497
0,21.0,490.0,0.0116173249243
0,21.0,500.0,0.0116270181656
0,21.0,510.0,0.011540657234
0,21.0,520.0,0.0109269829571
0,21.0,530.0,0.010486475354
0,21.0,540.0,0.0105366669698
0,21.0,550.0,0.0103760316293
0,21.0,560.0,0.00979700993208
0,21.0,570.0,0.00929232740023
0,21.0,580.0,0.00971043940557
0,21.0,590.0,0.0100211991445
0,21.0,600.0,0.00939654265321
0,21.0,610.0,0.00998309582673
0,21.0,620.0,0.0109378206517
0,21.0,630.0,0.0118247445649
0,21.0,640.0,0.0128451374139
0,21.0,650.0,0.0136843294757
0,21.0,660.0,0.0140332766472
0,21.0,670.0,0.0153299601368
0,21.0,680.0,0.015936885444
0,21.0,690.0,0.0164149037223
0,21.0,700.0,0.0167539910899
0,21.0,710.0,0.0170210145138
0,21.0,720.0,0.016978895345
0,21.0,730.0,0.0172444469889
0,21.0,740.0,0.0170877442559
0,21.0,750.0,0.0171408382546
0,21.0,760.0,0.0173156891423
0,21.0,770.0,0.0170540647038
0,21.0,780.0,0.0168884589011
0,22.0,380.0,0.00391242385475
0,22.0,390.0,0.00407426454338
0,22.0,400.0,0.00622463370327
0,22.0,410.0,0.00775987309726
0,22.0,420.0,0.0082918947349
0,22.0,430.0,0.00794900865012
0,22.0,440.0,0.00958637744482
0,22.0,450.0,0.0108377000952
0,22.0,460.0,0.0112934917732
0,22.0,470.0,0.0115512947283
0,22.0,480.0,0.0116651467853
0,22.0,490.0,0.0111729713131
0,22.0,500.0,0.0111324506009
0,22.0,510.0,0.0109991852325
0,22.0,520.0,0.0103655702301
0,22.0,530.0,0.00989835947581
0,22.0,540.0,0.00989740509855
0,22.0,550.0,0.00969811234731
0,22.0,560.0,0.00911084442571
0,22.0,570.0,0.00859778619642
0,22.0,580.0,0.00894346317053
0,22.0,590.0,0.00919228392639
0,22.0,600.0,0.00858289830071
0,22.0,610.0,0.00908761194481
0,22.0,620.0,0.0099269056291
0,22.0,630.0,0.0107011035495
0,22.0,640.0,0.0115945395543
0,22.0,650.0,0.0123221233147
0,22.0,660.0,0.0126074372367
0,22.0,670.0,0.013743781651
0,22.0,680.0,0.0142600190246
0,22.0,690.0,0.0146608062821
0,22.0,700.0,0.0149387121594
0,22.0,710.0,0.01515271748
0,22.0,720.0,0.0150930709077
0,22.0,730.0,0.0153090287739
0,22.0,740.0,0.0151511205062
0,22.0,750.0,0.0151807611545
0,22.0,760.0,0.015320706163
0,22.0,770.0,0.0150752582498
0,22.0,780.0,0.0149158999505
0,23.0,380.0,0.00390706073579
0,23.0,390.0,0.0040545068316
0,23.0,400.0,0.00617438363171
0,23.0,410.0,0.00767407404475
0,23.0,420.0,0.00817726537967
0,23.0,430.0,0.00781860832275
0,23.0,440.0,0.00940585527788
0,23.0,450.0,0.0106087050735
0,23.0,460.0,0.0110298520359
0,23.0,470.0,0.0112570722499
0,23.0,480.0,0.0113432892962
0,23.0,490.0,0.0108416986341
0,23.0,500.0,0.0107790527533
0,23.0,510.0,0.0106270189774
0,23.0,520.0,0.0099931965177
0,23.0,530.0,0.00952108968092
0,23.0,540.0,0.00949939597699
0,23.0,550.0,0.00928749037131
0,23.0,560.0,0.00870559250055
0,23.0,570.0,0.00819696496981
0,23.0,580.0,0.00850882062347
0,23.0,590.0,0.00872815363258
0,23.0,600.0,0.00813240706881
0,23.0,610.0,0.00859512527029
0,23.0,620.0,0.00937330566242
0,23.0,630.0,0.0100878127807
0,23.0,640.0,0.0109132146353
0,23.0,650.0,0.0115807594607
0,23.0,660.0,0.0118317364712
0,23.0,670.0,0.0128804339144
0,23.0,680.0,0.0133464447427
0,23.0,690.0,0.0137038754551
0,23.0,700.0,0.0139465289482
0,23.0,710.0,0.0141294592798
0,23.0,720.0,0.0140577737281
0,23.0,730.0,0.014243523282
0,23.0,740.0,0.0140818949225
0,23.0,750.0,0.0140953406621
0,23.0,760.0,0.0142120180945
0,23.0,770.0,0.0139717325975
0,23.0,780.0,0.0138120918722
0,24.0,380.0,0.00389174499547
0,24.0,390.0,0.00402513117776
0,24.0,400.0,0.00611068209181
0,24.0,410.0,0.00757311285714
0,24.0,420.0,0.00804816123502
0,24.0,430.0,0.00767596410073
0,24.0,440.0,0.00921248486795
0,24.0,450.0,0.0103672887769
0,24.0,460.0,0.0107553858412
0,24.0,470.0,0.0109538938357
0,24.0,480.0,0.011014451927
0,24.0,490.0,0.0105057298499
0,24.0,500.0,0.010422903509
0,24.0,510.0,0.0102540493756
0,24.0,520.0,0.00962190064732
0,24.0,530.0,0.00914650919974
0,24.0,540.0,0.00910588032589
0,24.0,550.0,0.00888303035211
0,24.0,560.0,0.00830777034276
0,24.0,570.0,0.00780468831177
0,24.0,580.0,0.00808489499107
0,24.0,590.0,0.0082771376059
0,24.0,600.0,0.0076959265199
0,24.0,610.0,0.008119690386
0,24.0,620.0,0.00884084922008
0,24.0,630.0,0.00949992605794
0,24.0,640.0,0.0102622357897
0,24.0,650.0,0.0108745542175
0,24.0,660.0,0.0110948922193
0,24.0,670.0,0.012062525652
0,24.0,680.0,0.0124831038815
0,24.0,690.0,0.0128016511943
0,24.0,700.0,0.0130131275409
0,24.0,710.0,0.0131687715866
0,24.0,720.0,0.0130876315695
0,24.0,730.0,0.0132469033053
0,24.0,740.0,0.0130834823748
0,24.0,750.0,0.013083401232
0,24.0,760.0,0.0131800218277
0,24.0,770.0,0.0129460236533
0,24.0,780.0,0.0127874746631
0,25.0,380.0,0.00387483189178
0,25.0,390.0,0.00399524988369
0,25.0,400.0,0.00604798575508
0,25.0,410.0,0.0074756104884
0,25.0,420.0,0.0079250922321
0,25.0,430.0,0.00754133320961
0,25.0,440.0,0.00903146330794
0,25.0,450.0,0.0101428785211
0,25.0,460.0,0.0105018757509
0,25.0,470.0,0.0106754692681
0,25.0,480.0,0.010714142244
0,25.0,490.0,0.0102004368705
0,25.0,500.0,0.0101008866283
0,25.0,510.0,0.00991839697782
0,25.0,520.0,0.00928919386618
0,25.0,530.0,0.00881242128764
0,25.0,540.0,0.00875620131796
0,25.0,550.0,0.00852491637299
0,25.0,560.0,0.00795674754867
0,25.0,570.0,0.0074596948265
0,25.0,580.0,0.00771282874551
0,25.0,590.0,0.00788174941109
0,25.0,600.0,0.00731399513311
0,25.0,610.0,0.00770376460107
0,25.0,620.0,0.00837489248205
0,25.0,630.0,0.00898536796289
0,25.0,640.0,0.00969223516582
0,25.0,650.0,0.0102559815487
0,25.0,660.0,0.0104492934383
0,25.0,670.0,0.0113456347
0,25.0,680.0,0.0117261496399
0,25.0,690.0,0.012010389625
0,25.0,700.0,0.0121942673005
0,25.0,710.0,0.012325781702
0,25.0,720.0,0.0122361596403
0,25.0,730.0,0.0123719548627
0,25.0,740.0,0.0122067808374
0,25.0,750.0,0.012194664341
0,25.0,760.0,0.0122733988129
0,25.0,770.0,0.0120447274479
0,25.0,780.0,0.0118869950149
0,26.0,380.0,0.00385267765941
0,26.0,390.0,0.00396086313015
0,26.0,400.0,0.00597986507408
0,26.0,410.0,0.00737313666896
0,26.0,420.0,0.00779857574506
0,26.0,430.0,0.0074051320232
0,26.0,440.0,0.00885057992291
0,26.0,450.0,0.00992086151869
0,26.0,460.0,0.0102531535836
0,26.0,470.0,0.0104042426559
0,26.0,480.0,0.0104234457058
0,26.0,490.0,0.00990656847254
0,26.0,500.0,0.0097925179385
0,26.0,510.0,0.00959848552977
0,26.0,520.0,0.00897346360016
0,26.0,530.0,0.00849669484336
0,26.0,540.0,0.00842696656453
0,26.0,550.0,0.00818891278259
0,26.0,560.0,0.00762846785576
0,26.0,570.0,0.00713803090958
0,26.0,580.0,0.00736684460828
0,26.0,590.0,0.00751496232686
0,26.0,600.0,0.00696053191259
0,26.0,610.0,0.00731959749405
0,26.0,620.0,0.00794526837634
0,26.0,630.0,0.00851171344197
0,26.0,640.0,0.00916833250982
0,26.0,650.0,0.00968823212273
0,26.0,660.0,0.00985751998985
0,26.0,670.0,0.0106893130799
0,26.0,680.0,0.0110339443751
0,26.0,690.0,0.0112875935314
0,26.0,700.0,0.0114470130447
0,26.0,710.0,0.0115572424133
0,26.0,720.0,0.0114605833524
0,26.0,730.0,0.0115756600369
0,26.0,740.0,0.0114095221646
0,26.0,750.0,0.0113870639333
0,26.0,760.0,0.0114501146831
0,26.0,770.0,0.0112268185076
0,26.0,780.0,0.0110703352379
0,27.0,380.0,0.00382605342071
0,27.0,390.0,0.00392272817635
0,27.0,400.0,0.00590738314262
0,27.0,410.0,0.00726687887299
0,27.0,420.0,0.00766971820437
0,27.0,430.0,0.00726825581222
0,27.0,440.0,0.00867070699377
0,27.0,450.0,0.0097019830792
0,27.0,460.0,0.0100097390637
0,27.0,470.0,0.0101404791188
0,27.0,480.0,0.0101423526877
0,27.0,490.0,0.00962384734633
0,27.0,500.0,0.0094972441261
0,27.0,510.0,0.0092934891846
0,27.0,520.0,0.00867366405139
0,27.0,530.0,0.00819806172292
0,27.0,540.0,0.00811664430471
0,27.0,550.0,0.00787325472592
0,27.0,560.0,0.00732102183649
0,27.0,570.0,0.00683765557263
0,27.0,580.0,0.00704458649211
0,27.0,590.0,0.00717412513004
0,27.0,600.0,0.00663283534636
0,27.0,610.0,0.00696412059276
0,27.0,620.0,0.00754841309212
0,27.0,630.0,0.00807489572923
0,27.0,640.0,0.00868589032473
0,27.0,650.0,0.00916613864224
0,27.0,660.0,0.00931404637894
0,27.0,670.0,0.0100872891393
0,27.0,680.0,0.0103997304321
0,27.0,690.0,0.0106260652111
0,27.0,700.0,0.0107637868577
0,27.0,710.0,0.0108552259655
0,27.0,720.0,0.0107527748794
0,27.0,730.0,0.0108495514914
0,27.0,740.0,0.0106831120873
0,27.0,750.0,0.0106517823837
0,27.0,760.0,0.0107010745479
0,27.0,770.0,0.0104831607125
0,27.0,780.0,0.0103282777132
0,28.0,380.0,0.00379563390864
0,28.0,390.0,0.00388149750242
0,28.0,400.0,0.00583144222379
0,28.0,410.0,0.00715782907713
0,28.0,420.0,0.00753942743529
0,28.0,430.0,0.00713142296212
0,28.0,440.0,0.00849252312107
0,28.0,450.0,0.0094867946837
0,28.0,460.0,0.00977197855356
0,28.0,470.0,0.0098842975958
0,28.0,480.0,0.00987073936043
0,28.0,490.0,0.0093519199336
0,28.0,500.0,0.00921447063912
0,28.0,510.0,0.00900257678364
0,28.0,520.0,0.00838877867891
0,28.0,530.0,0.00791531637809
0,28.0,540.0,0.00782379954973
0,28.0,550.0,0.00757630650923
0,28.0,560.0,0.00703265423907
0,28.0,570.0,0.00655670466754
0,28.0,580.0,0.00674391287639
0,28.0,590.0,0.00685683723299
0,28.0,600.0,0.00632846768026
0,28.0,610.0,0.00663457220821
0,28.0,620.0,0.00718112611331
0,28.0,630.0,0.00767126973697
0,28.0,640.0,0.00824075903996
0,28.0,650.0,0.00868508456439
0,28.0,660.0,0.00881394294663
0,28.0,670.0,0.00953397456774
0,28.0,680.0,0.0098174934343
0,28.0,690.0,0.0100194055095
0,28.0,700.0,0.010137858187
0,28.0,710.0,0.0102126975737
0,28.0,720.0,0.0101055280801
0,28.0,730.0,0.010186128033
0,28.0,740.0,0.0100199426521
0,28.0,750.0,0.00998101949295
0,28.0,760.0,0.0100182381761
0,28.0,770.0,0.0098056823742
0,28.0,780.0,0.00965268351027
0,29.0,380.0,0.00376200874034
0,29.0,390.0,0.00383773293244
0,29.0,400.0,0.00575280776521
0,29.0,410.0,0.00704681543272
0,29.0,420.0,0.00740844717979
0,29.0,430.0,0.00699520779681
0,29.0,440.0,0.00831655159139
0,29.0,450.0,0.00927569517176
0,29.0,460.0,0.00954008502636
0,29.0,470.0,0.00963570817334
0,29.0,480.0,0.00960840132713
0,29.0,490.0,0.00909038442679
0,29.0,500.0,0.00894358504223
0,29.0,510.0,0.00872493019666
0,29.0,520.0,0.00811783283143
0,29.0,530.0,0.0076473231756
0,29.0,540.0,0.00754709666574
0,29.0,550.0,0.00729655934258
0,29.0,560.0,0.00676175725941
0,29.0,570.0,0.00629348011135
0,29.0,580.0,0.00646288127352
0,29.0,590.0,0.00656092849432
0,29.0,600.0,0.00604523186946
0,29.0,610.0,0.00632846913231
0,29.0,620.0,0.006840535286
0,29.0,630.0,0.00729757008891
0,29.0,640.0,0.00782922706052
0,29.0,650.0,0.00824094633953
0,29.0,660.0,0.00835281204913
0,29.0,670.0,0.00902438985582
0,29.0,680.0,0.00928187987713
0,29.0,690.0,0.00946192398689
0,29.0,700.0,0.00956324727076
0,29.0,710.0,0.00962341243586
0,29.0,720.0,0.00951245104349
0,29.0,730.0,0.00957874086245
0,29.0,740.0,0.00941327503853
0,29.0,750.0,0.00936787058927
0,29.0,760.0,0.00939449266526
0,29.0,770.0,0.00918724680034
0,29.0,780.0,0.00903636033429
0,30.0,380.0,0.00372569264368
0,30.0,390.0,0.00379191796361
0,30.0,400.0,0.00567212882036
0,30.0,410.0,0.00693452866038
0,30.0,420.0,0.00727738538655
0,30.0,430.0,0.00686006707629
0,30.0,440.0,0.00814319090986
0,30.0,450.0,0.00906896304732
0,30.0,460.0,0.00931416893265
0,30.0,470.0,0.00939464039784
0,30.0,480.0,0.00935507857446
0,30.0,490.0,0.00883881094145
0,30.0,500.0,0.00868397314332
0,30.0,510.0,0.00845975614499
0,30.0,520.0,0.00785990087456
0,30.0,530.0,0.00739301912239
0,30.0,540.0,0.00728529804172
0,30.0,550.0,0.00703262594266
0,30.0,560.0,0.00650686154278
0,30.0,570.0,0.00604643762979
0,30.0,580.0,0.00619973180261
0,30.0,590.0,0.00628443874173
0,30.0,600.0,0.00578114889371
0,30.0,610.0,0.00604357931271
0,30.0,620.0,0.00652406356968
0,30.0,630.0,0.0069508716366
0,30.0,640.0,0.00744797420822
0,30.0,650.0,0.00783003999311
0,30.0,660.0,0.00792672943378
0,30.0,670.0,0.00855409621854
0,30.0,680.0,0.00878812225112
0,30.0,690.0,0.00894855766196
0,30.0,700.0,0.00903463813517
0,30.0,710.0,0.00908182328701
0,30.0,720.0,0.008967869949
0,30.0,730.0,0.00902149210537
0,30.0,740.0,0.00885713530944
0,30.0,750.0,0.00880621835653
0,30.0,760.0,0.00882353970676
0,30.0,770.0,0.00862153793824
0,30.0,780.0,0.00847294608812
0,31.0,380.0,0.00368713460757
0,31.0,390.0,0.00374446845592
0,31.0,400.0,0.00558995535745
0,31.0,410.0,0.00682154402267
0,31.0,420.0,0.00714673740014
0,31.0,430.0,0.00672636141072
0,31.0,440.0,0.00797273913384
0,31.0,450.0,0.00886678185331
0,31.0,460.0,0.00909426205071
0,31.0,470.0,0.00916096472905
0,31.0,480.0,0.00911047390225
0,31.0,490.0,0.00859675589573
0,31.0,500.0,0.00843502985508
0,31.0,510.0,0.00820629336697
0,31.0,520.0,0.00761410947403
0,31.0,530.0,0.00715141348277
0,31.0,540.0,0.00703726021905
0,31.0,550.0,0.00678323322905
0,31.0,560.0,0.0062666259571
0,31.0,570.0,0.00581417388599
0,31.0,580.0,0.00595287065613
0,31.0,590.0,0.00602559770177
0,31.0,600.0,0.00553443597091
0,31.0,610.0,0.00577789596216
0,31.0,620.0,0.0062293978573
0,31.0,630.0,0.00662855274945
0,31.0,640.0,0.00709402873711
0,31.0,650.0,0.00744907210437
0,31.0,660.0,0.00753219072107
0,31.0,670.0,0.00811913372973
0,31.0,680.0,0.00833197126921
0,31.0,690.0,0.00847479773046
0,31.0,700.0,0.00854730038312
0,31.0,710.0,0.00858299754044
0,31.0,720.0,0.00846674312778
0,31.0,730.0,0.00850914432929
0,31.0,740.0,0.00834622166002
0,31.0,750.0,0.00829063679247
0,31.0,760.0,0.00829979568229
0,31.0,770.0,0.00810295921592
0,31.0,780.0,0.00795680604343
0,32.0,380.0,0.00364672599378
0,32.0,390.0,0.00369574185962
0,32.0,400.0,0.00550675290596
0,32.0,410.0,0.00670833961614
0,32.0,420.0,0.00701690499054
0,32.0,430.0,0.00659437259635
0,32.0,440.0,0.00780541330477
0,32.0,450.0,0.00866926013712
0,32.0,460.0,0.00888033593227
0,32.0,470.0,0.00893450877967
0,32.0,480.0,0.0088742664675
0,32.0,490.0,0.00836377212024
0,32.0,500.0,0.00819616625284
0,32.0,510.0,0.0079638165015
0,32.0,520.0,0.00737963825865
0,32.0,530.0,0.00692158537777
0,32.0,540.0,0.00680192849016
0,32.0,550.0,0.00654721401419
0,32.0,560.0,0.00603982689755
0,32.0,570.0,0.0055954136264
0,32.0,580.0,0.00572085403349
0,32.0,590.0,0.00578280584597
0,32.0,600.0,0.00530348606148
0,32.0,610.0,0.00552961344033
0,32.0,620.0,0.00595446015139
0,32.0,630.0,0.00632826159598
0,32.0,640.0,0.00676472806202
0,32.0,650.0,0.00709509522601
0,32.0,660.0,0.00716606293279
0,32.0,670.0,0.00771596548703
0,32.0,680.0,0.00790963489509
0,32.0,690.0,0.00803662382599
0,32.0,700.0,0.00809701921307
0,32.0,710.0,0.00812254332232
0,32.0,720.0,0.00800458451271
0,32.0,730.0,0.00803704010461
0,32.0,740.0,0.00787582211118
0,32.0,750.0,0.00781630612655
0,32.0,760.0,0.00781830329843
0,32.0,770.0,0.00762654419602
0,32.0,780.0,0.00748294214347
0,33.0,380.0,0.00360480767564
0,33.0,390.0,0.00364604515099
0,33.0,400.0,0.00542291493032
0,33.0,410.0,0.00659531159469
0,33.0,420.0,0.00688821197655
0,33.0,430.0,0.00646431766307
0,33.0,440.0,0.00764136498123
0,33.0,450.0,0.00847644717039
0,33.0,460.0,0.00867231616289
0,33.0,470.0,0.00871506957599
0,33.0,480.0,0.00864612166214
0,33.0,490.0,0.00813941582761
0,33.0,500.0,0.00796681390606
0,33.0,510.0,0.00773163769985
0,33.0,520.0,0.00715571875825
0,33.0,530.0,0.0067026801617
0,33.0,540.0,0.00657833069969
0,33.0,550.0,0.00632349834217
0,33.0,560.0,0.00582534767584
0,33.0,570.0,0.00538899730555
0,33.0,580.0,0.00550237296269
0,33.0,590.0,0.00555461653009
0,33.0,600.0,0.00508684895907
0,33.0,610.0,0.00529710516787
0,33.0,620.0,0.0056973813246
0,33.0,630.0,0.00604788560338
0,33.0,640.0,0.00645768333921
0,33.0,650.0,0.00676546782526
0,33.0,660.0,0.00682554107923
0,33.0,670.0,0.00734142774932
0,33.0,680.0,0.00751772403473
0,33.0,690.0,0.00763044560336
0,33.0,700.0,0.00768003336512
0,33.0,710.0,0.00769654401387
0,33.0,720.0,0.00757739601584
0,33.0,730.0,0.00760103106374
0,33.0,740.0,0.00744174203411
0,33.0,750.0,0.00737893800756
0,33.0,760.0,0.0073746539889
0,33.0,770.0,0.00718787821422
0,33.0,780.0,0.0070469135495
0,34.0,380.0,0.00356167629349
0,34.0,390.0,0.00359564164719
0,34.0,400.0,0.0053387732862
0,34.0,410.0,0.00648278685693
0,34.0,420.0,0.00676091708129
0,34.0,430.0,0.00633636028797
0,34.0,440.0,0.00748069269127
0,34.0,450.0,0.0082883453589
0,34.0,460.0,0.00847009340636
0,34.0,470.0,0.00850242280981
0,34.0,480.0,0.00842569827211
0,34.0,490.0,0.00792325130985
0,34.0,500.0,0.00774642730206
0,34.0,510.0,0.00750910672326
0,34.0,520.0,0.00694163227818
0,34.0,530.0,0.0064939051537
0,34.0,540.0,0.00636557076991
0,34.0,550.0,0.00611110493046
0,34.0,560.0,0.0056221683649
0,34.0,570.0,0.00519386948483
0,34.0,580.0,0.00529623926376
0,34.0,590.0,0.00533971963581
0,34.0,600.0,0.00488321411063
0,34.0,610.0,0.00507890367478
0,34.0,620.0,0.00545647752421
0,34.0,630.0,0.00578552410304
0,34.0,640.0,0.0061707478483
0,34.0,650.0,0.006457818629
0,34.0,660.0,0.00650810961965
0,34.0,670.0,0.00699268577262
0,34.0,680.0,0.00715320453419
0,34.0,690.0,0.00725305120224
0,34.0,700.0,0.00729298046951
0,34.0,710.0,0.00730150069289
0,34.0,720.0,0.0071816081523
0,34.0,730.0,0.00719741569398
0,34.0,740.0,0.0070402406759
0,34.0,750.0,0.0069747100579
0,34.0,760.0,0.00696492010485
0,34.0,770.0,0.00678302997035
0,34.0,780.0,0.00664476734344
0,35.0,380.0,0.00351758971321
0,35.0,390.0,0.00354475684627
0,35.0,400.0,0.00525460704907
0,35.0,410.0,0.00637103361907
0,35.0,420.0,0.00663522451323
0,35.0,430.0,0.00621062007243
0,35.0,440.0,0.00732345191634
0,35.0,450.0,0.00810492003343
0,35.0,460.0,0.00827353193852
0,35.0,470.0,0.0082963297784
0,35.0,480.0,0.00821265358804
0,35.0,490.0,0.00771485396728
0,35.0,500.0,0.00753448492084
0,35.0,510.0,0.00729561003221
0,35.0,520.0,0.00673670714076
0,35.0,530.0,0.00629452508707
0,35.0,540.0,0.00616282226494
0,35.0,550.0,0.00590913297337
0,35.0,560.0,0.00542935629427
0,35.0,570.0,0.00500906814347
0,35.0,580.0,0.00510137275266
0,35.0,590.0,0.00513692677322
0,35.0,600.0,0.00469139517732
0,35.0,610.0,0.00487368275615
0,35.0,620.0,0.00523022914993
0,35.0,630.0,0.00553946404016
0,35.0,640.0,0.00590198899521
0,35.0,650.0,0.00617001513118
0,35.0,660.0,0.00621150849871
0,35.0,670.0,0.00666719496787
0,35.0,680.0,0.00681335503883
0,35.0,690.0,0.00690156207954
0,35.0,700.0,0.006932849221
0,35.0,710.0,0.00693428183489
0,35.0,720.0,0.00681402822025
0,35.0,730.0,0.00682288511123
0,35.0,740.0,0.00666797589013
0,35.0,750.0,0.00660020894689
0,35.0,760.0,0.00658559598815
0,35.0,770.0,0.00640849213503
0,35.0,780.0,0.00627297841461
0,36.0,380.0,0.00347277178235
0,36.0,390.0,0.00349358343318
0,36.0,400.0,0.005170649979
0,36.0,410.0,0.00626027024506
0,36.0,420.0,0.00651129269873
0,36.0,430.0,0.00608718010486
0,36.0,440.0,0.00716966311895
0,36.0,450.0,0.00792610719144
0,36.0,460.0,0.00808247624486
0,36.0,470.0,0.00809654257113
0,36.0,480.0,0.00800664699618
0,36.0,490.0,0.00751381213611
0,36.0,500.0,0.00733048938265
0,36.0,510.0,0.00709056923778
0,36.0,520.0,0.00654031559664
0,36.0,530.0,0.00610385751883
0,36.0,540.0,0.00596932218841
0,36.0,550.0,0.00571675444991
0,36.0,560.0,0.00524605728383
0,36.0,570.0,0.00483371493965
0,36.0,580.0,0.00491678968147
0,36.0,590.0,0.00494515799725
0,36.0,600.0,0.00451031624982
0,36.0,610.0,0.00468024160243
0,36.0,620.0,0.00501726221884
0,36.0,630.0,0.00530815850278
0,36.0,640.0,0.00564966362546
0,36.0,650.0,0.00590013588419
0,36.0,660.0,0.00593370332151
0,36.0,670.0,0.00636266685066
0,36.0,680.0,0.00649573010956
0,36.0,690.0,0.00657339353281
0,36.0,700.0,0.00659693763409
0,36.0,710.0,0.00659207946279
0,36.0,720.0,0.00647179517498
0,36.0,730.0,0.00647447588763
0,36.0,740.0,0.00632195610354
0,36.0,750.0,0.00625238096168
0,36.0,760.0,0.00623354684845
0,36.0,770.0,0.00606112986228
0,36.0,780.0,0.00592839738684
0,37.0,380.0,0.00342741646968
0,37.0,390.0,0.00344228557231
0,37.0,400.0,0.00508709684058
0,37.0,410.0,0.00615067263564
0,37.0,420.0,0.00638924150583
0,37.0,430.0,0.00596609314127
0,37.0,440.0,0.00701931821278
0,37.0,450.0,0.00775181962919
0,37.0,460.0,0.00789675612095
0,37.0,470.0,0.00790280792689
0,37.0,480.0,0.00780734244716
0,37.0,490.0,0.0073197280629
0,37.0,500.0,0.00713396697923
0,37.0,510.0,0.0068934391838
0,37.0,520.0,0.00635187062102
0,37.0,530.0,0.00592126836479
0,37.0,540.0,0.0057843651401
0,37.0,550.0,0.00553320701788
0,37.0,560.0,0.00507148765284
0,37.0,570.0,0.00466700641792
0,37.0,580.0,0.00474159237267
0,37.0,590.0,0.0047634299565
0,37.0,600.0,0.00433899960421
0,37.0,610.0,0.00449749074945
0,37.0,620.0,0.00481633191044
0,37.0,630.0,0.00509020780706
0,37.0,640.0,0.00541219631968
0,37.0,650.0,0.00564644618064
0,37.0,660.0,0.00567285922038
0,37.0,670.0,0.00607703924826
0,37.0,680.0,0.00619812799227
0,37.0,690.0,0.00626622024565
0,37.0,700.0,0.00628281664847
0,37.0,710.0,0.00627237095556
0,37.0,720.0,0.00615234036369
0,37.0,730.0,0.00614952904106
0,37.0,740.0,0.00599949859094
0,37.0,750.0,0.00592848910228
0,37.0,760.0,0.00590596441917
0,37.0,770.0,0.00573813615904
0,37.0,780.0,0.00560820550868
0,38.0,380.0,0.00338169148231
0,38.0,390.0,0.00339100260874
0,38.0,400.0,0.00500410879032
0,38.0,410.0,0.00604238046151
0,38.0,420.0,0.00626915827608
0,38.0,430.0,0.00584738671052
0,38.0,440.0,0.00687238584073
0,38.0,450.0,0.0075819518653
0,38.0,460.0,0.00771619067472
0,38.0,470.0,0.00771487014568
0,38.0,480.0,0.00761441016096
0,38.0,490.0,0.00713221833768
0,38.0,500.0,0.00694446686515
0,38.0,510.0,0.00670370589649
0,38.0,520.0,0.00617082278139
0,38.0,530.0,0.00574616770118
0,38.0,540.0,0.00560729793443
0,38.0,550.0,0.0053577875566
0,38.0,560.0,0.00490492702551
0,38.0,570.0,0.00450820614683
0,38.0,580.0,0.00457495999437
0,38.0,590.0,0.0045908453835
0,38.0,600.0,0.00417655487645
0,38.0,610.0,0.00432443968315
0,38.0,620.0,0.00462630807543
0,38.0,630.0,0.00488434286534
0,38.0,640.0,0.00518816033395
0,38.0,650.0,0.00540737672332
0,38.0,660.0,0.00542731795659
0,38.0,670.0,0.00580845021915
0,38.0,680.0,0.00591856242837
0,38.0,690.0,0.00597794617634
0,38.0,700.0,0.00598829834498
0,38.0,710.0,0.0059728857172
0,38.0,720.0,0.00585335327807
0,38.0,730.0,0.00584565428581
0,38.0,740.0,0.00569819312229
0,38.0,750.0,0.00562607571954
0,38.0,760.0,0.00560032835985
0,38.0,770.0,0.00543699305521
0,38.0,780.0,0.00530987542278
0,39.0,380.0,0.00333574147852
0,39.0,390.0,0.00333985232077
0,39.0,400.0,0.00492181807097
0,39.0,410.0,0.00593550255672
0,39.0,420.0,0.00615110301242
0,39.0,430.0,0.00573106748186
0,39.0,440.0,0.00672881586743
0,39.0,450.0,0.00741638430952
0,39.0,460.0,0.00754059169305
0,39.0,470.0,0.00753247351416
0,39.0,480.0,0.00742752801522
0,39.0,490.0,0.00695091419708
0,39.0,500.0,0.006761560299
0,39.0,510.0,0.00652088476599
0,39.0,520.0,0.00599665749984
0,39.0,530.0,0.0055780061195
0,39.0,540.0,0.00543751494661
0,39.0,550.0,0.00518984659719
0,39.0,560.0,0.0047457121367
0,39.0,570.0,0.00435663795884
0,39.0,580.0,0.00441614063514
0,39.0,590.0,0.00442658406581
0,39.0,600.0,0.00402216976232
0,39.0,610.0,0.00416018618934
0,39.0,620.0,0.00444616278209
0,39.0,630.0,0.00468941088992
0,39.0,640.0,0.00497626121323
0,39.0,650.0,0.00518150528324
0,39.0,660.0,0.00519557822647
0,39.0,670.0,0.00555521561799
0,39.0,680.0,0.00565523840089
0,39.0,690.0,0.00570667864683
0,39.0,700.0,0.00571140859119
0,39.0,710.0,0.0056915764876
0,39.0,720.0,0.00557275207345
0,39.0,730.0,0.00556069925521
0,39.0,740.0,0.00541587066286
0,39.0,750.0,0.00534293034358
0,39.0,760.0,0.00531437301756
0,39.0,770.0,0.00515543816233
0,39.0,780.0,0.00503113737737
0,40.0,380.0,0.00328969108147
0,40.0,390.0,0.00328893395888
0,40.0,400.0,0.00484033239648
0,40.0,410.0,0.00583012197393
0,40.0,420.0,0.0060351132787
0,40.0,430.0,0.00561712544169
0,40.0,440.0,0.00658854375954
0,40.0,450.0,0.00725498745137
0,40.0,460.0,0.00736976719233
0,40.0,470.0,0.0073553650967
0,40.0,480.0,0.00724638348925
0,40.0,490.0,0.00677546254594
0,40.0,500.0,0.00658484079335
0,40.0,510.0,0.00634451982211
0,40.0,520.0,0.00582889353624
0,40.0,530.0,0.00541627243664
0,40.0,540.0,0.00527445500208
0,40.0,550.0,0.00502878445266
0,40.0,560.0,0.00459323241316
0,40.0,570.0,0.00421168103519
0,40.0,580.0,0.00426444545766
0,40.0,590.0,0.00426989609657
0,40.0,600.0,0.00387510298511
0,40.0,610.0,0.00400390822573
0,40.0,620.0,0.00427496073512
0,40.0,630.0,0.00450436431625
0,40.0,640.0,0.00477532401441
0,40.0,650.0,0.00496754231673
0,40.0,660.0,0.00497628013919
0,40.0,670.0,0.00531581133078
0,40.0,680.0,0.00540653284824
0,40.0,690.0,0.00545070765868
0,40.0,700.0,0.00545036512723
0,40.0,710.0,0.00542659628364
0,40.0,720.0,0.00530865980176
0,40.0,730.0,0.00529272461945
0,40.0,740.0,0.00515057800273
0,40.0,750.0,0.00507706354401
0,40.0,760.0,0.00504606035709
0,40.0,770.0,0.00489143738028
0,40.0,780.0,0.00476995159521
0,41.0,380.0,0.00324364824616
0,41.0,390.0,0.00323833168428
0,41.0,400.0,0.00475974001586
0,41.0,410.0,0.00572630199177
0,41.0,420.0,0.00592121024913
0,41.0,430.0,0.00550553931551
0,41.0,440.0,0.00645149665538
0,41.0,450.0,0.00709762818939
0,41.0,460.0,0.00720352745292
0,41.0,470.0,0.00718330034559
0,41.0,480.0,0.00707067874609
0,41.0,490.0,0.00660553028217
0,41.0,500.0,0.00641392786221
0,41.0,510.0,0.00617418688048
0,41.0,520.0,0.0056670854267
0,41.0,530.0,0.005260495488
0,41.0,540.0,0.00511760265725
0,41.0,550.0,0.00487405195902
0,41.0,560.0,0.00444693017918
0,41.0,570.0,0.00407276963307
0,41.0,580.0,0.00411924793585
0,41.0,590.0,0.00412010055583
0,41.0,600.0,0.0037346825311
0,41.0,610.0,0.00385486152902
0,41.0,620.0,0.00411185610168
0,41.0,630.0,0.00432825677599
0,41.0,640.0,0.00458428829975
0,41.0,650.0,0.00476432496733
0,41.0,660.0,0.00476819839271
0,41.0,670.0,0.00508886510237
0,41.0,680.0,0.00517098543492
0,41.0,690.0,0.00520849564659
0,41.0,700.0,0.00520356637077
0,41.0,710.0,0.00517628629332
0,41.0,720.0,0.00505939162417
0,41.0,730.0,0.00503999039586
0,41.0,740.0,0.00490056351463
0,41.0,750.0,0.00482669198502
0,41.0,760.0,0.00479356421605
0,41.0,770.0,0.00464316877313
0,41.0,780.0,0.00452449171668
0,42.0,380.0,0.00319771021497
0,42.0,390.0,0.00318812086375
0,42.0,400.0,0.00468011939358
0,42.0,410.0,0.00562409820868
0,42.0,420.0,0.00580941164172
0,42.0,430.0,0.00539628897876
0,42.0,440.0,0.0063176083639
0,42.0,450.0,0.00694418686969
0,42.0,460.0,0.00704170288658
0,42.0,470.0,0.00701606156911
0,42.0,480.0,0.00690014948593
0,42.0,490.0,0.00644082263662
0,42.0,500.0,0.00624848558247
0,42.0,510.0,0.00600951221257
0,42.0,520.0,0.00551084142539
0,42.0,530.0,0.00511026159234
0,42.0,540.0,0.00496650603887
0,42.0,550.0,0.00472516832951
0,42.0,560.0,0.00430631778531
0,42.0,570.0,0.00393940958703
0,42.0,580.0,0.00398000126286
0,42.0,590.0,0.00397660340491
0,42.0,600.0,0.00360032233202
0,42.0,610.0,0.00371239712975
0,42.0,620.0,0.0039561113921
0,42.0,630.0,0.00416026314112
0,42.0,640.0,0.00440222945307
0,42.0,650.0,0.00457083925579
0,42.0,660.0,0.00457026447174
0,42.0,670.0,0.0048731801383
0,42.0,680.0,0.00494732239786
0,42.0,690.0,0.00497870131736
0,42.0,700.0,0.00496961498698
0,42.0,710.0,0.00493919905277
0,42.0,720.0,0.00482347715767
0,42.0,730.0,0.00480097784103
0,42.0,740.0,0.00466429806352
0,42.0,750.0,0.00459025862108
0,42.0,760.0,0.00455528988494
0,42.0,770.0,0.0044090410692
0,42.0,780.0,0.0042931623676
0,43.0,380.0,0.00315198665264
0,43.0,390.0,0.00313839312549
0,43.0,400.0,0.00460157884929
0,43.0,410.0,0.00552360962247
0,43.0,420.0,0.00569978815782
0,43.0,430.0,0.00528941145783
0,43.0,440.0,0.00618688935343
0,43.0,450.0,0.00679463949079
0,43.0,460.0,0.00688423310643
0,43.0,470.0,0.00685355298106
0,43.0,480.0,0.00673466504623
0,43.0,490.0,0.00628118349826
0,43.0,500.0,0.0060883271351
0,43.0,510.0,0.00585028068042
0,43.0,520.0,0.00535993022878
0,43.0,530.0,0.00496532122474
0,43.0,540.0,0.00482088846132
0,43.0,550.0,0.00458183547649
0,43.0,560.0,0.0041710897266
0,43.0,570.0,0.00381128860217
0,43.0,580.0,0.00384635702747
0,43.0,590.0,0.00383902213037
0,43.0,600.0,0.0034716411143
0,43.0,610.0,0.00357608882295
0,43.0,620.0,0.00380723784514
0,43.0,630.0,0.00399983184537
0,43.0,640.0,0.00422852429459
0,43.0,650.0,0.00438639642038
0,43.0,660.0,0.00438174717943
0,43.0,670.0,0.00466793164474
0,43.0,680.0,0.00473465999295
0,43.0,690.0,0.00476038814664
0,43.0,700.0,0.00474752936542
0,43.0,710.0,0.00471431189753
0,43.0,720.0,0.00459987186854
0,43.0,730.0,0.00457460237104
0,43.0,740.0,0.00444068421924
0,43.0,750.0,0.00436664072608
0,43.0,760.0,0.00433008209182
0,43.0,770.0,0.00418789643267
0,43.0,780.0,0.00407479795611
0,44.0,380.0,0.00310640526811
0,44.0,390.0,0.0030891092265
0,44.0,400.0,0.00452411202635
0,44.0,410.0,0.00542489360186
0,44.0,420.0,0.00559246909219
0,44.0,430.0,0.00518509468053
0,44.0,440.0,0.00605964240851
0,44.0,450.0,0.00664941241645
0,44.0,460.0,0.00673164995789
0,44.0,470.0,0.00669640469181
0,44.0,480.0,0.00657495055726
0,44.0,490.0,0.00612738837125
0,44.0,500.0,0.00593430752332
0,44.0,510.0,0.00569741666326
0,44.0,520.0,0.00521529634394
0,44.0,530.0,0.0048266485479
0,44.0,540.0,0.0046817913014
0,44.0,550.0,0.00444513928332
0,44.0,560.0,0.00404232672488
0,44.0,570.0,0.00368948256245
0,44.0,580.0,0.00371947987093
0,44.0,590.0,0.00370858087801
0,44.0,600.0,0.00334980756672
0,44.0,610.0,0.0034471865543
0,44.0,620.0,0.00366660586647
0,44.0,630.0,0.00384844274083
0,44.0,640.0,0.00406477264886
0,44.0,650.0,0.0042126895093
0,44.0,660.0,0.00420436866217
0,44.0,670.0,0.00447498126438
0,44.0,680.0,0.004534911156
0,44.0,690.0,0.00455550168252
0,44.0,700.0,0.0045392669069
0,44.0,710.0,0.00450358437719
0,44.0,720.0,0.00439050000183
0,44.0,730.0,0.00436278469839
0,44.0,740.0,0.00423159218487
0,44.0,750.0,0.00415768079769
0,44.0,760.0,0.00411976428977
0,44.0,770.0,0.00398149476148
0,44.0,780.0,0.00387110666604
0,45.0,380.0,0.00305911658762
0,45.0,390.0,0.00303829267129
0,45.0,400.0,0.00444463099648
0,45.0,410.0,0.00532402703791
0,45.0,420.0,0.00548319811951
0,45.0,430.0,0.00507920933631
0,45.0,440.0,0.00593084240967
0,45.0,450.0,0.00650279321747
0,45.0,460.0,0.00657797908193
0,45.0,470.0,0.00653850875831
0,45.0,480.0,0.0064148425301
0,45.0,490.0,0.0059735640169
0,45.0,500.0,0.00578060452295
0,45.0,510.0,0.00554520903754
0,45.0,520.0,0.0050716060201
0,45.0,530.0,0.00468919042608
0,45.0,540.0,0.00454421876608
0,45.0,550.0,0.00431023978152
0,45.0,560.0,0.00391553352342
0,45.0,570.0,0.00356979775625
0,45.0,580.0,0.00359508349075
0,45.0,590.0,0.00358097956804
0,45.0,600.0,0.00323089306448
0,45.0,610.0,0.00332163485077
0,45.0,620.0,0.00352990043338
0,45.0,630.0,0.00370156026363
0,45.0,640.0,0.00390618286162
0,45.0,650.0,0.00404474937428
0,45.0,660.0,0.00403316378216
0,45.0,670.0,0.00428904125516
0,45.0,680.0,0.00434271181492
0,45.0,690.0,0.00435864560416
0,45.0,700.0,0.00433944495162
0,45.0,710.0,0.00430166645836
0,45.0,720.0,0.00419013634547
0,45.0,730.0,0.00416032669262
0,45.0,740.0,0.00403197163018
0,45.0,750.0,0.00395840776307
0,45.0,760.0,0.00391940945839
0,45.0,770.0,0.00378507007718
0,45.0,780.0,0.00367744861758
0,46.0,380.0,0.00301307121825
0,46.0,390.0,0.00298918458545
0,46.0,400.0,0.00436833075764
0,46.0,410.0,0.00522777936766
0,46.0,420.0,0.00537951755079
0,46.0,430.0,0.00497928156218
0,46.0,440.0,0.00580992572734
0,46.0,450.0,0.00636586513713
0,46.0,460.0,0.00643521235371
0,46.0,470.0,0.00639259686947
0,46.0,480.0,0.0062676842625
0,46.0,490.0,0.00583297113667
0,46.0,500.0,0.00564092790229
0,46.0,510.0,0.00540770999215
0,46.0,520.0,0.00494259119035
0,46.0,530.0,0.00456655219053
0,46.0,540.0,0.00442226075317
0,46.0,550.0,0.00419142880947
0,46.0,560.0,0.00380459850069
0,46.0,570.0,0.00346577887655
0,46.0,580.0,0.0034876135173
0,46.0,590.0,0.00347127160954
0,46.0,600.0,0.00312915816906
0,46.0,610.0,0.00321463582519
0,46.0,620.0,0.00341377447677
0,46.0,630.0,0.0035771701168
0,46.0,640.0,0.00377223222103
0,46.0,650.0,0.00390324311621
0,46.0,660.0,0.00388922776823
0,46.0,670.0,0.00413301880884
0,46.0,680.0,0.00418172240349
0,46.0,690.0,0.00419402269817
0,46.0,700.0,0.00417257432592
0,46.0,710.0,0.00413326590735
0,46.0,720.0,0.0040232248098
0,46.0,730.0,0.00399182888058
0,46.0,740.0,0.00386597950219
0,46.0,750.0,0.0037928308998
0,46.0,760.0,0.00375301597367
0,46.0,770.0,0.00362201641217
0,46.0,780.0,0.00351675895886
0,47.0,380.0,0.00296777114746
0,47.0,390.0,0.00294104154173
0,47.0,400.0,0.00429375003207
0,47.0,410.0,0.00513393664457
0,47.0,420.0,0.00527864760058
0,47.0,430.0,0.00488224942183
0,47.0,440.0,0.00569271562592
0,47.0,450.0,0.00623334399362
0,47.0,460.0,0.00629724425749
0,47.0,470.0,0.00625178506183
0,47.0,480.0,0.00612586202164
0,47.0,490.0,0.00569765298607
0,47.0,500.0,0.00550666814362
0,47.0,510.0,0.00527571599849
0,47.0,520.0,0.00481890325381
0,47.0,530.0,0.00444913843115
0,47.0,540.0,0.00430565231482
0,47.0,550.0,0.00407798208405
0,47.0,560.0,0.0036988164842
0,47.0,570.0,0.00336672811483
0,47.0,580.0,0.00338540684837
0,47.0,590.0,0.00336706257217
0,47.0,600.0,0.00303264773156
0,47.0,610.0,0.0031132427921
0,47.0,620.0,0.00330384362998
0,47.0,630.0,0.00345953353032
0,47.0,640.0,0.00364567347672
0,47.0,650.0,0.00376966841802
0,47.0,660.0,0.00375348177821
0,47.0,670.0,0.00398600021923
0,47.0,680.0,0.00403015050817
0,47.0,690.0,0.00403915650656
0,47.0,700.0,0.00401571622112
0,47.0,710.0,0.00397509115816
0,47.0,720.0,0.00386656469579
0,47.0,730.0,0.0038337909868
0,47.0,740.0,0.00371039843973
0,47.0,750.0,0.00363774167768
0,47.0,760.0,0.00359725775561
0,47.0,770.0,0.00346947623161
0,47.0,780.0,0.00336651774304
0,48.0,380.0,0.00292363999612
0,48.0,390.0,0.0028942723733
0,48.0,400.0,0.00422146738893
0,48.0,410.0,0.00504316705886
0,48.0,420.0,0.00518125018806
0,48.0,430.0,0.0047887016799
0,48.0,440.0,0.00557987150498
0,48.0,450.0,0.00610592299877
0,48.0,460.0,0.0061647468958
0,48.0,470.0,0.00611671421788
0,48.0,480.0,0.0059899788725
0,48.0,490.0,0.00556814909256
0,48.0,500.0,0.00537832701069
0,48.0,510.0,0.00514969028767
0,48.0,520.0,0.00470095056835
0,48.0,530.0,0.00433731334318
0,48.0,540.0,0.00419473472537
0,48.0,550.0,0.00397021305896
0,48.0,560.0,0.00359846364246
0,48.0,570.0,0.00327289006741
0,48.0,580.0,0.00328870111351
0,48.0,590.0,0.00326857680992
0,48.0,600.0,0.00294155277006
0,48.0,610.0,0.00301763935342
0,48.0,620.0,0.00320028858341
0,48.0,630.0,0.00334882447986
0,48.0,640.0,0.00352667319363
0,48.0,650.0,0.0036441796778
0,48.0,660.0,0.00362606129319
0,48.0,670.0,0.00384810934939
0,48.0,680.0,0.00388810065907
0,48.0,690.0,0.0038941306035
0,48.0,700.0,0.00386893211433
0,48.0,710.0,0.00382718138629
0,48.0,720.0,0.0037201726583
0,48.0,730.0,0.00368620778848
0,48.0,740.0,0.0035652022004
0,48.0,750.0,0.00349309342508
0,48.0,760.0,0.00345206737407
0,48.0,770.0,0.00332736402563
0,48.0,780.0,0.00322662222454
0,49.0,380.0,0.00288059245806
0,49.0,390.0,0.00284877998869
0,49.0,400.0,0.0041513240526
0,49.0,410.0,0.0049552617371
0,49.0,420.0,0.00508709203569
0,49.0,430.0,0.00469840609371
0,49.0,440.0,0.00547110362178
0,49.0,450.0,0.00598326404578
0,49.0,460.0,0.00603735671367
0,49.0,470.0,0.00598700094076
0,49.0,480.0,0.00585963461675
0,49.0,490.0,0.00544406370837
0,49.0,500.0,0.00525549597422
0,49.0,510.0,0.00502921444253
0,49.0,520.0,0.00458832436518
0,49.0,530.0,0.0042306700675
0,49.0,540.0,0.0040890862459
0,49.0,550.0,0.0038676928672
0,49.0,560.0,0.00350312169185
0,49.0,570.0,0.00318385500584
0,49.0,580.0,0.00319705764756
0,49.0,590.0,0.00317535279045
0,49.0,600.0,0.00285542962551
0,49.0,610.0,0.00292734789078
0,49.0,620.0,0.00310258117584
0,49.0,630.0,0.0032444662639
0,49.0,640.0,0.00341459977639
0,49.0,650.0,0.00352609857574
0,49.0,660.0,0.0035062649979
0,49.0,670.0,0.00371857456727
0,49.0,680.0,0.00375476489071
0,49.0,690.0,0.00375810681253
0,49.0,700.0,0.00373136097418
0,49.0,710.0,0.00368865594774
0,49.0,720.0,0.00358316460264
0,49.0,730.0,0.00354817630908
0,49.0,740.0,0.00342949086674
0,49.0,750.0,0.0033579783897
0,49.0,760.0,0.00331652381436
0,49.0,770.0,0.00319476851613
0,49.0,780.0,0.00309616574666
0,50.0,380.0,0.00283863951647
0,50.0,390.0,0.00280456139214
0,50.0,400.0,0.00408329607434
0,50.0,410.0,0.0048701695237
0,50.0,420.0,0.00499609825964
0,50.0,430.0,0.00461127348636
0,50.0,440.0,0.00536628537039
0,50.0,450.0,0.00586520415263
0,50.0,460.0,0.0059148844416
0,50.0,470.0,0.00586243286744
0,50.0,480.0,0.00573459623482
0,50.0,490.0,0.0053251565112
0,50.0,500.0,0.00513791838329
0,50.0,510.0,0.00491401800099
0,50.0,520.0,0.00448075392069
0,50.0,530.0,0.00412893427367
0,50.0,540.0,0.00398841742635
0,50.0,550.0,0.0037701228772
0,50.0,560.0,0.00341249591959
0,50.0,570.0,0.00309933147213
0,50.0,580.0,0.00311016076752
0,50.0,590.0,0.00308705436523
0,50.0,600.0,0.00277395290149
0,50.0,610.0,0.00284201379426
0,50.0,620.0,0.00301032413451
0,50.0,630.0,0.00314602021557
0,50.0,640.0,0.00330896751886
0,50.0,650.0,0.00341489832457
0,50.0,660.0,0.00339354345326
0,50.0,670.0,0.00359678627946
0,50.0,680.0,0.00362950011679
0,50.0,690.0,0.0036304135194
0,50.0,700.0,0.00360230847991
0,50.0,710.0,0.00355880077461
0,50.0,720.0,0.00345482002408
0,50.0,730.0,0.00341895702516
0,50.0,740.0,0.00330252425143
0,50.0,750.0,0.00323164705137
0,50.0,760.0,0.00318986344869
0,50.0,770.0,0.00307093147726
0,50.0,780.0,0.00297439164552
0,51.0,380.0,0.00279778153633
0,51.0,390.0,0.00276160398212
0,51.0,400.0,0.00401734687356
0,51.0,410.0,0.00478782585113
0,51.0,420.0,0.00490818193017
0,51.0,430.0,0.00452720514533
0,51.0,440.0,0.00526528088672
0,51.0,450.0,0.0057515722296
0,51.0,460.0,0.00579713467479
0,51.0,470.0,0.00574279360038
0,51.0,480.0,0.00561462881693
0,51.0,490.0,0.0052111873895
0,51.0,500.0,0.00502533977941
0,51.0,510.0,0.00480383459578
0,51.0,520.0,0.00437797416702
0,51.0,530.0,0.00403183875734
0,51.0,540.0,0.0038924476309
0,51.0,550.0,0.00367721474102
0,51.0,560.0,0.00332630280776
0,51.0,570.0,0.00301904000224
0,51.0,580.0,0.00302770871439
0,51.0,590.0,0.00300336118552
0,51.0,600.0,0.00269681334683
0,51.0,610.0,0.00276130092069
0,51.0,620.0,0.00292314178384
0,51.0,630.0,0.0030530724339
0,51.0,640.0,0.00320931907946
0,51.0,650.0,0.0033100838449
0,51.0,660.0,0.00328738120457
0,51.0,670.0,0.00348217354187
0,51.0,680.0,0.00351170495028
0,51.0,690.0,0.00351042355996
0,51.0,700.0,0.00348112713803
0,51.0,710.0,0.00343695079471
0,51.0,720.0,0.00333446864623
0,51.0,730.0,0.00329786273584
0,51.0,740.0,0.00318361525412
0,51.0,750.0,0.00311340432739
0,51.0,760.0,0.00307137878298
0,51.0,770.0,0.00295515104059
0,51.0,780.0,0.00286060007567
0,52.0,380.0,0.00275801610222
0,52.0,390.0,0.00271989337327
0,52.0,400.0,0.00395343869388
0,52.0,410.0,0.00470816644596
0,52.0,420.0,0.00482325815046
0,52.0,430.0,0.00444610582207
0,52.0,440.0,0.00516796018134
0,52.0,450.0,0.00564220563154
0,52.0,460.0,0.00568392260213
0,52.0,470.0,0.00562787934042
0,52.0,480.0,0.00549951193658
0,52.0,490.0,0.0051019317543
0,52.0,500.0,0.00491752283697
0,52.0,510.0,0.00469841643872
0,52.0,520.0,0.00427973910756
0,52.0,530.0,0.00393913608506
0,52.0,540.0,0.00380091750552
0,52.0,550.0,0.00358870246766
0,52.0,560.0,0.00324428126506
0,52.0,570.0,0.00294272364092
0,52.0,580.0,0.00294942442323
0,52.0,590.0,0.00292397949723
0,52.0,600.0,0.00262372773197
0,52.0,610.0,0.00268490174118
0,52.0,620.0,0.00284069076146
0,52.0,630.0,0.00296524496083
0,52.0,640.0,0.00311523717809
0,52.0,650.0,0.00321120377273
0,52.0,660.0,0.0031873086505
0,52.0,670.0,0.00337421654727
0,52.0,680.0,0.00340083221025
0,52.0,690.0,0.00339756663446
0,52.0,700.0,0.00336722848504
0,52.0,710.0,0.00332250188003
0,52.0,720.0,0.00322150190821
0,52.0,730.0,0.00318426979662
0,52.0,740.0,0.00307214058746
0,52.0,750.0,0.0030026199422
0,52.0,760.0,0.00296042852965
0,52.0,770.0,0.00284679124413
0,52.0,780.0,0.00275415712017
0,53.0,380.0,0.00271933986915
0,53.0,390.0,0.00267941518468
0,53.0,400.0,0.003891535133
0,53.0,410.0,0.00463113024585
0,53.0,420.0,0.00474124693781
0,53.0,430.0,0.00436788628403
0,53.0,440.0,0.00507420198135
0,53.0,450.0,0.00553695312191
0,53.0,460.0,0.00557507685067
0,53.0,470.0,0.00551750156117
0,53.0,480.0,0.00538904212265
0,53.0,490.0,0.0049971826977
0,53.0,500.0,0.00481424931012
0,53.0,510.0,0.00459753604803
0,53.0,520.0,0.00418582326349
0,53.0,530.0,0.00385059980399
0,53.0,540.0,0.00371359001999
0,53.0,550.0,0.00350434328209
0,53.0,560.0,0.00316619328404
0,53.0,570.0,0.00287014842321
0,53.0,580.0,0.00287505587573
0,53.0,590.0,0.00284864233779
0,53.0,600.0,0.00255443888018
0,53.0,610.0,0.00261253721482
0,53.0,620.0,0.00276265971005
0,53.0,630.0,0.00288219527093
0,53.0,640.0,0.0030263438561
0,53.0,650.0,0.00311784948067
0,53.0,660.0,0.00309290085065
0,53.0,670.0,0.00327244512475
0,53.0,680.0,0.00329638716365
0,53.0,690.0,0.00329132730002
0,53.0,700.0,0.00326008084557
0,53.0,710.0,0.00321490838105
0,53.0,720.0,0.00311537032457
0,53.0,730.0,0.00307761526158
0,53.0,740.0,0.00296753777797
0,53.0,750.0,0.00289872525816
0,53.0,760.0,0.00285643424829
0,53.0,770.0,0.00274527857559
0,53.0,780.0,0.00265449122791
0,54.0,380.0,0.00268174914471
0,54.0,390.0,0.00264015554874
0,54.0,400.0,0.00383160177888
0,54.0,410.0,0.00455666002726
0,54.0,420.0,0.00466207372885
0,54.0,430.0,0.0042924636499
0,54.0,440.0,0.00498389396471
0,54.0,450.0,0.00543567495478
0,54.0,460.0,0.00547043938659
0,54.0,470.0,0.00541148672481
0,54.0,480.0,0.00528303238804
0,54.0,490.0,0.00489675036766
0,54.0,500.0,0.00471531923309
0,54.0,510.0,0.00450098528241
0,54.0,520.0,0.00409602059638
0,54.0,530.0,0.00376602324613
0,54.0,540.0,0.00363024910921
0,54.0,550.0,0.00342391613146
0,54.0,560.0,0.00309182238367
0,54.0,570.0,0.00280110175893
0,54.0,580.0,0.00280437427754
0,54.0,590.0,0.00277710752308
0,54.0,600.0,0.00248871365179
0,54.0,610.0,0.00254395452885
0,54.0,620.0,0.00268876668149
0,54.0,630.0,0.00280361333915
0,54.0,640.0,0.00294229716264
0,54.0,650.0,0.00302965141636
0,54.0,660.0,0.00300377364076
0,54.0,670.0,0.00317643436142
0,54.0,680.0,0.00319792283924
0,54.0,690.0,0.0031912400108
0,54.0,700.0,0.00315920414116
0,54.0,710.0,0.00311367772622
0,54.0,720.0,0.003015577978
0,54.0,730.0,0.00297739117455
0,54.0,740.0,0.00286929939919
0,54.0,750.0,0.00280120738574
0,54.0,760.0,0.0027588742965
0,54.0,770.0,0.00265009592075
0,54.0,780.0,0.00256108713199
0,55.0,380.0,0.00264524010016
0,55.0,390.0,0.00260210125019
0,55.0,400.0,0.00377360630557
0,55.0,410.0,0.00448470238834
0,55.0,420.0,0.00458566922433
0,55.0,430.0,0.00421976111709
0,55.0,440.0,0.00489693228981
0,55.0,450.0,0.0053382421889
0,55.0,460.0,0.00536986464374
0,55.0,470.0,0.00530967523377
0,55.0,480.0,0.00518131101103
0,55.0,490.0,0.00480046064823
0,55.0,500.0,0.00462054944874
0,55.0,510.0,0.00440857372977
0,55.0,520.0,0.00401014283906
0,55.0,530.0,0.00368521778206
0,55.0,540.0,0.0035506977783
0,55.0,550.0,0.00334721967912
0,55.0,560.0,0.00302097158254
0,55.0,570.0,0.00273539038452
0,55.0,580.0,0.00273717179922
0,55.0,590.0,0.00270915520404
0,55.0,600.0,0.00242634054268
0,55.0,610.0,0.00247892444959
0,55.0,620.0,0.00261875613755
0,55.0,630.0,0.00272921829641
0,55.0,640.0,0.00286278741879
0,55.0,650.0,0.00294627501746
0,55.0,660.0,0.0029195793395
0,55.0,670.0,0.00308579980639
0,55.0,680.0,0.00310503493531
0,55.0,690.0,0.00309688376786
0,55.0,700.0,0.00306416432866
0,55.0,710.0,0.00301836467228
0,55.0,720.0,0.00292167668952
0,55.0,730.0,0.00288313855882
0,55.0,740.0,0.00277696703068
0,55.0,750.0,0.00270960304214
0,55.0,760.0,0.00266727755055
0,55.0,770.0,0.00256077630732
0,55.0,780.0,0.00247347958642
0,56.0,380.0,0.00260980884924
0,56.0,390.0,0.00256523973829
0,56.0,400.0,0.00371751839148
0,56.0,410.0,0.00441520753028
0,56.0,420.0,0.00451196903863
0,56.0,430.0,0.00414970752041
0,56.0,440.0,0.00481322094241
0,56.0,450.0,0.00524453581798
0,56.0,460.0,0.00527321848344
0,56.0,470.0,0.0052119202321
0,56.0,480.0,0.00508372018695
0,56.0,490.0,0.00470815373639
0,56.0,500.0,0.00452977205443
0,56.0,510.0,0.00432012703461
0,56.0,520.0,0.00392801778755
0,56.0,530.0,0.00360801105589
0,56.0,540.0,0.0034747562068
0,56.0,550.0,0.00327407031547
0,56.0,560.0,0.00295346140433
0,56.0,570.0,0.00267283836109
0,56.0,580.0,0.00267325938094
0,56.0,590.0,0.00264458550585
0,56.0,600.0,0.00236712737598
0,56.0,610.0,0.00241723878778
0,56.0,620.0,0.00255239609219
0,56.0,630.0,0.00265875525503
0,56.0,640.0,0.00278753368414
0,56.0,650.0,0.00286741686065
0,56.0,660.0,0.00284000271361
0,56.0,670.0,0.0030001929759
0,56.0,680.0,0.00301735705986
0,56.0,690.0,0.00300787713039
0,56.0,700.0,0.00297456822601
0,56.0,710.0,0.00292856596658
0,56.0,720.0,0.0028332606173
0,56.0,730.0,0.00279444185901
0,56.0,740.0,0.00269012568127
0,56.0,750.0,0.00262349289151
0,56.0,760.0,0.00258121762762
0,56.0,770.0,0.00247689715718
0,56.0,780.0,0.00239124762002
0,57.0,380.0,0.00257545147592
0,57.0,390.0,0.00252955909355
0,57.0,400.0,0.00366330957988
0,57.0,410.0,0.00434812898042
0,57.0,420.0,0.00444091330143
0,57.0,430.0,0.00408223685808
0,57.0,440.0,0.00473267105889
0,57.0,450.0,0.00515444589176
0,57.0,460.0,0.00518037716323
0,57.0,470.0,0.00511808643502
0,57.0,480.0,0.00499011472872
0,57.0,490.0,0.0046196827852
0,57.0,500.0,0.00444283293501
0,57.0,510.0,0.00423548533281
0,57.0,520.0,0.00384948771521
0,57.0,530.0,0.00353424535855
0,57.0,540.0,0.00340226001259
0,57.0,550.0,0.00320430034688
0,57.0,560.0,0.00288912807151
0,57.0,570.0,0.0026132852699
0,57.0,580.0,0.00261246476231
0,57.0,590.0,0.00258321641761
0,57.0,600.0,0.00231089924667
0,57.0,610.0,0.00235870814918
0,57.0,620.0,0.00248947558301
0,57.0,630.0,0.00259199250781
0,57.0,640.0,0.00271628064706
0,57.0,650.0,0.00279280128058
0,57.0,660.0,0.00276475744324
0,57.0,670.0,0.00291929742343
0,57.0,680.0,0.0029345565768
0,57.0,690.0,0.00292387386984
0,57.0,700.0,0.00289005901241
0,57.0,710.0,0.00284391571204
0,57.0,720.0,0.00274996157333
0,57.0,730.0,0.00271092412836
0,57.0,740.0,0.00260839896652
0,57.0,750.0,0.0025424966562
0,57.0,760.0,0.00250030790091
0,57.0,770.0,0.00239807533266
0,57.0,780.0,0.00231400958885
0,58.0,380.0,0.00254216403766
0,58.0,390.0,0.00249504797571
0,58.0,400.0,0.00361095312067
0,58.0,410.0,0.00428342330428
0,58.0,420.0,0.00437244625997
0,58.0,430.0,0.00401728783005
0,58.0,440.0,0.00465520027824
0,58.0,450.0,0.00506787068521
0,58.0,460.0,0.00509122637202
0,58.0,470.0,0.00502804904355
0,58.0,480.0,0.00490036087101
0,58.0,490.0,0.00453491266426
0,58.0,500.0,0.00435959043141
0,58.0,510.0,0.00415450183986
0,58.0,520.0,0.00377440795059
0,58.0,530.0,0.00346377617703
0,58.0,540.0,0.00333305871143
0,58.0,550.0,0.00313775639629
0,58.0,560.0,0.0028278219172
0,58.0,570.0,0.00255658463245
0,58.0,580.0,0.00255463076361
0,58.0,590.0,0.00252488195793
0,58.0,600.0,0.00225749674103
0,58.0,610.0,0.00230315999173
0,58.0,620.0,0.00242980249324
0,58.0,630.0,0.00252871912154
0,58.0,640.0,0.00264879595917
0,58.0,650.0,0.00272217747782
0,58.0,660.0,0.00269358310457
0,58.0,670.0,0.00284282539174
0,58.0,680.0,0.00285633107362
0,58.0,690.0,0.00284455928047
0,58.0,700.0,0.00281031241406
0,58.0,710.0,0.00276408144433
0,58.0,720.0,0.00267144506526
0,58.0,730.0,0.00263224296652
0,58.0,740.0,0.00253144504312
0,58.0,750.0,0.00246626900034
0,58.0,760.0,0.00242419730679
0,58.0,770.0,0.00232396297421
0,58.0,780.0,0.0022414190232
0,59.0,380.0,0.00250994255814
0,59.0,390.0,0.00246169556675
0,59.0,400.0,0.00356042381364
0,59.0,410.0,0.00422104983016
0,59.0,420.0,0.00430651590599
0,59.0,430.0,0.00395480341023
0,59.0,440.0,0.00458073214701
0,59.0,450.0,0.00498471594091
0,59.0,460.0,0.00500566035568
0,59.0,470.0,0.00494169276606
0,59.0,480.0,0.00481433519778
0,59.0,490.0,0.00445371885282
0,59.0,500.0,0.00427991415705
0,59.0,510.0,0.0040770416012
0,59.0,520.0,0.00370264562363
0,59.0,530.0,0.00339647092059
0,59.0,540.0,0.00326701436937
0,59.0,550.0,0.00307429800929
0,59.0,560.0,0.00276940600584
0,59.0,570.0,0.0025026025427
0,59.0,580.0,0.00249961380264
0,59.0,590.0,0.00246943059691
0,59.0,600.0,0.00220677440954
0,59.0,610.0,0.00225043696387
0,59.0,620.0,0.00237320169379
0,59.0,630.0,0.00246874288911
0,59.0,640.0,0.00258486797229
0,59.0,650.0,0.00265531706912
0,59.0,660.0,0.00262624261946
0,59.0,670.0,0.00277051498844
0,59.0,680.0,0.00278240538703
0,59.0,690.0,0.00276964707836
0,59.0,700.0,0.00273503350377
0,59.0,710.0,0.00268876084559
0,59.0,720.0,0.00259740698541
0,59.0,730.0,0.00255808712646
0,59.0,740.0,0.00245895321761
0,59.0,750.0,0.00239449610043
0,59.0,760.0,0.00235256685617
0,59.0,770.0,0.00225424404117
0,59.0,780.0,0.00217316117988
0,60.0,380.0,0.00247878300894
0,60.0,390.0,0.00242949150724
0,60.0,400.0,0.00351169784865
0,60.0,410.0,0.00416097037833
0,60.0,420.0,0.00424307361614
0,60.0,430.0,0.00389473043984
0,60.0,440.0,0.00450919555946
0,60.0,450.0,0.00490489416248
0,60.0,460.0,0.00492358110774
0,60.0,470.0,0.00485891091876
0,60.0,480.0,0.00473192366256
0,60.0,490.0,0.00437598643497
0,60.0,500.0,0.00420368392962
0,60.0,510.0,0.00400298037066
0,60.0,520.0,0.0036340785464
0,60.0,530.0,0.00333220778941
0,60.0,540.0,0.00320400041157
0,60.0,550.0,0.00301379642705
0,60.0,560.0,0.00271375492388
0,60.0,570.0,0.00245121647241
0,60.0,580.0,0.00244728260335
0,60.0,590.0,0.00241672388616
0,60.0,600.0,0.00215859944526
0,60.0,610.0,0.00220039546986
0,60.0,620.0,0.00231951344243
0,60.0,630.0,0.00241188856858
0,60.0,640.0,0.00252430379595
0,60.0,650.0,0.00259201198803
0,60.0,660.0,0.0025625200731
0,60.0,670.0,0.0027021277726
0,60.0,680.0,0.00271252906482
0,60.0,690.0,0.00269887675831
0,60.0,700.0,0.00266395397624
0,60.0,710.0,0.00261767894952
0,60.0,720.0,0.0025275707979
0,60.0,730.0,0.00248817363443
0,60.0,740.0,0.00239064107044
0,60.0,750.0,0.00232689273966
0,60.0,760.0,0.00228512668074
0,60.0,770.0,0.00218863138515
0,60.0,780.0,0.00210895012738
0,90.0,380.0,0.00195718082153
0,90.0,390.0,0.00189825246959
0,90.0,400.0,0.0027179435826
0,90.0,410.0,0.00319282173447
0,90.0,420.0,0.00323036012808
0,90.0,430.0,0.00294370425184
0,90.0,440.0,0.00338485705911
0,90.0,450.0,0.00365838526948
0,90.0,460.0,0.00364892504433
0,90.0,470.0,0.00357988565661
0,90.0,480.0,0.00346395273796
0,90.0,490.0,0.00318485602372
0,90.0,500.0,0.00303934761023
0,90.0,510.0,0.00287504973607
0,90.0,520.0,0.0025925526012
0,90.0,530.0,0.00235768648453
0,90.0,540.0,0.0022503473927
0,90.0,550.0,0.00209958599156
0,90.0,560.0,0.00187381335907
0,90.0,570.0,0.00167628626572
0,90.0,580.0,0.0016593811012
0,90.0,590.0,0.00162488980482
0,90.0,600.0,0.00143574723079
0,90.0,610.0,0.00145125015628
0,90.0,620.0,0.00151777575727
0,90.0,630.0,0.00156473569095
0,90.0,640.0,0.00162387004542
0,90.0,650.0,0.00165276062743
0,90.0,660.0,0.00161886770956
0,90.0,670.0,0.00169129606327
0,90.0,680.0,0.00168149214252
0,90.0,690.0,0.00165635362261
0,90.0,700.0,0.00161856566156
0,90.0,710.0,0.00157379696909
0,90.0,720.0,0.00150343707218
0,90.0,730.0,0.00146437949803
0,90.0,740.0,0.0013916263506
0,90.0,750.0,0.00133949689818
0,90.0,760.0,0.00130147792546
0,90.0,770.0,0.00123285259404
0,90.0,780.0,0.00117469016387
2,0.0,380.0,0.000437842368312
2,0.0,390.0,0.000453858567239
2,0.0,400.0,0.000694907047521
2,0.0,410.0,0.000873381327282
2,0.0,420.0,0.000946797821688
2,0.0,430.0,0.000925225630968
2,0.0,440.0,0.00114090459726
2,0.0,450.0,0.00132584143691
2,0.0,460.0,0.00141784620796
2,0.0,470.0,0.00150183702661
2,0.0,480.0,0.00155491591656
2,0.0,490.0,0.0015484136926
2,0.0,500.0,0.00158452031371
2,0.0,510.0,0.00161242412109
2,0.0,520.0,0.00156984957511
2,0.0,530.0,0.00151666213347
2,0.0,540.0,0.00156829579219
2,0.0,550.0,0.00157886810626
2,0.0,560.0,0.00151656035534
2,0.0,570.0,0.0014580179431
2,0.0,580.0,0.00156218521373
2,0.0,590.0,0.00164694517322
2,0.0,600.0,0.00153817249524
2,0.0,610.0,0.00168357155078
2,0.0,620.0,0.00191700790236
2,0.0,630.0,0.0021412824729
2,0.0,640.0,0.00241006881963
2,0.0,650.0,0.00265393492538
2,0.0,660.0,0.00280626517432
2,0.0,670.0,0.00316472438334
2,0.0,680.0,0.00339048444764
2,0.0,690.0,0.00359386744372
2,0.0,700.0,0.0037786024187
2,0.0,710.0,0.00394709047754
2,0.0,720.0,0.00404891232115
2,0.0,730.0,0.00423585739182
2,0.0,740.0,0.00431929489068
2,0.0,750.0,0.00445875627432
2,0.0,760.0,0.00465012417327
2,0.0,770.0,0.00472315071776
2,0.0,780.0,0.00482132069181
2,1.0,380.0,0.000414088992588
2,1.0,390.0,0.000430794146094
2,1.0,400.0,0.000662029705151
2,1.0,410.0,0.000835220131486
2,1.0,420.0,0.000909067760645
2,1.0,430.0,0.000892211124993
2,1.0,440.0,0.00110547496391
2,1.0,450.0,0.00129185062842
2,1.0,460.0,0.00139036194428
2,1.0,470.0,0.00148435864735
2,1.0,480.0,0.00155081943511
2,1.0,490.0,0.00156172484908
2,1.0,500.0,0.00161898556477
2,1.0,510.0,0.00167279194866
2,1.0,520.0,0.00165745709565
2,1.0,530.0,0.00163391090395
2,1.0,540.0,0.0017273832772
2,1.0,550.0,0.0017819222983
2,1.0,560.0,0.00175742985375
2,1.0,570.0,0.00173799021225
2,1.0,580.0,0.00192211689004
2,1.0,590.0,0.00209698464009
2,1.0,600.0,0.00203384458472
2,1.0,610.0,0.00230556798846
2,1.0,620.0,0.00271642610133
2,1.0,630.0,0.00314021652368
2,1.0,640.0,0.00365380140371
2,1.0,650.0,0.00415684424945
2,1.0,660.0,0.00453821254856
2,1.0,670.0,0.00527615152779
2,1.0,680.0,0.00582097799963
2,1.0,690.0,0.00634614567273
2,1.0,700.0,0.00685026287299
2,1.0,710.0,0.0073369828832
2,1.0,720.0,0.00770322977409
2,1.0,730.0,0.00823076477646
2,1.0,740.0,0.00855808414999
2,1.0,750.0,0.008991730733
2,1.0,760.0,0.00952124409147
2,1.0,770.0,0.00980336474119
2,1.0,780.0,0.0101273169063
2,2.0,380.0,0.000435356134739
2,2.0,390.0,0.000454837923097
2,2.0,400.0,0.000702598391539
2,2.0,410.0,0.000892351285986
2,2.0,420.0,0.000979881471998
2,2.0,430.0,0.000972914244077
2,2.0,440.0,0.00122336588633
2,2.0,450.0,0.00145556991573
2,2.0,460.0,0.00160018103055
2,2.0,470.0,0.00174911719833
2,2.0,480.0,0.00187564111344
2,2.0,490.0,0.00193931054233
2,2.0,500.0,0.00206589707384
2,2.0,510.0,0.0021912363927
2,2.0,520.0,0.00222446959353
2,2.0,530.0,0.00224465225035
2,2.0,540.0,0.00241784024283
2,2.0,550.0,0.00253379124824
2,2.0,560.0,0.00253015910326
2,2.0,570.0,0.00252433680275
2,2.0,580.0,0.00281505169393
2,2.0,590.0,0.00309613791523
2,2.0,600.0,0.0030185826755
2,2.0,610.0,0.00343065935735
2,2.0,620.0,0.00404438925629
2,2.0,630.0,0.00466837661239
2,2.0,640.0,0.00541479650021
2,2.0,650.0,0.00613097413491
2,2.0,660.0,0.00665178565736
2,2.0,670.0,0.00767661926262
2,2.0,680.0,0.00839771587124
2,2.0,690.0,0.00906925230482
2,2.0,700.0,0.0096909219188
2,2.0,710.0,0.010267338334
2,2.0,720.0,0.0106581075367
2,2.0,730.0,0.011255892891
2,2.0,740.0,0.0115636923346
2,2.0,750.0,0.0120020838093
2,2.0,760.0,0.0125542528406
2,2.0,770.0,0.0127676933208
2,2.0,780.0,0.0130282736402
2,3.0,380.0,0.000466156714263
2,3.0,390.0,0.000491763144323
2,3.0,400.0,0.000769750064413
2,3.0,410.0,0.000994557715931
2,3.0,420.0,0.00111521683703
2,3.0,430.0,0.00113412971699
2,3.0,440.0,0.001463243541
2,3.0,450.0,0.00178656587764
2,3.0,460.0,0.00201298719045
2,3.0,470.0,0.00224823109468
2,3.0,480.0,0.00245523963475
2,3.0,490.0,0.00257288541526
2,3.0,500.0,0.00276635297225
2,3.0,510.0,0.00294786698557
2,3.0,520.0,0.0029937359885
2,3.0,530.0,0.00301034588213
2,3.0,540.0,0.00322071030102
2,3.0,550.0,0.00334272669554
2,3.0,560.0,0.00329758147429
2,3.0,570.0,0.00324327642686
2,3.0,580.0,0.00357175430064
2,3.0,590.0,0.00388293110333
2,3.0,600.0,0.00372990288627
2,3.0,610.0,0.00418633715631
2,3.0,620.0,0.00487667473236
2,3.0,630.0,0.00555873704978
2,3.0,640.0,0.00636928166179
2,3.0,650.0,0.00712299756161
2,3.0,660.0,0.00763135596447
2,3.0,670.0,0.00869970366993
2,3.0,680.0,0.00940009109351
2,3.0,690.0,0.0100268780524
2,3.0,700.0,0.0105858055023
2,3.0,710.0,0.0110800492659
2,3.0,720.0,0.0113653396515
2,3.0,730.0,0.0118658328924
2,3.0,740.0,0.0120520445403
2,3.0,750.0,0.012370015545
2,3.0,760.0,0.0128040460045
2,3.0,770.0,0.0128870741318
2,3.0,780.0,0.0130170783404
2,4.0,380.0,0.00051039320748
2,4.0,390.0,0.000548217887389
2,4.0,400.0,0.000876585167118
2,4.0,410.0,0.00115918638595
2,4.0,420.0,0.00133042273892
2,4.0,430.0,0.00138230587449
2,4.0,440.0,0.00181591337578
2,4.0,450.0,0.0022474601654
2,4.0,460.0,0.00255457178249
2,4.0,470.0,0.00286414183669
2,4.0,480.0,0.00312635424312
2,4.0,490.0,0.0032621609291
2,4.0,500.0,0.00348104488841
2,4.0,510.0,0.00367210722696
2,4.0,520.0,0.00368465402347
2,4.0,530.0,0.00365228189656
2,4.0,540.0,0.00385095485767
2,4.0,550.0,0.0039349831754
2,4.0,560.0,0.003818913659
2,4.0,570.0,0.00369318839154
2,4.0,580.0,0.00400913811921
2,4.0,590.0,0.00430154324088
2,4.0,600.0,0.0040688940148
2,4.0,610.0,0.00451089450497
2,4.0,620.0,0.00519593766073
2,4.0,630.0,0.00585549738913
2,4.0,640.0,0.00663804643445
2,4.0,650.0,0.00734596606653
2,4.0,660.0,0.00778850103032
2,4.0,670.0,0.00879125928622
2,4.0,680.0,0.0094062909644
2,4.0,690.0,0.00993657189216
2,4.0,700.0,0.0103934447775
2,4.0,710.0,0.0107777457098
2,4.0,720.0,0.010955335594
2,4.0,730.0,0.0113397971997
2,4.0,740.0,0.0114196554205
2,4.0,750.0,0.0116234918717
2,4.0,760.0,0.0119396353527
2,4.0,770.0,0.0119257807027
2,4.0,780.0,0.0119562340258
2,5.0,380.0,0.000572567427677
2,5.0,390.0,0.000627546741367
2,5.0,400.0,0.00102343524576
2,5.0,410.0,0.0013770984426
2,5.0,420.0,0.00160205455672
2,5.0,430.0,0.00167939374365
2,5.0,440.0,0.00221528562302
2,5.0,450.0,0.0027408636178
2,5.0,460.0,0.00310255255771
2,5.0,470.0,0.00345379899866
2,5.0,480.0,0.00373381919309
2,5.0,490.0,0.00385290783181
2,5.0,500.0,0.00405983318603
2,5.0,510.0,0.00422575771759
2,5.0,520.0,0.00418230352722
2,5.0,530.0,0.00408435793435
2,5.0,540.0,0.00424675584484
2,5.0,550.0,0.00427833135743
2,5.0,560.0,0.00409343535997
2,5.0,570.0,0.00390283956304
2,5.0,580.0,0.0041860381329
2,5.0,590.0,0.00444247630036
2,5.0,600.0,0.00414998597452
2,5.0,610.0,0.00455551302638
2,5.0,620.0,0.00520065229086
2,5.0,630.0,0.0058085437139
2,5.0,640.0,0.00653035657441
2,5.0,650.0,0.00716847838088
2,5.0,660.0,0.00753979345742
2,5.0,670.0,0.00844668790202
2,5.0,680.0,0.00897082713856
2,5.0,690.0,0.00940743011421
2,5.0,700.0,0.00977162300212
2,5.0,710.0,0.0100621208681
2,5.0,720.0,0.0101583593087
2,5.0,730.0,0.0104474408141
2,5.0,740.0,0.0104536186213
2,5.0,750.0,0.010573507473
2,5.0,760.0,0.0107995473455
2,5.0,770.0,0.0107255601873
2,5.0,780.0,0.0106923329965
2,6.0,380.0,0.000651249087945
2,6.0,390.0,0.000724591228996
2,6.0,400.0,0.00119546249078
2,6.0,410.0,0.00162031347292
2,6.0,420.0,0.001890277271
2,6.0,430.0,0.00197892090543
2,6.0,440.0,0.00259795296652
2,6.0,450.0,0.00319041576033
2,6.0,460.0,0.00357732961336
2,6.0,470.0,0.00393982738165
2,6.0,480.0,0.00420924459481
2,6.0,490.0,0.00429166142817
2,6.0,500.0,0.00446581352974
2,6.0,510.0,0.00459066788317
2,6.0,520.0,0.00448813269094
2,6.0,530.0,0.00432724685218
2,6.0,540.0,0.00444700349932
2,6.0,550.0,0.00442835900661
2,6.0,560.0,0.00418871249708
2,6.0,570.0,0.00394894269186
2,6.0,580.0,0.00419525347166
2,6.0,590.0,0.00441380240755
2,6.0,600.0,0.00408300677159
2,6.0,610.0,0.00444746651942
2,6.0,620.0,0.00504213039833
2,6.0,630.0,0.00559252107615
2,6.0,640.0,0.0062472673243
2,6.0,650.0,0.00681503802157
2,6.0,660.0,0.00712407253967
2,6.0,670.0,0.00793498256697
2,6.0,680.0,0.00837957032804
2,6.0,690.0,0.00873816503052
2,6.0,700.0,0.00902810472139
2,6.0,710.0,0.00924647828682
2,6.0,720.0,0.00928594722994
2,6.0,730.0,0.00950306733114
2,6.0,740.0,0.0094615213801
2,6.0,750.0,0.00952338577409
2,6.0,760.0,0.00968450326432
2,6.0,770.0,0.00957555791072
2,6.0,780.0,0.00950372208424
2,7.0,380.0,0.000740482083241
2,7.0,390.0,0.000830042614497
2,7.0,400.0,0.00137402778811
2,7.0,410.0,0.00186122337568
2,7.0,420.0,0.00216269730301
2,7.0,430.0,0.00224914020188
2,7.0,440.0,0.00292749866076
2,7.0,450.0,0.00355987907586
2,7.0,460.0,0.00394918537895
2,7.0,470.0,0.00430198322396
2,7.0,480.0,0.0045445905146
2,7.0,490.0,0.00458318108054
2,7.0,500.0,0.0047168788274
2,7.0,510.0,0.00479725868505
2,7.0,520.0,0.00464224852872
2,7.0,530.0,0.00442891533913
2,7.0,540.0,0.00450849614468
2,7.0,550.0,0.00444794371097
2,7.0,560.0,0.00416906073851
2,7.0,570.0,0.00389561275429
2,7.0,580.0,0.00410742600086
2,7.0,590.0,0.00429175592719
2,7.0,600.0,0.00393962456882
2,7.0,610.0,0.00426515631967
2,7.0,620.0,0.00480900914692
2,7.0,630.0,0.00530488388271
2,7.0,640.0,0.00589611382203
2,7.0,650.0,0.00640045851222
2,7.0,660.0,0.0066583732527
2,7.0,670.0,0.0073826397041
2,7.0,680.0,0.00776144348442
2,7.0,690.0,0.00805780131155
2,7.0,700.0,0.00829016228276
2,7.0,710.0,0.00845447607727
2,7.0,720.0,0.0084551677494
2,7.0,730.0,0.00861891961333
2,7.0,740.0,0.00854722168766
2,7.0,750.0,0.00856944611704
2,7.0,760.0,0.00868403206145
2,7.0,770.0,0.00855572987375
2,7.0,780.0,0.00846111750457
2,8.0,380.0,0.000833225774658
2,8.0,390.0,0.000935068388935
2,8.0,400.0,0.00154432671036
2,8.0,410.0,0.00208121397958
2,8.0,420.0,0.00240087998426
2,8.0,430.0,0.00247525480851
2,8.0,440.0,0.00319109448629
2,8.0,450.0,0.00384172599815
2,8.0,460.0,0.00421854685506
2,8.0,470.0,0.00454958046657
2,8.0,480.0,0.00475832161654
2,8.0,490.0,0.0047535676257
2,8.0,500.0,0.00484667171138
2,8.0,510.0,0.00488545919037
2,8.0,520.0,0.00468771337542
2,8.0,530.0,0.00443390435953
2,8.0,540.0,0.00447894515986
2,8.0,550.0,0.00438570176761
2,8.0,560.0,0.0040807739725
2,8.0,570.0,0.00378613305606
2,8.0,580.0,0.0039678683792
2,8.0,590.0,0.00412305752107
2,8.0,600.0,0.00376153382139
2,8.0,610.0,0.0040524085966
2,8.0,620.0,0.00454904235333
2,8.0,630.0,0.00499613683194
2,8.0,640.0,0.00553046791313
2,8.0,650.0,0.00597985863281
2,8.0,660.0,0.00619659745751
2,8.0,670.0,0.00684548183093
2,8.0,680.0,0.00717072122083
2,8.0,690.0,0.0074178483988
2,8.0,700.0,0.00760571379587
2,8.0,710.0,0.00772951450195
2,8.0,720.0,0.00770381515332
2,8.0,730.0,0.00782781284915
2,8.0,740.0,0.0077373964669
2,8.0,750.0,0.00773245263578
2,8.0,760.0,0.00781333800186
2,8.0,770.0,0.00767514574704
2,8.0,780.0,0.00756757042518
2,9.0,380.0,0.00092357643772
2,9.0,390.0,0.00103333869339
2,9.0,400.0,0.00169732793721
2,9.0,410.0,0.00227091183513
2,9.0,420.0,0.00259780922002
2,9.0,430.0,0.00265414402901
2,9.0,440.0,0.00338990431069
2,9.0,450.0,0.00404315339483
2,9.0,460.0,0.00439902042518
2,9.0,470.0,0.00470255568458
2,9.0,480.0,0.00487595984802
2,9.0,490.0,0.00483201783749
2,9.0,500.0,0.00488794333373
2,9.0,510.0,0.00489046100909
2,9.0,520.0,0.00465966870263
2,9.0,530.0,0.00437614181858
2,9.0,540.0,0.0043927673019
2,9.0,550.0,0.00427498291677
2,9.0,560.0,0.00395412914424
2,9.0,570.0,0.00364752380864
2,9.0,580.0,0.00380378103337
2,9.0,590.0,0.00393473554213
2,9.0,600.0,0.00357175836275
2,9.0,610.0,0.00383254775187
2,9.0,620.0,0.00428676472149
2,9.0,630.0,0.00469121048086
2,9.0,640.0,0.00517569659909
2,9.0,650.0,0.0055781379742
2,9.0,660.0,0.00576178578167
2,9.0,670.0,0.00634592104718
2,9.0,680.0,0.00662756616429
2,9.0,690.0,0.00683560154606
2,9.0,700.0,0.00698884573821
2,9.0,710.0,0.00708201333451
2,9.0,720.0,0.0070383338097
2,9.0,730.0,0.00713236532318
2,9.0,740.0,0.00703061080829
2,9.0,750.0,0.00700689589292
2,9.0,760.0,0.00706298977542
2,9.0,770.0,0.00692061286044
2,9.0,780.0,0.00680613013964
2,10.0,380.0,0.00100747461309
2,10.0,390.0,0.00112116356917
2,10.0,400.0,0.00182882965069
2,10.0,410.0,0.00242747135073
2,10.0,420.0,0.00275343611313
2,10.0,430.0,0.00278884942284
2,10.0,440.0,0.00353135946912
2,10.0,450.0,0.00417666306612
2,10.0,460.0,0.0045075075606
2,10.0,470.0,0.00478175812715
2,10.0,480.0,0.00492136203495
2,10.0,490.0,0.00484371411411
2,10.0,500.0,0.00486719109462
2,10.0,510.0,0.00483927294409
2,10.0,520.0,0.00458388898618
2,10.0,530.0,0.00427948697146
2,10.0,540.0,0.00427327623842
2,10.0,550.0,0.00413757618031
2,10.0,560.0,0.00380820900804
2,10.0,570.0,0.00349619640344
2,10.0,580.0,0.00363110643276
2,10.0,590.0,0.00374206651238
2,10.0,600.0,0.00338273486488
2,10.0,610.0,0.00361764013526
2,10.0,620.0,0.0040342968834
2,10.0,630.0,0.00440175442085
2,10.0,640.0,0.00484291422465
2,10.0,650.0,0.00520535371844
2,10.0,660.0,0.00536227471797
2,10.0,670.0,0.0058909228621
2,10.0,680.0,0.00613687921167
2,10.0,690.0,0.00631360208908
2,10.0,700.0,0.00643962218884
2,10.0,710.0,0.00650935510517
2,10.0,720.0,0.00645343522954
2,10.0,730.0,0.00652456946512
2,10.0,740.0,0.00641627173512
2,10.0,750.0,0.00637949831336
2,10.0,760.0,0.00641706445278
2,10.0,770.0,0.00627394859591
2,10.0,780.0,0.00615632566557
2,11.0,380.0,0.00108259665691
2,11.0,390.0,0.00119692751387
2,11.0,400.0,0.00193791823825
2,11.0,410.0,0.00255193394617
2,11.0,420.0,0.00287129795978
2,11.0,430.0,0.00288504065892
2,11.0,440.0,0.00362485115973
2,11.0,450.0,0.00425545134329
2,11.0,460.0,0.00455998110403
2,11.0,470.0,0.00480541993236
2,11.0,480.0,0.00491417558072
2,11.0,490.0,0.00480841213839
2,11.0,500.0,0.00480435339215
2,11.0,510.0,0.00475148585247
2,11.0,520.0,0.00447845636369
2,11.0,530.0,0.00416015278962
2,11.0,540.0,0.00413583933692
2,11.0,550.0,0.00398741272298
2,11.0,560.0,0.0036548356101
2,11.0,570.0,0.00334197930118
2,11.0,580.0,0.0034590504201
2,11.0,590.0,0.00355352352851
2,11.0,600.0,0.00320101874393
2,11.0,610.0,0.00341368482266
2,11.0,620.0,0.00379724832644
2,11.0,630.0,0.00413265790709
2,11.0,640.0,0.00453618693758
2,11.0,650.0,0.00486445260443
2,11.0,660.0,0.0049996055532
2,11.0,670.0,0.00548058092566
2,11.0,680.0,0.00569706709655
2,11.0,690.0,0.00584844228742
2,11.0,700.0,0.00595279863447
2,11.0,710.0,0.00600438527928
2,11.0,720.0,0.00594018439813
2,11.0,730.0,0.00599358906286
2,11.0,740.0,0.00588189902496
2,11.0,750.0,0.00583602489535
2,11.0,760.0,0.00585955221863
2,11.0,770.0,0.00571779031184
2,11.0,780.0,0.00559941263841
2,12.0,380.0,0.00114794363677
2,12.0,390.0,0.00126040005048
2,12.0,400.0,0.00202560099088
2,12.0,410.0,0.00264727724326
2,12.0,420.0,0.00295633929872
2,12.0,430.0,0.00294899319622
2,12.0,440.0,0.0036795385937
2,12.0,450.0,0.00429135772417
2,12.0,460.0,0.00456990766908
2,12.0,470.0,0.00478818153792
2,12.0,480.0,0.00486952826371
2,12.0,490.0,0.00474079204772
2,12.0,500.0,0.00471375783265
2,12.0,510.0,0.00464074593596
2,12.0,520.0,0.00435559649594
2,12.0,530.0,0.00402875146316
2,12.0,540.0,0.00399021054747
2,12.0,550.0,0.00383304055952
2,12.0,560.0,0.00350098762147
2,12.0,570.0,0.003190412209
2,12.0,580.0,0.00329254867213
2,12.0,590.0,0.00337338522125
2,12.0,600.0,0.00302961515863
2,12.0,610.0,0.00322312826446
2,12.0,620.0,0.00357754711745
2,12.0,630.0,0.00388512399912
2,12.0,640.0,0.00425589321136
2,12.0,650.0,0.00455482460351
2,12.0,660.0,0.00467209046611
2,12.0,670.0,0.00511192078949
2,12.0,680.0,0.00530385388409
2,12.0,690.0,0.00543449569862
2,12.0,700.0,0.00552141741299
2,12.0,710.0,0.00555879448917
2,12.0,720.0,0.00548907886586
2,12.0,730.0,0.00552858687521
2,12.0,740.0,0.00541558831829
2,12.0,750.0,0.005363390388
2,12.0,760.0,0.00537614441115
2,12.0,770.0,0.00523698278021
2,12.0,780.0,0.00511934950345
2,13.0,380.0,0.00120340185422
2,13.0,390.0,0.00131216024522
2,13.0,400.0,0.00209382881732
2,13.0,410.0,0.00271718110654
2,13.0,420.0,0.00301368004046
2,13.0,430.0,0.00298657400295
2,13.0,440.0,0.00370340497343
2,13.0,450.0,0.00429416797293
2,13.0,460.0,0.00454794899394
2,13.0,470.0,0.00474121928873
2,13.0,480.0,0.00479860144636
2,13.0,490.0,0.00465139003755
2,13.0,500.0,0.00460540806196
2,13.0,510.0,0.00451632930167
2,13.0,520.0,0.00422339897626
2,13.0,530.0,0.00389212174827
2,13.0,540.0,0.00384249297768
2,13.0,550.0,0.00367963607553
2,13.0,560.0,0.00335073287492
2,13.0,570.0,0.00304457397235
2,13.0,580.0,0.00313416721668
2,13.0,590.0,0.00320367431341
2,13.0,600.0,0.00286973282159
2,13.0,610.0,0.00304668110594
2,13.0,620.0,0.00337537120852
2,13.0,630.0,0.00365867237475
2,13.0,640.0,0.00400079721704
2,13.0,650.0,0.00427439209848
2,13.0,660.0,0.0043768183642
2,13.0,670.0,0.00478093120699
2,13.0,680.0,0.00495221701134
2,13.0,690.0,0.00506572603274
2,13.0,700.0,0.00513846274265
2,13.0,710.0,0.00516460156125
2,13.0,720.0,0.00509133053288
2,13.0,730.0,0.00511982833287
2,13.0,740.0,0.00500691366059
2,13.0,750.0,0.0049503800686
2,13.0,760.0,0.00495478055811
2,13.0,770.0,0.00481894924698
2,13.0,780.0,0.00470301322514
2,14.0,380.0,0.00124940287775
2,14.0,390.0,0.00135321326242
2,14.0,400.0,0.00214492821652
2,14.0,410.0,0.002765411667
2,14.0,420.0,0.00304811542003
2,14.0,430.0,0.0030029545601
2,14.0,440.0,0.00370317150054
2,14.0,450.0,0.00427182292916
2,14.0,460.0,0.00450248474299
2,14.0,470.0,0.00467307944257
2,14.0,480.0,0.00470971449077
2,14.0,490.0,0.0045478576514
2,14.0,500.0,0.00448637607339
2,14.0,510.0,0.00438461431851
2,14.0,520.0,0.0040872651168
2,14.0,530.0,0.00375464833409
2,14.0,540.0,0.00369644467971
2,14.0,550.0,0.00353021981157
2,14.0,560.0,0.00320627170723
2,14.0,570.0,0.00290594617144
2,14.0,580.0,0.00298495645787
2,14.0,590.0,0.00304500307329
2,14.0,600.0,0.00272143418652
2,14.0,610.0,0.002883987817
2,14.0,620.0,0.00318989510547
2,14.0,630.0,0.00345192662932
2,14.0,640.0,0.00376889404394
2,14.0,650.0,0.00402047919282
2,14.0,660.0,0.00411049486789
2,14.0,670.0,0.00448343153694
2,14.0,680.0,0.00463721498634
2,14.0,690.0,0.00473644237684
2,14.0,700.0,0.00479753408976
2,14.0,710.0,0.00481471373069
2,14.0,720.0,0.00473929421415
2,14.0,730.0,0.00475899387259
2,14.0,740.0,0.00464709570579
2,14.0,750.0,0.00458766819772
2,14.0,760.0,0.00458554277599
2,14.0,770.0,0.00445344541584
2,14.0,780.0,0.00433980141083
2,15.0,380.0,0.00128667413064
2,15.0,390.0,0.00138473579148
2,15.0,400.0,0.00218125611312
2,15.0,410.0,0.00279547947851
2,15.0,420.0,0.00306386836498
2,15.0,430.0,0.00300249803438
2,15.0,440.0,0.00368431539474
2,15.0,450.0,0.00423060575365
2,15.0,460.0,0.00443997106803
2,15.0,470.0,0.00459018958305
2,15.0,480.0,0.00460897355781
2,15.0,490.0,0.00443568211759
2,15.0,500.0,0.00436160390361
2,15.0,510.0,0.00424993570976
2,15.0,520.0,0.00395075250117
2,15.0,530.0,0.00361909572043
2,15.0,540.0,0.00355431945631
2,15.0,550.0,0.00338647627274
2,15.0,560.0,0.00306869372499
2,15.0,570.0,0.00277510631191
2,15.0,580.0,0.00284514231672
2,15.0,590.0,0.00289724859737
2,15.0,600.0,0.0025842326673
2,15.0,610.0,0.00273421597851
2,15.0,620.0,0.00301987939653
2,15.0,630.0,0.00326318884068
2,15.0,640.0,0.00355796251143
2,15.0,650.0,0.00379032313777
2,15.0,660.0,0.00386988627989
2,15.0,670.0,0.00421546700757
2,15.0,680.0,0.00435430829129
2,15.0,690.0,0.00444153973508
2,15.0,700.0,0.00449299881749
2,15.0,710.0,0.0045029911018
2,15.0,720.0,0.00442644382319
2,15.0,730.0,0.0044390651981
2,15.0,740.0,0.00432880582645
2,15.0,750.0,0.00426754187267
2,15.0,760.0,0.0042602928888
2,15.0,770.0,0.00413212536311
2,15.0,780.0,0.0040211320812
2,16.0,380.0,0.00131607421401
2,16.0,390.0,0.00140792682212
2,16.0,400.0,0.00220502575084
2,16.0,410.0,0.00281050534047
2,16.0,420.0,0.00306454219149
2,16.0,430.0,0.00298880671826
2,16.0,440.0,0.00365123394606
2,16.0,450.0,0.00417543661639
2,16.0,460.0,0.00436534851495
2,16.0,470.0,0.00449736022723
2,16.0,480.0,0.00450084820583
2,16.0,490.0,0.00431878773272
2,16.0,500.0,0.00423453769207
2,16.0,510.0,0.00411522954575
2,16.0,520.0,0.00381618744973
2,16.0,530.0,0.00348718924468
2,16.0,540.0,0.00341743536689
2,16.0,550.0,0.00324929116409
2,16.0,560.0,0.00293845829011
2,16.0,570.0,0.00265215413295
2,16.0,580.0,0.00271454072316
2,16.0,590.0,0.00275994793385
2,16.0,600.0,0.00245743008203
2,16.0,610.0,0.0025963808209
2,16.0,620.0,0.00286398720915
2,16.0,630.0,0.00309073863365
2,16.0,640.0,0.00336584263989
2,16.0,650.0,0.00358132046987
2,16.0,660.0,0.00365202106257
2,16.0,670.0,0.00397347271579
2,16.0,680.0,0.00409947199216
2,16.0,690.0,0.00417655675339
2,16.0,700.0,0.00421999352903
2,16.0,710.0,0.00422419117324
2,16.0,720.0,0.00414726159533
2,16.0,730.0,0.00415415713088
2,16.0,740.0,0.0040459464297
2,16.0,750.0,0.00398362958815
2,16.0,760.0,0.0039723463545
2,16.0,770.0,0.00384817234238
2,16.0,780.0,0.00374003320921
2,17.0,380.0,0.00133848947022
2,17.0,390.0,0.0014239220942
2,17.0,400.0,0.00221821959721
2,17.0,410.0,0.00281317222546
2,17.0,420.0,0.00305313519118
2,17.0,430.0,0.00296479684449
2,17.0,440.0,0.00360740191558
2,17.0,450.0,0.00411011753812
2,17.0,460.0,0.00428235453982
2,17.0,470.0,0.00439815325996
2,17.0,480.0,0.00438857594568
2,17.0,490.0,0.00419994854467
2,17.0,500.0,0.00410754691657
2,17.0,510.0,0.00398244739715
2,17.0,520.0,0.00368504923173
2,17.0,530.0,0.00335995632665
2,17.0,540.0,0.00328649779303
2,17.0,550.0,0.00311904253328
2,17.0,560.0,0.00281563868006
2,17.0,570.0,0.00253691079478
2,17.0,580.0,0.00259274386326
2,17.0,590.0,0.00263247017057
2,17.0,600.0,0.00234024548074
2,17.0,610.0,0.00246946445324
2,17.0,620.0,0.00272089998903
2,17.0,630.0,0.00293293806554
2,17.0,640.0,0.00319052915617
2,17.0,650.0,0.00339110264082
2,17.0,660.0,0.00345424147785
2,17.0,670.0,0.00375430325083
2,17.0,680.0,0.00386919601989
2,17.0,690.0,0.00393764300364
2,17.0,700.0,0.00397435780135
2,17.0,710.0,0.00397386622831
2,17.0,720.0,0.00389710084246
2,17.0,730.0,0.00389934503431
2,17.0,740.0,0.00379344567612
2,17.0,750.0,0.0037306608202
2,17.0,760.0,0.00371619840126
2,17.0,770.0,0.00359599726526
2,17.0,780.0,0.00349081234544
2,18.0,380.0,0.00135477286413
2,18.0,390.0,0.00143375493908
2,18.0,400.0,0.00222257039765
2,18.0,410.0,0.00280575260698
2,18.0,420.0,0.0030321209903
2,18.0,430.0,0.0029328193363
2,18.0,440.0,0.00355556177115
2,18.0,450.0,0.0040375886337
2,18.0,460.0,0.00419382205155
2,18.0,470.0,0.00429521155722
2,18.0,480.0,0.00427450631917
2,18.0,490.0,0.00408112495988
2,18.0,500.0,0.00398225510229
2,18.0,510.0,0.00385287321526
2,18.0,520.0,0.003558255756
2,18.0,530.0,0.00323797612626
2,18.0,540.0,0.00316183125398
2,18.0,550.0,0.00299580640143
2,18.0,560.0,0.00270009255912
2,18.0,570.0,0.00242905694036
2,18.0,580.0,0.00247924731518
2,18.0,590.0,0.00251413157952
2,18.0,600.0,0.00223190125849
2,18.0,610.0,0.00235249335443
2,18.0,620.0,0.00258938871286
2,18.0,630.0,0.00278829182706
2,18.0,640.0,0.00303021917836
2,18.0,650.0,0.00321756717968
2,18.0,660.0,0.00327421446591
2,18.0,670.0,0.00355522238001
2,18.0,680.0,0.00366045175482
2,18.0,690.0,0.00372150046092
2,18.0,700.0,0.00375255021589
2,18.0,710.0,0.00374825316362
2,18.0,720.0,0.00367205157766
2,18.0,730.0,0.00367050420974
2,18.0,740.0,0.00356707451956
2,18.0,750.0,0.00350425885873
2,18.0,760.0,0.00348729220412
2,18.0,770.0,0.00337098775825
2,18.0,780.0,0.00326878543453
2,19.0,380.0,0.00136790089139
2,19.0,390.0,0.00144039258421
2,19.0,400.0,0.00222233648797
2,19.0,410.0,0.00279311790684
2,19.0,420.0,0.00300614452822
2,19.0,430.0,0.00289670108401
2,19.0,440.0,0.00349947290711
2,19.0,450.0,0.00396105363896
2,19.0,460.0,0.00410190787977
2,19.0,470.0,0.0041895140325
2,19.0,480.0,0.00415834068629
2,19.0,490.0,0.00396081889353
2,19.0,500.0,0.00385599632058
2,19.0,510.0,0.00372277413042
2,19.0,520.0,0.00343131065216
2,19.0,530.0,0.00311621894855
2,19.0,540.0,0.00303763734006
2,19.0,550.0,0.00287327648753
2,19.0,560.0,0.00258543666679
2,19.0,570.0,0.0023222557448
2,19.0,580.0,0.00236699698853
2,19.0,590.0,0.00239726636678
2,19.0,600.0,0.00212520696391
2,19.0,610.0,0.00223746878122
2,19.0,620.0,0.00246021381354
2,19.0,630.0,0.00264642701921
2,19.0,640.0,0.00287321508403
2,19.0,650.0,0.00304787939639
2,19.0,660.0,0.00309848954794
2,19.0,670.0,0.0033612337966
2,19.0,680.0,0.00345742366133
2,19.0,690.0,0.00351169302469
2,19.0,700.0,0.00353766371271
2,19.0,710.0,0.00353014961319
2,19.0,720.0,0.00345497243831
2,19.0,730.0,0.00345023493393
2,19.0,740.0,0.00334967749578
2,19.0,750.0,0.00328734079575
2,19.0,760.0,0.00326842796492
2,19.0,770.0,0.00315632896321
2,19.0,780.0,0.0030574660047
2,20.0,380.0,0.00137198334525
2,20.0,390.0,0.00143825606486
2,20.0,400.0,0.00220986639771
2,20.0,410.0,0.00276686522508
2,20.0,420.0,0.00296749028257
2,20.0,430.0,0.0028503239552
2,20.0,440.0,0.00343339091552
2,20.0,450.0,0.00387591410826
2,20.0,460.0,0.0040039018562
2,20.0,470.0,0.00408037217016
2,20.0,480.0,0.00404155555492
2,20.0,490.0,0.00384242707935
2,20.0,500.0,0.00373406367781
2,20.0,510.0,0.00359913367736
2,20.0,520.0,0.00331233057743
2,20.0,530.0,0.00300355274902
2,20.0,540.0,0.00292394206129
2,20.0,550.0,0.00276218553717
2,20.0,560.0,0.0024823836485
2,20.0,570.0,0.00222700295225
2,20.0,580.0,0.00226755008783
2,20.0,590.0,0.00229429696816
2,20.0,600.0,0.00203165227676
2,20.0,610.0,0.00213704476053
2,20.0,620.0,0.00234786752461
2,20.0,630.0,0.0025234645374
2,20.0,640.0,0.002737541177
2,20.0,650.0,0.00290164138894
2,20.0,660.0,0.0029474189583
2,20.0,670.0,0.00319482573979
2,20.0,680.0,0.00328360615994
2,20.0,690.0,0.00333239519833
2,20.0,700.0,0.00335432157615
2,20.0,710.0,0.00334433877944
2,20.0,720.0,0.00327028277143
2,20.0,730.0,0.00326305375697
2,20.0,740.0,0.00316514001966
2,20.0,750.0,0.00310339511402
2,20.0,760.0,0.00308298739981
2,20.0,770.0,0.00297459616307
2,20.0,780.0,0.00287869678471
2,21.0,380.0,0.00138290361956
2,21.0,390.0,0.00144228408804
2,21.0,400.0,0.00220537555959
2,21.0,410.0,0.0027487064042
2,21.0,420.0,0.00293537592021
2,21.0,430.0,0.00280802473326
2,21.0,440.0,0.0033693487948
2,21.0,450.0,0.00378956162013
2,21.0,460.0,0.00390069062616
2,21.0,470.0,0.00396164051105
2,21.0,480.0,0.00391058054766
2,21.0,490.0,0.00370594876139
2,21.0,500.0,0.00358957702799
2,21.0,510.0,0.00344868359017
2,21.0,520.0,0.00316379949756
2,21.0,530.0,0.0028588416161
2,21.0,540.0,0.0027742405168
2,21.0,550.0,0.00261211371313
2,21.0,560.0,0.00233944642192
2,21.0,570.0,0.00209125702255
2,21.0,580.0,0.00212288390882
2,21.0,590.0,0.00214211525986
2,21.0,600.0,0.00189035566246
2,21.0,610.0,0.00198363870852
2,21.0,620.0,0.00217497397323
2,21.0,630.0,0.00233273338366
2,21.0,640.0,0.00252590099286
2,21.0,650.0,0.00267229284112
2,21.0,660.0,0.00270920291919
2,21.0,670.0,0.00293135055374
2,21.0,680.0,0.00300724932472
2,21.0,690.0,0.00304609007137
2,21.0,700.0,0.00306055490371
2,21.0,710.0,0.00304537790927
2,21.0,720.0,0.00297195501147
2,21.0,730.0,0.00295984213221
2,21.0,740.0,0.00286519292589
2,21.0,750.0,0.00280338686731
2,21.0,760.0,0.00278014512818
2,21.0,770.0,0.00267719732
2,21.0,780.0,0.00258542445808
2,22.0,380.0,0.00138066131763
2,22.0,390.0,0.00143437424437
2,22.0,400.0,0.00218544370929
2,22.0,410.0,0.00271492453489
2,22.0,420.0,0.00289059730303
2,22.0,430.0,0.00275760870254
2,22.0,440.0,0.00330056090658
2,22.0,450.0,0.00370372262444
2,22.0,460.0,0.00380430226388
2,22.0,470.0,0.00385642275104
2,22.0,480.0,0.0037998674333
2,22.0,490.0,0.00359529057293
2,22.0,500.0,0.00347703006932
2,22.0,510.0,0.00333582060529
2,22.0,520.0,0.00305626703102
2,22.0,530.0,0.00275798372064
2,22.0,540.0,0.00267331347867
2,22.0,550.0,0.0025142842605
2,22.0,560.0,0.00224938889072
2,22.0,570.0,0.00200863043069
2,22.0,580.0,0.00203717673364
2,22.0,590.0,0.00205389712407
2,22.0,600.0,0.00181072500592
2,22.0,610.0,0.00189860469177
2,22.0,620.0,0.00208027881275
2,22.0,630.0,0.00222955703534
2,22.0,640.0,0.00241252562557
2,22.0,650.0,0.00255057617743
2,22.0,660.0,0.0025839593032
2,22.0,670.0,0.00279389735818
2,22.0,680.0,0.00286419709008
2,22.0,690.0,0.00289906146118
2,22.0,700.0,0.00291072402498
2,22.0,710.0,0.00289406632991
2,22.0,720.0,0.00282207948021
2,22.0,730.0,0.00280843664823
2,22.0,740.0,0.00271642519606
2,22.0,750.0,0.00265559249276
2,22.0,760.0,0.00263157611658
2,22.0,770.0,0.00253203903273
2,22.0,780.0,0.00244307937038
2,23.0,380.0,0.0013757509999
2,23.0,390.0,0.00142409179937
2,23.0,400.0,0.0021625396451
2,23.0,410.0,0.00267826418502
2,23.0,420.0,0.00284361519757
2,23.0,430.0,0.0027058935176
2,23.0,440.0,0.00323114745216
2,23.0,450.0,0.00361817765424
2,23.0,460.0,0.00370919811286
2,23.0,470.0,0.00375343586517
2,23.0,480.0,0.00369224526146
2,23.0,490.0,0.00348832798981
2,23.0,500.0,0.00336879136765
2,23.0,510.0,0.00322775312006
2,23.0,520.0,0.0029536978063
2,23.0,530.0,0.00266213475286
2,23.0,540.0,0.00257769149104
2,23.0,550.0,0.00242186060802
2,23.0,560.0,0.00216453334705
2,23.0,570.0,0.00193096954489
2,23.0,580.0,0.00195678889077
2,23.0,590.0,0.00197131250423
2,23.0,600.0,0.00173633463449
2,23.0,610.0,0.00181930026641
2,23.0,620.0,0.00199209785761
2,23.0,630.0,0.00213362286908
2,23.0,640.0,0.0023072562062
2,23.0,650.0,0.00243771755082
2,23.0,660.0,0.00246799007516
2,23.0,670.0,0.00266678902251
2,23.0,680.0,0.00273208345141
2,23.0,690.0,0.00276345284169
2,23.0,700.0,0.0027727044461
2,23.0,710.0,0.00275486337957
2,23.0,720.0,0.00268437508881
2,23.0,730.0,0.00266949684976
2,23.0,740.0,0.00258007847785
2,23.0,750.0,0.00252031029752
2,23.0,760.0,0.00249573891335
2,23.0,770.0,0.00239947824496
2,23.0,780.0,0.00231324786628
2,24.0,380.0,0.00136843930238
2,24.0,390.0,0.00141171659187
2,24.0,400.0,0.0021370756063
2,24.0,410.0,0.00263920207545
2,24.0,420.0,0.00279488530966
2,24.0,430.0,0.00265325462474
2,24.0,440.0,0.00316147855011
2,24.0,450.0,0.00353324765324
2,24.0,460.0,0.00361560627843
2,24.0,470.0,0.00365280867316
2,24.0,480.0,0.0035877360946
2,24.0,490.0,0.00338498752183
2,24.0,500.0,0.00326469571887
2,24.0,510.0,0.00312423471402
2,24.0,520.0,0.00285578811355
2,24.0,530.0,0.00257094603339
2,24.0,540.0,0.00248697194024
2,24.0,550.0,0.00233440306034
2,24.0,560.0,0.00208443194412
2,24.0,570.0,0.00185782610377
2,24.0,580.0,0.00188122237925
2,24.0,590.0,0.00189381771351
2,24.0,600.0,0.00166666326203
2,24.0,610.0,0.00174514216679
2,24.0,620.0,0.0019097548325
2,24.0,630.0,0.00204416512272
2,24.0,640.0,0.00220922170991
2,24.0,650.0,0.00233275075707
2,24.0,660.0,0.00236026915116
2,24.0,670.0,0.00254886629396
2,24.0,680.0,0.00260966756273
2,24.0,690.0,0.00263795345982
2,24.0,700.0,0.00264512582965
2,24.0,710.0,0.00262634912492
2,24.0,720.0,0.00255739995729
2,24.0,730.0,0.00254153218283
2,24.0,740.0,0.00245465375983
2,24.0,750.0,0.00239601668726
2,24.0,760.0,0.00237107125092
2,24.0,770.0,0.00227795710325
2,24.0,780.0,0.00219437048016
2,25.0,380.0,0.00135910175778
2,25.0,390.0,0.0013976236683
2,25.0,400.0,0.00210958575902
2,25.0,410.0,0.00259834280466
2,25.0,420.0,0.00274497952414
2,25.0,430.0,0.00260016365911
2,25.0,440.0,0.00309202651986
2,25.0,450.0,0.00344935818985
2,25.0,460.0,0.00352385582914
2,25.0,470.0,0.00355476906975
2,25.0,480.0,0.00348645916197
2,25.0,490.0,0.00328528919584
2,25.0,500.0,0.00316467168857
2,25.0,510.0,0.0030251134979
2,25.0,520.0,0.00276232604456
2,25.0,530.0,0.00248415719445
2,25.0,540.0,0.0024008436037
2,25.0,550.0,0.00225156381555
2,25.0,560.0,0.00200872468658
2,25.0,570.0,0.00178883554134
2,25.0,580.0,0.00181006970439
2,25.0,590.0,0.0018209659858
2,25.0,600.0,0.00160128015587
2,25.0,610.0,0.00167564756997
2,25.0,620.0,0.00183268944638
2,25.0,630.0,0.00196054869355
2,25.0,640.0,0.0021176992025
2,25.0,650.0,0.00223487326217
2,25.0,660.0,0.0022599436065
2,25.0,670.0,0.0024391649566
2,25.0,680.0,0.00249591673217
2,25.0,690.0,0.00252147181619
2,25.0,700.0,0.00252684644708
2,25.0,710.0,0.00250733988392
2,25.0,720.0,0.00243995154493
2,25.0,730.0,0.00242329906022
2,25.0,740.0,0.002338899921
2,25.0,750.0,0.0022814395512
2,25.0,760.0,0.00225626846362
2,25.0,770.0,0.00216617429147
2,25.0,780.0,0.00208514414411
2,26.0,380.0,0.00134806346085
2,26.0,390.0,0.00138213191286
2,26.0,400.0,0.00208051650252
2,26.0,410.0,0.00255618285603
2,26.0,420.0,0.00269435865745
2,26.0,430.0,0.00254699244784
2,26.0,440.0,0.00302315369512
2,26.0,450.0,0.00336682359215
2,26.0,460.0,0.00343417553851
2,26.0,470.0,0.00345945769083
2,26.0,480.0,0.0033884631625
2,26.0,490.0,0.00318920017143
2,26.0,500.0,0.00306861096769
2,26.0,510.0,0.00293021557899
2,26.0,520.0,0.00267309139489
2,26.0,530.0,0.00240151195186
2,26.0,540.0,0.00231900898908
2,26.0,550.0,0.00217301724023
2,26.0,560.0,0.00193707965187
2,26.0,570.0,0.00172366563482
2,26.0,580.0,0.0017429625136
2,26.0,590.0,0.00175235607579
2,26.0,600.0,0.00153980090685
2,26.0,610.0,0.00161038750125
2,26.0,620.0,0.00176040578875
2,26.0,630.0,0.00188221341592
2,26.0,640.0,0.00203205299296
2,26.0,650.0,0.00214338134164
2,26.0,660.0,0.00216626747681
2,26.0,670.0,0.00233684366528
2,26.0,680.0,0.00238993182233
2,26.0,690.0,0.00241305953044
2,26.0,700.0,0.0024168761521
2,26.0,710.0,0.00239681096461
2,26.0,720.0,0.00233099056187
2,26.0,730.0,0.00231372434356
2,26.0,740.0,0.00223173891621
2,26.0,750.0,0.0021754842938
2,26.0,760.0,0.00215020931673
2,26.0,770.0,0.00206301279582
2,26.0,780.0,0.00198445163174
2,27.0,380.0,0.00133560914001
2,27.0,390.0,0.00136551563855
2,27.0,400.0,0.00205024522142
2,27.0,410.0,0.00251313453328
2,27.0,420.0,0.00264339794036
2,27.0,430.0,0.0024940367763
2,27.0,440.0,0.00295513967864
2,27.0,450.0,0.00328587570291
2,27.0,460.0,0.0033467211457
2,27.0,470.0,0.00336695294601
2,27.0,480.0,0.00329374806607
2,27.0,490.0,0.00309665259964
2,27.0,500.0,0.00297638270918
2,27.0,510.0,0.00283935594618
2,27.0,520.0,0.00258786301379
2,27.0,530.0,0.00232276201229
2,27.0,540.0,0.00224118582033
2,27.0,550.0,0.00209845901918
2,27.0,560.0,0.00186919016071
2,27.0,570.0,0.00166201209497
2,27.0,580.0,0.00167956563604
2,27.0,590.0,0.00168762489619
2,27.0,600.0,0.00148187931171
2,27.0,610.0,0.00154897726148
2,27.0,620.0,0.00169246093072
2,27.0,630.0,0.00180866078793
2,27.0,640.0,0.00195171927666
2,27.0,650.0,0.00205765276893
2,27.0,660.0,0.00207858305563
2,27.0,670.0,0.00224116255203
2,27.0,680.0,0.00229092403717
2,27.0,690.0,0.00231188644617
2,27.0,700.0,0.00231435002
2,27.0,710.0,0.00229386898009
2,27.0,720.0,0.00222961250058
2,27.0,730.0,0.00221187558581
2,27.0,740.0,0.00213223545726
2,27.0,750.0,0.00207720261581
2,27.0,760.0,0.00205192374183
2,27.0,770.0,0.00196750740702
2,27.0,780.0,0.00189132865933
2,28.0,380.0,0.00132197986923
2,28.0,390.0,0.00134800309533
2,28.0,400.0,0.00201908000267
2,28.0,410.0,0.00246952699174
2,28.0,420.0,0.0025923886467
2,28.0,430.0,0.00244151766631
2,28.0,440.0,0.00288818178869
2,28.0,450.0,0.00320666276657
2,28.0,460.0,0.00326157211921
2,28.0,470.0,0.0032772657804
2,28.0,480.0,0.00320225793094
2,28.0,490.0,0.00300753529363
2,28.0,500.0,0.00288782440931
2,28.0,510.0,0.00275232903251
2,28.0,520.0,0.00250640974819
2,28.0,530.0,0.00224766003778
2,28.0,540.0,0.00216710070922
2,28.0,550.0,0.00202760120509
2,28.0,560.0,0.00180477176964
2,28.0,570.0,0.00160359758628
2,28.0,580.0,0.00161957633144
2,28.0,590.0,0.00162644654543
2,28.0,600.0,0.00142720823979
2,28.0,610.0,0.00149107650778
2,28.0,620.0,0.00162846302121
2,28.0,630.0,0.00173945028924
2,28.0,640.0,0.00187619990558
2,28.0,650.0,0.00197713808484
2,28.0,660.0,0.00199631012381
2,28.0,670.0,0.00215146931085
2,28.0,680.0,0.00219819861281
2,28.0,690.0,0.00221722232714
2,28.0,700.0,0.00221850805022
2,28.0,710.0,0.00219773019166
2,28.0,720.0,0.00213502519171
2,28.0,730.0,0.0021169372183
2,28.0,740.0,0.00203957286364
2,28.0,750.0,0.00198576796499
2,28.0,760.0,0.00196056701532
2,28.0,770.0,0.00187881882476
2,28.0,780.0,0.00180493817097
2,29.0,380.0,0.00130738477306
2,29.0,390.0,0.00132978916681
2,29.0,400.0,0.00198727971583
2,29.0,410.0,0.00242563204881
2,29.0,420.0,0.00254156641937
2,29.0,430.0,0.00238960914448
2,29.0,440.0,0.0028224291082
2,29.0,450.0,0.00312928821464
2,29.0,460.0,0.00317877170327
2,29.0,470.0,0.00319038008472
2,29.0,480.0,0.00311391968958
2,29.0,490.0,0.00292172926085
2,29.0,500.0,0.00280277403538
2,29.0,510.0,0.00266893697075
2,29.0,520.0,0.00242851374486
2,29.0,530.0,0.00217597611911
2,29.0,540.0,0.00209650191278
2,29.0,550.0,0.00196018046426
2,29.0,560.0,0.00174356566609
2,29.0,570.0,0.0015481707057
2,29.0,580.0,0.00156272118936
2,29.0,590.0,0.00156852769405
2,29.0,600.0,0.00137551179363
2,29.0,610.0,0.0014363804723
2,29.0,620.0,0.00156806232768
2,29.0,630.0,0.00167418987924
2,29.0,640.0,0.00180505280307
2,29.0,650.0,0.00190135092115
2,29.0,660.0,0.00191893625336
2,29.0,670.0,0.00206718910077
2,29.0,680.0,0.00211114448259
2,29.0,690.0,0.00212842602737
2,29.0,700.0,0.00212868407008
2,29.0,710.0,0.002107708616
2,29.0,720.0,0.00204653620183
2,29.0,730.0,0.00202819729175
2,29.0,740.0,0.00195303904084
2,29.0,750.0,0.00190046039437
2,29.0,760.0,0.00187540418387
2,29.0,770.0,0.00179621751248
2,29.0,780.0,0.00172455319704
2,30.0,380.0,0.00129200880241
2,30.0,390.0,0.00131104324619
2,30.0,400.0,0.00195506532826
2,30.0,410.0,0.00238167701908
2,30.0,420.0,0.00249112335284
2,30.0,430.0,0.0023384481134
2,30.0,440.0,0.00275799223782
2,30.0,450.0,0.00305381934968
2,30.0,460.0,0.00309833375797
2,30.0,470.0,0.00310625757182
2,30.0,480.0,0.00302864658819
2,30.0,490.0,0.00283910954945
2,30.0,500.0,0.00272107111796
2,30.0,510.0,0.00258899019772
2,30.0,520.0,0.00235397070611
2,30.0,530.0,0.0021074987084
2,30.0,540.0,0.0020291602728
2,30.0,550.0,0.00189595932392
2,30.0,560.0,0.0016853403349
2,30.0,570.0,0.00149550812888
2,30.0,580.0,0.0015087581077
2,30.0,590.0,0.00151360918572
2,30.0,600.0,0.00132654731563
2,30.0,610.0,0.00138462133074
2,30.0,620.0,0.00151095152843
2,30.0,630.0,0.00161253522935
2,30.0,640.0,0.00173788976614
2,30.0,650.0,0.00182986432548
2,30.0,660.0,0.00184601187881
2,30.0,670.0,0.00198781782127
2,30.0,680.0,0.00202922610044
2,30.0,690.0,0.00204493605748
2,30.0,700.0,0.00204429505931
2,30.0,710.0,0.00202320442379
2,30.0,720.0,0.00196354060745
2,30.0,730.0,0.00194503430852
2,30.0,740.0,0.00187201292956
2,30.0,750.0,0.00182065259007
2,30.0,760.0,0.00179579527637
2,30.0,770.0,0.00171906872176
2,30.0,780.0,0.00164954178037
2,31.0,380.0,0.00127600653128
2,31.0,390.0,0.00129190476854
2,31.0,400.0,0.00192261559014
2,31.0,410.0,0.00233784183411
2,31.0,420.0,0.00244120701434
2,31.0,430.0,0.00228813483043
2,31.0,440.0,0.00269494479775
2,31.0,450.0,0.00298028955861
2,31.0,460.0,0.00302024435882
2,31.0,470.0,0.00302483891569
2,31.0,480.0,0.00294633669905
2,31.0,490.0,0.00275954256363
2,31.0,500.0,0.00264255083856
2,31.0,510.0,0.00251229855261
2,31.0,520.0,0.00228257894772
2,31.0,530.0,0.00204201960061
2,31.0,540.0,0.00196485227557
2,31.0,550.0,0.00183470730545
2,31.0,560.0,0.00162987163935
2,31.0,570.0,0.00144539387811
2,31.0,580.0,0.00145745469485
2,31.0,590.0,0.00146144419829
2,31.0,600.0,0.00128008376589
2,31.0,610.0,0.00133554623613
2,31.0,620.0,0.0014568433046
2,31.0,630.0,0.00155416685081
2,31.0,640.0,0.0016743533122
2,31.0,650.0,0.00176228764223
2,31.0,660.0,0.00177712783235
2,31.0,670.0,0.00191289900051
2,31.0,680.0,0.00195196057688
2,31.0,690.0,0.00196624791996
2,31.0,700.0,0.00196481892883
2,31.0,710.0,0.0019436818565
2,31.0,720.0,0.00188549931897
2,31.0,730.0,0.00186689567976
2,31.0,740.0,0.00179594330397
2,31.0,750.0,0.00174578859309
2,31.0,760.0,0.00172117420502
2,31.0,770.0,0.00164681177489
2,31.0,780.0,0.00157934628021
2,32.0,380.0,0.00125951243723
2,32.0,390.0,0.00127249294401
2,32.0,400.0,0.00189008027219
2,32.0,410.0,0.00229427343169
2,32.0,420.0,0.00239193354298
2,32.0,430.0,0.00223874341106
2,32.0,440.0,0.00263333395658
2,32.0,450.0,0.00290870805317
2,32.0,460.0,0.00294447058174
2,32.0,470.0,0.00294605118691
2,32.0,480.0,0.0028668805943
2,32.0,490.0,0.0026828926737
2,32.0,500.0,0.00256705163003
2,32.0,510.0,0.00243867978661
2,32.0,520.0,0.00221414820044
2,32.0,530.0,0.00197934519005
2,32.0,540.0,0.00190337194687
2,32.0,550.0,0.00177621367765
2,32.0,560.0,0.00157695603818
2,32.0,570.0,0.00139763297568
2,32.0,580.0,0.0014086018737
2,32.0,590.0,0.00141181127099
2,32.0,600.0,0.00123591466035
2,32.0,610.0,0.00128892958487
2,32.0,620.0,0.00140548155484
2,32.0,630.0,0.00149880031194
2,32.0,640.0,0.00161412548581
2,32.0,650.0,0.00169827375673
2,32.0,660.0,0.00171192092716
2,32.0,670.0,0.00184202783401
2,32.0,680.0,0.00187892009388
2,32.0,690.0,0.00189191510485
2,32.0,700.0,0.0018897940243
2,32.0,710.0,0.00186866765665
2,32.0,720.0,0.00181193661452
2,32.0,730.0,0.00179329420454
2,32.0,740.0,0.00172434462958
2,32.0,750.0,0.00167537916922
2,32.0,760.0,0.00165104319304
2,32.0,770.0,0.00157895405874
2,32.0,780.0,0.0015134771746
2,33.0,380.0,0.00124264320132
2,33.0,390.0,0.00125290944626
2,33.0,400.0,0.00185758453737
2,33.0,410.0,0.00225109134614
2,33.0,420.0,0.00234339360558
2,33.0,430.0,0.00219032737349
2,33.0,440.0,0.00257318674815
2,33.0,450.0,0.00283906643503
2,33.0,460.0,0.00287096658513
2,33.0,470.0,0.00286981318185
2,33.0,480.0,0.00279016578071
2,33.0,490.0,0.00260902546551
2,33.0,500.0,0.00249441747053
2,33.0,510.0,0.00236796096016
2,33.0,520.0,0.0021485001442
2,33.0,530.0,0.00191929643011
2,33.0,540.0,0.00184453013674
2,33.0,550.0,0.00172028623286
2,33.0,560.0,0.00152640906182
2,33.0,570.0,0.0013520497532
2,33.0,580.0,0.00136201164981
2,33.0,590.0,0.00136451152212
2,33.0,600.0,0.001193855383
2,33.0,610.0,0.00124456967903
2,33.0,620.0,0.00135663711947
2,33.0,630.0,0.00144618107172
2,33.0,640.0,0.00155692162993
2,33.0,650.0,0.00163751188217
2,33.0,660.0,0.00165006608529
2,33.0,670.0,0.00177484205254
2,33.0,680.0,0.0018097219615
2,33.0,690.0,0.00182153848023
2,33.0,700.0,0.0018188079359
2,33.0,710.0,0.00179773945521
2,33.0,720.0,0.00174242836069
2,33.0,730.0,0.00172379588929
2,33.0,740.0,0.0016567848703
2,33.0,750.0,0.00160898950384
2,33.0,760.0,0.00158496016646
2,33.0,770.0,0.00151505852461
2,33.0,780.0,0.00145150066659
2,34.0,380.0,0.00122549747139
2,34.0,390.0,0.00123323889729
2,34.0,400.0,0.00182523051558
2,34.0,410.0,0.0022083903854
2,34.0,420.0,0.00229565574839
2,34.0,430.0,0.00214292306648
2,34.0,440.0,0.00251451415816
2,34.0,450.0,0.00277134312075
2,34.0,460.0,0.00279967756692
2,34.0,470.0,0.00279603904542
2,34.0,480.0,0.00271607906247
2,34.0,490.0,0.00253780945351
2,34.0,500.0,0.00242449824616
2,34.0,510.0,0.00229997753305
2,34.0,520.0,0.00208546650197
2,34.0,530.0,0.00186170519725
2,34.0,540.0,0.00178815018661
2,34.0,550.0,0.00166674615975
2,34.0,560.0,0.00147805961196
2,34.0,570.0,0.00130848166068
2,34.0,580.0,0.00131751067811
2,34.0,590.0,0.0013193621913
2,34.0,600.0,0.00115373656404
2,34.0,610.0,0.00120228209145
2,34.0,620.0,0.00131010116896
2,34.0,630.0,0.00139607783208
2,34.0,640.0,0.00150248379361
2,34.0,650.0,0.00157972108184
2,34.0,660.0,0.00159127008378
2,34.0,670.0,0.00171101554915
2,34.0,680.0,0.00174402231031
2,34.0,690.0,0.0017547599802
2,34.0,700.0,0.00175149125073
2,34.0,710.0,0.00173051942276
2,34.0,720.0,0.00167659561759
2,34.0,730.0,0.00165801345097
2,34.0,740.0,0.00159287890257
2,34.0,750.0,0.00154623237847
2,34.0,760.0,0.00152253184961
2,34.0,770.0,0.00145473672296
2,34.0,780.0,0.00139303151278
2,35.0,380.0,0.00120815995179
2,35.0,390.0,0.00121355244544
2,35.0,400.0,0.00179310169208
2,35.0,410.0,0.0021662447871
2,35.0,420.0,0.00224876950733
2,35.0,430.0,0.00209655150021
2,35.0,440.0,0.00245731214323
2,35.0,450.0,0.00270550330696
2,35.0,460.0,0.00273053880276
2,35.0,470.0,0.00272463638002
2,35.0,480.0,0.00264450420883
2,35.0,490.0,0.00246911327186
2,35.0,500.0,0.00235714682277
2,35.0,510.0,0.00223457043192
2,35.0,520.0,0.00202488627057
2,35.0,530.0,0.00180641203319
2,35.0,540.0,0.00173406565162
2,35.0,550.0,0.00161542593613
2,35.0,560.0,0.00143174817216
2,35.0,570.0,0.00126677779285
2,35.0,580.0,0.00127493859005
2,35.0,590.0,0.00127619472267
2,35.0,600.0,0.00111540247823
2,35.0,610.0,0.00116189768051
2,35.0,620.0,0.00126568261274
2,35.0,630.0,0.00134827939477
2,35.0,640.0,0.00145057690368
2,35.0,650.0,0.00152464581059
2,35.0,660.0,0.00153526667555
2,35.0,670.0,0.00165025271193
2,35.0,680.0,0.00168150990952
2,35.0,690.0,0.00169125601188
2,35.0,700.0,0.00168751059289
2,35.0,710.0,0.00166666705921
2,35.0,720.0,0.00161409733639
2,35.0,730.0,0.00159559876265
2,35.0,740.0,0.00153228096128
2,35.0,750.0,0.00148676055686
2,35.0,760.0,0.00146340594746
2,35.0,770.0,0.00139764104919
2,35.0,780.0,0.00133772533733
2,36.0,380.0,0.0011907025863
2,36.0,390.0,0.00119390907547
2,36.0,400.0,0.0017612649702
2,36.0,410.0,0.00212471081051
2,36.0,420.0,0.00220276815279
2,36.0,430.0,0.00205122091354
2,36.0,440.0,0.00240156460404
2,36.0,450.0,0.00264150215214
2,36.0,460.0,0.00266347872468
2,36.0,470.0,0.0026555091288
2,36.0,480.0,0.00257532455555
2,36.0,490.0,0.00240280785772
2,36.0,500.0,0.00229222089468
2,36.0,510.0,0.00217158755639
2,36.0,520.0,0.00196660683982
2,36.0,530.0,0.00175326694286
2,36.0,540.0,0.00168212081635
2,36.0,550.0,0.00156616957762
2,36.0,560.0,0.00138732682122
2,36.0,570.0,0.00122679871559
2,36.0,580.0,0.00123414758948
2,36.0,590.0,0.00123485412781
2,36.0,600.0,0.00107871031526
2,36.0,610.0,0.0011232616026
2,36.0,620.0,0.00122320677135
2,36.0,630.0,0.00130259298726
2,36.0,640.0,0.00140098668529
2,36.0,650.0,0.00147205344093
2,36.0,660.0,0.00148181381167
2,36.0,670.0,0.00159228512864
2,36.0,680.0,0.00162190251125
2,36.0,690.0,0.00163073346416
2,36.0,700.0,0.00162656433266
2,36.0,710.0,0.00160587464583
2,36.0,720.0,0.00155462565082
2,36.0,730.0,0.00153623790002
2,36.0,740.0,0.00147467958641
2,36.0,750.0,0.00143026158596
2,36.0,760.0,0.00140726574903
2,36.0,770.0,0.00134345930938
2,36.0,780.0,0.00128527314909
2,37.0,380.0,0.00117318737864
2,37.0,390.0,0.00117435875033
2,37.0,400.0,0.00172977560176
2,37.0,410.0,0.00208383285237
2,37.0,420.0,0.00215767502617
2,37.0,430.0,0.00200693253695
2,37.0,440.0,0.00234724986117
2,37.0,450.0,0.00257929148454
2,37.0,460.0,0.00259842526373
2,37.0,470.0,0.00258856334649
2,37.0,480.0,0.00250842821242
2,37.0,490.0,0.00233877077267
2,37.0,500.0,0.00222958676237
2,37.0,510.0,0.00211088700246
2,37.0,520.0,0.00191048655949
2,37.0,530.0,0.00170213155385
2,37.0,540.0,0.00163217245686
2,37.0,550.0,0.00151883403029
2,37.0,560.0,0.00134466026476
2,37.0,570.0,0.00118841720039
2,37.0,580.0,0.00119500292794
2,37.0,590.0,0.00119519919236
2,37.0,600.0,0.00104353019973
2,37.0,610.0,0.00108623308226
2,37.0,620.0,0.00118251482843
2,37.0,630.0,0.00125884338445
2,37.0,640.0,0.00135351839183
2,37.0,650.0,0.00142173260082
2,37.0,660.0,0.00143069165462
2,37.0,670.0,0.00153686911312
2,37.0,680.0,0.00156494400592
2,37.0,690.0,0.00157292654099
2,37.0,700.0,0.00156837911132
2,37.0,710.0,0.0015478635255
2,37.0,720.0,0.00149790200143
2,37.0,730.0,0.00147964703622
2,37.0,740.0,0.00141979342583
2,37.0,750.0,0.0013764534777
2,37.0,760.0,0.00135382562602
2,37.0,770.0,0.00129191018567
2,37.0,780.0,0.00123539677527
2,38.0,380.0,0.00115566636083
2,38.0,390.0,0.00115494220746
2,38.0,400.0,0.00169867659864
2,38.0,410.0,0.00204364237606
2,38.0,420.0,0.00211350207154
2,38.0,430.0,0.00196367890724
2,38.0,440.0,0.00229433831141
2,38.0,450.0,0.00251881687165
2,38.0,460.0,0.00253530246215
2,38.0,470.0,0.00252370355372
2,38.0,480.0,0.00244370401616
2,38.0,490.0,0.00227688223519
2,38.0,500.0,0.00216911510526
2,38.0,510.0,0.00205233269786
2,38.0,520.0,0.00185639052836
2,38.0,530.0,0.00165287482362
2,38.0,540.0,0.00158408556465
2,38.0,550.0,0.00147328497587
2,38.0,560.0,0.00130362189889
2,38.0,570.0,0.00115151453939
2,38.0,580.0,0.00115737921849
2,38.0,590.0,0.00115709884129
2,38.0,600.0,0.00100974185139
2,38.0,610.0,0.00105068202624
2,38.0,620.0,0.00114346031292
2,38.0,630.0,0.00121686928117
2,38.0,640.0,0.00130799305677
2,38.0,650.0,0.00137348935972
2,38.0,660.0,0.00138169881574
2,38.0,670.0,0.00148378175129
2,38.0,680.0,0.0015104004371
2,38.0,690.0,0.00151759275946
2,38.0,700.0,0.00151270585474
2,38.0,710.0,0.00149238009745
2,38.0,720.0,0.00144367316918
2,38.0,730.0,0.00142556844729
2,38.0,740.0,0.00136736727843
2,38.0,750.0,0.00132508072321
2,38.0,760.0,0.00130282702163
2,38.0,770.0,0.00124273926876
2,38.0,780.0,0.00118784489188
2,39.0,380.0,0.00113818420579
2,39.0,390.0,0.00113569357236
2,39.0,400.0,0.00166800253353
2,39.0,410.0,0.0020041623899
2,39.0,420.0,0.00207025433277
2,39.0,430.0,0.00192144790131
2,39.0,440.0,0.00224279696403
2,39.0,450.0,0.00246002238653
2,39.0,460.0,0.00247403508116
2,39.0,470.0,0.0024608370928
2,39.0,480.0,0.00238104559473
2,39.0,490.0,0.00221702869862
2,39.0,500.0,0.00211068425541
2,39.0,510.0,0.00199579736045
2,39.0,520.0,0.0018041931336
2,39.0,530.0,0.00160537523691
2,39.0,540.0,0.00153773532703
2,39.0,550.0,0.00142939857
2,39.0,560.0,0.00126409526151
2,39.0,570.0,0.00111598175098
2,39.0,580.0,0.00112116153677
2,39.0,590.0,0.00112043311616
2,39.0,600.0,0.000977235351309
2,39.0,610.0,0.00101648970064
2,39.0,620.0,0.00110590970023
2,39.0,630.0,0.00117652379406
2,39.0,640.0,0.00126424788387
2,39.0,650.0,0.00132714748536
2,39.0,660.0,0.00133465246338
2,39.0,670.0,0.00143282085594
2,39.0,680.0,0.00145805979352
2,39.0,690.0,0.00146451257746
2,39.0,700.0,0.00145931924855
2,39.0,710.0,0.00143919514859
2,39.0,720.0,0.00139171047345
2,39.0,730.0,0.0013737695668
2,39.0,740.0,0.00131717103794
2,39.0,750.0,0.00127591312064
2,39.0,760.0,0.00125403715432
2,39.0,770.0,0.00119571767835
2,39.0,780.0,0.00114239156157
2,40.0,380.0,0.00112078029426
2,40.0,390.0,0.00111664263523
2,40.0,400.0,0.00163778314319
2,40.0,410.0,0.00196541203264
2,40.0,420.0,0.00202793493314
2,40.0,430.0,0.00188022755072
2,40.0,440.0,0.0021925952233
2,40.0,450.0,0.00240285716371
2,40.0,460.0,0.00241455524103
2,40.0,470.0,0.00239988099663
2,40.0,480.0,0.00232035789072
2,40.0,490.0,0.00215910919898
2,40.0,500.0,0.00205418615703
2,40.0,510.0,0.00194116814224
2,40.0,520.0,0.00175378325167
2,40.0,530.0,0.00155952517461
2,40.0,540.0,0.00149301148338
2,40.0,550.0,0.00138706558382
2,40.0,560.0,0.00122597775173
2,40.0,570.0,0.001081722914
2,40.0,580.0,0.00108624902688
2,40.0,590.0,0.00108509701695
2,40.0,600.0,0.000945914499376
2,40.0,610.0,0.000983552456418
2,40.0,620.0,0.0010697467688
2,40.0,630.0,0.00113767935507
2,40.0,640.0,0.00122214179412
2,40.0,650.0,0.00128255452859
2,40.0,660.0,0.00128939465722
2,40.0,670.0,0.00138381199415
2,40.0,680.0,0.00140773934648
2,40.0,690.0,0.0014134969076
2,40.0,700.0,0.00140802535863
2,40.0,710.0,0.00138811145175
2,40.0,720.0,0.00134181718144
2,40.0,730.0,0.00132405035763
2,40.0,740.0,0.00126900677842
2,40.0,750.0,0.00122875263425
2,40.0,760.0,0.00120725578845
2,40.0,770.0,0.00115064850978
2,40.0,780.0,0.00109884235611
2,41.0,380.0,0.00110347890797
2,41.0,390.0,0.00109780713575
2,41.0,400.0,0.00160803531613
2,41.0,410.0,0.00192740129806
2,41.0,420.0,0.00198654441294
2,41.0,430.0,0.00184001020629
2,41.0,440.0,0.00214371579211
2,41.0,450.0,0.00234729413923
2,41.0,460.0,0.00235682881847
2,41.0,470.0,0.00234079527605
2,41.0,480.0,0.00226159737219
2,41.0,490.0,0.0021030792352
2,41.0,500.0,0.00199957521411
2,41.0,510.0,0.00188839923484
2,41.0,520.0,0.00170511732697
2,41.0,530.0,0.00151528376918
2,41.0,540.0,0.00144987329012
2,41.0,550.0,0.0013462465825
2,41.0,560.0,0.00118923297965
2,41.0,570.0,0.00104870439775
2,41.0,580.0,0.00105260677732
2,41.0,590.0,0.00105105420316
2,41.0,600.0,0.000915745413243
2,41.0,610.0,0.000951833637733
2,41.0,620.0,0.00103493029139
2,41.0,630.0,0.00110029032547
2,41.0,640.0,0.00118162382887
2,41.0,650.0,0.00123965472952
2,41.0,660.0,0.00124586674348
2,41.0,670.0,0.00133668935708
2,41.0,680.0,0.00135936894992
2,41.0,690.0,0.00136447179676
2,41.0,700.0,0.00135874691047
2,41.0,710.0,0.00133904883074
2,41.0,720.0,0.00129391167755
2,41.0,730.0,0.00127632619501
2,41.0,740.0,0.00122278904515
2,41.0,750.0,0.00118351199016
2,41.0,760.0,0.00116239304366
2,41.0,770.0,0.00110744167241
2,41.0,780.0,0.0010571065692
2,42.0,380.0,0.00108618282866
2,42.0,390.0,0.00107907894274
2,42.0,400.0,0.00157858428125
2,42.0,410.0,0.00188990182438
2,42.0,420.0,0.00194582907942
2,42.0,430.0,0.00180054517712
2,42.0,440.0,0.00209585000664
2,42.0,450.0,0.00229297918472
2,42.0,460.0,0.00230048634928
2,42.0,470.0,0.00228320104153
2,42.0,480.0,0.00220438927599
2,42.0,490.0,0.0020485832001
2,42.0,500.0,0.00194650936575
2,42.0,510.0,0.0018371652851
2,42.0,520.0,0.00165790052485
2,42.0,530.0,0.00147239137692
2,42.0,540.0,0.0014080733657
2,42.0,550.0,0.00130671428685
2,42.0,560.0,0.00115366349526
2,42.0,570.0,0.00101675597835
2,42.0,580.0,0.00102006628401
2,42.0,590.0,0.00101813899663
2,42.0,600.0,0.000886588944971
2,42.0,610.0,0.000921190351156
2,42.0,620.0,0.00100130555288
2,42.0,630.0,0.00106419360707
2,42.0,640.0,0.00114251967475
2,42.0,650.0,0.00119826635473
2,42.0,660.0,0.00120388760779
2,42.0,670.0,0.00129125985546
2,42.0,680.0,0.00131275380923
2,42.0,690.0,0.00131724361628
2,42.0,700.0,0.00131129267124
2,42.0,710.0,0.00129182097549
2,42.0,720.0,0.00124781605237
2,42.0,730.0,0.00123042320094
2,42.0,740.0,0.00117835323433
2,42.0,750.0,0.00114003392938
2,42.0,760.0,0.00111929539837
2,42.0,770.0,0.00106595228648
2,42.0,780.0,0.0010170475669
2,43.0,380.0,0.00106859722217
2,43.0,390.0,0.00106017210568
2,43.0,400.0,0.00154902519459
2,43.0,410.0,0.00185244926565
2,43.0,420.0,0.00190533681531
2,43.0,430.0,0.00176144240909
2,43.0,440.0,0.00204858095286
2,43.0,450.0,0.00223950310346
2,43.0,460.0,0.00224516590172
2,43.0,470.0,0.00222679653335
2,43.0,480.0,0.0021484934694
2,43.0,490.0,0.00199545726451
2,43.0,500.0,0.00189488432231
2,43.0,510.0,0.00178742050404
2,43.0,520.0,0.00161214289449
2,43.0,530.0,0.00143089535687
2,43.0,540.0,0.00136770516244
2,43.0,550.0,0.00126859951723
2,43.0,560.0,0.00111942389928
2,43.0,570.0,0.000986049025491
2,43.0,580.0,0.000988841593076
2,43.0,590.0,0.000986605794158
2,43.0,600.0,0.000858696872015
2,43.0,610.0,0.000891920464598
2,43.0,620.0,0.00096923490689
2,43.0,630.0,0.0010298124469
2,43.0,640.0,0.00110532247751
2,43.0,650.0,0.00115894494039
2,43.0,660.0,0.00116405214422
2,43.0,670.0,0.00124819884677
2,43.0,680.0,0.00126861705149
2,43.0,690.0,0.00127257365925
2,43.0,700.0,0.00126645444511
2,43.0,710.0,0.00124724140301
2,43.0,720.0,0.00120434789608
2,43.0,730.0,0.00118717740108
2,43.0,740.0,0.0011365290965
2,43.0,750.0,0.00109914953764
2,43.0,760.0,0.00107880363152
2,43.0,770.0,0.0010270058273
2,43.0,780.0,0.000979477614066
2,44.0,380.0,0.00105081279644
2,44.0,390.0,0.00104120333479
2,44.0,400.0,0.00151956891453
2,44.0,410.0,0.00181534541216
2,44.0,420.0,0.00186543042363
2,44.0,430.0,0.00172308686248
2,44.0,440.0,0.00200241532456
2,44.0,450.0,0.00218748541087
2,44.0,460.0,0.0021915566274
2,44.0,470.0,0.00217233229958
2,44.0,480.0,0.00209470420483
2,44.0,490.0,0.00194450103333
2,44.0,500.0,0.001845525058
2,44.0,510.0,0.0017400060169
2,44.0,520.0,0.001568659979
2,44.0,530.0,0.00139158297455
2,44.0,540.0,0.0013295722041
2,44.0,550.0,0.00123269972029
2,44.0,560.0,0.00108726813266
2,44.0,570.0,0.000957295720878
2,44.0,580.0,0.000959677217694
2,44.0,590.0,0.000957214582887
2,44.0,600.0,0.000832762197597
2,44.0,610.0,0.000864752372304
2,44.0,620.0,0.000939510064842
2,44.0,630.0,0.000997991972741
2,44.0,640.0,0.00107093861093
2,44.0,650.0,0.00112264134689
2,44.0,660.0,0.0011273182045
2,44.0,670.0,0.00120853349454
2,44.0,680.0,0.00122800502101
2,44.0,690.0,0.00123151654141
2,44.0,700.0,0.00122528505265
2,44.0,710.0,0.00120635527126
2,44.0,720.0,0.00116452568112
2,44.0,730.0,0.00114759925703
2,44.0,740.0,0.00109829461447
2,44.0,750.0,0.001061817175
2,44.0,760.0,0.00104186339367
2,44.0,770.0,0.000991512329075
2,44.0,780.0,0.00094527779261
2,45.0,380.0,0.00103349300918
2,45.0,390.0,0.00102280971158
2,45.0,400.0,0.00149111039487
2,45.0,410.0,0.00177961312857
2,45.0,420.0,0.00182710967899
2,45.0,430.0,0.00168635235944
2,45.0,440.0,0.00195830970364
2,45.0,450.0,0.00213790546433
2,45.0,460.0,0.00214057599061
2,45.0,470.0,0.00212065292641
2,45.0,480.0,0.0020437795914
2,45.0,490.0,0.00189636309034
2,45.0,500.0,0.00179900186818
2,45.0,510.0,0.00169541846555
2,45.0,520.0,0.0015278641188
2,45.0,530.0,0.00135479744818
2,45.0,540.0,0.00129397729109
2,45.0,550.0,0.00119927670738
2,45.0,560.0,0.00105741419347
2,45.0,570.0,0.000930679948917
2,45.0,580.0,0.000932747714595
2,45.0,590.0,0.00093013308068
2,45.0,600.0,0.000808933484181
2,45.0,610.0,0.000839836627045
2,45.0,620.0,0.000912289284333
2,45.0,630.0,0.00096889774313
2,45.0,640.0,0.00103954289639
2,45.0,650.0,0.00108953793302
2,45.0,660.0,0.00109387037779
2,45.0,670.0,0.00117246357458
2,45.0,680.0,0.00119112487102
2,45.0,690.0,0.00119428646389
2,45.0,700.0,0.00118800444072
2,45.0,710.0,0.0011693889425
2,45.0,720.0,0.00112857879594
2,45.0,730.0,0.00111192517249
2,45.0,740.0,0.00106388850162
2,45.0,750.0,0.00102828127218
2,45.0,760.0,0.00100872507215
2,45.0,770.0,0.000959722770144
2,45.0,780.0,0.000914701619686
2,46.0,380.0,0.00101659420689
2,46.0,390.0,0.00100492061591
2,46.0,400.0,0.00146350606573
2,46.0,410.0,0.00174503109183
2,46.0,420.0,0.00179009350519
2,46.0,430.0,0.00165092705979
2,46.0,440.0,0.00191583736709
2,46.0,450.0,0.00209022190709
2,46.0,460.0,0.0020916009524
2,46.0,470.0,0.00207105591668
2,46.0,480.0,0.00199495251638
2,46.0,490.0,0.00185024508559
2,46.0,500.0,0.00175446569878
2,46.0,510.0,0.00165276574016
2,46.0,520.0,0.00148886408036
2,46.0,530.0,0.0013196555362
2,46.0,540.0,0.00125999238578
2,46.0,550.0,0.00116738374423
2,46.0,560.0,0.00102894313414
2,46.0,570.0,0.000905311437878
2,46.0,580.0,0.000907091605611
2,46.0,590.0,0.00090434185434
2,46.0,600.0,0.000786251145157
2,46.0,610.0,0.000816127388247
2,46.0,620.0,0.000886393732396
2,46.0,630.0,0.000941228155888
2,46.0,640.0,0.00100969260205
2,46.0,650.0,0.00105807285229
2,46.0,660.0,0.00106208747739
2,46.0,670.0,0.00113819900636
2,46.0,680.0,0.00115610138139
2,46.0,690.0,0.00115894225083
2,46.0,700.0,0.00115262369102
2,46.0,710.0,0.00113431912691
2,46.0,720.0,0.00109448895748
2,46.0,730.0,0.00107810637856
2,46.0,740.0,0.0010312849405
2,46.0,750.0,0.000996516044307
2,46.0,760.0,0.000977348270729
2,46.0,770.0,0.000929635979995
2,46.0,780.0,0.000885777074596
2,47.0,380.0,0.0010001415732
2,47.0,390.0,0.000987555597762
2,47.0,400.0,0.00143677683137
2,47.0,410.0,0.00171161558386
2,47.0,420.0,0.0017543902024
2,47.0,430.0,0.00161681134065
2,47.0,440.0,0.00187499086999
2,47.0,450.0,0.00204441863486
2,47.0,460.0,0.00204460799505
2,47.0,470.0,0.00202351125853
2,47.0,480.0,0.00194818804817
2,47.0,490.0,0.00180610954026
2,47.0,500.0,0.00171187652984
2,47.0,510.0,0.00161200627233
2,47.0,520.0,0.00145161922314
2,47.0,530.0,0.00128611858123
2,47.0,540.0,0.00122757829959
2,47.0,550.0,0.00113698256819
2,47.0,560.0,0.00100181963999
2,47.0,570.0,0.000881157828296
2,47.0,580.0,0.000882675153709
2,47.0,590.0,0.000879805861743
2,47.0,600.0,0.000764683551198
2,47.0,610.0,0.000793590542924
2,47.0,620.0,0.000861784946172
2,47.0,630.0,0.000914940881577
2,47.0,640.0,0.000981340707588
2,47.0,650.0,0.00102819512766
2,47.0,660.0,0.00103191658872
2,47.0,670.0,0.00110568118513
2,47.0,680.0,0.0011228730522
2,47.0,690.0,0.00112542021258
2,47.0,700.0,0.00111907738473
2,47.0,710.0,0.00110107929817
2,47.0,720.0,0.00106218981013
2,47.0,730.0,0.0010460753167
2,47.0,740.0,0.00100041705382
2,47.0,750.0,0.000966454539784
2,47.0,760.0,0.000947665037493
2,47.0,770.0,0.000901184930435
2,47.0,780.0,0.000858437771962
2,48.0,380.0,0.000984137333687
2,48.0,390.0,0.00097071097682
2,48.0,400.0,0.00141090909795
2,48.0,410.0,0.00167934103727
2,48.0,420.0,0.00171996446959
2,48.0,430.0,0.0015839647533
2,48.0,440.0,0.00183571461886
2,48.0,450.0,0.00200042617548
2,48.0,460.0,0.00199951912652
2,48.0,470.0,0.0019779341017
2,48.0,480.0,0.0019033970476
2,48.0,490.0,0.00176386776659
2,48.0,500.0,0.00167114436383
2,48.0,510.0,0.00157305005972
2,48.0,520.0,0.00141604406422
2,48.0,530.0,0.00125410639673
2,48.0,540.0,0.00119665503939
2,48.0,550.0,0.00110799579367
2,48.0,560.0,0.000975972555154
2,48.0,570.0,0.000858153870086
2,48.0,580.0,0.000859430963613
2,48.0,590.0,0.000856456160874
2,48.0,600.0,0.000744168626311
2,48.0,610.0,0.000772160249904
2,48.0,620.0,0.000838390163347
2,48.0,630.0,0.000889957160748
2,48.0,640.0,0.000954401249004
2,48.0,650.0,0.000999813035626
2,48.0,660.0,0.00100326384946
2,48.0,670.0,0.00107480765838
2,48.0,680.0,0.00109133378121
2,48.0,690.0,0.0010936117795
2,48.0,700.0,0.0010872553617
2,48.0,710.0,0.0010695586206
2,48.0,720.0,0.00103157194886
2,48.0,730.0,0.00101572185235
2,48.0,740.0,0.000971176952079
2,48.0,750.0,0.000937989867093
2,48.0,760.0,0.000919568263441
2,48.0,770.0,0.000874265251086
2,48.0,780.0,0.000832581595759
2,49.0,380.0,0.00096857934036
2,49.0,390.0,0.000954379054486
2,49.0,400.0,0.0013858838915
2,49.0,410.0,0.00164817604845
2,49.0,420.0,0.00168677560872
2,49.0,430.0,0.00155234240964
2,49.0,440.0,0.00179794848558
2,49.0,450.0,0.00195817074435
2,49.0,460.0,0.00195625267898
2,49.0,470.0,0.00193423650666
2,49.0,480.0,0.00186048797283
2,49.0,490.0,0.00172342926866
2,49.0,500.0,0.00163217792072
2,49.0,510.0,0.00153580625148
2,49.0,520.0,0.00138205263692
2,49.0,530.0,0.00122353865128
2,49.0,540.0,0.00116714264868
2,49.0,550.0,0.00108034622314
2,49.0,560.0,0.000951331011445
2,49.0,570.0,0.000836234657866
2,49.0,580.0,0.00083729204682
2,49.0,590.0,0.000834224296004
2,49.0,600.0,0.000724644802957
2,49.0,610.0,0.000751771265459
2,49.0,620.0,0.000816137350918
2,49.0,630.0,0.00086619910076
2,49.0,640.0,0.000928789298096
2,49.0,650.0,0.000972836055462
2,49.0,660.0,0.000976036729176
2,49.0,670.0,0.00104547754073
2,49.0,680.0,0.0010613792051
2,49.0,690.0,0.00106341027721
2,49.0,700.0,0.00105704950349
2,49.0,710.0,0.00103964842616
2,49.0,720.0,0.00100252821811
2,49.0,730.0,0.000986938227698
2,49.0,740.0,0.000943459178749
2,49.0,750.0,0.000911017645861
2,49.0,760.0,0.000892953463305
2,49.0,770.0,0.000848775227219
2,49.0,780.0,0.000808109121301
2,50.0,380.0,0.000953464349003
2,50.0,390.0,0.00093855144008
2,50.0,400.0,0.00136168180353
2,50.0,410.0,0.00161808937052
2,50.0,420.0,0.00165478375217
2,50.0,430.0,0.00152190078228
2,50.0,440.0,0.00176163458667
2,50.0,450.0,0.00191758168765
2,50.0,460.0,0.00191473079044
2,50.0,470.0,0.00189233489733
2,50.0,480.0,0.00181937409464
2,50.0,490.0,0.00168470848883
2,50.0,500.0,0.00159489109748
2,50.0,510.0,0.00150018931156
2,50.0,520.0,0.00134956413104
2,50.0,530.0,0.00119433998499
2,50.0,540.0,0.00113896620987
2,50.0,550.0,0.00105396161624
2,50.0,560.0,0.000927828777042
2,50.0,570.0,0.00081533961009
2,50.0,580.0,0.000816195919135
2,50.0,590.0,0.00081304645133
2,50.0,600.0,0.000706054753684
2,50.0,610.0,0.000732362865772
2,50.0,620.0,0.000794959484494
2,50.0,630.0,0.000843594255787
2,50.0,640.0,0.000904425895875
2,50.0,650.0,0.000947180066973
2,50.0,660.0,0.000950149285064
2,50.0,670.0,0.00101759717696
2,50.0,680.0,0.0010329124941
2,50.0,690.0,0.00103471679132
2,50.0,700.0,0.0010283596157
2,50.0,710.0,0.00101124807656
2,50.0,720.0,0.000974959445988
2,50.0,730.0,0.000959624776169
2,50.0,740.0,0.000917166261602
2,50.0,750.0,0.000885441465679
2,50.0,760.0,0.000867724187591
2,50.0,770.0,0.000824621028372
2,50.0,780.0,0.000784928694865
2,51.0,380.0,0.000938788382025
2,51.0,390.0,0.000923219459999
2,51.0,400.0,0.00133828365629
2,51.0,410.0,0.00158905078608
2,51.0,420.0,0.00162395084182
2,51.0,430.0,0.00149259868427
2,51.0,440.0,0.00172671850547
2,51.0,450.0,0.0018785929164
2,51.0,460.0,0.00187488092214
2,51.0,470.0,0.0018521516681
2,51.0,480.0,0.00177997509894
2,51.0,490.0,0.00164762638138
2,51.0,500.0,0.00155920449751
2,51.0,510.0,0.001466120496
2,51.0,520.0,0.00131850425963
2,51.0,530.0,0.00116644119543
2,51.0,540.0,0.00111205699763
2,51.0,550.0,0.00102877576024
2,51.0,560.0,0.000905405189028
2,51.0,570.0,0.000795413270954
2,51.0,580.0,0.000796085421816
2,51.0,590.0,0.00079286428648
2,51.0,600.0,0.00068834608826
2,51.0,610.0,0.000713879590203
2,51.0,620.0,0.000774795388924
2,51.0,630.0,0.000822076539792
2,51.0,640.0,0.00088123905516
2,51.0,650.0,0.00092276841691
2,51.0,660.0,0.00092552324088
2,51.0,670.0,0.000991081306407
2,51.0,680.0,0.00100584553659
2,51.0,690.0,0.00100744135136
2,51.0,700.0,0.00100109460142
2,51.0,710.0,0.000984266107861
2,51.0,720.0,0.000948775536606
2,51.0,730.0,0.000933690987599
2,51.0,740.0,0.000892209716941
2,51.0,750.0,0.000861173839682
2,51.0,760.0,0.000843792946637
2,51.0,770.0,0.000801717571935
2,51.0,780.0,0.00076295723791
2,52.0,380.0,0.000924547762284
2,52.0,390.0,0.000908375057898
2,52.0,400.0,0.00131567163932
2,52.0,410.0,0.00156103226032
2,52.0,420.0,0.00159424160923
2,52.0,430.0,0.00146439799436
2,52.0,440.0,0.00169314993942
2,52.0,450.0,0.00184114340637
2,52.0,460.0,0.00183663617771
2,52.0,470.0,0.0018136153158
2,52.0,480.0,0.00174221708213
2,52.0,490.0,0.00161211026812
2,52.0,500.0,0.00152504520437
2,52.0,510.0,0.00143352756319
2,52.0,520.0,0.00128880493304
2,52.0,530.0,0.00113977894411
2,52.0,540.0,0.00108635216033
2,52.0,550.0,0.00100472815866
2,52.0,560.0,0.000884004879298
2,52.0,570.0,0.000776405081116
2,52.0,580.0,0.000776908465752
2,52.0,590.0,0.000773624649752
2,52.0,600.0,0.000671471121227
2,52.0,610.0,0.000696270964002
2,52.0,620.0,0.000755589385714
2,52.0,630.0,0.000801585812203
2,52.0,640.0,0.000859163270922
2,52.0,650.0,0.000899531365928
2,52.0,660.0,0.000902087398115
2,52.0,670.0,0.000965852395453
2,52.0,680.0,0.000980098229193
2,52.0,690.0,0.000981502191371
2,52.0,700.0,0.000975171697584
2,52.0,710.0,0.000958619456036
2,52.0,720.0,0.000923894701749
2,52.0,730.0,0.000909054728462
2,52.0,740.0,0.000868509284584
2,52.0,750.0,0.000838135447852
2,52.0,760.0,0.000821080445847
2,52.0,770.0,0.000779987776949
2,52.0,780.0,0.000742119519937
2,53.0,380.0,0.000910738454323
2,53.0,390.0,0.00089401021147
2,53.0,400.0,0.00129382854208
2,53.0,410.0,0.0015340071044
2,53.0,420.0,0.00156562278334
2,53.0,430.0,0.00143726297144
2,53.0,440.0,0.00166088193728
2,53.0,450.0,0.00180517639559
2,53.0,460.0,0.00179993450116
2,53.0,470.0,0.00177665966176
2,53.0,480.0,0.00170603176821
2,53.0,490.0,0.00157809311653
2,53.0,500.0,0.00149234605851
2,53.0,510.0,0.00140234405745
2,53.0,520.0,0.00126040358611
2,53.0,530.0,0.00111429508827
2,53.0,540.0,0.00106179406068
2,53.0,550.0,0.000981763385566
2,53.0,560.0,0.000863577164803
2,53.0,570.0,0.000758268797843
2,53.0,580.0,0.000758617449454
2,53.0,590.0,0.000755279003421
2,53.0,600.0,0.000655386334246
2,53.0,610.0,0.000679490954024
2,53.0,620.0,0.000737290726124
2,53.0,630.0,0.000782067287343
2,53.0,640.0,0.00083813890003
2,53.0,650.0,0.000877405444943
2,53.0,660.0,0.000879776988816
2,53.0,670.0,0.000941839942552
2,53.0,680.0,0.000955597763652
2,53.0,690.0,0.000956825022759
2,53.0,700.0,0.000950515739283
2,53.0,710.0,0.000934232714372
2,53.0,720.0,0.000900242723977
2,53.0,730.0,0.000885641497235
2,53.0,740.0,0.000845992192759
2,53.0,750.0,0.000816254401751
2,53.0,760.0,0.000799514845985
2,53.0,770.0,0.00075936183756
2,53.0,780.0,0.000722347439919
2,54.0,380.0,0.000897356343333
2,54.0,390.0,0.000880117150687
2,54.0,400.0,0.00127273799074
2,54.0,410.0,0.0015079501659
2,54.0,420.0,0.00153806319684
2,54.0,430.0,0.00141116027668
2,54.0,440.0,0.00162987084436
2,54.0,450.0,0.00177063924218
2,54.0,460.0,0.00176471846159
2,54.0,470.0,0.00174122356781
2,54.0,480.0,0.00167135617827
2,54.0,490.0,0.00154551317749
2,54.0,500.0,0.00146104526934
2,54.0,510.0,0.00137250890328
2,54.0,520.0,0.00123324277704
2,54.0,530.0,0.00108993629957
2,54.0,540.0,0.00103832988136
2,54.0,550.0,0.000959830694211
2,54.0,560.0,0.000844075680599
2,54.0,570.0,0.000740962153325
2,54.0,580.0,0.000741168893607
2,54.0,590.0,0.000737783037926
2,54.0,600.0,0.000640052025401
2,54.0,610.0,0.000663497584652
2,54.0,620.0,0.000719853153442
2,54.0,630.0,0.000763471049318
2,54.0,640.0,0.000818111620484
2,54.0,650.0,0.000856332867874
2,54.0,660.0,0.000858533065597
2,54.0,670.0,0.000918979803344
2,54.0,680.0,0.000932277919458
2,54.0,690.0,0.000933342302413
2,54.0,700.0,0.000927058409524
2,54.0,710.0,0.000911037371195
2,54.0,720.0,0.000877752197097
2,54.0,730.0,0.000863383653015
2,54.0,740.0,0.000824592395709
2,54.0,750.0,0.000795465482506
2,54.0,760.0,0.000779030993544
2,54.0,770.0,0.000739776466942
2,54.0,780.0,0.000703579280392
2,55.0,380.0,0.00088439729331
2,55.0,390.0,0.000866688383163
2,55.0,400.0,0.00125238443796
2,55.0,410.0,0.00148283776127
2,55.0,420.0,0.0015115336615
2,55.0,430.0,0.00138605880935
2,55.0,440.0,0.00160007605733
2,55.0,450.0,0.00173748309999
2,55.0,460.0,0.00173093487386
2,55.0,470.0,0.00170725050954
2,55.0,480.0,0.001638132171
2,55.0,490.0,0.00151431351745
2,55.0,500.0,0.00143108593151
2,55.0,510.0,0.00134396591355
2,55.0,520.0,0.00120726971301
2,55.0,530.0,0.0010666536131
2,55.0,540.0,0.00101591116853
2,55.0,550.0,0.000938883569343
2,55.0,560.0,0.000825457962801
2,55.0,570.0,0.000724446467377
2,55.0,580.0,0.000724523036002
2,55.0,590.0,0.000721096253419
2,55.0,600.0,0.000625431928936
2,55.0,610.0,0.000648252530848
2,55.0,620.0,0.000703234449871
2,55.0,630.0,0.000745751558159
2,55.0,640.0,0.00079903188921
2,55.0,650.0,0.000836260949903
2,55.0,660.0,0.000838301903152
2,55.0,670.0,0.000897213534252
2,55.0,680.0,0.000910078380801
2,55.0,690.0,0.000910992530365
2,55.0,700.0,0.000904737523378
2,55.0,710.0,0.000888971085986
2,55.0,720.0,0.000856361808028
2,55.0,730.0,0.000842219689269
2,55.0,740.0,0.000804249858711
2,55.0,750.0,0.000775709428821
2,55.0,760.0,0.000759569704487
2,55.0,770.0,0.000721174196191
2,55.0,780.0,0.000685759018129
2,56.0,380.0,0.000871857184406
2,56.0,390.0,0.000853716702728
2,56.0,400.0,0.00123275313393
2,56.0,410.0,0.0014586475925
2,56.0,420.0,0.00148600683391
2,56.0,430.0,0.00136192953969
2,56.0,440.0,0.00157145978203
2,56.0,450.0,0.00170566260398
2,56.0,460.0,0.00169853443522
2,56.0,470.0,0.00167468817141
2,56.0,480.0,0.00160630600939
2,56.0,490.0,0.00148444157958
2,56.0,500.0,0.00140241557321
2,56.0,510.0,0.00131666333158
2,56.0,520.0,0.00118243580968
2,56.0,530.0,0.00104440200947
2,56.0,540.0,0.00099449340983
2,56.0,550.0,0.000918879314225
2,56.0,560.0,0.000807685064519
2,56.0,570.0,0.000708686291261
2,56.0,580.0,0.000708643459809
2,56.0,590.0,0.000705181576547
2,56.0,600.0,0.000611492867459
2,56.0,610.0,0.000633720746789
2,56.0,620.0,0.00068739602398
2,56.0,630.0,0.000728867201043
2,56.0,640.0,0.000780854450304
2,56.0,650.0,0.000817141580883
2,56.0,660.0,0.000819034457504
2,56.0,670.0,0.000876487800547
2,56.0,680.0,0.000888944121786
2,56.0,690.0,0.000889719618878
2,56.0,700.0,0.000883496386174
2,56.0,710.0,0.00086797704178
2,56.0,720.0,0.000836015695685
2,56.0,730.0,0.000822093586905
2,56.0,740.0,0.000784909922569
2,56.0,750.0,0.000756932305517
2,56.0,760.0,0.000741077130316
2,56.0,770.0,0.000703502755165
2,56.0,780.0,0.000668835716721
2,57.0,380.0,0.000859731919638
2,57.0,390.0,0.000841195172359
2,57.0,400.0,0.00121383006672
2,57.0,410.0,0.00143535863506
2,57.0,420.0,0.00146145705961
2,57.0,430.0,0.00133874532864
2,57.0,440.0,0.00154398678334
2,57.0,450.0,0.00167513555473
2,57.0,460.0,0.00166747136805
2,57.0,470.0,0.00164348805462
2,57.0,480.0,0.00157582794552
2,57.0,490.0,0.00145584876732
2,57.0,500.0,0.00137498573015
2,57.0,510.0,0.00129055340183
2,57.0,520.0,0.00115869628022
2,57.0,530.0,0.00102314002614
2,57.0,540.0,0.000974035643509
2,57.0,550.0,0.000899778669427
2,57.0,560.0,0.000790721202411
2,57.0,570.0,0.000693649080826
2,57.0,580.0,0.000693496753716
2,57.0,590.0,0.000690005011351
2,57.0,600.0,0.000598204435923
2,57.0,610.0,0.000619870129666
2,57.0,620.0,0.000672302538506
2,57.0,630.0,0.000712779888732
2,57.0,640.0,0.000763537894056
2,57.0,650.0,0.000798930754406
2,57.0,660.0,0.000800685883647
2,57.0,670.0,0.000856753849595
2,57.0,680.0,0.00086882486058
2,57.0,690.0,0.000869472333425
2,57.0,700.0,0.000863283225967
2,57.0,710.0,0.000848003373571
2,57.0,720.0,0.000816662886201
2,57.0,730.0,0.00080295424531
2,57.0,740.0,0.000766522745609
2,57.0,750.0,0.000739084949973
2,57.0,760.0,0.000723504203167
2,57.0,770.0,0.000686714531254
2,57.0,780.0,0.000652762996382
2,58.0,380.0,0.000848017430933
2,58.0,390.0,0.000829117108225
2,58.0,400.0,0.00119560190716
2,58.0,410.0,0.00141295103469
2,58.0,420.0,0.00143786022997
2,58.0,430.0,0.00131648076262
2,58.0,440.0,0.00151762415644
2,58.0,450.0,0.00164586263044
2,58.0,460.0,0.0016377030943
2,58.0,470.0,0.00161360512011
2,58.0,480.0,0.00154665184318
2,58.0,490.0,0.00142849006602
2,58.0,500.0,0.00134875155919
2,58.0,510.0,0.00126559198082
2,58.0,520.0,0.00113600976322
2,58.0,530.0,0.00100282940605
2,58.0,540.0,0.00095450010522
2,58.0,550.0,0.000881545468518
2,58.0,560.0,0.000774533437627
2,58.0,570.0,0.000679304901574
2,58.0,580.0,0.000679052205276
2,58.0,590.0,0.000675535324263
2,58.0,600.0,0.000585538716527
2,58.0,610.0,0.000606671216346
2,58.0,620.0,0.000657921574568
2,58.0,630.0,0.000697454691559
2,58.0,640.0,0.000747044259294
2,58.0,650.0,0.000781588143312
2,58.0,660.0,0.000783215100985
2,58.0,670.0,0.000837967036575
2,58.0,680.0,0.000849674568298
2,58.0,690.0,0.000850203790179
2,58.0,700.0,0.000844050683891
2,58.0,710.0,0.000829002655482
2,58.0,720.0,0.00079825678661
2,58.0,730.0,0.000784754972799
2,58.0,740.0,0.000749042804447
2,58.0,750.0,0.000722122477345
2,58.0,760.0,0.000706806140344
2,58.0,770.0,0.000670766086633
2,58.0,780.0,0.000637498561408
2,59.0,380.0,0.000836709673517
2,59.0,390.0,0.000817476054871
2,59.0,400.0,0.00117805594472
2,59.0,410.0,0.00139140599834
2,59.0,420.0,0.00141519363768
2,59.0,430.0,0.00129511199149
2,59.0,440.0,0.00149234110662
2,59.0,450.0,0.00161780711309
2,59.0,460.0,0.00160918992895
2,59.0,470.0,0.0015849974551
2,59.0,480.0,0.00151873482732
2,59.0,490.0,0.00140232369327
2,59.0,500.0,0.00132367148246
2,59.0,510.0,0.00124173818002
2,59.0,520.0,0.00111433798201
2,59.0,530.0,0.000983434776528
2,59.0,540.0,0.000935851906092
2,59.0,550.0,0.000864146324945
2,59.0,560.0,0.000759091386251
2,59.0,570.0,0.000665626161546
2,59.0,580.0,0.000665281523758
2,59.0,590.0,0.000661743759984
2,59.0,600.0,0.000573470022097
2,59.0,610.0,0.000594096910872
2,59.0,620.0,0.000644223330482
2,59.0,630.0,0.000682859513385
2,59.0,640.0,0.000731338677779
2,59.0,650.0,0.000765076720296
2,59.0,660.0,0.000766584405295
2,59.0,670.0,0.000820086401307
2,59.0,680.0,0.000831451031068
2,59.0,690.0,0.000831871008129
2,59.0,700.0,0.000825755359974
2,59.0,710.0,0.000810931443921
2,59.0,720.0,0.000780754734014
2,59.0,730.0,0.000767453032979
2,59.0,740.0,0.000732428449622
2,59.0,750.0,0.000706003840258
2,59.0,760.0,0.000690942003319
2,59.0,770.0,0.000655617728553
2,59.0,780.0,0.000623003779742
2,60.0,380.0,0.000825804618971
2,60.0,390.0,0.00080626576066
2,60.0,400.0,0.00116118002619
2,60.0,410.0,0.00137070569116
2,60.0,420.0,0.00139343584164
2,60.0,430.0,0.00127461657767
2,60.0,440.0,0.00146810874495
2,60.0,450.0,0.00159093463536
2,60.0,460.0,0.00158189479733
2,60.0,470.0,0.00155762596601
2,60.0,480.0,0.0014920369619
2,60.0,490.0,0.00137731077799
2,60.0,500.0,0.00129970686126
2,60.0,510.0,0.00121895403883
2,60.0,520.0,0.00109364543306
2,60.0,530.0,0.000964923356005
2,60.0,540.0,0.000918058738685
2,60.0,550.0,0.000847550346092
2,60.0,560.0,0.000744366954869
2,60.0,570.0,0.000652587367341
2,60.0,580.0,0.000652158586871
2,60.0,590.0,0.000648603781646
2,60.0,600.0,0.000561974661218
2,60.0,610.0,0.000582122234829
2,60.0,620.0,0.000631180345637
2,60.0,630.0,0.00066896479242
2,60.0,640.0,0.00071638904766
2,60.0,650.0,0.000749362409282
2,60.0,660.0,0.000750759111896
2,60.0,670.0,0.000803074278874
2,60.0,680.0,0.00081411544686
2,60.0,690.0,0.00081443449654
2,60.0,700.0,0.000808357394701
2,60.0,710.0,0.00079374985653
2,60.0,720.0,0.000764117579876
2,60.0,730.0,0.00075100922631
2,60.0,740.0,0.000716641495582
2,60.0,750.0,0.000690691422425
2,60.0,760.0,0.000675874290701
2,60.0,770.0,0.000641233112722
2,60.0,780.0,0.000609243294689
2,90.0,380.0,0.000643396125565
2,90.0,390.0,0.000621448301804
2,90.0,400.0,0.000886395560392
2,90.0,410.0,0.00103725330873
2,90.0,420.0,0.0010462231486
2,90.0,430.0,0.000950216685015
2,90.0,440.0,0.00108727195109
2,90.0,450.0,0.00117126002889
2,90.0,460.0,0.00115784816718
2,90.0,470.0,0.00113450311775
2,90.0,480.0,0.0010808193918
2,90.0,490.0,0.000993554803683
2,90.0,500.0,0.000932987743815
2,90.0,510.0,0.00087111413843
2,90.0,520.0,0.000778422992844
2,90.0,530.0,0.000683035661609
2,90.0,540.0,0.000647550914133
2,90.0,550.0,0.000595475899674
2,90.0,560.0,0.000520794883425
2,90.0,570.0,0.000454579054895
2,90.0,580.0,0.000453205984655
2,90.0,590.0,0.000449881746738
2,90.0,600.0,0.000388163072462
2,90.0,610.0,0.00040156786675
2,90.0,620.0,0.000435187585919
2,90.0,630.0,0.000460755509456
2,90.0,640.0,0.000493033370376
2,90.0,650.0,0.000515199668364
2,90.0,660.0,0.000515477345212
2,90.0,670.0,0.000550726769796
2,90.0,680.0,0.000557478670267
2,90.0,690.0,0.000556734290601
2,90.0,700.0,0.000551651733723
2,90.0,710.0,0.000540543609241
2,90.0,720.0,0.000519186658722
2,90.0,730.0,0.000509193726003
2,90.0,740.0,0.000484652085017
2,90.0,750.0,0.000465782630752
2,90.0,760.0,0.0004547676209
2,90.0,770.0,0.000430252358524
2,90.0,780.0,0.000407437269361
4,0.0,380.0,0.000106706359661
4,0.0,390.0,0.00011076323566
4,0.0,400.0,0.000169913252068
4,0.0,410.0,0.000214015048984
4,0.0,420.0,0.00023268212511
4,0.0,430.0,0.000228029941047
4,0.0,440.0,0.000281634758085
4,0.0,450.0,0.000328085487447
4,0.0,460.0,0.000349978009777
4,0.0,470.0,0.000371662256332
4,0.0,480.0,0.000380999907954
4,0.0,490.0,0.000379780130153
4,0.0,500.0,0.000383337062635
4,0.0,510.0,0.000385002616285
4,0.0,520.0,0.000370434185345
4,0.0,530.0,0.000344848053816
4,0.0,540.0,0.000351452595509
4,0.0,550.0,0.000345587537329
4,0.0,560.0,0.000321778456329
4,0.0,570.0,0.000297942605803
4,0.0,580.0,0.00031585824356
4,0.0,590.0,0.000330954353456
4,0.0,600.0,0.000295785950531
4,0.0,610.0,0.000323668433851
4,0.0,620.0,0.000372767025587
4,0.0,630.0,0.000417260314679
4,0.0,640.0,0.00047245097495
4,0.0,650.0,0.000521015858186
4,0.0,660.0,0.000548705958241
4,0.0,670.0,0.000617062207501
4,0.0,680.0,0.000656184229796
4,0.0,690.0,0.000687271252611
4,0.0,700.0,0.00071431720539
4,0.0,710.0,0.000732791931774
4,0.0,720.0,0.000736661649536
4,0.0,730.0,0.000756917612428
4,0.0,740.0,0.000754079338399
4,0.0,750.0,0.000758561173104
4,0.0,760.0,0.000777088457259
4,0.0,770.0,0.000770914417295
4,0.0,780.0,0.000765495623603
4,1.0,380.0,9.53045394915e-05
4,1.0,390.0,9.93791396811e-05
4,1.0,400.0,0.000153175423501
4,1.0,410.0,0.000193905002439
4,1.0,420.0,0.000211971914665
4,1.0,430.0,0.000208993392914
4,1.0,440.0,0.000259886489282
4,1.0,450.0,0.000305153976786
4,1.0,460.0,0.000328472337649
4,1.0,470.0,0.000352604529036
4,1.0,480.0,0.000365867378166
4,1.0,490.0,0.000369966927431
4,1.0,500.0,0.000379407850651
4,1.0,510.0,0.000387913318517
4,1.0,520.0,0.000380646584715
4,1.0,530.0,0.000361904288123
4,1.0,540.0,0.000377295227819
4,1.0,550.0,0.000379911667439
4,1.0,560.0,0.000362533126369
4,1.0,570.0,0.000344212227402
4,1.0,580.0,0.000375629223319
4,1.0,590.0,0.000405943062549
4,1.0,600.0,0.000374635602404
4,1.0,610.0,0.000422966237062
4,1.0,620.0,0.000502242458079
4,1.0,630.0,0.000579422284458
4,1.0,640.0,0.000675500288738
4,1.0,650.0,0.000766484910029
4,1.0,660.0,0.000830137095808
4,1.0,670.0,0.00095894683415
4,1.0,680.0,0.00104669491103
4,1.0,690.0,0.00112433939507
4,1.0,700.0,0.00119689875136
4,1.0,710.0,0.00125667662777
4,1.0,720.0,0.00129141728038
4,1.0,730.0,0.00135410656354
4,1.0,740.0,0.00137536681191
4,1.0,750.0,0.00140882218932
4,1.0,760.0,0.00146577392679
4,1.0,770.0,0.00147557673411
4,1.0,780.0,0.00148544804002
4,2.0,380.0,9.97545991541e-05
4,2.0,390.0,0.000104560712753
4,2.0,400.0,0.000162246617719
4,2.0,410.0,0.000207258596297
4,2.0,420.0,0.000229367552952
4,2.0,430.0,0.000229826690718
4,2.0,440.0,0.000291672952995
4,2.0,450.0,0.000350953207306
4,2.0,460.0,0.000388501405144
4,2.0,470.0,0.000429891529839
4,2.0,480.0,0.000460549998091
4,2.0,490.0,0.0004806601778
4,2.0,500.0,0.000508368609424
4,2.0,510.0,0.000534790454691
4,2.0,520.0,0.000538245449977
4,2.0,530.0,0.000523241833222
4,2.0,540.0,0.00055527904994
4,2.0,550.0,0.000566906156431
4,2.0,560.0,0.000546244526764
4,2.0,570.0,0.000521525385455
4,2.0,580.0,0.000573312169153
4,2.0,590.0,0.000624409339836
4,2.0,600.0,0.00057767774794
4,2.0,610.0,0.000654111763466
4,2.0,620.0,0.000777940648415
4,2.0,630.0,0.000896581185066
4,2.0,640.0,0.00104276061033
4,2.0,650.0,0.00117831850949
4,2.0,660.0,0.00126873772393
4,2.0,670.0,0.0014556376704
4,2.0,680.0,0.00157596237766
4,2.0,690.0,0.00167712237996
4,2.0,700.0,0.00176775499259
4,2.0,710.0,0.00183523915046
4,2.0,720.0,0.0018632752684
4,2.0,730.0,0.00193009810934
4,2.0,740.0,0.00193406868388
4,2.0,750.0,0.00195251358681
4,2.0,760.0,0.00200499041396
4,2.0,770.0,0.0019887921132
4,2.0,780.0,0.00196961000517
4,3.0,380.0,0.000107231637304
4,3.0,390.0,0.000113935027767
4,3.0,400.0,0.000180138259893
4,3.0,410.0,0.000235748349091
4,3.0,420.0,0.000268570067123
4,3.0,430.0,0.000277912192776
4,3.0,440.0,0.000364602888328
4,3.0,450.0,0.00045291131787
4,3.0,460.0,0.000515840992384
4,3.0,470.0,0.000584417893873
4,3.0,480.0,0.000637372332144
4,3.0,490.0,0.000673359687299
4,3.0,500.0,0.000716703091834
4,3.0,510.0,0.000754917630352
4,3.0,520.0,0.000757542396422
4,3.0,530.0,0.000730583898845
4,3.0,540.0,0.000767964679625
4,3.0,550.0,0.000774451268409
4,3.0,560.0,0.000735437393086
4,3.0,570.0,0.000690756219744
4,3.0,580.0,0.000749776618556
4,3.0,590.0,0.000807647733953
4,3.0,600.0,0.000735635422643
4,3.0,610.0,0.000823792122833
4,3.0,620.0,0.000970095369955
4,3.0,630.0,0.0011059452446
4,3.0,640.0,0.00127307207096
4,3.0,650.0,0.001423350926
4,3.0,660.0,0.00151562001021
4,3.0,670.0,0.00172029611439
4,3.0,680.0,0.0018419131228
4,3.0,690.0,0.00193775705508
4,3.0,700.0,0.00201968632688
4,3.0,710.0,0.00207197552073
4,3.0,720.0,0.00207848023245
4,3.0,730.0,0.00212845757909
4,3.0,740.0,0.00210707820608
4,3.0,750.0,0.00210065829277
4,3.0,760.0,0.00213406574404
4,3.0,770.0,0.00209189930435
4,3.0,780.0,0.00204486751585
4,4.0,380.0,0.000119132707802
4,4.0,390.0,0.000129778476702
4,4.0,400.0,0.000211166294027
4,4.0,410.0,0.000284780048317
4,4.0,420.0,0.000333804296757
4,4.0,430.0,0.000353936108468
4,4.0,440.0,0.000473010397995
4,4.0,450.0,0.000594645688725
4,4.0,460.0,0.000680924680605
4,4.0,470.0,0.000771306615431
4,4.0,480.0,0.000836650525999
4,4.0,490.0,0.00087627260055
4,4.0,500.0,0.000921432423074
4,4.0,510.0,0.000957019522213
4,4.0,520.0,0.000945841629321
4,4.0,530.0,0.000896281790555
4,4.0,540.0,0.000926837858196
4,4.0,550.0,0.00091895916342
4,4.0,560.0,0.000857782613906
4,4.0,570.0,0.000791915112208
4,4.0,580.0,0.000847693748178
4,4.0,590.0,0.000902047707871
4,4.0,600.0,0.000809659487281
4,4.0,610.0,0.00089697497291
4,4.0,620.0,0.00104654123609
4,4.0,630.0,0.00118191934406
4,4.0,640.0,0.00134899461697
4,4.0,650.0,0.00149564685128
4,4.0,660.0,0.00157920761592
4,4.0,670.0,0.00177838070609
4,4.0,680.0,0.00188901616468
4,4.0,690.0,0.00197136153608
4,4.0,700.0,0.00203895233399
4,4.0,710.0,0.00207487360033
4,4.0,720.0,0.00206462902348
4,4.0,730.0,0.00209819062159
4,4.0,740.0,0.00206048407897
4,4.0,750.0,0.0020373974282
4,4.0,760.0,0.00205518502067
4,4.0,770.0,0.00199913143603
4,4.0,780.0,0.001937962983
4,5.0,380.0,0.00013676584144
4,5.0,390.0,0.00015283090395
4,5.0,400.0,0.000254536515413
4,5.0,410.0,0.000349727355862
4,5.0,420.0,0.000415095814943
4,5.0,430.0,0.000442780733729
4,5.0,440.0,0.000591719070068
4,5.0,450.0,0.000740130850125
4,5.0,460.0,0.000839851020578
4,5.0,470.0,0.000940265001277
4,5.0,480.0,0.00100572371071
4,5.0,490.0,0.00103799217495
4,5.0,500.0,0.00107431390187
4,5.0,510.0,0.00109815803187
4,5.0,520.0,0.00106844146049
4,5.0,530.0,0.000995879437425
4,5.0,540.0,0.00101464438222
4,5.0,550.0,0.00099140493287
4,5.0,560.0,0.000912299202518
4,5.0,570.0,0.000830716789398
4,5.0,580.0,0.000879060220055
4,5.0,590.0,0.00092596535156
4,5.0,600.0,0.000821741142892
4,5.0,610.0,0.000902442843263
4,5.0,620.0,0.00104509743196
4,5.0,630.0,0.00117171348334
4,5.0,640.0,0.00132872975837
4,5.0,650.0,0.00146406462204
4,5.0,660.0,0.00153641826278
4,5.0,670.0,0.00172050145672
4,5.0,680.0,0.00181736592047
4,5.0,690.0,0.00188602266227
4,5.0,700.0,0.00194045585971
4,5.0,710.0,0.00196381486597
4,5.0,720.0,0.00194351995109
4,5.0,730.0,0.00196513097928
4,5.0,740.0,0.00191957535644
4,5.0,750.0,0.00188783705792
4,5.0,760.0,0.00189557038381
4,5.0,770.0,0.00183467501229
4,5.0,780.0,0.0017690632304
4,6.0,380.0,0.000159251379889
4,6.0,390.0,0.000180836304239
4,6.0,400.0,0.000304361334816
4,6.0,410.0,0.000420055961286
4,6.0,420.0,0.000497990048373
4,6.0,430.0,0.000528110182976
4,6.0,440.0,0.000699151892562
4,6.0,450.0,0.000864224173641
4,6.0,460.0,0.000967542928416
4,6.0,470.0,0.00106800258198
4,6.0,480.0,0.00112558984759
4,6.0,490.0,0.00114510115877
4,6.0,500.0,0.00116809774757
4,6.0,510.0,0.00117745259784
4,6.0,520.0,0.00113043628982
4,6.0,530.0,0.0010395828697
4,6.0,540.0,0.00104650719161
4,6.0,550.0,0.00101076713808
4,6.0,560.0,0.000919884104379
4,6.0,570.0,0.000828884404922
4,6.0,580.0,0.000869249874756
4,6.0,590.0,0.000908304482393
4,6.0,600.0,0.000799235358726
4,6.0,610.0,0.000871703453527
4,6.0,620.0,0.00100355640675
4,6.0,630.0,0.00111882693374
4,6.0,640.0,0.00126249325223
4,6.0,650.0,0.00138458660674
4,6.0,660.0,0.00144639670867
4,6.0,670.0,0.00161298632195
4,6.0,680.0,0.00169684692153
4,6.0,690.0,0.00175380401101
4,6.0,700.0,0.00179757015898
4,6.0,710.0,0.00181201056009
4,6.0,720.0,0.00178629257512
4,6.0,730.0,0.00179963322928
4,6.0,740.0,0.00175125600343
4,6.0,750.0,0.00171568961644
4,6.0,760.0,0.00171713696343
4,6.0,770.0,0.00165611929405
4,6.0,780.0,0.0015908957105
4,7.0,380.0,0.000184289880613
4,7.0,390.0,0.000210403557991
4,7.0,400.0,0.000354143009555
4,7.0,410.0,0.000486525162374
4,7.0,420.0,0.000572096049282
4,7.0,430.0,0.000600247059661
4,7.0,440.0,0.000784951630818
4,7.0,450.0,0.000957631802085
4,7.0,460.0,0.00105775556099
4,7.0,470.0,0.00115214570459
4,7.0,480.0,0.00119835014164
4,7.0,490.0,0.00120398762158
4,7.0,500.0,0.00121327072281
4,7.0,510.0,0.00120896883169
4,7.0,520.0,0.00114819753481
4,7.0,530.0,0.00104469201094
4,7.0,540.0,0.00104164546272
4,7.0,550.0,0.000996975211076
4,7.0,560.0,0.00089958275641
4,7.0,570.0,0.000804101218802
4,7.0,580.0,0.000837319295147
4,7.0,590.0,0.000869407895827
4,7.0,600.0,0.000760071661065
4,7.0,610.0,0.000824491563232
4,7.0,620.0,0.000944776145913
4,7.0,630.0,0.00104869588707
4,7.0,640.0,0.00117883944122
4,7.0,650.0,0.00128822609003
4,7.0,660.0,0.00134109144805
4,7.0,670.0,0.00149089087214
4,7.0,680.0,0.00156361838527
4,7.0,690.0,0.00161122153114
4,7.0,700.0,0.00164678752004
4,7.0,710.0,0.00165516378733
4,7.0,720.0,0.00162698670883
4,7.0,730.0,0.00163480076674
4,7.0,740.0,0.00158644180536
4,7.0,750.0,0.00154986040758
4,7.0,760.0,0.00154752597687
4,7.0,770.0,0.00148871769796
4,7.0,780.0,0.00142618421791
4,8.0,380.0,0.000209509538313
4,8.0,390.0,0.000238698000155
4,8.0,400.0,0.000399375060287
4,8.0,410.0,0.000543833136763
4,8.0,420.0,0.000632641304282
4,8.0,430.0,0.000655950734373
4,8.0,440.0,0.000847279641033
4,8.0,450.0,0.00102095517781
4,8.0,460.0,0.00111406918846
4,8.0,470.0,0.00119942512208
4,8.0,480.0,0.00123357162578
4,8.0,490.0,0.00122642876532
4,8.0,500.0,0.00122349925984
4,8.0,510.0,0.00120773759583
4,8.0,520.0,0.0011370167994
4,8.0,530.0,0.00102575032432
4,8.0,540.0,0.00101497993648
4,8.0,550.0,0.000964495857193
4,8.0,560.0,0.00086443912807
4,8.0,570.0,0.000767872581262
4,8.0,580.0,0.000795121681542
4,8.0,590.0,0.000821424355729
4,8.0,600.0,0.000714534468329
4,8.0,610.0,0.000771727331434
4,8.0,620.0,0.000880995790183
4,8.0,630.0,0.000974511990619
4,8.0,640.0,0.0010921405744
4,8.0,650.0,0.00119013826641
4,8.0,660.0,0.00123564855465
4,8.0,670.0,0.00137034777364
4,8.0,680.0,0.00143381083108
4,8.0,690.0,0.00147403224918
4,8.0,700.0,0.00150332634658
4,8.0,710.0,0.0015076006812
4,8.0,720.0,0.00147869611232
4,8.0,730.0,0.00148281426714
4,8.0,740.0,0.00143592835318
4,8.0,750.0,0.00139984253537
4,8.0,760.0,0.00139526519882
4,8.0,770.0,0.00133966347547
4,8.0,780.0,0.00128076359243
4,9.0,380.0,0.000233130166921
4,9.0,390.0,0.000263939675577
4,9.0,400.0,0.000437761413454
4,9.0,410.0,0.00058999189224
4,9.0,420.0,0.000678727012294
4,9.0,430.0,0.000695726582126
4,9.0,440.0,0.000888505375516
4,9.0,450.0,0.00105887928948
4,9.0,460.0,0.00114329876568
4,9.0,470.0,0.0012186782021
4,9.0,480.0,0.00124156888037
4,9.0,490.0,0.00122359707931
4,9.0,500.0,0.00121057309057
4,9.0,510.0,0.001185791514
4,9.0,520.0,0.00110840129372
4,9.0,530.0,0.000993103849757
4,9.0,540.0,0.000976626582273
4,9.0,550.0,0.000922706613587
4,9.0,560.0,0.000822552784073
4,9.0,570.0,0.000727049510549
4,9.0,580.0,0.000749452057214
4,9.0,590.0,0.000771073464861
4,9.0,600.0,0.000668081071388
4,9.0,610.0,0.000719006298539
4,9.0,620.0,0.000818296446057
4,9.0,630.0,0.000902622791817
4,9.0,640.0,0.00100910835054
4,9.0,650.0,0.00109718395216
4,9.0,660.0,0.00113669810327
4,9.0,670.0,0.00125818494337
4,9.0,680.0,0.00131399821141
4,9.0,690.0,0.00134838421426
4,9.0,700.0,0.00137285055863
4,9.0,710.0,0.00137434371191
4,9.0,720.0,0.00134568837063
4,9.0,730.0,0.00134731985038
4,9.0,740.0,0.00130258343506
4,9.0,750.0,0.00126775589301
4,9.0,760.0,0.0012618788042
4,9.0,770.0,0.00120979018127
4,9.0,780.0,0.00115477147452
4,10.0,380.0,0.000254093331398
4,10.0,390.0,0.000285296406206
4,10.0,400.0,0.000468624563215
4,10.0,410.0,0.00062505698036
4,10.0,420.0,0.000711470773074
4,10.0,430.0,0.000721681697597
4,10.0,440.0,0.000912360107561
4,10.0,450.0,0.00107686006913
4,10.0,460.0,0.00115217054491
4,10.0,470.0,0.00121773541118
4,10.0,480.0,0.0012307482341
4,10.0,490.0,0.0012040364863
4,10.0,500.0,0.00118301344636
4,10.0,510.0,0.00115141355304
4,10.0,520.0,0.00106993534847
4,10.0,530.0,0.00095328032837
4,10.0,540.0,0.000932731994665
4,10.0,550.0,0.000877095381533
4,10.0,560.0,0.000778488032307
4,10.0,570.0,0.00068534658775
4,10.0,580.0,0.000703859979483
4,10.0,590.0,0.000721734637585
4,10.0,600.0,0.000623331442479
4,10.0,610.0,0.000668900523765
4,10.0,620.0,0.000759354365394
4,10.0,630.0,0.000835689374347
4,10.0,640.0,0.000932418372893
4,10.0,650.0,0.00101194568309
4,10.0,660.0,0.00104656717091
4,10.0,670.0,0.001156615207
4,10.0,680.0,0.00120610282498
4,10.0,690.0,0.00123583871361
4,10.0,700.0,0.00125654712974
4,10.0,710.0,0.00125614721116
4,10.0,720.0,0.00122827199867
4,10.0,730.0,0.00122821896514
4,10.0,740.0,0.00118588761549
4,10.0,750.0,0.00115266640259
4,10.0,760.0,0.00114607228764
4,10.0,770.0,0.00109746749312
4,10.0,780.0,0.00104624641871
4,11.0,380.0,0.00027196546479
4,11.0,390.0,0.000302630952224
4,11.0,400.0,0.000492313723527
4,11.0,410.0,0.000650201552009
4,11.0,420.0,0.000732907993844
4,11.0,430.0,0.000736464759666
4,11.0,440.0,0.000922766366946
4,11.0,450.0,0.00108002588125
4,11.0,460.0,0.00114651884438
4,11.0,470.0,0.00120298041773
4,11.0,480.0,0.00120761259782
4,11.0,490.0,0.00117407037165
4,11.0,500.0,0.00114686896807
4,11.0,510.0,0.00111026095478
4,11.0,520.0,0.00102661390591
4,11.0,530.0,0.000910404284098
4,11.0,540.0,0.000887034748495
4,11.0,550.0,0.000830864892468
4,11.0,560.0,0.000734788940713
4,11.0,570.0,0.00064472967551
4,11.0,580.0,0.000660126539395
4,11.0,590.0,0.000675007731497
4,11.0,600.0,0.000581426807511
4,11.0,610.0,0.00062243858865
4,11.0,620.0,0.000705147002166
4,11.0,630.0,0.000774574710967
4,11.0,640.0,0.000862822949947
4,11.0,650.0,0.000935015373343
4,11.0,660.0,0.000965632274716
4,11.0,670.0,0.00106581525973
4,11.0,680.0,0.0011100539924
4,11.0,690.0,0.00113605415603
4,11.0,700.0,0.00115380941178
4,11.0,710.0,0.00115212263627
4,11.0,720.0,0.00112529964946
4,11.0,730.0,0.00112410457913
4,11.0,740.0,0.00108420952497
4,11.0,750.0,0.00105271252459
4,11.0,760.0,0.00104576685424
4,11.0,770.0,0.00100045794895
4,11.0,780.0,0.000952796467879
4,12.0,380.0,0.000286672256102
4,12.0,390.0,0.000316139561649
4,12.0,400.0,0.000509562698863
4,12.0,410.0,0.000666862019345
4,12.0,420.0,0.000745080568785
4,12.0,430.0,0.000742447044089
4,12.0,440.0,0.000922972653447
4,12.0,450.0,0.0010723743824
4,12.0,460.0,0.00113068229058
4,12.0,470.0,0.00117895605024
4,12.0,480.0,0.00117664149812
4,12.0,490.0,0.00113789757497
4,12.0,500.0,0.00110605130238
4,12.0,510.0,0.00106589664807
4,12.0,520.0,0.000981495331822
4,12.0,530.0,0.000866981667733
4,12.0,540.0,0.000841746363583
4,12.0,550.0,0.000785869644734
4,12.0,560.0,0.00069290451171
4,12.0,570.0,0.000606305148283
4,12.0,580.0,0.000619201858948
4,12.0,590.0,0.000631682488885
4,12.0,600.0,0.000542909018789
4,12.0,610.0,0.000580034171041
4,12.0,620.0,0.000655959376917
4,12.0,630.0,0.000719404471868
4,12.0,640.0,0.00080026565558
4,12.0,650.0,0.000866131531392
4,12.0,660.0,0.000893424967814
4,12.0,670.0,0.000985061797581
4,12.0,680.0,0.00102489073745
4,12.0,690.0,0.00104783958506
4,12.0,700.0,0.00106322654655
4,12.0,710.0,0.00106065952804
4,12.0,720.0,0.00103500475583
4,12.0,730.0,0.0010330276061
4,12.0,740.0,0.000995488247954
4,12.0,750.0,0.00096571677882
4,12.0,760.0,0.00095864072206
4,12.0,770.0,0.00091638182599
4,12.0,780.0,0.000871998230546
4,13.0,380.0,0.000298357825341
4,13.0,390.0,0.00032619466773
4,13.0,400.0,0.000521266219594
4,13.0,410.0,0.000676518703339
4,13.0,420.0,0.000749901918116
4,13.0,430.0,0.000741713463468
4,13.0,440.0,0.000915704164291
4,13.0,450.0,0.00105713718244
4,13.0,460.0,0.00110806056823
4,13.0,470.0,0.00114912813867
4,13.0,480.0,0.00114116258435
4,13.0,490.0,0.00109856410829
4,13.0,500.0,0.00106331907452
4,13.0,510.0,0.00102075825984
4,13.0,520.0,0.000936604323184
4,13.0,530.0,0.000824581221591
4,13.0,540.0,0.000798180926639
4,13.0,550.0,0.000743133486016
4,13.0,560.0,0.00065355383088
4,13.0,570.0,0.000570540126056
4,13.0,580.0,0.000581415934884
4,13.0,590.0,0.000591957422048
4,13.0,600.0,0.000507813544373
4,13.0,610.0,0.000541610988909
4,13.0,620.0,0.000611597909878
4,13.0,630.0,0.000669852052961
4,13.0,640.0,0.000744274629611
4,13.0,650.0,0.000804671584387
4,13.0,660.0,0.000829188680041
4,13.0,670.0,0.000913408369693
4,13.0,680.0,0.000949510623523
4,13.0,690.0,0.000969944883187
4,13.0,700.0,0.00098341459136
4,13.0,710.0,0.000980251027407
4,13.0,720.0,0.000955793476988
4,13.0,730.0,0.000953285326289
4,13.0,740.0,0.000917964299983
4,13.0,750.0,0.000889852530752
4,13.0,760.0,0.00088278738654
4,13.0,770.0,0.000843313243441
4,13.0,780.0,0.000801909163172
4,14.0,380.0,0.000307291692853
4,14.0,390.0,0.000333240656517
4,14.0,400.0,0.00052832385715
4,14.0,410.0,0.000680518098732
4,14.0,420.0,0.000748993736313
4,14.0,430.0,0.000735934014093
4,14.0,440.0,0.000903038072022
4,14.0,450.0,0.00103666922391
4,14.0,460.0,0.00108101850693
4,14.0,470.0,0.00111580828416
4,14.0,480.0,0.00110328413999
4,14.0,490.0,0.00105791264182
4,14.0,500.0,0.00102024439699
4,14.0,510.0,0.00097614715865
4,14.0,520.0,0.000892943910254
4,14.0,530.0,0.000783898810074
4,14.0,540.0,0.000756850483093
4,14.0,550.0,0.000702982138493
4,14.0,560.0,0.000616893080953
4,14.0,570.0,0.000537461805366
4,14.0,580.0,0.000546696130635
4,14.0,590.0,0.000555663393201
4,14.0,600.0,0.000475911306357
4,14.0,610.0,0.000506845262887
4,14.0,620.0,0.000571617024419
4,14.0,630.0,0.000625346770441
4,14.0,640.0,0.000694134069328
4,14.0,650.0,0.000749778169086
4,14.0,660.0,0.000771955693455
4,14.0,670.0,0.000849704213835
4,14.0,680.0,0.000882630160628
4,14.0,690.0,0.000900969634846
4,14.0,700.0,0.000912868582957
4,14.0,710.0,0.000909307766333
4,14.0,720.0,0.000886029797641
4,14.0,730.0,0.000883166084943
4,14.0,740.0,0.000849908074634
4,14.0,750.0,0.000823362776108
4,14.0,760.0,0.000816396735234
4,14.0,770.0,0.000779452895176
4,14.0,780.0,0.000740746874678
4,15.0,380.0,0.000313810409971
4,15.0,390.0,0.000337743795199
4,15.0,400.0,0.000531591232688
4,15.0,410.0,0.000680057870591
4,15.0,420.0,0.000743726281953
4,15.0,430.0,0.000726461371552
4,15.0,440.0,0.000886596513776
4,15.0,450.0,0.0010127492053
4,15.0,460.0,0.00105129019693
4,15.0,470.0,0.00108063899905
4,15.0,480.0,0.00106446503378
4,15.0,490.0,0.00101717539774
4,15.0,500.0,0.000977847756802
4,15.0,510.0,0.000932877021039
4,15.0,520.0,0.000851109739028
4,15.0,530.0,0.000745332024171
4,15.0,540.0,0.000718019201175
4,15.0,550.0,0.000665554215967
4,15.0,560.0,0.000582955245706
4,15.0,570.0,0.000507026833888
4,15.0,580.0,0.000514922286028
4,15.0,590.0,0.000522604184148
4,15.0,600.0,0.00044698011388
4,15.0,610.0,0.000475436233067
4,15.0,620.0,0.000535608118415
4,15.0,630.0,0.000585372763857
4,15.0,640.0,0.00064920058568
4,15.0,650.0,0.000700685378834
4,15.0,660.0,0.000720868005162
4,15.0,670.0,0.000792933597191
4,15.0,680.0,0.00082312319436
4,15.0,690.0,0.000839694027654
4,15.0,700.0,0.000850285007285
4,15.0,710.0,0.000846464435785
4,15.0,720.0,0.000824319862656
4,15.0,730.0,0.000821220463329
4,15.0,740.0,0.000789866632713
4,15.0,750.0,0.000764784081832
4,15.0,760.0,0.00075796732527
4,15.0,770.0,0.00072331784021
4,15.0,780.0,0.00068705397519
4,16.0,380.0,0.000318253103236
4,16.0,390.0,0.000340135371882
4,16.0,400.0,0.00053181580895
4,16.0,410.0,0.000676140837175
4,16.0,420.0,0.00073520885053
4,16.0,430.0,0.000714360484013
4,16.0,440.0,0.00086762613542
4,16.0,450.0,0.000986714427747
4,16.0,460.0,0.0010201510185
4,16.0,470.0,0.00104480262816
4,16.0,480.0,0.00102572617904
4,16.0,490.0,0.000977189931324
4,16.0,500.0,0.000936789227831
4,16.0,510.0,0.000891438572635
4,16.0,520.0,0.000811424005981
4,16.0,530.0,0.000709039574549
4,16.0,540.0,0.000681735003332
4,16.0,550.0,0.000630795336282
4,16.0,560.0,0.000551605820511
4,16.0,570.0,0.000479043665056
4,16.0,580.0,0.000485836651877
4,16.0,590.0,0.000492460586416
4,16.0,600.0,0.000420687438648
4,16.0,610.0,0.00044698556438
4,16.0,620.0,0.000503084965202
4,16.0,630.0,0.000549358713304
4,16.0,640.0,0.000608806041981
4,16.0,650.0,0.00065663692211
4,16.0,660.0,0.000675111202814
4,16.0,670.0,0.000742167248044
4,16.0,680.0,0.000769989061722
4,16.0,690.0,0.000785058455448
4,16.0,700.0,0.000794555789545
4,16.0,710.0,0.000790576840214
4,16.0,720.0,0.000769508885384
4,16.0,730.0,0.000766262873767
4,16.0,740.0,0.000736660240845
4,16.0,750.0,0.000712933553443
4,16.0,760.0,0.000706298688506
4,16.0,770.0,0.000673728635646
4,16.0,780.0,0.000639672486571
4,17.0,380.0,0.000320855999879
4,17.0,390.0,0.000340708966593
4,17.0,400.0,0.000529494451128
4,17.0,410.0,0.000669417678973
4,17.0,420.0,0.000724143186842
4,17.0,430.0,0.000700287083444
4,17.0,440.0,0.000846872065346
4,17.0,450.0,0.000959337187515
4,17.0,460.0,0.000988308225782
4,17.0,470.0,0.00100892163219
4,17.0,480.0,0.000987569087189
4,17.0,490.0,0.000938329129767
4,17.0,500.0,0.000897319186435
4,17.0,510.0,0.000851968284821
4,17.0,520.0,0.00077391989192
4,17.0,530.0,0.000674966374287
4,17.0,540.0,0.000647871593741
4,17.0,550.0,0.000598521887145
4,17.0,560.0,0.000522627798243
4,17.0,570.0,0.000453277558191
4,17.0,580.0,0.000459157355812
4,17.0,590.0,0.000464905712375
4,17.0,600.0,0.000396719094899
4,17.0,610.0,0.000421125577991
4,17.0,620.0,0.000473601525905
4,17.0,630.0,0.000516785502866
4,17.0,640.0,0.000572345419897
4,17.0,650.0,0.000616950887978
4,17.0,660.0,0.000633955050694
4,17.0,670.0,0.000696574606622
4,17.0,680.0,0.000722337405066
4,17.0,690.0,0.000736125421291
4,17.0,700.0,0.000744704744753
4,17.0,710.0,0.000740643518594
4,17.0,720.0,0.000720592754705
4,17.0,730.0,0.000717267372203
4,17.0,740.0,0.000689274675523
4,17.0,750.0,0.000666801479064
4,17.0,760.0,0.000660369484116
4,17.0,770.0,0.000629687295617
4,17.0,780.0,0.000597629469741
4,18.0,380.0,0.00032321765923
4,18.0,390.0,0.000341000501032
4,18.0,400.0,0.000526728918693
4,18.0,410.0,0.000662139827793
4,18.0,420.0,0.000712477046319
4,18.0,430.0,0.00068560969028
4,18.0,440.0,0.000825321128763
4,18.0,450.0,0.000930931967793
4,18.0,460.0,0.000955228501889
4,18.0,470.0,0.00097154133775
4,18.0,480.0,0.000947679213722
4,18.0,490.0,0.000897521372496
4,18.0,500.0,0.000855685060472
4,18.0,510.0,0.000810134032219
4,18.0,520.0,0.000733970489377
4,18.0,530.0,0.000638523672758
4,18.0,540.0,0.000611473725393
4,18.0,550.0,0.000563676731212
4,18.0,560.0,0.000491215140904
4,18.0,570.0,0.000425249917935
4,18.0,580.0,0.000430010368624
4,18.0,590.0,0.000434709668628
4,18.0,600.0,0.000370435073179
4,18.0,610.0,0.000392695004292
4,18.0,620.0,0.000441107073039
4,18.0,630.0,0.000480827654265
4,18.0,640.0,0.000532045043892
4,18.0,650.0,0.000573051866834
4,18.0,660.0,0.000588414894619
4,18.0,670.0,0.000646122651896
4,18.0,680.0,0.000669620322752
4,18.0,690.0,0.000682017812806
4,18.0,700.0,0.000689619882637
4,18.0,710.0,0.000685515534892
4,18.0,720.0,0.000666642002826
4,18.0,730.0,0.000663289733892
4,18.0,740.0,0.000637134605622
4,18.0,750.0,0.000616107093547
4,18.0,760.0,0.00060996845532
4,18.0,770.0,0.000581428113687
4,18.0,780.0,0.000551628982508
4,19.0,380.0,0.000324467825496
4,19.0,390.0,0.000340152623304
4,19.0,400.0,0.000522306316849
4,19.0,410.0,0.000652947845971
4,19.0,420.0,0.000698951710547
4,19.0,430.0,0.000669340210077
4,19.0,440.0,0.000802081728855
4,19.0,450.0,0.000900852964486
4,19.0,460.0,0.000920630338289
4,19.0,470.0,0.000932781240979
4,19.0,480.0,0.000906525625356
4,19.0,490.0,0.000855580677094
4,19.0,500.0,0.000812924439861
4,19.0,510.0,0.000767137095284
4,19.0,520.0,0.000692845240705
4,19.0,530.0,0.000600758037143
4,19.0,540.0,0.000573616357059
4,19.0,550.0,0.000527223464935
4,19.0,560.0,0.000458095899407
4,19.0,570.0,0.000395413892486
4,19.0,580.0,0.000398876210379
4,19.0,590.0,0.000402414596349
4,19.0,600.0,0.000342037732737
4,19.0,610.0,0.000362016952741
4,19.0,620.0,0.000406215110926
4,19.0,630.0,0.000442331575672
4,19.0,640.0,0.000489089712658
4,19.0,650.0,0.00052642509867
4,19.0,660.0,0.000540154540929
4,19.0,670.0,0.000592805258405
4,19.0,680.0,0.000614001781351
4,19.0,690.0,0.000624963619075
4,19.0,700.0,0.000631580779791
4,19.0,710.0,0.000627373297981
4,19.0,720.0,0.000609650358459
4,19.0,730.0,0.000606218200363
4,19.0,740.0,0.000581861280467
4,19.0,750.0,0.000562167438168
4,19.0,760.0,0.000556292444396
4,19.0,770.0,0.000529867939436
4,19.0,780.0,0.000502214710575
4,20.0,380.0,0.000323075488745
4,20.0,390.0,0.000337001025468
4,20.0,400.0,0.000515081643978
4,20.0,410.0,0.000641196025354
4,20.0,420.0,0.000683725725293
4,20.0,430.0,0.000652464012412
4,20.0,440.0,0.000779370985756
4,20.0,450.0,0.000872818237577
4,20.0,460.0,0.000889642810055
4,20.0,470.0,0.000899248211789
4,20.0,480.0,0.000872043571762
4,20.0,490.0,0.000821427631267
4,20.0,500.0,0.000779069425615
4,20.0,510.0,0.000733985893019
4,20.0,520.0,0.000661918076631
4,20.0,530.0,0.000573136619086
4,20.0,540.0,0.000546561696311
4,20.0,550.0,0.000501779206435
4,20.0,560.0,0.000435525124984
4,20.0,570.0,0.000375564923467
4,20.0,580.0,0.000378520649262
4,20.0,590.0,0.000381568395924
4,20.0,600.0,0.000324058760302
4,20.0,610.0,0.000342752070159
4,20.0,620.0,0.000384371459804
4,20.0,630.0,0.000418318556205
4,20.0,640.0,0.000462319290779
4,20.0,650.0,0.000497392988334
4,20.0,660.0,0.000510152096343
4,20.0,670.0,0.000559667660079
4,20.0,680.0,0.000579468872089
4,20.0,690.0,0.000589605771152
4,20.0,700.0,0.000595653806841
4,20.0,710.0,0.000591489637741
4,20.0,720.0,0.000574596279698
4,20.0,730.0,0.000571193578942
4,20.0,740.0,0.000548079452926
4,20.0,750.0,0.000529371551563
4,20.0,760.0,0.000523707534337
4,20.0,770.0,0.000498698585061
4,20.0,780.0,0.000472542197208
4,21.0,380.0,0.00032087587496
4,21.0,390.0,0.000333157599251
4,21.0,400.0,0.000507041420407
4,21.0,410.0,0.000628734553937
4,21.0,420.0,0.00066806562305
4,21.0,430.0,0.000635472801406
4,21.0,440.0,0.000756866072897
4,21.0,450.0,0.000845379291202
4,21.0,460.0,0.000859615118267
4,21.0,470.0,0.000867017944644
4,21.0,480.0,0.000839130577882
4,21.0,490.0,0.000789017360488
4,21.0,500.0,0.000747105577378
4,21.0,510.0,0.000702824198915
4,21.0,520.0,0.000632958088003
4,21.0,530.0,0.000547361935373
4,21.0,540.0,0.000521390460132
4,21.0,550.0,0.000478168646232
4,21.0,560.0,0.00041462987699
4,21.0,570.0,0.000357227002913
4,21.0,580.0,0.000359750219221
4,21.0,590.0,0.000362378489309
4,21.0,600.0,0.000307533416237
4,21.0,610.0,0.000325070498267
4,21.0,620.0,0.000364348282374
4,21.0,630.0,0.000396331127521
4,21.0,640.0,0.000437830313815
4,21.0,650.0,0.000470857779425
4,21.0,660.0,0.000482751986311
4,21.0,670.0,0.000529425876092
4,21.0,680.0,0.000547975187418
4,21.0,690.0,0.000557381096644
4,21.0,700.0,0.000562930343864
4,21.0,710.0,0.000558825905324
4,21.0,720.0,0.000542706836414
4,21.0,730.0,0.000539348353855
4,21.0,740.0,0.000517381477929
4,21.0,750.0,0.000499586158284
4,21.0,760.0,0.000494127529377
4,21.0,770.0,0.00047041761125
4,21.0,780.0,0.000445633220957
4,22.0,380.0,0.000318019159544
4,22.0,390.0,0.000328772965792
4,22.0,400.0,0.000498399389929
4,22.0,410.0,0.000615802412583
4,22.0,420.0,0.000652192728217
4,22.0,430.0,0.000618542792396
4,22.0,440.0,0.000734733181984
4,22.0,450.0,0.000818672289083
4,22.0,460.0,0.000830633163402
4,22.0,470.0,0.000836127303021
4,22.0,480.0,0.000807770065158
4,22.0,490.0,0.000758291419122
4,22.0,500.0,0.000716933583911
4,22.0,510.0,0.000673519678077
4,22.0,520.0,0.000605813540524
4,22.0,530.0,0.000523271420837
4,22.0,540.0,0.000497924348999
4,22.0,550.0,0.000456207040357
4,22.0,560.0,0.000395232318425
4,22.0,570.0,0.000340232761122
4,22.0,580.0,0.000342384787319
4,22.0,590.0,0.000344652855293
4,22.0,600.0,0.000292288555951
4,22.0,610.0,0.000308781185727
4,22.0,620.0,0.000345924385358
4,22.0,630.0,0.000376121456489
4,22.0,640.0,0.000415342649518
4,22.0,650.0,0.000446511825623
4,22.0,660.0,0.000457632167618
4,22.0,670.0,0.00050172055728
4,22.0,680.0,0.000519142176986
4,22.0,690.0,0.00052789747753
4,22.0,700.0,0.000533007905576
4,22.0,710.0,0.000528975160372
4,22.0,720.0,0.000513579606693
4,22.0,730.0,0.0005102762748
4,22.0,740.0,0.000489370774802
4,22.0,750.0,0.000472421377702
4,22.0,760.0,0.000467161814562
4,22.0,770.0,0.000444647415191
4,22.0,780.0,0.000421123931373
4,23.0,380.0,0.000314633246007
4,23.0,390.0,0.000323972443538
4,23.0,400.0,0.000489329503245
4,23.0,410.0,0.000602589811113
4,23.0,420.0,0.00063627877557
4,23.0,430.0,0.000601806631168
4,23.0,440.0,0.000713092752804
4,23.0,450.0,0.000792789627539
4,23.0,460.0,0.000802748724357
4,23.0,470.0,0.000806586940334
4,23.0,480.0,0.000777933542804
4,23.0,490.0,0.000729187824678
4,23.0,500.0,0.000688462803287
4,23.0,510.0,0.000645958387944
4,23.0,520.0,0.000580357283381
4,23.0,530.0,0.000500734535541
4,23.0,540.0,0.000476020648039
4,23.0,550.0,0.000435747489258
4,23.0,560.0,0.000377191898875
4,23.0,570.0,0.000324450446223
4,23.0,580.0,0.000326281607339
4,23.0,590.0,0.000328238306415
4,23.0,600.0,0.000278186378106
4,23.0,610.0,0.00029373105034
4,23.0,620.0,0.000328921077179
4,23.0,630.0,0.000357488072698
4,23.0,640.0,0.000394626952022
4,23.0,650.0,0.000424101732686
4,23.0,660.0,0.000434526262101
4,23.0,670.0,0.000476253085331
4,23.0,680.0,0.000492654247355
4,23.0,690.0,0.000500827405375
4,23.0,700.0,0.000505549658358
4,23.0,710.0,0.000501596834094
4,23.0,720.0,0.000486877993822
4,23.0,730.0,0.000483637504294
4,23.0,740.0,0.000463716054094
4,23.0,750.0,0.000447552194939
4,23.0,760.0,0.00044248470258
4,23.0,770.0,0.000421073610168
4,23.0,780.0,0.000398712184686
4,24.0,380.0,0.000310829164565
4,24.0,390.0,0.000318862768495
4,24.0,400.0,0.000479976763284
4,24.0,410.0,0.000589251012011
4,24.0,420.0,0.000620457804375
4,24.0,430.0,0.000585361851219
4,24.0,440.0,0.000692024387304
4,24.0,450.0,0.000767779501563
4,24.0,460.0,0.000775969975314
4,24.0,470.0,0.000778365691406
4,24.0,480.0,0.000749554109214
4,24.0,490.0,0.000701611424316
4,24.0,500.0,0.000661574575719
4,24.0,510.0,0.000620004027109
4,24.0,520.0,0.000556446172236
4,24.0,530.0,0.000479612665908
4,24.0,540.0,0.000455533728958
4,24.0,550.0,0.000416645657406
4,24.0,560.0,0.000360375591883
4,24.0,570.0,0.000309759920428
4,24.0,580.0,0.00031131277403
4,24.0,590.0,0.000312999111794
4,24.0,600.0,0.000265108413552
4,24.0,610.0,0.000279788849182
4,24.0,620.0,0.00031318417501
4,24.0,630.0,0.000340256712662
4,24.0,640.0,0.000375483705969
4,24.0,650.0,0.000403406140441
4,24.0,660.0,0.000413200968106
4,24.0,670.0,0.000452760934519
4,24.0,680.0,0.000468233329801
4,24.0,690.0,0.000475882080093
4,24.0,700.0,0.00048025813122
4,24.0,710.0,0.000476390395372
4,24.0,720.0,0.000462305344926
4,24.0,730.0,0.000459132547547
4,24.0,740.0,0.000440125920853
4,24.0,750.0,0.000424693545356
4,24.0,760.0,0.000419810398056
4,24.0,770.0,0.000399420818097
4,24.0,780.0,0.000378134288593
4,25.0,380.0,0.000306691745505
4,25.0,390.0,0.000313523333231
4,25.0,400.0,0.000470445791635
4,25.0,410.0,0.000575893222211
4,25.0,420.0,0.000604818390216
4,25.0,430.0,0.0005692680113
4,25.0,440.0,0.000671569409856
4,25.0,450.0,0.000743655817034
4,25.0,460.0,0.000750278467338
4,25.0,470.0,0.00075141457104
4,25.0,480.0,0.000722554613229
4,25.0,490.0,0.000675465060785
4,25.0,500.0,0.0006361532989
4,25.0,510.0,0.000595527626238
4,25.0,520.0,0.000533947515169
4,25.0,530.0,0.000459776376877
4,25.0,540.0,0.000436328802732
4,25.0,550.0,0.000398768054937
4,25.0,560.0,0.000344659769694
4,25.0,570.0,0.000296048594519
4,25.0,580.0,0.000297359293099
4,25.0,590.0,0.000298810179398
4,25.0,600.0,0.000252944345215
4,25.0,610.0,0.000266833783389
4,25.0,620.0,0.000298574254724
4,25.0,630.0,0.000324271751188
4,25.0,640.0,0.000357737221185
4,25.0,650.0,0.000384232375971
4,25.0,660.0,0.000393455113982
4,25.0,670.0,0.000431019919978
4,25.0,680.0,0.000445643786326
4,25.0,690.0,0.000452818193602
4,25.0,700.0,0.000456884212798
4,25.0,710.0,0.000453105033469
4,25.0,720.0,0.000439614735836
4,25.0,730.0,0.000436512971213
4,25.0,740.0,0.000418358992556
4,25.0,750.0,0.000403609357985
4,25.0,760.0,0.000398902977438
4,25.0,770.0,0.000379461902944
4,25.0,780.0,0.00035917251955
4,26.0,380.0,0.000302296418091
4,26.0,390.0,0.000308023515313
4,26.0,400.0,0.000460826403462
4,26.0,410.0,0.000562606817629
4,26.0,420.0,0.000589433507802
4,26.0,430.0,0.000553572747304
4,26.0,440.0,0.000651759624757
4,26.0,450.0,0.000720427013138
4,26.0,460.0,0.000725657734859
4,26.0,470.0,0.000725691728576
4,26.0,480.0,0.000696873738747
4,26.0,490.0,0.000650670590222
4,26.0,500.0,0.000612108573881
4,26.0,510.0,0.00057242914817
4,26.0,520.0,0.000512758133932
4,26.0,530.0,0.000441127257591
4,26.0,540.0,0.000418302302699
4,26.0,550.0,0.000382011488641
4,26.0,560.0,0.000329948383737
4,26.0,570.0,0.000283228462251
4,26.0,580.0,0.00028432682601
4,26.0,590.0,0.000285571012517
4,26.0,600.0,0.000241605002485
4,26.0,610.0,0.000254767191663
4,26.0,620.0,0.000284976206292
4,26.0,630.0,0.000309403664915
4,26.0,640.0,0.000341240215848
4,26.0,650.0,0.000366418005227
4,26.0,660.0,0.000375118312615
4,26.0,670.0,0.000410839411383
4,26.0,680.0,0.00042468462223
4,26.0,690.0,0.000431427697455
4,26.0,700.0,0.000435214437746
4,26.0,710.0,0.000431525479154
4,26.0,720.0,0.000418593945422
4,26.0,730.0,0.000415564997687
4,26.0,740.0,0.000398207358177
4,26.0,750.0,0.000384096128649
4,26.0,760.0,0.000379558917104
4,26.0,770.0,0.000361000807924
4,26.0,780.0,0.000341638848958
4,27.0,380.0,0.000297706704193
4,27.0,390.0,0.000302420210496
4,27.0,400.0,0.000451190113818
4,27.0,410.0,0.000549461153308
4,27.0,420.0,0.000574356258943
4,27.0,430.0,0.000538307503586
4,27.0,440.0,0.00063261088253
4,27.0,450.0,0.000698087695782
4,27.0,460.0,0.000702080712057
4,27.0,470.0,0.000701148801826
4,27.0,480.0,0.000672446673482
4,27.0,490.0,0.000627150228356
4,27.0,500.0,0.000589352739139
4,27.0,510.0,0.000550613643355
4,27.0,520.0,0.000492781857372
4,27.0,530.0,0.000423574196593
4,27.0,540.0,0.000401359563822
4,27.0,550.0,0.000366282528644
4,27.0,560.0,0.000316155118738
4,27.0,570.0,0.000271220911701
4,27.0,580.0,0.000272131802758
4,27.0,590.0,0.000273193264472
4,27.0,600.0,0.000231012300054
4,27.0,610.0,0.000243503236148
4,27.0,620.0,0.000272290515504
4,27.0,630.0,0.000295541015065
4,27.0,640.0,0.000325866491224
4,27.0,650.0,0.00034982431102
4,27.0,660.0,0.000358045491711
4,27.0,670.0,0.000392057513141
4,27.0,680.0,0.000405185536519
4,27.0,690.0,0.00041153470403
4,27.0,700.0,0.000415068694162
4,27.0,710.0,0.000411470470129
4,27.0,720.0,0.000399064631151
4,27.0,730.0,0.000396109284378
4,27.0,740.0,0.000379496914859
4,27.0,750.0,0.000365983755413
4,27.0,760.0,0.000361608316621
4,27.0,770.0,0.000343874103982
4,27.0,780.0,0.000325376785819
4,28.0,380.0,0.000292974286641
4,28.0,390.0,0.000296758208708
4,28.0,400.0,0.000441590920047
4,28.0,410.0,0.000536505526851
4,28.0,420.0,0.00055962063659
4,28.0,430.0,0.000523487836437
4,28.0,440.0,0.000614122825234
4,28.0,450.0,0.000676617553148
4,28.0,460.0,0.000679507931844
4,28.0,470.0,0.000677728152423
4,28.0,480.0,0.000649201680252
4,28.0,490.0,0.000604822432949
4,28.0,500.0,0.000567796184755
4,28.0,510.0,0.000529985864336
4,28.0,520.0,0.000473923686415
4,28.0,530.0,0.000407027498682
4,28.0,540.0,0.000385408550605
4,28.0,550.0,0.000351491081521
4,28.0,560.0,0.00030319722325
4,28.0,570.0,0.000259950919521
4,28.0,580.0,0.000260695289739
4,28.0,590.0,0.00026159430365
4,28.0,600.0,0.000221093414964
4,28.0,610.0,0.000232962583772
4,28.0,620.0,0.000260426054
4,28.0,630.0,0.000282582468117
4,28.0,640.0,0.000311502045951
4,28.0,650.0,0.000334326664077
4,28.0,660.0,0.000342106877842
4,28.0,670.0,0.000374529989573
4,28.0,680.0,0.000386995308348
4,28.0,690.0,0.000392983454022
4,28.0,700.0,0.000396287888315
4,28.0,710.0,0.000392780204871
4,28.0,720.0,0.000380869831127
4,28.0,730.0,0.000377988267068
4,28.0,740.0,0.000362074911366
4,28.0,750.0,0.000349123174444
4,28.0,760.0,0.000344902529752
4,28.0,770.0,0.000327938987794
4,28.0,780.0,0.00031024973066
4,29.0,380.0,0.00028814301646
4,29.0,390.0,0.000291074577579
4,29.0,400.0,0.000432072113579
4,29.0,410.0,0.000523777572294
4,29.0,420.0,0.000545250204173
4,29.0,430.0,0.00050912130939
4,29.0,440.0,0.00059628778124
4,29.0,450.0,0.000655990663193
4,29.0,460.0,0.000657896476635
4,29.0,470.0,0.000655371232795
4,29.0,480.0,0.00062706804279
4,29.0,490.0,0.000583608847892
4,29.0,500.0,0.000547353885334
4,29.0,510.0,0.000510456418011
4,29.0,520.0,0.000456095309267
4,29.0,530.0,0.000391403713192
4,29.0,540.0,0.000370364153448
4,29.0,550.0,0.000337554039809
4,29.0,560.0,0.000290998326621
4,29.0,570.0,0.000249349040158
4,29.0,580.0,0.000249944663169
4,29.0,590.0,0.000250698609828
4,29.0,600.0,0.000211781493665
4,29.0,610.0,0.000223072963971
4,29.0,620.0,0.000249300552285
4,29.0,630.0,0.000270437028283
4,29.0,640.0,0.000298044977973
4,29.0,650.0,0.000319813971736
4,29.0,660.0,0.000327186973573
4,29.0,670.0,0.000358128592311
4,29.0,680.0,0.000369979509736
4,29.0,690.0,0.000375635459069
4,29.0,700.0,0.000378730503427
4,29.0,710.0,0.000375312454192
4,29.0,720.0,0.000363869751323
4,29.0,730.0,0.000361061504043
4,29.0,740.0,0.000345805095058
4,29.0,750.0,0.000333381326078
4,29.0,760.0,0.000329308744402
4,29.0,770.0,0.000313067763157
4,29.0,780.0,0.000296135446128
4,30.0,380.0,0.000283250700387
4,30.0,390.0,0.000285400923112
4,30.0,400.0,0.000422670091319
4,30.0,410.0,0.000511308243762
4,30.0,420.0,0.000531263384992
4,30.0,430.0,0.000495212444836
4,30.0,440.0,0.000579096682447
4,30.0,450.0,0.000636181810282
4,30.0,460.0,0.000637206696178
4,30.0,470.0,0.000634024737863
4,30.0,480.0,0.000605982711003
4,30.0,490.0,0.000563439815141
4,30.0,500.0,0.000527951101995
4,30.0,510.0,0.000491947271392
4,30.0,520.0,0.000439219917809
4,30.0,530.0,0.00037663111313
4,30.0,540.0,0.000356153155107
4,30.0,550.0,0.000324399981592
4,30.0,560.0,0.000279492896176
4,30.0,570.0,0.0002393557608
4,30.0,580.0,0.000239817306433
4,30.0,590.0,0.000240440659531
4,30.0,600.0,0.000203018533501
4,30.0,610.0,0.000213771261192
4,30.0,620.0,0.000238841702895
4,30.0,630.0,0.000259024382373
4,30.0,640.0,0.000285405042715
4,30.0,650.0,0.000306187636066
4,30.0,660.0,0.000313183156554
4,30.0,670.0,0.000342739302324
4,30.0,680.0,0.00035401863133
4,30.0,690.0,0.000359367658274
4,30.0,700.0,0.000362270883689
4,30.0,710.0,0.000358941056608
4,30.0,720.0,0.000347940532738
4,30.0,730.0,0.000345204723399
4,30.0,740.0,0.000330567060469
4,30.0,750.0,0.000318640782585
4,30.0,760.0,0.00031470993075
4,30.0,770.0,0.000299148069752
4,30.0,780.0,0.000282926516187
4,31.0,380.0,0.000278328665768
4,31.0,390.0,0.000279762610533
4,31.0,400.0,0.000413412792227
4,31.0,410.0,0.000499119565059
4,31.0,420.0,0.000517670835422
4,31.0,430.0,0.000481760137508
4,31.0,440.0,0.000562536101975
4,31.0,450.0,0.000617163285644
4,31.0,460.0,0.000617399510948
4,31.0,470.0,0.000613638029994
4,31.0,480.0,0.000585888839556
4,31.0,490.0,0.000544253212239
4,31.0,500.0,0.000509523318413
4,31.0,510.0,0.000474392563071
4,31.0,520.0,0.000423233639931
4,31.0,530.0,0.000362652470256
4,31.0,540.0,0.000342717632386
4,31.0,550.0,0.000311973288393
4,31.0,560.0,0.000268630910857
4,31.0,570.0,0.000229926663057
4,31.0,580.0,0.000230266410028
4,31.0,590.0,0.00023077123685
4,31.0,600.0,0.000194761970865
4,31.0,610.0,0.000205010699579
4,31.0,620.0,0.000228994904175
4,31.0,630.0,0.00024828313017
4,31.0,640.0,0.000273512170077
4,31.0,650.0,0.000293370130659
4,31.0,660.0,0.000300013994224
4,31.0,670.0,0.000328270703752
4,31.0,680.0,0.000339016135197
4,31.0,690.0,0.000344080164774
4,31.0,700.0,0.000346806478913
4,31.0,710.0,0.00034356289343
4,31.0,720.0,0.000332980893065
4,31.0,730.0,0.000330316093349
4,31.0,740.0,0.00031626225511
4,31.0,750.0,0.000304805691519
4,31.0,760.0,0.000301010327389
4,31.0,770.0,0.000286088089796
4,31.0,780.0,0.000270535543163
4,32.0,380.0,0.000273403655298
4,32.0,390.0,0.000274180894262
4,32.0,400.0,0.000404322893228
4,32.0,410.0,0.000487228188963
4,32.0,420.0,0.000504478759083
4,32.0,430.0,0.000468760085821
4,32.0,440.0,0.000546589627427
4,32.0,450.0,0.000598905124165
4,32.0,460.0,0.000598433430417
4,32.0,470.0,0.000594159201823
4,32.0,480.0,0.000566726887165
4,32.0,490.0,0.000525985319842
4,32.0,500.0,0.000492003055738
4,32.0,510.0,0.000457722682735
4,32.0,520.0,0.000408068764388
4,32.0,530.0,0.00034940467808
4,32.0,540.0,0.000329993890587
4,32.0,550.0,0.000300212393318
4,32.0,560.0,0.000258356381062
4,32.0,570.0,0.000221011407888
4,32.0,580.0,0.000221239507659
4,32.0,590.0,0.000221635893329
4,32.0,600.0,0.000186964057826
4,32.0,610.0,0.000196739599868
4,32.0,620.0,0.000219701232924
4,32.0,630.0,0.000238148147557
4,32.0,640.0,0.000262293543602
4,32.0,650.0,0.000281282267254
4,32.0,660.0,0.000287597398945
4,32.0,670.0,0.000314631948261
4,32.0,680.0,0.00032487709803
4,32.0,690.0,0.000329675458361
4,32.0,700.0,0.000332237919573
4,32.0,710.0,0.000329078282046
4,32.0,720.0,0.000318892995886
4,32.0,730.0,0.000316297483296
4,32.0,740.0,0.000302795530877
4,32.0,750.0,0.000291783125939
4,32.0,760.0,0.000288117275634
4,32.0,770.0,0.000273798711354
4,32.0,780.0,0.000258877106982
4,33.0,380.0,0.000268494021963
4,33.0,390.0,0.000268668978524
4,33.0,400.0,0.000395411875707
4,33.0,410.0,0.00047563817201
4,33.0,420.0,0.000491681224812
4,33.0,430.0,0.000456197530435
4,33.0,440.0,0.00053122960564
4,33.0,450.0,0.000581365964204
4,33.0,460.0,0.00058025671351
4,33.0,470.0,0.000575526977997
4,33.0,480.0,0.000548429867128
4,33.0,490.0,0.000508566319248
4,33.0,500.0,0.000475318735013
4,33.0,510.0,0.000441865720283
4,33.0,520.0,0.000393656837081
4,33.0,530.0,0.000336826365933
4,33.0,540.0,0.000317921148095
4,33.0,550.0,0.000289059899798
4,33.0,560.0,0.000248618476823
4,33.0,570.0,0.000212565579978
4,33.0,580.0,0.000212690701638
4,33.0,590.0,0.000212987195477
4,33.0,600.0,0.000179584308335
4,33.0,610.0,0.000188914079032
4,33.0,620.0,0.000210910119437
4,33.0,630.0,0.000228563231871
4,33.0,640.0,0.000251685757509
4,33.0,650.0,0.000269854632185
4,33.0,660.0,0.000275861131245
4,33.0,670.0,0.000301742675361
4,33.0,680.0,0.000311517338232
4,33.0,690.0,0.000316067050127
4,33.0,700.0,0.000318477025038
4,33.0,710.0,0.000315399061201
4,33.0,720.0,0.000305590713986
4,33.0,730.0,0.000303062793989
4,33.0,740.0,0.0002900839793
4,33.0,750.0,0.000279492839698
4,33.0,760.0,0.000275951101175
4,33.0,770.0,0.000262203979244
4,33.0,780.0,0.000247879320086
4,34.0,380.0,0.000263615784668
4,34.0,390.0,0.000263238196672
4,34.0,400.0,0.00038668923024
4,34.0,410.0,0.00046435214428
4,34.0,420.0,0.000479271966616
4,34.0,430.0,0.000444058451999
4,34.0,440.0,0.000516430308732
4,34.0,450.0,0.000564507923011
4,34.0,460.0,0.000562821843642
4,34.0,470.0,0.000557685761171
4,34.0,480.0,0.000530936171892
4,34.0,490.0,0.000491932618231
4,34.0,500.0,0.000459404445273
4,34.0,510.0,0.000426754995279
4,34.0,520.0,0.000379934178364
4,34.0,530.0,0.000324859090383
4,34.0,540.0,0.000306441560954
4,34.0,550.0,0.000278460885822
4,34.0,560.0,0.000239368125664
4,34.0,570.0,0.000204545836244
4,34.0,580.0,0.000204575539385
4,34.0,590.0,0.000204779640931
4,34.0,600.0,0.000172583454456
4,34.0,610.0,0.000181492101398
4,34.0,620.0,0.000202573950696
4,34.0,630.0,0.000219476091928
4,34.0,640.0,0.000241630580606
4,34.0,650.0,0.000259024127215
4,34.0,660.0,0.000264739995503
4,34.0,670.0,0.000289530887551
4,34.0,680.0,0.000298861800858
4,34.0,690.0,0.000303178029219
4,34.0,700.0,0.000305445571727
4,34.0,710.0,0.000302446982117
4,34.0,720.0,0.00029299746916
4,34.0,730.0,0.00029053536844
4,34.0,740.0,0.000278053488717
4,34.0,750.0,0.000267862687867
4,34.0,760.0,0.000264439936065
4,34.0,770.0,0.000251234925773
4,34.0,780.0,0.000237476275497
4,35.0,380.0,0.000258783225898
4,35.0,390.0,0.000257898316623
4,35.0,400.0,0.000378162538897
4,35.0,410.0,0.000453371085517
4,35.0,420.0,0.000467243798434
4,35.0,430.0,0.000432328838235
4,35.0,440.0,0.000502167178869
4,35.0,450.0,0.000548295647298
4,35.0,460.0,0.000546085234363
4,35.0,470.0,0.000540584971393
4,35.0,480.0,0.00051419020546
4,35.0,490.0,0.00047602696188
4,35.0,500.0,0.000444200843932
4,35.0,510.0,0.000412330321391
4,35.0,520.0,0.00036684308465
4,35.0,530.0,0.000313449222799
4,35.0,540.0,0.00029550164148
4,35.0,550.0,0.000268364038824
4,35.0,560.0,0.000230558896184
4,35.0,570.0,0.000196910577651
4,35.0,580.0,0.000196851166035
4,35.0,590.0,0.000196969288873
4,35.0,600.0,0.000165923062865
4,35.0,610.0,0.00017443261517
4,35.0,620.0,0.000194646602379
4,35.0,630.0,0.000210836377089
4,35.0,640.0,0.000232072434608
4,35.0,650.0,0.000248731019056
4,35.0,660.0,0.000254172707138
4,35.0,670.0,0.000277929470213
4,35.0,680.0,0.000286841020829
4,35.0,690.0,0.000290937629799
4,35.0,700.0,0.00029307206015
4,35.0,710.0,0.000290150826808
4,35.0,720.0,0.00028104382526
4,35.0,730.0,0.000278646050977
4,35.0,740.0,0.000266637406205
4,35.0,750.0,0.000256827929876
4,35.0,760.0,0.000253519676423
4,35.0,770.0,0.000240830263129
4,35.0,780.0,0.000227609523891
4,36.0,380.0,0.000254006486734
4,36.0,390.0,0.000252655392203
4,36.0,400.0,0.000369834680054
4,36.0,410.0,0.000442691353879
4,36.0,420.0,0.000455585894222
4,36.0,430.0,0.000420992406129
4,36.0,440.0,0.000488414368159
4,36.0,450.0,0.000532693807238
4,36.0,460.0,0.000530004913061
4,36.0,470.0,0.000524176942914
4,36.0,480.0,0.000498140844052
4,36.0,490.0,0.000460797322353
4,36.0,500.0,0.000429654940419
4,36.0,510.0,0.000398538709679
4,36.0,520.0,0.000354333316432
4,36.0,530.0,0.000302550954078
4,36.0,540.0,0.00028505603238
4,36.0,550.0,0.000258726239529
4,36.0,560.0,0.000222152145056
4,36.0,570.0,0.000189625503364
4,36.0,580.0,0.000189482291622
4,36.0,590.0,0.000189519953394
4,36.0,600.0,0.000159571732133
4,36.0,610.0,0.000167701995013
4,36.0,620.0,0.000187090066102
4,36.0,630.0,0.000202602390148
4,36.0,640.0,0.000222964971732
4,36.0,650.0,0.000238925162951
4,36.0,660.0,0.000244107529252
4,36.0,670.0,0.000266881384865
4,36.0,680.0,0.000275395622172
4,36.0,690.0,0.000279285077863
4,36.0,700.0,0.000281294762245
4,36.0,710.0,0.000278448898602
4,36.0,720.0,0.000269669447084
4,36.0,730.0,0.000267334510927
4,36.0,740.0,0.000255777443584
4,36.0,750.0,0.000246331853832
4,36.0,760.0,0.000243133922112
4,36.0,770.0,0.000230935932774
4,36.0,780.0,0.000218227453476
4,37.0,380.0,0.0002492938498
4,37.0,390.0,0.000247513976295
4,37.0,400.0,0.000361706929219
4,37.0,410.0,0.000432308164308
4,37.0,420.0,0.000444287073729
4,37.0,430.0,0.000410033302564
4,37.0,440.0,0.000475147378558
4,37.0,450.0,0.00051766941345
4,37.0,460.0,0.000514542047634
4,37.0,470.0,0.000508417829306
4,37.0,480.0,0.000482741209368
4,37.0,490.0,0.000446196101166
4,37.0,500.0,0.000415718287331
4,37.0,510.0,0.000385331693069
4,37.0,520.0,0.000342358875162
4,37.0,530.0,0.000292122263746
4,37.0,540.0,0.000275063095593
4,37.0,550.0,0.000249507848081
4,37.0,560.0,0.000214112285523
4,37.0,570.0,0.000182658964091
4,37.0,580.0,0.00018243634648
4,37.0,590.0,0.000182398236799
4,37.0,600.0,0.000153500428637
4,37.0,610.0,0.000161269176836
4,37.0,620.0,0.000179869271672
4,37.0,630.0,0.000194735700995
4,37.0,640.0,0.000214265543066
4,37.0,650.0,0.000229560495847
4,37.0,660.0,0.000234497013165
4,37.0,670.0,0.000256334426946
4,37.0,680.0,0.000264471372501
4,37.0,690.0,0.000268164978411
4,37.0,700.0,0.00027005754431
4,37.0,710.0,0.000267285215168
4,37.0,720.0,0.000258819712897
4,37.0,730.0,0.000256546272468
4,37.0,740.0,0.000245421100663
4,37.0,750.0,0.000236323508505
4,37.0,760.0,0.000233232156689
4,37.0,770.0,0.000221503655593
4,37.0,780.0,0.000209284099575
4,38.0,380.0,0.000244651049038
4,38.0,390.0,0.000242476365927
4,38.0,400.0,0.000353777742646
4,38.0,410.0,0.000422214005758
4,38.0,420.0,0.00043333406305
4,38.0,430.0,0.000399434435812
4,38.0,440.0,0.00046234112389
4,38.0,450.0,0.000503189764397
4,38.0,460.0,0.000499659115496
4,38.0,470.0,0.000493265971684
4,38.0,480.0,0.000467947571933
4,38.0,490.0,0.00043217938461
4,38.0,500.0,0.000402346776097
4,38.0,510.0,0.000372665617373
4,38.0,520.0,0.000330878684678
4,38.0,530.0,0.000282126063605
4,38.0,540.0,0.000265486295997
4,38.0,550.0,0.000240674290713
4,38.0,560.0,0.000206408446188
4,38.0,570.0,0.000175983626784
4,38.0,580.0,0.000175685245413
4,38.0,590.0,0.000175575358177
4,38.0,600.0,0.000147684182581
4,38.0,610.0,0.00015510742257
4,38.0,620.0,0.000172953984124
4,38.0,630.0,0.00018720311887
4,38.0,640.0,0.000205937222615
4,38.0,650.0,0.000220597031111
4,38.0,660.0,0.000225299869849
4,38.0,670.0,0.000246243040894
4,38.0,680.0,0.000254020821496
4,38.0,690.0,0.000257528745654
4,38.0,700.0,0.000259311043501
4,38.0,710.0,0.000256610438315
4,38.0,720.0,0.000248446380547
4,38.0,730.0,0.000246233107017
4,38.0,740.0,0.000235521802482
4,38.0,750.0,0.000226757606423
4,38.0,760.0,0.000223769365982
4,38.0,770.0,0.000212490319944
4,38.0,780.0,0.000200738342028
4,39.0,380.0,0.000240085344169
4,39.0,390.0,0.000237547075298
4,39.0,400.0,0.000346049897543
4,39.0,410.0,0.000412407868956
4,39.0,420.0,0.000422721673804
4,39.0,430.0,0.000389187496488
4,39.0,440.0,0.000449982274474
4,39.0,450.0,0.000489236689674
4,39.0,460.0,0.000485334834548
4,39.0,470.0,0.000478697472245
4,39.0,480.0,0.000453734862346
4,39.0,490.0,0.000418722002861
4,39.0,500.0,0.000389515331174
4,39.0,510.0,0.000360515881907
4,39.0,520.0,0.000319869797347
4,39.0,530.0,0.000272541903127
4,39.0,540.0,0.000256305635939
4,39.0,550.0,0.000232206788389
4,39.0,560.0,0.000199023974236
4,39.0,570.0,0.000169584820107
4,39.0,580.0,0.000169213963702
4,39.0,590.0,0.00016903590844
4,39.0,600.0,0.000142109574158
4,39.0,610.0,0.000149202347454
4,39.0,620.0,0.00016632790756
4,39.0,630.0,0.000179986704337
4,39.0,640.0,0.000197959979754
4,39.0,650.0,0.000212012989931
4,39.0,660.0,0.000216493517046
4,39.0,670.0,0.000236582196106
4,39.0,680.0,0.000244017781269
4,39.0,690.0,0.000247349453792
4,39.0,700.0,0.000249027784153
4,39.0,710.0,0.000246397006439
4,39.0,720.0,0.000238522408885
4,39.0,730.0,0.000236367879423
4,39.0,740.0,0.000226053264534
4,39.0,750.0,0.000217608521697
4,39.0,760.0,0.000214719981246
4,39.0,770.0,0.000203871365544
4,39.0,780.0,0.000192566702868
4,40.0,380.0,0.000235532051819
4,40.0,390.0,0.000232659343546
4,40.0,400.0,0.000338422861964
4,40.0,410.0,0.000402766995874
4,40.0,420.0,0.000412322059133
4,40.0,430.0,0.000379173867397
4,40.0,440.0,0.000437933725311
4,40.0,450.0,0.000475662260464
4,40.0,460.0,0.000471424697696
4,40.0,470.0,0.000464572857411
4,40.0,480.0,0.000439974744517
4,40.0,490.0,0.000405709590076
4,40.0,500.0,0.000377122053925
4,40.0,510.0,0.000348792708897
4,40.0,520.0,0.000309256849066
4,40.0,530.0,0.000263309606751
4,40.0,540.0,0.000247468303289
4,40.0,550.0,0.000224061032531
4,40.0,560.0,0.000191923969466
4,40.0,570.0,0.000163435404208
4,40.0,580.0,0.000162998123877
4,40.0,590.0,0.000162758166154
4,40.0,600.0,0.000136760458296
4,40.0,610.0,0.000143539112043
4,40.0,620.0,0.00015997652595
4,40.0,630.0,0.00017307272133
4,40.0,640.0,0.000190320528569
4,40.0,650.0,0.000203795891726
4,40.0,660.0,0.000208066872746
4,40.0,670.0,0.000227341324101
4,40.0,680.0,0.000234452859421
4,40.0,690.0,0.000237619063725
4,40.0,700.0,0.000239200969058
4,40.0,710.0,0.000236639553871
4,40.0,720.0,0.000229043864199
4,40.0,730.0,0.000226947740338
4,40.0,740.0,0.000217013855485
4,40.0,750.0,0.000208875754323
4,40.0,760.0,0.000206084196904
4,40.0,770.0,0.00019564777717
4,40.0,780.0,0.000184770986015
4,41.0,380.0,0.000230947321556
4,41.0,390.0,0.000227773592466
4,41.0,400.0,0.000330845346038
4,41.0,410.0,0.000393238899701
4,41.0,420.0,0.000402091328629
4,41.0,430.0,0.000369363271003
4,41.0,440.0,0.000426173338174
4,41.0,450.0,0.000462457386573
4,41.0,460.0,0.000457935706733
4,41.0,470.0,0.000450915294759
4,41.0,480.0,0.000426705725006
4,41.0,490.0,0.00039319288947
4,41.0,500.0,0.000365229071097
4,41.0,510.0,0.00033756752226
4,41.0,520.0,0.000299115553908
4,41.0,530.0,0.000254504787502
4,41.0,540.0,0.000239055221102
4,41.0,550.0,0.000216319308424
4,41.0,560.0,0.000185186649956
4,41.0,570.0,0.000157608534013
4,41.0,580.0,0.000157116126398
4,41.0,590.0,0.00015682441685
4,41.0,600.0,0.000131709683119
4,41.0,610.0,0.000138196904729
4,41.0,620.0,0.000153990365057
4,41.0,630.0,0.000166561389968
4,41.0,640.0,0.000183130973351
4,41.0,650.0,0.000196067568046
4,41.0,660.0,0.000200146018832
4,41.0,670.0,0.000218659583244
4,41.0,680.0,0.000225470916939
4,41.0,690.0,0.000228485710318
4,41.0,700.0,0.000229980713153
4,41.0,710.0,0.000227487735613
4,41.0,720.0,0.000220156630495
4,41.0,730.0,0.000218117908173
4,41.0,740.0,0.000208543283835
4,41.0,750.0,0.000200694671594
4,41.0,760.0,0.000197995736774
4,41.0,770.0,0.000187947012777
4,41.0,780.0,0.000177472371506
4,42.0,380.0,0.000226297258622
4,42.0,390.0,0.000222848256939
4,42.0,400.0,0.000323244696688
4,42.0,410.0,0.000383722238509
4,42.0,420.0,0.000391910712944
4,42.0,430.0,0.000359632727122
4,42.0,440.0,0.000414542966212
4,42.0,450.0,0.000449434042256
4,42.0,460.0,0.000444663839263
4,42.0,470.0,0.000437510121935
4,42.0,480.0,0.000413707090378
4,42.0,490.0,0.000380958239626
4,42.0,500.0,0.000353623959135
4,42.0,510.0,0.000326632580825
4,42.0,520.0,0.000289253247147
4,42.0,530.0,0.000245950616795
4,42.0,540.0,0.000230894557028
4,42.0,550.0,0.000208819755661
4,42.0,560.0,0.000178667266074
4,42.0,570.0,0.000151975304347
4,42.0,580.0,0.00015143908603
4,42.0,590.0,0.000151107781904
4,42.0,600.0,0.000126847672468
4,42.0,610.0,0.000133063847044
4,42.0,620.0,0.000148250194389
4,42.0,630.0,0.000160328272356
4,42.0,640.0,0.000176260189964
4,42.0,650.0,0.000188692929691
4,42.0,660.0,0.00019259752507
4,42.0,670.0,0.000210396261723
4,42.0,680.0,0.000216931186348
4,42.0,690.0,0.000219810301826
4,42.0,700.0,0.000221230631651
4,42.0,710.0,0.000218809110069
4,42.0,720.0,0.000211734560577
4,42.0,730.0,0.000209755706652
4,42.0,740.0,0.000200525635683
4,42.0,750.0,0.000192954606982
4,42.0,760.0,0.000190347354946
4,42.0,770.0,0.000180668242897
4,42.0,780.0,0.000170575887131
4,43.0,380.0,0.000221770724838
4,43.0,390.0,0.000218084714338
4,43.0,400.0,0.000315935871804
4,43.0,410.0,0.000374618791479
4,43.0,420.0,0.000382219634635
4,43.0,430.0,0.000350412883062
4,43.0,440.0,0.000403571909585
4,43.0,450.0,0.000437202044917
4,43.0,460.0,0.000432251272478
4,43.0,470.0,0.000425024999698
4,43.0,480.0,0.000401651519526
4,43.0,490.0,0.000369657441205
4,43.0,500.0,0.000342950038149
4,43.0,510.0,0.00031661748287
4,43.0,520.0,0.000280258185981
4,43.0,530.0,0.000238185495801
4,43.0,540.0,0.000223517708738
4,43.0,550.0,0.000202070108283
4,43.0,560.0,0.000172826327546
4,43.0,570.0,0.000146951794544
4,43.0,580.0,0.000146394473144
4,43.0,590.0,0.000146041407573
4,43.0,600.0,0.000122555191046
4,43.0,610.0,0.000128540332702
4,43.0,620.0,0.000143195742295
4,43.0,630.0,0.000154844429122
4,43.0,640.0,0.00017021697535
4,43.0,650.0,0.000182208048743
4,43.0,660.0,0.000185961945074
4,43.0,670.0,0.000203132593106
4,43.0,680.0,0.000209425804334
4,43.0,690.0,0.000212188151675
4,43.0,700.0,0.000213544117231
4,43.0,710.0,0.000211189337975
4,43.0,720.0,0.000204344450474
4,43.0,730.0,0.000202420717452
4,43.0,740.0,0.000193497969412
4,43.0,750.0,0.000186176610021
4,43.0,760.0,0.000183650958149
4,43.0,770.0,0.000174300079719
4,43.0,780.0,0.000164549596476
4,44.0,380.0,0.00021737736527
4,44.0,390.0,0.000213476338111
4,44.0,400.0,0.000308884379594
4,44.0,410.0,0.000365856156531
4,44.0,420.0,0.000372909848446
4,44.0,430.0,0.000341570929968
4,44.0,440.0,0.000393066116904
4,44.0,450.0,0.000425503978017
4,44.0,460.0,0.000420393951759
4,44.0,470.0,0.000413110339967
4,44.0,480.0,0.000390156873834
4,44.0,490.0,0.000358890963564
4,44.0,500.0,0.000332787873064
4,44.0,510.0,0.000307088499657
4,44.0,520.0,0.000271704529019
4,44.0,530.0,0.00023080508627
4,44.0,540.0,0.000216509540953
4,44.0,550.0,0.000195660423671
4,44.0,560.0,0.000167281624101
4,44.0,570.0,0.000142184631943
4,44.0,580.0,0.000141608753343
4,44.0,590.0,0.000141236312544
4,44.0,600.0,0.000118485010319
4,44.0,610.0,0.000124252007521
4,44.0,620.0,0.00013840495658
4,44.0,630.0,0.000149647466763
4,44.0,640.0,0.000164490659126
4,44.0,650.0,0.000176063938878
4,44.0,660.0,0.000179675716686
4,44.0,670.0,0.000196251970012
4,44.0,680.0,0.000202316812674
4,44.0,690.0,0.000204969128291
4,44.0,700.0,0.000206264644087
4,44.0,710.0,0.000203973571683
4,44.0,720.0,0.000197346623032
4,44.0,730.0,0.00019547548168
4,44.0,740.0,0.000186844108848
4,44.0,750.0,0.000179759497704
4,44.0,760.0,0.000177311381466
4,44.0,770.0,0.000168271529542
4,44.0,780.0,0.000158844965723
4,45.0,380.0,0.000213131701578
4,45.0,390.0,0.000209036302103
4,45.0,400.0,0.000302107738432
4,45.0,410.0,0.000357453342995
4,45.0,420.0,0.000363999067112
4,45.0,430.0,0.000333121706331
4,45.0,440.0,0.000383041271201
4,45.0,450.0,0.00041435547828
4,45.0,460.0,0.000409106333828
4,45.0,470.0,0.000401779396081
4,45.0,480.0,0.000379235278155
4,45.0,490.0,0.000348669434964
4,45.0,500.0,0.000323147310828
4,45.0,510.0,0.000298054777336
4,45.0,520.0,0.000263600453796
4,45.0,530.0,0.000223816931731
4,45.0,540.0,0.000209877327623
4,45.0,550.0,0.000189597618924
4,45.0,560.0,0.000162039480235
4,45.0,570.0,0.000137679621354
4,45.0,580.0,0.000137087762009
4,45.0,590.0,0.000136698168185
4,45.0,600.0,0.000114642128538
4,45.0,610.0,0.000120203865629
4,45.0,620.0,0.00013388293166
4,45.0,630.0,0.000144742482044
4,45.0,640.0,0.000159086297562
4,45.0,650.0,0.000170265484385
4,45.0,660.0,0.000173743370744
4,45.0,670.0,0.000189758809129
4,45.0,680.0,0.000195608303593
4,45.0,690.0,0.000198156999306
4,45.0,700.0,0.000199395608879
4,45.0,710.0,0.000197164916147
4,45.0,720.0,0.000190743881907
4,45.0,730.0,0.00018892253307
4,45.0,740.0,0.000180566358195
4,45.0,750.0,0.000173705440796
4,45.0,760.0,0.000171330556629
4,45.0,770.0,0.000162584359355
4,45.0,780.0,0.000153463716008
4,46.0,380.0,0.000209032637254
4,46.0,390.0,0.000204761698684
4,46.0,400.0,0.000295599185487
4,46.0,410.0,0.000349399447981
4,46.0,420.0,0.000355473386953
4,46.0,430.0,0.000325050066132
4,46.0,440.0,0.000373477328024
4,46.0,450.0,0.000403732210154
4,46.0,460.0,0.000398361900233
4,46.0,470.0,0.000391003898533
4,46.0,480.0,0.000368857984766
4,46.0,490.0,0.000338964750314
4,46.0,500.0,0.000314000756904
4,46.0,510.0,0.000289489545879
4,46.0,520.0,0.000255921213705
4,46.0,530.0,0.000217199059262
4,46.0,540.0,0.000203599731136
4,46.0,550.0,0.000183861775326
4,46.0,560.0,0.000157082346781
4,46.0,570.0,0.000133421430563
4,46.0,580.0,0.000132815911767
4,46.0,590.0,0.000132411159849
4,46.0,600.0,0.000111013014688
4,46.0,610.0,0.000116381537277
4,46.0,620.0,0.000129613505704
4,46.0,630.0,0.000140111837118
4,46.0,640.0,0.000153984355362
4,46.0,650.0,0.000164791625865
4,46.0,660.0,0.000168143264836
4,46.0,670.0,0.000183629328045
4,46.0,680.0,0.000189275614246
4,46.0,690.0,0.000191726633119
4,46.0,700.0,0.000192911589839
4,46.0,710.0,0.00019073809686
4,46.0,720.0,0.000184511648851
4,46.0,730.0,0.00018273741819
4,46.0,740.0,0.00017464123628
4,46.0,750.0,0.000167991746253
4,46.0,760.0,0.000165686023284
4,46.0,770.0,0.000157217174099
4,46.0,780.0,0.000148385570326
4,47.0,380.0,0.000205076739793
4,47.0,390.0,0.000200647425095
4,47.0,400.0,0.000289348940404
4,47.0,410.0,0.000341680192743
4,47.0,420.0,0.000347315675494
4,47.0,430.0,0.000317338099121
4,47.0,440.0,0.000364351268389
4,47.0,450.0,0.000393606839546
4,47.0,460.0,0.000388131323765
4,47.0,470.0,0.000380753001158
4,47.0,480.0,0.000358993838657
4,47.0,490.0,0.000329746696942
4,47.0,500.0,0.000305318600051
4,47.0,510.0,0.00028136410341
4,47.0,520.0,0.000248640290132
4,47.0,530.0,0.00021092770874
4,47.0,540.0,0.000197653638827
4,47.0,550.0,0.000178431213023
4,47.0,560.0,0.000152390982741
4,47.0,570.0,0.00012939309503
4,47.0,580.0,0.00012877596525
4,47.0,590.0,0.00012835785695
4,47.0,600.0,0.000107582621493
4,47.0,610.0,0.000112769139092
4,47.0,620.0,0.000125579015456
4,47.0,630.0,0.000135736420498
4,47.0,640.0,0.000149163888107
4,47.0,650.0,0.000159619993393
4,47.0,660.0,0.000162852586036
4,47.0,670.0,0.000177838665754
4,47.0,680.0,0.000183293135829
4,47.0,690.0,0.000185652066769
4,47.0,700.0,0.000186786463507
4,47.0,710.0,0.000184667214347
4,47.0,720.0,0.000178624786092
4,47.0,730.0,0.000176895194062
4,47.0,740.0,0.000169044802065
4,47.0,750.0,0.000162595255702
4,47.0,760.0,0.000160354911666
4,47.0,770.0,0.000152148177737
4,47.0,780.0,0.000143589812603
4,48.0,380.0,0.000201260237604
4,48.0,390.0,0.000196688138666
4,48.0,400.0,0.000283346986247
4,48.0,410.0,0.00033428111518
4,48.0,420.0,0.000339508664239
4,48.0,430.0,0.000309967785278
4,48.0,440.0,0.000355639950369
4,48.0,450.0,0.000383951861281
4,48.0,460.0,0.000378385143129
4,48.0,470.0,0.000370995672653
4,48.0,480.0,0.000349611686141
4,48.0,490.0,0.000320985069759
4,48.0,500.0,0.000297071500617
4,48.0,510.0,0.000273650259104
4,48.0,520.0,0.000241731844132
4,48.0,530.0,0.000204980252608
4,48.0,540.0,0.000192017251248
4,48.0,550.0,0.000173285769421
4,48.0,560.0,0.00014794780046
4,48.0,570.0,0.000125579404246
4,48.0,580.0,0.000124952531532
4,48.0,590.0,0.000124522713033
4,48.0,600.0,0.000104337778672
4,48.0,610.0,0.000109352724297
4,48.0,620.0,0.000121763789095
4,48.0,630.0,0.000131599162881
4,48.0,640.0,0.000144606012155
4,48.0,650.0,0.000154730260402
4,48.0,660.0,0.000157850484443
4,48.0,670.0,0.000172363943552
4,48.0,680.0,0.000177637183957
4,48.0,690.0,0.000179909214509
4,48.0,700.0,0.000180995907526
4,48.0,710.0,0.000178928141001
4,48.0,720.0,0.000173059882917
4,48.0,730.0,0.000171372610236
4,48.0,740.0,0.000163754777582
4,48.0,750.0,0.00015749448697
4,48.0,760.0,0.000155315987713
4,48.0,770.0,0.000147357178475
4,48.0,780.0,0.000139057343765
4,49.0,380.0,0.000197579837712
4,49.0,390.0,0.000192879038708
4,49.0,400.0,0.000277584213159
4,49.0,410.0,0.000327188997377
4,49.0,420.0,0.000332036545594
4,49.0,430.0,0.000302922641466
4,49.0,440.0,0.000347322258002
4,49.0,450.0,0.000374742248014
4,49.0,460.0,0.000369096666094
4,49.0,470.0,0.000361703878461
4,49.0,480.0,0.000340683532851
4,49.0,490.0,0.000312652790334
4,49.0,500.0,0.000289233276179
4,49.0,510.0,0.000266322947471
4,49.0,520.0,0.000235172960027
4,49.0,530.0,0.00019933673088
4,49.0,540.0,0.000186671350806
4,49.0,550.0,0.000168407687244
4,49.0,560.0,0.000143737323391
4,49.0,570.0,0.000121966978674
4,49.0,580.0,0.000121332025434
4,49.0,590.0,0.000120891948784
4,49.0,600.0,0.000101266795301
4,49.0,610.0,0.000106119844824
4,49.0,620.0,0.000118153753986
4,49.0,630.0,0.000127684653297
4,49.0,640.0,0.000140293584231
4,49.0,650.0,0.000150103877562
4,49.0,660.0,0.000153117840944
4,49.0,670.0,0.000167184081336
4,49.0,680.0,0.000172285837124
4,49.0,690.0,0.000174475686783
4,49.0,700.0,0.000175517216476
4,49.0,710.0,0.000173498261907
4,49.0,720.0,0.000167794909361
4,49.0,730.0,0.000166147702308
4,49.0,740.0,0.000158750036995
4,49.0,750.0,0.000152668992242
4,49.0,760.0,0.000150548966683
4,49.0,770.0,0.00014282481809
4,49.0,780.0,0.000134769787362
4,50.0,380.0,0.000194031959652
4,50.0,390.0,0.000189215205849
4,50.0,400.0,0.000272051579006
4,50.0,410.0,0.000320390986639
4,50.0,420.0,0.000324884176452
4,50.0,430.0,0.000296187057684
4,50.0,440.0,0.000339378370863
4,50.0,450.0,0.000365954681891
4,50.0,460.0,0.000360241138706
4,50.0,470.0,0.000352851749443
4,50.0,480.0,0.000332183543678
4,50.0,490.0,0.000304724937142
4,50.0,500.0,0.000281779752295
4,50.0,510.0,0.000259358941976
4,50.0,520.0,0.00022894233183
4,50.0,530.0,0.000193978338198
4,50.0,540.0,0.000181597754195
4,50.0,550.0,0.0001637800436
4,50.0,560.0,0.000139744666405
4,50.0,570.0,0.000118542818539
4,50.0,580.0,0.000117901246184
4,50.0,590.0,0.000117452200707
4,50.0,600.0,9.83582262441e-05
4,50.0,610.0,0.000103058378245
4,50.0,620.0,0.000114735344183
4,50.0,630.0,0.000123978155798
4,50.0,640.0,0.00013621038106
4,50.0,650.0,0.000145723458387
4,50.0,660.0,0.000148636883178
4,50.0,670.0,0.000162279665302
4,50.0,680.0,0.000167219068927
4,50.0,690.0,0.000169331168317
4,50.0,700.0,0.000170329938291
4,50.0,710.0,0.00016835731169
4,50.0,720.0,0.000162810215303
4,50.0,730.0,0.000161200987545
4,50.0,740.0,0.000154011911742
4,50.0,750.0,0.000148100753542
4,50.0,760.0,0.000146036076451
4,50.0,770.0,0.000138534196675
4,50.0,780.0,0.000130711130519
4,51.0,380.0,0.000190612928861
4,51.0,390.0,0.000185691766023
4,51.0,400.0,0.000266740309102
4,51.0,410.0,0.000313874787419
4,51.0,420.0,0.000318037225778
4,51.0,430.0,0.000289746388457
4,51.0,440.0,0.000331789826997
4,51.0,450.0,0.000357567574981
4,51.0,460.0,0.000351795763024
4,51.0,470.0,0.000344415565437
4,51.0,480.0,0.00032408812331
4,51.0,490.0,0.000297178822191
4,51.0,500.0,0.000274688983558
4,51.0,510.0,0.000252737211771
4,51.0,520.0,0.000223020711651
4,51.0,530.0,0.000188888111632
4,51.0,540.0,0.00017678008099
4,51.0,550.0,0.000159387609611
4,51.0,560.0,0.000135956444271
4,51.0,570.0,0.000115295238804
4,51.0,580.0,0.000114648336246
4,51.0,590.0,0.00011419147297
4,51.0,600.0,9.56017979382e-05
4,51.0,610.0,0.000100157448792
4,51.0,620.0,0.000111496395335
4,51.0,630.0,0.000120466459447
4,51.0,640.0,0.000132341858439
4,51.0,650.0,0.000141573412974
4,51.0,660.0,0.000144391671382
4,51.0,670.0,0.000157633276689
4,51.0,680.0,0.000162418902894
4,51.0,690.0,0.000164457414528
4,51.0,700.0,0.000165415695194
4,51.0,710.0,0.000163487070344
4,51.0,720.0,0.000158088123639
4,51.0,730.0,0.000156514927817
4,51.0,740.0,0.000149523585784
4,51.0,750.0,0.000143773530223
4,51.0,760.0,0.00014176128532
4,51.0,770.0,0.000134470057852
4,51.0,780.0,0.000126866907038
4,52.0,380.0,0.000187319144279
4,52.0,390.0,0.000182304052177
4,52.0,400.0,0.00026164212682
4,52.0,410.0,0.000307628927855
4,52.0,420.0,0.000311482434724
4,52.0,430.0,0.000283587172684
4,52.0,440.0,0.000324539742581
4,52.0,450.0,0.000349561263744
4,52.0,460.0,0.00034373983151
4,52.0,470.0,0.000336373831661
4,52.0,480.0,0.000316375913021
4,52.0,490.0,0.000289993930916
4,52.0,500.0,0.000267941131808
4,52.0,510.0,0.000246438741157
4,52.0,520.0,0.000217390685903
4,52.0,530.0,0.000184050697299
4,52.0,540.0,0.000172203497856
4,52.0,550.0,0.000155216585796
4,52.0,560.0,0.000132360519941
4,52.0,570.0,0.000112213636871
4,52.0,580.0,0.000111562530186
4,52.0,590.0,0.000111098866474
4,52.0,600.0,9.29881704621e-05
4,52.0,610.0,9.74071633885e-05
4,52.0,620.0,0.000108425832514
4,52.0,630.0,0.000117137526959
4,52.0,640.0,0.000128674752555
4,52.0,650.0,0.000137639512763
4,52.0,660.0,0.000140367647671
4,52.0,670.0,0.000153228996231
4,52.0,680.0,0.00015786890158
4,52.0,690.0,0.000159837736959
4,52.0,700.0,0.000160757671463
4,52.0,710.0,0.000158870865182
4,52.0,720.0,0.0001536124591
4,52.0,730.0,0.000152073475143
4,52.0,740.0,0.000145269675558
4,52.0,750.0,0.000139672470921
4,52.0,760.0,0.000137709934655
4,52.0,770.0,0.000130618457314
4,52.0,780.0,0.000123223903213
4,53.0,380.0,0.000184146801067
4,53.0,390.0,0.000179047249559
4,53.0,400.0,0.000256748626501
4,53.0,410.0,0.00030164189556
4,53.0,420.0,0.000305206629517
4,53.0,430.0,0.000277696152598
4,53.0,440.0,0.000317611619749
4,53.0,450.0,0.000341916673047
4,53.0,460.0,0.000336053384314
4,53.0,470.0,0.000328705955706
4,53.0,480.0,0.000309026546919
4,53.0,490.0,0.000283150801839
4,53.0,500.0,0.000261517445239
4,53.0,510.0,0.000240445615778
4,53.0,520.0,0.000212035903472
4,53.0,530.0,0.000179451702258
4,53.0,540.0,0.00016785414594
4,53.0,550.0,0.000151254116642
4,53.0,560.0,0.000128945617775
4,53.0,570.0,0.000109288190417
4,53.0,580.0,0.000108633894127
4,53.0,590.0,0.000108164364391
4,53.0,600.0,9.05087845306e-05
4,53.0,610.0,9.47984935436e-05
4,53.0,620.0,0.000105513594505
4,53.0,630.0,0.000113980469247
4,53.0,640.0,0.000125197117228
4,53.0,650.0,0.000133908995655
4,53.0,660.0,0.000136551803926
4,53.0,670.0,0.000149052652517
4,53.0,680.0,0.000153554481578
4,53.0,690.0,0.000155457373551
4,53.0,700.0,0.000156341034934
4,53.0,710.0,0.00015449402425
4,53.0,720.0,0.00014936901634
4,53.0,730.0,0.000147862564183
4,53.0,740.0,0.0001412367185
4,53.0,750.0,0.000135784594238
4,53.0,760.0,0.000133869231115
4,53.0,770.0,0.000126967237324
4,53.0,780.0,0.000119770604624
4,54.0,380.0,0.000181092778419
4,54.0,390.0,0.000175917440268
4,54.0,400.0,0.00025205300401
4,54.0,410.0,0.000295904396025
4,54.0,420.0,0.000299199175626
4,54.0,430.0,0.000272062606571
4,54.0,440.0,0.000310992078395
4,54.0,450.0,0.000334618266499
4,54.0,460.0,0.000328720113724
4,54.0,470.0,0.000321395019316
4,54.0,480.0,0.000302023278396
4,54.0,490.0,0.000276633345348
4,54.0,500.0,0.000255402422297
4,54.0,510.0,0.000234743019811
4,54.0,520.0,0.000206942825122
4,54.0,530.0,0.000175079274173
4,54.0,540.0,0.000163720593348
4,54.0,550.0,0.000147489597665
4,54.0,560.0,0.000125702442355
4,54.0,570.0,0.000106510805317
4,54.0,580.0,0.000105854214442
4,54.0,590.0,0.000105379653042
4,54.0,600.0,8.81565395389e-05
4,54.0,610.0,9.2323916472e-05
4,54.0,620.0,0.000102751241627
4,54.0,630.0,0.000110986094819
4,54.0,640.0,0.000121898790485
4,54.0,650.0,0.000130370924051
4,54.0,660.0,0.000132932917436
4,54.0,670.0,0.000145091929472
4,54.0,680.0,0.000149462887675
4,54.0,690.0,0.000151303344069
4,54.0,700.0,0.000152152671001
4,54.0,710.0,0.000150343525797
4,54.0,720.0,0.000145345147874
4,54.0,730.0,0.000143869624628
4,54.0,740.0,0.000137412656776
4,54.0,750.0,0.000132098258139
4,54.0,760.0,0.000130227660175
4,54.0,770.0,0.000123505436825
4,54.0,780.0,0.000116496628279
4,55.0,380.0,0.000178153260314
4,55.0,390.0,0.000172910003412
4,55.0,400.0,0.000247547433268
4,55.0,410.0,0.000290405952933
4,55.0,420.0,0.000293448290985
4,55.0,430.0,0.000266674845907
4,55.0,440.0,0.000304666765589
4,55.0,450.0,0.000327649618073
4,55.0,460.0,0.000321723062608
4,55.0,470.0,0.000314423642848
4,55.0,480.0,0.00029534920568
4,55.0,490.0,0.000270425488509
4,55.0,500.0,0.00024958081538
4,55.0,510.0,0.000229316569617
4,55.0,520.0,0.000202098445924
4,55.0,530.0,0.000170922217546
4,55.0,540.0,0.00015979212048
4,55.0,550.0,0.0001439131658
4,55.0,560.0,0.00012262241715
4,55.0,570.0,0.00010387406722
4,55.0,580.0,0.000103215977734
4,55.0,590.0,0.000102737128717
4,55.0,600.0,8.59249716857e-05
4,55.0,610.0,8.99765747172e-05
4,55.0,620.0,0.000100131056594
4,55.0,630.0,0.000108145979713
4,55.0,640.0,0.000118770430079
4,55.0,650.0,0.000127015214999
4,55.0,660.0,0.000129500619767
4,55.0,670.0,0.000141335419363
4,55.0,680.0,0.00014558228091
4,55.0,690.0,0.000147363581556
4,55.0,700.0,0.000148180365895
4,55.0,710.0,0.000146407230141
4,55.0,720.0,0.000141529052729
4,55.0,730.0,0.000140082912623
4,55.0,740.0,0.000133786217784
4,55.0,750.0,0.000128602574194
4,55.0,760.0,0.000126774436413
4,55.0,770.0,0.000120222780413
4,55.0,780.0,0.000113392237606
4,56.0,380.0,0.000175325264752
4,56.0,390.0,0.000170021318404
4,56.0,400.0,0.000243225755555
4,56.0,410.0,0.000285138272164
4,56.0,420.0,0.000287944575983
4,56.0,430.0,0.000261523465368
4,56.0,440.0,0.000298624029964
4,56.0,450.0,0.000320997267626
4,56.0,460.0,0.000315048216436
4,56.0,470.0,0.000307777328527
4,56.0,480.0,0.000288990125077
4,56.0,490.0,0.000264513611144
4,56.0,500.0,0.000244039618338
4,56.0,510.0,0.00022415391806
4,56.0,520.0,0.000197491535369
4,56.0,530.0,0.000166970818125
4,56.0,540.0,0.000156059377861
4,56.0,550.0,0.000140516179067
4,56.0,560.0,0.000119697995563
4,56.0,570.0,0.000101371425702
4,56.0,580.0,0.000100712521073
4,56.0,590.0,0.000100230024515
4,56.0,600.0,8.38083084063e-05
4,56.0,610.0,8.7750324034e-05
4,56.0,620.0,9.7646102426e-05
4,56.0,630.0,0.000105452527771
4,56.0,640.0,0.000115803586336
4,56.0,650.0,0.000123832722909
4,56.0,660.0,0.000126245481143
4,56.0,670.0,0.000137772721555
4,56.0,680.0,0.000141901842494
4,56.0,690.0,0.000143627034731
4,56.0,700.0,0.000144412911575
4,56.0,710.0,0.000142673975498
4,56.0,720.0,0.000137909860617
4,56.0,730.0,0.000136491593027
4,56.0,740.0,0.000130346984585
4,56.0,750.0,0.000125287465187
4,56.0,760.0,0.000123499566862
4,56.0,770.0,0.000117109736898
4,56.0,780.0,0.000110448391084
4,57.0,380.0,0.000172605808516
4,57.0,390.0,0.000167247797898
4,57.0,400.0,0.000239081908203
4,57.0,410.0,0.000280093228141
4,57.0,420.0,0.000282678861906
4,57.0,430.0,0.000256599323881
4,57.0,440.0,0.000292852575804
4,57.0,450.0,0.000314648204608
4,57.0,460.0,0.00030868203575
4,57.0,470.0,0.00030144211662
4,57.0,480.0,0.000282932336729
4,57.0,490.0,0.000258884619824
4,57.0,500.0,0.000238766310209
4,57.0,510.0,0.0002192431764
4,57.0,520.0,0.000193111290103
4,57.0,530.0,0.000163215694234
4,57.0,540.0,0.000152513353589
4,57.0,550.0,0.000137290314782
4,57.0,560.0,0.00011692191384
4,57.0,570.0,9.89965807001e-05
4,57.0,580.0,9.83374556467e-05
4,57.0,590.0,9.78518710923e-05
4,57.0,600.0,8.18010336952e-05
4,57.0,610.0,8.56393101948e-05
4,57.0,620.0,9.5289793901e-05
4,57.0,630.0,0.000102898551168
4,57.0,640.0,0.000112990292816
4,57.0,650.0,0.000120814853947
4,57.0,660.0,0.000123158665648
4,57.0,670.0,0.00013439411932
4,57.0,680.0,0.000138411490139
4,57.0,690.0,0.0001400834251
4,57.0,700.0,0.00014083990479
4,57.0,710.0,0.000139133414935
4,57.0,720.0,0.000134477505319
4,57.0,730.0,0.000133085644649
4,57.0,740.0,0.000127085329026
4,57.0,750.0,0.000122143620073
4,57.0,760.0,0.000120393828565
4,57.0,770.0,0.00011415751346
4,57.0,780.0,0.000107656747112
4,58.0,380.0,0.000169991837306
4,58.0,390.0,0.000164585865758
4,58.0,400.0,0.000235109953609
4,58.0,410.0,0.000275262959985
4,58.0,420.0,0.000277642358602
4,58.0,430.0,0.000251893714749
4,58.0,440.0,0.000287341688051
4,58.0,450.0,0.000308590128742
4,58.0,460.0,0.000302611720995
4,58.0,470.0,0.000295404840745
4,58.0,480.0,0.000277162876355
4,58.0,490.0,0.000253526142682
4,58.0,500.0,0.000233749014563
4,58.0,510.0,0.000214573038545
4,58.0,520.0,0.000188947420122
4,58.0,530.0,0.000159647846798
4,58.0,540.0,0.000149145392935
4,58.0,550.0,0.000134227561105
4,58.0,560.0,0.000114287159605
4,58.0,570.0,9.67434337316e-05
4,58.0,580.0,9.60845915724e-05
4,58.0,590.0,9.55963949112e-05
4,58.0,600.0,7.9897780219e-05
4,58.0,610.0,8.3637830625e-05
4,58.0,620.0,9.30557197192e-05
4,58.0,630.0,0.000100477054345
4,58.0,640.0,0.000110322807452
4,58.0,650.0,0.000117953268568
4,58.0,660.0,0.000120231608754
4,58.0,670.0,0.000131190211274
4,58.0,680.0,0.000135101482209
4,58.0,690.0,0.000136722830074
4,58.0,700.0,0.000137451315136
4,58.0,710.0,0.000135775574669
4,58.0,720.0,0.000131222284004
4,58.0,730.0,0.000129855414638
4,58.0,740.0,0.000123991974901
4,58.0,750.0,0.000119162062821
4,58.0,760.0,0.000117448340597
4,58.0,770.0,0.000111357643919
4,58.0,780.0,0.000105009267942
4,59.0,380.0,0.00016748072644
4,59.0,390.0,0.000162032414642
4,59.0,400.0,0.000231304683865
4,59.0,410.0,0.000270640511165
4,59.0,420.0,0.000272827235335
4,59.0,430.0,0.0002473988257
4,59.0,440.0,0.000282081660806
4,59.0,450.0,0.000302811830078
4,59.0,460.0,0.000296825457288
4,59.0,470.0,0.000289653314502
4,59.0,480.0,0.000271669524775
4,59.0,490.0,0.000248426504883
4,59.0,500.0,0.000228976349738
4,59.0,510.0,0.00021013253869
4,59.0,520.0,0.000184989862975
4,59.0,530.0,0.000156258268428
4,59.0,540.0,0.000145946808928
4,59.0,550.0,0.00013131982365
4,59.0,560.0,0.000111786592631
4,59.0,570.0,9.46057278041e-05
4,59.0,580.0,9.39476204991e-05
4,59.0,590.0,9.34572569789e-05
4,59.0,600.0,7.80930974961e-05
4,59.0,610.0,8.1740163196e-05
4,59.0,620.0,9.09375474973e-05
4,59.0,630.0,9.81812158831e-05
4,59.0,640.0,0.00010779368722
4,59.0,650.0,0.000115240050104
4,59.0,660.0,0.000117456265938
4,59.0,670.0,0.000128152263285
4,59.0,680.0,0.000131962852491
4,59.0,690.0,0.000133536187679
4,59.0,700.0,0.000134238053646
4,59.0,710.0,0.000132591468829
4,59.0,720.0,0.000128135499052
4,59.0,730.0,0.000126792298453
4,59.0,740.0,0.000121058686246
4,59.0,750.0,0.000116334848913
4,59.0,760.0,0.000114655282848
4,59.0,770.0,0.000108702698414
4,59.0,780.0,0.000102498913857
4,60.0,380.0,0.000165070176019
4,60.0,390.0,0.000159584671992
4,60.0,400.0,0.000227661395749
4,60.0,410.0,0.000266219547832
4,60.0,420.0,0.000268226319013
4,60.0,430.0,0.000243107472794
4,60.0,440.0,0.000277063555163
4,60.0,450.0,0.00029730296893
4,60.0,460.0,0.000291312367475
4,60.0,470.0,0.000284176305867
4,60.0,480.0,0.000266441078458
4,60.0,490.0,0.000243574994227
4,60.0,500.0,0.000224437924919
4,60.0,510.0,0.000205911705167
4,60.0,520.0,0.000181229494325
4,60.0,530.0,0.000153038859241
4,60.0,540.0,0.000142909802075
4,60.0,550.0,0.000128559857366
4,60.0,560.0,0.00010941384569
4,60.0,570.0,9.25779044659e-05
4,60.0,580.0,9.19209392361e-05
4,60.0,590.0,9.14288258467e-05
4,60.0,600.0,7.63821628718e-05
4,60.0,610.0,7.99412414758e-05
4,60.0,620.0,8.89296579728e-05
4,60.0,630.0,9.60049732818e-05
4,60.0,640.0,0.000105396301172
4,60.0,650.0,0.000112668130676
4,60.0,660.0,0.000114825444554
4,60.0,670.0,0.000125272450912
4,60.0,680.0,0.000128987557574
4,60.0,690.0,0.00013051536228
4,60.0,700.0,0.000131191952008
4,60.0,710.0,0.000129573021519
4,60.0,720.0,0.000125209335222
4,60.0,730.0,0.000123888562061
4,60.0,740.0,0.000118278064178
4,60.0,750.0,0.000113654847752
4,60.0,760.0,0.000112007632202
4,60.0,770.0,0.000106186006954
4,60.0,780.0,0.000100119372438
4,90.0,380.0,0.000122724148884
4,90.0,390.0,0.00011720172715
4,90.0,400.0,0.000165350250828
4,90.0,410.0,0.00019140305843
4,90.0,420.0,0.000191071355423
4,90.0,430.0,0.000171707562233
4,90.0,440.0,0.000194132575764
4,90.0,450.0,0.000206792985745
4,90.0,460.0,0.000201168382968
4,90.0,470.0,0.000195014186062
4,90.0,480.0,0.000181592147391
4,90.0,490.0,0.00016509790514
4,90.0,500.0,0.000151169335987
4,90.0,510.0,0.000137881384965
4,90.0,520.0,0.000120706632601
4,90.0,530.0,0.000101197453819
4,90.0,540.0,9.40435424376e-05
4,90.0,550.0,8.41526081264e-05
4,90.0,560.0,7.12138408203e-05
4,90.0,570.0,5.9894128663e-05
4,90.0,580.0,5.92938769799e-05
4,90.0,590.0,5.8854039954e-05
4,90.0,600.0,4.88992992771e-05
4,90.0,610.0,5.11397820738e-05
4,90.0,620.0,5.69269654273e-05
4,90.0,630.0,6.14547202241e-05
4,90.0,640.0,6.7502411889e-05
4,90.0,650.0,7.21824356565e-05
4,90.0,660.0,7.35659226804e-05
4,90.0,670.0,8.02820948328e-05
4,90.0,680.0,8.26671110814e-05
4,90.0,690.0,8.36316267034e-05
4,90.0,700.0,8.40643052061e-05
4,90.0,710.0,8.29924265442e-05
4,90.0,720.0,8.01585846408e-05
4,90.0,730.0,7.92954219728e-05
4,90.0,740.0,7.56601920066e-05
4,90.0,750.0,7.26473181448e-05
4,90.0,760.0,7.1591725872e-05
4,90.0,770.0,6.78356142148e-05
4,90.0,780.0,6.39005697539e-05
6,0.0,380.0,1.57627707546e-05
6,0.0,390.0,1.64033233039e-05
6,0.0,400.0,2.52548265819e-05
6,0.0,410.0,3.19662314741e-05
6,0.0,420.0,3.49847945122e-05
6,0.0,430.0,3.45586413609e-05
6,0.0,440.0,4.30458526805e-05
6,0.0,450.0,5.06478257924e-05
6,0.0,460.0,5.44432086321e-05
6,0.0,470.0,5.84646640067e-05
6,0.0,480.0,6.0123059745e-05
6,0.0,490.0,6.05399720296e-05
6,0.0,500.0,6.10779087796e-05
6,0.0,510.0,6.13034173395e-05
6,0.0,520.0,5.89725860179e-05
6,0.0,530.0,5.38000546135e-05
6,0.0,540.0,5.46354802487e-05
6,0.0,550.0,5.31506426712e-05
6,0.0,560.0,4.86592704403e-05
6,0.0,570.0,4.40716810707e-05
6,0.0,580.0,4.67327360307e-05
6,0.0,590.0,4.92401699164e-05
6,0.0,600.0,4.28614187568e-05
6,0.0,610.0,4.75071339921e-05
6,0.0,620.0,5.61756916452e-05
6,0.0,630.0,6.41460879759e-05
6,0.0,640.0,7.45179187207e-05
6,0.0,650.0,8.40601981723e-05
6,0.0,660.0,9.01446886251e-05
6,0.0,670.0,0.000103439495655
6,0.0,680.0,0.000111751399824
6,0.0,690.0,0.00011837691652
6,0.0,700.0,0.000124515898254
6,0.0,710.0,0.000128341516327
6,0.0,720.0,0.000129282469287
6,0.0,730.0,0.000133392399549
6,0.0,740.0,0.00013253213302
6,0.0,750.0,0.000132386225492
6,0.0,760.0,0.00013593133045
6,0.0,770.0,0.000133989607381
6,0.0,780.0,0.000131158904045
6,1.0,380.0,1.22134780806e-05
6,1.0,390.0,1.28216706624e-05
6,1.0,400.0,1.99257473197e-05
6,1.0,410.0,2.54783539149e-05
6,1.0,420.0,2.82020673935e-05
6,1.0,430.0,2.82178934426e-05
6,1.0,440.0,3.5665024512e-05
6,1.0,450.0,4.26808852443e-05
6,1.0,460.0,4.67659293288e-05
6,1.0,470.0,5.13535141176e-05
6,1.0,480.0,5.41035047265e-05
6,1.0,490.0,5.60182824661e-05
6,1.0,500.0,5.81952940643e-05
6,1.0,510.0,6.02846571152e-05
6,1.0,520.0,5.99730286958e-05
6,1.0,530.0,5.6543039478e-05
6,1.0,540.0,5.95127837008e-05
6,1.0,550.0,5.99883714132e-05
6,1.0,560.0,5.68667050392e-05
6,1.0,570.0,5.3273917251e-05
6,1.0,580.0,5.88644474871e-05
6,1.0,590.0,6.48098709174e-05
6,1.0,600.0,5.86989158092e-05
6,1.0,610.0,6.79743798589e-05
6,1.0,620.0,8.39412181963e-05
6,1.0,630.0,9.98351433115e-05
6,1.0,640.0,0.000120570915229
6,1.0,650.0,0.000141069908414
6,1.0,660.0,0.000156583275764
6,1.0,670.0,0.000185578173849
6,1.0,680.0,0.00020666465065
6,1.0,690.0,0.000225236502485
6,1.0,700.0,0.000243270684132
6,1.0,710.0,0.000257039624231
6,1.0,720.0,0.00026494659283
6,1.0,730.0,0.00027918110672
6,1.0,740.0,0.000282824093784
6,1.0,750.0,0.000287567123537
6,1.0,760.0,0.00029993423121
6,1.0,770.0,0.000299870410919
6,1.0,780.0,0.00029724957233
6,2.0,380.0,1.27208009582e-05
6,2.0,390.0,1.34849073055e-05
6,2.0,400.0,2.12404197268e-05
6,2.0,410.0,2.7675734079e-05
6,2.0,420.0,3.14288158712e-05
6,2.0,430.0,3.25010746025e-05
6,2.0,440.0,4.27506476659e-05
6,2.0,450.0,5.35378693561e-05
6,2.0,460.0,6.15695589727e-05
6,2.0,470.0,7.10224286028e-05
6,2.0,480.0,7.84056902904e-05
6,2.0,490.0,8.48132845176e-05
6,2.0,500.0,9.14934940165e-05
6,2.0,510.0,9.78388778992e-05
6,2.0,520.0,9.98682653351e-05
6,2.0,530.0,9.57994042545e-05
6,2.0,540.0,0.000102225240423
6,2.0,550.0,0.000103826041135
6,2.0,560.0,9.86270706751e-05
6,2.0,570.0,9.21349688897e-05
6,2.0,580.0,0.000101966826574
6,2.0,590.0,0.000112548628509
6,2.0,600.0,0.000101366767249
6,2.0,610.0,0.000117179892605
6,2.0,620.0,0.000144381419142
6,2.0,630.0,0.000170846075611
6,2.0,640.0,0.000205144728927
6,2.0,650.0,0.000238293935036
6,2.0,660.0,0.000262220389192
6,2.0,670.0,0.000308020860764
6,2.0,680.0,0.000339640588759
6,2.0,690.0,0.000366180110483
6,2.0,700.0,0.00039122233684
6,2.0,710.0,0.000408416813269
6,2.0,720.0,0.000415760698092
6,2.0,730.0,0.000432829044252
6,2.0,740.0,0.000432776560482
6,2.0,750.0,0.000434073829117
6,2.0,760.0,0.000447343629517
6,2.0,770.0,0.000441394929329
6,2.0,780.0,0.000431373413719
6,3.0,380.0,1.39872519331e-05
6,3.0,390.0,1.52468007872e-05
6,3.0,400.0,2.49364220036e-05
6,3.0,410.0,3.40261981899e-05
6,3.0,420.0,4.06758960872e-05
6,3.0,430.0,4.42962573948e-05
6,3.0,440.0,6.10838312228e-05
6,3.0,450.0,7.95636676003e-05
6,3.0,460.0,9.41901430281e-05
6,3.0,470.0,0.00011073877544
6,3.0,480.0,0.000123307751506
6,3.0,490.0,0.000133553916479
6,3.0,500.0,0.000143159761292
6,3.0,510.0,0.00015135912549
6,3.0,520.0,0.000152197493287
6,3.0,530.0,0.000143201735459
6,3.0,540.0,0.000149845299429
6,3.0,550.0,0.000148997367635
6,3.0,560.0,0.000138433023538
6,3.0,570.0,0.000126432296099
6,3.0,580.0,0.000137199232652
6,3.0,590.0,0.000148772948344
6,3.0,600.0,0.00013135802523
6,3.0,610.0,0.00014929564006
6,3.0,620.0,0.000181164094137
6,3.0,630.0,0.000211179641258
6,3.0,640.0,0.000250147813226
6,3.0,650.0,0.000286790169659
6,3.0,660.0,0.000311546096488
6,3.0,670.0,0.000361640245749
6,3.0,680.0,0.00039411216639
6,3.0,690.0,0.0004199727
6,3.0,700.0,0.000443797261548
6,3.0,710.0,0.000458059785169
6,3.0,720.0,0.000461105491553
6,3.0,730.0,0.000475087108522
6,3.0,740.0,0.000469927849459
6,3.0,750.0,0.000466232972946
6,3.0,760.0,0.000476114107636
6,3.0,770.0,0.000465174035435
6,3.0,780.0,0.000449891075037
6,4.0,380.0,1.64170709114e-05
6,4.0,390.0,1.87090721104e-05
6,4.0,400.0,3.20503036038e-05
6,4.0,410.0,4.56249838831e-05
6,4.0,420.0,5.64031388152e-05
6,4.0,430.0,6.28015608494e-05
6,4.0,440.0,8.75222654398e-05
6,4.0,450.0,0.000114040997709
6,4.0,460.0,0.000133952574463
6,4.0,470.0,0.000155339194159
6,4.0,480.0,0.000169909984652
6,4.0,490.0,0.000180316537822
6,4.0,500.0,0.000189107228821
6,4.0,510.0,0.000195504096101
6,4.0,520.0,0.00019221547341
6,4.0,530.0,0.000176911146959
6,4.0,540.0,0.000181150319329
6,4.0,550.0,0.000176410251019
6,4.0,560.0,0.000160677854046
6,4.0,570.0,0.000144023103328
6,4.0,580.0,0.000153453346838
6,4.0,590.0,0.000163606672433
6,4.0,600.0,0.000142246056831
6,4.0,610.0,0.000159149158389
6,4.0,620.0,0.000190349003738
6,4.0,630.0,0.000218977919338
6,4.0,640.0,0.000256323885779
6,4.0,650.0,0.000290672534336
6,4.0,660.0,0.000312520061011
6,4.0,670.0,0.000359376930297
6,4.0,680.0,0.000388141355445
6,4.0,690.0,0.000410026893291
6,4.0,700.0,0.000429801672331
6,4.0,710.0,0.000440016569033
6,4.0,720.0,0.000439461046429
6,4.0,730.0,0.000449509350321
6,4.0,740.0,0.000441339736456
6,4.0,750.0,0.000434646635527
6,4.0,760.0,0.000441100552961
6,4.0,770.0,0.000428128570398
6,4.0,780.0,0.000411214641709
6,5.0,380.0,2.02457687032e-05
6,5.0,390.0,2.38725949514e-05
6,5.0,400.0,4.19344424397e-05
6,5.0,410.0,6.05312199655e-05
6,5.0,420.0,7.50536038565e-05
6,5.0,430.0,8.30565956635e-05
6,5.0,440.0,0.000114272267461
6,5.0,450.0,0.000146321544703
6,5.0,460.0,0.000168472671431
6,5.0,470.0,0.000191203296959
6,5.0,480.0,0.000204694085495
6,5.0,490.0,0.000212539623693
6,5.0,500.0,0.000218336758633
6,5.0,510.0,0.000221268859083
6,5.0,520.0,0.000213428437732
6,5.0,530.0,0.000193118262386
6,5.0,540.0,0.000194366998553
6,5.0,550.0,0.000186304309485
6,5.0,560.0,0.000167241552462
6,5.0,570.0,0.000147940319214
6,5.0,580.0,0.000155404455523
6,5.0,590.0,0.000163479794335
6,5.0,600.0,0.000140649252637
6,5.0,610.0,0.000155384175909
6,5.0,620.0,0.000183626395697
6,5.0,630.0,0.000209023083969
6,5.0,640.0,0.000242332478676
6,5.0,650.0,0.000272430661777
6,5.0,660.0,0.000290573813625
6,5.0,670.0,0.000331708773111
6,5.0,680.0,0.000355815866283
6,5.0,690.0,0.000373445502974
6,5.0,700.0,0.000389103078528
6,5.0,710.0,0.000396002764596
6,5.0,720.0,0.000393267172623
6,5.0,730.0,0.000400152743322
6,5.0,740.0,0.00039082705699
6,5.0,750.0,0.000382924660651
6,5.0,760.0,0.000386876872039
6,5.0,770.0,0.000373775763263
6,5.0,780.0,0.000357323388272
6,6.0,380.0,2.50892188116e-05
6,6.0,390.0,2.99587686639e-05
6,6.0,400.0,5.27541999552e-05
6,6.0,410.0,7.56759009965e-05
6,6.0,420.0,9.26433327819e-05
6,6.0,430.0,0.000100793109422
6,6.0,440.0,0.00013601278815
6,6.0,450.0,0.000170615396057
6,6.0,460.0,0.000192464641357
6,6.0,470.0,0.000214029867176
6,6.0,480.0,0.000224836632501
6,6.0,490.0,0.000229142237029
6,6.0,500.0,0.000231458823605
6,6.0,510.0,0.000230878791033
6,6.0,520.0,0.000219394983577
6,6.0,530.0,0.000196043848893
6,6.0,540.0,0.000194750187292
6,6.0,550.0,0.00018450331062
6,6.0,560.0,0.000163908701627
6,6.0,570.0,0.00014366671298
6,6.0,580.0,0.000149305158683
6,6.0,590.0,0.00015545220365
6,6.0,600.0,0.00013279454107
6,6.0,610.0,0.000145259280268
6,6.0,620.0,0.000170006156041
6,6.0,630.0,0.000191911749663
6,6.0,640.0,0.000220792393204
6,6.0,650.0,0.000246515065039
6,6.0,660.0,0.000261296696031
6,6.0,670.0,0.000296578715463
6,6.0,680.0,0.000316447913042
6,6.0,690.0,0.000330480318454
6,6.0,700.0,0.00034274397617
6,6.0,710.0,0.000347277981729
6,6.0,720.0,0.000343426429602
6,6.0,730.0,0.000348061356993
6,6.0,740.0,0.000338643364699
6,6.0,750.0,0.000330560526459
6,6.0,760.0,0.000332847693703
6,6.0,770.0,0.000320497678957
6,6.0,780.0,0.000305366210781
6,7.0,380.0,3.02774197812e-05
6,7.0,390.0,3.6048708849e-05
6,7.0,400.0,6.28616132268e-05
6,7.0,410.0,8.88763365564e-05
6,7.0,420.0,0.000106923627732
6,7.0,430.0,0.000114158871092
6,7.0,440.0,0.000151126725809
6,7.0,450.0,0.00018601880726
6,7.0,460.0,0.000206104648984
6,7.0,470.0,0.00022526158354
6,7.0,480.0,0.000232962944834
6,7.0,490.0,0.000233840096395
6,7.0,500.0,0.000233049436664
6,7.0,510.0,0.000229577474127
6,7.0,520.0,0.000215624958218
6,7.0,530.0,0.000190860860495
6,7.0,540.0,0.000187709141726
6,7.0,550.0,0.000176272685915
6,7.0,560.0,0.000155394672193
6,7.0,570.0,0.000135302214244
6,7.0,580.0,0.0001394641746
6,7.0,590.0,0.000144051890724
6,7.0,600.0,0.000122437809747
6,7.0,610.0,0.000132894410202
6,7.0,620.0,0.000154337600934
6,7.0,630.0,0.000173083187065
6,7.0,640.0,0.00019791854986
6,7.0,650.0,0.000219778380195
6,7.0,660.0,0.000231819336775
6,7.0,670.0,0.00026193126905
6,7.0,680.0,0.000278319433338
6,7.0,690.0,0.000289541272063
6,7.0,700.0,0.000299202304641
6,7.0,710.0,0.000302130338211
6,7.0,720.0,0.000297817926234
6,7.0,730.0,0.000300920185845
6,7.0,740.0,0.000291925178506
6,7.0,750.0,0.000284160920916
6,7.0,760.0,0.00028538168275
6,7.0,770.0,0.000274096474847
6,7.0,780.0,0.000260509255162
6,8.0,380.0,3.52224600064e-05
6,8.0,390.0,4.14902609478e-05
6,8.0,400.0,7.13140970767e-05
6,8.0,410.0,9.9173009233e-05
6,8.0,420.0,0.000117243417499
6,8.0,430.0,0.000123001207098
6,8.0,440.0,0.000160089358524
6,8.0,450.0,0.000193869189769
6,8.0,460.0,0.00021159207205
6,8.0,470.0,0.000227965806494
6,8.0,480.0,0.000232790041928
6,8.0,490.0,0.00023080417378
6,8.0,500.0,0.000227581977461
6,8.0,510.0,0.00022199002202
6,8.0,520.0,0.000206592048442
6,8.0,530.0,0.000181562216575
6,8.0,540.0,0.000177175776253
6,8.0,550.0,0.000165262521918
6,8.0,560.0,0.000144845510093
6,8.0,570.0,0.000125498372402
6,8.0,580.0,0.000128534886515
6,8.0,590.0,0.000131930770107
6,8.0,600.0,0.000111725560673
6,8.0,610.0,0.000120520178574
6,8.0,620.0,0.000139091631076
6,8.0,630.0,0.000155160384825
6,8.0,640.0,0.000176539879101
6,8.0,650.0,0.000195168371311
6,8.0,660.0,0.00020504268533
6,8.0,670.0,0.000230814501366
6,8.0,680.0,0.000244423893351
6,8.0,690.0,0.000253485702323
6,8.0,700.0,0.000261172874027
6,8.0,710.0,0.000263013621392
6,8.0,720.0,0.00025859776442
6,8.0,730.0,0.000260653590988
6,8.0,740.0,0.000252284945813
6,8.0,750.0,0.000245044644481
6,8.0,760.0,0.000245578585641
6,8.0,770.0,0.00023540046778
6,8.0,780.0,0.000223312454743
6,9.0,380.0,3.95574308974e-05
6,9.0,390.0,4.59645690866e-05
6,9.0,400.0,7.77978205536e-05
6,9.0,410.0,0.000106467980082
6,9.0,420.0,0.000123869866578
6,9.0,430.0,0.000127959722052
6,9.0,440.0,0.000164127255112
6,9.0,450.0,0.000196045686644
6,9.0,460.0,0.000211291423223
6,9.0,470.0,0.000224961094531
6,9.0,480.0,0.000227331780804
6,9.0,490.0,0.000223137051587
6,9.0,500.0,0.000218110628516
6,9.0,510.0,0.000211049945306
6,9.0,520.0,0.000194955290694
6,9.0,530.0,0.000170340585569
6,9.0,540.0,0.00016518887463
6,9.0,550.0,0.00015325286208
6,9.0,560.0,0.000133700599686
6,9.0,570.0,0.000115392749086
6,9.0,580.0,0.000117591458372
6,9.0,590.0,0.000120099754468
6,9.0,600.0,0.000101414865817
6,9.0,610.0,0.000108866005054
6,9.0,620.0,0.00012501937324
6,9.0,630.0,0.0001388781158
6,9.0,640.0,0.000157387824592
6,9.0,650.0,0.000173380053
6,9.0,660.0,0.000181574360139
6,9.0,670.0,0.000203786984676
6,9.0,680.0,0.000215215775238
6,9.0,690.0,0.000222636617833
6,9.0,700.0,0.000228845156456
6,9.0,710.0,0.000229957876286
6,9.0,720.0,0.000225635554796
6,9.0,730.0,0.000226982840489
6,9.0,740.0,0.000219295143841
6,9.0,750.0,0.000212636619449
6,9.0,760.0,0.000212736520125
6,9.0,770.0,0.000203597360538
6,9.0,780.0,0.000192857771941
6,10.0,380.0,4.31258852638e-05
6,10.0,390.0,4.94045551929e-05
6,10.0,400.0,8.23924136689e-05
6,10.0,410.0,0.000111111837141
6,10.0,420.0,0.000127451739897
6,10.0,430.0,0.000129907284243
6,10.0,440.0,0.000164562997774
6,10.0,450.0,0.000194303592149
6,10.0,460.0,0.000207231414728
6,10.0,470.0,0.000218482644659
6,10.0,480.0,0.000218903685554
6,10.0,490.0,0.000213098021974
6,10.0,500.0,0.000206830242998
6,10.0,510.0,0.00019883863077
6,10.0,520.0,0.000182573696307
6,10.0,530.0,0.000158788908504
6,10.0,540.0,0.000153212146371
6,10.0,550.0,0.000141529578606
6,10.0,560.0,0.0001230204696
6,10.0,570.0,0.000105849021018
6,10.0,580.0,0.000107429771879
6,10.0,590.0,0.000109280408429
6,10.0,600.0,9.20702078608e-05
6,10.0,610.0,9.84445932275e-05
6,10.0,620.0,0.000112591178572
6,10.0,630.0,0.000124639719245
6,10.0,640.0,0.000140783421646
6,10.0,650.0,0.000154627270668
6,10.0,660.0,0.000161503504644
6,10.0,670.0,0.000180801307906
6,10.0,680.0,0.000190500392346
6,10.0,690.0,0.000196653130396
6,10.0,700.0,0.000201730124393
6,10.0,710.0,0.00020234310537
6,10.0,720.0,0.000198202553153
6,10.0,730.0,0.000199056181017
6,10.0,740.0,0.000192025453521
6,10.0,750.0,0.000185935311333
6,10.0,760.0,0.000185753089117
6,10.0,770.0,0.000177541928561
6,10.0,780.0,0.000167979171898
6,11.0,380.0,4.59057465761e-05
6,11.0,390.0,5.18769314783e-05
6,11.0,400.0,8.5346588671e-05
6,11.0,410.0,0.000113593714141
6,11.0,420.0,0.000128687615274
6,11.0,430.0,0.000129655245439
6,11.0,440.0,0.000162500104475
6,11.0,450.0,0.000189991201064
6,11.0,460.0,0.000200841313019
6,11.0,470.0,0.000210011119504
6,11.0,480.0,0.000208898103481
6,11.0,490.0,0.000201967500005
6,11.0,500.0,0.000194860143036
6,11.0,510.0,0.000186308935433
6,11.0,520.0,0.000170208210162
6,11.0,530.0,0.000147434900453
6,11.0,540.0,0.000141657586603
6,11.0,550.0,0.000130376262842
6,11.0,560.0,0.000112966193952
6,11.0,570.0,9.693531633e-05
6,11.0,580.0,9.80574146113e-05
6,11.0,590.0,9.94207833926e-05
6,11.0,600.0,8.35916068498e-05
6,11.0,610.0,8.90973692401e-05
6,11.0,620.0,0.0001015771047
6,11.0,630.0,0.000112141160106
6,11.0,640.0,0.00012633987313
6,11.0,650.0,0.000138441729903
6,11.0,660.0,0.000144294941491
6,11.0,670.0,0.000161216585337
6,11.0,680.0,0.00016955584662
6,11.0,690.0,0.000174737527012
6,11.0,700.0,0.000178961877404
6,11.0,710.0,0.000179241392638
6,11.0,720.0,0.000175329968682
6,11.0,730.0,0.000175849262428
6,11.0,740.0,0.000169427547192
6,11.0,750.0,0.000163862613175
6,11.0,760.0,0.000163510105238
6,11.0,770.0,0.000156113202166
6,11.0,780.0,0.000147556667103
6,12.0,380.0,4.79526533911e-05
6,12.0,390.0,5.35094347071e-05
6,12.0,400.0,8.69582073733e-05
6,12.0,410.0,0.000114399061624
6,12.0,420.0,0.000128196187907
6,12.0,430.0,0.000127867936448
6,12.0,440.0,0.00015879464761
6,12.0,450.0,0.000184103236607
6,12.0,460.0,0.00019315674343
6,12.0,470.0,0.000200571801289
6,12.0,480.0,0.000198308024506
6,12.0,490.0,0.000190626761106
6,12.0,500.0,0.000183017712839
6,12.0,510.0,0.000174202788267
6,12.0,520.0,0.00015849166092
6,12.0,530.0,0.000136849732224
6,12.0,540.0,0.000131035391684
6,12.0,550.0,0.000120244124691
6,12.0,560.0,0.000103923458579
6,12.0,570.0,8.89839936786e-05
6,12.0,580.0,8.97693849064e-05
6,12.0,590.0,9.0770811742e-05
6,12.0,600.0,7.61937524998e-05
6,12.0,610.0,8.09988580064e-05
6,12.0,620.0,9.2093704631e-05
6,12.0,630.0,0.000101433315613
6,12.0,640.0,0.000114016658355
6,12.0,650.0,0.000124680215239
6,12.0,660.0,0.000129708788161
6,12.0,670.0,0.000144659553327
6,12.0,680.0,0.000151892178226
6,12.0,690.0,0.000156298208271
6,12.0,700.0,0.00015984481168
6,12.0,710.0,0.000159886895343
6,12.0,720.0,0.000156208234756
6,12.0,730.0,0.000156484020272
6,12.0,740.0,0.000150608422863
6,12.0,750.0,0.000145518522177
6,12.0,760.0,0.000145052144982
6,12.0,770.0,0.000138361942346
6,12.0,780.0,0.000130671708324
6,13.0,380.0,4.93513234164e-05
6,13.0,390.0,5.44398127721e-05
6,13.0,400.0,8.75043927635e-05
6,13.0,410.0,0.000113940225597
6,13.0,420.0,0.000126471535864
6,13.0,430.0,0.00012504975387
6,13.0,440.0,0.000154063054522
6,13.0,450.0,0.000177325990713
6,13.0,460.0,0.000184835591815
6,13.0,470.0,0.000190788652148
6,13.0,480.0,0.000187641852816
6,13.0,490.0,0.000179490196643
6,13.0,500.0,0.000171584742195
6,13.0,510.0,0.000162681820019
6,13.0,520.0,0.000147480459424
6,13.0,530.0,0.00012696364655
6,13.0,540.0,0.000121208638145
6,13.0,550.0,0.000110936478102
6,13.0,560.0,9.56599148688e-05
6,13.0,570.0,8.17458262678e-05
6,13.0,580.0,8.22807721258e-05
6,13.0,590.0,8.30130309744e-05
6,13.0,600.0,6.95728111725e-05
6,13.0,610.0,7.38043916865e-05
6,13.0,620.0,8.37375480851e-05
6,13.0,630.0,9.20600477174e-05
6,13.0,640.0,0.000103299441889
6,13.0,650.0,0.00011277979658
6,13.0,660.0,0.000117156028054
6,13.0,670.0,0.000130477100522
6,13.0,680.0,0.000136822618929
6,13.0,690.0,0.000140621102767
6,13.0,700.0,0.000143645365218
6,13.0,710.0,0.000143529611218
6,13.0,720.0,0.000140085695975
6,13.0,730.0,0.00014019542829
6,13.0,740.0,0.000134809053464
6,13.0,750.0,0.00013014228828
6,13.0,760.0,0.000129612677614
6,13.0,770.0,0.000123536439026
6,13.0,780.0,0.000116585249343
6,14.0,380.0,5.02119047852e-05
6,14.0,390.0,5.4815794492e-05
6,14.0,400.0,8.72504481067e-05
6,14.0,410.0,0.000112582423138
6,14.0,420.0,0.000123924369476
6,14.0,430.0,0.000121599938083
6,14.0,440.0,0.000148779768812
6,14.0,450.0,0.000170172419687
6,14.0,460.0,0.000176383660588
6,14.0,470.0,0.000181132039463
6,14.0,480.0,0.000177342258771
6,14.0,490.0,0.000168927869434
6,14.0,500.0,0.000160898291496
6,14.0,510.0,0.000152044294934
6,14.0,520.0,0.000137419677828
6,14.0,530.0,0.000118005925535
6,14.0,540.0,0.00011237442463
6,14.0,550.0,0.000102623653937
6,14.0,560.0,8.83193006736e-05
6,14.0,570.0,7.53435585886e-05
6,14.0,580.0,7.56918338098e-05
6,14.0,590.0,7.62213345593e-05
6,14.0,600.0,6.37919550963e-05
6,14.0,610.0,6.75519911525e-05
6,14.0,620.0,7.65083377466e-05
6,14.0,630.0,8.39801605107e-05
6,14.0,640.0,9.40909215891e-05
6,14.0,650.0,0.000102582904671
6,14.0,660.0,0.000106426108626
6,14.0,670.0,0.000118380566892
6,14.0,680.0,0.000123994662547
6,14.0,690.0,0.000127299931173
6,14.0,700.0,0.000129903199281
6,14.0,710.0,0.000129675073841
6,14.0,720.0,0.000126449880662
6,14.0,730.0,0.000126437980481
6,14.0,740.0,0.000121482143586
6,14.0,750.0,0.000117188329663
6,14.0,760.0,0.000116620461561
6,14.0,770.0,0.000111074735991
6,14.0,780.0,0.000104757429454
6,15.0,380.0,5.06168227008e-05
6,15.0,390.0,5.47424163287e-05
6,15.0,400.0,8.63764067877e-05
6,15.0,410.0,0.000110561985588
6,15.0,420.0,0.000120807864551
6,15.0,430.0,0.000117750962604
6,15.0,440.0,0.000143200791595
6,15.0,450.0,0.00016289575073
6,15.0,460.0,0.000168016262731
6,15.0,470.0,0.000171772080426
6,15.0,480.0,0.00016752308546
6,15.0,490.0,0.000158998562616
6,15.0,500.0,0.000150967545884
6,15.0,510.0,0.000142257019052
6,15.0,520.0,0.000128243552477
6,15.0,530.0,0.000109894582654
6,15.0,540.0,0.000104429927979
6,15.0,550.0,9.51925131999e-05
6,15.0,560.0,8.17908291625e-05
6,15.0,570.0,6.96740696127e-05
6,15.0,580.0,6.98855993471e-05
6,15.0,590.0,7.02639666802e-05
6,15.0,600.0,5.87366823526e-05
6,15.0,610.0,6.21073231057e-05
6,15.0,620.0,7.02370944868e-05
6,15.0,630.0,7.69925076169e-05
6,15.0,640.0,8.61477676272e-05
6,15.0,650.0,9.38062674091e-05
6,15.0,660.0,9.72081692667e-05
6,15.0,670.0,0.000108005247083
6,15.0,680.0,0.000113008060124
6,15.0,690.0,0.000115906586246
6,15.0,700.0,0.000118163995349
6,15.0,710.0,0.000117854536557
6,15.0,720.0,0.000114829746121
6,15.0,730.0,0.000114726325314
6,15.0,740.0,0.000110149439493
6,15.0,750.0,0.000106184930071
6,15.0,760.0,0.000105593647981
6,15.0,770.0,0.000100508107513
6,15.0,780.0,9.4738618865e-05
6,16.0,380.0,5.10863854753e-05
6,16.0,390.0,5.46930196048e-05
6,16.0,400.0,8.54776491581e-05
6,16.0,410.0,0.000108431132835
6,16.0,420.0,0.00011747738025
6,16.0,430.0,0.000113589641438
6,16.0,440.0,0.00013709659023
6,16.0,450.0,0.000154833171286
6,16.0,460.0,0.000158621629999
6,16.0,470.0,0.000161118561311
6,16.0,480.0,0.000156192782835
6,16.0,490.0,0.000147379310765
6,16.0,500.0,0.000139189310497
6,16.0,510.0,0.000130495924286
6,16.0,520.0,0.000117074797501
6,16.0,530.0,9.99180735589e-05
6,16.0,540.0,9.45424020686e-05
6,16.0,550.0,8.5846580522e-05
6,16.0,560.0,7.35058866146e-05
6,16.0,570.0,6.24262572747e-05
6,16.0,580.0,6.23856715041e-05
6,16.0,590.0,6.25060775508e-05
6,16.0,600.0,5.21411702247e-05
6,16.0,610.0,5.4949124789e-05
6,16.0,620.0,6.19324194365e-05
6,16.0,630.0,6.76951507543e-05
6,16.0,640.0,7.55428188438e-05
6,16.0,650.0,8.20651031706e-05
6,16.0,660.0,8.48650140391e-05
6,16.0,670.0,9.41120052843e-05
6,16.0,680.0,9.83048387315e-05
6,16.0,690.0,0.000100673757715
6,16.0,700.0,0.000102492704787
6,16.0,710.0,0.00010209841607
6,16.0,720.0,9.93668545729e-05
6,16.0,730.0,9.91755560525e-05
6,16.0,740.0,9.5131355807e-05
6,16.0,750.0,9.16308147458e-05
6,16.0,760.0,9.10503317773e-05
6,16.0,770.0,8.66052759819e-05
6,16.0,780.0,8.15827748886e-05
6,17.0,380.0,5.06685117051e-05
6,17.0,390.0,5.38373474709e-05
6,17.0,400.0,8.35601075389e-05
6,17.0,410.0,0.000105333389718
6,17.0,420.0,0.000113471578034
6,17.0,430.0,0.000109151858584
6,17.0,440.0,0.000131129008815
6,17.0,450.0,0.000147472940456
6,17.0,460.0,0.000150512233568
6,17.0,470.0,0.000152360920205
6,17.0,480.0,0.000147252607011
6,17.0,490.0,0.000138558061737
6,17.0,500.0,0.000130533631333
6,17.0,510.0,0.000122106294661
6,17.0,520.0,0.000109325221499
6,17.0,530.0,9.31360773844e-05
6,17.0,540.0,8.79775190782e-05
6,17.0,550.0,7.97646539901e-05
6,17.0,560.0,6.8204735079e-05
6,17.0,570.0,5.78522678876e-05
6,17.0,580.0,5.77438477341e-05
6,17.0,590.0,5.77860285401e-05
6,17.0,600.0,4.81527547976e-05
6,17.0,610.0,5.06907916877e-05
6,17.0,620.0,5.70734973378e-05
6,17.0,630.0,6.23237165669e-05
6,17.0,640.0,6.94842972759e-05
6,17.0,650.0,7.54170909311e-05
6,17.0,660.0,7.7924867681e-05
6,17.0,670.0,8.63458499333e-05
6,17.0,680.0,9.01230548663e-05
6,17.0,690.0,9.22267729313e-05
6,17.0,700.0,9.38261973677e-05
6,17.0,710.0,9.34021781186e-05
6,17.0,720.0,9.08445426877e-05
6,17.0,730.0,9.06126763024e-05
6,17.0,740.0,8.68660791064e-05
6,17.0,750.0,8.3622459654e-05
6,17.0,760.0,8.30457305718e-05
6,17.0,770.0,7.89496778728e-05
6,17.0,780.0,7.43343536071e-05
6,18.0,380.0,5.01620355688e-05
6,18.0,390.0,5.29199920285e-05
6,18.0,400.0,8.159789505e-05
6,18.0,410.0,0.000102241606615
6,18.0,420.0,0.000109535146477
6,18.0,430.0,0.000104836093271
6,18.0,440.0,0.000125367443129
6,18.0,450.0,0.000140403422179
6,18.0,460.0,0.000142751971852
6,18.0,470.0,0.000144001866322
6,18.0,480.0,0.000138735293551
6,18.0,490.0,0.000130163384238
6,18.0,500.0,0.000122302566064
6,18.0,510.0,0.000114130640588
6,18.0,520.0,0.000101957678839
6,18.0,530.0,8.6686952539e-05
6,18.0,540.0,8.17313402818e-05
6,18.0,550.0,7.39737609567e-05
6,18.0,560.0,6.31527104458e-05
6,18.0,570.0,5.34886793869e-05
6,18.0,580.0,5.33108512885e-05
6,18.0,590.0,5.3275545345e-05
6,18.0,600.0,4.43383264494e-05
6,18.0,610.0,4.66172707572e-05
6,18.0,620.0,5.24274808882e-05
6,18.0,630.0,5.71908153708e-05
6,18.0,640.0,6.37012980552e-05
6,18.0,650.0,6.907946242e-05
6,18.0,660.0,7.13173263433e-05
6,18.0,670.0,7.89634185314e-05
6,18.0,680.0,8.23572349786e-05
6,18.0,690.0,8.42204629273e-05
6,18.0,700.0,8.56243829307e-05
6,18.0,710.0,8.51824379492e-05
6,18.0,720.0,8.27986019118e-05
6,18.0,730.0,8.25392573643e-05
6,18.0,740.0,7.90812784611e-05
6,18.0,750.0,7.6086046901e-05
6,18.0,760.0,7.55233012379e-05
6,18.0,770.0,7.17621917835e-05
6,18.0,780.0,6.75331789497e-05
6,19.0,380.0,4.94964235701e-05
6,19.0,390.0,5.18923293558e-05
6,19.0,400.0,7.95582417375e-05
6,19.0,410.0,9.91706907968e-05
6,19.0,420.0,0.00010574761676
6,19.0,430.0,0.000100782049022
6,19.0,440.0,0.000120057145268
6,19.0,450.0,0.000133990513595
6,19.0,460.0,0.000135804237596
6,19.0,470.0,0.000136607219798
6,19.0,480.0,0.000131273478434
6,19.0,490.0,0.000122879673156
6,19.0,500.0,0.000115217719299
6,19.0,510.0,0.000107317208725
6,19.0,520.0,9.5708887459e-05
6,19.0,530.0,8.12484606575e-05
6,19.0,540.0,7.64988263207e-05
6,19.0,550.0,6.9151685307e-05
6,19.0,560.0,5.89689647532e-05
6,19.0,570.0,4.98929971062e-05
6,19.0,580.0,4.96810290599e-05
6,19.0,590.0,4.96038312057e-05
6,19.0,600.0,4.12459838295e-05
6,19.0,610.0,4.33326234751e-05
6,19.0,620.0,4.86976831369e-05
6,19.0,630.0,5.30839031529e-05
6,19.0,640.0,5.9084831833e-05
6,19.0,650.0,6.40285363609e-05
6,19.0,660.0,6.60579691681e-05
6,19.0,670.0,7.30910692911e-05
6,19.0,680.0,7.61830602967e-05
6,19.0,690.0,7.78582161954e-05
6,19.0,700.0,7.91076699026e-05
6,19.0,710.0,7.86544183074e-05
6,19.0,720.0,7.64114138056e-05
6,19.0,730.0,7.61305820591e-05
6,19.0,740.0,7.29043251371e-05
6,19.0,750.0,7.01097550112e-05
6,19.0,760.0,6.95560818912e-05
6,19.0,770.0,6.6061913537e-05
6,19.0,780.0,6.21430501029e-05
6,20.0,380.0,4.87104655371e-05
6,20.0,390.0,5.07772193658e-05
6,20.0,400.0,7.74448988672e-05
6,20.0,410.0,9.60822447773e-05
6,20.0,420.0,0.000102018389725
6,20.0,430.0,9.68534769787e-05
6,20.0,440.0,0.000114974255788
6,20.0,450.0,0.000127913288222
6,20.0,460.0,0.000129271371947
6,20.0,470.0,0.000129702037474
6,20.0,480.0,0.000124340346624
6,20.0,490.0,0.000116145908608
6,20.0,500.0,0.00010869082543
6,20.0,510.0,0.00010106028753
6,20.0,520.0,8.99873600221e-05
6,20.0,530.0,7.62768744109e-05
6,20.0,540.0,7.17273819157e-05
6,20.0,550.0,6.47634180295e-05
6,20.0,560.0,5.5168241019e-05
6,20.0,570.0,4.66316585744e-05
6,20.0,580.0,4.63961778603e-05
6,20.0,590.0,4.62887723675e-05
6,20.0,600.0,3.84580645277e-05
6,20.0,610.0,4.03782674105e-05
6,20.0,620.0,4.53512888682e-05
6,20.0,630.0,4.94073918216e-05
6,20.0,640.0,5.49613999941e-05
6,20.0,650.0,5.9526409759e-05
6,20.0,660.0,6.13789538352e-05
6,20.0,670.0,6.78763543606e-05
6,20.0,680.0,7.07095985955e-05
6,20.0,690.0,7.22267423648e-05
6,20.0,700.0,7.33480308766e-05
6,20.0,710.0,7.28923688908e-05
6,20.0,720.0,7.07805508071e-05
6,20.0,730.0,7.04875029906e-05
6,20.0,740.0,6.74710215929e-05
6,20.0,750.0,6.48580056417e-05
6,20.0,760.0,6.43176083692e-05
6,20.0,770.0,6.10621667086e-05
6,20.0,780.0,5.74189539079e-05
6,21.0,380.0,4.78343940247e-05
6,21.0,390.0,4.96036770538e-05
6,21.0,400.0,7.52967365784e-05
6,21.0,410.0,9.30166414543e-05
6,21.0,420.0,9.83810087223e-05
6,21.0,430.0,9.30732655214e-05
6,21.0,440.0,0.000110136133813
6,21.0,450.0,0.000122179888462
6,21.0,460.0,0.000123153730964
6,21.0,470.0,0.000123275755977
6,21.0,480.0,0.000117922140936
6,21.0,490.0,0.000109940233322
6,21.0,500.0,0.000102698686488
6,21.0,510.0,9.53345248394e-05
6,21.0,520.0,8.47659712937e-05
6,21.0,530.0,7.17496309199e-05
6,21.0,540.0,6.73911312715e-05
6,21.0,550.0,6.07819952171e-05
6,21.0,560.0,5.17245388333e-05
6,21.0,570.0,4.36799070727e-05
6,21.0,580.0,4.34272216337e-05
6,21.0,590.0,4.329674861e-05
6,21.0,600.0,3.59439548157e-05
6,21.0,610.0,3.77178798888e-05
6,21.0,620.0,4.23426935268e-05
6,21.0,630.0,4.61068651148e-05
6,21.0,640.0,5.12653794261e-05
6,21.0,650.0,5.54969892803e-05
6,21.0,660.0,5.71972137048e-05
6,21.0,670.0,6.3222648988e-05
6,21.0,680.0,6.58317590961e-05
6,21.0,690.0,6.72146474707e-05
6,21.0,700.0,6.82285516957e-05
6,21.0,710.0,6.77767674943e-05
6,21.0,720.0,6.57869961475e-05
6,21.0,730.0,6.54887539659e-05
6,21.0,740.0,6.26629191559e-05
6,21.0,750.0,6.02148328001e-05
6,21.0,760.0,5.96909230702e-05
6,21.0,770.0,5.66502062645e-05
6,21.0,780.0,5.3253364504e-05
6,22.0,380.0,4.68934921595e-05
6,22.0,390.0,4.83951070152e-05
6,22.0,400.0,7.31438767975e-05
6,22.0,410.0,9.00035218574e-05
6,22.0,420.0,9.48582659102e-05
6,22.0,430.0,8.94547188128e-05
6,22.0,440.0,0.0001055489302
6,22.0,450.0,0.000116786654522
6,22.0,460.0,0.000117437780455
6,22.0,470.0,0.000117305102311
6,22.0,480.0,0.000111988524839
6,22.0,490.0,0.000104226570533
6,22.0,500.0,9.72014268325e-05
6,22.0,510.0,9.00974302085e-05
6,22.0,520.0,8.00022383082e-05
6,22.0,530.0,6.76273176363e-05
6,22.0,540.0,6.34493857722e-05
6,22.0,550.0,5.71675623833e-05
6,22.0,560.0,4.86013046223e-05
6,22.0,570.0,4.1004634169e-05
6,22.0,580.0,4.07389188692e-05
6,22.0,590.0,4.05902444034e-05
6,22.0,600.0,3.36706392542e-05
6,22.0,610.0,3.53147249775e-05
6,22.0,620.0,3.96281721615e-05
6,22.0,630.0,4.31320066705e-05
6,22.0,640.0,4.79377125375e-05
6,22.0,650.0,5.1872994616e-05
6,22.0,660.0,5.34400635362e-05
6,22.0,670.0,5.90459073896e-05
6,22.0,680.0,6.14583470231e-05
6,22.0,690.0,6.27252801012e-05
6,22.0,700.0,6.36476159972e-05
6,22.0,710.0,6.32035193435e-05
6,22.0,720.0,6.1326851531e-05
6,22.0,730.0,6.1028120039e-05
6,22.0,740.0,5.83760288092e-05
6,22.0,750.0,5.60782703291e-05
6,22.0,760.0,5.55727848187e-05
6,22.0,770.0,5.27263142351e-05
6,22.0,780.0,4.95511798951e-05
6,23.0,380.0,4.5909308004e-05
6,23.0,390.0,4.71702741646e-05
6,23.0,400.0,7.1008437052e-05
6,23.0,410.0,8.70614981725e-05
6,23.0,420.0,9.14601403558e-05
6,23.0,430.0,8.59977427934e-05
6,23.0,440.0,0.000101200960812
6,23.0,450.0,0.000111708133785
6,23.0,460.0,0.000112085101737
6,23.0,470.0,0.000111740322597
6,23.0,480.0,0.000106480945959
6,23.0,490.0,9.89419747625e-05
6,23.0,500.0,9.21330333456e-05
6,23.0,510.0,8.52822456838e-05
6,23.0,520.0,7.56328610353e-05
6,23.0,530.0,6.38545958989e-05
6,23.0,540.0,5.98486307657e-05
6,23.0,550.0,5.38711961011e-05
6,23.0,560.0,4.57569506399e-05
6,23.0,570.0,3.85711730775e-05
6,23.0,580.0,3.82963555306e-05
6,23.0,590.0,3.81337194887e-05
6,23.0,600.0,3.16091879702e-05
6,23.0,610.0,3.31375158796e-05
6,23.0,620.0,3.71707567767e-05
6,23.0,630.0,4.04407480859e-05
6,23.0,640.0,4.49290505937e-05
6,23.0,650.0,4.85982393073e-05
6,23.0,660.0,5.00468794384e-05
6,23.0,670.0,5.52757741881e-05
6,23.0,680.0,5.75128747574e-05
6,23.0,690.0,5.8677576314e-05
6,23.0,700.0,5.95197545739e-05
6,23.0,710.0,5.90852324698e-05
6,23.0,720.0,5.73130908582e-05
6,23.0,730.0,5.70165218953e-05
6,23.0,740.0,5.45233994437e-05
6,23.0,750.0,5.23634788281e-05
6,23.0,760.0,5.18769645229e-05
6,23.0,770.0,4.92073553887e-05
6,23.0,780.0,4.62336160923e-05
6,24.0,380.0,4.49007359487e-05
6,24.0,390.0,4.59454625523e-05
6,24.0,400.0,6.89096501048e-05
6,24.0,410.0,8.42072546961e-05
6,24.0,420.0,8.81967931065e-05
6,24.0,430.0,8.27049218554e-05
6,24.0,440.0,9.70869536542e-05
6,24.0,450.0,0.000106929735961
6,24.0,460.0,0.000107071643016
6,24.0,470.0,0.000106549465209
6,24.0,480.0,0.000101359619
6,24.0,490.0,9.40430978124e-05
6,24.0,500.0,8.74455367834e-05
6,24.0,510.0,8.0838284695e-05
6,24.0,520.0,7.1608014336e-05
6,24.0,530.0,6.03836551622e-05
6,24.0,540.0,5.65408671082e-05
6,24.0,550.0,5.0846691458e-05
6,24.0,560.0,4.31497286058e-05
6,24.0,570.0,3.63423926461e-05
6,24.0,580.0,3.60614931612e-05
6,24.0,590.0,3.58882857433e-05
6,24.0,600.0,2.97259519756e-05
6,24.0,610.0,3.11502282128e-05
6,24.0,620.0,3.49296568453e-05
6,24.0,630.0,3.79882108893e-05
6,24.0,640.0,4.2189282909e-05
6,24.0,650.0,4.56181733649e-05
6,24.0,660.0,4.69609417104e-05
6,24.0,670.0,5.18491491075e-05
6,24.0,680.0,5.39289756939e-05
6,24.0,690.0,5.50028368156e-05
6,24.0,700.0,5.57743574266e-05
6,24.0,710.0,5.53504678998e-05
6,24.0,720.0,5.36750004647e-05
6,24.0,730.0,5.33823913758e-05
6,24.0,740.0,5.10350967884e-05
6,24.0,750.0,4.90017060624e-05
6,24.0,760.0,4.85343317578e-05
6,24.0,770.0,4.60264451878e-05
6,24.0,780.0,4.32363423793e-05
6,25.0,380.0,4.3879791783e-05
6,25.0,390.0,4.47303282456e-05
6,25.0,400.0,6.68576475679e-05
6,25.0,410.0,8.14476145538e-05
6,25.0,420.0,8.50694342666e-05
6,25.0,430.0,7.95718659048e-05
6,25.0,440.0,9.31954205075e-05
6,25.0,450.0,0.000102431991555
6,25.0,460.0,0.000102371449579
6,25.0,470.0,0.000101700369679
6,25.0,480.0,9.65883941488e-05
6,25.0,490.0,8.9491337979e-05
6,25.0,500.0,8.30987121627e-05
6,25.0,510.0,7.67245927404e-05
6,25.0,520.0,6.788832308e-05
6,25.0,530.0,5.71790416072e-05
6,25.0,540.0,5.34908891401e-05
6,25.0,550.0,4.80608194412e-05
6,25.0,560.0,4.07503017024e-05
6,25.0,570.0,3.42927857734e-05
6,25.0,580.0,3.40081232204e-05
6,25.0,590.0,3.38269840662e-05
6,25.0,600.0,2.79980778102e-05
6,25.0,610.0,2.93281714179e-05
6,25.0,620.0,3.28763854783e-05
6,25.0,630.0,3.57426321727e-05
6,25.0,640.0,3.96823154152e-05
6,25.0,650.0,4.2892922486e-05
6,25.0,660.0,4.41403294915e-05
6,25.0,670.0,4.87188031522e-05
6,25.0,680.0,5.06565130221e-05
6,25.0,690.0,5.16488432907e-05
6,25.0,700.0,5.23573712531e-05
6,25.0,710.0,5.19443980735e-05
6,25.0,720.0,5.03582202334e-05
6,25.0,730.0,5.00704980685e-05
6,25.0,740.0,4.78571204373e-05
6,25.0,750.0,4.59399026405e-05
6,25.0,760.0,4.54912725945e-05
6,25.0,770.0,4.31316381447e-05
6,25.0,780.0,4.05094559187e-05
6,26.0,380.0,4.28542721173e-05
6,26.0,390.0,4.35306883787e-05
6,26.0,400.0,6.48576420651e-05
6,26.0,410.0,7.87845276757e-05
6,26.0,420.0,8.20753470804e-05
6,26.0,430.0,7.65916652919e-05
6,26.0,440.0,8.95135367473e-05
6,26.0,450.0,9.81955678765e-05
6,26.0,460.0,9.7961245628e-05
6,26.0,470.0,9.71649796427e-05
6,26.0,480.0,9.21385322653e-05
6,26.0,490.0,8.52562001702e-05
6,26.0,500.0,7.90630466061e-05
6,26.0,510.0,7.29126069408e-05
6,26.0,520.0,6.44471345696e-05
6,26.0,530.0,5.42194813398e-05
6,26.0,540.0,5.06778808705e-05
6,26.0,550.0,4.54946441967e-05
6,26.0,560.0,3.85427521387e-05
6,26.0,570.0,3.24092311336e-05
6,26.0,580.0,3.21224808123e-05
6,26.0,590.0,3.19352314142e-05
6,26.0,600.0,2.64138197741e-05
6,26.0,610.0,2.76581466515e-05
6,26.0,620.0,3.0994711067e-05
6,26.0,630.0,3.36850926227e-05
6,26.0,640.0,3.73855009483e-05
6,26.0,650.0,4.03963872959e-05
6,26.0,660.0,4.15567369239e-05
6,26.0,670.0,4.58517658382e-05
6,26.0,680.0,4.76596260218e-05
6,26.0,690.0,4.85776412419e-05
6,26.0,700.0,4.9228823476e-05
6,26.0,710.0,4.88262299044e-05
6,26.0,720.0,4.73221790361e-05
6,26.0,730.0,4.70393134299e-05
6,26.0,740.0,4.49489076662e-05
6,26.0,750.0,4.31384169895e-05
6,26.0,760.0,4.27073686001e-05
6,26.0,770.0,4.04838095516e-05
6,26.0,780.0,3.80156723651e-05
6,27.0,380.0,4.18323010789e-05
6,27.0,390.0,4.23527642385e-05
6,27.0,400.0,6.29156541854e-05
6,27.0,410.0,7.62212553167e-05
6,27.0,420.0,7.9213701925e-05
6,27.0,430.0,7.37597231009e-05
6,27.0,440.0,8.60317459653e-05
6,27.0,450.0,9.42055787998e-05
6,27.0,460.0,9.38222753679e-05
6,27.0,470.0,9.29208327934e-05
6,27.0,480.0,8.79856959231e-05
6,27.0,490.0,8.13121355115e-05
6,27.0,500.0,7.53124457726e-05
6,27.0,510.0,6.93760432211e-05
6,27.0,520.0,6.12592719408e-05
6,27.0,530.0,5.14820188867e-05
6,27.0,540.0,4.80788075857e-05
6,27.0,550.0,4.31260287836e-05
6,27.0,560.0,3.65070255269e-05
6,27.0,570.0,3.06737019759e-05
6,27.0,580.0,3.03859982296e-05
6,27.0,590.0,3.01940126678e-05
6,27.0,600.0,2.49565703479e-05
6,27.0,610.0,2.61225361573e-05
6,27.0,620.0,2.92648731688e-05
6,27.0,630.0,3.17940026199e-05
6,27.0,640.0,3.52748563379e-05
6,27.0,650.0,3.81025855571e-05
6,27.0,660.0,3.91833118074e-05
6,27.0,670.0,4.32183060476e-05
6,27.0,680.0,4.49072413299e-05
6,27.0,690.0,4.57573242484e-05
6,27.0,700.0,4.63561410382e-05
6,27.0,710.0,4.59633247563e-05
6,27.0,720.0,4.45348791752e-05
6,27.0,730.0,4.42566735681e-05
6,27.0,740.0,4.22792968329e-05
6,27.0,750.0,4.05668742926e-05
6,27.0,760.0,4.01521536506e-05
6,27.0,770.0,3.80536135128e-05
6,27.0,780.0,3.57269196105e-05
6,28.0,380.0,4.08204670414e-05
6,28.0,390.0,4.12012505462e-05
6,28.0,400.0,6.10356362999e-05
6,28.0,410.0,7.37589334582e-05
6,28.0,420.0,7.64819986381e-05
6,28.0,430.0,7.10704230922e-05
6,28.0,440.0,8.27398105809e-05
6,28.0,450.0,9.04470384962e-05
6,28.0,460.0,8.99358236372e-05
6,28.0,470.0,8.89461468883e-05
6,28.0,480.0,8.41057730179e-05
6,28.0,490.0,7.7634310412e-05
6,28.0,500.0,7.1821080084e-05
6,28.0,510.0,6.60887013123e-05
6,28.0,520.0,5.82996629138e-05
6,28.0,530.0,4.89432968242e-05
6,28.0,540.0,4.56704216052e-05
6,28.0,550.0,4.09327321325e-05
6,28.0,560.0,3.46230689616e-05
6,28.0,570.0,2.90683138471e-05
6,28.0,580.0,2.8780395488e-05
6,28.0,590.0,2.85847355913e-05
6,28.0,600.0,2.36102136566e-05
6,28.0,610.0,2.47042968234e-05
6,28.0,620.0,2.76678794843e-05
6,28.0,630.0,3.00487798181e-05
6,28.0,640.0,3.33277763093e-05
6,28.0,650.0,3.59873313926e-05
6,28.0,660.0,3.69953749163e-05
6,28.0,670.0,4.07914983155e-05
6,28.0,680.0,4.23716126063e-05
6,28.0,690.0,4.31597718669e-05
6,28.0,700.0,4.37110200423e-05
6,28.0,710.0,4.33276464248e-05
6,28.0,720.0,4.19691324495e-05
6,28.0,730.0,4.16955818691e-05
6,28.0,740.0,3.98223825585e-05
6,28.0,750.0,3.82002283091e-05
6,28.0,760.0,3.78008012008e-05
6,28.0,770.0,3.58173361555e-05
6,28.0,780.0,3.36206394551e-05
6,29.0,380.0,3.98241747341e-05
6,29.0,390.0,4.00796280576e-05
6,29.0,400.0,5.92197927812e-05
6,29.0,410.0,7.13967103604e-05
6,29.0,420.0,7.38758663426e-05
6,29.0,430.0,6.85165993106e-05
6,29.0,440.0,7.96258835477e-05
6,29.0,450.0,8.69034806801e-05
6,29.0,460.0,8.62819478306e-05
6,29.0,470.0,8.52182583403e-05
6,29.0,480.0,8.04740627732e-05
6,29.0,490.0,7.41977087223e-05
6,29.0,500.0,6.85632830584e-05
6,29.0,510.0,6.30248669051e-05
6,29.0,520.0,5.55439815755e-05
6,29.0,530.0,4.65810511931e-05
6,29.0,540.0,4.34308795708e-05
6,29.0,550.0,3.88941701138e-05
6,29.0,560.0,3.28726299485e-05
6,29.0,570.0,2.75770831435e-05
6,29.0,580.0,2.72894885053e-05
6,29.0,590.0,2.70910390475e-05
6,29.0,600.0,2.23608214019e-05
6,29.0,610.0,2.33887239779e-05
6,29.0,620.0,2.61872545987e-05
6,29.0,630.0,2.84315071044e-05
6,29.0,640.0,3.15244415275e-05
6,29.0,650.0,3.4029276325e-05
6,29.0,660.0,3.49710182901e-05
6,29.0,670.0,3.85472643876e-05
6,29.0,680.0,4.00277874709e-05
6,29.0,690.0,4.07596080698e-05
6,29.0,700.0,4.12678165179e-05
6,29.0,710.0,4.08937996495e-05
6,29.0,720.0,3.96003603154e-05
6,29.0,730.0,3.93316518694e-05
6,29.0,740.0,3.75548842626e-05
6,29.0,750.0,3.60161483974e-05
6,29.0,760.0,3.56312244431e-05
6,29.0,770.0,3.37540393305e-05
6,29.0,780.0,3.16771564744e-05
6,30.0,380.0,3.88468038457e-05
6,30.0,390.0,3.89896422587e-05
6,30.0,400.0,5.7468154613e-05
6,30.0,410.0,6.9131466366e-05
6,30.0,420.0,7.13887755142e-05
6,30.0,430.0,6.60891183707e-05
6,30.0,440.0,7.66757830317e-05
6,30.0,450.0,8.35556642177e-05
6,30.0,460.0,8.28379323139e-05
6,30.0,470.0,8.17114405513e-05
6,30.0,480.0,7.70634553243e-05
6,30.0,490.0,7.09749782328e-05
6,30.0,500.0,6.55120524179e-05
6,30.0,510.0,6.01584174472e-05
6,30.0,520.0,5.29682537804e-05
6,30.0,530.0,4.43750999513e-05
6,30.0,540.0,4.13410352092e-05
6,30.0,550.0,3.69931655164e-05
6,30.0,560.0,3.12413659704e-05
6,30.0,570.0,2.61882567764e-05
6,30.0,580.0,2.59015571846e-05
6,30.0,590.0,2.57011109751e-05
6,30.0,600.0,2.11989804387e-05
6,30.0,610.0,2.21657556225e-05
6,30.0,620.0,2.48112179948e-05
6,30.0,630.0,2.69289449127e-05
6,30.0,640.0,2.98495003167e-05
6,30.0,650.0,3.22111803165e-05
6,30.0,660.0,3.30919461584e-05
6,30.0,670.0,3.64647076541e-05
6,30.0,680.0,3.78534509445e-05
6,30.0,690.0,3.85336452618e-05
6,30.0,700.0,3.90025404067e-05
6,30.0,710.0,3.86377844312e-05
6,30.0,720.0,3.74051941997e-05
6,30.0,730.0,3.71414438307e-05
6,30.0,740.0,3.54544430164e-05
6,30.0,750.0,3.39933452368e-05
6,30.0,760.0,3.36221569078e-05
6,30.0,770.0,3.18436482162e-05
6,30.0,780.0,2.98779087951e-05
6,31.0,380.0,3.78901836776e-05
6,31.0,390.0,3.79317592175e-05
6,31.0,400.0,5.5779354313e-05
6,31.0,410.0,6.69590930678e-05
6,31.0,420.0,6.90140060107e-05
6,31.0,430.0,6.37795374275e-05
6,31.0,440.0,7.38771943524e-05
6,31.0,450.0,8.03875885776e-05
6,31.0,460.0,7.95852891735e-05
6,31.0,470.0,7.84052319518e-05
6,31.0,480.0,7.38522413977e-05
6,31.0,490.0,6.79444222711e-05
6,31.0,500.0,6.264546068e-05
6,31.0,510.0,5.74676627263e-05
6,31.0,520.0,5.05521765846e-05
6,31.0,530.0,4.23070600495e-05
6,31.0,540.0,3.93829492634e-05
6,31.0,550.0,3.52129130848e-05
6,31.0,560.0,2.97144563662e-05
6,31.0,570.0,2.48889213298e-05
6,31.0,580.0,2.46035088026e-05
6,31.0,590.0,2.44016783066e-05
6,31.0,600.0,2.01134040158e-05
6,31.0,610.0,2.10233922856e-05
6,31.0,620.0,2.35262237761e-05
6,31.0,630.0,2.55262641067e-05
6,31.0,640.0,2.8286449394e-05
6,31.0,650.0,3.05151730367e-05
6,31.0,660.0,3.13397376994e-05
6,31.0,670.0,3.45235132145e-05
6,31.0,680.0,3.58274900536e-05
6,31.0,690.0,3.64603569372e-05
6,31.0,700.0,3.68934088477e-05
6,31.0,710.0,3.65379928496e-05
6,31.0,720.0,3.53626969156e-05
6,31.0,730.0,3.51041959322e-05
6,31.0,740.0,3.3501242101e-05
6,31.0,750.0,3.2112818419e-05
6,31.0,760.0,3.17548813132e-05
6,31.0,770.0,3.00684754372e-05
6,31.0,780.0,2.82063182237e-05
6,32.0,380.0,3.6955096132e-05
6,32.0,390.0,3.69056185863e-05
6,32.0,400.0,5.41511823461e-05
6,32.0,410.0,6.48749850933e-05
6,32.0,420.0,6.67448661001e-05
6,32.0,430.0,6.15799833357e-05
6,32.0,440.0,7.12192125353e-05
6,32.0,450.0,7.73855276464e-05
6,32.0,460.0,7.65088925592e-05
6,32.0,470.0,7.52830910964e-05
6,32.0,480.0,7.08237293189e-05
6,32.0,490.0,6.50894043679e-05
6,32.0,500.0,5.99473329764e-05
6,32.0,510.0,5.49369390429e-05
6,32.0,520.0,4.82812035283e-05
6,32.0,530.0,4.0364425994e-05
6,32.0,540.0,3.75444350363e-05
6,32.0,550.0,3.35420895118e-05
6,32.0,560.0,2.82820214582e-05
6,32.0,570.0,2.36705474953e-05
6,32.0,580.0,2.33865581772e-05
6,32.0,590.0,2.31836590203e-05
6,32.0,600.0,1.90964047491e-05
6,32.0,610.0,1.99532807466e-05
6,32.0,620.0,2.23225416795e-05
6,32.0,630.0,2.42125428056e-05
6,32.0,640.0,2.68227967413e-05
6,32.0,650.0,2.89274050199e-05
6,32.0,660.0,2.96998263035e-05
6,32.0,670.0,3.27072918438e-05
6,32.0,680.0,3.3932585343e-05
6,32.0,690.0,3.45218418501e-05
6,32.0,700.0,3.49220627359e-05
6,32.0,710.0,3.45760377325e-05
6,32.0,720.0,3.34549059088e-05
6,32.0,730.0,3.32019395474e-05
6,32.0,740.0,3.16780323097e-05
6,32.0,750.0,3.03579639323e-05
6,32.0,760.0,3.00129298646e-05
6,32.0,770.0,2.84129073464e-05
6,32.0,780.0,2.66477433879e-05
6,33.0,380.0,3.60420913995e-05
6,33.0,390.0,3.59107224677e-05
6,33.0,400.0,5.25813940207e-05
6,33.0,410.0,6.28747096653e-05
6,33.0,420.0,6.4575076081e-05
6,33.0,430.0,5.94831776555e-05
6,33.0,440.0,6.86918625173e-05
6,33.0,450.0,7.45370252359e-05
6,33.0,460.0,7.35950809779e-05
6,33.0,470.0,7.23301781154e-05
6,33.0,480.0,6.79630179902e-05
6,33.0,490.0,6.23951502231e-05
6,33.0,500.0,5.74033873286e-05
6,33.0,510.0,5.25525272104e-05
6,33.0,520.0,4.61427096e-05
6,33.0,530.0,3.85363915539e-05
6,33.0,540.0,3.58149931891e-05
6,33.0,550.0,3.19709634078e-05
6,33.0,560.0,2.69355799887e-05
6,33.0,570.0,2.25258039647e-05
6,33.0,580.0,2.22431623486e-05
6,33.0,590.0,2.20392653513e-05
6,33.0,600.0,1.81413687373e-05
6,33.0,610.0,1.89482525286e-05
6,33.0,620.0,2.11918368604e-05
6,33.0,630.0,2.29784246593e-05
6,33.0,640.0,2.54478270167e-05
6,33.0,650.0,2.74359696939e-05
6,33.0,660.0,2.81596558142e-05
6,33.0,670.0,3.10018688039e-05
6,33.0,680.0,3.21537076122e-05
6,33.0,690.0,3.27025180742e-05
6,33.0,700.0,3.3072466857e-05
6,33.0,710.0,3.27358164715e-05
6,33.0,720.0,3.1666050688e-05
6,33.0,730.0,3.14188510515e-05
6,33.0,740.0,2.99695873497e-05
6,33.0,750.0,2.87140931559e-05
6,33.0,760.0,2.83816823931e-05
6,33.0,770.0,2.68630412205e-05
6,33.0,780.0,2.51891129431e-05
6,34.0,380.0,3.51521356745e-05
6,34.0,390.0,3.49470260973e-05
6,34.0,400.0,5.10684451165e-05
6,34.0,410.0,6.09546635485e-05
6,34.0,420.0,6.24991504762e-05
6,34.0,430.0,5.74824535315e-05
6,34.0,440.0,6.62856445186e-05
6,34.0,450.0,7.18298647802e-05
6,34.0,460.0,7.0830054686e-05
6,34.0,470.0,6.95312334545e-05
6,34.0,480.0,6.52544600155e-05
6,34.0,490.0,5.98460140021e-05
6,34.0,500.0,5.49983401613e-05
6,34.0,510.0,5.02996864245e-05
6,34.0,520.0,4.41231436639e-05
6,34.0,530.0,3.68113356226e-05
6,34.0,540.0,3.41834371116e-05
6,34.0,550.0,3.04892668492e-05
6,34.0,560.0,2.56662699765e-05
6,34.0,570.0,2.14470993538e-05
6,34.0,580.0,2.11656587593e-05
6,34.0,590.0,2.0960736414e-05
6,34.0,600.0,1.72417752195e-05
6,34.0,610.0,1.80013697996e-05
6,34.0,620.0,2.01261538005e-05
6,34.0,630.0,2.18150435642e-05
6,34.0,640.0,2.41513924464e-05
6,34.0,650.0,2.6029556489e-05
6,34.0,660.0,2.67072501923e-05
6,34.0,670.0,2.93936193455e-05
6,34.0,680.0,3.04763036807e-05
6,34.0,690.0,3.09872016367e-05
6,34.0,700.0,3.13288698018e-05
6,34.0,710.0,3.10014359906e-05
6,34.0,720.0,2.99805012917e-05
6,34.0,730.0,2.9739148873e-05
6,34.0,740.0,2.8360674723e-05
6,34.0,750.0,2.71664906086e-05
6,34.0,760.0,2.6846386506e-05
6,34.0,770.0,2.54048075322e-05
6,34.0,780.0,2.38172070343e-05
6,35.0,380.0,3.4285899452e-05
6,35.0,390.0,3.40142943666e-05
6,35.0,400.0,4.96106944116e-05
6,35.0,410.0,5.91113916619e-05
6,35.0,420.0,6.05120726812e-05
6,35.0,430.0,5.55719235295e-05
6,35.0,440.0,6.39924161603e-05
6,35.0,450.0,6.92538326563e-05
6,35.0,460.0,6.82025318449e-05
6,35.0,470.0,6.68739893047e-05
6,35.0,480.0,6.26856251091e-05
6,35.0,490.0,5.74296803067e-05
6,35.0,500.0,5.27201611802e-05
6,35.0,510.0,4.81667745495e-05
6,35.0,520.0,4.2211740622e-05
6,35.0,530.0,3.51798309175e-05
6,35.0,540.0,3.26405799356e-05
6,35.0,550.0,2.90884261174e-05
6,35.0,560.0,2.44665477091e-05
6,35.0,570.0,2.04278466096e-05
6,35.0,580.0,2.01473099289e-05
6,35.0,590.0,1.99411766852e-05
6,35.0,600.0,1.63917185485e-05
6,35.0,610.0,1.71062913623e-05
6,35.0,620.0,1.91182317928e-05
6,35.0,630.0,2.07143276983e-05
6,35.0,640.0,2.29243431689e-05
6,35.0,650.0,2.46980685015e-05
6,35.0,660.0,2.53320044484e-05
6,35.0,670.0,2.78706107852e-05
6,35.0,680.0,2.88877284306e-05
6,35.0,690.0,2.93627559397e-05
6,35.0,700.0,2.96777185221e-05
6,35.0,710.0,2.93592087599e-05
6,35.0,720.0,2.83847576641e-05
6,35.0,730.0,2.81491972678e-05
6,35.0,740.0,2.68380526235e-05
6,35.0,750.0,2.57022452729e-05
6,35.0,760.0,2.53940945039e-05
6,35.0,770.0,2.4025767756e-05
6,35.0,780.0,2.2520185047e-05
6,36.0,380.0,3.34439889446e-05
6,36.0,390.0,3.31123030835e-05
6,36.0,400.0,4.82066420025e-05
6,36.0,410.0,5.73417632003e-05
6,36.0,420.0,5.86093388076e-05
6,36.0,430.0,5.37463250288e-05
6,36.0,440.0,6.18048740969e-05
6,36.0,450.0,6.67997872158e-05
6,36.0,460.0,6.5702263543e-05
6,36.0,470.0,6.43473753783e-05
6,36.0,480.0,6.02449908185e-05
6,36.0,490.0,5.51348304613e-05
6,36.0,500.0,5.05575621058e-05
6,36.0,510.0,4.61427408932e-05
6,36.0,520.0,4.0398249228e-05
6,36.0,530.0,3.36326390714e-05
6,36.0,540.0,3.11774788224e-05
6,36.0,550.0,2.77601113356e-05
6,36.0,560.0,2.33290951111e-05
6,36.0,570.0,1.9461681304e-05
6,36.0,580.0,1.9181721645e-05
6,36.0,590.0,1.89741723482e-05
6,36.0,600.0,1.55857403518e-05
6,36.0,610.0,1.6257284967e-05
6,36.0,620.0,1.81616984128e-05
6,36.0,630.0,1.96693845786e-05
6,36.0,640.0,2.17591050834e-05
6,36.0,650.0,2.34333872591e-05
6,36.0,660.0,2.40256058083e-05
6,36.0,670.0,2.6423729414e-05
6,36.0,680.0,2.73785345382e-05
6,36.0,690.0,2.78195412943e-05
6,36.0,700.0,2.81092395041e-05
6,36.0,710.0,2.77993804609e-05
6,36.0,720.0,2.68692900421e-05
6,36.0,730.0,2.66394678512e-05
6,36.0,740.0,2.53925203739e-05
6,36.0,750.0,2.43124144388e-05
6,36.0,760.0,2.40159063714e-05
6,36.0,770.0,2.27173975527e-05
6,36.0,780.0,2.12899280235e-05
6,37.0,380.0,3.26267409594e-05
6,37.0,390.0,3.22407161014e-05
6,37.0,400.0,4.68548656599e-05
6,37.0,410.0,5.56430395926e-05
6,37.0,420.0,5.67871745917e-05
6,37.0,430.0,5.20013680266e-05
6,37.0,440.0,5.97171705116e-05
6,37.0,450.0,6.44605470299e-05
6,37.0,460.0,6.33212610429e-05
6,37.0,470.0,6.1942922283e-05
6,37.0,480.0,5.79237219502e-05
6,37.0,490.0,5.29529311871e-05
6,37.0,500.0,4.85020228291e-05
6,37.0,510.0,4.42192529222e-05
6,37.0,520.0,3.86749696428e-05
6,37.0,530.0,3.21627195972e-05
6,37.0,540.0,2.97873725817e-05
6,37.0,550.0,2.64980358152e-05
6,37.0,560.0,2.2248378617e-05
6,37.0,570.0,1.85437702078e-05
6,37.0,580.0,1.82641114759e-05
6,37.0,590.0,1.80550032257e-05
6,37.0,600.0,1.48197922085e-05
6,37.0,610.0,1.54501858663e-05
6,37.0,620.0,1.72520444314e-05
6,37.0,630.0,1.86754358438e-05
6,37.0,640.0,2.06505400295e-05
6,37.0,650.0,2.22301050743e-05
6,37.0,660.0,2.27825948956e-05
6,37.0,670.0,2.50470709961e-05
6,37.0,680.0,2.59426641846e-05
6,37.0,690.0,2.63514210577e-05
6,37.0,700.0,2.66172502241e-05
6,37.0,710.0,2.6315798756e-05
6,37.0,720.0,2.54280961527e-05
6,37.0,730.0,2.52039673262e-05
6,37.0,740.0,2.40182850244e-05
6,37.0,750.0,2.29913544633e-05
6,37.0,760.0,2.2706201869e-05
6,37.0,770.0,2.14742991452e-05
6,37.0,780.0,2.01212730451e-05
6,38.0,380.0,3.18232015862e-05
6,38.0,390.0,3.13885857099e-05
6,38.0,400.0,4.55396229825e-05
6,38.0,410.0,5.39971488903e-05
6,38.0,420.0,5.5028174264e-05
6,38.0,430.0,5.03224291794e-05
6,38.0,440.0,5.7714422454e-05
6,38.0,450.0,6.22224350068e-05
6,38.0,460.0,6.10487995725e-05
6,38.0,470.0,5.96529279573e-05
6,38.0,480.0,5.57174994899e-05
6,38.0,490.0,5.08826810605e-05
6,38.0,500.0,4.65548798305e-05
6,38.0,510.0,4.23998176572e-05
6,38.0,520.0,3.70469504389e-05
6,38.0,530.0,3.07757888546e-05
6,38.0,540.0,2.84769905319e-05
6,38.0,550.0,2.53093745135e-05
6,38.0,560.0,2.12313246685e-05
6,38.0,570.0,1.7680542534e-05
6,38.0,580.0,1.74015848918e-05
6,38.0,590.0,1.71913728101e-05
6,38.0,600.0,1.41004687135e-05
6,38.0,610.0,1.46924354706e-05
6,38.0,620.0,1.63982534097e-05
6,38.0,630.0,1.774281217e-05
6,38.0,640.0,1.96107102211e-05
6,38.0,650.0,2.11018000279e-05
6,38.0,660.0,2.16174010294e-05
6,38.0,670.0,2.37570109751e-05
6,38.0,680.0,2.45975202809e-05
6,38.0,690.0,2.49764404481e-05
6,38.0,700.0,2.52202991715e-05
6,38.0,710.0,2.49270389205e-05
6,38.0,720.0,2.40793003561e-05
6,38.0,730.0,2.3860803246e-05
6,38.0,740.0,2.27326801291e-05
6,38.0,750.0,2.17556891273e-05
6,38.0,760.0,2.1481430745e-05
6,38.0,770.0,2.03120123708e-05
6,38.0,780.0,1.90287261656e-05
6,39.0,380.0,3.09939917127e-05
6,39.0,390.0,3.05143937203e-05
6,39.0,400.0,4.41965070544e-05
6,39.0,410.0,5.23224936513e-05
6,39.0,420.0,5.32437143856e-05
6,39.0,430.0,4.86233585786e-05
6,39.0,440.0,5.56918771434e-05
6,39.0,450.0,5.99662854632e-05
6,39.0,460.0,5.87617322186e-05
6,39.0,470.0,5.73515425221e-05
6,39.0,480.0,5.35033220677e-05
6,39.0,490.0,4.88075068567e-05
6,39.0,500.0,4.46054024805e-05
6,39.0,510.0,4.05802023741e-05
6,39.0,520.0,3.54204364721e-05
6,39.0,530.0,2.93915921547e-05
6,39.0,540.0,2.71703511486e-05
6,39.0,550.0,2.41251383383e-05
6,39.0,560.0,2.02189218034e-05
6,39.0,570.0,1.68219981304e-05
6,39.0,580.0,1.65443976441e-05
6,39.0,590.0,1.63339543989e-05
6,39.0,600.0,1.33871596115e-05
6,39.0,610.0,1.3941704015e-05
6,39.0,620.0,1.55531775113e-05
6,39.0,630.0,1.68206381136e-05
6,39.0,640.0,1.85836212299e-05
6,39.0,650.0,1.99885092085e-05
6,39.0,660.0,2.04689185107e-05
6,39.0,670.0,2.24868036483e-05
6,39.0,680.0,2.32744289238e-05
6,39.0,690.0,2.36253109346e-05
6,39.0,700.0,2.3848903668e-05
6,39.0,710.0,2.35648783413e-05
6,39.0,720.0,2.27574407555e-05
6,39.0,730.0,2.25455770493e-05
6,39.0,740.0,2.14747712538e-05
6,39.0,750.0,2.05474917662e-05
6,39.0,760.0,2.02848455504e-05
6,39.0,770.0,1.9177264712e-05
6,39.0,780.0,1.79627097103e-05
6,40.0,380.0,3.01811484899e-05
6,40.0,390.0,2.96653394193e-05
6,40.0,400.0,4.29032984102e-05
6,40.0,410.0,5.07235683899e-05
6,40.0,420.0,5.15540744115e-05
6,40.0,430.0,4.70279254754e-05
6,40.0,440.0,5.3808527977e-05
6,40.0,450.0,5.78831668205e-05
6,40.0,460.0,5.66677330232e-05
6,40.0,470.0,5.52625419161e-05
6,40.0,480.0,5.15098170873e-05
6,40.0,490.0,4.69551592962e-05
6,40.0,500.0,4.287893678e-05
6,40.0,510.0,3.8981251669e-05
6,40.0,520.0,3.40021690824e-05
6,40.0,530.0,2.81919615882e-05
6,40.0,540.0,2.60461000849e-05
6,40.0,550.0,2.31127791811e-05
6,40.0,560.0,1.93583868961e-05
6,40.0,570.0,1.60958233032e-05
6,40.0,580.0,1.58241909598e-05
6,40.0,590.0,1.56179299468e-05
6,40.0,600.0,1.27931033421e-05
6,40.0,610.0,1.33202404011e-05
6,40.0,620.0,1.48580205451e-05
6,40.0,630.0,1.60659510546e-05
6,40.0,640.0,1.77471149181e-05
6,40.0,650.0,1.9085513852e-05
6,40.0,660.0,1.95405951981e-05
6,40.0,670.0,2.14632865608e-05
6,40.0,680.0,2.22111009789e-05
6,40.0,690.0,2.25418574825e-05
6,40.0,700.0,2.2751350373e-05
6,40.0,710.0,2.24764526461e-05
6,40.0,720.0,2.17026431261e-05
6,40.0,730.0,2.14973192562e-05
6,40.0,740.0,2.04731405354e-05
6,40.0,750.0,1.95861737195e-05
6,40.0,760.0,1.93334277026e-05
6,40.0,770.0,1.82754681802e-05
6,40.0,780.0,1.71158346677e-05
6,41.0,380.0,2.93939900545e-05
6,41.0,390.0,2.88459416105e-05
6,41.0,400.0,4.16588816342e-05
6,41.0,410.0,4.91887949375e-05
6,41.0,420.0,4.99357216231e-05
6,41.0,430.0,4.55026989553e-05
6,41.0,440.0,5.20110900091e-05
6,41.0,450.0,5.58980664333e-05
6,41.0,460.0,5.46750157778e-05
6,41.0,470.0,5.32770294506e-05
6,41.0,480.0,4.96173057569e-05
6,41.0,490.0,4.51984786671e-05
6,41.0,500.0,4.12433124275e-05
6,41.0,510.0,3.74678721889e-05
6,41.0,520.0,3.26609791118e-05
6,41.0,530.0,2.70586240571e-05
6,41.0,540.0,2.49847908687e-05
6,41.0,550.0,2.21578339553e-05
6,41.0,560.0,1.85472812298e-05
6,41.0,570.0,1.54118875396e-05
6,41.0,580.0,1.51462203485e-05
6,41.0,590.0,1.49441906403e-05
6,41.0,600.0,1.22345056845e-05
6,41.0,610.0,1.27360452911e-05
6,41.0,620.0,1.42046785241e-05
6,41.0,630.0,1.5356825968e-05
6,41.0,640.0,1.69612598643e-05
6,41.0,650.0,1.82373594567e-05
6,41.0,660.0,1.86688222671e-05
6,41.0,670.0,2.05022801268e-05
6,41.0,680.0,2.12128802797e-05
6,41.0,690.0,2.15249074099e-05
6,41.0,700.0,2.17213097949e-05
6,41.0,710.0,2.14551243509e-05
6,41.0,720.0,2.07130010401e-05
6,41.0,730.0,2.05139222254e-05
6,41.0,740.0,1.95335923942e-05
6,41.0,750.0,1.86845388222e-05
6,41.0,760.0,1.84411486518e-05
6,41.0,770.0,1.74298002596e-05
6,41.0,780.0,1.63217443396e-05
6,42.0,380.0,2.86427402943e-05
6,42.0,390.0,2.80665242539e-05
6,42.0,400.0,4.04785332365e-05
6,42.0,410.0,4.77365808267e-05
6,42.0,420.0,4.84076627248e-05
6,42.0,430.0,4.40652381414e-05
6,42.0,440.0,5.03198523127e-05
6,42.0,450.0,5.40329893214e-05
6,42.0,460.0,5.28052342244e-05
6,42.0,470.0,5.14162482538e-05
6,42.0,480.0,4.78456097398e-05
6,42.0,490.0,4.35556199451e-05
6,42.0,500.0,3.97151126337e-05
6,42.0,510.0,3.6055150735e-05
6,42.0,520.0,3.14100530984e-05
6,42.0,530.0,2.60024415668e-05
6,42.0,540.0,2.39964979908e-05
6,42.0,550.0,2.12692555271e-05
6,42.0,560.0,1.77930988111e-05
6,42.0,570.0,1.47764020447e-05
6,42.0,580.0,1.45166730057e-05
6,42.0,590.0,1.43189152575e-05
6,42.0,600.0,1.17163952446e-05
6,42.0,610.0,1.21944389926e-05
6,42.0,620.0,1.35991766228e-05
6,42.0,630.0,1.46998331749e-05
6,42.0,640.0,1.6233351962e-05
6,42.0,650.0,1.74519092533e-05
6,42.0,660.0,1.78616531291e-05
6,42.0,670.0,1.96126164051e-05
6,42.0,680.0,2.02888857554e-05
6,42.0,690.0,2.05836925177e-05
6,42.0,700.0,2.07680655342e-05
6,42.0,710.0,2.05100398277e-05
6,42.0,720.0,1.97973212005e-05
6,42.0,730.0,1.96040720858e-05
6,42.0,740.0,1.8664373751e-05
6,42.0,750.0,1.78504568126e-05
6,42.0,760.0,1.7615727018e-05
6,42.0,770.0,1.66475246187e-05
6,42.0,780.0,1.55872232732e-05
6,43.0,380.0,2.79245650864e-05
6,43.0,390.0,2.7323598456e-05
6,43.0,400.0,3.93562430391e-05
6,43.0,410.0,4.63587494617e-05
6,43.0,420.0,4.69605746934e-05
6,43.0,430.0,4.27061756646e-05
6,43.0,440.0,4.87231603585e-05
6,43.0,450.0,5.22744581075e-05
6,43.0,460.0,5.10442686273e-05
6,43.0,470.0,4.96656202877e-05
6,43.0,480.0,4.61802809214e-05
6,43.0,490.0,4.20127615334e-05
6,43.0,500.0,3.82809939958e-05
6,43.0,510.0,3.47303154049e-05
6,43.0,520.0,3.02377110022e-05
6,43.0,530.0,2.50131223551e-05
6,43.0,540.0,2.30713037227e-05
6,43.0,550.0,2.04378399938e-05
6,43.0,560.0,1.70877701637e-05
6,43.0,570.0,1.41823480972e-05
6,43.0,580.0,1.39284372311e-05
6,43.0,590.0,1.37349028747e-05
6,43.0,600.0,1.12326296419e-05
6,43.0,610.0,1.16889080156e-05
6,43.0,620.0,1.30341897005e-05
6,43.0,630.0,1.40869792075e-05
6,43.0,640.0,1.55545332267e-05
6,43.0,650.0,1.67196088193e-05
6,43.0,660.0,1.71092630616e-05
6,43.0,670.0,1.87834911052e-05
6,43.0,680.0,1.94279060381e-05
6,43.0,690.0,1.97067825062e-05
6,43.0,700.0,1.98800489393e-05
6,43.0,710.0,1.96296937062e-05
6,43.0,720.0,1.89444126277e-05
6,43.0,730.0,1.87566313346e-05
6,43.0,740.0,1.78547894382e-05
6,43.0,750.0,1.70735930212e-05
6,43.0,760.0,1.68469313482e-05
6,43.0,770.0,1.59188959946e-05
6,43.0,780.0,1.49030398889e-05
6,44.0,380.0,2.72382996655e-05
6,44.0,390.0,2.6615615097e-05
6,44.0,400.0,3.8289232027e-05
6,44.0,410.0,4.50514326433e-05
6,44.0,420.0,4.55899826593e-05
6,44.0,430.0,4.14209763274e-05
6,44.0,440.0,4.72153536025e-05
6,44.0,450.0,5.06159100847e-05
6,44.0,460.0,4.93852895101e-05
6,44.0,470.0,4.80180879486e-05
6,44.0,480.0,4.46144554204e-05
6,44.0,490.0,4.0563350628e-05
6,44.0,500.0,3.69347730667e-05
6,44.0,510.0,3.34875660006e-05
6,44.0,520.0,2.91387376209e-05
6,44.0,530.0,2.40862614348e-05
6,44.0,540.0,2.22050342251e-05
6,44.0,550.0,1.9659802715e-05
6,44.0,560.0,1.64280617911e-05
6,44.0,570.0,1.36269828818e-05
6,44.0,580.0,1.337877919e-05
6,44.0,590.0,1.31894296755e-05
6,44.0,600.0,1.07809529789e-05
6,44.0,610.0,1.12170998876e-05
6,44.0,620.0,1.25070903508e-05
6,44.0,630.0,1.35154171757e-05
6,44.0,640.0,1.49216475731e-05
6,44.0,650.0,1.60370534811e-05
6,44.0,660.0,1.64081628936e-05
6,44.0,670.0,1.80110659834e-05
6,44.0,680.0,1.86259739381e-05
6,44.0,690.0,1.88901690841e-05
6,44.0,700.0,1.90532331984e-05
6,44.0,710.0,1.88101472236e-05
6,44.0,720.0,1.81505189493e-05
6,44.0,730.0,1.79679208139e-05
6,44.0,740.0,1.71013928949e-05
6,44.0,750.0,1.63507151034e-05
6,44.0,760.0,1.61316118494e-05
6,44.0,770.0,1.52409937062e-05
6,44.0,780.0,1.42665262967e-05
6,45.0,380.0,2.65828292721e-05
6,45.0,390.0,2.59411104688e-05
6,45.0,400.0,3.72748933453e-05
6,45.0,410.0,4.38110197745e-05
6,45.0,420.0,4.42917179748e-05
6,45.0,430.0,4.02054254121e-05
6,45.0,440.0,4.57911989563e-05
6,45.0,450.0,4.90512939061e-05
6,45.0,460.0,4.78220628793e-05
6,45.0,470.0,4.64672121951e-05
6,45.0,480.0,4.31419718058e-05
6,45.0,490.0,3.92014974067e-05
6,45.0,500.0,3.56709641787e-05
6,45.0,510.0,3.23218026068e-05
6,45.0,520.0,2.81085666662e-05
6,45.0,530.0,2.32180750162e-05
6,45.0,540.0,2.13940795231e-05
6,45.0,550.0,1.89318564406e-05
6,45.0,560.0,1.58111531772e-05
6,45.0,570.0,1.31079007364e-05
6,45.0,580.0,1.28652321536e-05
6,45.0,590.0,1.26799559622e-05
6,45.0,600.0,1.03592317117e-05
6,45.0,610.0,1.07766943628e-05
6,45.0,620.0,1.20151641117e-05
6,45.0,630.0,1.29820823066e-05
6,45.0,640.0,1.43311576235e-05
6,45.0,650.0,1.54002822653e-05
6,45.0,660.0,1.57541481916e-05
6,45.0,670.0,1.7290558185e-05
6,45.0,680.0,1.78779825901e-05
6,45.0,690.0,1.81285230494e-05
6,45.0,700.0,1.82820945811e-05
6,45.0,710.0,1.80458179958e-05
6,45.0,720.0,1.74101366408e-05
6,45.0,730.0,1.72323761065e-05
6,45.0,740.0,1.6398790371e-05
6,45.0,750.0,1.56765802363e-05
6,45.0,760.0,1.54645016823e-05
6,45.0,770.0,1.46087645296e-05
6,45.0,780.0,1.36728888577e-05
6,46.0,380.0,2.59567160481e-05
6,46.0,390.0,2.5298370594e-05
6,46.0,400.0,3.63103437835e-05
6,46.0,410.0,4.26336569008e-05
6,46.0,420.0,4.30614366369e-05
6,46.0,430.0,3.90551950901e-05
6,46.0,440.0,4.44453549504e-05
6,46.0,450.0,4.7574458281e-05
6,46.0,460.0,4.63482047431e-05
6,46.0,470.0,4.50064077121e-05
6,46.0,480.0,4.17564095417e-05
6,46.0,490.0,3.79210654773e-05
6,46.0,500.0,3.44837482753e-05
6,46.0,510.0,3.12275469125e-05
6,46.0,520.0,2.71422602469e-05
6,46.0,530.0,2.24043711e-05
6,46.0,540.0,2.06344515365e-05
6,46.0,550.0,1.82503749586e-05
6,46.0,560.0,1.52339441537e-05
6,46.0,570.0,1.2622479216e-05
6,46.0,580.0,1.23851604999e-05
6,46.0,590.0,1.22038294596e-05
6,46.0,600.0,9.96527448276e-06
6,46.0,610.0,1.03653730247e-05
6,46.0,620.0,1.15557866574e-05
6,46.0,630.0,1.24841078798e-05
6,46.0,640.0,1.37798709694e-05
6,46.0,650.0,1.48058449112e-05
6,46.0,660.0,1.51436802172e-05
6,46.0,670.0,1.66180808495e-05
6,46.0,680.0,1.71799200426e-05
6,46.0,690.0,1.74177929107e-05
6,46.0,700.0,1.75625702618e-05
6,46.0,710.0,1.73327283034e-05
6,46.0,720.0,1.67194661513e-05
6,46.0,730.0,1.65462772459e-05
6,46.0,740.0,1.574348817e-05
6,46.0,750.0,1.50478983082e-05
6,46.0,760.0,1.48424013745e-05
6,46.0,770.0,1.40192360659e-05
6,46.0,780.0,1.31193978074e-05
6,47.0,380.0,2.53585393245e-05
6,47.0,390.0,2.46857309305e-05
6,47.0,400.0,3.53928006717e-05
6,47.0,410.0,4.15156179329e-05
6,47.0,420.0,4.18949179307e-05
6,47.0,430.0,3.79660400319e-05
6,47.0,440.0,4.31725037468e-05
6,47.0,450.0,4.61792059764e-05
6,47.0,460.0,4.4957153134e-05
6,47.0,470.0,4.36288579999e-05
6,47.0,480.0,4.04509628172e-05
6,47.0,490.0,3.67155357278e-05
6,47.0,500.0,3.3366840634e-05
6,47.0,510.0,3.01988185096e-05
6,47.0,520.0,2.62343988852e-05
6,47.0,530.0,2.16404648372e-05
6,47.0,540.0,1.99217050622e-05
6,47.0,550.0,1.76113133327e-05
6,47.0,560.0,1.46929702255e-05
6,47.0,570.0,1.21677824668e-05
6,47.0,580.0,1.19356326061e-05
6,47.0,590.0,1.17581135045e-05
6,47.0,600.0,9.59664078196e-06
6,47.0,610.0,9.98055755479e-06
6,47.0,620.0,1.11260405169e-05
6,47.0,630.0,1.20182953546e-05
6,47.0,640.0,1.3264207068e-05
6,47.0,650.0,1.42498398851e-05
6,47.0,660.0,1.45727104373e-05
6,47.0,670.0,1.59891289388e-05
6,47.0,680.0,1.65270628928e-05
6,47.0,690.0,1.67531214471e-05
6,47.0,700.0,1.68896948986e-05
6,47.0,710.0,1.66659087916e-05
6,47.0,720.0,1.6073647561e-05
6,47.0,730.0,1.59047511099e-05
6,47.0,740.0,1.51307878208e-05
6,47.0,750.0,1.44601191213e-05
6,47.0,760.0,1.42607683049e-05
6,47.0,770.0,1.34680642047e-05
6,47.0,780.0,1.26019363249e-05
6,48.0,380.0,2.47870124577e-05
6,48.0,390.0,2.41016723148e-05
6,48.0,400.0,3.45197120416e-05
6,48.0,410.0,4.04534809766e-05
6,48.0,420.0,4.07882966206e-05
6,48.0,430.0,3.69340947383e-05
6,48.0,440.0,4.19678375007e-05
6,48.0,450.0,4.48599862361e-05
6,48.0,460.0,4.36430652603e-05
6,48.0,470.0,4.23285526567e-05
6,48.0,480.0,3.92196198904e-05
6,48.0,490.0,3.55791881781e-05
6,48.0,500.0,3.23146868572e-05
6,48.0,510.0,2.9230291482e-05
6,48.0,520.0,2.53801240103e-05
6,48.0,530.0,2.09220370069e-05
6,48.0,540.0,1.92517123216e-05
6,48.0,550.0,1.70108659308e-05
6,48.0,560.0,1.41849168948e-05
6,48.0,570.0,1.17409498734e-05
6,48.0,580.0,1.15138047448e-05
6,48.0,590.0,1.13399885572e-05
6,48.0,600.0,9.25095328206e-06
6,48.0,610.0,9.61978503328e-06
6,48.0,620.0,1.0723226738e-05
6,48.0,630.0,1.15817692808e-05
6,48.0,640.0,1.2781058339e-05
6,48.0,650.0,1.37289955512e-05
6,48.0,660.0,1.40379515059e-05
6,48.0,670.0,1.54001722451e-05
6,48.0,680.0,1.59158311353e-05
6,48.0,690.0,1.61309392378e-05
6,48.0,700.0,1.6259937939e-05
6,48.0,710.0,1.60419246214e-05
6,48.0,720.0,1.54694134434e-05
6,48.0,730.0,1.53046220825e-05
6,48.0,740.0,1.45577105643e-05
6,48.0,750.0,1.39104327596e-05
6,48.0,760.0,1.37168958452e-05
6,48.0,770.0,1.29527413199e-05
6,48.0,780.0,1.21181959166e-05
6,49.0,380.0,2.42409599113e-05
6,49.0,390.0,2.35448108623e-05
6,49.0,400.0,3.36887675623e-05
6,49.0,410.0,3.94441749066e-05
6,49.0,420.0,3.97381362596e-05
6,49.0,430.0,3.59559588205e-05
6,49.0,440.0,4.08271778088e-05
6,49.0,450.0,4.3612026716e-05
6,49.0,460.0,4.24009871208e-05
6,49.0,470.0,4.11004409559e-05
6,49.0,480.0,3.80574108013e-05
6,49.0,490.0,3.45073292389e-05
6,49.0,500.0,3.13227935324e-05
6,49.0,510.0,2.83177067859e-05
6,49.0,520.0,2.45755832564e-05
6,49.0,530.0,2.02457119134e-05
6,49.0,540.0,1.86212569569e-05
6,49.0,550.0,1.64460757778e-05
6,49.0,560.0,1.3707211793e-05
6,49.0,570.0,1.13397578112e-05
6,49.0,580.0,1.11174501583e-05
6,49.0,590.0,1.09472249797e-05
6,49.0,600.0,8.92631863066e-06
6,49.0,610.0,9.28106545246e-06
6,49.0,620.0,1.03451208791e-05
6,49.0,630.0,1.1172107934e-05
6,49.0,640.0,1.23277391109e-05
6,49.0,650.0,1.32404064372e-05
6,49.0,660.0,1.35364030658e-05
6,49.0,670.0,1.4847891511e-05
6,49.0,680.0,1.534275823e-05
6,49.0,690.0,1.55476891275e-05
6,49.0,700.0,1.56696730619e-05
6,49.0,710.0,1.54571465812e-05
6,49.0,720.0,1.49032121957e-05
6,49.0,730.0,1.4742331212e-05
6,49.0,740.0,1.40208192883e-05
6,49.0,750.0,1.33955011331e-05
6,49.0,760.0,1.32074546646e-05
6,49.0,770.0,1.24700774798e-05
6,49.0,780.0,1.16651406379e-05
6,50.0,380.0,2.37190935906e-05
6,50.0,390.0,2.30136734618e-05
6,50.0,400.0,3.2897562755e-05
6,50.0,410.0,3.84845631869e-05
6,50.0,420.0,3.87409815027e-05
6,50.0,430.0,3.50282601658e-05
6,50.0,440.0,3.97464340828e-05
6,50.0,450.0,4.24307032879e-05
6,50.0,460.0,4.12261780033e-05
6,50.0,470.0,3.99397186478e-05
6,50.0,480.0,3.69596726648e-05
6,50.0,490.0,3.34955726114e-05
6,50.0,500.0,3.03870108776e-05
6,50.0,510.0,2.74571696114e-05
6,50.0,520.0,2.38172821332e-05
6,50.0,530.0,1.96084858013e-05
6,50.0,540.0,1.80275008536e-05
6,50.0,550.0,1.59143648346e-05
6,50.0,560.0,1.32576436416e-05
6,50.0,570.0,1.09623233304e-05
6,50.0,580.0,1.07447018876e-05
6,50.0,590.0,1.05779731479e-05
6,50.0,600.0,8.62119483329e-06
6,50.0,610.0,8.96279709484e-06
6,50.0,620.0,9.98995019284e-06
6,50.0,630.0,1.07874023878e-05
6,50.0,640.0,1.19021514605e-05
6,50.0,650.0,1.27818242793e-05
6,50.0,660.0,1.30657687441e-05
6,50.0,670.0,1.43297705253e-05
6,50.0,680.0,1.48052446099e-05
6,50.0,690.0,1.50007359745e-05
6,50.0,700.0,1.51162442039e-05
6,50.0,710.0,1.49089532866e-05
6,50.0,720.0,1.4372515486e-05
6,50.0,730.0,1.42153777355e-05
6,50.0,740.0,1.35177359031e-05
6,50.0,750.0,1.29130530505e-05
6,50.0,760.0,1.27302076831e-05
6,50.0,770.0,1.20179628485e-05
6,50.0,780.0,1.12407995806e-05
6,51.0,380.0,2.32201386182e-05
6,51.0,390.0,2.25068218961e-05
6,51.0,400.0,3.21437788492e-05
6,51.0,410.0,3.75716548004e-05
6,51.0,420.0,3.77935684999e-05
6,51.0,430.0,3.41478414646e-05
6,51.0,440.0,3.87218130306e-05
6,51.0,450.0,4.13117614238e-05
6,51.0,460.0,4.01143236119e-05
6,51.0,470.0,3.88420431312e-05
6,51.0,480.0,3.59222494974e-05
6,51.0,490.0,3.25400307031e-05
6,51.0,500.0,2.95037116302e-05
6,51.0,510.0,2.66453128421e-05
6,51.0,520.0,2.31022219872e-05
6,51.0,530.0,1.9007828071e-05
6,51.0,540.0,1.74680562574e-05
6,51.0,550.0,1.54135687626e-05
6,51.0,560.0,1.28343591785e-05
6,51.0,570.0,1.0607068351e-05
6,51.0,580.0,1.03939719096e-05
6,51.0,590.0,1.0230628974e-05
6,51.0,600.0,8.33423417709e-06
6,51.0,610.0,8.66354462914e-06
6,51.0,620.0,9.65607613502e-06
6,51.0,630.0,1.04258389146e-05
6,51.0,640.0,1.15022451178e-05
6,51.0,650.0,1.2350994306e-05
6,51.0,660.0,1.26236899296e-05
6,51.0,670.0,1.38431655125e-05
6,51.0,680.0,1.43005018181e-05
6,51.0,690.0,1.44871991359e-05
6,51.0,700.0,1.45966959966e-05
6,51.0,710.0,1.43943805999e-05
6,51.0,720.0,1.38744213593e-05
6,51.0,730.0,1.37208513042e-05
6,51.0,740.0,1.30456572539e-05
6,51.0,750.0,1.2460379414e-05
6,51.0,760.0,1.22824581555e-05
6,51.0,770.0,1.15938289736e-05
6,51.0,780.0,1.08427511104e-05
6,52.0,380.0,2.27429908602e-05
6,52.0,390.0,2.20230173952e-05
6,52.0,400.0,3.14254280697e-05
6,52.0,410.0,3.67028926385e-05
6,52.0,420.0,3.68931096413e-05
6,52.0,430.0,3.33120025503e-05
6,52.0,440.0,3.77500565175e-05
6,52.0,450.0,4.02515272651e-05
6,52.0,460.0,3.9061657633e-05
6,52.0,470.0,3.78035993035e-05
6,52.0,480.0,3.4941432517e-05
6,52.0,490.0,3.16372126384e-05
6,52.0,500.0,2.86695908583e-05
6,52.0,510.0,2.58790376898e-05
6,52.0,520.0,2.24276283765e-05
6,52.0,530.0,1.84413581782e-05
6,52.0,540.0,1.69406765536e-05
6,52.0,550.0,1.49416512045e-05
6,52.0,560.0,1.24356170877e-05
6,52.0,570.0,1.02725153552e-05
6,52.0,580.0,1.00637962154e-05
6,52.0,590.0,9.90374220235e-06
6,52.0,600.0,8.06423104457e-06
6,52.0,610.0,8.38205561434e-06
6,52.0,620.0,9.3421109267e-06
6,52.0,630.0,1.00859227635e-05
6,52.0,640.0,1.11263769364e-05
6,52.0,650.0,1.19461554082e-05
6,52.0,660.0,1.22083669349e-05
6,52.0,670.0,1.33861029732e-05
6,52.0,680.0,1.38264881745e-05
6,52.0,690.0,1.40050045365e-05
6,52.0,700.0,1.41089321381e-05
6,52.0,710.0,1.39113516192e-05
6,52.0,720.0,1.34069171237e-05
6,52.0,730.0,1.32567506351e-05
6,52.0,740.0,1.2602667862e-05
6,52.0,750.0,1.20356370575e-05
6,52.0,760.0,1.18623772826e-05
6,52.0,770.0,1.11959361163e-05
6,52.0,780.0,1.04693538301e-05
6,53.0,380.0,2.22866674483e-05
6,53.0,390.0,2.15611653296e-05
6,53.0,400.0,3.07407599805e-05
6,53.0,410.0,3.58760268524e-05
6,53.0,420.0,3.60371503028e-05
6,53.0,430.0,3.25183620347e-05
6,53.0,440.0,3.68282855691e-05
6,53.0,450.0,3.92467489476e-05
6,53.0,460.0,3.80648424107e-05
6,53.0,470.0,3.68210018949e-05
6,53.0,480.0,3.40139286513e-05
6,53.0,490.0,3.0784014896e-05
6,53.0,500.0,2.78817044678e-05
6,53.0,510.0,2.51555751251e-05
6,53.0,520.0,2.17910109836e-05
6,53.0,530.0,1.79069235392e-05
6,53.0,540.0,1.64433135314e-05
6,53.0,550.0,1.4496736127e-05
6,53.0,560.0,1.20597924573e-05
6,53.0,570.0,9.95726528801e-06
6,53.0,580.0,9.75276844768e-06
6,53.0,590.0,9.59589871142e-06
6,53.0,600.0,7.80998830665e-06
6,53.0,610.0,8.11706584141e-06
6,53.0,620.0,9.0466340779e-06
6,53.0,630.0,9.76610267356e-06
6,53.0,640.0,1.07728218471e-05
6,53.0,650.0,1.1565439147e-05
6,53.0,660.0,1.18178720522e-05
6,53.0,670.0,1.2956453401e-05
6,53.0,680.0,1.33809861909e-05
6,53.0,690.0,1.35518863664e-05
6,53.0,700.0,1.36506539075e-05
6,53.0,710.0,1.34575800764e-05
6,53.0,720.0,1.29677810723e-05
6,53.0,730.0,1.28208658767e-05
6,53.0,740.0,1.21866517666e-05
6,53.0,750.0,1.16367904073e-05
6,53.0,760.0,1.14679543201e-05
6,53.0,770.0,1.08223788249e-05
6,53.0,780.0,1.01188164564e-05
6,54.0,380.0,2.18502926579e-05
6,54.0,390.0,2.11202935315e-05
6,54.0,400.0,3.00882197117e-05
6,54.0,410.0,3.50890573356e-05
6,54.0,420.0,3.52235021407e-05
6,54.0,430.0,3.17647934313e-05
6,54.0,440.0,3.59539363252e-05
6,54.0,450.0,3.82945316154e-05
6,54.0,460.0,3.7120948107e-05
6,54.0,470.0,3.58912727938e-05
6,54.0,480.0,3.31369151534e-05
6,54.0,490.0,2.99777707252e-05
6,54.0,500.0,2.7137585342e-05
6,54.0,510.0,2.44726432677e-05
6,54.0,520.0,2.11903358872e-05
6,54.0,530.0,1.74028434074e-05
6,54.0,540.0,1.59743750898e-05
6,54.0,550.0,1.40773820927e-05
6,54.0,560.0,1.17056547369e-05
6,54.0,570.0,9.660273224e-06
6,54.0,580.0,9.45982746461e-06
6,54.0,590.0,9.30601808592e-06
6,54.0,600.0,7.57060049242e-06
6,54.0,610.0,7.86760468177e-06
6,54.0,620.0,8.76853250012e-06
6,54.0,630.0,9.46514546655e-06
6,54.0,640.0,1.04401873243e-05
6,54.0,650.0,1.12073188037e-05
6,54.0,660.0,1.1450615444e-05
6,54.0,670.0,1.25524439354e-05
6,54.0,680.0,1.29621360112e-05
6,54.0,690.0,1.31259329365e-05
6,54.0,700.0,1.32199093782e-05
6,54.0,710.0,1.30311152223e-05
6,54.0,720.0,1.25551082448e-05
6,54.0,730.0,1.24112905631e-05
6,54.0,740.0,1.17957734214e-05
6,54.0,750.0,1.12620635614e-05
6,54.0,760.0,1.10974208171e-05
6,54.0,770.0,1.04714685908e-05
6,54.0,780.0,9.7895397529e-06
6,55.0,380.0,2.14331270615e-05
6,55.0,390.0,2.06995660722e-05
6,55.0,400.0,2.94664525574e-05
6,55.0,410.0,3.43402238841e-05
6,55.0,420.0,3.44502291869e-05
6,55.0,430.0,3.1049408176e-05
6,55.0,440.0,3.51247185813e-05
6,55.0,450.0,3.73922859064e-05
6,55.0,460.0,3.62273209393e-05
6,55.0,470.0,3.50117216836e-05
6,55.0,480.0,3.23077789606e-05
6,55.0,490.0,2.92160179863e-05
6,55.0,500.0,2.64348966787e-05
6,55.0,510.0,2.38280390445e-05
6,55.0,520.0,2.06236160036e-05
6,55.0,530.0,1.69273921449e-05
6,55.0,540.0,1.55322169713e-05
6,55.0,550.0,1.3682080973e-05
6,55.0,560.0,1.13718970957e-05
6,55.0,570.0,9.38041557045e-06
6,55.0,580.0,9.1838501701e-06
6,55.0,590.0,9.0329793798e-06
6,55.0,600.0,7.34512555151e-06
6,55.0,610.0,7.63268712019e-06
6,55.0,620.0,8.50671174563e-06
6,55.0,630.0,9.18186941139e-06
6,55.0,640.0,1.01271742866e-05
6,55.0,650.0,1.08704028395e-05
6,55.0,660.0,1.11051765077e-05
6,55.0,670.0,1.21725206497e-05
6,55.0,680.0,1.25683340134e-05
6,55.0,690.0,1.27255189452e-05
6,55.0,700.0,1.28150613486e-05
6,55.0,710.0,1.26303388745e-05
6,55.0,720.0,1.21673344498e-05
6,55.0,730.0,1.2026475204e-05
6,55.0,740.0,1.14285540094e-05
6,55.0,750.0,1.09100372663e-05
6,55.0,760.0,1.07493757893e-05
6,55.0,770.0,1.01418778377e-05
6,55.0,780.0,9.48027496517e-06
6,56.0,380.0,2.10345193749e-05
6,56.0,390.0,2.02982179978e-05
6,56.0,400.0,2.88741740653e-05
6,56.0,410.0,3.36277981747e-05
6,56.0,420.0,3.37153655099e-05
6,56.0,430.0,3.0370223582e-05
6,56.0,440.0,3.43381490188e-05
6,56.0,450.0,3.65371229035e-05
6,56.0,460.0,3.53809253646e-05
6,56.0,470.0,3.41792123366e-05
6,56.0,480.0,3.1523444506e-05
6,56.0,490.0,2.84958381947e-05
6,56.0,500.0,2.57708909802e-05
6,56.0,510.0,2.32192086613e-05
6,56.0,520.0,2.00885877589e-05
6,56.0,530.0,1.64786977339e-05
6,56.0,540.0,1.51151061203e-05
6,56.0,550.0,1.33093036353e-05
6,56.0,560.0,1.10572546152e-05
6,56.0,570.0,9.11665811459e-06
6,56.0,580.0,8.92382355296e-06
6,56.0,590.0,8.77578147654e-06
6,56.0,600.0,7.13276053527e-06
6,56.0,610.0,7.41147063052e-06
6,56.0,620.0,8.26020688378e-06
6,56.0,630.0,8.91520387598e-06
6,56.0,640.0,9.83255568567e-06
6,56.0,650.0,1.0553322275e-05
6,56.0,660.0,1.07801051784e-05
6,56.0,670.0,1.1815028902e-05
6,56.0,680.0,1.21978090355e-05
6,56.0,690.0,1.2348794072e-05
6,56.0,700.0,1.24341848013e-05
6,56.0,710.0,1.22533070975e-05
6,56.0,720.0,1.18025462581e-05
6,56.0,730.0,1.16644822622e-05
6,56.0,740.0,1.10831213285e-05
6,56.0,750.0,1.05789019948e-05
6,56.0,760.0,1.04219962385e-05
6,56.0,770.0,9.83186354058e-06
6,56.0,780.0,9.1893831673e-06
6,57.0,380.0,2.06539192499e-05
6,57.0,390.0,1.99155740476e-05
6,57.0,400.0,2.83102250979e-05
6,57.0,410.0,3.2950208292e-05
6,57.0,420.0,3.30171236347e-05
6,57.0,430.0,2.97254496317e-05
6,57.0,440.0,3.35920121228e-05
6,57.0,450.0,3.57264950524e-05
6,57.0,460.0,3.45791194299e-05
6,57.0,470.0,3.339103972e-05
6,57.0,480.0,3.07812796271e-05
6,57.0,490.0,2.78147435464e-05
6,57.0,500.0,2.51432221753e-05
6,57.0,510.0,2.2643961892e-05
6,57.0,520.0,1.95832985139e-05
6,57.0,530.0,1.60551114239e-05
6,57.0,540.0,1.47214972296e-05
6,57.0,550.0,1.29576650183e-05
6,57.0,560.0,1.0760560777e-05
6,57.0,570.0,8.86803013395e-06
6,57.0,580.0,8.67879069779e-06
6,57.0,590.0,8.53347902388e-06
6,57.0,600.0,6.93273776192e-06
6,57.0,610.0,7.20315708039e-06
6,57.0,620.0,8.02812839447e-06
6,57.0,630.0,8.66419051919e-06
6,57.0,640.0,9.5552763677e-06
6,57.0,650.0,1.02549472264e-05
6,57.0,660.0,1.04742509419e-05
6,57.0,670.0,1.14787108919e-05
6,57.0,680.0,1.18492664173e-05
6,57.0,690.0,1.1994452295e-05
6,57.0,700.0,1.20759683765e-05
6,57.0,710.0,1.18987328666e-05
6,57.0,720.0,1.14595091628e-05
6,57.0,730.0,1.1324095083e-05
6,57.0,740.0,1.07583240427e-05
6,57.0,750.0,1.02675638172e-05
6,57.0,760.0,1.01142052551e-05
6,57.0,770.0,9.5404123783e-06
6,57.0,780.0,8.91592119287e-06
6,58.0,380.0,2.02906743172e-05
6,58.0,390.0,1.95508729854e-05
6,58.0,400.0,2.77733490863e-05
6,58.0,410.0,3.23058056891e-05
6,58.0,420.0,3.23536828673e-05
6,58.0,430.0,2.91133098057e-05
6,58.0,440.0,3.28841582521e-05
6,58.0,450.0,3.49579796924e-05
6,58.0,460.0,3.38194285968e-05
6,58.0,470.0,3.26447070419e-05
6,58.0,480.0,3.00788676465e-05
6,58.0,490.0,2.71704702432e-05
6,58.0,500.0,2.454975196e-05
6,58.0,510.0,2.2100294722e-05
6,58.0,520.0,1.91059528156e-05
6,58.0,530.0,1.56550870357e-05
6,58.0,540.0,1.43499300709e-05
6,58.0,550.0,1.262583872e-05
6,58.0,560.0,1.04806787849e-05
6,58.0,570.0,8.63356633334e-06
6,58.0,580.0,8.44779260758e-06
6,58.0,590.0,8.30511859138e-06
6,58.0,600.0,6.74426384095e-06
6,58.0,610.0,7.00691788623e-06
6,58.0,620.0,7.80955499029e-06
6,58.0,630.0,8.42783603468e-06
6,58.0,640.0,9.29424635304e-06
6,58.0,650.0,9.97411318586e-06
6,58.0,660.0,1.01864276298e-05
6,58.0,670.0,1.11622725442e-05
6,58.0,680.0,1.15213737814e-05
6,58.0,690.0,1.16611456245e-05
6,58.0,700.0,1.17390566253e-05
6,58.0,710.0,1.15652775601e-05
6,58.0,720.0,1.11369296996e-05
6,58.0,730.0,1.10040331452e-05
6,58.0,740.0,1.04529396739e-05
6,58.0,750.0,9.97484852844e-06
6,58.0,760.0,9.82484421699e-06
6,58.0,770.0,9.26642575199e-06
6,58.0,780.0,8.65885416103e-06
6,59.0,380.0,1.99440320245e-05
6,59.0,390.0,1.92032839069e-05
6,59.0,400.0,2.72622327519e-05
6,59.0,410.0,3.16929278195e-05
6,59.0,420.0,3.17232598215e-05
6,59.0,430.0,2.8532106792e-05
6,59.0,440.0,3.22125802401e-05
6,59.0,450.0,3.42293561002e-05
6,59.0,460.0,3.30996346583e-05
6,59.0,470.0,3.19380035009e-05
6,59.0,480.0,2.94141242111e-05
6,59.0,490.0,2.65610829477e-05
6,59.0,500.0,2.39886963322e-05
6,59.0,510.0,2.15865671776e-05
6,59.0,520.0,1.86551015093e-05
6,59.0,530.0,1.52774179446e-05
6,59.0,540.0,1.39992739577e-05
6,59.0,550.0,1.23128083838e-05
6,59.0,560.0,1.02167462572e-05
6,59.0,570.0,8.4125393342e-06
6,59.0,580.0,8.23010214537e-06
6,59.0,590.0,8.08997021218e-06
6,59.0,600.0,6.56673172207e-06
6,59.0,610.0,6.82210997206e-06
6,59.0,620.0,7.60375466207e-06
6,59.0,630.0,8.20533231109e-06
6,59.0,640.0,9.04855251482e-06
6,59.0,650.0,9.70981566155e-06
6,59.0,660.0,9.91558375367e-06
6,59.0,670.0,1.08645324548e-05
6,59.0,680.0,1.1212881804e-05
6,59.0,690.0,1.13475798461e-05
6,59.0,700.0,1.14221163247e-05
6,59.0,710.0,1.12515992192e-05
6,59.0,720.0,1.08334886878e-05
6,59.0,730.0,1.07029660154e-05
6,59.0,740.0,1.01656801611e-05
6,59.0,750.0,9.69950468114e-06
6,59.0,760.0,9.55265731741e-06
6,59.0,770.0,9.00869894611e-06
6,59.0,780.0,8.41703866116e-06
6,60.0,380.0,1.96132360172e-05
6,60.0,390.0,1.88720018353e-05
6,60.0,400.0,2.67756393071e-05
6,60.0,410.0,3.11100436985e-05
6,60.0,420.0,3.11242381614e-05
6,60.0,430.0,2.79803223198e-05
6,60.0,440.0,3.15755081709e-05
6,60.0,450.0,3.3538683295e-05
6,60.0,460.0,3.24178380607e-05
6,60.0,470.0,3.12690408449e-05
6,60.0,480.0,2.87853288078e-05
6,60.0,490.0,2.59849836931e-05
6,60.0,500.0,2.34586312825e-05
6,60.0,510.0,2.11015046958e-05
6,60.0,520.0,1.82296380532e-05
6,60.0,530.0,1.49212426609e-05
6,60.0,540.0,1.3668728686e-05
6,60.0,550.0,1.20178699734e-05
6,60.0,560.0,9.96818214602e-06
6,60.0,570.0,8.20447282528e-06
6,60.0,580.0,8.02523837275e-06
6,60.0,590.0,7.88754454856e-06
6,60.0,600.0,6.39974740191e-06
6,60.0,610.0,6.64830936773e-06
6,60.0,620.0,7.41022957129e-06
6,60.0,630.0,7.9961183339e-06
6,60.0,640.0,8.81754405614e-06
6,60.0,650.0,9.4613246133e-06
6,60.0,660.0,9.66094705313e-06
6,60.0,670.0,1.05846125429e-05
6,60.0,680.0,1.09228577788e-05
6,60.0,690.0,1.10527912237e-05
6,60.0,700.0,1.11241565413e-05
6,60.0,710.0,1.0956711884e-05
6,60.0,720.0,1.05482308768e-05
6,60.0,730.0,1.04199406566e-05
6,60.0,740.0,9.89563987402e-06
6,60.0,750.0,9.44067212433e-06
6,60.0,760.0,9.29678949056e-06
6,60.0,770.0,8.76642678093e-06
6,60.0,780.0,8.18973012227e-06
6,90.0,380.0,1.32793671964e-05
6,90.0,390.0,1.26184046269e-05
6,90.0,400.0,1.7700043229e-05
6,90.0,410.0,2.03488936231e-05
6,90.0,420.0,2.01595341997e-05
6,90.0,430.0,1.7953299196e-05
6,90.0,440.0,2.0070477429e-05
6,90.0,450.0,2.11287548232e-05
6,90.0,460.0,2.02238245081e-05
6,90.0,470.0,1.9343436706e-05
6,90.0,480.0,1.761636918e-05
6,90.0,490.0,1.5771916014e-05
6,90.0,500.0,1.40854662626e-05
6,90.0,510.0,1.25403686544e-05
6,90.0,520.0,1.0729903937e-05
6,90.0,530.0,8.66015818859e-06
6,90.0,540.0,7.8612597394e-06
6,90.0,550.0,6.84049800824e-06
6,90.0,560.0,5.60981348024e-06
6,90.0,570.0,4.56127847331e-06
6,90.0,580.0,4.43605364531e-06
6,90.0,590.0,4.34151181365e-06
6,90.0,600.0,3.48328898524e-06
6,90.0,610.0,3.61196644073e-06
6,90.0,620.0,4.02700471945e-06
6,90.0,630.0,4.33919900227e-06
6,90.0,640.0,4.78067191766e-06
6,90.0,650.0,5.12181397855e-06
6,90.0,660.0,5.21873957508e-06
6,90.0,670.0,5.70690121258e-06
6,90.0,680.0,5.87607816459e-06
6,90.0,690.0,5.93117166739e-06
6,90.0,700.0,5.95591322989e-06
6,90.0,710.0,5.85096115325e-06
6,90.0,720.0,5.61840218413e-06
6,90.0,730.0,5.5378186817e-06
6,90.0,740.0,5.246556929e-06
6,90.0,750.0,4.9933266992e-06
6,90.0,760.0,4.9088763043e-06
6,90.0,770.0,4.61986179843e-06
6,90.0,780.0,4.30695534076e-06
9,0.0,380.0,8.02823873969e-07
9,0.0,390.0,8.37193651601e-07
9,0.0,400.0,1.29533373178e-06
9,0.0,410.0,1.65263147811e-06
9,0.0,420.0,1.83006529148e-06
9,0.0,430.0,1.83404247206e-06
9,0.0,440.0,2.32048359573e-06
9,0.0,450.0,2.78044200948e-06
9,0.0,460.0,3.03516244848e-06
9,0.0,470.0,3.323513336e-06
9,0.0,480.0,3.45527152086e-06
9,0.0,490.0,3.53982015271e-06
9,0.0,500.0,3.59759189221e-06
9,0.0,510.0,3.63648222131e-06
9,0.0,520.0,3.52216797524e-06
9,0.0,530.0,3.19160682559e-06
9,0.0,540.0,3.25173109155e-06
9,0.0,550.0,3.1585818153e-06
9,0.0,560.0,2.87707277162e-06
9,0.0,570.0,2.58707370946e-06
9,0.0,580.0,2.74464443639e-06
9,0.0,590.0,2.898098403e-06
9,0.0,600.0,2.49514576431e-06
9,0.0,610.0,2.77445424118e-06
9,0.0,620.0,3.31965455402e-06
9,0.0,630.0,3.83301968641e-06
9,0.0,640.0,4.53008907571e-06
9,0.0,650.0,5.2020864117e-06
9,0.0,660.0,5.67343320034e-06
9,0.0,670.0,6.64478042755e-06
9,0.0,680.0,7.31546911961e-06
9,0.0,690.0,7.87964293995e-06
9,0.0,700.0,8.4453432612e-06
9,0.0,710.0,8.82520075221e-06
9,0.0,720.0,9.00200455676e-06
9,0.0,730.0,9.43431126975e-06
9,0.0,740.0,9.47194168523e-06
9,0.0,750.0,9.53316128341e-06
9,0.0,760.0,9.95560603704e-06
9,0.0,770.0,9.91149457045e-06
9,0.0,780.0,9.73873677551e-06
9,1.0,380.0,6.30882470318e-07
9,1.0,390.0,6.61832862521e-07
9,1.0,400.0,1.03179733695e-06
9,1.0,410.0,1.32917658856e-06
9,1.0,420.0,1.49034862861e-06
9,1.0,430.0,1.51745020217e-06
9,1.0,440.0,1.95829695211e-06
9,1.0,450.0,2.40465956626e-06
9,1.0,460.0,2.7020142511e-06
9,1.0,470.0,3.06144125817e-06
9,1.0,480.0,3.30479812452e-06
9,1.0,490.0,3.53198865317e-06
9,1.0,500.0,3.75149940355e-06
9,1.0,510.0,3.9713816894e-06
9,1.0,520.0,4.03406063682e-06
9,1.0,530.0,3.82296706246e-06
9,1.0,540.0,4.08336887695e-06
9,1.0,550.0,4.14918631896e-06
9,1.0,560.0,3.94252218855e-06
9,1.0,570.0,3.6860978403e-06
9,1.0,580.0,4.10615241074e-06
9,1.0,590.0,4.56954830822e-06
9,1.0,600.0,4.1036504678e-06
9,1.0,610.0,4.80633500457e-06
9,1.0,620.0,6.068392299e-06
9,1.0,630.0,7.36278538817e-06
9,1.0,640.0,9.13382167291e-06
9,1.0,650.0,1.09719867412e-05
9,1.0,660.0,1.24718579448e-05
9,1.0,670.0,1.51896473504e-05
9,1.0,680.0,1.73265526847e-05
9,1.0,690.0,1.92672017374e-05
9,1.0,700.0,2.12651940749e-05
9,1.0,710.0,2.2792652155e-05
9,1.0,720.0,2.37751032256e-05
9,1.0,730.0,2.54277348672e-05
9,1.0,740.0,2.59601067511e-05
9,1.0,750.0,2.64903657276e-05
9,1.0,760.0,2.80310340755e-05
9,1.0,770.0,2.8179027079e-05
9,1.0,780.0,2.78706644412e-05
9,2.0,380.0,6.60870800521e-07
9,2.0,390.0,7.04750486892e-07
9,2.0,400.0,1.12678511298e-06
9,2.0,410.0,1.50606774617e-06
9,2.0,420.0,1.77481758011e-06
9,2.0,430.0,1.92164810001e-06
9,2.0,440.0,2.65889468105e-06
9,2.0,450.0,3.51156800684e-06
9,2.0,460.0,4.23643415941e-06
9,2.0,470.0,5.12078041177e-06
9,2.0,480.0,5.84704742041e-06
9,2.0,490.0,6.54182629042e-06
9,2.0,500.0,7.19851362227e-06
9,2.0,510.0,7.81633432398e-06
9,2.0,520.0,8.07114273801e-06
9,2.0,530.0,7.71420830846e-06
9,2.0,540.0,8.2569731868e-06
9,2.0,550.0,8.36282688348e-06
9,2.0,560.0,7.88769323684e-06
9,2.0,570.0,7.29806268189e-06
9,2.0,580.0,8.04633959922e-06
9,2.0,590.0,8.86486254389e-06
9,2.0,600.0,7.87740657324e-06
9,2.0,610.0,9.08727441903e-06
9,2.0,620.0,1.12720478871e-05
9,2.0,630.0,1.34263048927e-05
9,2.0,640.0,1.63336464417e-05
9,2.0,650.0,1.92346621615e-05
9,2.0,660.0,2.14307904114e-05
9,2.0,670.0,2.55795215158e-05
9,2.0,680.0,2.85984697144e-05
9,2.0,690.0,3.11748699927e-05
9,2.0,700.0,3.3736057332e-05
9,2.0,710.0,3.54626888155e-05
9,2.0,720.0,3.62888006879e-05
9,2.0,730.0,3.80873329995e-05
9,2.0,740.0,3.81715285956e-05
9,2.0,750.0,3.82497915344e-05
9,2.0,760.0,3.97649035726e-05
9,2.0,770.0,3.92868507901e-05
9,2.0,780.0,3.82004542798e-05
9,3.0,380.0,7.53673352199e-07
9,3.0,390.0,8.48338354968e-07
9,3.0,400.0,1.45315886591e-06
9,3.0,410.0,2.09766443944e-06
9,3.0,420.0,2.66453411934e-06
9,3.0,430.0,3.07603820351e-06
9,3.0,440.0,4.4647810818e-06
9,3.0,450.0,6.0734535487e-06
9,3.0,460.0,7.42865993609e-06
9,3.0,470.0,8.97136599898e-06
9,3.0,480.0,1.0149582858e-05
9,3.0,490.0,1.11474139684e-05
9,3.0,500.0,1.20088047152e-05
9,3.0,510.0,1.27239674497e-05
9,3.0,520.0,1.27940822617e-05
9,3.0,530.0,1.19490164029e-05
9,3.0,540.0,1.24452128349e-05
9,3.0,550.0,1.22878206034e-05
9,3.0,560.0,1.13208953842e-05
9,3.0,570.0,1.02535519705e-05
9,3.0,580.0,1.10203064297e-05
9,3.0,590.0,1.18438087473e-05
9,3.0,600.0,1.0355686139e-05
9,3.0,610.0,1.16460663166e-05
9,3.0,620.0,1.40597527212e-05
9,3.0,630.0,1.63448341084e-05
9,3.0,640.0,1.94116853719e-05
9,3.0,650.0,2.235428614e-05
9,3.0,660.0,2.43968962987e-05
9,3.0,670.0,2.85420278394e-05
9,3.0,680.0,3.13202301358e-05
9,3.0,690.0,3.35513489798e-05
9,3.0,700.0,3.57010993253e-05
9,3.0,710.0,3.69495916782e-05
9,3.0,720.0,3.7256256093e-05
9,3.0,730.0,3.85420807162e-05
9,3.0,740.0,3.81134203826e-05
9,3.0,750.0,3.77123242251e-05
9,3.0,760.0,3.87027413811e-05
9,3.0,770.0,3.77860286819e-05
9,3.0,780.0,3.63399872593e-05
9,4.0,380.0,9.58231155578e-07
9,4.0,390.0,1.15359855864e-06
9,4.0,400.0,2.0963839235e-06
9,4.0,410.0,3.15723165423e-06
9,4.0,420.0,4.1010311912e-06
9,4.0,430.0,4.75384895055e-06
9,4.0,440.0,6.8320817148e-06
9,4.0,450.0,9.10911426392e-06
9,4.0,460.0,1.08630734917e-05
9,4.0,470.0,1.27341339396e-05
9,4.0,480.0,1.39929924365e-05
9,4.0,490.0,1.48926366224e-05
9,4.0,500.0,1.55918200834e-05
9,4.0,510.0,1.60671896883e-05
9,4.0,520.0,1.57256762372e-05
9,4.0,530.0,1.43776547914e-05
9,4.0,540.0,1.46177379046e-05
9,4.0,550.0,1.41292352302e-05
9,4.0,560.0,1.2777223118e-05
9,4.0,570.0,1.1387358302e-05
9,4.0,580.0,1.19911352237e-05
9,4.0,590.0,1.26304892864e-05
9,4.0,600.0,1.09155467507e-05
9,4.0,610.0,1.20313836871e-05
9,4.0,620.0,1.42163871817e-05
9,4.0,630.0,1.62203262202e-05
9,4.0,640.0,1.89114114903e-05
9,4.0,650.0,2.14143681961e-05
9,4.0,660.0,2.30170040745e-05
9,4.0,670.0,2.65340461137e-05
9,4.0,680.0,2.87276156334e-05
9,4.0,690.0,3.03973856253e-05
9,4.0,700.0,3.19643942432e-05
9,4.0,710.0,3.27336388456e-05
9,4.0,720.0,3.2679889326e-05
9,4.0,730.0,3.34802844567e-05
9,4.0,740.0,3.28197680286e-05
9,4.0,750.0,3.22137899955e-05
9,4.0,760.0,3.27767992294e-05
9,4.0,770.0,3.1758691695e-05
9,4.0,780.0,3.03387041756e-05
9,5.0,380.0,1.27734261347e-06
9,5.0,390.0,1.58825600749e-06
9,5.0,400.0,2.92661397238e-06
9,5.0,410.0,4.39548550971e-06
9,5.0,420.0,5.62233440514e-06
9,5.0,430.0,6.36647373194e-06
9,5.0,440.0,8.89951260554e-06
9,5.0,450.0,1.15159776461e-05
9,5.0,460.0,1.33333668153e-05
9,5.0,470.0,1.51727998295e-05
9,5.0,480.0,1.62311296604e-05
9,5.0,490.0,1.68155378951e-05
9,5.0,500.0,1.71960675993e-05
9,5.0,510.0,1.733352151e-05
9,5.0,520.0,1.66156357138e-05
9,5.0,530.0,1.49490640747e-05
9,5.0,540.0,1.49289927692e-05
9,5.0,550.0,1.42075819603e-05
9,5.0,560.0,1.2676530301e-05
9,5.0,570.0,1.1167991163e-05
9,5.0,580.0,1.15883065293e-05
9,5.0,590.0,1.20295491082e-05
9,5.0,600.0,1.03089349786e-05
9,5.0,610.0,1.1199530579e-05
9,5.0,620.0,1.30298178571e-05
9,5.0,630.0,1.46660250567e-05
9,5.0,640.0,1.68701291566e-05
9,5.0,650.0,1.88677823556e-05
9,5.0,660.0,2.00522499209e-05
9,5.0,670.0,2.28638645696e-05
9,5.0,680.0,2.4505865655e-05
9,5.0,690.0,2.56916290373e-05
9,5.0,700.0,2.67754380673e-05
9,5.0,710.0,2.72018015223e-05
9,5.0,720.0,2.6954946006e-05
9,5.0,730.0,2.74118371005e-05
9,5.0,740.0,2.6694593766e-05
9,5.0,750.0,2.60439559953e-05
9,5.0,760.0,2.63261247451e-05
9,5.0,770.0,2.53634900888e-05
9,5.0,780.0,2.41095040966e-05
9,6.0,380.0,1.64981547613e-06
9,6.0,390.0,2.05095364928e-06
9,6.0,400.0,3.73217571917e-06
9,6.0,410.0,5.49023620145e-06
9,6.0,420.0,6.84580079486e-06
9,6.0,430.0,7.54134543028e-06
9,6.0,440.0,1.02532425065e-05
9,6.0,450.0,1.29120354621e-05
9,6.0,460.0,1.45731030608e-05
9,6.0,470.0,1.61840793373e-05
9,6.0,480.0,1.69390716907e-05
9,6.0,490.0,1.71829812536e-05
9,6.0,500.0,1.72503336324e-05
9,6.0,510.0,1.70938293875e-05
9,6.0,520.0,1.61279610726e-05
9,6.0,530.0,1.43263618859e-05
9,6.0,540.0,1.4116731778e-05
9,6.0,550.0,1.32779915606e-05
9,6.0,560.0,1.17264591905e-05
9,6.0,570.0,1.02394707274e-05
9,6.0,580.0,1.05141316088e-05
9,6.0,590.0,1.08030501989e-05
9,6.0,600.0,9.19660820416e-06
9,6.0,610.0,9.89314525562e-06
9,6.0,620.0,1.13919243519e-05
9,6.0,630.0,1.27061825487e-05
9,6.0,640.0,1.44849590453e-05
9,6.0,650.0,1.6066245276e-05
9,6.0,660.0,1.69452214417e-05
9,6.0,670.0,1.91783437043e-05
9,6.0,680.0,2.04151451814e-05
9,6.0,690.0,2.12677968491e-05
9,6.0,700.0,2.20289884361e-05
9,6.0,710.0,2.2256281627e-05
9,6.0,720.0,2.19397663714e-05
9,6.0,730.0,2.21965546468e-05
9,6.0,740.0,2.15155979627e-05
9,6.0,750.0,2.09014151892e-05
9,6.0,760.0,2.10293841872e-05
9,6.0,770.0,2.01775507569e-05
9,6.0,780.0,1.9110999729e-05
9,7.0,380.0,2.00252795776e-06
9,7.0,390.0,2.45179653975e-06
9,7.0,400.0,4.36855980113e-06
9,7.0,410.0,6.2736588904e-06
9,7.0,420.0,7.62895475239e-06
9,7.0,430.0,8.1983466828e-06
9,7.0,440.0,1.08850463224e-05
9,7.0,450.0,1.34041845205e-05
9,7.0,460.0,1.48183744179e-05
9,7.0,470.0,1.61426626461e-05
9,7.0,480.0,1.66035480285e-05
9,7.0,490.0,1.6570736129e-05
9,7.0,500.0,1.63947401345e-05
9,7.0,510.0,1.60302410869e-05
9,7.0,520.0,1.49397355899e-05
9,7.0,530.0,1.31309158932e-05
9,7.0,540.0,1.28063942857e-05
9,7.0,550.0,1.19350636952e-05
9,7.0,560.0,1.04539851964e-05
9,7.0,570.0,9.06148432442e-06
9,7.0,580.0,9.23366408303e-06
9,7.0,590.0,9.41762348515e-06
9,7.0,600.0,7.97128875192e-06
9,7.0,610.0,8.51698542976e-06
9,7.0,620.0,9.74060220985e-06
9,7.0,630.0,1.07972467332e-05
9,7.0,640.0,1.22346334463e-05
9,7.0,650.0,1.34936772586e-05
9,7.0,660.0,1.41569050478e-05
9,7.0,670.0,1.59405759626e-05
9,7.0,680.0,1.68872222561e-05
9,7.0,690.0,1.75137010935e-05
9,7.0,700.0,1.80616734867e-05
9,7.0,710.0,1.81755857737e-05
9,7.0,720.0,1.78498940997e-05
9,7.0,730.0,1.79919505765e-05
9,7.0,740.0,1.73812746774e-05
9,7.0,750.0,1.68323487211e-05
9,7.0,760.0,1.6878824411e-05
9,7.0,770.0,1.6146990115e-05
9,7.0,780.0,1.52530851371e-05
9,8.0,380.0,2.28887816733e-06
9,8.0,390.0,2.74738240493e-06
9,8.0,400.0,4.78869635876e-06
9,8.0,410.0,6.72386107107e-06
9,8.0,420.0,7.99838429505e-06
9,8.0,430.0,8.41733624556e-06
9,8.0,440.0,1.09591636648e-05
9,8.0,450.0,1.32535585131e-05
9,8.0,460.0,1.44094427295e-05
9,8.0,470.0,1.54611296218e-05
9,8.0,480.0,1.56811151447e-05
9,8.0,490.0,1.54539682113e-05
9,8.0,500.0,1.51122472943e-05
9,8.0,510.0,1.46201678622e-05
9,8.0,520.0,1.34946639755e-05
9,8.0,530.0,1.17536582748e-05
9,8.0,540.0,1.1371579402e-05
9,8.0,550.0,1.05195883843e-05
9,8.0,560.0,9.15137776906e-06
9,8.0,570.0,7.88254677901e-06
9,8.0,580.0,7.98742302492e-06
9,8.0,590.0,8.10357096156e-06
9,8.0,600.0,6.82354048641e-06
9,8.0,610.0,7.25738352842e-06
9,8.0,620.0,8.26462525737e-06
9,8.0,630.0,9.12373942672e-06
9,8.0,640.0,1.02979962072e-05
9,8.0,650.0,1.13150534383e-05
9,8.0,660.0,1.18281222324e-05
9,8.0,670.0,1.3271633006e-05
9,8.0,680.0,1.40122854716e-05
9,8.0,690.0,1.44850891132e-05
9,8.0,700.0,1.48914386469e-05
9,8.0,710.0,1.49409426234e-05
9,8.0,720.0,1.46316510832e-05
9,8.0,730.0,1.47073057566e-05
9,8.0,740.0,1.41713152429e-05
9,8.0,750.0,1.36902026959e-05
9,8.0,760.0,1.36936747013e-05
9,8.0,770.0,1.30697550313e-05
9,8.0,780.0,1.2320074659e-05
9,9.0,380.0,2.49370085421e-06
9,9.0,390.0,2.93398275457e-06
9,9.0,400.0,5.01078342416e-06
9,9.0,410.0,6.89746387341e-06
9,9.0,420.0,8.05235823243e-06
9,9.0,430.0,8.32739985583e-06
9,9.0,440.0,1.0668595388e-05
9,9.0,450.0,1.27139125666e-05
9,9.0,460.0,1.36364560946e-05
9,9.0,470.0,1.44561798308e-05
9,9.0,480.0,1.44953289492e-05
9,9.0,490.0,1.41445478142e-05
9,9.0,500.0,1.37011983432e-05
9,9.0,510.0,1.31421879897e-05
9,9.0,520.0,1.20375948717e-05
9,9.0,530.0,1.04027478727e-05
9,9.0,540.0,1.00010401161e-05
9,9.0,550.0,9.19599347319e-06
9,9.0,560.0,7.95411630063e-06
9,9.0,570.0,6.81397851518e-06
9,9.0,580.0,6.87628189087e-06
9,9.0,590.0,6.9499948064e-06
9,9.0,600.0,5.82466859692e-06
9,9.0,610.0,6.17651582842e-06
9,9.0,620.0,7.01638294158e-06
9,9.0,630.0,7.72569421933e-06
9,9.0,640.0,8.69919751861e-06
9,9.0,650.0,9.53537490939e-06
9,9.0,660.0,9.94345993379e-06
9,9.0,670.0,1.11308563702e-05
9,9.0,680.0,1.17245723586e-05
9,9.0,690.0,1.20921658735e-05
9,9.0,700.0,1.24035791618e-05
9,9.0,710.0,1.24173605614e-05
9,9.0,720.0,1.21343210204e-05
9,9.0,730.0,1.21719556587e-05
9,9.0,740.0,1.17049267345e-05
9,9.0,750.0,1.12857793633e-05
9,9.0,760.0,1.12675815305e-05
9,9.0,770.0,1.07348867555e-05
9,9.0,780.0,1.01017923209e-05
9,10.0,380.0,2.62302953045e-06
9,10.0,390.0,3.02933219325e-06
9,10.0,400.0,5.0806506417e-06
9,10.0,410.0,6.87448229691e-06
9,10.0,420.0,7.89859504104e-06
9,10.0,430.0,8.04954539285e-06
9,10.0,440.0,1.01750212818e-05
9,10.0,450.0,1.19796143503e-05
9,10.0,460.0,1.27055552836e-05
9,10.0,470.0,1.33379202987e-05
9,10.0,480.0,1.32479995631e-05
9,10.0,490.0,1.28251291564e-05
9,10.0,500.0,1.2326216504e-05
9,10.0,510.0,1.17408058891e-05
9,10.0,520.0,1.06873361109e-05
9,10.0,530.0,9.17348278307e-06
9,10.0,540.0,8.77466833983e-06
9,10.0,550.0,8.02837080056e-06
9,10.0,560.0,6.91067694014e-06
9,10.0,570.0,5.89228864395e-06
9,10.0,580.0,5.92821472742e-06
9,10.0,590.0,5.97570978604e-06
9,10.0,600.0,4.98712605752e-06
9,10.0,610.0,5.27848385747e-06
9,10.0,620.0,5.98873365529e-06
9,10.0,630.0,6.58394874645e-06
9,10.0,640.0,7.40358099377e-06
9,10.0,650.0,8.10339728141e-06
9,10.0,660.0,8.43685979268e-06
9,10.0,670.0,9.43017616861e-06
9,10.0,680.0,9.91760092415e-06
9,10.0,690.0,1.02120966803e-05
9,10.0,700.0,1.04588359076e-05
9,10.0,710.0,1.04537128879e-05
9,10.0,720.0,1.01993993957e-05
9,10.0,730.0,1.02157557155e-05
9,10.0,740.0,9.8090561645e-06
9,10.0,750.0,9.44388754191e-06
9,10.0,760.0,9.41580471862e-06
9,10.0,770.0,8.95839686028e-06
9,10.0,780.0,8.41871566405e-06
9,11.0,380.0,2.69102421304e-06
9,11.0,390.0,3.05623491974e-06
9,11.0,400.0,5.04470019022e-06
9,11.0,410.0,6.72513497481e-06
9,11.0,420.0,7.62246101941e-06
9,11.0,430.0,7.67223847195e-06
9,11.0,440.0,9.58879032365e-06
9,11.0,450.0,1.11753828685e-05
9,11.0,460.0,1.17414108435e-05
9,11.0,470.0,1.22262554063e-05
9,11.0,480.0,1.20473080752e-05
9,11.0,490.0,1.1587272524e-05
9,11.0,500.0,1.10635304552e-05
9,11.0,510.0,1.04768345918e-05
9,11.0,520.0,9.48811496148e-06
9,11.0,530.0,8.09621802803e-06
9,11.0,540.0,7.71248251206e-06
9,11.0,550.0,7.02752629748e-06
9,11.0,560.0,6.02449793498e-06
9,11.0,570.0,5.11591301397e-06
9,11.0,580.0,5.13577606759e-06
9,11.0,590.0,5.16721846458e-06
9,11.0,600.0,4.29644563485e-06
9,11.0,610.0,4.54259713899e-06
9,11.0,620.0,5.1517098972e-06
9,11.0,630.0,5.65913935665e-06
9,11.0,640.0,6.35963503562e-06
9,11.0,650.0,6.95523578015e-06
9,11.0,660.0,7.23442689342e-06
9,11.0,670.0,8.07877001032e-06
9,11.0,680.0,8.4876016332e-06
9,11.0,690.0,8.72992429082e-06
9,11.0,700.0,8.93120412022e-06
9,11.0,710.0,8.91634395573e-06
9,11.0,720.0,8.6891892015e-06
9,11.0,730.0,8.69339498465e-06
9,11.0,740.0,8.33755777526e-06
9,11.0,750.0,8.01774994813e-06
9,11.0,760.0,7.98543884228e-06
9,11.0,770.0,7.58909605712e-06
9,11.0,780.0,7.12384351025e-06
9,12.0,380.0,2.7131135907e-06
9,12.0,390.0,3.03580292561e-06
9,12.0,400.0,4.94158527123e-06
9,12.0,410.0,6.50345256313e-06
9,12.0,420.0,7.2854951525e-06
9,12.0,430.0,7.25568320632e-06
9,12.0,440.0,8.98103291339e-06
9,12.0,450.0,1.03774520467e-05
9,12.0,460.0,1.08159870372e-05
9,12.0,470.0,1.11863304828e-05
9,12.0,480.0,1.09476075589e-05
9,12.0,490.0,1.0472960308e-05
9,12.0,500.0,9.9435688096e-06
9,12.0,510.0,9.3698091251e-06
9,12.0,520.0,8.44921218774e-06
9,12.0,530.0,7.17202143693e-06
9,12.0,540.0,6.80885264203e-06
9,12.0,550.0,6.18246753978e-06
9,12.0,560.0,5.2812980865e-06
9,12.0,570.0,4.46875942993e-06
9,12.0,580.0,4.47874055419e-06
9,12.0,590.0,4.50011561331e-06
9,12.0,600.0,3.72918704801e-06
9,12.0,610.0,3.94056355546e-06
9,12.0,620.0,4.46932050341e-06
9,12.0,630.0,4.90760330267e-06
9,12.0,640.0,5.51378553434e-06
9,12.0,650.0,6.02748942038e-06
9,12.0,660.0,6.26528945673e-06
9,12.0,670.0,6.99214043801e-06
9,12.0,680.0,7.3402807686e-06
9,12.0,690.0,7.54309887057e-06
9,12.0,700.0,7.71025234565e-06
9,12.0,710.0,7.68961555739e-06
9,12.0,720.0,7.48591271766e-06
9,12.0,730.0,7.48216819931e-06
9,12.0,740.0,7.16822848547e-06
9,12.0,750.0,6.88568043458e-06
9,12.0,760.0,6.85139501361e-06
9,12.0,770.0,6.50455646741e-06
9,12.0,780.0,6.09908653447e-06
9,13.0,380.0,2.72535372879e-06
9,13.0,390.0,3.00223177706e-06
9,13.0,400.0,4.81545725623e-06
9,13.0,410.0,6.25038236768e-06
9,13.0,420.0,6.91222034301e-06
9,13.0,430.0,6.80122525449e-06
9,13.0,440.0,8.32307527142e-06
9,13.0,450.0,9.51595954668e-06
9,13.0,460.0,9.81736248469e-06
9,13.0,470.0,1.00610066053e-05
9,13.0,480.0,9.75531639352e-06
9,13.0,490.0,9.25833188763e-06
9,13.0,500.0,8.71870925003e-06
9,13.0,510.0,8.15409319253e-06
9,13.0,520.0,7.30267685005e-06
9,13.0,530.0,6.15207424903e-06
9,13.0,540.0,5.80645364882e-06
9,13.0,550.0,5.2418029039e-06
9,13.0,560.0,4.45241672338e-06
9,13.0,570.0,3.74663801663e-06
9,13.0,580.0,3.74096457746e-06
9,13.0,590.0,3.74700862099e-06
9,13.0,600.0,3.09122626942e-06
9,13.0,610.0,3.25915570685e-06
9,13.0,620.0,3.69035410861e-06
9,13.0,630.0,4.04450780667e-06
9,13.0,640.0,4.53623564199e-06
9,13.0,650.0,4.94997130089e-06
9,13.0,660.0,5.13574431153e-06
9,13.0,670.0,5.72148706942e-06
9,13.0,680.0,5.99579738172e-06
9,13.0,690.0,6.15080604693e-06
9,13.0,700.0,6.27676675665e-06
9,13.0,710.0,6.24992927618e-06
9,13.0,720.0,6.07511402244e-06
9,13.0,730.0,6.06340867387e-06
9,13.0,740.0,5.8011456344e-06
9,13.0,750.0,5.56544542586e-06
9,13.0,760.0,5.53113005935e-06
9,13.0,770.0,5.2453123583e-06
9,13.0,780.0,4.91337027724e-06
9,14.0,380.0,2.67111142487e-06
9,14.0,390.0,2.9082896196e-06
9,14.0,400.0,4.6151285936e-06
9,14.0,410.0,5.93243299417e-06
9,14.0,420.0,6.50358772877e-06
9,14.0,430.0,6.34907060508e-06
9,14.0,440.0,7.71461503549e-06
9,14.0,450.0,8.76481987181e-06
9,14.0,460.0,8.9892455543e-06
9,14.0,470.0,9.16679421217e-06
9,14.0,480.0,8.84351179131e-06
9,14.0,490.0,8.36017791637e-06
9,14.0,500.0,7.84017036891e-06
9,14.0,510.0,7.30565660302e-06
9,14.0,520.0,6.52217306781e-06
9,14.0,530.0,5.47242906322e-06
9,14.0,540.0,5.15203891102e-06
9,14.0,550.0,4.63877520006e-06
9,14.0,560.0,3.92948352784e-06
9,14.0,570.0,3.29732448345e-06
9,14.0,580.0,3.2886484427e-06
9,14.0,590.0,3.29103583715e-06
9,14.0,600.0,2.70770252451e-06
9,14.0,610.0,2.85412062378e-06
9,14.0,620.0,3.23275939307e-06
9,14.0,630.0,3.54256674626e-06
9,14.0,640.0,3.97327837389e-06
9,14.0,650.0,4.33486847091e-06
9,14.0,660.0,4.49590430839e-06
9,14.0,670.0,5.00698261043e-06
9,14.0,680.0,5.24463005007e-06
9,14.0,690.0,5.37725111028e-06
9,14.0,700.0,5.48443425386e-06
9,14.0,710.0,5.45747251605e-06
9,14.0,720.0,5.30131129239e-06
9,14.0,730.0,5.28783408257e-06
9,14.0,740.0,5.05565857203e-06
9,14.0,750.0,4.84681557969e-06
9,14.0,760.0,4.81404808982e-06
9,14.0,770.0,4.56223690387e-06
9,14.0,780.0,4.27048183089e-06
9,15.0,380.0,2.62143994636e-06
9,15.0,390.0,2.82350115111e-06
9,15.0,400.0,4.43579918135e-06
9,15.0,410.0,5.6492406924e-06
9,15.0,420.0,6.14074841086e-06
9,15.0,430.0,5.94819936929e-06
9,15.0,440.0,7.17531075502e-06
9,15.0,450.0,8.09875824569e-06
9,15.0,460.0,8.25394929763e-06
9,15.0,470.0,8.37163920799e-06
9,15.0,480.0,8.03103399077e-06
9,15.0,490.0,7.55822833945e-06
9,15.0,500.0,7.05405715311e-06
9,15.0,510.0,6.54493152863e-06
9,15.0,520.0,5.82095014992e-06
9,15.0,530.0,4.86135372175e-06
9,15.0,540.0,4.56267461715e-06
9,15.0,550.0,4.09512179476e-06
9,15.0,560.0,3.45787707201e-06
9,15.0,570.0,2.89230124601e-06
9,15.0,580.0,2.88001000451e-06
9,15.0,590.0,2.87810803466e-06
9,15.0,600.0,2.36095097148e-06
9,15.0,610.0,2.48671895156e-06
9,15.0,620.0,2.81590326902e-06
9,15.0,630.0,3.08384699192e-06
9,15.0,640.0,3.4571207205e-06
9,15.0,650.0,3.76937754916e-06
9,15.0,660.0,3.90639476068e-06
9,15.0,670.0,4.34734866031e-06
9,15.0,680.0,4.55000323367e-06
9,15.0,690.0,4.66094396723e-06
9,15.0,700.0,4.74985317252e-06
9,15.0,710.0,4.72205748392e-06
9,15.0,720.0,4.5826062119e-06
9,15.0,730.0,4.5669789118e-06
9,15.0,740.0,4.36237067213e-06
9,15.0,750.0,4.17818863146e-06
9,15.0,760.0,4.14669236788e-06
9,15.0,770.0,3.92641314979e-06
9,15.0,780.0,3.67197635152e-06
9,16.0,380.0,2.56464829171e-06
9,16.0,390.0,2.73697561387e-06
9,16.0,400.0,4.26369610469e-06
9,16.0,410.0,5.38839552367e-06
9,16.0,420.0,5.81665942922e-06
9,16.0,430.0,5.59886654543e-06
9,16.0,440.0,6.71495080867e-06
9,16.0,450.0,7.54021161528e-06
9,16.0,460.0,7.64683289053e-06
9,16.0,470.0,7.72412489644e-06
9,16.0,480.0,7.37735374141e-06
9,16.0,490.0,6.92021460882e-06
9,16.0,500.0,6.43463380899e-06
9,16.0,510.0,5.95070838429e-06
9,16.0,520.0,5.27755179328e-06
9,16.0,530.0,4.39060102677e-06
9,16.0,540.0,4.11157128441e-06
9,16.0,550.0,3.68125260674e-06
9,16.0,560.0,3.1004552149e-06
9,16.0,570.0,2.58644581365e-06
9,16.0,580.0,2.5730237715e-06
9,16.0,590.0,2.56947064337e-06
9,16.0,600.0,2.10233036178e-06
9,16.0,610.0,2.2140673859e-06
9,16.0,620.0,2.50826792666e-06
9,16.0,630.0,2.74692530449e-06
9,16.0,640.0,3.07983379923e-06
9,16.0,650.0,3.35784697619e-06
9,16.0,660.0,3.47908345753e-06
9,16.0,670.0,3.87106895771e-06
9,16.0,680.0,4.05023292624e-06
9,16.0,690.0,4.147235595e-06
9,16.0,700.0,4.22468210867e-06
9,16.0,710.0,4.19773705796e-06
9,16.0,720.0,4.07151460123e-06
9,16.0,730.0,4.05564842721e-06
9,16.0,740.0,3.87169138903e-06
9,16.0,750.0,3.70592729021e-06
9,16.0,760.0,3.67632370166e-06
9,16.0,770.0,3.47908661862e-06
9,16.0,780.0,3.2515788778e-06
9,17.0,380.0,2.50401822213e-06
9,17.0,390.0,2.65023432385e-06
9,17.0,400.0,4.0974552878e-06
9,17.0,410.0,5.14276275449e-06
9,17.0,420.0,5.51715154001e-06
9,17.0,430.0,5.2807500434e-06
9,17.0,440.0,6.30077133294e-06
9,17.0,450.0,7.04263058526e-06
9,17.0,460.0,7.11076768327e-06
9,17.0,470.0,7.15633286308e-06
9,17.0,480.0,6.80830732178e-06
9,17.0,490.0,6.36764365204e-06
9,17.0,500.0,5.90129852137e-06
9,17.0,510.0,5.44164845069e-06
9,17.0,520.0,4.81402432704e-06
9,17.0,530.0,3.99146198353e-06
9,17.0,540.0,3.73040669043e-06
9,17.0,550.0,3.33286592613e-06
9,17.0,560.0,2.80076982145e-06
9,17.0,570.0,2.33102019471e-06
9,17.0,580.0,2.31705541791e-06
9,17.0,590.0,2.31241095678e-06
9,17.0,600.0,1.88770773379e-06
9,17.0,610.0,1.98783454132e-06
9,17.0,620.0,2.25276364213e-06
9,17.0,630.0,2.46694642447e-06
9,17.0,640.0,2.76598698626e-06
9,17.0,650.0,3.0151973157e-06
9,17.0,660.0,3.12302635651e-06
9,17.0,670.0,3.47381238958e-06
9,17.0,680.0,3.6330245931e-06
9,17.0,690.0,3.71807578373e-06
9,17.0,700.0,3.7855586377e-06
9,17.0,710.0,3.75904192619e-06
9,17.0,720.0,3.64361461633e-06
9,17.0,730.0,3.62719697947e-06
9,17.0,740.0,3.46028442194e-06
9,17.0,750.0,3.30974148557e-06
9,17.0,760.0,3.28136031164e-06
9,17.0,770.0,3.1032168658e-06
9,17.0,780.0,2.8981624579e-06
9,18.0,380.0,2.44179056595e-06
9,18.0,390.0,2.56515136806e-06
9,18.0,400.0,3.93900430227e-06
9,18.0,410.0,4.91336541396e-06
9,18.0,420.0,5.24173425371e-06
9,18.0,430.0,4.99179136243e-06
9,18.0,440.0,5.92831117599e-06
9,18.0,450.0,6.59887367152e-06
9,18.0,460.0,6.63603626977e-06
9,18.0,470.0,6.65645820487e-06
9,18.0,480.0,6.30985217638e-06
9,18.0,490.0,5.88567736105e-06
9,18.0,500.0,5.43778533291e-06
9,18.0,510.0,5.00057959697e-06
9,18.0,520.0,4.41343518243e-06
9,18.0,530.0,3.6472844295e-06
9,18.0,540.0,3.40230433247e-06
9,18.0,550.0,3.03343865552e-06
9,18.0,560.0,2.54356674432e-06
9,18.0,570.0,2.11212477208e-06
9,18.0,580.0,2.09783765732e-06
9,18.0,590.0,2.09238761298e-06
9,18.0,600.0,1.70427847009e-06
9,18.0,610.0,1.79453199725e-06
9,18.0,620.0,2.03452300655e-06
9,18.0,630.0,2.22798605703e-06
9,18.0,640.0,2.49841472438e-06
9,18.0,650.0,2.72347153189e-06
9,18.0,660.0,2.82035948269e-06
9,18.0,670.0,3.13673125421e-06
9,18.0,680.0,3.27967945204e-06
9,18.0,690.0,3.35530163055e-06
9,18.0,700.0,3.41511889275e-06
9,18.0,710.0,3.38968005009e-06
9,18.0,720.0,3.28403968409e-06
9,18.0,730.0,3.26789792162e-06
9,18.0,740.0,3.1159384606e-06
9,18.0,750.0,2.97874328777e-06
9,18.0,760.0,2.95207085589e-06
9,18.0,770.0,2.79043082634e-06
9,18.0,780.0,2.60455370404e-06
9,19.0,380.0,2.3798429411e-06
9,19.0,390.0,2.48322390808e-06
9,19.0,400.0,3.78977539652e-06
9,19.0,410.0,4.70080476384e-06
9,19.0,420.0,4.98969879177e-06
9,19.0,430.0,4.730020281e-06
9,19.0,440.0,5.59377261995e-06
9,19.0,450.0,6.20308795208e-06
9,19.0,460.0,6.21545687716e-06
9,19.0,470.0,6.21579984642e-06
9,19.0,480.0,5.87306510414e-06
9,19.0,490.0,5.46491061743e-06
9,19.0,500.0,5.0351597647e-06
9,19.0,510.0,4.61909967743e-06
9,19.0,520.0,4.06821057471e-06
9,19.0,530.0,3.35243841286e-06
9,19.0,540.0,3.1220327093e-06
9,19.0,550.0,2.77852425449e-06
9,19.0,560.0,2.32539912254e-06
9,19.0,570.0,1.92714679382e-06
9,19.0,580.0,1.91275474237e-06
9,19.0,590.0,1.90670041311e-06
9,19.0,600.0,1.55000362852e-06
9,19.0,610.0,1.63185109264e-06
9,19.0,620.0,1.85050547778e-06
9,19.0,630.0,2.02622095132e-06
9,19.0,640.0,2.27205456175e-06
9,19.0,650.0,2.47624658715e-06
9,19.0,660.0,2.56348614576e-06
9,19.0,670.0,2.85016289425e-06
9,19.0,680.0,2.97884729724e-06
9,19.0,690.0,3.04606571889e-06
9,19.0,700.0,3.0989294702e-06
9,19.0,710.0,3.07411477751e-06
9,19.0,720.0,2.97657457992e-06
9,19.0,730.0,2.96035559456e-06
9,19.0,740.0,2.82099065177e-06
9,19.0,750.0,2.69507896362e-06
9,19.0,760.0,2.66959467469e-06
9,19.0,770.0,2.52195512139e-06
9,19.0,780.0,2.35247013717e-06
9,20.0,380.0,2.31898061331e-06
9,20.0,390.0,2.4048973078e-06
9,20.0,400.0,3.64975720167e-06
9,20.0,410.0,4.50412906604e-06
9,20.0,420.0,4.75902264106e-06
9,20.0,430.0,4.49252439784e-06
9,20.0,440.0,5.29243633656e-06
9,20.0,450.0,5.84871171582e-06
9,20.0,460.0,5.84076510846e-06
9,20.0,470.0,5.82487737316e-06
9,20.0,480.0,5.48693725913e-06
9,20.0,490.0,5.09406520259e-06
9,20.0,500.0,4.68116915164e-06
9,20.0,510.0,4.28438926017e-06
9,20.0,520.0,3.76583346091e-06
9,20.0,530.0,3.09454878187e-06
9,20.0,540.0,2.8771796972e-06
9,20.0,550.0,2.55605663397e-06
9,20.0,560.0,2.13519539236e-06
9,20.0,570.0,1.76606283659e-06
9,20.0,580.0,1.75166973605e-06
9,20.0,590.0,1.74518993282e-06
9,20.0,600.0,1.4160016259e-06
9,20.0,610.0,1.49061658676e-06
9,20.0,620.0,1.69085291436e-06
9,20.0,630.0,1.85135669806e-06
9,20.0,640.0,2.07614292148e-06
9,20.0,650.0,2.26261461386e-06
9,20.0,660.0,2.3418911652e-06
9,20.0,670.0,2.60340644165e-06
9,20.0,680.0,2.72028586044e-06
9,20.0,690.0,2.78075835307e-06
9,20.0,700.0,2.82815460357e-06
9,20.0,710.0,2.80432743061e-06
9,20.0,720.0,2.71413423061e-06
9,20.0,730.0,2.69827684588e-06
9,20.0,740.0,2.57000605056e-06
9,20.0,750.0,2.4540097823e-06
9,20.0,760.0,2.4298807607e-06
9,20.0,770.0,2.29439343312e-06
9,20.0,780.0,2.13900820379e-06
9,21.0,380.0,2.25994349528e-06
9,21.0,390.0,2.33057964712e-06
9,21.0,400.0,3.51896513208e-06
9,21.0,410.0,4.32257860536e-06
9,21.0,420.0,4.54805107458e-06
9,21.0,430.0,4.27695678825e-06
9,21.0,440.0,5.02069736672e-06
9,21.0,450.0,5.53084224789e-06
9,21.0,460.0,5.50642212003e-06
9,21.0,470.0,5.477356611e-06
9,21.0,480.0,5.14531669661e-06
9,21.0,490.0,4.76687883978e-06
9,21.0,500.0,4.37011555113e-06
9,21.0,510.0,3.99128266642e-06
9,21.0,520.0,3.50177713355e-06
9,21.0,530.0,2.87045862274e-06
9,21.0,540.0,2.66486486655e-06
9,21.0,550.0,2.36364513129e-06
9,21.0,560.0,1.97114736043e-06
9,21.0,570.0,1.62752762704e-06
9,21.0,580.0,1.6131629561e-06
9,21.0,590.0,1.6062856944e-06
9,21.0,600.0,1.3010511168e-06
9,21.0,610.0,1.36931962841e-06
9,21.0,620.0,1.55342644541e-06
9,21.0,630.0,1.70057886117e-06
9,21.0,640.0,1.90686012917e-06
9,21.0,650.0,2.07767971548e-06
9,21.0,660.0,2.14977689288e-06
9,21.0,670.0,2.38913912511e-06
9,21.0,680.0,2.49548533137e-06
9,21.0,690.0,2.54987458336e-06
9,21.0,700.0,2.59229375533e-06
9,21.0,710.0,2.56921087317e-06
9,21.0,720.0,2.48534847405e-06
9,21.0,730.0,2.46972405521e-06
9,21.0,740.0,2.35113077303e-06
9,21.0,750.0,2.2438330678e-06
9,21.0,760.0,2.2208706126e-06
9,21.0,770.0,2.09604751002e-06
9,21.0,780.0,1.95308066938e-06
9,22.0,380.0,2.20287554168e-06
9,22.0,390.0,2.26011174303e-06
9,22.0,400.0,3.39665518025e-06
9,22.0,410.0,4.15458473563e-06
9,22.0,420.0,4.35444762274e-06
9,22.0,430.0,4.08045626263e-06
9,22.0,440.0,4.77435033122e-06
9,22.0,450.0,5.24397195276e-06
9,22.0,460.0,5.20582268439e-06
9,22.0,470.0,5.16587346131e-06
9,22.0,480.0,4.8399364841e-06
9,22.0,490.0,4.47502877987e-06
9,22.0,500.0,4.09318216396e-06
9,22.0,510.0,3.73075124609e-06
9,22.0,520.0,3.26739414149e-06
9,22.0,530.0,2.6718627903e-06
9,22.0,540.0,2.4769155679e-06
9,22.0,550.0,2.19352021866e-06
9,22.0,560.0,1.82629587714e-06
9,22.0,570.0,1.50539420075e-06
9,22.0,580.0,1.49114300517e-06
9,22.0,590.0,1.4840074884e-06
9,22.0,600.0,1.20004955716e-06
9,22.0,610.0,1.26279735147e-06
9,22.0,620.0,1.43278650055e-06
9,22.0,630.0,1.56831454078e-06
9,22.0,640.0,1.75847570641e-06
9,22.0,650.0,1.91571363277e-06
9,22.0,660.0,1.98167225286e-06
9,22.0,670.0,2.20180784995e-06
9,22.0,680.0,2.29910180477e-06
9,22.0,690.0,2.34832314105e-06
9,22.0,700.0,2.38652866964e-06
9,22.0,710.0,2.36420535148e-06
9,22.0,720.0,2.28594915415e-06
9,22.0,730.0,2.27059440651e-06
9,22.0,740.0,2.16047450192e-06
9,22.0,750.0,2.06077312231e-06
9,22.0,760.0,2.03883473098e-06
9,22.0,770.0,1.92328647213e-06
9,22.0,780.0,1.79110395298e-06
9,23.0,380.0,2.14807998056e-06
9,23.0,390.0,2.19354598664e-06
9,23.0,400.0,3.28249687452e-06
9,23.0,410.0,3.99924162768e-06
9,23.0,420.0,4.17674082593e-06
9,23.0,430.0,3.90118409099e-06
9,23.0,440.0,4.55077047297e-06
9,23.0,450.0,4.98472241606e-06
9,23.0,460.0,4.93526970878e-06
9,23.0,470.0,4.88634668501e-06
9,23.0,480.0,4.56684661481e-06
9,23.0,490.0,4.21457279665e-06
9,23.0,500.0,3.84671463659e-06
9,23.0,510.0,3.49939011765e-06
9,23.0,520.0,3.05960030829e-06
9,23.0,530.0,2.49630579205e-06
9,23.0,540.0,2.3109361551e-06
9,23.0,550.0,2.04346417688e-06
9,23.0,560.0,1.69870172085e-06
9,23.0,570.0,1.39796292984e-06
9,23.0,580.0,1.38377871816e-06
9,23.0,590.0,1.37636748559e-06
9,23.0,600.0,1.11126899482e-06
9,23.0,610.0,1.16908127272e-06
9,23.0,620.0,1.32651215317e-06
9,23.0,630.0,1.45171511117e-06
9,23.0,640.0,1.62757241383e-06
9,23.0,650.0,1.77277426971e-06
9,23.0,660.0,1.83330786031e-06
9,23.0,670.0,2.03648288211e-06
9,23.0,680.0,2.12584073606e-06
9,23.0,690.0,2.17059598117e-06
9,23.0,700.0,2.20519705803e-06
9,23.0,710.0,2.18369500477e-06
9,23.0,720.0,2.11054319837e-06
9,23.0,730.0,2.09559641201e-06
9,23.0,740.0,1.99311372798e-06
9,23.0,750.0,1.90027966292e-06
9,23.0,760.0,1.87941591372e-06
9,23.0,770.0,1.7721805022e-06
9,23.0,780.0,1.64962546353e-06
9,24.0,380.0,2.09538819518e-06
9,24.0,390.0,2.13048301955e-06
9,24.0,400.0,3.17553202185e-06
9,24.0,410.0,3.8549245873e-06
9,24.0,420.0,4.01275553587e-06
9,24.0,430.0,3.73665457641e-06
9,24.0,440.0,4.34650723692e-06
9,24.0,450.0,4.74874021783e-06
9,24.0,460.0,4.68981694752e-06
9,24.0,470.0,4.63337548962e-06
9,24.0,480.0,4.32037662346e-06
9,24.0,490.0,3.97990861614e-06
9,24.0,500.0,3.62514386355e-06
9,24.0,510.0,3.29179201989e-06
9,24.0,520.0,2.87343997504e-06
9,24.0,530.0,2.33945662796e-06
9,24.0,540.0,2.16283209381e-06
9,24.0,550.0,1.9097786312e-06
9,24.0,560.0,1.58523059524e-06
9,24.0,570.0,1.30260842344e-06
9,24.0,580.0,1.28851123076e-06
9,24.0,590.0,1.28086298594e-06
9,24.0,600.0,1.03265253788e-06
9,24.0,610.0,1.08605012206e-06
9,24.0,620.0,1.23223785314e-06
9,24.0,630.0,1.34819173901e-06
9,24.0,640.0,1.51121602665e-06
9,24.0,650.0,1.6455903092e-06
9,24.0,660.0,1.70118527696e-06
9,24.0,670.0,1.88911595464e-06
9,24.0,680.0,1.97127603763e-06
9,24.0,690.0,2.01194363062e-06
9,24.0,700.0,2.043215943e-06
9,24.0,710.0,2.02237485644e-06
9,24.0,720.0,1.95372647933e-06
9,24.0,730.0,1.93907708049e-06
9,24.0,740.0,1.84339241935e-06
9,24.0,750.0,1.75668895244e-06
9,24.0,760.0,1.73674302705e-06
9,24.0,770.0,1.63694035582e-06
9,24.0,780.0,1.52302256204e-06
9,25.0,380.0,2.04489423845e-06
9,25.0,390.0,2.07081973756e-06
9,25.0,400.0,3.07530396201e-06
9,25.0,410.0,3.72071343476e-06
9,25.0,420.0,3.8611679678e-06
9,25.0,430.0,3.58530730056e-06
9,25.0,440.0,4.15937086429e-06
9,25.0,450.0,4.53325384419e-06
9,25.0,460.0,4.46631134554e-06
9,25.0,470.0,4.4035174282e-06
9,25.0,480.0,4.09686448463e-06
9,25.0,490.0,3.76738933082e-06
9,25.0,500.0,3.42473574104e-06
9,25.0,510.0,3.10420239399e-06
9,25.0,520.0,2.70534084443e-06
9,25.0,530.0,2.1979536303e-06
9,25.0,540.0,2.02926937439e-06
9,25.0,550.0,1.78927218306e-06
9,25.0,560.0,1.4830012521e-06
9,25.0,570.0,1.21676166737e-06
9,25.0,580.0,1.20274413685e-06
9,25.0,590.0,1.19489234039e-06
9,25.0,600.0,9.61958554605e-07
9,25.0,610.0,1.01138702551e-06
9,25.0,620.0,1.14746715332e-06
9,25.0,630.0,1.25513887151e-06
9,25.0,640.0,1.40668100821e-06
9,25.0,650.0,1.53140070491e-06
9,25.0,660.0,1.58264485605e-06
9,25.0,670.0,1.75699542166e-06
9,25.0,680.0,1.83280190163e-06
9,25.0,690.0,1.8699026219e-06
9,25.0,700.0,1.89828773771e-06
9,25.0,710.0,1.87811632709e-06
9,25.0,720.0,1.81356075832e-06
9,25.0,730.0,1.79923751969e-06
9,25.0,740.0,1.70966832184e-06
9,25.0,750.0,1.62846774561e-06
9,25.0,760.0,1.60937233418e-06
9,25.0,770.0,1.51621762896e-06
9,25.0,780.0,1.41000615143e-06
9,26.0,380.0,1.99642203809e-06
9,26.0,390.0,2.01422558055e-06
9,26.0,400.0,2.98108721893e-06
9,26.0,410.0,3.59544668565e-06
9,26.0,420.0,3.72048001013e-06
9,26.0,430.0,3.44549316249e-06
9,26.0,440.0,3.98718129916e-06
9,26.0,450.0,4.33561045046e-06
9,26.0,460.0,4.2619542842e-06
9,26.0,470.0,4.19378956581e-06
9,26.0,480.0,3.89349908126e-06
9,26.0,490.0,3.574290888e-06
9,26.0,500.0,3.24304723224e-06
9,26.0,510.0,2.93443272424e-06
9,26.0,520.0,2.55340328701e-06
9,26.0,530.0,2.07040616376e-06
9,26.0,540.0,1.90896866612e-06
9,26.0,550.0,1.68084563617e-06
9,26.0,560.0,1.39113281595e-06
9,26.0,570.0,1.13971785348e-06
9,26.0,580.0,1.12573968429e-06
9,26.0,590.0,1.1176628536e-06
9,26.0,600.0,8.98545566162e-07
9,26.0,610.0,9.44350203166e-07
9,26.0,620.0,1.07124151e-06
9,26.0,630.0,1.17138529001e-06
9,26.0,640.0,1.31249171039e-06
9,26.0,650.0,1.42843169885e-06
9,26.0,660.0,1.47570389266e-06
9,26.0,670.0,1.6377513336e-06
9,26.0,680.0,1.7078029992e-06
9,26.0,690.0,1.74169521326e-06
9,26.0,700.0,1.7674910803e-06
9,26.0,710.0,1.74798159671e-06
9,26.0,720.0,1.68719050425e-06
9,26.0,730.0,1.67322785554e-06
9,26.0,740.0,1.58926295631e-06
9,26.0,750.0,1.51312365878e-06
9,26.0,760.0,1.49486495688e-06
9,26.0,770.0,1.40778363307e-06
9,26.0,780.0,1.30860650517e-06
9,27.0,380.0,1.94988890973e-06
9,27.0,390.0,1.96046894693e-06
9,27.0,400.0,2.89231324e-06
9,27.0,410.0,3.47815979491e-06
9,27.0,420.0,3.58941190031e-06
9,27.0,430.0,3.31576190776e-06
9,27.0,440.0,3.82793128351e-06
9,27.0,450.0,4.1532934285e-06
9,27.0,460.0,4.07385634239e-06
9,27.0,470.0,4.00106131865e-06
9,27.0,480.0,3.70690768801e-06
9,27.0,490.0,3.3972974325e-06
9,27.0,500.0,3.07669538416e-06
9,27.0,510.0,2.77913324995e-06
9,27.0,520.0,2.41451411849e-06
9,27.0,530.0,1.95395803729e-06
9,27.0,540.0,1.7991936709e-06
9,27.0,550.0,1.58197218112e-06
9,27.0,560.0,1.30742644301e-06
9,27.0,570.0,1.06958552852e-06
9,27.0,580.0,1.05563992531e-06
9,27.0,590.0,1.04735053885e-06
9,27.0,600.0,8.40875555787e-07
9,27.0,610.0,8.83355382925e-07
9,27.0,620.0,1.00182621732e-06
9,27.0,630.0,1.09506967505e-06
9,27.0,640.0,1.22660653967e-06
9,27.0,650.0,1.33448418871e-06
9,27.0,660.0,1.37808413707e-06
9,27.0,670.0,1.52884342575e-06
9,27.0,680.0,1.59359009374e-06
9,27.0,690.0,1.62451146324e-06
9,27.0,700.0,1.64790162686e-06
9,27.0,710.0,1.6289750857e-06
9,27.0,720.0,1.57161249425e-06
9,27.0,730.0,1.55796562292e-06
9,27.0,740.0,1.47912821516e-06
9,27.0,750.0,1.40762949397e-06
9,27.0,760.0,1.39013877349e-06
9,27.0,770.0,1.30863006236e-06
9,27.0,780.0,1.21591483843e-06
9,28.0,380.0,1.90521144075e-06
9,28.0,390.0,1.90934710305e-06
9,28.0,400.0,2.80850619217e-06
9,28.0,410.0,3.36807287058e-06
9,28.0,420.0,3.46695210925e-06
9,28.0,430.0,3.19499966031e-06
9,28.0,440.0,3.68014357137e-06
9,28.0,450.0,3.984504562e-06
9,28.0,460.0,3.90008123362e-06
9,28.0,470.0,3.82326289304e-06
9,28.0,480.0,3.53502850271e-06
9,28.0,490.0,3.23438511383e-06
9,28.0,500.0,2.92372052854e-06
9,28.0,510.0,2.63641331631e-06
9,28.0,520.0,2.28692459986e-06
9,28.0,530.0,1.84707651587e-06
9,28.0,540.0,1.69844817867e-06
9,28.0,550.0,1.49125345014e-06
9,28.0,560.0,1.23065157473e-06
9,28.0,570.0,1.00529263268e-06
9,28.0,580.0,9.91359060277e-07
9,28.0,590.0,9.82862042391e-07
9,28.0,600.0,7.88024089766e-07
9,28.0,610.0,8.27438001593e-07
9,28.0,620.0,9.38161459364e-07
9,28.0,630.0,1.02506626175e-06
9,28.0,640.0,1.14781682711e-06
9,28.0,650.0,1.24829860977e-06
9,28.0,660.0,1.28853660662e-06
9,28.0,670.0,1.42894869761e-06
9,28.0,680.0,1.48883917228e-06
9,28.0,690.0,1.51704553013e-06
9,28.0,700.0,1.53823666256e-06
9,28.0,710.0,1.51984985642e-06
9,28.0,720.0,1.46563273446e-06
9,28.0,730.0,1.45227370918e-06
9,28.0,740.0,1.37813294637e-06
9,28.0,750.0,1.31088114977e-06
9,28.0,760.0,1.29408536561e-06
9,28.0,770.0,1.21767529348e-06
9,28.0,780.0,1.13087210583e-06
9,29.0,380.0,1.86218850773e-06
9,29.0,390.0,1.86056629583e-06
9,29.0,400.0,2.72909673158e-06
9,29.0,410.0,3.26434087313e-06
9,29.0,420.0,3.35206815513e-06
9,29.0,430.0,3.08211318934e-06
9,29.0,440.0,3.54241066218e-06
9,29.0,450.0,3.82757011528e-06
9,29.0,460.0,3.73887586694e-06
9,29.0,470.0,3.6585575326e-06
9,29.0,480.0,3.37610952862e-06
9,29.0,490.0,3.08387370474e-06
9,29.0,500.0,2.78258357627e-06
9,29.0,510.0,2.50486622224e-06
9,29.0,520.0,2.16939360027e-06
9,29.0,530.0,1.74878072104e-06
9,29.0,540.0,1.60581174165e-06
9,29.0,550.0,1.4078698453e-06
9,29.0,560.0,1.16012190977e-06
9,29.0,570.0,9.46266183783e-07
9,29.0,580.0,9.3231175731e-07
9,29.0,590.0,9.23593365373e-07
9,29.0,600.0,7.39494401194e-07
9,29.0,610.0,7.76058098697e-07
9,29.0,620.0,8.79605672706e-07
9,29.0,630.0,9.60642987251e-07
9,29.0,640.0,1.07526249772e-06
9,29.0,650.0,1.16890041957e-06
9,29.0,660.0,1.20602467983e-06
9,29.0,670.0,1.33688468651e-06
9,29.0,680.0,1.39229689707e-06
9,29.0,690.0,1.4180129096e-06
9,29.0,700.0,1.43719015422e-06
9,29.0,710.0,1.41933186211e-06
9,29.0,720.0,1.36804833132e-06
9,29.0,730.0,1.35498467001e-06
9,29.0,740.0,1.2852090393e-06
9,29.0,750.0,1.22191085781e-06
9,29.0,760.0,1.20577952692e-06
9,29.0,770.0,1.1340934317e-06
9,29.0,780.0,1.05276616819e-06
9,30.0,380.0,1.82075082808e-06
9,30.0,390.0,1.81396051141e-06
9,30.0,400.0,2.65369581472e-06
9,30.0,410.0,3.16632032055e-06
9,30.0,420.0,3.24391969342e-06
9,30.0,430.0,2.97616199027e-06
9,30.0,440.0,3.41344650911e-06
9,30.0,450.0,3.68089292291e-06
9,30.0,460.0,3.58843270666e-06
9,30.0,470.0,3.50500149071e-06
9,30.0,480.0,3.22809612408e-06
9,30.0,490.0,2.9437582066e-06
9,30.0,500.0,2.65127575996e-06
9,30.0,510.0,2.38253198401e-06
9,30.0,520.0,2.06011958288e-06
9,30.0,530.0,1.65745684874e-06
9,30.0,540.0,1.51974948243e-06
9,30.0,550.0,1.33041646482e-06
9,30.0,560.0,1.0946258677e-06
9,30.0,570.0,8.91472572579e-07
9,30.0,580.0,8.77476534638e-07
9,30.0,590.0,8.68531233367e-07
9,30.0,600.0,6.94436259707e-07
9,30.0,610.0,7.28325885383e-07
9,30.0,620.0,8.25161797074e-07
9,30.0,630.0,9.00709669986e-07
9,30.0,640.0,1.00772347964e-06
9,30.0,650.0,1.09495494356e-06
9,30.0,660.0,1.12915297109e-06
9,30.0,670.0,1.25108558612e-06
9,30.0,680.0,1.30230593174e-06
9,30.0,690.0,1.32569310486e-06
9,30.0,700.0,1.34298851527e-06
9,30.0,710.0,1.32563370576e-06
9,30.0,720.0,1.27710286927e-06
9,30.0,730.0,1.2643330336e-06
9,30.0,740.0,1.19865515315e-06
9,30.0,750.0,1.13907710836e-06
9,30.0,760.0,1.12359220727e-06
9,30.0,770.0,1.05634178223e-06
9,30.0,780.0,9.80155326723e-07
9,31.0,380.0,1.78076683422e-06
9,31.0,390.0,1.76932367052e-06
9,31.0,400.0,2.58189234918e-06
9,31.0,410.0,3.07339214993e-06
9,31.0,420.0,3.14174396375e-06
9,31.0,430.0,2.8763319307e-06
9,31.0,440.0,3.29218970982e-06
9,31.0,450.0,3.54319517305e-06
9,31.0,460.0,3.44737749463e-06
9,31.0,470.0,3.36113271011e-06
9,31.0,480.0,3.08952522786e-06
9,31.0,490.0,2.81260950669e-06
9,31.0,500.0,2.52841521994e-06
9,31.0,510.0,2.26808719694e-06
9,31.0,520.0,1.95789322224e-06
9,31.0,530.0,1.57206501525e-06
9,31.0,540.0,1.43926700947e-06
9,31.0,550.0,1.25798623507e-06
9,31.0,560.0,1.03338706737e-06
9,31.0,570.0,8.40255363255e-07
9,31.0,580.0,8.26198160263e-07
9,31.0,590.0,8.17020796472e-07
9,31.0,600.0,6.52308149857e-07
9,31.0,610.0,6.83672318204e-07
9,31.0,620.0,7.74189768267e-07
9,31.0,630.0,8.44567982861e-07
9,31.0,640.0,9.44420368724e-07
9,31.0,650.0,1.02561321328e-06
9,31.0,660.0,1.05703801869e-06
9,31.0,670.0,1.17056209715e-06
9,31.0,680.0,1.21781863019e-06
9,31.0,690.0,1.23899400288e-06
9,31.0,700.0,1.25449648112e-06
9,31.0,710.0,1.23759625494e-06
9,31.0,720.0,1.19163693716e-06
9,31.0,730.0,1.17912807051e-06
9,31.0,740.0,1.11729325685e-06
9,31.0,750.0,1.06120800109e-06
9,31.0,760.0,1.04632311763e-06
9,31.0,770.0,9.83242032659e-07
9,31.0,780.0,9.11893128803e-07
9,32.0,380.0,1.74210242179e-06
9,32.0,390.0,1.72646705056e-06
9,32.0,400.0,2.51333065593e-06
9,32.0,410.0,2.98504124968e-06
9,32.0,420.0,3.04492523632e-06
9,32.0,430.0,2.78198477784e-06
9,32.0,440.0,3.17783603702e-06
9,32.0,450.0,3.41353791957e-06
9,32.0,460.0,3.31474471146e-06
9,32.0,470.0,3.22595080036e-06
9,32.0,480.0,2.95945014766e-06
9,32.0,490.0,2.68952036201e-06
9,32.0,500.0,2.41316235698e-06
9,32.0,510.0,2.16074971058e-06
9,32.0,520.0,1.86200801358e-06
9,32.0,530.0,1.49201178304e-06
9,32.0,540.0,1.36378792717e-06
9,32.0,550.0,1.19004265735e-06
9,32.0,560.0,9.75932913792e-07
9,32.0,570.0,7.92199251278e-07
9,32.0,580.0,7.78050604602e-07
9,32.0,590.0,7.68627656143e-07
9,32.0,600.0,6.1273841577e-07
9,32.0,610.0,6.41705496026e-07
9,32.0,620.0,7.26252591757e-07
9,32.0,630.0,7.91745995208e-07
9,32.0,640.0,8.84835797585e-07
9,32.0,650.0,9.60324490029e-07
9,32.0,660.0,9.89123491574e-07
9,32.0,670.0,1.09471280131e-06
9,32.0,680.0,1.13822321109e-06
9,32.0,690.0,1.15730559877e-06
9,32.0,700.0,1.17110884242e-06
9,32.0,710.0,1.15463094972e-06
9,32.0,720.0,1.11108965193e-06
9,32.0,730.0,1.09881939641e-06
9,32.0,740.0,1.04060177953e-06
9,32.0,750.0,9.8780433969e-07
9,32.0,760.0,9.73476564791e-07
9,32.0,770.0,9.14319895912e-07
9,32.0,780.0,8.47526974659e-07
9,33.0,380.0,1.70466276355e-06
9,33.0,390.0,1.68523535095e-06
9,33.0,400.0,2.44769442399e-06
9,33.0,410.0,2.90078355226e-06
9,33.0,420.0,2.95286109444e-06
9,33.0,430.0,2.69247034193e-06
9,33.0,440.0,3.06952536271e-06
9,33.0,450.0,3.29087852194e-06
9,33.0,460.0,3.18939413337e-06
9,33.0,470.0,3.0982488381e-06
9,33.0,480.0,2.83664792649e-06
9,33.0,490.0,2.5733124509e-06
9,33.0,500.0,2.30438187028e-06
9,33.0,510.0,2.05944585365e-06
9,33.0,520.0,1.77149996733e-06
9,33.0,530.0,1.41648230727e-06
9,33.0,540.0,1.29255116271e-06
9,33.0,550.0,1.12590721577e-06
9,33.0,560.0,9.21696364922e-07
9,33.0,570.0,7.46836509388e-07
9,33.0,580.0,7.32574460345e-07
9,33.0,590.0,7.22896959792e-07
9,33.0,600.0,5.75361048058e-07
9,33.0,610.0,6.02042988712e-07
9,33.0,620.0,6.80915463411e-07
9,33.0,630.0,7.41765962661e-07
9,33.0,640.0,8.28428815895e-07
9,33.0,650.0,8.9849398691e-07
9,33.0,660.0,9.24790384445e-07
9,33.0,670.0,1.02284493223e-06
9,33.0,680.0,1.06279474931e-06
9,33.0,690.0,1.07989045278e-06
9,33.0,700.0,1.09207976179e-06
9,33.0,710.0,1.0760100516e-06
9,33.0,720.0,1.0347717396e-06
9,33.0,730.0,1.02273553378e-06
9,33.0,740.0,9.67961264321e-07
9,33.0,750.0,9.1829824749e-07
9,33.0,760.0,9.04504939599e-07
9,33.0,770.0,8.49079599566e-07
9,33.0,780.0,7.86620787467e-07
9,34.0,380.0,1.66841208765e-06
9,34.0,390.0,1.6455461594e-06
9,34.0,400.0,2.38479684291e-06
9,34.0,410.0,2.82032018478e-06
9,34.0,420.0,2.86517318469e-06
9,34.0,430.0,2.60737838854e-06
9,34.0,440.0,2.96671417685e-06
9,34.0,450.0,3.17456066795e-06
9,34.0,460.0,3.07060321682e-06
9,34.0,470.0,2.97726621291e-06
9,34.0,480.0,2.7203295033e-06
9,34.0,490.0,2.46322771164e-06
9,34.0,500.0,2.20132070419e-06
9,34.0,510.0,1.96344522695e-06
9,34.0,520.0,1.68570076608e-06
9,34.0,530.0,1.34487285971e-06
9,34.0,540.0,1.22498239577e-06
9,34.0,550.0,1.06505204625e-06
9,34.0,560.0,8.70218964506e-07
9,34.0,570.0,7.0377281143e-07
9,34.0,580.0,6.89379203079e-07
9,34.0,590.0,6.79440639055e-07
9,34.0,600.0,5.3984645831e-07
9,34.0,610.0,5.6433938243e-07
9,34.0,620.0,6.37793999511e-07
9,34.0,630.0,6.94210549052e-07
9,34.0,640.0,7.74738548246e-07
9,34.0,650.0,8.39624732274e-07
9,34.0,660.0,8.63526172437e-07
9,34.0,670.0,9.5439325897e-07
9,34.0,680.0,9.90944226868e-07
9,34.0,690.0,1.0061450789e-06
9,34.0,700.0,1.01679654102e-06
9,34.0,710.0,1.00112217201e-06
9,34.0,720.0,9.6208767579e-07
9,34.0,730.0,9.50285166062e-07
9,34.0,740.0,8.98806053653e-07
9,34.0,750.0,8.52146723007e-07
9,34.0,760.0,8.38877338697e-07
9,34.0,770.0,7.87022780822e-07
9,34.0,780.0,7.28710581538e-07
9,35.0,380.0,1.63177394782e-06
9,35.0,390.0,1.60582800203e-06
9,35.0,400.0,2.32237792e-06
9,35.0,410.0,2.74104817955e-06
9,35.0,420.0,2.77933313705e-06
9,35.0,430.0,2.52455445728e-06
9,35.0,440.0,2.86716454555e-06
9,35.0,450.0,3.06245305246e-06
9,35.0,460.0,2.95661959625e-06
9,35.0,470.0,2.86160559433e-06
9,35.0,480.0,2.60956140628e-06
9,35.0,490.0,2.35870441974e-06
9,35.0,500.0,2.10378306614e-06
9,35.0,510.0,1.87284621861e-06
9,35.0,520.0,1.60492556773e-06
9,35.0,530.0,1.27766368263e-06
9,35.0,540.0,1.16168578761e-06
9,35.0,550.0,1.0081558075e-06
9,35.0,560.0,8.2218422296e-07
9,35.0,570.0,6.63666106762e-07
9,35.0,580.0,6.49182355724e-07
9,35.0,590.0,6.39023956799e-07
9,35.0,600.0,5.06867652639e-07
9,35.0,610.0,5.29333139498e-07
9,35.0,620.0,5.97749894105e-07
9,35.0,630.0,6.50050207876e-07
9,35.0,640.0,7.24877380319e-07
9,35.0,650.0,7.8495392342e-07
9,35.0,660.0,8.06635853943e-07
9,35.0,670.0,8.90831172453e-07
9,35.0,680.0,9.24232985092e-07
9,35.0,690.0,9.37685413012e-07
9,35.0,700.0,9.46919028261e-07
9,35.0,710.0,9.31627157149e-07
9,35.0,720.0,8.94654237968e-07
9,35.0,730.0,8.8308278813e-07
9,35.0,740.0,8.34678168708e-07
9,35.0,750.0,7.90823652797e-07
9,35.0,760.0,7.7805366471e-07
9,35.0,770.0,7.29526237979e-07
9,35.0,780.0,6.75076066634e-07
9,36.0,380.0,1.59305825421e-06
9,36.0,390.0,1.56415118397e-06
9,36.0,400.0,2.25720454485e-06
9,36.0,410.0,2.65857001009e-06
9,36.0,420.0,2.69024703363e-06
9,36.0,430.0,2.43875925743e-06
9,36.0,440.0,2.76419457521e-06
9,36.0,450.0,2.94662533288e-06
9,36.0,460.0,2.83897948934e-06
9,36.0,470.0,2.74233045451e-06
9,36.0,480.0,2.49544517671e-06
9,36.0,490.0,2.2510950801e-06
9,36.0,500.0,2.00345745052e-06
9,36.0,510.0,1.77973512305e-06
9,36.0,520.0,1.52197330354e-06
9,36.0,530.0,1.20871634411e-06
9,36.0,540.0,1.09679537355e-06
9,36.0,550.0,9.49869355104e-07
9,36.0,560.0,7.73012629168e-07
9,36.0,570.0,6.22640658866e-07
9,36.0,580.0,6.08090160838e-07
9,36.0,590.0,5.97743312365e-07
9,36.0,600.0,4.73221497698e-07
9,36.0,610.0,4.93649113469e-07
9,36.0,620.0,5.56963802193e-07
9,36.0,630.0,6.05109486368e-07
9,36.0,640.0,6.74175708435e-07
9,36.0,650.0,7.29404862423e-07
9,36.0,660.0,7.48875824112e-07
9,36.0,670.0,8.26343615096e-07
9,36.0,680.0,8.56597618078e-07
9,36.0,690.0,8.68324560303e-07
9,36.0,700.0,8.76167115258e-07
9,36.0,710.0,8.61307293664e-07
9,36.0,720.0,8.26462275696e-07
9,36.0,730.0,8.15163761437e-07
9,36.0,740.0,7.6990343026e-07
9,36.0,750.0,7.28916409689e-07
9,36.0,760.0,7.16682187132e-07
9,36.0,770.0,6.71541616221e-07
9,36.0,780.0,6.21013536009e-07
9,37.0,380.0,1.55386013515e-06
9,37.0,390.0,1.52260713167e-06
9,37.0,400.0,2.19320093561e-06
9,37.0,410.0,2.57875893914e-06
9,37.0,420.0,2.60531116544e-06
9,37.0,430.0,2.35818591319e-06
9,37.0,440.0,2.66897243125e-06
9,37.0,450.0,2.84117056718e-06
9,37.0,460.0,2.73357399896e-06
9,37.0,470.0,2.63712243312e-06
9,37.0,480.0,2.39640853479e-06
9,37.0,490.0,2.15913037872e-06
9,37.0,500.0,1.91905710872e-06
9,37.0,510.0,1.70258486969e-06
9,37.0,520.0,1.45423085425e-06
9,37.0,530.0,1.15325205957e-06
9,37.0,540.0,1.04527822165e-06
9,37.0,550.0,9.04185821494e-07
9,37.0,560.0,7.34948094556e-07
9,37.0,570.0,5.91258326024e-07
9,37.0,580.0,5.76953906566e-07
9,37.0,590.0,5.66709059542e-07
9,37.0,600.0,4.48146894624e-07
9,37.0,610.0,4.67216884594e-07
9,37.0,620.0,5.26909539941e-07
9,37.0,630.0,5.72166207861e-07
9,37.0,640.0,6.37188763119e-07
9,37.0,650.0,6.89071453745e-07
9,37.0,660.0,7.07126448575e-07
9,37.0,670.0,7.7993018029e-07
9,37.0,680.0,8.08116032916e-07
9,37.0,690.0,8.18795748519e-07
9,37.0,700.0,8.2582590095e-07
9,37.0,710.0,8.11438379136e-07
9,37.0,720.0,7.78248848282e-07
9,37.0,730.0,7.67279302129e-07
9,37.0,740.0,7.24350868741e-07
9,37.0,750.0,6.85477759145e-07
9,37.0,760.0,6.73714888099e-07
9,37.0,770.0,6.31021676751e-07
9,37.0,780.0,5.83292413243e-07
9,38.0,380.0,1.51602310321e-06
9,38.0,390.0,1.48261625322e-06
9,38.0,400.0,2.13173346145e-06
9,38.0,410.0,2.50226647825e-06
9,38.0,420.0,2.52405566834e-06
9,38.0,430.0,2.28123439294e-06
9,38.0,440.0,2.57817710085e-06
9,38.0,450.0,2.74077066265e-06
9,38.0,460.0,2.63337287199e-06
9,38.0,470.0,2.53724679198e-06
9,38.0,480.0,2.30253102403e-06
9,38.0,490.0,2.07206751647e-06
9,38.0,500.0,1.8392671035e-06
9,38.0,510.0,1.62974557612e-06
9,38.0,520.0,1.39035257862e-06
9,38.0,530.0,1.10103076535e-06
9,38.0,540.0,9.96826761857e-07
9,38.0,550.0,8.61270677783e-07
9,38.0,560.0,6.99233240901e-07
9,38.0,570.0,5.61849914584e-07
9,38.0,580.0,5.4779633581e-07
9,38.0,590.0,5.37664561817e-07
9,38.0,600.0,4.24707845851e-07
9,38.0,610.0,4.42518938236e-07
9,38.0,620.0,4.98834808596e-07
9,38.0,630.0,5.41405738369e-07
9,38.0,640.0,6.02666021441e-07
9,38.0,650.0,6.51441907945e-07
9,38.0,660.0,6.68195204925e-07
9,38.0,670.0,7.36670250005e-07
9,38.0,680.0,7.62951359497e-07
9,38.0,690.0,7.72680096645e-07
9,38.0,700.0,7.78977855386e-07
9,38.0,710.0,7.65055595781e-07
9,38.0,720.0,7.33430770507e-07
9,38.0,730.0,7.22790063919e-07
9,38.0,740.0,6.82051418467e-07
9,38.0,750.0,6.45163730182e-07
9,38.0,760.0,6.33856602751e-07
9,38.0,770.0,5.93452369581e-07
9,38.0,780.0,5.48336480224e-07
9,39.0,380.0,1.480363171e-06
9,39.0,390.0,1.44509309159e-06
9,39.0,400.0,2.07427914817e-06
9,39.0,410.0,2.43100740987e-06
9,39.0,420.0,2.44858310609e-06
9,39.0,430.0,2.20994877775e-06
9,39.0,440.0,2.4942697984e-06
9,39.0,450.0,2.64818930609e-06
9,39.0,460.0,2.54116535649e-06
9,39.0,470.0,2.44550523608e-06
9,39.0,480.0,2.2164577728e-06
9,39.0,490.0,1.99236607378e-06
9,39.0,500.0,1.7663422614e-06
9,39.0,510.0,1.56327261485e-06
9,39.0,520.0,1.33213638809e-06
9,39.0,530.0,1.0535148785e-06
9,39.0,540.0,9.52793057936e-07
9,39.0,550.0,8.22315381658e-07
9,39.0,560.0,6.66853093713e-07
9,39.0,570.0,5.35219661053e-07
9,39.0,580.0,5.21412403477e-07
9,39.0,590.0,5.113992878e-07
9,39.0,600.0,4.03534705197e-07
9,39.0,610.0,4.20217402201e-07
9,39.0,620.0,4.73489216626e-07
9,39.0,630.0,5.13643815581e-07
9,39.0,640.0,5.71515809501e-07
9,39.0,650.0,6.17497417975e-07
9,39.0,660.0,6.33087042363e-07
9,39.0,670.0,6.97669131277e-07
9,39.0,680.0,7.22245383447e-07
9,39.0,690.0,7.31130877331e-07
9,39.0,700.0,7.36782177629e-07
9,39.0,710.0,7.23294390381e-07
9,39.0,720.0,6.93093748016e-07
9,39.0,730.0,6.82763183158e-07
9,39.0,740.0,6.44009935807e-07
9,39.0,750.0,6.08923247805e-07
9,39.0,760.0,5.98037991018e-07
9,39.0,770.0,5.59704221172e-07
9,39.0,780.0,5.16950039538e-07
9,40.0,380.0,1.44667973367e-06
9,40.0,390.0,1.40977061189e-06
9,40.0,400.0,2.02035243057e-06
9,40.0,410.0,2.36429387256e-06
9,40.0,420.0,2.37808247383e-06
9,40.0,430.0,2.14349232443e-06
9,40.0,440.0,2.41619036335e-06
9,40.0,450.0,2.56217942908e-06
9,40.0,460.0,2.45564080416e-06
9,40.0,470.0,2.36052706478e-06
9,40.0,480.0,2.13684983634e-06
9,40.0,490.0,1.91873486532e-06
9,40.0,500.0,1.69906119439e-06
9,40.0,510.0,1.5020175579e-06
9,40.0,520.0,1.27854689968e-06
9,40.0,530.0,1.0098379804e-06
9,40.0,540.0,9.12353080957e-07
9,40.0,550.0,7.86573583297e-07
9,40.0,560.0,6.3717345873e-07
9,40.0,570.0,5.1083486275e-07
9,40.0,580.0,4.97263600697e-07
9,40.0,590.0,4.87366580265e-07
9,40.0,600.0,3.84177940841e-07
9,40.0,610.0,3.99830829079e-07
9,40.0,620.0,4.50317484082e-07
9,40.0,630.0,4.88263335902e-07
9,40.0,640.0,5.43036389764e-07
9,40.0,650.0,5.86463312065e-07
9,40.0,660.0,6.00990551305e-07
9,40.0,670.0,6.62014662986e-07
9,40.0,680.0,6.85034815885e-07
9,40.0,690.0,6.93153207898e-07
9,40.0,700.0,6.98217190345e-07
9,40.0,710.0,6.85131727988e-07
9,40.0,720.0,6.56238087786e-07
9,40.0,730.0,6.46196002651e-07
9,40.0,740.0,6.09262642884e-07
9,40.0,750.0,5.75827483027e-07
9,40.0,760.0,5.65332761119e-07
9,40.0,770.0,5.2889572219e-07
9,40.0,780.0,4.8830427548e-07
9,41.0,380.0,1.41488721474e-06
9,41.0,390.0,1.37653547531e-06
9,41.0,400.0,1.96974995865e-06
9,41.0,410.0,2.3018424856e-06
9,41.0,420.0,2.31222626943e-06
9,41.0,430.0,2.0815336471e-06
9,41.0,440.0,2.34352537544e-06
9,41.0,450.0,2.48226362518e-06
9,41.0,460.0,2.37630057723e-06
9,41.0,470.0,2.28180059948e-06
9,41.0,480.0,2.0632031972e-06
9,41.0,490.0,1.85069545915e-06
9,41.0,500.0,1.63696556215e-06
9,41.0,510.0,1.44554532279e-06
9,41.0,520.0,1.22918964684e-06
9,41.0,530.0,9.69655303702e-07
9,41.0,540.0,8.75177291754e-07
9,41.0,550.0,7.53742121603e-07
9,41.0,560.0,6.09930994459e-07
9,41.0,570.0,4.88468732458e-07
9,41.0,580.0,4.75122961344e-07
9,41.0,590.0,4.65340023108e-07
9,41.0,600.0,3.66447192143e-07
9,41.0,610.0,3.81160615582e-07
9,41.0,620.0,4.29100168626e-07
9,41.0,630.0,4.65028833136e-07
9,41.0,640.0,5.16970979663e-07
9,41.0,650.0,5.58066595824e-07
9,41.0,660.0,5.71628720397e-07
9,41.0,670.0,6.29405551249e-07
9,41.0,680.0,6.5100984302e-07
9,41.0,690.0,6.58433491058e-07
9,41.0,700.0,6.6296698016e-07
9,41.0,710.0,6.50254394094e-07
9,41.0,720.0,6.22559442363e-07
9,41.0,730.0,6.12785128672e-07
9,41.0,740.0,5.77517326183e-07
9,41.0,750.0,5.45592796752e-07
9,41.0,760.0,5.35457953573e-07
9,41.0,770.0,5.00755152146e-07
9,41.0,780.0,4.62139569479e-07
9,42.0,380.0,1.38486402366e-06
9,42.0,390.0,1.34524256522e-06
9,42.0,400.0,1.92222602466e-06
9,42.0,410.0,2.24332162797e-06
9,42.0,420.0,2.25063711492e-06
9,42.0,430.0,2.02369282013e-06
9,42.0,440.0,2.27580055038e-06
9,42.0,450.0,2.40789150584e-06
9,42.0,460.0,2.30256849153e-06
9,42.0,470.0,2.20873075146e-06
9,42.0,480.0,1.99493581323e-06
9,42.0,490.0,1.78769433599e-06
9,42.0,500.0,1.57953397225e-06
9,42.0,510.0,1.39337022727e-06
9,42.0,520.0,1.18363255668e-06
9,42.0,530.0,9.32609477202e-07
9,42.0,540.0,8.40932925872e-07
9,42.0,550.0,7.23526331128e-07
9,42.0,560.0,5.84881742161e-07
9,42.0,570.0,4.67922450532e-07
9,42.0,580.0,4.5479489828e-07
9,42.0,590.0,4.4512610024e-07
9,42.0,600.0,3.50189522026e-07
9,42.0,610.0,3.64046790856e-07
9,42.0,620.0,4.09655223045e-07
9,42.0,630.0,4.43741001702e-07
9,42.0,640.0,4.93094848505e-07
9,42.0,650.0,5.32061293608e-07
9,42.0,660.0,5.44746532168e-07
9,42.0,670.0,5.99556948738e-07
9,42.0,680.0,6.19872200242e-07
9,42.0,690.0,6.26667082507e-07
9,42.0,700.0,6.30721283029e-07
9,42.0,710.0,6.18356030763e-07
9,42.0,720.0,5.91762845848e-07
9,42.0,730.0,5.82237613301e-07
9,42.0,740.0,5.48496640343e-07
9,42.0,750.0,5.17956543317e-07
9,42.0,760.0,5.08152448341e-07
9,42.0,770.0,4.75036559239e-07
9,42.0,780.0,4.38228413437e-07
9,43.0,380.0,1.35647883029e-06
9,43.0,390.0,1.31574146068e-06
9,43.0,400.0,1.87753377161e-06
9,43.0,410.0,2.18840687899e-06
9,43.0,420.0,2.19295409245e-06
9,43.0,430.0,1.96961418068e-06
9,43.0,440.0,2.2125812856e-06
9,43.0,450.0,2.33856749842e-06
9,43.0,460.0,2.23393563333e-06
9,43.0,470.0,2.14079769658e-06
9,43.0,480.0,1.93154659346e-06
9,43.0,490.0,1.72925741237e-06
9,43.0,500.0,1.52632236589e-06
9,43.0,510.0,1.34507881973e-06
9,43.0,520.0,1.14150654286e-06
9,43.0,530.0,8.98392694067e-07
9,43.0,540.0,8.09330417127e-07
9,43.0,550.0,6.95666223382e-07
9,43.0,560.0,5.61806588097e-07
9,43.0,570.0,4.49013598387e-07
9,43.0,580.0,4.36097054447e-07
9,43.0,590.0,4.26541778418e-07
9,43.0,600.0,3.35256178664e-07
9,43.0,610.0,3.48331776595e-07
9,43.0,620.0,3.91802787908e-07
9,43.0,630.0,4.24202299686e-07
9,43.0,640.0,4.71186182538e-07
9,43.0,650.0,5.08205971977e-07
9,43.0,660.0,5.2009497283e-07
9,43.0,670.0,5.72193536073e-07
9,43.0,680.0,5.91336323172e-07
9,43.0,690.0,5.97564733648e-07
9,43.0,700.0,6.01189038358e-07
9,43.0,710.0,5.89151572057e-07
9,43.0,720.0,5.63576189938e-07
9,43.0,730.0,5.54286908024e-07
9,43.0,740.0,5.21950835215e-07
9,43.0,750.0,4.9268446085e-07
9,43.0,760.0,4.8318822747e-07
9,43.0,770.0,4.51528645892e-07
9,43.0,780.0,4.16377823086e-07
9,44.0,380.0,1.32961931524e-06
9,44.0,390.0,1.28790277796e-06
9,44.0,400.0,1.83546046424e-06
9,44.0,410.0,2.13681875439e-06
9,44.0,420.0,2.1388664882e-06
9,44.0,430.0,1.91899195261e-06
9,44.0,440.0,2.15349515555e-06
9,44.0,450.0,2.27386759271e-06
9,44.0,460.0,2.16996965823e-06
9,44.0,470.0,2.07755972289e-06
9,44.0,480.0,1.87261515441e-06
9,44.0,490.0,1.67498646032e-06
9,44.0,500.0,1.4769624307e-06
9,44.0,510.0,1.30033130601e-06
9,44.0,520.0,1.10250998884e-06
9,44.0,530.0,8.66758642494e-07
9,44.0,540.0,7.80138196621e-07
9,44.0,550.0,6.6995448774e-07
9,44.0,560.0,5.40531243057e-07
9,44.0,570.0,4.31596961975e-07
9,44.0,580.0,4.1888282758e-07
9,44.0,590.0,4.09438110365e-07
9,44.0,600.0,3.21525188373e-07
9,44.0,610.0,3.33884428101e-07
9,44.0,620.0,3.75390118611e-07
9,44.0,630.0,4.06241505345e-07
9,44.0,640.0,4.51048243422e-07
9,44.0,650.0,4.8628155674e-07
9,44.0,660.0,4.97443059764e-07
9,44.0,670.0,5.47054114137e-07
9,44.0,680.0,5.6512547301e-07
9,44.0,690.0,5.70840478501e-07
9,44.0,700.0,5.74076733888e-07
9,44.0,710.0,5.62348314426e-07
9,44.0,720.0,5.37715200828e-07
9,44.0,730.0,5.28649743859e-07
9,44.0,740.0,4.9761028797e-07
9,44.0,750.0,4.69519872284e-07
9,44.0,760.0,4.60311783567e-07
9,44.0,770.0,4.29993389746e-07
9,44.0,780.0,3.96367783781e-07
9,45.0,380.0,1.30419421987e-06
9,45.0,390.0,1.26161939391e-06
9,45.0,400.0,1.79582734334e-06
9,45.0,410.0,2.08831941333e-06
9,45.0,420.0,2.08810698593e-06
9,45.0,430.0,1.87156055507e-06
9,45.0,440.0,2.09821580572e-06
9,45.0,450.0,2.21341755956e-06
9,45.0,460.0,2.11028573442e-06
9,45.0,470.0,2.01862191988e-06
9,45.0,480.0,1.81776227579e-06
9,45.0,490.0,1.62452146078e-06
9,45.0,500.0,1.43111849018e-06
9,45.0,510.0,1.25881639059e-06
9,45.0,520.0,1.0663659531e-06
9,45.0,530.0,8.37478229283e-07
9,45.0,540.0,7.53140962004e-07
9,45.0,550.0,6.46198218243e-07
9,45.0,560.0,5.20893328721e-07
9,45.0,570.0,4.15537193741e-07
9,45.0,580.0,4.03016801467e-07
9,45.0,590.0,3.93679068042e-07
9,45.0,600.0,3.08885308444e-07
9,45.0,610.0,3.20586581256e-07
9,45.0,620.0,3.60281884757e-07
9,45.0,630.0,3.89708916972e-07
9,45.0,640.0,4.32511337948e-07
9,45.0,650.0,4.66101090952e-07
9,45.0,660.0,4.76595207196e-07
9,45.0,670.0,5.23918973567e-07
9,45.0,680.0,5.41007774049e-07
9,45.0,690.0,5.46255034925e-07
9,45.0,700.0,5.49138886034e-07
9,45.0,710.0,5.37700859416e-07
9,45.0,720.0,5.13940625327e-07
9,45.0,730.0,5.05086801661e-07
9,45.0,740.0,4.75245811316e-07
9,45.0,750.0,4.48242931546e-07
9,45.0,760.0,4.3930488831e-07
9,45.0,770.0,4.1022435197e-07
9,45.0,780.0,3.78005624373e-07
9,46.0,380.0,1.28011594488e-06
9,46.0,390.0,1.23678967732e-06
9,46.0,400.0,1.7584668235e-06
9,46.0,410.0,2.04268858812e-06
9,46.0,420.0,2.04043163447e-06
9,46.0,430.0,1.82708098249e-06
9,46.0,440.0,2.04645250079e-06
9,46.0,450.0,2.15688828378e-06
9,46.0,460.0,2.05454574112e-06
9,46.0,470.0,1.96364185801e-06
9,46.0,480.0,1.7666545218e-06
9,46.0,490.0,1.57754892502e-06
9,46.0,500.0,1.38849289922e-06
9,46.0,510.0,1.22025368558e-06
9,46.0,520.0,1.03282191496e-06
9,46.0,530.0,8.10332356374e-07
9,46.0,540.0,7.2813051677e-07
9,46.0,550.0,6.24206830711e-07
9,46.0,560.0,5.02727948186e-07
9,46.0,570.0,4.00692669539e-07
9,46.0,580.0,3.88357308909e-07
9,46.0,590.0,3.79123131222e-07
9,46.0,600.0,2.97217280598e-07
9,46.0,610.0,3.08313212765e-07
9,46.0,620.0,3.4633895111e-07
9,46.0,630.0,3.74454001457e-07
9,46.0,640.0,4.1540974085e-07
9,46.0,650.0,4.47486587491e-07
9,46.0,660.0,4.57368838836e-07
9,46.0,670.0,5.0258737766e-07
9,46.0,680.0,5.18774622361e-07
9,46.0,690.0,5.23595126914e-07
9,46.0,700.0,5.26158705833e-07
9,46.0,710.0,5.14992550106e-07
9,46.0,720.0,4.92040549793e-07
9,46.0,730.0,4.83385814314e-07
9,46.0,740.0,4.54652278687e-07
9,46.0,750.0,4.28654195381e-07
9,46.0,760.0,4.19968697035e-07
9,46.0,770.0,3.92030968932e-07
9,46.0,780.0,3.61109882406e-07
9,47.0,380.0,1.25729542733e-06
9,47.0,390.0,1.21331315672e-06
9,47.0,400.0,1.72321641668e-06
9,47.0,410.0,1.99971554844e-06
9,47.0,420.0,1.9956089969e-06
9,47.0,430.0,1.78532771809e-06
9,47.0,440.0,1.99793210644e-06
9,47.0,450.0,2.10397123884e-06
9,47.0,460.0,2.00243447116e-06
9,47.0,470.0,1.91230056792e-06
9,47.0,480.0,1.71898495421e-06
9,47.0,490.0,1.53378089465e-06
9,47.0,500.0,1.34881632502e-06
9,47.0,510.0,1.18439316737e-06
9,47.0,520.0,1.00165570521e-06
9,47.0,530.0,7.85134490476e-07
9,47.0,540.0,7.04932091203e-07
9,47.0,550.0,6.0382357386e-07
9,47.0,560.0,4.85902791066e-07
9,47.0,570.0,3.86952798592e-07
9,47.0,580.0,3.74794955366e-07
9,47.0,590.0,3.6566200609e-07
9,47.0,600.0,2.86432744127e-07
9,47.0,610.0,2.96972342419e-07
9,47.0,620.0,3.33458630705e-07
9,47.0,630.0,3.60365708567e-07
9,47.0,640.0,3.9962047935e-07
9,47.0,650.0,4.30305374219e-07
9,47.0,660.0,4.39627717891e-07
9,47.0,670.0,4.82908843616e-07
9,47.0,680.0,4.98269422595e-07
9,47.0,690.0,5.02700996237e-07
9,47.0,700.0,5.04973766e-07
9,47.0,710.0,4.94062050125e-07
9,47.0,720.0,4.71858294302e-07
9,47.0,730.0,4.6339025959e-07
9,47.0,740.0,4.35679630518e-07
9,47.0,750.0,4.10609220597e-07
9,47.0,760.0,4.02158906229e-07
9,47.0,770.0,3.75275571418e-07
9,47.0,780.0,3.45550713534e-07
9,48.0,380.0,1.23565076608e-06
9,48.0,390.0,1.19109794593e-06
9,48.0,400.0,1.68992730658e-06
9,48.0,410.0,1.95920615725e-06
9,48.0,420.0,1.95342373693e-06
9,48.0,430.0,1.74608856955e-06
9,48.0,440.0,1.95239502208e-06
9,48.0,450.0,2.05436975102e-06
9,48.0,460.0,1.95364728003e-06
9,48.0,470.0,1.86428639759e-06
9,48.0,480.0,1.67445510862e-06
9,48.0,490.0,1.49293534157e-06
9,48.0,500.0,1.31182786011e-06
9,48.0,510.0,1.15099530106e-06
9,48.0,520.0,9.72656561422e-07
9,48.0,530.0,7.61715313924e-07
9,48.0,540.0,6.83389375276e-07
9,48.0,550.0,5.84911971453e-07
9,48.0,560.0,4.70306920177e-07
9,48.0,570.0,3.74229121919e-07
9,48.0,580.0,3.62242647893e-07
9,48.0,590.0,3.53209110137e-07
9,48.0,600.0,2.76464828407e-07
9,48.0,610.0,2.86493215606e-07
9,48.0,620.0,3.21558720648e-07
9,48.0,630.0,3.47352791743e-07
9,48.0,640.0,3.85039027477e-07
9,48.0,650.0,4.14441614635e-07
9,48.0,660.0,4.23250627591e-07
9,48.0,670.0,4.64746690823e-07
9,48.0,680.0,4.79348013134e-07
9,48.0,690.0,4.83424566187e-07
9,48.0,700.0,4.85432397426e-07
9,48.0,710.0,4.74759003355e-07
9,48.0,720.0,4.53248572901e-07
9,48.0,730.0,4.44955261372e-07
9,48.0,740.0,4.18190296273e-07
9,48.0,750.0,3.93977400853e-07
9,48.0,760.0,3.85745206459e-07
9,48.0,770.0,3.59835121553e-07
9,48.0,780.0,3.31214121663e-07
9,49.0,380.0,1.21511545342e-06
9,49.0,390.0,1.17006774851e-06
9,49.0,400.0,1.65847473347e-06
9,49.0,410.0,1.92099761008e-06
9,49.0,420.0,1.91369635304e-06
9,49.0,430.0,1.70918847894e-06
9,49.0,440.0,1.90962984384e-06
9,49.0,450.0,2.00784544225e-06
9,49.0,460.0,1.90794249439e-06
9,49.0,470.0,1.81935483739e-06
9,49.0,480.0,1.63283216675e-06
9,49.0,490.0,1.45479350788e-06
9,49.0,500.0,1.27732444806e-06
9,49.0,510.0,1.11987211254e-06
9,49.0,520.0,9.45657194843e-07
9,49.0,530.0,7.39935816779e-07
9,49.0,540.0,6.6337152798e-07
9,49.0,550.0,5.6735431807e-07
9,49.0,560.0,4.55840782425e-07
9,49.0,570.0,3.62438313483e-07
9,49.0,580.0,3.50616858646e-07
9,49.0,590.0,3.41680445667e-07
9,49.0,600.0,2.67244808187e-07
9,49.0,610.0,2.76803020721e-07
9,49.0,620.0,3.10556240387e-07
9,49.0,630.0,3.35324171667e-07
9,49.0,640.0,3.7156325465e-07
9,49.0,650.0,3.99784236757e-07
9,49.0,660.0,4.08122986522e-07
9,49.0,670.0,4.47974219459e-07
9,49.0,680.0,4.61878842474e-07
9,49.0,690.0,4.65632314621e-07
9,49.0,700.0,4.67399919717e-07
9,49.0,710.0,4.56950984161e-07
9,49.0,720.0,4.36084357554e-07
9,49.0,730.0,4.27955742789e-07
9,49.0,740.0,4.02066266001e-07
9,49.0,750.0,3.78647108018e-07
9,49.0,760.0,3.70618142832e-07
9,49.0,770.0,3.45607205587e-07
9,49.0,780.0,3.18005437514e-07
9,50.0,380.0,1.19562956466e-06
9,50.0,390.0,1.15015451142e-06
9,50.0,400.0,1.62874821893e-06
9,50.0,410.0,1.88494635051e-06
9,50.0,420.0,1.87626867762e-06
9,50.0,430.0,1.6744729972e-06
9,50.0,440.0,1.86944980974e-06
9,50.0,450.0,1.96418692031e-06
9,50.0,460.0,1.86510615374e-06
9,50.0,470.0,1.7772882531e-06
9,50.0,480.0,1.59391111309e-06
9,50.0,490.0,1.41916202328e-06
9,50.0,500.0,1.2451291212e-06
9,50.0,510.0,1.09086201478e-06
9,50.0,520.0,9.20515516196e-07
9,50.0,530.0,7.19681981517e-07
9,50.0,540.0,6.4477217819e-07
9,50.0,550.0,5.51056370737e-07
9,50.0,560.0,4.42426066867e-07
9,50.0,570.0,3.51515909851e-07
9,50.0,580.0,3.39852825982e-07
9,50.0,590.0,3.31010523894e-07
9,50.0,600.0,2.58719795744e-07
9,50.0,610.0,2.67845122114e-07
9,50.0,620.0,3.00385304801e-07
9,50.0,630.0,3.24206187905e-07
9,50.0,640.0,3.59108575102e-07
9,50.0,650.0,3.86239176524e-07
9,50.0,660.0,3.94145927339e-07
9,50.0,670.0,4.32479848926e-07
9,50.0,680.0,4.45744101312e-07
9,50.0,690.0,4.49203119049e-07
9,50.0,700.0,4.50752558048e-07
9,50.0,710.0,4.40515433224e-07
9,50.0,720.0,4.20247546453e-07
9,50.0,730.0,4.12274762977e-07
9,50.0,740.0,3.87197213075e-07
9,50.0,750.0,3.64514379192e-07
9,50.0,760.0,3.5667558216e-07
9,50.0,770.0,3.32496751087e-07
9,50.0,780.0,3.05837787187e-07
9,51.0,380.0,1.17713823694e-06
9,51.0,390.0,1.13129621219e-06
9,51.0,400.0,1.60064701359e-06
9,51.0,410.0,1.85092091863e-06
9,51.0,420.0,1.84099525367e-06
9,51.0,430.0,1.64179923655e-06
9,51.0,440.0,1.83168040912e-06
9,51.0,450.0,1.92319532416e-06
9,51.0,460.0,1.82493322565e-06
9,51.0,470.0,1.73787737885e-06
9,51.0,480.0,1.55748849231e-06
9,51.0,490.0,1.38584851217e-06
9,51.0,500.0,1.21506012157e-06
9,51.0,510.0,1.06379470912e-06
9,51.0,520.0,8.97078961455e-07
9,51.0,530.0,7.00824258214e-07
9,51.0,540.0,6.27469127586e-07
9,51.0,550.0,5.35907720567e-07
9,51.0,560.0,4.29968906287e-07
9,51.0,570.0,3.41382962574e-07
9,51.0,580.0,3.29871767512e-07
9,51.0,590.0,3.2112050047e-07
9,51.0,600.0,2.5082480642e-07
9,51.0,610.0,2.59550894913e-07
9,51.0,620.0,2.90968250313e-07
9,51.0,630.0,3.13913879357e-07
9,51.0,640.0,3.47580125923e-07
9,51.0,650.0,3.73703457399e-07
9,51.0,660.0,3.81213124063e-07
9,51.0,670.0,4.18145915123e-07
9,51.0,680.0,4.30821236242e-07
9,51.0,690.0,4.34011925888e-07
9,51.0,700.0,4.35363557049e-07
9,51.0,710.0,4.25326741698e-07
9,51.0,720.0,4.05616638547e-07
9,51.0,730.0,3.97791916205e-07
9,51.0,740.0,3.73468572324e-07
9,51.0,750.0,3.51469863979e-07
9,51.0,760.0,3.43809971965e-07
9,51.0,770.0,3.20402592696e-07
9,51.0,780.0,2.94617018856e-07
9,52.0,380.0,1.1595866124e-06
9,52.0,390.0,1.11343135453e-06
9,52.0,400.0,1.57407234085e-06
9,52.0,410.0,1.81879421913e-06
9,52.0,420.0,1.80773778884e-06
9,52.0,430.0,1.61103378602e-06
9,52.0,440.0,1.79616165734e-06
9,52.0,450.0,1.88469181762e-06
9,52.0,460.0,1.78724243673e-06
9,52.0,470.0,1.70094056503e-06
9,52.0,480.0,1.52338993474e-06
9,52.0,490.0,1.3546906394e-06
9,52.0,500.0,1.18696546669e-06
9,52.0,510.0,1.03852885006e-06
9,52.0,520.0,8.75221694446e-07
9,52.0,530.0,6.83255324867e-07
9,52.0,540.0,6.11361454692e-07
9,52.0,550.0,5.21817003873e-07
9,52.0,560.0,4.1839110952e-07
9,52.0,570.0,3.31972973625e-07
9,52.0,580.0,3.20607540295e-07
9,52.0,590.0,3.11944567967e-07
9,52.0,600.0,2.43504788185e-07
9,52.0,610.0,2.51862734809e-07
9,52.0,620.0,2.82240842416e-07
9,52.0,630.0,3.04377588247e-07
9,52.0,640.0,3.36900857587e-07
9,52.0,650.0,3.62093936812e-07
9,52.0,660.0,3.6923895866e-07
9,52.0,670.0,4.04877859062e-07
9,52.0,680.0,4.17011685503e-07
9,52.0,690.0,4.19957840893e-07
9,52.0,700.0,4.21130262793e-07
9,52.0,710.0,4.11282508106e-07
9,52.0,720.0,3.92091796879e-07
9,52.0,730.0,3.84407511942e-07
9,52.0,740.0,3.60784552122e-07
9,52.0,750.0,3.39421103035e-07
9,52.0,760.0,3.31929604185e-07
9,52.0,770.0,3.09237531125e-07
9,52.0,780.0,2.84260932126e-07
9,53.0,380.0,1.14292258113e-06
9,53.0,390.0,1.0965028146e-06
9,53.0,400.0,1.54893406125e-06
9,53.0,410.0,1.78845186542e-06
9,53.0,420.0,1.77637303104e-06
9,53.0,430.0,1.58205861481e-06
9,53.0,440.0,1.76275289227e-06
9,53.0,450.0,1.84851970106e-06
9,53.0,460.0,1.75187580702e-06
9,53.0,470.0,1.66631953408e-06
9,53.0,480.0,1.4914646605e-06
9,53.0,490.0,1.32554784371e-06
9,53.0,500.0,1.1607143508e-06
9,53.0,510.0,1.01494334936e-06
9,53.0,520.0,8.54836211923e-07
9,53.0,530.0,6.66884471271e-07
9,53.0,540.0,5.96363771346e-07
9,53.0,550.0,5.08707044591e-07
9,53.0,560.0,4.07626810239e-07
9,53.0,570.0,3.23230111961e-07
9,53.0,580.0,3.12004383393e-07
9,53.0,590.0,3.03427051442e-07
9,53.0,600.0,2.3671340317e-07
9,53.0,610.0,2.44731986768e-07
9,53.0,620.0,2.74148651614e-07
9,53.0,630.0,2.95538240975e-07
9,53.0,640.0,3.27005394968e-07
9,53.0,650.0,3.5134011227e-07
9,53.0,660.0,3.58150981589e-07
9,53.0,670.0,3.92595803464e-07
9,53.0,680.0,4.04232368441e-07
9,53.0,690.0,4.06956009827e-07
9,53.0,700.0,4.07966473988e-07
9,53.0,710.0,3.98296878163e-07
9,53.0,720.0,3.79589394284e-07
9,53.0,730.0,3.72038023854e-07
9,53.0,740.0,3.49064843027e-07
9,53.0,750.0,3.28290479952e-07
9,53.0,760.0,3.2095726302e-07
9,53.0,770.0,2.98927907776e-07
9,53.0,780.0,2.74699836926e-07
9,54.0,380.0,1.12710259342e-06
9,54.0,390.0,1.08046186742e-06
9,54.0,400.0,1.5251535027e-06
9,54.0,410.0,1.75979155889e-06
9,54.0,420.0,1.7467878114e-06
9,54.0,430.0,1.55476253693e-06
9,54.0,440.0,1.73131867508e-06
9,54.0,450.0,1.81452472293e-06
9,54.0,460.0,1.71867610408e-06
9,54.0,470.0,1.63385389626e-06
9,54.0,480.0,1.461560877e-06
9,54.0,490.0,1.29827710367e-06
9,54.0,500.0,1.13617617377e-06
9,54.0,510.0,9.92919692349e-07
9,54.0,520.0,8.35819258586e-07
9,54.0,530.0,6.51631072791e-07
9,54.0,540.0,5.82402399949e-07
9,54.0,550.0,4.9651457662e-07
9,54.0,560.0,3.97625727869e-07
9,54.0,570.0,3.15115397357e-07
9,54.0,580.0,3.04024003049e-07
9,54.0,590.0,2.95529776891e-07
9,54.0,600.0,2.3042209519e-07
9,54.0,610.0,2.38128059736e-07
9,54.0,620.0,2.66655226531e-07
9,54.0,630.0,2.87354653599e-07
9,54.0,640.0,3.17845523189e-07
9,54.0,650.0,3.41387542164e-07
9,54.0,660.0,3.47891322097e-07
9,54.0,670.0,3.81233378675e-07
9,54.0,680.0,3.9241224565e-07
9,54.0,690.0,3.94932514466e-07
9,54.0,700.0,3.95795452828e-07
9,54.0,710.0,3.86292928359e-07
9,54.0,720.0,3.68034304939e-07
9,54.0,730.0,3.60607680792e-07
9,54.0,740.0,3.38236793417e-07
9,54.0,750.0,3.18008406562e-07
9,54.0,760.0,3.10822808723e-07
9,54.0,770.0,2.89406948555e-07
9,54.0,780.0,2.65871442053e-07
9,55.0,380.0,1.11208493172e-06
9,55.0,390.0,1.06526162001e-06
9,55.0,400.0,1.50265504049e-06
9,55.0,410.0,1.73271553711e-06
9,55.0,420.0,1.71887510175e-06
9,55.0,430.0,1.52904168423e-06
9,55.0,440.0,1.70173390357e-06
9,55.0,450.0,1.78256622617e-06
9,55.0,460.0,1.6875006624e-06
9,55.0,470.0,1.60339979764e-06
9,55.0,480.0,1.43354122579e-06
9,55.0,490.0,1.27274990166e-06
9,55.0,500.0,1.1132314707e-06
9,55.0,510.0,9.72347419704e-07
9,55.0,520.0,8.18072903851e-07
9,55.0,530.0,6.3741353738e-07
9,55.0,540.0,5.69401091342e-07
9,55.0,550.0,4.85171469027e-07
9,55.0,560.0,3.8833065799e-07
9,55.0,570.0,3.07581351241e-07
9,55.0,580.0,2.96619461981e-07
9,55.0,590.0,2.88206222634e-07
9,55.0,600.0,2.24593216546e-07
9,55.0,610.0,2.32011671711e-07
9,55.0,620.0,2.59716459757e-07
9,55.0,630.0,2.79779025395e-07
9,55.0,640.0,3.09368217177e-07
9,55.0,650.0,3.32179055903e-07
9,55.0,660.0,3.38401399135e-07
9,55.0,670.0,3.70726098004e-07
9,55.0,680.0,3.81484543327e-07
9,55.0,690.0,3.83819659247e-07
9,55.0,700.0,3.84548857469e-07
9,55.0,710.0,3.75203333243e-07
9,55.0,720.0,3.57361730794e-07
9,55.0,730.0,3.50052340571e-07
9,55.0,740.0,3.28239517343e-07
9,55.0,750.0,3.08516882966e-07
9,55.0,760.0,3.01468833523e-07
9,55.0,770.0,2.80620422656e-07
9,55.0,780.0,2.57725125092e-07
9,56.0,380.0,1.09783099302e-06
9,56.0,390.0,1.05085953781e-06
9,56.0,400.0,1.48137144297e-06
9,56.0,410.0,1.70713858373e-06
9,56.0,420.0,1.69254318372e-06
9,56.0,430.0,1.50480849127e-06
9,56.0,440.0,1.67389500326e-06
9,56.0,450.0,1.75252934842e-06
9,56.0,460.0,1.65823562585e-06
9,56.0,470.0,1.57484337413e-06
9,56.0,480.0,1.40730052588e-06
9,56.0,490.0,1.24886832047e-06
9,56.0,500.0,1.09179204265e-06
9,56.0,510.0,9.53146983973e-07
9,56.0,520.0,8.0152779448e-07
9,56.0,530.0,6.24177022555e-07
9,56.0,540.0,5.57308919369e-07
9,56.0,550.0,4.74632822853e-07
9,56.0,560.0,3.7970446755e-07
9,56.0,570.0,3.00597538027e-07
9,56.0,580.0,2.89760164191e-07
9,56.0,590.0,2.81425442323e-07
9,56.0,600.0,2.19201919586e-07
9,56.0,610.0,2.26356223065e-07
9,56.0,620.0,2.53301379557e-07
9,56.0,630.0,2.72776754118e-07
9,56.0,640.0,3.01533750395e-07
9,56.0,650.0,3.23670508743e-07
9,56.0,660.0,3.29634874469e-07
9,56.0,670.0,3.61021695918e-07
9,56.0,680.0,3.71394116253e-07
9,56.0,690.0,3.73560782502e-07
9,56.0,700.0,3.74168760492e-07
9,56.0,710.0,3.64970707845e-07
9,56.0,720.0,3.4751629931e-07
9,56.0,730.0,3.40317009015e-07
9,56.0,740.0,3.19020940452e-07
9,56.0,750.0,2.99766597944e-07
9,56.0,760.0,2.92846526663e-07
9,56.0,770.0,2.7252250433e-07
9,56.0,780.0,2.50218589633e-07
9,57.0,380.0,1.08430410472e-06
9,57.0,390.0,1.03721584666e-06
9,57.0,400.0,1.46124011596e-06
9,57.0,410.0,1.68298096245e-06
9,57.0,420.0,1.66770536081e-06
9,57.0,430.0,1.48197885228e-06
9,57.0,440.0,1.64770019365e-06
9,57.0,450.0,1.72429877944e-06
9,57.0,460.0,1.63076282886e-06
9,57.0,470.0,1.54806428027e-06
9,57.0,480.0,1.38272264179e-06
9,57.0,490.0,1.22652269064e-06
9,57.0,500.0,1.07175512548e-06
9,57.0,510.0,9.35222819155e-07
9,57.0,520.0,7.86098857148e-07
9,57.0,530.0,6.118505639e-07
9,57.0,540.0,5.46059346072e-07
9,57.0,550.0,4.64839081138e-07
9,57.0,560.0,3.71697116577e-07
9,57.0,570.0,2.94122426572e-07
9,57.0,580.0,2.83404761264e-07
9,57.0,590.0,2.75146089783e-07
9,57.0,600.0,2.14214651442e-07
9,57.0,610.0,2.21126275479e-07
9,57.0,620.0,2.4736968053e-07
9,57.0,630.0,2.66303693002e-07
9,57.0,640.0,2.9429268492e-07
9,57.0,650.0,3.15808184739e-07
9,57.0,660.0,3.21536378486e-07
9,57.0,670.0,3.52058962435e-07
9,57.0,680.0,3.62077419732e-07
9,57.0,690.0,3.64091396822e-07
9,57.0,700.0,3.64590118074e-07
9,57.0,710.0,3.55531121066e-07
9,57.0,720.0,3.38436723532e-07
9,57.0,730.0,3.31341388485e-07
9,57.0,740.0,3.10524252448e-07
9,57.0,750.0,2.91703922579e-07
9,57.0,760.0,2.84903418026e-07
9,57.0,770.0,2.65064252618e-07
9,57.0,780.0,2.43306783149e-07
9,58.0,380.0,1.00295696345e-06
9,58.0,390.0,9.54904910399e-07
9,58.0,400.0,1.33894305883e-06
9,58.0,410.0,1.53469952582e-06
9,58.0,420.0,1.5131960029e-06
9,58.0,430.0,1.33765652052e-06
9,58.0,440.0,1.47900441088e-06
9,58.0,450.0,1.53872350991e-06
9,58.0,460.0,1.44606090699e-06
9,58.0,470.0,1.36378123245e-06
9,58.0,480.0,1.20926000669e-06
9,58.0,490.0,1.06486050506e-06
9,58.0,500.0,9.22922115274e-07
9,58.0,510.0,7.98543263908e-07
9,58.0,520.0,6.65387518075e-07
9,58.0,530.0,5.1261756249e-07
9,58.0,540.0,4.53250435006e-07
9,58.0,550.0,3.82003826361e-07
9,58.0,560.0,3.02245680076e-07
9,58.0,570.0,2.36512283635e-07
9,58.0,580.0,2.25884803489e-07
9,58.0,590.0,2.17596346137e-07
9,58.0,600.0,1.6763422302e-07
9,58.0,610.0,1.71901323446e-07
9,58.0,620.0,1.91254986732e-07
9,58.0,630.0,2.04664278915e-07
9,58.0,640.0,2.24924813331e-07
9,58.0,650.0,2.40000942977e-07
9,58.0,660.0,2.42928382816e-07
9,58.0,670.0,2.64500958405e-07
9,58.0,680.0,2.70482182718e-07
9,58.0,690.0,2.7042861839e-07
9,58.0,700.0,2.69300722827e-07
9,58.0,710.0,2.61131129534e-07
9,58.0,720.0,2.4720364974e-07
9,58.0,730.0,2.4074884135e-07
9,58.0,740.0,2.24438220208e-07
9,58.0,750.0,2.09751720618e-07
9,58.0,760.0,2.03891817325e-07
9,58.0,770.0,1.88799094094e-07
9,58.0,780.0,1.72501158732e-07
9,59.0,380.0,9.92092450216e-07
9,59.0,390.0,9.44058349389e-07
9,59.0,400.0,1.32310292706e-06
9,59.0,410.0,1.5158911814e-06
9,59.0,420.0,1.494069186e-06
9,59.0,430.0,1.32027764347e-06
9,59.0,440.0,1.45930566444e-06
9,59.0,450.0,1.51776416062e-06
9,59.0,460.0,1.42594208982e-06
9,59.0,470.0,1.34444361867e-06
9,59.0,480.0,1.19178252021e-06
9,59.0,490.0,1.04920942463e-06
9,59.0,500.0,9.09118835801e-07
9,59.0,510.0,7.86402302612e-07
9,59.0,520.0,6.55112801023e-07
9,59.0,530.0,5.04568292302e-07
9,59.0,540.0,4.46030911182e-07
9,59.0,550.0,3.75832394946e-07
9,59.0,560.0,2.97295417509e-07
9,59.0,570.0,2.32588550489e-07
9,59.0,580.0,2.22088754931e-07
9,59.0,590.0,2.13888831323e-07
9,59.0,600.0,1.64739259704e-07
9,59.0,610.0,1.68890517354e-07
9,59.0,620.0,1.87860799683e-07
9,59.0,630.0,2.00987135844e-07
9,59.0,640.0,2.20838804462e-07
9,59.0,650.0,2.3559565867e-07
9,59.0,660.0,2.38424022496e-07
9,59.0,670.0,2.59551174568e-07
9,59.0,680.0,2.65373539942e-07
9,59.0,690.0,2.65272680566e-07
9,59.0,700.0,2.64120440942e-07
9,59.0,710.0,2.56059327917e-07
9,59.0,720.0,2.4235540429e-07
9,59.0,730.0,2.35984170184e-07
9,59.0,740.0,2.19952379364e-07
9,59.0,750.0,2.05516381234e-07
9,59.0,760.0,1.99739706861e-07
9,59.0,770.0,1.84917512185e-07
9,59.0,780.0,1.68917680426e-07
9,60.0,380.0,9.70401713612e-07
9,60.0,390.0,9.22846807267e-07
9,60.0,400.0,1.29269955341e-06
9,60.0,410.0,1.48039835342e-06
9,60.0,420.0,1.4585305977e-06
9,60.0,430.0,1.28844017416e-06
9,60.0,440.0,1.42368055882e-06
9,60.0,450.0,1.48030427397e-06
9,60.0,460.0,1.39037015375e-06
9,60.0,470.0,1.31058842651e-06
9,60.0,480.0,1.16146169131e-06
9,60.0,490.0,1.02228065967e-06
9,60.0,500.0,8.85552591687e-07
9,60.0,510.0,7.65821144044e-07
9,60.0,520.0,6.37808354503e-07
9,60.0,530.0,4.91097557296e-07
9,60.0,540.0,4.34014502854e-07
9,60.0,550.0,3.65612535826e-07
9,60.0,560.0,2.89135909844e-07
9,60.0,570.0,2.26148014345e-07
9,60.0,580.0,2.15877657623e-07
9,60.0,590.0,2.07837070847e-07
9,60.0,600.0,1.60025137304e-07
9,60.0,610.0,1.63997890414e-07
9,60.0,620.0,1.82355133092e-07
9,60.0,630.0,1.95032347633e-07
9,60.0,640.0,2.14231345356e-07
9,60.0,650.0,2.28481624707e-07
9,60.0,660.0,2.31160516004e-07
9,60.0,670.0,2.51580229304e-07
9,60.0,680.0,2.57158820452e-07
9,60.0,690.0,2.5699513206e-07
9,60.0,700.0,2.55817185061e-07
9,60.0,710.0,2.47944762175e-07
9,60.0,720.0,2.34613455916e-07
9,60.0,730.0,2.28390354654e-07
9,60.0,740.0,2.12818160069e-07
9,60.0,750.0,1.9879574636e-07
9,60.0,760.0,1.93165274991e-07
9,60.0,770.0,1.78785887052e-07
9,60.0,780.0,1.632711322e-07
9,90.0,380.0,7.61776114988e-07
9,90.0,390.0,7.17738533708e-07
9,90.0,400.0,9.96806414908e-07
9,90.0,410.0,1.13242894437e-06
9,90.0,420.0,1.10727082979e-06
9,90.0,430.0,9.71017931435e-07
9,90.0,440.0,1.06525614094e-06
9,90.0,450.0,1.09980125691e-06
9,90.0,460.0,1.02552409052e-06
9,90.0,470.0,9.5979515377e-07
9,90.0,480.0,8.44094889181e-07
9,90.0,490.0,7.37414283212e-07
9,90.0,500.0,6.33610242492e-07
9,90.0,510.0,5.43411891049e-07
9,90.0,520.0,4.48764892263e-07
9,90.0,530.0,3.4229340164e-07
9,90.0,540.0,2.99810577992e-07
9,90.0,550.0,2.50205487877e-07
9,90.0,560.0,1.95962453516e-07
9,90.0,570.0,1.51766431373e-07
9,90.0,580.0,1.43502854078e-07
9,90.0,590.0,1.36858312354e-07
9,90.0,600.0,1.04299379713e-07
9,90.0,610.0,1.05877357098e-07
9,90.0,620.0,1.16685890909e-07
9,90.0,630.0,1.23700306802e-07
9,90.0,640.0,1.34757993355e-07
9,90.0,650.0,1.4255987707e-07
9,90.0,660.0,1.43062607987e-07
9,90.0,670.0,1.54498955663e-07
9,90.0,680.0,1.56692865657e-07
9,90.0,690.0,1.55348529319e-07
9,90.0,700.0,1.53444764537e-07
9,90.0,710.0,1.47516519465e-07
9,90.0,720.0,1.3844630019e-07
9,90.0,730.0,1.33720618845e-07
9,90.0,740.0,1.23581990778e-07
9,90.0,750.0,1.14475058759e-07
9,90.0,760.0,1.10402661559e-07
9,90.0,770.0,1.01372300462e-07
9,90.0,780.0,9.1806527571e-08
12,0.0,380.0,6.17135811426e-08
12,0.0,390.0,6.26597298497e-08
12,0.0,400.0,9.44782157661e-08
12,0.0,410.0,1.17606157099e-07
12,0.0,420.0,1.27316980074e-07
12,0.0,430.0,1.24972671513e-07
12,0.0,440.0,1.55122162912e-07
12,0.0,450.0,1.82865690472e-07
12,0.0,460.0,1.96475093958e-07
12,0.0,470.0,2.12656088218e-07
12,0.0,480.0,2.18133204654e-07
12,0.0,490.0,2.21618887938e-07
12,0.0,500.0,2.22916549055e-07
12,0.0,510.0,2.23472458006e-07
12,0.0,520.0,2.15037814378e-07
12,0.0,530.0,1.93219852771e-07
12,0.0,540.0,1.960006431e-07
12,0.0,550.0,1.89608906886e-07
12,0.0,560.0,1.7214247601e-07
12,0.0,570.0,1.5448660645e-07
12,0.0,580.0,1.63536146035e-07
12,0.0,590.0,1.72271550684e-07
12,0.0,600.0,1.48337981534e-07
12,0.0,610.0,1.64434848584e-07
12,0.0,620.0,1.96152461127e-07
12,0.0,630.0,2.26096419118e-07
12,0.0,640.0,2.670554624e-07
12,0.0,650.0,3.06863726961e-07
12,0.0,660.0,3.3524001545e-07
12,0.0,670.0,3.93804777596e-07
12,0.0,680.0,4.35155568756e-07
12,0.0,690.0,4.70654287877e-07
12,0.0,700.0,5.07039700671e-07
12,0.0,710.0,5.32417355981e-07
12,0.0,720.0,5.45845926973e-07
12,0.0,730.0,5.75554400529e-07
12,0.0,740.0,5.80976591883e-07
12,0.0,750.0,5.87680132085e-07
12,0.0,760.0,6.18236587955e-07
12,0.0,770.0,6.19188567626e-07
12,0.0,780.0,6.11233368815e-07
12,1.0,380.0,5.10632707316e-08
12,1.0,390.0,5.20328024839e-08
12,1.0,400.0,7.88163021401e-08
12,1.0,410.0,9.87359936744e-08
12,1.0,420.0,1.07877395716e-07
12,1.0,430.0,1.07315018651e-07
12,1.0,440.0,1.35737236425e-07
12,1.0,450.0,1.64133873716e-07
12,1.0,460.0,1.82197039676e-07
12,1.0,470.0,2.05197516538e-07
12,1.0,480.0,2.20489618747e-07
12,1.0,490.0,2.35946665926e-07
12,1.0,500.0,2.51036437106e-07
12,1.0,510.0,2.66902043638e-07
12,1.0,520.0,2.72741817978e-07
12,1.0,530.0,2.60131575588e-07
12,1.0,540.0,2.79913762969e-07
12,1.0,550.0,2.86650436371e-07
12,1.0,560.0,2.74698883202e-07
12,1.0,570.0,2.59330325569e-07
12,1.0,580.0,2.90458633121e-07
12,1.0,590.0,3.2462205093e-07
12,1.0,600.0,2.94768616331e-07
12,1.0,610.0,3.45148776961e-07
12,1.0,620.0,4.34369135532e-07
12,1.0,630.0,5.26096063566e-07
12,1.0,640.0,6.51213609034e-07
12,1.0,650.0,7.81233687888e-07
12,1.0,660.0,8.87632035126e-07
12,1.0,670.0,1.08088100663e-06
12,1.0,680.0,1.23327433247e-06
12,1.0,690.0,1.37196989496e-06
12,1.0,700.0,1.51525580503e-06
12,1.0,710.0,1.62466398088e-06
12,1.0,720.0,1.69503723945e-06
12,1.0,730.0,1.81376641995e-06
12,1.0,740.0,1.85155527068e-06
12,1.0,750.0,1.88841469978e-06
12,1.0,760.0,1.99950984475e-06
12,1.0,770.0,2.00954326865e-06
12,1.0,780.0,1.98534248616e-06
12,2.0,380.0,5.36099974564e-08
12,2.0,390.0,5.56046650523e-08
12,2.0,400.0,8.66776106613e-08
12,2.0,410.0,1.13401946028e-07
12,2.0,420.0,1.31539770668e-07
12,2.0,430.0,1.40995138663e-07
12,2.0,440.0,1.94083072724e-07
12,2.0,450.0,2.56072412969e-07
12,2.0,460.0,3.09118336743e-07
12,2.0,470.0,3.74577754646e-07
12,2.0,480.0,4.28424010584e-07
12,2.0,490.0,4.80356259666e-07
12,2.0,500.0,5.29196430438e-07
12,2.0,510.0,5.75170020908e-07
12,2.0,520.0,5.94209055839e-07
12,2.0,530.0,5.69034186196e-07
12,2.0,540.0,6.08987836098e-07
12,2.0,550.0,6.1713862737e-07
12,2.0,560.0,5.82962758348e-07
12,2.0,570.0,5.40929710283e-07
12,2.0,580.0,5.94791593358e-07
12,2.0,590.0,6.52849220687e-07
12,2.0,600.0,5.82597260088e-07
12,2.0,610.0,6.67424946851e-07
12,2.0,620.0,8.20160614134e-07
12,2.0,630.0,9.69864030967e-07
12,2.0,640.0,1.17122451433e-06
12,2.0,650.0,1.37085449445e-06
12,2.0,660.0,1.52000296336e-06
12,2.0,670.0,1.80624501156e-06
12,2.0,680.0,2.0121138429e-06
12,2.0,690.0,2.18663006777e-06
12,2.0,700.0,2.35981026489e-06
12,2.0,710.0,2.474466458e-06
12,2.0,720.0,2.52624771385e-06
12,2.0,730.0,2.64594182605e-06
12,2.0,740.0,2.64621014932e-06
12,2.0,750.0,2.64599762483e-06
12,2.0,760.0,2.74630463228e-06
12,2.0,770.0,2.70828283026e-06
12,2.0,780.0,2.6279124382e-06
12,3.0,380.0,6.08288088066e-08
12,3.0,390.0,6.66126013282e-08
12,3.0,400.0,1.11409325479e-07
12,3.0,410.0,1.57742275058e-07
12,3.0,420.0,1.97479609941e-07
12,3.0,430.0,2.25520858161e-07
12,3.0,440.0,3.24562135968e-07
12,3.0,450.0,4.38596250639e-07
12,3.0,460.0,5.32982383149e-07
12,3.0,470.0,6.4041620259e-07
12,3.0,480.0,7.19976087398e-07
12,3.0,490.0,7.86984542203e-07
12,3.0,500.0,8.42762691456e-07
12,3.0,510.0,8.88093253417e-07
12,3.0,520.0,8.88459008143e-07
12,3.0,530.0,8.25218033881e-07
12,3.0,540.0,8.5552740051e-07
12,3.0,550.0,8.41025610672e-07
12,3.0,560.0,7.71845736025e-07
12,3.0,570.0,6.96906925117e-07
12,3.0,580.0,7.45761038899e-07
12,3.0,590.0,7.97821994201e-07
12,3.0,600.0,6.96239621085e-07
12,3.0,610.0,7.78591406538e-07
12,3.0,620.0,9.3410620512e-07
12,3.0,630.0,1.0800769157e-06
12,3.0,640.0,1.27614310761e-06
12,3.0,650.0,1.46293778384e-06
12,3.0,660.0,1.59033746956e-06
12,3.0,670.0,1.85398156053e-06
12,3.0,680.0,2.02798712979e-06
12,3.0,690.0,2.16601789748e-06
12,3.0,700.0,2.29871337771e-06
12,3.0,710.0,2.37271447722e-06
12,3.0,720.0,2.38618868103e-06
12,3.0,730.0,2.46289731255e-06
12,3.0,740.0,2.42952668008e-06
12,3.0,750.0,2.3979182658e-06
12,3.0,760.0,2.45638552983e-06
12,3.0,770.0,2.39305673739e-06
12,3.0,780.0,2.29590111014e-06
12,4.0,380.0,7.46252413043e-08
12,4.0,390.0,8.65613746566e-08
12,4.0,400.0,1.52272553494e-07
12,4.0,410.0,2.23220183754e-07
12,4.0,420.0,2.83773241532e-07
12,4.0,430.0,3.23271115435e-07
12,4.0,440.0,4.57805133399e-07
12,4.0,450.0,6.03078914645e-07
12,4.0,460.0,7.10720950079e-07
12,4.0,470.0,8.25734550538e-07
12,4.0,480.0,8.97323492739e-07
12,4.0,490.0,9.48009352716e-07
12,4.0,500.0,9.82748309211e-07
12,4.0,510.0,1.00395255037e-06
12,4.0,520.0,9.75234289928e-07
12,4.0,530.0,8.81712971838e-07
12,4.0,540.0,8.9072541997e-07
12,4.0,550.0,8.54883142128e-07
12,4.0,560.0,7.67374587202e-07
12,4.0,570.0,6.78838417291e-07
12,4.0,580.0,7.12199272354e-07
12,4.0,590.0,7.47840961678e-07
12,4.0,600.0,6.41973078681e-07
12,4.0,610.0,7.05939197016e-07
12,4.0,620.0,8.33239961894e-07
12,4.0,630.0,9.48929346631e-07
12,4.0,640.0,1.10494652424e-06
12,4.0,650.0,1.24931465007e-06
12,4.0,660.0,1.34046876483e-06
12,4.0,670.0,1.54312884482e-06
12,4.0,680.0,1.66791595125e-06
12,4.0,690.0,1.7614094011e-06
12,4.0,700.0,1.84902552791e-06
12,4.0,710.0,1.88918082119e-06
12,4.0,720.0,1.88156121258e-06
12,4.0,730.0,1.92375987301e-06
12,4.0,740.0,1.88104440454e-06
12,4.0,750.0,1.84122175614e-06
12,4.0,760.0,1.87018582954e-06
12,4.0,770.0,1.80781906253e-06
12,4.0,780.0,1.72203157078e-06
12,5.0,380.0,9.24978127117e-08
12,5.0,390.0,1.0977115181e-07
12,5.0,400.0,1.94524007032e-07
12,5.0,410.0,2.83024752167e-07
12,5.0,420.0,3.53009459755e-07
12,5.0,430.0,3.91593741809e-07
12,5.0,440.0,5.37783157706e-07
12,5.0,450.0,6.85865795894e-07
12,5.0,460.0,7.82445612355e-07
12,5.0,470.0,8.80986500615e-07
12,5.0,480.0,9.28905667522e-07
12,5.0,490.0,9.54157735128e-07
12,5.0,500.0,9.63170669667e-07
12,5.0,510.0,9.5998825043e-07
12,5.0,520.0,9.11510194373e-07
12,5.0,530.0,8.06541765051e-07
12,5.0,540.0,7.99103367823e-07
12,5.0,550.0,7.5320489332e-07
12,5.0,560.0,6.64856538128e-07
12,5.0,570.0,5.79072165725e-07
12,5.0,580.0,5.99037044782e-07
12,5.0,590.0,6.20715223054e-07
12,5.0,600.0,5.26061299052e-07
12,5.0,610.0,5.71777073361e-07
12,5.0,620.0,6.67509117937e-07
12,5.0,630.0,7.52277668214e-07
12,5.0,640.0,8.67266546913e-07
12,5.0,650.0,9.71265162783e-07
12,5.0,660.0,1.03263664341e-06
12,5.0,670.0,1.17833726644e-06
12,5.0,680.0,1.2629321542e-06
12,5.0,690.0,1.32303138529e-06
12,5.0,700.0,1.37809866695e-06
12,5.0,710.0,1.39773010618e-06
12,5.0,720.0,1.38237669652e-06
12,5.0,730.0,1.40380113633e-06
12,5.0,740.0,1.36389183814e-06
12,5.0,750.0,1.32697972391e-06
12,5.0,760.0,1.33967313088e-06
12,5.0,770.0,1.28770690117e-06
12,5.0,780.0,1.22021065553e-06
12,6.0,380.0,1.10020295988e-07
12,6.0,390.0,1.30055195982e-07
12,6.0,400.0,2.27098916903e-07
12,6.0,410.0,3.23070830739e-07
12,6.0,420.0,3.92188847481e-07
12,6.0,430.0,4.22539372239e-07
12,6.0,440.0,5.63346950713e-07
12,6.0,450.0,6.98069476026e-07
12,6.0,460.0,7.74592415494e-07
12,6.0,470.0,8.50084373996e-07
12,6.0,480.0,8.74566853885e-07
12,6.0,490.0,8.7879013866e-07
12,6.0,500.0,8.68604940408e-07
12,6.0,510.0,8.49231014866e-07
12,6.0,520.0,7.92332801383e-07
12,6.0,530.0,6.89020449798e-07
12,6.0,540.0,6.72703989159e-07
12,6.0,550.0,6.25321767075e-07
12,6.0,560.0,5.44802885494e-07
12,6.0,570.0,4.68699084889e-07
12,6.0,580.0,4.79992260427e-07
12,6.0,590.0,4.92671035682e-07
12,6.0,600.0,4.13157646139e-07
12,6.0,610.0,4.4549492203e-07
12,6.0,620.0,5.16377051702e-07
12,6.0,630.0,5.77804407362e-07
12,6.0,640.0,6.61637425033e-07
12,6.0,650.0,7.36088291485e-07
12,6.0,660.0,7.77527575852e-07
12,6.0,670.0,8.81705975666e-07
12,6.0,680.0,9.39261920346e-07
12,6.0,690.0,9.78154524288e-07
12,6.0,700.0,1.01306586294e-06
12,6.0,710.0,1.02184651282e-06
12,6.0,720.0,1.0052760079e-06
12,6.0,730.0,1.01563937177e-06
12,6.0,740.0,9.81941349153e-07
12,6.0,750.0,9.50903037733e-07
12,6.0,760.0,9.55585076172e-07
12,6.0,770.0,9.14516050556e-07
12,6.0,780.0,8.63024147493e-07
12,7.0,380.0,1.24723060361e-07
12,7.0,390.0,1.45227118393e-07
12,7.0,400.0,2.48327030066e-07
12,7.0,410.0,3.44747662818e-07
12,7.0,420.0,4.07834341273e-07
12,7.0,430.0,4.28152744226e-07
12,7.0,440.0,5.56591038447e-07
12,7.0,450.0,6.73435499396e-07
12,7.0,460.0,7.30417980207e-07
12,7.0,470.0,7.85295784628e-07
12,7.0,480.0,7.9184156826e-07
12,7.0,490.0,7.81954475225e-07
12,7.0,500.0,7.59752597045e-07
12,7.0,510.0,7.31343792853e-07
12,7.0,520.0,6.72845400979e-07
12,7.0,530.0,5.76503579668e-07
12,7.0,540.0,5.56334892321e-07
12,7.0,550.0,5.11355453257e-07
12,7.0,560.0,4.40713561962e-07
12,7.0,570.0,3.75229291079e-07
12,7.0,580.0,3.81413932652e-07
12,7.0,590.0,3.88787768361e-07
12,7.0,600.0,3.23052113968e-07
12,7.0,610.0,3.46444444318e-07
12,7.0,620.0,3.9978417866e-07
12,7.0,630.0,4.45188677078e-07
12,7.0,640.0,5.07520946083e-07
12,7.0,650.0,5.62097788842e-07
12,7.0,660.0,5.9104202129e-07
12,7.0,670.0,6.67330210601e-07
12,7.0,680.0,7.0781288014e-07
12,7.0,690.0,7.33953893679e-07
12,7.0,700.0,7.57007291862e-07
12,7.0,710.0,7.60419952813e-07
12,7.0,720.0,7.45090362817e-07
12,7.0,730.0,7.49885117611e-07
12,7.0,740.0,7.22267024066e-07
12,7.0,750.0,6.96869586898e-07
12,7.0,760.0,6.9786373197e-07
12,7.0,770.0,6.65586920483e-07
12,7.0,780.0,6.26023384853e-07
12,8.0,380.0,1.36258829404e-07
12,8.0,390.0,1.55839816526e-07
12,8.0,400.0,2.60960269612e-07
12,8.0,410.0,3.54312065635e-07
12,8.0,420.0,4.09889722379e-07
12,8.0,430.0,4.21055324127e-07
12,8.0,440.0,5.36082530268e-07
12,8.0,450.0,6.36170488124e-07
12,8.0,460.0,6.77332200818e-07
12,8.0,470.0,7.16364668463e-07
12,8.0,480.0,7.10580177607e-07
12,8.0,490.0,6.92114750369e-07
12,8.0,500.0,6.6309345624e-07
12,8.0,510.0,6.30266264894e-07
12,8.0,520.0,5.73327026834e-07
12,8.0,530.0,4.84986427022e-07
12,8.0,540.0,4.63659504194e-07
12,8.0,550.0,4.22225374454e-07
12,8.0,560.0,3.6057927244e-07
12,8.0,570.0,3.04254058378e-07
12,8.0,580.0,3.07551771475e-07
12,8.0,590.0,3.11914983383e-07
12,8.0,600.0,2.57048635879e-07
12,8.0,610.0,2.74659049345e-07
12,8.0,620.0,3.16143685059e-07
12,8.0,630.0,3.50917200782e-07
12,8.0,640.0,3.98901031224e-07
12,8.0,650.0,4.40428516921e-07
12,8.0,660.0,4.61564731253e-07
12,8.0,670.0,5.19486763428e-07
12,8.0,680.0,5.49170317654e-07
12,8.0,690.0,5.67497395252e-07
12,8.0,700.0,5.83375911622e-07
12,8.0,710.0,5.8395755888e-07
12,8.0,720.0,5.70192941915e-07
12,8.0,730.0,5.71953301301e-07
12,8.0,740.0,5.48998679975e-07
12,8.0,750.0,5.2787170869e-07
12,8.0,760.0,5.26967344886e-07
12,8.0,770.0,5.00959365576e-07
12,8.0,780.0,4.69619331246e-07
12,9.0,380.0,1.45224916338e-07
12,9.0,390.0,1.63233949228e-07
12,9.0,400.0,2.68245102349e-07
12,9.0,410.0,3.57269748682e-07
12,9.0,420.0,4.05611399387e-07
12,9.0,430.0,4.09214335891e-07
12,9.0,440.0,5.12155866895e-07
12,9.0,450.0,5.98233870609e-07
12,9.0,460.0,6.27361586125e-07
12,9.0,470.0,6.54763892893e-07
12,9.0,480.0,6.40794336032e-07
12,9.0,490.0,6.17278589323e-07
12,9.0,500.0,5.84630958229e-07
12,9.0,510.0,5.49973735717e-07
12,9.0,520.0,4.95718310956e-07
12,9.0,530.0,4.14812710666e-07
12,9.0,540.0,3.93582379581e-07
12,9.0,550.0,3.55668965575e-07
12,9.0,560.0,3.01410271205e-07
12,9.0,570.0,2.52374614863e-07
12,9.0,580.0,2.54020635057e-07
12,9.0,590.0,2.56637039265e-07
12,9.0,600.0,2.09959154735e-07
12,9.0,610.0,2.23770637006e-07
12,9.0,620.0,2.5718372719e-07
12,9.0,630.0,2.84818004241e-07
12,9.0,640.0,3.23118262048e-07
12,9.0,650.0,3.55946942299e-07
12,9.0,660.0,3.72081243818e-07
12,9.0,670.0,4.17772131623e-07
12,9.0,680.0,4.40512200189e-07
12,9.0,690.0,4.53987247978e-07
12,9.0,700.0,4.65484969438e-07
12,9.0,710.0,4.64653857857e-07
12,9.0,720.0,4.5244245848e-07
12,9.0,730.0,4.52658620245e-07
12,9.0,740.0,4.33304552546e-07
12,9.0,750.0,4.15481310127e-07
12,9.0,760.0,4.13777419116e-07
12,9.0,770.0,3.92353861916e-07
12,9.0,780.0,3.66836415126e-07
12,10.0,380.0,1.55571520888e-07
12,10.0,390.0,1.71480506904e-07
12,10.0,400.0,2.76185926326e-07
12,10.0,410.0,3.60550636951e-07
12,10.0,420.0,4.01456119697e-07
12,10.0,430.0,3.97526619992e-07
12,10.0,440.0,4.88697591248e-07
12,10.0,450.0,5.61330406892e-07
12,10.0,460.0,5.79130195316e-07
12,10.0,470.0,5.95645451311e-07
12,10.0,480.0,5.74237300397e-07
12,10.0,490.0,5.46160366113e-07
12,10.0,500.0,5.10398311901e-07
12,10.0,510.0,4.74270995892e-07
12,10.0,520.0,4.22731015121e-07
12,10.0,530.0,3.49136737172e-07
12,10.0,540.0,3.28105332749e-07
12,10.0,550.0,2.93622651081e-07
12,10.0,560.0,2.46405697151e-07
12,10.0,570.0,2.04307523169e-07
12,10.0,580.0,2.04449366053e-07
12,10.0,590.0,2.0554205055e-07
12,10.0,600.0,1.66701537726e-07
12,10.0,610.0,1.77098521656e-07
12,10.0,620.0,2.03162895133e-07
12,10.0,630.0,2.24389436747e-07
12,10.0,640.0,2.53991171154e-07
12,10.0,650.0,2.79094470633e-07
12,10.0,660.0,2.9093445893e-07
12,10.0,670.0,3.25821766116e-07
12,10.0,680.0,3.42615332881e-07
12,10.0,690.0,3.52081206713e-07
12,10.0,700.0,3.60013851615e-07
12,10.0,710.0,3.58311995256e-07
12,10.0,720.0,3.47872243164e-07
12,10.0,730.0,3.47090580155e-07
12,10.0,740.0,3.31295401349e-07
12,10.0,750.0,3.1674622202e-07
12,10.0,760.0,3.14666999191e-07
12,10.0,770.0,2.97581505515e-07
12,10.0,780.0,2.77455008299e-07
12,11.0,380.0,1.59433260112e-07
12,11.0,390.0,1.73249290975e-07
12,11.0,400.0,2.75072016418e-07
12,11.0,410.0,3.54133153668e-07
12,11.0,420.0,3.89137404164e-07
12,11.0,430.0,3.80575601118e-07
12,11.0,440.0,4.62445581644e-07
12,11.0,450.0,5.25544810411e-07
12,11.0,460.0,5.36728666986e-07
12,11.0,470.0,5.47164371788e-07
12,11.0,480.0,5.22768061702e-07
12,11.0,490.0,4.93560170197e-07
12,11.0,500.0,4.57696688167e-07
12,11.0,510.0,4.22357837407e-07
12,11.0,520.0,3.74146944378e-07
12,11.0,530.0,3.06734548145e-07
12,11.0,540.0,2.86795531375e-07
12,11.0,550.0,2.55326734994e-07
12,11.0,560.0,2.1315585637e-07
12,11.0,570.0,1.75823656452e-07
12,11.0,580.0,1.75449901124e-07
12,11.0,590.0,1.75936071149e-07
12,11.0,600.0,1.41986845342e-07
12,11.0,610.0,1.50585991834e-07
12,11.0,620.0,1.72585144132e-07
12,11.0,630.0,1.90338854252e-07
12,11.0,640.0,2.15189647855e-07
12,11.0,650.0,2.36133457447e-07
12,11.0,660.0,2.45765602612e-07
12,11.0,670.0,2.74841654104e-07
12,11.0,680.0,2.88554128668e-07
12,11.0,690.0,2.96026593724e-07
12,11.0,700.0,3.02211430658e-07
12,11.0,710.0,3.0024344999e-07
12,11.0,720.0,2.90966803972e-07
12,11.0,730.0,2.89824299438e-07
12,11.0,740.0,2.76128007051e-07
12,11.0,750.0,2.63502279431e-07
12,11.0,760.0,2.61360226478e-07
12,11.0,770.0,2.46734491574e-07
12,11.0,780.0,2.29610907171e-07
12,12.0,380.0,1.63876547545e-07
12,12.0,390.0,1.75844394417e-07
12,12.0,400.0,2.7565844177e-07
12,12.0,410.0,3.50467330851e-07
12,12.0,420.0,3.80484550113e-07
12,12.0,430.0,3.67840207633e-07
12,12.0,440.0,4.42073249929e-07
12,12.0,450.0,4.97239699157e-07
12,12.0,460.0,5.02789512952e-07
12,12.0,470.0,5.0799697598e-07
12,12.0,480.0,4.80954853516e-07
12,12.0,490.0,4.5057171038e-07
12,12.0,500.0,4.14486272708e-07
12,12.0,510.0,3.79670214749e-07
12,12.0,520.0,3.34083457567e-07
12,12.0,530.0,2.71816525846e-07
12,12.0,540.0,2.52704029319e-07
12,12.0,550.0,2.23703770915e-07
12,12.0,560.0,1.85722558059e-07
12,12.0,570.0,1.5237601498e-07
12,12.0,580.0,1.51498952084e-07
12,12.0,590.0,1.51405996279e-07
12,12.0,600.0,1.21597524235e-07
12,12.0,610.0,1.28622706764e-07
12,12.0,620.0,1.47121493458e-07
12,12.0,630.0,1.61898226439e-07
12,12.0,640.0,1.82690217315e-07
12,12.0,650.0,2.00085623547e-07
12,12.0,660.0,2.07828883446e-07
12,12.0,670.0,2.31991755889e-07
12,12.0,680.0,2.43104704849e-07
12,12.0,690.0,2.48910876108e-07
12,12.0,700.0,2.53643142443e-07
12,12.0,710.0,2.51487588204e-07
12,12.0,720.0,2.43231512254e-07
12,12.0,730.0,2.41832356383e-07
12,12.0,740.0,2.2995150016e-07
12,12.0,750.0,2.18997310454e-07
12,12.0,760.0,2.16859258806e-07
12,12.0,770.0,2.04350655835e-07
12,12.0,780.0,1.89797514625e-07
12,13.0,380.0,1.67612193081e-07
12,13.0,390.0,1.77941245412e-07
12,13.0,400.0,2.76020589135e-07
12,13.0,410.0,3.47379824489e-07
12,13.0,420.0,3.73519737668e-07
12,13.0,430.0,3.57860141974e-07
12,13.0,440.0,4.26466514955e-07
12,13.0,450.0,4.75967832835e-07
12,13.0,460.0,4.77785456474e-07
12,13.0,470.0,4.79581995556e-07
12,13.0,480.0,4.51195944829e-07
12,13.0,490.0,4.20374544508e-07
12,13.0,500.0,3.84642859005e-07
12,13.0,510.0,3.50627601516e-07
12,13.0,520.0,3.07180583857e-07
12,13.0,530.0,2.48834568141e-07
12,13.0,540.0,2.3051316368e-07
12,13.0,550.0,2.03382089118e-07
12,13.0,560.0,1.68341701188e-07
12,13.0,570.0,1.37748750553e-07
12,13.0,580.0,1.36625666503e-07
12,13.0,590.0,1.36210614284e-07
12,13.0,600.0,1.09147596824e-07
12,13.0,610.0,1.15189156031e-07
12,13.0,620.0,1.31472242093e-07
12,13.0,630.0,1.44391751751e-07
12,13.0,640.0,1.62645076123e-07
12,13.0,650.0,1.77837083785e-07
12,13.0,660.0,1.84425165396e-07
12,13.0,670.0,2.05566818948e-07
12,13.0,680.0,2.15105325551e-07
12,13.0,690.0,2.19927582963e-07
12,13.0,700.0,2.23805768154e-07
12,13.0,710.0,2.21588682549e-07
12,13.0,720.0,2.14011082204e-07
12,13.0,730.0,2.12497775008e-07
12,13.0,740.0,2.01774938471e-07
12,13.0,750.0,1.91888229418e-07
12,13.0,760.0,1.89781107518e-07
12,13.0,770.0,1.78595355492e-07
12,13.0,780.0,1.65640823742e-07
12,14.0,380.0,1.70893298793e-07
12,14.0,390.0,1.79693723998e-07
12,14.0,400.0,2.76140835515e-07
12,14.0,410.0,3.44430136152e-07
12,14.0,420.0,3.67227505255e-07
12,14.0,430.0,3.49062415916e-07
12,14.0,440.0,4.12945870131e-07
12,14.0,450.0,4.57771505678e-07
12,14.0,460.0,4.56673458594e-07
12,14.0,470.0,4.55788250593e-07
12,14.0,480.0,4.26582237607e-07
12,14.0,490.0,3.95551694875e-07
12,14.0,500.0,3.60363280762e-07
12,14.0,510.0,3.27203230778e-07
12,14.0,520.0,2.85632821313e-07
12,14.0,530.0,2.30675933745e-07
12,14.0,540.0,2.1307106002e-07
12,14.0,550.0,1.87519884261e-07
12,14.0,560.0,1.54884205727e-07
12,14.0,570.0,1.26523384781e-07
12,14.0,580.0,1.25217516204e-07
12,14.0,590.0,1.24551294793e-07
12,14.0,600.0,9.96795889956e-08
12,14.0,610.0,1.04947132182e-07
12,14.0,620.0,1.1948312239e-07
12,14.0,630.0,1.30946686994e-07
12,14.0,640.0,1.47205238237e-07
12,14.0,650.0,1.6066868899e-07
12,14.0,660.0,1.66352119479e-07
12,14.0,670.0,1.85144106438e-07
12,14.0,680.0,1.93464859109e-07
12,14.0,690.0,1.97539965048e-07
12,14.0,700.0,2.00770988837e-07
12,14.0,710.0,1.98536891714e-07
12,14.0,720.0,1.91516748059e-07
12,14.0,730.0,1.89943755357e-07
12,14.0,740.0,1.80150320109e-07
12,14.0,750.0,1.71125740509e-07
12,14.0,760.0,1.69066989005e-07
12,14.0,770.0,1.58928699942e-07
12,14.0,780.0,1.4723660014e-07
12,15.0,380.0,1.73746312443e-07
12,15.0,390.0,1.81138533992e-07
12,15.0,400.0,2.76059874388e-07
12,15.0,410.0,3.41614178096e-07
12,15.0,420.0,3.61515831116e-07
12,15.0,430.0,3.41249272425e-07
12,15.0,440.0,4.01114945808e-07
12,15.0,450.0,4.4201875734e-07
12,15.0,460.0,4.38584850118e-07
12,15.0,470.0,4.35542266281e-07
12,15.0,480.0,4.05834154457e-07
12,15.0,490.0,3.74733264122e-07
12,15.0,500.0,3.40157062536e-07
12,15.0,510.0,3.0783471781e-07
12,15.0,520.0,2.67909641561e-07
12,15.0,530.0,2.15871702348e-07
12,15.0,540.0,1.98903572977e-07
12,15.0,550.0,1.74692529545e-07
12,15.0,560.0,1.44051593534e-07
12,15.0,570.0,1.17527319653e-07
12,15.0,580.0,1.16084443292e-07
12,15.0,590.0,1.15225952473e-07
12,15.0,600.0,9.21396362186e-08
12,15.0,610.0,9.67930641336e-08
12,15.0,620.0,1.09929358428e-07
12,15.0,630.0,1.2022944373e-07
12,15.0,640.0,1.34887351643e-07
12,15.0,650.0,1.46964273766e-07
12,15.0,660.0,1.51924932307e-07
12,15.0,670.0,1.68837150568e-07
12,15.0,680.0,1.76188686604e-07
12,15.0,690.0,1.79677965465e-07
12,15.0,700.0,1.82402039541e-07
12,15.0,710.0,1.80174926135e-07
12,15.0,720.0,1.7362187365e-07
12,15.0,730.0,1.72020239195e-07
12,15.0,740.0,1.62991775216e-07
12,15.0,750.0,1.54680536364e-07
12,15.0,760.0,1.52676756507e-07
12,15.0,770.0,1.43391770943e-07
12,15.0,780.0,1.32726214152e-07
12,16.0,380.0,1.7609896884e-07
12,16.0,390.0,1.82210792367e-07
12,16.0,400.0,2.75677019723e-07
12,16.0,410.0,3.38782404085e-07
12,16.0,420.0,3.56181118711e-07
12,16.0,430.0,3.34166071059e-07
12,16.0,440.0,3.90575067183e-07
12,16.0,450.0,4.28152058353e-07
12,16.0,460.0,4.22807612123e-07
12,16.0,470.0,4.18007218296e-07
12,16.0,480.0,3.87976232349e-07
12,16.0,490.0,3.56900649256e-07
12,16.0,500.0,3.22926904879e-07
12,16.0,510.0,2.91381684474e-07
12,16.0,520.0,2.52902817591e-07
12,16.0,530.0,2.03369965799e-07
12,16.0,540.0,1.86966061843e-07
12,16.0,550.0,1.63902842985e-07
12,16.0,560.0,1.34949734138e-07
12,16.0,570.0,1.09970828599e-07
12,16.0,580.0,1.08427037826e-07
12,16.0,590.0,1.0742626538e-07
12,16.0,600.0,8.58349645532e-08
12,16.0,610.0,8.99954447376e-08
12,16.0,620.0,1.01990302293e-07
12,16.0,630.0,1.11344515781e-07
12,16.0,640.0,1.24696174142e-07
12,16.0,650.0,1.35644456709e-07
12,16.0,660.0,1.40025180105e-07
12,16.0,670.0,1.55403310248e-07
12,16.0,680.0,1.61972899274e-07
12,16.0,690.0,1.64997423416e-07
12,16.0,700.0,1.67321199658e-07
12,16.0,710.0,1.65118498111e-07
12,16.0,720.0,1.58967170121e-07
12,16.0,730.0,1.57359202676e-07
12,16.0,740.0,1.4897527451e-07
12,16.0,750.0,1.41265956165e-07
12,16.0,760.0,1.39321875605e-07
12,16.0,770.0,1.30749051253e-07
12,16.0,780.0,1.2093668112e-07
12,17.0,380.0,1.77823109342e-07
12,17.0,390.0,1.82772073189e-07
12,17.0,400.0,2.74767035288e-07
12,17.0,410.0,3.35630368669e-07
12,17.0,420.0,3.50867210053e-07
12,17.0,430.0,3.27437689305e-07
12,17.0,440.0,3.80830033649e-07
12,17.0,450.0,4.15559942281e-07
12,17.0,460.0,4.08654613694e-07
12,17.0,470.0,4.0243061451e-07
12,17.0,480.0,3.7221193961e-07
12,17.0,490.0,3.41254271435e-07
12,17.0,500.0,3.07863073795e-07
12,17.0,510.0,2.77038949345e-07
12,17.0,520.0,2.39853550927e-07
12,17.0,530.0,1.9249372079e-07
12,17.0,540.0,1.76598054309e-07
12,17.0,550.0,1.54536426977e-07
12,17.0,560.0,1.27044750652e-07
12,17.0,570.0,1.03399112283e-07
12,17.0,580.0,1.01782212842e-07
12,17.0,590.0,1.0067802868e-07
12,17.0,600.0,8.0372620653e-08
12,17.0,610.0,8.41292368688e-08
12,17.0,620.0,9.51724748444e-08
12,17.0,630.0,1.03741872456e-07
12,17.0,640.0,1.16007116467e-07
12,17.0,650.0,1.26021607175e-07
12,17.0,660.0,1.29933661656e-07
12,17.0,670.0,1.44036863594e-07
12,17.0,680.0,1.4996810624e-07
12,17.0,690.0,1.52620904988e-07
12,17.0,700.0,1.54627706438e-07
12,17.0,710.0,1.52463028747e-07
12,17.0,720.0,1.46665352722e-07
12,17.0,730.0,1.45068315461e-07
12,17.0,740.0,1.37238637325e-07
12,17.0,750.0,1.30045839871e-07
12,17.0,760.0,1.28165685636e-07
12,17.0,770.0,1.20199610011e-07
12,17.0,780.0,1.11109183405e-07
12,18.0,380.0,1.78874070053e-07
12,18.0,390.0,1.82755500778e-07
12,18.0,400.0,2.73190911986e-07
12,18.0,410.0,3.31936712293e-07
12,18.0,420.0,3.4528656123e-07
12,18.0,430.0,3.2074400767e-07
12,18.0,440.0,3.71450182323e-07
12,18.0,450.0,4.03712860152e-07
12,18.0,460.0,3.95551805657e-07
12,18.0,470.0,3.88193540096e-07
12,18.0,480.0,3.57928938536e-07
12,18.0,490.0,3.27191439762e-07
12,18.0,500.0,2.94392895336e-07
12,18.0,510.0,2.64265752273e-07
12,18.0,520.0,2.28271644381e-07
12,18.0,530.0,1.8284238709e-07
12,18.0,540.0,1.67417608017e-07
12,18.0,550.0,1.46249956298e-07
12,18.0,560.0,1.20049840544e-07
12,18.0,570.0,9.75776171711e-08
12,18.0,580.0,9.59087951829e-08
12,18.0,590.0,9.47299925886e-08
12,18.0,600.0,7.55512845063e-08
12,18.0,610.0,7.89703088899e-08
12,18.0,620.0,8.92043355012e-08
12,18.0,630.0,9.71095671946e-08
12,18.0,640.0,1.08453653623e-07
12,18.0,650.0,1.17680697975e-07
12,18.0,660.0,1.21206988761e-07
12,18.0,670.0,1.3422997404e-07
12,18.0,680.0,1.39629933627e-07
12,18.0,690.0,1.41979385081e-07
12,18.0,700.0,1.4373034355e-07
12,18.0,710.0,1.41611446901e-07
12,18.0,720.0,1.36128623101e-07
12,18.0,730.0,1.34553162703e-07
12,18.0,740.0,1.27207132239e-07
12,18.0,750.0,1.20463766211e-07
12,18.0,760.0,1.18648691059e-07
12,18.0,770.0,1.11208047702e-07
12,18.0,780.0,1.02738713253e-07
12,19.0,380.0,1.79298079868e-07
12,19.0,390.0,1.8219084632e-07
12,19.0,400.0,2.70955942714e-07
12,19.0,410.0,3.2765578561e-07
12,19.0,420.0,3.39328935893e-07
12,19.0,430.0,3.13922656449e-07
12,19.0,440.0,3.62180185441e-07
12,19.0,450.0,3.92262584942e-07
12,19.0,460.0,3.83098483274e-07
12,19.0,470.0,3.74844399175e-07
12,19.0,480.0,3.4467424174e-07
12,19.0,490.0,3.1425874098e-07
12,19.0,500.0,2.82088438487e-07
12,19.0,510.0,2.52662373461e-07
12,19.0,520.0,2.1779909473e-07
12,19.0,530.0,1.74134148133e-07
12,19.0,540.0,1.59159526797e-07
12,19.0,550.0,1.38809848657e-07
12,19.0,560.0,1.13774501157e-07
12,19.0,570.0,9.23543678845e-08
12,19.0,580.0,9.06506035478e-08
12,19.0,590.0,8.94189698275e-08
12,19.0,600.0,7.12427853103e-08
12,19.0,610.0,7.4374708684e-08
12,19.0,620.0,8.39087828567e-08
12,19.0,630.0,9.12420537393e-08
12,19.0,640.0,1.01791241809e-07
12,19.0,650.0,1.10342040166e-07
12,19.0,660.0,1.13544306367e-07
12,19.0,670.0,1.25635438198e-07
12,19.0,680.0,1.30584309616e-07
12,19.0,690.0,1.32680778341e-07
12,19.0,700.0,1.34220513323e-07
12,19.0,710.0,1.32151188058e-07
12,19.0,720.0,1.26951287464e-07
12,19.0,730.0,1.2540352121e-07
12,19.0,740.0,1.18485138916e-07
12,19.0,750.0,1.1213817922e-07
12,19.0,760.0,1.10387322189e-07
12,19.0,770.0,1.03408422833e-07
12,19.0,780.0,9.54818837068e-08
12,20.0,380.0,1.79178968661e-07
12,20.0,390.0,1.81156230818e-07
12,20.0,400.0,2.68157267412e-07
12,20.0,410.0,3.22866476071e-07
12,20.0,420.0,3.33029732907e-07
12,20.0,430.0,3.06957853667e-07
12,20.0,440.0,3.52942300218e-07
12,20.0,450.0,3.81058366694e-07
12,20.0,460.0,3.71085094538e-07
12,20.0,470.0,3.62117214512e-07
12,20.0,480.0,3.32156470854e-07
12,20.0,490.0,3.02146482086e-07
12,20.0,500.0,2.70642434221e-07
12,20.0,510.0,2.4193108835e-07
12,20.0,520.0,2.08162283601e-07
12,20.0,530.0,1.66148298139e-07
12,20.0,540.0,1.51613981357e-07
12,20.0,550.0,1.3203019787e-07
12,20.0,560.0,1.08066938759e-07
12,20.0,570.0,8.76087184073e-08
12,20.0,580.0,8.58845995368e-08
12,20.0,590.0,8.46175188356e-08
12,20.0,600.0,6.73482815432e-08
12,20.0,610.0,7.02324467148e-08
12,20.0,620.0,7.91514530189e-08
12,20.0,630.0,8.59845303916e-08
12,20.0,640.0,9.58367888976e-08
12,20.0,650.0,1.03797436909e-07
12,20.0,660.0,1.06723040225e-07
12,20.0,670.0,1.17997735863e-07
12,20.0,680.0,1.22557471559e-07
12,20.0,690.0,1.24439853615e-07
12,20.0,700.0,1.25802564417e-07
12,20.0,710.0,1.23785630676e-07
12,20.0,720.0,1.18843546157e-07
12,20.0,730.0,1.1732796802e-07
12,20.0,740.0,1.10793423068e-07
12,20.0,750.0,1.04801618617e-07
12,20.0,760.0,1.03113868733e-07
12,20.0,770.0,9.65467651309e-08
12,20.0,780.0,8.91019730951e-08
12,21.0,380.0,1.78604917965e-07
12,21.0,390.0,1.79738124241e-07
12,21.0,400.0,2.64911886337e-07
12,21.0,410.0,3.17688953248e-07
12,21.0,420.0,3.26484872436e-07
12,21.0,430.0,2.99907049068e-07
12,21.0,440.0,3.43762404371e-07
12,21.0,450.0,3.70080898257e-07
12,21.0,460.0,3.59445169109e-07
12,21.0,470.0,3.4989886452e-07
12,21.0,480.0,3.20229864451e-07
12,21.0,490.0,2.90683015683e-07
12,21.0,500.0,2.59870372244e-07
12,21.0,510.0,2.31881732834e-07
12,21.0,520.0,1.99177816351e-07
12,21.0,530.0,1.58729408447e-07
12,21.0,540.0,1.44628737994e-07
12,21.0,550.0,1.25772573382e-07
12,21.0,560.0,1.02811673701e-07
12,21.0,570.0,8.32474044344e-08
12,21.0,580.0,8.15155821437e-08
12,21.0,590.0,8.02274225264e-08
12,21.0,600.0,6.37916858211e-08
12,21.0,610.0,6.64597397679e-08
12,21.0,620.0,7.48311532141e-08
12,21.0,630.0,8.12215997526e-08
12,21.0,640.0,9.04550865194e-08
12,21.0,650.0,9.78944348568e-08
12,21.0,660.0,1.00581489361e-07
12,21.0,670.0,1.11132473826e-07
12,21.0,680.0,1.15353076917e-07
12,21.0,690.0,1.17053224074e-07
12,21.0,700.0,1.18266678757e-07
12,21.0,710.0,1.16305300635e-07
12,21.0,720.0,1.11601658796e-07
12,21.0,730.0,1.10122275633e-07
12,21.0,740.0,1.03936988992e-07
12,21.0,750.0,9.82679591925e-08
12,21.0,760.0,9.66421745461e-08
12,21.0,770.0,9.04467495225e-08
12,21.0,780.0,8.34349986273e-08
12,22.0,380.0,1.77653023052e-07
12,22.0,390.0,1.78011593433e-07
12,22.0,400.0,2.61322350521e-07
12,22.0,410.0,3.12232195069e-07
12,22.0,420.0,3.19788296066e-07
12,22.0,430.0,2.92837150536e-07
12,22.0,440.0,3.34692273806e-07
12,22.0,450.0,3.59356528645e-07
12,22.0,460.0,3.48173863094e-07
12,22.0,470.0,3.38153168961e-07
12,22.0,480.0,3.08831916429e-07
12,22.0,490.0,2.79783752918e-07
12,22.0,500.0,2.49672211114e-07
12,22.0,510.0,2.2240356375e-07
12,22.0,520.0,1.90732619021e-07
12,22.0,530.0,1.51775433451e-07
12,22.0,540.0,1.38099524067e-07
12,22.0,550.0,1.19938048169e-07
12,22.0,560.0,9.79226185455e-08
12,22.0,570.0,7.91979252721e-08
12,22.0,580.0,7.74680773792e-08
12,22.0,590.0,7.61697633509e-08
12,22.0,600.0,6.05098048072e-08
12,22.0,610.0,6.29867290527e-08
12,22.0,620.0,7.08638452852e-08
12,22.0,630.0,7.68574380737e-08
12,22.0,640.0,8.55342152809e-08
12,22.0,650.0,9.25070846831e-08
12,22.0,660.0,9.49861234822e-08
12,22.0,670.0,1.04887670728e-07
12,22.0,680.0,1.08809422917e-07
12,22.0,690.0,1.10353358353e-07
12,22.0,700.0,1.11440167926e-07
12,22.0,710.0,1.09537647782e-07
12,22.0,720.0,1.05057660411e-07
12,22.0,730.0,1.03618189856e-07
12,22.0,740.0,9.77551106348e-08
12,22.0,750.0,9.23836779089e-08
12,22.0,760.0,9.08190862927e-08
12,22.0,770.0,8.49634887121e-08
12,22.0,780.0,7.83462699616e-08
12,23.0,380.0,1.76388545202e-07
12,23.0,390.0,1.76038786583e-07
12,23.0,400.0,2.57472002769e-07
12,23.0,410.0,3.06583540977e-07
12,23.0,420.0,3.13014800157e-07
12,23.0,430.0,2.85801840385e-07
12,23.0,440.0,3.25775206813e-07
12,23.0,450.0,3.48911382324e-07
12,23.0,460.0,3.37276110388e-07
12,23.0,470.0,3.26864380237e-07
12,23.0,480.0,2.97929124333e-07
12,23.0,490.0,2.69400312434e-07
12,23.0,500.0,2.39988422716e-07
12,23.0,510.0,2.13428609424e-07
12,23.0,520.0,1.82755282271e-07
12,23.0,530.0,1.45219260397e-07
12,23.0,540.0,1.31955548901e-07
12,23.0,550.0,1.14456820096e-07
12,23.0,560.0,9.3336224512e-08
12,23.0,570.0,7.54039272212e-08
12,23.0,580.0,7.36814027656e-08
12,23.0,590.0,7.23791115381e-08
12,23.0,600.0,5.74471191935e-08
12,23.0,610.0,5.97504904167e-08
12,23.0,620.0,6.71726894736e-08
12,23.0,630.0,7.28027002591e-08
12,23.0,640.0,8.09683570546e-08
12,23.0,650.0,8.75146008141e-08
12,23.0,660.0,8.98069121594e-08
12,23.0,670.0,9.91136812124e-08
12,23.0,680.0,1.02765461093e-07
12,23.0,690.0,1.04171418589e-07
12,23.0,700.0,1.05147513677e-07
12,23.0,710.0,1.03305394386e-07
12,23.0,720.0,9.90372786502e-08
12,23.0,730.0,9.7640158858e-08
12,23.0,740.0,9.20788060129e-08
12,23.0,750.0,8.69860925279e-08
12,23.0,760.0,8.54824497837e-08
12,23.0,770.0,7.99432055151e-08
12,23.0,780.0,7.36921287191e-08
12,24.0,380.0,1.74866985641e-07
12,24.0,390.0,1.7387132421e-07
12,24.0,400.0,2.53428449224e-07
12,24.0,410.0,3.00812059868e-07
12,24.0,420.0,3.06221815718e-07
12,24.0,430.0,2.7884082488e-07
12,24.0,440.0,3.17041506367e-07
12,24.0,450.0,3.38761675631e-07
12,24.0,460.0,3.26751998607e-07
12,24.0,470.0,3.16017465482e-07
12,24.0,480.0,2.87494297562e-07
12,24.0,490.0,2.59495761597e-07
12,24.0,500.0,2.30775252295e-07
12,24.0,510.0,2.04908206325e-07
12,24.0,520.0,1.75195663333e-07
12,24.0,530.0,1.39014336518e-07
12,24.0,540.0,1.26148213336e-07
12,24.0,550.0,1.09281262802e-07
12,24.0,560.0,8.90092303463e-08
12,24.0,570.0,7.1826988504e-08
12,24.0,580.0,7.01144345701e-08
12,24.0,590.0,6.88114786154e-08
12,24.0,600.0,5.4566180227e-08
12,24.0,610.0,5.67090053151e-08
12,24.0,620.0,6.37069727301e-08
12,24.0,630.0,6.89988815523e-08
12,24.0,640.0,7.6688705693e-08
12,24.0,650.0,8.28388132529e-08
12,24.0,660.0,8.49599133123e-08
12,24.0,670.0,9.37140235308e-08
12,24.0,680.0,9.71172997796e-08
12,24.0,690.0,9.83982407982e-08
12,24.0,700.0,9.92748278038e-08
12,24.0,710.0,9.74928858358e-08
12,24.0,720.0,9.34260244122e-08
12,24.0,730.0,9.20719080345e-08
12,24.0,740.0,8.67950169507e-08
12,24.0,750.0,8.19650564594e-08
12,24.0,760.0,8.05211152169e-08
12,24.0,770.0,7.52789490465e-08
12,24.0,780.0,6.93709644587e-08
12,25.0,380.0,1.73135017865e-07
12,25.0,390.0,1.71551624963e-07
12,25.0,400.0,2.49245886189e-07
12,25.0,410.0,2.94971519001e-07
12,25.0,420.0,2.99452325545e-07
12,25.0,430.0,2.71982046084e-07
12,25.0,440.0,3.08510019694e-07
12,25.0,450.0,3.28913759979e-07
12,25.0,460.0,3.16594694324e-07
12,25.0,470.0,3.05593549624e-07
12,25.0,480.0,2.77499693645e-07
12,25.0,490.0,2.50035722956e-07
12,25.0,500.0,2.21994325594e-07
12,25.0,510.0,1.96801605027e-07
12,25.0,520.0,1.68013384731e-07
12,25.0,530.0,1.33124482123e-07
12,25.0,540.0,1.2064086331e-07
12,25.0,550.0,1.04376366286e-07
12,25.0,560.0,8.49104795423e-08
12,25.0,570.0,6.84398280493e-08
12,25.0,580.0,6.6738348206e-08
12,25.0,590.0,6.543635278e-08
12,25.0,600.0,5.18410355929e-08
12,25.0,610.0,5.38332831039e-08
12,25.0,620.0,6.04317711026e-08
12,25.0,630.0,6.54055758618e-08
12,25.0,640.0,7.2647480471e-08
12,25.0,650.0,7.84250052922e-08
12,25.0,660.0,8.03857891537e-08
12,25.0,670.0,8.86197647339e-08
12,25.0,680.0,9.17898636462e-08
12,25.0,690.0,9.29540094243e-08
12,25.0,700.0,9.37378782668e-08
12,25.0,710.0,9.20135881604e-08
12,25.0,720.0,8.81372698511e-08
12,25.0,730.0,8.68245510078e-08
12,25.0,740.0,8.18164450535e-08
12,25.0,750.0,7.72347059881e-08
12,25.0,760.0,7.58477918316e-08
12,25.0,770.0,7.08861165715e-08
12,25.0,780.0,6.53018365688e-08
12,26.0,380.0,1.7123179785e-07
12,26.0,390.0,1.69114462563e-07
12,26.0,400.0,2.44967593257e-07
12,26.0,410.0,2.89103447941e-07
12,26.0,420.0,2.9273794189e-07
12,26.0,430.0,2.65244317998e-07
12,26.0,440.0,3.00190792502e-07
12,26.0,450.0,3.19366399305e-07
12,26.0,460.0,3.06791860668e-07
12,26.0,470.0,2.95570243204e-07
12,26.0,480.0,2.67916017705e-07
12,26.0,490.0,2.40985955339e-07
12,26.0,500.0,2.13608777207e-07
12,26.0,510.0,1.89070697564e-07
12,26.0,520.0,1.61171532693e-07
12,26.0,530.0,1.27517314134e-07
12,26.0,540.0,1.15401377686e-07
12,26.0,550.0,9.97121204449e-08
12,26.0,560.0,8.10138868387e-08
12,26.0,570.0,6.52201694296e-08
12,26.0,580.0,6.35302355479e-08
12,26.0,590.0,6.22301926312e-08
12,26.0,600.0,4.92522811211e-08
12,26.0,610.0,5.11023647854e-08
12,26.0,620.0,5.73226692165e-08
12,26.0,630.0,6.1995454585e-08
12,26.0,640.0,6.88133552288e-08
12,26.0,650.0,7.4238355328e-08
12,26.0,660.0,7.60478558099e-08
12,26.0,670.0,8.37893981423e-08
12,26.0,680.0,8.67390868844e-08
12,26.0,690.0,8.77930321836e-08
12,26.0,700.0,8.84895237342e-08
12,26.0,710.0,8.6820187301e-08
12,26.0,720.0,8.31246950528e-08
12,26.0,730.0,8.18514720208e-08
12,26.0,740.0,7.70982157601e-08
12,26.0,750.0,7.27517621961e-08
12,26.0,760.0,7.14190849212e-08
12,26.0,770.0,6.67232813697e-08
12,26.0,780.0,6.14457375801e-08
12,27.0,380.0,1.69190017006e-07
12,27.0,390.0,1.66588178244e-07
12,27.0,400.0,2.40627838778e-07
12,27.0,410.0,2.83239455979e-07
12,27.0,420.0,2.86101228226e-07
12,27.0,430.0,2.58639336514e-07
12,27.0,440.0,2.9208717185e-07
12,27.0,450.0,3.10112765131e-07
12,27.0,460.0,2.97327293093e-07
12,27.0,470.0,2.85922896038e-07
12,27.0,480.0,2.58713215239e-07
12,27.0,490.0,2.32312686024e-07
12,27.0,500.0,2.05583120901e-07
12,27.0,510.0,1.81679415563e-07
12,27.0,520.0,1.54635600163e-07
12,27.0,530.0,1.22162832604e-07
12,27.0,540.0,1.10400223061e-07
12,27.0,550.0,9.52610991199e-08
12,27.0,560.0,7.72957319057e-08
12,27.0,570.0,6.21478424559e-08
12,27.0,580.0,6.04694405713e-08
12,27.0,590.0,5.91718544324e-08
12,27.0,600.0,4.67825492422e-08
12,27.0,610.0,4.84975665701e-08
12,27.0,620.0,5.43579945253e-08
12,27.0,630.0,5.87443642538e-08
12,27.0,640.0,6.51587689854e-08
12,27.0,650.0,7.0248372635e-08
12,27.0,660.0,7.1914154723e-08
12,27.0,670.0,7.91869565588e-08
12,27.0,680.0,8.19270037704e-08
12,27.0,690.0,8.28761872967e-08
12,27.0,700.0,8.34896681923e-08
12,27.0,710.0,8.18727356583e-08
12,27.0,720.0,7.83495036863e-08
12,27.0,730.0,7.71139528214e-08
12,27.0,740.0,7.26034043128e-08
12,27.0,750.0,6.84809775464e-08
12,27.0,760.0,6.72000053302e-08
12,27.0,770.0,6.27574171707e-08
12,27.0,780.0,5.77719625202e-08
12,28.0,380.0,1.67036864523e-07
12,28.0,390.0,1.63995754704e-07
12,28.0,400.0,2.36253532174e-07
12,28.0,410.0,2.77403210828e-07
12,28.0,420.0,2.79557659349e-07
12,28.0,430.0,2.521733631e-07
12,28.0,440.0,2.84197561057e-07
12,28.0,450.0,3.01142106981e-07
12,28.0,460.0,2.88182311863e-07
12,28.0,470.0,2.76625718758e-07
12,28.0,480.0,2.49861284473e-07
12,28.0,490.0,2.2398315287e-07
12,28.0,500.0,1.97883566603e-07
12,28.0,510.0,1.74593868065e-07
12,28.0,520.0,1.48373484567e-07
12,28.0,530.0,1.17033329993e-07
12,28.0,540.0,1.05610288699e-07
12,28.0,550.0,9.09982466606e-08
12,28.0,560.0,7.37344278526e-08
12,28.0,570.0,5.9204548359e-08
12,28.0,580.0,5.75372776569e-08
12,28.0,590.0,5.62422587319e-08
12,28.0,600.0,4.44161958201e-08
12,28.0,610.0,4.60020921886e-08
12,28.0,620.0,5.15183008692e-08
12,28.0,630.0,5.56306677166e-08
12,28.0,640.0,6.16590690999e-08
12,28.0,650.0,6.64278201153e-08
12,28.0,660.0,6.79561708922e-08
12,28.0,670.0,7.47803829135e-08
12,28.0,680.0,7.73198083633e-08
12,28.0,690.0,7.81686690201e-08
12,28.0,700.0,7.87026673303e-08
12,28.0,710.0,7.71357452511e-08
12,28.0,720.0,7.3777252042e-08
12,28.0,730.0,7.25776395727e-08
12,28.0,740.0,6.82992653832e-08
12,28.0,750.0,6.439110892e-08
12,28.0,760.0,6.31595543916e-08
12,28.0,770.0,5.89592770122e-08
12,28.0,780.0,5.42533305422e-08
12,29.0,380.0,1.64794923285e-07
12,29.0,390.0,1.61355797615e-07
12,29.0,400.0,2.31865719845e-07
12,29.0,410.0,2.71612226138e-07
12,29.0,420.0,2.73117401129e-07
12,29.0,430.0,2.45848773419e-07
12,29.0,440.0,2.7651707013e-07
12,29.0,450.0,2.92441378799e-07
12,29.0,460.0,2.79337188561e-07
12,29.0,470.0,2.67653021165e-07
12,29.0,480.0,2.41331277369e-07
12,29.0,490.0,2.1596639644e-07
12,29.0,500.0,1.90478633691e-07
12,29.0,510.0,1.67782810707e-07
12,29.0,520.0,1.42355829275e-07
12,29.0,530.0,1.12103623322e-07
12,29.0,540.0,1.01007062019e-07
12,29.0,550.0,8.69010037072e-08
12,29.0,560.0,7.03106054998e-08
12,29.0,570.0,5.63739154405e-08
12,29.0,580.0,5.47170725201e-08
12,29.0,590.0,5.34244178405e-08
12,29.0,600.0,4.21393158239e-08
12,29.0,610.0,4.36010392491e-08
12,29.0,620.0,4.87863636303e-08
12,29.0,630.0,5.26352275146e-08
12,29.0,640.0,5.82924801514e-08
12,29.0,650.0,6.27526682056e-08
12,29.0,660.0,6.41487740823e-08
12,29.0,670.0,7.05414530453e-08
12,29.0,680.0,7.28877629331e-08
12,29.0,690.0,7.36398843777e-08
12,29.0,700.0,7.4097214121e-08
12,29.0,710.0,7.25780667237e-08
12,29.0,720.0,6.93777254512e-08
12,29.0,730.0,6.82124135024e-08
12,29.0,740.0,6.41571049543e-08
12,29.0,750.0,6.04547913016e-08
12,29.0,760.0,5.92705937828e-08
12,29.0,770.0,5.53032666703e-08
12,29.0,780.0,5.08660642598e-08
12,30.0,380.0,1.62483401043e-07
12,30.0,390.0,1.58683843208e-07
12,30.0,400.0,2.27481569443e-07
12,30.0,410.0,2.65880274116e-07
12,30.0,420.0,2.66787802642e-07
12,30.0,430.0,2.39666350482e-07
12,30.0,440.0,2.69040150683e-07
12,30.0,450.0,2.83998090586e-07
12,30.0,460.0,2.70773948434e-07
12,30.0,470.0,2.58981982389e-07
12,30.0,480.0,2.33097901431e-07
12,30.0,490.0,2.08235685133e-07
12,30.0,500.0,1.83341400547e-07
12,30.0,510.0,1.61219734319e-07
12,30.0,520.0,1.36557892517e-07
12,30.0,530.0,1.07352624249e-07
12,30.0,540.0,9.65701207936e-08
12,30.0,550.0,8.29506643513e-08
12,30.0,560.0,6.70082750211e-08
12,30.0,570.0,5.36424840009e-08
12,30.0,580.0,5.19951578591e-08
12,30.0,590.0,5.07044414258e-08
12,30.0,600.0,3.99405732406e-08
12,30.0,610.0,4.12822800524e-08
12,30.0,620.0,4.61481844217e-08
12,30.0,630.0,4.97425126672e-08
12,30.0,640.0,5.5041351901e-08
12,30.0,650.0,5.9203462687e-08
12,30.0,660.0,6.04716427826e-08
12,30.0,670.0,6.64473676607e-08
12,30.0,680.0,6.86068704567e-08
12,30.0,690.0,6.92651713159e-08
12,30.0,700.0,6.96480945353e-08
12,30.0,710.0,6.81746368131e-08
12,30.0,720.0,6.51266347615e-08
12,30.0,730.0,6.39940824839e-08
12,30.0,740.0,6.01538943536e-08
12,30.0,750.0,5.66500802611e-08
12,30.0,760.0,5.55113756276e-08
12,30.0,770.0,5.17688899255e-08
12,30.0,780.0,4.7591135655e-08
12,31.0,380.0,1.60121928899e-07
12,31.0,390.0,1.55996355891e-07
12,31.0,400.0,2.23120532782e-07
12,31.0,410.0,2.60225146676e-07
12,31.0,420.0,2.60581820637e-07
12,31.0,430.0,2.33633513372e-07
12,31.0,440.0,2.61770691942e-07
12,31.0,450.0,2.75811995788e-07
12,31.0,460.0,2.62488639805e-07
12,31.0,470.0,2.50605552629e-07
12,31.0,480.0,2.25152336702e-07
12,31.0,490.0,2.00781072347e-07
12,31.0,500.0,1.76461657768e-07
12,31.0,510.0,1.54894560471e-07
12,31.0,520.0,1.30970331995e-07
12,31.0,530.0,1.02772606569e-07
12,31.0,540.0,9.22921207901e-08
12,31.0,550.0,7.91406803531e-08
12,31.0,560.0,6.38220203343e-08
12,31.0,570.0,5.10058623724e-08
12,31.0,580.0,4.93671574709e-08
12,31.0,590.0,4.80779400876e-08
12,31.0,600.0,3.78165087785e-08
12,31.0,610.0,3.90421381459e-08
12,31.0,620.0,4.35995185807e-08
12,31.0,630.0,4.69478370744e-08
12,31.0,640.0,5.19003735769e-08
12,31.0,650.0,5.57743778604e-08
12,31.0,660.0,5.69187331189e-08
12,31.0,670.0,6.24913853872e-08
12,31.0,680.0,6.4470087296e-08
12,31.0,690.0,6.50373531907e-08
12,31.0,700.0,6.53480290138e-08
12,31.0,710.0,6.39182902183e-08
12,31.0,720.0,6.10171051937e-08
12,31.0,730.0,5.9915858613e-08
12,31.0,740.0,5.62832369269e-08
12,31.0,750.0,5.29709439942e-08
12,31.0,760.0,5.18759664304e-08
12,31.0,770.0,4.83506048515e-08
12,31.0,780.0,4.44234510008e-08
12,32.0,380.0,1.57565101024e-07
12,32.0,390.0,1.53146668222e-07
12,32.0,400.0,2.18569031133e-07
12,32.0,410.0,2.54397496817e-07
12,32.0,420.0,2.54253723044e-07
12,32.0,430.0,2.27537288189e-07
12,32.0,440.0,2.54482531088e-07
12,32.0,450.0,2.67661854133e-07
12,32.0,460.0,2.54291154448e-07
12,32.0,470.0,2.42364050249e-07
12,32.0,480.0,2.17374840953e-07
12,32.0,490.0,1.9351739681e-07
12,32.0,500.0,1.69786650747e-07
12,32.0,510.0,1.48781294631e-07
12,32.0,520.0,1.25588790452e-07
12,32.0,530.0,9.83764218478e-08
12,32.0,540.0,8.81975998696e-08
12,32.0,550.0,7.55038303863e-08
12,32.0,560.0,6.07880754753e-08
12,32.0,570.0,4.85010148911e-08
12,32.0,580.0,4.68749342592e-08
12,32.0,590.0,4.5590788291e-08
12,32.0,600.0,3.58083686043e-08
12,32.0,610.0,3.69265985391e-08
12,32.0,620.0,4.11948183826e-08
12,32.0,630.0,4.4313375795e-08
12,32.0,640.0,4.89417828092e-08
12,32.0,650.0,5.25468013632e-08
12,32.0,660.0,5.3576975902e-08
12,32.0,670.0,5.87728879499e-08
12,32.0,680.0,6.05840197111e-08
12,32.0,690.0,6.1068098092e-08
12,32.0,700.0,6.13131141697e-08
12,32.0,710.0,5.99265233484e-08
12,32.0,720.0,5.71649742992e-08
12,32.0,730.0,5.60948194393e-08
12,32.0,740.0,5.26583224537e-08
12,32.0,750.0,4.95269080754e-08
12,32.0,760.0,4.84741280461e-08
12,32.0,770.0,4.51531590526e-08
12,32.0,780.0,4.14615418072e-08
12,33.0,380.0,1.54628047062e-07
12,33.0,390.0,1.4993492359e-07
12,33.0,400.0,2.13507141151e-07
12,33.0,410.0,2.47977464287e-07
12,33.0,420.0,2.47329675143e-07
12,33.0,430.0,2.20899142045e-07
12,33.0,440.0,2.46572926124e-07
12,33.0,450.0,2.58837348184e-07
12,33.0,460.0,2.45427227591e-07
12,33.0,470.0,2.33461478727e-07
12,33.0,480.0,2.0897436492e-07
12,33.0,490.0,1.8567406937e-07
12,33.0,500.0,1.62575818257e-07
12,33.0,510.0,1.42174059443e-07
12,33.0,520.0,1.19769667616e-07
12,33.0,530.0,9.36167793131e-08
12,33.0,540.0,8.37624743768e-08
12,33.0,550.0,7.15617671753e-08
12,33.0,560.0,5.74968656785e-08
12,33.0,570.0,4.57813937854e-08
12,33.0,580.0,4.41691630622e-08
12,33.0,590.0,4.28915148319e-08
12,33.0,600.0,3.36278618582e-08
12,33.0,610.0,3.46308664445e-08
12,33.0,620.0,3.85875392636e-08
12,33.0,630.0,4.14587930423e-08
12,33.0,640.0,4.57382261408e-08
12,33.0,650.0,4.90540561798e-08
12,33.0,660.0,4.99624042141e-08
12,33.0,670.0,5.4752801822e-08
12,33.0,680.0,5.63844711957e-08
12,33.0,690.0,5.67800426717e-08
12,33.0,700.0,5.69555549258e-08
12,33.0,710.0,5.5616517258e-08
12,33.0,720.0,5.30065155055e-08
12,33.0,730.0,5.19708232161e-08
12,33.0,740.0,4.87465259148e-08
12,33.0,750.0,4.58106405085e-08
12,33.0,760.0,4.48041226165e-08
12,33.0,770.0,4.17040196169e-08
12,33.0,780.0,3.82666105755e-08
12,34.0,380.0,1.51369611918e-07
12,34.0,390.0,1.46459220156e-07
12,34.0,400.0,2.08146833441e-07
12,34.0,410.0,2.41312994174e-07
12,34.0,420.0,2.40276850593e-07
12,34.0,430.0,2.14261048318e-07
12,34.0,440.0,2.38806247989e-07
12,34.0,450.0,2.50327725921e-07
12,34.0,460.0,2.37033700792e-07
12,34.0,470.0,2.25180514869e-07
12,34.0,480.0,2.01301821499e-07
12,34.0,490.0,1.78634334339e-07
12,34.0,500.0,1.56218404579e-07
12,34.0,510.0,1.36449126985e-07
12,34.0,520.0,1.14811139305e-07
12,34.0,530.0,8.96320670543e-08
12,34.0,540.0,8.01063483417e-08
12,34.0,550.0,6.83611608027e-08
12,34.0,560.0,5.4864058719e-08
12,34.0,570.0,4.36368695791e-08
12,34.0,580.0,4.20597031633e-08
12,34.0,590.0,4.08073244409e-08
12,34.0,600.0,3.19630167171e-08
12,34.0,610.0,3.28913602506e-08
12,34.0,620.0,3.66244389332e-08
12,34.0,630.0,3.93231537639e-08
12,34.0,640.0,4.33550915396e-08
12,34.0,650.0,4.64700423962e-08
12,34.0,660.0,4.73025986558e-08
12,34.0,670.0,5.18091575338e-08
12,34.0,680.0,5.33241891048e-08
12,34.0,690.0,5.36699128762e-08
12,34.0,700.0,5.38088078994e-08
12,34.0,710.0,5.25176970611e-08
12,34.0,720.0,5.00291687251e-08
12,34.0,730.0,4.90295254192e-08
12,34.0,740.0,4.59672704424e-08
12,34.0,750.0,4.31801297932e-08
12,34.0,760.0,4.22147680783e-08
12,34.0,770.0,3.92784629015e-08
12,34.0,780.0,3.60271250662e-08
12,35.0,380.0,1.48156326414e-07
12,35.0,390.0,1.43046306408e-07
12,35.0,400.0,2.0290089523e-07
12,35.0,410.0,2.34808373252e-07
12,35.0,420.0,2.33408919377e-07
12,35.0,430.0,2.07809846139e-07
12,35.0,440.0,2.31271654636e-07
12,35.0,450.0,2.4208587111e-07
12,35.0,460.0,2.28916501339e-07
12,35.0,470.0,2.17183698551e-07
12,35.0,480.0,1.93902438684e-07
12,35.0,490.0,1.71854163591e-07
12,35.0,500.0,1.5010293024e-07
12,35.0,510.0,1.30948660717e-07
12,35.0,520.0,1.10052572123e-07
12,35.0,530.0,8.58122174139e-08
12,35.0,540.0,7.66052742497e-08
12,35.0,550.0,6.52994560811e-08
12,35.0,560.0,5.23480057151e-08
12,35.0,570.0,4.15893968234e-08
12,35.0,580.0,4.00474304079e-08
12,35.0,590.0,3.88206211253e-08
12,35.0,600.0,3.03771754377e-08
12,35.0,610.0,3.12354424875e-08
12,35.0,620.0,3.4756772255e-08
12,35.0,630.0,3.7292475465e-08
12,35.0,640.0,4.10902790976e-08
12,35.0,650.0,4.40155525106e-08
12,35.0,660.0,4.47773165675e-08
12,35.0,670.0,4.90156447428e-08
12,35.0,680.0,5.04212216764e-08
12,35.0,690.0,5.07208489777e-08
12,35.0,700.0,5.0826162846e-08
12,35.0,710.0,4.9581542304e-08
12,35.0,720.0,4.72090781104e-08
12,35.0,730.0,4.62444891564e-08
12,35.0,740.0,4.33364786822e-08
12,35.0,750.0,4.06908613174e-08
12,35.0,760.0,3.97651373222e-08
12,35.0,770.0,3.69843972625e-08
12,35.0,780.0,3.39095625263e-08
12,36.0,380.0,1.4506729348e-07
12,36.0,390.0,1.39788183669e-07
12,36.0,400.0,1.97922365851e-07
12,36.0,410.0,2.28666771925e-07
12,36.0,420.0,2.26953399977e-07
12,36.0,430.0,2.01770347935e-07
12,36.0,440.0,2.24243469595e-07
12,36.0,450.0,2.34423392216e-07
12,36.0,460.0,2.21392928474e-07
12,36.0,470.0,2.09792502602e-07
12,36.0,480.0,1.87081499404e-07
12,36.0,490.0,1.65619217272e-07
12,36.0,500.0,1.44492274978e-07
12,36.0,510.0,1.25913172762e-07
12,36.0,520.0,1.05705045522e-07
12,36.0,530.0,8.23292939117e-08
12,36.0,540.0,7.34186314507e-08
12,36.0,550.0,6.25173918078e-08
12,36.0,560.0,5.00653871474e-08
12,36.0,570.0,3.97346699722e-08
12,36.0,580.0,3.82269244682e-08
12,36.0,590.0,3.7025359102e-08
12,36.0,600.0,2.89459342964e-08
12,36.0,610.0,2.97424033667e-08
12,36.0,620.0,3.30742297254e-08
12,36.0,630.0,3.5464573099e-08
12,36.0,640.0,3.90531308309e-08
12,36.0,650.0,4.18093507816e-08
12,36.0,660.0,4.25090206783e-08
12,36.0,670.0,4.65079864111e-08
12,36.0,680.0,4.78168786996e-08
12,36.0,690.0,4.80766877009e-08
12,36.0,700.0,4.81533411972e-08
12,36.0,710.0,4.69517847829e-08
12,36.0,720.0,4.46845597756e-08
12,36.0,730.0,4.37525248961e-08
12,36.0,740.0,4.0983620714e-08
12,36.0,750.0,3.84655768688e-08
12,36.0,760.0,3.75761482733e-08
12,36.0,770.0,3.49352328154e-08
12,36.0,780.0,3.20188077457e-08
12,37.0,380.0,1.42108242631e-07
12,37.0,390.0,1.36682759652e-07
12,37.0,400.0,1.93196927755e-07
12,37.0,410.0,2.22858058175e-07
12,37.0,420.0,2.20866557091e-07
12,37.0,430.0,1.96091162188e-07
12,37.0,440.0,2.1765047686e-07
12,37.0,450.0,2.27250947389e-07
12,37.0,460.0,2.14364328055e-07
12,37.0,470.0,2.02899953729e-07
12,37.0,480.0,1.80731241604e-07
12,37.0,490.0,1.59823362254e-07
12,37.0,500.0,1.39284160315e-07
12,37.0,510.0,1.21245142176e-07
12,37.0,520.0,1.01679733129e-07
12,37.0,530.0,7.91083105321e-08
12,37.0,540.0,7.04748080501e-08
12,37.0,550.0,5.99499191692e-08
12,37.0,560.0,4.79608467004e-08
12,37.0,570.0,3.80261791488e-08
12,37.0,580.0,3.65512588199e-08
12,37.0,590.0,3.53740630646e-08
12,37.0,600.0,2.76303891358e-08
12,37.0,610.0,2.8370838385e-08
12,37.0,620.0,3.15293640536e-08
12,37.0,630.0,3.37870565998e-08
12,37.0,640.0,3.71844144104e-08
12,37.0,650.0,3.97864085107e-08
12,37.0,660.0,4.04299741136e-08
12,37.0,670.0,4.42104022346e-08
12,37.0,680.0,4.54315550768e-08
12,37.0,690.0,4.56557137523e-08
12,37.0,700.0,4.57069023355e-08
12,37.0,710.0,4.45455000578e-08
12,37.0,720.0,4.23752436245e-08
12,37.0,730.0,4.14736085774e-08
12,37.0,740.0,3.88324838752e-08
12,37.0,750.0,3.64315879002e-08
12,37.0,760.0,3.55757963209e-08
12,37.0,770.0,3.30630762562e-08
12,37.0,780.0,3.02917518459e-08
12,38.0,380.0,1.39279647536e-07
12,38.0,390.0,1.33727833383e-07
12,38.0,400.0,1.88717737788e-07
12,38.0,410.0,2.17370100941e-07
12,38.0,420.0,2.1513225421e-07
12,38.0,430.0,1.90754397978e-07
12,38.0,440.0,2.11468963016e-07
12,38.0,450.0,2.20539844721e-07
12,38.0,460.0,2.07800017983e-07
12,38.0,470.0,1.96473658626e-07
12,38.0,480.0,1.74819884921e-07
12,38.0,490.0,1.54435954579e-07
12,38.0,500.0,1.34449696399e-07
12,38.0,510.0,1.16917549924e-07
12,38.0,520.0,9.79524354411e-08
12,38.0,530.0,7.61292297617e-08
12,38.0,540.0,6.77549209898e-08
12,38.0,550.0,5.75801055882e-08
12,38.0,560.0,4.60201497221e-08
12,38.0,570.0,3.64520986084e-08
12,38.0,580.0,3.50086015148e-08
12,38.0,590.0,3.38548704881e-08
12,38.0,600.0,2.64209319377e-08
12,38.0,610.0,2.7110588821e-08
12,38.0,620.0,3.01105881088e-08
12,38.0,630.0,3.22471955786e-08
12,38.0,640.0,3.54697959677e-08
12,38.0,650.0,3.79310537681e-08
12,38.0,660.0,3.85239196703e-08
12,38.0,670.0,4.21047708971e-08
12,38.0,680.0,4.32462848353e-08
12,38.0,690.0,4.3438530781e-08
12,38.0,700.0,4.34671063225e-08
12,38.0,710.0,4.23431410666e-08
12,38.0,720.0,4.02622510626e-08
12,38.0,730.0,3.93889993704e-08
12,38.0,740.0,3.68652781907e-08
12,38.0,750.0,3.45719833194e-08
12,38.0,760.0,3.37473672598e-08
12,38.0,770.0,3.13522102081e-08
12,38.0,780.0,2.8713830117e-08
12,39.0,380.0,1.36577041682e-07
12,39.0,390.0,1.30916567712e-07
12,39.0,400.0,1.84471600938e-07
12,39.0,410.0,2.12183701625e-07
12,39.0,420.0,2.0972762341e-07
12,39.0,430.0,1.85736434881e-07
12,39.0,440.0,2.05669126081e-07
12,39.0,450.0,2.14255313538e-07
12,39.0,460.0,2.01663830302e-07
12,39.0,470.0,1.90476262697e-07
12,39.0,480.0,1.69311415476e-07
12,39.0,490.0,1.49422771516e-07
12,39.0,500.0,1.29957002138e-07
12,39.0,510.0,1.12900879233e-07
12,39.0,520.0,9.4496943608e-08
12,39.0,530.0,7.33705063068e-08
12,39.0,540.0,6.52387972756e-08
12,39.0,550.0,5.53899626219e-08
12,39.0,560.0,4.42282473956e-08
12,39.0,570.0,3.49999796302e-08
12,39.0,580.0,3.35865432766e-08
12,39.0,590.0,3.24553773584e-08
12,39.0,600.0,2.53075418712e-08
12,39.0,610.0,2.59510848163e-08
12,39.0,620.0,2.88058722092e-08
12,39.0,630.0,3.08317992796e-08
12,39.0,640.0,3.38944498329e-08
12,39.0,650.0,3.62271031474e-08
12,39.0,660.0,3.67740943019e-08
12,39.0,670.0,4.01724325849e-08
12,39.0,680.0,4.12415626546e-08
12,39.0,690.0,4.14052135622e-08
12,39.0,700.0,4.14136964679e-08
12,39.0,710.0,4.03246684766e-08
12,39.0,720.0,3.83262454361e-08
12,39.0,730.0,3.74795180049e-08
12,39.0,740.0,3.50638116466e-08
12,39.0,750.0,3.28694822946e-08
12,39.0,760.0,3.20737935472e-08
12,39.0,770.0,2.97865953789e-08
12,39.0,780.0,2.72701882467e-08
12,40.0,380.0,1.33995040817e-07
12,40.0,390.0,1.28241496869e-07
12,40.0,400.0,1.80444807114e-07
12,40.0,410.0,2.07279505662e-07
12,40.0,420.0,2.04630078197e-07
12,40.0,430.0,1.81014286746e-07
12,40.0,440.0,2.00222288793e-07
12,40.0,450.0,2.08364190502e-07
12,40.0,460.0,1.95921512701e-07
12,40.0,470.0,1.84872596918e-07
12,40.0,480.0,1.64172089565e-07
12,40.0,490.0,1.44751880335e-07
12,40.0,500.0,1.25776432914e-07
12,40.0,510.0,1.09167766203e-07
12,40.0,520.0,9.12890238236e-08
12,40.0,530.0,7.08122625011e-08
12,40.0,540.0,6.29078627035e-08
12,40.0,550.0,5.33629565224e-08
12,40.0,560.0,4.25713291888e-08
12,40.0,570.0,3.36584134057e-08
12,40.0,580.0,3.22737253416e-08
12,40.0,590.0,3.11642415784e-08
12,40.0,600.0,2.42810641559e-08
12,40.0,610.0,2.48826782659e-08
12,40.0,620.0,2.76042444118e-08
12,40.0,630.0,2.95288453116e-08
12,40.0,640.0,3.24448723348e-08
12,40.0,650.0,3.46598250714e-08
12,40.0,660.0,3.51652470825e-08
12,40.0,670.0,3.83964192404e-08
12,40.0,680.0,3.93996598255e-08
12,40.0,690.0,3.95376594388e-08
12,40.0,700.0,3.95282762787e-08
12,40.0,710.0,3.84718898397e-08
12,40.0,720.0,3.65496781803e-08
12,40.0,730.0,3.57277643283e-08
12,40.0,740.0,3.34115846551e-08
12,40.0,750.0,3.13084159727e-08
12,40.0,760.0,3.05396038696e-08
12,40.0,770.0,2.83516961272e-08
12,40.0,780.0,2.59473675479e-08
12,41.0,380.0,1.31528190624e-07
12,41.0,390.0,1.25695339562e-07
12,41.0,400.0,1.76624269987e-07
12,41.0,410.0,2.0263929862e-07
12,41.0,420.0,1.99818577152e-07
12,41.0,430.0,1.76566703799e-07
12,41.0,440.0,1.95102100056e-07
12,41.0,450.0,2.02836151764e-07
12,41.0,460.0,1.90541872239e-07
12,41.0,470.0,1.79630743289e-07
12,41.0,480.0,1.59371371358e-07
12,41.0,490.0,1.40394457128e-07
12,41.0,500.0,1.21881288375e-07
12,41.0,510.0,1.05693611801e-07
12,41.0,520.0,8.83069277094e-08
12,41.0,530.0,6.84366856832e-08
12,41.0,540.0,6.07454949276e-08
12,41.0,550.0,5.14843085834e-08
12,41.0,560.0,4.1037063673e-08
12,41.0,570.0,3.24172227371e-08
12,41.0,580.0,3.10600237781e-08
12,41.0,590.0,2.99713615698e-08
12,41.0,600.0,2.33333507216e-08
12,41.0,610.0,2.38967872705e-08
12,41.0,620.0,2.64959507397e-08
12,41.0,630.0,2.83276513194e-08
12,41.0,640.0,3.11090705818e-08
12,41.0,650.0,3.32161417764e-08
12,41.0,660.0,3.36838446158e-08
12,41.0,670.0,3.67616792935e-08
12,41.0,680.0,3.770485545e-08
12,41.0,690.0,3.78198210569e-08
12,41.0,700.0,3.7794542805e-08
12,41.0,710.0,3.67686875316e-08
12,41.0,720.0,3.49170061847e-08
12,41.0,730.0,3.41183304714e-08
12,41.0,740.0,3.18939901647e-08
12,41.0,750.0,2.98749157515e-08
12,41.0,760.0,2.91311072871e-08
12,41.0,770.0,2.70346519963e-08
12,41.0,780.0,2.4733462561e-08
12,42.0,380.0,1.29171216116e-07
12,42.0,390.0,1.23271215385e-07
12,42.0,400.0,1.72997795921e-07
12,42.0,410.0,1.98246271045e-07
12,42.0,420.0,1.95273839873e-07
12,42.0,430.0,1.7237432255e-07
12,42.0,440.0,1.90284655113e-07
12,42.0,450.0,1.97643790545e-07
12,42.0,460.0,1.85496804483e-07
12,42.0,470.0,1.74722021205e-07
12,42.0,480.0,1.54881885554e-07
12,42.0,490.0,1.3632471398e-07
12,42.0,500.0,1.18247723156e-07
12,42.0,510.0,1.02456482185e-07
12,42.0,520.0,8.55312907382e-08
12,42.0,530.0,6.62279357959e-08
12,42.0,540.0,5.87369293127e-08
12,42.0,550.0,4.97409053198e-08
12,42.0,560.0,3.96145191175e-08
12,42.0,570.0,3.12673932661e-08
12,42.0,580.0,2.99364781081e-08
12,42.0,590.0,2.88678024927e-08
12,42.0,600.0,2.24571990052e-08
12,42.0,610.0,2.29858298673e-08
12,42.0,620.0,2.54723779325e-08
12,42.0,630.0,2.72187885007e-08
12,42.0,640.0,2.9876463413e-08
12,42.0,650.0,3.18845193688e-08
12,42.0,660.0,3.2317955439e-08
12,42.0,670.0,3.52549472175e-08
12,42.0,680.0,3.61432984004e-08
12,42.0,690.0,3.62375637756e-08
12,42.0,700.0,3.61981401813e-08
12,42.0,710.0,3.52008725193e-08
12,42.0,720.0,3.34145494844e-08
12,42.0,730.0,3.26376585659e-08
12,42.0,740.0,3.04981777214e-08
12,42.0,750.0,2.85567832874e-08
12,42.0,760.0,2.78362640054e-08
12,42.0,770.0,2.58241555539e-08
12,42.0,780.0,2.36180073125e-08
12,43.0,380.0,1.26919104156e-07
12,43.0,390.0,1.20962698246e-07
12,43.0,400.0,1.69554120385e-07
12,43.0,410.0,1.94085013706e-07
12,43.0,420.0,1.90978295037e-07
12,43.0,430.0,1.68419577515e-07
12,43.0,440.0,1.85748350931e-07
12,43.0,450.0,1.92762417725e-07
12,43.0,460.0,1.80761060382e-07
12,43.0,470.0,1.70120724568e-07
12,43.0,480.0,1.50679146301e-07
12,43.0,490.0,1.32519626884e-07
12,43.0,500.0,1.1485448202e-07
12,43.0,510.0,9.94368543266e-08
12,43.0,520.0,8.29448992356e-08
12,43.0,530.0,6.41719488469e-08
12,43.0,540.0,5.68690706555e-08
12,43.0,550.0,4.8121127246e-08
12,43.0,560.0,3.82940177853e-08
12,43.0,570.0,3.02009511341e-08
12,43.0,580.0,2.88951677178e-08
12,43.0,590.0,2.78456712774e-08
12,43.0,600.0,2.16462499933e-08
12,43.0,610.0,2.21431154758e-08
12,43.0,620.0,2.4525928834e-08
12,43.0,630.0,2.61939439121e-08
12,43.0,640.0,2.87377255447e-08
12,43.0,650.0,3.06547966056e-08
12,43.0,660.0,3.1057071633e-08
12,43.0,670.0,3.38645438801e-08
12,43.0,680.0,3.47027975881e-08
12,43.0,690.0,3.47784504437e-08
12,43.0,700.0,3.47264398928e-08
12,43.0,710.0,3.37559661344e-08
12,43.0,720.0,3.20302799203e-08
12,43.0,730.0,3.12738304092e-08
12,43.0,740.0,2.92128533287e-08
12,43.0,750.0,2.73432998194e-08
12,43.0,760.0,2.66444965196e-08
12,43.0,770.0,2.47102744479e-08
12,43.0,780.0,2.25918101148e-08
12,44.0,380.0,1.24767127423e-07
12,44.0,390.0,1.18763815141e-07
12,44.0,400.0,1.66282870269e-07
12,44.0,410.0,1.90141431591e-07
12,44.0,420.0,1.86915952495e-07
12,44.0,430.0,1.64686549719e-07
12,44.0,440.0,1.81473676114e-07
12,44.0,450.0,1.88169798974e-07
12,44.0,460.0,1.76311957702e-07
12,44.0,470.0,1.6580381058e-07
12,44.0,480.0,1.4674124643e-07
12,44.0,490.0,1.28958631559e-07
12,44.0,500.0,1.11682609359e-07
12,44.0,510.0,9.66173412511e-08
12,44.0,520.0,8.05324418648e-08
12,44.0,530.0,6.22562293196e-08
12,44.0,540.0,5.51302960389e-08
12,44.0,550.0,4.6614670867e-08
12,44.0,560.0,3.70669853548e-08
12,44.0,570.0,2.92108371843e-08
12,44.0,580.0,2.79290853624e-08
12,44.0,590.0,2.68979892169e-08
12,44.0,600.0,2.08948845844e-08
12,44.0,610.0,2.13627349035e-08
12,44.0,620.0,2.36498965005e-08
12,44.0,630.0,2.52457817164e-08
12,44.0,640.0,2.7684630886e-08
12,44.0,650.0,2.95180131222e-08
12,44.0,660.0,2.98919301866e-08
12,44.0,670.0,3.25801769631e-08
12,44.0,680.0,3.33726126259e-08
12,44.0,690.0,3.3431526873e-08
12,44.0,700.0,3.33683220342e-08
12,44.0,710.0,3.24229830793e-08
12,44.0,720.0,3.07536112104e-08
12,44.0,730.0,3.00163587377e-08
12,44.0,740.0,2.80280810136e-08
12,44.0,750.0,2.62250372694e-08
12,44.0,760.0,2.55465026688e-08
12,44.0,770.0,2.36842753892e-08
12,44.0,780.0,2.16467902608e-08
12,45.0,380.0,1.2271084432e-07
12,45.0,390.0,1.16669024386e-07
12,45.0,400.0,1.63174501334e-07
12,45.0,410.0,1.86402634439e-07
12,45.0,420.0,1.83072257551e-07
12,45.0,430.0,1.61160804291e-07
12,45.0,440.0,1.77442994222e-07
12,45.0,450.0,1.83845890733e-07
12,45.0,460.0,1.72129096696e-07
12,45.0,470.0,1.61750597544e-07
12,45.0,480.0,1.43048559047e-07
12,45.0,490.0,1.25623333994e-07
12,45.0,500.0,1.08715174734e-07
12,45.0,510.0,9.39824339856e-08
12,45.0,520.0,7.82802773612e-08
12,45.0,530.0,6.04696569161e-08
12,45.0,540.0,5.35102719445e-08
12,45.0,550.0,4.5212384031e-08
12,45.0,560.0,3.59258119914e-08
12,45.0,570.0,2.82907911424e-08
12,45.0,580.0,2.70320209346e-08
12,45.0,590.0,2.60185750985e-08
12,45.0,600.0,2.01981286475e-08
12,45.0,610.0,2.06394597227e-08
12,45.0,620.0,2.28383491875e-08
12,45.0,630.0,2.43678165666e-08
12,45.0,640.0,2.6709909713e-08
12,45.0,650.0,2.8466253002e-08
12,45.0,660.0,2.88143504561e-08
12,45.0,670.0,3.13927595049e-08
12,45.0,680.0,3.21432636347e-08
12,45.0,690.0,3.21871270587e-08
12,45.0,700.0,3.21139768199e-08
12,45.0,710.0,3.11922346278e-08
12,45.0,720.0,2.95752086523e-08
12,45.0,730.0,2.88559981078e-08
12,45.0,740.0,2.69351031084e-08
12,45.0,750.0,2.51936872251e-08
12,45.0,760.0,2.45340864541e-08
12,45.0,770.0,2.27384649135e-08
12,45.0,780.0,2.07758303314e-08
12,46.0,380.0,1.20746087717e-07
12,46.0,390.0,1.14673185734e-07
12,46.0,400.0,1.60220228276e-07
12,46.0,410.0,1.82856823724e-07
12,46.0,420.0,1.794339468e-07
12,46.0,430.0,1.57829234058e-07
12,46.0,440.0,1.73640338858e-07
12,46.0,450.0,1.79772593833e-07
12,46.0,460.0,1.68194097419e-07
12,46.0,470.0,1.5794248787e-07
12,46.0,480.0,1.39583465677e-07
12,46.0,490.0,1.22497248099e-07
12,46.0,500.0,1.05937025136e-07
12,46.0,510.0,9.15182694194e-08
12,46.0,520.0,7.61762262044e-08
12,46.0,530.0,5.88023136221e-08
12,46.0,540.0,5.1999790942e-08
12,46.0,550.0,4.39061191707e-08
12,46.0,560.0,3.48637287004e-08
12,46.0,570.0,2.74352486718e-08
12,46.0,580.0,2.61984582806e-08
12,46.0,590.0,2.52019415669e-08
12,46.0,600.0,1.95515689012e-08
12,46.0,610.0,1.99686531949e-08
12,46.0,620.0,2.20860286232e-08
12,46.0,630.0,2.35543017e-08
12,46.0,640.0,2.58071225235e-08
12,46.0,650.0,2.74925067011e-08
12,46.0,660.0,2.78170907755e-08
12,46.0,670.0,3.02942499083e-08
12,46.0,680.0,3.10063636276e-08
12,46.0,690.0,3.10367015913e-08
12,46.0,700.0,3.0954729799e-08
12,46.0,710.0,3.00551553907e-08
12,46.0,720.0,2.8486821667e-08
12,46.0,730.0,2.77845785287e-08
12,46.0,740.0,2.59261821982e-08
12,46.0,750.0,2.42419105787e-08
12,46.0,760.0,2.36000093282e-08
12,46.0,770.0,2.18660494458e-08
12,46.0,780.0,1.9972646433e-08
12,47.0,380.0,1.18868947905e-07
12,47.0,390.0,1.12771527321e-07
12,47.0,400.0,1.5741195395e-07
12,47.0,410.0,1.79493183074e-07
12,47.0,420.0,1.75988911871e-07
12,47.0,430.0,1.54679914167e-07
12,47.0,440.0,1.70051225478e-07
12,47.0,450.0,1.7593352926e-07
12,47.0,460.0,1.6449036228e-07
12,47.0,470.0,1.54362719054e-07
12,47.0,480.0,1.36330112945e-07
12,47.0,490.0,1.19565561754e-07
12,47.0,500.0,1.03334564723e-07
12,47.0,510.0,8.92124244365e-08
12,47.0,520.0,7.420938626e-08
12,47.0,530.0,5.72453309345e-08
12,47.0,540.0,5.05906276511e-08
12,47.0,550.0,4.26886040366e-08
12,47.0,560.0,3.3874698545e-08
12,47.0,570.0,2.66392508946e-08
12,47.0,580.0,2.54234845977e-08
12,47.0,590.0,2.44432041989e-08
12,47.0,600.0,1.89512791579e-08
12,47.0,610.0,1.93461922271e-08
12,47.0,620.0,2.13882609384e-08
12,47.0,630.0,2.28001310126e-08
12,47.0,640.0,2.49705497108e-08
12,47.0,650.0,2.65905503473e-08
12,47.0,660.0,2.68937231667e-08
12,47.0,670.0,2.92775121986e-08
12,47.0,680.0,2.99544721633e-08
12,47.0,690.0,2.99726678961e-08
12,47.0,700.0,2.98828893514e-08
12,47.0,710.0,2.90041522076e-08
12,47.0,720.0,2.74811377699e-08
12,47.0,730.0,2.67948604188e-08
12,47.0,740.0,2.49944633576e-08
12,47.0,750.0,2.33632064953e-08
12,47.0,760.0,2.27378606306e-08
12,47.0,770.0,2.10610134021e-08
12,47.0,780.0,1.92316751808e-08
12,48.0,380.0,1.17075752166e-07
12,48.0,390.0,1.10959611479e-07
12,48.0,400.0,1.5474220018e-07
12,48.0,410.0,1.76301774314e-07
12,48.0,420.0,1.72726072573e-07
12,48.0,430.0,1.51701968499e-07
12,48.0,440.0,1.666624801e-07
12,48.0,450.0,1.72313835502e-07
12,48.0,460.0,1.61002862672e-07
12,48.0,470.0,1.50996140943e-07
12,48.0,480.0,1.33274195714e-07
12,48.0,490.0,1.16814928942e-07
12,48.0,500.0,1.008955596e-07
12,48.0,510.0,8.70537338385e-08
12,48.0,520.0,7.23699700248e-08
12,48.0,530.0,5.57907551903e-08
12,48.0,540.0,4.9275411938e-08
12,48.0,550.0,4.15533280291e-08
12,48.0,560.0,3.29533210832e-08
12,48.0,570.0,2.58983649745e-08
12,48.0,580.0,2.47027109711e-08
12,48.0,590.0,2.37380018168e-08
12,48.0,600.0,1.83937557216e-08
12,48.0,610.0,1.87683990536e-08
12,48.0,620.0,2.0740878742e-08
12,48.0,630.0,2.21007534314e-08
12,48.0,640.0,2.41950951378e-08
12,48.0,650.0,2.57548402927e-08
12,48.0,660.0,2.60385239235e-08
12,48.0,670.0,2.83361940333e-08
12,48.0,680.0,2.89809676319e-08
12,48.0,690.0,2.89882795755e-08
12,48.0,700.0,2.88916136746e-08
12,48.0,710.0,2.80324723849e-08
12,48.0,720.0,2.65516552662e-08
12,48.0,730.0,2.58804081892e-08
12,48.0,740.0,2.41338541033e-08
12,48.0,750.0,2.25517982522e-08
12,48.0,760.0,2.1941944725e-08
12,48.0,770.0,2.03180130237e-08
12,48.0,780.0,1.85479752837e-08
12,49.0,380.0,1.15363042135e-07
12,49.0,390.0,1.09233300253e-07
12,49.0,400.0,1.52204040882e-07
12,49.0,410.0,1.7327343944e-07
12,49.0,420.0,1.69635259186e-07
12,49.0,430.0,1.48885447101e-07
12,49.0,440.0,1.63462083445e-07
12,49.0,450.0,1.6889998536e-07
12,49.0,460.0,1.57717947051e-07
12,49.0,470.0,1.47829016197e-07
12,49.0,480.0,1.30402763464e-07
12,49.0,490.0,1.14233284671e-07
12,49.0,500.0,9.86089644001e-08
12,49.0,510.0,8.50321289136e-08
12,49.0,520.0,7.06491605612e-08
12,49.0,530.0,5.4431428515e-08
12,49.0,540.0,4.80475169572e-08
12,49.0,550.0,4.04944419395e-08
12,49.0,560.0,3.2094748152e-08
12,49.0,570.0,2.52086141827e-08
12,49.0,580.0,2.40322024521e-08
12,49.0,590.0,2.30824264135e-08
12,49.0,600.0,1.78758606054e-08
12,49.0,610.0,1.82319812218e-08
12,49.0,620.0,2.01401527056e-08
12,49.0,630.0,2.14520977701e-08
12,49.0,640.0,2.34762015554e-08
12,49.0,650.0,2.49804206532e-08
12,49.0,660.0,2.52463777076e-08
12,49.0,670.0,2.74646198088e-08
12,49.0,680.0,2.80799353807e-08
12,49.0,690.0,2.80775119899e-08
12,49.0,700.0,2.79747943309e-08
12,49.0,710.0,2.71340883636e-08
12,49.0,720.0,2.5692571845e-08
12,49.0,730.0,2.5035479636e-08
12,49.0,740.0,2.33389193788e-08
12,49.0,750.0,2.180253339e-08
12,49.0,760.0,2.12071823026e-08
12,49.0,770.0,1.96322835506e-08
12,49.0,780.0,1.79171415048e-08
12,50.0,380.0,1.13727549605e-07
12,50.0,390.0,1.07588721016e-07
12,50.0,400.0,1.49791037681e-07
12,50.0,410.0,1.70399708216e-07
12,50.0,420.0,1.66707103081e-07
12,50.0,430.0,1.46221213465e-07
12,50.0,440.0,1.6043902871e-07
12,50.0,450.0,1.65679619773e-07
12,50.0,460.0,1.54623167672e-07
12,50.0,470.0,1.4484884085e-07
12,50.0,480.0,1.27704046697e-07
12,50.0,490.0,1.11809679475e-07
12,50.0,500.0,9.64647675423e-08
12,50.0,510.0,8.31384936433e-08
12,50.0,520.0,6.90389833705e-08
12,50.0,530.0,5.31608830723e-08
12,50.0,540.0,4.69009598121e-08
12,50.0,550.0,3.95066690767e-08
12,50.0,560.0,3.12946092746e-08
12,50.0,570.0,2.45664159961e-08
12,50.0,580.0,2.34084162077e-08
12,50.0,590.0,2.24729612066e-08
12,50.0,600.0,1.73947713591e-08
12,50.0,610.0,1.77339785923e-08
12,50.0,620.0,1.95827311726e-08
12,50.0,630.0,2.08505064288e-08
12,50.0,640.0,2.28097760046e-08
12,50.0,650.0,2.42628417942e-08
12,50.0,660.0,2.45126930245e-08
12,50.0,670.0,2.66576964837e-08
12,50.0,680.0,2.72460691751e-08
12,50.0,690.0,2.72349615008e-08
12,50.0,700.0,2.71269537244e-08
12,50.0,710.0,2.63035962056e-08
12,50.0,720.0,2.48986865399e-08
12,50.0,730.0,2.42549286221e-08
12,50.0,740.0,2.26047891712e-08
12,50.0,750.0,2.11107958878e-08
12,50.0,760.0,2.05290235841e-08
12,50.0,770.0,1.89995575967e-08
12,50.0,780.0,1.73352290158e-08
12,51.0,380.0,1.12166171257e-07
12,51.0,390.0,1.06022232433e-07
12,51.0,400.0,1.47497178016e-07
12,51.0,410.0,1.6767271101e-07
12,51.0,420.0,1.63932934885e-07
12,51.0,430.0,1.43700840572e-07
12,51.0,440.0,1.57583191342e-07
12,51.0,450.0,1.62641396527e-07
12,51.0,460.0,1.51707123543e-07
12,51.0,470.0,1.42044182254e-07
12,51.0,480.0,1.25167300626e-07
12,51.0,490.0,1.09534130764e-07
12,51.0,500.0,9.44538525113e-08
12,51.0,510.0,8.13645360226e-08
12,51.0,520.0,6.75321918959e-08
12,51.0,530.0,5.19732466687e-08
12,51.0,540.0,4.58303129759e-08
12,51.0,550.0,3.85852260885e-08
12,51.0,560.0,3.05489452537e-08
12,51.0,570.0,2.39685270233e-08
12,51.0,580.0,2.28281465268e-08
12,51.0,590.0,2.19064255906e-08
12,51.0,600.0,1.6947936502e-08
12,51.0,610.0,1.7271716282e-08
12,51.0,620.0,1.90655865675e-08
12,51.0,630.0,2.02926765831e-08
12,51.0,640.0,2.21921236716e-08
12,51.0,650.0,2.35980880768e-08
12,51.0,660.0,2.38333273268e-08
12,51.0,670.0,2.59108301504e-08
12,51.0,680.0,2.64745839294e-08
12,51.0,690.0,2.645575626e-08
12,51.0,700.0,2.63431543464e-08
12,51.0,710.0,2.55361257487e-08
12,51.0,720.0,2.41653129745e-08
12,51.0,730.0,2.35341189759e-08
12,51.0,740.0,2.19270767892e-08
12,51.0,750.0,2.0472428484e-08
12,51.0,760.0,1.99033715603e-08
12,51.0,770.0,1.8415992975e-08
12,51.0,780.0,1.67986865157e-08
12,52.0,380.0,1.10675942848e-07
12,52.0,390.0,1.0453039108e-07
12,52.0,400.0,1.45316815928e-07
12,52.0,410.0,1.65085096746e-07
12,52.0,420.0,1.61304689715e-07
12,52.0,430.0,1.41316514986e-07
12,52.0,440.0,1.54885209683e-07
12,52.0,450.0,1.59774852303e-07
12,52.0,460.0,1.48959317815e-07
12,52.0,470.0,1.39404532425e-07
12,52.0,480.0,1.22782664093e-07
12,52.0,490.0,1.0739748896e-07
12,52.0,500.0,9.25678731762e-08
12,52.0,510.0,7.97026725786e-08
12,52.0,520.0,6.61221649063e-08
12,52.0,530.0,5.08631582408e-08
12,52.0,540.0,4.4830625063e-08
12,52.0,550.0,3.77257521986e-08
12,52.0,560.0,2.98541488626e-08
12,52.0,570.0,2.34119938452e-08
12,52.0,580.0,2.22884757609e-08
12,52.0,590.0,2.13799260545e-08
12,52.0,600.0,1.65330358001e-08
12,52.0,610.0,1.68427627422e-08
12,52.0,620.0,1.85859676727e-08
12,52.0,630.0,1.97756078322e-08
12,52.0,640.0,2.16198890297e-08
12,52.0,650.0,2.2982513585e-08
12,52.0,660.0,2.32045204082e-08
12,52.0,670.0,2.52198518636e-08
12,52.0,680.0,2.57611381404e-08
12,52.0,690.0,2.57354769333e-08
12,52.0,700.0,2.56189181436e-08
12,52.0,710.0,2.48272607986e-08
12,52.0,720.0,2.34882023125e-08
12,52.0,730.0,2.28688480327e-08
12,52.0,740.0,2.13018063036e-08
12,52.0,750.0,1.98836637165e-08
12,52.0,760.0,1.93265138566e-08
12,52.0,770.0,1.78781086392e-08
12,52.0,780.0,1.63042968767e-08
12,53.0,380.0,1.09254013489e-07
12,53.0,390.0,1.03109919222e-07
12,53.0,400.0,1.43244615988e-07
12,53.0,410.0,1.62629956232e-07
12,53.0,420.0,1.58814819484e-07
12,53.0,430.0,1.3906094874e-07
12,53.0,440.0,1.52336375937e-07
12,53.0,450.0,1.57070277236e-07
12,53.0,460.0,1.46370028573e-07
12,53.0,470.0,1.36920175549e-07
12,53.0,480.0,1.20541032428e-07
12,53.0,490.0,1.05391317111e-07
12,53.0,500.0,9.07991418488e-08
12,53.0,510.0,7.81459248357e-08
12,53.0,520.0,6.48028146073e-08
12,53.0,530.0,4.9825692249e-08
12,53.0,540.0,4.38973500124e-08
12,53.0,550.0,3.69242460031e-08
12,53.0,560.0,2.92069119043e-08
12,53.0,570.0,2.28941091561e-08
12,53.0,580.0,2.1786730578e-08
12,53.0,590.0,2.08908124372e-08
12,53.0,600.0,1.61479448754e-08
12,53.0,610.0,1.64448924241e-08
12,53.0,620.0,1.81413571453e-08
12,53.0,630.0,1.9296555612e-08
12,53.0,640.0,2.10900034789e-08
12,53.0,650.0,2.24127849656e-08
12,53.0,660.0,2.26228351858e-08
12,53.0,670.0,2.45809517116e-08
12,53.0,680.0,2.51017649546e-08
12,53.0,690.0,2.50700862634e-08
12,53.0,700.0,2.49501548903e-08
12,53.0,710.0,2.41729682442e-08
12,53.0,720.0,2.28634748334e-08
12,53.0,730.0,2.22552787472e-08
12,53.0,740.0,2.07253481296e-08
12,53.0,750.0,1.93410627061e-08
12,53.0,760.0,1.8795062257e-08
12,53.0,770.0,1.73827278322e-08
12,53.0,780.0,1.58491244737e-08
12,54.0,380.0,1.078976209e-07
12,54.0,390.0,1.01757674445e-07
12,54.0,400.0,1.41275501188e-07
12,54.0,410.0,1.60300751612e-07
12,54.0,420.0,1.56456212792e-07
12,54.0,430.0,1.36927299315e-07
12,54.0,440.0,1.49928537584e-07
12,54.0,450.0,1.54518601895e-07
12,54.0,460.0,1.43930192763e-07
12,54.0,470.0,1.3458206927e-07
12,54.0,480.0,1.18433943747e-07
12,54.0,490.0,1.03507783419e-07
12,54.0,500.0,8.91405294891e-08
12,54.0,510.0,7.66878271303e-08
12,54.0,520.0,6.35685049101e-08
12,54.0,530.0,4.88562914866e-08
12,54.0,540.0,4.30262842028e-08
12,54.0,550.0,3.6177009384e-08
12,54.0,560.0,2.86041782602e-08
12,54.0,570.0,2.24123728873e-08
12,54.0,580.0,2.1320443203e-08
12,54.0,590.0,2.04366391864e-08
12,54.0,600.0,1.5790703874e-08
12,54.0,610.0,1.60760527382e-08
12,54.0,620.0,1.77294339332e-08
12,54.0,630.0,1.8852989994e-08
12,54.0,640.0,2.05996390525e-08
12,54.0,650.0,2.1885830904e-08
12,54.0,660.0,2.20851053684e-08
12,54.0,670.0,2.39906205687e-08
12,54.0,680.0,2.44928112802e-08
12,54.0,690.0,2.44558668646e-08
12,54.0,700.0,2.43330989429e-08
12,54.0,710.0,2.35695354779e-08
12,54.0,720.0,2.22875595338e-08
12,54.0,730.0,2.16898797752e-08
12,54.0,740.0,2.01943621793e-08
12,54.0,750.0,1.8841461142e-08
12,54.0,760.0,1.83058993489e-08
12,54.0,770.0,1.69269279341e-08
12,54.0,780.0,1.54304687239e-08
12,55.0,380.0,9.97396416326e-08
12,55.0,390.0,9.36183875856e-08
12,55.0,400.0,1.29356835986e-07
12,55.0,410.0,1.46062375347e-07
12,55.0,420.0,1.41838575162e-07
12,55.0,430.0,1.23473720215e-07
12,55.0,440.0,1.34431957725e-07
12,55.0,450.0,1.37712495923e-07
12,55.0,460.0,1.27439146128e-07
12,55.0,470.0,1.1834464299e-07
12,55.0,480.0,1.03355040771e-07
12,55.0,490.0,8.96241142003e-08
12,55.0,500.0,7.65162009749e-08
12,55.0,510.0,6.52269767809e-08
12,55.0,520.0,5.35538987151e-08
12,55.0,530.0,4.07102735019e-08
12,55.0,540.0,3.54780888122e-08
12,55.0,550.0,2.94976450368e-08
12,55.0,560.0,2.30471524777e-08
12,55.0,570.0,1.78332398528e-08
12,55.0,580.0,1.67807734197e-08
12,55.0,590.0,1.59243899938e-08
12,55.0,600.0,1.21532609434e-08
12,55.0,610.0,1.22592554561e-08
12,55.0,620.0,1.34099418103e-08
12,55.0,630.0,1.41379677486e-08
12,55.0,640.0,1.53236659138e-08
12,55.0,650.0,1.61485788662e-08
12,55.0,660.0,1.61613742233e-08
12,55.0,670.0,1.74167265764e-08
12,55.0,680.0,1.7638742813e-08
12,55.0,690.0,1.74693173081e-08
12,55.0,700.0,1.72448057719e-08
12,55.0,710.0,1.6568274033e-08
12,55.0,720.0,1.55409620488e-08
12,55.0,730.0,1.50074030617e-08
12,55.0,740.0,1.38624063966e-08
12,55.0,750.0,1.28316780331e-08
12,55.0,760.0,1.23770373331e-08
12,55.0,770.0,1.13597159048e-08
12,55.0,780.0,1.02774180561e-08
12,56.0,380.0,9.86248770304e-08
12,56.0,390.0,9.2519896423e-08
12,56.0,400.0,1.2777565232e-07
12,56.0,410.0,1.44214011485e-07
12,56.0,420.0,1.39989735375e-07
12,56.0,430.0,1.21822725246e-07
12,56.0,440.0,1.32594275924e-07
12,56.0,450.0,1.35793364549e-07
12,56.0,460.0,1.2563286802e-07
12,56.0,470.0,1.16642087275e-07
12,56.0,480.0,1.01848310378e-07
12,56.0,490.0,8.83019884405e-08
12,56.0,500.0,7.53754375397e-08
12,56.0,510.0,6.42452004185e-08
12,56.0,520.0,5.27408046741e-08
12,56.0,530.0,4.00874089986e-08
12,56.0,540.0,3.49313469825e-08
12,56.0,550.0,2.90400667223e-08
12,56.0,560.0,2.26874772616e-08
12,56.0,570.0,1.75533833987e-08
12,56.0,580.0,1.65159477471e-08
12,56.0,590.0,1.56716130005e-08
12,56.0,600.0,1.19593394266e-08
12,56.0,610.0,1.20625748782e-08
12,56.0,620.0,1.31936256265e-08
12,56.0,630.0,1.39087302252e-08
12,56.0,640.0,1.50739465463e-08
12,56.0,650.0,1.58841496368e-08
12,56.0,660.0,1.58955293373e-08
12,56.0,670.0,1.71289678801e-08
12,56.0,680.0,1.73461002028e-08
12,56.0,690.0,1.71783448371e-08
12,56.0,700.0,1.69564826748e-08
12,56.0,710.0,1.62902840548e-08
12,56.0,720.0,1.52793345811e-08
12,56.0,730.0,1.47539342502e-08
12,56.0,740.0,1.36275667023e-08
12,56.0,750.0,1.26136796669e-08
12,56.0,760.0,1.2166156144e-08
12,56.0,770.0,1.11656546198e-08
12,56.0,780.0,1.01014164702e-08
12,57.0,380.0,9.59364551132e-08
12,57.0,390.0,8.99302188739e-08
12,57.0,400.0,1.2412142735e-07
12,57.0,410.0,1.40016189744e-07
12,57.0,420.0,1.35855200775e-07
12,57.0,430.0,1.18180175355e-07
12,57.0,440.0,1.28586694602e-07
12,57.0,450.0,1.31650948363e-07
12,57.0,460.0,1.2176636278e-07
12,57.0,470.0,1.13025836335e-07
12,57.0,480.0,9.86652039213e-08
12,57.0,490.0,8.55245529749e-08
12,57.0,500.0,7.29872278865e-08
12,57.0,510.0,6.2195627803e-08
12,57.0,520.0,5.10473212631e-08
12,57.0,530.0,3.87898220266e-08
12,57.0,540.0,3.37936731801e-08
12,57.0,550.0,2.80879560013e-08
12,57.0,560.0,2.19384011833e-08
12,57.0,570.0,1.6969545825e-08
12,57.0,580.0,1.59631496212e-08
12,57.0,590.0,1.51430532902e-08
12,57.0,600.0,1.15519669959e-08
12,57.0,610.0,1.16486337516e-08
12,57.0,620.0,1.2737687665e-08
12,57.0,630.0,1.34244418498e-08
12,57.0,640.0,1.45451645222e-08
12,57.0,650.0,1.53226966532e-08
12,57.0,660.0,1.53293297876e-08
12,57.0,670.0,1.65141924721e-08
12,57.0,680.0,1.67187967546e-08
12,57.0,690.0,1.65524098226e-08
12,57.0,700.0,1.63340622354e-08
12,57.0,710.0,1.56879207193e-08
12,57.0,720.0,1.47102767596e-08
12,57.0,730.0,1.42006011619e-08
12,57.0,740.0,1.31129466905e-08
12,57.0,750.0,1.21341197241e-08
12,57.0,760.0,1.17006308894e-08
12,57.0,770.0,1.07356911797e-08
12,57.0,780.0,9.70999136892e-09
12,58.0,380.0,9.49711702954e-08
12,58.0,390.0,8.89798505471e-08
12,58.0,400.0,1.22754269447e-07
12,58.0,410.0,1.38418657319e-07
12,58.0,420.0,1.34257630842e-07
12,58.0,430.0,1.16753760722e-07
12,58.0,440.0,1.26999145305e-07
12,58.0,450.0,1.29993060287e-07
12,58.0,460.0,1.2020608153e-07
12,58.0,470.0,1.1155504424e-07
12,58.0,480.0,9.73637301648e-08
12,58.0,490.0,8.43824148171e-08
12,58.0,500.0,7.2001845887e-08
12,58.0,510.0,6.13476095417e-08
12,58.0,520.0,5.03449956209e-08
12,58.0,530.0,3.82519555158e-08
12,58.0,540.0,3.33215168206e-08
12,58.0,550.0,2.76928119574e-08
12,58.0,560.0,2.16278301905e-08
12,58.0,570.0,1.67279302417e-08
12,58.0,580.0,1.5734500445e-08
12,58.0,590.0,1.49248466318e-08
12,58.0,600.0,1.13846619309e-08
12,58.0,610.0,1.14789781016e-08
12,58.0,620.0,1.25511199768e-08
12,58.0,630.0,1.32267796171e-08
12,58.0,640.0,1.43298992075e-08
12,58.0,650.0,1.50948243594e-08
12,58.0,660.0,1.51003210913e-08
12,58.0,670.0,1.62663994069e-08
12,58.0,680.0,1.64668987222e-08
12,58.0,690.0,1.63020534749e-08
12,58.0,700.0,1.60860884583e-08
12,58.0,710.0,1.54489362692e-08
12,58.0,720.0,1.44854551952e-08
12,58.0,730.0,1.39828813964e-08
12,58.0,740.0,1.29113137505e-08
12,58.0,750.0,1.19470256241e-08
12,58.0,760.0,1.15197161601e-08
12,58.0,770.0,1.05692727439e-08
12,58.0,780.0,9.55912145491e-09
12,59.0,380.0,9.40203160248e-08
12,59.0,390.0,8.80453900686e-08
12,59.0,400.0,1.21411995138e-07
12,59.0,410.0,1.36852113358e-07
12,59.0,420.0,1.3269261448e-07
12,59.0,430.0,1.15357542248e-07
12,59.0,440.0,1.25446201041e-07
12,59.0,450.0,1.28372129609e-07
12,59.0,460.0,1.18681139916e-07
12,59.0,470.0,1.1011795968e-07
12,59.0,480.0,9.60922595844e-08
12,59.0,490.0,8.32667057079e-08
12,59.0,500.0,7.10392308875e-08
12,59.0,510.0,6.05190986853e-08
12,59.0,520.0,4.96587156299e-08
12,59.0,530.0,3.77262140084e-08
12,59.0,540.0,3.28598763478e-08
12,59.0,550.0,2.73063309595e-08
12,59.0,560.0,2.13239382508e-08
12,59.0,570.0,1.64913944263e-08
12,59.0,580.0,1.55105730575e-08
12,59.0,590.0,1.47110729026e-08
12,59.0,600.0,1.12206686591e-08
12,59.0,610.0,1.13126283193e-08
12,59.0,620.0,1.23681408755e-08
12,59.0,630.0,1.30328609464e-08
12,59.0,640.0,1.41186517924e-08
12,59.0,650.0,1.48711386125e-08
12,59.0,660.0,1.48754478674e-08
12,59.0,670.0,1.60230058001e-08
12,59.0,680.0,1.62193922067e-08
12,59.0,690.0,1.60559773425e-08
12,59.0,700.0,1.58422723502e-08
12,59.0,710.0,1.52138737938e-08
12,59.0,720.0,1.42642421239e-08
12,59.0,730.0,1.37685809224e-08
12,59.0,740.0,1.27127737221e-08
12,59.0,750.0,1.17627314699e-08
12,59.0,760.0,1.13414488189e-08
12,59.0,770.0,1.04052304276e-08
12,59.0,780.0,9.41034960004e-09
12,60.0,380.0,9.30823203425e-08
12,60.0,390.0,8.71251565122e-08
12,60.0,400.0,1.20092017415e-07
12,60.0,410.0,1.35313359395e-07
12,60.0,420.0,1.3115679543e-07
12,60.0,430.0,1.139883958e-07
12,60.0,440.0,1.2392425546e-07
12,60.0,450.0,1.26784265612e-07
12,60.0,460.0,1.17187767964e-07
12,60.0,470.0,1.08710932831e-07
12,60.0,480.0,9.48474830248e-08
12,60.0,490.0,8.21744546174e-08
12,60.0,500.0,7.00967646349e-08
12,60.0,510.0,5.97077962346e-08
12,60.0,520.0,4.89865405095e-08
12,60.0,530.0,3.72110835354e-08
12,60.0,540.0,3.2407399111e-08
12,60.0,550.0,2.69273614902e-08
12,60.0,560.0,2.10258051304e-08
12,60.0,570.0,1.62592107176e-08
12,60.0,580.0,1.52906685974e-08
12,60.0,590.0,1.45010562575e-08
12,60.0,600.0,1.10594618238e-08
12,60.0,610.0,1.11490454026e-08
12,60.0,620.0,1.21881513094e-08
12,60.0,630.0,1.28420445733e-08
12,60.0,640.0,1.39107171607e-08
12,60.0,650.0,1.46508860561e-08
12,60.0,660.0,1.46539461483e-08
12,60.0,670.0,1.57831779506e-08
12,60.0,680.0,1.59754226243e-08
12,60.0,690.0,1.58133251379e-08
12,60.0,700.0,1.56017591632e-08
12,60.0,710.0,1.49819031445e-08
12,60.0,720.0,1.40458507043e-08
12,60.0,730.0,1.35569322942e-08
12,60.0,740.0,1.25166107972e-08
12,60.0,750.0,1.15805684204e-08
12,60.0,760.0,1.11651779595e-08
12,60.0,770.0,1.02429616161e-08
12,60.0,780.0,9.26312598461e-09
12,90.0,380.0,7.20605812148e-08
12,90.0,390.0,6.682939672e-08
12,90.0,400.0,9.13532192883e-08
12,90.0,410.0,1.02152857717e-07
12,90.0,420.0,9.83226740518e-08
12,90.0,430.0,8.48906726294e-08
12,90.0,440.0,9.17096463673e-08
12,90.0,450.0,9.32571936604e-08
12,90.0,460.0,8.567902868e-08
12,90.0,470.0,7.90147353796e-08
12,90.0,480.0,6.85187126379e-08
12,90.0,490.0,5.90099619564e-08
12,90.0,500.0,5.00200198956e-08
12,90.0,510.0,4.23333377279e-08
12,90.0,520.0,3.45048014361e-08
12,90.0,530.0,2.60209913321e-08
12,90.0,540.0,2.25044491106e-08
12,90.0,550.0,1.85618096914e-08
12,90.0,560.0,1.43817238045e-08
12,90.0,570.0,1.10309932374e-08
12,90.0,580.0,1.02972715219e-08
12,90.0,590.0,9.69576906297e-09
12,90.0,600.0,7.33232808095e-09
12,90.0,610.0,7.34092526514e-09
12,90.0,620.0,7.97368713752e-09
12,90.0,630.0,8.34543608717e-09
12,90.0,640.0,8.98155296507e-09
12,90.0,650.0,9.39775273863e-09
12,90.0,660.0,9.33746916559e-09
12,90.0,670.0,9.99185137801e-09
12,90.0,680.0,1.00473100709e-08
12,90.0,690.0,9.8795468307e-09
12,90.0,700.0,9.68393040833e-09
12,90.0,710.0,9.23733477517e-09
12,90.0,720.0,8.60268966361e-09
12,90.0,730.0,8.24946437656e-09
12,90.0,740.0,7.56627882382e-09
12,90.0,750.0,6.95424826107e-09
12,90.0,760.0,6.66302045635e-09
12,90.0,770.0,6.07379775005e-09
12,90.0,780.0,5.45748096967e-09
15,0.0,380.0,4.29825954731e-09
15,0.0,390.0,4.26195368341e-09
15,0.0,400.0,6.2582230815e-09
15,0.0,410.0,7.56204097214e-09
15,0.0,420.0,7.92159946283e-09
15,0.0,430.0,7.50097900731e-09
15,0.0,440.0,8.95546821074e-09
15,0.0,450.0,1.01428453879e-08
15,0.0,460.0,1.04420551552e-08
15,0.0,470.0,1.08622576099e-08
15,0.0,480.0,1.06580543215e-08
15,0.0,490.0,1.04386109715e-08
15,0.0,500.0,1.00713963368e-08
15,0.0,510.0,9.71799641494e-09
15,0.0,520.0,9.03866767006e-09
15,0.0,530.0,7.76223293308e-09
15,0.0,540.0,7.65460985461e-09
15,0.0,550.0,7.18691935275e-09
15,0.0,560.0,6.32639596541e-09
15,0.0,570.0,5.50145218369e-09
15,0.0,580.0,5.76465673693e-09
15,0.0,590.0,6.046870933e-09
15,0.0,600.0,5.07964426063e-09
15,0.0,610.0,5.66609718235e-09
15,0.0,620.0,6.8637867164e-09
15,0.0,630.0,8.00453540417e-09
15,0.0,640.0,9.59986651995e-09
15,0.0,650.0,1.11900148536e-08
15,0.0,660.0,1.2387770695e-08
15,0.0,670.0,1.47719486343e-08
15,0.0,680.0,1.655782417e-08
15,0.0,690.0,1.81556638043e-08
15,0.0,700.0,1.98514750857e-08
15,0.0,710.0,2.11283276736e-08
15,0.0,720.0,2.19573308969e-08
15,0.0,730.0,2.34978574365e-08
15,0.0,740.0,2.40443573478e-08
15,0.0,750.0,2.46424582639e-08
15,0.0,760.0,2.63286682093e-08
15,0.0,770.0,2.67348979562e-08
15,0.0,780.0,2.67200369698e-08
15,1.0,380.0,3.3364217436e-09
15,1.0,390.0,3.32605680968e-09
15,1.0,400.0,4.91529914215e-09
15,1.0,410.0,5.98739251116e-09
15,1.0,420.0,6.34007412773e-09
15,1.0,430.0,6.09330183101e-09
15,1.0,440.0,7.4256843107e-09
15,1.0,450.0,8.64881194021e-09
15,1.0,460.0,9.2347547596e-09
15,1.0,470.0,1.00591934766e-08
15,1.0,480.0,1.04289555582e-08
15,1.0,490.0,1.08868854781e-08
15,1.0,500.0,1.12716093821e-08
15,1.0,510.0,1.17297290288e-08
15,1.0,520.0,1.18006615434e-08
15,1.0,530.0,1.09762857601e-08
15,1.0,540.0,1.17101616072e-08
15,1.0,550.0,1.18699623954e-08
15,1.0,560.0,1.12439298203e-08
15,1.0,570.0,1.04794183355e-08
15,1.0,580.0,1.18001900804e-08
15,1.0,590.0,1.33193984909e-08
15,1.0,600.0,1.19876377377e-08
15,1.0,610.0,1.42501927577e-08
15,1.0,620.0,1.83103794567e-08
15,1.0,630.0,2.25307460889e-08
15,1.0,640.0,2.83670798905e-08
15,1.0,650.0,3.45282143751e-08
15,1.0,660.0,3.97035785707e-08
15,1.0,670.0,4.89293642826e-08
15,1.0,680.0,5.63865555171e-08
15,1.0,690.0,6.32446792855e-08
15,1.0,700.0,7.04141972571e-08
15,1.0,710.0,7.59470941771e-08
15,1.0,720.0,7.96463061174e-08
15,1.0,730.0,8.56979245674e-08
15,1.0,740.0,8.78286479142e-08
15,1.0,750.0,8.98513623105e-08
15,1.0,760.0,9.56016451729e-08
15,1.0,770.0,9.63853592315e-08
15,1.0,780.0,9.5397614019e-08
15,2.0,380.0,3.48639438236e-09
15,2.0,390.0,3.52981037628e-09
15,2.0,400.0,5.3431649538e-09
15,2.0,410.0,6.74659764267e-09
15,2.0,420.0,7.51075662632e-09
15,2.0,430.0,7.69604258379e-09
15,2.0,440.0,1.01095182822e-08
15,2.0,450.0,1.27580213848e-08
15,2.0,460.0,1.47469720457e-08
15,2.0,470.0,1.72502994289e-08
15,2.0,480.0,1.90066361804e-08
15,2.0,490.0,2.07677097533e-08
15,2.0,500.0,2.22071964002e-08
15,2.0,510.0,2.35348899672e-08
15,2.0,520.0,2.38150393754e-08
15,2.0,530.0,2.20777274111e-08
15,2.0,540.0,2.32531489306e-08
15,2.0,550.0,2.31272701293e-08
15,2.0,560.0,2.13941548795e-08
15,2.0,570.0,1.94032185651e-08
15,2.0,580.0,2.12608959281e-08
15,2.0,590.0,2.33595852802e-08
15,2.0,600.0,2.04228346859e-08
15,2.0,610.0,2.35794845635e-08
15,2.0,620.0,2.94163014015e-08
15,2.0,630.0,3.51325949498e-08
15,2.0,640.0,4.29348442487e-08
15,2.0,650.0,5.07328079027e-08
15,2.0,660.0,5.6645205722e-08
15,2.0,670.0,6.78110669847e-08
15,2.0,680.0,7.59490133582e-08
15,2.0,690.0,8.28420887833e-08
15,2.0,700.0,8.974814352e-08
15,2.0,710.0,9.42660915709e-08
15,2.0,720.0,9.63411445539e-08
15,2.0,730.0,1.0108626813e-07
15,2.0,740.0,1.01114831871e-07
15,2.0,750.0,1.01045831866e-07
15,2.0,760.0,1.05061116485e-07
15,2.0,770.0,1.03604677179e-07
15,2.0,780.0,1.00391998826e-07
15,3.0,380.0,3.88169783227e-09
15,3.0,390.0,4.079046488e-09
15,3.0,400.0,6.48188971613e-09
15,3.0,410.0,8.65495947701e-09
15,3.0,420.0,1.01908902127e-08
15,3.0,430.0,1.09592138029e-08
15,3.0,440.0,1.49020831088e-08
15,3.0,450.0,1.91501528933e-08
15,3.0,460.0,2.21796415915e-08
15,3.0,470.0,2.56522670242e-08
15,3.0,480.0,2.76365754422e-08
15,3.0,490.0,2.93345206365e-08
15,3.0,500.0,3.02924390087e-08
15,3.0,510.0,3.09206440639e-08
15,3.0,520.0,3.01045143518e-08
15,3.0,530.0,2.67664042453e-08
15,3.0,540.0,2.71290299101e-08
15,3.0,550.0,2.59630886143e-08
15,3.0,560.0,2.31161097846e-08
15,3.0,570.0,2.01852013109e-08
15,3.0,580.0,2.1441954463e-08
15,3.0,590.0,2.28977186366e-08
15,3.0,600.0,1.93574838764e-08
15,3.0,610.0,2.18145343232e-08
15,3.0,620.0,2.66384841726e-08
15,3.0,630.0,3.11233868173e-08
15,3.0,640.0,3.7254118358e-08
15,3.0,650.0,4.31244616145e-08
15,3.0,660.0,4.7179703367e-08
15,3.0,670.0,5.53856401858e-08
15,3.0,680.0,6.08535226082e-08
15,3.0,690.0,6.51458575795e-08
15,3.0,700.0,6.93156615444e-08
15,3.0,710.0,7.15378295116e-08
15,3.0,720.0,7.18849814481e-08
15,3.0,730.0,7.42082124642e-08
15,3.0,740.0,7.30712549639e-08
15,3.0,750.0,7.19248102393e-08
15,3.0,760.0,7.37008218457e-08
15,3.0,770.0,7.16658918876e-08
15,3.0,780.0,6.85145909346e-08
15,4.0,380.0,4.5316085804e-09
15,4.0,390.0,4.94276288488e-09
15,4.0,400.0,8.12591105018e-09
15,4.0,410.0,1.11182529002e-08
15,4.0,420.0,1.32361292703e-08
15,4.0,430.0,1.41887606239e-08
15,4.0,440.0,1.89917906944e-08
15,4.0,450.0,2.38033002029e-08
15,4.0,460.0,2.66938989412e-08
15,4.0,470.0,2.98160136156e-08
15,4.0,480.0,3.0885599891e-08
15,4.0,490.0,3.15880957346e-08
15,4.0,500.0,3.13442113194e-08
15,4.0,510.0,3.078515053e-08
15,4.0,520.0,2.88970626877e-08
15,4.0,530.0,2.46425409069e-08
15,4.0,540.0,2.41545455681e-08
15,4.0,550.0,2.23412415918e-08
15,4.0,560.0,1.92147635539e-08
15,4.0,570.0,1.61980568911e-08
15,4.0,580.0,1.68102255651e-08
15,4.0,590.0,1.75911191996e-08
15,4.0,600.0,1.43952179276e-08
15,4.0,610.0,1.59899745488e-08
15,4.0,620.0,1.93375210046e-08
15,4.0,630.0,2.23182206553e-08
15,4.0,640.0,2.64292904988e-08
15,4.0,650.0,3.02425363875e-08
15,4.0,660.0,3.26794915751e-08
15,4.0,670.0,3.79182169174e-08
15,4.0,680.0,4.11600509409e-08
15,4.0,690.0,4.35216290355e-08
15,4.0,700.0,4.57628221019e-08
15,4.0,710.0,4.66553883824e-08
15,4.0,720.0,4.6322634107e-08
15,4.0,730.0,4.72833570429e-08
15,4.0,740.0,4.60296211008e-08
15,4.0,750.0,4.47994383313e-08
15,4.0,760.0,4.54452316868e-08
15,4.0,770.0,4.3737775914e-08
15,4.0,780.0,4.13845171932e-08
15,5.0,380.0,5.36172046531e-09
15,5.0,390.0,5.95042211555e-09
15,5.0,400.0,9.84880910162e-09
15,5.0,410.0,1.34104831637e-08
15,5.0,420.0,1.57246338037e-08
15,5.0,430.0,1.64710338733e-08
15,5.0,440.0,2.14260684471e-08
15,5.0,450.0,2.60218020244e-08
15,5.0,460.0,2.82259423513e-08
15,5.0,470.0,3.05107580195e-08
15,5.0,480.0,3.05626789548e-08
15,5.0,490.0,3.03022587993e-08
15,5.0,500.0,2.91407084734e-08
15,5.0,510.0,2.77851502615e-08
15,5.0,520.0,2.53665823749e-08
15,5.0,530.0,2.10142765693e-08
15,5.0,540.0,2.00989753715e-08
15,5.0,550.0,1.8151862712e-08
15,5.0,560.0,1.52575950807e-08
15,5.0,570.0,1.25844974521e-08
15,5.0,580.0,1.28259165154e-08
15,5.0,590.0,1.31936038739e-08
15,5.0,600.0,1.05875857549e-08
15,5.0,610.0,1.15879492236e-08
15,5.0,620.0,1.38384778279e-08
15,5.0,630.0,1.57761371579e-08
15,5.0,640.0,1.84801700093e-08
15,5.0,650.0,2.09263284831e-08
15,5.0,660.0,2.23783468959e-08
15,5.0,670.0,2.57180319222e-08
15,5.0,680.0,2.76506115772e-08
15,5.0,690.0,2.89574879842e-08
15,5.0,700.0,3.01729402263e-08
15,5.0,710.0,3.04730160769e-08
15,5.0,720.0,2.99768145988e-08
15,5.0,730.0,3.03343966312e-08
15,5.0,740.0,2.92682660494e-08
15,5.0,750.0,2.82344187453e-08
15,5.0,760.0,2.84190258031e-08
15,5.0,770.0,2.71297170665e-08
15,5.0,780.0,2.54574016862e-08
15,6.0,380.0,6.36063704138e-09
15,6.0,390.0,7.08966982549e-09
15,6.0,400.0,1.16727430026e-08
15,6.0,410.0,1.56801211416e-08
15,6.0,420.0,1.80250920835e-08
15,6.0,430.0,1.84347670266e-08
15,6.0,440.0,2.33634630112e-08
15,6.0,450.0,2.76147106811e-08
15,6.0,460.0,2.91672368651e-08
15,6.0,470.0,3.06988163383e-08
15,6.0,480.0,3.00177312432e-08
15,6.0,490.0,2.90410926367e-08
15,6.0,500.0,2.73401395872e-08
15,6.0,510.0,2.55519470929e-08
15,6.0,520.0,2.28892114991e-08
15,6.0,530.0,1.87148093255e-08
15,6.0,540.0,1.76125464024e-08
15,6.0,550.0,1.56970221018e-08
15,6.0,560.0,1.30573373079e-08
15,6.0,570.0,1.06881247905e-08
15,6.0,580.0,1.07370887727e-08
15,6.0,590.0,1.08731959812e-08
15,6.0,600.0,8.68368078568e-09
15,6.0,610.0,9.34003634177e-09
15,6.0,620.0,1.09323708444e-08
15,6.0,630.0,1.22544928669e-08
15,6.0,640.0,1.41128070531e-08
15,6.0,650.0,1.57390064319e-08
15,6.0,660.0,1.66041379051e-08
15,6.0,670.0,1.88318356352e-08
15,6.0,680.0,2.00060290222e-08
15,6.0,690.0,2.07235486375e-08
15,6.0,700.0,2.13646374586e-08
15,6.0,710.0,2.13716994216e-08
15,6.0,720.0,2.08337691378e-08
15,6.0,730.0,2.08914702053e-08
15,6.0,740.0,1.99910967054e-08
15,6.0,750.0,1.91360593796e-08
15,6.0,760.0,1.90986037979e-08
15,6.0,770.0,1.80942924986e-08
15,6.0,780.0,1.68636322952e-08
15,7.0,380.0,7.74939151713e-09
15,7.0,390.0,8.56687269065e-09
15,7.0,400.0,1.3909192898e-08
15,7.0,410.0,1.83508737869e-08
15,7.0,420.0,2.06670174487e-08
15,7.0,430.0,2.06822331511e-08
15,7.0,440.0,2.56403202041e-08
15,7.0,450.0,2.9650325193e-08
15,7.0,460.0,3.06630029502e-08
15,7.0,470.0,3.16166605052e-08
15,7.0,480.0,3.03264223523e-08
15,7.0,490.0,2.87916074314e-08
15,7.0,500.0,2.66377257956e-08
15,7.0,510.0,2.44857848187e-08
15,7.0,520.0,2.15882452421e-08
15,7.0,530.0,1.74116043685e-08
15,7.0,540.0,1.61534167075e-08
15,7.0,550.0,1.42105045429e-08
15,7.0,560.0,1.16833694636e-08
15,7.0,570.0,9.4654457711e-09
15,7.0,580.0,9.39012200656e-09
15,7.0,590.0,9.38807202524e-09
15,7.0,600.0,7.43613722026e-09
15,7.0,610.0,7.89203056841e-09
15,7.0,620.0,9.10447982021e-09
15,7.0,630.0,1.00725317287e-08
15,7.0,640.0,1.14490591913e-08
15,7.0,650.0,1.26131334419e-08
15,7.0,660.0,1.31557535487e-08
15,7.0,670.0,1.47567580739e-08
15,7.0,680.0,1.55146980089e-08
15,7.0,690.0,1.59136170733e-08
15,7.0,700.0,1.62499622647e-08
15,7.0,710.0,1.61089539559e-08
15,7.0,720.0,1.55668819384e-08
15,7.0,730.0,1.54768990165e-08
15,7.0,740.0,1.46889006967e-08
15,7.0,750.0,1.39496691358e-08
15,7.0,760.0,1.38123614745e-08
15,7.0,770.0,1.29871190688e-08
15,7.0,780.0,1.20162058484e-08
15,8.0,380.0,8.69495978735e-09
15,8.0,390.0,9.52959601726e-09
15,8.0,400.0,1.52882982027e-08
15,8.0,410.0,1.98895122616e-08
15,8.0,420.0,2.20651399656e-08
15,8.0,430.0,2.17460332189e-08
15,8.0,440.0,2.65574575538e-08
15,8.0,450.0,3.02708913985e-08
15,8.0,460.0,3.08826168291e-08
15,8.0,470.0,3.14392612466e-08
15,8.0,480.0,2.98046242233e-08
15,8.0,490.0,2.79867379884e-08
15,8.0,500.0,2.56352429758e-08
15,8.0,510.0,2.3347260146e-08
15,8.0,520.0,2.04087855794e-08
15,8.0,530.0,1.63345398214e-08
15,8.0,540.0,1.50434775471e-08
15,8.0,550.0,1.31453102977e-08
15,8.0,560.0,1.07409007268e-08
15,8.0,570.0,8.65235279116e-09
15,8.0,580.0,8.5356544943e-09
15,8.0,590.0,8.48869184746e-09
15,8.0,600.0,6.69238388891e-09
15,8.0,610.0,7.06782266283e-09
15,8.0,620.0,8.11433786849e-09
15,8.0,630.0,8.93638410717e-09
15,8.0,640.0,1.01131403237e-08
15,8.0,650.0,1.10947758546e-08
15,8.0,660.0,1.15255191791e-08
15,8.0,670.0,1.2877976771e-08
15,8.0,680.0,1.34887249711e-08
15,8.0,690.0,1.37852451543e-08
15,8.0,700.0,1.40269252184e-08
15,8.0,710.0,1.3856958917e-08
15,8.0,720.0,1.33450120258e-08
15,8.0,730.0,1.32237848519e-08
15,8.0,740.0,1.25089115555e-08
15,8.0,750.0,1.1840161529e-08
15,8.0,760.0,1.16866274351e-08
15,8.0,770.0,1.09532575947e-08
15,8.0,780.0,1.01014470524e-08
15,9.0,380.0,9.61132052249e-09
15,9.0,390.0,1.04232991752e-08
15,9.0,400.0,1.65133974691e-08
15,9.0,410.0,2.11923924579e-08
15,9.0,420.0,2.31830236661e-08
15,9.0,430.0,2.25315937463e-08
15,9.0,440.0,2.71472113255e-08
15,9.0,450.0,3.05452376077e-08
15,9.0,460.0,3.07834279345e-08
15,9.0,470.0,3.0979634048e-08
15,9.0,480.0,2.90537750556e-08
15,9.0,490.0,2.70079295029e-08
15,9.0,500.0,2.45064124773e-08
15,9.0,510.0,2.21233882451e-08
15,9.0,520.0,1.91805655235e-08
15,9.0,530.0,1.52323566815e-08
15,9.0,540.0,1.39279859606e-08
15,9.0,550.0,1.2088474763e-08
15,9.0,560.0,9.81444954568e-09
15,9.0,570.0,7.85830581109e-09
15,9.0,580.0,7.71067444941e-09
15,9.0,590.0,7.6309442387e-09
15,9.0,600.0,5.98632129429e-09
15,9.0,610.0,6.29626853942e-09
15,9.0,620.0,7.20227925872e-09
15,9.0,630.0,7.90444384223e-09
15,9.0,640.0,8.91708076227e-09
15,9.0,650.0,9.75343741781e-09
15,9.0,660.0,1.01032346418e-08
15,9.0,670.0,1.12589109593e-08
15,9.0,680.0,1.17629184429e-08
15,9.0,690.0,1.19921702984e-08
15,9.0,700.0,1.2174424287e-08
15,9.0,710.0,1.20000562515e-08
15,9.0,720.0,1.15320816869e-08
15,9.0,730.0,1.14045001451e-08
15,9.0,740.0,1.07670098383e-08
15,9.0,750.0,1.01723220433e-08
15,9.0,760.0,1.00232616541e-08
15,9.0,770.0,9.3785153141e-09
15,9.0,780.0,8.63502308998e-09
15,10.0,380.0,1.0377512327e-08
15,10.0,390.0,1.11359707596e-08
15,10.0,400.0,1.74399080897e-08
15,10.0,410.0,2.21168950336e-08
15,10.0,420.0,2.39108978005e-08
15,10.0,430.0,2.2976003751e-08
15,10.0,440.0,2.73853665602e-08
15,10.0,450.0,3.05026589298e-08
15,10.0,460.0,3.04527760985e-08
15,10.0,470.0,3.03815625644e-08
15,10.0,480.0,2.82661007685e-08
15,10.0,490.0,2.60830651126e-08
15,10.0,500.0,2.35085263851e-08
15,10.0,510.0,2.10921198884e-08
15,10.0,520.0,1.81834904436e-08
15,10.0,530.0,1.43663345427e-08
15,10.0,540.0,1.30741420146e-08
15,10.0,550.0,1.12983687136e-08
15,10.0,560.0,9.13664961691e-09
15,10.0,570.0,7.28897730891e-09
15,10.0,580.0,7.12852460458e-09
15,10.0,590.0,7.03387094302e-09
15,10.0,600.0,5.50257319387e-09
15,10.0,610.0,5.77302668823e-09
15,10.0,620.0,6.58862669708e-09
15,10.0,630.0,7.2156080799e-09
15,10.0,640.0,8.12401357734e-09
15,10.0,650.0,8.86972054222e-09
15,10.0,660.0,9.17204946507e-09
15,10.0,670.0,1.02048187259e-08
15,10.0,680.0,1.06455885164e-08
15,10.0,690.0,1.08377281934e-08
15,10.0,700.0,1.0987816982e-08
15,10.0,710.0,1.08169432494e-08
15,10.0,720.0,1.03829276449e-08
15,10.0,730.0,1.02566929732e-08
15,10.0,740.0,9.67330738655e-09
15,10.0,750.0,9.1301035552e-09
15,10.0,760.0,8.98790444277e-09
15,10.0,770.0,8.40238942678e-09
15,10.0,780.0,7.72992627837e-09
15,11.0,380.0,1.10188928317e-08
15,11.0,390.0,1.17009400194e-08
15,11.0,400.0,1.81263705665e-08
15,11.0,410.0,2.27396320009e-08
15,11.0,420.0,2.43272107259e-08
15,11.0,430.0,2.3143652152e-08
15,11.0,440.0,2.7327777635e-08
15,11.0,450.0,3.01741238226e-08
15,11.0,460.0,2.98830319742e-08
15,11.0,470.0,2.95930608434e-08
15,11.0,480.0,2.73459705294e-08
15,11.0,490.0,2.50772154746e-08
15,11.0,500.0,2.24735419385e-08
15,11.0,510.0,2.00587567641e-08
15,11.0,520.0,1.72104608471e-08
15,11.0,530.0,1.35383252588e-08
15,11.0,540.0,1.22716499771e-08
15,11.0,550.0,1.05662269721e-08
15,11.0,560.0,8.51599887722e-09
15,11.0,570.0,6.77289795857e-09
15,11.0,580.0,6.60558995642e-09
15,11.0,590.0,6.50172348694e-09
15,11.0,600.0,5.07422719441e-09
15,11.0,610.0,5.31262057924e-09
15,11.0,620.0,6.05176521753e-09
15,11.0,630.0,6.61602089114e-09
15,11.0,640.0,7.43687184466e-09
15,11.0,650.0,8.10721196811e-09
15,11.0,660.0,8.37161886501e-09
15,11.0,670.0,9.30188725652e-09
15,11.0,680.0,9.6915386754e-09
15,11.0,690.0,9.85487965454e-09
15,11.0,700.0,9.98033900307e-09
15,11.0,710.0,9.81494924159e-09
15,11.0,720.0,9.41195700923e-09
15,11.0,730.0,9.2889811691e-09
15,11.0,740.0,8.75306930683e-09
15,11.0,750.0,8.25482350075e-09
15,11.0,760.0,8.1199602305e-09
15,11.0,770.0,7.58545867666e-09
15,11.0,780.0,6.97359702602e-09
15,12.0,380.0,1.15434702743e-08
15,12.0,390.0,1.2135983589e-08
15,12.0,400.0,1.86123028353e-08
15,12.0,410.0,2.31216722572e-08
15,12.0,420.0,2.45057052713e-08
15,12.0,430.0,2.3109284451e-08
15,12.0,440.0,2.70646261342e-08
15,12.0,450.0,2.96579404719e-08
15,12.0,460.0,2.91678853732e-08
15,12.0,470.0,2.87008408714e-08
15,12.0,480.0,2.63669786157e-08
15,12.0,490.0,2.40503486566e-08
15,12.0,500.0,2.14483062575e-08
15,12.0,510.0,1.90584993947e-08
15,12.0,520.0,1.62857388397e-08
15,12.0,530.0,1.2763180129e-08
15,12.0,540.0,1.15296919921e-08
15,12.0,550.0,9.89643244516e-09
15,12.0,560.0,7.95332667186e-09
15,12.0,570.0,6.30869026842e-09
15,12.0,580.0,6.13836675919e-09
15,12.0,590.0,6.02902072248e-09
15,12.0,600.0,4.69571946265e-09
15,12.0,610.0,4.90764165815e-09
15,12.0,620.0,5.58147055736e-09
15,12.0,630.0,6.0927241584e-09
15,12.0,640.0,6.83917295721e-09
15,12.0,650.0,7.44599160938e-09
15,12.0,660.0,7.67948264833e-09
15,12.0,670.0,8.52315496641e-09
15,12.0,680.0,8.8707100292e-09
15,12.0,690.0,9.01117273391e-09
15,12.0,700.0,9.1172964825e-09
15,12.0,710.0,8.95827167835e-09
15,12.0,720.0,8.58330551016e-09
15,12.0,730.0,8.46451111575e-09
15,12.0,740.0,7.97028272448e-09
15,12.0,750.0,7.51137535001e-09
15,12.0,760.0,7.38377759785e-09
15,12.0,770.0,6.89344890858e-09
15,12.0,780.0,6.33369800518e-09
15,13.0,380.0,1.19558212198e-08
15,13.0,390.0,1.24523736733e-08
15,13.0,400.0,1.89228041377e-08
15,13.0,410.0,2.33011056863e-08
15,13.0,420.0,2.44912257514e-08
15,13.0,430.0,2.2916995274e-08
15,13.0,440.0,2.66472598883e-08
15,13.0,450.0,2.90078840011e-08
15,13.0,460.0,2.83560861063e-08
15,13.0,470.0,2.77475374277e-08
15,13.0,480.0,2.53625181532e-08
15,13.0,490.0,2.30271191532e-08
15,13.0,500.0,2.04493214237e-08
15,13.0,510.0,1.81009714182e-08
15,13.0,520.0,1.54131903954e-08
15,13.0,530.0,1.20405686074e-08
15,13.0,540.0,1.08449706879e-08
15,13.0,550.0,9.28365262947e-09
15,13.0,560.0,7.44241321957e-09
15,13.0,570.0,5.88995435391e-09
15,13.0,580.0,5.71925894287e-09
15,13.0,590.0,5.60704016828e-09
15,13.0,600.0,4.3593361794e-09
15,13.0,610.0,4.54909689951e-09
15,13.0,620.0,5.1665067763e-09
15,13.0,630.0,5.63242006559e-09
15,13.0,640.0,6.31489438918e-09
15,13.0,650.0,6.8674863834e-09
15,13.0,660.0,7.07537386488e-09
15,13.0,670.0,7.84495632241e-09
15,13.0,680.0,8.15730867769e-09
15,13.0,690.0,8.27927890938e-09
15,13.0,700.0,8.36995087099e-09
15,13.0,710.0,8.21765736824e-09
15,13.0,720.0,7.86801783598e-09
15,13.0,730.0,7.75385295583e-09
15,13.0,740.0,7.29645591425e-09
15,13.0,750.0,6.87221040417e-09
15,13.0,760.0,6.75160799732e-09
15,13.0,770.0,6.29986738252e-09
15,13.0,780.0,5.78538097365e-09
15,14.0,380.0,1.22708035708e-08
15,14.0,390.0,1.26700663229e-08
15,14.0,400.0,1.90930214367e-08
15,14.0,410.0,2.33247884709e-08
15,14.0,420.0,2.43345383871e-08
15,14.0,430.0,2.26139299828e-08
15,14.0,440.0,2.61284129885e-08
15,14.0,450.0,2.82776085308e-08
15,14.0,460.0,2.74954127741e-08
15,14.0,470.0,2.67744744443e-08
15,14.0,480.0,2.43650606696e-08
15,14.0,490.0,2.20317710257e-08
15,14.0,500.0,1.94934679748e-08
15,14.0,510.0,1.71969343656e-08
15,14.0,520.0,1.45984143858e-08
15,14.0,530.0,1.13722642916e-08
15,14.0,540.0,1.0216678701e-08
15,14.0,550.0,8.7252357873e-09
15,14.0,560.0,6.97964367235e-09
15,14.0,570.0,5.51271716452e-09
15,14.0,580.0,5.34331694374e-09
15,14.0,590.0,5.22992438762e-09
15,14.0,600.0,4.05984284242e-09
15,14.0,610.0,4.23077827391e-09
15,14.0,620.0,4.79900930581e-09
15,14.0,630.0,5.22571960971e-09
15,14.0,640.0,5.85264759594e-09
15,14.0,650.0,6.3584352802e-09
15,14.0,660.0,6.54478026176e-09
15,14.0,670.0,7.25030925283e-09
15,14.0,680.0,7.53280135086e-09
15,14.0,690.0,7.63954843445e-09
15,14.0,700.0,7.71763021504e-09
15,14.0,710.0,7.57206329388e-09
15,14.0,720.0,7.24526804707e-09
15,14.0,730.0,7.13584414519e-09
15,14.0,740.0,6.7111081279e-09
15,14.0,750.0,6.31753390454e-09
15,14.0,760.0,6.20352175248e-09
15,14.0,770.0,5.78569536551e-09
15,14.0,780.0,5.31081600421e-09
15,15.0,380.0,1.24973096935e-08
15,15.0,390.0,1.28012858733e-08
15,15.0,400.0,1.91444112308e-08
15,15.0,410.0,2.32208699362e-08
15,15.0,420.0,2.4065431964e-08
15,15.0,430.0,2.22269019805e-08
15,15.0,440.0,2.5536870596e-08
15,15.0,450.0,2.74949534654e-08
15,15.0,460.0,2.66089117937e-08
15,15.0,470.0,2.57998443579e-08
15,15.0,480.0,2.33867911295e-08
15,15.0,490.0,2.10714366545e-08
15,15.0,500.0,1.85833951817e-08
15,15.0,510.0,1.63455401735e-08
15,15.0,520.0,1.38380602728e-08
15,15.0,530.0,1.07535090126e-08
15,15.0,540.0,9.63882596845e-09
15,15.0,550.0,8.21462419808e-09
15,15.0,560.0,6.55865003317e-09
15,15.0,570.0,5.1710909884e-09
15,15.0,580.0,5.00414162835e-09
15,15.0,590.0,4.89079374756e-09
15,15.0,600.0,3.79136745218e-09
15,15.0,610.0,3.94614635636e-09
15,15.0,620.0,4.47113331362e-09
15,15.0,630.0,4.86361958055e-09
15,15.0,640.0,5.44186843197e-09
15,15.0,650.0,5.90685495691e-09
15,15.0,660.0,6.07485853339e-09
15,15.0,670.0,6.72445324417e-09
15,15.0,680.0,6.98131676246e-09
15,15.0,690.0,7.0753613207e-09
15,15.0,700.0,7.14304195103e-09
15,15.0,710.0,7.00404656893e-09
15,15.0,720.0,6.69793100165e-09
15,15.0,730.0,6.59321255644e-09
15,15.0,740.0,6.19762882428e-09
15,15.0,750.0,5.83137991521e-09
15,15.0,760.0,5.72353680555e-09
15,15.0,770.0,5.33575426342e-09
15,15.0,780.0,4.89583013863e-09
15,16.0,380.0,1.26488444587e-08
15,16.0,390.0,1.28617674117e-08
15,16.0,400.0,1.91020329774e-08
15,16.0,410.0,2.30201929767e-08
15,16.0,420.0,2.37151176432e-08
15,16.0,430.0,2.17831391717e-08
15,16.0,440.0,2.49012782744e-08
15,16.0,450.0,2.66872878311e-08
15,16.0,460.0,2.57192741507e-08
15,16.0,470.0,2.48417114643e-08
15,16.0,480.0,2.24403656328e-08
15,16.0,490.0,2.01541309447e-08
15,16.0,500.0,1.77231880135e-08
15,16.0,510.0,1.55478045253e-08
15,16.0,520.0,1.31308642377e-08
15,16.0,530.0,1.01817244832e-08
15,16.0,540.0,9.10773143291e-09
15,16.0,550.0,7.74756458767e-09
15,16.0,560.0,6.17518843856e-09
15,16.0,570.0,4.86109440419e-09
15,16.0,580.0,4.69731076651e-09
15,16.0,590.0,4.58481298206e-09
15,16.0,600.0,3.54977790402e-09
15,16.0,610.0,3.69053680101e-09
15,16.0,620.0,4.17720960252e-09
15,16.0,630.0,4.5395579318e-09
15,16.0,640.0,5.0747996545e-09
15,16.0,650.0,5.50389880025e-09
15,16.0,660.0,5.65609278556e-09
15,16.0,670.0,6.2564177816e-09
15,16.0,680.0,6.49103384177e-09
15,16.0,690.0,6.5743217526e-09
15,16.0,700.0,6.63327343479e-09
15,16.0,710.0,6.50057506458e-09
15,16.0,720.0,6.21320767094e-09
15,16.0,730.0,6.11304427566e-09
15,16.0,740.0,5.74359812115e-09
15,16.0,750.0,5.40181177263e-09
15,16.0,760.0,5.29970164103e-09
15,16.0,770.0,4.9386941005e-09
15,16.0,780.0,4.52982806126e-09
15,17.0,380.0,1.27354828288e-08
15,17.0,390.0,1.2862936417e-08
15,17.0,400.0,1.89835924843e-08
15,17.0,410.0,2.27439304796e-08
15,17.0,420.0,2.3304362729e-08
15,17.0,430.0,2.13001173557e-08
15,17.0,440.0,2.42392213493e-08
15,17.0,450.0,2.58704950832e-08
15,17.0,460.0,2.48386264286e-08
15,17.0,470.0,2.39086384111e-08
15,17.0,480.0,2.15304920839e-08
15,17.0,490.0,1.92814652406e-08
15,17.0,500.0,1.69118974425e-08
15,17.0,510.0,1.48008873884e-08
15,17.0,520.0,1.24728040118e-08
15,17.0,530.0,9.65249337798e-09
15,17.0,540.0,8.618418393e-09
15,17.0,550.0,7.31897392148e-09
15,17.0,560.0,5.82455271318e-09
15,17.0,570.0,4.57852501039e-09
15,17.0,580.0,4.41837124331e-09
15,17.0,590.0,4.3072911465e-09
15,17.0,600.0,3.33114087416e-09
15,17.0,610.0,3.45963201487e-09
15,17.0,620.0,3.9121226775e-09
15,17.0,630.0,4.24772683528e-09
15,17.0,640.0,4.74468985914e-09
15,17.0,650.0,5.1419718988e-09
15,17.0,660.0,5.28040511463e-09
15,17.0,670.0,5.83698217688e-09
15,17.0,680.0,6.05210019747e-09
15,17.0,690.0,6.12617250272e-09
15,17.0,700.0,6.17770889308e-09
15,17.0,710.0,6.05099393144e-09
15,17.0,720.0,5.78068530378e-09
15,17.0,730.0,5.68488127058e-09
15,17.0,740.0,5.33899808427e-09
15,17.0,750.0,5.01923542811e-09
15,17.0,760.0,4.92244448055e-09
15,17.0,770.0,4.58545268875e-09
15,17.0,780.0,4.20437259157e-09
15,18.0,380.0,1.27674956809e-08
15,18.0,390.0,1.28157780386e-08
15,18.0,400.0,1.88053983681e-08
15,18.0,410.0,2.24109371454e-08
15,18.0,420.0,2.28511409713e-08
15,18.0,430.0,2.07925849499e-08
15,18.0,440.0,2.35651988407e-08
15,18.0,450.0,2.5057352152e-08
15,18.0,460.0,2.39764747141e-08
15,18.0,470.0,2.30070678369e-08
15,18.0,480.0,2.0660488561e-08
15,18.0,490.0,1.84542376936e-08
15,18.0,500.0,1.61483359054e-08
15,18.0,510.0,1.41021552414e-08
15,18.0,520.0,1.1860373411e-08
15,18.0,530.0,9.1621243186e-09
15,18.0,540.0,8.16678431191e-09
15,18.0,550.0,6.92471258123e-09
15,18.0,560.0,5.50295054257e-09
15,18.0,570.0,4.32002798018e-09
15,18.0,580.0,4.16376998665e-09
15,18.0,590.0,4.05448406251e-09
15,18.0,600.0,3.13233710398e-09
15,18.0,610.0,3.25000079627e-09
15,18.0,620.0,3.67179503476e-09
15,18.0,630.0,3.98349163587e-09
15,18.0,640.0,4.44614549934e-09
15,18.0,650.0,4.81500490632e-09
15,18.0,660.0,4.94134245196e-09
15,18.0,670.0,5.45878324955e-09
15,18.0,680.0,5.65665401005e-09
15,18.0,690.0,5.72273671169e-09
15,18.0,700.0,5.76789365243e-09
15,18.0,710.0,5.64682727892e-09
15,18.0,720.0,5.39209038683e-09
15,18.0,730.0,5.3004228263e-09
15,18.0,740.0,4.97588658025e-09
15,18.0,750.0,4.67605379174e-09
15,18.0,760.0,4.58419280857e-09
15,18.0,770.0,4.26886806224e-09
15,18.0,780.0,3.91280304465e-09
15,19.0,380.0,1.27540951533e-08
15,19.0,390.0,1.27297636954e-08
15,19.0,400.0,1.85810564355e-08
15,19.0,410.0,2.20364844883e-08
15,19.0,420.0,2.23695986671e-08
15,19.0,430.0,2.02718064463e-08
15,19.0,440.0,2.2889911241e-08
15,19.0,450.0,2.42568786963e-08
15,19.0,460.0,2.31391054112e-08
15,19.0,470.0,2.21407643873e-08
15,19.0,480.0,1.98317054614e-08
15,19.0,490.0,1.76718820044e-08
15,19.0,500.0,1.54304991434e-08
15,19.0,510.0,1.34485919204e-08
15,19.0,520.0,1.12900191605e-08
15,19.0,530.0,8.70711800615e-09
15,19.0,540.0,7.74907979609e-09
15,19.0,550.0,6.56109471611e-09
15,19.0,560.0,5.20707151415e-09
15,19.0,570.0,4.08272058618e-09
15,19.0,580.0,3.93048308209e-09
15,19.0,590.0,3.82322845386e-09
15,19.0,600.0,2.95075473963e-09
15,19.0,610.0,3.05878273935e-09
15,19.0,620.0,3.4528386767e-09
15,19.0,630.0,3.74301466091e-09
15,19.0,640.0,4.17471365471e-09
15,19.0,650.0,4.51800118288e-09
15,19.0,660.0,4.633606987e-09
15,19.0,670.0,5.11579095488e-09
15,19.0,680.0,5.29827215598e-09
15,19.0,690.0,5.35734899363e-09
15,19.0,700.0,5.39695003433e-09
15,19.0,710.0,5.28119398971e-09
15,19.0,720.0,5.04071868347e-09
15,19.0,730.0,4.95295398815e-09
15,19.0,740.0,4.6478492635e-09
15,19.0,750.0,4.36614075075e-09
15,19.0,760.0,4.27884841538e-09
15,19.0,770.0,3.98318025104e-09
15,19.0,780.0,3.64976957048e-09
15,20.0,380.0,1.27027321169e-08
15,20.0,390.0,1.26123373385e-08
15,20.0,400.0,1.83209654435e-08
15,20.0,410.0,2.16319066181e-08
15,20.0,420.0,2.18698928021e-08
15,20.0,430.0,1.97455463586e-08
15,20.0,440.0,2.222033472e-08
15,20.0,450.0,2.34744736359e-08
15,20.0,460.0,2.23297147148e-08
15,20.0,470.0,2.13109317636e-08
15,20.0,480.0,1.90435651195e-08
15,20.0,490.0,1.69324642947e-08
15,20.0,500.0,1.47554884173e-08
15,20.0,510.0,1.28366639134e-08
15,20.0,520.0,1.07579723519e-08
15,20.0,530.0,8.28396265671e-09
15,20.0,540.0,7.36168645326e-09
15,20.0,550.0,6.22465858766e-09
15,20.0,560.0,4.93386734979e-09
15,20.0,570.0,3.86398748552e-09
15,20.0,580.0,3.71580569915e-09
15,20.0,590.0,3.61072788969e-09
15,20.0,600.0,2.78410168616e-09
15,20.0,610.0,2.88349038817e-09
15,20.0,620.0,3.25233191134e-09
15,20.0,630.0,3.52300859985e-09
15,20.0,640.0,3.92660267184e-09
15,20.0,650.0,4.24672762139e-09
15,20.0,660.0,4.35272998207e-09
15,20.0,670.0,4.8029388287e-09
15,20.0,680.0,4.97157644378e-09
15,20.0,690.0,5.02444527077e-09
15,20.0,700.0,5.05915272272e-09
15,20.0,710.0,4.94837996291e-09
15,20.0,720.0,4.72101543374e-09
15,20.0,730.0,4.6369227849e-09
15,20.0,740.0,4.34959269258e-09
15,20.0,750.0,4.08444942999e-09
15,20.0,760.0,4.00139590571e-09
15,20.0,770.0,3.72365923474e-09
15,20.0,780.0,3.41088498612e-09
15,21.0,380.0,1.26202094207e-08
15,21.0,390.0,1.2470083493e-08
15,21.0,400.0,1.80340771838e-08
15,21.0,410.0,2.12067202734e-08
15,21.0,420.0,2.13603398803e-08
15,21.0,430.0,1.92199875986e-08
15,21.0,440.0,2.15618337561e-08
15,21.0,450.0,2.2714065661e-08
15,21.0,460.0,2.15503769801e-08
15,21.0,470.0,2.05179766956e-08
15,21.0,480.0,1.82950658466e-08
15,21.0,490.0,1.62339121618e-08
15,21.0,500.0,1.41205173509e-08
15,21.0,510.0,1.22631337204e-08
15,21.0,520.0,1.02608720761e-08
15,21.0,530.0,7.88960327151e-09
15,21.0,540.0,7.00149417523e-09
15,21.0,550.0,5.91246090643e-09
15,21.0,560.0,4.68077174176e-09
15,21.0,570.0,3.66164676396e-09
15,21.0,580.0,3.51748676719e-09
15,21.0,590.0,3.41465817324e-09
15,21.0,600.0,2.63048501612e-09
15,21.0,610.0,2.72206859314e-09
15,21.0,620.0,3.06785749629e-09
15,21.0,630.0,3.3207536684e-09
15,21.0,640.0,3.69867517346e-09
15,21.0,650.0,3.99768292147e-09
15,21.0,660.0,4.09501803415e-09
15,21.0,670.0,4.51604236391e-09
15,21.0,680.0,4.67212880987e-09
15,21.0,690.0,4.71943862917e-09
15,21.0,700.0,4.74978615991e-09
15,21.0,710.0,4.64368371039e-09
15,21.0,720.0,4.42841481887e-09
15,21.0,730.0,4.34776965541e-09
15,21.0,740.0,4.07677364927e-09
15,21.0,750.0,3.82684271e-09
15,21.0,760.0,3.74772680131e-09
15,21.0,770.0,3.48643326021e-09
15,21.0,780.0,3.19256103875e-09
15,22.0,380.0,1.25122912233e-08
15,22.0,390.0,1.23084315376e-08
15,22.0,400.0,1.77275786386e-08
15,22.0,410.0,2.07683515e-08
15,22.0,420.0,2.08472156083e-08
15,22.0,430.0,1.86995945537e-08
15,22.0,440.0,2.09180293567e-08
15,22.0,450.0,2.19779814813e-08
15,22.0,460.0,2.08018980814e-08
15,22.0,470.0,1.9761352648e-08
15,22.0,480.0,1.7584593706e-08
15,22.0,490.0,1.55738218477e-08
15,22.0,500.0,1.35226965219e-08
15,22.0,510.0,1.17248319654e-08
15,22.0,520.0,9.79554237194e-09
15,22.0,530.0,7.52122375836e-09
15,22.0,540.0,6.66568550759e-09
15,22.0,550.0,5.62187092999e-09
15,22.0,560.0,4.44551542729e-09
15,22.0,570.0,3.47378609166e-09
15,22.0,580.0,3.33356604491e-09
15,22.0,590.0,3.23300585353e-09
15,22.0,600.0,2.48827344695e-09
15,22.0,610.0,2.57275260231e-09
15,22.0,620.0,2.89734601062e-09
15,22.0,630.0,3.13392812928e-09
15,22.0,640.0,3.48825989238e-09
15,22.0,650.0,3.76789317691e-09
15,22.0,660.0,3.8573411449e-09
15,22.0,670.0,4.25156273931e-09
15,22.0,680.0,4.39618324308e-09
15,22.0,690.0,4.43846433688e-09
15,22.0,700.0,4.46488380958e-09
15,22.0,710.0,4.3631565908e-09
15,22.0,720.0,4.15908759059e-09
15,22.0,730.0,4.08167567488e-09
15,22.0,740.0,3.82575887933e-09
15,22.0,750.0,3.58986369832e-09
15,22.0,760.0,3.51441187048e-09
15,22.0,770.0,3.26827393575e-09
15,22.0,780.0,2.99180852508e-09
15,23.0,380.0,1.23837851465e-08
15,23.0,390.0,1.21317947977e-08
15,23.0,400.0,1.74071589797e-08
15,23.0,410.0,2.03225047059e-08
15,23.0,420.0,2.03351602676e-08
15,23.0,430.0,1.81874894859e-08
15,23.0,440.0,2.02912154575e-08
15,23.0,450.0,2.12673621325e-08
15,23.0,460.0,2.00841750235e-08
15,23.0,470.0,1.90398610746e-08
15,23.0,480.0,1.69101457328e-08
15,23.0,490.0,1.49496152036e-08
15,23.0,500.0,1.29591303903e-08
15,23.0,510.0,1.12187072096e-08
15,23.0,520.0,9.35900586245e-09
15,23.0,530.0,7.17623407807e-09
15,23.0,540.0,6.35170639505e-09
15,23.0,550.0,5.35053081823e-09
15,23.0,560.0,4.22608316361e-09
15,23.0,570.0,3.29872007889e-09
15,23.0,580.0,3.16232654884e-09
15,23.0,590.0,3.06401633403e-09
15,23.0,600.0,2.35605188711e-09
15,23.0,610.0,2.4340172873e-09
15,23.0,620.0,2.73901482023e-09
15,23.0,630.0,2.96053777137e-09
15,23.0,640.0,3.29306824782e-09
15,23.0,650.0,3.55481636653e-09
15,23.0,660.0,3.63702943039e-09
15,23.0,670.0,4.0064870128e-09
15,23.0,680.0,4.14055586555e-09
15,23.0,690.0,4.17824275827e-09
15,23.0,700.0,4.20108447554e-09
15,23.0,710.0,4.10345698372e-09
15,23.0,720.0,3.9097970977e-09
15,23.0,730.0,3.83541653705e-09
15,23.0,740.0,3.59348400952e-09
15,23.0,750.0,3.37059955634e-09
15,23.0,760.0,3.29856417648e-09
15,23.0,770.0,3.06646566068e-09
15,23.0,780.0,2.80611497237e-09
15,24.0,380.0,1.22388294148e-08
15,24.0,390.0,1.1943879633e-08
15,24.0,400.0,1.70774759511e-08
15,24.0,410.0,1.98737159465e-08
15,24.0,420.0,1.98277254555e-08
15,24.0,430.0,1.76859245224e-08
15,24.0,440.0,1.96828578191e-08
15,24.0,450.0,2.05826487386e-08
15,24.0,460.0,1.93966169343e-08
15,24.0,470.0,1.83520084154e-08
15,24.0,480.0,1.62696122702e-08
15,24.0,490.0,1.43587528658e-08
15,24.0,500.0,1.24270738719e-08
15,24.0,510.0,1.07419361175e-08
15,24.0,520.0,8.94855370972e-09
15,24.0,530.0,6.85231124796e-09
15,24.0,540.0,6.0572876247e-09
15,24.0,550.0,5.09636237278e-09
15,24.0,560.0,4.02071098039e-09
15,24.0,570.0,3.13498252083e-09
15,24.0,580.0,3.00227955333e-09
15,24.0,590.0,2.90617209754e-09
15,24.0,600.0,2.23260141039e-09
15,24.0,610.0,2.30455070316e-09
15,24.0,620.0,2.59133177083e-09
15,24.0,630.0,2.79887068045e-09
15,24.0,640.0,3.11113779064e-09
15,24.0,650.0,3.35627529145e-09
15,24.0,660.0,3.4317989598e-09
15,24.0,670.0,3.77824071131e-09
15,24.0,680.0,3.90252918761e-09
15,24.0,690.0,3.93597770032e-09
15,24.0,700.0,3.95552531184e-09
15,24.0,710.0,3.86174148331e-09
15,24.0,720.0,3.67779176532e-09
15,24.0,730.0,3.60625346951e-09
15,24.0,740.0,3.37734820414e-09
15,24.0,750.0,3.16657992767e-09
15,24.0,760.0,3.09773701347e-09
15,24.0,770.0,2.87870845188e-09
15,24.0,780.0,2.63335376826e-09
15,25.0,380.0,1.20808859071e-08
15,25.0,390.0,1.17477100499e-08
15,25.0,400.0,1.67422250972e-08
15,25.0,410.0,1.94254602912e-08
15,25.0,420.0,1.93274964232e-08
15,25.0,430.0,1.71963945786e-08
15,25.0,440.0,1.90937138659e-08
15,25.0,450.0,1.99236944549e-08
15,25.0,460.0,1.87382293746e-08
15,25.0,470.0,1.76960645183e-08
15,25.0,480.0,1.56608021384e-08
15,25.0,490.0,1.37987358137e-08
15,25.0,500.0,1.19239109333e-08
15,25.0,510.0,1.02918856559e-08
15,25.0,520.0,8.5616987721e-09
15,25.0,530.0,6.54734780396e-09
15,25.0,540.0,5.78038951379e-09
15,25.0,550.0,4.8575116143e-09
15,25.0,560.0,3.82783505334e-09
15,25.0,570.0,2.98128049031e-09
15,25.0,580.0,2.85211767043e-09
15,25.0,590.0,2.75814500097e-09
15,25.0,600.0,2.11685878064e-09
15,25.0,610.0,2.18321126353e-09
15,25.0,620.0,2.45296642021e-09
15,25.0,630.0,2.64744319841e-09
15,25.0,640.0,2.94077068199e-09
15,25.0,650.0,3.17038933019e-09
15,25.0,660.0,3.23967982704e-09
15,25.0,670.0,3.56460632582e-09
15,25.0,680.0,3.67976542067e-09
15,25.0,690.0,3.70926641553e-09
15,25.0,700.0,3.72574888811e-09
15,25.0,710.0,3.63557170653e-09
15,25.0,720.0,3.46071406286e-09
15,25.0,730.0,3.39184185537e-09
15,25.0,740.0,3.17512662567e-09
15,25.0,750.0,2.97569307444e-09
15,25.0,760.0,2.90984026025e-09
15,25.0,770.0,2.70303873312e-09
15,25.0,780.0,2.47171037338e-09
15,26.0,380.0,1.19128433894e-08
15,26.0,390.0,1.15457480683e-08
15,26.0,400.0,1.64043294582e-08
15,26.0,410.0,1.89803819982e-08
15,26.0,420.0,1.88363217667e-08
15,26.0,430.0,1.67198353169e-08
15,26.0,440.0,1.85240390721e-08
15,26.0,450.0,1.92899610859e-08
15,26.0,460.0,1.81077778913e-08
15,26.0,470.0,1.7070195238e-08
15,26.0,480.0,1.5081538782e-08
15,26.0,490.0,1.32671714241e-08
15,26.0,500.0,1.14471949768e-08
15,26.0,510.0,9.86613375305e-09
15,26.0,520.0,8.19618129209e-09
15,26.0,530.0,6.25944727357e-09
15,26.0,540.0,5.51919070128e-09
15,26.0,550.0,4.63233348138e-09
15,26.0,560.0,3.64607517266e-09
15,26.0,570.0,2.83647809934e-09
15,26.0,580.0,2.7106965456e-09
15,26.0,590.0,2.61877612097e-09
15,26.0,600.0,2.00789897211e-09
15,26.0,610.0,2.06900806147e-09
15,26.0,620.0,2.32276624563e-09
15,26.0,630.0,2.50497246053e-09
15,26.0,640.0,2.78050132143e-09
15,26.0,650.0,2.99553759744e-09
15,26.0,660.0,3.05897659168e-09
15,26.0,670.0,3.36367777893e-09
15,26.0,680.0,3.47025748935e-09
15,26.0,690.0,3.49604831367e-09
15,26.0,700.0,3.50964984385e-09
15,26.0,710.0,3.42286054829e-09
15,26.0,720.0,3.25654781724e-09
15,26.0,730.0,3.1901781622e-09
15,26.0,740.0,2.98491949199e-09
15,26.0,750.0,2.79613701608e-09
15,26.0,760.0,2.73309153063e-09
15,26.0,770.0,2.537783027e-09
15,26.0,780.0,2.31963917916e-09
15,27.0,380.0,1.17371165147e-08
15,27.0,390.0,1.13400050332e-08
15,27.0,400.0,1.60661116429e-08
15,27.0,410.0,1.85405017755e-08
15,27.0,420.0,1.83555208784e-08
15,27.0,430.0,1.6256804426e-08
15,27.0,440.0,1.7973780987e-08
15,27.0,450.0,1.86807116497e-08
15,27.0,460.0,1.75039582437e-08
15,27.0,470.0,1.64726126517e-08
15,27.0,480.0,1.45297834998e-08
15,27.0,490.0,1.27618740789e-08
15,27.0,500.0,1.09947290727e-08
15,27.0,510.0,9.46253328048e-09
15,27.0,520.0,7.85001820328e-09
15,27.0,530.0,5.98695895439e-09
15,27.0,540.0,5.2721167949e-09
15,27.0,550.0,4.41941433156e-09
15,27.0,560.0,3.47425133455e-09
15,27.0,570.0,2.69960857902e-09
15,27.0,580.0,2.57704598636e-09
15,27.0,590.0,2.48708616824e-09
15,27.0,600.0,1.90494267877e-09
15,27.0,610.0,1.9611084849e-09
15,27.0,620.0,2.19976512926e-09
15,27.0,630.0,2.3703854138e-09
15,27.0,640.0,2.62910621739e-09
15,27.0,650.0,2.83036941168e-09
15,27.0,660.0,2.88827880068e-09
15,27.0,670.0,3.17387181749e-09
15,27.0,680.0,3.2723406255e-09
15,27.0,690.0,3.29461651585e-09
15,27.0,700.0,3.30548637429e-09
15,27.0,710.0,3.22188332706e-09
15,27.0,720.0,3.06362879353e-09
15,27.0,730.0,2.99961028636e-09
15,27.0,740.0,2.80516178076e-09
15,27.0,750.0,2.62642867154e-09
15,27.0,760.0,2.56602512677e-09
15,27.0,770.0,2.38156632409e-09
15,27.0,780.0,2.17587123622e-09
15,28.0,380.0,1.15558537281e-08
15,28.0,390.0,1.11322617016e-08
15,28.0,400.0,1.57296290198e-08
15,28.0,410.0,1.8107628022e-08
15,28.0,420.0,1.78863143929e-08
15,28.0,430.0,1.58078840759e-08
15,28.0,440.0,1.74430495392e-08
15,28.0,450.0,1.80955281478e-08
15,28.0,460.0,1.69259122583e-08
15,28.0,470.0,1.59020921628e-08
15,28.0,480.0,1.40041235189e-08
15,28.0,490.0,1.22813238132e-08
15,28.0,500.0,1.05649901092e-08
15,28.0,510.0,9.07960386564e-09
15,28.0,520.0,7.52185170551e-09
15,28.0,530.0,5.72876359046e-09
15,28.0,540.0,5.0381093549e-09
15,28.0,550.0,4.21781273594e-09
15,28.0,560.0,3.31158549308e-09
15,28.0,570.0,2.57004093104e-09
15,28.0,580.0,2.45053810365e-09
15,28.0,590.0,2.36244598942e-09
15,28.0,600.0,1.8074934112e-09
15,28.0,610.0,1.85898551378e-09
15,28.0,620.0,2.0833551442e-09
15,28.0,630.0,2.24301088753e-09
15,28.0,640.0,2.48582436184e-09
15,28.0,650.0,2.67404921695e-09
15,28.0,660.0,2.72671858319e-09
15,28.0,670.0,2.99421909178e-09
15,28.0,680.0,3.08500056689e-09
15,28.0,690.0,3.103936155e-09
15,28.0,700.0,3.11220726254e-09
15,28.0,710.0,3.0316040388e-09
15,28.0,720.0,2.88096187897e-09
15,28.0,730.0,2.81915456808e-09
15,28.0,740.0,2.63492574153e-09
15,28.0,750.0,2.46569267205e-09
15,28.0,760.0,2.40777915242e-09
15,28.0,770.0,2.23358320074e-09
15,28.0,780.0,2.03966620477e-09
15,29.0,380.0,1.13616318088e-08
15,29.0,390.0,1.09148539138e-08
15,29.0,400.0,1.53834301062e-08
15,29.0,410.0,1.7668009275e-08
15,29.0,420.0,1.74147164504e-08
15,29.0,430.0,1.53605114204e-08
15,29.0,440.0,1.69179368457e-08
15,29.0,450.0,1.75201023738e-08
15,29.0,460.0,1.63605504816e-08
15,29.0,470.0,1.53467210446e-08
15,29.0,480.0,1.34945755985e-08
15,29.0,490.0,1.18172549684e-08
15,29.0,500.0,1.01514081615e-08
15,29.0,510.0,8.71221441967e-09
15,29.0,520.0,7.20789158841e-09
15,29.0,530.0,5.48239761511e-09
15,29.0,540.0,4.815351881e-09
15,29.0,550.0,4.02632459865e-09
15,29.0,560.0,3.15739466208e-09
15,29.0,570.0,2.44745618938e-09
15,29.0,580.0,2.33104460514e-09
15,29.0,590.0,2.24488321946e-09
15,29.0,600.0,1.7157060645e-09
15,29.0,610.0,1.76290651723e-09
15,29.0,620.0,1.97394443191e-09
15,29.0,630.0,2.12340703836e-09
15,29.0,640.0,2.35139597085e-09
15,29.0,650.0,2.52750194563e-09
15,29.0,660.0,2.57536968384e-09
15,29.0,670.0,2.82603297652e-09
15,29.0,680.0,2.90972804036e-09
15,29.0,690.0,2.92564531188e-09
15,29.0,700.0,2.93158610775e-09
15,29.0,710.0,2.85388273543e-09
15,29.0,720.0,2.71043883627e-09
15,29.0,730.0,2.6507763351e-09
15,29.0,740.0,2.47615788615e-09
15,29.0,750.0,2.31585265146e-09
15,29.0,760.0,2.26031999669e-09
15,29.0,770.0,2.0957424247e-09
15,29.0,780.0,1.91284539933e-09
15,30.0,380.0,1.113539134e-08
15,30.0,390.0,1.06679968528e-08
15,30.0,400.0,1.499732068e-08
15,30.0,410.0,1.71840063721e-08
15,30.0,420.0,1.6900390474e-08
15,30.0,430.0,1.48759529972e-08
15,30.0,440.0,1.63519666642e-08
15,30.0,450.0,1.69020397966e-08
15,30.0,460.0,1.57546207845e-08
15,30.0,470.0,1.47523057354e-08
15,30.0,480.0,1.29494325003e-08
15,30.0,490.0,1.13207747761e-08
15,30.0,500.0,9.70865153877e-09
15,30.0,510.0,8.31851882304e-09
15,30.0,520.0,6.87103305734e-09
15,30.0,530.0,5.21761401065e-09
15,30.0,540.0,4.57556023744e-09
15,30.0,550.0,3.81983025116e-09
15,30.0,560.0,2.99081297232e-09
15,30.0,570.0,2.31477310621e-09
15,30.0,580.0,2.20150675153e-09
15,30.0,590.0,2.11728823974e-09
15,30.0,600.0,1.61596294963e-09
15,30.0,610.0,1.65838742572e-09
15,30.0,620.0,1.85480391347e-09
15,30.0,630.0,1.99304008617e-09
15,30.0,640.0,2.20474045592e-09
15,30.0,650.0,2.36749061484e-09
15,30.0,660.0,2.40998124754e-09
15,30.0,670.0,2.64211022018e-09
15,30.0,680.0,2.71791846697e-09
15,30.0,690.0,2.73039441906e-09
15,30.0,700.0,2.73365430598e-09
15,30.0,710.0,2.65899480644e-09
15,30.0,720.0,2.52331784633e-09
15,30.0,730.0,2.46589370189e-09
15,30.0,740.0,2.30171425693e-09
15,30.0,750.0,2.15111180585e-09
15,30.0,760.0,2.09810726369e-09
15,30.0,770.0,1.94402246081e-09
15,30.0,780.0,1.77317364275e-09
15,31.0,380.0,1.087223288e-08
15,31.0,390.0,1.03889504909e-08
15,31.0,400.0,1.45708294729e-08
15,31.0,410.0,1.66597653093e-08
15,31.0,420.0,1.6352884429e-08
15,31.0,430.0,1.43682133385e-08
15,31.0,440.0,1.57675638806e-08
15,31.0,450.0,1.62726890139e-08
15,31.0,460.0,1.51457848943e-08
15,31.0,470.0,1.4162722764e-08
15,31.0,480.0,1.2415430226e-08
15,31.0,490.0,1.08403834359e-08
15,31.0,500.0,9.28532802121e-09
15,31.0,510.0,7.94647601636e-09
15,31.0,520.0,6.55631441759e-09
15,31.0,530.0,4.9729679372e-09
15,31.0,540.0,4.35639262952e-09
15,31.0,550.0,3.63306562305e-09
15,31.0,560.0,2.84166508649e-09
15,31.0,570.0,2.19712556962e-09
15,31.0,580.0,2.08770317669e-09
15,31.0,590.0,2.00611917596e-09
15,31.0,600.0,1.52973780587e-09
15,31.0,610.0,1.56869468044e-09
15,31.0,620.0,1.75325559613e-09
15,31.0,630.0,1.88262777502e-09
15,31.0,640.0,2.08125931242e-09
15,31.0,650.0,2.23350291293e-09
15,31.0,660.0,2.2722093221e-09
15,31.0,670.0,2.4896362649e-09
15,31.0,680.0,2.5596348624e-09
15,31.0,690.0,2.56997816544e-09
15,31.0,700.0,2.57170378534e-09
15,31.0,710.0,2.50017633766e-09
15,31.0,720.0,2.37141646712e-09
15,31.0,730.0,2.31634918674e-09
15,31.0,740.0,2.16111253966e-09
15,31.0,750.0,2.01878558054e-09
15,31.0,760.0,1.96821219779e-09
15,31.0,770.0,1.82290194976e-09
15,31.0,780.0,1.66200868005e-09
15,32.0,380.0,1.0610920296e-08
15,32.0,390.0,1.01136819184e-08
15,32.0,400.0,1.41522016277e-08
15,32.0,410.0,1.61471713167e-08
15,32.0,420.0,1.58191777583e-08
15,32.0,430.0,1.38744908306e-08
15,32.0,440.0,1.52004385238e-08
15,32.0,450.0,1.5662972649e-08
15,32.0,460.0,1.45567601207e-08
15,32.0,470.0,1.35930219625e-08
15,32.0,480.0,1.18999370764e-08
15,32.0,490.0,1.03770752348e-08
15,32.0,500.0,8.8773526215e-09
15,32.0,510.0,7.58815676832e-09
15,32.0,520.0,6.25338942163e-09
15,32.0,530.0,4.73757515879e-09
15,32.0,540.0,4.14562061765e-09
15,32.0,550.0,3.45352884421e-09
15,32.0,560.0,2.69833666267e-09
15,32.0,570.0,2.08409848932e-09
15,32.0,580.0,1.97841441074e-09
15,32.0,590.0,1.89939971019e-09
15,32.0,600.0,1.4469699997e-09
15,32.0,610.0,1.48263149693e-09
15,32.0,620.0,1.65586242635e-09
15,32.0,630.0,1.7767746486e-09
15,32.0,640.0,1.96292531541e-09
15,32.0,650.0,2.10514713597e-09
15,32.0,660.0,2.14027071507e-09
15,32.0,670.0,2.34366460468e-09
15,32.0,680.0,2.40814380363e-09
15,32.0,690.0,2.41648352988e-09
15,32.0,700.0,2.41677842879e-09
15,32.0,710.0,2.34827652171e-09
15,32.0,720.0,2.22615763655e-09
15,32.0,730.0,2.17337029653e-09
15,32.0,740.0,2.02670281547e-09
15,32.0,750.0,1.89230151946e-09
15,32.0,760.0,1.84407280811e-09
15,32.0,770.0,1.70716196598e-09
15,32.0,780.0,1.55578971222e-09
15,33.0,380.0,1.03579196224e-08
15,33.0,390.0,9.8493741561e-09
15,33.0,400.0,1.37530313541e-08
15,33.0,410.0,1.56613193558e-08
15,33.0,420.0,1.53159668467e-08
15,33.0,430.0,1.34111569891e-08
15,33.0,440.0,1.46704708636e-08
15,33.0,450.0,1.50954112532e-08
15,33.0,460.0,1.40104225873e-08
15,33.0,470.0,1.30663656974e-08
15,33.0,480.0,1.14248906279e-08
15,33.0,490.0,9.95137555838e-09
15,33.0,500.0,8.50355566699e-09
15,33.0,510.0,7.26074002655e-09
15,33.0,520.0,5.97729787209e-09
15,33.0,530.0,4.52358749007e-09
15,33.0,540.0,3.95446535668e-09
15,33.0,550.0,3.29107558911e-09
15,33.0,560.0,2.56893780068e-09
15,33.0,570.0,1.98228077191e-09
15,33.0,580.0,1.88015136468e-09
15,33.0,590.0,1.80361407647e-09
15,33.0,600.0,1.37282912358e-09
15,33.0,610.0,1.40565091035e-09
15,33.0,620.0,1.568853296e-09
15,33.0,630.0,1.68232132253e-09
15,33.0,640.0,1.85744766468e-09
15,33.0,650.0,1.99085395485e-09
15,33.0,660.0,2.02290526266e-09
15,33.0,670.0,2.21393565255e-09
15,33.0,680.0,2.27363130317e-09
15,33.0,690.0,2.28031342506e-09
15,33.0,700.0,2.27945316979e-09
15,33.0,710.0,2.21374718534e-09
15,33.0,720.0,2.09761563593e-09
15,33.0,730.0,2.04694130738e-09
15,33.0,740.0,1.90794280851e-09
15,33.0,750.0,1.78062989985e-09
15,33.0,760.0,1.73454146843e-09
15,33.0,770.0,1.60511073363e-09
15,33.0,780.0,1.46219935187e-09
15,34.0,380.0,1.01151909655e-08
15,34.0,390.0,9.59734728291e-09
15,34.0,400.0,1.33743221412e-08
15,34.0,410.0,1.52023204048e-08
15,34.0,420.0,1.4842289095e-08
15,34.0,430.0,1.29763853207e-08
15,34.0,440.0,1.41745422127e-08
15,34.0,450.0,1.45656023151e-08
15,34.0,460.0,1.35015369515e-08
15,34.0,470.0,1.25767799735e-08
15,34.0,480.0,1.09840656482e-08
15,34.0,490.0,9.55698978539e-09
15,34.0,500.0,8.15777038575e-09
15,34.0,510.0,6.95827614515e-09
15,34.0,520.0,5.72257344222e-09
15,34.0,530.0,4.32639167526e-09
15,34.0,540.0,3.7785055986e-09
15,34.0,550.0,3.1416903859e-09
15,34.0,560.0,2.45006242807e-09
15,34.0,570.0,1.88882754131e-09
15,34.0,580.0,1.79003735576e-09
15,34.0,590.0,1.7158402728e-09
15,34.0,600.0,1.30493859438e-09
15,34.0,610.0,1.33520773092e-09
15,34.0,620.0,1.48928282411e-09
15,34.0,630.0,1.59599303598e-09
15,34.0,640.0,1.76109485718e-09
15,34.0,650.0,1.88650031631e-09
15,34.0,660.0,1.91579686438e-09
15,34.0,670.0,2.0955961047e-09
15,34.0,680.0,2.15097904949e-09
15,34.0,690.0,2.15619862288e-09
15,34.0,700.0,2.15433185366e-09
15,34.0,710.0,2.09121691516e-09
15,34.0,720.0,1.98057827631e-09
15,34.0,730.0,1.93186448411e-09
15,34.0,740.0,1.79987951505e-09
15,34.0,750.0,1.6790463941e-09
15,34.0,760.0,1.6349320188e-09
15,34.0,770.0,1.51232833348e-09
15,34.0,780.0,1.37713112004e-09
15,35.0,380.0,9.88292565142e-09
15,35.0,390.0,9.35752444988e-09
15,35.0,400.0,1.30156087766e-08
15,35.0,410.0,1.47692464107e-08
15,35.0,420.0,1.43968592406e-08
15,35.0,430.0,1.25687318492e-08
15,35.0,440.0,1.37107387003e-08
15,35.0,450.0,1.40712462013e-08
15,35.0,460.0,1.30276759895e-08
15,35.0,470.0,1.21217383201e-08
15,35.0,480.0,1.05750338586e-08
15,35.0,490.0,9.19161777898e-09
15,35.0,500.0,7.83787999858e-09
15,35.0,510.0,6.67883292641e-09
15,35.0,520.0,5.48752608554e-09
15,35.0,530.0,4.14463641527e-09
15,35.0,540.0,3.61649839465e-09
15,35.0,550.0,3.00428918452e-09
15,35.0,560.0,2.34082688409e-09
15,35.0,570.0,1.80302894074e-09
15,35.0,580.0,1.70737352522e-09
15,35.0,590.0,1.63538478522e-09
15,35.0,600.0,1.24275354877e-09
15,35.0,610.0,1.27072752909e-09
15,35.0,620.0,1.41649242446e-09
15,35.0,630.0,1.5170656736e-09
15,35.0,640.0,1.67304869022e-09
15,35.0,650.0,1.79119006093e-09
15,35.0,660.0,1.81801614465e-09
15,35.0,670.0,1.98760923625e-09
15,35.0,680.0,2.03910294138e-09
15,35.0,690.0,2.04303298658e-09
15,35.0,700.0,2.0402907123e-09
15,35.0,710.0,1.97957723815e-09
15,35.0,720.0,1.87397957944e-09
15,35.0,730.0,1.82708499075e-09
15,35.0,740.0,1.70151643289e-09
15,35.0,750.0,1.58660895288e-09
15,35.0,760.0,1.54431573862e-09
15,35.0,770.0,1.42794531428e-09
15,35.0,780.0,1.29978405384e-09
15,36.0,380.0,9.66085658943e-09
15,36.0,390.0,9.12940644098e-09
15,36.0,400.0,1.26758590515e-08
15,36.0,410.0,1.43605521588e-08
15,36.0,420.0,1.39778176702e-08
15,36.0,430.0,1.21862753916e-08
15,36.0,440.0,1.32766518526e-08
15,36.0,450.0,1.36095617784e-08
15,36.0,460.0,1.25859890877e-08
15,36.0,470.0,1.16983408487e-08
15,36.0,480.0,1.01950565445e-08
15,36.0,490.0,8.85270322359e-09
15,36.0,500.0,7.54155880009e-09
15,36.0,510.0,6.42030768506e-09
15,36.0,520.0,5.27033149117e-09
15,36.0,530.0,3.97687173761e-09
15,36.0,540.0,3.46711783234e-09
15,36.0,550.0,2.87772106527e-09
15,36.0,560.0,2.24029660806e-09
15,36.0,570.0,1.72413655036e-09
15,36.0,580.0,1.63142558913e-09
15,36.0,590.0,1.56152111887e-09
15,36.0,600.0,1.18570404284e-09
15,36.0,610.0,1.21161103127e-09
15,36.0,620.0,1.34979693353e-09
15,36.0,630.0,1.44478760189e-09
15,36.0,640.0,1.59246170785e-09
15,36.0,650.0,1.70399672912e-09
15,36.0,660.0,1.72860385104e-09
15,36.0,670.0,1.88890661144e-09
15,36.0,680.0,1.93688717849e-09
15,36.0,690.0,1.93967932146e-09
15,36.0,700.0,1.93617565061e-09
15,36.0,710.0,1.87769076071e-09
15,36.0,720.0,1.77672660565e-09
15,36.0,730.0,1.73152213969e-09
15,36.0,740.0,1.61183327457e-09
15,36.0,750.0,1.50235355484e-09
15,36.0,760.0,1.46174285177e-09
15,36.0,770.0,1.35107295186e-09
15,36.0,780.0,1.22933974208e-09
15,37.0,380.0,9.44861006701e-09
15,37.0,390.0,8.91241865362e-09
15,37.0,400.0,1.2353973385e-08
15,37.0,410.0,1.39746595396e-08
15,37.0,420.0,1.35833154105e-08
15,37.0,430.0,1.18271409907e-08
15,37.0,440.0,1.28699631131e-08
15,37.0,450.0,1.31778998494e-08
15,37.0,460.0,1.21737832373e-08
15,37.0,470.0,1.13038665514e-08
15,37.0,480.0,9.84157788842e-09
15,37.0,490.0,8.53787174327e-09
15,37.0,500.0,7.26665489631e-09
15,37.0,510.0,6.18076130346e-09
15,37.0,520.0,5.06931209897e-09
15,37.0,530.0,3.82176735325e-09
15,37.0,540.0,3.32915011999e-09
15,37.0,550.0,2.76093440549e-09
15,37.0,560.0,2.14761903991e-09
15,37.0,570.0,1.65146856118e-09
15,37.0,580.0,1.56152555954e-09
15,37.0,590.0,1.49358919956e-09
15,37.0,600.0,1.13327270024e-09
15,37.0,610.0,1.15731482257e-09
15,37.0,620.0,1.28857569824e-09
15,37.0,630.0,1.37847856368e-09
15,37.0,640.0,1.51856756575e-09
15,37.0,650.0,1.62408315299e-09
15,37.0,660.0,1.64669375442e-09
15,37.0,670.0,1.79852399558e-09
15,37.0,680.0,1.84332533519e-09
15,37.0,690.0,1.84511241461e-09
15,37.0,700.0,1.84094670255e-09
15,37.0,710.0,1.7845329912e-09
15,37.0,720.0,1.68783527956e-09
15,37.0,730.0,1.64420324037e-09
15,37.0,740.0,1.5299120125e-09
15,37.0,750.0,1.42541305709e-09
15,37.0,760.0,1.3863592867e-09
15,37.0,770.0,1.28091228846e-09
15,37.0,780.0,1.16506261322e-09
15,38.0,380.0,9.24578404812e-09
15,38.0,390.0,8.70598487233e-09
15,38.0,400.0,1.20488860537e-08
15,38.0,410.0,1.36100701634e-08
15,38.0,420.0,1.3211621256e-08
15,38.0,430.0,1.14895909317e-08
15,38.0,440.0,1.24885403496e-08
15,38.0,450.0,1.27738393306e-08
15,38.0,460.0,1.17886096447e-08
15,38.0,470.0,1.09358516056e-08
15,38.0,480.0,9.51229168773e-09
15,38.0,490.0,8.24498741209e-09
15,38.0,500.0,7.01123746613e-09
15,38.0,510.0,5.95845779261e-09
15,38.0,520.0,4.88296907152e-09
15,38.0,530.0,3.67813666864e-09
15,38.0,540.0,3.20151428857e-09
15,38.0,550.0,2.65299395537e-09
15,38.0,560.0,2.06203689002e-09
15,38.0,570.0,1.58442001065e-09
15,38.0,580.0,1.49708136841e-09
15,38.0,590.0,1.43100453318e-09
15,38.0,600.0,1.08500173981e-09
15,38.0,610.0,1.10735847411e-09
15,38.0,620.0,1.23228042126e-09
15,38.0,630.0,1.31753801014e-09
15,38.0,640.0,1.4506901328e-09
15,38.0,650.0,1.55071112803e-09
15,38.0,660.0,1.57152241375e-09
15,38.0,670.0,1.71561197217e-09
15,38.0,680.0,1.75753121228e-09
15,38.0,690.0,1.75842988498e-09
15,38.0,700.0,1.75368884323e-09
15,38.0,710.0,1.69920283102e-09
15,38.0,720.0,1.60644032967e-09
15,38.0,730.0,1.56427329109e-09
15,38.0,740.0,1.45494592183e-09
15,38.0,750.0,1.35502565135e-09
15,38.0,760.0,1.3174149088e-09
15,38.0,770.0,1.21676176172e-09
15,38.0,780.0,1.1063069065e-09
15,39.0,380.0,9.05197411757e-09
15,39.0,390.0,8.50954939816e-09
15,39.0,400.0,1.17595920839e-08
15,39.0,410.0,1.32653910983e-08
15,39.0,420.0,1.28611419875e-08
15,39.0,430.0,1.11720380664e-08
15,39.0,440.0,1.21304476828e-08
15,39.0,450.0,1.23951925439e-08
15,39.0,460.0,1.14282643299e-08
15,39.0,470.0,1.05920859764e-08
15,39.0,480.0,9.20513513249e-09
15,39.0,490.0,7.97214452069e-09
15,39.0,500.0,6.77358748305e-09
15,39.0,510.0,5.75185451833e-09
15,39.0,520.0,4.70997277162e-09
15,39.0,530.0,3.54492856334e-09
15,39.0,540.0,3.08325409713e-09
15,39.0,550.0,2.55307338811e-09
15,39.0,560.0,1.98288179633e-09
15,39.0,570.0,1.52245750138e-09
15,39.0,580.0,1.4375714838e-09
15,39.0,590.0,1.37325270082e-09
15,39.0,600.0,1.04048855748e-09
15,39.0,610.0,1.06131977192e-09
15,39.0,620.0,1.18042956798e-09
15,39.0,630.0,1.26143883547e-09
15,39.0,640.0,1.38823629156e-09
15,39.0,650.0,1.48323341094e-09
15,39.0,660.0,1.50242076918e-09
15,39.0,670.0,1.63942645373e-09
15,39.0,680.0,1.67872880937e-09
15,39.0,690.0,1.67884185523e-09
15,39.0,700.0,1.67360140477e-09
15,39.0,710.0,1.62091205365e-09
15,39.0,720.0,1.53178509908e-09
15,39.0,730.0,1.4909848292e-09
15,39.0,740.0,1.3862299347e-09
15,39.0,750.0,1.29052569576e-09
15,39.0,760.0,1.25425443313e-09
15,39.0,770.0,1.15800865641e-09
15,39.0,780.0,1.05250876303e-09
15,40.0,380.0,8.86678426437e-09
15,40.0,390.0,8.32258460659e-09
15,40.0,400.0,1.14851537469e-08
15,40.0,410.0,1.29393374592e-08
15,40.0,420.0,1.25304201199e-08
15,40.0,430.0,1.08730396534e-08
15,40.0,440.0,1.17939342245e-08
15,40.0,450.0,1.203998905e-08
15,40.0,460.0,1.10907689969e-08
15,40.0,470.0,1.02705918028e-08
15,40.0,480.0,8.91826674521e-09
15,40.0,490.0,7.71764564631e-09
15,40.0,500.0,6.55217675569e-09
15,40.0,510.0,5.55958245999e-09
15,40.0,520.0,4.5491450315e-09
15,40.0,530.0,3.42121290353e-09
15,40.0,540.0,2.97352444308e-09
15,40.0,550.0,2.46044324545e-09
15,40.0,560.0,1.90956435198e-09
15,40.0,570.0,1.46511108499e-09
15,40.0,580.0,1.3825368215e-09
15,40.0,590.0,1.31988124479e-09
15,40.0,600.0,9.99379290612e-10
15,40.0,610.0,1.01882787225e-09
15,40.0,620.0,1.13260045813e-09
15,40.0,630.0,1.20971862142e-09
15,40.0,640.0,1.33068598404e-09
15,40.0,650.0,1.42108275578e-09
15,40.0,660.0,1.43880271335e-09
15,40.0,670.0,1.56931587334e-09
15,40.0,680.0,1.60623887298e-09
15,40.0,690.0,1.60565717091e-09
15,40.0,700.0,1.59998402351e-09
15,40.0,710.0,1.54897139427e-09
15,40.0,720.0,1.46320812422e-09
15,40.0,730.0,1.42368460944e-09
15,40.0,740.0,1.32314801861e-09
15,40.0,750.0,1.23133174991e-09
15,40.0,760.0,1.19630559909e-09
15,40.0,770.0,1.10411800695e-09
15,40.0,780.0,1.00317597852e-09
15,41.0,380.0,8.68983192817e-09
15,41.0,390.0,8.14459325741e-09
15,41.0,400.0,1.12247001147e-08
15,41.0,410.0,1.26307276159e-08
15,41.0,420.0,1.22181249892e-08
15,41.0,430.0,1.05912858764e-08
15,41.0,440.0,1.14774175623e-08
15,41.0,450.0,1.17064546584e-08
15,41.0,460.0,1.07743479485e-08
15,41.0,470.0,9.96959858151e-09
15,41.0,480.0,8.65004190947e-09
15,41.0,490.0,7.47997796544e-09
15,41.0,500.0,6.34564573077e-09
15,41.0,510.0,5.38042562939e-09
15,41.0,520.0,4.39944090224e-09
15,41.0,530.0,3.30616577185e-09
15,41.0,540.0,2.87157762754e-09
15,41.0,550.0,2.37445884076e-09
15,41.0,560.0,1.84156415605e-09
15,41.0,570.0,1.41196620341e-09
15,41.0,580.0,1.33157275286e-09
15,41.0,590.0,1.27049168486e-09
15,41.0,600.0,9.61362503303e-10
15,41.0,610.0,9.79556608855e-10
15,41.0,620.0,1.08842155829e-09
15,41.0,630.0,1.16197112741e-09
15,41.0,640.0,1.27758256088e-09
15,41.0,650.0,1.36376130771e-09
15,41.0,660.0,1.38015405656e-09
15,41.0,670.0,1.50470883913e-09
15,41.0,680.0,1.53946595081e-09
15,41.0,690.0,1.53827015626e-09
15,41.0,700.0,1.53222315146e-09
15,41.0,710.0,1.48277721243e-09
15,41.0,720.0,1.40013027915e-09
15,41.0,730.0,1.36180085566e-09
15,41.0,740.0,1.26516110793e-09
15,41.0,750.0,1.17693514271e-09
15,41.0,760.0,1.14306788024e-09
15,41.0,770.0,1.05462200898e-09
15,41.0,780.0,9.57878231502e-10
15,42.0,380.0,8.52075039902e-09
15,42.0,390.0,7.9751085683e-09
15,42.0,400.0,1.09774239516e-08
15,42.0,410.0,1.23384759351e-08
15,42.0,420.0,1.19230420184e-08
15,42.0,430.0,1.03255872971e-08
15,42.0,440.0,1.11794666549e-08
15,42.0,450.0,1.13929904269e-08
15,42.0,460.0,1.04774055299e-08
15,42.0,470.0,9.68751933934e-09
15,42.0,480.0,8.39898967569e-09
15,42.0,490.0,7.25779103731e-09
15,42.0,500.0,6.1527828422e-09
15,42.0,510.0,5.21330204985e-09
15,42.0,520.0,4.25993188038e-09
15,42.0,530.0,3.19905595047e-09
15,42.0,540.0,2.77675083605e-09
15,42.0,550.0,2.29454926894e-09
15,42.0,560.0,1.77842079931e-09
15,42.0,570.0,1.36265640469e-09
15,42.0,580.0,1.2843218973e-09
15,42.0,590.0,1.22473233298e-09
15,42.0,600.0,9.26163511736e-10
15,42.0,610.0,9.43218488768e-10
15,42.0,620.0,1.04756557821e-09
15,42.0,630.0,1.11783867856e-09
15,42.0,640.0,1.22852415943e-09
15,42.0,650.0,1.31083113751e-09
15,42.0,660.0,1.32602268818e-09
15,42.0,670.0,1.4451031369e-09
15,42.0,680.0,1.47788686875e-09
15,42.0,690.0,1.47614883389e-09
15,42.0,700.0,1.46978006649e-09
15,42.0,710.0,1.42179964362e-09
15,42.0,720.0,1.34204336109e-09
15,42.0,730.0,1.30483194738e-09
15,42.0,740.0,1.21179639852e-09
15,42.0,750.0,1.12688983557e-09
15,42.0,760.0,1.09410247752e-09
15,42.0,770.0,1.00911063789e-09
15,42.0,780.0,9.16238428389e-10
15,43.0,380.0,8.35918979379e-09
15,43.0,390.0,7.81369321104e-09
15,43.0,400.0,1.0742577532e-08
15,43.0,410.0,1.20615848278e-08
15,43.0,420.0,1.16440618347e-08
15,43.0,430.0,1.00748626492e-08
15,43.0,440.0,1.08987856208e-08
15,43.0,450.0,1.10981531059e-08
15,43.0,460.0,1.01985053906e-08
15,43.0,470.0,9.42292894096e-09
15,43.0,480.0,8.16379180401e-09
15,43.0,490.0,7.04987685476e-09
15,43.0,500.0,5.9725060587e-09
15,43.0,510.0,5.05724683025e-09
15,43.0,520.0,4.12979103375e-09
15,43.0,530.0,3.09923296762e-09
15,43.0,540.0,2.68845509564e-09
15,43.0,550.0,2.22020773313e-09
15,43.0,560.0,1.71972594474e-09
15,43.0,570.0,1.31685695342e-09
15,43.0,580.0,1.24046780997e-09
15,43.0,590.0,1.18229200914e-09
15,43.0,600.0,8.9353942634e-10
15,43.0,610.0,9.09559452464e-10
15,43.0,620.0,1.00974345245e-09
15,43.0,630.0,1.07700553577e-09
15,43.0,640.0,1.18315620044e-09
15,43.0,650.0,1.26190601043e-09
15,43.0,660.0,1.2760100267e-09
15,43.0,670.0,1.39005617881e-09
15,43.0,680.0,1.42104072863e-09
15,43.0,690.0,1.41882470421e-09
15,43.0,700.0,1.41218047484e-09
15,43.0,710.0,1.36557232859e-09
15,43.0,720.0,1.28850019977e-09
15,43.0,730.0,1.25233662022e-09
15,43.0,740.0,1.16263807791e-09
15,43.0,750.0,1.0808036476e-09
15,43.0,760.0,1.0490236595e-09
15,43.0,770.0,9.67223532561e-10
15,43.0,780.0,8.77925217373e-10
15,44.0,380.0,8.20481717071e-09
15,44.0,390.0,7.65993773857e-09
15,44.0,400.0,1.05194680467e-08
15,44.0,410.0,1.1799136784e-08
15,44.0,420.0,1.13801698355e-08
15,44.0,430.0,9.83812743276e-09
15,44.0,440.0,1.0634198839e-08
15,44.0,450.0,1.08206373826e-08
15,44.0,460.0,9.93635182266e-09
15,44.0,470.0,9.1745447059e-09
15,44.0,480.0,7.94326414e-09
15,44.0,490.0,6.85515219716e-09
15,44.0,500.0,5.80384662082e-09
15,44.0,510.0,4.9113972935e-09
15,44.0,520.0,4.0082799675e-09
15,44.0,530.0,3.0061166452e-09
15,44.0,540.0,2.60616563789e-09
15,44.0,550.0,2.15098311744e-09
15,44.0,560.0,1.66511643805e-09
15,44.0,570.0,1.27427927928e-09
15,44.0,580.0,1.19972950405e-09
15,44.0,590.0,1.14289459401e-09
15,44.0,600.0,8.63274857982e-10
15,44.0,610.0,8.78354339941e-10
15,44.0,620.0,9.74699137074e-10
15,44.0,630.0,1.0391921679e-09
15,44.0,640.0,1.14116490984e-09
15,44.0,650.0,1.21664428365e-09
15,44.0,660.0,1.22976364611e-09
15,44.0,670.0,1.33917677029e-09
15,44.0,680.0,1.36852029018e-09
15,44.0,690.0,1.36588394297e-09
15,44.0,700.0,1.35900555964e-09
15,44.0,710.0,1.31368357414e-09
15,44.0,720.0,1.23910614787e-09
15,44.0,730.0,1.20392553734e-09
15,44.0,740.0,1.11731935453e-09
15,44.0,750.0,1.03833071239e-09
15,44.0,760.0,1.00749132004e-09
15,44.0,770.0,9.28643021534e-10
15,44.0,780.0,8.4264655754e-10
15,45.0,380.0,8.05731607292e-09
15,45.0,390.0,7.5134586896e-09
15,45.0,400.0,1.03074528903e-08
15,45.0,410.0,1.15502866647e-08
15,45.0,420.0,1.11304363955e-08
15,45.0,430.0,9.61448340953e-09
15,45.0,440.0,1.03846374081e-08
15,45.0,450.0,1.05592598962e-08
15,45.0,460.0,9.6897730821e-09
15,45.0,470.0,8.94120918463e-09
15,45.0,480.0,7.73634014004e-09
15,45.0,490.0,6.67264307992e-09
15,45.0,500.0,5.64593475442e-09
15,45.0,510.0,4.77497994686e-09
15,45.0,520.0,3.89473743018e-09
15,45.0,530.0,2.91918797837e-09
15,45.0,540.0,2.52941350427e-09
15,45.0,550.0,2.08647265654e-09
15,45.0,560.0,1.61426832259e-09
15,45.0,570.0,1.23466615954e-09
15,45.0,580.0,1.16185670223e-09
15,45.0,590.0,1.10629431128e-09
15,45.0,600.0,8.35178202145e-10
15,45.0,610.0,8.49402970146e-10
15,45.0,620.0,9.42205113443e-10
15,45.0,630.0,1.00415030539e-09
15,45.0,640.0,1.10227172756e-09
15,45.0,650.0,1.17474277938e-09
15,45.0,660.0,1.18697091794e-09
15,45.0,670.0,1.29211801397e-09
15,45.0,680.0,1.31996454609e-09
15,45.0,690.0,1.31695982005e-09
15,45.0,700.0,1.30988427387e-09
15,45.0,710.0,1.26576874508e-09
15,45.0,720.0,1.19351175885e-09
15,45.0,730.0,1.15925403871e-09
15,45.0,740.0,1.07551560255e-09
15,45.0,750.0,9.9916499206e-10
15,45.0,760.0,9.69204580239e-10
15,45.0,770.0,8.93088129051e-10
15,45.0,780.0,8.10144192579e-10
15,46.0,380.0,7.91638566932e-09
15,46.0,390.0,7.37389650186e-09
15,46.0,400.0,1.01059349646e-08
15,46.0,410.0,1.13142543456e-08
15,46.0,420.0,1.08940077462e-08
15,46.0,430.0,9.40310897517e-09
15,46.0,440.0,1.01491268713e-08
15,46.0,450.0,1.03129448682e-08
15,46.0,460.0,9.45770648966e-09
15,46.0,470.0,8.72187485075e-09
15,46.0,480.0,7.54205628857e-09
15,46.0,490.0,6.50147103692e-09
15,46.0,500.0,5.49798710315e-09
15,46.0,510.0,4.64729904695e-09
15,46.0,520.0,3.78856933453e-09
15,46.0,530.0,2.83798116075e-09
15,46.0,540.0,2.45777821716e-09
15,46.0,550.0,2.02631554419e-09
15,46.0,560.0,1.56689162661e-09
15,46.0,570.0,1.19778752747e-09
15,46.0,580.0,1.12662570909e-09
15,46.0,590.0,1.0722716302e-09
15,46.0,600.0,8.09078413927e-10
15,46.0,610.0,8.22526740614e-10
15,46.0,620.0,9.1205849103e-10
15,46.0,630.0,9.71658655158e-10
15,46.0,640.0,1.06622846623e-09
15,46.0,650.0,1.13593148207e-09
15,46.0,660.0,1.14735351085e-09
15,46.0,670.0,1.24857117298e-09
15,46.0,680.0,1.27505230311e-09
15,46.0,690.0,1.27172614743e-09
15,46.0,700.0,1.26448668163e-09
15,46.0,710.0,1.22150369269e-09
15,46.0,720.0,1.15140646392e-09
15,46.0,730.0,1.11801588136e-09
15,46.0,740.0,1.03693844485e-09
15,46.0,750.0,9.63034679926e-10
15,46.0,760.0,9.33896268313e-10
15,46.0,770.0,8.60309404366e-10
15,46.0,780.0,7.80188884281e-10
15,47.0,380.0,7.78173960191e-09
15,47.0,390.0,7.24091331195e-09
15,47.0,400.0,9.91435806739e-09
15,47.0,410.0,1.10903177385e-08
15,47.0,420.0,1.06700975029e-08
15,47.0,430.0,9.20325033692e-09
15,47.0,440.0,9.9267760799e-09
15,47.0,450.0,1.00807111631e-08
15,47.0,460.0,9.23918509317e-09
15,47.0,470.0,8.5155904614e-09
15,47.0,480.0,7.35953915284e-09
15,47.0,490.0,6.3408409815e-09
15,47.0,500.0,5.35929563569e-09
15,47.0,510.0,4.52772652864e-09
15,47.0,520.0,3.68923998498e-09
15,47.0,530.0,2.76207658456e-09
15,47.0,540.0,2.39088135573e-09
15,47.0,550.0,1.97018733769e-09
15,47.0,560.0,1.52272580444e-09
15,47.0,570.0,1.16343680978e-09
15,47.0,580.0,1.09383580744e-09
15,47.0,590.0,1.04062969112e-09
15,47.0,600.0,7.84822196442e-10
15,47.0,610.0,7.9756566482e-10
15,47.0,620.0,8.84077613776e-10
15,47.0,630.0,9.41519171101e-10
15,47.0,640.0,1.0328130994e-09
15,47.0,650.0,1.09996892695e-09
15,47.0,660.0,1.11066260898e-09
15,47.0,670.0,1.20826033799e-09
15,47.0,680.0,1.23349660551e-09
15,47.0,690.0,1.2298915888e-09
15,47.0,700.0,1.22251817644e-09
15,47.0,710.0,1.18059905016e-09
15,47.0,720.0,1.1125130844e-09
15,47.0,730.0,1.07993780773e-09
15,47.0,740.0,1.00133061969e-09
15,47.0,750.0,9.29697345571e-10
15,47.0,760.0,9.0132813221e-10
15,47.0,770.0,8.30084438241e-10
15,47.0,780.0,7.52576280136e-10
15,48.0,380.0,7.65310462136e-09
15,48.0,390.0,7.11419069695e-09
15,48.0,400.0,9.73220240633e-09
15,48.0,410.0,1.08778061971e-08
15,48.0,420.0,1.0457978799e-08
15,48.0,430.0,9.01421342558e-09
15,48.0,440.0,9.71676707631e-09
15,48.0,450.0,9.86166061337e-09
15,48.0,460.0,9.03332569661e-09
15,48.0,470.0,8.32148886828e-09
15,48.0,480.0,7.18799385439e-09
15,48.0,490.0,6.19003042768e-09
15,48.0,500.0,5.22921781927e-09
15,48.0,510.0,4.41569310164e-09
15,48.0,520.0,3.59626433566e-09
15,48.0,530.0,2.69109467177e-09
15,48.0,540.0,2.32838090189e-09
15,48.0,550.0,1.91779503826e-09
15,48.0,560.0,1.48153573214e-09
15,48.0,570.0,1.13142771224e-09
15,48.0,580.0,1.0633060981e-09
15,48.0,590.0,1.01119117292e-09
15,48.0,600.0,7.62271538367e-10
15,48.0,610.0,7.74375778883e-10
15,48.0,620.0,8.58099091014e-10
15,48.0,630.0,9.13553792526e-10
15,48.0,640.0,1.00182607973e-09
15,48.0,650.0,1.06663817033e-09
15,48.0,660.0,1.07667473491e-09
15,48.0,670.0,1.17093776987e-09
15,48.0,680.0,1.19503986638e-09
15,48.0,690.0,1.19119469256e-09
15,48.0,700.0,1.18371443584e-09
15,48.0,710.0,1.14279525559e-09
15,48.0,720.0,1.07658304486e-09
15,48.0,730.0,1.0447748086e-09
15,48.0,740.0,9.68461504693e-10
15,48.0,750.0,8.98935702068e-10
15,48.0,760.0,8.71286666485e-10
15,48.0,770.0,8.02213955193e-10
15,48.0,780.0,7.27123312055e-10
15,49.0,380.0,7.53021908298e-09
15,49.0,390.0,6.99342740729e-09
15,49.0,400.0,9.55898027988e-09
15,49.0,410.0,1.06760943144e-08
15,49.0,420.0,1.02569770027e-08
15,49.0,430.0,8.83535648678e-09
15,49.0,440.0,9.5183459e-09
15,49.0,450.0,9.65496747605e-09
15,49.0,460.0,8.83931810246e-09
15,49.0,470.0,8.13877610717e-09
15,49.0,480.0,7.02669378243e-09
15,49.0,490.0,6.04837989828e-09
15,49.0,500.0,5.10716789465e-09
15,49.0,510.0,4.31068035973e-09
15,49.0,520.0,3.5092011398e-09
15,49.0,530.0,2.62469042266e-09
15,49.0,540.0,2.26996624957e-09
15,49.0,550.0,1.86887275312e-09
15,49.0,560.0,1.44310817965e-09
15,49.0,570.0,1.1015913899e-09
15,49.0,580.0,1.03487271973e-09
15,49.0,590.0,9.83795539001e-10
15,49.0,600.0,7.41301550179e-10
15,49.0,610.0,7.52826863985e-10
15,49.0,620.0,8.33975191007e-10
15,49.0,630.0,8.87601582092e-10
15,49.0,640.0,9.73087109215e-10
15,49.0,650.0,1.03574325578e-09
15,49.0,660.0,1.04518808768e-09
15,49.0,670.0,1.13637981781e-09
15,49.0,680.0,1.15944960157e-09
15,49.0,690.0,1.15539954062e-09
15,49.0,700.0,1.14783700242e-09
15,49.0,710.0,1.10785819375e-09
15,49.0,720.0,1.04339218222e-09
15,49.0,730.0,1.01230597634e-09
15,49.0,740.0,9.38123199145e-10
15,49.0,750.0,8.70553901821e-10
15,49.0,760.0,8.43579460813e-10
15,49.0,770.0,7.76518394649e-10
15,49.0,780.0,7.0366504603e-10
15,50.0,380.0,7.41283137549e-09
15,50.0,390.0,6.87833714355e-09
15,50.0,400.0,9.39423197228e-09
15,50.0,410.0,1.048459614e-08
15,50.0,420.0,1.00664630129e-08
15,50.0,430.0,8.66608332369e-09
15,50.0,440.0,9.33081426043e-09
15,50.0,450.0,9.45986893457e-09
15,50.0,460.0,8.65641546142e-09
15,50.0,470.0,7.96672164486e-09
15,50.0,480.0,6.87497142446e-09
15,50.0,490.0,5.91528439534e-09
15,50.0,500.0,4.99260913255e-09
15,50.0,510.0,4.21221378936e-09
15,50.0,520.0,3.42764688874e-09
15,50.0,530.0,2.56254859841e-09
15,50.0,540.0,2.21535379914e-09
15,50.0,550.0,1.82317786961e-09
15,50.0,560.0,1.40724870189e-09
15,50.0,570.0,1.07377395514e-09
15,50.0,580.0,1.0083864021e-09
15,50.0,590.0,9.58296614919e-10
15,50.0,600.0,7.21798561981e-10
15,50.0,610.0,7.32800445041e-10
15,50.0,620.0,8.11571551563e-10
15,50.0,630.0,8.63516212804e-10
15,50.0,640.0,9.46432304333e-10
15,50.0,650.0,1.00710611322e-09
15,50.0,660.0,1.01601933033e-09
15,50.0,670.0,1.10438333936e-09
15,50.0,680.0,1.12651468903e-09
15,50.0,690.0,1.12229193396e-09
15,50.0,700.0,1.11466941065e-09
15,50.0,710.0,1.07557537672e-09
15,50.0,720.0,1.01273707365e-09
15,50.0,730.0,9.82330872199e-10
15,50.0,740.0,9.10127092422e-10
15,50.0,750.0,8.44374292425e-10
15,50.0,760.0,8.18032002375e-10
15,50.0,770.0,7.52834917416e-10
15,50.0,780.0,6.82051923998e-10
15,51.0,380.0,7.30069836193e-09
15,51.0,390.0,6.76864643872e-09
15,51.0,400.0,9.23752192933e-09
15,51.0,410.0,1.03027598682e-08
15,51.0,420.0,9.88584715979e-09
15,51.0,430.0,8.50583719372e-09
15,51.0,440.0,9.15352205706e-09
15,51.0,450.0,9.27565660411e-09
15,51.0,460.0,8.48392567242e-09
15,51.0,470.0,7.80464971269e-09
15,51.0,480.0,6.73221023795e-09
15,51.0,490.0,5.79018585443e-09
15,51.0,500.0,4.88504699502e-09
15,51.0,510.0,4.11985660434e-09
15,51.0,520.0,3.35123047384e-09
15,51.0,530.0,2.5043794828e-09
15,51.0,540.0,2.16428308523e-09
15,51.0,550.0,1.78048769532e-09
15,51.0,560.0,1.37377891053e-09
15,51.0,570.0,1.04783429221e-09
15,51.0,580.0,9.83710321604e-10
15,51.0,590.0,9.3456046642e-10
15,51.0,600.0,7.03658457999e-10
15,51.0,610.0,7.14188039153e-10
15,51.0,620.0,7.90765177131e-10
15,51.0,630.0,8.41163770246e-10
15,51.0,640.0,9.21711717475e-10
15,51.0,650.0,9.80563848605e-10
15,51.0,660.0,9.89000782759e-10
15,51.0,670.0,1.07476257289e-09
15,51.0,680.0,1.09604210158e-09
15,51.0,690.0,1.09167606157e-09
15,51.0,700.0,1.08401380523e-09
15,51.0,710.0,1.04575261005e-09
15,51.0,720.0,9.84431831684e-10
15,51.0,730.0,9.54666356232e-10
15,51.0,740.0,8.84300869904e-10
15,51.0,750.0,8.20234586508e-10
15,51.0,760.0,7.9448488667e-10
15,51.0,770.0,7.3101479482e-10
15,51.0,780.0,6.62147358561e-10
15,52.0,380.0,6.76275367458e-09
15,52.0,390.0,6.24097785165e-09
15,52.0,400.0,8.47841866078e-09
15,52.0,410.0,9.41253513847e-09
15,52.0,420.0,8.98910023476e-09
15,52.0,430.0,7.69659235463e-09
15,52.0,440.0,8.24054489343e-09
15,52.0,450.0,8.30592147118e-09
15,52.0,460.0,7.5541715661e-09
15,52.0,470.0,6.90815409823e-09
15,52.0,480.0,5.92139914159e-09
15,52.0,490.0,5.05916122744e-09
15,52.0,500.0,4.23834001592e-09
15,52.0,510.0,3.54808905134e-09
15,52.0,520.0,2.86385275335e-09
15,52.0,530.0,2.12261136998e-09
15,52.0,540.0,1.81892042743e-09
15,52.0,550.0,1.48324512226e-09
15,52.0,560.0,1.13403532802e-09
15,52.0,570.0,8.56882452209e-10
15,52.0,580.0,7.96967425271e-10
15,52.0,590.0,7.5038265196e-10
15,52.0,600.0,5.5980804973e-10
15,52.0,610.0,5.63136400516e-10
15,52.0,620.0,6.18123134139e-10
15,52.0,630.0,6.51858309511e-10
15,52.0,640.0,7.0830460621e-10
15,52.0,650.0,7.47303131518e-10
15,52.0,660.0,7.47534720387e-10
15,52.0,670.0,8.05853624714e-10
15,52.0,680.0,8.15251355149e-10
15,52.0,690.0,8.05524568384e-10
15,52.0,700.0,7.93625869549e-10
15,52.0,710.0,7.59549209777e-10
15,52.0,720.0,7.09377114751e-10
15,52.0,730.0,6.82660275417e-10
15,52.0,740.0,6.27432046131e-10
15,52.0,750.0,5.77450829013e-10
15,52.0,760.0,5.55241763896e-10
15,52.0,770.0,5.0707667942e-10
15,52.0,780.0,4.55839434345e-10
15,53.0,380.0,6.66584399938e-09
15,53.0,390.0,6.1473328979e-09
15,53.0,400.0,8.34617572718e-09
15,53.0,410.0,9.26080628963e-09
15,53.0,420.0,8.84006996247e-09
15,53.0,430.0,7.56585469982e-09
15,53.0,440.0,8.09754991089e-09
15,53.0,450.0,8.15910626553e-09
15,53.0,460.0,7.41835810487e-09
15,53.0,470.0,6.7821861915e-09
15,53.0,480.0,5.81187123152e-09
15,53.0,490.0,4.96453241518e-09
15,53.0,500.0,4.15812226992e-09
15,53.0,510.0,3.48022832487e-09
15,53.0,520.0,2.8085731435e-09
15,53.0,530.0,2.08116485333e-09
15,53.0,540.0,1.78313464656e-09
15,53.0,550.0,1.45383084296e-09
15,53.0,560.0,1.11136051954e-09
15,53.0,570.0,8.39602934373e-10
15,53.0,580.0,7.80828278564e-10
15,53.0,590.0,7.35129012915e-10
15,53.0,600.0,5.48329946774e-10
15,53.0,610.0,5.51566003759e-10
15,53.0,620.0,6.05415496641e-10
15,53.0,630.0,6.38434011462e-10
15,53.0,640.0,6.93697959643e-10
15,53.0,650.0,7.31864065099e-10
15,53.0,660.0,7.32055698376e-10
15,53.0,670.0,7.89130869846e-10
15,53.0,680.0,7.98292222336e-10
15,53.0,690.0,7.88723537414e-10
15,53.0,700.0,7.77030810571e-10
15,53.0,710.0,7.43622745975e-10
15,53.0,720.0,6.94461670517e-10
15,53.0,730.0,6.68269505416e-10
15,53.0,740.0,6.14169971892e-10
15,53.0,750.0,5.65212452433e-10
15,53.0,760.0,5.43446495746e-10
15,53.0,770.0,4.96278185911e-10
15,53.0,780.0,4.46107772996e-10
15,54.0,380.0,6.40850042403e-09
15,54.0,390.0,5.90300472742e-09
15,54.0,400.0,8.00633439859e-09
15,54.0,410.0,8.8759331171e-09
15,54.0,420.0,8.46628166305e-09
15,54.0,430.0,7.24106317372e-09
15,54.0,440.0,7.74506579379e-09
15,54.0,450.0,7.79959725389e-09
15,54.0,460.0,7.08731584724e-09
15,54.0,470.0,6.47649406839e-09
15,54.0,480.0,5.54647792974e-09
15,54.0,490.0,4.73579468115e-09
15,54.0,500.0,3.96412942861e-09
15,54.0,510.0,3.31595873307e-09
15,54.0,520.0,2.67458290079e-09
15,54.0,530.0,1.9801616352e-09
15,54.0,540.0,1.69570777156e-09
15,54.0,550.0,1.38166966321e-09
15,54.0,560.0,1.05542085556e-09
15,54.0,570.0,7.96679394286e-10
15,54.0,580.0,7.40598122316e-10
15,54.0,590.0,6.96958216237e-10
15,54.0,600.0,5.19325120267e-10
15,54.0,610.0,5.22236981821e-10
15,54.0,620.0,5.73154963055e-10
15,54.0,630.0,6.04251864714e-10
15,54.0,640.0,6.56409105314e-10
15,54.0,650.0,6.92320706412e-10
15,54.0,660.0,6.92250209336e-10
15,54.0,670.0,7.45958588778e-10
15,54.0,680.0,7.5431359474e-10
15,54.0,690.0,7.44938260672e-10
15,54.0,700.0,7.33570668996e-10
15,54.0,710.0,7.01682153896e-10
15,54.0,720.0,6.5495903259e-10
15,54.0,730.0,6.2994953957e-10
15,54.0,740.0,5.78646322924e-10
15,54.0,750.0,5.32229172763e-10
15,54.0,760.0,5.11490497534e-10
15,54.0,770.0,4.66852431995e-10
15,54.0,780.0,4.19423195576e-10
15,55.0,380.0,6.32750865633e-09
15,55.0,390.0,5.82479021564e-09
15,55.0,400.0,7.89593814756e-09
15,55.0,410.0,8.74932822197e-09
15,55.0,420.0,8.34197523333e-09
15,55.0,430.0,7.13205871044e-09
15,55.0,440.0,7.6259048849e-09
15,55.0,450.0,7.6773099634e-09
15,55.0,460.0,6.97428723357e-09
15,55.0,470.0,6.37170799181e-09
15,55.0,480.0,5.45548540301e-09
15,55.0,490.0,4.65722304158e-09
15,55.0,500.0,3.89761997632e-09
15,55.0,510.0,3.25977161016e-09
15,55.0,520.0,2.62886947002e-09
15,55.0,530.0,1.94598407548e-09
15,55.0,540.0,1.66623653212e-09
15,55.0,550.0,1.35749056466e-09
15,55.0,560.0,1.03682540881e-09
15,55.0,570.0,7.82548518386e-10
15,55.0,580.0,7.27410799969e-10
15,55.0,590.0,6.84503629471e-10
15,55.0,600.0,5.09986119598e-10
15,55.0,610.0,5.1282433165e-10
15,55.0,620.0,5.62811401642e-10
15,55.0,630.0,5.93326963288e-10
15,55.0,640.0,6.44522645041e-10
15,55.0,650.0,6.79761747279e-10
15,55.0,660.0,6.79667710208e-10
15,55.0,670.0,7.32374536133e-10
15,55.0,680.0,7.40550261186e-10
15,55.0,690.0,7.31318455503e-10
15,55.0,700.0,7.20132683634e-10
15,55.0,710.0,6.88802864837e-10
15,55.0,720.0,6.42914309679e-10
15,55.0,730.0,6.18343891533e-10
15,55.0,740.0,5.67966976743e-10
15,55.0,750.0,5.22389813401e-10
15,55.0,760.0,5.02019736136e-10
15,55.0,770.0,4.58195041099e-10
15,55.0,780.0,4.11634068504e-10
15,56.0,380.0,6.24787073396e-09
15,56.0,390.0,5.74803127805e-09
15,56.0,400.0,7.78776936181e-09
15,56.0,410.0,8.62544267066e-09
15,56.0,420.0,8.220473694e-09
15,56.0,430.0,7.02561217088e-09
15,56.0,440.0,7.5096289363e-09
15,56.0,450.0,7.55805838725e-09
15,56.0,460.0,6.86412003434e-09
15,56.0,470.0,6.2696165429e-09
15,56.0,480.0,5.36685968182e-09
15,56.0,490.0,4.58071348075e-09
15,56.0,500.0,3.83286580145e-09
15,56.0,510.0,3.20507223252e-09
15,56.0,520.0,2.58436801443e-09
15,56.0,530.0,1.91271117858e-09
15,56.0,540.0,1.63754353794e-09
15,56.0,550.0,1.33394724675e-09
15,56.0,560.0,1.01871602539e-09
15,56.0,570.0,7.68784273063e-10
15,56.0,580.0,7.14563166335e-10
15,56.0,590.0,6.72367655614e-10
15,56.0,600.0,5.00883947723e-10
15,56.0,610.0,5.03648500272e-10
15,56.0,620.0,5.5272603094e-10
15,56.0,630.0,5.8267241776e-10
15,56.0,640.0,6.32927791079e-10
15,56.0,650.0,6.67508105381e-10
15,56.0,660.0,6.67388195752e-10
15,56.0,670.0,7.1911447751e-10
15,56.0,680.0,7.27111937428e-10
15,56.0,690.0,7.18016920902e-10
15,56.0,700.0,7.07005437187e-10
15,56.0,710.0,6.76218052897e-10
15,56.0,720.0,6.31141788933e-10
15,56.0,730.0,6.06997513741e-10
15,56.0,740.0,5.57523282427e-10
15,56.0,750.0,5.12764793888e-10
15,56.0,760.0,4.92752833618e-10
15,56.0,770.0,4.49721608044e-10
15,56.0,780.0,4.04008186046e-10
15,57.0,380.0,6.16946116885e-09
15,57.0,390.0,5.67259420957e-09
15,57.0,400.0,7.68162382338e-09
15,57.0,410.0,8.50402656101e-09
15,57.0,420.0,8.10151794655e-09
15,57.0,430.0,6.9214855774e-09
15,57.0,440.0,7.39596722381e-09
15,57.0,450.0,7.441554832e-09
15,57.0,460.0,6.75654013007e-09
15,57.0,470.0,6.16995850404e-09
15,57.0,480.0,5.28036844659e-09
15,57.0,490.0,4.5060608247e-09
15,57.0,500.0,3.76968977011e-09
15,57.0,510.0,3.15170819912e-09
15,57.0,520.0,2.54095240317e-09
15,57.0,530.0,1.88024725976e-09
15,57.0,540.0,1.60954502878e-09
15,57.0,550.0,1.31097003734e-09
15,57.0,560.0,1.00103843873e-09
15,57.0,570.0,7.55344934287e-10
15,57.0,580.0,7.02015787963e-10
15,57.0,590.0,6.60512610868e-10
15,57.0,600.0,4.91990085908e-10
15,57.0,610.0,4.94680423029e-10
15,57.0,620.0,5.4286655923e-10
15,57.0,630.0,5.72253780055e-10
15,57.0,640.0,6.2158670544e-10
15,57.0,650.0,6.55519446287e-10
15,57.0,660.0,6.55370919068e-10
15,57.0,670.0,7.06134073537e-10
15,57.0,680.0,7.13953361561e-10
15,57.0,690.0,7.04988546673e-10
15,57.0,700.0,6.94144116754e-10
15,57.0,710.0,6.63884485991e-10
15,57.0,720.0,6.19600783531e-10
15,57.0,730.0,5.95870963283e-10
15,57.0,740.0,5.47278730513e-10
15,57.0,750.0,5.03320283367e-10
15,57.0,760.0,4.83657047035e-10
15,57.0,770.0,4.41402041049e-10
15,57.0,780.0,3.96518332402e-10
15,58.0,380.0,6.09215486396e-09
15,58.0,390.0,5.59834694497e-09
15,58.0,400.0,7.57730119287e-09
15,58.0,410.0,8.38483601725e-09
15,58.0,420.0,7.98485617689e-09
15,58.0,430.0,6.81944839852e-09
15,58.0,440.0,7.28465818417e-09
15,58.0,450.0,7.32752193331e-09
15,58.0,460.0,6.65128370231e-09
15,58.0,470.0,6.0724828294e-09
15,58.0,480.0,5.19578868034e-09
15,58.0,490.0,4.43306829694e-09
15,58.0,500.0,3.70792212287e-09
15,58.0,510.0,3.09953353701e-09
15,58.0,520.0,2.49850187732e-09
15,58.0,530.0,1.84850073808e-09
15,58.0,540.0,1.58216085277e-09
15,58.0,550.0,1.28849227301e-09
15,58.0,560.0,9.83740727182e-10
15,58.0,570.0,7.4219057951e-10
15,58.0,580.0,6.89730930644e-10
15,58.0,590.0,6.48902432479e-10
15,58.0,600.0,4.83277239769e-10
15,58.0,610.0,4.85892279026e-10
15,58.0,620.0,5.33202071489e-10
15,58.0,630.0,5.62038064766e-10
15,58.0,640.0,6.1046314993e-10
15,58.0,650.0,6.43757133363e-10
15,58.0,660.0,6.43576840463e-10
15,58.0,670.0,6.93390833905e-10
15,58.0,680.0,7.01031149985e-10
15,58.0,690.0,6.92190084936e-10
15,58.0,700.0,6.81505749878e-10
15,58.0,710.0,6.51760697475e-10
15,58.0,720.0,6.08252258332e-10
15,58.0,730.0,5.84926389136e-10
15,58.0,740.0,5.37198275742e-10
15,58.0,750.0,4.94023798765e-10
15,58.0,760.0,4.74700930075e-10
15,58.0,770.0,4.33207432133e-10
15,58.0,780.0,3.89138354833e-10
15,59.0,380.0,6.0158270837e-09
15,59.0,390.0,5.52515890153e-09
15,59.0,400.0,7.47460462141e-09
15,59.0,410.0,8.26763257177e-09
15,59.0,420.0,7.87024309309e-09
15,59.0,430.0,6.71927675645e-09
15,59.0,440.0,7.17544842537e-09
15,59.0,450.0,7.21569152406e-09
15,59.0,460.0,6.54809609027e-09
15,59.0,470.0,5.97694750096e-09
15,59.0,480.0,5.1129056103e-09
15,59.0,490.0,4.36154655094e-09
15,59.0,500.0,3.64739961529e-09
15,59.0,510.0,3.04840794332e-09
15,59.0,520.0,2.45690040876e-09
15,59.0,530.0,1.81738364142e-09
15,59.0,540.0,1.55531402572e-09
15,59.0,550.0,1.26644992707e-09
15,59.0,560.0,9.66773020716e-10
15,59.0,570.0,7.2928285967e-10
15,59.0,580.0,6.77672341496e-10
15,59.0,590.0,6.37502468321e-10
15,59.0,600.0,4.74719178811e-10
15,59.0,610.0,4.77257326121e-10
15,59.0,620.0,5.23702844475e-10
15,59.0,630.0,5.51993550413e-10
15,59.0,640.0,5.9952226635e-10
15,59.0,650.0,6.32183992019e-10
15,59.0,660.0,6.31968387948e-10
15,59.0,670.0,6.80843855411e-10
15,59.0,680.0,6.88303528746e-10
15,59.0,690.0,6.79579881232e-10
15,59.0,700.0,6.69048936351e-10
15,59.0,710.0,6.39806726493e-10
15,59.0,720.0,5.97058584716e-10
15,59.0,730.0,5.74127293767e-10
15,59.0,740.0,5.27248115778e-10
15,59.0,750.0,4.84843999233e-10
15,59.0,760.0,4.65854133617e-10
15,59.0,770.0,4.25109873406e-10
15,59.0,780.0,3.81842997189e-10
15,60.0,380.0,5.94035300844e-09
15,60.0,390.0,5.45290043547e-09
15,60.0,400.0,7.37333983647e-09
15,60.0,410.0,8.15218196169e-09
15,60.0,420.0,7.75743860356e-09
15,60.0,430.0,6.62075215451e-09
15,60.0,440.0,7.06809122118e-09
15,60.0,450.0,7.10580298032e-09
15,60.0,460.0,6.44673016915e-09
15,60.0,470.0,5.88311794358e-09
15,60.0,480.0,5.03151126715e-09
15,60.0,490.0,4.29131237169e-09
15,60.0,500.0,3.58796437693e-09
15,60.0,510.0,2.99819578749e-09
15,60.0,520.0,2.41603586189e-09
15,60.0,530.0,1.78681096211e-09
15,60.0,540.0,1.52893015957e-09
15,60.0,550.0,1.24478112842e-09
15,60.0,560.0,9.50087121935e-10
15,60.0,570.0,7.1658470476e-10
15,60.0,580.0,6.65804967714e-10
15,60.0,590.0,6.2627920547e-10
15,60.0,600.0,4.66290529327e-10
15,60.0,610.0,4.68749687956e-10
15,60.0,620.0,5.14340108048e-10
15,60.0,630.0,5.42089522796e-10
15,60.0,640.0,5.88730292483e-10
15,60.0,650.0,6.20764004847e-10
15,60.0,660.0,6.20509147248e-10
15,60.0,670.0,6.68453482549e-10
15,60.0,680.0,6.75729985036e-10
15,60.0,690.0,6.67117525241e-10
15,60.0,700.0,6.56733499396e-10
15,60.0,710.0,6.27983779725e-10
15,60.0,720.0,5.85983220666e-10
15,60.0,730.0,5.63438221519e-10
15,60.0,740.0,5.17395401439e-10
15,60.0,750.0,4.75750416428e-10
15,60.0,760.0,4.57087143574e-10
15,60.0,770.0,4.17082215147e-10
15,60.0,780.0,3.74607680207e-10
15,90.0,380.0,4.28997618363e-09
15,90.0,390.0,3.8962280544e-09
15,90.0,400.0,5.21856737525e-09
15,90.0,410.0,5.72045496967e-09
15,90.0,420.0,5.40125845065e-09
15,90.0,430.0,4.57668027455e-09
15,90.0,440.0,4.8524788155e-09
15,90.0,450.0,4.8471964103e-09
15,90.0,460.0,4.36906584579e-09
15,90.0,470.0,3.96385256153e-09
15,90.0,480.0,3.36776672224e-09
15,90.0,490.0,2.85623041281e-09
15,90.0,500.0,2.37253705022e-09
15,90.0,510.0,1.96996312906e-09
15,90.0,520.0,1.57767100061e-09
15,90.0,530.0,1.15764032318e-09
15,90.0,540.0,9.844442675e-10
15,90.0,550.0,7.96064776224e-10
15,90.0,560.0,6.03188930265e-10
15,90.0,570.0,4.51433635398e-10
15,90.0,580.0,4.1706297518e-10
15,90.0,590.0,3.9019412713e-10
15,90.0,600.0,2.88179780655e-10
15,90.0,610.0,2.88319473885e-10
15,90.0,620.0,3.15096891992e-10
15,90.0,630.0,3.30552834741e-10
15,90.0,640.0,3.57402131743e-10
15,90.0,650.0,3.75074236551e-10
15,90.0,660.0,3.73041930213e-10
15,90.0,670.0,3.99887499671e-10
15,90.0,680.0,4.02162740464e-10
15,90.0,690.0,3.94921220556e-10
15,90.0,700.0,3.86725863309e-10
15,90.0,710.0,3.67750273782e-10
15,90.0,720.0,3.41237920683e-10
15,90.0,730.0,3.26322725745e-10
15,90.0,740.0,2.97965394409e-10
15,90.0,750.0,2.72413814729e-10
15,90.0,760.0,2.6033141831e-10
15,90.0,770.0,2.36226733658e-10
15,90.0,780.0,2.10958118725e-10
18,0.0,380.0,1.63704004507e-10
18,0.0,390.0,1.58906121577e-10
18,0.0,400.0,2.28431157891e-10
18,0.0,410.0,2.70049371224e-10
18,0.0,420.0,2.76561415478e-10
18,0.0,430.0,2.55557077274e-10
18,0.0,440.0,2.96859364454e-10
18,0.0,450.0,3.2656251853e-10
18,0.0,460.0,3.24655558478e-10
18,0.0,470.0,3.2658909169e-10
18,0.0,480.0,3.06562154693e-10
18,0.0,490.0,2.89057112493e-10
18,0.0,500.0,2.65310779286e-10
18,0.0,510.0,2.43497237964e-10
18,0.0,520.0,2.15642368214e-10
18,0.0,530.0,1.72762113788e-10
18,0.0,540.0,1.62073740312e-10
18,0.0,550.0,1.43888337267e-10
18,0.0,560.0,1.19184842014e-10
18,0.0,570.0,9.71424513909e-11
18,0.0,580.0,9.81650087145e-11
18,0.0,590.0,1.00089945962e-10
18,0.0,600.0,7.90740670478e-11
18,0.0,610.0,8.69789105696e-11
18,0.0,620.0,1.05577914609e-10
18,0.0,630.0,1.22787735417e-10
18,0.0,640.0,1.48002262007e-10
18,0.0,650.0,1.73359592144e-10
18,0.0,660.0,1.92690123205e-10
18,0.0,670.0,2.31765491248e-10
18,0.0,680.0,2.61904181666e-10
18,0.0,690.0,2.89394795578e-10
18,0.0,700.0,3.19836053896e-10
18,0.0,710.0,3.4328438473e-10
18,0.0,720.0,3.5999309399e-10
18,0.0,730.0,3.89968897079e-10
18,0.0,740.0,4.03031939069e-10
18,0.0,750.0,4.16878409977e-10
18,0.0,760.0,4.52115801007e-10
18,0.0,770.0,4.64422784404e-10
18,0.0,780.0,4.68296179408e-10
18,1.0,380.0,1.14635280787e-10
18,1.0,390.0,1.12194288792e-10
18,1.0,400.0,1.62913145817e-10
18,1.0,410.0,1.94995522735e-10
18,1.0,420.0,2.02819483195e-10
18,1.0,430.0,1.91087486442e-10
18,1.0,440.0,2.27392516975e-10
18,1.0,450.0,2.57778923278e-10
18,1.0,460.0,2.65674126228e-10
18,1.0,470.0,2.79142355819e-10
18,1.0,480.0,2.75120667705e-10
18,1.0,490.0,2.74551089463e-10
18,1.0,500.0,2.67546564163e-10
18,1.0,510.0,2.61794067237e-10
18,1.0,520.0,2.4799784377e-10
18,1.0,530.0,2.11295549568e-10
18,1.0,540.0,2.12187230961e-10
18,1.0,550.0,2.00822138126e-10
18,1.0,560.0,1.76313205069e-10
18,1.0,570.0,1.51206125579e-10
18,1.0,580.0,1.63897207973e-10
18,1.0,590.0,1.80382093997e-10
18,1.0,600.0,1.49511716521e-10
18,1.0,610.0,1.77450493456e-10
18,1.0,620.0,2.33573384558e-10
18,1.0,630.0,2.91140714473e-10
18,1.0,640.0,3.74786838824e-10
18,1.0,650.0,4.64287123977e-10
18,1.0,660.0,5.40186385091e-10
18,1.0,670.0,6.75667571464e-10
18,1.0,680.0,7.86463473006e-10
18,1.0,690.0,8.87133802035e-10
18,1.0,700.0,9.94737583003e-10
18,1.0,710.0,1.07374191454e-09
18,1.0,720.0,1.12537946807e-09
18,1.0,730.0,1.21368770312e-09
18,1.0,740.0,1.24070797953e-09
18,1.0,750.0,1.26322525148e-09
18,1.0,760.0,1.34860718177e-09
18,1.0,770.0,1.35657211607e-09
18,1.0,780.0,1.33384443324e-09
18,2.0,380.0,1.19439755105e-10
18,2.0,390.0,1.18925992199e-10
18,2.0,400.0,1.77025882372e-10
18,2.0,410.0,2.19362982569e-10
18,2.0,420.0,2.38791443609e-10
18,2.0,430.0,2.37773376735e-10
18,2.0,440.0,3.01025615798e-10
18,2.0,450.0,3.63802767035e-10
18,2.0,460.0,3.98547401664e-10
18,2.0,470.0,4.41887643445e-10
18,2.0,480.0,4.54907341835e-10
18,2.0,490.0,4.68460799043e-10
18,2.0,500.0,4.65358422122e-10
18,2.0,510.0,4.58676979335e-10
18,2.0,520.0,4.32843948926e-10
18,2.0,530.0,3.64982998732e-10
18,2.0,540.0,3.58904608875e-10
18,2.0,550.0,3.30938295497e-10
18,2.0,560.0,2.82206487915e-10
18,2.0,570.0,2.34810046209e-10
18,2.0,580.0,2.44316059908e-10
18,2.0,590.0,2.56847349455e-10
18,2.0,600.0,2.06104243685e-10
18,2.0,610.0,2.31006506931e-10
18,2.0,620.0,2.84520289543e-10
18,2.0,630.0,3.3270210572e-10
18,2.0,640.0,4.00725710206e-10
18,2.0,650.0,4.65359531253e-10
18,2.0,660.0,5.08823706662e-10
18,2.0,670.0,5.98331558657e-10
18,2.0,680.0,6.56386158841e-10
18,2.0,690.0,6.99462617302e-10
18,2.0,700.0,7.41765684338e-10
18,2.0,710.0,7.5936998708e-10
18,2.0,720.0,7.56157267489e-10
18,2.0,730.0,7.75468962636e-10
18,2.0,740.0,7.55743571787e-10
18,2.0,750.0,7.35066448998e-10
18,2.0,760.0,7.4940725203e-10
18,2.0,770.0,7.21916062992e-10
18,2.0,780.0,6.81597922357e-10
18,3.0,380.0,1.35226741019e-10
18,3.0,390.0,1.40581186558e-10
18,3.0,400.0,2.2090248127e-10
18,3.0,410.0,2.90744508373e-10
18,3.0,420.0,3.35828452186e-10
18,3.0,430.0,3.52010320537e-10
18,3.0,440.0,4.63209675534e-10
18,3.0,450.0,5.73423754069e-10
18,3.0,460.0,6.3467009692e-10
18,3.0,470.0,7.02353335497e-10
18,3.0,480.0,7.15358392983e-10
18,3.0,490.0,7.23429989912e-10
18,3.0,500.0,7.02792562773e-10
18,3.0,510.0,6.75254127679e-10
18,3.0,520.0,6.198760083e-10
18,3.0,530.0,5.08634882177e-10
18,3.0,540.0,4.8581378671e-10
18,3.0,550.0,4.3530042359e-10
18,3.0,560.0,3.6096942175e-10
18,3.0,570.0,2.92333492391e-10
18,3.0,580.0,2.95779903945e-10
18,3.0,590.0,3.02613995479e-10
18,3.0,600.0,2.37092637683e-10
18,3.0,610.0,2.58453553007e-10
18,3.0,620.0,3.093433856e-10
18,3.0,630.0,3.51881048355e-10
18,3.0,640.0,4.12327496315e-10
18,3.0,650.0,4.66133903299e-10
18,3.0,660.0,4.96403897058e-10
18,3.0,670.0,5.68712063252e-10
18,3.0,680.0,6.08071049754e-10
18,3.0,690.0,6.31696482123e-10
18,3.0,700.0,6.53220910689e-10
18,3.0,710.0,6.5208640719e-10
18,3.0,720.0,6.33184524422e-10
18,3.0,730.0,6.33335213021e-10
18,3.0,740.0,6.01852265672e-10
18,3.0,750.0,5.7067936286e-10
18,3.0,760.0,5.67570127768e-10
18,3.0,770.0,5.33090154869e-10
18,3.0,780.0,4.90452369045e-10
18,4.0,380.0,1.78455587335e-10
18,4.0,390.0,1.93289180641e-10
18,4.0,400.0,3.14523723715e-10
18,4.0,410.0,4.2378925511e-10
18,4.0,420.0,4.94190488469e-10
18,4.0,430.0,5.16078469386e-10
18,4.0,440.0,6.69376917481e-10
18,4.0,450.0,8.10439206028e-10
18,4.0,460.0,8.73208900512e-10
18,4.0,470.0,9.37926745991e-10
18,4.0,480.0,9.26752062761e-10
18,4.0,490.0,9.08642463075e-10
18,4.0,500.0,8.56993424785e-10
18,4.0,510.0,8.00244375002e-10
18,4.0,520.0,7.14802675694e-10
18,4.0,530.0,5.7228342267e-10
18,4.0,540.0,5.33425847115e-10
18,4.0,550.0,4.67322876012e-10
18,4.0,560.0,3.7958390843e-10
18,4.0,570.0,3.01629002732e-10
18,4.0,580.0,2.99351959282e-10
18,4.0,590.0,3.0075635232e-10
18,4.0,600.0,2.32159687477e-10
18,4.0,610.0,2.4887218408e-10
18,4.0,620.0,2.93011509558e-10
18,4.0,630.0,3.28338885536e-10
18,4.0,640.0,3.7925896045e-10
18,4.0,650.0,4.23052589066e-10
18,4.0,660.0,4.44933093345e-10
18,4.0,670.0,5.03705606197e-10
18,4.0,680.0,5.32583343175e-10
18,4.0,690.0,5.47511744552e-10
18,4.0,700.0,5.60526203065e-10
18,4.0,710.0,5.54376623214e-10
18,4.0,720.0,5.33603146549e-10
18,4.0,730.0,5.29223967393e-10
18,4.0,740.0,4.98982149269e-10
18,4.0,750.0,4.69671978272e-10
18,4.0,760.0,4.63659523307e-10
18,4.0,770.0,4.32547111657e-10
18,4.0,780.0,3.95492826907e-10
18,5.0,380.0,2.19363557955e-10
18,5.0,390.0,2.43208856584e-10
18,5.0,400.0,4.00426137522e-10
18,5.0,410.0,5.39471823282e-10
18,5.0,420.0,6.22721831644e-10
18,5.0,430.0,6.3902570226e-10
18,5.0,440.0,8.10701403181e-10
18,5.0,450.0,9.5751184618e-10
18,5.0,460.0,1.00560435823e-09
18,5.0,470.0,1.05256718566e-09
18,5.0,480.0,1.01473031153e-09
18,5.0,490.0,9.7113712311e-10
18,5.0,500.0,8.95766765279e-10
18,5.0,510.0,8.19073959955e-10
18,5.0,520.0,7.17300377628e-10
18,5.0,530.0,5.64450207898e-10
18,5.0,540.0,5.17145357213e-10
18,5.0,550.0,4.46032622595e-10
18,5.0,560.0,3.57189783412e-10
18,5.0,570.0,2.80213946558e-10
18,5.0,580.0,2.74395840145e-10
18,5.0,590.0,2.72188771914e-10
18,5.0,600.0,2.0801110083e-10
18,5.0,610.0,2.20366030068e-10
18,5.0,620.0,2.56426429731e-10
18,5.0,630.0,2.84313888358e-10
18,5.0,640.0,3.25079696323e-10
18,5.0,650.0,3.59201300084e-10
18,5.0,660.0,3.74468993681e-10
18,5.0,670.0,4.20376181302e-10
18,5.0,680.0,4.40991617939e-10
18,5.0,690.0,4.50032268587e-10
18,5.0,700.0,4.57494320973e-10
18,5.0,710.0,4.4954868026e-10
18,5.0,720.0,4.30064642671e-10
18,5.0,730.0,4.24009998464e-10
18,5.0,740.0,3.97604500407e-10
18,5.0,750.0,3.72349558973e-10
18,5.0,760.0,3.65670963061e-10
18,5.0,770.0,3.39526711499e-10
18,5.0,780.0,3.09116330876e-10
18,6.0,380.0,2.68085583062e-10
18,6.0,390.0,2.97665669081e-10
18,6.0,400.0,4.86213775209e-10
18,6.0,410.0,6.45229488077e-10
18,6.0,420.0,7.30140376085e-10
18,6.0,430.0,7.32587294505e-10
18,6.0,440.0,9.07813700404e-10
18,6.0,450.0,1.04723822441e-09
18,6.0,460.0,1.07518785027e-09
18,6.0,470.0,1.10106735852e-09
18,6.0,480.0,1.04039959222e-09
18,6.0,490.0,9.76679907578e-10
18,6.0,500.0,8.85377329439e-10
18,6.0,510.0,7.96613547001e-10
18,6.0,520.0,6.87216830624e-10
18,6.0,530.0,5.3386528395e-10
18,6.0,540.0,4.82860341291e-10
18,6.0,550.0,4.11665995938e-10
18,6.0,560.0,3.26252816596e-10
18,6.0,570.0,2.53561133243e-10
18,6.0,580.0,2.45832783123e-10
18,6.0,590.0,2.41542539392e-10
18,6.0,600.0,1.83255782186e-10
18,6.0,610.0,1.92434124692e-10
18,6.0,620.0,2.2195956535e-10
18,6.0,630.0,2.44155354453e-10
18,6.0,640.0,2.77037373475e-10
18,6.0,650.0,3.03953033194e-10
18,6.0,660.0,3.14796754493e-10
18,6.0,670.0,3.51166888485e-10
18,6.0,680.0,3.6623097635e-10
18,6.0,690.0,3.71701493755e-10
18,6.0,700.0,3.75887268317e-10
18,6.0,710.0,3.67589881006e-10
18,6.0,720.0,3.50073059815e-10
18,6.0,730.0,3.43629631667e-10
18,6.0,740.0,3.20937882939e-10
18,6.0,750.0,2.99433310775e-10
18,6.0,760.0,2.92926903932e-10
18,6.0,770.0,2.71040751091e-10
18,6.0,780.0,2.45997075538e-10
18,7.0,380.0,3.12056166863e-10
18,7.0,390.0,3.43423581042e-10
18,7.0,400.0,5.52996274871e-10
18,7.0,410.0,7.20979181848e-10
18,7.0,420.0,8.00115678795e-10
18,7.0,430.0,7.86883303722e-10
18,7.0,440.0,9.56057467248e-10
18,7.0,450.0,1.08213036349e-09
18,7.0,460.0,1.09138223208e-09
18,7.0,470.0,1.09901712829e-09
18,7.0,480.0,1.02270098345e-09
18,7.0,490.0,9.46292883457e-10
18,7.0,500.0,8.46777922676e-10
18,7.0,510.0,7.52823887131e-10
18,7.0,520.0,6.42298070379e-10
18,7.0,530.0,4.94228305637e-10
18,7.0,540.0,4.42851256659e-10
18,7.0,550.0,3.74395710072e-10
18,7.0,560.0,2.94480027475e-10
18,7.0,570.0,2.27316664175e-10
18,7.0,580.0,2.18845760247e-10
18,7.0,590.0,2.13593755434e-10
18,7.0,600.0,1.61191599136e-10
18,7.0,610.0,1.68237171029e-10
18,7.0,620.0,1.92894780973e-10
18,7.0,630.0,2.11043624802e-10
18,7.0,640.0,2.38235731199e-10
18,7.0,650.0,2.60134354926e-10
18,7.0,660.0,2.68219578191e-10
18,7.0,670.0,2.97939384014e-10
18,7.0,680.0,3.09489653335e-10
18,7.0,690.0,3.12952150034e-10
18,7.0,700.0,3.15356431265e-10
18,7.0,710.0,3.07392854966e-10
18,7.0,720.0,2.9184956766e-10
18,7.0,730.0,2.85627833145e-10
18,7.0,740.0,2.66041811484e-10
18,7.0,750.0,2.47589595083e-10
18,7.0,760.0,2.41580695506e-10
18,7.0,770.0,2.23008895618e-10
18,7.0,780.0,2.01979085796e-10
18,8.0,380.0,3.50413158168e-10
18,8.0,390.0,3.8052385483e-10
18,8.0,400.0,6.02969588418e-10
18,8.0,410.0,7.72576263289e-10
18,8.0,420.0,8.42313374219e-10
18,8.0,430.0,8.14117123464e-10
18,8.0,440.0,9.72856700521e-10
18,8.0,450.0,1.08405616642e-09
18,8.0,460.0,1.07754755047e-09
18,8.0,470.0,1.07058077256e-09
18,8.0,480.0,9.84009204129e-10
18,8.0,490.0,9.00177170163e-10
18,8.0,500.0,7.97177318995e-10
18,8.0,510.0,7.01994754922e-10
18,8.0,520.0,5.93705861856e-10
18,8.0,530.0,4.53230879227e-10
18,8.0,540.0,4.03138711414e-10
18,8.0,550.0,3.38536708975e-10
18,8.0,560.0,2.64643364707e-10
18,8.0,570.0,2.03141383278e-10
18,8.0,580.0,1.94529958851e-10
18,8.0,590.0,1.88911063222e-10
18,8.0,600.0,1.41923705682e-10
18,8.0,610.0,1.47473756254e-10
18,8.0,620.0,1.68385198682e-10
18,8.0,630.0,1.83520958543e-10
18,8.0,640.0,2.06419599488e-10
18,8.0,650.0,2.24630714242e-10
18,8.0,660.0,2.30871165024e-10
18,8.0,670.0,2.55673684045e-10
18,8.0,680.0,2.64820778201e-10
18,8.0,690.0,2.67052889647e-10
18,8.0,700.0,2.68403148408e-10
18,8.0,710.0,2.60982147519e-10
18,8.0,720.0,2.4720709794e-10
18,8.0,730.0,2.41393855175e-10
18,8.0,740.0,2.24366331577e-10
18,8.0,750.0,2.08388180436e-10
18,8.0,760.0,2.02929377524e-10
18,8.0,770.0,1.86984403014e-10
18,8.0,780.0,1.69062399716e-10
18,9.0,380.0,3.82123573759e-10
18,9.0,390.0,4.09098036633e-10
18,9.0,400.0,6.38329184885e-10
18,9.0,410.0,8.05131099766e-10
18,9.0,420.0,8.64388272107e-10
18,9.0,430.0,8.23232958765e-10
18,9.0,440.0,9.70192444644e-10
18,9.0,450.0,1.06722965694e-09
18,9.0,460.0,1.0481925514e-09
18,9.0,470.0,1.03010032263e-09
18,9.0,480.0,9.37202635262e-10
18,9.0,490.0,8.49528757886e-10
18,9.0,500.0,7.4589894627e-10
18,9.0,510.0,6.51710361232e-10
18,9.0,520.0,5.47249396252e-10
18,9.0,530.0,4.14913041865e-10
18,9.0,540.0,3.66851580984e-10
18,9.0,550.0,3.06343999026e-10
18,9.0,560.0,2.38229759864e-10
18,9.0,570.0,1.81977703531e-10
18,9.0,580.0,1.73536920169e-10
18,9.0,590.0,1.67875993832e-10
18,9.0,600.0,1.25615022954e-10
18,9.0,610.0,1.30105102597e-10
18,9.0,620.0,1.48125519992e-10
18,9.0,630.0,1.60992593982e-10
18,9.0,640.0,1.80617877037e-10
18,9.0,650.0,1.96072092654e-10
18,9.0,660.0,2.0104103734e-10
18,9.0,670.0,2.22141280897e-10
18,9.0,680.0,2.29590664364e-10
18,9.0,690.0,2.31040977674e-10
18,9.0,700.0,2.31745916619e-10
18,9.0,710.0,2.2490073351e-10
18,9.0,720.0,2.12632689239e-10
18,9.0,730.0,2.07263943896e-10
18,9.0,740.0,1.92312376986e-10
18,9.0,750.0,1.78321101764e-10
18,9.0,760.0,1.73378040832e-10
18,9.0,770.0,1.59512387126e-10
18,9.0,780.0,1.44012455047e-10
18,10.0,380.0,4.07509032716e-10
18,10.0,390.0,4.30355482771e-10
18,10.0,400.0,6.62140004694e-10
18,10.0,410.0,8.23689091635e-10
18,10.0,420.0,8.72659049181e-10
18,10.0,430.0,8.20777056598e-10
18,10.0,440.0,9.5606249909e-10
18,10.0,450.0,1.04041520467e-09
18,10.0,460.0,1.01167611713e-09
18,10.0,470.0,9.8527097096e-10
18,10.0,480.0,8.88788796263e-10
18,10.0,490.0,7.99582002494e-10
18,10.0,500.0,6.97007423497e-10
18,10.0,510.0,6.0500948719e-10
18,10.0,520.0,5.05014150299e-10
18,10.0,530.0,3.80607887983e-10
18,10.0,540.0,3.34843351472e-10
18,10.0,550.0,2.78287717779e-10
18,10.0,560.0,2.15436154392e-10
18,10.0,570.0,1.63861583753e-10
18,10.0,580.0,1.55735591427e-10
18,10.0,590.0,1.50196154905e-10
18,10.0,600.0,1.11980314799e-10
18,10.0,610.0,1.15699792454e-10
18,10.0,620.0,1.31454635222e-10
18,10.0,630.0,1.4257661912e-10
18,10.0,640.0,1.59655625876e-10
18,10.0,650.0,1.72995904277e-10
18,10.0,660.0,1.77053495398e-10
18,10.0,670.0,1.95298228042e-10
18,10.0,680.0,2.01503076121e-10
18,10.0,690.0,2.02435312033e-10
18,10.0,700.0,2.02728462451e-10
18,10.0,710.0,1.96426551346e-10
18,10.0,720.0,1.85424745448e-10
18,10.0,730.0,1.80479173454e-10
18,10.0,740.0,1.67217446426e-10
18,10.0,750.0,1.54832970287e-10
18,10.0,760.0,1.5034643937e-10
18,10.0,770.0,1.38144057291e-10
18,10.0,780.0,1.24561218833e-10
18,11.0,380.0,4.27252617023e-10
18,11.0,390.0,4.45543433826e-10
18,11.0,400.0,6.76951596272e-10
18,11.0,410.0,8.31962310278e-10
18,11.0,420.0,8.71376064949e-10
18,11.0,430.0,8.10835757006e-10
18,11.0,440.0,9.35129211349e-10
18,11.0,450.0,1.00838544778e-09
18,11.0,460.0,9.72239316341e-10
18,11.0,470.0,9.39686114407e-10
18,11.0,480.0,8.41533681158e-10
18,11.0,490.0,7.52284327558e-10
18,11.0,500.0,6.51771319634e-10
18,11.0,510.0,5.62601147806e-10
18,11.0,520.0,4.67251248611e-10
18,11.0,530.0,3.50312317505e-10
18,11.0,540.0,3.06888057494e-10
18,11.0,550.0,2.54013304588e-10
18,11.0,560.0,1.95872013698e-10
18,11.0,570.0,1.48417272185e-10
18,11.0,580.0,1.40664438635e-10
18,11.0,590.0,1.35323616478e-10
18,11.0,600.0,1.00565087479e-10
18,11.0,610.0,1.03706622154e-10
18,11.0,620.0,1.17648346007e-10
18,11.0,630.0,1.27394038132e-10
18,11.0,640.0,1.42445241972e-10
18,11.0,650.0,1.54120180129e-10
18,11.0,660.0,1.57498780322e-10
18,11.0,670.0,1.73484408441e-10
18,11.0,680.0,1.78744127557e-10
18,11.0,690.0,1.79318981296e-10
18,11.0,700.0,1.79338787113e-10
18,11.0,710.0,1.73528603701e-10
18,11.0,720.0,1.63593074605e-10
18,11.0,730.0,1.59032005374e-10
18,11.0,740.0,1.47162139656e-10
18,11.0,750.0,1.36095399366e-10
18,11.0,760.0,1.32005844369e-10
18,11.0,770.0,1.21155538119e-10
18,11.0,780.0,1.09119438611e-10
18,12.0,380.0,4.42423931478e-10
18,12.0,390.0,4.56092826013e-10
18,12.0,400.0,6.85265041397e-10
18,12.0,410.0,8.33244828042e-10
18,12.0,420.0,8.64044691859e-10
18,12.0,430.0,7.96588607311e-10
18,12.0,440.0,9.10845862378e-10
18,12.0,450.0,9.74519366907e-10
18,12.0,460.0,9.32758960979e-10
18,12.0,470.0,8.95669653901e-10
18,12.0,480.0,7.97132532334e-10
18,12.0,490.0,7.08737517847e-10
18,12.0,500.0,6.10822420627e-10
18,12.0,510.0,5.24741985495e-10
18,12.0,520.0,4.33928332773e-10
18,12.0,530.0,3.23860614893e-10
18,12.0,540.0,2.82685173038e-10
18,12.0,550.0,2.33156081848e-10
18,12.0,560.0,1.7917570774e-10
18,12.0,570.0,1.35316614577e-10
18,12.0,580.0,1.27943127173e-10
18,12.0,590.0,1.22825074234e-10
18,12.0,600.0,9.10160876938e-11
18,12.0,610.0,9.37087574888e-11
18,12.0,620.0,1.06172359825e-10
18,12.0,630.0,1.1480823359e-10
18,12.0,640.0,1.28212147063e-10
18,12.0,650.0,1.38544484052e-10
18,12.0,660.0,1.41397729718e-10
18,12.0,670.0,1.55558715038e-10
18,12.0,680.0,1.60077713332e-10
18,12.0,690.0,1.60394894183e-10
18,12.0,700.0,1.60224447508e-10
18,12.0,710.0,1.5484851303e-10
18,12.0,720.0,1.45812319667e-10
18,12.0,730.0,1.41591324304e-10
18,12.0,740.0,1.30877888357e-10
18,12.0,750.0,1.20903103365e-10
18,12.0,760.0,1.17154970625e-10
18,12.0,770.0,1.07417196904e-10
18,12.0,780.0,9.66474164244e-11
18,13.0,380.0,4.5332288403e-10
18,13.0,390.0,4.62476920081e-10
18,13.0,400.0,6.87935689908e-10
18,13.0,410.0,8.28635457105e-10
18,13.0,420.0,8.51758216644e-10
18,13.0,430.0,7.78919938617e-10
18,13.0,440.0,8.84009766369e-10
18,13.0,450.0,9.39379785667e-10
18,13.0,460.0,8.93456029913e-10
18,13.0,470.0,8.5309985152e-10
18,13.0,480.0,7.55162840667e-10
18,13.0,490.0,6.68280506575e-10
18,13.0,500.0,5.7334042443e-10
18,13.0,510.0,4.90511528832e-10
18,13.0,520.0,4.04108533721e-10
18,13.0,530.0,3.00421815354e-10
18,13.0,540.0,2.61401844245e-10
18,13.0,550.0,2.14942356367e-10
18,13.0,560.0,1.64688103463e-10
18,13.0,570.0,1.24015015848e-10
18,13.0,580.0,1.17016234483e-10
18,13.0,590.0,1.12130086637e-10
18,13.0,600.0,8.28817307099e-11
18,13.0,610.0,8.52160481929e-11
18,13.0,620.0,9.64459832693e-11
18,13.0,630.0,1.04165186241e-10
18,13.0,640.0,1.16199532825e-10
18,13.0,650.0,1.25423587979e-10
18,13.0,660.0,1.27859962096e-10
18,13.0,670.0,1.40512894403e-10
18,13.0,680.0,1.44437052941e-10
18,13.0,690.0,1.44565161704e-10
18,13.0,700.0,1.44260919118e-10
18,13.0,710.0,1.39272556345e-10
18,13.0,720.0,1.31009035546e-10
18,13.0,730.0,1.27091843927e-10
18,13.0,740.0,1.17359029428e-10
18,13.0,750.0,1.08308165883e-10
18,13.0,760.0,1.0485809612e-10
18,13.0,770.0,9.60555159824e-11
18,13.0,780.0,8.63455734476e-11
18,14.0,380.0,4.60899206097e-10
18,14.0,390.0,4.65776835952e-10
18,14.0,400.0,6.86649863464e-10
18,14.0,410.0,8.20166186461e-10
18,14.0,420.0,8.36524041881e-10
18,14.0,430.0,7.59533336507e-10
18,14.0,440.0,8.56356859765e-10
18,14.0,450.0,9.04558732033e-10
18,14.0,460.0,8.55587154887e-10
18,14.0,470.0,8.12904547966e-10
18,14.0,480.0,7.16211743313e-10
18,14.0,490.0,6.31209276802e-10
18,14.0,500.0,5.39399158164e-10
18,14.0,510.0,4.59818349258e-10
18,14.0,520.0,3.77589988773e-10
18,14.0,530.0,2.79764016434e-10
18,14.0,540.0,2.42759177809e-10
18,14.0,550.0,1.99083878576e-10
18,14.0,560.0,1.5214667662e-10
18,14.0,570.0,1.14286167228e-10
18,14.0,580.0,1.07639087703e-10
18,14.0,590.0,1.0297480208e-10
18,14.0,600.0,7.59504461617e-11
18,14.0,610.0,7.79893900196e-11
18,14.0,620.0,8.81746327513e-11
18,14.0,630.0,9.51237999595e-11
18,14.0,640.0,1.06002894027e-10
18,14.0,650.0,1.14296907516e-10
18,14.0,660.0,1.16392821095e-10
18,14.0,670.0,1.27781442717e-10
18,14.0,680.0,1.31217174001e-10
18,14.0,690.0,1.31201488545e-10
18,14.0,700.0,1.30799351734e-10
18,14.0,710.0,1.26153871292e-10
18,14.0,720.0,1.18556143334e-10
18,14.0,730.0,1.14907796981e-10
18,14.0,740.0,1.06012113419e-10
18,14.0,750.0,9.77489718785e-11
18,14.0,760.0,9.45583879391e-11
18,14.0,770.0,8.65487947649e-11
18,14.0,780.0,7.77348923048e-11
18,15.0,380.0,4.6540644714e-10
18,15.0,390.0,4.66304416711e-10
18,15.0,400.0,6.81890677825e-10
18,15.0,410.0,8.0838056722e-10
18,15.0,420.0,8.18811699838e-10
18,15.0,430.0,7.38740430115e-10
18,15.0,440.0,8.28074638022e-10
18,15.0,450.0,8.70059605423e-10
18,15.0,460.0,8.1894497455e-10
18,15.0,470.0,7.74691590313e-10
18,15.0,480.0,6.79733020337e-10
18,15.0,490.0,5.96887464523e-10
18,15.0,500.0,5.08302377022e-10
18,15.0,510.0,4.31943710122e-10
18,15.0,520.0,3.53685256227e-10
18,15.0,530.0,2.61287234736e-10
18,15.0,540.0,2.26178615199e-10
18,15.0,550.0,1.85055601112e-10
18,15.0,560.0,1.41109863179e-10
18,15.0,570.0,1.05767025757e-10
18,15.0,580.0,9.94524683633e-11
18,15.0,590.0,9.50015405164e-11
18,15.0,600.0,6.99385321533e-11
18,15.0,610.0,7.17308429156e-11
18,15.0,620.0,8.10179447238e-11
18,15.0,630.0,8.73106402909e-11
18,15.0,640.0,9.7200738891e-11
18,15.0,650.0,1.04703033676e-10
18,15.0,660.0,1.06517883983e-10
18,15.0,670.0,1.16830529694e-10
18,15.0,680.0,1.19859973196e-10
18,15.0,690.0,1.19735045983e-10
18,15.0,700.0,1.19262418407e-10
18,15.0,710.0,1.14924563258e-10
18,15.0,720.0,1.07909476894e-10
18,15.0,730.0,1.04502410803e-10
18,15.0,740.0,9.63325960226e-11
18,15.0,750.0,8.87515112438e-11
18,15.0,760.0,8.57903270608e-11
18,15.0,770.0,7.8463862433e-11
18,15.0,780.0,7.04195153868e-11
18,16.0,380.0,4.67483809413e-10
18,16.0,390.0,4.64732790816e-10
18,16.0,400.0,6.74640411741e-10
18,16.0,410.0,7.94391601872e-10
18,16.0,420.0,7.99656722117e-10
18,16.0,430.0,7.17365649756e-10
18,16.0,440.0,7.99942127409e-10
18,16.0,450.0,8.36532587139e-10
18,16.0,460.0,7.8397279925e-10
18,16.0,470.0,7.38717588803e-10
18,16.0,480.0,6.45804483633e-10
18,16.0,490.0,5.65257724096e-10
18,16.0,500.0,4.79892880902e-10
18,16.0,510.0,4.0666450441e-10
18,16.0,520.0,3.32141019436e-10
18,16.0,530.0,2.44750420066e-10
18,16.0,540.0,2.11409594386e-10
18,16.0,550.0,1.72618798458e-10
18,16.0,560.0,1.31370477951e-10
18,16.0,570.0,9.82838921682e-11
18,16.0,580.0,9.22784415807e-11
18,16.0,590.0,8.80273741217e-11
18,16.0,600.0,6.47003223924e-11
18,16.0,610.0,6.62826862854e-11
18,16.0,620.0,7.4789632735e-11
18,16.0,630.0,8.05161655259e-11
18,16.0,640.0,8.95508297566e-11
18,16.0,650.0,9.63715337663e-11
18,16.0,660.0,9.79503323189e-11
18,16.0,670.0,1.0733768213e-10
18,16.0,680.0,1.10024302331e-10
18,16.0,690.0,1.0981478279e-10
18,16.0,700.0,1.09290628721e-10
18,16.0,710.0,1.05228643523e-10
18,16.0,720.0,9.8725958547e-11
18,16.0,730.0,9.55352974736e-11
18,16.0,740.0,8.79991435877e-11
18,16.0,750.0,8.10128454185e-11
18,16.0,760.0,7.82549794317e-11
18,16.0,770.0,7.15216284516e-11
18,16.0,780.0,6.41438147957e-11
18,17.0,380.0,4.67444641746e-10
18,17.0,390.0,4.61385675359e-10
18,17.0,400.0,6.65351473972e-10
18,17.0,410.0,7.78676981385e-10
18,17.0,420.0,7.79458407839e-10
18,17.0,430.0,6.95675519564e-10
18,17.0,440.0,7.72137783257e-10
18,17.0,450.0,8.04032037024e-10
18,17.0,460.0,7.50584691809e-10
18,17.0,470.0,7.04779324327e-10
18,17.0,480.0,6.1412552913e-10
18,17.0,490.0,5.35964813753e-10
18,17.0,500.0,4.53778903942e-10
18,17.0,510.0,3.83576053152e-10
18,17.0,520.0,3.1257125262e-10
18,17.0,530.0,2.29816067544e-10
18,17.0,540.0,1.98128036777e-10
18,17.0,550.0,1.61480185359e-10
18,17.0,560.0,1.22682190535e-10
18,17.0,570.0,9.16341819304e-11
18,17.0,580.0,8.59177989341e-11
18,17.0,590.0,8.18553285864e-11
18,17.0,600.0,6.00795156634e-11
18,17.0,610.0,6.14820278915e-11
18,17.0,620.0,6.93050758234e-11
18,17.0,630.0,7.45388364374e-11
18,17.0,640.0,8.28266257399e-11
18,17.0,650.0,8.90551396848e-11
18,17.0,660.0,9.04343863895e-11
18,17.0,670.0,9.9018049701e-11
18,17.0,680.0,1.01412859148e-10
18,17.0,690.0,1.0113814982e-10
18,17.0,700.0,1.00577354196e-10
18,17.0,710.0,9.67649071817e-11
18,17.0,720.0,9.07173424645e-11
18,17.0,730.0,8.77224857039e-11
18,17.0,740.0,8.07451404121e-11
18,17.0,750.0,7.42827503448e-11
18,17.0,760.0,7.17068848868e-11
18,17.0,770.0,6.54939059829e-11
18,17.0,780.0,5.86994083958e-11
18,18.0,380.0,4.65666720683e-10
18,18.0,390.0,4.56636633139e-10
18,18.0,400.0,6.54535555742e-10
18,18.0,410.0,7.61777739866e-10
18,18.0,420.0,7.58680943823e-10
18,18.0,430.0,6.74002284505e-10
18,18.0,440.0,7.44928714183e-10
18,18.0,450.0,7.72724859685e-10
18,18.0,460.0,7.18826376507e-10
18,18.0,470.0,6.72819749368e-10
18,18.0,480.0,5.8455286744e-10
18,18.0,490.0,5.08809914668e-10
18,18.0,500.0,4.29725139551e-10
18,18.0,510.0,3.62425369993e-10
18,18.0,520.0,2.94728247193e-10
18,18.0,530.0,2.16266225971e-10
18,18.0,540.0,1.86121863415e-10
18,18.0,550.0,1.51446547794e-10
18,18.0,560.0,1.14882335094e-10
18,18.0,570.0,8.56842093542e-11
18,18.0,580.0,8.02378934273e-11
18,18.0,590.0,7.63530133531e-11
18,18.0,600.0,5.59714866026e-11
18,18.0,610.0,5.72186310937e-11
18,18.0,620.0,6.44376361907e-11
18,18.0,630.0,6.92390424459e-11
18,18.0,640.0,7.68696151802e-11
18,18.0,650.0,8.25794284737e-11
18,18.0,660.0,8.37885120998e-11
18,18.0,670.0,9.16682723314e-11
18,18.0,680.0,9.38124323558e-11
18,18.0,690.0,9.3487434338e-11
18,18.0,700.0,9.29012325017e-11
18,18.0,710.0,8.93154662737e-11
18,18.0,720.0,8.36747807445e-11
18,18.0,730.0,8.08578490513e-11
18,18.0,740.0,7.43768681266e-11
18,18.0,750.0,6.83793194544e-11
18,18.0,760.0,6.59673191618e-11
18,18.0,770.0,6.02144352208e-11
18,18.0,780.0,5.393446825e-11
18,19.0,380.0,4.62490293477e-10
18,19.0,390.0,4.50810993098e-10
18,19.0,400.0,6.42625776082e-10
18,19.0,410.0,7.44140069683e-10
18,19.0,420.0,7.37697166333e-10
18,19.0,430.0,6.52604793601e-10
18,19.0,440.0,7.18514261216e-10
18,19.0,450.0,7.42724791181e-10
18,19.0,460.0,6.88713825477e-10
18,19.0,470.0,6.4277256466e-10
18,19.0,480.0,5.56955078226e-10
18,19.0,490.0,4.83619890477e-10
18,19.0,500.0,4.07533548742e-10
18,19.0,510.0,3.43003744543e-10
18,19.0,520.0,2.78410309399e-10
18,19.0,530.0,2.03926348925e-10
18,19.0,540.0,1.75222417308e-10
18,19.0,550.0,1.42365378575e-10
18,19.0,560.0,1.07843474036e-10
18,19.0,570.0,8.0330011767e-11
18,19.0,580.0,7.51357056865e-11
18,19.0,590.0,7.14176478081e-11
18,19.0,600.0,5.22955089698e-11
18,19.0,610.0,5.34073111777e-11
18,19.0,620.0,6.00891735068e-11
18,19.0,630.0,6.45084301374e-11
18,19.0,640.0,7.15565601419e-11
18,19.0,650.0,7.68086430624e-11
18,19.0,660.0,7.78713635785e-11
18,19.0,670.0,8.51299398288e-11
18,19.0,680.0,8.70569368083e-11
18,19.0,690.0,8.66931004076e-11
18,19.0,700.0,8.60899345152e-11
18,19.0,710.0,8.2710809147e-11
18,19.0,720.0,7.74359146181e-11
18,19.0,730.0,7.47812343656e-11
18,19.0,740.0,6.87439377669e-11
18,19.0,750.0,6.31614642489e-11
18,19.0,760.0,6.08977235192e-11
18,19.0,770.0,5.55544166881e-11
18,19.0,780.0,4.97314888421e-11
18,20.0,380.0,4.58139305376e-10
18,20.0,390.0,4.44115243205e-10
18,20.0,400.0,6.29883812366e-10
18,20.0,410.0,7.26015033387e-10
18,20.0,420.0,7.16694802053e-10
18,20.0,430.0,6.31588809826e-10
18,20.0,440.0,6.92939510199e-10
18,20.0,450.0,7.14003374874e-10
18,20.0,460.0,6.6014770715e-10
18,20.0,470.0,6.14481160107e-10
18,20.0,480.0,5.31136373696e-10
18,20.0,490.0,4.60179283316e-10
18,20.0,500.0,3.86980689183e-10
18,20.0,510.0,3.25089788892e-10
18,20.0,520.0,2.63412550375e-10
18,20.0,530.0,1.92623566158e-10
18,20.0,540.0,1.6526673222e-10
18,20.0,550.0,1.3409188078e-10
18,20.0,560.0,1.014460779e-10
18,20.0,570.0,7.54748434359e-11
18,20.0,580.0,7.05167577129e-11
18,20.0,590.0,6.69562965604e-11
18,20.0,600.0,4.89787805689e-11
18,20.0,610.0,4.99723112098e-11
18,20.0,620.0,5.61737069511e-11
18,20.0,630.0,6.02531219653e-11
18,20.0,640.0,6.67817843232e-11
18,20.0,650.0,7.16273445523e-11
18,20.0,660.0,7.25635663941e-11
18,20.0,670.0,7.92700906049e-11
18,20.0,680.0,8.10076844119e-11
18,20.0,690.0,8.06141911042e-11
18,20.0,700.0,8.00007484608e-11
18,20.0,710.0,7.68110168814e-11
18,20.0,720.0,7.18671208934e-11
18,20.0,730.0,6.93612012588e-11
18,20.0,740.0,6.37232162353e-11
18,20.0,750.0,5.85139116233e-11
18,20.0,760.0,5.6385144241e-11
18,20.0,770.0,5.14090520735e-11
18,20.0,780.0,4.5995019875e-11
18,21.0,380.0,4.52847455665e-10
18,21.0,390.0,4.36760807779e-10
18,21.0,400.0,6.16575743748e-10
18,21.0,410.0,7.07659836277e-10
18,21.0,420.0,6.95871831556e-10
18,21.0,430.0,6.11075390005e-10
18,21.0,440.0,6.68275883487e-10
18,21.0,450.0,6.86570287749e-10
18,21.0,460.0,6.3307704477e-10
18,21.0,470.0,5.87844634729e-10
18,21.0,480.0,5.06962423825e-10
18,21.0,490.0,4.38334240524e-10
18,21.0,500.0,3.6790509228e-10
18,21.0,510.0,3.08522295139e-10
18,21.0,520.0,2.49584875446e-10
18,21.0,530.0,1.8223257681e-10
18,21.0,540.0,1.56136266611e-10
18,21.0,550.0,1.26520905938e-10
18,21.0,560.0,9.56038077635e-11
18,21.0,570.0,7.10493902526e-11
18,21.0,580.0,6.63128982005e-11
18,21.0,590.0,6.29013577465e-11
18,21.0,600.0,4.5968841607e-11
18,21.0,610.0,4.68584131033e-11
18,21.0,620.0,5.26276282085e-11
18,21.0,630.0,5.64029905971e-11
18,21.0,640.0,6.24655791232e-11
18,21.0,650.0,6.6947828993e-11
18,21.0,660.0,6.77739610016e-11
18,21.0,670.0,7.3986699971e-11
18,21.0,680.0,7.5557891306e-11
18,21.0,690.0,7.51419199858e-11
18,21.0,700.0,7.45232878482e-11
18,21.0,710.0,7.1507741137e-11
18,21.0,720.0,6.68648454752e-11
18,21.0,730.0,6.44957832942e-11
18,21.0,740.0,5.92191528899e-11
18,21.0,750.0,5.43472145068e-11
18,21.0,760.0,5.23418573837e-11
18,21.0,770.0,4.76969402194e-11
18,21.0,780.0,4.26509513114e-11
18,22.0,380.0,4.46809054855e-10
18,22.0,390.0,4.28918558747e-10
18,22.0,400.0,6.02910108045e-10
18,22.0,410.0,6.89268578271e-10
18,22.0,420.0,6.75369655021e-10
18,22.0,430.0,5.91142538923e-10
18,22.0,440.0,6.44556562406e-10
18,22.0,450.0,6.60406020325e-10
18,22.0,460.0,6.07434270452e-10
18,22.0,470.0,5.62756239505e-10
18,22.0,480.0,4.84302944697e-10
18,22.0,490.0,4.17941662637e-10
18,22.0,500.0,3.50160947303e-10
18,22.0,510.0,2.93158585621e-10
18,22.0,520.0,2.36796354495e-10
18,22.0,530.0,1.72645691767e-10
18,22.0,540.0,1.47730029528e-10
18,22.0,550.0,1.19563609774e-10
18,22.0,560.0,9.02442802349e-11
18,22.0,570.0,6.69959764397e-11
18,22.0,580.0,6.24675971951e-11
18,22.0,590.0,5.91968797924e-11
18,22.0,600.0,4.32225301746e-11
18,22.0,610.0,4.40202151929e-11
18,22.0,620.0,4.9398616048e-11
18,22.0,630.0,5.29003849764e-11
18,22.0,640.0,5.85424401053e-11
18,22.0,650.0,6.26980732702e-11
18,22.0,660.0,6.34277631762e-11
18,22.0,670.0,6.91961481051e-11
18,22.0,680.0,7.06201331807e-11
18,22.0,690.0,7.01873313407e-11
18,22.0,700.0,6.95673895405e-11
18,22.0,710.0,6.67125963195e-11
18,22.0,720.0,6.23447202683e-11
18,22.0,730.0,6.01019980186e-11
18,22.0,740.0,5.51540808625e-11
18,22.0,750.0,5.05887568213e-11
18,22.0,760.0,4.86967107407e-11
18,22.0,770.0,4.43521265639e-11
18,22.0,780.0,3.96393049876e-11
18,23.0,380.0,4.40178486888e-10
18,23.0,390.0,4.20720096509e-10
18,23.0,400.0,5.89041488168e-10
18,23.0,410.0,6.70977544441e-10
18,23.0,420.0,6.55278709185e-10
18,23.0,430.0,5.71829899367e-10
18,23.0,440.0,6.21780738025e-10
18,23.0,450.0,6.35464954093e-10
18,23.0,460.0,5.83136312448e-10
18,23.0,470.0,5.39102823354e-10
18,23.0,480.0,4.63029246307e-10
18,23.0,490.0,3.98865730407e-10
18,23.0,500.0,3.33613593467e-10
18,23.0,510.0,2.78869421277e-10
18,23.0,520.0,2.24930097271e-10
18,23.0,530.0,1.63767902269e-10
18,23.0,540.0,1.3995971715e-10
18,23.0,550.0,1.13142884655e-10
18,23.0,560.0,8.53050606218e-11
18,23.0,570.0,6.32651065933e-11
18,23.0,580.0,5.89325509391e-11
18,23.0,590.0,5.5795232033e-11
18,23.0,600.0,4.07032175657e-11
18,23.0,610.0,4.14193038411e-11
18,23.0,620.0,4.64425254365e-11
18,23.0,630.0,4.96967836787e-11
18,23.0,640.0,5.49573625787e-11
18,23.0,650.0,5.88177266995e-11
18,23.0,660.0,5.94624314873e-11
18,23.0,670.0,6.48286335712e-11
18,23.0,680.0,6.61215589272e-11
18,23.0,690.0,6.56764180607e-11
18,23.0,700.0,6.50581572475e-11
18,23.0,710.0,6.23522683704e-11
18,23.0,720.0,5.82368589281e-11
18,23.0,730.0,5.61111965241e-11
18,23.0,740.0,5.14638274637e-11
18,23.0,750.0,4.71786087686e-11
18,23.0,760.0,4.53910494874e-11
18,23.0,770.0,4.13202991286e-11
18,23.0,780.0,3.69107400483e-11
18,24.0,380.0,4.33097249835e-10
18,24.0,390.0,4.12284026432e-10
18,24.0,400.0,5.75107287696e-10
18,24.0,410.0,6.52906506757e-10
18,24.0,420.0,6.35677680924e-10
18,24.0,430.0,5.53171696864e-10
18,24.0,440.0,5.99947912988e-10
18,24.0,450.0,6.11708532931e-10
18,24.0,460.0,5.60113585112e-10
18,24.0,470.0,5.16789737826e-10
18,24.0,480.0,4.43034739966e-10
18,24.0,490.0,3.80994112745e-10
18,24.0,500.0,3.18152499841e-10
18,24.0,510.0,2.65549313841e-10
18,24.0,520.0,2.13891069486e-10
18,24.0,530.0,1.55522858171e-10
18,24.0,540.0,1.32754550502e-10
18,24.0,550.0,1.0719722062e-10
18,24.0,560.0,8.07366612164e-11
18,24.0,570.0,5.98178531991e-11
18,24.0,580.0,5.5669692994e-11
18,24.0,590.0,5.26587518557e-11
18,24.0,600.0,3.83821522638e-11
18,24.0,610.0,3.90253506423e-11
18,24.0,620.0,4.37242297891e-11
18,24.0,630.0,4.67533976098e-11
18,24.0,640.0,5.16661728848e-11
18,24.0,650.0,5.52581676408e-11
18,24.0,660.0,5.5827474888e-11
18,24.0,670.0,6.08276970605e-11
18,24.0,680.0,6.20031713714e-11
18,24.0,690.0,6.15492051029e-11
18,24.0,700.0,6.09348563021e-11
18,24.0,710.0,5.83672969226e-11
18,24.0,720.0,5.44845806346e-11
18,24.0,730.0,5.24676947176e-11
18,24.0,740.0,4.80963485788e-11
18,24.0,750.0,4.40681821705e-11
18,24.0,760.0,4.2377315058e-11
18,24.0,770.0,3.85574299117e-11
18,24.0,780.0,3.44252750491e-11
18,25.0,380.0,4.256845721e-10
18,25.0,390.0,4.03708179053e-10
18,25.0,400.0,5.61218168429e-10
18,25.0,410.0,6.35148965375e-10
18,25.0,420.0,6.16624834051e-10
18,25.0,430.0,5.3518967044e-10
18,25.0,440.0,5.79050440026e-10
18,25.0,450.0,5.89097830892e-10
18,25.0,460.0,5.38302850872e-10
18,25.0,470.0,4.95734332562e-10
18,25.0,480.0,4.24228618197e-10
18,25.0,490.0,3.64232549618e-10
18,25.0,500.0,3.0368609997e-10
18,25.0,510.0,2.53111743796e-10
18,25.0,520.0,2.03601950295e-10
18,25.0,530.0,1.47849000769e-10
18,25.0,540.0,1.26057796859e-10
18,25.0,550.0,1.01677604666e-10
18,25.0,560.0,7.64998823178e-11
18,25.0,570.0,5.66235678346e-11
18,25.0,580.0,5.2649131456e-11
18,25.0,590.0,4.97579094494e-11
18,25.0,600.0,3.62368953418e-11
18,25.0,610.0,3.68146880325e-11
18,25.0,620.0,4.12162948371e-11
18,25.0,630.0,4.4039932076e-11
18,25.0,640.0,4.86343651712e-11
18,25.0,650.0,5.19814199357e-11
18,25.0,660.0,5.24834694944e-11
18,25.0,670.0,5.71492648069e-11
18,25.0,680.0,5.82189307335e-11
18,25.0,690.0,5.77589073697e-11
18,25.0,700.0,5.7150123217e-11
18,25.0,710.0,5.47113293414e-11
18,25.0,720.0,5.10437144361e-11
18,25.0,730.0,4.91281084187e-11
18,25.0,740.0,4.50111068415e-11
18,25.0,750.0,4.12196413601e-11
18,25.0,760.0,3.96184765209e-11
18,25.0,770.0,3.60292418119e-11
18,25.0,780.0,3.21517888259e-11
18,26.0,380.0,4.17802090458e-10
18,26.0,390.0,3.94843408343e-10
18,26.0,400.0,5.47142375799e-10
18,26.0,410.0,6.17416992362e-10
18,26.0,420.0,5.97818355651e-10
18,26.0,430.0,5.17605433303e-10
18,26.0,440.0,5.58772916145e-10
18,26.0,450.0,5.6730049396e-10
18,26.0,460.0,5.1739374975e-10
18,26.0,470.0,4.75645832277e-10
18,26.0,480.0,4.06361506891e-10
18,26.0,490.0,3.48366072673e-10
18,26.0,500.0,2.9003684692e-10
18,26.0,510.0,2.41410548025e-10
18,26.0,520.0,1.93946799706e-10
18,26.0,530.0,1.40664736029e-10
18,26.0,540.0,1.19801147838e-10
18,26.0,550.0,9.65302844203e-11
18,26.0,560.0,7.2555475226e-11
18,26.0,570.0,5.36541855774e-11
18,26.0,580.0,4.98450646101e-11
18,26.0,590.0,4.70682736248e-11
18,26.0,600.0,3.425004628e-11
18,26.0,610.0,3.47693705446e-11
18,26.0,620.0,3.88980927237e-11
18,26.0,630.0,4.15338689449e-11
18,26.0,640.0,4.58364341286e-11
18,26.0,650.0,4.89595802911e-11
18,26.0,660.0,4.94016448206e-11
18,26.0,670.0,5.37613005551e-11
18,26.0,680.0,5.47355271834e-11
18,26.0,690.0,5.42718512106e-11
18,26.0,700.0,5.36699912767e-11
18,26.0,710.0,5.13512796289e-11
18,26.0,720.0,4.78828594037e-11
18,26.0,730.0,4.60616659041e-11
18,26.0,740.0,4.2179428968e-11
18,26.0,750.0,3.86062898156e-11
18,26.0,760.0,3.70883993782e-11
18,26.0,770.0,3.37115549401e-11
18,26.0,780.0,3.00683413655e-11
18,27.0,380.0,4.08687564121e-10
18,27.0,390.0,3.84904709314e-10
18,27.0,400.0,5.31692456157e-10
18,27.0,410.0,5.98245924894e-10
18,27.0,420.0,5.7770784003e-10
18,27.0,430.0,4.98952428251e-10
18,27.0,440.0,5.37388477212e-10
18,27.0,450.0,5.44410036271e-10
18,27.0,460.0,4.95501005817e-10
18,27.0,470.0,4.54654409231e-10
18,27.0,480.0,3.87715211692e-10
18,27.0,490.0,3.31819405281e-10
18,27.0,500.0,2.75806935404e-10
18,27.0,510.0,2.29211527452e-10
18,27.0,520.0,1.83878486147e-10
18,27.0,530.0,1.33170278164e-10
18,27.0,540.0,1.13271049319e-10
18,27.0,550.0,9.11548821058e-11
18,27.0,560.0,6.8433668657e-11
18,27.0,570.0,5.05491024795e-11
18,27.0,580.0,4.69121760587e-11
18,27.0,590.0,4.42563258383e-11
18,27.0,600.0,3.21735013003e-11
18,27.0,610.0,3.26333784758e-11
18,27.0,620.0,3.64793476335e-11
18,27.0,630.0,3.8921468318e-11
18,27.0,640.0,4.29225331924e-11
18,27.0,650.0,4.58154834697e-11
18,27.0,660.0,4.61982520424e-11
18,27.0,670.0,5.02431859598e-11
18,27.0,680.0,5.11219898602e-11
18,27.0,690.0,5.06583306302e-11
18,27.0,700.0,5.00674884928e-11
18,27.0,710.0,4.7876989858e-11
18,27.0,720.0,4.46183249643e-11
18,27.0,730.0,4.28983069942e-11
18,27.0,740.0,3.92618176442e-11
18,27.0,750.0,3.59170321261e-11
18,27.0,760.0,3.44879424799e-11
18,27.0,770.0,3.13324158349e-11
18,27.0,780.0,2.79325099092e-11
18,28.0,380.0,3.97796427249e-10
18,28.0,390.0,3.73422029207e-10
18,28.0,400.0,5.14299463411e-10
18,28.0,410.0,5.7711152115e-10
18,28.0,420.0,5.55924551103e-10
18,28.0,430.0,4.79051864992e-10
18,28.0,440.0,5.14875191639e-10
18,28.0,450.0,5.20597170063e-10
18,28.0,460.0,4.72967560458e-10
18,28.0,470.0,4.33261476415e-10
18,28.0,480.0,3.68878143364e-10
18,28.0,490.0,3.15244034315e-10
18,28.0,500.0,2.61658332335e-10
18,28.0,510.0,2.17166600361e-10
18,28.0,520.0,1.74002560353e-10
18,28.0,530.0,1.25859024926e-10
18,28.0,540.0,1.06937241533e-10
18,28.0,550.0,8.59679943803e-11
18,28.0,560.0,6.44748328416e-11
18,28.0,570.0,4.75790964583e-11
18,28.0,580.0,4.41201779789e-11
18,28.0,590.0,4.15910370141e-11
18,28.0,600.0,3.02107681649e-11
18,28.0,610.0,3.06225707269e-11
18,28.0,620.0,3.42115640146e-11
18,28.0,630.0,3.64806766522e-11
18,28.0,640.0,4.02090674138e-11
18,28.0,650.0,4.28964043199e-11
18,28.0,660.0,4.32321432905e-11
18,28.0,670.0,4.69939178803e-11
18,28.0,680.0,4.77923128136e-11
18,28.0,690.0,4.73357595025e-11
18,28.0,700.0,4.67616933867e-11
18,28.0,710.0,4.4694737012e-11
18,28.0,720.0,4.16333909341e-11
18,28.0,730.0,4.00106731665e-11
18,28.0,740.0,3.6602648656e-11
18,28.0,750.0,3.3469607827e-11
18,28.0,760.0,3.21246974851e-11
18,28.0,770.0,2.91732225115e-11
18,28.0,780.0,2.59966584638e-11
18,29.0,380.0,3.86822526311e-10
18,29.0,390.0,3.61972385879e-10
18,29.0,400.0,4.97093608704e-10
18,29.0,410.0,5.56333497568e-10
18,29.0,420.0,5.34613719046e-10
18,29.0,430.0,4.59660023745e-10
18,29.0,440.0,4.93008217352e-10
18,29.0,450.0,4.97529157469e-10
18,29.0,460.0,4.51186661289e-10
18,29.0,470.0,4.12620069201e-10
18,29.0,480.0,3.50730169062e-10
18,29.0,490.0,2.99294276102e-10
18,29.0,500.0,2.4805767e-10
18,29.0,510.0,2.05597774228e-10
18,29.0,520.0,1.64523230518e-10
18,29.0,530.0,1.18846125984e-10
18,29.0,540.0,1.00864285224e-10
18,29.0,550.0,8.09964972423e-11
18,29.0,560.0,6.06817115164e-11
18,29.0,570.0,4.47344900129e-11
18,29.0,580.0,4.14455874253e-11
18,29.0,590.0,3.90367868138e-11
18,29.0,600.0,2.8330079115e-11
18,29.0,610.0,2.86943713969e-11
18,29.0,620.0,3.20348178224e-11
18,29.0,630.0,3.41358600358e-11
18,29.0,640.0,3.75999481415e-11
18,29.0,650.0,4.00871902213e-11
18,29.0,660.0,4.0375363229e-11
18,29.0,670.0,4.38618864687e-11
18,29.0,680.0,4.45802361396e-11
18,29.0,690.0,4.41279962352e-11
18,29.0,700.0,4.35676016894e-11
18,29.0,710.0,4.1617483272e-11
18,29.0,720.0,3.87445027509e-11
18,29.0,730.0,3.72136139246e-11
18,29.0,740.0,3.40245890137e-11
18,29.0,750.0,3.10946107679e-11
18,29.0,760.0,2.98294294266e-11
18,29.0,770.0,2.70741715057e-11
18,29.0,780.0,2.41127982467e-11
18,30.0,380.0,3.76151914589e-10
18,30.0,390.0,3.50949373257e-10
18,30.0,400.0,4.80663840597e-10
18,30.0,410.0,5.36629418259e-10
18,30.0,420.0,5.14524738155e-10
18,30.0,430.0,4.41475543846e-10
18,30.0,440.0,4.72597855376e-10
18,30.0,450.0,4.76087790857e-10
18,30.0,460.0,4.31017939387e-10
18,30.0,470.0,3.93573016934e-10
18,30.0,480.0,3.34036574173e-10
18,30.0,490.0,2.84666635384e-10
18,30.0,500.0,2.35618254392e-10
18,30.0,510.0,1.95043747556e-10
18,30.0,520.0,1.55896421343e-10
18,30.0,530.0,1.12477304452e-10
18,30.0,540.0,9.53611699472e-11
18,30.0,550.0,7.65005609058e-11
18,30.0,560.0,5.72577358587e-11
18,30.0,570.0,4.21709573268e-11
18,30.0,580.0,3.90402083134e-11
18,30.0,590.0,3.67444586251e-11
18,30.0,600.0,2.66446599136e-11
18,30.0,610.0,2.69701907539e-11
18,30.0,620.0,3.00929418984e-11
18,30.0,630.0,3.20485171755e-11
18,30.0,640.0,3.52822240659e-11
18,30.0,650.0,3.75967029255e-11
18,30.0,660.0,3.78475223655e-11
18,30.0,670.0,4.10956199734e-11
18,30.0,680.0,4.17483444989e-11
18,30.0,690.0,4.13048448389e-11
18,30.0,700.0,4.07612806591e-11
18,30.0,710.0,3.89184015137e-11
18,30.0,720.0,3.62149046705e-11
18,30.0,730.0,3.47684613584e-11
18,30.0,740.0,3.17746395754e-11
18,30.0,750.0,2.90253610354e-11
18,30.0,760.0,2.78328214644e-11
18,30.0,770.0,2.52512353882e-11
18,30.0,780.0,2.24795086198e-11
18,31.0,380.0,3.65888876845e-10
18,31.0,390.0,3.40429475778e-10
18,31.0,400.0,4.6508311636e-10
18,31.0,410.0,5.1804231796e-10
18,31.0,420.0,4.95659733801e-10
18,31.0,430.0,4.24465142097e-10
18,31.0,440.0,4.53569644008e-10
18,31.0,450.0,4.56157708251e-10
18,31.0,460.0,4.12319853847e-10
18,31.0,470.0,3.75956197618e-10
18,31.0,480.0,3.18628530898e-10
18,31.0,490.0,2.71191074204e-10
18,31.0,500.0,2.24177898399e-10
18,31.0,510.0,1.85352243176e-10
18,31.0,520.0,1.47985756516e-10
18,31.0,530.0,1.06644258526e-10
18,31.0,540.0,9.0326937762e-11
18,31.0,550.0,7.23920385299e-11
18,31.0,560.0,5.41317605271e-11
18,31.0,570.0,3.98324995426e-11
18,31.0,580.0,3.68480093038e-11
18,31.0,590.0,3.46571137846e-11
18,31.0,600.0,2.51109435867e-11
18,31.0,610.0,2.54024988544e-11
18,31.0,620.0,2.83287741485e-11
18,31.0,630.0,3.01535987815e-11
18,31.0,640.0,3.31796541757e-11
18,31.0,650.0,3.53388922598e-11
18,31.0,660.0,3.55572524858e-11
18,31.0,670.0,3.85907995047e-11
18,31.0,680.0,3.91855175672e-11
18,31.0,690.0,3.87512678367e-11
18,31.0,700.0,3.82242070031e-11
18,31.0,710.0,3.64794528476e-11
18,31.0,720.0,3.39301661146e-11
18,31.0,730.0,3.25609880839e-11
18,31.0,740.0,2.9744277774e-11
18,31.0,750.0,2.71588512298e-11
18,31.0,760.0,2.60325767176e-11
18,31.0,770.0,2.36082394021e-11
18,31.0,780.0,2.10080142128e-11
18,32.0,380.0,3.56049553485e-10
18,32.0,390.0,3.30414350513e-10
18,32.0,400.0,4.50335262056e-10
18,32.0,410.0,5.0053380383e-10
18,32.0,420.0,4.77962858418e-10
18,32.0,430.0,4.08565096598e-10
18,32.0,440.0,4.3583909933e-10
18,32.0,450.0,4.3763809759e-10
18,32.0,460.0,3.94987556e-10
18,32.0,470.0,3.59662080835e-10
18,32.0,480.0,3.04405223184e-10
18,32.0,490.0,2.5877396238e-10
18,32.0,500.0,2.13653015514e-10
18,32.0,510.0,1.76449291907e-10
18,32.0,520.0,1.40728496264e-10
18,32.0,530.0,1.01299240449e-10
18,32.0,540.0,8.57191233858e-11
18,32.0,550.0,6.86353585042e-11
18,32.0,560.0,5.12761008109e-11
18,32.0,570.0,3.76979957681e-11
18,32.0,580.0,3.48487780625e-11
18,32.0,590.0,3.27551333384e-11
18,32.0,600.0,2.37143121048e-11
18,32.0,610.0,2.39760924007e-11
18,32.0,620.0,2.67249128257e-11
18,32.0,630.0,2.84321333269e-11
18,32.0,640.0,3.12708911916e-11
18,32.0,650.0,3.32905409412e-11
18,32.0,660.0,3.34807264198e-11
18,32.0,670.0,3.6321078007e-11
18,32.0,680.0,3.68645227654e-11
18,32.0,690.0,3.64398731755e-11
18,32.0,700.0,3.59289203421e-11
18,32.0,710.0,3.42740178963e-11
18,32.0,720.0,3.18651533503e-11
18,32.0,730.0,3.05667255048e-11
18,32.0,740.0,2.79108375451e-11
18,32.0,750.0,2.54741035087e-11
18,32.0,760.0,2.44083270374e-11
18,32.0,770.0,2.21264780768e-11
18,32.0,780.0,1.96814630978e-11
18,33.0,380.0,3.46629629775e-10
18,33.0,390.0,3.20887382799e-10
18,33.0,400.0,4.36380433741e-10
18,33.0,410.0,4.84040736682e-10
18,33.0,420.0,4.61356237112e-10
18,33.0,430.0,3.93694265741e-10
18,33.0,440.0,4.19304653591e-10
18,33.0,450.0,4.20412477137e-10
18,33.0,460.0,3.78903330759e-10
18,33.0,470.0,3.44572551629e-10
18,33.0,480.0,2.91257751593e-10
18,33.0,490.0,2.47315523095e-10
18,33.0,500.0,2.0395548131e-10
18,33.0,510.0,1.68257591304e-10
18,33.0,520.0,1.34059549753e-10
18,33.0,530.0,9.6393004051e-11
18,33.0,540.0,8.14941514948e-11
18,33.0,550.0,6.51941744962e-11
18,33.0,560.0,4.86625709699e-11
18,33.0,570.0,3.57460099996e-11
18,33.0,580.0,3.30220492167e-11
18,33.0,590.0,3.10186875427e-11
18,33.0,600.0,2.24400162131e-11
18,33.0,610.0,2.26756463546e-11
18,33.0,620.0,2.52638277547e-11
18,33.0,630.0,2.68650188881e-11
18,33.0,640.0,2.95344485608e-11
18,33.0,650.0,3.14282859251e-11
18,33.0,660.0,3.15939709806e-11
18,33.0,670.0,3.42599488325e-11
18,33.0,680.0,3.47579618754e-11
18,33.0,690.0,3.43430985713e-11
18,33.0,700.0,3.38477845071e-11
18,33.0,710.0,3.2275298168e-11
18,33.0,720.0,2.99945530377e-11
18,33.0,730.0,2.87610195081e-11
18,33.0,740.0,2.62514679449e-11
18,33.0,750.0,2.39499547029e-11
18,33.0,760.0,2.29395127646e-11
18,33.0,770.0,2.07870564568e-11
18,33.0,780.0,1.84828179067e-11
18,34.0,380.0,3.37618510473e-10
18,34.0,390.0,3.11827483174e-10
18,34.0,400.0,4.23174688505e-10
18,34.0,410.0,4.68497743467e-10
18,34.0,420.0,4.45762124635e-10
18,34.0,430.0,3.79773554826e-10
18,34.0,440.0,4.03868961147e-10
18,34.0,450.0,4.04370614574e-10
18,34.0,460.0,3.63956858774e-10
18,34.0,470.0,3.30577786078e-10
18,34.0,480.0,2.79085489429e-10
18,34.0,490.0,2.36724052896e-10
18,34.0,500.0,1.95004650143e-10
18,34.0,510.0,1.60706659663e-10
18,34.0,520.0,1.27919759124e-10
18,34.0,530.0,9.18809013173e-11
18,34.0,540.0,7.76126114979e-11
18,34.0,550.0,6.20356809032e-11
18,34.0,560.0,4.6265774476e-11
18,34.0,570.0,3.39572551154e-11
18,34.0,580.0,3.13494388369e-11
18,34.0,590.0,2.9429990156e-11
18,34.0,600.0,2.12748388311e-11
18,34.0,610.0,2.14874462506e-11
18,34.0,620.0,2.39298521626e-11
18,34.0,630.0,2.54352032895e-11
18,34.0,640.0,2.79511656693e-11
18,34.0,650.0,2.97313127474e-11
18,34.0,660.0,2.98756458575e-11
18,34.0,670.0,3.23838347604e-11
18,34.0,680.0,3.28414816079e-11
18,34.0,690.0,3.24364602528e-11
18,34.0,700.0,3.19562645464e-11
18,34.0,710.0,3.04595147651e-11
18,34.0,720.0,2.82959148236e-11
18,34.0,730.0,2.712201445e-11
18,34.0,740.0,2.47459200617e-11
18,34.0,750.0,2.25676584001e-11
18,34.0,760.0,2.16079290729e-11
18,34.0,770.0,1.95732493285e-11
18,34.0,780.0,1.73970020776e-11
18,35.0,380.0,3.29002910688e-10
18,35.0,390.0,3.03212387758e-10
18,35.0,400.0,4.10674382905e-10
18,35.0,410.0,4.53841950366e-10
18,35.0,420.0,4.31107246158e-10
18,35.0,430.0,3.66729458628e-10
18,35.0,440.0,3.89442491841e-10
18,35.0,450.0,3.89411944157e-10
18,35.0,460.0,3.50048135677e-10
18,35.0,470.0,3.17578756608e-10
18,35.0,480.0,2.67798089278e-10
18,35.0,490.0,2.26917526413e-10
18,35.0,500.0,1.8672860912e-10
18,35.0,510.0,1.53733815844e-10
18,35.0,520.0,1.2225663855e-10
18,35.0,530.0,8.77233918029e-11
18,35.0,540.0,7.40396663249e-11
18,35.0,550.0,5.91309249154e-11
18,35.0,560.0,4.40633273907e-11
18,35.0,570.0,3.23147509367e-11
18,35.0,580.0,2.98147838971e-11
18,35.0,590.0,2.79734239699e-11
18,35.0,600.0,2.0207183669e-11
18,35.0,610.0,2.03994742804e-11
18,35.0,620.0,2.27092747427e-11
18,35.0,630.0,2.41277787389e-11
18,35.0,640.0,2.65043085299e-11
18,35.0,650.0,2.81814596788e-11
18,35.0,660.0,2.83071458664e-11
18,35.0,670.0,3.06721964458e-11
18,35.0,680.0,3.10938817053e-11
18,35.0,690.0,3.06986584168e-11
18,35.0,700.0,3.02330295188e-11
18,35.0,710.0,2.88060059825e-11
18,35.0,720.0,2.67497420115e-11
18,35.0,730.0,2.56307401082e-11
18,35.0,740.0,2.33766269167e-11
18,35.0,750.0,2.13109586818e-11
18,35.0,760.0,2.03977970367e-11
18,35.0,770.0,1.84705665108e-11
18,35.0,780.0,1.64109591013e-11
18,36.0,380.0,3.20768259349e-10
18,36.0,390.0,2.95019831101e-10
18,36.0,400.0,3.98837558204e-10
18,36.0,410.0,4.40014257368e-10
18,36.0,420.0,4.17323743365e-10
18,36.0,430.0,3.54494630446e-10
18,36.0,440.0,3.75943879812e-10
18,36.0,450.0,3.75445657086e-10
18,36.0,460.0,3.37087324885e-10
18,36.0,470.0,3.05486891131e-10
18,36.0,480.0,2.57315028977e-10
18,36.0,490.0,2.17823069871e-10
18,36.0,500.0,1.79063635128e-10
18,36.0,510.0,1.47283644437e-10
18,36.0,520.0,1.17023881041e-10
18,36.0,530.0,8.38856449862e-11
18,36.0,540.0,7.07446786961e-11
18,36.0,550.0,5.64544795617e-11
18,36.0,560.0,4.20355949462e-11
18,36.0,570.0,3.08036176397e-11
18,36.0,580.0,2.84039380327e-11
18,36.0,590.0,2.66353365418e-11
18,36.0,600.0,1.92269204756e-11
18,36.0,610.0,1.94012439613e-11
18,36.0,620.0,2.15901453135e-11
18,36.0,630.0,2.29297652782e-11
18,36.0,640.0,2.51793211172e-11
18,36.0,650.0,2.6762942439e-11
18,36.0,660.0,2.6872313993e-11
18,36.0,670.0,2.91072104848e-11
18,36.0,680.0,2.94967778366e-11
18,36.0,690.0,2.91112341441e-11
18,36.0,700.0,2.86596047372e-11
18,36.0,710.0,2.72968868351e-11
18,36.0,720.0,2.53391671004e-11
18,36.0,730.0,2.42707929832e-11
18,36.0,740.0,2.21284058284e-11
18,36.0,750.0,2.01658125519e-11
18,36.0,760.0,1.92954920556e-11
18,36.0,770.0,1.74665016935e-11
18,36.0,780.0,1.5513424777e-11
18,37.0,380.0,3.12899417285e-10
18,37.0,390.0,2.87228073108e-10
18,37.0,400.0,3.87624442925e-10
18,37.0,410.0,4.26959638447e-10
18,37.0,420.0,4.04349203219e-10
18,37.0,430.0,3.43007681927e-10
18,37.0,440.0,3.63299469814e-10
18,37.0,450.0,3.62390006092e-10
18,37.0,460.0,3.24993918496e-10
18,37.0,470.0,2.9422311928e-10
18,37.0,480.0,2.47564650718e-10
18,37.0,490.0,2.09376015285e-10
18,37.0,500.0,1.71953312973e-10
18,37.0,510.0,1.41307186883e-10
18,37.0,520.0,1.12180651177e-10
18,37.0,530.0,8.03369901915e-11
18,37.0,540.0,6.77007107187e-11
18,37.0,550.0,5.39840167334e-11
18,37.0,560.0,4.01653541814e-11
18,37.0,570.0,2.94108152165e-11
18,37.0,580.0,2.71045181238e-11
18,37.0,590.0,2.54037902954e-11
18,37.0,600.0,1.83251972896e-11
18,37.0,610.0,1.84836018409e-11
18,37.0,620.0,2.05620442263e-11
18,37.0,630.0,2.18298560318e-11
18,37.0,640.0,2.396353508e-11
18,37.0,650.0,2.54620349156e-11
18,37.0,660.0,2.55571104092e-11
18,37.0,670.0,2.76733999324e-11
18,37.0,680.0,2.80342163573e-11
18,37.0,690.0,2.76581787619e-11
18,37.0,700.0,2.72199771315e-11
18,37.0,710.0,2.59166637469e-11
18,37.0,720.0,2.40495854705e-11
18,37.0,730.0,2.30279773006e-11
18,37.0,740.0,2.09881237442e-11
18,37.0,750.0,1.9120078294e-11
18,37.0,760.0,1.82892394521e-11
18,37.0,770.0,1.65502512665e-11
18,37.0,780.0,1.46946724782e-11
18,38.0,380.0,3.05381103128e-10
18,38.0,390.0,2.79816164293e-10
18,38.0,400.0,3.76997619096e-10
18,38.0,410.0,4.14627096697e-10
18,38.0,420.0,3.92126388971e-10
18,38.0,430.0,3.32212757843e-10
18,38.0,440.0,3.51442656192e-10
18,38.0,450.0,3.50171435625e-10
18,38.0,460.0,3.13695770819e-10
18,38.0,470.0,2.83716830465e-10
18,38.0,480.0,2.38483147483e-10
18,38.0,490.0,2.0151892909e-10
18,38.0,500.0,1.65347646936e-10
18,38.0,510.0,1.35761138817e-10
18,38.0,520.0,1.07690891869e-10
18,38.0,530.0,7.70503821391e-11
18,38.0,540.0,6.48840418002e-11
18,38.0,550.0,5.16998986086e-11
18,38.0,560.0,3.84374728668e-11
18,38.0,570.0,2.8124896596e-11
18,38.0,580.0,2.59056653669e-11
18,38.0,590.0,2.42683279808e-11
18,38.0,600.0,1.74942646907e-11
18,38.0,610.0,1.76385426171e-11
18,38.0,620.0,1.96158682146e-11
18,38.0,630.0,2.08181813775e-11
18,38.0,640.0,2.2845901805e-11
18,38.0,650.0,2.42667752184e-11
18,38.0,660.0,2.43493084294e-11
18,38.0,670.0,2.6357295587e-11
18,38.0,680.0,2.66923217872e-11
18,38.0,690.0,2.63255769555e-11
18,38.0,700.0,2.59002352439e-11
18,38.0,710.0,2.4651883512e-11
18,38.0,720.0,2.28683220473e-11
18,38.0,730.0,2.18899787012e-11
18,38.0,740.0,1.99443933477e-11
18,38.0,750.0,1.81632327377e-11
18,38.0,760.0,1.73688385628e-11
18,38.0,770.0,1.57124596699e-11
18,38.0,780.0,1.39462826037e-11
18,39.0,380.0,2.98198164187e-10
18,39.0,390.0,2.72764080967e-10
18,39.0,400.0,3.66922035348e-10
18,39.0,410.0,4.02969480303e-10
18,39.0,420.0,3.80602870835e-10
18,39.0,430.0,3.22059054399e-10
18,39.0,440.0,3.40313193678e-10
18,39.0,450.0,3.38723716385e-10
18,39.0,460.0,3.03128164844e-10
18,39.0,470.0,2.73904888428e-10
18,39.0,480.0,2.30013618681e-10
18,39.0,490.0,1.94200717887e-10
18,39.0,500.0,1.59202250185e-10
18,39.0,510.0,1.30607123115e-10
18,39.0,520.0,1.0352270035e-10
18,39.0,530.0,7.40019219914e-11
18,39.0,540.0,6.22737385289e-11
18,39.0,550.0,4.95848144229e-11
18,39.0,560.0,3.68386248962e-11
18,39.0,570.0,2.69357893252e-11
18,39.0,580.0,2.47978345909e-11
18,39.0,590.0,2.32197664143e-11
18,39.0,600.0,1.6727321474e-11
18,39.0,610.0,1.68590471931e-11
18,39.0,620.0,1.87436432688e-11
18,39.0,630.0,1.98861032957e-11
18,39.0,640.0,2.18167592128e-11
18,39.0,650.0,2.31667102655e-11
18,39.0,660.0,2.32382307116e-11
18,39.0,670.0,2.51471425157e-11
18,39.0,680.0,2.54589917487e-11
18,39.0,690.0,2.51012982733e-11
18,39.0,700.0,2.46882583674e-11
18,39.0,710.0,2.34908304603e-11
18,39.0,720.0,2.17843439918e-11
18,39.0,730.0,2.08460832247e-11
18,39.0,740.0,1.89873115465e-11
18,39.0,750.0,1.72861281287e-11
18,39.0,760.0,1.65254256477e-11
18,39.0,770.0,1.49450007143e-11
18,39.0,780.0,1.32609447128e-11
18,40.0,380.0,2.91335752132e-10
18,40.0,390.0,2.6605278609e-10
18,40.0,400.0,3.57364941611e-10
18,40.0,410.0,3.91943239864e-10
18,40.0,420.0,3.69730629817e-10
18,40.0,430.0,3.125003405e-10
18,40.0,440.0,3.29856539362e-10
18,40.0,450.0,3.27987139521e-10
18,40.0,460.0,2.93232957733e-10
18,40.0,470.0,2.64730740552e-10
18,40.0,480.0,2.22105224462e-10
18,40.0,490.0,1.87375833769e-10
18,40.0,500.0,1.53477628662e-10
18,40.0,510.0,1.25811050794e-10
18,40.0,520.0,9.96477818659e-11
18,40.0,530.0,7.1170439304e-11
18,40.0,540.0,5.98512804067e-11
18,40.0,550.0,4.76234652058e-11
18,40.0,560.0,3.53570437762e-11
18,40.0,570.0,2.58346067937e-11
18,40.0,580.0,2.37726124675e-11
18,40.0,590.0,2.22500188615e-11
18,40.0,600.0,1.60183819049e-11
18,40.0,610.0,1.61389436408e-11
18,40.0,620.0,1.79383642892e-11
18,40.0,630.0,1.90260394291e-11
18,40.0,640.0,2.08676325447e-11
18,40.0,650.0,2.21526778881e-11
18,40.0,660.0,2.22145244761e-11
18,40.0,670.0,2.40326502628e-11
18,40.0,680.0,2.43236375764e-11
18,40.0,690.0,2.39747350595e-11
18,40.0,700.0,2.35734526983e-11
18,40.0,710.0,2.24232696278e-11
18,40.0,720.0,2.07880172174e-11
18,40.0,730.0,1.9886939332e-11
18,40.0,740.0,1.8108238161e-11
18,40.0,750.0,1.64807865018e-11
18,40.0,760.0,1.57512734984e-11
18,40.0,770.0,1.42407928577e-11
18,40.0,780.0,1.26322904752e-11
18,41.0,380.0,2.84779434568e-10
18,41.0,390.0,2.59664243574e-10
18,41.0,400.0,3.48295780828e-10
18,41.0,410.0,3.81508162795e-10
18,41.0,420.0,3.59465664729e-10
18,41.0,430.0,3.03494503759e-10
18,41.0,440.0,3.20023244764e-10
18,41.0,450.0,3.17907784894e-10
18,41.0,460.0,2.83957814221e-10
18,41.0,470.0,2.56143626183e-10
18,41.0,480.0,2.14712439273e-10
18,41.0,490.0,1.81003576991e-10
18,41.0,500.0,1.48138555552e-10
18,41.0,510.0,1.213425649e-10
18,41.0,520.0,9.60409758558e-11
18,41.0,530.0,6.85371303341e-11
18,41.0,540.0,5.7600236841e-11
18,41.0,550.0,4.5802292253e-11
18,41.0,560.0,3.39823106738e-11
18,41.0,570.0,2.48134861511e-11
18,41.0,580.0,2.28225616989e-11
18,41.0,590.0,2.13519430593e-11
18,41.0,600.0,1.53621622429e-11
18,41.0,610.0,1.54727885374e-11
18,41.0,620.0,1.71938584573e-11
18,41.0,630.0,1.82313133748e-11
18,41.0,640.0,1.99910650733e-11
18,41.0,650.0,2.12166218803e-11
18,41.0,660.0,2.12699709095e-11
18,41.0,670.0,2.30047812566e-11
18,41.0,680.0,2.32769647882e-11
18,41.0,690.0,2.29365808419e-11
18,41.0,700.0,2.25465283941e-11
18,41.0,710.0,2.14402299007e-11
18,41.0,720.0,1.98709009452e-11
18,41.0,730.0,1.90043572378e-11
18,41.0,740.0,1.72996094237e-11
18,41.0,750.0,1.57402265004e-11
18,41.0,760.0,1.50396227637e-11
18,41.0,770.0,1.35936438042e-11
18,41.0,780.0,1.205475321e-11
18,42.0,380.0,2.78515260957e-10
18,42.0,390.0,2.5358140177e-10
18,42.0,400.0,3.3968605646e-10
18,42.0,410.0,3.71627102104e-10
18,42.0,420.0,3.49767615043e-10
18,42.0,430.0,2.95003128509e-10
18,42.0,440.0,3.10768401764e-10
18,42.0,450.0,3.08436863148e-10
18,42.0,460.0,2.75255524046e-10
18,42.0,470.0,2.4809787708e-10
18,42.0,480.0,2.07794396083e-10
18,42.0,490.0,1.75047486356e-10
18,42.0,500.0,1.43153526544e-10
18,42.0,510.0,1.17174557794e-10
18,42.0,520.0,9.26798458502e-11
18,42.0,530.0,6.60852456436e-11
18,42.0,540.0,5.5505988762e-11
18,42.0,550.0,4.41092435324e-11
18,42.0,560.0,3.27051723482e-11
18,42.0,570.0,2.38654492472e-11
18,42.0,580.0,2.19410875454e-11
18,42.0,590.0,2.05192112233e-11
18,42.0,600.0,1.47539837649e-11
18,42.0,610.0,1.48557657017e-11
18,42.0,620.0,1.65046688138e-11
18,42.0,630.0,1.74960272748e-11
18,42.0,640.0,1.91804741997e-11
18,42.0,650.0,2.03514349511e-11
18,42.0,660.0,2.03973234771e-11
18,42.0,670.0,2.20555714702e-11
18,42.0,680.0,2.23107871763e-11
18,42.0,690.0,2.19786428025e-11
18,42.0,700.0,2.15993110545e-11
18,42.0,710.0,2.05338207669e-11
18,42.0,720.0,1.90255742084e-11
18,42.0,730.0,1.8191139554e-11
18,42.0,740.0,1.65547806726e-11
18,42.0,750.0,1.50583173845e-11
18,42.0,760.0,1.43845398355e-11
18,42.0,770.0,1.29981196421e-11
18,42.0,780.0,1.15234496642e-11
18,43.0,380.0,2.72529794934e-10
18,43.0,390.0,2.47788155919e-10
18,43.0,400.0,3.31509186643e-10
18,43.0,410.0,3.62265708414e-10
18,43.0,420.0,3.40599404652e-10
18,43.0,430.0,2.86991107103e-10
18,43.0,440.0,3.02051140429e-10
18,43.0,450.0,2.99530126162e-10
18,43.0,460.0,2.67083395419e-10
18,43.0,470.0,2.40552299887e-10
18,43.0,480.0,2.0131431044e-10
18,43.0,490.0,1.69474806136e-10
18,43.0,500.0,1.38494285121e-10
18,43.0,510.0,1.13282751745e-10
18,43.0,520.0,8.95443240489e-11
18,43.0,530.0,6.37998198742e-11
18,43.0,540.0,5.35554882905e-11
18,43.0,550.0,4.25335723475e-11
18,43.0,560.0,3.1517384437e-11
18,43.0,570.0,2.29842830735e-11
18,43.0,580.0,2.11223232317e-11
18,43.0,590.0,1.97461985953e-11
18,43.0,600.0,1.41896896866e-11
18,43.0,610.0,1.42835995586e-11
18,43.0,620.0,1.5865954789e-11
18,43.0,630.0,1.68149530861e-11
18,43.0,640.0,1.84300287823e-11
18,43.0,650.0,1.95508249806e-11
18,43.0,660.0,1.95901703505e-11
18,43.0,670.0,2.11779779611e-11
18,43.0,680.0,2.14178688821e-11
18,43.0,690.0,2.10936825917e-11
18,43.0,700.0,2.07245818089e-11
18,43.0,710.0,1.9697076974e-11
18,43.0,720.0,1.82454888684e-11
18,43.0,730.0,1.74409378987e-11
18,43.0,740.0,1.58678932365e-11
18,43.0,750.0,1.44296555595e-11
18,43.0,760.0,1.37807967206e-11
18,43.0,770.0,1.24494342829e-11
18,43.0,780.0,1.10340801792e-11
18,44.0,380.0,2.66810121526e-10
18,44.0,390.0,2.42269296154e-10
18,44.0,400.0,3.23740351785e-10
18,44.0,410.0,3.53392169982e-10
18,44.0,420.0,3.31926908251e-10
18,44.0,430.0,2.79426283389e-10
18,44.0,440.0,2.93834174729e-10
18,44.0,450.0,2.91147339014e-10
18,44.0,460.0,2.59402715831e-10
18,44.0,470.0,2.33469630409e-10
18,44.0,480.0,1.95238973838e-10
18,44.0,490.0,1.64256018994e-10
18,44.0,500.0,1.34135407932e-10
18,44.0,510.0,1.09645333573e-10
18,44.0,520.0,8.6616402434e-11
18,44.0,530.0,6.16674373218e-11
18,44.0,540.0,5.17370506174e-11
18,44.0,550.0,4.10656632475e-11
18,44.0,560.0,3.0411576123e-11
18,44.0,570.0,2.21644366235e-11
18,44.0,580.0,2.03610312197e-11
18,44.0,590.0,1.90278875451e-11
18,44.0,600.0,1.36655737333e-11
18,44.0,610.0,1.37524807436e-11
18,44.0,620.0,1.52734068949e-11
18,44.0,630.0,1.61834394311e-11
18,44.0,640.0,1.77345441528e-11
18,44.0,650.0,1.88092006653e-11
18,44.0,660.0,1.88428168809e-11
18,44.0,670.0,2.03657487289e-11
18,44.0,680.0,2.05917896919e-11
18,44.0,690.0,2.02752806424e-11
18,44.0,700.0,1.99159410995e-11
18,44.0,710.0,1.89238262883e-11
18,44.0,720.0,1.75248445645e-11
18,44.0,730.0,1.67481309726e-11
18,44.0,740.0,1.52337613119e-11
18,44.0,750.0,1.3849459702e-11
18,44.0,760.0,1.32237690606e-11
18,44.0,770.0,1.19433556497e-11
18,44.0,780.0,1.05828440228e-11
18,45.0,380.0,2.61343835708e-10
18,45.0,390.0,2.37010445852e-10
18,45.0,400.0,3.1635634025e-10
18,45.0,410.0,3.44976963565e-10
18,45.0,420.0,3.23718640626e-10
18,45.0,430.0,2.72279126492e-10
18,45.0,440.0,2.86083391887e-10
18,45.0,450.0,2.83251806876e-10
18,45.0,460.0,2.5217827216e-10
18,45.0,470.0,2.2681605051e-10
18,45.0,480.0,1.89538307113e-10
18,45.0,490.0,1.59364435725e-10
18,45.0,500.0,1.30053941659e-10
18,45.0,510.0,1.06242635472e-10
18,45.0,520.0,8.38798635027e-11
18,45.0,530.0,5.96760279185e-11
18,45.0,540.0,5.004017318e-11
18,45.0,550.0,3.96968809828e-11
18,45.0,560.0,2.93811328533e-11
18,45.0,570.0,2.14009316002e-11
18,45.0,580.0,1.96525178371e-11
18,45.0,590.0,1.83597847453e-11
18,45.0,600.0,1.31783184936e-11
18,45.0,610.0,1.325900197e-11
18,45.0,620.0,1.47231732716e-11
18,45.0,630.0,1.55973314737e-11
18,45.0,640.0,1.70893919003e-11
18,45.0,650.0,1.81215733378e-11
18,45.0,660.0,1.81501847737e-11
18,45.0,670.0,1.96133111537e-11
18,45.0,680.0,1.98268296449e-11
18,45.0,690.0,1.95177200149e-11
18,45.0,700.0,1.91676921462e-11
18,45.0,710.0,1.82085764298e-11
18,45.0,720.0,1.68584818575e-11
18,45.0,730.0,1.6107720432e-11
18,45.0,740.0,1.46477754043e-11
18,45.0,750.0,1.33134812901e-11
18,45.0,760.0,1.27093491728e-11
18,45.0,770.0,1.14761257232e-11
18,45.0,780.0,1.01663672623e-11
18,46.0,380.0,2.56119017494e-10
18,46.0,390.0,2.31997994166e-10
18,46.0,400.0,3.09335395726e-10
18,46.0,410.0,3.36992618159e-10
18,46.0,420.0,3.15945468834e-10
18,46.0,430.0,2.65522433153e-10
18,46.0,440.0,2.78767481596e-10
18,46.0,450.0,2.75809951189e-10
18,46.0,460.0,2.45377923363e-10
18,46.0,470.0,2.20560760011e-10
18,46.0,480.0,1.84184966194e-10
18,46.0,490.0,1.54775834284e-10
18,46.0,500.0,1.26229084359e-10
18,46.0,510.0,1.03056855557e-10
18,46.0,520.0,8.1320044985e-11
18,46.0,530.0,5.78146892393e-11
18,46.0,540.0,4.84553781458e-11
18,46.0,550.0,3.84194390996e-11
18,46.0,560.0,2.84200944199e-11
18,46.0,570.0,2.06892848888e-11
18,46.0,580.0,1.8992559239e-11
18,46.0,590.0,1.77378494187e-11
18,46.0,600.0,1.27249420513e-11
18,46.0,610.0,1.28001025695e-11
18,46.0,620.0,1.42117962366e-11
18,46.0,630.0,1.50529017719e-11
18,46.0,640.0,1.64904220849e-11
18,46.0,650.0,1.74834723811e-11
18,46.0,660.0,1.75077252931e-11
18,46.0,670.0,1.89156760254e-11
18,46.0,680.0,1.91178698346e-11
18,46.0,690.0,1.88158866052e-11
18,46.0,700.0,1.84747408902e-11
18,46.0,710.0,1.75464180495e-11
18,46.0,720.0,1.62417905857e-11
18,46.0,730.0,1.55152416346e-11
18,46.0,740.0,1.4105819603e-11
18,46.0,750.0,1.28179279884e-11
18,46.0,760.0,1.22338716244e-11
18,46.0,770.0,1.10443921424e-11
18,46.0,780.0,9.78164108931e-12
18,47.0,380.0,2.5112419812e-10
18,47.0,390.0,2.27219026072e-10
18,47.0,400.0,3.02657069488e-10
18,47.0,410.0,3.2941349354e-10
18,47.0,420.0,3.08580347482e-10
18,47.0,430.0,2.59131057393e-10
18,47.0,440.0,2.71857602298e-10
18,47.0,450.0,2.68790930792e-10
18,47.0,460.0,2.38972220487e-10
18,47.0,470.0,2.14675597638e-10
18,47.0,480.0,1.79153994221e-10
18,47.0,490.0,1.50468142199e-10
18,47.0,500.0,1.22641905783e-10
18,47.0,510.0,1.00071813101e-10
18,47.0,520.0,7.89236341337e-11
18,47.0,530.0,5.60735311038e-11
18,47.0,540.0,4.6974075082e-11
18,47.0,550.0,3.72262855101e-11
18,47.0,560.0,2.7523066296e-11
18,47.0,570.0,2.00254411714e-11
18,47.0,580.0,1.83773371188e-11
18,47.0,590.0,1.71584310984e-11
18,47.0,600.0,1.23027517239e-11
18,47.0,610.0,1.23730204626e-11
18,47.0,620.0,1.37361573909e-11
18,47.0,630.0,1.45467905076e-11
18,47.0,640.0,1.59338960562e-11
18,47.0,650.0,1.68908722318e-11
18,47.0,660.0,1.69113444074e-11
18,47.0,670.0,1.82683548337e-11
18,47.0,680.0,1.84603069697e-11
18,47.0,690.0,1.81651832457e-11
18,47.0,700.0,1.78325099138e-11
18,47.0,710.0,1.69329413056e-11
18,47.0,720.0,1.56706311069e-11
18,47.0,730.0,1.49666869735e-11
18,47.0,740.0,1.36042005581e-11
18,47.0,750.0,1.23593979035e-11
18,47.0,760.0,1.17940493928e-11
18,47.0,770.0,1.06451495624e-11
18,47.0,780.0,9.42596896575e-12
18,48.0,380.0,2.46348321518e-10
18,48.0,390.0,2.22661253081e-10
18,48.0,400.0,2.96302080685e-10
18,48.0,410.0,3.22215575766e-10
18,48.0,420.0,3.0159807785e-10
18,48.0,430.0,2.53081666973e-10
18,48.0,440.0,2.65327082764e-10
18,48.0,450.0,2.62166305033e-10
18,48.0,460.0,2.32934070294e-10
18,48.0,470.0,2.09134706699e-10
18,48.0,480.0,1.74422515616e-10
18,48.0,490.0,1.46421158002e-10
18,48.0,500.0,1.19275102558e-10
18,48.0,510.0,9.72727346771e-11
18,48.0,520.0,7.66784882813e-11
18,48.0,530.0,5.44435401903e-11
18,48.0,540.0,4.55884414626e-11
18,48.0,550.0,3.61110030329e-11
18,48.0,560.0,2.66851426419e-11
18,48.0,570.0,1.94057144553e-11
18,48.0,580.0,1.78033829753e-11
18,48.0,590.0,1.66182157206e-11
18,48.0,600.0,1.19093040174e-11
18,48.0,610.0,1.19752506222e-11
18,48.0,620.0,1.32934301872e-11
18,48.0,630.0,1.40759538828e-11
18,48.0,640.0,1.54164284938e-11
18,48.0,650.0,1.63401294467e-11
18,48.0,660.0,1.63573382969e-11
18,48.0,670.0,1.76672885495e-11
18,48.0,680.0,1.78499798485e-11
18,48.0,690.0,1.75614558225e-11
18,48.0,700.0,1.72368644424e-11
18,48.0,710.0,1.6364164183e-11
18,48.0,720.0,1.51412666592e-11
18,48.0,730.0,1.44584400637e-11
18,48.0,740.0,1.31395865391e-11
18,48.0,750.0,1.19348231945e-11
18,48.0,760.0,1.13869191355e-11
18,48.0,770.0,1.02756893985e-11
18,48.0,780.0,9.09692134661e-12
18,49.0,380.0,2.29723616802e-10
18,49.0,390.0,2.06703632342e-10
18,49.0,400.0,2.73827272828e-10
18,49.0,410.0,2.96408413494e-10
18,49.0,420.0,2.76129492663e-10
18,49.0,430.0,2.30574000159e-10
18,49.0,440.0,2.40500584602e-10
18,49.0,450.0,2.36375919892e-10
18,49.0,460.0,2.08872280116e-10
18,49.0,470.0,1.86465568309e-10
18,49.0,480.0,1.5462063401e-10
18,49.0,490.0,1.29020580204e-10
18,49.0,500.0,1.04470764871e-10
18,49.0,510.0,8.46812862376e-11
18,49.0,520.0,6.6342588942e-11
18,49.0,530.0,4.68244938504e-11
18,49.0,540.0,3.89676981151e-11
18,49.0,550.0,3.06805000042e-11
18,49.0,560.0,2.25385222926e-11
18,49.0,570.0,1.62963891523e-11
18,49.0,580.0,1.48659127562e-11
18,49.0,590.0,1.3807134027e-11
18,49.0,600.0,9.85188313964e-12
18,49.0,610.0,9.86173441439e-12
18,49.0,620.0,1.0900110326e-11
18,49.0,630.0,1.14958728244e-11
18,49.0,640.0,1.25434324463e-11
18,49.0,650.0,1.32482337665e-11
18,49.0,660.0,1.32183294959e-11
18,49.0,670.0,1.42321933466e-11
18,49.0,680.0,1.43369653398e-11
18,49.0,690.0,1.4066105206e-11
18,49.0,700.0,1.37698736428e-11
18,49.0,710.0,1.3040627126e-11
18,49.0,720.0,1.20382542914e-11
18,49.0,730.0,1.1470194765e-11
18,49.0,740.0,1.0402633876e-11
18,49.0,750.0,9.43073277178e-12
18,49.0,760.0,8.9811624995e-12
18,49.0,770.0,8.09078613449e-12
18,49.0,780.0,7.15118726345e-12
18,50.0,380.0,2.25295268931e-10
18,50.0,390.0,2.02535923646e-10
18,50.0,400.0,2.68090343709e-10
18,50.0,410.0,2.89988442327e-10
18,50.0,420.0,2.69974227618e-10
18,50.0,430.0,2.25300992065e-10
18,50.0,440.0,2.34869361035e-10
18,50.0,450.0,2.3072558592e-10
18,50.0,460.0,2.03773057139e-10
18,50.0,470.0,1.81837400115e-10
18,50.0,480.0,1.50702840672e-10
18,50.0,490.0,1.25705909379e-10
18,50.0,500.0,1.01735932846e-10
18,50.0,510.0,8.24268436074e-11
18,50.0,520.0,6.45502465446e-11
18,50.0,530.0,4.55280354597e-11
18,50.0,540.0,3.78748927493e-11
18,50.0,550.0,2.98066518378e-11
18,50.0,560.0,2.18850848245e-11
18,50.0,570.0,1.58144845906e-11
18,50.0,580.0,1.44239139524e-11
18,50.0,590.0,1.33951302623e-11
18,50.0,600.0,9.55170381006e-12
18,50.0,610.0,9.5616104758e-12
18,50.0,620.0,1.05704090821e-11
18,50.0,630.0,1.11487593111e-11
18,50.0,640.0,1.21657582673e-11
18,50.0,650.0,1.28497025156e-11
18,50.0,660.0,1.28203155338e-11
18,50.0,670.0,1.38033457043e-11
18,50.0,680.0,1.39040731506e-11
18,50.0,690.0,1.36400447183e-11
18,50.0,700.0,1.3351525538e-11
18,50.0,710.0,1.26426775297e-11
18,50.0,720.0,1.16691338767e-11
18,50.0,730.0,1.11169992619e-11
18,50.0,740.0,1.00806201307e-11
18,50.0,750.0,9.13712162708e-12
18,50.0,760.0,8.70039956995e-12
18,50.0,770.0,7.83652352863e-12
18,50.0,780.0,6.9250675062e-12
18,51.0,380.0,2.13585023888e-10
18,51.0,390.0,1.91617303499e-10
18,51.0,400.0,2.53172047198e-10
18,51.0,410.0,2.73390438821e-10
18,51.0,420.0,2.54130137995e-10
18,51.0,430.0,2.11769213858e-10
18,51.0,440.0,2.20443856924e-10
18,51.0,450.0,2.16262037326e-10
18,51.0,460.0,1.90713551428e-10
18,51.0,470.0,1.69971778771e-10
18,51.0,480.0,1.4063359373e-10
18,51.0,490.0,1.1716470493e-10
18,51.0,500.0,9.46624035388e-11
18,51.0,510.0,7.65716871234e-11
18,51.0,520.0,5.98743095902e-11
18,51.0,530.0,4.21299351135e-11
18,51.0,540.0,3.49963896392e-11
18,51.0,550.0,2.74935028221e-11
18,51.0,560.0,2.01474384668e-11
18,51.0,570.0,1.45280813274e-11
18,51.0,580.0,1.32355081169e-11
18,51.0,590.0,1.22773812474e-11
18,51.0,600.0,8.73324555994e-12
18,51.0,610.0,8.73431339102e-12
18,51.0,620.0,9.65038697681e-12
18,51.0,630.0,1.01693305721e-11
18,51.0,640.0,1.10881253715e-11
18,51.0,650.0,1.17003378267e-11
18,51.0,660.0,1.1660489262e-11
18,51.0,670.0,1.25408021609e-11
18,51.0,680.0,1.26167112973e-11
18,51.0,690.0,1.23602310062e-11
18,51.0,700.0,1.20823216269e-11
18,51.0,710.0,1.14231828791e-11
18,51.0,720.0,1.05265352569e-11
18,51.0,730.0,1.00127541234e-11
18,51.0,740.0,9.06361302714e-12
18,51.0,750.0,8.20027687542e-12
18,51.0,760.0,7.79570154241e-12
18,51.0,770.0,7.00891115489e-12
18,51.0,780.0,6.1814171005e-12
18,52.0,380.0,2.10068063582e-10
18,52.0,390.0,1.88307873539e-10
18,52.0,400.0,2.48617854971e-10
18,52.0,410.0,2.68296494442e-10
18,52.0,420.0,2.49248765294e-10
18,52.0,430.0,2.07590755041e-10
18,52.0,440.0,2.15987131331e-10
18,52.0,450.0,2.11795419318e-10
18,52.0,460.0,1.86691721914e-10
18,52.0,470.0,1.6632599893e-10
18,52.0,480.0,1.37558531708e-10
18,52.0,490.0,1.14566802387e-10
18,52.0,500.0,9.25276138607e-11
18,52.0,510.0,7.48185074833e-11
18,52.0,520.0,5.84851232051e-11
18,52.0,530.0,4.11331317659e-11
18,52.0,540.0,3.41590153022e-11
18,52.0,550.0,2.68272312516e-11
18,52.0,560.0,1.96523849484e-11
18,52.0,570.0,1.41657904995e-11
18,52.0,580.0,1.29036544683e-11
18,52.0,590.0,1.19682177644e-11
18,52.0,600.0,8.50994220089e-12
18,52.0,610.0,8.51077245917e-12
18,52.0,620.0,9.40404879539e-12
18,52.0,630.0,9.90977128148e-12
18,52.0,640.0,1.08054329531e-11
18,52.0,650.0,1.14020518697e-11
18,52.0,660.0,1.13628932578e-11
18,52.0,670.0,1.22204937437e-11
18,52.0,680.0,1.2293947201e-11
18,52.0,690.0,1.20432994263e-11
18,52.0,700.0,1.17718614567e-11
18,52.0,710.0,1.1128764781e-11
18,52.0,720.0,1.02543508007e-11
18,52.0,730.0,9.75313521233e-12
18,52.0,740.0,8.82779358641e-12
18,52.0,750.0,7.98612438098e-12
18,52.0,760.0,7.59160292009e-12
18,52.0,770.0,6.82480990539e-12
18,52.0,780.0,6.01842793028e-12
18,53.0,380.0,2.06622745305e-10
18,53.0,390.0,1.85072529819e-10
18,53.0,400.0,2.44173298917e-10
18,53.0,410.0,2.63332417289e-10
18,53.0,420.0,2.44497702059e-10
18,53.0,430.0,2.03528093452e-10
18,53.0,440.0,2.11657767381e-10
18,53.0,450.0,2.07459719055e-10
18,53.0,460.0,1.82790290977e-10
18,53.0,470.0,1.62791271081e-10
18,53.0,480.0,1.34578538695e-10
18,53.0,490.0,1.12050184155e-10
18,53.0,500.0,9.04603176664e-11
18,53.0,510.0,7.31212351795e-11
18,53.0,520.0,5.71405490564e-11
18,53.0,530.0,4.01685543923e-11
18,53.0,540.0,3.33488399173e-11
18,53.0,550.0,2.61826888301e-11
18,53.0,560.0,1.91735330741e-11
18,53.0,570.0,1.38153919705e-11
18,53.0,580.0,1.25827150103e-11
18,53.0,590.0,1.16692471915e-11
18,53.0,600.0,8.29402803559e-12
18,53.0,610.0,8.29464198053e-12
18,53.0,620.0,9.16588596553e-12
18,53.0,630.0,9.65883677428e-12
18,53.0,640.0,1.05321426185e-11
18,53.0,650.0,1.11136960342e-11
18,53.0,660.0,1.10752148924e-11
18,53.0,670.0,1.19108698437e-11
18,53.0,680.0,1.1981960692e-11
18,53.0,690.0,1.17369626565e-11
18,53.0,700.0,1.14717909623e-11
18,53.0,710.0,1.08442116417e-11
18,53.0,720.0,9.99129774663e-12
18,53.0,730.0,9.50223629765e-12
18,53.0,740.0,8.59990481269e-12
18,53.0,750.0,7.77918322347e-12
18,53.0,760.0,7.39438460881e-12
18,53.0,770.0,6.64692226931e-12
18,53.0,780.0,5.86094670207e-12
18,54.0,380.0,2.03243766869e-10
18,54.0,390.0,1.81905661342e-10
18,54.0,400.0,2.39829905923e-10
18,54.0,410.0,2.58487987117e-10
18,54.0,420.0,2.39866520837e-10
18,54.0,430.0,1.99571819061e-10
18,54.0,440.0,2.0744526684e-10
18,54.0,450.0,2.03243996617e-10
18,54.0,460.0,1.78999072348e-10
18,54.0,470.0,1.59358079815e-10
18,54.0,480.0,1.31685381455e-10
18,54.0,490.0,1.09607726613e-10
18,54.0,500.0,8.84545417486e-11
18,54.0,510.0,7.14748740472e-11
18,54.0,520.0,5.58365612248e-11
18,54.0,530.0,3.92332763065e-11
18,54.0,540.0,3.25633703883e-11
18,54.0,550.0,2.55578679365e-11
18,54.0,560.0,1.87093757269e-11
18,54.0,570.0,1.34757731832e-11
18,54.0,580.0,1.22716595646e-11
18,54.0,590.0,1.13794999522e-11
18,54.0,600.0,8.08479884054e-12
18,54.0,610.0,8.08521006859e-12
18,54.0,620.0,8.93510606572e-12
18,54.0,630.0,9.41568501066e-12
18,54.0,640.0,1.02673298434e-11
18,54.0,650.0,1.08342877636e-11
18,54.0,660.0,1.07964675977e-11
18,54.0,670.0,1.16108621665e-11
18,54.0,680.0,1.16796694181e-11
18,54.0,690.0,1.14401526751e-11
18,54.0,700.0,1.11810590602e-11
18,54.0,710.0,1.05685225877e-11
18,54.0,720.0,9.73644729315e-12
18,54.0,730.0,9.25916820443e-12
18,54.0,740.0,8.37913641584e-12
18,54.0,750.0,7.57871538786e-12
18,54.0,760.0,7.20334105668e-12
18,54.0,770.0,6.47461010711e-12
18,54.0,780.0,5.70840712693e-12
18,55.0,380.0,1.99925908798e-10
18,55.0,390.0,1.78801799541e-10
18,55.0,400.0,2.35579477949e-10
18,55.0,410.0,2.53753370203e-10
18,55.0,420.0,2.35345232044e-10
18,55.0,430.0,1.95712948337e-10
18,55.0,440.0,2.03339635797e-10
18,55.0,450.0,1.9913786198e-10
18,55.0,460.0,1.75308410977e-10
18,55.0,470.0,1.56017420602e-10
18,55.0,480.0,1.28871280174e-10
18,55.0,490.0,1.07232706267e-10
18,55.0,500.0,8.65046545266e-11
18,55.0,510.0,6.98747180139e-11
18,55.0,520.0,5.45693705024e-11
18,55.0,530.0,3.83245451946e-11
18,55.0,540.0,3.18002635116e-11
18,55.0,550.0,2.49508826868e-11
18,55.0,560.0,1.82584979088e-11
18,55.0,570.0,1.314589009e-11
18,55.0,580.0,1.19695216842e-11
18,55.0,590.0,1.10980667493e-11
18,55.0,600.0,7.88159451603e-12
18,55.0,610.0,7.88180960324e-12
18,55.0,620.0,8.7109666244e-12
18,55.0,630.0,9.17952717975e-12
18,55.0,640.0,1.00101286834e-11
18,55.0,650.0,1.05629069141e-11
18,55.0,660.0,1.05257276453e-11
18,55.0,670.0,1.13194706339e-11
18,55.0,680.0,1.13860603289e-11
18,55.0,690.0,1.11518700421e-11
18,55.0,700.0,1.08986823476e-11
18,55.0,710.0,1.03007613896e-11
18,55.0,720.0,9.4889308117e-12
18,55.0,730.0,9.02309952895e-12
18,55.0,740.0,8.16473091325e-12
18,55.0,750.0,7.38403110699e-12
18,55.0,760.0,7.01781296146e-12
18,55.0,770.0,6.30727723199e-12
18,55.0,780.0,5.56028025934e-12
18,56.0,380.0,1.96664036297e-10
18,56.0,390.0,1.75755613229e-10
18,56.0,400.0,2.31414076348e-10
18,56.0,410.0,2.49119092851e-10
18,56.0,420.0,2.30924250705e-10
18,56.0,430.0,1.91942889606e-10
18,56.0,440.0,1.99331341717e-10
18,56.0,450.0,1.95131426453e-10
18,56.0,460.0,1.71709134801e-10
18,56.0,470.0,1.52760752267e-10
18,56.0,480.0,1.26128865522e-10
18,56.0,490.0,1.04918761185e-10
18,56.0,500.0,8.46053326999e-11
18,56.0,510.0,6.83163224548e-11
18,56.0,520.0,5.3335400765e-11
18,56.0,530.0,3.74397656203e-11
18,56.0,540.0,3.10573108003e-11
18,56.0,550.0,2.43599565247e-11
18,56.0,560.0,1.78195673031e-11
18,56.0,570.0,1.28247601101e-11
18,56.0,580.0,1.16753920498e-11
18,56.0,590.0,1.08240922729e-11
18,56.0,600.0,7.68379447994e-12
18,56.0,610.0,7.6838135213e-12
18,56.0,620.0,8.49276981801e-12
18,56.0,630.0,8.94962201132e-12
18,56.0,640.0,9.7597254719e-12
18,56.0,650.0,1.02986890022e-11
18,56.0,660.0,1.02621273158e-11
18,56.0,670.0,1.10357559375e-11
18,56.0,680.0,1.11001820836e-11
18,56.0,690.0,1.08711763644e-11
18,56.0,700.0,1.06237376462e-11
18,56.0,710.0,1.00400493258e-11
18,56.0,720.0,9.24793319269e-12
18,56.0,730.0,8.79325023954e-12
18,56.0,740.0,7.95597777387e-12
18,56.0,750.0,7.19448350688e-12
18,56.0,760.0,6.83718213107e-12
18,56.0,770.0,6.14436474452e-12
18,56.0,780.0,5.41607034333e-12
18,57.0,380.0,1.93453086189e-10
18,57.0,390.0,1.72761890242e-10
18,57.0,400.0,2.2732598891e-10
18,57.0,410.0,2.44575996611e-10
18,57.0,420.0,2.26594346547e-10
18,57.0,430.0,1.88253394833e-10
18,57.0,440.0,1.95411256637e-10
18,57.0,450.0,1.91215240755e-10
18,57.0,460.0,1.68192494916e-10
18,57.0,470.0,1.4957993928e-10
18,57.0,480.0,1.23451127397e-10
18,57.0,490.0,1.02659845553e-10
18,57.0,500.0,8.27515223747e-11
18,57.0,510.0,6.67954710934e-11
18,57.0,520.0,5.21312618667e-11
18,57.0,530.0,3.65764790831e-11
18,57.0,540.0,3.03324212723e-11
18,57.0,550.0,2.37834082065e-11
18,57.0,560.0,1.73913236547e-11
18,57.0,570.0,1.25114542292e-11
18,57.0,580.0,1.13884110795e-11
18,57.0,590.0,1.05567681778e-11
18,57.0,600.0,7.49081254268e-12
18,57.0,610.0,7.49062958744e-12
18,57.0,620.0,8.2798565939e-12
18,57.0,630.0,8.72526948017e-12
18,57.0,640.0,9.51535185421e-12
18,57.0,650.0,1.00408177502e-11
18,57.0,660.0,1.00048473691e-11
18,57.0,670.0,1.07588313382e-11
18,57.0,680.0,1.08211366994e-11
18,57.0,690.0,1.05971860149e-11
18,57.0,700.0,1.03553538166e-11
18,57.0,710.0,9.78555735703e-12
18,57.0,720.0,9.01268555718e-12
18,57.0,730.0,8.56888467426e-12
18,57.0,740.0,7.75220701656e-12
18,57.0,750.0,7.00946275884e-12
18,57.0,760.0,6.66086587562e-12
18,57.0,770.0,5.98534594657e-12
18,57.0,780.0,5.27531028788e-12
18,58.0,380.0,1.90288038533e-10
18,58.0,390.0,1.69815505469e-10
18,58.0,400.0,2.23307679152e-10
18,58.0,410.0,2.40115174602e-10
18,58.0,420.0,2.22346576794e-10
18,58.0,430.0,1.84636497192e-10
18,58.0,440.0,1.91570585752e-10
18,58.0,450.0,1.87380218929e-10
18,58.0,460.0,1.64750093378e-10
18,58.0,470.0,1.4646718308e-10
18,58.0,480.0,1.20831354623e-10
18,58.0,490.0,1.00450176715e-10
18,58.0,500.0,8.09383941241e-11
18,58.0,510.0,6.53081379873e-11
18,58.0,520.0,5.09537186772e-11
18,58.0,530.0,3.57323413524e-11
18,58.0,540.0,2.96236019608e-11
18,58.0,550.0,2.32196359843e-11
18,58.0,560.0,1.69725668197e-11
18,58.0,570.0,1.2205088131e-11
18,58.0,580.0,1.11077606496e-11
18,58.0,590.0,1.02953252325e-11
18,58.0,600.0,7.30209119172e-12
18,58.0,610.0,7.30169457185e-12
18,58.0,620.0,8.0716001341e-12
18,58.0,630.0,8.50580381273e-12
18,58.0,640.0,9.27627705689e-12
18,58.0,650.0,9.78851682214e-12
18,58.0,660.0,9.75310870374e-12
18,58.0,670.0,1.04878535894e-11
18,58.0,680.0,1.05480703161e-11
18,58.0,690.0,1.03290569863e-11
18,58.0,700.0,1.00927027243e-11
18,58.0,710.0,9.53649749742e-12
18,58.0,720.0,8.78245722685e-12
18,58.0,730.0,8.3493038322e-12
18,58.0,740.0,7.5527821687e-12
18,58.0,750.0,6.82838965264e-12
18,58.0,760.0,6.48831084863e-12
18,58.0,770.0,5.82972075987e-12
18,58.0,780.0,5.13755670564e-12
18,59.0,380.0,1.87163873415e-10
18,59.0,390.0,1.66911375692e-10
18,59.0,400.0,2.19351718355e-10
18,59.0,410.0,2.35727889428e-10
18,59.0,420.0,2.18172202045e-10
18,59.0,430.0,1.81084434685e-10
18,59.0,440.0,1.87800781623e-10
18,59.0,450.0,1.83617548255e-10
18,59.0,460.0,1.61373798709e-10
18,59.0,470.0,1.43414942493e-10
18,59.0,480.0,1.18263065647e-10
18,59.0,490.0,9.82841747005e-11
18,59.0,500.0,7.91612919639e-11
18,59.0,510.0,6.38504445731e-11
18,59.0,520.0,4.97996562331e-11
18,59.0,530.0,3.49050970544e-11
18,59.0,540.0,2.89289361229e-11
18,59.0,550.0,2.26670999638e-11
18,59.0,560.0,1.65621434658e-11
18,59.0,570.0,1.19048123483e-11
18,59.0,580.0,1.08326549119e-11
18,59.0,590.0,1.00390246247e-11
18,59.0,600.0,7.11709527478e-12
18,59.0,610.0,7.11646782247e-12
18,59.0,620.0,7.86739864505e-12
18,59.0,630.0,8.29058577879e-12
18,59.0,640.0,9.04179937298e-12
18,59.0,650.0,9.54104072722e-12
18,59.0,660.0,9.50616318269e-12
18,59.0,670.0,1.02220129618e-11
18,59.0,680.0,1.02801630523e-11
18,59.0,690.0,1.00659808501e-11
18,59.0,700.0,9.83498932932e-12
18,59.0,710.0,9.29211335577e-12
18,59.0,720.0,8.55654692794e-12
18,59.0,730.0,8.13383693509e-12
18,59.0,740.0,7.35709256372e-12
18,59.0,750.0,6.65070857111e-12
18,59.0,760.0,6.31898631891e-12
18,59.0,770.0,5.6770096326e-12
18,59.0,780.0,5.00238450006e-12
18,60.0,380.0,1.84075513876e-10
18,60.0,390.0,1.6404440207e-10
18,60.0,400.0,2.1545070146e-10
18,60.0,410.0,2.31405473837e-10
18,60.0,420.0,2.1406258628e-10
18,60.0,430.0,1.77589560665e-10
18,60.0,440.0,1.84093444851e-10
18,60.0,450.0,1.79918585956e-10
18,60.0,460.0,1.58055649825e-10
18,60.0,470.0,1.40415843825e-10
18,60.0,480.0,1.15739930692e-10
18,60.0,490.0,9.61563946189e-11
18,60.0,500.0,7.74156765406e-11
18,60.0,510.0,6.24186120027e-11
18,60.0,520.0,4.86660411808e-11
18,60.0,530.0,3.40925516368e-11
18,60.0,540.0,2.82465592486e-11
18,60.0,550.0,2.21243027196e-11
18,60.0,560.0,1.61589324829e-11
18,60.0,570.0,1.16098014753e-11
18,60.0,580.0,1.05623302463e-11
18,60.0,590.0,9.78714845668e-12
18,60.0,600.0,6.93530510726e-12
18,60.0,610.0,6.93442425667e-12
18,60.0,620.0,7.66666749957e-12
18,60.0,630.0,8.07899429541e-12
18,60.0,640.0,8.81123689121e-12
18,60.0,650.0,9.29766491974e-12
18,60.0,660.0,9.26328365476e-12
18,60.0,670.0,9.96052239649e-12
18,60.0,680.0,1.00166179826e-11
18,60.0,690.0,9.80717185187e-12
18,60.0,700.0,9.58144092837e-12
18,60.0,710.0,9.05166987362e-12
18,60.0,720.0,8.33427325428e-12
18,60.0,730.0,7.92183228317e-12
18,60.0,740.0,7.16454499915e-12
18,60.0,750.0,6.47587988621e-12
18,60.0,760.0,6.15237689187e-12
18,60.0,770.0,5.52674695096e-12
18,60.0,780.0,4.86938101626e-12
18,90.0,380.0,1.19999844307e-10
18,90.0,390.0,1.05385128578e-10
18,90.0,400.0,1.36568827321e-10
18,90.0,410.0,1.44866324308e-10
18,90.0,420.0,1.32472406128e-10
18,90.0,430.0,1.08690180028e-10
18,90.0,440.0,1.11426471198e-10
18,90.0,450.0,1.0776549491e-10
18,90.0,460.0,9.35701244146e-11
18,90.0,470.0,8.23209324146e-11
18,90.0,480.0,6.69639827551e-11
18,90.0,490.0,5.51089248029e-11
18,90.0,500.0,4.37739667354e-11
18,90.0,510.0,3.48437169919e-11
18,90.0,520.0,2.68456665817e-11
18,90.0,530.0,1.84403971211e-11
18,90.0,540.0,1.51029989863e-11
18,90.0,550.0,1.1665036585e-11
18,90.0,560.0,8.38325081985e-12
18,90.0,570.0,5.91438854222e-12
18,90.0,580.0,5.34425745166e-12
18,90.0,590.0,4.92744936356e-12
18,90.0,600.0,3.42423644289e-12
18,90.0,610.0,3.42129878188e-12
18,90.0,620.0,3.79752489094e-12
18,90.0,630.0,4.00377861325e-12
18,90.0,640.0,4.37451323959e-12
18,90.0,650.0,4.61763007254e-12
18,90.0,660.0,4.59527245797e-12
18,90.0,670.0,4.93754898157e-12
18,90.0,680.0,4.95636550684e-12
18,90.0,690.0,4.83956951178e-12
18,90.0,700.0,4.7165585043e-12
18,90.0,710.0,4.43943336381e-12
18,90.0,720.0,4.07161229363e-12
18,90.0,730.0,3.85729012792e-12
18,90.0,740.0,3.47388188196e-12
18,90.0,750.0,3.12554491946e-12
18,90.0,760.0,2.96060307552e-12
18,90.0,770.0,2.64888711876e-12
18,90.0,780.0,2.32262498377e-12
