AOD550,solar_depression_deg,elevation_deg,X,Y_cd_m2,Z,CIE_x,CIE_y
0.03,-5,0.0,23692.57511,22048.5429194,7336.52484942,0.44637579638,0.415401696902
0.03,-5,1.0,21766.1726814,20758.8993488,7413.01552037,0.435863160746,0.415692718064
0.03,-5,2.0,19182.6836028,18758.3874759,7493.52768641,0.422204313985,0.412865701156
0.03,-5,3.0,16873.1737723,16809.3463725,7565.84061701,0.409062892698,0.407515500303
0.03,-5,4.0,14950.5188937,15084.5760205,7557.57321826,0.397697733,0.401263777483
0.03,-5,5.0,13351.0348257,13587.1134962,7460.77364364,0.388123640591,0.394986607715
0.03,-5,6.0,12003.0152102,12286.9887854,7287.67991439,0.380110689701,0.389103546049
0.03,-5,7.0,10854.5847708,11156.8992779,7064.75336228,0.373314628623,0.383711933569
0.03,-5,8.0,9865.59619122,10170.3328329,6813.19405804,0.367445750873,0.378795717156
0.03,-5,9.0,9003.55385256,9302.21805449,6546.63611664,0.362280944526,0.374298460158
0.03,-5,10.0,8244.46448979,8532.69424793,6274.74365951,0.357647900278,0.370151413141
0.03,-5,11.0,7570.52822793,7846.27941545,6004.18118285,0.353416375376,0.366289319279
0.03,-5,12.0,6968.32276767,7230.85375051,5739.42384477,0.349489063466,0.362656034972
0.03,-5,13.0,6427.52727874,6676.82301164,5483.38710512,0.345793957703,0.35920579625
0.03,-5,14.0,5940.03489897,6176.47651568,5237.88647865,0.342278362838,0.355902668226
0.03,-5,15.0,5499.33440703,5723.50813376,5003.96389472,0.338904295734,0.352719320127
0.03,-5,16.0,5100.07735185,5312.66362655,4782.1179847,0.335644928606,0.349635599741
0.03,-5,17.0,4737.77784035,4939.48730776,4572.46459954,0.332481943465,0.346637262267
0.03,-5,18.0,4408.60169047,4600.13880715,4374.85173101,0.329403467705,0.343714806053
0.03,-5,19.0,4109.21539592,4291.25825544,4188.94489051,0.326402318125,0.340862307594
0.03,-5,20.0,3836.68411589,4009.87407543,4014.2866268,0.323474775593,0.338076598836
0.03,-5,21.0,3588.39836335,3753.33544824,3850.34121774,0.320619577151,0.335356530259
0.03,-5,22.0,3362.02145089,3519.26315964,3696.52771276,0.317837124363,0.332702363408
0.03,-5,23.0,3155.45090507,3305.5129757,3552.24429618,0.315128862728,0.330115275473
0.03,-5,24.0,2966.78924954,3110.14751316,3416.88609414,0.312496798632,0.327596960683
0.03,-5,25.0,2794.32106385,2931.41385517,3289.85799079,0.309943127624,0.325149314581
0.03,-5,26.0,2636.45348154,2767.68525734,3170.4706574,0.307472137761,0.32277683209
0.03,-5,27.0,2473.05287102,2598.03455103,3041.66877215,0.304835103117,0.320240678857
0.03,-5,28.0,2325.37556434,2444.36577227,2919.31658696,0.302426589506,0.317901854371
0.03,-5,29.0,2204.02298724,2318.19755368,2820.04780348,0.300182843212,0.315733155606
0.03,-5,30.0,2092.29718003,2201.93895798,2726.3738929,0.29802213352,0.313639263296
0.03,-5,31.0,1989.27891297,2094.64889153,2637.87652036,0.295944186535,0.311620033893
0.03,-5,32.0,1894.13982856,1995.47903474,2554.16829402,0.29394822987,0.309674883112
0.03,-5,33.0,1806.13422184,1903.66546101,2474.89160992,0.292033043582,0.30780282651
0.03,-5,34.0,1724.59132168,1818.5207645,2399.71720109,0.290197015314,0.306002524486
0.03,-5,35.0,1648.90801394,1739.42663899,2328.34241582,0.288438194796,0.3042723278
0.03,-5,36.0,1578.54203082,1665.82693328,2260.489344,0.286754343613,0.302610319838
0.03,-5,37.0,1513.0056446,1597.22122123,2195.90288495,0.285142979094,0.301014354388
0.03,-5,38.0,1451.85991105,1533.15893191,2134.34884128,0.283601413417,0.299482089679
0.03,-5,39.0,1394.70948241,1473.23405911,2075.6120943,0.282126789938,0.298011020334
0.03,-5,40.0,1341.19798584,1417.08044565,2019.49489679,0.28071611893,0.29659850903
0.03,-5,41.0,1291.00392787,1364.36760259,1965.81529733,0.279366313456,0.295241818484
0.03,-5,42.0,1243.83706603,1314.79700372,1914.40569528,0.278074224995,0.293938143362
0.03,-5,43.0,1199.43518278,1268.0987908,1865.11152951,0.276836676789,0.292684640341
0.03,-5,44.0,1157.56122673,1224.02885516,1817.79013103,0.275650493178,0.291478454699
0.03,-5,45.0,1118.0008721,1182.36635192,1772.30988179,0.274512524086,0.29031674282
0.03,-5,46.0,1080.560879,1142.91204875,1728.55024737,0.273419671676,0.289196697011
0.03,-5,47.0,1045.07028145,1105.489634,1686.40552151,0.272368958912,0.288115609108
0.03,-5,48.0,1011.40178245,1069.96817747,1645.81671216,0.271357962837,0.287071260874
0.03,-5,49.0,979.43081991,1036.21660579,1606.662698,0.270388450039,0.28606512706
0.03,-5,50.0,949.4263945,1004.52852756,1569.23069956,0.269479526901,0.285119387806
0.03,-5,51.0,921.185695557,974.684277915,1533.45719973,0.268619950513,0.284220264993
0.03,-5,52.0,894.916753418,946.910930744,1499.8251932,0.267806617342,0.283366036359
0.03,-5,53.0,870.015406276,920.570765421,1467.57552474,0.267026466866,0.282542995465
0.03,-5,54.0,846.413456383,895.593446139,1436.68069659,0.266277647612,0.281749438476
0.03,-5,55.0,824.029029792,871.894078494,1407.08041993,0.265558521703,0.280983914638
0.03,-5,56.0,802.785341203,849.392971276,1378.71505924,0.26486756304,0.280245085228
0.03,-5,57.0,782.612186835,828.017221895,1351.52910326,0.264203344847,0.279531705864
0.03,-5,58.0,763.445691328,807.700466791,1325.47153899,0.263564533245,0.278842619652
0.03,-5,59.0,745.227745567,788.382306587,1300.49562834,0.262949878933,0.278176749729
0.03,-5,60.0,727.905410121,770.007693904,1276.55855254,0.262358207336,0.277533090699
0.03,-2,0.0,10423.8536176,8874.05032087,2111.91771652,0.486872510458,0.414485018318
0.03,-2,1.0,10047.2123853,8804.15763331,2142.56496571,0.478576902939,0.419366719001
0.03,-2,2.0,9027.88867984,8187.62382237,2290.982066,0.462814507664,0.419738348874
0.03,-2,3.0,8004.21543422,7467.14335762,2489.87368899,0.445638429476,0.415736690987
0.03,-2,4.0,7109.75610526,6770.82073859,2653.77203056,0.429999158677,0.409500294811
0.03,-2,5.0,6351.08214209,6138.09814952,2759.69566177,0.416495101771,0.40252790883
0.03,-2,6.0,5707.28822569,5575.05831466,2810.19209904,0.404986523133,0.395603550029
0.03,-2,7.0,5156.74204228,5077.44902056,2816.42639319,0.395133951298,0.389058145154
0.03,-2,8.0,4681.6580077,4638.01741937,2790.28536253,0.386595637181,0.38299194357
0.03,-2,9.0,4268.19021127,4249.23954985,2741.77435573,0.37908453981,0.377401413613
0.03,-2,10.0,3905.66305136,3904.27029271,2678.56565009,0.372375785471,0.372242996342
0.03,-2,11.0,3585.79329028,3597.18797657,2606.27837347,0.366298721459,0.36746272024
0.03,-2,12.0,3302.07152395,3322.96987337,2528.92192348,0.360725885415,0.363008869155
0.03,-2,13.0,3049.3038308,3077.37947227,2449.30696859,0.35556288361,0.35883663283
0.03,-2,14.0,2823.27966662,2856.83771251,2369.37354452,0.35074015157,0.354909116565
0.03,-2,15.0,2620.53283973,2658.30540918,2290.43725018,0.34620656099,0.351196809985
0.03,-2,16.0,2438.16912127,2479.18467464,2213.36946409,0.341924519066,0.347676467624
0.03,-2,17.0,2273.74187315,2317.23993193,2138.72540987,0.337866388615,0.344329977206
0.03,-2,18.0,2125.16083979,2170.53520592,2066.8364403,0.334011786103,0.341143280713
0.03,-2,19.0,1990.62377321,2037.38413177,1997.87835267,0.330345394535,0.33810530844
0.03,-2,20.0,1868.5657851,1916.31094817,1931.91776048,0.326855510923,0.335207247745
0.03,-2,21.0,1757.62020689,1806.01908562,1868.9460996,0.323532918496,0.332441913981
0.03,-2,22.0,1656.58799442,1705.36573661,1808.90401849,0.320370057476,0.329803258805
0.03,-2,23.0,1564.35393826,1613.28437022,1751.52365269,0.317367120533,0.327293844863
0.03,-2,24.0,1470.14417297,1518.90695734,1690.02951968,0.314195091502,0.324616537085
0.03,-2,25.0,1384.7799217,1433.1182206,1629.90087313,0.311340489283,0.322208403669
0.03,-2,26.0,1314.23783794,1362.23448197,1580.34905731,0.308736900489,0.320012131413
0.03,-2,27.0,1249.33022599,1296.87465318,1533.0763223,0.306262344831,0.317917444062
0.03,-2,28.0,1189.48952573,1236.49052111,1487.95486787,0.303911422047,0.315920051829
0.03,-2,29.0,1134.21128924,1180.59416995,1444.860961,0.30167870297,0.314015670011
0.03,-2,30.0,1083.04680986,1128.75102952,1403.67592512,0.299558752298,0.312200033258
0.03,-2,31.0,1035.59669882,1080.57380013,1364.28688831,0.297546150864,0.310468906783
0.03,-2,32.0,991.505166784,1035.71702672,1326.5871418,0.295635519988,0.30881810001
0.03,-2,33.0,950.454927639,993.872252486,1290.47622934,0.293821542558,0.307243478716
0.03,-2,34.0,912.162670141,954.763704068,1255.85984902,0.292098979864,0.305740974827
0.03,-2,35.0,876.375054981,918.14447123,1222.64963336,0.290462684931,0.304306594252
0.03,-2,36.0,842.865200647,883.793147023,1190.76285843,0.288907614329,0.302936423844
0.03,-2,37.0,811.429612547,851.510886892,1160.12211164,0.287428840353,0.301626638938
0.03,-2,38.0,781.885506346,821.11884082,1130.65494315,0.286021564251,0.300373511698
0.03,-2,39.0,754.068471812,792.455909037,1102.29351483,0.28468113004,0.299173420087
0.03,-2,40.0,727.830427639,765.376775797,1074.97426313,0.283403037174,0.298022856158
0.03,-2,41.0,703.03783666,739.750194814,1048.63760537,0.282182950301,0.296918432513
0.03,-2,42.0,679.570205404,715.45755539,1023.22777199,0.281016706544,0.295856887616
0.03,-2,43.0,657.319077334,692.391948984,998.693066546,0.279900328624,0.2948350972
0.03,-2,44.0,636.188672552,670.458933079,974.988028286,0.27883009149,0.293850132384
0.03,-2,45.0,616.108143036,649.589324755,952.090288465,0.277803022989,0.292899680289
0.03,-2,46.0,596.996529775,629.699692246,929.914382623,0.276821661031,0.29198580907
0.03,-2,47.0,578.970824298,610.9192398,908.547032534,0.275905732522,0.29113059466
0.03,-2,48.0,561.941455727,593.151842921,888.005822528,0.275043657894,0.29031966035
0.03,-2,49.0,546.045320975,576.549326266,868.590303396,0.274231341895,0.28955086572
0.03,-2,50.0,530.949741445,560.767069201,849.929470335,0.273453381621,0.288810106503
0.03,-2,51.0,516.617870105,545.768948452,832.015274923,0.272707611485,0.288095621479
0.03,-2,52.0,503.003175601,531.508411312,814.817971913,0.271992178571,0.287406000069
0.03,-2,53.0,490.061769896,517.941425754,798.307329417,0.271305383595,0.286739969992
0.03,-2,54.0,477.753449082,505.0275981,782.454923502,0.27064565702,0.286096366994
0.03,-2,55.0,466.041591073,492.730092629,767.234463713,0.270011547624,0.285474123813
0.03,-2,56.0,454.892850321,481.015337181,752.62173433,0.26940171118,0.284872261345
0.03,-2,57.0,444.276826555,469.852699184,738.594445024,0.268814898564,0.284289879917
0.03,-2,58.0,434.165756558,459.214182557,725.132066426,0.268249945055,0.283726151542
0.03,-2,59.0,424.534244638,449.074161382,712.215673413,0.267705762665,0.283180314391
0.03,-2,60.0,415.359034137,439.409152836,699.82780301,0.267181336382,0.282651670059
0.03,0,0.0,2940.87959185,2403.99546664,669.423753125,0.488981290083,0.399713340149
0.03,0,1.0,3093.33728555,2528.19926469,605.310481336,0.496774253465,0.406015958296
0.03,0,2.0,2922.98117884,2497.11176629,693.238811927,0.478132268132,0.408469859894
0.03,0,3.0,2689.21292289,2397.42720055,831.019754558,0.454438575102,0.405130955475
0.03,0,4.0,2452.64256857,2257.19131082,958.889275621,0.432662259472,0.398183373768
0.03,0,5.0,2233.87797972,2102.91952544,1056.35747394,0.41420615361,0.389923807788
0.03,0,6.0,2038.05560139,1949.89135065,1121.39389371,0.398888166384,0.381632662513
0.03,0,7.0,1864.77037083,1805.41626596,1158.8864734,0.386154926272,0.37386393305
0.03,0,8.0,1711.85366895,1672.35861631,1175.16287619,0.375457953849,0.366795571123
0.03,0,9.0,1576.78310121,1551.34402156,1175.94426172,0.366346874935,0.360436406132
0.03,0,10.0,1457.16701553,1441.93850161,1165.79018002,0.358475868531,0.354729520519
0.03,0,11.0,1350.89379394,1343.26069423,1148.13659201,0.351585490466,0.34959888936
0.03,0,12.0,1256.15003166,1254.28399808,1125.4970381,0.345482356025,0.34496913574
0.03,0,13.0,1171.39545737,1173.98237792,1099.68169981,0.340021832841,0.340772740196
0.03,0,14.0,1095.32497404,1101.39485688,1071.98089553,0.335094909479,0.336951880596
0.03,0,15.0,1026.83136574,1035.65034651,1043.3077624,0.330618470481,0.333457999957
0.03,0,16.0,964.972127468,975.972582052,1014.30373746,0.32652825804,0.330250603143
0.03,0,17.0,908.941795464,921.676119407,985.414857999,0.322773869758,0.327295949212
0.03,0,18.0,858.049097494,872.158482038,956.946782521,0.31931514974,0.324565828578
0.03,0,19.0,811.698193093,826.891189383,929.105229184,0.316119444036,0.322036423501
0.03,0,20.0,769.3735281,785.410880668,902.02400854,0.313159757464,0.31968747548
0.03,0,21.0,730.62594097,747.309633719,875.781635902,0.310413645991,0.317501877607
0.03,0,22.0,687.15571054,704.513904836,845.642305843,0.307134514425,0.314893018785
0.03,0,23.0,654.482162025,672.168990906,820.872401685,0.304761342719,0.312997261176
0.03,0,24.0,623.736547906,641.610276056,796.174173214,0.302561336392,0.311231501855
0.03,0,25.0,595.929174388,613.922131851,773.427446454,0.300476760304,0.309549089364
0.03,0,26.0,570.140745261,588.17288532,751.538278855,0.298526154015,0.307967797092
0.03,0,27.0,546.171531871,564.175799457,730.481407203,0.296698720766,0.306479243641
0.03,0,28.0,523.845023114,541.765378359,710.227961335,0.294984630406,0.305075838942
0.03,0,29.0,503.004937591,520.794707148,690.746980612,0.29337489582,0.30375068222
0.03,0,30.0,483.512637527,501.133130582,672.006497626,0.291861271993,0.302497476958
0.03,0,31.0,465.244885096,482.664226444,653.974304129,0.290436170663,0.301310458503
0.03,0,32.0,448.091894898,465.284037855,636.61848428,0.289092586383,0.300184331467
0.03,0,33.0,431.955645746,448.899534403,619.907777071,0.287824032215,0.299114215369
0.03,0,34.0,416.748419986,433.427275439,603.811814053,0.286624484234,0.29809559753
0.03,0,35.0,402.391541418,418.792250544,588.301265564,0.285488334388,0.297124292526
0.03,0,36.0,388.814284628,404.926873938,573.347921141,0.284410350722,0.296196407351
0.03,0,37.0,375.95293081,391.770111221,558.924723128,0.283385643638,0.295308311302
0.03,0,38.0,363.749949031,379.266720799,545.005770402,0.282409636408,0.294456609569
0.03,0,39.0,352.153291197,367.366600971,531.566312404,0.281478038771,0.293638119922
0.03,0,40.0,341.115810393,356.024254789,518.582771251,0.280586824702,0.2928498537
0.03,0,41.0,330.59487945,345.198452286,506.032901002,0.279732223141,0.292089008285
0.03,0,42.0,320.552587091,334.852473552,493.896537508,0.278910764247,0.291353004373
0.03,0,43.0,310.95896413,324.957421667,482.159855543,0.278119642143,0.290639770037
0.03,0,44.0,301.817822676,315.519987142,470.814205785,0.277367333193,0.28995947498
0.03,0,45.0,292.982493683,306.381499077,459.67020488,0.276650644838,0.289302743726
0.03,0,46.0,284.846897715,297.952458467,449.186182959,0.276018303466,0.28871766819
0.03,0,47.0,277.086155214,289.904180485,439.081604859,0.275413858636,0.288154523347
0.03,0,48.0,269.701838846,282.239165593,429.386677239,0.274833619679,0.287609501762
0.03,0,49.0,262.667426439,274.931107069,420.07296398,0.274277168244,0.28708289616
0.03,0,50.0,255.963090289,267.960354731,411.12534707,0.273743030796,0.286573660111
0.03,0,51.0,249.570202047,261.308396394,402.528813483,0.273229884923,0.28608088021
0.03,0,52.0,243.47166133,254.958208459,394.269264741,0.272736526688,0.285603736575
0.03,0,53.0,237.65184446,248.894214392,386.333621249,0.272261859083,0.285141492082
0.03,0,54.0,232.096482207,243.10216919,378.709786225,0.271804882094,0.284693485249
0.03,0,55.0,226.792528564,237.56903366,371.386576191,0.271364682898,0.284259123939
0.03,0,56.0,221.728037846,232.282855739,364.353645922,0.270940427086,0.283837879729
0.03,0,57.0,216.892055409,227.232664283,357.601416285,0.270531351887,0.2834292835
0.03,0,58.0,212.274522507,222.408375826,351.121007592,0.270136761737,0.283032922271
0.03,0,59.0,207.866194,217.80071322,344.904178766,0.269756026121,0.282648437219
0.03,0,60.0,203.658566264,213.401133934,338.943271564,0.269388578976,0.28227552259
0.03,2,0.0,514.278700168,399.528876,172.112073763,0.473588170359,0.36791753057
0.03,2,1.0,473.558205622,398.199993687,160.775842794,0.458636893615,0.38565313825
0.03,2,2.0,533.267378926,486.024466703,205.973302094,0.43522610589,0.396668808875
0.03,2,3.0,545.023150294,524.591360899,265.712126647,0.408157176566,0.392856209135
0.03,2,4.0,528.245842321,527.437793017,321.288327103,0.383628611714,0.383041781099
0.03,2,5.0,499.679403308,510.58749053,363.106842181,0.363833521934,0.371776070227
0.03,2,6.0,468.46067647,485.425117741,390.90089261,0.348353148541,0.360968116727
0.03,2,7.0,437.437253855,457.070617427,406.475989591,0.336235726677,0.351326892803
0.03,2,8.0,408.280601453,428.703915126,413.150040546,0.326589325226,0.342926217568
0.03,2,9.0,381.374134998,401.545976726,413.232777328,0.318833937107,0.33569786973
0.03,2,10.0,356.880325811,376.284278763,409.004556191,0.312458380133,0.329447065889
0.03,2,11.0,334.633561239,353.018127795,401.759986684,0.307169060786,0.324044744208
0.03,2,12.0,314.508301973,331.787810034,392.72580402,0.302696504397,0.319327056452
0.03,2,13.0,296.254265792,312.419492555,382.496292248,0.298893480098,0.315202716595
0.03,2,14.0,279.700171025,294.788523819,371.679047755,0.295613725169,0.311560530493
0.03,2,15.0,264.620146405,278.69022379,360.54521778,0.292768169966,0.308334901613
0.03,2,16.0,250.86501499,263.985879899,349.395459464,0.290270261166,0.305452118565
0.03,2,17.0,238.268590864,250.511697628,338.349409286,0.288066782639,0.302868701609
0.03,2,18.0,226.712045317,238.147777513,327.541771077,0.286107507936,0.300539245938
0.03,2,19.0,215.828679464,226.511758079,316.909446941,0.284265673101,0.298336243058
0.03,2,20.0,205.924696567,215.933240237,306.441061035,0.282747466601,0.296489822006
0.03,2,21.0,195.017029447,204.361062641,295.25623076,0.280747758975,0.294199488737
0.03,2,22.0,186.62023133,195.396484223,285.771968756,0.279460008405,0.292602268973
0.03,2,23.0,178.814632017,187.070125522,276.684656346,0.278280646656,0.291128275763
0.03,2,24.0,171.534384993,179.311597025,267.967525991,0.277198837409,0.289766779012
0.03,2,25.0,164.729425025,172.066595346,259.613511934,0.27620186483,0.288504099995
0.03,2,26.0,158.354359235,165.285804978,251.609702029,0.275279263026,0.287328715185
0.03,2,27.0,152.370129683,158.926760974,243.943515467,0.274421904462,0.286230539459
0.03,2,28.0,146.741934009,152.951628097,236.600666583,0.273622064454,0.285200958569
0.03,2,29.0,141.438855299,147.326804745,229.566158998,0.272873186833,0.284232608017
0.03,2,30.0,136.43359729,142.022613127,222.825676001,0.27216941403,0.283318861053
0.03,2,31.0,131.701523652,137.012290673,216.364414132,0.271505740571,0.282454009755
0.03,2,32.0,127.22063506,132.271948148,210.168171755,0.270877721239,0.281632959004
0.03,2,33.0,122.971223308,127.780193608,204.223406449,0.270281380403,0.280851130756
0.03,2,34.0,118.935439355,123.517672947,198.516872948,0.269713230682,0.280104490279
0.03,2,35.0,115.097172843,119.466928628,193.036008693,0.269170119714,0.279389377571
0.03,2,36.0,111.441828362,115.612156435,187.768891358,0.268649186841,0.278702460931
0.03,2,37.0,107.956132426,111.938996404,182.704182122,0.268147832073,0.278040705385
0.03,2,38.0,104.627972421,108.434356911,177.831083854,0.267663687572,0.277401340757
0.03,2,39.0,101.446351381,105.086359279,173.139492852,0.267194570586,0.276781808906
0.03,2,40.0,98.4014895283,101.884438263,168.620232006,0.26673853747,0.27617982394
0.03,2,41.0,95.4861105385,98.820761417,164.265481269,0.266295239105,0.275595038291
0.03,2,42.0,92.6878343009,95.8818474051,160.05736161,0.265865302414,0.27502699301
0.03,2,43.0,90.0102855775,93.0713257675,155.988766867,0.265461955279,0.274489698151
0.03,2,44.0,87.4554333394,90.3907770286,152.045939037,0.265103105658,0.274000994542
0.03,2,45.0,85.0518845914,87.869572358,148.309171595,0.264768913776,0.273540455205
0.03,2,46.0,82.7580867448,85.4646631433,144.727070126,0.264445228763,0.273093824242
0.03,2,47.0,80.569525214,83.1711555638,141.295026094,0.264131455429,0.272660392505
0.03,2,48.0,78.4806571427,80.9831023816,138.006387194,0.263827002503,0.272239427301
0.03,2,49.0,76.4861650494,78.8948081001,134.854584495,0.263531338718,0.271830263461
0.03,2,50.0,74.5811213973,76.900998507,131.833446887,0.263243994116,0.271432309132
0.03,2,51.0,72.7609957123,74.9968264162,128.937244946,0.26296455691,0.271045043228
0.03,2,52.0,71.0216292494,73.1778438337,126.160676087,0.262692669269,0.270668011015
0.03,2,53.0,69.3592032267,71.4399676041,123.49883485,0.262428023427,0.270300819789
0.03,2,54.0,67.770207284,69.7794454515,120.947180173,0.262170358226,0.269943134956
0.03,2,55.0,66.2514101069,68.1928244138,118.501503296,0.261919456239,0.269594676718
0.03,2,56.0,64.7998332647,66.6769226833,116.157899217,0.26167514083,0.269255216476
0.03,2,57.0,63.412727313,65.2288039141,113.912739481,0.261437273926,0.268924573967
0.03,2,58.0,62.0875505076,63.8457543249,111.762647824,0.261205753879,0.268602614438
0.03,2,59.0,60.8219494272,62.5252618745,109.704477555,0.260980513488,0.268289245966
0.03,2,60.0,59.6137415292,61.2649975353,107.735291011,0.260761518047,0.267984416858
0.03,4,0.0,69.3847537433,60.6835588261,41.9483774898,0.403360590879,0.352777156712
0.03,4,1.0,105.984247225,93.3042031728,41.9525144813,0.439329395313,0.386767658717
0.03,4,2.0,127.775967319,120.960894983,56.199385526,0.419025183883,0.39667601292
0.03,4,3.0,131.437100686,131.566038218,75.3608201333,0.388448879307,0.388829940967
0.03,4,4.0,126.347062677,130.763957549,92.0155681554,0.361894702042,0.374545972436
0.03,4,5.0,117.620016391,124.081044218,103.374246604,0.340853181703,0.359576711589
0.03,4,6.0,108.125644373,115.186300807,109.626642067,0.324761528145,0.345968611687
0.03,4,7.0,98.9971433817,105.90942135,111.892714668,0.312491693697,0.33431080257
0.03,4,8.0,90.496423275,96.9465658777,111.428067815,0.302794202266,0.324375892605
0.03,4,9.0,82.8817749914,88.761509993,109.226563118,0.295089613753,0.316023633696
0.03,4,10.0,76.1278802089,81.4192787944,105.973951934,0.288887216428,0.308966816756
0.03,4,11.0,70.1310029941,74.8556029438,102.13570185,0.283790660673,0.302909128739
0.03,4,12.0,64.8115458567,69.0134912106,98.0231920265,0.279542984262,0.297666673929
0.03,4,13.0,60.0968943855,63.8392735119,93.8464220542,0.275949029713,0.29313304395
0.03,4,14.0,55.9393450306,59.2710035697,89.7310727031,0.272952850013,0.289209488217
0.03,4,15.0,52.2263286451,55.2038503197,85.7409589993,0.270363001407,0.285776906952
0.03,4,16.0,48.8926647834,51.5625875698,81.9152806612,0.26809520143,0.282735301134
0.03,4,17.0,45.8775242444,48.2781777819,78.2540749216,0.266095838975,0.280019953836
0.03,4,18.0,42.963120851,45.1140945209,74.6761466983,0.263976856174,0.277193011235
0.03,4,19.0,40.1128839326,42.0384749871,71.0565463104,0.261819935938,0.274388419605
0.03,4,20.0,37.885564686,39.6303627842,67.9882627932,0.260374389339,0.272365783504
0.03,4,21.0,35.8546797017,37.4400433376,65.1041886974,0.259067641875,0.270522671514
0.03,4,22.0,33.9981076183,35.4423687415,62.3949620583,0.25788291848,0.268837948026
0.03,4,23.0,32.2943869228,33.6131494582,59.8501727133,0.256798467111,0.267285001455
0.03,4,24.0,30.7264865433,31.9330010897,57.4584319114,0.255802686725,0.265847104336
0.03,4,25.0,29.2790137896,30.3844303888,55.20727232,0.25488666461,0.264509801235
0.03,4,26.0,27.9384596085,28.9525759285,53.0864543234,0.254037982172,0.263259108435
0.03,4,27.0,26.6934075984,27.6248096432,51.0865105884,0.253246776951,0.262083212128
0.03,4,28.0,25.5334338711,26.3896837658,49.1969751841,0.252506036721,0.260973690091
0.03,4,29.0,24.4508330741,25.2387546054,47.4109655803,0.251809410485,0.259923901132
0.03,4,30.0,23.4382785045,24.1640477037,45.72019424,0.25115350927,0.258930508816
0.03,4,31.0,22.489649581,23.1589048131,44.1180866086,0.250534600936,0.257990101383
0.03,4,32.0,21.5942744967,22.2145070509,42.5988386194,0.249911691295,0.257089675748
0.03,4,33.0,20.7576574175,21.3305512741,41.1564569205,0.249357208236,0.256239257102
0.03,4,34.0,19.9692327422,20.4988719684,39.7856597503,0.248826118954,0.25542567512
0.03,4,35.0,19.2247303876,19.7147397942,38.4817414847,0.248313478616,0.254642614987
0.03,4,36.0,18.5192750038,18.9732607123,37.2401017404,0.24780705772,0.253881856149
0.03,4,37.0,17.8502030964,18.2711366847,36.05656385,0.247308417098,0.253140307012
0.03,4,38.0,17.2149108106,17.6053303382,34.9273593272,0.246817248094,0.252414853243
0.03,4,39.0,16.6104037557,16.9727614036,33.8495351579,0.246325650278,0.251699269402
0.03,4,40.0,16.0340140718,16.3704821792,32.8156111053,0.245844643956,0.251003606752
0.03,4,41.0,15.4849614693,15.7976835289,31.8184923811,0.245399086489,0.250354972747
0.03,4,42.0,14.9592082208,15.2496438512,30.8559189955,0.244972804438,0.24972899406
0.03,4,43.0,14.4727659521,14.7432823515,29.9514595305,0.244606651216,0.249178694375
0.03,4,44.0,14.0113409926,14.2633792654,29.0905161689,0.244247942924,0.24864151451
0.03,4,45.0,13.5742161487,13.8091166166,28.2723913165,0.243896137776,0.248116736318
0.03,4,46.0,13.1600863662,13.3790754756,27.4947922635,0.243552162415,0.247604967972
0.03,4,47.0,12.7674304542,12.9716196223,26.7553212245,0.243215227419,0.247104961939
0.03,4,48.0,12.3949683485,12.5853767622,26.0517885351,0.242885559803,0.246616707221
0.03,4,49.0,12.0414357071,12.2189709067,25.381913677,0.242563917975,0.246140205274
0.03,4,50.0,11.7057212549,11.8712180039,24.743861727,0.242250149338,0.245675108063
0.03,4,51.0,11.3866953086,11.5409159493,24.1357469547,0.241943961099,0.245220833948
0.03,4,52.0,11.0834279123,11.2270791263,23.5560524417,0.241645068606,0.244777006462
0.03,4,53.0,10.7949724913,10.9287085358,23.0031239395,0.241353535075,0.244343599861
0.03,4,54.0,10.5205973701,10.6450343672,22.4757617009,0.241069235907,0.243920588426
0.03,4,55.0,10.2595755782,10.3753058961,21.9725970014,0.24079283603,0.243509033326
0.03,4,56.0,10.011288796,10.1188763037,21.4925938816,0.240524391967,0.243109216001
0.03,4,57.0,9.77513961704,9.87511926409,21.0347308644,0.240264030498,0.242721439181
0.03,4,58.0,9.550565937,9.64344528441,20.5980443965,0.240011876459,0.242345994311
0.03,4,59.0,9.33703632394,9.42328846341,20.1816721825,0.239767784153,0.241982671579
0.03,4,60.0,9.134052749,9.21411471052,19.7848267969,0.23953148519,0.241631030822
0.03,6,0.0,14.7920454295,12.7606821944,8.20938360748,0.413623382965,0.356821276905
0.03,6,1.0,23.3562017589,20.5755592175,8.20789067865,0.447954695083,0.39462402537
0.03,6,2.0,27.5076119715,26.5362008059,12.1739195018,0.415411567637,0.400741612443
0.03,6,3.0,27.2400754122,28.015974628,17.0776476389,0.376589007423,0.387315670662
0.03,6,4.0,25.1270398139,26.802333848,20.8126024489,0.345426961946,0.368457598776
0.03,6,5.0,22.5124479921,24.452139143,22.8313167813,0.322546836259,0.35033773862
0.03,6,6.0,19.926888127,21.8172240377,23.4256896982,0.305768738855,0.334775055532
0.03,6,7.0,17.5798356889,19.2870750733,23.0741106091,0.293285554478,0.321767541361
0.03,6,8.0,15.5182186555,17.0107985848,22.1733443799,0.283684619747,0.31097009491
0.03,6,9.0,13.7561100983,15.0370010198,20.997369561,0.276279921596,0.30200554031
0.03,6,10.0,12.2444045305,13.3377526024,19.7182960713,0.2702932016,0.294428679164
0.03,6,11.0,10.9543179609,11.8866289453,18.4347527291,0.265393877214,0.287981283184
0.03,6,12.0,9.85562581662,10.6500618855,17.197327189,0.26140153102,0.282472420739
0.03,6,13.0,8.90789295247,9.58807272601,16.0371866974,0.25795191981,0.27764834851
0.03,6,14.0,8.09302923098,8.67826301077,14.9632067174,0.255023066266,0.273464629832
0.03,6,15.0,7.38805528929,7.89313329095,13.9752860796,0.252527188433,0.269790990977
0.03,6,16.0,6.67341739157,7.10136527997,12.9845768899,0.249386289543,0.265378745843
0.03,6,17.0,6.12801599107,6.49984192173,12.1311128034,0.247506896039,0.262524722705
0.03,6,18.0,5.64033983051,5.96368805521,11.3606242308,0.245609635273,0.259689893187
0.03,6,19.0,5.22437459332,5.50777274884,10.6776953591,0.244017420689,0.257254237021
0.03,6,20.0,4.8536797726,5.10248860709,10.0536558244,0.242564838306,0.254999172159
0.03,6,21.0,4.5227704791,4.74173003668,9.48322493599,0.241243690641,0.252922950514
0.03,6,22.0,4.22682765346,4.42032000763,8.96152061786,0.240042437423,0.251030909187
0.03,6,23.0,3.96125890761,4.13259103824,8.48272619456,0.238967255605,0.249303052888
0.03,6,24.0,3.72025546528,3.87251544911,8.04219511808,0.237944582518,0.24768301006
0.03,6,25.0,3.50027147946,3.63585983486,7.63576993181,0.23695470347,0.246133505382
0.03,6,26.0,3.2995360823,3.42042750474,7.26003819884,0.236018287611,0.244665741616
0.03,6,27.0,3.11622821954,3.22417452751,6.91225341613,0.235139898083,0.24328515641
0.03,6,28.0,2.9484182534,3.04493540806,6.58985550653,0.234313696454,0.241984009596
0.03,6,29.0,2.79435980725,2.88073699456,6.29052104649,0.233532429556,0.240751211603
0.03,6,30.0,2.65242783851,2.72969316661,6.0117484009,0.232794298757,0.239575605911
0.03,6,31.0,2.52078252687,2.5899219358,5.751427685,0.232070692254,0.238435870655
0.03,6,32.0,2.3988171393,2.46039157732,5.50777407733,0.231390095554,0.237329570833
0.03,6,33.0,2.28494603721,2.33975002041,5.27920161622,0.230711797765,0.236245375049
0.03,6,34.0,2.17847705465,2.22724192929,5.06438744434,0.230037230431,0.235186578542
0.03,6,35.0,2.07867756816,2.12206532535,4.8621872941,0.229360430361,0.234147817695
0.03,6,36.0,1.98506911599,2.02361135927,4.67157219202,0.228687941709,0.233128163066
0.03,6,37.0,1.89714265823,1.93128356277,4.49171322766,0.228018132381,0.232121537709
0.03,6,38.0,1.81450436395,1.84470166871,4.32094698965,0.22737713912,0.231161189961
0.03,6,39.0,1.73449137259,1.76089999494,4.15429442048,0.226740211383,0.230192460676
0.03,6,40.0,1.6624602658,1.68572948195,3.99954601381,0.226254770142,0.229421625471
0.03,6,41.0,1.59469038424,1.61505727495,3.85299493715,0.225789112726,0.228672821205
0.03,6,42.0,1.53150423278,1.54920572938,3.71575399563,0.225338388063,0.227942903693
0.03,6,43.0,1.4723420436,1.48758770242,3.58670907208,0.224900454189,0.227229230717
0.03,6,44.0,1.41692060257,1.42991511087,3.46525757019,0.224477132847,0.226535801456
0.03,6,45.0,1.36498416833,1.37592671206,3.35086990064,0.224069811012,0.22586609097
0.03,6,46.0,1.31628280059,1.32536188759,3.24305348986,0.223678897501,0.225221727179
0.03,6,47.0,1.27044558783,1.27789992684,3.14136197817,0.223288383354,0.224598527858
0.03,6,48.0,1.22753448183,1.23343540261,3.04539687127,0.222930025603,0.224001679752
0.03,6,49.0,1.18712608668,1.19162668845,2.95479652811,0.222577128134,0.223420956796
0.03,6,50.0,1.14901770036,1.152261096,2.86922951863,0.222225288185,0.222852575763
0.03,6,51.0,1.11303348548,1.11514781263,2.7883920625,0.221871266595,0.222292734994
0.03,6,52.0,1.07906389003,1.08015279775,2.71200147064,0.221518284531,0.22174182363
0.03,6,53.0,1.04698807775,1.04713900804,2.63979258866,0.221167267243,0.221199149975
0.03,6,54.0,1.01669369975,1.01598050742,2.57151654882,0.220819195735,0.220664295045
0.03,6,55.0,0.98808381023,0.986571621393,2.50694765726,0.220475528652,0.220138107241
0.03,6,56.0,0.961063588444,0.958807055941,2.44583561229,0.220139315827,0.219622438975
0.03,6,57.0,0.935529632795,0.932576689081,2.3879538974,0.219811183253,0.21911736231
0.03,6,58.0,0.911383760415,0.907778407259,2.33309181998,0.219491332449,0.218623044245
0.03,6,59.0,0.888550149817,0.884337471729,2.28106252687,0.219181321251,0.218142167356
0.03,6,60.0,0.866970957072,0.862199947681,2.23170998818,0.218883369762,0.217678837357
0.03,9,0.0,1.19161527669,1.00791543483,0.53897802308,0.435132910709,0.368052663881
0.03,9,1.0,2.04800460037,1.84574605876,0.654466012288,0.450287386975,0.405817530717
0.03,9,2.0,2.37568938281,2.38292923283,1.11415250131,0.404526131787,0.405758914383
0.03,9,3.0,2.27152627627,2.42677145761,1.57305149558,0.362206949917,0.386961620031
0.03,9,4.0,1.99627573234,2.2016789648,1.83878546439,0.330687702125,0.364713223675
0.03,9,5.0,1.68767734068,1.88616976236,1.90368420701,0.308109117986,0.344346687512
0.03,9,6.0,1.40279298247,1.57277117913,1.83594848228,0.291549266582,0.326876659283
0.03,9,7.0,1.15844350942,1.29638875808,1.69825220367,0.27893569646,0.312150828397
0.03,9,8.0,0.957850022455,1.06703126172,1.53415154275,0.2691321123,0.299809334054
0.03,9,9.0,0.796185907305,0.88171706225,1.36865645243,0.26133936583,0.289414037319
0.03,9,10.0,0.667126349021,0.733945716416,1.21506346237,0.255004506429,0.280545754841
0.03,9,11.0,0.564267239168,0.616502841998,1.07834302465,0.249773788534,0.27289596099
0.03,9,12.0,0.481988229122,0.522996455365,0.959756333326,0.245318963035,0.266191040256
0.03,9,13.0,0.407203042093,0.438462448483,0.849156158962,0.240263063789,0.258707132165
0.03,9,14.0,0.352507235222,0.377150784236,0.757716231417,0.236999689227,0.253568181656
0.03,9,15.0,0.307510289324,0.326761850068,0.682035738745,0.233615778217,0.248241202149
0.03,9,16.0,0.27212146789,0.28738296963,0.619912845472,0.230725352099,0.243665218218
0.03,9,17.0,0.242962600116,0.255060031176,0.566769071615,0.22817852492,0.239539837209
0.03,9,18.0,0.218526388484,0.228139290042,0.521117553837,0.225800965729,0.235733873468
0.03,9,19.0,0.198023606691,0.205631968003,0.481647622824,0.223678856291,0.232272930426
0.03,9,20.0,0.180569349129,0.186563674253,0.447338428932,0.221701262354,0.2290610355
0.03,9,21.0,0.165653263193,0.170337355116,0.417323486918,0.219899324921,0.226117304766
0.03,9,22.0,0.152760822981,0.156353659047,0.390888433655,0.218228838135,0.223361439708
0.03,9,23.0,0.141546931867,0.144254023897,0.367493397736,0.216666394113,0.22081014955
0.03,9,24.0,0.131722340173,0.133682500081,0.346638278771,0.21521741864,0.218420068661
0.03,9,25.0,0.123042949041,0.124371256733,0.327949605623,0.213852429721,0.216161069344
0.03,9,26.0,0.115333307364,0.116139295441,0.311112198162,0.2125627315,0.214048191609
0.03,9,27.0,0.108425726074,0.108783389807,0.295846515295,0.211333273597,0.212030398258
0.03,9,28.0,0.102200166625,0.10217111728,0.281938615746,0.210154402982,0.210094668756
0.03,9,29.0,0.0965752584934,0.0962173544668,0.269211470137,0.209035508617,0.208260831423
0.03,9,30.0,0.0914321445109,0.0907918563569,0.257493635868,0.207933766745,0.206477631943
0.03,9,31.0,0.0867067936291,0.0858172121858,0.246651022812,0.206851047194,0.204728827638
0.03,9,32.0,0.0823573752455,0.0812501735807,0.236587578939,0.20579304827,0.203026393736
0.03,9,33.0,0.0783329925115,0.0770333855099,0.227200439196,0.204756369309,0.201359297364
0.03,9,34.0,0.0745733224365,0.0731042571881,0.218411735926,0.203702537246,0.199689677034
0.03,9,35.0,0.0710389446628,0.0694297054123,0.209986417946,0.202704857613,0.198113001488
0.03,9,36.0,0.0675474139207,0.0657967212308,0.201618891549,0.201656327822,0.196429802653
0.03,9,37.0,0.0645273013047,0.0626935055496,0.193877528295,0.200958068732,0.195247058881
0.03,9,38.0,0.061695422436,0.0597884543451,0.186556604046,0.200283489593,0.194092848396
0.03,9,39.0,0.0591073032557,0.0571423508296,0.179825218107,0.199636337991,0.192999663924
0.03,9,40.0,0.0567301240286,0.0547179261863,0.173596009723,0.199022298661,0.191963046689
0.03,9,41.0,0.0545468120078,0.0524959851121,0.167830116474,0.198443750949,0.190982750631
0.03,9,42.0,0.0525374458276,0.0504543961016,0.162482474879,0.197900295814,0.1900537751
0.03,9,43.0,0.050681548262,0.0485718767426,0.157511761516,0.197384812749,0.189168467115
0.03,9,44.0,0.0489624749784,0.0468325352951,0.152883608898,0.196890569609,0.188325540214
0.03,9,45.0,0.0473690449442,0.0452247494796,0.148570456656,0.196418186908,0.187526755218
0.03,9,46.0,0.0458916031871,0.0437370127351,0.144547514772,0.195970456302,0.18676973014
0.03,9,47.0,0.0445205193507,0.0423585757314,0.14079135323,0.195548081364,0.186052147063
0.03,9,48.0,0.0432458652888,0.0410787414304,0.137277724455,0.195150768765,0.185371431847
0.03,9,49.0,0.0420585220515,0.0398886052744,0.133986622135,0.194775120408,0.184726127222
0.03,9,50.0,0.0409530438336,0.0387825562266,0.13090174715,0.194424418917,0.184120037307
0.03,9,51.0,0.0399206264722,0.0377525922368,0.128009379461,0.194088497653,0.183547818691
0.03,9,52.0,0.0389564229774,0.0367926948421,0.125296979139,0.193768611113,0.183006262736
0.03,9,53.0,0.0380562828399,0.0358979741289,0.122752725192,0.193466863361,0.182494661524
0.03,9,54.0,0.0372158318244,0.0350636539038,0.120363960834,0.193185039452,0.182013219393
0.03,9,55.0,0.0364303043744,0.0342848938775,0.118118836642,0.1929223426,0.181560987651
0.03,9,56.0,0.0356965155689,0.0335587393854,0.116008130067,0.192679819409,0.181140700747
0.03,9,57.0,0.0350109338456,0.0328817972433,0.11402425264,0.192455553781,0.180751662486
0.03,9,58.0,0.0307578126591,0.0285734017727,0.10278214232,0.18973028056,0.176255691358
0.03,9,59.0,0.0302587338928,0.0280897324799,0.101264209388,0.189576007974,0.175986852836
0.03,9,60.0,0.0294369642006,0.0273137119461,0.0986297940574,0.189450863174,0.175786003931
0.03,12,0.0,0.0930493443097,0.0779652035362,0.0384692642959,0.444183936498,0.372177700697
0.03,12,1.0,0.166807531751,0.152746289289,0.0520414992678,0.448895673963,0.411055470673
0.03,12,2.0,0.181626480863,0.185414858873,0.089411770991,0.397908299001,0.406207898502
0.03,12,3.0,0.154795951224,0.167693125019,0.115523706892,0.35340509954,0.382849842461
0.03,12,4.0,0.117997822401,0.131344039274,0.119381876714,0.320016885586,0.356212593873
0.03,12,5.0,0.0860301773303,0.0966710629021,0.109116985649,0.294807416742,0.331271505096
0.03,12,6.0,0.0625090696459,0.0701693214847,0.0943613679889,0.275322128108,0.309061821405
0.03,12,7.0,0.0462674817778,0.0515837273175,0.0804159746667,0.259540094825,0.289361879337
0.03,12,8.0,0.0353826429858,0.0390521814808,0.0690468397587,0.246600450147,0.272175414829
0.03,12,9.0,0.0281010896088,0.030635325226,0.0602375284979,0.236195328335,0.25749609005
0.03,12,10.0,0.0226282496849,0.0243135328255,0.0530186695552,0.226372022308,0.243231521297
0.03,12,11.0,0.0190303743581,0.0201820207912,0.0473048464194,0.219960484327,0.23327166268
0.03,12,12.0,0.016455305358,0.017217706643,0.0431381890517,0.214230543625,0.224156196063
0.03,12,13.0,0.0147240042356,0.015229526325,0.0400277433378,0.21039920275,0.217622879331
0.03,12,14.0,0.0134288188215,0.0137479804468,0.0375217800934,0.207559716983,0.212492771594
0.03,12,15.0,0.0124222938057,0.0126019553863,0.0354618383249,0.20537439791,0.208344693856
0.03,12,16.0,0.0116071098377,0.0116783527058,0.0337301346147,0.203577800046,0.204827333008
0.03,12,17.0,0.0109214779082,0.0109072436128,0.032228557374,0.202035287966,0.20177196921
0.03,12,18.0,0.0103280338672,0.0102472536844,0.0308832232934,0.200706038663,0.199136226761
0.03,12,19.0,0.0098028071017,0.00967054973658,0.0296455820052,0.199572859929,0.196880265826
0.03,12,20.0,0.00932970989497,0.00915685734676,0.0284886598645,0.198609149326,0.194929496052
0.03,12,21.0,0.00889798740075,0.00869222005804,0.0273997662756,0.19777711926,0.193203492613
0.03,12,22.0,0.00850065198301,0.0082674394733,0.0263723810872,0.197045870892,0.191639984123
0.03,12,23.0,0.00813203616014,0.00787576852529,0.0254018045433,0.196380412943,0.190191809871
0.03,12,24.0,0.00778787888288,0.00751233822871,0.0244838954659,0.195753489982,0.188827593278
0.03,12,25.0,0.00746511352117,0.00717352676475,0.0236147270746,0.195149186497,0.187526674375
0.03,12,26.0,0.00716131409008,0.00685642285557,0.0227905480961,0.194557124353,0.186273901318
0.03,12,27.0,0.0068744934476,0.0065585708532,0.0220077894192,0.193970876151,0.185056796459
0.03,12,28.0,0.00660287707034,0.00627780500326,0.021263083821,0.193384557835,0.183863872036
0.03,12,29.0,0.00634488259257,0.00601221900387,0.0205532978262,0.192792634057,0.182684473885
0.03,12,30.0,0.0060991591669,0.00576019666575,0.0198756521487,0.192190251551,0.181509223793
0.03,12,31.0,0.00586490504463,0.00552073713857,0.0192284075384,0.191575603292,0.180333447838
0.03,12,32.0,0.00563872850237,0.00529128868168,0.0185926802617,0.190996385501,0.179227819254
0.03,12,33.0,0.00540052825248,0.00504934690732,0.017928755145,0.190302639503,0.177927787673
0.03,12,34.0,0.00518513796175,0.00483474908606,0.0172868855346,0.189884686888,0.177053112793
0.03,12,35.0,0.00497907893074,0.00462975557353,0.016670628768,0.189466538154,0.176173901482
0.03,12,36.0,0.00478980072143,0.00444232396418,0.0160994384428,0.189084293659,0.175367147367
0.03,12,37.0,0.00461442473447,0.00426920451937,0.0155672398279,0.18872231981,0.174603385471
0.03,12,38.0,0.0044518815093,0.0041092337263,0.0150713477506,0.188379920954,0.173880891242
0.03,12,39.0,0.00430102965116,0.00396119782936,0.0146087631768,0.188056115085,0.173197474859
0.03,12,40.0,0.00416081878622,0.00382398787463,0.014176687003,0.187749925584,0.172550999163
0.03,12,41.0,0.00403030840043,0.00369661534158,0.013772589708,0.187460446944,0.171939488313
0.03,12,42.0,0.00390866207077,0.00357820429541,0.0133942043644,0.187186860349,0.171361150086
0.03,12,43.0,0.0037951367325,0.00346797908987,0.0130395029439,0.186928434021,0.170814372757
0.03,12,44.0,0.00368907160032,0.0033652520535,0.0127066701007,0.186684518306,0.170297713531
0.03,12,45.0,0.00358987795901,0.00326941228722,0.0123940783317,0.186454538824,0.169809884124
0.03,12,46.0,0.00349703008571,0.0031799157804,0.0121002655194,0.186237988907,0.169349735439
0.03,12,47.0,0.00341005727054,0.00309627677387,0.0118239149485,0.186034421675,0.168916241949
0.03,12,48.0,0.00332853681545,0.00301806021987,0.0115638375873,0.185843441858,0.168508485889
0.03,12,49.0,0.00325208787488,0.00294487518041,0.0113189563526,0.185664697304,0.168125641129
0.03,12,50.0,0.00318036601271,0.00287636902019,0.0110882920819,0.185497870107,0.167766956618
0.03,12,51.0,0.00311305836999,0.0028122222745,0.010870950977,0.18534266734,0.167431739325
0.03,12,52.0,0.00304987936182,0.002752144099,0.0106661133378,0.185198811445,0.167119336732
0.03,12,53.0,0.00299056684638,0.0026958682347,0.0104730234623,0.185066030422,0.166829119148
0.03,12,54.0,0.00293487873223,0.00264314944654,0.0102909806478,0.184944048132,0.166560462309
0.03,12,55.0,0.00256643426195,0.00227926386519,0.00923550813508,0.182259546104,0.161865668519
0.03,12,56.0,0.00252625800969,0.00224226804622,0.00909541683928,0.1822178603,0.161733791258
0.03,12,57.0,0.00244309843709,0.00216733511246,0.00880094052044,0.182166154216,0.161604254802
0.03,12,58.0,0.0024085794089,0.00213553810255,0.00868062237357,0.18212678887,0.16148053732
0.03,12,59.0,0.00237498180797,0.00210461652664,0.00856351182002,0.182087077378,0.161358487484
0.03,12,60.0,0.00234221423446,0.00207448131246,0.00844931182343,0.182046703926,0.161237379456
0.03,15,0.0,0.00520667324476,0.00421818897144,0.00218962517245,0.448291265084,0.363183395899
0.03,15,1.0,0.00800988550786,0.00734348129392,0.00279513124782,0.441352528786,0.404633004552
0.03,15,2.0,0.00674359344202,0.00696074256468,0.00403896991576,0.380064091297,0.392302460156
0.03,15,3.0,0.00448587332245,0.00494259423954,0.00444116208348,0.323431370348,0.356360938675
0.03,15,4.0,0.00280971043104,0.00318057038269,0.00415947019384,0.276825552562,0.313364375177
0.03,15,5.0,0.00187667327467,0.00211871683687,0.00369202645956,0.244122750122,0.275608433246
0.03,15,6.0,0.00145775487829,0.00161627756063,0.0034105205494,0.224804220262,0.249250420737
0.03,15,7.0,0.00125113334013,0.0013621642746,0.00328594613519,0.212083682786,0.230904897703
0.03,15,8.0,0.00112493292711,0.00120064807545,0.00312564898295,0.206363138246,0.220252691345
0.03,15,9.0,0.00102849961024,0.00107605462203,0.00298390945231,0.202123798851,0.211469451043
0.03,15,10.0,0.000951982089897,0.000978797253967,0.00284852104309,0.199188586785,0.204799274939
0.03,15,11.0,0.000884464443277,0.000895306846258,0.00271389391675,0.196824730521,0.199237550009
0.03,15,12.0,0.000824850637703,0.000823379672886,0.00258429805635,0.194883664371,0.194536126282
0.03,15,13.0,0.000771603540959,0.000760647657777,0.00246013713821,0.193268659218,0.190524466455
0.03,15,14.0,0.000723952129346,0.000705689846077,0.00234280129966,0.191905371812,0.187064402197
0.03,15,15.0,0.00068093771329,0.000657066387246,0.00223196150278,0.190740693036,0.184053982659
0.03,15,16.0,0.000641998926703,0.000613836363607,0.00212786484304,0.189732807696,0.18140979975
0.03,15,17.0,0.000606561816944,0.000575140067408,0.00203016468329,0.188850253947,0.179067235607
0.03,15,18.0,0.000574194258653,0.000540322264417,0.0019385991599,0.188068294253,0.17697405553
0.03,15,19.0,0.000544534542218,0.000508847984994,0.00185285353004,0.187367623101,0.175088318695
0.03,15,20.0,0.000517255279399,0.000480256808998,0.00177251610471,0.186732857336,0.17337614476
0.03,15,21.0,0.000492088821714,0.0004541758053,0.00169721982651,0.18615158529,0.171809523863
0.03,15,22.0,0.000468801711237,0.000430288832766,0.00162659562769,0.185613603341,0.170365121996
0.03,15,23.0,0.000447188777778,0.000408325557345,0.00156028087513,0.18511038348,0.169023249824
0.03,15,24.0,0.000427072728014,0.000388056674727,0.00149793926251,0.184634695212,0.1677670363
0.03,15,25.0,0.000408297490395,0.000369284715349,0.00143925350805,0.184180310636,0.166581904582
0.03,15,26.0,0.000390725777595,0.000351839304697,0.00138392843624,0.18374181449,0.165455150289
0.03,15,27.0,0.000374238460477,0.00033557487119,0.0013316958513,0.183314610387,0.164375881328
0.03,15,28.0,0.000358744494543,0.000320379395316,0.00128234458689,0.182895875613,0.163336499727
0.03,15,29.0,0.000343919328348,0.0003059577525,0.00123458971766,0.182502195645,0.162357730442
0.03,15,30.0,0.000328691164013,0.000291180288064,0.00118578041218,0.182034627228,0.161260480954
0.03,15,31.0,0.00031395710707,0.000277137183634,0.00113685840693,0.181693114343,0.160384704983
0.03,15,32.0,0.000299878735771,0.000263742898459,0.0010900477354,0.181341410367,0.159489498507
0.03,15,33.0,0.000286959690207,0.000251532619617,0.00104668395077,0.181026991976,0.158678013209
0.03,15,34.0,0.000275036587665,0.000240312060553,0.00100645741846,0.180730379309,0.157912408036
0.03,15,35.0,0.000264028056932,0.000229994507581,0.0009691353321,0.180450830046,0.157190490591
0.03,15,36.0,0.00025384803618,0.000220490700455,0.000934462308609,0.18018728552,0.156509466826
0.03,15,37.0,0.000244417835989,0.000211719816277,0.000902201660945,0.179938719002,0.155866663225
0.03,15,38.0,0.000235667344604,0.000203610313838,0.000872140502024,0.179704194824,0.155259641796
0.03,15,39.0,0.000227534466164,0.000196099177682,0.000844088772822,0.179482876671,0.154686211353
0.03,15,40.0,0.000219964235203,0.000189130903875,0.000817877020892,0.179274022981,0.154144413415
0.03,15,41.0,0.000212907933234,0.000182656523537,0.000793354044412,0.179076978802,0.153632501601
0.03,15,42.0,0.000206322288006,0.000176632732303,0.00077038469772,0.178891166913,0.153148920082
0.03,15,43.0,0.000200168769518,0.00017102113312,0.000748847928187,0.178716079054,0.152692282719
0.03,15,44.0,0.000194412977216,0.000165787582587,0.000728635044371,0.178551267492,0.152261353277
0.03,15,45.0,0.000189024107465,0.000160901627058,0.000709648193826,0.178396336874,0.151855026584
0.03,15,46.0,0.000183974489875,0.000156336014943,0.000691799024108,0.17825093628,0.151472310411
0.03,15,47.0,0.00017923918212,0.000152066273299,0.00067500750165,0.178114751342,0.151112307787
0.03,15,48.0,0.000174795614551,0.000148070338729,0.00065920086669,0.177987496366,0.150774199594
0.03,15,49.0,0.000170623277606,0.000144328234668,0.00064431270666,0.177868906437,0.150457227341
0.03,15,50.0,0.000166703446759,0.000140821788935,0.000630282134857,0.177758729558,0.15016067623
0.03,15,51.0,0.000163018941253,0.000137534387152,0.000617053065399,0.177656718996,0.149883858788
0.03,15,52.0,0.000144517051086,0.000120257636817,0.000556708062458,0.175922198029,0.146390945841
0.03,15,53.0,0.000141641154013,0.000117753297433,0.000545989667605,0.175867825876,0.146207622732
0.03,15,54.0,0.000134767620593,0.000111824595609,0.000520390362282,0.175711449482,0.145798090786
0.03,15,55.0,0.000132398371333,0.000109767365326,0.000511523930888,0.175666958211,0.145640002845
0.03,15,56.0,0.000130099991187,0.000107774280007,0.000502917731354,0.175622834398,0.145485209932
0.03,15,57.0,0.000127866144284,0.000105839457711,0.000494549376856,0.175578812363,0.145332968238
0.03,15,58.0,0.000125690807738,0.000103957326244,0.000486397537332,0.17553462408,0.145182535708
0.03,15,59.0,0.000123568238085,0.000102122589076,0.000478441830706,0.175489997097,0.145033166598
0.03,15,60.0,0.000121492930306,0.00010033018515,0.000470662686276,0.17544465172,0.144884104338
0.03,18,0.0,0.000108982941284,8.8256271554e-05,7.04061820207e-05,0.407191542905,0.32975075697
0.03,18,1.0,0.00010678917912,0.000104356715575,7.41827955194e-05,0.374267232083,0.365742104295
0.03,18,2.0,7.42751894261e-05,8.69125783329e-05,0.000100082726617,0.284284643788,0.332653629873
0.03,18,3.0,6.71024373898e-05,8.08131891093e-05,0.000126661322112,0.244384817186,0.294318913215
0.03,18,4.0,5.99687791002e-05,7.03411591073e-05,0.000139092646536,0.222599123009,0.261100535373
0.03,18,5.0,5.18843035764e-05,5.86020552509e-05,0.00013773362566,0.209025488756,0.236089190691
0.03,18,6.0,4.54013348286e-05,4.93487448765e-05,0.000131917279438,0.200299394673,0.217714385799
0.03,18,7.0,3.98986705453e-05,4.18830839129e-05,0.000123396963764,0.194458133334,0.204129766849
0.03,18,8.0,3.53544059269e-05,3.59797261499e-05,0.000114531540147,0.190214822909,0.193579189312
0.03,18,9.0,3.15771127952e-05,3.12657071797e-05,0.000106031460045,0.186985921073,0.185141912528
0.03,18,10.0,2.84883625333e-05,2.75312787691e-05,9.84304248521e-05,0.184450309686,0.178253590009
0.03,18,11.0,2.59051825196e-05,2.45020170334e-05,9.16052065715e-05,0.182414925756,0.172534341908
0.03,18,12.0,2.37431111417e-05,2.2032136623e-05,8.55783530471e-05,0.1807572156,0.167731500977
0.03,18,13.0,2.18851423163e-05,1.99652141592e-05,8.01490056804e-05,0.179387350307,0.163650151988
0.03,18,14.0,2.0285493439e-05,1.82268603708e-05,7.52924784968e-05,0.178248085146,0.160158931755
0.03,18,15.0,1.88793358226e-05,1.67335796309e-05,7.08780894273e-05,0.177285732666,0.15713608534
0.03,18,16.0,1.76380351832e-05,1.54424144503e-05,6.68707903606e-05,0.176466396858,0.154499478457
0.03,18,17.0,1.65290675333e-05,1.43110990406e-05,6.32040778635e-05,0.175758417032,0.152174108328
0.03,18,18.0,1.55318129507e-05,1.33116551833e-05,5.98390967386e-05,0.175139419716,0.150104535231
0.03,18,19.0,1.46304629645e-05,1.24227991017e-05,5.67445589359e-05,0.174592403354,0.148247280813
0.03,18,20.0,1.38101686347e-05,1.16258268382e-05,5.38860523694e-05,0.174102522696,0.14656488523
0.03,18,21.0,1.30603767882e-05,1.09071884912e-05,5.12394017658e-05,0.173659134271,0.145028963668
0.03,18,22.0,1.23722572691e-05,1.02558043086e-05,4.87831473546e-05,0.173253715405,0.143616169814
0.03,18,23.0,1.17381893879e-05,9.66238195223e-06,4.64976774852e-05,0.172879118254,0.142306791698
0.03,18,24.0,1.11521164249e-05,9.11956130177e-06,4.43670936116e-05,0.172529833009,0.141085003829
0.03,18,25.0,1.06090655193e-05,8.62137437127e-06,4.23779388555e-05,0.172201666968,0.139938341939
0.03,18,26.0,1.01006017414e-05,8.16010122385e-06,4.04987211619e-05,0.17189756182,0.138873063259
0.03,18,27.0,9.59643519137e-06,7.70562658324e-06,3.86285625484e-05,0.17157747312,0.137771152682
0.03,18,28.0,9.09364612579e-06,7.26047708442e-06,3.67355885163e-05,0.171288293533,0.136758645853
0.03,18,29.0,8.61730562678e-06,6.84074174553e-06,3.49377650082e-05,0.170992493617,0.135740281234
0.03,18,30.0,8.18017098516e-06,6.45882150509e-06,3.32760625361e-05,0.17072235398,0.134797330433
0.03,18,31.0,7.77894622438e-06,6.11052565645e-06,3.1743658217e-05,0.170467075296,0.133905468315
0.03,18,32.0,7.41041036563e-06,5.79255428831e-06,3.03298541573e-05,0.170225833474,0.133061778366
0.03,18,33.0,7.07128507995e-06,5.50165124287e-06,2.90234590594e-05,0.169997544618,0.132262692291
0.03,18,34.0,6.75860419174e-06,5.23490993953e-06,2.78142202383e-05,0.169781181943,0.131504845037
0.03,18,35.0,6.46974071931e-06,4.98978156723e-06,2.66929728851e-05,0.169575821718,0.130785196218
0.03,18,36.0,6.20237869406e-06,4.76403818463e-06,2.56515728697e-05,0.169380644232,0.13010103005
0.03,18,37.0,5.95447629117e-06,4.55573080716e-06,2.46827887224e-05,0.169194925078,0.129449928911
0.03,18,38.0,5.7242304776e-06,4.36315083965e-06,2.37801927984e-05,0.169018024676,0.128829742123
0.03,18,39.0,5.51004550863e-06,4.184796449e-06,2.29380618091e-05,0.168849378162,0.128238555751
0.03,18,40.0,5.31050551673e-06,4.01934374761e-06,2.21512887667e-05,0.16868848615,0.127674664863
0.03,18,41.0,5.12435084867e-06,3.8656222231e-06,2.14153059158e-05,0.168534906414,0.127136548383
0.03,18,42.0,4.95045766872e-06,3.72259378856e-06,2.07260175143e-05,0.168388246359,0.126622846191
0.03,18,43.0,4.78782035276e-06,3.58933487974e-06,2.00797411934e-05,0.168248156127,0.126132338046
0.03,18,44.0,4.63553625133e-06,3.46502110655e-06,1.94731567136e-05,0.168114322188,0.125663923894
0.03,18,45.0,4.49279246446e-06,3.34891404956e-06,1.89032610866e-05,0.167986461287,0.125216605216
0.03,18,46.0,4.35885433517e-06,3.24034986884e-06,1.8367329206e-05,0.167864314668,0.124789467183
0.03,18,47.0,4.23305542789e-06,3.13872945972e-06,1.78628793014e-05,0.167747642536,0.124381661519
0.03,18,48.0,4.1147888105e-06,3.04350994817e-06,1.73876426873e-05,0.167636218784,0.123992390142
0.03,18,49.0,3.72567636746e-06,2.71816075281e-06,1.58701651497e-05,0.166965850517,0.12181412908
0.03,18,50.0,3.62405922656e-06,2.63778923117e-06,1.5457730145e-05,0.166856792797,0.121447532635
0.03,18,51.0,3.36730475586e-06,2.43286803132e-06,1.4428774734e-05,0.166459710884,0.120266663838
0.03,18,52.0,3.28859055205e-06,2.37139447591e-06,1.41054864553e-05,0.1663805771,0.119976620741
0.03,18,53.0,3.21263594101e-06,2.31220022783e-06,1.3793217922e-05,0.166302254146,0.119691156105
0.03,18,54.0,3.13922000074e-06,2.25509741329e-06,1.34911029328e-05,0.166224523632,0.119409437115
0.03,18,55.0,3.06813602441e-06,2.19991112127e-06,1.31983285033e-05,0.166147168385,0.119130638469
0.03,18,56.0,2.99919018517e-06,2.1464781306e-06,1.29141300191e-05,0.166069970968,0.118853936838
0.03,18,57.0,2.93220008742e-06,2.09464557802e-06,1.26377858414e-05,0.165992711837,0.118578504013
0.03,18,58.0,2.86699318588e-06,2.04426954932e-06,1.23686112959e-05,0.165915167016,0.118303498373
0.03,18,59.0,2.8034050697e-06,1.99521358885e-06,1.21059520402e-05,0.165837105222,0.118028054329
0.03,18,60.0,2.74127761887e-06,1.94734713091e-06,1.18491768464e-05,0.165758284311,0.117751269392
0.1,-5,0.0,20023.5315869,18579.4593385,5990.22082739,0.449026450435,0.416643220083
0.1,-5,1.0,20932.5793847,19452.9900264,6231.85449312,0.449029088945,0.417290111662
0.1,-5,2.0,20977.3309136,19652.3743058,6337.26723599,0.44664004974,0.418429659788
0.1,-5,3.0,20424.1565962,19387.1601022,6564.63569716,0.440404035738,0.418043384572
0.1,-5,4.0,19473.3878679,18718.8753621,6793.40698692,0.4328797987,0.416107513167
0.1,-5,5.0,18321.8290998,17796.7473405,6949.22719429,0.425418237142,0.4132262581
0.1,-5,6.0,17096.4512273,16743.3236322,6999.38996135,0.418628816291,0.40998202842
0.1,-5,7.0,15886.77198,15659.262542,6961.62790128,0.412561318455,0.40665315827
0.1,-5,8.0,14738.8157032,14602.730013,6859.53324025,0.407137470155,0.403378308989
0.1,-5,9.0,13662.728582,13593.3781663,6708.89073665,0.402259078277,0.400217258145
0.1,-5,10.0,12659.8062561,12639.4324201,6523.40894199,0.397823789146,0.397183558443
0.1,-5,11.0,11728.0471697,11743.7984762,6314.36994606,0.393740760168,0.39426957211
0.1,-5,12.0,10864.1999701,10906.6830166,6090.73949276,0.38993421787,0.391459005111
0.1,-5,13.0,10064.6241438,10126.8951353,5859.48978119,0.386342967389,0.388733315928
0.1,-5,14.0,9325.63714056,9402.50507273,5625.95455762,0.382918620562,0.386074883465
0.1,-5,15.0,8643.63545015,8731.17900266,5394.14861966,0.379623587716,0.383468451105
0.1,-5,16.0,8015.11934601,8110.34930686,5167.03632881,0.376429140343,0.380901604289
0.1,-5,17.0,7436.69710118,7537.31715756,4946.74638337,0.373313912796,0.378364927573
0.1,-5,18.0,6905.07942353,7009.3145904,4734.74644547,0.370262610149,0.375851884738
0.1,-5,19.0,6417.06498679,6523.5376974,4531.98893775,0.367264635129,0.37335833393
0.1,-5,20.0,5969.5509049,6077.18944585,4339.02342549,0.364313253042,0.370882281036
0.1,-5,21.0,5559.54178341,5667.51197157,4156.08947249,0.361404798824,0.368423532679
0.1,-5,22.0,5184.16124008,5291.81479499,3983.19175541,0.358538009601,0.365983358909
0.1,-5,23.0,4840.66350328,4947.49858024,3820.16055262,0.355713458059,0.363564174111
0.1,-5,24.0,4526.44343882,4632.07413958,3666.70012609,0.352933068515,0.361169240656
0.1,-5,25.0,4239.04407808,4343.17667792,3522.42711517,0.350199702064,0.35880239757
0.1,-5,26.0,3976.12028437,4078.53432339,3386.80501113,0.347518622345,0.356469756416
0.1,-5,27.0,3668.23031886,3769.41149616,3231.69443871,0.343810545626,0.353293907561
0.1,-5,28.0,3385.40895568,3482.95671773,3077.4224789,0.340386192008,0.350194138905
0.1,-5,29.0,3185.94259017,3281.33794758,2965.15742676,0.337764489113,0.347878031102
0.1,-5,30.0,3002.70507013,3095.90121182,2859.44685418,0.335196166455,0.345599782092
0.1,-5,31.0,2834.20426919,2925.17720529,2759.83779623,0.332683568662,0.343362121849
0.1,-5,32.0,2679.0752519,2767.81906647,2665.89643037,0.330228565592,0.341167318644
0.1,-5,33.0,2536.07335057,2622.59634757,2577.21128258,0.327832519256,0.339017153199
0.1,-5,34.0,2404.06642951,2488.38800231,2493.39502652,0.325496267298,0.336912905732
0.1,-5,35.0,2282.02658681,2364.17467394,2414.08511653,0.323220116702,0.33485535113
0.1,-5,36.0,2169.02161776,2249.03063492,2338.94356502,0.321003841985,0.332844757581
0.1,-5,37.0,2064.20654563,2142.11570479,2267.65612957,0.318846685063,0.330880886381
0.1,-5,38.0,1966.81549037,2042.66743283,2199.93113781,0.316747356682,0.328962992766
0.1,-5,39.0,1876.15406925,1949.99375346,2135.49812445,0.314704040777,0.327089829008
0.1,-5,40.0,1791.59243627,1863.466231,2074.10639958,0.312714403471,0.325259651146
0.1,-5,41.0,1712.55897885,1782.5139226,2015.52362095,0.31077560694,0.323470229648
0.1,-5,42.0,1638.53462984,1706.61782443,1959.53440419,0.308884326928,0.321718862954
0.1,-5,43.0,1569.04773879,1635.30585345,1905.93900322,0.307036771277,0.32000239182
0.1,-5,44.0,1503.66951395,1568.14838253,1854.55213076,0.305228698949,0.318317214066
0.1,-5,45.0,1442.01031866,1504.7546262,1805.20218345,0.303455449021,0.31665930878
0.1,-5,46.0,1383.71811121,1444.77119656,1757.73185244,0.301712033256,0.315024318734
0.1,-5,47.0,1328.48550927,1387.88944745,1712.00492503,0.299993574343,0.313407947038
0.1,-5,48.0,1276.11981994,1333.91702994,1667.95980022,0.298298461712,0.311808806561
0.1,-5,49.0,1226.41323092,1282.62832844,1625.32422884,0.296638781798,0.31023581225
0.1,-5,50.0,1180.84417085,1235.56227214,1585.15314873,0.295095985399,0.30877017918
0.1,-5,51.0,1138.5433457,1191.80567688,1546.86548668,0.293649820762,0.307387087827
0.1,-5,52.0,1100.61794364,1152.55535576,1511.65210504,0.292342359978,0.306137797095
0.1,-5,53.0,1064.92114176,1115.58366267,1477.99841328,0.291081100218,0.304928982233
0.1,-5,54.0,1031.36056335,1080.7998343,1445.88900574,0.289866847372,0.303761896411
0.1,-5,55.0,999.787466716,1048.0535079,1415.2468104,0.288698274137,0.302635559062
0.1,-5,56.0,970.059243294,1017.20017682,1385.99375206,0.287573803027,0.301548720153
0.1,-5,57.0,942.0451949,988.107289278,1358.05708754,0.286491835253,0.300500095181
0.1,-5,58.0,915.626634836,960.654411387,1331.37021516,0.285450805036,0.299488420999
0.1,-5,59.0,890.695934885,934.732285387,1305.87241242,0.284449192002,0.298512469747
0.1,-5,60.0,867.155385444,910.241687831,1281.50832826,0.283485519039,0.297571048577
0.1,-2,0.0,6204.98541591,5424.68872599,1580.31382665,0.469719232953,0.410650542522
0.1,-2,1.0,6789.48120615,5861.42155961,1517.32631791,0.479204646258,0.413701777759
0.1,-2,2.0,7023.39419588,6079.4268801,1508.56951177,0.480679381863,0.416074489528
0.1,-2,3.0,7029.03110318,6191.50246794,1622.38322584,0.473561308692,0.417135159661
0.1,-2,4.0,6820.2493069,6123.83976811,1778.71360245,0.463243952684,0.415942528217
0.1,-2,5.0,6491.64294132,5926.03379393,1927.20375187,0.452540747701,0.413111409276
0.1,-2,6.0,6110.05091786,5653.09819458,2045.34496977,0.442484957555,0.409392810028
0.1,-2,7.0,5714.24679621,5344.37674146,2128.00641568,0.433336403344,0.405287534447
0.1,-2,8.0,5324.87329028,5024.2857275,2177.81770042,0.425072498342,0.401077278303
0.1,-2,9.0,4952.37846938,4707.16185986,2200.12151995,0.417581760117,0.396905233869
0.1,-2,10.0,4601.67494631,4401.11882196,2200.63943674,0.410737928464,0.392836619045
0.1,-2,11.0,4274.68314388,4110.52647707,2184.53250544,0.404426436593,0.388895625638
0.1,-2,12.0,3971.70062904,3837.51091443,2156.11615622,0.398551934139,0.385086274137
0.1,-2,13.0,3692.14530431,3582.8496693,2118.85631879,0.393038508849,0.381403703101
0.1,-2,14.0,3434.96473934,3346.50769537,2075.47029825,0.387827362433,0.377840051164
0.1,-2,15.0,3198.86631453,3127.96257442,2028.05410981,0.38287386131,0.374387358253
0.1,-2,16.0,2982.45022022,2926.40624582,1978.20584178,0.378144625188,0.37103881415
0.1,-2,17.0,2784.28707177,2740.87056394,1927.12785618,0.373615191581,0.367789259674
0.1,-2,18.0,2602.96502816,2570.30845677,1875.71244995,0.369268012762,0.364635208598
0.1,-2,19.0,2437.11994845,2413.64919559,1824.61637452,0.365090516746,0.361574502159
0.1,-2,20.0,2285.45222833,2269.83201913,1774.31302912,0.361073876973,0.358606072384
0.1,-2,21.0,2146.73693964,2137.82873178,1725.13545277,0.357211930391,0.35572962575
0.1,-2,22.0,2019.82905055,2016.65802552,1677.30981601,0.353500323638,0.352945346782
0.1,-2,23.0,1903.61117792,1905.34118236,1630.83986309,0.349941891115,0.350259918785
0.1,-2,24.0,1766.41818421,1774.04171355,1577.70766976,0.345127071536,0.346616575199
0.1,-2,25.0,1643.76149466,1655.58810352,1523.97381423,0.340794376431,0.343246339083
0.1,-2,26.0,1555.07385468,1569.79258678,1482.04554564,0.337552325514,0.340747249171
0.1,-2,27.0,1473.40324457,1490.56541724,1441.66662083,0.334436046119,0.338331550756
0.1,-2,28.0,1398.09048535,1417.30741413,1402.80197208,0.331442446523,0.33599816445
0.1,-2,29.0,1328.53688029,1349.47171244,1365.40552557,0.32856809652,0.333745610258
0.1,-2,30.0,1264.19984911,1286.56057727,1329.42386902,0.325809227826,0.331572028369
0.1,-2,31.0,1204.58854639,1228.12201763,1294.79915965,0.323161744888,0.329475201589
0.1,-2,32.0,1149.25943857,1173.74620686,1261.47123784,0.320621244325,0.327452580973
0.1,-2,33.0,1097.81195778,1123.06185635,1229.37913854,0.318183035516,0.325501310124
0.1,-2,34.0,1049.88433148,1075.73266085,1198.46214603,0.31584215892,0.323618246159
0.1,-2,35.0,1005.1496747,1031.45391674,1168.6605122,0.313593402041,0.321799977596
0.1,-2,36.0,963.312398798,989.94937818,1139.91593222,0.311431314125,0.32004283984
0.1,-2,37.0,924.10496374,950.968388822,1112.1718439,0.309350221681,0.318342930118
0.1,-2,38.0,887.284962955,914.283288225,1085.37360136,0.307344244629,0.316696121684
0.1,-2,39.0,852.632518123,879.687080077,1059.46855848,0.305407312544,0.315098077185
0.1,-2,40.0,819.947955676,846.991343317,1034.40609654,0.303533179072,0.3135442601
0.1,-2,41.0,789.049776013,816.024404871,1010.13764907,0.301715435429,0.312029945538
0.1,-2,42.0,759.773059668,786.629923546,986.616855915,0.299947536111,0.310550241808
0.1,-2,43.0,731.968954228,758.666529009,963.800302545,0.298222898504,0.309100174225
0.1,-2,44.0,705.508491909,732.011747171,941.65103672,0.296535394104,0.307675094524
0.1,-2,45.0,680.318249466,706.597539517,920.163552534,0.294882901174,0.306273619117
0.1,-2,46.0,656.285957736,682.300551935,899.159337029,0.293279935567,0.304905292503
0.1,-2,47.0,634.067432105,659.793452828,879.062459347,0.291803865872,0.303643225411
0.1,-2,48.0,613.302182995,638.698792005,859.645401353,0.290437920791,0.302464844094
0.1,-2,49.0,594.482864108,619.544026525,841.50083056,0.289211796065,0.30140387801
0.1,-2,50.0,576.694642554,601.412977939,824.055628561,0.288035774719,0.300381588875
0.1,-2,51.0,559.902461397,584.273866742,807.316753661,0.286909785445,0.299398379728
0.1,-2,52.0,544.041069427,568.063556466,791.256637525,0.285831744022,0.298452830466
0.1,-2,53.0,529.047233285,552.720568404,775.845705179,0.284799411357,0.297543362148
0.1,-2,54.0,514.862846168,538.18830717,761.055944193,0.283810612322,0.296668431485
0.1,-2,55.0,501.435093587,524.415273728,746.861489613,0.282863281829,0.295826573099
0.1,-2,56.0,488.716068517,511.354712369,733.238620847,0.281955470863,0.29501640726
0.1,-2,57.0,476.662281198,498.964146048,720.165613594,0.281085339309,0.294236636351
0.1,-2,58.0,465.234185026,487.204923117,707.622561949,0.28025114573,0.293486038437
0.1,-2,59.0,454.395758555,476.041815596,695.591206323,0.279451239739,0.292763462315
0.1,-2,60.0,444.114150825,465.442676844,684.054778476,0.278684058972,0.292067825717
0.1,0,0.0,1977.2218284,1709.3486195,548.246464237,0.466896649706,0.403641681558
0.1,0,1.0,1742.67844576,1427.17725834,430.409690987,0.484041662078,0.396408903712
0.1,0,2.0,1734.38467208,1414.80185601,418.831998694,0.486091834742,0.396523124919
0.1,0,3.0,1789.58085239,1501.22284321,470.586577159,0.475776434408,0.399113820781
0.1,0,4.0,1796.36233924,1554.85852846,549.672792735,0.460500207289,0.398590339498
0.1,0,5.0,1757.21071428,1561.62235834,631.808889251,0.44479118362,0.395283190279
0.1,0,6.0,1690.49996156,1533.98665605,704.28440579,0.430287219972,0.39044949347
0.1,0,7.0,1610.13609226,1485.19705179,762.360987264,0.417383036979,0.384996062734
0.1,0,8.0,1524.68007866,1424.852203,805.648312215,0.406020440441,0.37943639923
0.1,0,9.0,1439.07814856,1359.21872911,835.694142388,0.396004871949,0.37402919314
0.1,0,10.0,1356.07821369,1292.20363842,854.663526908,0.387125138124,0.368890604506
0.1,0,11.0,1277.13027002,1226.1687728,864.721064581,0.379193184511,0.364062188971
0.1,0,12.0,1202.92094074,1162.48985991,867.782243984,0.372053547107,0.359548546548
0.1,0,13.0,1133.68907918,1101.92048954,865.446327898,0.365581633152,0.355337190388
0.1,0,14.0,1069.41230134,1044.82344584,859.006548806,0.359678826978,0.351408779314
0.1,0,15.0,1009.91893652,991.317859357,849.489919826,0.354267187715,0.34774215778
0.1,0,16.0,954.956275263,941.37337222,837.703623024,0.349284804089,0.344316721517
0.1,0,17.0,904.230900916,894.868924326,824.276861342,0.344682067787,0.341113393628
0.1,0,18.0,857.433730388,851.630929296,809.697227586,0.340418732998,0.338114902246
0.1,0,19.0,814.257297234,811.460072886,794.342825807,0.336461588271,0.335305739193
0.1,0,20.0,774.404055782,774.146214603,778.505316615,0.332782792172,0.332671990703
0.1,0,21.0,737.590391097,739.477190551,762.405885343,0.329358843482,0.330201362709
0.1,0,22.0,685.000658286,690.548859044,742.7746084,0.323369143544,0.325988289826
0.1,0,23.0,653.660367018,660.646081661,726.133936035,0.320352592467,0.323776223314
0.1,0,24.0,623.16827231,631.375284701,708.754343382,0.317408923111,0.321589140688
0.1,0,25.0,596.211819724,605.421609692,692.666061813,0.314739998867,0.319601843581
0.1,0,26.0,571.08319133,581.125268907,676.83884407,0.31222986414,0.317720196486
0.1,0,27.0,547.619669789,558.347499132,661.310558392,0.309866220417,0.315936477048
0.1,0,28.0,525.67341882,536.960986271,646.107705406,0.307637656725,0.314243432624
0.1,0,29.0,505.110356407,516.84927871,631.24793482,0.305533537102,0.312634231847
0.1,0,30.0,485.808990362,497.906067716,616.742005756,0.303543907138,0.311102421281
0.1,0,31.0,467.659261667,480.034400768,602.595314476,0.301659412298,0.309641884782
0.1,0,32.0,450.561429791,463.145876685,588.809086301,0.299871224006,0.308246804435
0.1,0,33.0,434.425025064,447.1598577,575.381306082,0.29817097225,0.306911623017
0.1,0,34.0,419.167882854,432.002721345,562.307445289,0.296550684325,0.305631008208
0.1,0,35.0,404.715265546,417.607164638,549.581029841,0.295002729667,0.304399818797
0.1,0,36.0,390.999071911,403.911566132,537.194083871,0.293519770239,0.303213072882
0.1,0,37.0,377.957127821,390.859405223,525.137477017,0.292094715022,0.302065917478
0.1,0,38.0,365.532555876,378.398740956,513.401200357,0.290720677858,0.300953599626
0.1,0,39.0,353.673232856,366.481762859,501.974600671,0.289390940128,0.299871440756
0.1,0,40.0,342.331387022,355.064467273,490.846626749,0.288098929707,0.298814823521
0.1,0,41.0,331.463535346,344.106655792,480.006238339,0.286838262612,0.297779226899
0.1,0,42.0,321.031637922,333.573109448,469.443591808,0.285603053474,0.296760466451
0.1,0,43.0,311.011044511,323.441359758,459.155905211,0.284389796434,0.295756128546
0.1,0,44.0,301.470705131,313.780337594,449.169243051,0.28322525337,0.294789888719
0.1,0,45.0,292.116227607,304.280826028,439.135077875,0.282092866767,0.293840062292
0.1,0,46.0,283.907320303,295.895319181,429.800801259,0.281206767772,0.293080735703
0.1,0,47.0,276.083075052,287.891468674,420.773858615,0.280358997685,0.292350277482
0.1,0,48.0,268.661683225,280.288664136,412.098248736,0.279550570404,0.291648794114
0.1,0,49.0,261.611865463,273.056658932,403.750830767,0.278779272852,0.290975092777
0.1,0,50.0,254.911497246,266.174204444,395.719948764,0.278043113194,0.29032784027
0.1,0,51.0,248.539377559,259.620850081,387.993472962,0.277340123009,0.289705716671
0.1,0,52.0,242.476013301,253.377750428,380.559905526,0.276668452133,0.289107483505
0.1,0,53.0,236.703651153,247.427712237,373.408572234,0.276026388183,0.288531999454
0.1,0,54.0,231.206153502,241.755083294,366.529621221,0.27541235416,0.287978220352
0.1,0,55.0,225.968843043,236.345608427,359.913971227,0.274824898782,0.287445193943
0.1,0,56.0,220.97835114,231.1862874,353.553247888,0.274262685317,0.286932053135
0.1,0,57.0,216.222481457,226.265246186,347.439720243,0.273724481958,0.286438009961
0.1,0,58.0,211.690091252,221.571624048,341.56624147,0.273209154887,0.285962350883
0.1,0,59.0,207.370988956,217.095475324,335.92619459,0.272715664121,0.285504433521
0.1,0,60.0,203.255844653,212.827683096,330.513442506,0.272243061184,0.285063684391
0.1,2,0.0,227.965494055,209.482354238,149.972993535,0.388078661536,0.356613758521
0.1,2,1.0,181.716360518,166.269974404,122.247592803,0.386438216819,0.353589914723
0.1,2,2.0,233.48899587,209.997202072,125.240095863,0.410547214739,0.369241240223
0.1,2,3.0,277.070312999,257.240705775,144.955778997,0.40789615201,0.37870348826
0.1,2,4.0,303.482319935,291.820145433,174.645863256,0.394159333364,0.379012635763
0.1,2,5.0,314.814697677,310.983987028,205.830534136,0.378551751845,0.373945479527
0.1,2,6.0,315.78208548,318.138373444,233.651575086,0.36398370752,0.366699664089
0.1,2,7.0,310.396039505,317.128881204,255.833547414,0.351381744451,0.359003612518
0.1,2,8.0,301.655395389,311.246375829,272.331164148,0.340763863767,0.351598278142
0.1,2,9.0,291.196437886,302.50645837,283.611241828,0.331918095521,0.344809738311
0.1,2,10.0,280.036445596,292.290604046,290.690500196,0.324485227037,0.338684426639
0.1,2,11.0,268.720033516,281.38972485,294.333071134,0.3182217009,0.333225311436
0.1,2,12.0,257.617035694,270.361050162,295.40464175,0.312876414645,0.328354046177
0.1,2,13.0,246.883458892,259.476892796,294.439938878,0.308295915724,0.324021976332
0.1,2,14.0,236.640912787,248.943014396,291.999979151,0.304328460067,0.320149391426
0.1,2,15.0,226.90500166,238.829449163,288.419618659,0.300873536114,0.316685222327
0.1,2,16.0,217.703205597,229.201780488,284.043431062,0.297836619507,0.313567654176
0.1,2,17.0,209.014925923,220.064118849,279.074417442,0.295154845772,0.310757668488
0.1,2,18.0,200.831203156,211.424461833,273.711471955,0.292770881198,0.308213689034
0.1,2,19.0,192.688653631,202.825375026,268.056295453,0.290381662094,0.305657693927
0.1,2,20.0,185.35424718,195.051008583,262.026519911,0.288519737345,0.303613575743
0.1,2,21.0,175.307779242,184.683944659,255.425418072,0.284860084788,0.300095548309
0.1,2,22.0,168.870429519,177.828937439,249.406627152,0.283289265983,0.298317646855
0.1,2,23.0,162.790817156,171.352202507,243.440220017,0.281848235843,0.296671009016
0.1,2,24.0,157.036672366,165.221478849,237.542154207,0.280522662895,0.295143602546
0.1,2,25.0,151.585047401,159.413370788,231.738451781,0.279297493479,0.293721284859
0.1,2,26.0,146.413284615,153.904390102,226.045819231,0.278160028761,0.292391839236
0.1,2,27.0,141.501357585,148.673617379,220.477328437,0.277099225134,0.291144515336
0.1,2,28.0,136.830542062,143.701353941,215.041346097,0.276105589321,0.289969961518
0.1,2,29.0,132.383532619,138.969301322,209.742820863,0.275170917254,0.288860021773
0.1,2,30.0,128.144602831,134.460751751,204.58485777,0.274287858441,0.287807296035
0.1,2,31.0,124.098997916,130.159984658,199.568089981,0.273449966785,0.286805244838
0.1,2,32.0,120.233165,126.052523412,194.691881459,0.272651429947,0.285847925211
0.1,2,33.0,116.534629783,122.125017321,189.954628168,0.27188695409,0.284929887702
0.1,2,34.0,112.991748367,118.364992649,185.353658387,0.271151736383,0.284046169278
0.1,2,35.0,109.5937335,114.760882111,180.885738911,0.270441312859,0.283192137284
0.1,2,36.0,106.330554545,111.301923661,176.547191888,0.269751493067,0.282363429942
0.1,2,37.0,103.192850818,107.97807255,172.333977874,0.269078310299,0.281555912846
0.1,2,38.0,100.171870223,104.779937588,168.24177888,0.268417984111,0.280765643689
0.1,2,39.0,97.2595445519,101.698858344,164.266260289,0.267766906848,0.279988857178
0.1,2,40.0,94.4488700863,98.727300326,160.403515152,0.267121879289,0.279222207487
0.1,2,41.0,91.7372502154,95.862407142,156.651968706,0.266483128241,0.278466098296
0.1,2,42.0,89.1102400899,93.0882736235,152.98759783,0.265853020221,0.277721153764
0.1,2,43.0,86.5789310654,90.4148683066,149.391234549,0.265266240995,0.277019038589
0.1,2,44.0,84.1926898461,87.8938947352,145.902774709,0.264765745728,0.276405144283
0.1,2,45.0,81.9690204476,85.5421816229,142.58409025,0.264334939864,0.275857724195
0.1,2,46.0,79.8452611866,83.2969092516,139.393451847,0.263920197508,0.275329260808
0.1,2,47.0,77.8189178326,81.1553123627,136.329495062,0.263521625963,0.274819805582
0.1,2,48.0,75.8850858927,79.1121264655,133.387421721,0.263138450962,0.274328508237
0.1,2,49.0,74.038832408,77.1620695266,130.562168571,0.262769823864,0.273854445823
0.1,2,50.0,72.2755432413,75.3002028347,127.84890019,0.262414944418,0.273396748823
0.1,2,51.0,70.5909751268,73.5219842943,125.24310487,0.262073086465,0.272954627874
0.1,2,52.0,68.9812435061,71.823254911,122.740601513,0.261743601093,0.272527377401
0.1,2,53.0,67.4427946236,70.2002089574,120.33752208,0.261425913645,0.272114372887
0.1,2,54.0,65.9723748426,68.6493613095,118.030287284,0.261119519034,0.271715066342
0.1,2,55.0,64.5670011177,67.1675160469,115.815581145,0.260823976878,0.271328981509
0.1,2,56.0,63.2239343623,65.7517380715,113.690327874,0.260538906489,0.27095570862
0.1,2,57.0,61.9406549987,64.399327053,111.651669441,0.260263982413,0.270594899649
0.1,2,58.0,60.7148411134,63.1077941198,109.696945316,0.259998930157,0.270246263595
0.1,2,59.0,59.5443484809,61.8748405549,107.823673438,0.25974352195,0.269909561795
0.1,2,60.0,58.4271924616,60.6983385007,106.029532726,0.259497572493,0.26958460319
0.1,4,0.0,40.8390597532,40.8011696763,37.676262958,0.34227506136,0.341957501934
0.1,4,1.0,39.4492882056,37.6311062461,31.3753938254,0.363736125404,0.346971856863
0.1,4,2.0,50.335692639,47.3206030356,31.5687312117,0.389519691749,0.36618760449
0.1,4,3.0,61.0595956043,59.3708605742,37.518710665,0.38657750987,0.375885873669
0.1,4,4.0,67.3215109187,67.8014053284,46.4443935974,0.370779910637,0.373422976782
0.1,4,5.0,69.6112987612,71.855253846,55.4398624985,0.353524788534,0.364920837178
0.1,4,6.0,69.1894220298,72.6137946364,62.8965106449,0.338004466047,0.354733226029
0.1,4,7.0,67.3527992872,71.368251191,68.3001736852,0.32534248389,0.344738813517
0.1,4,8.0,64.7165705299,68.9383754903,71.7773875031,0.315026215299,0.335577045288
0.1,4,9.0,61.7523991168,65.9554434773,73.6745969286,0.306642422563,0.327513380181
0.1,4,10.0,58.6672731866,62.741378667,74.3532071784,0.299686943497,0.32049848207
0.1,4,11.0,55.6027293583,59.4748073771,74.1288946815,0.293873358014,0.314338191
0.1,4,12.0,52.6572448772,56.2883604944,73.2611659368,0.288997189836,0.308925733606
0.1,4,13.0,49.8874800522,53.2677697681,71.9562549057,0.284889791394,0.30419343293
0.1,4,14.0,47.3123914662,50.4470462652,70.3639748617,0.281414650919,0.30005961387
0.1,4,15.0,44.9252536017,47.8262071481,68.5859415947,0.278455292752,0.296435956283
0.1,4,16.0,42.7113573438,45.392273489,66.6984073315,0.275909528391,0.293227880119
0.1,4,17.0,40.6353940446,43.115743835,64.7414175895,0.273652735764,0.290356265328
0.1,4,18.0,38.3663243647,40.647198188,62.6802945523,0.2707692202,0.286866420981
0.1,4,19.0,35.9477115682,38.0509675187,60.4972862134,0.267277248711,0.282915308528
0.1,4,20.0,34.2845183741,36.2375506409,58.5576205174,0.265607381752,0.280737819964
0.1,4,21.0,32.7345737663,34.5510011312,56.6681549929,0.26408704115,0.278741117042
0.1,4,22.0,31.290891703,32.9828380819,54.8375585479,0.262702990967,0.276907743536
0.1,4,23.0,29.9431835096,31.5213010005,53.0704766928,0.261432694394,0.275211172811
0.1,4,24.0,28.6836256232,30.1573223125,51.3689440938,0.260263621486,0.273635349397
0.1,4,25.0,27.5040224704,28.8814629009,49.7320037317,0.259184633022,0.272164966822
0.1,4,26.0,26.3968385478,27.6854721345,48.1590555497,0.258181590491,0.270785428196
0.1,4,27.0,25.3554670814,26.5620314943,46.6488010225,0.257242761317,0.269483906798
0.1,4,28.0,24.3735489062,25.5041440159,45.1980681439,0.256359230081,0.268250747929
0.1,4,29.0,23.4465656013,24.5068408641,43.8057564226,0.255522880368,0.26707786005
0.1,4,30.0,22.5699495424,23.565129128,42.4688753937,0.254728468732,0.265960242711
0.1,4,31.0,21.7398572334,22.6748037535,41.1852484716,0.253970563414,0.264892847398
0.1,4,32.0,20.9525299358,21.8316509974,39.9528413061,0.25324249494,0.263867980821
0.1,4,33.0,20.2044698737,21.0317975496,38.7690153866,0.252539196964,0.262880110049
0.1,4,34.0,19.4923934347,20.2715599405,37.63138291,0.251854883903,0.261922241229
0.1,4,35.0,18.8132676438,19.5475272398,36.5377277516,0.251183427682,0.260986819927
0.1,4,36.0,18.164064725,18.8564425416,35.4856680327,0.25051748558,0.260066711059
0.1,4,37.0,17.5424479658,18.1955695146,34.4729512706,0.249853381571,0.259155653856
0.1,4,38.0,16.9463218564,17.562520535,33.4975316463,0.249187257757,0.258248153699
0.1,4,39.0,16.3732157726,16.9549773881,32.5581993412,0.248506787986,0.257336556825
0.1,4,40.0,15.8206848806,16.3700916075,31.6456043874,0.247831795343,0.256438278346
0.1,4,41.0,15.294776997,15.814269935,30.7609705104,0.247208221837,0.255604743441
0.1,4,42.0,14.7844045798,15.2752892565,29.8897879997,0.246614384763,0.254802690343
0.1,4,43.0,14.3236783396,14.7891351081,29.0752426206,0.246161829548,0.254161010135
0.1,4,44.0,13.8853317787,14.3270193249,28.2967577264,0.245718470282,0.253534688859
0.1,4,45.0,13.4696627335,13.8891845343,27.5551872611,0.245286343447,0.252925953328
0.1,4,46.0,13.0757062288,13.4745428888,26.8488764923,0.244867422068,0.252336395678
0.1,4,47.0,12.7020547446,13.0815523828,26.1758657712,0.244460808318,0.251764532106
0.1,4,48.0,12.3475513712,12.7089532777,25.5343739479,0.244066751037,0.251210368947
0.1,4,49.0,12.0110211447,12.3554479816,24.9224941376,0.243685814213,0.250673724165
0.1,4,50.0,11.6914287067,12.0199176265,24.3387084451,0.243317697777,0.250154087897
0.1,4,51.0,11.3877214526,11.7012278863,23.7814394602,0.242961958378,0.249650753623
0.1,4,52.0,11.0990286123,11.3984429899,23.2494287929,0.242618155907,0.249163175897
0.1,4,53.0,10.8244660973,11.1106175213,22.7412856585,0.242286163187,0.248691147045
0.1,4,54.0,10.5633473754,10.8370182768,22.2560175633,0.241965701173,0.248234450006
0.1,4,55.0,10.3149926737,10.5769322015,21.7924727976,0.241657215191,0.247793872659
0.1,4,56.0,10.0788225198,10.3297437956,21.3497906623,0.241360610169,0.247369497826
0.1,4,57.0,9.85427800026,10.0948584379,20.927116969,0.241075861384,0.246961440849
0.1,4,58.0,9.64083355216,9.87171695666,20.5236434182,0.240802948695,0.246569815669
0.1,4,59.0,9.43799202032,9.65978289159,20.1386466389,0.240541610251,0.246194288617
0.1,4,60.0,9.24528695047,9.45854960133,19.7714648143,0.240291475887,0.245834321383
0.1,6,0.0,7.71547703557,7.78553621439,7.24287622456,0.339232963835,0.342313315544
0.1,6,1.0,7.09722396417,6.74324435181,5.38008556915,0.36925179194,0.350835069172
0.1,6,2.0,9.47369595417,8.91087480201,5.38114686035,0.398628651027,0.374946590959
0.1,6,3.0,11.6221859777,11.4750042709,6.90750281901,0.387345604619,0.382440315089
0.1,6,4.0,12.6231319671,13.0146941948,9.05292891921,0.363875964579,0.375163185822
0.1,6,5.0,12.7314114969,13.4968969379,11.0065131496,0.341922183461,0.362480505172
0.1,6,6.0,12.3265087804,13.2732346238,12.410532377,0.324294115922,0.349201218643
0.1,6,7.0,11.6588352864,12.6582338497,13.2349681112,0.31047144552,0.337085143114
0.1,6,8.0,10.8846537556,11.8598874605,13.582972542,0.299625617875,0.326471212411
0.1,6,9.0,10.1007344009,11.0146968933,13.5856219471,0.291078611667,0.317416788959
0.1,6,10.0,9.34898242539,10.1831873239,13.3570289569,0.284256923038,0.309621022236
0.1,6,11.0,8.6406338137,9.39726582621,12.9836455246,0.27853653865,0.302927071375
0.1,6,12.0,7.99641554328,8.6760083025,12.5240258994,0.2738831472,0.297159701889
0.1,6,13.0,7.41326762029,8.02088693938,12.0227338012,0.269996640655,0.292126581641
0.1,6,14.0,6.88558570364,7.43050433465,11.506087299,0.266653954611,0.287756692149
0.1,6,15.0,6.40984907446,6.89903101376,10.990216659,0.263789602599,0.283921294916
0.1,6,16.0,5.80750236613,6.23335263035,10.4011935076,0.258777729897,0.277753282157
0.1,6,17.0,5.41740040681,5.79899901213,9.89178964199,0.256649227045,0.274727452715
0.1,6,18.0,5.0449441985,5.38591153577,9.40671547116,0.254312594332,0.271500552159
0.1,6,19.0,4.73242412704,5.04015077654,8.96814978545,0.252520871288,0.268941082065
0.1,6,20.0,4.4469672038,4.72518493358,8.55399824169,0.250870443311,0.266565770488
0.1,6,21.0,4.18699515868,4.43891296161,8.1643368118,0.249370701596,0.264374521013
0.1,6,22.0,3.95066578181,4.17927771838,7.79875548784,0.248021874528,0.26237407848
0.1,6,23.0,3.73512522457,3.94296845086,7.45543419262,0.246811269463,0.260545226813
0.1,6,24.0,3.53718270848,3.72638618511,7.13289372455,0.245698044186,0.258840402948
0.1,6,25.0,3.35316688795,3.5259297003,6.82958418451,0.244601719416,0.257204158354
0.1,6,26.0,3.18235944422,3.34044768327,6.54417893224,0.243541963669,0.25564025767
0.1,6,27.0,3.02395667,3.16889050435,6.27564556182,0.242527844703,0.254151850701
0.1,6,28.0,2.87693287248,3.00999103696,6.02288817374,0.241559887963,0.252732034388
0.1,6,29.0,2.7402381937,2.86251004687,5.78483776677,0.240633808775,0.251371102271
0.1,6,30.0,2.6127701945,2.72514135578,5.56013238734,0.239746711378,0.250057842617
0.1,6,31.0,2.49336407369,2.59658737691,5.3476034718,0.238883923699,0.248773529454
0.1,6,32.0,2.38110807322,2.4758538198,5.14624360757,0.238034505347,0.247506043903
0.1,6,33.0,2.27524840633,2.36216187682,4.95512563139,0.237189459242,0.246249990395
0.1,6,34.0,2.17521387896,2.25490365431,4.77346897459,0.236344155303,0.245002711974
0.1,6,35.0,2.08013883666,2.15326842019,4.60058695283,0.235469798517,0.243747999951
0.1,6,36.0,1.98969490943,2.05679354817,4.43584598255,0.234569259615,0.242479657302
0.1,6,37.0,1.90357140597,1.96508817602,4.27879802479,0.233639927674,0.241190352974
0.1,6,38.0,1.8221866167,1.87861198426,4.12871980727,0.232732911744,0.239939659926
0.1,6,39.0,1.74124448004,1.79262844948,3.97782923382,0.23180424918,0.238644771917
0.1,6,40.0,1.67153233629,1.71885902533,3.83941954682,0.231200007504,0.237746055477
0.1,6,41.0,1.60571089153,1.64925297132,3.70762980516,0.230619646656,0.236873362135
0.1,6,42.0,1.54434897114,1.58440130503,3.58385539879,0.230066988279,0.236033722485
0.1,6,43.0,1.48686159855,1.52368243319,3.46715101589,0.229535596785,0.235219846255
0.1,6,44.0,1.43298832556,1.46682718161,3.35704046824,0.229026899643,0.234435183961
0.1,6,45.0,1.38248471258,1.41358169483,3.25309281207,0.228541630732,0.233682342214
0.1,6,46.0,1.33511058728,1.36369206697,3.15490161761,0.228079609982,0.232962241282
0.1,6,47.0,1.2906343016,1.31690840601,3.06209637034,0.227639587609,0.232273763446
0.1,6,48.0,1.24883755997,1.27299142605,2.97434475872,0.227219447196,0.231614116505
0.1,6,49.0,1.20950776704,1.23171210233,2.89134521234,0.226815378436,0.230979291101
0.1,6,50.0,1.17246105048,1.19287057872,2.81282006212,0.226424624147,0.230366093894
0.1,6,51.0,1.13745710052,1.15623563396,2.73851328027,0.226035479705,0.229767149948
0.1,6,52.0,1.10438189726,1.12166697419,2.66818444015,0.225649622106,0.229181345224
0.1,6,53.0,1.07311499616,1.08902667949,2.60160783543,0.225266881406,0.228607040936
0.1,6,54.0,1.04356257711,1.05820261096,2.53857109103,0.224889429201,0.228044380258
0.1,6,55.0,1.01564606383,1.02910468107,2.47888287278,0.224519965512,0.227495143958
0.1,6,56.0,0.989284562889,1.00164027595,2.42232983211,0.224162129007,0.226961811777
0.1,6,57.0,0.964385502524,0.975709008951,2.3687185915,0.22381697221,0.226444959582
0.1,6,58.0,0.940858716679,0.951215564617,2.31786824326,0.223484931491,0.225945023969
0.1,6,59.0,0.918633206686,0.928088412112,2.2696176482,0.223167515382,0.225464509097
0.1,6,60.0,0.897653588358,0.906274317412,2.22383178187,0.22286671946,0.225007048011
0.1,9,0.0,0.489240924496,0.500529430004,0.433770861629,0.34367879128,0.351608667408
0.1,9,1.0,0.500240015463,0.471821533399,0.327297231012,0.384989906723,0.363118748037
0.1,9,2.0,0.736496352509,0.701643305943,0.366691292171,0.408069438445,0.388758462781
0.1,9,3.0,0.915328236616,0.927930663139,0.530318448407,0.385632360927,0.390941826209
0.1,9,4.0,0.970154529635,1.02872470724,0.719702021831,0.356860596507,0.378404987508
0.1,9,5.0,0.937841153288,1.02038061577,0.859909985342,0.332788256554,0.362076973221
0.1,9,6.0,0.86272746477,0.95032878217,0.932307459299,0.314248878139,0.346157698526
0.1,9,7.0,0.771762979787,0.854389114318,0.947297668195,0.299894325156,0.332001473988
0.1,9,8.0,0.681401733139,0.754806544609,0.923473751552,0.288768454681,0.319876379629
0.1,9,9.0,0.59874836491,0.661962268031,0.877274472277,0.280052636218,0.309619681828
0.1,9,10.0,0.526435096389,0.580016265622,0.820948708495,0.273132238836,0.300931952062
0.1,9,11.0,0.46444374749,0.509541592778,0.76196773587,0.267543952584,0.293522676265
0.1,9,12.0,0.411973076725,0.449910168055,0.704856011824,0.262949354839,0.287163397584
0.1,9,13.0,0.35272483841,0.383151084888,0.642292983605,0.255937306845,0.278014605444
0.1,9,14.0,0.314539733082,0.340071520557,0.590354019875,0.252649402978,0.273157434823
0.1,9,15.0,0.28012748733,0.301339811223,0.54420814031,0.248852802201,0.267696887415
0.1,9,16.0,0.253799727416,0.271765073066,0.505885306963,0.246061080012,0.263478641482
0.1,9,17.0,0.231394644079,0.246686314566,0.47184182515,0.243593108857,0.25969091254
0.1,9,18.0,0.212138869489,0.225214698335,0.441619255463,0.241348610411,0.256224871086
0.1,9,19.0,0.195512764556,0.206745631071,0.414708145904,0.23931551002,0.253064991724
0.1,9,20.0,0.181047549685,0.190713762624,0.390686791176,0.237455570887,0.250133434331
0.1,9,21.0,0.168358425123,0.176719872604,0.369158441988,0.235717957032,0.247424786177
0.1,9,22.0,0.157144874878,0.164370817676,0.349766719458,0.234096517451,0.244860903153
0.1,9,23.0,0.147200644665,0.153456092181,0.332246888683,0.232579872713,0.242463601077
0.1,9,24.0,0.138272404811,0.143690535623,0.316321677906,0.231114758047,0.240170867206
0.1,9,25.0,0.130224981759,0.134902339368,0.30178506305,0.229709185042,0.237959767917
0.1,9,26.0,0.122947228707,0.126976756956,0.288458424026,0.228364126491,0.235848635972
0.1,9,27.0,0.116275387248,0.119734962912,0.276172590155,0.227019250537,0.233773820812
0.1,9,28.0,0.110140680252,0.113086270239,0.264797078651,0.225687002433,0.231722750287
0.1,9,29.0,0.104496825631,0.106979730788,0.254224530271,0.224386046368,0.229717588911
0.1,9,30.0,0.0992318211417,0.101299431095,0.244342988363,0.223055893297,0.227703521244
0.1,9,31.0,0.0942895481403,0.0959774721017,0.235063292305,0.221685465058,0.225653966507
0.1,9,32.0,0.0896502738144,0.0909877496613,0.226324241129,0.220291367558,0.22357785371
0.1,9,33.0,0.0852755508425,0.0862867565839,0.218056560849,0.218869150819,0.221464522408
0.1,9,34.0,0.0811155987247,0.0818239276176,0.210212042611,0.217379760595,0.219277994321
0.1,9,35.0,0.0771819833601,0.0776235737814,0.202641418402,0.21592568588,0.217161087077
0.1,9,36.0,0.0731801790053,0.0733492013262,0.194884722916,0.214344335249,0.214839400682
0.1,9,37.0,0.069962240691,0.0699540143121,0.187874783238,0.21343548947,0.213410393059
0.1,9,38.0,0.0669345447367,0.06676329368,0.181204495045,0.212556521893,0.212012699132
0.1,9,39.0,0.0641679722862,0.063856803096,0.175055054361,0.211719705467,0.21069301494
0.1,9,40.0,0.0616171734305,0.0611835311608,0.169343961563,0.21091322406,0.209428883184
0.1,9,41.0,0.0592689832675,0.0587268288808,0.164040336527,0.210146761491,0.208224474616
0.1,9,42.0,0.057104947753,0.0564655627586,0.15910691814,0.209423082927,0.207078242735
0.1,9,43.0,0.0551052517001,0.0543785206325,0.154509087134,0.208737659842,0.20598481619
0.1,9,44.0,0.0532532921993,0.052449313569,0.150217749045,0.20808541094,0.204943892045
0.1,9,45.0,0.0515333791499,0.0506624913597,0.146209296577,0.207456953309,0.203951036743
0.1,9,46.0,0.0499355336225,0.0490057486178,0.14246229358,0.20685498735,0.203003408095
0.1,9,47.0,0.0484516305836,0.0474692555806,0.138956711493,0.206284597028,0.202102099366
0.1,9,48.0,0.0470721083948,0.0460424142171,0.135671765163,0.205747070127,0.20124638878
0.1,9,49.0,0.0457881513197,0.0447160939199,0.132590224933,0.205241085915,0.200435689353
0.1,9,50.0,0.0445930167966,0.0434836523102,0.129697965604,0.204766807924,0.199672713803
0.1,9,51.0,0.0434779897454,0.042336592799,0.12698301212,0.204316171026,0.198952402943
0.1,9,52.0,0.0424360795637,0.0412671077525,0.12443425443,0.203884890713,0.198268545084
0.1,9,53.0,0.0414637798412,0.0402706129173,0.122041300685,0.203477554858,0.197622259244
0.1,9,54.0,0.0405571512496,0.0393425743678,0.119793118515,0.203097669452,0.197015444087
0.1,9,55.0,0.0397114252018,0.0384780005158,0.117679318785,0.202745084738,0.196447884595
0.1,9,56.0,0.0389231144072,0.0376734839259,0.115691742302,0.202420564236,0.195921831774
0.1,9,57.0,0.0381886811701,0.0369253551651,0.113823607709,0.202123199764,0.195436729149
0.1,9,58.0,0.0323778655883,0.0308434628798,0.101500672301,0.196560662432,0.18724555758
0.1,9,59.0,0.0318903445385,0.0303586437429,0.100119784562,0.196406882802,0.186973413738
0.1,9,60.0,0.0310560046506,0.0295470992304,0.0976596968348,0.196230601949,0.186696425798
0.1,12,0.0,0.0318105194765,0.0327108905645,0.0289774469981,0.340223618596,0.349853373618
0.1,12,1.0,0.03517667607,0.0328896869371,0.0223376020493,0.389105456249,0.363808013471
0.1,12,2.0,0.0533962947872,0.0512141710536,0.026512765981,0.407222229389,0.390580451245
0.1,12,3.0,0.061754618014,0.0633175371388,0.0379418335606,0.378830175873,0.388417813947
0.1,12,4.0,0.0583569854009,0.0624746597178,0.0473493077843,0.346989265988,0.371472860864
0.1,12,5.0,0.0498645203447,0.0546176579192,0.0510029241519,0.320702881305,0.351272611142
0.1,12,6.0,0.0410633374635,0.045399151093,0.0502630038743,0.300334171291,0.332045987079
0.1,12,7.0,0.0336809214242,0.0372955311164,0.0474831771552,0.284324047869,0.314837478491
0.1,12,8.0,0.0280784204206,0.0309929081147,0.0442327631055,0.271803565325,0.300016268692
0.1,12,9.0,0.023937760495,0.026273022314,0.0411805186345,0.261926027061,0.287478369374
0.1,12,10.0,0.0200719866863,0.0218434351984,0.0381752250769,0.250615863996,0.272733908728
0.1,12,11.0,0.0177035374563,0.019113386134,0.0355740619446,0.24455444729,0.264029920201
0.1,12,12.0,0.0157358791664,0.0168412528598,0.0334830333144,0.238205264629,0.254938097308
0.1,12,13.0,0.0144759347484,0.0153744651671,0.0319472542635,0.234247317973,0.248787197044
0.1,12,14.0,0.0134851373305,0.0142206783442,0.0306482296689,0.231091730678,0.2436965297
0.1,12,15.0,0.012678880266,0.0132827281142,0.0295329409256,0.228470731353,0.239351941414
0.1,12,16.0,0.0119980174643,0.012492307047,0.0285564338636,0.226178146071,0.235496143963
0.1,12,17.0,0.0114037002029,0.0118057587049,0.0276741380005,0.224113484419,0.232015019028
0.1,12,18.0,0.010872694399,0.0111973408385,0.0268496225275,0.222256141921,0.22889246062
0.1,12,19.0,0.0103895794443,0.0106492146879,0.0260590849198,0.220595484413,0.226108158206
0.1,12,20.0,0.00994372979672,0.0101477759373,0.0252910506489,0.219109071618,0.22360520751
0.1,12,21.0,0.00952840952467,0.00968371722442,0.0245426528728,0.217768426833,0.221317929335
0.1,12,22.0,0.00913847791037,0.0092503294515,0.0238143583424,0.216535365485,0.21918567712
0.1,12,23.0,0.0087696772851,0.0088426789444,0.0231070514044,0.215368488754,0.217161286429
0.1,12,24.0,0.00841919680027,0.00845738929521,0.0224212355616,0.214240801277,0.215212674357
0.1,12,25.0,0.00808497349568,0.00809191529538,0.0217569142493,0.213133744778,0.213316742505
0.1,12,26.0,0.00776540281787,0.00774413430931,0.0211136742062,0.212035005537,0.211454267044
0.1,12,27.0,0.00745899074459,0.0074121010696,0.0204907945069,0.210933055914,0.209607061181
0.1,12,28.0,0.00716434192433,0.00709403083617,0.0198873438176,0.209816710332,0.20775756221
0.1,12,29.0,0.00688017787931,0.00678831058277,0.0193022796835,0.208675086032,0.205888760395
0.1,12,30.0,0.00660543363524,0.00649359757973,0.0187346384292,0.207498340878,0.203985203475
0.1,12,31.0,0.00633980808516,0.00620941470722,0.0181843502802,0.206282818798,0.202040117254
0.1,12,32.0,0.00608409792938,0.00593764268875,0.0176390355003,0.205122681385,0.200185007468
0.1,12,33.0,0.00580693632295,0.00564345589841,0.0170475943833,0.203766546862,0.198029986353
0.1,12,34.0,0.00557393929873,0.00540101817945,0.0164846950326,0.202986519824,0.19668923987
0.1,12,35.0,0.00535038869562,0.00516887215387,0.0159398832351,0.202213218935,0.195352961431
0.1,12,36.0,0.00514584617854,0.00495739641775,0.0154336726308,0.201506177734,0.194126674019
0.1,12,37.0,0.00495623433578,0.00476192897794,0.0149600138101,0.200834701482,0.192961131369
0.1,12,38.0,0.00478045832189,0.00458123344491,0.0145169724953,0.200197895051,0.191854678077
0.1,12,39.0,0.00461731791093,0.00441398495376,0.0141022218626,0.199594223767,0.190804687388
0.1,12,40.0,0.0044656999838,0.00425896277749,0.0137135471382,0.199022114679,0.189808491701
0.1,12,41.0,0.0043246042174,0.00411507404791,0.0133489256997,0.198480096492,0.188863593763
0.1,12,42.0,0.00419313917097,0.00398134773382,0.0130065313064,0.197966836587,0.187967721576
0.1,12,43.0,0.0040705118935,0.00385692234499,0.0126847202281,0.197481146384,0.187118835697
0.1,12,44.0,0.00395601665605,0.00374103302323,0.0123820133226,0.197021975363,0.18631511953
0.1,12,45.0,0.00384902435958,0.00363299955658,0.012097078145,0.19658840061,0.185554962901
0.1,12,46.0,0.00374897300627,0.00353221567234,0.0118287123088,0.196179614365,0.184836942623
0.1,12,47.0,0.00365535925,0.00343813959105,0.0115758283761,0.195794910416,0.184159801318
0.1,12,48.0,0.00356773092382,0.00335028570918,0.0113374402296,0.195433669542,0.183522424796
0.1,12,49.0,0.00348568041361,0.00326821725412,0.0111126507719,0.195095343982,0.182923817947
0.1,12,50.0,0.00340883875364,0.00319153976575,0.0109006407842,0.194779440814,0.182363078994
0.1,12,51.0,0.00333687033962,0.00311989528299,0.0107006587953,0.194485504255,0.181839372099
0.1,12,52.0,0.00326946818072,0.00305295714291,0.0105120118543,0.194213097008,0.18135189853
0.1,12,53.0,0.00320634964019,0.00299042533116,0.0103340571488,0.193961781045,0.180899866953
0.1,12,54.0,0.00314725264172,0.00293202235251,0.0101661944583,0.193731098441,0.180482463809
0.1,12,55.0,0.00266427344547,0.00243434015578,0.00905318863655,0.188263897467,0.172016264422
0.1,12,56.0,0.00262536110268,0.00239725087508,0.0089274770328,0.188196727683,0.171844844378
0.1,12,57.0,0.0025425805031,0.00231996394665,0.00865689605571,0.188068470886,0.171602067831
0.1,12,58.0,0.00250896819665,0.00228792804932,0.00854824428445,0.188006127843,0.171442784293
0.1,12,59.0,0.00247608107872,0.00225660799638,0.00844201577349,0.187942053137,0.171283381473
0.1,12,60.0,0.00244383033059,0.00222591359613,0.00833795572144,0.187875673385,0.171122770078
0.1,15,0.0,0.00141730137681,0.00145524626934,0.00167951686009,0.311353535274,0.319689289848
0.1,15,1.0,0.00155509643097,0.00143860292129,0.00122826944395,0.368334420748,0.340742196529
0.1,15,2.0,0.00202567675986,0.00196337591589,0.00132701281236,0.381048119967,0.369328767729
0.1,15,3.0,0.00191563006891,0.00200234579716,0.00164219818378,0.344526997129,0.360122862919
0.1,15,4.0,0.00154303890969,0.00168812849,0.00184294066111,0.304100521944,0.332694627267
0.1,15,5.0,0.00123514627851,0.0013730254713,0.0019028559283,0.27380596322,0.304370881598
0.1,15,6.0,0.00107336221964,0.0011914229765,0.00195190339757,0.254550981366,0.282549434236
0.1,15,7.0,0.000980402066806,0.00108078633067,0.00203953559358,0.239080237769,0.263559881871
0.1,15,8.0,0.000920740692406,0.00100309422279,0.00205615804224,0.231342291872,0.25203417029
0.1,15,9.0,0.000864238027245,0.000929004741784,0.00205683154101,0.22447307705,0.241295275617
0.1,15,10.0,0.000822043135165,0.000872622694063,0.00204168026547,0.220012577617,0.233549749393
0.1,15,11.0,0.000781623001217,0.000819908295642,0.00201076507153,0.216378425662,0.226977028468
0.1,15,12.0,0.000743506418025,0.000771304646314,0.0019698907692,0.213362994466,0.221340213068
0.1,15,13.0,0.000707547868746,0.000726480953657,0.00192196904309,0.210830845878,0.216472412312
0.1,15,14.0,0.000673850956181,0.000685328682185,0.0018700544484,0.208672068384,0.212226386744
0.1,15,15.0,0.000642205867828,0.000647434918663,0.00181564758349,0.206810380008,0.20849429796
0.1,15,16.0,0.000612557394409,0.00061255597977,0.00176030078494,0.20518338889,0.20518291504
0.1,15,17.0,0.000584745847987,0.000580369569407,0.00170487884718,0.203744605069,0.20221976628
0.1,15,18.0,0.000558645497499,0.000550609663837,0.00165008347516,0.202456302431,0.199544070653
0.1,15,19.0,0.000534136353456,0.000523037847844,0.00159640882526,0.201288728527,0.197106268245
0.1,15,20.0,0.000511086370299,0.000497424041279,0.00154413700938,0.200218160214,0.194865940825
0.1,15,21.0,0.000489380686247,0.000473570740332,0.00149347120925,0.199224953845,0.192788787005
0.1,15,22.0,0.000468908799211,0.000451298604775,0.00144452307524,0.198292703261,0.190845683573
0.1,15,23.0,0.000449565196705,0.000430444773245,0.00139733622017,0.197407490638,0.189011567549
0.1,15,24.0,0.000431252960949,0.000410864225906,0.00135191567192,0.196557202516,0.187264390441
0.1,15,25.0,0.000413881616145,0.000392426279753,0.00130823341332,0.195731156606,0.18558458898
0.1,15,26.0,0.000397367837552,0.000375013987651,0.00126623995877,0.194919842747,0.183954665156
0.1,15,27.0,0.000381638266315,0.000358526175037,0.00122587643909,0.194115122484,0.182359471059
0.1,15,28.0,0.000366646931645,0.000342895559382,0.00118711011234,0.193312645128,0.180789860396
0.1,15,29.0,0.000352229080214,0.000327990256488,0.00114903144975,0.192553739937,0.179303056157
0.1,15,30.0,0.000336705094352,0.000312002595118,0.00110821981479,0.191644273048,0.17758421697
0.1,15,31.0,0.000322164213014,0.00029736380772,0.00106697146666,0.191025384485,0.176320129322
0.1,15,32.0,0.000308141549302,0.00028328238503,0.00102701546432,0.190394246184,0.17503428628
0.1,15,33.0,0.000295314266583,0.000270491234276,0.000989840035406,0.189833904767,0.173877164155
0.1,15,34.0,0.000283444023019,0.000258705871764,0.000955143126687,0.189304310482,0.172782393329
0.1,15,35.0,0.000272459328641,0.000247845107375,0.000922772443912,0.188804444469,0.171747680821
0.1,15,36.0,0.000262280932159,0.000237821860965,0.000892544581004,0.18833262248,0.170769618629
0.1,15,37.0,0.000252835409683,0.000228556285697,0.000864285082119,0.187887176111,0.169844861351
0.1,15,38.0,0.000244056876167,0.000219977198472,0.000837834667343,0.187466576542,0.168970335778
0.1,15,39.0,0.000235886689282,0.000212021575291,0.000813049525065,0.187069457218,0.168143277303
0.1,15,40.0,0.000228272735271,0.000204633672739,0.000789800211496,0.186694609835,0.167361220979
0.1,15,41.0,0.000221168667683,0.000197764134579,0.000767970243801,0.186340972345,0.166621979137
0.1,15,42.0,0.0002145331981,0.00019136917531,0.000747454699819,0.18600761471,0.16592361529
0.1,15,43.0,0.000208329462268,0.000185409858925,0.000728158917956,0.185693724259,0.165264417445
0.1,15,44.0,0.000202524461488,0.000179851468792,0.000709997319215,0.18539859117,0.164642871725
0.1,15,45.0,0.000197088571932,0.000174662958226,0.000692892348499,0.185121594069,0.164057636292
0.1,15,46.0,0.000191995112911,0.000169816470375,0.00067677352415,0.184862185618,0.163507515329
0.1,15,47.0,0.000187219965625,0.000165286917023,0.000661576583128,0.184619877893,0.162991432758
0.1,15,48.0,0.000182741235201,0.000161051607556,0.000647242710411,0.184394227449,0.162508405517
0.1,15,49.0,0.000178538950346,0.000157089921188,0.000633717843683,0.184184820089,0.162057516389
0.1,15,50.0,0.000174594796577,0.00015338301741,0.000620952047354,0.183991255508,0.161637886696
0.1,15,51.0,0.000170891880521,0.000149913581319,0.000608898953063,0.183813132198,0.16124864948
0.1,15,52.0,0.000147667500964,0.000126917185879,0.000545154312802,0.180139655461,0.154826336107
0.1,15,53.0,0.000144949359043,0.000124460130295,0.00053556964789,0.180065982259,0.154612864532
0.1,15,54.0,0.000138251954099,0.000118465490866,0.000512142817428,0.179814149412,0.154079351815
0.1,15,55.0,0.000136002360059,0.000116438546522,0.000504156060695,0.179755359776,0.153897717753
0.1,15,56.0,0.000133809145714,0.000114464904997,0.000496367332093,0.179696091037,0.153718162381
0.1,15,57.0,0.000131666526376,0.00011253892883,0.000488757922367,0.179635886873,0.153539634139
0.1,15,58.0,0.000129568940969,0.000110655219788,0.000481309791976,0.179574281264,0.153361071047
0.1,15,59.0,0.000127511025524,0.000108808589936,0.000474005497654,0.179510794663,0.153181392474
0.1,15,60.0,0.000125487576594,0.000106994023789,0.00046682808498,0.179444928649,0.152999487965
0.1,18,0.0,2.81355990476e-05,2.91834712874e-05,5.60840391977e-05,0.248102535844,0.257342778409
0.1,18,1.0,2.57554610153e-05,2.51246774778e-05,3.858586898e-05,0.287879852278,0.280829313696
0.1,18,2.0,2.64261223145e-05,2.84645275335e-05,3.77575897912e-05,0.285230700739,0.307232254432
0.1,18,3.0,2.93903772644e-05,3.36348767783e-05,4.75425843284e-05,0.265813076365,0.304201269319
0.1,18,4.0,3.07643563129e-05,3.55254600011e-05,5.99092344212e-05,0.243776447871,0.28150338528
0.1,18,5.0,2.98690450048e-05,3.40524655341e-05,6.72284675268e-05,0.227747235992,0.259645224775
0.1,18,6.0,2.8568344875e-05,3.18282807775e-05,7.16870450048e-05,0.216289755825,0.240970595526
0.1,18,7.0,2.6908158078e-05,2.92543071062e-05,7.28424851218e-05,0.208582368461,0.226768872332
0.1,18,8.0,2.52061511022e-05,2.67544365649e-05,7.22826421854e-05,0.20287746167,0.215339190688
0.1,18,9.0,2.35601349726e-05,2.44512108001e-05,7.06761214758e-05,0.198505668027,0.206013417987
0.1,18,10.0,2.20640289969e-05,2.24299054065e-05,6.86245428169e-05,0.195052387011,0.198286840114
0.1,18,11.0,2.0700674558e-05,2.06505728587e-05,6.63134010155e-05,0.192269931305,0.191804581721
0.1,18,12.0,1.94798825475e-05,1.91022158123e-05,6.39499137478e-05,0.189988298748,0.18630489561
0.1,18,13.0,1.83673488275e-05,1.77328463701e-05,6.15501448897e-05,0.188093034915,0.181595336527
0.1,18,14.0,1.73617697938e-05,1.65265945722e-05,5.92036104096e-05,0.186501251431,0.177529745309
0.1,18,15.0,1.64387972167e-05,1.54477913687e-05,5.69012095179e-05,0.1851470311,0.173985521644
0.1,18,16.0,1.55931359605e-05,1.44818173318e-05,5.46783271317e-05,0.183982683413,0.170870286783
0.1,18,17.0,1.48121723904e-05,1.36089116178e-05,5.2533713327e-05,0.18296843273,0.168105066849
0.1,18,18.0,1.40888763177e-05,1.28162771982e-05,5.04746696696e-05,0.182074289365,0.165628153059
0.1,18,19.0,1.34176901368e-05,1.20937483495e-05,4.85061689102e-05,0.181277004334,0.163390155058
0.1,18,20.0,1.27921462279e-05,1.14313162429e-05,4.66246528129e-05,0.180557325719,0.161349616672
0.1,18,21.0,1.22078885241e-05,1.08217296015e-05,4.48295022232e-05,0.179900482962,0.15947347307
0.1,18,22.0,1.16610078781e-05,1.02587595878e-05,4.31185464581e-05,0.179294436995,0.15773409501
0.1,18,23.0,1.11478611408e-05,9.73691850459e-06,4.14881771633e-05,0.178729079255,0.156108015441
0.1,18,24.0,1.06655452498e-05,9.25179715884e-06,3.99354374627e-05,0.178196322254,0.154575897372
0.1,18,25.0,1.02117031481e-05,8.79985760938e-06,3.84575423901e-05,0.177690316863,0.15312328064
0.1,18,26.0,9.78142549091e-06,8.3767825701e-06,3.70352767667e-05,0.177220654239,0.151771220756
0.1,18,27.0,9.33053353668e-06,7.93588535431e-06,3.5540041317e-05,0.176693031495,0.150282471559
0.1,18,28.0,8.87934289676e-06,7.50641896407e-06,3.39914763891e-05,0.176257039989,0.149004177776
0.1,18,29.0,8.44505044517e-06,7.09528676549e-06,3.24957012782e-05,0.175806555054,0.14770757516
0.1,18,30.0,8.04587733629e-06,6.72115511707e-06,3.11031848154e-05,0.17540525891,0.146525469406
0.1,18,31.0,7.67747016755e-06,6.3782612795e-06,2.98086788911e-05,0.175027319605,0.145408572242
0.1,18,32.0,7.33740944926e-06,6.06384595992e-06,2.86056319801e-05,0.174671581383,0.144353612867
0.1,18,33.0,7.02307294323e-06,5.77505099436e-06,2.74864811734e-05,0.174336397834,0.143356276633
0.1,18,34.0,6.73204056484e-06,5.50928243077e-06,2.64440744651e-05,0.174020199009,0.142412455148
0.1,18,35.0,6.46214301183e-06,5.26424174177e-06,2.54718907809e-05,0.173721574965,0.141518435092
0.1,18,36.0,6.2114499176e-06,5.03790324568e-06,2.45640444339e-05,0.17343928067,0.140670910433
0.1,18,37.0,5.97824581543e-06,4.82848240092e-06,2.37152389827e-05,0.173172223384,0.139866954078
0.1,18,38.0,5.76100503355e-06,4.6344049137e-06,2.29207100842e-05,0.172919446445,0.139103980575
0.1,18,39.0,5.5583684494e-06,4.45427902523e-06,2.2176168858e-05,0.172680113241,0.138379708629
0.1,18,40.0,5.36912277324e-06,4.28687131039e-06,2.14777492848e-05,0.172453492332,0.137692125861
0.1,18,41.0,5.19218233523e-06,4.13108573161e-06,2.08219605269e-05,0.172238943855,0.137039456137
0.1,18,42.0,5.02657313769e-06,3.98594554184e-06,2.02056441164e-05,0.172035907007,0.136420129139
0.1,18,43.0,4.87141888752e-06,3.85057762578e-06,1.96259356343e-05,0.171843888371,0.1358327516
0.1,18,44.0,4.72592873731e-06,3.72419891114e-06,1.90802304168e-05,0.171662450816,0.135276079676
0.1,18,45.0,4.58938649898e-06,3.60610453855e-06,1.85661528495e-05,0.171491202796,0.134748992019
0.1,18,46.0,4.46114113649e-06,3.49565753695e-06,1.8081528873e-05,0.171329787926,0.134250463311
0.1,18,47.0,4.34059838757e-06,3.39227980657e-06,1.76243614149e-05,0.171177874819,0.133779538265
0.1,18,48.0,4.22721340485e-06,3.29544426069e-06,1.71928085514e-05,0.171035147294,0.133335306393
0.1,18,49.0,3.74459463637e-06,2.84950129673e-06,1.5513111015e-05,0.169383434333,0.1288946769
0.1,18,50.0,3.65080690678e-06,2.77216022299e-06,1.51449820848e-05,0.169270006641,0.128531470257
0.1,18,51.0,3.40685986699e-06,2.56962725079e-06,1.42044644755e-05,0.168815620574,0.127329340191
0.1,18,52.0,3.33368710813e-06,2.50997594263e-06,1.39133374712e-05,0.168734474872,0.127042358471
0.1,18,53.0,3.26272256921e-06,2.45224131714e-06,1.36307163407e-05,0.168653804411,0.126759115645
0.1,18,54.0,3.19377568991e-06,2.39625112842e-06,1.33558942508e-05,0.168573260612,0.126478470995
0.1,18,55.0,3.12666615563e-06,2.3418432892e-06,1.30881997287e-05,0.16849249112,0.126199277431
0.1,18,56.0,3.06122293803e-06,2.28886486004e-06,1.28269935541e-05,0.168411137009,0.125920372787
0.1,18,57.0,2.99728312981e-06,2.23717089106e-06,1.25716647842e-05,0.16832882913,0.12564056859
0.1,18,58.0,2.93469055784e-06,2.18662309998e-06,1.23216258581e-05,0.168245183398,0.125358635681
0.1,18,59.0,2.87329417567e-06,2.13708838532e-06,1.20763067922e-05,0.168159794814,0.125073286062
0.1,18,60.0,2.81294624735e-06,2.08843718231e-06,1.18351485183e-05,0.168072230023,0.124783150345
0.2,-5,0.0,13027.7285692,12052.8294495,3994.62805695,0.44807034202,0.414540062379
0.2,-5,1.0,13885.0328869,12843.5939256,4195.8413805,0.448998275419,0.415321416215
0.2,-5,2.0,14223.9682152,13109.1918994,4166.83105188,0.451554673144,0.416164938907
0.2,-5,3.0,14644.3853976,13517.0474638,4238.41901702,0.451989269968,0.417194730227
0.2,-5,4.0,14913.8584754,13859.1160607,4408.96258805,0.449457137466,0.417670493704
0.2,-5,5.0,14911.4665539,13980.9043319,4622.68000315,0.444918511487,0.417153009202
0.2,-5,6.0,14639.2884951,13846.4854408,4808.67494069,0.439691569887,0.415879700912
0.2,-5,7.0,14185.384608,13523.3776226,4948.64741358,0.434369558473,0.414098294076
0.2,-5,8.0,13631.481225,13085.3210334,5041.80240284,0.429221666708,0.412024431582
0.2,-5,9.0,13017.3910023,12570.6989776,5086.91217771,0.424364795003,0.409802708831
0.2,-5,10.0,12370.8775837,12008.3405308,5087.7797375,0.419821443835,0.407518288463
0.2,-5,11.0,11711.9219221,11420.0955715,5050.529096,0.41557358505,0.405218724121
0.2,-5,12.0,11054.9388723,10822.3562941,4981.95900148,0.4115877084,0.402928399517
0.2,-5,13.0,10410.3097784,10227.3202116,4888.67476178,0.407826744984,0.400658078443
0.2,-5,14.0,9785.44690497,9643.97253755,4776.67346632,0.404255529458,0.398410952725
0.2,-5,15.0,9185.53309327,9078.82221652,4651.17915384,0.400843065993,0.396186361306
0.2,-5,16.0,8614.04519779,8536.45172404,4516.61646238,0.397563119971,0.393981956556
0.2,-5,17.0,8073.13614025,8019.93043008,4376.63781661,0.394394368753,0.391795127007
0.2,-5,18.0,7563.92529425,7531.13644933,4234.1903287,0.391320122784,0.389623789952
0.2,-5,19.0,7086.7265554,7071.0154668,4091.61603312,0.388327443295,0.387466531446
0.2,-5,20.0,6641.23254178,6639.78654618,3950.72899228,0.385406780023,0.385322865403
0.2,-5,21.0,6226.66583876,6237.11226571,3812.89775159,0.382551443171,0.383193246635
0.2,-5,22.0,5841.90365148,5862.23864102,3679.1210353,0.379757111804,0.381079002296
0.2,-5,23.0,5485.58010703,5514.10976452,3550.09518104,0.37702138466,0.37898221483
0.2,-5,24.0,5156.16939592,5191.46094162,3426.27285097,0.374343374231,0.37690557793
0.2,-5,25.0,4852.05248766,4892.89354394,3307.91325817,0.371723342752,0.374852240059
0.2,-5,26.0,4571.5341436,4616.89785102,3195.05133926,0.369163830591,0.372827073493
0.2,-5,27.0,4198.43178022,4252.07353437,3056.24552266,0.364866836834,0.369528600603
0.2,-5,28.0,3836.93185535,3893.92604368,2906.48763871,0.360703884417,0.366061817759
0.2,-5,29.0,3620.66483093,3679.60538872,2809.36682992,0.358139942431,0.36397007832
0.2,-5,30.0,3420.62371762,3481.02249489,2717.06153644,0.355621961588,0.36190126426
0.2,-5,31.0,3235.48654943,3296.93106473,2629.35416075,0.353150747358,0.359857366646
0.2,-5,32.0,3064.00855522,3126.15065669,2546.00962407,0.350726801731,0.357840000048
0.2,-5,33.0,2905.02613242,2967.57236404,2466.78423852,0.348350258615,0.355850361873
0.2,-5,34.0,2757.4577609,2820.16117715,2391.43231701,0.346020833929,0.353889200469
0.2,-5,35.0,2620.30251257,2682.95572283,2319.71086936,0.343737784656,0.351956788223
0.2,-5,36.0,2492.63683494,2555.06609245,2251.38278984,0.34149987156,0.350052895861
0.2,-5,37.0,2373.61021817,2435.67039521,2186.21889695,0.339305322609,0.348176765879
0.2,-5,38.0,2262.44026759,2324.01058053,2123.99914035,0.3371517963,0.346327084551
0.2,-5,39.0,2158.40758986,2219.38795744,2064.51323043,0.33503634556,0.344501953262
0.2,-5,40.0,2060.85075655,2121.15869124,2007.56087459,0.33295538288,0.342698859655
0.2,-5,41.0,1969.16149458,2028.72944288,1952.95175066,0.330904646246,0.34091464843
0.2,-5,42.0,1882.78015492,1941.55321625,1900.50529526,0.328879164047,0.339145490271
0.2,-5,43.0,1801.19150605,1859.1254728,1850.05038529,0.326873216797,0.337386847364
0.2,-5,44.0,1723.92099781,1780.98066928,1801.42503586,0.324880297486,0.335633437023
0.2,-5,45.0,1650.53214569,1706.68988018,1754.47650482,0.322893092341,0.333879212542
0.2,-5,46.0,1580.62749853,1635.86197953,1709.06316143,0.320903584678,0.332117449404
0.2,-5,47.0,1513.86524951,1568.16047022,1665.06466811,0.318903818092,0.330341396961
0.2,-5,48.0,1450.0916306,1503.43623171,1622.45509592,0.316891833698,0.32854935113
0.2,-5,49.0,1388.95865121,1441.30033298,1580.75823318,0.314883978631,0.32675010365
0.2,-5,50.0,1333.79592781,1385.15487275,1541.88170539,0.313036460821,0.325090195593
0.2,-5,51.0,1282.70179834,1333.02194148,1504.62384368,0.311309124375,0.323521721035
0.2,-5,52.0,1238.5128661,1287.88474372,1471.09072622,0.309822759189,0.322173483812
0.2,-5,53.0,1196.94854261,1245.39152729,1439.04583863,0.308381740649,0.320862587911
0.2,-5,54.0,1157.96527119,1205.50454557,1408.5135831,0.306991083586,0.319594340107
0.2,-5,55.0,1121.3875899,1168.04934129,1379.4201332,0.305650389269,0.318368723771
0.2,-5,56.0,1087.03995328,1132.85067736,1351.6863678,0.304358537911,0.31718500759
0.2,-5,57.0,1054.75999681,1099.74627503,1325.23781348,0.303114243734,0.316042285887
0.2,-5,58.0,1024.39997023,1068.58836258,1300.00620184,0.301916186355,0.314939606199
0.2,-5,59.0,995.825911089,1039.24289228,1275.92938388,0.30076304932,0.313876007629
0.2,-5,60.0,968.916327189,1011.58824513,1252.95084461,0.299653529199,0.312850531304
0.2,-2,0.0,3786.96699125,3418.75254413,1151.19085033,0.453153954807,0.409092880782
0.2,-2,1.0,3960.41012497,3499.23282526,1054.26303533,0.465169586285,0.411002051373
0.2,-2,2.0,3957.22334423,3438.95066545,984.797090519,0.472167639874,0.410328424276
0.2,-2,3.0,4126.355771,3571.12366421,988.362499275,0.475066873439,0.411143063752
0.2,-2,4.0,4301.43387733,3751.49090174,1047.69624428,0.472652785595,0.412223615522
0.2,-2,5.0,4399.9450319,3886.24513337,1139.3211599,0.46681234366,0.412311332436
0.2,-2,6.0,4410.37663731,3947.31342729,1240.18120662,0.459516127345,0.411269678009
0.2,-2,7.0,4348.72301419,3939.75553847,1335.38638251,0.451868666433,0.409373527685
0.2,-2,8.0,4235.19823077,3878.20465992,1417.15979193,0.444380712011,0.406922947686
0.2,-2,9.0,4087.19567294,3777.69870871,1482.54289164,0.437253073056,0.404142718294
0.2,-2,10.0,3918.07674556,3650.90340017,1531.39670178,0.430540054683,0.401181562187
0.2,-2,11.0,3737.64097777,3507.69708577,1565.0352467,0.424231851041,0.398132628693
0.2,-2,12.0,3552.90705038,3355.49900625,1585.39425601,0.418294158045,0.395052730549
0.2,-2,13.0,3368.81557589,3199.75368675,1594.56392532,0.412686587162,0.391976170555
0.2,-2,14.0,3188.77765443,3044.38010518,1594.54600223,0.407370763055,0.388923776091
0.2,-2,15.0,3015.08327223,2892.13887045,1587.14143822,0.402313450593,0.385908535025
0.2,-2,16.0,2849.20586218,2744.92333365,1573.91417933,0.397487251829,0.382938996039
0.2,-2,17.0,2692.01389528,2603.96928087,1556.18332193,0.392870473307,0.380021308823
0.2,-2,18.0,2543.93126293,2470.01886053,1535.03854561,0.388446429132,0.377160350299
0.2,-2,19.0,2405.07365567,2343.46338548,1511.37723677,0.384202330717,0.374360299749
0.2,-2,20.0,2275.33157113,2224.4315065,1485.9262133,0.380128580108,0.37162495385
0.2,-2,21.0,2154.43867878,2112.86280779,1459.26839171,0.37621800215,0.368957832123
0.2,-2,22.0,2042.02319183,2008.56377762,1431.86696452,0.372465180086,0.366362180478
0.2,-2,23.0,1937.60226759,1911.20627996,1403.98348545,0.368870927198,0.363845792476
0.2,-2,24.0,1793.84515365,1778.25291859,1370.24812422,0.362954168395,0.359799343854
0.2,-2,25.0,1663.44661662,1655.64095043,1332.42147708,0.357614400152,0.355936306846
0.2,-2,26.0,1581.05923402,1577.6143158,1304.05660328,0.354280716014,0.353508785358
0.2,-2,27.0,1504.38597402,1504.7313264,1276.07353854,0.351066272321,0.351146864387
0.2,-2,28.0,1432.99121329,1436.62786285,1248.55720433,0.347967429195,0.348850502021
0.2,-2,29.0,1366.45859793,1372.95007215,1221.56760587,0.344980253033,0.346619110163
0.2,-2,30.0,1304.39434362,1313.35881425,1195.14503528,0.342100490897,0.344451581899
0.2,-2,31.0,1246.42903069,1257.5324654,1169.31437472,0.339323556011,0.342346316919
0.2,-2,32.0,1192.21816199,1205.16836028,1144.08849049,0.336644521759,0.340301246214
0.2,-2,33.0,1141.44183508,1155.9832398,1119.47089578,0.334058117332,0.338313852609
0.2,-2,34.0,1093.80381365,1109.71300141,1095.45782822,0.331558721095,0.336381185491
0.2,-2,35.0,1049.03023965,1066.11200226,1072.03986943,0.329140351258,0.33449987011
0.2,-2,36.0,1006.86816023,1024.95209768,1049.20321039,0.326796653966,0.332666111838
0.2,-2,37.0,967.083998908,986.02155255,1026.93064109,0.324520890493,0.330875697086
0.2,-2,38.0,929.462037433,949.123901611,1005.20232682,0.322305922538,0.329123990428
0.2,-2,39.0,893.802952424,914.076811405,983.996417269,0.320144194959,0.327405927811
0.2,-2,40.0,859.922439951,880.710985488,963.289534766,0.318027714771,0.325716005393
0.2,-2,41.0,827.650016611,848.869206517,943.057210296,0.315948031159,0.324048268142
0.2,-2,42.0,796.828297775,818.40581259,923.274431852,0.313896244398,0.322396320114
0.2,-2,43.0,767.313881995,789.187704471,903.916860004,0.311863164209,0.320753449724
0.2,-2,44.0,738.985352749,761.102215779,884.965354231,0.309840232767,0.31911334483
0.2,-2,45.0,711.804691571,734.116592346,866.436162194,0.307826410129,0.317475394464
0.2,-2,46.0,685.584331756,708.016622763,848.026221224,0.305842264572,0.315849410832
0.2,-2,47.0,661.698351606,684.174888707,830.478642411,0.304040149416,0.314367770276
0.2,-2,48.0,639.387825628,661.806970413,813.292717094,0.302384299579,0.312986937167
0.2,-2,49.0,619.716187279,642.02446854,797.394512932,0.300959449717,0.311793260726
0.2,-2,50.0,601.125999667,623.300653269,782.074982992,0.299589090237,0.310640490946
0.2,-2,51.0,583.608531046,605.630962451,767.361581689,0.298276709774,0.309532162755
0.2,-2,52.0,567.095584195,588.950470728,753.233723103,0.297020683255,0.308467348529
0.2,-2,53.0,551.517904565,573.192763763,739.666805178,0.295818798716,0.307444587756
0.2,-2,54.0,536.811227754,558.296073285,726.637114825,0.294668792768,0.306462349176
0.2,-2,55.0,522.917028478,544.20407638,714.122722342,0.293568471926,0.305519136723
0.2,-2,56.0,509.78224859,530.865664029,702.103578693,0.292515743714,0.304613518723
0.2,-2,57.0,497.358794771,518.234473743,690.561408461,0.291508619636,0.303744133364
0.2,-2,58.0,485.603017304,506.26839804,679.47955285,0.290545209561,0.302909686639
0.2,-2,59.0,474.475238068,494.929136461,668.842810872,0.289623716309,0.302108949658
0.2,-2,60.0,463.939345297,484.181809651,658.637295184,0.288742433724,0.301340758227
0.2,0,0.0,1310.74594791,1134.23860707,416.600061836,0.45804899153,0.396367313553
0.2,0,1.0,929.928321628,789.540216593,333.43224967,0.452982592784,0.384597356701
0.2,0,2.0,812.735867496,684.839513126,310.098814723,0.449603069839,0.378851186176
0.2,0,3.0,863.830540948,726.688627817,313.658113864,0.453650271342,0.381628661599
0.2,0,4.0,949.556170558,809.467484419,337.976532281,0.452816445286,0.386012118329
0.2,0,5.0,1018.02467674,884.673782306,375.957034711,0.446765506909,0.388243762486
0.2,0,6.0,1058.86215917,937.903693021,420.045078417,0.438123704987,0.388074913574
0.2,0,7.0,1075.14260302,968.607249169,464.29026835,0.428678390834,0.386200859084
0.2,0,8.0,1072.7594246,980.596149599,504.9734084,0.419320357896,0.383295563733
0.2,0,9.0,1057.18351667,978.368285598,540.232382638,0.410431713519,0.379833175207
0.2,0,10.0,1032.73930598,965.891573798,569.447446082,0.402144784907,0.376114530493
0.2,0,11.0,1002.64309808,946.330043105,592.725676638,0.394477540395,0.3723218646
0.2,0,12.0,969.218965258,922.090754695,610.547180899,0.387399840865,0.368562548234
0.2,0,13.0,934.118060884,894.958518414,623.548592152,0.380864582064,0.364898203293
0.2,0,14.0,898.497053524,866.234335039,632.399827042,0.374821806864,0.361362919727
0.2,0,15.0,863.153429393,836.853180914,637.739853445,0.369224568522,0.357974311539
0.2,0,16.0,828.627098664,807.478901339,640.1480959,0.364031019276,0.354740229921
0.2,0,17.0,795.268771946,778.571139652,640.131723676,0.359204589289,0.351662653327
0.2,0,18.0,763.291306368,750.437335162,638.124796256,0.354713426558,0.348739984789
0.2,0,19.0,732.814979299,723.279246397,634.497577354,0.350529920872,0.345968660808
0.2,0,20.0,703.891745232,697.21898418,629.561587651,0.346629901495,0.343343915373
0.2,0,21.0,676.524601925,672.319933258,623.57520221,0.342992208555,0.340860477368
0.2,0,22.0,627.702249537,629.022356372,617.246137327,0.334958404128,0.335662847802
0.2,0,23.0,603.326107902,606.341112252,609.091361641,0.331724129822,0.333381856351
0.2,0,24.0,578.120193309,582.707626847,599.648119937,0.328388579556,0.330994371225
0.2,0,25.0,556.485938166,562.312070873,590.781904524,0.325510339558,0.328918271917
0.2,0,26.0,536.017174855,542.903261435,581.646411757,0.32279168736,0.32693851625
0.2,0,27.0,516.642726419,524.433203046,572.32112454,0.32022044737,0.325049064484
0.2,0,28.0,498.291550049,506.85105529,562.871454173,0.317785128919,0.323243948111
0.2,0,29.0,480.894163858,490.104959308,553.351119095,0.315474849891,0.321517290266
0.2,0,30.0,464.383557649,474.143294575,543.804107137,0.313279267843,0.319863314991
0.2,0,31.0,448.695725901,458.915512189,534.266291171,0.311188514139,0.318276346552
0.2,0,32.0,433.769932105,444.37265982,524.766759103,0.309193129112,0.316750800395
0.2,0,33.0,419.54878896,430.467687066,515.328909026,0.307283998286,0.315281167519
0.2,0,34.0,405.978217248,417.155598096,505.971352252,0.305452290117,0.313861993969
0.2,0,35.0,393.007327648,404.393499476,496.708658587,0.303689395671,0.312487856662
0.2,0,36.0,380.588256819,392.140578112,487.551972744,0.301986870308,0.311153336403
0.2,0,37.0,368.675977047,380.358032648,478.50952598,0.30033637613,0.309852988179
0.2,0,38.0,357.228100874,369.008982609,469.587066292,0.298729625875,0.308581309951
0.2,0,39.0,346.204714401,358.058391129,460.788237145,0.297158332616,0.30733271403
0.2,0,40.0,335.568331952,347.473092351,452.114962313,0.295614186652,0.306101517331
0.2,0,41.0,325.284278007,337.222217174,443.568001996,0.29408894142,0.304882011144
0.2,0,42.0,315.322785424,327.279248092,435.148355631,0.292574967821,0.303668874897
0.2,0,43.0,305.670943215,317.633463622,426.863790935,0.291068558221,0.302459610085
0.2,0,44.0,296.458639153,308.410293873,418.764783465,0.289613984355,0.301289698555
0.2,0,45.0,287.205092092,299.110293438,410.328303685,0.28817228785,0.300117581313
0.2,0,46.0,279.3947027,291.18268685,402.518776251,0.287119313095,0.29923320745
0.2,0,47.0,271.937784612,283.601599778,394.926222209,0.286110073551,0.298381759223
0.2,0,48.0,264.872496669,276.406116659,387.607310582,0.285150727178,0.297567343357
0.2,0,49.0,258.166242283,269.565295602,380.546041416,0.284237162918,0.296787349755
0.2,0,50.0,251.798013785,263.059273286,373.735198633,0.283367255335,0.296040398178
0.2,0,51.0,245.747039575,256.868286601,367.166483741,0.28253872037,0.295324969633
0.2,0,52.0,239.994100727,250.974001461,360.831883435,0.281749359918,0.294639593445
0.2,0,53.0,234.521692359,245.359688532,354.723945907,0.280997119032,0.293982893055
0.2,0,54.0,229.313935766,240.010149673,348.835818347,0.280280095254,0.293353595749
0.2,0,55.0,224.356431391,234.91158404,343.161218252,0.279596532596,0.292750530737
0.2,0,56.0,219.63610606,230.051446644,337.69438635,0.278944810855,0.292172623264
0.2,0,57.0,215.141072473,225.4183172,332.43003658,0.27832343518,0.291618888363
0.2,0,58.0,210.860505652,221.001783943,327.363308426,0.277731027776,0.29108842552
0.2,0,59.0,206.78453555,216.792341935,322.489722853,0.277166321956,0.290580414452
0.2,0,60.0,202.904152681,212.781303241,317.805141397,0.276628157774,0.290094111662
0.2,2,0.0,167.477675144,162.195092568,129.684684584,0.364591179063,0.353091240291
0.2,2,1.0,119.122921063,117.886612218,105.032345314,0.348269988319,0.344655492778
0.2,2,2.0,123.792973295,119.120002126,100.114276588,0.360883785675,0.347261045379
0.2,2,3.0,142.261339067,134.41692657,101.608720955,0.376067229669,0.355330559427
0.2,2,4.0,163.35289031,155.188926486,109.421306169,0.381698519205,0.362622193732
0.2,2,5.0,180.627230836,174.393588664,122.070998854,0.37860056259,0.365534645439
0.2,2,6.0,192.580007967,189.289045407,137.22202248,0.370994642222,0.364654786437
0.2,2,7.0,199.825178852,199.487619868,152.633635452,0.362037267533,0.361425688287
0.2,2,8.0,203.362246808,205.579336522,166.932718678,0.353136519721,0.356986473967
0.2,2,9.0,204.17299059,208.413035012,179.325071665,0.344938609079,0.352101922019
0.2,2,10.0,203.042353942,208.813305011,189.611728679,0.337578326136,0.347173112466
0.2,2,11.0,200.555235512,207.434723402,197.770377331,0.331080170675,0.342436952356
0.2,2,12.0,197.163509724,204.818461554,204.022290698,0.325350038102,0.337981882976
0.2,2,13.0,193.163615979,201.332012844,208.54893752,0.320313997937,0.333859260294
0.2,2,14.0,188.795392075,197.278359953,211.625072664,0.315870442229,0.330063155227
0.2,2,15.0,184.201107575,192.847874078,213.447141909,0.311942958176,0.326586181319
0.2,2,16.0,179.506508005,188.205134994,214.246273972,0.308452729606,0.323399904882
0.2,2,17.0,174.784247362,183.45172238,214.183646314,0.305342868168,0.320484688564
0.2,2,18.0,170.098263539,178.674235628,213.425344169,0.302559438025,0.317813804777
0.2,2,19.0,165.089091235,173.549650961,212.294044387,0.299653778566,0.315010569687
0.2,2,20.0,160.511584996,168.803633856,210.319443926,0.297444912396,0.312810954335
0.2,2,21.0,152.762941406,161.201381356,208.824878683,0.29220753027,0.308348720498
0.2,2,22.0,148.440859552,156.655240593,206.154343749,0.290348617443,0.306415852473
0.2,2,23.0,144.251061183,152.23640147,203.281369719,0.288635568766,0.304613636564
0.2,2,24.0,140.190564652,147.945345504,200.24393917,0.287052311527,0.302930896326
0.2,2,25.0,136.26004525,143.785348028,197.084599533,0.285582644778,0.30135466266
0.2,2,26.0,132.457296495,139.756004767,193.836793553,0.284212572787,0.299873353362
0.2,2,27.0,128.779726504,135.856067126,190.529119294,0.282929819165,0.298476581275
0.2,2,28.0,125.223679176,132.082815957,187.184688348,0.281723651289,0.297155086233
0.2,2,29.0,121.784874448,128.432610501,183.822225833,0.280584636435,0.295900599209
0.2,2,30.0,118.458842285,124.901398922,180.457428977,0.279504255294,0.29470550123
0.2,2,31.0,115.24063659,121.484469948,177.102634612,0.278474894578,0.293562895543
0.2,2,32.0,112.125226681,118.176901001,173.767884762,0.277489601376,0.292466397806
0.2,2,33.0,109.107555037,114.973646957,170.461297249,0.276541957449,0.291410043728
0.2,2,34.0,106.182454765,111.869477559,167.189105049,0.275626022319,0.29038826788
0.2,2,35.0,103.344786811,108.859136727,163.9561628,0.274736184311,0.289395767071
0.2,2,36.0,100.589448292,105.937364915,160.766138477,0.2738670803,0.288427437633
0.2,2,37.0,97.9113797543,103.098917688,157.62166852,0.273013532108,0.287478327291
0.2,2,38.0,95.3055905182,100.338599599,154.524507823,0.272170502614,0.28654360081
0.2,2,39.0,92.7673266526,97.6514436988,151.475835487,0.271333109878,0.285618556219
0.2,2,40.0,90.292644641,95.0333091497,148.476790104,0.270497011461,0.284699005289
0.2,2,41.0,87.8830596092,92.4857629947,145.531097944,0.269662721799,0.283785779509
0.2,2,42.0,85.5208038098,89.9890104914,142.607219909,0.268834405621,0.282880200725
0.2,2,43.0,83.2094250718,87.5433036508,139.6619826,0.268058896814,0.282020472799
0.2,2,44.0,81.0504142545,85.2553397713,136.785400483,0.267412667934,0.281286136211
0.2,2,45.0,79.0457567272,83.1249763129,134.020425626,0.266874126436,0.280646379477
0.2,2,46.0,77.1279291354,81.0872258239,131.350221247,0.266357567144,0.280030806467
0.2,2,47.0,75.2966527879,79.1416945316,128.77678919,0.265863801335,0.279440200503
0.2,2,48.0,73.5479287641,77.2841152804,126.297498019,0.26539187492,0.278873608006
0.2,2,49.0,71.8774624979,75.5099170201,123.909116352,0.2649406225,0.278329864814
0.2,2,50.0,70.2811834291,73.8147665052,121.608456957,0.26450891143,0.277807836794
0.2,2,51.0,68.7553421206,72.1946695548,119.392519299,0.264095696785,0.277306474991
0.2,2,52.0,67.2965133964,70.6459743238,117.258517736,0.263700032357,0.276824827541
0.2,2,53.0,65.901574735,69.1653487381,115.203877022,0.263321069036,0.276362039044
0.2,2,54.0,64.5676787128,67.7497516857,113.226217687,0.262958049277,0.275917345914
0.2,2,55.0,63.2922253391,66.3964040592,111.323338547,0.262610300553,0.275490070577
0.2,2,56.0,62.0728366786,65.102762114,109.49320025,0.262277228472,0.275079614962
0.2,2,57.0,60.9073333579,63.8664927739,107.733908778,0.261958310253,0.274685454222
0.2,2,58.0,59.7937134472,62.6854513878,106.043700354,0.261653088402,0.274307130431
0.2,2,59.0,58.7301330221,61.5576612497,104.420926977,0.261361164336,0.273944246167
0.2,2,60.0,57.7148883871,60.4812948692,102.864042897,0.261082191905,0.27359645795
0.2,4,0.0,32.3417493523,32.8288588166,32.6313855948,0.330685992255,0.33566656009
0.2,4,1.0,26.3290878941,26.6411719134,26.8025041469,0.33005109249,0.333963255035
0.2,4,2.0,26.0846861095,25.8148700591,24.5810199236,0.341062887367,0.337534984412
0.2,4,3.0,29.6050907577,28.9462339911,24.6691180147,0.355743009465,0.347826003202
0.2,4,4.0,34.046539983,33.6460994215,26.8115586465,0.36026484204,0.356027564018
0.2,4,5.0,37.6977400089,37.9712590627,30.3991151052,0.35541067456,0.357989385947
0.2,4,6.0,40.1956465676,41.1935122947,34.5745433294,0.346622656986,0.35522764034
0.2,4,7.0,41.5600596193,43.1696450459,38.6348702509,0.336888119199,0.349935506812
0.2,4,8.0,42.0553939716,44.1066931246,42.1817284716,0.327677603985,0.343660447755
0.2,4,9.0,41.9594619514,44.2935134584,45.0571899738,0.319544658472,0.337319759891
0.2,4,10.0,41.4614313634,43.953164035,47.2436566864,0.312543175504,0.33132627141
0.2,4,11.0,40.6407187935,43.2025260071,48.794598685,0.306403645638,0.325717946491
0.2,4,12.0,39.6230389517,42.1902688096,49.7972647773,0.301062735215,0.320568993781
0.2,4,13.0,38.5044597368,41.0338445878,50.3488171161,0.296445554491,0.315919269999
0.2,4,14.0,37.3458282621,39.8088177808,50.5372741033,0.292468217404,0.311756748079
0.2,4,15.0,36.1811382259,38.5587347997,50.4346219755,0.289045609695,0.308039867062
0.2,4,16.0,35.0255768453,37.3064300215,50.1032045012,0.286074377248,0.304703439515
0.2,4,17.0,33.877924423,36.0592081973,49.584841164,0.283445155316,0.301695220181
0.2,4,18.0,32.4424813172,34.5195624162,48.9732581942,0.279832637495,0.297748501468
0.2,4,19.0,30.7614384565,32.7552943266,48.2766796989,0.275163247758,0.292998429866
0.2,4,20.0,29.6994993198,31.5951349462,47.401290367,0.273234708846,0.290674512894
0.2,4,21.0,28.6745866667,30.4765451537,46.4786977824,0.27146296434,0.288522146332
0.2,4,22.0,27.6911066661,29.4040515684,45.5260546818,0.269838037177,0.286529955482
0.2,4,23.0,26.7479857742,28.3764183204,44.5559860073,0.268337490923,0.28467402958
0.2,4,24.0,25.845385139,27.393675203,43.5785072558,0.266949333476,0.28294116329
0.2,4,25.0,24.9816305341,26.4537978896,42.6001399949,0.265661503984,0.281316935011
0.2,4,26.0,24.1547620612,25.5547844837,41.6268274992,0.264459393248,0.27978759559
0.2,4,27.0,23.3627535998,24.6944530773,40.6631057909,0.263330380044,0.278340465564
0.2,4,28.0,22.60320345,23.8702172228,39.7113715845,0.262264407188,0.276965536466
0.2,4,29.0,21.8747095026,23.0805801268,38.774952304,0.261252195115,0.275654047974
0.2,4,30.0,21.1754604358,22.3235991115,37.8551828871,0.260287107373,0.274399938386
0.2,4,31.0,20.5039157192,21.5976181171,36.9535438644,0.259362413087,0.273197101885
0.2,4,32.0,19.8583358508,20.9006771628,36.0712158029,0.25847034633,0.272037158873
0.2,4,33.0,19.2369777787,20.2308460126,35.2085525512,0.257604596271,0.27091360084
0.2,4,34.0,18.6380829835,19.5861369334,34.3657881885,0.256758243592,0.269818635438
0.2,4,35.0,18.0599524632,18.96461423,33.5430202386,0.255924189114,0.268743980836
0.2,4,36.0,17.5009326036,18.3644182385,32.7399791357,0.255095815578,0.26768209182
0.2,4,37.0,16.959478769,17.7837939505,31.9562939714,0.254266700826,0.26662532956
0.2,4,38.0,16.4342998155,17.2212789913,31.1916106985,0.253431180918,0.265567083518
0.2,4,39.0,15.9242959452,16.6759312257,30.4463132122,0.252580012296,0.264501923886
0.2,4,40.0,15.4257044832,16.1433778776,29.7082490295,0.251735905158,0.263447795643
0.2,4,41.0,14.9497785857,15.6356564269,28.9851419766,0.250959103323,0.262472804817
0.2,4,42.0,14.4771063567,15.1315161121,28.2494858545,0.250217415954,0.261528013111
0.2,4,43.0,14.0569743338,14.6831793577,27.5606572868,0.249676231826,0.260798718572
0.2,4,44.0,13.6556106248,14.2552549698,26.8984757955,0.249147504393,0.260088054485
0.2,4,45.0,13.2742540482,13.8490027891,26.2653028801,0.248634803383,0.259400194768
0.2,4,46.0,12.9123336894,13.4637389985,25.6602268929,0.248140889982,0.258737441112
0.2,4,47.0,12.5686257096,13.0981046009,25.0818476909,0.247664588932,0.258097962873
0.2,4,48.0,12.2421691106,12.7510410114,24.5289075307,0.247206090751,0.257481739792
0.2,4,49.0,11.9319470196,12.4214124195,23.9999868708,0.246765693178,0.256888372107
0.2,4,50.0,11.6370629048,12.1082405835,23.4939834559,0.24634289926,0.256317175105
0.2,4,51.0,11.3566016331,11.810530645,23.0097243511,0.245937087582,0.255767315213
0.2,4,52.0,11.089804042,11.5274589201,22.5462926688,0.245547629878,0.255238073244
0.2,4,53.0,10.8358985402,11.2581923333,22.1026443256,0.245174185184,0.254729049162
0.2,4,54.0,10.5942859187,11.0020840491,21.678062371,0.244816288652,0.254239823713
0.2,4,55.0,10.3643733507,10.7585048458,21.2716819526,0.244474133338,0.253770880225
0.2,4,56.0,10.1456551338,10.5269114034,20.882876193,0.244147444167,0.25332208519
0.2,4,57.0,9.93764333165,10.306778655,20.5110139947,0.243836020701,0.252893348013
0.2,4,58.0,9.73987882539,10.097612474,20.1554944353,0.243539676933,0.252484586697
0.2,4,59.0,9.55192631329,9.89893798113,19.8157805735,0.243258020781,0.252095334715
0.2,4,60.0,9.37337629858,9.71030557834,19.4913799614,0.242990570899,0.251724951707
0.2,6,0.0,5.8049054719,5.92609638162,6.05407225527,0.32639197545,0.333206167451
0.2,6,1.0,4.20960906802,4.27468547513,4.37486939772,0.327362578732,0.332423281544
0.2,6,2.0,4.05426687193,3.98590171008,3.71470201959,0.344901020976,0.339085120132
0.2,6,3.0,4.76109479906,4.6305129364,3.68648045306,0.364051284135,0.354066501896
0.2,6,4.0,5.61003679784,5.57625334179,4.17600251026,0.365182263201,0.36298314769
0.2,6,5.0,6.25006812037,6.38255889537,4.97406841911,0.354982463546,0.362507485802
0.2,6,6.0,6.60754790022,6.89664310338,5.8396579285,0.341583927967,0.356528999352
0.2,6,7.0,6.73957996199,7.13789221871,6.61056888202,0.328951896443,0.348393103902
0.2,6,8.0,6.70148994375,7.16560449507,7.21467917695,0.317880746938,0.339895713979
0.2,6,9.0,6.56027836485,7.05325694302,7.64068077985,0.308657742905,0.331852132956
0.2,6,10.0,6.34973171052,6.84794254467,7.90674414405,0.300872148685,0.324479093199
0.2,6,11.0,6.10700436212,6.59479721223,8.04168905483,0.2944058197,0.317921285772
0.2,6,12.0,5.84483437989,6.31346702707,8.07313449156,0.288898643142,0.31206223121
0.2,6,13.0,5.58037535809,6.02444180404,8.02817654732,0.284234561508,0.306852938131
0.2,6,14.0,5.32345859416,5.74109933557,7.92728527576,0.280302366472,0.30229289877
0.2,6,15.0,5.07410057331,5.46502107852,7.78595326538,0.276893851525,0.298226397611
0.2,6,16.0,4.66987601914,5.02818390688,7.59321264197,0.270071274441,0.290793166732
0.2,6,17.0,4.4381639654,4.77067006618,7.38458614266,0.267465291591,0.287503722324
0.2,6,18.0,4.19620044528,4.50316951921,7.16498805939,0.264504900795,0.283854506588
0.2,6,19.0,3.99826712476,4.28300945174,6.9555053617,0.262408895853,0.281096721677
0.2,6,20.0,3.81032341067,4.07459228403,6.74458814157,0.260454725828,0.278518829458
0.2,6,21.0,3.6333908668,3.8788106225,6.53519783602,0.258652209043,0.276123041189
0.2,6,22.0,3.46819683614,3.6963413881,6.32957695601,0.257015505634,0.273922472035
0.2,6,23.0,3.31412228752,3.52631039495,6.128597086,0.255541266131,0.271902405801
0.2,6,24.0,3.16966138507,3.36705561059,5.93300435834,0.254188629809,0.270018512443
0.2,6,25.0,3.03297693429,3.21687447578,5.74319841985,0.252894549535,0.26822822563
0.2,6,26.0,2.90352954332,3.07504242575,5.55943896755,0.251649054527,0.266514084849
0.2,6,27.0,2.78104575215,2.9412137188,5.38203074141,0.25044786285,0.264871834449
0.2,6,28.0,2.66519025259,2.81491201827,5.21106372537,0.24928901614,0.26329326654
0.2,6,29.0,2.55562203037,2.69567562621,5.04652266883,0.248171161432,0.261771476004
0.2,6,30.0,2.45184487764,2.58286886654,4.88805594387,0.247092793113,0.260297169816
0.2,6,31.0,2.35320078712,2.4757444844,4.73534905341,0.246040189394,0.258852812376
0.2,6,32.0,2.25916197507,2.37372036521,4.58811660001,0.245001869071,0.257425511116
0.2,6,33.0,2.16931771409,2.27635803169,4.44605547712,0.243970230285,0.256008416654
0.2,6,34.0,2.08330422243,2.18328792988,4.30891231931,0.242936637643,0.2545958593
0.2,6,35.0,2.00059125367,2.09402744414,4.17645837326,0.24187796057,0.253174698548
0.2,6,36.0,1.92086896146,2.00817765227,4.04845187222,0.240785876029,0.25173024549
0.2,6,37.0,1.8439580719,1.92551106193,3.92479931968,0.23965346193,0.250252648912
0.2,6,38.0,1.77074562928,1.84697055251,3.80544577147,0.238543310847,0.248811835729
0.2,6,39.0,1.69535961214,1.76610057091,3.67999605035,0.237396905719,0.247302582722
0.2,6,40.0,1.63185686293,1.69810498235,3.56491254413,0.236676808128,0.246285122316
0.2,6,41.0,1.57156889556,1.63359435031,3.45445996921,0.235984656309,0.245298314567
0.2,6,42.0,1.51525971311,1.57337462649,3.3502324431,0.235330185302,0.244355828376
0.2,6,43.0,1.46238725368,1.51686602817,3.25153064765,0.234703573455,0.243447059845
0.2,6,44.0,1.41274308031,1.46384986532,3.15803509021,0.234106074463,0.24257499495
0.2,6,45.0,1.36612130443,1.41410889902,3.06944258775,0.233538071819,0.241741538287
0.2,6,46.0,1.32231601063,1.36742232325,2.98546016242,0.232999076859,0.24094704778
0.2,6,47.0,1.28112683297,1.32357133612,2.90581792051,0.23248763131,0.240190086482
0.2,6,48.0,1.24236386542,1.28234557543,2.83027265351,0.232001497582,0.239467761579
0.2,6,49.0,1.2058499913,1.24354795182,2.75860269456,0.231537988414,0.238776459208
0.2,6,50.0,1.17142454,1.20700225636,2.69060289428,0.231094432562,0.238113076866
0.2,6,51.0,1.13889045524,1.17251876587,2.62608433201,0.230661659198,0.237472465181
0.2,6,52.0,1.10811583826,1.13994542901,2.56486459279,0.230237462716,0.236850818433
0.2,6,53.0,1.07897921136,1.10914604652,2.50677187269,0.229819563954,0.236245015743
0.2,6,54.0,1.05139951615,1.08001903941,2.45164233351,0.22940989474,0.235654525557
0.2,6,55.0,1.02531793834,1.05249270722,2.39933015961,0.229011769556,0.235081439923
0.2,6,56.0,1.00067130875,1.02649244574,2.3496708323,0.228628998631,0.234528498937
0.2,6,57.0,0.977382637071,1.00193380335,2.30251519545,0.228262743655,0.233996543665
0.2,6,58.0,0.955374722284,0.978734484765,2.25772249503,0.227913425486,0.233486111639
0.2,6,59.0,0.934585994643,0.956831762566,2.21516672588,0.227582312867,0.232999410217
0.2,6,60.0,0.914967806754,0.936178133394,2.17474216118,0.227271047711,0.232539531609
0.2,9,0.0,0.332560069993,0.339596856127,0.325243476731,0.33342684547,0.340481972091
0.2,9,1.0,0.243813692186,0.246516804123,0.234481245148,0.336382095157,0.340111493817
0.2,9,2.0,0.252831506818,0.244806752815,0.201160064141,0.361808977235,0.350325329192
0.2,9,3.0,0.322162910661,0.312095837236,0.212603986426,0.380419278833,0.368531787487
0.2,9,4.0,0.390257399187,0.391775500863,0.262766749526,0.373523669677,0.374976677128
0.2,9,5.0,0.43078119715,0.446828871243,0.329553219964,0.356854123468,0.370147829671
0.2,9,6.0,0.442430603553,0.469335784927,0.391124015051,0.339576224028,0.3602266036
0.2,9,7.0,0.433476160173,0.466246290173,0.436085170219,0.324504931324,0.349037004278
0.2,9,8.0,0.41283916157,0.44743289759,0.462339783844,0.312139320205,0.33829494266
0.2,9,9.0,0.386719696632,0.420579397174,0.472532010308,0.30216463359,0.328621015556
0.2,9,10.0,0.359129450746,0.390882735373,0.470986025763,0.294127745029,0.32013374923
0.2,9,11.0,0.332027555162,0.361134588296,0.461619275654,0.287524157963,0.312729822562
0.2,9,12.0,0.30682881483,0.333132792329,0.447661994136,0.282109375398,0.306294192156
0.2,9,13.0,0.270177300927,0.292837076226,0.427198326285,0.272847742701,0.295731488002
0.2,9,14.0,0.248781319927,0.268903246015,0.407281277418,0.268962710043,0.29071694695
0.2,9,15.0,0.227058004752,0.24465082489,0.387273614463,0.264333696585,0.284814697401
0.2,9,16.0,0.210941776444,0.226568462839,0.370164884122,0.261171565561,0.280519303212
0.2,9,17.0,0.196630324838,0.210543922782,0.353914980352,0.258353840274,0.276635005521
0.2,9,18.0,0.183908775791,0.196323595857,0.338657237368,0.255823388576,0.27309282732
0.2,9,19.0,0.172549230586,0.183655456549,0.324397348346,0.25352441161,0.269842649558
0.2,9,20.0,0.162349682474,0.172304726984,0.311117607033,0.251404022361,0.266819748431
0.2,9,21.0,0.153193002148,0.16213549888,0.298760249074,0.249463944947,0.264026166988
0.2,9,22.0,0.144840945679,0.152885030743,0.287241804524,0.247604997056,0.261356327173
0.2,9,23.0,0.137276427816,0.144520796001,0.276510194888,0.245879641245,0.258855231292
0.2,9,24.0,0.130325227274,0.136854902031,0.266473873317,0.244212966893,0.256448750236
0.2,9,25.0,0.123900591981,0.129786411318,0.257067574793,0.242583419308,0.25410719137
0.2,9,26.0,0.117981740865,0.123285086595,0.24823078171,0.241026184101,0.251860446886
0.2,9,27.0,0.112451179475,0.117225232837,0.239895193333,0.239476105716,0.249642932894
0.2,9,28.0,0.107250556355,0.111539924289,0.232007327851,0.237912772277,0.247427831695
0.2,9,29.0,0.102377935012,0.106220199079,0.224524704207,0.236371592443,0.245242664867
0.2,9,30.0,0.0977620485717,0.101190821078,0.217394301564,0.234808965524,0.24304433433
0.2,9,31.0,0.0933471164023,0.0963903887992,0.210572403014,0.233187124491,0.240789415453
0.2,9,32.0,0.0891258625423,0.0918076554243,0.204032642834,0.231516095745,0.238482403839
0.2,9,33.0,0.0850812099464,0.0874201151273,0.197740075925,0.229799286944,0.236116530706
0.2,9,34.0,0.0811835064852,0.0831972785124,0.191674802845,0.228007955098,0.23366373497
0.2,9,35.0,0.0774720651733,0.0791914947644,0.185748462953,0.226253928,0.231275450248
0.2,9,36.0,0.0735701797769,0.0749821439228,0.17939488416,0.224335435746,0.228640897455
0.2,9,37.0,0.0705197361634,0.0717168156531,0.173651750857,0.223242632179,0.22703219792
0.2,9,38.0,0.0676332144712,0.0686298341514,0.168135273099,0.222186555066,0.225460619373
0.2,9,39.0,0.0649947814238,0.0658148888474,0.163024886522,0.221195158708,0.223986210355
0.2,9,40.0,0.0625517079513,0.0632137868229,0.158252270048,0.220238716372,0.222569834188
0.2,9,41.0,0.0602930579978,0.0608126599249,0.153797241263,0.219324878046,0.22121500658
0.2,9,42.0,0.0582045103683,0.0585947252533,0.149633405265,0.218458632451,0.21992322359
0.2,9,43.0,0.0562696021773,0.0565419773359,0.145735748314,0.217637531396,0.21869101418
0.2,9,44.0,0.0544743957182,0.0546401515101,0.142083027647,0.216858764442,0.217518626672
0.2,9,45.0,0.0528044387136,0.0528749038118,0.138657929775,0.216112909081,0.216401301832
0.2,9,46.0,0.051248490474,0.0512330228719,0.135444310903,0.21539692312,0.215331912934
0.2,9,47.0,0.0497999069811,0.0497062460376,0.132427242971,0.214716413601,0.214312586704
0.2,9,48.0,0.0484507271253,0.0482856352095,0.129591083056,0.21407358282,0.213344144481
0.2,9,49.0,0.0471932773266,0.046963079853,0.126922858499,0.213467725501,0.2124264812
0.2,9,50.0,0.0460216416131,0.0457324996076,0.124411899704,0.212899498072,0.211561905894
0.2,9,51.0,0.0449282568932,0.0445863552895,0.122049154196,0.212362720054,0.210746651247
0.2,9,52.0,0.0439055158768,0.0435163761984,0.119826001637,0.211850239297,0.209972586061
0.2,9,53.0,0.0429500618632,0.0425181145341,0.117734338083,0.211365799154,0.209240100413
0.2,9,54.0,0.0420586592391,0.0415877750753,0.115765627422,0.21091331624,0.208551953744
0.2,9,55.0,0.0412271035425,0.0407209149367,0.11391176983,0.21049294446,0.20790850071
0.2,9,56.0,0.0404522070277,0.0399143286531,0.112166388919,0.210105399437,0.207311703887
0.2,9,57.0,0.0397306788983,0.0391645140373,0.110524148237,0.209749852641,0.206760903057
0.2,9,58.0,0.0330945448468,0.0321451243285,0.0981094431546,0.202600089923,0.196787872734
0.2,9,59.0,0.0326423657584,0.0316848353752,0.0969241486383,0.202431581531,0.196493458318
0.2,9,60.0,0.0318332386117,0.0308775728471,0.0947341267599,0.202186484824,0.196116643675
0.2,12,0.0,0.0205356646732,0.0208944029521,0.020463495111,0.331789991807,0.337586043336
0.2,12,1.0,0.0151585165524,0.0152342234635,0.0151300607584,0.332987344684,0.334650399456
0.2,12,2.0,0.0164756707212,0.0158018200989,0.0132977160978,0.361505121652,0.346719656752
0.2,12,3.0,0.0209867035744,0.0203531510685,0.0143796076606,0.37664942745,0.365279028674
0.2,12,4.0,0.0237601585571,0.0239839468579,0.017388185263,0.364798448047,0.36823435209
0.2,12,5.0,0.023881626168,0.0249039529706,0.0204315174361,0.345024962759,0.359794822421
0.2,12,6.0,0.0224727372939,0.0239048658718,0.0224757565814,0.326385486146,0.347185176723
0.2,12,7.0,0.0205328822069,0.0220812687891,0.0235027606272,0.310554163871,0.333973082634
0.2,12,8.0,0.0186742757685,0.0201751875298,0.0238638254726,0.297772228733,0.321705142964
0.2,12,9.0,0.0170854566709,0.0184713196593,0.0238598366582,0.287553527735,0.31087803108
0.2,12,10.0,0.0151017580414,0.0163012494803,0.023755636308,0.273787696595,0.295533906355
0.2,12,11.0,0.0139577420861,0.0150162817683,0.0232681577046,0.267173798444,0.287435963051
0.2,12,12.0,0.0128097406041,0.0137221825977,0.0227878923107,0.259728072196,0.278228587335
0.2,12,13.0,0.0121323346191,0.0129400755474,0.0224792029078,0.255140337725,0.272126952395
0.2,12,14.0,0.0115706571983,0.0122875857587,0.0221847246799,0.251301290775,0.266872149849
0.2,12,15.0,0.0110906764014,0.0117277638153,0.0219039710454,0.247989231538,0.26223460418
0.2,12,16.0,0.0106659073387,0.0112314901356,0.0216321503618,0.245026835079,0.25801991277
0.2,12,17.0,0.010278324687,0.0107796384599,0.021357715694,0.242323710663,0.2541427782
0.2,12,18.0,0.00991769929735,0.0103616184585,0.0210688148676,0.239858457157,0.250594592817
0.2,12,19.0,0.00957763071345,0.0099703276255,0.0207582031422,0.237622000247,0.247364850909
0.2,12,20.0,0.00925346197004,0.00959982523081,0.0204244734995,0.235590364752,0.244408669426
0.2,12,21.0,0.00894236624166,0.00924600586332,0.0200707395667,0.233731674651,0.241668074854
0.2,12,22.0,0.00864176504038,0.00890569900161,0.0197016697588,0.23199908719,0.239084727426
0.2,12,23.0,0.00834998383958,0.00857701370326,0.0193216711277,0.230352841796,0.236615964609
0.2,12,24.0,0.00806593392938,0.00825873068642,0.018934397069,0.228762013053,0.234230018945
0.2,12,25.0,0.00778909940628,0.00795007998705,0.0185427009618,0.227207473032,0.231903265069
0.2,12,26.0,0.0075189634803,0.00765027090717,0.0181487522984,0.225672804038,0.229613841296
0.2,12,27.0,0.00725494499497,0.00735846625916,0.0177541622711,0.224142380933,0.227340682595
0.2,12,28.0,0.00699642384198,0.00707380911831,0.017360095646,0.222601040212,0.225063161347
0.2,12,29.0,0.00674278308134,0.00679546724326,0.0169673838734,0.221034023996,0.222761054537
0.2,12,30.0,0.00649353450601,0.00652276860752,0.0165767142429,0.219427928819,0.220415800422
0.2,12,31.0,0.00624894454544,0.00625588349148,0.0161893545226,0.217777402527,0.218019226668
0.2,12,32.0,0.00601222335487,0.00599902762674,0.0157973922505,0.216199808984,0.215725290036
0.2,12,33.0,0.00574667931257,0.00571192528988,0.0153458244606,0.214392901228,0.213096323613
0.2,12,34.0,0.00552971061527,0.00548076281513,0.0149107789684,0.21332729338,0.211438966405
0.2,12,35.0,0.00532007947042,0.00525788772551,0.0144839496438,0.212277436896,0.209795913024
0.2,12,36.0,0.00512833546299,0.00505481057331,0.0140850602086,0.211319098381,0.208289418769
0.2,12,37.0,0.00494996602163,0.00486637833287,0.0137090174299,0.210409772525,0.20685668418
0.2,12,38.0,0.00478409951554,0.00469158477777,0.0133548687957,0.209548121628,0.205495887878
0.2,12,39.0,0.00462972104377,0.00452928862798,0.0130212145618,0.208731931428,0.204203915177
0.2,12,40.0,0.00448587394881,0.00437842085598,0.0127066641729,0.207958948578,0.202977570933
0.2,12,41.0,0.00435169119707,0.00423801564618,0.0124099203733,0.207227068947,0.201813851383
0.2,12,42.0,0.00422639562003,0.00410720922088,0.0121297945593,0.206534385483,0.200710015992
0.2,12,43.0,0.00410929273825,0.00398523115632,0.0118652042548,0.20587919372,0.199663598948
0.2,12,44.0,0.00399976205637,0.00387139428796,0.0116151653901,0.205259982406,0.198672399067
0.2,12,45.0,0.00389724854377,0.00376508496455,0.0113787832713,0.204675418405,0.197734461068
0.2,12,46.0,0.00380125479603,0.0036657541423,0.0111552435483,0.204124329147,0.196848052884
0.2,12,47.0,0.00371133396879,0.00357290939423,0.010943803618,0.203605683739,0.19601164063
0.2,12,48.0,0.00362708343845,0.00348610776944,0.0107437845705,0.203118573014,0.195223861683
0.2,12,49.0,0.00354813910254,0.00340494939684,0.0105545636679,0.202662188433,0.194483495806
0.2,12,50.0,0.00347417023017,0.00332907172771,0.010375567306,0.202235799746,0.193789434213
0.2,12,51.0,0.00340487478664,0.00325814432788,0.0102062644151,0.201838731364,0.193140646558
0.2,12,52.0,0.00333997517848,0.00319186415519,0.0100461602743,0.201470337644,0.192536146138
0.2,12,53.0,0.00327921439064,0.00312995128589,0.00989479075355,0.201129977543,0.191974954013
0.2,12,54.0,0.00322235251385,0.00307214508229,0.0097517170315,0.200816989466,0.191456063226
0.2,12,55.0,0.00268929467035,0.00251465386036,0.00867719223183,0.19373729554,0.181156138633
0.2,12,56.0,0.00265375575405,0.00247967282187,0.00857144079642,0.193635975795,0.180933707174
0.2,12,57.0,0.00257540294557,0.00240421308059,0.00833565811367,0.193417192806,0.180560539373
0.2,12,58.0,0.00254449311498,0.00237380720002,0.00824344024514,0.193324971219,0.180356632101
0.2,12,59.0,0.00251406188291,0.00234390426846,0.00815271922615,0.19323054935,0.180152251818
0.2,12,60.0,0.00248402904587,0.00231441986675,0.00806329506215,0.193133143588,0.179946037745
0.2,15,0.0,0.000966199023794,0.000986274335322,0.00126068824512,0.300700413736,0.306948251224
0.2,15,1.0,0.000670094038798,0.000674708329413,0.000887520684007,0.300177896802,0.302244932132
0.2,15,2.0,0.000674771295763,0.000653234053825,0.000747603707936,0.325095563308,0.314719215286
0.2,15,3.0,0.000744486500421,0.000736707614889,0.000750605064918,0.333581312789,0.330095835421
0.2,15,4.0,0.000738777482677,0.000762288611029,0.000822270554638,0.317981246155,0.328100799155
0.2,15,5.0,0.000697479966709,0.000740122949026,0.000901874428184,0.298134952459,0.316362520436
0.2,15,6.0,0.000672610828719,0.000723714169474,0.000986656091074,0.28225604968,0.303701180313
0.2,15,7.0,0.00066050165084,0.000714916420941,0.00111468108761,0.265251144055,0.28710359515
0.2,15,8.0,0.000650254478656,0.000702966447235,0.00118396931676,0.256289208324,0.277064934043
0.2,15,9.0,0.000632606760388,0.000680950358326,0.00124435770859,0.247313457679,0.266213069746
0.2,15,10.0,0.000621630442354,0.000665153024222,0.00128752530181,0.241474701865,0.258381213781
0.2,15,11.0,0.000608083541835,0.00064626627309,0.00131618036725,0.236559580608,0.251413610146
0.2,15,12.0,0.00059297304215,0.00062574621986,0.00133296655521,0.232384817186,0.245228552684
0.2,15,13.0,0.000576806910023,0.000604354735863,0.00133967999678,0.228815210071,0.239743237192
0.2,15,14.0,0.000560121355402,0.000582771629876,0.00133849016631,0.225729490846,0.2348575751
0.2,15,15.0,0.000543171517428,0.000561316290277,0.00133083298715,0.223039001094,0.230489671613
0.2,15,16.0,0.000526233205072,0.000540284480188,0.00131821389026,0.220667688755,0.226559871867
0.2,15,17.0,0.000509451747392,0.00051981357102,0.00130171538002,0.218556827921,0.22300209151
0.2,15,18.0,0.000492941470732,0.000499994426293,0.00128227796406,0.216657202719,0.219757111559
0.2,15,19.0,0.000476786144537,0.00048088046111,0.00126067272228,0.214929311551,0.216774978948
0.2,15,20.0,0.000461029578411,0.000462482804951,0.00123748425248,0.213341182843,0.214013662622
0.2,15,21.0,0.000445701692592,0.00044479810212,0.00121319744654,0.211865892036,0.211436367077
0.2,15,22.0,0.000430814649395,0.000427806635023,0.00118819175259,0.2104807042,0.209011095439
0.2,15,23.0,0.000416367114133,0.000411477319677,0.00116276011254,0.209166162559,0.206709725661
0.2,15,24.0,0.000402350012226,0.000395773695939,0.00113713332524,0.207905206016,0.204507044339
0.2,15,25.0,0.000388747587482,0.000380655225109,0.00111148788857,0.206682710081,0.202380300394
0.2,15,26.0,0.000375540223253,0.000366080126775,0.00108595792507,0.205485164915,0.200308863245
0.2,15,27.0,0.00036270928361,0.000352010488534,0.00106064734663,0.20430100331,0.198274759519
0.2,15,28.0,0.00035025716264,0.00033843425209,0.00103565929655,0.203124086271,0.196267644323
0.2,15,29.0,0.000338136200222,0.000325334203487,0.00101037620168,0.202011462181,0.194363212518
0.2,15,30.0,0.000324356206721,0.000310568035406,0.000981122240272,0.20070970127,0.192177662455
0.2,15,31.0,0.000311570915669,0.000297164464045,0.00095051915098,0.199820433121,0.190581113087
0.2,15,32.0,0.000299074386035,0.000284106652428,0.000920292723647,0.198922251636,0.188966817771
0.2,15,33.0,0.000287642251158,0.000272240185204,0.000891932347975,0.198125996691,0.18751716
0.2,15,34.0,0.00027700577073,0.000261246088428,0.000865199882001,0.19737463185,0.186145401916
0.2,15,35.0,0.000267115101394,0.000251064171519,0.000840034016199,0.196666535025,0.184848855133
0.2,15,36.0,0.000257909574739,0.000241624610144,0.000816336638485,0.195999159005,0.183623351056
0.2,15,37.0,0.000249331621008,0.000232861937872,0.000794008656553,0.195369995439,0.182464765423
0.2,15,38.0,0.000241328911254,0.000224717041231,0.0007729567222,0.194776747609,0.181369294694
0.2,15,39.0,0.00023385443562,0.000217137080975,0.000753094642907,0.194217360423,0.180333507915
0.2,15,40.0,0.000226866099274,0.00021007494754,0.000734343397632,0.193690013002,0.179354339192
0.2,15,41.0,0.000220326216209,0.00020348863419,0.000716630724,0.193193100272,0.178429062077
0.2,15,42.0,0.000214201010011,0.000197340635416,0.00069989057578,0.1927252116,0.177555258567
0.2,15,43.0,0.000208460153371,0.000191597399905,0.000684062555436,0.19228510909,0.176730786899
0.2,15,44.0,0.00020307635295,0.000186228842232,0.000669091360232,0.191871706225,0.175953749357
0.2,15,45.0,0.000198024977592,0.000181207909091,0.000654926255159,0.191484046874,0.175222460219
0.2,15,46.0,0.000193283725228,0.000176510193591,0.000641520575969,0.191121284451,0.174535413564
0.2,15,47.0,0.000188832323478,0.000172113591042,0.000628831261874,0.190782660968,0.173891250624
0.2,15,48.0,0.000184652259575,0.000167997990649,0.000616818416735,0.190467485818,0.173288726469
0.2,15,49.0,0.000180726536358,0.000164144998766,0.000605444898284,0.190175114314,0.17272667608
0.2,15,50.0,0.000177039452316,0.000160537690905,0.000594675936529,0.189904926207,0.172203980219
0.2,15,51.0,0.000173576404999,0.000157160391105,0.00058447878437,0.189656304702,0.171719531942
0.2,15,52.0,0.000147913901498,0.000131020554574,0.000522240514777,0.184621221181,0.163535506402
0.2,15,53.0,0.00014547320004,0.000128726271793,0.000514194104632,0.184518499874,0.163276662362
0.2,15,54.0,0.000139228676059,0.000122934144632,0.000493839940169,0.184164242867,0.16261070858
0.2,15,55.0,0.000137193957295,0.000121028029875,0.000487064559766,0.184082159888,0.162391271347
0.2,15,56.0,0.000135197445412,0.000119160605803,0.000480413450297,0.183999304728,0.16217369013
0.2,15,57.0,0.000133234197905,0.000117326803379,0.000473872409707,0.18391503744,0.16195664308
0.2,15,58.0,0.000131299390976,0.000115521701852,0.000467427488576,0.183828703891,0.161738790751
0.2,15,59.0,0.000129388301472,0.000113740507112,0.000461064953628,0.18373963022,0.161518765453
0.2,15,60.0,0.000127496276479,0.000111978518554,0.000454771212615,0.183647115107,0.161295156645
0.2,18,0.0,2.15606198156e-05,2.22409508823e-05,4.44649397092e-05,0.244267273241,0.251974965133
0.2,18,1.0,1.41445775708e-05,1.44730027517e-05,2.9422005648e-05,0.243705693869,0.24936433487
0.2,18,2.0,1.22125468907e-05,1.24501587981e-05,2.34280686311e-05,0.253947811475,0.258888715647
0.2,18,3.0,1.29800527487e-05,1.36486428015e-05,2.26325593182e-05,0.263494155465,0.27706648639
0.2,18,4.0,1.46243426465e-05,1.58558604437e-05,2.66012896312e-05,0.256201124905,0.277775854971
0.2,18,5.0,1.54097656177e-05,1.69832845355e-05,3.03389656773e-05,0.245644355816,0.270727543355
0.2,18,6.0,1.59665787986e-05,1.75945162675e-05,3.46015958717e-05,0.234242201693,0.258125317904
0.2,18,7.0,1.60671430561e-05,1.75688846032e-05,3.75289456785e-05,0.225773190132,0.246875446996
0.2,18,8.0,1.59312837717e-05,1.72098732483e-05,3.96534267608e-05,0.218852597875,0.2364169469
0.2,18,9.0,1.56346369393e-05,1.66533109273e-05,4.10302437863e-05,0.213243624629,0.227137502328
0.2,18,10.0,1.52607356029e-05,1.60194330085e-05,4.18577760095e-05,0.208656883674,0.219030396486
0.2,18,11.0,1.4836673787e-05,1.53510155174e-05,4.22310978579e-05,0.204873270713,0.21197559527
0.2,18,12.0,1.43966819269e-05,1.46901170506e-05,4.22847141731e-05,0.201714679868,0.205826055833
0.2,18,13.0,1.39440013705e-05,1.40417561346e-05,4.20651694372e-05,0.199055201396,0.200450682775
0.2,18,14.0,1.34952125607e-05,1.3422330311e-05,4.16581652671e-05,0.196792901261,0.19573010145
0.2,18,15.0,1.3048892167e-05,1.28285537665e-05,4.10916583401e-05,0.19484943555,0.191559285519
0.2,18,16.0,1.26121538887e-05,1.22652994599e-05,4.04153987651e-05,0.193162857501,0.187850569594
0.2,18,17.0,1.2185064084e-05,1.17302057745e-05,3.96534420542e-05,0.191683356755,0.184527976446
0.2,18,18.0,1.17694158302e-05,1.12227114864e-05,3.88312878377e-05,0.190371492756,0.18152849464
0.2,18,19.0,1.13667189972e-05,1.0742141455e-05,3.79701806362e-05,0.189196078886,0.178800148278
0.2,18,20.0,1.09767726928e-05,1.02863790103e-05,3.7083056485e-05,0.188131723272,0.176299014618
0.2,18,21.0,1.05999883905e-05,9.85411706792e-06,3.61824564578e-05,0.187158048297,0.173988616797
0.2,18,22.0,1.02364321125e-05,9.44391593207e-06,3.52779321928e-05,0.186258232031,0.171837908524
0.2,18,23.0,9.88582922113e-06,9.05420519197e-06,3.43763624641e-05,0.185418179025,0.16982027523
0.2,18,24.0,9.54802403984e-06,8.68370506193e-06,3.34836476043e-05,0.184626404137,0.167913406322
0.2,18,25.0,9.22294741794e-06,8.33143695563e-06,3.26044841935e-05,0.183874710125,0.166100974636
0.2,18,26.0,8.90839960694e-06,7.99580979297e-06,3.17282655037e-05,0.183178002448,0.1644129732
0.2,18,27.0,8.55420255725e-06,7.62293546644e-06,3.07208269975e-05,0.182400292921,0.162542990149
0.2,18,28.0,8.19229144215e-06,7.25479341936e-06,2.96208101274e-05,0.181776660396,0.160974756446
0.2,18,29.0,7.83611415221e-06,6.89511866434e-06,2.85298427512e-05,0.181135444493,0.159383893578
0.2,18,30.0,7.50728268124e-06,6.56666179374e-06,2.75014145767e-05,0.180570483394,0.157946003198
0.2,18,31.0,7.20120029826e-06,6.26323695277e-06,2.65331790515e-05,0.180040736523,0.156590255414
0.2,18,32.0,6.91648808048e-06,5.98302328716e-06,2.56229379385e-05,0.179544348946,0.15531263964
0.2,18,33.0,6.6514339954e-06,5.72394820958e-06,2.47671220526e-05,0.179078770491,0.15410776209
0.2,18,34.0,6.4043992306e-06,5.48407559578e-06,2.39620763933e-05,0.178641583259,0.152970467934
0.2,18,35.0,6.17388378554e-06,5.26165930734e-06,2.32043173626e-05,0.178230619418,0.151896088441
0.2,18,36.0,5.95853168188e-06,5.05513922011e-06,2.24905959697e-05,0.177843965507,0.150880460673
0.2,18,37.0,5.75712173939e-06,4.86312466435e-06,2.18179079036e-05,0.177479941826,0.149919894279
0.2,18,38.0,5.56855492411e-06,4.68437581749e-06,2.11834857327e-05,0.177137076952,0.14901112604
0.2,18,39.0,5.39184148498e-06,4.51778597235e-06,2.05847845202e-05,0.176814082821,0.148151273606
0.2,18,40.0,5.22608888082e-06,4.36236546802e-06,2.00194651058e-05,0.17650983173,0.147337791658
0.2,18,41.0,5.07049076972e-06,4.21722738929e-06,1.94853768343e-05,0.176223335408,0.146568431039
0.2,18,42.0,4.92431707266e-06,4.08157491497e-06,1.89805405174e-05,0.175953725855,0.145841200526
0.2,18,43.0,4.78690503261e-06,3.95469013115e-06,1.85031319842e-05,0.175700237577,0.145154330585
0.2,18,44.0,4.65765116644e-06,3.83592412195e-06,1.80514663787e-05,0.175462190825,0.144506238493
0.2,18,45.0,4.53600401221e-06,3.72468817174e-06,1.76239832847e-05,0.175238975575,0.143895494315
0.2,18,46.0,4.42145759283e-06,3.62044594392e-06,1.72192327367e-05,0.175030036059,0.143320787503
0.2,18,47.0,4.3135455414e-06,3.52270653576e-06,1.68358621919e-05,0.174834855836,0.142780894144
0.2,18,48.0,4.21183585932e-06,3.43101834285e-06,1.64726045704e-05,0.174652943535,0.142274645289
0.2,18,49.0,3.68358696564e-06,2.91776528784e-06,1.47880025353e-05,0.172215899077,0.136412029098
0.2,18,50.0,3.60142259524e-06,2.84678330549e-06,1.44795817712e-05,0.172088070259,0.136028869851
0.2,18,51.0,3.3790834947e-06,2.65430700228e-06,1.36633202538e-05,0.171555725089,0.134758896339
0.2,18,52.0,3.31436414152e-06,2.59898357968e-06,1.34164472256e-05,0.171464009351,0.134454793071
0.2,18,53.0,3.25117577505e-06,2.5450934201e-06,1.31750986864e-05,0.171372765282,0.1341544498
0.2,18,54.0,3.18936694489e-06,2.49248937445e-06,1.29387582496e-05,0.171281508088,0.133856450614
0.2,18,55.0,3.12879197274e-06,2.44103095975e-06,1.27069257375e-05,0.171189746559,0.133559365718
0.2,18,56.0,3.06931040086e-06,2.39058367408e-06,1.24791158414e-05,0.171096978884,0.133261739931
0.2,18,57.0,3.0107861507e-06,2.34101807771e-06,1.22548556493e-05,0.171002687143,0.132962077644
0.2,18,58.0,2.95308637786e-06,2.29220862613e-06,1.20336809976e-05,0.170906330189,0.132658823411
0.2,18,59.0,2.89608002727e-06,2.24403225688e-06,1.18151316679e-05,0.17080733462,0.132350337349
0.2,18,60.0,2.83963610381e-06,2.19636674153e-06,1.15987454907e-05,0.170705083506,0.132034864439
