solar_depression_deg,relative_azimuth_deg,elevation_deg,X,Y_cd_m2,Z,CIE_x,CIE_y,preview_sRGB_R8,preview_sRGB_G8,preview_sRGB_B8,gamut_clipped,solar_Y_cd_m2,background_Y_cd_m2,near_horizon,night_background_important
-6.0,0.0,0.0,17099.0856937,16863.6154311,7996.6842343,0.407515161325,0.401903299745,255,204,133,0,16863.6154311,0.0,1,0
-6.0,0.0,0.5,18386.0332388,18149.6144589,8525.52509001,0.40802385072,0.402777232284,255,204,132,0,18149.6144589,0.0,1,0
-6.0,0.0,1.0,19504.0511547,19349.2155397,9143.11013087,0.406365072633,0.403139087146,255,206,133,0,19349.2155397,0.0,1,0
-6.0,0.0,2.0,20749.1315089,20940.3000929,10371.8096318,0.398552378262,0.402224372619,255,212,140,0,20940.3000929,0.0,1,0
-6.0,0.0,3.0,20826.450699,21393.3301072,11394.2884898,0.388451221339,0.39902455434,255,219,150,0,21393.3301072,0.0,1,0
-6.0,0.0,5.0,19367.5503372,20387.4504239,12554.9219274,0.370246204579,0.389743463115,255,230,171,0,20387.4504239,0.0,0,0
-6.0,0.0,8.0,16272.94664,17414.6888229,12482.1473082,0.352458808843,0.377188017306,255,241,193,0,17414.6888229,0.0,0,0
-6.0,0.0,12.0,12756.6201188,13750.3886164,11108.7506499,0.339129671376,0.365548611571,255,249,212,0,13750.3886164,0.0,0,0
-6.0,0.0,20.0,7923.8085883,8539.81325273,7828.02686467,0.32619476283,0.351553464163,255,255,232,0,8539.81325273,0.0,0,0
-6.0,0.0,30.0,4543.54115159,4866.37935937,4959.76266947,0.316189375545,0.338655995283,251,255,245,0,4866.37935937,0.0,0,0
-6.0,0.0,45.0,2148.95724198,2277.70441005,2739.53077543,0.29987434244,0.317840252422,234,244,255,0,2277.70441005,0.0,0,0
-6.0,0.0,60.0,1192.90798937,1255.95308651,1773.98180602,0.282489314127,0.297418853042,207,225,255,0,1255.95308651,0.0,0,0
-6.0,0.0,90.0,632.409876262,663.111913961,1151.77528602,0.258411568584,0.270956852929,171,205,255,0,663.111913961,0.0,0,0
-6.0,90.0,0.0,1657.69494815,1681.5027201,1526.22641703,0.340709241187,0.345602498493,255,231,214,0,1681.5027201,0.0,1,0
-6.0,90.0,0.5,1784.70481216,1807.72842254,1609.38551357,0.343092464103,0.347518533424,255,229,211,0,1807.72842254,0.0,1,0
-6.0,90.0,1.0,1911.89260938,1937.49025218,1701.575707,0.344425667344,0.34903705878,255,229,209,0,1937.49025218,0.0,1,0
-6.0,90.0,2.0,2125.36087231,2172.8577128,1875.12155853,0.344280539037,0.351974403199,255,231,209,0,2172.8577128,0.0,1,0
-6.0,90.0,3.0,2266.96983258,2352.12684985,2063.32677034,0.339243666404,0.351987099662,255,238,215,0,2352.12684985,0.0,1,0
-6.0,90.0,5.0,2348.32426086,2495.46566622,2404.56774988,0.323980184963,0.344280149716,255,252,236,0,2495.46566622,0.0,0,0
-6.0,90.0,8.0,2224.24498141,2396.91257136,2677.2069238,0.304759372946,0.328417767988,242,254,255,0,2396.91257136,0.0,0,0
-6.0,90.0,12.0,1961.40764559,2117.33631482,2700.44995191,0.289327561795,0.312328625233,217,239,255,0,2117.33631482,0.0,0,0
-6.0,90.0,20.0,1514.8614508,1623.15642222,2397.50790385,0.273661710172,0.293225338955,193,222,255,0,1623.15642222,0.0,0,0
-6.0,90.0,30.0,1168.39533143,1241.86247866,1986.68425938,0.265729071016,0.282437762208,181,214,255,0,1241.86247866,0.0,0,0
-6.0,90.0,45.0,886.83062474,936.161708494,1574.97820369,0.260988320853,0.275506128826,175,208,255,0,936.161708494,0.0,0,0
-6.0,90.0,60.0,733.148638761,770.830635628,1322.62141703,0.259374676086,0.272705882358,172,206,255,0,770.830635628,0.0,0,0
-6.0,90.0,90.0,632.409876262,663.111913961,1151.77528602,0.258411568584,0.270956852929,171,205,255,0,663.111913961,0.0,0,0
-6.0,180.0,0.0,1557.43787841,1611.28779499,1587.11144925,0.327479229891,0.338802140073,255,242,232,0,1611.28779499,0.0,1,0
-6.0,180.0,0.5,1690.77947964,1743.66658152,1686.11650252,0.330194086805,0.340522464052,255,240,228,0,1743.66658152,0.0,1,0
-6.0,180.0,1.0,1839.17153958,1890.45747091,1772.61944695,0.334258177145,0.343579081449,255,237,222,0,1890.45747091,0.0,1,0
-6.0,180.0,2.0,2165.1864366,2233.81538092,1978.301508,0.33951441951,0.350275855938,255,236,215,0,2233.81538092,0.0,1,0
-6.0,180.0,3.0,2442.0427276,2556.19012527,2234.3337441,0.33764538423,0.353427803394,255,241,216,0,2556.19012527,0.0,1,0
-6.0,180.0,5.0,2728.21654033,2933.2205793,2770.50734327,0.323557223643,0.347870006996,254,255,235,0,2933.2205793,0.0,0,0
-6.0,180.0,8.0,2727.19311443,2979.2793931,3288.90655316,0.303177119723,0.331201094806,237,255,253,0,2979.2793931,0.0,0,0
-6.0,180.0,12.0,2478.11627777,2710.01891235,3501.36330921,0.285185189682,0.311872878804,210,239,255,0,2710.01891235,0.0,0,0
-6.0,180.0,20.0,1919.82319303,2081.87055685,3138.42109763,0.268878475211,0.291573819373,185,221,255,0,2081.87055685,0.0,0,0
-6.0,180.0,30.0,1413.47411763,1517.60401678,2506.09641356,0.259964822751,0.279116295309,172,211,255,0,1517.60401678,0.0,0,0
-6.0,180.0,45.0,962.026245453,1022.49777116,1800.53700634,0.254163998842,0.270140366288,164,204,255,0,1022.49777116,0.0,0,0
-6.0,180.0,60.0,721.076882759,761.126046971,1376.24291487,0.252261866049,0.266272683951,161,201,255,0,761.126046971,0.0,0,0
-6.0,180.0,90.0,632.409876263,663.111913962,1151.77528602,0.258411568584,0.270956852929,171,205,255,0,663.111913962,0.0,0,0
-5.5,0.0,0.0,15139.0966314,14761.2004887,6525.56275396,0.41561398094,0.40523958912,255,200,125,0,14761.2004887,0.0,1,0
-5.5,0.0,0.5,16347.2855824,15947.8508416,6945.18807101,0.416594046884,0.40641485632,255,200,124,0,15947.8508416,0.0,1,0
-5.5,0.0,1.0,17441.4576906,17106.7926297,7491.57255809,0.414879428513,0.406918760794,255,201,125,0,17106.7926297,0.0,1,0
-5.5,0.0,2.0,18712.9011027,18698.074241,8610.47705218,0.406612571497,0.406290398664,255,207,132,0,18698.074241,0.0,1,0
-5.5,0.0,3.0,18872.046048,19221.2216857,9569.30936767,0.395951020606,0.403277012169,255,215,142,0,19221.2216857,0.0,1,0
-5.5,0.0,5.0,17606.8337468,18412.7168914,10693.8304463,0.376911996907,0.394163652125,255,227,163,0,18412.7168914,0.0,0,0
-5.5,0.0,8.0,14805.9826632,15765.4277951,10761.648559,0.358211635316,0.381424171594,255,238,186,0,15765.4277951,0.0,0,0
-5.5,0.0,12.0,11598.326497,12450.7835201,9648.70988052,0.344186256922,0.369483354054,255,246,205,0,12450.7835201,0.0,0,0
-5.5,0.0,20.0,7182.27809964,7713.83588329,6845.76200546,0.330343071751,0.354791642055,255,252,226,0,7713.83588329,0.0,0,0
-5.5,0.0,30.0,4116.12500436,4395.0625499,4375.47645894,0.319409662589,0.341055105138,254,255,242,0,4395.0625499,0.0,0,0
-5.5,0.0,45.0,1956.42723725,2069.27830995,2454.77119784,0.301895572536,0.319309580353,237,245,255,0,2069.27830995,0.0,0,0
-5.5,0.0,60.0,1091.894052,1148.48253343,1605.94425561,0.283880127823,0.298592494204,209,226,255,0,1148.48253343,0.0,0,0
-5.5,0.0,90.0,585.014460087,613.946247964,1054.06216307,0.259657577198,0.272498897296,173,206,255,0,613.946247964,0.0,0,0
-5.5,90.0,0.0,1420.10171687,1429.43734272,1279.53202309,0.343927650659,0.346188601285,255,227,210,0,1429.43734272,0.0,1,0
-5.5,90.0,0.5,1534.81650434,1541.66868249,1348.83451718,0.34682612941,0.348374532374,255,225,206,0,1541.66868249,0.0,1,0
-5.5,90.0,1.0,1654.12516613,1661.66873683,1427.58709956,0.348722812958,0.350313149195,255,225,204,0,1661.66873683,0.0,1,0
-5.5,90.0,2.0,1862.77897412,1888.80522448,1581.07812958,0.349315006179,0.354195542159,255,227,202,0,1888.80522448,0.0,1,0
-5.5,90.0,3.0,2007.70357976,2069.17742467,1753.79589802,0.34433456241,0.35487773706,255,234,208,0,2069.17742467,0.0,1,0
-5.5,90.0,5.0,2106.77434782,2229.84188404,2079.19102153,0.328372450202,0.347554375618,255,248,229,0,2229.84188404,0.0,0,0
-5.5,90.0,8.0,2014.11865582,2166.3487776,2355.93995804,0.308138482686,0.331428053341,245,255,252,0,2166.3487776,0.0,0,0
-5.5,90.0,12.0,1786.08352538,1926.57025037,2405.21734029,0.29194526846,0.314908603635,221,241,255,0,1926.57025037,0.0,0,0
-5.5,90.0,20.0,1388.71182716,1488.1529737,2161.55627013,0.27562440844,0.295360977721,196,224,255,0,1488.1529737,0.0,0,0
-5.5,90.0,30.0,1069.03985291,1136.591137,1795.86989905,0.267159718959,0.284041205673,183,215,255,0,1136.591137,0.0,0,0
-5.5,90.0,45.0,817.861771991,863.978723287,1434.59340599,0.262435141544,0.277233129486,177,209,255,0,863.978723287,0.0,0,0
-5.5,90.0,60.0,676.792150666,712.109585122,1207.30431158,0.260685068257,0.274288547261,174,207,255,0,712.109585122,0.0,0,0
-5.5,90.0,90.0,585.014460087,613.946247964,1054.06216307,0.259657577198,0.272498897296,173,206,255,0,613.946247964,0.0,0,0
-5.5,180.0,0.0,1348.49993449,1387.20956826,1347.0255702,0.33029327409,0.339774573532,255,239,228,0,1387.20956826,0.0,1,0
-5.5,180.0,0.5,1468.27397601,1504.58112388,1428.65627342,0.333584046815,0.341832837921,255,236,223,0,1504.58112388,0.0,1,0
-5.5,180.0,1.0,1606.36814763,1639.52249548,1502.46492713,0.3382998859,0.345282165842,255,233,217,0,1639.52249548,0.0,1,0
-5.5,180.0,2.0,1917.15654291,1963.92935097,1683.42153361,0.34453301894,0.3529385802,255,232,208,0,1963.92935097,0.0,1,0
-5.5,180.0,3.0,2187.13379965,2276.19207648,1916.49105664,0.342820777257,0.356780155366,255,237,209,0,2276.19207648,0.0,1,0
-5.5,180.0,5.0,2478.2054543,2656.11209857,2421.1880222,0.327999950457,0.351546573844,255,253,229,0,2656.11209857,0.0,0,0
-5.5,180.0,8.0,2502.58262587,2730.94154593,2930.28591326,0.306545914199,0.334518015176,240,255,249,0,2730.94154593,0.0,0,0
-5.5,180.0,12.0,2289.75185307,2504.29276651,3161.73058774,0.287810023964,0.314776712671,214,241,255,0,2504.29276651,0.0,0,0
-5.5,180.0,20.0,1783.69316228,1936.04098472,2864.08088192,0.270920910513,0.294060658784,188,223,255,0,1936.04098472,0.0,0,0
-5.5,180.0,30.0,1318.4447215,1417.4162297,2302.49825914,0.261681366186,0.281324965237,175,213,255,0,1417.4162297,0.0,0,0
-5.5,180.0,45.0,898.436935439,956.346316285,1658.92030745,0.255695143403,0.272176152649,166,206,255,0,956.346316285,0.0,0,0
-5.5,180.0,60.0,672.8548887,711.31189658,1268.30070206,0.253671304893,0.268169883316,164,203,255,0,711.31189658,0.0,0,0
-5.5,180.0,90.0,585.014460085,613.946247962,1054.06216307,0.259657577198,0.272498897296,173,206,255,0,613.946247962,0.0,0,0
-5.0,0.0,0.0,13118.0859006,12612.2426242,5163.80557508,0.424614130896,0.408240690075,255,195,116,0,12612.2426242,0.0,1,0
-5.0,0.0,0.5,14256.510488,13711.0643903,5516.79318356,0.425766150392,0.409476576202,255,194,115,0,13711.0643903,0.0,1,0
-5.0,0.0,1.0,15316.2455241,14815.5921267,5987.70650102,0.424043156793,0.410182145833,255,196,116,0,14815.5921267,0.0,1,0
-5.0,0.0,2.0,16606.9917926,16393.3201875,6985.1965465,0.41532526169,0.4099815356,255,203,123,0,16393.3201875,0.0,1,0
-5.0,0.0,3.0,16851.5444125,16985.3967475,7870.59636256,0.404040742118,0.407250050145,255,210,133,0,16985.3967475,0.0,1,0
-5.0,0.0,5.0,15799.7156955,16390.3316798,8962.84971701,0.383927179174,0.398278926585,255,222,155,0,16390.3316798,0.0,0,0
-5.0,0.0,8.0,13315.3328078,14090.1650486,9152.08073418,0.364229068805,0.385423914597,255,234,178,0,14090.1650486,0.0,0,0
-5.0,0.0,12.0,10431.0961988,11140.1315218,8285.21700719,0.349375027533,0.37312317737,255,242,198,0,11140.1315218,0.0,0,0
-5.0,0.0,20.0,6455.22849292,6902.90122126,5945.37603799,0.334407054128,0.357598319698,255,249,220,0,6902.90122126,0.0,0,0
-5.0,0.0,30.0,3697.45034987,3932.53399231,3840.22610135,0.322352442274,0.342847588688,255,253,239,0,3932.53399231,0.0,0,0
-5.0,0.0,45.0,1768.86803501,1865.57442494,2194.16868508,0.303480192964,0.320071862494,240,246,255,0,1865.57442494,0.0,0,0
-5.0,0.0,60.0,993.865022829,1043.61814066,1452.19409067,0.284801415845,0.299058642004,210,227,255,0,1043.61814066,0.0,0,0
-5.0,0.0,90.0,539.213404273,565.880866013,964.971199265,0.26048132883,0.273363753145,174,206,255,0,565.880866013,0.0,0,0
-5.0,90.0,0.0,1210.11911729,1209.14558958,1087.26406783,0.34510457351,0.34482694062,255,225,209,0,1209.14558958,0.0,1,0
-5.0,90.0,0.5,1312.47969548,1307.58566885,1145.21340711,0.348574375272,0.34727459724,255,223,205,0,1307.58566885,0.0,1,0
-5.0,90.0,1.0,1423.19110899,1417.12504081,1212.37789362,0.351171614175,0.349674815229,255,222,201,0,1417.12504081,0.0,1,0
-5.0,90.0,2.0,1624.65658176,1633.27796901,1347.13475952,0.352797422207,0.354669573673,255,224,198,0,1633.27796901,0.0,1,0
-5.0,90.0,3.0,1770.33453505,1811.50146677,1503.96854625,0.348093309194,0.356187786937,255,230,203,0,1811.50146677,0.0,1,0
-5.0,90.0,5.0,1882.85460352,1983.82058071,1809.78988887,0.331694915634,0.349481685373,255,246,225,0,1983.82058071,0.0,0,0
-5.0,90.0,8.0,1817.44626336,1949.88934846,2083.24561463,0.310643710943,0.333281305394,248,255,251,0,1949.88934846,0.0,0,0
-5.0,90.0,12.0,1620.98943906,1745.91691672,2150.14946177,0.293814217704,0.316458084612,224,243,255,0,1745.91691672,0.0,0,0
-5.0,90.0,20.0,1268.89067618,1358.81263235,1953.57836622,0.276972857436,0.296600979556,198,225,255,0,1358.81263235,0.0,0,0
-5.0,90.0,30.0,980.020315369,1041.55697965,1633.23665026,0.268145062934,0.284982216672,185,216,255,0,1041.55697965,0.0,0,0
-5.0,90.0,45.0,751.567697359,793.824892033,1307.93688856,0.263400249837,0.278210034336,178,210,255,0,793.824892033,0.0,0,0
-5.0,90.0,60.0,622.607822494,655.022431568,1102.92280222,0.261539149842,0.275155569349,176,208,255,0,655.022431568,0.0,0,0
-5.0,90.0,90.0,539.213404274,565.880866013,964.971199266,0.26048132883,0.273363753145,174,206,255,0,565.880866013,0.0,0,0
-5.0,180.0,0.0,1169.99413212,1197.07518558,1160.90348475,0.331633546412,0.339309641147,255,237,226,0,1197.07518558,0.0,1,0
-5.0,180.0,0.5,1276.52747206,1299.92818911,1228.47002919,0.335493404062,0.341643515509,255,234,221,0,1299.92818911,0.0,1,0
-5.0,180.0,1.0,1404.26395145,1423.05064803,1292.06003423,0.340892508284,0.345453078335,255,230,214,0,1423.05064803,0.0,1,0
-5.0,180.0,2.0,1698.29905643,1726.76821315,1451.08339637,0.348286829668,0.354125278616,255,228,203,0,1726.76821315,0.0,1,0
-5.0,180.0,3.0,1959.08003141,2026.0644721,1661.61334713,0.34693891313,0.358801373406,255,234,204,0,2026.0644721,0.0,1,0
-5.0,180.0,5.0,2250.34604728,2402.99821102,2131.71517336,0.331661950783,0.354160230315,255,250,224,0,2402.99821102,0.0,0,0
-5.0,180.0,8.0,2294.77116042,2500.01246954,2623.86313384,0.309324764135,0.336990363491,242,255,247,0,2500.01246954,0.0,0,0
-5.0,180.0,12.0,2112.94723937,2309.71251543,2864.45702279,0.289956549876,0.316958350734,218,243,255,0,2309.71251543,0.0,0,0
-5.0,180.0,20.0,1654.08838232,1795.75721001,2618.83831602,0.272561301148,0.295905543464,191,225,255,0,1795.75721001,0.0,0,0
-5.0,180.0,30.0,1226.91543853,1319.71775898,2117.79911151,0.26303639055,0.282932127974,177,214,255,0,1319.71775898,0.0,0,0
-5.0,180.0,45.0,836.727662053,891.247398162,1529.35391396,0.256875393517,0.273612952584,168,207,255,0,891.247398162,0.0,0,0
-5.0,180.0,60.0,625.989433726,662.190455097,1169.41495828,0.254716286724,0.269446550915,165,204,255,0,662.190455097,0.0,0,0
-5.0,180.0,90.0,539.213404274,565.880866014,964.971199266,0.26048132883,0.273363753145,174,206,255,0,565.880866014,0.0,0,0
-4.5,0.0,0.0,11224.7293482,10629.3681998,4053.92829982,0.433252977827,0.410273181841,255,190,109,0,10629.3681998,0.0,1,0
-4.5,0.0,0.5,12292.14319,11641.4171088,4351.50968549,0.434580617861,0.411574626305,255,189,107,0,11641.4171088,0.0,1,0
-4.5,0.0,1.0,13307.518105,12680.5721777,4750.52321339,0.432925125483,0.412529087538,255,191,108,0,12680.5721777,0.0,1,0
-4.5,0.0,2.0,14599.5135661,14221.4229225,5623.64455629,0.423855164534,0.41287838293,255,198,115,0,14221.4229225,0.0,1,0
-4.5,0.0,3.0,14916.4132219,14863.4265042,6425.24061846,0.411997793679,0.410534277585,255,206,125,0,14863.4265042,0.0,1,0
-4.5,0.0,5.0,14060.9749659,14456.0419923,7455.2588536,0.390883663838,0.401866205739,255,218,147,0,14456.0419923,0.0,0,0
-4.5,0.0,8.0,11888.4161822,12492.1054695,7739.43800627,0.370125501675,0.388920334974,255,230,171,0,12492.1054695,0.0,0,0
-4.5,0.0,12.0,9317.77878017,9892.68048935,7081.42089298,0.354397582926,0.376263714432,255,238,191,0,9892.68048935,0.0,0,0
-4.5,0.0,20.0,5766.88073275,6136.15516754,5149.36356015,0.338185880886,0.359841157943,255,246,214,0,6136.15516754,0.0,0,0
-4.5,0.0,30.0,3306.72126081,3501.55745763,3371.32534935,0.324837905167,0.343977765178,255,250,235,0,3501.55745763,0.0,0,0
-4.5,0.0,45.0,1595.17795825,1677.15008309,1965.6103792,0.304543091227,0.320192783579,241,246,255,0,1677.15008309,0.0,0,0
-4.5,0.0,60.0,903.676489454,947.149255229,1317.05158641,0.285262462844,0.298985458159,211,227,255,0,947.149255229,0.0,0,0
-4.5,0.0,90.0,497.523092974,522.004701602,886.763806408,0.260990025197,0.273832556012,175,207,255,0,522.004701602,0.0,0,0
-4.5,90.0,0.0,1043.35679465,1036.63928337,946.938815098,0.344690861049,0.342471615669,255,223,210,0,1036.63928337,0.0,1,0
-4.5,90.0,0.5,1134.8262394,1123.22173863,996.45563359,0.34869410971,0.345128435137,255,221,205,0,1123.22173863,0.0,1,0
-4.5,90.0,1.0,1236.97539407,1222.65538272,1054.35653246,0.352014758509,0.347939612503,255,219,201,0,1222.65538272,0.0,1,0
-4.5,90.0,2.0,1429.13245997,1425.84248806,1172.59908839,0.354837042609,0.354020180675,255,221,196,0,1425.84248806,0.0,1,0
-4.5,90.0,3.0,1572.63257336,1598.72064425,1314.08141609,0.350608737344,0.356424911922,255,227,200,0,1598.72064425,0.0,1,0
-4.5,90.0,5.0,1692.87291111,1776.03945326,1598.28883689,0.33408440752,0.350497125084,255,243,221,0,1776.03945326,0.0,0,0
-4.5,90.0,8.0,1648.15494511,1763.89382911,1862.60868949,0.312466725366,0.334409170879,249,255,249,0,1763.89382911,0.0,0,0
-4.5,90.0,12.0,1477.55131782,1589.01251849,1939.48572439,0.295153154179,0.317418455256,226,244,255,0,1589.01251849,0.0,0,0
-4.5,90.0,20.0,1163.19770945,1244.59653808,1777.7806712,0.277906316822,0.29735378347,199,226,255,0,1244.59653808,0.0,0,0
-4.5,90.0,30.0,901.908191758,958.06858392,1494.03144516,0.268904585908,0.285648847837,186,216,255,0,958.06858392,0.0,0,0
-4.5,90.0,45.0,691.978414199,730.614329849,1198.26119647,0.264027843559,0.278769571456,179,211,255,0,730.614329849,0.0,0,0
-4.5,90.0,60.0,570.236126065,599.655211521,1006.95854069,0.261954731816,0.275469253763,176,208,255,0,599.655211521,0.0,0,0
-4.5,90.0,90.0,497.523092973,522.004701601,886.763806407,0.260990025197,0.273832556012,175,207,255,0,522.004701601,0.0,0,0
-4.5,180.0,0.0,1023.73038777,1042.75777415,1022.28245168,0.331436197712,0.337596378817,255,236,227,0,1042.75777415,0.0,1,0
-4.5,180.0,0.5,1118.66130465,1133.12442062,1079.66657683,0.335787879642,0.340129264317,255,232,221,0,1133.12442062,0.0,1,0
-4.5,180.0,1.0,1235.89005467,1244.51321763,1134.41943246,0.341895068061,0.344280569,255,228,213,0,1244.51321763,0.0,1,0
-4.5,180.0,2.0,1511.56065435,1526.00688505,1273.17066268,0.350650070473,0.354001290153,255,225,201,0,1526.00688505,0.0,1,0
-4.5,180.0,3.0,1760.97429076,1809.83213794,1461.55287192,0.349930159108,0.359638894965,255,231,200,0,1809.83213794,0.0,1,0
-4.5,180.0,5.0,2048.26839237,2178.67370766,1894.96163347,0.334580300759,0.355881732627,255,247,220,0,2178.67370766,0.0,0,0
-4.5,180.0,8.0,2107.89439954,2292.00236365,2364.52072263,0.311615065741,0.338832185987,244,255,245,0,2292.00236365,0.0,0,0
-4.5,180.0,12.0,1952.26868471,2132.36530542,2607.25505843,0.291736559071,0.31864923192,221,245,255,0,2132.36530542,0.0,0,0
-4.5,180.0,20.0,1535.59555033,1667.02368767,2403.45919435,0.273916173108,0.297360036571,193,226,255,0,1667.02368767,0.0,0,0
-4.5,180.0,30.0,1142.89453035,1229.65516142,1954.29060616,0.264140678105,0.284192407565,178,215,255,0,1229.65516142,0.0,0,0
-4.5,180.0,45.0,780.11946882,831.263279134,1414.47386953,0.257817724843,0.274719983204,169,208,255,0,831.263279134,0.0,0,0
-4.5,180.0,60.0,583.185870071,617.132047425,1082.07646635,0.25551494264,0.270387997706,166,204,255,0,617.132047425,0.0,0,0
-4.5,180.0,90.0,497.523092966,522.004701593,886.763806393,0.260990025197,0.273832556012,175,207,255,0,522.004701593,0.0,0,0
-4.0,0.0,0.0,9471.53192375,8822.20110502,3153.64589585,0.441617223113,0.411341690564,255,184,102,0,8822.20110502,0.0,1,0
-4.0,0.0,0.5,10460.3121561,9741.14401808,3397.89510503,0.44324574995,0.412771686088,255,184,100,0,9741.14401808,0.0,1,0
-4.0,0.0,1.0,11422.5453906,10706.3115863,3730.23951219,0.441722524814,0.41402496761,255,186,100,0,10706.3115863,0.0,1,0
-4.0,0.0,2.0,12697.4823523,12188.6729642,4480.98110507,0.432370462345,0.415044653629,255,193,107,0,12188.6729642,0.0,1,0
-4.0,0.0,3.0,13080.4759492,12870.5515923,5206.0864211,0.419823092888,0.413085486921,255,201,118,0,12870.5515923,0.0,1,0
-4.0,0.0,5.0,12400.7140474,12621.7977655,6146.88183659,0.39784906267,0.404942037289,255,214,140,0,12621.7977655,0.0,0,0
-4.0,0.0,8.0,10522.838678,10969.7429434,6494.9736011,0.375982774999,0.391950738684,255,226,164,0,10969.7429434,0.0,0,0
-4.0,0.0,12.0,8255.06219281,8705.8144479,6014.14605231,0.359305942941,0.378925172968,255,235,185,0,8705.8144479,0.0,0,0
-4.0,0.0,20.0,5113.79548155,5410.50855015,4441.52829941,0.341698033789,0.361524065648,255,242,210,0,5410.50855015,0.0,0,0
-4.0,0.0,30.0,2940.09981399,3098.25795237,2955.76196327,0.326891335936,0.344475951567,255,248,232,0,3098.25795237,0.0,0,0
-4.0,0.0,45.0,1432.92393829,1501.53627539,1761.58714563,0.305134047563,0.319744704535,242,246,255,0,1501.53627539,0.0,0,0
-4.0,0.0,60.0,819.608800878,857.337808995,1195.49462458,0.285335271979,0.298470095301,211,226,255,0,857.337808995,0.0,0,0
-4.0,0.0,90.0,458.70065214,481.082865494,815.920422909,0.261263098833,0.274011383346,175,207,255,0,481.082865494,0.0,0,0
-4.0,90.0,0.0,905.177833839,895.615068636,838.621725164,0.342946433789,0.339323370894,255,223,213,0,895.615068636,0.0,1,0
-4.0,90.0,0.5,986.951761962,971.88580766,881.601993527,0.34746444697,0.342160354429,255,220,207,0,971.88580766,0.0,1,0
-4.0,90.0,1.0,1080.80388422,1061.78124974,932.031988592,0.351524707351,0.345337714394,255,218,202,0,1061.78124974,0.0,1,0
-4.0,90.0,2.0,1262.50344053,1251.08687233,1035.86353408,0.355689493362,0.352473063825,255,219,196,0,1251.08687233,0.0,1,0
-4.0,90.0,3.0,1401.97979066,1416.65978694,1162.88880323,0.35212100896,0.355808034361,255,225,199,0,1416.65978694,0.0,1,0
-4.0,90.0,5.0,1526.15800334,1594.59213892,1424.79676006,0.335747938837,0.350803142764,255,241,219,0,1594.59213892,0.0,0,0
-4.0,90.0,8.0,1497.69647204,1598.95316788,1676.48334515,0.313776397332,0.334990282668,251,255,249,0,1598.95316788,0.0,0,0
-4.0,90.0,12.0,1349.03392426,1448.55724169,1758.37739628,0.296102553351,0.317947154794,228,244,255,0,1448.55724169,0.0,0,0
-4.0,90.0,20.0,1067.32054623,1140.96668063,1623.60750209,0.27853597808,0.297755225896,200,226,255,0,1140.96668063,0.0,0,0
-4.0,90.0,30.0,830.238306174,881.390554745,1370.2536812,0.269393234436,0.285990962569,187,216,255,0,881.390554745,0.0,0,0
-4.0,90.0,45.0,637.033456986,672.26442471,1099.93859767,0.264413004884,0.279036296547,180,211,255,0,672.26442471,0.0,0,0
-4.0,90.0,60.0,525.595416044,552.471354573,925.982095386,0.262266766525,0.275677586483,177,208,255,0,552.471354573,0.0,0,0
-4.0,90.0,90.0,458.700652144,481.082865498,815.920422917,0.261263098833,0.274011383346,175,207,255,0,481.082865498,0.0,0,0
-4.0,180.0,0.0,898.358898514,911.888274642,911.864852912,0.330022750684,0.334992926782,255,235,229,0,911.888274642,0.0,1,0
-4.0,180.0,0.5,982.819933659,991.228422823,961.591754326,0.334788971591,0.337653249516,255,231,223,0,991.228422823,0.0,1,0
-4.0,180.0,1.0,1089.62310202,1091.20615384,1009.06534634,0.341585926152,0.342082197038,255,227,214,0,1091.20615384,0.0,1,0
-4.0,180.0,2.0,1345.81925311,1349.49250788,1129.69319598,0.351847714774,0.352808041574,255,223,200,0,1349.49250788,0.0,1,0
-4.0,180.0,3.0,1582.09771176,1615.78808771,1296.64174166,0.352005343672,0.35950120962,255,228,198,0,1615.78808771,0.0,1,0
-4.0,180.0,5.0,1862.15526724,1972.42606438,1691.95093172,0.336948230556,0.35690121226,255,245,216,0,1972.42606438,0.0,0,0
-4.0,180.0,8.0,1933.63019132,2097.87556853,2134.76973082,0.313581544361,0.340217619486,246,255,243,0,2097.87556853,0.0,0,0
-4.0,180.0,12.0,1801.30736125,1965.41925779,2375.14315383,0.29328322284,0.320003407834,223,246,255,0,1965.41925779,0.0,0,0
-4.0,180.0,20.0,1423.80808061,1545.26600142,2206.64967769,0.275093522512,0.298560370135,195,227,255,0,1545.26600142,0.0,0,0
-4.0,180.0,30.0,1063.45067933,1144.25474814,1804.00777175,0.265086417328,0.285228452612,180,216,255,0,1144.25474814,0.0,0,0
-4.0,180.0,45.0,726.712185839,774.501076822,1308.91561841,0.258604575304,0.275610518094,170,209,255,0,774.501076822,0.0,0,0
-4.0,180.0,60.0,543.0164993,574.724920901,1002.21308127,0.256145355442,0.271102479087,167,205,255,0,574.724920901,0.0,0,0
-4.0,180.0,90.0,458.70065214,481.082865494,815.920422909,0.261263098833,0.274011383346,175,207,255,0,481.082865494,0.0,0,0
-3.5,0.0,0.0,7843.22290961,7172.79233656,2424.4210148,0.449714834666,0.411273676256,255,179,96,0,7172.79233656,0.0,1,0
-3.5,0.0,0.5,8746.80403862,7993.67988358,2619.43925584,0.451799522043,0.412898326614,255,179,93,0,7993.67988358,0.0,1,0
-3.5,0.0,1.0,9647.79134828,8877.33035442,2890.20190771,0.450508781646,0.414531693096,255,180,93,0,8877.33035442,0.0,1,0
-3.5,0.0,2.0,10888.6350245,10281.8505605,3522.09247029,0.44096792972,0.416394373138,255,188,99,0,10281.8505605,0.0,1,0
-3.5,0.0,3.0,11309.3370821,10969.3731226,4146.77362951,0.4279708615,0.41510585734,255,196,110,0,10969.3731226,0.0,1,0
-3.5,0.0,5.0,10809.0828556,10877.8907553,5010.54392478,0.404872207356,0.40744952188,255,210,133,0,10877.8907553,0.0,0,0
-3.5,0.0,8.0,9211.96951709,9516.86392313,5397.29791502,0.381825390132,0.394462907584,255,222,158,0,9516.86392313,0.0,0,0
-3.5,0.0,12.0,7237.76755301,7574.73207963,5066.15345765,0.364097482869,0.381048557225,255,231,180,0,7574.73207963,0.0,0,0
-3.5,0.0,20.0,4492.39772929,4722.60774481,3809.69376197,0.344913740261,0.362588621757,255,239,205,0,4722.60774481,0.0,0,0
-3.5,0.0,30.0,2594.16739386,2719.13445796,2583.82980291,0.328494889952,0.344319251197,255,245,230,0,2719.13445796,0.0,0,0
-3.5,0.0,45.0,1279.92939833,1336.47894111,1576.27034446,0.305277245129,0.318764933321,243,245,255,0,1336.47894111,0.0,0,0
-3.5,0.0,60.0,740.13246127,772.606800865,1083.54135007,0.28507413944,0.297582163203,211,225,255,0,772.606800865,0.0,0,0
-3.5,0.0,90.0,421.66066675,442.016301743,749.603995624,0.261368401493,0.273985940189,176,207,255,0,442.016301743,0.0,0,0
-3.5,90.0,0.0,786.864568311,776.503069502,751.158636125,0.339967870389,0.335491144882,255,223,217,0,776.503069502,0.0,1,0
-3.5,90.0,0.5,859.661066753,843.4314036,788.689866647,0.34499845913,0.33848518431,255,220,210,0,843.4314036,0.0,1,0
-3.5,90.0,1.0,945.349849389,924.177360976,832.794269176,0.349828788524,0.341993862674,255,217,204,0,924.177360976,0.0,1,0
-3.5,90.0,2.0,1115.6885336,1098.93969283,923.75712811,0.355497623001,0.350160853014,255,217,197,0,1098.93969283,0.0,1,0
-3.5,90.0,3.0,1249.73984176,1255.73818489,1037.10015756,0.35277692595,0.354470139991,255,223,198,0,1255.73818489,0.0,1,0
-3.5,90.0,5.0,1375.05536575,1431.00383125,1276.37431725,0.336822476337,0.350527161374,255,240,218,0,1431.00383125,0.0,0,0
-3.5,90.0,8.0,1359.6715151,1448.0335565,1512.970346,0.314689575977,0.335140554785,252,255,249,0,1448.0335565,0.0,0,0
-3.5,90.0,12.0,1230.23430639,1318.89263205,1596.39747899,0.296762045645,0.318148561977,229,244,255,0,1318.89263205,0.0,0,0
-3.5,90.0,20.0,977.754940921,1044.19739267,1483.25004372,0.278943934094,0.297899316578,201,226,255,0,1044.19739267,0.0,0,0
-3.5,90.0,30.0,762.659433323,809.077781455,1256.23120183,0.269684565374,0.286098591732,187,216,255,0,809.077781455,0.0,0,0
-3.5,90.0,45.0,585.034874238,617.022842947,1008.79807871,0.264619191955,0.279087783153,180,211,255,0,617.022842947,0.0,0,0
-3.5,90.0,60.0,483.160134351,507.596162204,850.509413464,0.262406523796,0.275677844562,177,208,255,0,507.596162204,0.0,0,0
-3.5,90.0,90.0,421.660666753,442.016301745,749.603995628,0.261368401493,0.273985940189,176,207,255,0,442.016301745,0.0,0,0
-3.5,180.0,0.0,787.416905888,797.434333032,819.257753373,0.327529620501,0.331696414592,255,236,233,0,797.434333032,0.0,1,0
-3.5,180.0,0.5,862.007423494,866.580489681,862.876320494,0.332633347701,0.334398012684,255,231,226,0,866.580489681,0.0,1,0
-3.5,180.0,1.0,958.208733498,955.18001807,903.853634751,0.340122929483,0.339047865639,255,226,216,0,955.18001807,0.0,1,0
-3.5,180.0,2.0,1193.75272019,1189.23068383,1007.68602372,0.352069921775,0.350736251107,255,221,200,0,1189.23068383,0.0,1,0
-3.5,180.0,3.0,1415.26717202,1436.12839481,1153.746692,0.353362522616,0.35857113231,255,226,197,0,1436.12839481,0.0,1,0
-3.5,180.0,5.0,1685.29022917,1776.98030784,1509.86184084,0.338947176201,0.357387972162,255,242,214,0,1776.98030784,0.0,0,0
-3.5,180.0,8.0,1766.07129439,1911.25384445,1922.69638626,0.315368661794,0.341294017511,248,255,242,0,1911.25384445,0.0,0,0
-3.5,180.0,12.0,1655.16317955,1803.64281751,2157.32218213,0.294716061803,0.321154140354,225,247,255,0,1803.64281751,0.0,0,0
-3.5,180.0,20.0,1315.15189447,1426.73030717,2019.87208562,0.276190625373,0.29962283249,196,228,255,0,1426.73030717,0.0,0,0
-3.5,180.0,30.0,985.990250656,1060.82994105,1660.47014906,0.265959814319,0.286146981634,181,217,255,0,1060.82994105,0.0,0,0
-3.5,180.0,45.0,674.71384269,719.12582618,1208.06204724,0.259315653052,0.276384700362,172,209,255,0,719.12582618,0.0,0,0
-3.5,180.0,60.0,504.126229791,533.590340765,926.30242406,0.256680933929,0.271682882003,168,205,255,0,533.590340765,0.0,0,0
-3.5,180.0,90.0,421.660666882,442.01630189,749.603995749,0.261368401509,0.273985940212,176,207,255,0,442.01630189,0.0,0,0
-3.0,0.0,0.0,6342.95405664,5684.15541178,1844.75444989,0.457253192072,0.409761474395,255,174,91,0,5684.15541178,0.0,1,0
-3.0,0.0,0.5,7154.8883368,6402.80116967,1995.60620956,0.460023937526,0.41166845192,255,173,88,0,6402.80116967,0.0,1,0
-3.0,0.0,1.0,7986.48932932,7197.93125666,2210.42304296,0.459129699564,0.413796836017,255,175,87,0,7197.93125666,0.0,1,0
-3.0,0.0,2.0,9184.45630922,8515.21858001,2740.55215956,0.449332401607,0.416591193419,255,182,93,0,8515.21858001,0.0,1,0
-3.0,0.0,3.0,9628.50331456,9190.47949593,3265.85080065,0.435978078173,0.416144384773,255,191,103,0,9190.47949593,0.0,1,0
-3.0,0.0,5.0,9287.99161471,9228.57582565,4033.08886259,0.411890606665,0.409255719984,255,205,126,0,9228.57582565,0.0,0,0
-3.0,0.0,8.0,7957.53614414,8137.27129676,4436.61681968,0.387578379519,0.396332528785,255,218,152,0,8137.27129676,0.0,0,0
-3.0,0.0,12.0,6266.77870838,6501.84601152,4228.81168417,0.368689639979,0.382519213895,255,227,174,0,6501.84601152,0.0,0,0
-3.0,0.0,20.0,3902.3464298,4072.9081643,3246.45188105,0.347749822047,0.362949090971,255,236,202,0,4072.9081643,0.0,0,0
-3.0,0.0,30.0,2267.47330126,2362.982167,2248.9547088,0.329602864621,0.343486157415,255,243,228,0,2362.982167,0.0,0,0
-3.0,0.0,45.0,1134.91205518,1180.76249023,1405.34179554,0.305000556619,0.317322575887,242,243,255,0,1180.76249023,0.0,0,0
-3.0,0.0,60.0,664.257041636,692.003429118,978.172150789,0.284547532238,0.296433241522,210,224,255,0,692.003429118,0.0,0,0
-3.0,0.0,90.0,385.66966473,404.112423471,685.651754235,0.261394075178,0.273893963828,176,207,255,0,404.112423471,0.0,0,0
-3.0,90.0,0.0,683.067319499,673.524836937,676.492816308,0.335975784906,0.331282187398,255,224,222,0,673.524836937,0.0,1,0
-3.0,90.0,0.5,747.447778464,731.899600433,709.490147867,0.341481617217,0.334378221994,255,220,215,0,731.899600433,0.0,1,0
-3.0,90.0,1.0,825.025232618,803.788059298,748.135235015,0.347094277924,0.338159640477,255,217,208,0,803.788059298,0.0,1,0
-3.0,90.0,2.0,983.16389334,963.418644124,827.452541489,0.354416532364,0.347298652218,255,216,198,0,963.418644124,0.0,1,0
-3.0,90.0,3.0,1110.563447,1110.17174424,927.73525341,0.352731101188,0.352606690695,255,222,199,0,1110.17174424,0.0,1,0
-3.0,90.0,5.0,1234.67021814,1280.00435216,1144.05966019,0.337458295781,0.349848956367,255,238,217,0,1280.00435216,0.0,0,0
-3.0,90.0,8.0,1229.84742106,1306.62337425,1363.54876179,0.315343911242,0.335029954368,253,255,249,0,1306.62337425,0.0,0,0
-3.0,90.0,12.0,1117.61674028,1196.30242907,1445.85804561,0.297256107578,0.318184392499,230,244,255,0,1196.30242907,0.0,0,0
-3.0,90.0,20.0,892.013855686,951.752689686,1350.64384896,0.279242096529,0.297943148249,202,226,255,0,951.752689686,0.0,0,0
-3.0,90.0,30.0,697.449492895,739.425967575,1147.38510268,0.269883580178,0.286126708011,188,216,255,0,739.425967575,0.0,0,0
-3.0,90.0,45.0,534.692478013,563.626253394,921.365103721,0.264740683028,0.279066576457,180,211,255,0,563.626253394,0.0,0,0
-3.0,90.0,60.0,443.209519304,465.458268345,780.976384601,0.262309382403,0.275477095112,177,208,255,0,465.458268345,0.0,0,0
-3.0,90.0,90.0,385.669664732,404.112423473,685.651754237,0.261394075178,0.273893963828,176,207,255,0,404.112423473,0.0,0,0
-3.0,180.0,0.0,686.691936457,694.854550989,736.125194524,0.324267421765,0.32812194492,255,237,238,0,694.854550989,0.0,1,0
-3.0,180.0,0.5,751.9956129,754.629844829,775.012676693,0.329585836402,0.330740371772,255,232,230,0,754.629844829,0.0,1,0
-3.0,180.0,1.0,837.521952215,832.012646418,810.253256369,0.337739355617,0.335517671296,255,226,219,0,832.012646418,0.0,1,0
-3.0,180.0,2.0,1051.512408,1041.14533902,898.662172879,0.35152121343,0.348055496202,255,220,201,0,1041.14533902,0.0,1,0
-3.0,180.0,3.0,1256.70745585,1266.90155574,1024.44697962,0.354196060875,0.357069211669,255,224,196,0,1266.90155574,0.0,1,0
-3.0,180.0,5.0,1513.8679739,1588.37035902,1340.38037188,0.340760275525,0.357530201119,255,240,212,0,1588.37035902,0.0,0,0
-3.0,180.0,8.0,1601.62113535,1728.38710948,1720.22722545,0.317137912633,0.342238915325,249,255,241,0,1728.38710948,0.0,0,0
-3.0,180.0,12.0,1511.00819641,1644.19599875,1945.33566158,0.296244758173,0.322357249414,228,248,255,0,1644.19599875,0.0,0,0
-3.0,180.0,20.0,1207.25434608,1309.02063061,1837.02333141,0.27731946231,0.300696285428,198,229,255,0,1309.02063061,0.0,0,0
-3.0,180.0,30.0,908.812800415,977.701300535,1519.08936037,0.266858079849,0.287086066138,182,218,255,0,977.701300535,0.0,0,0
-3.0,180.0,45.0,622.965701257,664.015869033,1108.6790762,0.260039209715,0.277174427859,173,210,255,0,664.015869033,0.0,0,0
-3.0,180.0,60.0,465.609463226,492.863009823,851.761371831,0.257209566898,0.272264829882,169,206,255,0,492.863009823,0.0,0,0
-3.0,180.0,90.0,385.669664734,404.112423476,685.651754238,0.261394075179,0.273893963829,176,207,255,0,404.112423476,0.0,0,0
-2.5,0.0,0.0,4986.1354167,4371.24516562,1397.08926461,0.463633771601,0.406458451959,255,168,88,0,4371.24516562,0.0,1,0
-2.5,0.0,0.5,5700.48354981,4984.92037053,1509.80859869,0.467436179642,0.408760434699,255,167,84,0,4984.92037053,0.0,1,0
-2.5,0.0,1.0,6454.45663378,5685.29139549,1674.98228811,0.467215536278,0.411538355428,255,169,83,0,5685.29139549,0.0,1,0
-2.5,0.0,2.0,7577.99915871,6882.5434944,2093.55949166,0.457771680544,0.415760603276,255,177,87,0,6882.5434944,0.0,1,0
-2.5,0.0,3.0,8042.67330302,7540.95320746,2534.80454218,0.443894577828,0.416203433153,255,186,97,0,7540.95320746,0.0,1,0
-2.5,0.0,5.0,7848.90476198,7688.92523567,3205.83666833,0.41874969833,0.410214573951,255,200,120,0,7688.92523567,0.0,0,0
-2.5,0.0,8.0,6768.41902305,6843.0183254,3606.5202722,0.393102316324,0.397434961577,255,213,147,0,6843.0183254,0.0,0,0
-2.5,0.0,12.0,5347.93570012,5495.34829198,3495.99464847,0.372957094577,0.383237429841,255,223,170,0,5495.34829198,0.0,0,0
-2.5,0.0,20.0,3345.94307412,3464.94813586,2745.73606333,0.350117565374,0.362570186821,255,233,199,0,3464.94813586,0.0,0,0
-2.5,0.0,30.0,1959.95892728,2030.23132357,1945.22809121,0.330214117073,0.342053618897,255,241,228,0,2030.23132357,0.0,0,0
-2.5,0.0,45.0,997.17616165,1033.8660148,1244.80779838,0.304402267903,0.315602369688,241,241,255,0,1033.8660148,0.0,0,0
-2.5,0.0,60.0,591.245051117,614.886458462,876.413516771,0.283905050616,0.29525722166,209,223,255,0,614.886458462,0.0,0,0
-2.5,0.0,90.0,350.046257743,366.757639518,621.751343113,0.261510505644,0.273995146749,176,207,255,0,366.757639518,0.0,0,0
-2.5,90.0,0.0,590.166210719,582.739842425,607.729363377,0.331435736503,0.327265108297,255,227,228,0,582.739842425,0.0,1,0
-2.5,90.0,0.5,646.490628469,633.132178763,636.700849665,0.337359832793,0.330388959341,255,222,221,0,633.132178763,0.0,1,0
-2.5,90.0,1.0,715.912387374,696.361271427,670.409004054,0.343745305102,0.334357837536,255,218,213,0,696.361271427,0.0,1,0
-2.5,90.0,2.0,860.992618496,840.290356882,738.923120654,0.35283602475,0.344352207893,255,216,201,0,840.290356882,0.0,1,0
-2.5,90.0,3.0,980.567925058,975.820125526,826.556393077,0.352349083824,0.350643049217,255,221,200,0,975.820125526,0.0,1,0
-2.5,90.0,5.0,1101.33604487,1137.73406892,1019.50775767,0.337980581811,0.349150492577,255,237,217,0,1137.73406892,0.0,0,0
-2.5,90.0,8.0,1104.95227777,1171.33842036,1220.16799319,0.316020401017,0.335007081099,254,255,249,0,1171.33842036,0.0,0,0
-2.5,90.0,12.0,1008.38319938,1077.94920205,1299.42403029,0.297830992782,0.318377657634,231,244,255,0,1077.94920205,0.0,0,0
-2.5,90.0,20.0,808.035882408,861.616912075,1219.82764275,0.279647466027,0.298190948439,202,226,255,0,861.616912075,0.0,0,0
-2.5,90.0,30.0,633.122592906,671.029399627,1039.08559563,0.270191377991,0.286368485644,188,217,255,0,671.029399627,0.0,0,0
-2.5,90.0,45.0,484.719076696,510.849110243,833.836621535,0.264959988326,0.279243340717,181,211,255,0,510.849110243,0.0,0,0
-2.5,90.0,60.0,402.284355896,422.435642394,707.857585821,0.262488737971,0.275637362032,177,208,255,0,422.435642394,0.0,0,0
-2.5,90.0,90.0,350.046257743,366.757639518,621.751343113,0.261510505644,0.273995146749,176,207,255,0,366.757639518,0.0,0,0
-2.5,180.0,0.0,593.497986309,601.114335771,655.818122076,0.320735096087,0.324851084065,255,239,243,0,601.114335771,0.0,1,0
-2.5,180.0,0.5,649.993598378,652.238572925,690.97164714,0.326104933356,0.327231247949,255,234,235,0,652.238572925,0.0,1,0
-2.5,180.0,1.0,724.880496734,718.693416593,721.188920325,0.334854463254,0.331996376425,255,226,223,0,718.693416593,0.0,1,0
-2.5,180.0,2.0,916.678232373,902.592916341,795.406754526,0.350589352225,0.345202334568,255,219,203,0,902.592916341,0.0,1,0
-2.5,180.0,3.0,1104.3531829,1105.92385882,901.638140198,0.354878946996,0.355383676665,255,222,196,0,1105.92385882,0.0,1,0
-2.5,180.0,5.0,1345.65036802,1404.30836193,1176.58704603,0.342705890825,0.357644719316,255,238,209,0,1404.30836193,0.0,0,0
-2.5,180.0,8.0,1437.87215904,1546.80074662,1520.61012068,0.319152459598,0.343330427317,252,255,240,0,1546.80074662,0.0,0,0
-2.5,180.0,12.0,1357.75885573,1475.45972627,1708.64817101,0.298942908184,0.324857554505,232,251,255,0,1475.45972627,0.0,0,0
-2.5,180.0,20.0,1098.25446861,1190.27951102,1652.62062312,0.278663127766,0.302012894949,200,230,255,0,1190.27951102,0.0,0,0
-2.5,180.0,30.0,830.462102174,893.451751168,1375.42570472,0.267948085912,0.288271657374,184,218,255,0,893.451751168,0.0,0,0
-2.5,180.0,45.0,570.413120476,608.172306427,1007.45763792,0.260934072917,0.278206919257,174,210,255,0,608.172306427,0.0,0,0
-2.5,180.0,60.0,426.61005851,451.745823134,775.854053677,0.257893541443,0.273088568439,170,206,255,0,451.745823134,0.0,0,0
-2.5,180.0,90.0,350.046257747,366.757639522,621.751343105,0.261510505647,0.273995146752,176,207,255,0,366.757639522,0.0,0,0
-2.0,0.0,0.0,3794.42114526,3252.39054418,1060.54315335,0.468022088442,0.401165436477,255,163,89,0,3252.39054418,0.0,1,0
-2.0,0.0,0.5,4406.5543035,3760.68907025,1141.22848506,0.47339180591,0.404007137508,255,161,83,0,3760.68907025,0.0,1,0
-2.0,0.0,1.0,5083.02398295,4370.1821745,1273.51592261,0.473865542988,0.407410776739,255,163,80,0,4370.1821745,0.0,1,0
-2.0,0.0,2.0,6113.65824816,5431.26850673,1592.59583853,0.46535853352,0.413416492197,255,171,83,0,5431.26850673,0.0,1,0
-2.0,0.0,3.0,6579.03453071,6050.42996936,1944.41136212,0.451426552066,0.415155860155,255,180,92,0,6050.42996936,0.0,1,0
-2.0,0.0,5.0,6510.6702487,6280.96486543,2517.83906116,0.425270664045,0.410266531268,255,195,115,0,6280.96486543,0.0,0,0
-2.0,0.0,8.0,5659.19511517,5651.75218575,2898.97537612,0.398256573508,0.397732789559,255,209,142,0,5651.75218575,0.0,0,0
-2.0,0.0,12.0,4491.28293769,4567.63109016,2860.8351034,0.376793411357,0.383198592509,255,219,166,0,4567.63109016,0.0,0,0
-2.0,0.0,20.0,2827.75759689,2904.46543072,2301.49765423,0.351986048418,0.361534281032,255,230,198,0,2904.46543072,0.0,0,0
-2.0,0.0,30.0,1671.59571187,1721.1560102,1666.6611342,0.330393221378,0.340188883394,255,239,228,0,1721.1560102,0.0,0,0
-2.0,0.0,45.0,866.585323998,895.737127979,1091.22390166,0.303687137548,0.313903128588,240,240,255,0,895.737127979,0.0,0,0
-2.0,0.0,60.0,520.684758856,540.860820509,775.840976654,0.283383350744,0.294364198289,209,222,255,0,540.860820509,0.0,0,0
-2.0,0.0,90.0,314.356303697,329.516309535,556.22646978,0.261941958083,0.274574253242,176,207,255,0,329.516309535,0.0,0,0
-2.0,90.0,0.0,505.355718738,500.767929894,538.627814024,0.327143706256,0.324173785881,255,230,234,0,500.767929894,0.0,1,0
-2.0,90.0,0.5,553.832210584,543.580034866,563.679652865,0.333414551685,0.32724260194,255,224,226,0,543.580034866,0.0,1,0
-2.0,90.0,1.0,615.034818324,598.341421799,592.750318009,0.340526977777,0.331284327283,255,219,217,0,598.341421799,0.0,1,0
-2.0,90.0,2.0,746.251635456,726.112198669,651.082883616,0.351434123221,0.341949808584,255,215,203,0,726.112198669,0.0,1,0
-2.0,90.0,3.0,856.908328142,849.382260558,726.378618404,0.352250246618,0.349156497759,255,220,200,0,849.382260558,0.0,1,0
-2.0,90.0,5.0,972.407510328,1001.1886637,895.623202192,0.338910129489,0.348941134303,255,236,216,0,1001.1886637,0.0,0,0
-2.0,90.0,8.0,982.654307094,1039.58348098,1076.20398878,0.317144673957,0.335518159079,255,254,247,0,1039.58348098,0.0,0,0
-2.0,90.0,12.0,900.558033535,961.67269404,1151.22926039,0.298845193609,0.319125755073,232,245,255,0,961.67269404,0.0,0,0
-2.0,90.0,20.0,724.379505941,772.252873077,1086.17525263,0.280462043346,0.29899744124,203,227,255,0,772.252873077,0.0,0,0
-2.0,90.0,30.0,568.660534772,602.825106088,927.824101124,0.270879767478,0.287153960196,189,217,255,0,602.825106088,0.0,0,0
-2.0,90.0,45.0,434.719022944,458.305661973,744.227475138,0.265517452687,0.279923687477,181,211,255,0,458.305661973,0.0,0,0
-2.0,90.0,60.0,361.325397156,379.59148191,632.940196267,0.263000717938,0.276296194652,178,209,255,0,379.59148191,0.0,0,0
-2.0,90.0,90.0,314.356303654,329.516309486,556.226469756,0.261941958072,0.274574253228,176,207,255,0,329.516309486,0.0,0,0
-2.0,180.0,0.0,506.220074667,513.968271274,574.314249387,0.317478363566,0.322337682472,255,241,248,0,513.968271274,0.0,1,0
-2.0,180.0,0.5,554.194088931,556.951339446,605.822063246,0.322774945731,0.324380829668,255,236,240,0,556.951339446,0.0,1,0
-2.0,180.0,1.0,618.509567898,612.793726669,631.198625973,0.332085331605,0.329016426727,255,227,227,0,612.793726669,0.0,1,0
-2.0,180.0,2.0,787.999418293,771.829198573,692.281706456,0.349893790785,0.342713760769,255,218,204,0,771.829198573,0.0,1,0
-2.0,180.0,3.0,957.618320598,952.352060319,780.278385787,0.355959022247,0.354001485701,255,220,195,0,952.352060319,0.0,1,0
-2.0,180.0,5.0,1180.74684544,1224.82508766,1014.68421271,0.345221759747,0.358109169443,255,235,206,0,1224.82508766,0.0,0,0
-2.0,180.0,8.0,1274.26007897,1365.8003058,1320.54794537,0.321733423948,0.344846092305,254,255,239,0,1365.8003058,0.0,0,0
-2.0,180.0,12.0,1212.32147514,1314.90005741,1498.4276905,0.301149307347,0.326630559335,236,253,255,0,1314.90005741,0.0,0,0
-2.0,180.0,20.0,987.362998291,1069.58553209,1463.88914126,0.280434115507,0.303787232427,203,231,255,0,1069.58553209,0.0,0,0
-2.0,180.0,30.0,750.248343939,807.306614465,1227.07483523,0.269424806721,0.289915239832,186,220,255,0,807.306614465,0.0,0,0
-2.0,180.0,45.0,516.519152115,551.01800366,902.490202931,0.262188821811,0.279700685996,176,212,255,0,551.01800366,0.0,0,0
-2.0,180.0,60.0,386.827348479,409.933586544,697.230537417,0.258922059205,0.274388170284,171,207,255,0,409.933586544,0.0,0,0
-2.0,180.0,90.0,314.356303628,329.516309458,556.226469726,0.261941958068,0.274574253224,176,207,255,0,329.516309458,0.0,0,0
-1.5,0.0,0.0,2790.29513794,2341.61092565,810.955464372,0.469520470031,0.394020778481,255,158,92,0,2341.61092565,0.0,1,0
-1.5,0.0,0.5,3305.80209832,2755.56295666,874.596789048,0.476617688023,0.397286348834,255,156,85,0,2755.56295666,0.0,1,0
-1.5,0.0,1.0,3879.91557438,3252.61367644,958.524668646,0.47953154348,0.402001236033,255,157,80,0,3252.61367644,0.0,1,0
-1.5,0.0,2.0,4812.07083671,4177.43601357,1201.79209961,0.472174436288,0.409902215028,255,165,80,0,4177.43601357,0.0,1,0
-1.5,0.0,3.0,5267.08205134,4746.9509719,1477.94392746,0.458326889614,0.413066523912,255,175,88,0,4746.9509719,0.0,1,0
-1.5,0.0,5.0,5298.58071528,5030.39659995,1955.64834348,0.431318044398,0.409487170362,255,191,111,0,5030.39659995,0.0,0,0
-1.5,0.0,8.0,4650.1406686,4584.98697917,2305.09232262,0.402950782614,0.397304989934,255,205,138,0,4584.98697917,0.0,0,0
-1.5,0.0,12.0,3711.4610346,3734.42277801,2317.25378943,0.380150437891,0.382502319462,255,215,164,0,3734.42277801,0.0,0,0
-1.5,0.0,20.0,2355.34282087,2399.38316255,1910.05985448,0.353401126181,0.360009041687,255,227,196,0,2399.38316255,0.0,0,0
-1.5,0.0,30.0,1406.44753044,1439.78549254,1411.44510697,0.330332046602,0.338162127007,255,238,228,0,1439.78549254,0.0,0,0
-1.5,0.0,45.0,744.122410571,767.123037027,943.855117561,0.303092435858,0.312460942706,239,238,255,0,767.123037027,0.0,0,0
-1.5,0.0,60.0,453.010125372,470.168294477,676.485830778,0.283190754056,0.293916860549,208,222,255,0,470.168294477,0.0,0,0
-1.5,0.0,90.0,278.714855503,292.352946525,489.290973819,0.262849576815,0.275711347125,178,208,255,0,292.352946525,0.0,0,0
-1.5,90.0,0.0,426.800562792,424.777440829,466.394023688,0.323831275587,0.322296249106,255,232,239,0,424.777440829,0.0,1,0
-1.5,90.0,0.5,466.238409297,458.889965583,485.608038918,0.330492928896,0.325283987211,255,226,230,0,458.889965583,0.0,1,0
-1.5,90.0,1.0,520.669446977,506.970067956,512.336425545,0.338102325687,0.329206486043,255,220,220,0,506.970067956,0.0,1,0
-1.5,90.0,2.0,637.298064941,618.2493631,560.879868799,0.350852503731,0.340365597993,255,215,204,0,618.2493631,0.0,1,0
-1.5,90.0,3.0,738.079153735,728.43632201,624.15735637,0.353034268393,0.348421958147,255,219,200,0,728.43632201,0.0,1,0
-1.5,90.0,5.0,846.667126345,868.361067407,769.766969486,0.340739204129,0.349469879954,255,234,213,0,868.361067407,0.0,0,0
-1.5,90.0,8.0,862.059424057,909.789173587,929.738065814,0.319093751726,0.336761054492,255,252,244,0,909.789173587,0.0,0,0
-1.5,90.0,12.0,793.505320562,846.259477421,1000.0030044,0.300596635752,0.320581028626,235,247,255,0,846.259477421,0.0,0,0
-1.5,90.0,20.0,640.714303591,682.882150073,949.101129007,0.281917976451,0.300472071286,206,228,255,0,682.882150073,0.0,0,0
-1.5,90.0,30.0,503.936388499,534.348345266,813.409812615,0.272148767454,0.288572619232,191,218,255,0,534.348345266,0.0,0,0
-1.5,90.0,45.0,384.737039129,405.80069134,652.594632247,0.26659858033,0.281194367075,183,212,255,0,405.80069134,0.0,0,0
-1.5,90.0,60.0,320.408422926,336.815184384,556.384685552,0.264013046723,0.277532039262,179,210,255,0,336.815184384,0.0,0,0
-1.5,90.0,90.0,278.714855502,292.352946524,489.290973814,0.262849576815,0.275711347126,178,208,255,0,292.352946524,0.0,0,0
-1.5,180.0,0.0,422.373037968,429.897853662,488.209786688,0.315090731855,0.3207042523,255,243,252,0,429.897853662,0.0,1,0
-1.5,180.0,0.5,463.288109845,466.475671857,517.542210622,0.320103773702,0.32230618427,255,237,244,0,466.475671857,0.0,1,0
-1.5,180.0,1.0,517.477129171,512.381699533,538.347591061,0.329980238984,0.326731030479,255,228,230,0,512.381699533,0.0,1,0
-1.5,180.0,2.0,665.595069675,648.085461479,587.613686283,0.350074735184,0.340865425001,255,216,204,0,648.085461479,0.0,1,0
-1.5,180.0,3.0,817.616628208,806.769433017,659.552968636,0.357985312882,0.353235976298,255,217,193,0,806.769433017,0.0,1,0
-1.5,180.0,5.0,1022.31255992,1053.07654214,857.11791757,0.3486138492,0.359104525612,255,232,202,0,1053.07654214,0.0,0,0
-1.5,180.0,8.0,1113.76776955,1188.34200422,1123.66865344,0.325113778727,0.346882330386,255,253,234,0,1188.34200422,0.0,0,0
-1.5,180.0,12.0,1067.1297946,1154.42011169,1288.32914935,0.304036058702,0.328905951855,241,255,255,0,1154.42011169,0.0,0,0
-1.5,180.0,20.0,875.46879865,947.534008633,1273.02879367,0.282771273517,0.306047912541,207,233,255,0,947.534008633,0.0,0,0
-1.5,180.0,30.0,668.689376348,719.513421619,1075.51059588,0.271415245791,0.292044287057,189,221,255,0,719.513421619,0.0,0,0
-1.5,180.0,45.0,461.583362121,492.646053654,794.687309004,0.263925294773,0.2816863986,178,213,255,0,492.646053654,0.0,0,0
-1.5,180.0,60.0,346.297359055,367.278340325,616.086240464,0.260440153003,0.276219337652,173,209,255,0,367.278340325,0.0,0,0
-1.5,180.0,90.0,278.714855501,292.352946523,489.290973812,0.262849576815,0.275711347126,178,208,255,0,292.352946523,0.0,0,0
-1.0,0.0,0.0,1992.66179468,1643.66256591,629.284581313,0.467145915582,0.385328938563,255,155,98,0,1643.66256591,0.0,1,0
-1.0,0.0,0.5,2398.00850872,1953.83144349,662.857018009,0.478196094991,0.389621038936,255,151,88,0,1953.83144349,0.0,1,0
-1.0,0.0,1.0,2885.67208855,2360.87952506,727.869164225,0.483004494637,0.395164587975,255,151,82,0,2360.87952506,0.0,1,0
-1.0,0.0,2.0,3703.2201916,3140.29573654,901.445453159,0.478145727174,0.405463059393,255,159,78,0,3140.29573654,0.0,1,0
-1.0,0.0,3.0,4135.48544637,3651.00812441,1114.14723283,0.464627832716,0.410196097671,255,169,85,0,3651.00812441,0.0,1,0
-1.0,0.0,5.0,4241.65197891,3961.69458701,1504.90328997,0.436912115147,0.40807505429,255,186,107,0,3961.69458701,0.0,0,0
-1.0,0.0,8.0,3766.47351055,3665.77824525,1817.3441796,0.407204113223,0.396317663047,255,201,135,0,3665.77824525,0.0,0,0
-1.0,0.0,12.0,3027.48283527,3013.51513331,1861.87162967,0.383086522894,0.381319101352,255,212,161,0,3013.51513331,0.0,0,0
-1.0,0.0,20.0,1939.12933142,1959.24457826,1571.47365258,0.354512499543,0.35818997805,255,224,196,0,1959.24457826,0.0,0,0
-1.0,0.0,30.0,1171.00261334,1191.96399293,1182.75241572,0.330258152458,0.336169895453,255,236,229,0,1191.96399293,0.0,0,0
-1.0,0.0,45.0,631.702000358,649.431918636,805.08123905,0.30279810686,0.311296711718,238,237,255,0,649.431918636,0.0,0,0
-1.0,0.0,60.0,389.329587907,403.62365244,580.770941904,0.283411759753,0.293817097824,209,222,255,0,403.62365244,0.0,0,0
-1.0,0.0,90.0,243.808788956,255.781117361,423.163684289,0.264218737741,0.277193304871,180,209,255,0,255.781117361,0.0,0,0
-1.0,90.0,0.0,352.499428344,351.793579997,392.126517631,0.321500502312,0.320856726521,255,234,243,0,351.793579997,0.0,1,0
-1.0,90.0,0.5,384.911446882,379.426214043,407.994031216,0.328329814388,0.323650905786,255,228,233,0,379.426214043,0.0,1,0
-1.0,90.0,1.0,430.939046673,419.268900514,430.01508101,0.336612478593,0.327496765235,255,221,222,0,419.268900514,0.0,1,0
-1.0,90.0,2.0,532.761115465,514.259157651,469.396284214,0.351329001843,0.339127896728,255,213,203,0,514.259157651,0.0,1,0
-1.0,90.0,3.0,623.214656519,611.145026662,521.421853846,0.354949999972,0.348075779232,255,216,198,0,611.145026662,0.0,1,0
-1.0,90.0,5.0,724.016449672,738.36537023,644.559776951,0.343633848586,0.350444156275,255,231,210,0,738.36537023,0.0,0,0
-1.0,90.0,8.0,743.665213775,781.802761899,784.529537789,0.321933339513,0.338443118377,255,250,240,0,781.802761899,0.0,0,0
-1.0,90.0,12.0,688.001638813,731.919069053,850.023452027,0.303091878192,0.322439239689,239,248,255,0,731.919069053,0.0,0,0
-1.0,90.0,20.0,557.974349847,593.9772084,812.848914302,0.283985248193,0.302309174239,209,230,255,0,593.9772084,0.0,0,0
-1.0,90.0,30.0,439.878786954,466.168326473,699.573037765,0.273961924698,0.29033537361,194,220,255,0,466.168326473,0.0,0,0
-1.0,90.0,45.0,335.516740996,353.804598682,561.811276194,0.268170405551,0.282787447304,185,214,255,0,353.804598682,0.0,0,0
-1.0,90.0,60.0,280.291397516,294.656760342,480.750363449,0.265503258609,0.279110706698,182,211,255,0,294.656760342,0.0,0,0
-1.0,90.0,90.0,243.808788967,255.781117374,423.163684307,0.264218737741,0.277193304871,180,209,255,0,255.781117374,0.0,0,0
-1.0,180.0,0.0,340.475196969,346.772061522,398.585365275,0.313561399351,0.319360510941,255,244,254,0,346.772061522,0.0,1,0
-1.0,180.0,0.5,376.83976662,379.628218464,428.100788222,0.318124008595,0.320477989137,255,239,247,0,379.628218464,0.0,1,0
-1.0,180.0,1.0,422.096976635,417.009864749,445.187667628,0.328660578764,0.324699562151,255,228,232,0,417.009864749,0.0,1,0
-1.0,180.0,2.0,550.925339298,532.066385027,484.236663371,0.351528433012,0.339495117115,255,213,203,0,532.066385027,0.0,1,0
-1.0,180.0,3.0,687.336619211,671.666470239,542.755217822,0.36142164679,0.353181825299,255,213,190,0,671.666470239,0.0,1,0
-1.0,180.0,5.0,875.76098101,894.967505796,710.76663394,0.352916664509,0.360656564792,255,228,197,0,894.967505796,0.0,0,0
-1.0,180.0,8.0,965.153545809,1024.13114534,943.513746008,0.329089627702,0.34919929456,255,249,228,0,1024.13114534,0.0,0,0
-1.0,180.0,12.0,929.153613231,1001.5587629,1090.86233867,0.307506416665,0.331469136935,244,255,252,0,1001.5587629,0.0,0,0
-1.0,180.0,20.0,766.207309743,827.83478462,1088.52952466,0.285624176558,0.308597458777,211,236,255,0,827.83478462,0.0,0,0
-1.0,180.0,30.0,588.0832259,632.286355187,926.80706962,0.273886745977,0.294473375061,193,223,255,0,632.286355187,0.0,0,0
-1.0,180.0,45.0,407.224022795,434.56446984,688.47022612,0.266114492801,0.283981044848,182,215,255,0,434.56446984,0.0,0,0
-1.0,180.0,60.0,305.773840729,324.363120631,535.065246953,0.262421267783,0.278374962145,176,210,255,0,324.363120631,0.0,0,0
-1.0,180.0,90.0,243.808788999,255.781117408,423.163684351,0.264218737744,0.277193304876,180,209,255,0,255.781117408,0.0,0,0
-0.5,0.0,0.0,1386.32002981,1126.88405704,482.280603304,0.462803243284,0.376194230183,255,152,105,0,1126.88405704,0.0,1,0
-0.5,0.0,0.5,1705.21523919,1361.48964902,507.69068229,0.477063941458,0.380900664787,255,147,94,0,1361.48964902,0.0,1,0
-0.5,0.0,1.0,2105.01492796,1681.67495359,550.322021805,0.485360652649,0.387749674445,255,146,85,0,1681.67495359,0.0,1,0
-0.5,0.0,2.0,2811.71791616,2329.0534365,674.647698756,0.483493604038,0.400496235251,255,154,78,0,2329.0534365,0.0,1,0
-0.5,0.0,3.0,3215.61164884,2781.03272641,837.585905325,0.470515554324,0.406926985518,255,164,83,0,2781.03272641,0.0,1,0
-0.5,0.0,5.0,3375.95331279,3102.60931869,1156.3304484,0.442174275064,0.406372333736,255,181,104,0,3102.60931869,0.0,0,0
-0.5,0.0,8.0,3040.24816744,2921.56909286,1432.27197315,0.411172772123,0.395122238942,255,197,133,0,2921.56909286,0.0,0,0
-0.5,0.0,12.0,2463.96818843,2426.9984111,1495.46133022,0.385813198792,0.380024395139,255,209,159,0,2426.9984111,0.0,0,0
-0.5,0.0,20.0,1593.70859008,1597.60812517,1290.35265834,0.355606015801,0.356476123515,255,222,195,0,1597.60812517,0.0,0,0
-0.5,0.0,30.0,972.337342483,984.35604327,986.184673256,0.330403544757,0.334487540269,255,234,229,0,984.35604327,0.0,0,0
-0.5,0.0,45.0,520.710664157,533.48870076,666.787062242,0.302565235809,0.309990068685,238,236,255,0,533.48870076,0.0,0,0
-0.5,0.0,60.0,332.155399011,343.903388233,493.301094559,0.284048909305,0.294095422277,210,222,255,0,343.903388233,0.0,0,0
-0.5,0.0,90.0,211.356050473,221.705502559,361.614113059,0.265965172323,0.278988664205,182,211,255,0,221.705502559,0.0,0,0
-0.5,90.0,0.0,281.336411303,280.999279702,319.327059221,0.319097536139,0.318715154553,255,236,246,0,280.999279702,0.0,1,0
-0.5,90.0,0.5,307.253305276,302.719299763,332.036435637,0.326168106683,0.321354983542,255,228,236,0,302.719299763,0.0,1,0
-0.5,90.0,1.0,345.346842578,334.940519751,349.66359566,0.335304161717,0.325200454597,255,220,224,0,334.940519751,0.0,1,0
-0.5,90.0,2.0,433.273466727,415.01222722,380.981062159,0.352464967083,0.337609575106,255,211,202,0,415.01222722,0.0,1,0
-0.5,90.0,3.0,514.060827055,499.667938834,423.248376757,0.357737650655,0.347721563555,255,213,195,0,499.667938834,0.0,1,0
-0.5,90.0,5.0,607.673189606,615.16237495,526.732967564,0.347327457284,0.351608047159,255,227,205,0,615.16237495,0.0,0,0
-0.5,90.0,8.0,631.487784117,660.530445945,648.94140275,0.325348231587,0.340311274268,255,246,235,0,660.530445945,0.0,0,0
-0.5,90.0,12.0,588.098362302,623.519392394,710.244301692,0.306004460803,0.324435039612,244,250,255,0,623.519392394,0.0,0,0
-0.5,90.0,20.0,479.670533163,509.64249037,685.562798425,0.286391699536,0.304286732,213,231,255,0,509.64249037,0.0,0,0
-0.5,90.0,30.0,379.373480281,401.591285303,593.045422124,0.276106744823,0.292276788699,197,221,255,0,401.591285303,0.0,0,0
-0.5,90.0,45.0,289.767655308,305.357424928,477.761096258,0.270082383068,0.284613066715,188,215,255,0,305.357424928,0.0,0,0
-0.5,90.0,60.0,242.84720709,255.208391012,410.294718359,0.267349724758,0.280958113172,184,212,255,0,255.208391012,0.0,0,0
-0.5,90.0,90.0,211.356050495,221.705502583,361.614113089,0.265965172326,0.278988664209,182,211,255,0,221.705502583,0.0,0,0
-0.5,180.0,0.0,269.855689733,274.975192267,323.136277184,0.310905414885,0.316803682441,251,242,255,0,274.975192267,0.0,1,0
-0.5,180.0,0.5,295.120303519,296.684111966,340.055770676,0.316700195911,0.318378353719,255,239,250,0,296.684111966,0.0,1,0
-0.5,180.0,1.0,334.708103578,329.112313529,357.367067233,0.327763617074,0.322283927854,255,227,234,0,329.112313529,0.0,1,0
-0.5,180.0,2.0,447.23177567,426.926300365,388.104332936,0.35430966849,0.338223096348,255,209,200,0,426.926300365,0.0,1,0
-0.5,180.0,3.0,570.748371352,550.707800248,435.159272364,0.366659841109,0.353785388924,255,208,185,0,550.707800248,0.0,1,0
-0.5,180.0,5.0,747.051028234,756.786679587,579.651433618,0.35855767778,0.363230440963,255,224,190,0,756.786679587,0.0,0,0
-0.5,180.0,8.0,837.670993809,884.241011239,791.821434633,0.33323779705,0.351764032447,255,245,222,0,884.241011239,0.0,0,0
-0.5,180.0,12.0,812.876639591,872.993959717,930.006899018,0.31074721202,0.333728915164,247,255,250,0,872.993959717,0.0,0,0
-0.5,180.0,20.0,671.115429596,723.437364082,931.714514889,0.288494545371,0.310986343408,216,238,255,0,723.437364082,0.0,0,0
-0.5,180.0,30.0,515.278062799,553.253004355,794.98834381,0.27650802013,0.296886096866,197,225,255,0,553.253004355,0.0,0,0
-0.5,180.0,45.0,361.450413476,385.664159828,599.144643774,0.26848500563,0.286470952203,185,217,255,0,385.664159828,0.0,0,0
-0.5,180.0,60.0,267.864967396,284.077703073,460.032663101,0.264695154625,0.280716034916,180,212,255,0,284.077703073,0.0,0,0
-0.5,180.0,90.0,211.356050497,221.705502587,361.614113091,0.265965172326,0.278988664211,182,211,255,0,221.705502587,0.0,0,0
0.0,0.0,0.0,972.340594178,781.16503713,373.997995761,0.457033577667,0.367174479606,255,150,113,0,781.16503713,0.0,1,0
0.0,0.0,0.5,1219.39457473,955.705953301,389.517257492,0.475468345269,0.372650442766,255,143,99,0,955.705953301,0.0,1,0
0.0,0.0,1.0,1548.92770968,1209.73548831,418.965488871,0.487447673194,0.3807038542,255,141,87,0,1209.73548831,0.0,1,0
0.0,0.0,2.0,2168.84676556,1757.0285402,510.997185417,0.48882332541,0.396006092962,255,149,77,0,1757.0285402,0.0,1,0
0.0,0.0,3.0,2547.20218566,2160.62863961,638.441637459,0.476444514083,0.404137397537,255,160,81,0,2160.62863961,0.0,1,0
0.0,0.0,5.0,2744.29306534,2484.47156729,902.718319927,0.447574116502,0.405199131518,255,177,101,0,2484.47156729,0.0,0,0
0.0,0.0,8.0,2511.31436041,2385.61110082,1148.45041068,0.415410788943,0.394617497963,255,193,130,0,2385.61110082,0.0,0,0
0.0,0.0,12.0,2054.10087649,2004.83631682,1222.7773098,0.388907972076,0.379580591801,255,206,157,0,2004.83631682,0.0,0,0
0.0,0.0,20.0,1341.97111301,1336.5777014,1078.1445238,0.357221362564,0.355785682,255,220,193,0,1336.5777014,0.0,0,0
0.0,0.0,30.0,825.726802835,832.378723483,835.556714781,0.331130170408,0.333797701134,255,233,228,0,832.378723483,0.0,0,0
0.0,0.0,45.0,448.242827507,458.353467299,572.046805184,0.303144705784,0.309982488203,239,236,255,0,458.353467299,0.0,0,0
0.0,0.0,60.0,288.137085555,298.062425527,425.376474089,0.284839784434,0.294651543628,211,223,255,0,298.062425527,0.0,0,0
0.0,0.0,90.0,186.475213181,195.571096027,314.974761421,0.267531673057,0.280581325684,185,212,255,0,195.571096027,0.0,0,0
0.0,90.0,0.0,217.689320905,217.506993918,255.461896643,0.315191099289,0.314927109108,255,238,252,0,217.506993918,0.0,1,0
0.0,90.0,0.5,238.321072072,234.462462086,265.512761039,0.322798683431,0.31757231292,255,229,241,0,234.462462086,0.0,1,0
0.0,90.0,1.0,270.038074284,260.633459578,279.501228586,0.333309248101,0.321701088532,255,220,227,0,260.633459578,0.0,1,0
0.0,90.0,2.0,347.423210471,329.520849494,304.55577897,0.353971744762,0.335731944543,255,208,201,0,329.520849494,0.0,1,0
0.0,90.0,3.0,421.332864137,405.411013071,339.617656844,0.361236933692,0.347586062499,255,209,191,0,405.411013071,0.0,1,0
0.0,90.0,5.0,510.839274772,513.347654034,429.192090852,0.351483864747,0.353209759526,255,224,200,0,513.347654034,0.0,0,0
0.0,90.0,8.0,539.604156246,561.878267122,539.589042207,0.328812100853,0.342385008154,255,243,230,0,561.878267122,0.0,0,0
0.0,90.0,12.0,507.123501139,536.139120275,599.323248143,0.308734849446,0.326399447488,248,252,255,0,536.139120275,0.0,0,0
0.0,90.0,20.0,416.841784341,442.168752248,585.698730689,0.288529875029,0.306060715649,216,233,255,0,442.168752248,0.0,0,0
0.0,90.0,30.0,331.244548392,350.278854596,510.045523585,0.277990253861,0.293964408424,200,223,255,0,350.278854596,0.0,0,0
0.0,90.0,45.0,254.020669413,267.518491631,413.172568362,0.271763648001,0.286204273697,191,216,255,0,267.518491631,0.0,0,0
0.0,90.0,60.0,213.712229545,224.506388414,356.305280424,0.268981499462,0.282567193851,187,213,255,0,224.506388414,0.0,0,0
0.0,90.0,90.0,186.475213181,195.571096027,314.974761421,0.267531673057,0.280581325684,185,212,255,0,195.571096027,0.0,0,0
0.0,180.0,0.0,207.162690342,210.855957109,254.057682813,0.308242800726,0.31373810922,247,239,255,0,210.855957109,0.0,1,0
0.0,180.0,0.5,225.112936255,226.778444443,268.575521686,0.312454236981,0.314765943713,254,240,255,0,226.778444443,0.0,1,0
0.0,180.0,1.0,250.750034972,246.560101778,276.502191103,0.324045024803,0.318630361527,255,229,239,0,246.560101778,0.0,1,0
0.0,180.0,2.0,355.950638106,334.465573876,303.237508589,0.358224027885,0.33660174259,255,204,197,0,334.465573876,0.0,1,0
0.0,180.0,3.0,467.809519598,443.392813887,339.230812154,0.374117977622,0.354591379342,255,202,177,0,443.392813887,0.0,1,0
0.0,180.0,5.0,634.526747681,634.926137987,458.622753943,0.367186906138,0.36741802467,255,218,180,0,634.926137987,0.0,0,0
0.0,180.0,8.0,729.7370279,766.138600985,652.868633245,0.339610925675,0.356551784448,255,241,213,0,766.138600985,0.0,0,0
0.0,180.0,12.0,719.470925135,770.98322728,794.898521663,0.31481833561,0.337358533772,250,255,246,0,770.98322728,0.0,0,0
0.0,180.0,20.0,601.111919416,647.228103124,817.490234456,0.290978369292,0.313301686299,220,240,255,0,647.228103124,0.0,0,0
0.0,180.0,30.0,463.313899342,496.981433486,702.890800281,0.278570083119,0.298812877039,200,227,255,0,496.981433486,0.0,0,0
0.0,180.0,45.0,324.562734155,346.037071221,529.896943238,0.270357028897,0.28824490497,188,218,255,0,346.037071221,0.0,0,0
0.0,180.0,60.0,239.646859137,254.055910439,405.208256047,0.266596862543,0.282626314727,183,214,255,0,254.055910439,0.0,0,0
0.0,180.0,90.0,186.475213177,195.571096023,314.974761414,0.267531673057,0.280581325684,185,212,255,0,195.571096023,0.0,0,0
0.5,0.0,0.0,739.47915222,585.182488354,290.623953906,0.457800871095,0.36227803328,255,147,114,0,585.182488354,0.0,1,0
0.5,0.0,0.5,946.877841261,727.976332947,300.993779892,0.479226065597,0.368437425277,255,138,99,0,727.976332947,0.0,1,0
0.5,0.0,1.0,1234.1235189,943.545364192,323.38908373,0.493440590051,0.377258494889,255,136,85,0,943.545364192,0.0,1,0
0.5,0.0,2.0,1796.0661485,1426.16272531,395.646996234,0.496442170218,0.394198910227,255,144,73,0,1426.16272531,0.0,1,0
0.5,0.0,3.0,2160.06779824,1800.92722966,501.053385637,0.484097795014,0.403609970747,255,155,75,0,1800.92722966,0.0,1,0
0.5,0.0,5.0,2386.74940066,2133.05364519,732.074021882,0.454456448595,0.406150718625,255,173,95,0,2133.05364519,0.0,0,0
0.5,0.0,8.0,2221.7241306,2091.37511001,962.802492999,0.421107943775,0.396401452417,255,190,125,0,2091.37511001,0.0,0,0
0.5,0.0,12.0,1836.29788092,1781.02764755,1051.10439144,0.393343782048,0.381504633914,255,203,152,0,1781.02764755,0.0,0,0
0.5,0.0,20.0,1212.14824893,1203.11989408,952.010882653,0.359978558264,0.357297356385,255,218,190,0,1203.11989408,0.0,0,0
0.5,0.0,30.0,730.274963894,737.40412345,742.459307549,0.330420468502,0.333646130556,255,234,229,0,737.40412345,0.0,0,0
0.5,0.0,45.0,393.966225637,405.137003362,508.969571272,0.301180657189,0.309720531822,236,236,255,0,405.137003362,0.0,0,0
0.5,0.0,60.0,252.068769317,262.647856993,375.676857888,0.283098173775,0.294979536187,208,223,255,0,262.647856993,0.0,0,0
0.5,0.0,90.0,165.41769878,174.438679381,276.154374625,0.268530537871,0.283174731272,186,214,255,0,174.438679381,0.0,0,0
0.5,90.0,0.0,166.622949777,165.848646786,197.485962156,0.314408101245,0.312947035206,255,237,254,0,165.848646786,0.0,1,0
0.5,90.0,0.5,182.143709117,178.631364366,205.226761344,0.321807630133,0.315602094154,255,229,243,0,178.631364366,0.0,1,0
0.5,90.0,1.0,205.424476433,197.933261053,216.010827397,0.331667585474,0.319572662023,255,220,229,0,197.933261053,0.0,1,0
0.5,90.0,2.0,270.767964196,255.50213636,235.828947042,0.355292353466,0.335261062411,255,206,200,0,255.50213636,0.0,1,0
0.5,90.0,3.0,337.499616856,323.416006145,265.332672995,0.364372726314,0.349167720516,255,207,188,0,323.416006145,0.0,1,0
0.5,90.0,5.0,424.470415775,426.365613666,344.946269053,0.354972988235,0.356557890348,255,223,196,0,426.365613666,0.0,0,0
0.5,90.0,8.0,459.315396429,479.331392949,447.351550441,0.331396786874,0.345838360103,255,243,226,0,479.331392949,0.0,0,0
0.5,90.0,12.0,437.358094599,463.979711418,506.838532759,0.310584748909,0.329489779541,251,255,254,0,463.979711418,0.0,0,0
0.5,90.0,20.0,363.10638088,386.796718359,502.419505303,0.289946360118,0.308863480509,218,236,255,0,386.796718359,0.0,0,0
0.5,90.0,30.0,290.177068291,308.271489474,440.663162229,0.27925492775,0.296668282671,202,225,255,0,308.271489474,0.0,0,0
0.5,90.0,45.0,223.855518493,236.938183725,359.578718382,0.272870604706,0.288817831725,192,218,255,0,236.938183725,0.0,0,0
0.5,90.0,60.0,188.999479785,199.590022687,311.315768239,0.27003580012,0.285167194818,188,216,255,0,199.590022687,0.0,0,0
0.5,90.0,90.0,165.41769878,174.438679382,276.154374638,0.268530537865,0.283174731268,186,214,255,0,174.438679382,0.0,0,0
0.5,180.0,0.0,148.558995484,152.384359718,190.456668108,0.302317843788,0.310102467418,238,236,255,0,152.384359718,0.0,1,0
0.5,180.0,0.5,157.383143224,162.243541656,205.238936256,0.299854166259,0.309114438292,234,235,255,0,162.243541656,0.0,1,0
0.5,180.0,1.0,166.138130388,169.286517717,211.001906647,0.304044759434,0.309806535288,240,236,255,0,169.286517717,0.0,1,0
0.5,180.0,2.0,232.862075222,222.16416269,227.132526286,0.341360526967,0.325678088958,255,213,217,0,222.16416269,0.0,1,0
0.5,180.0,3.0,325.017921072,306.802672966,250.672374933,0.368295196109,0.347654523892,255,202,185,0,306.802672966,0.0,1,0
0.5,180.0,5.0,481.301869101,477.200862316,336.774343377,0.371582172237,0.368416049047,255,214,176,0,477.200862316,0.0,0,0
0.5,180.0,8.0,587.074685702,614.056528449,496.546945507,0.345810354196,0.361703733393,255,237,205,0,614.056528449,0.0,0,0
0.5,180.0,12.0,600.193297055,643.550161471,631.242145304,0.320105549519,0.343229388085,253,255,240,0,643.550161471,0.0,0,0
0.5,180.0,20.0,516.871109272,558.630370572,678.604525977,0.294663553717,0.318470131633,225,245,255,0,558.630370572,0.0,0,0
0.5,180.0,30.0,405.365452039,436.838896609,598.589080628,0.281348765064,0.303193287624,204,231,255,0,436.838896609,0.0,0,0
0.5,180.0,45.0,286.972725646,307.438372285,458.585398497,0.272529611086,0.291965237613,191,221,255,0,307.438372285,0.0,0,0
0.5,180.0,60.0,213.229254614,227.181407019,353.833745325,0.268468059386,0.286034632449,185,216,255,0,227.181407019,0.0,0,0
0.5,180.0,90.0,165.417698745,174.438679344,276.154374609,0.268530537852,0.283174731252,186,214,255,0,174.438679344,0.0,0,0
1.0,0.0,0.0,233.310051427,218.39135397,213.84019127,0.350556678343,0.328140803014,255,205,206,0,218.39135397,0.0,1,0
1.0,0.0,0.5,324.881434739,277.762181684,218.703232826,0.395547185742,0.338178909358,255,173,164,0,277.762181684,0.0,1,0
1.0,0.0,1.0,470.900733938,384.902363067,231.603792338,0.43304924638,0.353963513418,255,157,133,0,384.902363067,0.0,1,0
1.0,0.0,2.0,761.135937655,638.545674967,275.701825097,0.454305516289,0.381134050027,255,160,108,0,638.545674967,0.0,1,0
1.0,0.0,3.0,1119.38124327,978.001109202,359.225370851,0.455661371021,0.398110410513,255,168,99,0,978.001109202,0.0,1,0
1.0,0.0,5.0,1449.81188327,1355.57767886,561.53604892,0.430604073494,0.402615868438,255,187,115,0,1355.57767886,0.0,0,0
1.0,0.0,8.0,1452.9690492,1426.50004601,774.868221181,0.397601240225,0.390358065637,255,205,146,0,1426.50004601,0.0,0,0
1.0,0.0,12.0,1242.17209437,1250.45385019,858.793331995,0.370640612787,0.373111731779,255,218,175,0,1250.45385019,0.0,0,0
1.0,0.0,20.0,843.569909239,863.017521973,769.630180189,0.340668730145,0.348522487684,255,233,213,0,863.017521973,0.0,0,0
1.0,0.0,30.0,537.069812486,554.080128583,596.444892043,0.318245708003,0.328325328872,255,246,246,0,554.080128583,0.0,0,0
1.0,0.0,45.0,306.056502515,318.768908401,407.764645841,0.296396910383,0.308708094093,228,235,255,0,318.768908401,0.0,0,0
1.0,0.0,60.0,201.688949678,211.53507963,299.455933585,0.283000729892,0.296816370101,208,225,255,0,211.53507963,0.0,0,0
1.0,0.0,90.0,134.713201356,142.464399726,219.172404781,0.271407675561,0.28702407181,190,217,255,0,142.464399726,0.0,0,0
1.0,90.0,0.0,112.039021712,115.640294451,150.830183359,0.296000554421,0.305514906751,228,232,255,0,115.640294451,0.0,1,0
1.0,90.0,0.5,120.198749253,122.7505403,156.606546594,0.300830918682,0.307217488009,235,233,255,0,122.7505403,0.0,1,0
1.0,90.0,1.0,136.395694652,135.90427877,164.682108444,0.312131092583,0.311006525003,253,236,255,0,135.90427877,0.0,1,0
1.0,90.0,2.0,188.189882034,180.194394638,179.355752131,0.343575185559,0.328977955166,255,214,214,0,180.194394638,0.0,1,0
1.0,90.0,3.0,246.189105225,236.936078768,201.601298206,0.359543718003,0.34603025431,255,210,193,0,236.936078768,0.0,1,0
1.0,90.0,5.0,325.150867397,326.39989345,263.200342277,0.355452828957,0.356818256174,255,222,195,0,326.39989345,0.0,0,0
1.0,90.0,8.0,361.305025712,376.696373692,344.778283333,0.333682864088,0.347897526799,255,241,222,0,376.696373692,0.0,0,0
1.0,90.0,12.0,348.465201241,369.613850374,394.104260008,0.313316336974,0.33233177167,253,255,252,0,369.613850374,0.0,0,0
1.0,90.0,20.0,291.97997438,311.310336273,393.990914631,0.292775966275,0.312159026341,223,239,255,0,311.310336273,0.0,0,0
1.0,90.0,30.0,234.413673063,249.433840295,347.145881605,0.282088491297,0.300163445109,206,228,255,0,249.433840295,0.0,0,0
1.0,90.0,45.0,181.655117524,192.709533236,284.526545615,0.275698201044,0.292475501715,196,221,255,0,192.709533236,0.0,0,0
1.0,90.0,60.0,153.665769201,162.696017552,246.769378595,0.272877401672,0.288913183222,192,219,255,0,162.696017552,0.0,0,0
1.0,90.0,90.0,134.71320137,142.464399741,219.172404803,0.271407675562,0.287024071811,190,217,255,0,142.464399741,0.0,0,0
1.0,180.0,0.0,102.282903569,106.354767135,141.562041454,0.292070210278,0.303697471593,222,231,255,0,106.354767135,0.0,1,0
1.0,180.0,0.5,108.305437882,112.709719253,150.651016343,0.291405152286,0.303255252418,221,230,255,0,112.709719253,0.0,1,0
1.0,180.0,1.0,115.16250058,118.979376459,157.997801642,0.293677245228,0.303410705235,224,230,255,0,118.979376459,0.0,1,0
1.0,180.0,2.0,148.642421257,143.752187957,165.71510879,0.324469041836,0.3137942338,255,224,239,0,143.752187957,0.0,1,0
1.0,180.0,3.0,213.525571214,199.254656272,180.79605468,0.359727262745,0.335685003357,255,202,196,0,199.254656272,0.0,1,0
1.0,180.0,5.0,340.104559188,328.833716994,232.457673596,0.377308727948,0.364804963984,255,206,172,0,328.833716994,0.0,0,0
1.0,180.0,8.0,436.608032912,448.351249872,344.204245857,0.355207442084,0.364761270103,255,229,193,0,448.351249872,0.0,0,0
1.0,180.0,12.0,460.6681159,488.588799718,452.306350211,0.328681642229,0.348602743544,255,249,229,0,488.588799718,0.0,0,0
1.0,180.0,20.0,408.343719792,439.24450262,506.699458799,0.301519186402,0.324336186996,237,250,255,0,439.24450262,0.0,0,0
1.0,180.0,30.0,327.110343529,351.553131567,458.339854034,0.28769515018,0.309192702044,214,236,255,0,351.553131567,0.0,0,0
1.0,180.0,45.0,233.863868264,250.365231598,357.407721512,0.277867914431,0.297474189864,199,226,255,0,250.365231598,0.0,0,0
1.0,180.0,60.0,174.656245753,186.183032131,278.784328347,0.273060975316,0.291082177576,192,220,255,0,186.183032131,0.0,0,0
1.0,180.0,90.0,134.713201368,142.464399739,219.172404798,0.271407675562,0.287024071812,190,217,255,0,142.464399739,0.0,0,0
1.5,0.0,0.0,148.319983072,146.193236107,161.787806491,0.325048541923,0.320387699967,255,229,238,0,146.193236107,0.0,1,0
1.5,0.0,0.5,181.672199497,168.047601346,164.681960171,0.35317180707,0.326685509425,255,202,204,0,168.047601346,0.0,1,0
1.5,0.0,1.0,290.195584044,244.214923176,173.649140991,0.409846239334,0.344907274116,255,167,152,0,244.214923176,0.0,1,0
1.5,0.0,2.0,616.491470402,508.197350463,209.648822183,0.462020593973,0.380861135943,255,155,103,0,508.197350463,0.0,1,0
1.5,0.0,3.0,827.343545064,718.347770446,269.544937441,0.455777336817,0.395732384299,255,167,100,0,718.347770446,0.0,1,0
1.5,0.0,5.0,1038.75320588,966.346018834,418.975738122,0.428515298333,0.398645270319,255,186,118,0,966.346018834,0.0,0,0
1.5,0.0,8.0,987.8195541,970.763294733,570.346226304,0.390607852079,0.383863392721,255,207,154,0,970.763294733,0.0,0,0
1.5,0.0,12.0,838.825531349,844.289247623,623.930742471,0.363592969255,0.365961243407,255,220,184,0,844.289247623,0.0,0,0
1.5,0.0,20.0,574.755432171,587.849930764,559.067257713,0.333835495365,0.341441179766,255,236,223,0,587.849930764,0.0,0,0
1.5,0.0,30.0,374.41182402,386.361286982,435.941979109,0.312866301356,0.322851520946,255,249,255,0,386.361286982,0.0,0,0
1.5,0.0,45.0,220.672020709,229.807259232,299.881057445,0.294088066378,0.306262535188,225,233,255,0,229.807259232,0.0,0,0
1.5,0.0,60.0,148.356947077,155.386781087,220.134039801,0.283190003754,0.296608847691,208,225,255,0,155.386781087,0.0,0,0
1.5,0.0,90.0,100.851841804,106.359638084,160.986142231,0.273906825426,0.288865630016,194,218,255,0,106.359638084,0.0,0,0
1.5,90.0,0.0,81.0106732899,83.3840690092,111.877718447,0.293227464914,0.30181824415,224,229,255,0,83.3840690092,0.0,1,0
1.5,90.0,0.5,86.4683570746,88.2291596164,116.149722343,0.297298187742,0.303352233666,230,230,255,0,88.2291596164,0.0,1,0
1.5,90.0,1.0,96.9391348982,96.7887813166,122.107236219,0.306929530014,0.306453479199,245,232,255,0,96.7887813166,0.0,1,0
1.5,90.0,2.0,131.387000707,125.7616599,132.303259879,0.337363853651,0.322919603896,255,216,222,0,125.7616599,0.0,1,0
1.5,90.0,3.0,172.520738884,165.067183476,147.307412216,0.355789644862,0.34041817214,255,209,198,0,165.067183476,0.0,1,0
1.5,90.0,5.0,232.15417928,230.942959239,189.72131699,0.355618284565,0.35376291416,255,220,196,0,230.942959239,0.0,0,0
1.5,90.0,8.0,262.466355308,271.42701629,248.067977061,0.335651315449,0.347110527593,255,238,220,0,271.42701629,0.0,0,0
1.5,90.0,12.0,255.848676465,269.602780818,284.870016872,0.315737253208,0.332710892426,255,254,250,0,269.602780818,0.0,0,0
1.5,90.0,20.0,216.297495547,229.495643262,286.862966826,0.295223767172,0.313237877221,226,240,255,0,229.495643262,0.0,0,0
1.5,90.0,30.0,174.432529553,184.876726871,253.797798342,0.284505826832,0.301540694131,210,229,255,0,184.876726871,0.0,0,0
1.5,90.0,45.0,135.75674162,143.548542047,208.839731564,0.278107401251,0.294069462082,200,223,255,0,143.548542047,0.0,0,0
1.5,90.0,60.0,114.848115561,121.23866314,181.012075556,0.275349870633,0.290671292675,196,220,255,0,121.23866314,0.0,0,0
1.5,90.0,90.0,100.851841803,106.359638083,160.986142232,0.273906825424,0.288865630015,194,218,255,0,106.359638083,0.0,0,0
1.5,180.0,0.0,71.215267729,73.4923243713,100.813050158,0.290058168119,0.29933256811,219,227,255,0,73.4923243713,0.0,1,0
1.5,180.0,0.5,75.3773857375,77.8936582567,107.50807914,0.289046856327,0.298695912927,217,226,255,0,77.8936582567,0.0,1,0
1.5,180.0,1.0,77.8765219531,80.4401082609,111.06307994,0.289095722571,0.298612349887,217,226,255,0,80.4401082609,0.0,1,0
1.5,180.0,2.0,92.7137878051,91.6049666354,118.353465071,0.306317467638,0.302654028781,244,228,255,0,91.6049666354,0.0,1,0
1.5,180.0,3.0,128.418114814,119.746925911,125.922001253,0.343284049976,0.320104447558,255,207,216,0,119.746925911,0.0,1,0
1.5,180.0,5.0,214.943676057,202.351798207,152.683850046,0.377107847407,0.355016032296,255,199,175,0,202.351798207,0.0,0,0
1.5,180.0,8.0,294.765236274,295.249230491,221.622045585,0.363173947684,0.363770266614,255,219,185,0,295.249230491,0.0,0,0
1.5,180.0,12.0,325.020077378,338.317033619,299.434360874,0.337587981026,0.351399105087,255,239,217,0,338.317033619,0.0,0,0
1.5,180.0,20.0,297.620161404,316.358489269,349.52510314,0.308893618967,0.328341729876,249,254,255,0,316.358489269,0.0,0,0
1.5,180.0,30.0,241.301671595,257.344835491,323.902723277,0.293358333687,0.312862532711,223,239,255,0,257.344835491,0.0,0,0
1.5,180.0,45.0,174.677213126,185.934413858,257.342447286,0.282670218385,0.30088710731,207,229,255,0,185.934413858,0.0,0,0
1.5,180.0,60.0,131.301531467,139.324330747,203.020230197,0.277214429869,0.294152813628,199,223,255,0,139.324330747,0.0,0,0
1.5,180.0,90.0,100.851841803,106.359638083,160.986142231,0.273906825424,0.288865630015,194,218,255,0,106.359638083,0.0,0,0
2.0,0.0,0.0,101.969620687,101.901839589,119.443164458,0.315388209768,0.315178565378,255,238,252,0,101.901839589,0.0,1,0
2.0,0.0,0.5,132.711380551,121.178899849,121.166649135,0.35384329711,0.323094683252,255,198,204,0,121.178899849,0.0,1,0
2.0,0.0,1.0,202.460299443,170.136131553,127.424490904,0.404903656178,0.340258025418,255,167,157,0,170.136131553,0.0,1,0
2.0,0.0,2.0,389.940308092,322.9138855,150.610440744,0.451599628503,0.373974651258,255,157,113,0,322.9138855,0.0,1,0
2.0,0.0,3.0,527.479252003,458.678541051,191.213785127,0.448014256313,0.389578404601,255,168,109,0,458.678541051,0.0,1,0
2.0,0.0,5.0,640.929096496,600.889846102,293.175291964,0.417544953632,0.391460653449,255,190,130,0,600.889846102,0.0,0,0
2.0,0.0,8.0,619.479872038,612.282609289,397.843873434,0.38014080531,0.37572424009,255,211,166,0,612.282609289,0.0,0,0
2.0,0.0,12.0,530.993631421,537.207577529,440.397538664,0.351978040722,0.356097059194,255,226,199,0,537.207577529,0.0,0,0
2.0,0.0,20.0,370.728705517,380.609707592,392.353193,0.324150936788,0.332790505377,255,241,237,0,380.609707592,0.0,0,0
2.0,0.0,30.0,246.434534764,255.466631029,306.764574474,0.304742148075,0.315911282385,242,242,255,0,255.466631029,0.0,0,0
2.0,0.0,45.0,150.879536894,157.281165862,211.379358766,0.290409822203,0.30273154567,219,230,255,0,157.281165862,0.0,0,0
2.0,0.0,60.0,103.594144196,108.274596732,154.801182237,0.282526974948,0.295291732131,207,223,255,0,108.274596732,0.0,0,0
2.0,0.0,90.0,72.1005290949,75.5313790314,112.792552229,0.276857745991,0.290031815477,199,219,255,0,75.5313790314,0.0,0,0
2.0,90.0,0.0,56.2896294041,57.6764156924,79.3790081199,0.291135606873,0.298308204595,221,225,255,0,57.6764156924,0.0,1,0
2.0,90.0,0.5,59.9076391372,60.9158104984,82.401481882,0.294784890268,0.299745754832,226,227,255,0,60.9158104984,0.0,1,0
2.0,90.0,1.0,66.6470703953,66.4382896408,86.6294295604,0.303334475197,0.302384239872,239,228,255,0,66.4382896408,0.0,1,0
2.0,90.0,2.0,88.9036335583,84.8121927779,93.5229410136,0.332674912551,0.317364855477,255,217,228,0,84.8121927779,0.0,1,0
2.0,90.0,3.0,116.658019719,110.654059918,103.286254192,0.352869351663,0.334708462188,255,208,203,0,110.654059918,0.0,1,0
2.0,90.0,5.0,159.046925478,156.222468052,131.126805037,0.356290949584,0.349963706128,255,216,196,0,156.222468052,0.0,0,0
2.0,90.0,8.0,182.487027098,186.435299012,170.734574007,0.338153791897,0.345470055089,255,234,217,0,186.435299012,0.0,0,0
2.0,90.0,12.0,179.628291758,187.2885081,196.718770641,0.318695804807,0.332286530344,255,249,245,0,187.2885081,0.0,0,0
2.0,90.0,20.0,153.129767528,161.048940662,199.388708522,0.298168775013,0.313588704075,231,240,255,0,161.048940662,0.0,0,0
2.0,90.0,30.0,124.008645584,130.410117366,177.081030755,0.287389814302,0.302225213705,214,229,255,0,130.410117366,0.0,0,0
2.0,90.0,45.0,96.8761807815,101.706940679,146.221826125,0.280959369812,0.294969493308,205,223,255,0,101.706940679,0.0,0,0
2.0,90.0,60.0,81.7911285468,85.7518245435,126.366360446,0.278286957166,0.291762869001,201,221,255,0,85.7518245435,0.0,0,0
2.0,90.0,90.0,72.1005291736,75.5313791117,112.792552271,0.276857746079,0.290031815561,199,219,255,0,75.5313791117,0.0,0,0
2.0,180.0,0.0,47.1809852957,48.2881206236,68.644375703,0.287490002828,0.29423615992,215,222,255,0,48.2881206236,0.0,1,0
2.0,180.0,0.5,49.9498941034,51.1913224736,73.3252880897,0.286300767009,0.293416335539,213,221,255,0,51.1913224736,0.0,1,0
2.0,180.0,1.0,51.3666162363,52.699026586,75.6728944247,0.285785213472,0.29319826117,213,221,255,0,52.699026586,0.0,1,0
2.0,180.0,2.0,56.1793072778,56.8676356164,80.8662036178,0.289713762519,0.293263435921,219,221,255,0,56.8676356164,0.0,1,0
2.0,180.0,3.0,71.4694550185,67.8259372681,83.9158782644,0.320187483554,0.303864303539,255,220,246,0,67.8259372681,0.0,1,0
2.0,180.0,5.0,124.782100262,114.750726183,97.4261886301,0.370318331546,0.340548022308,255,195,185,0,114.750726183,0.0,0,0
2.0,180.0,8.0,184.043593359,179.29022583,135.661316576,0.368828431717,0.359302552228,255,210,181,0,179.29022583,0.0,0,0
2.0,180.0,12.0,212.513069421,216.650911424,187.066950919,0.344859464962,0.35157422365,255,230,208,0,216.650911424,0.0,0,0
2.0,180.0,20.0,203.393770069,213.047457692,228.284551623,0.315473301321,0.330446624758,255,252,251,0,213.047457692,0.0,0,0
2.0,180.0,30.0,168.350296159,177.518103502,217.339562258,0.298913203545,0.315191040442,232,241,255,0,177.518103502,0.0,0,0
2.0,180.0,45.0,124.011188686,130.714310237,176.33058983,0.287691536953,0.303241999469,215,230,255,0,130.714310237,0.0,0,0
2.0,180.0,60.0,93.9335151816,98.821175544,140.816130213,0.281599916075,0.296252457771,206,224,255,0,98.821175544,0.0,0,0
2.0,180.0,90.0,72.100529175,75.5313791134,112.792552273,0.276857746079,0.290031815562,199,219,255,0,75.5313791134,0.0,0,0
2.5,0.0,0.0,70.1095542868,70.2003071002,85.1799628843,0.310921144727,0.311323614389,251,237,255,0,70.2003071002,0.0,1,0
2.5,0.0,0.5,87.8619961764,81.3400652428,86.0508055009,0.344215511608,0.318664648998,255,205,215,0,81.3400652428,0.0,1,0
2.5,0.0,1.0,129.472361767,110.404793506,90.2881174571,0.392144094067,0.334392507707,255,173,168,0,110.404793506,0.0,1,0
2.5,0.0,2.0,236.999941261,198.805342432,105.446939828,0.437873381322,0.367306283083,255,162,125,0,198.805342432,0.0,1,0
2.5,0.0,3.0,324.728646375,284.925287681,132.854738995,0.437339869769,0.383733278845,255,172,119,0,284.925287681,0.0,1,0
2.5,0.0,5.0,400.82872825,378.741967127,203.056186521,0.407915492273,0.385438231036,255,194,139,0,378.741967127,0.0,0,0
2.5,0.0,8.0,393.0215779,390.91654168,276.305596294,0.370689844246,0.36870441751,255,215,177,0,390.91654168,0.0,0,0
2.5,0.0,12.0,336.404179884,343.033170265,306.294510465,0.341273518007,0.347998460811,255,232,213,0,343.033170265,0.0,0,0
2.5,0.0,20.0,237.495279868,245.44754564,271.529800523,0.314783163331,0.325323328072,255,248,252,0,245.44754564,0.0,0,0
2.5,0.0,30.0,162.765995798,168.814872077,211.251535061,0.299845762556,0.310988937219,234,237,255,0,168.814872077,0.0,0,0
2.5,0.0,45.0,101.363213624,105.424770833,144.588277027,0.288474848004,0.300033845165,216,227,255,0,105.424770833,0.0,0,0
2.5,0.0,60.0,70.3186710471,73.1194578216,105.20436684,0.282810349239,0.294074661748,208,222,255,0,73.1194578216,0.0,0,0
2.5,0.0,90.0,49.3470918125,51.2734442347,76.0385947191,0.279335076531,0.290239423302,203,219,255,0,51.2734442347,0.0,0,0
2.5,90.0,0.0,37.5313196184,38.2563177178,54.0962301833,0.288960594839,0.294542489752,217,222,255,0,38.2563177178,0.0,1,0
2.5,90.0,0.5,39.8623755195,40.3558325935,56.156858017,0.292299587092,0.295917969015,222,223,255,0,40.3558325935,0.0,1,0
2.5,90.0,1.0,44.084370669,43.8284845788,59.0533718248,0.299962593768,0.298221472047,234,225,255,0,43.8284845788,0.0,1,0
2.5,90.0,2.0,57.9044222485,55.0659472082,63.600205795,0.327939251293,0.311863667713,255,218,235,0,55.0659472082,0.0,1,0
2.5,90.0,3.0,75.7348552248,71.2838140589,69.811961881,0.349281163911,0.328753431542,255,207,208,0,71.2838140589,0.0,1,0
2.5,90.0,5.0,104.323364575,101.217694007,87.5345800995,0.355960546718,0.345363724063,255,213,197,0,101.217694007,0.0,0,0
2.5,90.0,8.0,121.413089957,122.491977288,113.435162286,0.339768881092,0.342788097071,255,229,216,0,122.491977288,0.0,0,0
2.5,90.0,12.0,120.708040742,124.423209506,131.009540599,0.320911859813,0.330788929394,255,244,242,0,124.423209506,0.0,0,0
2.5,90.0,20.0,103.788859249,108.073126287,133.521703777,0.300503070818,0.312907440713,235,239,255,0,108.073126287,0.0,0,0
2.5,90.0,30.0,84.4103871042,87.96073718,118.972881907,0.289727556807,0.301913666699,218,229,255,0,87.96073718,0.0,0,0
2.5,90.0,45.0,66.1778080841,68.8849187198,98.5323087848,0.283301431973,0.294890336801,208,223,255,0,68.8849187198,0.0,0,0
2.5,90.0,60.0,55.9206184441,58.1415202487,85.1427358569,0.280719126831,0.291867959457,205,220,255,0,58.1415202487,0.0,0,0
2.5,90.0,90.0,49.3470918125,51.2734442347,76.038594719,0.279335076531,0.290239423303,203,219,255,0,51.2734442347,0.0,0,0
2.5,180.0,0.0,29.6563060584,30.128026984,44.7652256924,0.283657878783,0.288169814857,210,217,255,0,30.128026984,0.0,1,0
2.5,180.0,0.5,31.405490015,31.9478686941,47.8976823286,0.282293897855,0.287169166204,208,216,255,0,31.9478686941,0.0,1,0
2.5,180.0,1.0,32.2437011701,32.8348117233,49.3800729592,0.281706268952,0.286870674478,207,216,255,0,32.8348117233,0.0,1,0
2.5,180.0,2.0,33.5688970104,34.2705514286,52.0298098652,0.28004592241,0.28589942003,204,215,255,0,34.2705514286,0.0,1,0
2.5,180.0,3.0,38.2258617795,37.6898898349,54.7626093375,0.29251868099,0.288417221951,223,216,255,0,37.6898898349,0.0,1,0
2.5,180.0,5.0,65.4351293974,59.5833429398,60.7416790682,0.352256008096,0.32075416869,255,198,206,0,59.5833429398,0.0,0,0
2.5,180.0,8.0,105.600923754,100.01764726,79.5976935941,0.370248603806,0.350673014379,255,203,182,0,100.01764726,0.0,0,0
2.5,180.0,12.0,130.049421131,129.461933852,110.784532318,0.351204065696,0.349617530986,255,221,201,0,129.461933852,0.0,0,0
2.5,180.0,20.0,130.993336994,134.970563208,141.694862831,0.321330850389,0.331087113654,255,244,242,0,134.970563208,0.0,0,0
2.5,180.0,30.0,111.566415607,116.051669266,139.164918841,0.304175532882,0.316404162928,241,242,255,0,116.051669266,0.0,0,0
2.5,180.0,45.0,83.5099922234,87.0855728073,115.653698837,0.291738714346,0.304229857679,221,231,255,0,87.0855728073,0.0,0,0
2.5,180.0,60.0,64.0187436434,66.6763768947,93.6733679893,0.285328586307,0.297173535073,211,225,255,0,66.6763768947,0.0,0,0
2.5,180.0,90.0,49.3470918122,51.2734442344,76.0385947184,0.279335076531,0.290239423303,203,219,255,0,51.2734442344,0.0,0,0
3.0,0.0,0.0,47.0579962992,47.1429928374,58.7306478013,0.307706091698,0.308261872961,246,234,255,0,47.1429928374,0.0,1,0
3.0,0.0,0.5,57.4769259918,53.6852032385,59.134550608,0.337510549509,0.31524515504,255,209,223,0,53.6852032385,0.0,1,0
3.0,0.0,1.0,82.5770971464,71.1945598211,61.9914949365,0.382721036552,0.329966257875,255,177,177,0,71.1945598211,0.0,1,0
3.0,0.0,2.0,148.440442513,125.653596435,72.1674950059,0.428694578974,0.362886385328,255,165,133,0,125.653596435,0.0,1,0
3.0,0.0,3.0,205.427459496,181.569868717,90.9547173704,0.429807679232,0.379891393696,255,174,125,0,181.569868717,0.0,1,0
3.0,0.0,5.0,252.666821604,241.71406991,139.967025549,0.398309531422,0.3810433729,255,199,149,0,241.71406991,0.0,0,0
3.0,0.0,8.0,251.47782668,252.518872737,191.308222753,0.361679917201,0.363177168298,255,220,187,0,252.518872737,0.0,0,0
3.0,0.0,12.0,217.117198359,222.69025051,211.151770294,0.333534255246,0.342095547546,255,237,223,0,222.69025051,0.0,0,0
3.0,0.0,20.0,153.932044835,159.45751279,184.779455499,0.308995623533,0.320087176418,248,246,255,0,159.45751279,0.0,0,0
3.0,0.0,30.0,106.153385079,109.958447004,141.885865953,0.296519742058,0.307148474996,229,234,255,0,109.958447004,0.0,0,0
3.0,0.0,45.0,66.5824310482,68.8899742817,95.8813866888,0.287794855089,0.297768943749,215,225,255,0,68.8899742817,0.0,0,0
3.0,0.0,60.0,46.1982164529,47.6907112582,69.0578854916,0.283517152284,0.292676550838,209,221,255,0,47.6907112582,0.0,0,0
3.0,0.0,90.0,32.2948228279,33.2587294735,49.2917599951,0.281202795152,0.289595881699,206,218,255,0,33.2587294735,0.0,0,0
3.0,90.0,0.0,23.9663350122,24.3148127589,35.427430285,0.286306798763,0.290469786055,214,219,255,0,24.3148127589,0.0,1,0
3.0,90.0,0.5,25.4234977051,25.6330567845,36.7835182965,0.289429378856,0.291815067673,218,220,255,0,25.6330567845,0.0,1,0
3.0,90.0,1.0,27.9965885708,27.7588522852,38.7003118864,0.296398977913,0.293882071544,229,221,255,0,27.7588522852,0.0,1,0
3.0,90.0,2.0,36.263210129,34.4006032329,41.6200350549,0.322960164265,0.306371786485,255,219,242,0,34.4006032329,0.0,1,0
3.0,90.0,3.0,47.1916273803,44.1410458431,45.4829065471,0.344928753432,0.322631720138,255,207,213,0,44.1410458431,0.0,1,0
3.0,90.0,5.0,65.4942426105,62.8440954461,56.4378824146,0.354451684548,0.340109215817,255,211,200,0,62.8440954461,0.0,0,0
3.0,90.0,8.0,77.2487952469,77.001554004,72.7648715354,0.340280246317,0.339191150872,255,226,216,0,77.001554004,0.0,0,0
3.0,90.0,12.0,77.5727020936,79.0525836545,84.1495688314,0.32217941624,0.328325745612,255,240,241,0,79.0525836545,0.0,0,0
3.0,90.0,20.0,67.2846029007,69.3438771245,86.1313741316,0.302049950407,0.311294319109,237,237,255,0,69.3438771245,0.0,0,0
3.0,90.0,30.0,54.8539918148,56.615341746,76.7108885128,0.291497114895,0.300857024836,221,228,255,0,56.615341746,0.0,0,0
3.0,90.0,45.0,43.2291712696,44.5863121705,63.8720136781,0.284988361539,0.293935314496,211,222,255,0,44.5863121705,0.0,0,0
3.0,90.0,60.0,36.5598030594,37.6713530694,55.1721432066,0.282526050319,0.291115862292,208,220,255,0,37.6713530694,0.0,0,0
3.0,90.0,90.0,32.2948228304,33.258729476,49.2917599952,0.281202795161,0.289595881708,206,218,255,0,33.258729476,0.0,0,0
3.0,180.0,0.0,17.7208601259,17.9092799865,28.0461687469,0.278295969778,0.28125499589,202,211,255,0,17.9092799865,0.0,1,0
3.0,180.0,0.5,18.7742410998,18.9978626814,30.0539603024,0.276799801868,0.280096787836,200,210,255,0,18.9978626814,0.0,1,0
3.0,180.0,1.0,19.2569644578,19.5057492263,30.9639321027,0.276177983904,0.279745985286,199,210,255,0,19.5057492263,0.0,1,0
3.0,180.0,2.0,20.0211733252,20.3386587545,32.596499209,0.274426810827,0.278778529502,196,209,255,0,20.3386587545,0.0,1,0
3.0,180.0,3.0,20.9476984514,21.2635131258,34.4414937156,0.273280615099,0.277400687224,194,208,255,0,21.2635131258,0.0,1,0
3.0,180.0,5.0,30.7885183946,28.6150819898,37.1702800925,0.318807924488,0.296302497616,255,215,249,0,28.6150819898,0.0,0,0
3.0,180.0,8.0,54.5334518306,50.5228138272,45.2948944089,0.362707223585,0.336032085185,255,199,193,0,50.5228138272,0.0,0,0
3.0,180.0,12.0,72.9603348714,71.0137225071,62.2755606286,0.353747733336,0.344309595302,255,215,200,0,71.0137225071,0.0,0,0
3.0,180.0,20.0,79.0919163862,80.0834286767,83.3857502653,0.326070082587,0.330157763216,255,236,235,0,80.0834286767,0.0,0,0
3.0,180.0,30.0,69.6721625883,71.4786173127,84.854976795,0.308276052818,0.316269011718,247,242,255,0,71.4786173127,0.0,0,0
3.0,180.0,45.0,53.4046275996,55.0500500942,72.5087636511,0.29511279849,0.304205367035,227,231,255,0,55.0500500942,0.0,0,0
3.0,180.0,60.0,41.4710772771,42.7432122423,59.6878719796,0.288189397887,0.297029674864,216,225,255,0,42.7432122423,0.0,0,0
3.0,180.0,90.0,32.2948228306,33.2587294762,49.2917599957,0.281202795161,0.289595881707,206,218,255,0,33.2587294762,0.0,0,0
3.5,0.0,0.0,30.7638691393,30.8267648668,39.253068621,0.305064851229,0.305688546372,242,232,255,0,30.8267648668,0.0,1,0
3.5,0.0,0.5,37.0898790684,34.7896910911,39.4119942103,0.333267658501,0.31259953338,255,212,228,0,34.7896910911,0.0,1,0
3.5,0.0,1.0,52.1879441438,45.4074011867,41.3207868791,0.375679507583,0.326869172532,255,181,183,0,45.4074011867,0.0,1,0
3.5,0.0,2.0,95.1035658167,80.8423562319,48.2345061092,0.424227782052,0.360612908523,255,167,137,0,80.8423562319,0.0,1,0
3.5,0.0,3.0,131.160000442,116.955975504,61.2783780899,0.423924996468,0.378015868675,255,177,130,0,116.955975504,0.0,1,0
3.5,0.0,5.0,165.891759905,159.385018457,95.8468921375,0.393926467511,0.378475563408,255,201,153,0,159.385018457,0.0,0,0
3.5,0.0,8.0,164.21803304,165.74553843,131.280097032,0.356033143118,0.35934485338,255,224,194,0,165.74553843,0.0,0,0
3.5,0.0,12.0,140.960859696,144.998172037,143.405180957,0.328301371027,0.337704372538,255,240,231,0,144.998172037,0.0,0,0
3.5,0.0,20.0,99.3747871245,102.783373916,122.955245779,0.305661916858,0.316146217782,243,242,255,0,102.783373916,0.0,0,0
3.5,0.0,30.0,67.8447824125,70.0341646471,92.6091469038,0.294352655037,0.303851550173,225,230,255,0,70.0341646471,0.0,0,0
3.5,0.0,45.0,42.343713781,43.5209633266,61.4712377324,0.287395736654,0.295385978184,215,223,255,0,43.5209633266,0.0,0,0
3.5,0.0,60.0,29.1077744365,29.8254209098,43.6859569905,0.283648556567,0.290641856131,209,219,255,0,29.8254209098,0.0,0,0
3.5,0.0,90.0,20.1437200284,20.5616160858,30.6716145803,0.282216035182,0.288070811176,207,217,255,0,20.5616160858,0.0,0,0
3.5,90.0,0.0,14.6986439917,14.8617611088,22.3664106073,0.283064612982,0.286205901637,209,215,255,0,14.8617611088,0.0,1,0
3.5,90.0,0.5,15.5311499827,15.6113295705,23.158387278,0.286020295606,0.28749687586,213,216,255,0,15.6113295705,0.0,1,0
3.5,90.0,1.0,17.095735548,16.9229948692,24.4498559687,0.292391805664,0.289437387069,223,217,255,0,16.9229948692,0.0,1,0
3.5,90.0,2.0,21.836619702,20.7024297238,26.2725324892,0.31733930676,0.300856762011,255,221,250,0,20.7024297238,0.0,1,0
3.5,90.0,3.0,28.2013828286,26.2837848461,28.6151319993,0.339365597227,0.316289892445,255,208,221,0,26.2837848461,0.0,1,0
3.5,90.0,5.0,39.2781960338,37.3641036721,35.1757499732,0.35126883492,0.334150915521,255,209,204,0,37.3641036721,0.0,0,0
3.5,90.0,8.0,46.8798221405,46.2438962768,45.0690920565,0.339234884794,0.334633155794,255,223,218,0,46.2438962768,0.0,0,0
3.5,90.0,12.0,47.5413297929,47.9464764543,52.1066417603,0.322107846431,0.324852845765,255,237,241,0,47.9464764543,0.0,0,0
3.5,90.0,20.0,41.6013561168,42.456930627,53.4732720186,0.302485891174,0.308706823431,238,235,255,0,42.456930627,0.0,0,0
3.5,90.0,30.0,34.045972333,34.8115363548,47.6761866752,0.292155605526,0.29872507043,222,226,255,0,34.8115363548,0.0,0,0
3.5,90.0,45.0,26.916480488,27.5111635404,39.7623520518,0.285767932988,0.292081587061,213,220,255,0,27.5111635404,0.0,0,0
3.5,90.0,60.0,22.8042066972,23.2884062055,34.3723998012,0.28340524572,0.289422761806,209,218,255,0,23.2884062055,0.0,0,0
3.5,90.0,90.0,20.1437200283,20.5616160858,30.6716145802,0.282216035182,0.288070811176,207,217,255,0,20.5616160858,0.0,0,0
3.5,180.0,0.0,10.1629162386,10.2436428615,16.9916683239,0.271748607852,0.273907176011,193,205,255,0,10.2436428615,0.0,1,0
3.5,180.0,0.5,10.774242668,10.8714255505,18.2302635632,0.270194129305,0.272631260631,190,204,255,0,10.8714255505,0.0,1,0
3.5,180.0,1.0,11.0489625156,11.1583250351,18.7720464524,0.269622793645,0.272291517336,189,204,255,0,11.1583250351,0.0,1,0
3.5,180.0,2.0,11.5076743534,11.6498208766,19.7514214513,0.268188414983,0.271501165204,187,204,255,0,11.6498208766,0.0,1,0
3.5,180.0,3.0,11.8524142013,12.0370337572,20.6590727647,0.266056291183,0.270200526568,184,203,255,0,12.0370337572,0.0,1,0
3.5,180.0,5.0,14.0476568676,13.7218001485,22.3645354761,0.280202237429,0.273702521312,206,204,255,0,13.7218001485,0.0,0,0
3.5,180.0,8.0,25.2034310677,23.1907759425,25.4860282449,0.341139020208,0.313896888152,255,204,219,0,23.1907759425,0.0,0,0
3.5,180.0,12.0,37.2902494731,35.5978271092,33.5667437441,0.350291789125,0.334393755023,255,211,205,0,35.5978271092,0.0,0,0
3.5,180.0,20.0,44.1414830136,44.0238439117,46.5153881151,0.327749099048,0.32687563248,255,231,233,0,44.0238439117,0.0,0,0
3.5,180.0,30.0,40.7166843161,41.2488301738,49.1675233939,0.310499054801,0.314557115731,251,240,255,0,41.2488301738,0.0,0,0
3.5,180.0,45.0,32.242408992,32.868143925,43.367427261,0.297225381032,0.302993693938,230,229,255,0,32.868143925,0.0,0,0
3.5,180.0,60.0,25.4038404203,25.9351139997,36.3675256671,0.28964610591,0.295703509865,218,223,255,0,25.9351139997,0.0,0,0
3.5,180.0,90.0,20.1437200288,20.5616160862,30.6716145794,0.282216035189,0.288070811181,207,217,255,0,20.5616160862,0.0,0,0
4.0,0.0,0.0,19.648148434,19.6788547572,25.5304067894,0.30294377219,0.303417215752,239,229,255,0,19.6788547572,0.0,1,0
4.0,0.0,0.5,23.4321431776,22.0576716404,25.5427214152,0.329879016295,0.310529129468,255,214,233,0,22.0576716404,0.0,1,0
4.0,0.0,1.0,33.0164399632,28.8165945656,26.7985200491,0.372513379918,0.325127937819,255,182,186,0,28.8165945656,0.0,1,0
4.0,0.0,2.0,61.1730451278,52.1595346612,31.5128583978,0.42233325325,0.360104780062,255,168,138,0,52.1595346612,0.0,1,0
4.0,0.0,3.0,86.5176569743,77.1881485951,40.660041041,0.423346945731,0.377695930486,255,178,131,0,77.1881485951,0.0,1,0
4.0,0.0,5.0,109.543753635,105.582730127,64.9442583916,0.391128872629,0.376985933323,255,202,156,0,105.582730127,0.0,0,0
4.0,0.0,8.0,107.745042417,108.921306952,88.8906450743,0.352618478309,0.356468053203,255,225,198,0,108.921306952,0.0,0,0
4.0,0.0,12.0,91.3576411087,93.8771265102,95.6135253424,0.325291779934,0.334262763431,255,241,236,0,93.8771265102,0.0,0,0
4.0,0.0,20.0,62.9598579504,64.909713416,79.758229057,0.303234238488,0.312625348261,239,239,255,0,64.909713416,0.0,0,0
4.0,0.0,30.0,42.2278747028,43.3707667685,58.640795922,0.292762336473,0.300685911927,223,228,255,0,43.3707667685,0.0,0,0
4.0,0.0,45.0,25.848572074,26.4165474763,38.0835876788,0.286097863122,0.292384343799,213,220,255,0,26.4165474763,0.0,0,0
4.0,0.0,60.0,17.5712264855,17.8766418676,26.6400863572,0.283005400443,0.287924476672,209,217,255,0,17.8766418676,0.0,0,0
4.0,0.0,90.0,11.9424138299,12.0984278686,18.3409392687,0.281781783525,0.285462941682,207,214,255,0,12.0984278686,0.0,0,0
4.0,90.0,0.0,8.70395719375,8.78611288039,13.6708182446,0.27932314075,0.281959640897,203,212,255,0,8.78611288039,0.0,1,0
4.0,90.0,0.5,9.19136999049,9.22830102903,14.1592030934,0.282126692244,0.28326028079,208,212,255,0,9.22830102903,0.0,1,0
4.0,90.0,1.0,10.0866938689,9.98802465027,14.9640753376,0.287872177053,0.285056177765,216,213,255,0,9.98802465027,0.0,1,0
4.0,90.0,2.0,12.6795251018,12.0542993663,16.0759396306,0.310698318939,0.295377825198,250,221,255,0,12.0542993663,0.0,1,0
4.0,90.0,3.0,16.1808344252,15.0960483838,17.4635793584,0.331979503388,0.309723127614,255,211,230,0,15.0960483838,0.0,1,0
4.0,90.0,5.0,22.4807594916,21.2994561014,21.2725829785,0.345577130966,0.327417983071,255,210,212,0,21.2994561014,0.0,0,0
4.0,90.0,8.0,27.0805412532,26.5323418199,27.0334370093,0.33579388651,0.328996311212,255,223,223,0,26.5323418199,0.0,0,0
4.0,90.0,12.0,27.7197593028,27.7453400862,31.1786269116,0.319928060419,0.320223301453,255,236,245,0,27.7453400862,0.0,0,0
4.0,90.0,20.0,24.4728711648,24.7851298172,32.0125117732,0.301128543861,0.304970757252,236,231,255,0,24.7851298172,0.0,0,0
4.0,90.0,30.0,20.0991499846,20.3946411978,28.5306168613,0.291189023626,0.295469990628,221,223,255,0,20.3946411978,0.0,0,0
4.0,90.0,45.0,15.9397342134,16.1691048428,23.8151038401,0.28502522154,0.289126696106,212,217,255,0,16.1691048428,0.0,0,0
4.0,90.0,60.0,13.5093579503,13.6923276481,20.5594092822,0.282852769269,0.28668370527,208,215,255,0,13.6923276481,0.0,0,0
4.0,90.0,90.0,11.9424138299,12.0984278686,18.3409392685,0.281781783526,0.285462941683,207,214,255,0,12.0984278686,0.0,0,0
4.0,180.0,0.0,5.66919491402,5.71092207387,10.0235745529,0.264869959615,0.2668194906,183,200,255,0,5.71092207387,0.0,1,0
4.0,180.0,0.5,6.01819965847,6.06721170792,10.7666528395,0.263354750111,0.265499503819,180,199,255,0,6.06721170792,0.0,1,0
4.0,180.0,1.0,6.17819490859,6.23255407496,11.0880519311,0.262915326234,0.265228600285,180,199,255,0,6.23255407496,0.0,1,0
4.0,180.0,2.0,6.46078188081,6.5293320873,11.6717472126,0.261974626873,0.264754230812,178,199,255,0,6.5293320873,0.0,1,0
4.0,180.0,3.0,6.69243731444,6.78201886989,12.2236599892,0.260425210519,0.263911129676,176,198,255,0,6.78201886989,0.0,1,0
4.0,180.0,5.0,7.0812788687,7.16278046705,13.1634717019,0.258369820286,0.261343513839,173,196,255,0,7.16278046705,0.0,0,0
4.0,180.0,8.0,10.7139315941,10.0802135226,14.456936807,0.303931993273,0.285954727416,240,212,255,0,10.0802135226,0.0,0,0
4.0,180.0,12.0,17.1579471904,16.2468697139,17.7285437887,0.335552894586,0.317735222048,255,214,225,0,16.2468697139,0.0,0,0
4.0,180.0,20.0,22.7699045244,22.4270283411,24.7615429022,0.325477424638,0.320576286075,255,229,237,0,22.4270283411,0.0,0,0
4.0,180.0,30.0,22.1742453142,22.2428240688,27.1515307421,0.309832039127,0.310790263187,249,236,255,0,22.2428240688,0.0,0,0
4.0,180.0,45.0,18.2743153961,18.4651006967,24.7708077118,0.29709395066,0.300195635044,230,227,255,0,18.4651006967,0.0,0,0
4.0,180.0,60.0,14.6972778715,14.8863747047,21.2083346682,0.289362135031,0.293085100866,218,221,255,0,14.8863747047,0.0,0,0
4.0,180.0,90.0,11.9424138298,12.0984278685,18.3409392685,0.281781783525,0.285462941682,207,214,255,0,12.0984278685,0.0,0,0
4.5,0.0,0.0,12.2902100255,12.2968025686,16.1976505408,0.301343914128,0.301505556829,236,228,255,0,12.2968025686,0.0,1,0
4.5,0.0,0.5,14.7347695077,13.826308128,16.1819251485,0.329320085618,0.309016097884,255,214,234,0,13.826308128,0.0,1,0
4.5,0.0,1.0,21.0208121913,18.2601943267,17.0033642145,0.373475121383,0.324427440319,255,181,186,0,18.2601943267,0.0,1,0
4.5,0.0,2.0,40.2368149901,34.1346267146,20.2193821533,0.425377572041,0.360866152998,255,166,136,0,34.1346267146,0.0,1,0
4.5,0.0,3.0,57.2243925685,51.0316682184,26.624993108,0.424258195766,0.378345710868,255,177,130,0,51.0316682184,0.0,1,0
4.5,0.0,5.0,72.6709243092,70.0435292818,43.5362768669,0.390177929131,0.376071165518,255,202,157,0,70.0435292818,0.0,0,0
4.5,0.0,8.0,70.2585392697,71.0088497661,59.3166530882,0.350269834658,0.354010463715,255,226,201,0,71.0088497661,0.0,0,0
4.5,0.0,12.0,58.2786082562,59.7737590638,62.5004191738,0.322778780588,0.33105974283,255,242,240,0,59.7737590638,0.0,0,0
4.5,0.0,20.0,38.8871279282,39.961066303,50.4521997594,0.300750266322,0.309056028908,235,235,255,0,39.961066303,0.0,0,0
4.5,0.0,30.0,25.3901547286,25.9758960845,36.0740159109,0.290372087761,0.297070863023,219,224,255,0,25.9758960845,0.0,0,0
4.5,0.0,45.0,15.1744909772,15.4357335867,22.8540496132,0.283824875784,0.288711178152,210,217,255,0,15.4357335867,0.0,0,0
4.5,0.0,60.0,10.1099709096,10.2416978673,15.7056143039,0.280386375394,0.284039644483,205,213,255,0,10.2416978673,0.0,0,0
4.5,0.0,90.0,6.72310373439,6.77605450108,10.5739637541,0.279278430828,0.281478011203,203,211,255,0,6.77605450108,0.0,0,0
4.5,90.0,0.0,5.02683721205,5.07424429585,8.14983803033,0.275429257223,0.278026774773,198,209,255,0,5.07424429585,0.0,1,0
4.5,90.0,0.5,5.30559122911,5.3298239608,8.44464194011,0.278069986528,0.279340042039,202,209,255,0,5.3298239608,0.0,1,0
4.5,90.0,1.0,5.80284415297,5.75957174513,8.9334202928,0.283123074312,0.281011796322,209,210,255,0,5.75957174513,0.0,1,0
4.5,90.0,2.0,7.15539505011,6.84852207613,9.59739808266,0.303177809659,0.290175442153,239,216,255,0,6.84852207613,0.0,1,0
4.5,90.0,3.0,8.97021181789,8.42640894701,10.4028920994,0.322675144046,0.303113546923,255,217,243,0,8.42640894701,0.0,1,0
4.5,90.0,5.0,12.3221260743,11.7032230162,12.5533202126,0.336866439077,0.319946658508,255,214,223,0,11.7032230162,0.0,0,0
4.5,90.0,8.0,14.9105134545,14.5897814107,15.7822828782,0.329277046439,0.322194144806,255,225,232,0,14.5897814107,0.0,0,0
4.5,90.0,12.0,15.3827180676,15.3499379199,18.1084574621,0.314954287098,0.314283128204,255,237,253,0,15.3499379199,0.0,0,0
4.5,90.0,20.0,13.6965193801,13.8136875063,18.5542219161,0.297333967578,0.299877538166,230,226,255,0,13.8136875063,0.0,0,0
4.5,90.0,30.0,11.2835032508,11.3962278576,16.5027978172,0.287972817483,0.290849727419,216,219,255,0,11.3962278576,0.0,0,0
4.5,90.0,45.0,8.97341944492,9.0579619112,13.7721735629,0.282151459727,0.284809730681,208,214,255,0,9.0579619112,0.0,0,0
4.5,90.0,60.0,7.60288268448,7.66701917374,11.8633680609,0.280205176418,0.282568934617,205,212,255,0,7.66701917374,0.0,0,0
4.5,90.0,90.0,6.72310373438,6.77605450107,10.5739637541,0.279278430829,0.281478011204,203,211,255,0,6.77605450107,0.0,0,0
4.5,180.0,0.0,3.12583811972,3.15035010225,5.81480910077,0.258526078229,0.260553370261,173,196,255,0,3.15035010225,0.0,1,0
4.5,180.0,0.5,3.32364702573,3.35098328518,6.25234607317,0.257109391012,0.259224058714,171,195,255,0,3.35098328518,0.0,1,0
4.5,180.0,1.0,3.41807820664,3.4473301145,6.44035617495,0.256887021234,0.259085459953,171,195,255,0,3.4473301145,0.0,1,0
4.5,180.0,2.0,3.59510563906,3.62959904988,6.78487129826,0.256617733638,0.259079864601,171,195,255,0,3.62959904988,0.0,1,0
4.5,180.0,3.0,3.7511793779,3.79590471387,7.11727200824,0.255802529093,0.258852464301,169,195,255,0,3.79590471387,0.0,1,0
4.5,180.0,5.0,3.96473507547,4.03213467255,7.73680842056,0.251990350444,0.25627412925,163,193,255,0,4.03213467255,0.0,0,0
4.5,180.0,8.0,4.76500921625,4.66083399233,8.32972359943,0.268367057373,0.262499870758,189,196,255,0,4.66083399233,0.0,0,0
4.5,180.0,12.0,7.40874710306,7.05357909188,9.44832681202,0.309851307737,0.294997342391,249,220,255,0,7.05357909188,0.0,0,0
4.5,180.0,20.0,10.834377809,10.6094430115,12.7707520017,0.316659742189,0.310085502649,255,231,250,0,10.6094430115,0.0,0,0
4.5,180.0,30.0,11.2731181019,11.2375819153,14.4056504292,0.305369246026,0.304406632276,242,230,255,0,11.2375819153,0.0,0,0
4.5,180.0,45.0,9.75767856946,9.79510755303,13.5845067915,0.294462151594,0.295591664004,226,223,255,0,9.79510755303,0.0,0,0
4.5,180.0,60.0,8.04463362571,8.10047953654,11.8907402671,0.286940921773,0.288932867942,215,217,255,0,8.10047953654,0.0,0,0
4.5,180.0,90.0,6.72310373425,6.77605450094,10.5739637538,0.27927843083,0.281478011205,203,211,255,0,6.77605450094,0.0,0,0
5.0,0.0,0.0,7.55834122463,7.55469009352,10.0547598282,0.300318020786,0.30017294921,235,226,255,0,7.55469009352,0.0,1,0
5.0,0.0,0.5,9.1683516121,8.55779603366,10.0397847076,0.330201467591,0.30821208972,255,212,233,0,8.55779603366,0.0,1,0
5.0,0.0,1.0,13.4263307435,11.5435903935,10.5730915067,0.37774881038,0.324778051575,255,178,182,0,11.5435903935,0.0,1,0
5.0,0.0,2.0,26.5444701799,22.3612277496,12.7693578766,0.430392317169,0.362565180645,255,164,132,0,22.3612277496,0.0,1,0
5.0,0.0,3.0,38.1444952003,33.8775616554,17.2424523349,0.42731983345,0.379518825148,255,176,127,0,33.8775616554,0.0,1,0
5.0,0.0,5.0,47.8247901735,46.0955376247,28.8755321862,0.389465818958,0.375383483047,255,202,158,0,46.0955376247,0.0,0,0
5.0,0.0,8.0,45.1534926648,45.6364816699,39.0012779234,0.347893189096,0.35161446458,255,227,204,0,45.6364816699,0.0,0,0
5.0,0.0,12.0,36.3060783999,37.2496869817,40.1032070101,0.319429937082,0.32773204084,255,243,245,0,37.2496869817,0.0,0,0
5.0,0.0,20.0,23.2528399745,23.8950440691,31.1918900549,0.29682036031,0.305018036419,229,231,255,0,23.8950440691,0.0,0,0
5.0,0.0,30.0,14.7442902864,15.0655899242,21.6275903314,0.28664493279,0.292891344878,214,221,255,0,15.0655899242,0.0,0,0
5.0,0.0,45.0,8.5768998568,8.70432665363,13.3391440368,0.280104378345,0.28426588242,204,214,255,0,8.70432665363,0.0,0,0
5.0,0.0,60.0,5.60694352105,5.66256771359,8.99827693783,0.276643088695,0.279387551587,200,210,255,0,5.66256771359,0.0,0,0
5.0,0.0,90.0,3.63742552668,3.6511548322,5.91953074783,0.275393316826,0.276432777004,198,207,255,0,3.6511548322,0.0,0,0
5.0,90.0,0.0,2.85545353792,2.88452839414,4.76244187847,0.271885194259,0.274653589131,193,206,255,0,2.88452839414,0.0,1,0
5.0,90.0,0.5,3.01546228124,3.03333365423,4.94058817811,0.2743977506,0.276023990323,196,207,255,0,3.03333365423,0.0,1,0
5.0,90.0,1.0,3.28898905043,3.2752367098,5.23434735875,0.278761594073,0.277596000531,203,208,255,0,3.2752367098,0.0,1,0
5.0,90.0,2.0,3.97572696339,3.83983179645,5.62786077359,0.295737773674,0.28562909808,228,213,255,0,3.83983179645,0.0,1,0
5.0,90.0,3.0,4.8766383959,4.63234392666,6.09079219112,0.312609543915,0.296949415685,253,222,255,0,4.63234392666,0.0,1,0
5.0,90.0,5.0,6.56367662186,6.28518279539,7.28235689461,0.326044711864,0.3122107824,255,220,237,0,6.28518279539,0.0,0,0
5.0,90.0,8.0,7.92481320423,7.78479572044,9.03788215285,0.320226934496,0.314569088885,255,230,245,0,7.78479572044,0.0,0,0
5.0,90.0,12.0,8.24868582067,8.22966408465,10.289074657,0.308161354913,0.307450724872,247,233,255,0,8.22966408465,0.0,0,0
5.0,90.0,20.0,7.39340491251,7.44088041177,10.4921388622,0.291924547187,0.293799091296,222,221,255,0,7.44088041177,0.0,0,0
5.0,90.0,30.0,6.10265551224,6.14479964819,9.29767657178,0.283249858395,0.285205944645,209,214,255,0,6.14479964819,0.0,0,0
5.0,90.0,45.0,4.86288995229,4.8910058448,7.74787560828,0.277851300857,0.279457760676,201,210,255,0,4.8910058448,0.0,0,0
5.0,90.0,60.0,4.11508217715,4.13361809177,6.65303947413,0.276147768523,0.277391644402,199,208,255,0,4.13361809177,0.0,0,0
5.0,90.0,90.0,3.63742552668,3.6511548322,5.91953074783,0.275393316826,0.276432777004,198,207,255,0,3.6511548322,0.0,0,0
5.0,180.0,0.0,1.72264003147,1.73771585204,3.33911377382,0.253349175493,0.255566380853,166,192,255,0,1.73771585204,0.0,1,0
5.0,180.0,0.5,1.83481661763,1.85077216071,3.59298302239,0.252084703959,0.254276829491,164,191,255,0,1.85077216071,0.0,1,0
5.0,180.0,1.0,1.89153159165,1.90789541455,3.70279739462,0.252129433964,0.254310630103,164,191,255,0,1.90789541455,0.0,1,0
5.0,180.0,2.0,2.00387661313,2.02159790704,3.90640351067,0.252635832943,0.254870019329,165,192,255,0,2.02159790704,0.0,1,0
5.0,180.0,3.0,2.10894375397,2.13167788602,4.10699387834,0.252640259884,0.255363688151,165,192,255,0,2.13167788602,0.0,1,0
5.0,180.0,5.0,2.26831143949,2.30557978238,4.50747099579,0.249776562715,0.253880390091,160,191,255,0,2.30557978238,0.0,0,0
5.0,180.0,8.0,2.41759389468,2.4352888656,4.85324332368,0.249079176777,0.250902249212,160,189,255,0,2.4352888656,0.0,0,0
5.0,180.0,12.0,3.24251110575,3.14304641645,5.20018325851,0.279870848755,0.271285753405,205,202,255,0,3.14304641645,0.0,0,0
5.0,180.0,20.0,4.92577146666,4.81734416182,6.54071219679,0.302494691022,0.295836102759,238,222,255,0,4.81734416182,0.0,0,0
5.0,180.0,30.0,5.43810608931,5.40342510139,7.44653883468,0.297358118258,0.295461746039,230,222,255,0,5.40342510139,0.0,0,0
5.0,180.0,45.0,4.92899959694,4.93533981198,7.22138240912,0.288486471303,0.288857553959,217,217,255,0,4.93533981198,0.0,0,0
5.0,180.0,60.0,4.19499227936,4.20927581315,6.46084027791,0.282203948658,0.28316482519,208,212,255,0,4.20927581315,0.0,0,0
5.0,180.0,90.0,3.63742552629,3.65115483185,5.91953074761,0.275393316817,0.276432776997,198,207,255,0,3.65115483185,0.0,0,0
5.5,0.0,0.0,4.59975262015,4.5929447045,6.14321915554,0.299933337932,0.299489418219,234,226,255,0,4.5929447045,0.0,1,0
5.5,0.0,0.5,5.68810865678,5.26567627926,6.13392638876,0.332877150642,0.308155737136,255,209,229,0,5.26567627926,0.0,1,0
5.5,0.0,1.0,8.58284493733,7.28402087664,6.4777780422,0.384111959563,0.325985096183,255,173,176,0,7.28402087664,0.0,1,0
5.5,0.0,2.0,17.520137008,14.64258015,7.97364218688,0.436515351515,0.364820835498,255,161,127,0,14.64258015,0.0,1,0
5.5,0.0,3.0,25.2762111547,22.3689252953,11.0751199818,0.430451307447,0.380940524694,255,175,125,0,22.3689252953,0.0,1,0
5.5,0.0,5.0,31.1473010281,30.042086705,18.9771084902,0.388532647621,0.374746161056,255,203,159,0,30.042086705,0.0,0,0
5.5,0.0,8.0,28.6034761089,28.9393649651,25.3110117723,0.345228074812,0.349282066807,255,228,208,0,28.9393649651,0.0,0,0
5.5,0.0,12.0,22.2152106974,22.8285969308,25.3081977554,0.315772245244,0.324491061859,255,246,251,0,22.8285969308,0.0,0,0
5.5,0.0,20.0,13.6701711303,14.0464177664,18.922408717,0.293106023494,0.301173234527,223,228,255,0,14.0464177664,0.0,0,0
5.5,0.0,30.0,8.33913911296,8.52894050893,12.7071376525,0.281963748079,0.288381330551,207,217,255,0,8.52894050893,0.0,0,0
5.5,0.0,45.0,4.71459955097,4.78274707658,7.62720960073,0.27531221762,0.279291738298,197,210,255,0,4.78274707658,0.0,0,0
5.5,0.0,60.0,3.01938539786,3.04518519972,5.04840521805,0.271699088341,0.27402068089,192,205,255,0,3.04518519972,0.0,0,0
5.5,0.0,90.0,1.90096389721,1.90524542404,3.24417138325,0.269625709148,0.270232985124,190,202,255,0,1.90524542404,0.0,0,0
5.5,90.0,0.0,1.6154884125,1.63398658031,2.75713253295,0.268951884332,0.272031520838,188,204,255,0,1.63398658031,0.0,1,0
5.5,90.0,0.5,1.70558451041,1.71854623482,2.86080310749,0.271376684366,0.273439032946,192,205,255,0,1.71854623482,0.0,1,0
5.5,90.0,1.0,1.85586592047,1.85433041147,3.03357583426,0.275197007658,0.274969314765,198,206,255,0,1.85433041147,0.0,1,0
5.5,90.0,2.0,2.2038743066,2.14841418964,3.26417835174,0.289356515375,0.282074908553,219,210,255,0,2.14841418964,0.0,1,0
5.5,90.0,3.0,2.64367333734,2.54328855354,3.52906657846,0.303311691402,0.291794429365,239,218,255,0,2.54328855354,0.0,1,0
5.5,90.0,5.0,3.4638796016,3.35506387339,4.1833519239,0.314832448686,0.304942173587,255,229,254,0,3.35506387339,0.0,0,0
5.5,90.0,8.0,4.15583510662,4.10633675737,5.11785717478,0.310599857039,0.306900436873,250,232,255,0,4.10633675737,0.0,0,0
5.5,90.0,12.0,4.30860500584,4.31664887972,5.76626116248,0.299385088468,0.299944020161,233,226,255,0,4.31664887972,0.0,0,0
5.5,90.0,20.0,3.87545705851,3.90584930615,5.83599270565,0.284598071798,0.286829956953,211,215,255,0,3.90584930615,0.0,0,0
5.5,90.0,30.0,3.19862536726,3.220819362,5.14202082111,0.276662621475,0.278582273845,200,209,255,0,3.220819362,0.0,0,0
5.5,90.0,45.0,2.54120071541,2.55365089024,4.25424123074,0.271812544798,0.273144243503,193,205,255,0,2.55365089024,0.0,0,0
5.5,90.0,60.0,2.15351176376,2.16046824821,3.65563229292,0.270215373267,0.27108824941,190,203,255,0,2.16046824821,0.0,0,0
5.5,90.0,90.0,1.90096389721,1.90524542403,3.24417138326,0.269625709147,0.270232985123,190,202,255,0,1.90524542403,0.0,0,0
5.5,180.0,0.0,0.957727083066,0.967395501912,1.9130757051,0.249525170584,0.252044169894,160,190,255,0,0.967395501912,0.0,1,0
5.5,180.0,0.5,1.02168438396,1.03151031705,2.05905723311,0.248448879186,0.250838307956,159,189,255,0,1.03151031705,0.0,1,0
5.5,180.0,1.0,1.05623589503,1.06590593331,2.12323393071,0.248796797969,0.25107457945,159,189,255,0,1.06590593331,0.0,1,0
5.5,180.0,2.0,1.1281460951,1.13771189695,2.24409373,0.25014593606,0.252266979131,161,190,255,0,1.13771189695,0.0,1,0
5.5,180.0,3.0,1.19847865176,1.21062044353,2.36576307296,0.250997538679,0.253540395696,162,191,255,0,1.21062044353,0.0,1,0
5.5,180.0,5.0,1.30356302164,1.32524737629,2.5997474451,0.249315979812,0.253463271533,160,191,255,0,1.32524737629,0.0,0,0
5.5,180.0,8.0,1.36529210585,1.39172152113,2.84712821265,0.243621975482,0.248338025867,151,188,255,0,1.39172152113,0.0,0,0
5.5,180.0,12.0,1.55381355931,1.54084747165,2.97615421134,0.255948088896,0.25381228223,171,190,255,0,1.54084747165,0.0,0,0
5.5,180.0,20.0,2.21392048766,2.17633546206,3.40116179145,0.28414860571,0.279324704997,211,209,255,0,2.17633546206,0.0,0,0
5.5,180.0,30.0,2.54237650543,2.52626962826,3.81543287923,0.286172207803,0.284359203086,214,213,255,0,2.52626962826,0.0,0,0
5.5,180.0,45.0,2.40892064926,2.40929967188,3.76548947279,0.280638640762,0.2806827968,206,210,255,0,2.40929967188,0.0,0,0
5.5,180.0,60.0,2.11564786317,2.11832593383,3.43580538111,0.275842082808,0.276191254616,199,207,255,0,2.11832593383,0.0,0,0
5.5,180.0,90.0,1.90096389733,1.90524542417,3.24417138348,0.269625709147,0.270232985124,190,202,255,0,1.90524542417,0.0,0,0
6.0,0.0,0.0,2.78421160721,2.77621316204,3.7139638767,0.300204327584,0.299341904682,234,226,255,0,2.77621316204,0.0,1,0
6.0,0.0,0.5,3.52544788948,3.23019678152,3.70944383773,0.336877025602,0.308664067086,255,204,225,0,3.23019678152,0.0,1,0
6.0,0.0,1.0,5.50825729444,4.60223329567,3.92990808116,0.392314878189,0.327785086693,255,168,170,0,4.60223329567,0.0,1,0
6.0,0.0,2.0,11.5497742601,9.5741539172,4.94512051272,0.443045482689,0.367261346244,255,159,122,0,9.5741539172,0.0,1,0
6.0,0.0,3.0,16.5911587703,14.6566721026,7.07945427879,0.432881136887,0.382408303762,255,174,122,0,14.6566721026,0.0,1,0
6.0,0.0,5.0,20.0796190112,19.400442789,12.3765906459,0.38721394583,0.374116759834,255,203,160,0,19.400442789,0.0,0,0
6.0,0.0,8.0,17.9019870436,18.1829768635,16.468278356,0.340644768481,0.345991533167,255,231,214,0,18.1829768635,0.0,0,0
6.0,0.0,12.0,13.3817135452,13.8032145857,15.7620044086,0.311587178733,0.321401640803,253,247,255,0,13.8032145857,0.0,0,0
6.0,0.0,20.0,7.87985234726,8.11820842833,11.3161607327,0.288488996286,0.297215442361,216,225,255,0,8.11820842833,0.0,0,0
6.0,0.0,30.0,4.65448522858,4.76435495412,7.35797898959,0.277435500781,0.283984401643,200,214,255,0,4.76435495412,0.0,0,0
6.0,0.0,45.0,2.5473031081,2.58524060338,4.29878110853,0.27008963817,0.274112137236,190,206,255,0,2.58524060338,0.0,0,0
6.0,0.0,60.0,1.59265377523,1.60676483406,2.79221554256,0.26581292096,0.268168047871,184,201,255,0,1.60676483406,0.0,0,0
6.0,0.0,90.0,0.9756642449,0.97687113842,1.75398360065,0.263229258805,0.263554872549,181,198,255,0,0.97687113842,0.0,0,0
6.0,90.0,0.0,0.91454686558,0.926235165856,1.58795937032,0.266729612537,0.270138531119,185,203,255,0,0.926235165856,0.0,1,0
6.0,90.0,0.5,0.96616412485,0.975057660245,1.64880314517,0.269124628273,0.27160191898,189,204,255,0,0.975057660245,0.0,1,0
6.0,90.0,1.0,1.05003666596,1.05220505805,1.75024424701,0.272560802001,0.273123657286,194,205,255,0,1.05220505805,0.0,1,0
6.0,90.0,2.0,1.2300249015,1.2087091324,1.88523142369,0.284466865789,0.27953718508,211,209,255,0,1.2087091324,0.0,1,0
6.0,90.0,3.0,1.44646645915,1.40796287893,2.03699127011,0.295715002863,0.287843346893,228,215,255,0,1.40796287893,0.0,1,0
6.0,90.0,5.0,1.84017023553,1.80372527277,2.39606424408,0.304665976426,0.298632001986,241,225,255,0,1.80372527277,0.0,0,0
6.0,90.0,8.0,2.16887348863,2.161484131,2.88748574332,0.300487746765,0.299463984227,235,226,255,0,2.161484131,0.0,0,0
6.0,90.0,12.0,2.23635264615,2.25247873209,3.21333353268,0.290353773519,0.292447481732,220,220,255,0,2.25247873209,0.0,0,0
6.0,90.0,20.0,2.00923784265,2.02967481688,3.21904836016,0.27683227248,0.279648073525,200,210,255,0,2.02967481688,0.0,0,0
6.0,90.0,30.0,1.65042776287,1.66293716671,2.81043931933,0.269510208978,0.271552959422,189,204,255,0,1.66293716671,0.0,0,0
6.0,90.0,45.0,1.29886437918,1.30448388636,2.29224241661,0.265313107959,0.266460979084,183,200,255,0,1.30448388636,0.0,0,0
6.0,90.0,60.0,1.10807788151,1.11085793537,1.98359456123,0.263669213978,0.264330733016,181,198,255,0,1.11085793537,0.0,0,0
6.0,90.0,90.0,0.975664244905,0.976871138431,1.75398360069,0.263229258803,0.263554872548,181,198,255,0,0.976871138431,0.0,0,0
6.0,180.0,0.0,0.540128490404,0.546479251555,1.10101747841,0.246901747783,0.2498047867,156,188,255,0,0.546479251555,0.0,1,0
6.0,180.0,0.5,0.577066829795,0.583351487687,1.18504261074,0.246035575716,0.248715073727,155,188,255,0,0.583351487687,0.0,1,0
6.0,180.0,1.0,0.598478685661,0.604436566887,1.22291851492,0.246710509882,0.249166523689,156,188,255,0,0.604436566887,0.0,1,0
6.0,180.0,2.0,0.644955667737,0.650366551254,1.29528516485,0.248959248615,0.251047903017,160,189,255,0,0.650366551254,0.0,1,0
6.0,180.0,3.0,0.691903434514,0.698786191913,1.36979113366,0.250645990552,0.253139308926,162,191,255,0,0.698786191913,0.0,1,0
6.0,180.0,5.0,0.764923354772,0.778408560418,1.51794013373,0.249871080566,0.254276179307,160,192,255,0,0.778408560418,0.0,0,0
6.0,180.0,8.0,0.80977686232,0.829011158111,1.68419078227,0.243690047515,0.249478316695,151,189,255,0,0.829011158111,0.0,0,0
6.0,180.0,12.0,0.835115486578,0.843902160223,1.75875189986,0.242923638494,0.245479561317,150,186,255,0,0.843902160223,0.0,0,0
6.0,180.0,20.0,1.04136262972,1.03182055739,1.85207894325,0.265297601824,0.262866662945,184,197,255,0,1.03182055739,0.0,0,0
6.0,180.0,30.0,1.19112039372,1.18489209614,1.9758725037,0.273702176294,0.27227100392,196,204,255,0,1.18489209614,0.0,0,0
6.0,180.0,45.0,1.16114634711,1.16076609022,1.94976663972,0.271824340305,0.271735322173,193,203,255,0,1.16076609022,0.0,0,0
6.0,180.0,60.0,1.04417963535,1.04512933709,1.80517902908,0.26811730706,0.26836116498,188,201,255,0,1.04512933709,0.0,0,0
6.0,180.0,90.0,0.975664244908,0.976871138437,1.75398360067,0.263229258805,0.26355487255,181,198,255,0,0.976871138437,0.0,0,0
