solar_depression_deg,relative_azimuth_deg,elevation_deg,X,Y_cd_m2,Z,CIE_x,CIE_y,preview_sRGB_R8,preview_sRGB_G8,preview_sRGB_B8,gamut_clipped,solar_Y_cd_m2,background_Y_cd_m2,near_horizon,night_background_important
-5.0,0.0,0.0,13969.3046882,13643.0108944,5965.00589537,0.416033920316,0.406316236492,255,200,124,0,13643.0108944,0.0,1,0
-5.0,0.0,0.25,14390.8355991,14032.6074491,6017.95453867,0.41783541341,0.40743432126,255,199,122,0,14032.6074491,0.0,1,0
-5.0,0.0,0.5,14851.9363183,14491.0303815,6155.11733709,0.418386984009,0.408220070876,255,199,121,0,14491.0303815,0.0,1,0
-5.0,0.0,0.75,15308.2448348,14971.86363,6346.30453627,0.41795643036,0.40877231493,255,200,121,0,14971.86363,0.0,1,0
-5.0,0.0,1.0,15714.8267251,15426.2957689,6562.86324251,0.416794840602,0.409142308633,255,201,122,0,15426.2957689,0.0,1,0
-5.0,0.0,1.25,16051.7019283,15829.7818914,6792.03365913,0.415056684127,0.409318389517,255,202,123,0,15829.7818914,0.0,1,0
-5.0,0.0,1.5,16312.3575621,16170.4096671,7025.94928527,0.412879966783,0.40928714202,255,204,125,0,16170.4096671,0.0,1,0
-5.0,0.0,1.75,16498.1534007,16444.1967564,7258.80448262,0.410390038509,0.409047871977,255,206,127,0,16444.1967564,0.0,1,0
-5.0,0.0,2.0,16614.8194015,16652.2420397,7486.12410599,0.407693758866,0.408612034032,255,208,130,0,16652.2420397,0.0,1,0
-5.0,0.0,2.25,16670.1337882,16798.6719372,7704.50107395,0.404877214975,0.407999095604,255,210,132,0,16798.6719372,0.0,1,0
-5.0,0.0,2.5,16672.4572598,16889.179032,7911.42534062,0.402006907702,0.407232511111,255,212,135,0,16889.179032,0.0,1,0
-5.0,0.0,2.75,16629.8748627,16930.0357285,8105.1221362,0.399132648509,0.406336791796,255,214,138,0,16930.0357285,0.0,1,0
-5.0,0.0,3.0,16549.7222994,16927.4461129,8284.38052724,0.396290911607,0.405335686601,255,216,141,0,16927.4461129,0.0,1,0
-5.0,0.0,3.25,16438.3302953,16887.1142691,8448.36371998,0.393508060922,0.404251251266,255,217,144,0,16887.1142691,0.0,1,0
-5.0,0.0,3.5,16300.8703659,16813.9324524,8596.4032652,0.390803141326,0.403103483,255,219,146,0,16813.9324524,0.0,1,0
-5.0,0.0,3.75,16141.5312432,16712.0578918,8728.13006897,0.388188164228,0.401908776542,255,221,149,0,16712.0578918,0.0,1,0
-5.0,0.0,4.0,15966.1734141,16587.6338455,8847.35248047,0.385645559553,0.400656260589,255,222,152,0,16587.6338455,0.0,1,0
-5.0,0.0,4.25,15773.6388024,16439.4715592,8946.00097034,0.383235650429,0.399412694473,255,224,155,0,16439.4715592,0.0,1,0
-5.0,0.0,4.5,15570.5837858,16274.9977138,9030.22705974,0.38092417825,0.398157205629,255,225,157,0,16274.9977138,0.0,1,0
-5.0,0.0,4.75,15360.1025882,16097.8344626,9101.13392356,0.378709428476,0.396898500776,255,227,160,0,16097.8344626,0.0,1,0
-5.0,0.0,5.0,15144.5073981,15910.779666,9159.62791037,0.376589317861,0.395643747503,255,228,162,0,15910.779666,0.0,0,0
-5.0,0.0,6.0,14258.610285,15099.4204685,9281.91746322,0.369012147869,0.390772274947,255,232,171,0,15099.4204685,0.0,0,0
-5.0,0.0,7.0,13370.5696148,14238.0787368,9249.81649369,0.362754381414,0.386290606419,255,236,179,0,14238.0787368,0.0,0,0
-5.0,0.0,8.0,12521.5537288,13386.7411086,9113.52410806,0.35753579071,0.38224002955,255,239,186,0,13386.7411086,0.0,0,0
-5.0,0.0,9.0,11727.3480851,12573.0623531,8909.9342153,0.353123347785,0.378588734452,255,242,192,0,12573.0623531,0.0,0,0
-5.0,0.0,10.0,10989.6529009,11805.7912936,8661.23676664,0.349358310067,0.375303144925,255,244,197,0,11805.7912936,0.0,0,0
-5.0,0.0,11.0,10306.1648642,11087.0623191,8383.45359697,0.346115302114,0.372340436496,255,245,202,0,11087.0623191,0.0,0,0
-5.0,0.0,12.0,9673.13287034,10415.9387513,8088.26676873,0.343294768879,0.369656587396,255,247,206,0,10415.9387513,0.0,0,0
-5.0,0.0,13.0,9086.43225953,9790.08584157,7784.19299154,0.340817325838,0.367210229598,255,248,209,0,9790.08584157,0.0,0,0
-5.0,0.0,14.0,8542.04009779,9206.61855956,7477.43191001,0.338619259095,0.364964144364,255,249,213,0,9206.61855956,0.0,0,0
-5.0,0.0,15.0,8036.2314026,8662.53100867,7172.48188297,0.336649036956,0.362885608387,255,250,216,0,8662.53100867,0.0,0,0
-5.0,0.0,16.0,7565.6200166,8154.88243631,6872.54572511,0.334864953015,0.360946534175,255,251,218,0,8154.88243631,0.0,0,0
-5.0,0.0,17.0,7121.09780781,7673.27468429,6585.43469846,0.333075866604,0.358902894488,255,252,221,0,7673.27468429,0.0,0,0
-5.0,0.0,18.0,6711.82443317,7230.06506892,6301.35144336,0.331558788005,0.357159463171,255,252,224,0,7230.06506892,0.0,0,0
-5.0,0.0,19.0,6323.40705686,6808.32078503,6022.57834708,0.330129788804,0.355445961752,255,253,226,0,6808.32078503,0.0,0,0
-5.0,0.0,20.0,5966.29971985,6420.76558781,5759.10063013,0.328791202522,0.35383593481,255,253,228,0,6420.76558781,0.0,0,0
-5.0,0.0,21.0,5632.45435614,6058.23489248,5506.86450406,0.327514856888,0.352273060437,255,254,230,0,6058.23489248,0.0,0,0
-5.0,0.0,22.0,5320.1606849,5718.9787404,5266.03206365,0.326286705326,0.350746310413,255,254,232,0,5718.9787404,0.0,0,0
-5.0,0.0,23.0,5027.87225129,5401.39541345,5036.59041871,0.325094942949,0.349246410015,255,255,234,0,5401.39541345,0.0,0,0
-5.0,0.0,24.0,4754.1835844,5104.01410584,4818.39445644,0.323929665476,0.347765615807,255,255,236,0,5104.01410584,0.0,0,0
-5.0,0.0,25.0,4497.81126963,4825.47985141,4611.20010345,0.32278259731,0.346297527026,254,255,237,0,4825.47985141,0.0,0,0
-5.0,0.0,26.0,4257.57816505,4564.5404572,4414.69032517,0.321646869873,0.344836922202,254,255,239,0,4564.5404572,0.0,0,0
-5.0,0.0,27.0,4032.40032447,4320.03536752,4228.4955404,0.320516840127,0.343379618545,254,255,240,0,4320.03536752,0.0,0,0
-5.0,0.0,28.0,3821.27605712,4090.88612311,4052.20975951,0.319387935812,0.341922346088,253,255,242,0,4090.88612311,0.0,0,0
-5.0,0.0,29.0,3623.27693811,3876.0883919,3885.40333208,0.318256527265,0.340462639773,253,255,243,0,3876.0883919,0.0,0,0
-5.0,0.0,30.0,3437.54020356,3674.70510806,3727.63299149,0.317119815135,0.338998741988,252,255,245,0,3674.70510806,0.0,0,0
-5.0,0.0,31.0,3263.26240371,3485.86066296,3578.44977135,0.315975733592,0.337529516144,252,255,246,0,3485.86066296,0.0,0,0
-5.0,0.0,32.0,3099.69396712,3308.73585322,3437.40517015,0.31482286369,0.336054367803,252,255,248,0,3308.73585322,0.0,0,0
-5.0,0.0,33.0,2946.13463854,3142.56357818,3304.05594372,0.313660358636,0.334573174652,251,255,249,0,3142.56357818,0.0,0,0
-5.0,0.0,34.0,2801.92944921,2986.62497489,3177.96772876,0.312487874501,0.333086220496,251,255,251,0,2986.62497489,0.0,0,0
-5.0,0.0,35.0,2666.46526489,2840.2460575,3058.7177851,0.311305508624,0.331594135198,250,255,252,0,2840.2460575,0.0,0,0
-5.0,0.0,36.0,2539.16763522,2702.79459295,2945.89691018,0.31011374186,0.33009783721,250,255,254,0,2702.79459295,0.0,0,0
-5.0,0.0,37.0,2419.49806469,2573.6773616,2839.11081211,0.30891338634,0.328598481115,249,255,255,0,2573.6773616,0.0,0,0
-5.0,0.0,38.0,2306.95144839,2452.33753905,2737.98088279,0.307705536591,0.327097407656,247,253,255,0,2452.33753905,0.0,0,0
-5.0,0.0,39.0,2201.05382344,2338.25237512,2642.14466012,0.306491524728,0.32559609766,245,252,255,0,2338.25237512,0.0,0,0
-5.0,0.0,40.0,2101.35930755,2230.92996338,2551.25405226,0.305272910895,0.324096160747,243,250,255,0,2230.92996338,0.0,0,0
-5.0,0.0,41.0,1986.406879,2105.18173153,2447.36169171,0.303780696776,0.321944904644,240,248,255,0,2105.18173153,0.0,0,0
-5.0,0.0,42.0,1900.61658578,2013.22169844,2367.77856065,0.302568054168,0.320494189339,238,246,255,0,2013.22169844,0.0,0,0
-5.0,0.0,43.0,1807.23363451,1911.97597681,2276.30977442,0.30143070487,0.318900808053,236,245,255,0,1911.97597681,0.0,0,0
-5.0,0.0,44.0,1732.62935405,1832.2927218,2206.35138846,0.300216124702,0.317484994106,234,243,255,0,1832.2927218,0.0,0,0
-5.0,0.0,45.0,1662.31942127,1757.26658778,2139.74810392,0.299014124262,0.316092998203,233,242,255,0,1757.26658778,0.0,0,0
-5.0,0.0,46.0,1596.01906892,1686.58574364,2076.25917585,0.297827874037,0.31472822361,231,241,255,0,1686.58574364,0.0,0,0
-5.0,0.0,47.0,1533.46341464,1619.96019154,2015.66328986,0.296660405499,0.313393878672,229,240,255,0,1619.96019154,0.0,0,0
-5.0,0.0,48.0,1474.42205629,1557.13608218,1957.80925183,0.295512825766,0.31209088455,227,238,255,0,1557.13608218,0.0,0,0
-5.0,0.0,49.0,1419.02700225,1498.21987512,1903.69037035,0.294346706737,0.31077356915,225,237,255,0,1498.21987512,0.0,0,0
-5.0,0.0,50.0,1368.0626859,1443.96560645,1856.40838434,0.293045141371,0.309303886172,223,236,255,0,1443.96560645,0.0,0,0
-5.0,0.0,51.0,1320.19754959,1393.03392102,1812.08521489,0.291735947193,0.307831256425,221,234,255,0,1393.03392102,0.0,0,0
-5.0,0.0,52.0,1275.52677211,1345.49618547,1771.42740154,0.290390708563,0.306320180187,219,233,255,0,1345.49618547,0.0,0,0
-5.0,0.0,53.0,1233.50505427,1300.79816469,1733.12730107,0.289050998834,0.304819998493,217,232,255,0,1300.79816469,0.0,0,0
-5.0,0.0,54.0,1193.80140584,1258.59764154,1696.5214861,0.287737833542,0.303355446648,215,230,255,0,1258.59764154,0.0,0,0
-5.0,0.0,55.0,1156.27244002,1218.73801722,1661.51249367,0.286452586566,0.301927681829,213,229,255,0,1218.73801722,0.0,0,0
-5.0,0.0,56.0,1120.79213749,1181.08097565,1628.03369475,0.285195601901,0.30053663697,211,228,255,0,1181.08097565,0.0,0,0
-5.0,0.0,57.0,1087.24338359,1145.49808093,1596.02423468,0.283967071638,0.29918207875,209,227,255,0,1145.49808093,0.0,0,0
-5.0,0.0,58.0,1043.70274612,1099.19641038,1545.01719404,0.28300607902,0.298053509327,208,226,255,0,1099.19641038,0.0,0,0
-5.0,0.0,59.0,1012.75880606,1066.40179503,1514.22507734,0.281839717941,0.29676797607,206,225,255,0,1066.40179503,0.0,0,0
-5.0,0.0,60.0,978.371929601,1029.8774039,1475.55645153,0.28083423416,0.295618489505,204,224,255,0,1029.8774039,0.0,0,0
-5.0,0.0,61.0,950.224456577,1000.06782398,1446.69818958,0.279725381903,0.29439818356,203,223,255,0,1000.06782398,0.0,0,0
-5.0,0.0,62.0,923.560485323,971.842527611,1419.10948481,0.278641424931,0.293208285765,201,222,255,0,971.842527611,0.0,0,0
-5.0,0.0,63.0,898.293069228,945.107257023,1392.72899903,0.277582562047,0.292048667412,200,221,255,0,945.107257023,0.0,0,0
-5.0,0.0,64.0,874.341296154,919.774409243,1367.49966338,0.27654891382,0.290919135302,198,220,255,0,919.774409243,0.0,0,0
-5.0,0.0,65.0,851.629885675,895.762582288,1343.36839709,0.275540529617,0.289819439743,196,219,255,0,895.762582288,0.0,0,0
-5.0,0.0,66.0,830.088740502,872.996074415,1320.28576976,0.274557391247,0.288749278318,195,218,255,0,872.996074415,0.0,0,0
-5.0,0.0,67.0,809.652592771,851.404487397,1298.20575609,0.273599419034,0.287708302542,194,217,255,0,851.404487397,0.0,0,0
-5.0,0.0,68.0,790.260646733,830.922326724,1277.08545554,0.272666478656,0.286696124628,192,217,255,0,830.922326724,0.0,0,0
-5.0,0.0,69.0,771.856215956,811.488600408,1256.88483435,0.271758382553,0.285712319145,191,216,255,0,811.488600408,0.0,0,0
-5.0,0.0,70.0,754.386455912,793.04651723,1237.56651911,0.270874898905,0.284756431532,190,215,255,0,793.04651723,0.0,0,0
-5.0,0.0,71.0,737.802056212,775.543146698,1219.09555961,0.270015755266,0.283827981684,188,214,255,0,775.543146698,0.0,0,0
-5.0,0.0,72.0,722.056973574,758.929122334,1201.43923439,0.269180642391,0.28292646724,187,214,255,0,758.929122334,0.0,0,0
-5.0,0.0,73.0,707.108173101,743.158355736,1184.56684555,0.268369218325,0.282051367256,186,213,255,0,743.158355736,0.0,0,0
-5.0,0.0,74.0,692.915416874,728.187800159,1168.44955366,0.267581114668,0.28120214749,185,212,255,0,728.187800159,0.0,0,0
-5.0,0.0,75.0,679.441025159,713.977189634,1153.0601964,0.266815937717,0.280378261404,184,212,255,0,713.977189634,0.0,0,0
-5.0,0.0,76.0,666.649675792,700.488816458,1138.37313647,0.266073271483,0.27957915199,182,211,255,0,700.488816458,0.0,0,0
-5.0,0.0,77.0,654.508214806,687.687321608,1124.36409133,0.265352682921,0.278804255885,181,210,255,0,687.687321608,0.0,0,0
-5.0,0.0,78.0,642.985480201,675.539502518,1111.01000939,0.264653722745,0.278053003851,180,210,255,0,675.539502518,0.0,0,0
-5.0,0.0,79.0,632.052113785,664.014105868,1098.28891057,0.263975926464,0.277324820151,179,209,255,0,664.014105868,0.0,0,0
-5.0,0.0,80.0,621.680416592,653.081669044,1086.17976381,0.263318817758,0.276619125201,178,209,255,0,653.081669044,0.0,0,0
-5.0,0.0,81.0,611.844191069,642.714347484,1074.66235044,0.262681909629,0.275935335511,177,208,255,0,642.714347484,0.0,0,0
-5.0,0.0,82.0,595.367101298,625.300670994,1050.81983205,0.262104490538,0.275282449175,177,208,255,0,625.300670994,0.0,0,0
-5.0,0.0,83.0,586.962678584,616.446367593,1041.22299413,0.261496168656,0.27463136787,176,207,255,0,616.446367593,0.0,0,0
-5.0,0.0,84.0,575.887543918,604.714375182,1026.43846118,0.260932037793,0.273993344473,175,207,255,0,604.714375182,0.0,0,0
-5.0,0.0,85.0,568.636265695,597.079777004,1018.33945875,0.260357974107,0.273381228915,174,206,255,0,597.079777004,0.0,0,0
-5.0,0.0,86.0,561.850102818,589.935921596,1010.81273601,0.259803211349,0.272790280098,173,206,255,0,589.935921596,0.0,0,0
-5.0,0.0,87.0,555.509062641,583.261567418,1003.84088947,0.259267280875,0.272219934459,172,206,255,0,583.261567418,0.0,0,0
-5.0,0.0,88.0,549.593731105,577.036077956,997.406542795,0.258749682238,0.271669586752,172,205,255,0,577.036077956,0.0,0,0
-5.0,0.0,89.0,544.085107768,571.239242717,991.492162803,0.258249878115,0.271138582365,171,205,255,0,571.239242717,0.0,0,0
-5.0,0.0,90.0,538.964440487,565.851096783,986.07986081,0.257767290024,0.270626209854,170,204,255,0,565.851096783,0.0,0,0
-5.0,90.0,0.0,1362.77375809,1376.05967239,1196.19386434,0.346318756132,0.349695076881,255,227,207,0,1376.05967239,0.0,1,0
-5.0,90.0,0.25,1391.65682153,1402.10896244,1203.76498612,0.348129108084,0.350743757355,255,226,204,0,1402.10896244,0.0,1,0
-5.0,90.0,0.5,1429.57596276,1437.81471253,1216.39837723,0.350061167307,0.352078595158,255,225,202,0,1437.81471253,0.0,1,0
-5.0,90.0,0.75,1474.02984149,1481.41291327,1234.73371818,0.351782281966,0.353544277392,255,224,200,0,1481.41291327,0.0,1,0
-5.0,90.0,1.0,1522.01156559,1530.28156888,1258.0001312,0.353110907258,0.355029570973,255,223,198,0,1530.28156888,0.0,1,0
-5.0,90.0,1.25,1571.04029466,1582.13330346,1285.51132087,0.353942738295,0.356441903928,255,224,197,0,1582.13330346,0.0,1,0
-5.0,90.0,1.5,1619.16501778,1634.99601689,1316.74177168,0.35423308838,0.35769651777,255,224,196,0,1634.99601689,0.0,1,0
-5.0,90.0,1.75,1664.9368844,1687.21319622,1351.23319258,0.353987074344,0.358723305803,255,225,196,0,1687.21319622,0.0,1,0
-5.0,90.0,2.0,1707.35974079,1737.45934351,1388.52415835,0.353246118695,0.359473609939,255,227,197,0,1737.45934351,0.0,1,0
-5.0,90.0,2.25,1745.81900269,1784.73743609,1428.12236259,0.35207341968,0.359921968649,255,228,198,0,1784.73743609,0.0,1,0
-5.0,90.0,2.5,1780.0017538,1828.35313013,1469.50639583,0.350541626825,0.360063623127,255,230,200,0,1828.35313013,0.0,1,0
-5.0,90.0,2.75,1809.82028907,1867.87323182,1512.14220226,0.348724003151,0.359909895315,255,232,202,0,1867.87323182,0.0,1,0
-5.0,90.0,3.0,1835.34621829,1903.07784876,1555.50381047,0.346688935088,0.359483146123,255,234,204,0,1903.07784876,0.0,1,0
-5.0,90.0,3.25,1856.75749119,1933.91318402,1599.09237657,0.344497053646,0.358812282736,255,237,207,0,1933.91318402,0.0,1,0
-5.0,90.0,3.5,1874.29798399,1960.44911489,1642.45084213,0.342200154929,0.357929206868,255,239,210,0,1960.44911489,0.0,1,0
-5.0,90.0,3.75,1888.24789769,1982.84334488,1685.1735205,0.339841238351,0.356866245478,255,241,213,0,1982.84334488,0.0,1,0
-5.0,90.0,4.0,1898.90275801,2001.3123591,1726.91097837,0.337455163753,0.355654436233,255,243,216,0,2001.3123591,0.0,1,0
-5.0,90.0,4.25,1906.55914057,2016.10882358,1767.3711095,0.33506960425,0.354322491899,255,245,219,0,2016.10882358,0.0,1,0
-5.0,90.0,4.5,1911.50528328,2027.50444814,1806.31736909,0.332706084413,0.352896260329,255,247,223,0,2027.50444814,0.0,1,0
-5.0,90.0,4.75,1914.01537352,2035.77750824,1843.56511221,0.330380994151,0.351398534383,255,249,226,0,2035.77750824,0.0,1,0
-5.0,90.0,5.0,1914.34965306,2041.20744149,1878.97765031,0.32810665062,0.349849222046,255,251,229,0,2041.20744149,0.0,0,0
-5.0,90.0,6.0,1911.43734577,2053.92559709,2011.38614259,0.319812212031,0.343652639207,252,255,240,0,2053.92559709,0.0,0,0
-5.0,90.0,7.0,1876.5121949,2025.80451693,2102.0256043,0.312525851475,0.337389910546,247,255,246,0,2025.80451693,0.0,0,0
-5.0,90.0,8.0,1830.30604681,1981.16424463,2163.74753317,0.306316204787,0.331563518315,242,255,252,0,1981.16424463,0.0,0,0
-5.0,90.0,9.0,1799.79539294,1949.96356732,2212.11227219,0.301884311614,0.327072405842,237,253,255,0,1949.96356732,0.0,0,0
-5.0,90.0,10.0,1744.86336298,1891.29222997,2230.40809392,0.297425112232,0.322385016326,230,248,255,0,1891.29222997,0.0,0,0
-5.0,90.0,11.0,1689.29556277,1830.82581827,2233.54469209,0.293603337647,0.318201611807,224,244,255,0,1830.82581827,0.0,0,0
-5.0,90.0,12.0,1634.30539825,1770.33853321,2224.91336087,0.290307978653,0.314472069699,218,241,255,0,1770.33853321,0.0,0,0
-5.0,90.0,13.0,1566.67099347,1693.8671296,2211.81262509,0.286288482879,0.309531900924,212,236,255,0,1693.8671296,0.0,0,0
-5.0,90.0,14.0,1515.78893154,1637.31852453,2188.43022063,0.283773891207,0.306525690471,208,234,255,0,1637.31852453,0.0,0,0
-5.0,90.0,15.0,1467.16044969,1583.17946724,2160.47274496,0.281560774661,0.303825827173,205,231,255,0,1583.17946724,0.0,0,0
-5.0,90.0,16.0,1420.87387791,1531.61376261,2129.29854234,0.279601271439,0.301392799205,202,229,255,0,1531.61376261,0.0,0,0
-5.0,90.0,17.0,1376.93051427,1482.66179201,2095.95096893,0.277856621928,0.299192582866,199,227,255,0,1482.66179201,0.0,0,0
-5.0,90.0,18.0,1335.27752326,1436.2867405,2061.22810576,0.276295239101,0.297196037131,197,226,255,0,1436.2867405,0.0,0,0
-5.0,90.0,19.0,1295.82957229,1392.40490499,2025.73795221,0.274891207293,0.29537824538,195,224,255,0,1392.40490499,0.0,0,0
-5.0,90.0,20.0,1258.4830032,1350.90549868,1989.94148258,0.273623116292,0.293717890049,193,223,255,0,1350.90549868,0.0,0,0
-5.0,90.0,21.0,1223.12511004,1311.66358278,1954.18601373,0.272473157011,0.292196697136,191,222,255,0,1311.66358278,0.0,0,0
-5.0,90.0,22.0,1189.64016458,1274.5484529,1918.73098903,0.271426416951,0.29079895762,190,220,255,0,1274.5484529,0.0,0,0
-5.0,90.0,23.0,1157.91324963,1239.42898299,1883.76784969,0.270470328342,0.289511121919,188,219,255,0,1239.42898299,0.0,0,0
-5.0,90.0,24.0,1127.83265729,1206.1769795,1849.4353863,0.269594234194,0.288321460625,187,218,255,0,1206.1769795,0.0,0,0
-5.0,90.0,25.0,1099.29132163,1174.66920356,1815.83160425,0.268789045223,0.28721978193,186,217,255,0,1174.66920356,0.0,0,0
-5.0,90.0,26.0,1072.18757981,1144.78848054,1783.02289347,0.268046965059,0.286197194989,185,217,255,0,1144.78848054,0.0,0,0
-5.0,90.0,27.0,1046.42552378,1116.42424434,1751.0511513,0.267361270846,0.285245913814,184,216,255,0,1116.42424434,0.0,0,0
-5.0,90.0,28.0,1021.91506399,1089.4726918,1719.93931954,0.266726135331,0.284359092914,183,215,255,0,1089.4726918,0.0,0,0
-5.0,90.0,29.0,998.571833309,1063.83671393,1689.69571045,0.266136483618,0.283530691277,182,214,255,0,1063.83671393,0.0,0,0
-5.0,90.0,30.0,976.316961377,1039.42565503,1660.3173817,0.265587874485,0.282755356431,181,214,255,0,1039.42565503,0.0,0,0
-5.0,90.0,31.0,955.076828377,1016.15503152,1631.79281974,0.26507640477,0.282028329493,180,213,255,0,1016.15503152,0.0,0,0
-5.0,90.0,32.0,934.782786759,993.946204203,1604.10407811,0.264598629056,0.281345363557,180,213,255,0,993.946204203,0.0,0,0
-5.0,90.0,33.0,915.370912835,972.726078454,1577.22852073,0.264151494473,0.280702656959,179,212,255,0,972.726078454,0.0,0,0
-5.0,90.0,34.0,896.78182438,952.426872773,1551.14033731,0.263732286095,0.280096796864,178,212,255,0,952.426872773,0.0,0,0
-5.0,90.0,35.0,878.960612698,932.986012497,1525.81194754,0.263338582927,0.279524714614,178,211,255,0,932.986012497,0.0,0,0
-5.0,90.0,36.0,861.856962348,914.346227894,1501.21548387,0.262968222265,0.278983651102,177,211,255,0,914.346227894,0.0,0,0
-5.0,90.0,37.0,845.425625891,896.456040546,1477.3246473,0.262619274286,0.278471136417,177,210,255,0,896.456040546,0.0,0,0
-5.0,90.0,38.0,833.022057032,882.481220864,1468.45443414,0.2616310053,0.277164868594,175,209,255,0,882.481220864,0.0,0,0
-5.0,90.0,39.0,817.470636376,865.637702077,1444.31245117,0.261388118633,0.276789648821,175,209,255,0,865.637702077,0.0,0,0
-5.0,90.0,40.0,803.303968716,850.086497228,1425.38599379,0.260916626855,0.27611179582,174,209,255,0,850.086497228,0.0,0,0
-5.0,90.0,41.0,788.841623524,834.473135675,1402.16747587,0.260732525341,0.275814918363,174,208,255,0,834.473135675,0.0,0,0
-5.0,90.0,42.0,775.014086719,819.555076994,1379.83455058,0.260561161551,0.275535924412,174,208,255,0,819.555076994,0.0,0,0
-5.0,90.0,43.0,761.946364753,805.462370956,1358.691531,0.260396533031,0.275268205987,174,208,255,0,805.462370956,0.0,0,0
-5.0,90.0,44.0,749.893339015,792.462246709,1339.3183474,0.260228379899,0.275000664579,173,208,255,0,792.462246709,0.0,0,0
-5.0,90.0,45.0,739.21115811,780.928785543,1322.50939023,0.260043034256,0.274718649337,173,208,255,0,780.928785543,0.0,0,0
-5.0,90.0,46.0,730.039667213,771.007706401,1308.59227948,0.259833913723,0.274415156959,173,207,255,0,771.007706401,0.0,0,0
-5.0,90.0,47.0,722.060292429,762.360993599,1296.9090978,0.259609680542,0.274099401506,173,207,255,0,762.360993599,0.0,0,0
-5.0,90.0,48.0,714.835916235,754.525790656,1286.54510277,0.259383196024,0.273784943675,172,207,255,0,754.525790656,0.0,0,0
-5.0,90.0,49.0,708.080275763,747.198740033,1276.90628875,0.259162610451,0.273480257283,172,207,255,0,747.198740033,0.0,0,0
-5.0,90.0,50.0,701.6436894,740.220839784,1267.68939438,0.258951734932,0.273189189315,172,206,255,0,740.220839784,0.0,0,0
-5.0,90.0,51.0,692.501479677,730.436122866,1251.23935334,0.258958734258,0.273144273889,172,206,255,0,730.436122866,0.0,0,0
-5.0,90.0,52.0,679.209583705,716.230615285,1224.40329885,0.259255785418,0.27338679424,172,207,255,0,716.230615285,0.0,0,0
-5.0,90.0,53.0,672.571594092,709.071752042,1213.86418858,0.25912912411,0.273191945143,172,206,255,0,709.071752042,0.0,0,0
-5.0,90.0,54.0,666.142580507,702.142259483,1203.60121948,0.259009367097,0.273006751951,172,206,255,0,702.142259483,0.0,0,0
-5.0,90.0,55.0,659.914130287,695.432631261,1193.60656158,0.25889612191,0.272830665415,172,206,255,0,695.432631261,0.0,0,0
-5.0,90.0,56.0,653.879606976,688.935292471,1183.87490637,0.258789031194,0.272663185993,171,206,255,0,688.935292471,0.0,0,0
-5.0,90.0,57.0,648.033398411,682.643799313,1174.4022223,0.258687765838,0.27250385511,171,206,255,0,682.643799313,0.0,0,0
-5.0,90.0,58.0,642.370494206,676.55238498,1165.18504541,0.258592023255,0.272352250995,171,206,255,0,676.55238498,0.0,0,0
-5.0,90.0,59.0,636.88625346,670.655710475,1156.22011058,0.258501524984,0.272207985264,171,206,255,0,670.655710475,0.0,0,0
-5.0,90.0,60.0,631.576273726,664.948722112,1147.50415987,0.258416014494,0.272070699549,171,206,255,0,664.948722112,0.0,0,0
-5.0,90.0,61.0,626.436290965,659.426542118,1139.03381059,0.258335254246,0.271940061379,171,205,255,0,659.426542118,0.0,0,0
-5.0,90.0,62.0,621.462157242,654.084442844,1130.80553498,0.25825902543,0.271815763501,171,205,255,0,654.084442844,0.0,0,0
-5.0,90.0,63.0,616.649797192,648.917798059,1122.81562615,0.258187124941,0.271697519997,171,205,255,0,648.917798059,0.0,0,0
-5.0,90.0,64.0,611.995203573,643.922075977,1115.06020729,0.258119365101,0.271585065464,170,205,255,0,643.922075977,0.0,0,0
-5.0,90.0,65.0,607.494428788,639.092828655,1107.53524297,0.258055572164,0.27147815313,170,205,255,0,639.092828655,0.0,0,0
-5.0,90.0,66.0,603.143584901,634.425690111,1100.23656149,0.257995585212,0.271376553264,170,205,255,0,634.425690111,0.0,0,0
-5.0,90.0,67.0,598.938844931,629.916376461,1093.15987543,0.257939255326,0.271280052107,170,205,255,0,629.916376461,0.0,0,0
-5.0,90.0,68.0,594.876447318,625.560688901,1086.30080779,0.257886444736,0.271188450567,170,205,255,0,625.560688901,0.0,0,0
-5.0,90.0,69.0,590.95269835,621.354515424,1079.65492113,0.257837025033,0.271101562265,170,205,255,0,621.354515424,0.0,0,0
-5.0,90.0,70.0,587.163993583,617.293852368,1073.21775478,0.257790878295,0.271019214576,170,205,255,0,617.293852368,0.0,0,0
-5.0,90.0,71.0,583.506823257,613.374809539,1066.98486215,0.257747894833,0.270941246274,170,205,255,0,613.374809539,0.0,0,0
-5.0,90.0,72.0,579.977801991,609.593640499,1060.95186632,0.257707973839,0.270867508065,170,205,255,0,609.593640499,0.0,0,0
-5.0,90.0,73.0,576.573680593,605.946755182,1055.11450668,0.257671021154,0.270797860582,170,205,255,0,605.946755182,0.0,0,0
-5.0,90.0,74.0,573.29139884,602.430775077,1049.46873889,0.257636949503,0.270732174758,170,204,255,0,602.430775077,0.0,0,0
-5.0,90.0,75.0,570.128142849,599.042593948,1044.01083487,0.257605679601,0.270670333432,170,204,255,0,599.042593948,0.0,0,0
-5.0,90.0,76.0,567.081401016,595.779438389,1038.73752806,0.257577135501,0.270612227549,170,204,255,0,595.779438389,0.0,0,0
-5.0,90.0,77.0,560.42695852,589.034639295,1020.63026404,0.258250338786,0.271433043757,171,205,255,0,589.034639295,0.0,0,0
-5.0,90.0,78.0,557.96078902,586.381314167,1016.56056215,0.258207275122,0.27135942936,171,205,255,0,586.381314167,0.0,0,0
-5.0,90.0,79.0,555.601912204,583.841636932,1012.68427818,0.258163992469,0.27128576171,171,205,255,0,583.841636932,0.0,0,0
-5.0,90.0,80.0,553.348275869,581.413370298,1008.99848022,0.258120425442,0.27121195284,171,205,255,0,581.413370298,0.0,0,0
-5.0,90.0,81.0,551.199260628,579.095847099,1005.50236006,0.258076558728,0.271137996853,171,205,255,0,579.095847099,0.0,0,0
-5.0,90.0,82.0,549.156365247,576.890721889,1002.19824858,0.258032453322,0.271064013255,170,205,255,0,576.890721889,0.0,0,0
-5.0,90.0,83.0,547.224275366,574.803141501,999.093166471,0.257988291502,0.27099031805,170,205,255,0,574.803141501,0.0,0,0
-5.0,90.0,84.0,545.412513557,572.843553064,996.201218884,0.257944446216,0.270917533776,170,205,255,0,572.843553064,0.0,0,0
-5.0,90.0,85.0,543.737920822,571.030421906,993.547173402,0.257901588572,0.270846757773,170,205,255,0,571.030421906,0.0,0,0
-5.0,90.0,86.0,542.228284779,569.394204777,991.171651203,0.257860850127,0.270779813269,170,204,255,0,569.394204777,0.0,0,0
-5.0,90.0,87.0,540.927016396,567.982468367,989.137732734,0.257824043179,0.270719583254,170,204,255,0,567.982468367,0.0,0,0
-5.0,90.0,88.0,539.897089924,566.86419952,987.536378848,0.257793864787,0.270670310196,170,204,255,0,566.86419952,0.0,0,0
-5.0,90.0,89.0,539.217972714,566.126440339,986.481634184,0.257773811272,0.270637437127,170,204,255,0,566.126440339,0.0,0,0
-5.0,90.0,90.0,538.964440487,565.851096783,986.07986081,0.257767290024,0.270626209854,170,204,255,0,565.851096783,0.0,0,0
-5.0,180.0,0.0,1238.40984956,1270.09099266,1146.79691405,0.338798623843,0.347465809176,255,234,216,0,1270.09099266,0.0,1,0
-5.0,180.0,0.25,1283.5434086,1313.16797716,1177.52958998,0.340079877477,0.347929023505,255,233,214,0,1313.16797716,0.0,1,0
-5.0,180.0,0.5,1334.28415528,1360.54562794,1198.45919831,0.342713875494,0.349459193601,255,231,211,0,1360.54562794,0.0,1,0
-5.0,180.0,0.75,1394.30186301,1417.6618398,1221.08744564,0.345718864375,0.351510999395,255,229,207,0,1417.6618398,0.0,1,0
-5.0,180.0,1.0,1462.39826423,1484.28079973,1248.26805842,0.348609463139,0.353825866317,255,228,203,0,1484.28079973,0.0,1,0
-5.0,180.0,1.25,1536.02394148,1558.55555554,1280.58037402,0.351078357536,0.356228252562,255,227,200,0,1558.55555554,0.0,1,0
-5.0,180.0,1.5,1612.45345182,1638.15410231,1318.15384316,0.352930107661,0.358555407004,255,226,197,0,1638.15410231,0.0,1,0
-5.0,180.0,1.75,1689.2063808,1720.65461003,1360.92981664,0.354072615835,0.360664443164,255,227,196,0,1720.65461003,0.0,1,0
-5.0,180.0,2.0,1764.23625186,1803.79342511,1408.67283156,0.354499038035,0.36244750857,255,228,195,0,1803.79342511,0.0,1,0
-5.0,180.0,2.25,1835.98505416,1885.61609064,1460.97180267,0.354261304717,0.363837829155,255,229,195,0,1885.61609064,0.0,1,0
-5.0,180.0,2.5,1903.35581513,1964.54367852,1517.26259881,0.353444479934,0.364806786647,255,231,195,0,1964.54367852,0.0,1,0
-5.0,180.0,2.75,1965.64853942,2039.38176342,1576.87066881,0.352146795402,0.365356134725,255,233,197,0,2039.38176342,0.0,1,0
-5.0,180.0,3.0,2022.4812205,2109.2892733,1639.05721647,0.350466401362,0.365508966685,255,235,198,0,2109.2892733,0.0,1,0
-5.0,180.0,3.25,2073.71442273,2173.72939586,1703.06328253,0.348493731289,0.365301537989,255,237,201,0,2173.72939586,0.0,1,0
-5.0,180.0,3.5,2119.38563875,2232.41441631,1768.14643469,0.346307870878,0.364776786864,255,239,203,0,2232.41441631,0.0,1,0
-5.0,180.0,3.75,2159.65621022,2285.25275436,1833.60854915,0.343975501461,0.363979673444,255,241,206,0,2285.25275436,0.0,1,0
-5.0,180.0,4.0,2194.76958462,2332.30130364,1898.81443397,0.341551315432,0.362954081296,255,244,209,0,2332.30130364,0.0,1,0
-5.0,180.0,4.25,2225.01965087,2373.72493945,1963.20260064,0.339079176671,0.361740939141,255,246,213,0,2373.72493945,0.0,1,0
-5.0,180.0,4.5,2250.72796243,2409.76402849,2026.29004582,0.336593588675,0.360377236053,255,248,216,0,2409.76402849,0.0,1,0
-5.0,180.0,4.75,2272.22663945,2440.70785428,2087.67183349,0.334121184218,0.358895624426,255,250,220,0,2440.70785428,0.0,1,0
-5.0,180.0,5.0,2289.84728648,2466.8750442,2147.01797315,0.331682129644,0.357324426416,255,252,223,0,2466.8750442,0.0,0,0
-5.0,180.0,6.0,2327.77864429,2530.4138885,2359.72609535,0.322499984305,0.350573900714,250,255,233,0,2530.4138885,0.0,0,0
-5.0,180.0,7.0,2329.75060443,2545.86188044,2542.88775049,0.314046037678,0.343177434747,244,255,241,0,2545.86188044,0.0,0,0
-5.0,180.0,8.0,2302.38709589,2523.92487692,2668.10437771,0.307213662573,0.336774040682,239,255,247,0,2523.92487692,0.0,0,0
-5.0,180.0,9.0,2264.90887566,2484.87997269,2785.94749907,0.300555748137,0.329746140009,234,255,254,0,2484.87997269,0.0,0,0
-5.0,180.0,10.0,2210.8260883,2426.81658319,2840.53828546,0.295636880282,0.324519638821,227,251,255,0,2426.81658319,0.0,0,0
-5.0,180.0,11.0,2150.95508501,2360.74166461,2869.33859782,0.291416445493,0.31983882389,220,246,255,0,2360.74166461,0.0,0,0
-5.0,180.0,12.0,2088.19776326,2290.51891567,2877.76557496,0.287769981403,0.31565141835,214,242,255,0,2290.51891567,0.0,0,0
-5.0,180.0,13.0,2024.44772889,2218.6730347,2870.24633992,0.284597673568,0.311901944946,209,239,255,0,2218.6730347,0.0,0,0
-5.0,180.0,14.0,1960.96797589,2146.87746614,2850.4219324,0.281818428406,0.3085362132,205,236,255,0,2146.87746614,0.0,0,0
-5.0,180.0,15.0,1898.57962849,2076.21427745,2821.20835096,0.279367127426,0.305505236603,201,233,255,0,2076.21427745,0.0,0,0
-5.0,180.0,16.0,1837.80308821,2007.3653216,2784.91905222,0.277191379259,0.302766039377,198,231,255,0,2007.3653216,0.0,0,0
-5.0,180.0,17.0,1778.95379149,1940.74168049,2743.37930883,0.275248833074,0.300281483088,195,229,255,0,1940.74168049,0.0,0,0
-5.0,180.0,18.0,1722.20749973,1876.57149488,2698.02419844,0.273505054379,0.298019715298,192,227,255,0,1876.57149488,0.0,0,0
-5.0,180.0,19.0,1667.64510295,1814.95981923,2649.9796161,0.271931857204,0.295953493653,190,225,255,0,1814.95981923,0.0,0,0
-5.0,180.0,20.0,1615.28356539,1755.92960905,2600.12742114,0.270506017793,0.294059530007,187,223,255,0,1755.92960905,0.0,0,0
-5.0,180.0,21.0,1565.09719223,1699.44967464,2549.15699595,0.26920827568,0.292317894881,186,222,255,0,1699.44967464,0.0,0,0
-5.0,180.0,22.0,1517.03244586,1645.45395504,2497.60600337,0.268022558203,0.290711500363,184,221,255,0,1645.45395504,0.0,0,0
-5.0,180.0,23.0,1471.01820464,1593.85473521,2445.89237367,0.266935374843,0.289225660055,182,219,255,0,1593.85473521,0.0,0,0
-5.0,180.0,24.0,1426.97285986,1544.55169975,2394.33932242,0.265935344472,0.287847722885,181,218,255,0,1544.55169975,0.0,0,0
-5.0,180.0,25.0,1384.8092692,1497.43816181,2343.19523563,0.265012814711,0.286566757563,179,217,255,0,1497.43816181,0.0,0,0
-5.0,180.0,26.0,1344.43812318,1452.40525462,2292.64909388,0.264159566138,0.285373298556,178,216,255,0,1452.40525462,0.0,0,0
-5.0,180.0,27.0,1305.77015105,1409.34465171,2242.84252146,0.263368574124,0.284259133257,177,215,255,0,1409.34465171,0.0,0,0
-5.0,180.0,28.0,1268.71771847,1368.15047538,2193.87958486,0.26263381501,0.283217120423,176,215,255,0,1368.15047538,0.0,0,0
-5.0,180.0,29.0,1233.19569366,1328.72033682,2145.8341272,0.261950114674,0.282241047702,175,214,255,0,1328.72033682,0.0,0,0
-5.0,180.0,30.0,1199.12155973,1290.95549097,2098.75471397,0.261313035915,0.28132552187,174,213,255,0,1290.95549097,0.0,0,0
-5.0,180.0,31.0,1168.12802071,1256.24292055,2059.41631841,0.260522623635,0.280174514936,173,212,255,0,1256.24292055,0.0,0,0
-5.0,180.0,32.0,1136.53623284,1221.38025383,2013.58198408,0.259987791474,0.279396244103,172,212,255,0,1221.38025383,0.0,0,0
-5.0,180.0,33.0,1110.34843878,1191.62403414,1984.85938456,0.259013760208,0.277973121819,171,210,255,0,1191.62403414,0.0,0,0
-5.0,180.0,34.0,1080.70622593,1159.11025322,1939.28057915,0.258598020304,0.277359017283,170,210,255,0,1159.11025322,0.0,0,0
-5.0,180.0,35.0,1052.13357484,1127.81651614,1894.65053943,0.258217594869,0.276791916177,169,210,255,0,1127.81651614,0.0,0,0
-5.0,180.0,36.0,1024.56070164,1097.66326008,1850.91766477,0.257871678878,0.276270861516,169,209,255,0,1097.66326008,0.0,0,0
-5.0,180.0,37.0,997.922324541,1068.57617255,1808.02938287,0.257559722232,0.275795195094,169,209,255,0,1068.57617255,0.0,0,0
-5.0,180.0,38.0,972.174390025,1040.50279558,1765.98039721,0.2572803618,0.275363081405,168,208,255,0,1040.50279558,0.0,0,0
-5.0,180.0,39.0,947.65854593,1013.77488798,1725.83735278,0.257008123556,0.274939093609,168,208,255,0,1013.77488798,0.0,0,0
-5.0,180.0,40.0,925.007719451,989.015547686,1689.46495066,0.2566978615,0.274460602591,167,208,255,0,989.015547686,0.0,0,0
-5.0,180.0,41.0,903.610741349,965.616214164,1655.22180549,0.256383565948,0.273976522186,167,207,255,0,965.616214164,0.0,0,0
-5.0,180.0,42.0,885.571064072,945.704664067,1628.90802842,0.255931802001,0.273310532215,166,207,255,0,945.704664067,0.0,0,0
-5.0,180.0,43.0,868.702147014,927.059901317,1604.63289427,0.255470956074,0.27263300792,166,206,255,0,927.059901317,0.0,0,0
-5.0,180.0,44.0,852.355189796,909.019347933,1580.69935573,0.255037804958,0.271992594093,165,206,255,0,909.019347933,0.0,0,0
-5.0,180.0,45.0,836.501068271,891.549385788,1557.0860705,0.254632056238,0.271388838522,164,205,255,0,891.549385788,0.0,0,0
-5.0,180.0,46.0,821.139567847,874.645989304,1533.84555018,0.254251814079,0.270819161767,164,205,255,0,874.645989304,0.0,0,0
-5.0,180.0,47.0,806.272173776,858.307117793,1511.03065572,0.253895216087,0.270281026965,163,205,255,0,858.307117793,0.0,0,0
-5.0,180.0,48.0,788.123453601,838.584672105,1479.092536,0.253758543914,0.270005954485,163,204,255,0,838.584672105,0.0,0,0
-5.0,180.0,49.0,773.984234112,823.09223172,1456.60648599,0.253459264214,0.269540828143,163,204,255,0,823.09223172,0.0,0,0
-5.0,180.0,50.0,751.523897632,798.828391317,1412.80962568,0.253622285681,0.269586480365,163,204,255,0,798.828391317,0.0,0,0
-5.0,180.0,51.0,737.767836295,783.800846635,1389.97565191,0.253393990078,0.269204503347,163,204,255,0,783.800846635,0.0,0,0
-5.0,180.0,52.0,724.534701398,769.35414004,1367.82957966,0.253181688336,0.268843410437,162,203,255,0,769.35414004,0.0,0,0
-5.0,180.0,53.0,711.810747226,755.471749664,1346.36513236,0.25298503616,0.268502616252,162,203,255,0,755.471749664,0.0,0,0
-5.0,180.0,54.0,699.582889431,742.138017251,1325.57527077,0.25280376388,0.268181636392,162,203,255,0,742.138017251,0.0,0,0
-5.0,180.0,55.0,687.838691077,729.33811713,1305.4523738,0.252637669361,0.267880077812,162,203,255,0,729.33811713,0.0,0,0
-5.0,180.0,56.0,676.566369748,717.058048662,1285.98839894,0.252486614995,0.267597633516,162,203,255,0,717.058048662,0.0,0,0
-5.0,180.0,57.0,665.754744274,705.284567915,1267.17496303,0.25235052002,0.267334073104,161,202,255,0,705.284567915,0.0,0,0
-5.0,180.0,58.0,655.393236572,694.005177168,1249.0034546,0.252229358575,0.267089238822,161,202,255,0,694.005177168,0.0,0,0
-5.0,180.0,59.0,645.471842552,683.208084027,1231.4651015,0.252123155318,0.266863039607,161,202,255,0,683.208084027,0.0,0,0
-5.0,180.0,60.0,635.981115013,672.882174161,1214.55103581,0.252031982507,0.266655446749,161,202,255,0,672.882174161,0.0,0,0
-5.0,180.0,61.0,626.912130013,663.016967363,1198.25232095,0.251955956827,0.266466489333,161,202,255,0,663.016967363,0.0,0,0
-5.0,180.0,62.0,618.256477717,653.602600099,1182.56000979,0.251895236979,0.266296250465,161,202,255,0,653.602600099,0.0,0,0
-5.0,180.0,63.0,610.006237308,644.629792749,1167.46515595,0.251850022134,0.266144864828,161,201,255,0,644.629792749,0.0,0,0
-5.0,180.0,64.0,602.153949936,636.089814497,1152.95883409,0.2518205485,0.266012513908,161,201,255,0,636.089814497,0.0,0,0
-5.0,180.0,65.0,594.692605475,627.974463752,1139.03215169,0.251807088815,0.265899424529,161,201,255,0,627.974463752,0.0,0,0
-5.0,180.0,66.0,587.615625112,620.276045007,1125.67625772,0.251809950807,0.265805866463,161,201,255,0,620.276045007,0.0,0,0
-5.0,180.0,67.0,580.916831746,612.987332765,1112.88233137,0.251829474806,0.26573214897,161,201,255,0,612.987332765,0.0,0,0
-5.0,180.0,68.0,574.590444311,606.101561352,1100.64159118,0.251866033581,0.265678619818,161,201,255,0,606.101561352,0.0,0,0
-5.0,180.0,69.0,568.631051013,599.612392869,1088.94527199,0.251920030884,0.265645662967,161,201,255,0,599.612392869,0.0,0,0
-5.0,180.0,70.0,563.033594933,593.513898513,1077.7846165,0.251991900589,0.26563369692,161,201,255,0,593.513898513,0.0,0,0
-5.0,180.0,71.0,557.793014081,587.800166941,1067.15012742,0.252082115424,0.26564317908,161,201,255,0,587.800166941,0.0,0,0
-5.0,180.0,72.0,550.980126125,580.527017897,1051.34319387,0.252413148332,0.265949070269,162,201,255,0,580.527017897,0.0,0,0
-5.0,180.0,73.0,546.571620907,575.700890032,1042.10819995,0.252530258728,0.26598873624,162,201,255,0,575.700890032,0.0,0,0
-5.0,180.0,74.0,537.973015612,566.577977036,1020.36300492,0.253174018444,0.26663572158,163,202,255,0,566.577977036,0.0,0,0
-5.0,180.0,75.0,534.564388527,562.812970864,1012.99120734,0.253303805294,0.266689420861,163,202,255,0,562.812970864,0.0,0,0
-5.0,180.0,76.0,531.513984886,559.430855218,1006.16400359,0.253450833744,0.266762908802,163,202,255,0,559.430855218,0.0,0,0
-5.0,180.0,77.0,528.818596717,556.427740956,999.872410588,0.253615578086,0.266856619758,164,202,255,0,556.427740956,0.0,0,0
-5.0,180.0,78.0,526.475267775,553.800007448,994.107385722,0.253798528925,0.266970997143,164,202,255,0,553.800007448,0.0,0,0
-5.0,180.0,79.0,524.4812547,551.544258279,988.859741609,0.254000193732,0.267106492747,164,202,255,0,551.544258279,0.0,0,0
-5.0,180.0,80.0,522.833988416,549.657277095,984.120055513,0.25422109811,0.26726356676,165,202,255,0,549.657277095,0.0,0,0
-5.0,180.0,81.0,521.531038762,548.13598642,979.87856401,0.254461789732,0.267442690375,165,202,255,0,548.13598642,0.0,0,0
-5.0,180.0,82.0,520.57003911,546.977364297,976.125026054,0.25472283699,0.267644342807,165,202,255,0,546.977364297,0.0,0,0
-5.0,180.0,83.0,519.948645467,546.178396343,972.848586289,0.25500483591,0.267869016587,166,202,255,0,546.178396343,0.0,0,0
-5.0,180.0,84.0,519.83444832,545.922822987,970.333204719,0.255310092769,0.268123066934,166,203,255,0,545.922822987,0.0,0,0
-5.0,180.0,85.0,520.822498921,546.865142909,969.602684939,0.255644712036,0.268427693257,167,203,255,0,546.865142909,0.0,0,0
-5.0,180.0,86.0,522.135454201,548.149202971,969.311709563,0.255999403959,0.268753765162,167,203,255,0,548.149202971,0.0,0,0
-5.0,180.0,87.0,525.742589381,551.938701131,972.666470156,0.256416301403,0.269192725117,168,203,255,0,551.938701131,0.0,0,0
-5.0,180.0,88.0,529.812152777,556.221092322,976.686847484,0.256851210536,0.269654178636,169,204,255,0,556.221092322,0.0,0,0
-5.0,180.0,89.0,534.213056754,560.851736977,981.151183608,0.257301293596,0.270131692993,169,204,255,0,560.851736977,0.0,0,0
-5.0,180.0,90.0,538.964440487,565.851096783,986.07986081,0.257767290024,0.270626209854,170,204,255,0,565.851096783,0.0,0,0
-2.0,0.0,0.0,4494.87324579,3950.24181865,1290.02856469,0.461716171535,0.405771293073,255,169,90,0,3950.24181865,0.0,1,0
-2.0,0.0,0.25,4748.51402224,4148.36055733,1292.82874457,0.466011018298,0.407112987039,255,167,86,0,4148.36055733,0.0,1,0
-2.0,0.0,0.5,5046.34834466,4402.77079392,1324.76382329,0.468387150902,0.408652183201,255,166,84,0,4402.77079392,0.0,1,0
-2.0,0.0,0.75,5364.0801149,4691.38757803,1376.18217417,0.469230616513,0.410385870156,255,167,82,0,4691.38757803,0.0,1,0
-2.0,0.0,1.0,5670.13841429,4984.84834683,1440.04624762,0.468798920201,0.412140119273,255,168,81,0,4984.84834683,0.0,1,0
-2.0,0.0,1.25,5946.66797042,5265.14074298,1512.96900063,0.467329811496,0.41377074408,255,170,81,0,5265.14074298,0.0,1,0
-2.0,0.0,1.5,6184.85750761,5521.41633343,1592.86875353,0.465056860894,0.415170849862,255,172,82,0,5521.41633343,0.0,1,0
-2.0,0.0,1.75,6382.49339214,5748.53420477,1680.32043649,0.462119510471,0.416218184559,255,174,83,0,5748.53420477,0.0,1,0
-2.0,0.0,2.0,6536.03034634,5939.5003279,1766.11529107,0.458937847652,0.417051536204,255,177,85,0,5939.5003279,0.0,1,0
-2.0,0.0,2.25,6651.72628237,6097.95702548,1853.19387061,0.455507924985,0.417585996989,255,179,87,0,6097.95702548,0.0,1,0
-2.0,0.0,2.5,6733.77168611,6225.753923,1940.24271699,0.451938012641,0.417842330615,255,181,90,0,6225.753923,0.0,1,0
-2.0,0.0,2.75,6786.4868375,6325.36844714,2026.12388644,0.448308638875,0.417847612,255,184,93,0,6325.36844714,0.0,1,0
-2.0,0.0,3.0,6814.00542899,6399.55160456,2109.88612323,0.444678481153,0.417631438253,255,186,96,0,6399.55160456,0.0,1,0
-2.0,0.0,3.25,6820.12130111,6451.10657215,2190.76462608,0.44108941984,0.417223496417,255,188,99,0,6451.10657215,0.0,1,0
-2.0,0.0,3.5,6808.2260815,6482.75057494,2268.17063869,0.437570642681,0.416652047312,255,190,102,0,6482.75057494,0.0,1,0
-2.0,0.0,3.75,6781.30284896,6497.03671003,2341.66897501,0.434142070678,0.415943224095,255,192,105,0,6497.03671003,0.0,1,0
-2.0,0.0,4.0,6741.92283236,6496.29207643,2410.95218999,0.430816719497,0.415120628173,255,194,108,0,6496.29207643,0.0,1,0
-2.0,0.0,4.25,6692.29291738,6482.61633135,2475.8374287,0.427602149297,0.414204923571,255,196,111,0,6482.61633135,0.0,1,0
-2.0,0.0,4.5,6634.28581673,6457.86995661,2536.22386121,0.424502473824,0.41321430037,255,198,114,0,6457.86995661,0.0,1,0
-2.0,0.0,4.75,6569.4841681,6423.68994506,2592.08263255,0.421519149494,0.412164525094,255,199,117,0,6423.68994506,0.0,1,0
-2.0,0.0,5.0,6499.22211943,6381.50935665,2643.44332113,0.418651696746,0.411069151179,255,201,120,0,6381.50935665,0.0,0,0
-2.0,0.0,6.0,6183.50273649,6155.44658564,2805.91193817,0.408290484159,0.406437964657,255,206,130,0,6155.44658564,0.0,0,0
-2.0,0.0,7.0,5843.8672685,5876.28254014,2907.1239254,0.399518555184,0.401734639481,255,211,139,0,5876.28254014,0.0,0,0
-2.0,0.0,8.0,5504.471877,5576.58142548,2958.69201901,0.39206351333,0.397199614222,255,214,148,0,5576.58142548,0.0,0,0
-2.0,0.0,9.0,5176.87410116,5274.26274094,2971.76448076,0.385674749194,0.392930158248,255,217,155,0,5274.26274094,0.0,0,0
-2.0,0.0,10.0,4866.23367618,4978.9899419,2955.84938947,0.380142639083,0.38895098395,255,220,161,0,4978.9899419,0.0,0,0
-2.0,0.0,11.0,4574.44132827,4695.76930682,2918.61020707,0.375298102048,0.385252139451,255,222,167,0,4695.76930682,0.0,0,0
-2.0,0.0,12.0,4301.72251774,4426.97011163,2866.04057285,0.371006597799,0.381808708698,255,224,172,0,4426.97011163,0.0,0,0
-2.0,0.0,13.0,4047.77767789,4173.75833321,2803.94118602,0.367129477076,0.378555799317,255,226,177,0,4173.75833321,0.0,0,0
-2.0,0.0,14.0,3810.7968792,3935.36327925,2732.98962003,0.363655159031,0.37554223028,255,227,182,0,3935.36327925,0.0,0,0
-2.0,0.0,15.0,3589.93286178,3710.82231005,2670.57903317,0.360025327401,0.372149025773,255,229,186,0,3710.82231005,0.0,0,0
-2.0,0.0,16.0,3384.41191204,3501.49921524,2592.56459922,0.357062887504,0.369415855068,255,230,190,0,3501.49921524,0.0,0,0
-2.0,0.0,17.0,3192.96464117,3305.68695468,2513.42684806,0.35429836314,0.366806278403,255,231,194,0,3305.68695468,0.0,0,0
-2.0,0.0,18.0,3014.61675845,3122.66724732,2434.47556753,0.351691707248,0.364297110835,255,232,197,0,3122.66724732,0.0,0,0
-2.0,0.0,19.0,2848.32150428,2951.56679686,2356.41553461,0.349217189751,0.361875532877,255,233,201,0,2951.56679686,0.0,0,0
-2.0,0.0,20.0,2693.16796543,2791.59935517,2279.84476815,0.346851579273,0.359528502295,255,234,204,0,2791.59935517,0.0,0,0
-2.0,0.0,21.0,2548.31965141,2642.01508978,2205.18703437,0.344576045984,0.35724525868,255,235,207,0,2642.01508978,0.0,0,0
-2.0,0.0,22.0,2413.01073484,2502.10734932,2132.73497597,0.342375289929,0.355016957359,255,236,210,0,2502.10734932,0.0,0,0
-2.0,0.0,23.0,2286.53980222,2371.21381205,2062.68067384,0.340236910919,0.352836395743,255,237,213,0,2371.21381205,0.0,0,0
-2.0,0.0,24.0,2168.26338434,2248.71536162,1995.13775868,0.338150965094,0.350697832765,255,238,216,0,2248.71536162,0.0,0,0
-2.0,0.0,25.0,2057.59094381,2134.03512017,1930.16116015,0.336109516466,0.348596748309,255,239,219,0,2134.03512017,0.0,0,0
-2.0,0.0,26.0,1953.97962224,2026.63606277,1867.76131053,0.334106303976,0.346529655034,255,240,222,0,2026.63606277,0.0,0,0
-2.0,0.0,27.0,1856.92947612,1926.01841647,1807.91496926,0.332136473743,0.344493947368,255,241,225,0,1926.01841647,0.0,0,0
-2.0,0.0,28.0,1765.97926499,1831.7170567,1750.57364658,0.330196357975,0.342487770357,255,241,228,0,1831.7170567,0.0,0,0
-2.0,0.0,29.0,1680.70284255,1743.29905666,1695.67097216,0.328283248711,0.340509852965,255,242,231,0,1743.29905666,0.0,0,0
-2.0,0.0,30.0,1600.70591811,1660.3614313,1643.12722851,0.326395270962,0.338559452509,255,243,234,0,1660.3614313,0.0,0,0
-2.0,0.0,31.0,1525.62320522,1582.52894059,1592.85366073,0.324531231827,0.336636244607,255,244,236,0,1582.52894059,0.0,0,0
-2.0,0.0,32.0,1455.11588948,1509.45205792,1544.75571354,0.322690496156,0.334740234105,255,245,239,0,1509.45205792,0.0,0,0
-2.0,0.0,33.0,1388.86938872,1440.80510346,1498.73552665,0.320872880036,0.332871677404,255,246,242,0,1440.80510346,0.0,0,0
-2.0,0.0,34.0,1326.59124268,1376.28443185,1454.69340453,0.319078581125,0.331031043784,255,247,245,0,1376.28443185,0.0,0,0
-2.0,0.0,35.0,1268.00945185,1315.60696562,1412.52969657,0.317308080253,0.329218934462,255,248,248,0,1315.60696562,0.0,0,0
-2.0,0.0,36.0,1212.49314926,1258.08027675,1372.08408506,0.315535055041,0.327398492613,255,249,251,0,1258.08027675,0.0,0,0
-2.0,0.0,37.0,1160.56724531,1204.31819008,1333.5469897,0.31379977026,0.325629361756,255,250,254,0,1204.31819008,0.0,0,0
-2.0,0.0,38.0,1111.62889849,1153.66760667,1296.31757729,0.312113798057,0.323917072419,254,250,255,0,1153.66760667,0.0,0,0
-2.0,0.0,39.0,1054.3814984,1092.92545533,1255.52482237,0.309854135549,0.321181159469,250,247,255,0,1092.92545533,0.0,0,0
-2.0,0.0,40.0,1012.38471545,1049.66764478,1222.14275664,0.308259612911,0.31961184017,247,245,255,0,1049.66764478,0.0,0,0
-2.0,0.0,41.0,972.757463242,1008.86349975,1190.02938291,0.306703878786,0.318087869002,245,244,255,0,1008.86349975,0.0,0,0
-2.0,0.0,42.0,935.342192472,970.349052218,1159.10448307,0.305189081282,0.31661133022,242,242,255,0,970.349052218,0.0,0,0
-2.0,0.0,43.0,899.9879574,933.967162728,1129.28236115,0.30371779619,0.315184715579,240,241,255,0,933.967162728,0.0,0,0
-2.0,0.0,44.0,866.559275471,899.576781365,1100.49687804,0.302291676388,0.313809546531,238,240,255,0,899.576781365,0.0,0,0
-2.0,0.0,45.0,834.983408981,867.100935744,1072.86102555,0.300900845806,0.312474957177,236,238,255,0,867.100935744,0.0,0,0
-2.0,0.0,46.0,805.156178003,836.430276217,1046.36070157,0.299543157413,0.311178095304,233,237,255,0,836.430276217,0.0,0,0
-2.0,0.0,47.0,777.523651504,808.004097409,1022.78904504,0.298094024969,0.309779893027,231,236,255,0,808.004097409,0.0,0,0
-2.0,0.0,48.0,752.358813655,782.090733911,1003.34836081,0.296461278959,0.308176916424,229,235,255,0,782.090733911,0.0,0,0
-2.0,0.0,49.0,728.603800461,757.629926584,984.782325824,0.294860002878,0.306606638878,226,233,255,0,757.629926584,0.0,0,0
-2.0,0.0,50.0,706.101154937,734.461072729,966.813141833,0.293307460018,0.305087890337,224,232,255,0,734.461072729,0.0,0,0
-2.0,0.0,51.0,684.774346814,712.504727234,949.415239746,0.291803812192,0.303620596447,221,230,255,0,712.504727234,0.0,0,0
-2.0,0.0,52.0,664.557447176,691.692296021,932.582213621,0.290347854152,0.302203180081,219,229,255,0,691.692296021,0.0,0,0
-2.0,0.0,53.0,644.90266544,671.451845068,915.463868796,0.288958398865,0.300854160578,217,228,255,0,671.451845068,0.0,0,0
-2.0,0.0,54.0,626.685691394,652.698444547,899.676543667,0.287594419586,0.299532018844,215,227,255,0,652.698444547,0.0,0,0
-2.0,0.0,55.0,609.401948877,634.906214243,884.417371909,0.286275491532,0.298256493754,213,226,255,0,634.906214243,0.0,0,0
-2.0,0.0,56.0,583.80455668,608.280909849,853.365215648,0.285416100113,0.297382339818,212,225,255,0,608.280909849,0.0,0,0
-2.0,0.0,57.0,567.567510151,591.541634091,838.030044035,0.284190262493,0.296194495388,210,224,255,0,591.541634091,0.0,0,0
-2.0,0.0,58.0,552.152927608,575.648742762,823.263934039,0.283000697855,0.29504325301,208,223,255,0,575.648742762,0.0,0,0
-2.0,0.0,59.0,537.514109726,560.553953544,809.046712106,0.281846754409,0.293927749279,206,222,255,0,560.553953544,0.0,0,0
-2.0,0.0,60.0,523.60761724,546.212415311,795.359249428,0.280727768263,0.29284713839,205,221,255,0,546.212415311,0.0,0,0
-2.0,0.0,61.0,510.393031269,532.58244324,782.183523067,0.279643051343,0.291800574058,203,220,255,0,532.58244324,0.0,0,0
-2.0,0.0,62.0,497.832754484,519.625309617,769.502553385,0.278591900466,0.290787219669,201,220,255,0,519.625309617,0.0,0,0
-2.0,0.0,63.0,485.891771004,507.304987228,757.300300089,0.277573600421,0.289806249497,200,219,255,0,507.304987228,0.0,0,0
-2.0,0.0,64.0,474.537477987,495.587970146,745.561637016,0.276587427914,0.288856851833,198,218,255,0,495.587970146,0.0,0,0
-2.0,0.0,65.0,463.739490438,484.443065949,734.272260131,0.275632656452,0.287938232393,197,217,255,0,484.443065949,0.0,0,0
-2.0,0.0,66.0,453.469467766,473.84121234,723.418638709,0.27470855615,0.287049613125,195,217,255,0,473.84121234,0.0,0,0
-2.0,0.0,67.0,443.700977782,463.755332357,712.987965015,0.273814400523,0.286190237744,194,216,255,0,463.755332357,0.0,0,0
-2.0,0.0,68.0,434.409338306,454.160166454,702.968088179,0.272949467379,0.285359371007,193,215,255,0,454.160166454,0.0,0,0
-2.0,0.0,69.0,425.571489355,445.032138167,693.347469927,0.272113041162,0.284556300317,192,215,255,0,445.032138167,0.0,0,0
-2.0,0.0,70.0,417.165858169,436.349210915,684.11511395,0.271304415569,0.283780336605,190,214,255,0,436.349210915,0.0,0,0
-2.0,0.0,71.0,409.172249981,428.090773356,675.260529508,0.270522894808,0.283030814661,189,214,255,0,428.090773356,0.0,0,0
-2.0,0.0,72.0,401.571738555,420.237523857,666.773682456,0.269767794895,0.282307093001,188,213,255,0,420.237523857,0.0,0,0
-2.0,0.0,73.0,394.346569684,412.771369343,658.644954106,0.269038445121,0.281608554342,187,212,255,0,412.771369343,0.0,0,0
-2.0,0.0,74.0,387.480044137,405.675301394,650.865056709,0.268334189417,0.280934605055,186,212,255,0,405.675301394,0.0,0,0
-2.0,0.0,75.0,380.956437792,398.933313262,643.425016041,0.267654384399,0.280284672431,185,211,255,0,398.933313262,0.0,0,0
-2.0,0.0,76.0,374.760930298,392.53032561,636.316135104,0.266998401902,0.279658206507,184,211,255,0,392.53032561,0.0,0,0
-2.0,0.0,77.0,368.548820811,386.111595146,628.877472334,0.266381444216,0.279075548573,183,211,255,0,386.111595146,0.0,0,0
-2.0,0.0,78.0,362.98709613,380.36411568,622.443082549,0.265769960842,0.278492974565,182,210,255,0,380.36411568,0.0,0,0
-2.0,0.0,79.0,352.130086867,369.088947841,605.613930877,0.265391421528,0.278172880396,182,210,255,0,369.088947841,0.0,0,0
-2.0,0.0,80.0,347.449964685,364.257623839,600.401351161,0.264802680766,0.277612332956,181,209,255,0,364.257623839,0.0,0,0
-2.0,0.0,81.0,343.057288834,359.724567343,595.519530903,0.264235478948,0.277073236555,180,209,255,0,359.724567343,0.0,0,0
-2.0,0.0,82.0,338.941007557,355.478502677,590.960598057,0.263689320669,0.276555160908,179,209,255,0,355.478502677,0.0,0,0
-2.0,0.0,83.0,335.090496846,351.508579145,586.716730125,0.263163698461,0.276057657854,178,208,255,0,351.508579145,0.0,0,0
-2.0,0.0,84.0,331.495489721,347.804296833,582.780087807,0.262658090392,0.275580257556,177,208,255,0,347.804296833,0.0,0,0
-2.0,0.0,85.0,328.145996172,344.355422216,579.142735692,0.262171956065,0.275122462797,177,208,255,0,344.355422216,0.0,0,0
-2.0,0.0,86.0,325.032222884,341.151902916,575.796562961,0.261704731664,0.274683741867,176,207,255,0,341.151902916,0.0,0,0
-2.0,0.0,87.0,322.144495789,338.183785619,572.733197938,0.2612558264,0.274263523177,175,207,255,0,338.183785619,0.0,0,0
-2.0,0.0,88.0,319.473164341,335.441114538,569.94390553,0.26082461497,0.27386118557,175,207,255,0,335.441114538,0.0,0,0
-2.0,0.0,89.0,317.008509225,332.913832712,567.419475222,0.260410432597,0.273476050867,174,206,255,0,332.913832712,0.0,0,0
-2.0,0.0,90.0,314.79084732,330.645670502,565.22671706,0.260015203444,0.273111184824,173,206,255,0,330.645670502,0.0,0,0
-2.0,90.0,0.0,578.345870549,573.589004353,559.89488635,0.337852445167,0.335073625507,255,225,219,0,573.589004353,0.0,1,0
-2.0,90.0,0.25,593.661249783,585.698830805,562.006089632,0.34091695356,0.336344440831,255,223,215,0,585.698830805,0.0,1,0
-2.0,90.0,0.5,615.583662029,604.039965175,566.434745522,0.344660438555,0.338197213708,255,220,211,0,604.039965175,0.0,1,0
-2.0,90.0,0.75,642.904578711,628.023622992,573.437425377,0.348577618923,0.340509286104,255,217,206,0,628.023622992,0.0,1,0
-2.0,90.0,1.0,673.931182832,656.462595097,582.793288541,0.35225576978,0.343125147876,255,215,202,0,656.462595097,0.0,1,0
-2.0,90.0,1.25,707.063429024,688.138812921,594.315099905,0.355394453796,0.34588228936,255,214,198,0,688.138812921,0.0,1,0
-2.0,90.0,1.5,740.898290719,721.857595391,607.892235756,0.35780984847,0.34861432407,255,214,195,0,721.857595391,0.0,1,0
-2.0,90.0,1.75,774.290818799,756.506688515,623.437219325,0.35942732202,0.35117189374,255,214,192,0,756.506688515,0.0,1,0
-2.0,90.0,2.0,806.373289263,791.11323794,640.839794703,0.360257251756,0.353439634872,255,215,191,0,791.11323794,0.0,1,0
-2.0,90.0,2.25,836.537881851,824.877461991,659.9450631,0.360365361341,0.355342263754,255,216,190,0,824.877461991,0.0,1,0
-2.0,90.0,2.5,864.398317399,857.180731448,680.550950926,0.359846601758,0.356841940914,255,218,190,0,857.180731448,0.0,1,0
-2.0,90.0,2.75,889.744435203,887.574854811,702.417171124,0.358806046186,0.357931122408,255,219,191,0,887.574854811,0.0,1,0
-2.0,90.0,3.0,912.4985706,915.760741353,725.279224603,0.357346700485,0.358624210382,255,222,193,0,915.760741353,0.0,1,0
-2.0,90.0,3.25,932.678033491,941.562921922,748.863142463,0.355562722138,0.358949887915,255,224,194,0,941.562921922,0.0,1,0
-2.0,90.0,3.5,950.364893999,964.90404695,772.898527706,0.353536342166,0.358944916268,255,226,197,0,964.90404695,0.0,1,0
-2.0,90.0,3.75,965.682867546,985.781762165,797.12881889,0.351337105907,0.358649534971,255,228,199,0,985.781762165,0.0,1,0
-2.0,90.0,4.0,978.780160808,1004.24885942,821.318532419,0.349022416956,0.358104279361,255,231,202,0,1004.24885942,0.0,1,0
-2.0,90.0,4.25,989.817174795,1020.39698554,845.257731723,0.346638738608,0.357347935512,255,233,205,0,1020.39698554,0.0,1,0
-2.0,90.0,4.5,998.957970222,1034.34371866,868.764202737,0.34422304921,0.356416345215,255,235,208,0,1034.34371866,0.0,1,0
-2.0,90.0,4.75,1006.36442445,1046.22247485,891.683833179,0.341804309416,0.355341804444,255,237,211,0,1046.22247485,0.0,1,0
-2.0,90.0,5.0,1012.19252246,1056.17495086,913.889727719,0.339404838089,0.354152871353,255,239,214,0,1056.17495086,0.0,0,0
-2.0,90.0,6.0,1022.53204531,1079.5722692,993.880247259,0.330276855362,0.348700792159,255,247,227,0,1079.5722692,0.0,0,0
-2.0,90.0,7.0,1017.68328833,1082.94088191,1057.90967185,0.322201166494,0.342861889739,255,253,239,0,1082.94088191,0.0,0,0
-2.0,90.0,8.0,1003.20392949,1073.02223369,1106.0903524,0.315243290409,0.337182749873,251,255,247,0,1073.02223369,0.0,0,0
-2.0,90.0,9.0,982.839077149,1054.65334661,1140.16205324,0.309297025295,0.331896798171,247,255,252,0,1054.65334661,0.0,0,0
-2.0,90.0,10.0,959.070175735,1031.15726156,1162.38756552,0.30421417613,0.327079983011,241,253,255,0,1031.15726156,0.0,0,0
-2.0,90.0,11.0,933.529022421,1004.76856754,1175.00494612,0.299851688553,0.322733995779,234,249,255,0,1004.76856754,0.0,0,0
-2.0,90.0,12.0,907.238108325,976.923720335,1179.87715056,0.296092221567,0.318835278193,228,245,255,0,976.923720335,0.0,0,0
-2.0,90.0,13.0,881.462326811,947.928200649,1189.96449131,0.291937291684,0.313950560552,221,240,255,0,947.928200649,0.0,0,0
-2.0,90.0,14.0,855.685813742,919.964365188,1184.4153173,0.289076648753,0.310791895098,217,237,255,0,919.964365188,0.0,0,0
-2.0,90.0,15.0,830.625240541,892.617194007,1175.37642451,0.286558972024,0.307945693245,213,235,255,0,892.617194007,0.0,0,0
-2.0,90.0,16.0,806.443970615,866.131251586,1163.71860891,0.284330192369,0.305374302932,209,233,255,0,866.131251586,0.0,0,0
-2.0,90.0,17.0,783.231005261,840.647681709,1150.12831293,0.282346441552,0.303044542331,206,231,255,0,840.647681709,0.0,0,0
-2.0,90.0,18.0,761.025764497,816.238448138,1135.144416,0.280571944973,0.300927537069,203,229,255,0,816.238448138,0.0,0,0
-2.0,90.0,19.0,747.379069556,800.706770878,1123.19135613,0.2797834199,0.299746792249,202,228,255,0,800.706770878,0.0,0,0
-2.0,90.0,20.0,727.023066174,778.328451027,1106.53627124,0.278351569846,0.297994597804,200,226,255,0,778.328451027,0.0,0,0
-2.0,90.0,21.0,707.631177135,757.014561916,1089.48962653,0.277053122036,0.296387800004,198,225,255,0,757.014561916,0.0,0,0
-2.0,90.0,22.0,689.166655874,736.729167803,1072.25033832,0.275871230579,0.29491035353,196,224,255,0,736.729167803,0.0,0,0
-2.0,90.0,23.0,671.587790557,717.428842646,1054.97187743,0.274791713478,0.293548369612,195,223,255,0,717.428842646,0.0,0,0
-2.0,90.0,24.0,654.850385325,699.066087123,1037.77184462,0.273802560581,0.292289794675,193,221,255,0,699.066087123,0.0,0,0
-2.0,90.0,25.0,638.909461785,681.591669377,1020.73952942,0.27289354424,0.291124138091,192,221,255,0,681.591669377,0.0,0,0
-2.0,90.0,26.0,623.720310503,664.956102714,1003.94175363,0.272055905132,0.290042237443,191,220,255,0,664.956102714,0.0,0,0
-2.0,90.0,27.0,609.239289583,649.110740959,987.427613661,0.271282106292,0.289036068479,190,219,255,0,649.110740959,0.0,0,0
-2.0,90.0,28.0,595.424219207,634.008361239,971.232082187,0.270565629247,0.288098578581,188,218,255,0,634.008361239,0.0,0,0
-2.0,90.0,29.0,582.234674411,619.60358417,955.378944116,0.269900811881,0.287223550505,188,217,255,0,619.60358417,0.0,0,0
-2.0,90.0,30.0,569.632079416,605.85304454,939.883042768,0.26928271323,0.286405484431,187,217,255,0,605.85304454,0.0,0,0
-2.0,90.0,31.0,557.579766668,592.715498384,924.752110066,0.268707005611,0.285639501773,186,216,255,0,592.715498384,0.0,0,0
-2.0,90.0,32.0,546.042933224,580.151802574,909.988171468,0.268169883597,0.284921261496,185,215,255,0,580.151802574,0.0,0,0
-2.0,90.0,33.0,534.988579762,568.124863333,895.588694788,0.267667987952,0.284246888301,184,215,255,0,568.124863333,0.0,0,0
-2.0,90.0,34.0,524.38540009,556.599525047,881.547444439,0.267198344455,0.283612914455,184,214,255,0,556.599525047,0.0,0,0
-2.0,90.0,35.0,514.203689067,545.54247169,867.855224381,0.26675831063,0.283016227264,183,214,255,0,545.54247169,0.0,0,0
-2.0,90.0,36.0,504.415314954,534.92219704,854.500563333,0.266345534777,0.282454030262,182,214,255,0,534.92219704,0.0,0,0
-2.0,90.0,37.0,498.879360193,528.556175035,855.2294652,0.264985730377,0.280748925016,180,212,255,0,528.556175035,0.0,0,0
-2.0,90.0,38.0,489.390371059,518.320933165,841.022155981,0.264716564931,0.280365420068,180,212,255,0,518.320933165,0.0,0,0
-2.0,90.0,39.0,480.212166546,508.430342714,827.087922246,0.264473271039,0.280014221215,180,212,255,0,508.430342714,0.0,0,0
-2.0,90.0,40.0,471.316555676,498.853536049,813.395518229,0.264255238521,0.279694524981,179,211,255,0,498.853536049,0.0,0,0
-2.0,90.0,41.0,462.677289557,489.561793391,799.914964761,0.264061992815,0.279405680129,179,211,255,0,489.561793391,0.0,0,0
-2.0,90.0,42.0,454.273158354,480.531779308,786.62474266,0.263892951043,0.279146911896,179,211,255,0,480.531779308,0.0,0,0
-2.0,90.0,43.0,446.100405776,471.75853367,773.539718474,0.263746458404,0.278916227975,179,211,255,0,471.75853367,0.0,0,0
-2.0,90.0,44.0,438.240976376,463.326918577,760.863316662,0.263614502251,0.27870441516,178,211,255,0,463.326918577,0.0,0,0
-2.0,90.0,45.0,431.360892824,455.933411347,750.097056336,0.263443977554,0.278451091379,178,210,255,0,455.933411347,0.0,0,0
-2.0,90.0,46.0,426.631159479,450.803393778,743.858756425,0.263142490585,0.278051720245,178,210,255,0,450.803393778,0.0,0,0
-2.0,90.0,47.0,422.715958362,446.536418162,739.200446535,0.262809049977,0.277618598296,177,210,255,0,446.536418162,0.0,0,0
-2.0,90.0,48.0,418.964329891,442.449892954,734.693705634,0.262491227827,0.277205497861,177,209,255,0,442.449892954,0.0,0,0
-2.0,90.0,49.0,415.287627873,438.450458782,730.15451041,0.262194310803,0.276818301692,176,209,255,0,438.450458782,0.0,0,0
-2.0,90.0,50.0,411.675824411,434.527144297,725.572114699,0.261917769761,0.276456312919,176,209,255,0,434.527144297,0.0,0,0
-2.0,90.0,51.0,408.133046344,430.683827489,720.966333981,0.261660110392,0.276117748499,176,209,255,0,430.683827489,0.0,0,0
-2.0,90.0,52.0,404.665942201,426.927050376,716.36178461,0.261419744404,0.275800725362,175,208,255,0,426.927050376,0.0,0,0
-2.0,90.0,53.0,399.288943399,421.183703599,706.728434253,0.261451454102,0.275787981537,175,208,255,0,421.183703599,0.0,0,0
-2.0,90.0,54.0,391.216792964,412.498823796,691.012935353,0.261730996181,0.27596905352,176,208,255,0,412.498823796,0.0,0,0
-2.0,90.0,55.0,387.52467586,408.518223478,685.427984016,0.261581027487,0.275751773503,176,208,255,0,408.518223478,0.0,0,0
-2.0,90.0,56.0,383.947518763,404.664263263,679.978279722,0.261439545836,0.275546099489,175,208,255,0,404.664263263,0.0,0,0
-2.0,90.0,57.0,380.483163853,400.934291072,674.664794629,0.261306093093,0.275351403532,175,208,255,0,400.934291072,0.0,0,0
-2.0,90.0,58.0,377.129346386,397.325572497,669.487895363,0.261180250814,0.275167110898,175,208,255,0,397.325572497,0.0,0,0
-2.0,90.0,59.0,373.883722488,393.835317437,664.447429241,0.261061636715,0.274992695274,175,208,255,0,393.835317437,0.0,0,0
-2.0,90.0,60.0,370.74388554,390.460694705,659.542790664,0.260949900828,0.27482767359,175,208,255,0,390.460694705,0.0,0,0
-2.0,90.0,61.0,367.70738885,387.198854037,654.772989945,0.260844722889,0.274671602602,175,207,255,0,387.198854037,0.0,0,0
-2.0,90.0,62.0,364.771765233,384.046944523,650.136711778,0.260745810494,0.274524076043,174,207,255,0,384.046944523,0.0,0,0
-2.0,90.0,63.0,361.934525278,381.002111037,645.632348792,0.26065289457,0.274384719177,174,207,255,0,381.002111037,0.0,0,0
-2.0,90.0,64.0,359.19318446,378.061521069,641.258058848,0.260565729779,0.274253188537,174,207,255,0,378.061521069,0.0,0,0
-2.0,90.0,65.0,356.545255745,375.222355273,637.011780731,0.260484091077,0.274129167589,174,207,255,0,375.222355273,0.0,0,0
-2.0,90.0,66.0,353.98827139,372.481829718,632.891279903,0.260407774073,0.274012367073,174,207,255,0,372.481829718,0.0,0,0
-2.0,90.0,67.0,351.519764279,369.837174007,628.894148097,0.260336590597,0.273902519122,174,207,255,0,369.837174007,0.0,0,0
-2.0,90.0,68.0,349.137286697,367.285650763,625.017835977,0.260270370195,0.273799379023,174,207,255,0,367.285650763,0.0,0,0
-2.0,90.0,69.0,346.838411107,364.824554894,621.259674679,0.260208957761,0.273702721943,174,207,255,0,364.824554894,0.0,0,0
-2.0,90.0,70.0,344.620717433,362.451199695,617.616862334,0.260152212939,0.273612342245,174,207,255,0,362.451199695,0.0,0,0
-2.0,90.0,71.0,342.481806619,360.162929909,614.086497838,0.260100009539,0.273528052277,173,207,255,0,360.162929909,0.0,0,0
-2.0,90.0,72.0,340.41928641,357.957106218,610.665569161,0.260052233883,0.273449680505,173,206,255,0,357.957106218,0.0,0,0
-2.0,90.0,73.0,338.430777547,355.831110899,607.350969752,0.260008784805,0.273377071115,173,206,255,0,355.831110899,0.0,0,0
-2.0,90.0,74.0,336.513914099,353.782347616,604.139502187,0.25996957399,0.273310084194,173,206,255,0,353.782347616,0.0,0,0
-2.0,90.0,75.0,334.666334251,351.8082313,601.02787956,0.259934523248,0.273248592759,173,206,255,0,351.8082313,0.0,0,0
-2.0,90.0,76.0,332.885685191,349.90619234,598.012733114,0.259903565637,0.273192483406,173,206,255,0,349.90619234,0.0,0,0
-2.0,90.0,77.0,331.144589881,348.050474991,595.017141607,0.259881822037,0.273149537589,173,206,255,0,348.050474991,0.0,0,0
-2.0,90.0,78.0,327.340286451,344.157051413,584.520569046,0.260617531526,0.274006484716,174,207,255,0,344.157051413,0.0,0,0
-2.0,90.0,79.0,325.944962452,342.659026353,582.31333516,0.260564752128,0.273926197829,174,207,255,0,342.659026353,0.0,0,0
-2.0,90.0,80.0,324.60786631,341.222914205,580.207331771,0.260511988445,0.273846289965,174,207,255,0,341.222914205,0.0,0,0
-2.0,90.0,81.0,323.325859751,339.845303963,578.198148858,0.260459040252,0.273766477487,174,207,255,0,339.845303963,0.0,0,0
-2.0,90.0,82.0,322.09595029,338.522943029,576.281588487,0.260405711719,0.273686483277,174,207,255,0,338.522943029,0.0,0,0
-2.0,90.0,83.0,320.915431015,337.252889169,574.453864232,0.260351821566,0.273606051743,174,207,255,0,337.252889169,0.0,0,0
-2.0,90.0,84.0,319.782262663,336.032923939,572.712140051,0.260297232081,0.27352498935,174,207,255,0,336.032923939,0.0,0,0
-2.0,90.0,85.0,318.695864974,334.86241009,571.055661592,0.260241905988,0.273443246125,174,206,255,0,334.86241009,0.0,0,0
-2.0,90.0,86.0,317.658948303,333.744275412,569.488347514,0.26018604419,0.273361110255,174,206,255,0,333.744275412,0.0,0,0
-2.0,90.0,87.0,316.682188197,332.690077006,568.025409836,0.260130436167,0.273279704592,174,206,255,0,332.690077006,0.0,0,0
-2.0,90.0,88.0,315.797340907,331.734210883,566.711931035,0.260077443589,0.273202381215,174,206,255,0,331.734210883,0.0,0,0
-2.0,90.0,89.0,315.094931339,330.974747425,565.676277956,0.260033821108,0.273138726471,173,206,255,0,330.974747425,0.0,0,0
-2.0,90.0,90.0,314.790847321,330.645670501,565.226717071,0.260015203442,0.273111184821,173,206,255,0,330.645670501,0.0,0,0
-2.0,180.0,0.0,521.857820825,524.738521462,522.130811374,0.332663216549,0.334499546487,255,231,226,0,524.738521462,0.0,1,0
-2.0,180.0,0.25,542.545633843,543.013174231,534.70269741,0.334850659605,0.335139218202,255,229,223,0,543.013174231,0.0,1,0
-2.0,180.0,0.5,567.392292258,563.729306954,541.917672147,0.339138657395,0.336949237597,255,225,217,0,563.729306954,0.0,1,0
-2.0,180.0,0.75,598.674883064,590.269223735,549.498592451,0.344374239843,0.339539073672,255,221,211,0,590.269223735,0.0,1,0
-2.0,180.0,1.0,635.965939206,622.925787494,558.551672006,0.349923381195,0.342748383767,255,218,204,0,622.925787494,0.0,1,0
-2.0,180.0,1.25,678.109434986,661.230805401,569.689553448,0.35521155153,0.346370081565,255,215,198,0,661.230805401,0.0,1,0
-2.0,180.0,1.5,723.53368125,704.147522309,583.123747026,0.359822906264,0.350181912027,255,213,192,0,704.147522309,0.0,1,0
-2.0,180.0,1.75,770.678954469,750.43604486,599.022833835,0.363504175254,0.35395625375,255,212,188,0,750.43604486,0.0,1,0
-2.0,180.0,2.0,818.166367312,798.81920859,617.495044889,0.366155051737,0.357496592791,255,212,184,0,798.81920859,0.0,1,0
-2.0,180.0,2.25,864.872453609,848.099527,638.563053498,0.367790588303,0.360657831884,255,212,182,0,848.099527,0.0,1,0
-2.0,180.0,2.5,909.939617182,897.227334558,662.154252683,0.368497875267,0.363349787363,255,213,180,0,897.227334558,0.0,1,0
-2.0,180.0,2.75,952.753964047,945.332154736,688.106458648,0.368400239163,0.365530457007,255,215,180,0,945.332154736,0.0,1,0
-2.0,180.0,3.0,992.911467859,991.730625739,716.184177088,0.367632482932,0.367195267797,255,217,180,0,991.730625739,0.0,1,0
-2.0,180.0,3.25,1030.1696089,1035.90731502,746.097069127,0.366324989651,0.368365299437,255,219,181,0,1035.90731502,0.0,1,0
-2.0,180.0,3.5,1064.4178651,1077.50252424,777.522161925,0.364596270146,0.369078173426,255,222,182,0,1077.50252424,0.0,1,0
-2.0,180.0,3.75,1095.64042701,1116.28432361,810.121615042,0.362549178418,0.369380276984,255,224,184,0,1116.28432361,0.0,1,0
-2.0,180.0,4.0,1123.89100089,1152.12637569,843.55820341,0.360270482977,0.369321513825,255,226,187,0,1152.12637569,0.0,1,0
-2.0,180.0,4.25,1149.27356507,1184.98841118,877.508687671,0.357831764882,0.368951751285,255,229,189,0,1184.98841118,0.0,1,0
-2.0,180.0,4.5,1171.91944663,1214.8900253,911.669603716,0.35529085368,0.368318245299,255,231,192,0,1214.8900253,0.0,1,0
-2.0,180.0,4.75,1191.98350755,1241.90336414,945.766458682,0.352694016524,0.367464719823,255,234,195,0,1241.90336414,0.0,1,0
-2.0,180.0,5.0,1209.62667412,1266.13086113,979.553303929,0.350077527152,0.366430379221,255,236,199,0,1266.13086113,0.0,0,0
-2.0,180.0,6.0,1259.22319088,1337.87182406,1107.76335707,0.339884299058,0.361112811807,255,244,212,0,1337.87182406,0.0,0,0
-2.0,180.0,7.0,1282.31541628,1376.39844153,1219.00742867,0.330687876086,0.354950327743,255,252,225,0,1376.39844153,0.0,0,0
-2.0,180.0,8.0,1286.6382365,1390.4887655,1309.94404347,0.322702610971,0.348749432764,252,255,235,0,1390.4887655,0.0,0,0
-2.0,180.0,9.0,1277.95984525,1387.2721664,1380.76455812,0.315857866711,0.34287527003,247,255,241,0,1387.2721664,0.0,0,0
-2.0,180.0,10.0,1260.45667243,1372.13325697,1433.3821647,0.310001309222,0.337467455558,243,255,246,0,1372.13325697,0.0,0,0
-2.0,180.0,11.0,1235.6921718,1347.2679771,1469.02190786,0.304959931829,0.332496037304,239,255,251,0,1347.2679771,0.0,0,0
-2.0,180.0,12.0,1213.94470615,1323.77470408,1513.15661401,0.299674613316,0.326787266793,234,253,255,0,1323.77470408,0.0,0,0
-2.0,180.0,13.0,1184.48689979,1292.09787043,1525.95155903,0.295934078382,0.322819773299,227,249,255,0,1292.09787043,0.0,0,0
-2.0,180.0,14.0,1154.08890141,1258.85138303,1531.3491231,0.292597419247,0.319157965596,222,245,255,0,1258.85138303,0.0,0,0
-2.0,180.0,15.0,1123.02089472,1224.61011567,1528.76190489,0.289707704885,0.315914857558,217,242,255,0,1224.61011567,0.0,0,0
-2.0,180.0,16.0,1091.97103997,1190.19593895,1520.68642164,0.287145184143,0.312974446707,213,240,255,0,1190.19593895,0.0,0,0
-2.0,180.0,17.0,1061.28393333,1156.06822878,1508.29075944,0.284859272796,0.310300330204,210,237,255,0,1156.06822878,0.0,0,0
-2.0,180.0,18.0,1031.19244785,1122.53759389,1492.52343606,0.282808766348,0.307860548019,206,235,255,0,1122.53759389,0.0,0,0
-2.0,180.0,19.0,1001.84935531,1089.80853737,1474.15097118,0.280959915005,0.305627300557,204,233,255,0,1089.80853737,0.0,0,0
-2.0,180.0,20.0,973.350583921,1058.01058978,1453.79173153,0.279284900947,0.303576519755,201,231,255,0,1058.01058978,0.0,0,0
-2.0,180.0,21.0,945.751735646,1027.22032483,1431.9441477,0.277760648963,0.301687401987,199,230,255,0,1027.22032483,0.0,0,0
-2.0,180.0,22.0,919.07961171,997.476708981,1409.009398,0.276367899315,0.299941962769,197,228,255,0,997.476708981,0.0,0,0
-2.0,180.0,23.0,893.34080918,968.792422484,1385.3102936,0.275090483401,0.298324640582,195,227,255,0,968.792422484,0.0,0,0
-2.0,180.0,24.0,868.527686129,941.16171309,1361.10618679,0.273914751857,0.296821945017,193,226,255,0,941.16171309,0.0,0,0
-2.0,180.0,25.0,844.62267604,914.566046326,1336.60494713,0.272829124357,0.295422157923,191,224,255,0,914.566046326,0.0,0,0
-2.0,180.0,26.0,821.601731726,888.97853415,1311.97313591,0.27182372733,0.29411507953,190,223,255,0,888.97853415,0.0,0,0
-2.0,180.0,27.0,799.436512182,864.366777132,1287.3436727,0.270890105601,0.292891810628,188,222,255,0,864.366777132,0.0,0,0
-2.0,180.0,28.0,778.096068278,840.695021376,1262.82215964,0.270020992049,0.29174457106,187,221,255,0,840.695021376,0.0,0,0
-2.0,180.0,29.0,757.548013116,817.925661431,1238.49190352,0.269210120771,0.290666548236,186,220,255,0,817.925661431,0.0,0,0
-2.0,180.0,30.0,737.759399749,796.020346457,1214.41808874,0.268452070796,0.289651762451,185,220,255,0,796.020346457,0.0,0,0
-2.0,180.0,31.0,718.697299546,774.940719406,1190.65099841,0.267742145088,0.288694963319,184,219,255,0,774.940719406,0.0,0,0
-2.0,180.0,32.0,700.329281471,754.649007913,1167.22883921,0.267076263287,0.28779153244,183,218,255,0,754.649007913,0.0,0,0
-2.0,180.0,33.0,682.623517145,735.10817877,1144.17955691,0.266450883649,0.286937409702,182,217,255,0,735.10817877,0.0,0,0
-2.0,180.0,34.0,665.549107749,716.282326514,1121.52288853,0.265862927069,0.286129022965,181,217,255,0,716.282326514,0.0,0,0
-2.0,180.0,35.0,652.474682396,701.260169283,1111.80544532,0.264637606285,0.284424541808,179,215,255,0,701.260169283,0.0,0,0
-2.0,180.0,36.0,636.239276204,683.462090567,1088.64543009,0.264180921549,0.283788900942,178,215,255,0,683.462090567,0.0,0,0
-2.0,180.0,37.0,620.510988212,666.24123689,1065.80426564,0.263760292539,0.283198826261,178,214,255,0,666.24123689,0.0,0,0
-2.0,180.0,38.0,605.527148896,649.823743579,1044.15449867,0.263329301696,0.282592833259,177,214,255,0,649.823743579,0.0,0,0
-2.0,180.0,39.0,590.791143788,633.721035327,1022.0799366,0.262972143299,0.282081037716,177,214,255,0,633.721035327,0.0,0,0
-2.0,180.0,40.0,576.499643867,618.120552182,1000.34637146,0.262646207191,0.281608185442,176,213,255,0,618.120552182,0.0,0,0
-2.0,180.0,41.0,562.624859713,602.991246222,978.930202244,0.262351462203,0.28117427165,176,213,255,0,602.991246222,0.0,0,0
-2.0,180.0,42.0,549.149920574,588.31345274,957.83257448,0.262087043672,0.280778213388,175,213,255,0,588.31345274,0.0,0,0
-2.0,180.0,43.0,536.187977326,574.201042115,937.398644686,0.261837683037,0.280400674432,175,212,255,0,574.201042115,0.0,0,0
-2.0,180.0,44.0,525.272603735,562.226122354,921.755018671,0.261426713826,0.279818377256,174,212,255,0,562.226122354,0.0,0,0
-2.0,180.0,45.0,515.567937759,551.528339305,908.706396212,0.260941006272,0.279141407573,174,211,255,0,551.528339305,0.0,0,0
-2.0,180.0,46.0,506.229069786,541.238711269,896.032314296,0.260472881374,0.278486588482,173,211,255,0,541.238711269,0.0,0,0
-2.0,180.0,47.0,497.224850303,531.32388586,883.676422307,0.260024217389,0.277856341083,172,210,255,0,531.32388586,0.0,0,0
-2.0,180.0,48.0,488.473849767,521.697817892,871.461346389,0.259601020029,0.277258006209,172,210,255,0,521.697817892,0.0,0,0
-2.0,180.0,49.0,479.974432468,512.357437881,859.40800699,0.259201866494,0.276689746843,171,209,255,0,512.357437881,0.0,0,0
-2.0,180.0,50.0,471.729346279,503.304314036,847.546334829,0.258825043365,0.276149368136,171,209,255,0,503.304314036,0.0,0,0
-2.0,180.0,51.0,463.740645489,494.539378169,835.902650409,0.258469024471,0.275634909041,170,209,255,0,494.539378169,0.0,0,0
-2.0,180.0,52.0,449.830171681,479.474444048,809.384249217,0.258718037914,0.27576782351,171,209,255,0,479.474444048,0.0,0,0
-2.0,180.0,53.0,441.903092405,470.799836828,797.140682052,0.25844649738,0.275346723946,170,208,255,0,470.799836828,0.0,0,0
-2.0,180.0,54.0,434.238307946,462.419217658,785.17203491,0.258194003805,0.274950107023,170,208,255,0,462.419217658,0.0,0,0
-2.0,180.0,55.0,426.5039126,453.970431866,772.765150172,0.257980718452,0.274594475476,170,208,255,0,453.970431866,0.0,0,0
-2.0,180.0,56.0,419.380207168,446.184451868,761.470842171,0.257757256591,0.274231540453,169,207,255,0,446.184451868,0.0,0,0
-2.0,180.0,57.0,412.522968207,438.691709707,750.514942665,0.257548441951,0.273886244014,169,207,255,0,438.691709707,0.0,0,0
-2.0,180.0,58.0,405.926845294,431.485819398,739.895871445,0.257354116835,0.273558285847,169,207,255,0,431.485819398,0.0,0,0
-2.0,180.0,59.0,399.586734845,424.56070565,729.611692269,0.257174182548,0.273247440158,168,207,255,0,424.56070565,0.0,0,0
-2.0,180.0,60.0,393.497783087,417.910602558,719.660183916,0.257008595768,0.272953550786,168,206,255,0,417.910602558,0.0,0,0
-2.0,180.0,61.0,387.65536314,411.530024583,710.038866266,0.256857363719,0.272676524708,168,206,255,0,411.530024583,0.0,0,0
-2.0,180.0,62.0,382.055089239,405.413777961,700.745072885,0.256720541952,0.272416328756,168,206,255,0,405.413777961,0.0,0,0
-2.0,180.0,63.0,376.692807535,399.55694727,691.775980611,0.256598231521,0.272172985548,168,206,255,0,399.55694727,0.0,0,0
-2.0,180.0,64.0,371.564577175,393.954871894,683.128627883,0.256490574272,0.271946567397,168,206,255,0,393.954871894,0.0,0,0
-2.0,180.0,65.0,366.666673968,388.603147599,674.799940552,0.256397753229,0.271737196249,167,205,255,0,388.603147599,0.0,0,0
-2.0,180.0,66.0,361.995584029,383.497616179,666.786761716,0.256319988804,0.271545038179,167,205,255,0,383.497616179,0.0,0,0
-2.0,180.0,67.0,357.547991699,378.634350887,659.085851791,0.25625753754,0.271370301719,167,205,255,0,378.634350887,0.0,0,0
-2.0,180.0,68.0,353.320768587,374.009642147,651.693896201,0.256210689551,0.271213234072,167,205,255,0,374.009642147,0.0,0,0
-2.0,180.0,69.0,349.310976337,369.619998077,644.607527152,0.256179767521,0.271074119031,167,205,255,0,369.619998077,0.0,0,0
-2.0,180.0,70.0,345.515855815,365.462131643,637.823314527,0.256165126254,0.270953276146,167,205,255,0,365.462131643,0.0,0,0
-2.0,180.0,71.0,341.932812272,361.532942302,631.337766361,0.256167148879,0.270851055329,167,205,255,0,361.532942302,0.0,0,0
-2.0,180.0,72.0,338.559415418,357.829514847,625.147327834,0.256186247894,0.270767837548,167,205,255,0,357.829514847,0.0,0,0
-2.0,180.0,73.0,335.393395172,354.349112858,619.248383205,0.256222864053,0.270704032572,167,205,255,0,354.349112858,0.0,0,0
-2.0,180.0,74.0,332.432628715,351.08916364,613.637243199,0.256277464523,0.27066007638,167,205,255,0,351.08916364,0.0,0,0
-2.0,180.0,75.0,329.675132393,348.047247977,608.31012929,0.256350543175,0.270636430543,168,205,255,0,348.047247977,0.0,0,0
-2.0,180.0,76.0,323.814154435,341.784188487,593.894850904,0.257098772762,0.271366443394,169,205,255,0,341.784188487,0.0,0,0
-2.0,180.0,77.0,321.66831812,339.391667862,589.698582717,0.257178584396,0.271348665007,169,205,255,0,339.391667862,0.0,0,0
-2.0,180.0,78.0,319.557263952,337.040398709,585.33478913,0.257306477089,0.271383840742,169,205,255,0,337.040398709,0.0,0,0
-2.0,180.0,79.0,317.838087665,335.102416976,581.770342056,0.257419045532,0.2714015333,169,205,255,0,335.102416976,0.0,0,0
-2.0,180.0,80.0,316.324844806,333.38341946,578.502479154,0.25754932246,0.271438286341,170,205,255,0,333.38341946,0.0,0,0
-2.0,180.0,81.0,315.016166724,331.881606418,575.526942072,0.257697805683,0.271494516012,170,205,255,0,331.881606418,0.0,0,0
-2.0,180.0,82.0,313.910769889,330.595258376,572.839332845,0.257865006856,0.271570639637,170,205,255,0,330.595258376,0.0,0,0
-2.0,180.0,83.0,313.007441975,329.522719322,570.435064051,0.258051455585,0.271667078689,170,205,255,0,329.522719322,0.0,0,0
-2.0,180.0,84.0,312.30500637,328.662356714,568.309296438,0.258257698031,0.271784255593,171,205,255,0,328.662356714,0.0,0,0
-2.0,180.0,85.0,311.802307066,328.012542033,566.456879314,0.258484303098,0.271922597792,171,205,255,0,328.012542033,0.0,0,0
-2.0,180.0,86.0,311.498165044,327.571602528,564.872268325,0.258731862296,0.272082536169,171,205,255,0,327.571602528,0.0,0,0
-2.0,180.0,87.0,311.391337102,327.337773362,563.549424441,0.259000995245,0.272264507648,172,206,255,0,327.337773362,0.0,0,0
-2.0,180.0,88.0,311.478734592,327.306864247,562.480857383,0.259291960563,0.272468162706,172,206,255,0,327.306864247,0.0,0,0
-2.0,180.0,89.0,312.798917409,328.614041265,563.337693721,0.259637890037,0.272765190549,173,206,255,0,328.614041265,0.0,0,0
-2.0,180.0,90.0,314.79084732,330.6456705,565.226717068,0.260015203443,0.273111184822,173,206,255,0,330.6456705,0.0,0,0
0.0,0.0,0.0,1270.39381912,1043.00473154,444.038968049,0.460715360004,0.378251447027,255,154,106,0,1043.00473154,0.0,1,0
0.0,0.0,0.25,1368.74247831,1103.92719247,431.405354218,0.471317877992,0.380130397103,255,149,98,0,1103.92719247,0.0,1,0
0.0,0.0,0.5,1510.84868848,1206.64674642,434.179672114,0.479379579805,0.382858862492,255,146,91,0,1206.64674642,0.0,1,0
0.0,0.0,0.75,1675.90417905,1334.23134528,444.064799371,0.485178629494,0.386263453258,255,145,86,0,1334.23134528,0.0,1,0
0.0,0.0,1.0,1847.92538505,1474.7526636,458.822967761,0.488675099393,0.389991343966,255,145,81,0,1474.7526636,0.0,1,0
0.0,0.0,1.25,2015.2320607,1618.91489313,477.804781925,0.49009137028,0.393709604871,255,147,78,0,1618.91489313,0.0,1,0
0.0,0.0,1.5,2170.23335538,1759.74064902,500.643504902,0.489826384431,0.397177288567,255,149,76,0,1759.74064902,0.0,1,0
0.0,0.0,1.75,2308.66296031,1892.37241834,526.882876234,0.488304330965,0.40025489366,255,151,75,0,1892.37241834,0.0,1,0
0.0,0.0,2.0,2428.68526149,2013.78636208,555.909533337,0.485894369648,0.402887714814,255,154,74,0,2013.78636208,0.0,1,0
0.0,0.0,2.25,2530.28675944,2122.57171684,587.32855202,0.482861918052,0.405056480881,255,156,75,0,2122.57171684,0.0,1,0
0.0,0.0,2.5,2614.34145308,2218.22515346,620.605114403,0.479416674711,0.406777058742,255,159,77,0,2218.22515346,0.0,1,0
0.0,0.0,2.75,2682.24454107,2300.9120822,655.209318538,0.475713099992,0.408081367182,255,162,78,0,2300.9120822,0.0,1,0
0.0,0.0,3.0,2735.61970592,2371.22062197,690.637149913,0.471863791864,0.409009026951,255,165,81,0,2371.22062197,0.0,1,0
0.0,0.0,3.25,2776.1374063,2429.98438813,726.425299173,0.467950336086,0.40960220792,255,167,83,0,2429.98438813,0.0,1,0
0.0,0.0,3.5,2805.40647915,2478.15757445,762.159789374,0.464031529063,0.409902542494,255,170,86,0,2478.15757445,0.0,1,0
0.0,0.0,3.75,2824.91745802,2516.73285076,797.480282313,0.460149432579,0.409949391598,255,172,89,0,2516.73285076,0.0,1,0
0.0,0.0,4.0,2836.01759367,2546.6891473,832.08087082,0.456333791406,0.409778950848,255,174,92,0,2546.6891473,0.0,1,0
0.0,0.0,4.25,2839.9043084,2568.9596456,865.70828673,0.452605245337,0.409423869396,255,176,95,0,2568.9596456,0.0,1,0
0.0,0.0,4.5,2837.63046424,2584.41477971,898.158716927,0.448977672526,0.408913192629,255,178,98,0,2584.41477971,0.0,1,0
0.0,0.0,4.75,2830.11404221,2593.85325324,929.273125212,0.44545993144,0.408272484826,255,180,101,0,2593.85325324,0.0,1,0
0.0,0.0,5.0,2818.15179097,2598.00051069,958.932627541,0.442057136849,0.407524062745,255,182,104,0,2598.00051069,0.0,0,0
0.0,0.0,6.0,2738.27664458,2573.75394066,1061.77294499,0.429614221962,0.403801894498,255,188,115,0,2573.75394066,0.0,0,0
0.0,0.0,7.0,2628.01814199,2506.05198189,1139.03404148,0.418934242556,0.399491530163,255,194,125,0,2506.05198189,0.0,0,0
0.0,0.0,8.0,2504.69966352,2414.72787319,1193.01671961,0.409770553069,0.395051107532,255,198,134,0,2414.72787319,0.0,0,0
0.0,0.0,9.0,2377.76874555,2311.770336,1227.39835935,0.401858016803,0.3907038665,255,202,142,0,2311.770336,0.0,0,0
0.0,0.0,10.0,2252.35049531,2204.37100808,1245.98986647,0.394961334921,0.386547883123,255,205,149,0,2204.37100808,0.0,0,0
0.0,0.0,11.0,2131.16787676,2096.81368976,1252.2131746,0.38888542788,0.382616638424,255,208,156,0,2096.81368976,0.0,0,0
0.0,0.0,12.0,2015.04661059,1991.01717935,1248.17035246,0.383509100657,0.378935754553,255,210,162,0,1991.01717935,0.0,0,0
0.0,0.0,13.0,1908.31472684,1892.08007909,1249.59868346,0.377884591504,0.374669805628,255,212,168,0,1892.08007909,0.0,0,0
0.0,0.0,14.0,1805.04361275,1794.94053943,1233.41369827,0.37345231421,0.371362051081,255,214,173,0,1794.94053943,0.0,0,0
0.0,0.0,15.0,1707.87492016,1702.51180511,1213.32154345,0.36937341651,0.36821350011,255,216,178,0,1702.51180511,0.0,0,0
0.0,0.0,16.0,1616.99943068,1615.3808965,1190.55858363,0.365593887523,0.365227946637,255,218,183,0,1615.3808965,0.0,0,0
0.0,0.0,17.0,1531.87213252,1533.20741235,1165.87030301,0.362063410722,0.362379008846,255,219,187,0,1533.20741235,0.0,0,0
0.0,0.0,18.0,1452.16593371,1455.84548857,1139.92743772,0.358742062055,0.359651056727,255,221,191,0,1455.84548857,0.0,0,0
0.0,0.0,19.0,1377.54602467,1383.0968716,1113.24582904,0.355597726819,0.35703061437,255,222,195,0,1383.0968716,0.0,0,0
0.0,0.0,20.0,1307.68247812,1314.73520866,1086.21994158,0.352604543544,0.354506247417,255,224,199,0,1314.73520866,0.0,0,0
0.0,0.0,21.0,1242.25737438,1250.52167953,1059.14969182,0.349741637097,0.352068346256,255,225,202,0,1250.52167953,0.0,0,0
0.0,0.0,22.0,1180.96902654,1190.21530621,1032.26135284,0.346992176647,0.349708917421,255,226,206,0,1190.21530621,0.0,0,0
0.0,0.0,23.0,1123.53349523,1133.57900037,1005.72378804,0.344342589563,0.347421354254,255,228,209,0,1133.57900037,0.0,0,0
0.0,0.0,24.0,1069.6849885,1080.38329523,979.661039507,0.34178194918,0.345200234157,255,229,213,0,1080.38329523,0.0,0,0
0.0,0.0,25.0,1019.17558393,1030.40855502,954.162237315,0.339301477642,0.34304113129,255,230,216,0,1030.40855502,0.0,0,0
0.0,0.0,26.0,971.774528751,983.44613683,929.289278542,0.336894151026,0.340940456397,255,231,219,0,983.44613683,0.0,0,0
0.0,0.0,27.0,927.267266961,939.298833615,905.08283767,0.334554370925,0.338895312698,255,233,223,0,939.298833615,0.0,0,0
0.0,0.0,28.0,885.454478727,897.78098284,881.56711189,0.332277703252,0.336903375801,255,234,226,0,897.78098284,0.0,0,0
0.0,0.0,29.0,846.151000466,858.718210053,858.753500048,0.330060658684,0.334962787821,255,235,229,0,858.718210053,0.0,0,0
0.0,0.0,30.0,809.184915045,821.947160231,836.64369701,0.327900502198,0.333072060056,255,236,232,0,821.947160231,0.0,0,0
0.0,0.0,31.0,774.396451584,787.314869575,815.231715813,0.325795124047,0.331230011544,255,238,235,0,787.314869575,0.0,0,0
0.0,0.0,32.0,741.637023004,754.67817444,794.505633445,0.323742919134,0.329435704558,255,239,238,0,754.67817444,0.0,0,0
0.0,0.0,33.0,710.768504086,723.903298106,774.449244916,0.321742670016,0.327688380433,255,240,241,0,723.903298106,0.0,0,0
0.0,0.0,34.0,681.662410569,694.865257465,755.043144616,0.319793462419,0.32598741423,255,241,244,0,694.865257465,0.0,0,0
0.0,0.0,35.0,654.199139678,667.447279604,736.265525894,0.317894621882,0.324332283103,255,243,247,0,667.447279604,0.0,0,0
0.0,0.0,36.0,624.226877353,636.983232145,716.746443571,0.315591804271,0.32204106362,255,244,251,0,636.983232145,0.0,0,0
0.0,0.0,37.0,599.873059969,612.625864594,700.777994848,0.313531749577,0.320197175003,255,245,254,0,612.625864594,0.0,0,0
0.0,0.0,38.0,577.253112942,590.066161778,683.771233479,0.311844888397,0.318766780535,253,244,255,0,590.066161778,0.0,0,0
0.0,0.0,39.0,555.710953666,568.548272846,667.095027817,0.310218345882,0.317384610818,250,243,255,0,568.548272846,0.0,0,0
0.0,0.0,40.0,535.490633382,548.359455581,651.132392801,0.308643250874,0.316060514354,248,242,255,0,548.359455581,0.0,0,0
0.0,0.0,41.0,516.334229249,529.220344261,635.619426592,0.307127179708,0.314792129922,245,240,255,0,529.220344261,0.0,0,0
0.0,0.0,42.0,498.170920857,511.061312011,620.528202992,0.305671256889,0.313580634777,243,239,255,0,511.061312011,0.0,0,0
0.0,0.0,43.0,480.937723424,493.820505909,605.841360074,0.304275495608,0.312426062374,241,238,255,0,493.820505909,0.0,0,0
0.0,0.0,44.0,464.611772965,477.476670195,591.659137578,0.302925839167,0.311313723452,239,237,255,0,477.476670195,0.0,0,0
0.0,0.0,45.0,449.657579108,462.503834194,579.668932563,0.301413347942,0.31002441764,236,236,255,0,462.503834194,0.0,0,0
0.0,0.0,46.0,435.870069297,448.695050328,569.351661209,0.299790245936,0.308611232942,234,235,255,0,448.695050328,0.0,0,0
0.0,0.0,47.0,422.799917014,435.594533037,559.371057318,0.298215688572,0.307240182366,231,234,255,0,435.594533037,0.0,0,0
0.0,0.0,48.0,410.388368165,423.144059571,549.663470506,0.296695767163,0.305917665104,229,232,255,0,423.144059571,0.0,0,0
0.0,0.0,49.0,398.590669191,411.299896694,540.202350355,0.29523202766,0.304645622347,227,231,255,0,411.299896694,0.0,0,0
0.0,0.0,50.0,387.373800257,400.02987275,530.990613692,0.293822420322,0.303422031471,225,230,255,0,400.02987275,0.0,0,0
0.0,0.0,51.0,376.707604883,389.30462013,522.032531698,0.292464685656,0.302244637154,222,229,255,0,389.30462013,0.0,0,0
0.0,0.0,52.0,366.563805881,379.096600813,513.331149853,0.29115668328,0.301111313131,220,228,255,0,379.096600813,0.0,0,0
0.0,0.0,53.0,352.235845882,364.497232083,496.592934993,0.290306020081,0.300411619128,219,228,255,0,364.497232083,0.0,0,0
0.0,0.0,54.0,342.677179966,354.848941965,487.763876599,0.289108302939,0.299377318972,217,227,255,0,354.848941965,0.0,0,0
0.0,0.0,55.0,333.581332435,345.660947005,479.222035451,0.287951323271,0.298378588414,216,226,255,0,345.660947005,0.0,0,0
0.0,0.0,56.0,324.859620904,336.843077918,470.814253778,0.286847468516,0.297428729119,214,225,255,0,336.843077918,0.0,0,0
0.0,0.0,57.0,316.615409327,328.502832308,462.827024798,0.28576809606,0.296497347171,212,224,255,0,328.502832308,0.0,0,0
0.0,0.0,58.0,308.764968724,320.555128313,455.10999533,0.284725563129,0.29559778041,211,223,255,0,320.555128313,0.0,0,0
0.0,0.0,59.0,301.288020737,312.980097155,447.656748554,0.283718773575,0.294729040674,209,223,255,0,312.980097155,0.0,0,0
0.0,0.0,60.0,294.165667918,305.759233443,440.461103975,0.282746659806,0.293890182946,208,222,255,0,305.759233443,0.0,0,0
0.0,0.0,61.0,287.380316092,298.875320753,433.517141982,0.281808185175,0.293080308631,206,221,255,0,298.875320753,0.0,0,0
0.0,0.0,62.0,280.915562138,292.312317272,426.81916861,0.280902346239,0.292298565203,205,221,255,0,292.312317272,0.0,0,0
0.0,0.0,63.0,274.756114507,286.055277363,420.361728618,0.280028171145,0.291544143831,204,220,255,0,286.055277363,0.0,0,0
0.0,0.0,64.0,268.88770653,280.090264643,414.139581318,0.279184722399,0.290816280856,202,220,255,0,280.090264643,0.0,0,0
0.0,0.0,65.0,263.297007682,274.404262696,408.147679956,0.278371094655,0.290114254077,201,219,255,0,274.404262696,0.0,0,0
0.0,0.0,66.0,257.97157783,268.985131509,402.381182832,0.277586419325,0.289437387386,200,219,255,0,268.985131509,0.0,0,0
0.0,0.0,67.0,252.89977299,263.821511155,396.835415468,0.276829859709,0.28878504341,199,218,255,0,263.821511155,0.0,0,0
0.0,0.0,68.0,248.070700635,258.902778787,391.505870526,0.276100614499,0.288156626863,198,218,255,0,258.902778787,0.0,0,0
0.0,0.0,69.0,243.474152671,254.218980842,386.388188731,0.275397914813,0.287551579753,197,217,255,0,254.218980842,0.0,0,0
0.0,0.0,70.0,239.100557319,249.760786736,381.478139349,0.274721027689,0.286969385508,196,217,255,0,249.760786736,0.0,0,0
0.0,0.0,71.0,234.940925628,245.519434216,376.771616788,0.274069250836,0.286409561132,195,216,255,0,245.519434216,0.0,0,0
0.0,0.0,72.0,230.986802296,241.486681065,372.26461242,0.27344191466,0.285871659241,194,216,255,0,241.486681065,0.0,0,0
0.0,0.0,73.0,227.230222778,237.654762221,367.953207063,0.272838379585,0.285355264067,193,215,255,0,237.654762221,0.0,0,0
0.0,0.0,74.0,223.663673557,234.016350871,363.83355223,0.272258036765,0.284859991996,192,215,255,0,234.016350871,0.0,0,0
0.0,0.0,75.0,220.280044871,230.564510664,359.901849771,0.271700304102,0.284385486207,191,215,255,0,230.564510664,0.0,0,0
0.0,0.0,76.0,217.072604753,227.292670792,356.154346903,0.271164626907,0.283931417068,190,214,255,0,227.292670792,0.0,0,0
0.0,0.0,77.0,211.011173833,221.081458867,346.609805193,0.270977928878,0.283910063856,190,214,255,0,221.081458867,0.0,0,0
0.0,0.0,78.0,208.31365071,218.333405283,343.570988933,0.270460620966,0.28346960542,189,214,255,0,218.333405283,0.0,0,0
0.0,0.0,79.0,205.77611838,215.749566897,340.705920945,0.269965344785,0.283049882918,188,214,255,0,215.749566897,0.0,0,0
0.0,0.0,80.0,203.413243852,213.345360409,338.055504812,0.269487866492,0.282646227521,188,213,255,0,213.345360409,0.0,0,0
0.0,0.0,81.0,201.20873851,211.104231076,335.592120267,0.269029775622,0.28226072257,187,213,255,0,211.104231076,0.0,0,0
0.0,0.0,82.0,199.157398602,209.021044643,333.312101174,0.268590611305,0.281893068248,186,213,255,0,209.021044643,0.0,0,0
0.0,0.0,83.0,197.25416707,207.090798652,331.211723014,0.268169904632,0.281542948115,186,213,255,0,207.090798652,0.0,0,0
0.0,0.0,84.0,195.494101447,205.308589734,329.287174917,0.267767175693,0.281210025324,185,212,255,0,205.308589734,0.0,0,0
0.0,0.0,85.0,193.872319102,203.669557118,327.534508869,0.267381924289,0.280893932428,184,212,255,0,203.669557118,0.0,0,0
0.0,0.0,86.0,192.383962495,202.168846441,325.949594692,0.267013630387,0.280594270641,184,212,255,0,202.168846441,0.0,0,0
0.0,0.0,87.0,191.02414988,200.801559152,324.528073393,0.266661745309,0.280310600821,183,212,255,0,200.801559152,0.0,0,0
0.0,0.0,88.0,189.787916357,199.562690397,323.265286104,0.266325685771,0.280042435759,183,211,255,0,199.562690397,0.0,0,0
0.0,0.0,89.0,188.670166145,198.447079556,322.156218439,0.266004828439,0.279789234462,182,211,255,0,198.447079556,0.0,0,0
0.0,0.0,90.0,188.117642204,197.935500446,321.885227603,0.265726015298,0.279594253911,182,211,255,0,197.935500446,0.0,0,0
0.0,90.0,0.0,250.420436808,248.664792694,264.66231523,0.327883786384,0.325585063296,255,230,233,0,248.664792694,0.0,1,0
0.0,90.0,0.25,257.346946104,253.487745047,265.366908497,0.331546528918,0.326574623348,255,226,228,0,253.487745047,0.0,1,0
0.0,90.0,0.5,268.27755721,261.629604493,267.032485605,0.336634722738,0.328292870579,255,221,222,0,261.629604493,0.0,1,0
0.0,90.0,0.75,282.947081222,273.147022019,269.762726893,0.342610330142,0.330743794872,255,216,215,0,273.147022019,0.0,1,0
0.0,90.0,1.0,300.639448655,287.709819186,273.491457353,0.348834117334,0.333831775148,255,212,207,0,287.709819186,0.0,1,0
0.0,90.0,1.25,320.486987409,304.821114282,278.182244127,0.354720987216,0.337381706062,255,208,200,0,304.821114282,0.0,1,0
0.0,90.0,1.5,341.602647839,323.87461484,283.846337099,0.359837939264,0.341163555732,255,206,194,0,323.87461484,0.0,1,0
0.0,90.0,1.75,363.180647841,344.223081309,290.511720193,0.363939297743,0.344942130654,255,205,189,0,344.223081309,0.0,1,0
0.0,90.0,2.0,384.554030837,365.243357753,298.19383198,0.366943943126,0.348517573987,255,204,186,0,365.243357753,0.0,1,0
0.0,90.0,2.25,405.21246221,386.381639443,306.878509396,0.368887178555,0.351744445475,255,205,183,0,386.381639443,0.0,1,0
0.0,90.0,2.5,424.793783133,407.17669605,316.516297415,0.369872593911,0.35453320347,255,206,181,0,407.17669605,0.0,1,0
0.0,90.0,2.75,443.062478068,427.265806117,327.02466033,0.370034984336,0.356841988884,255,207,181,0,427.265806117,0.0,1,0
0.0,90.0,3.0,459.884136427,446.379581332,338.29464257,0.369515927164,0.358665045819,255,209,181,0,446.379581332,0.0,1,0
0.0,90.0,3.25,475.201013013,464.330873451,350.199304919,0.368449655392,0.360021434352,255,211,181,0,464.330873451,0.0,1,0
0.0,90.0,3.5,489.011012261,481.001408559,362.602161177,0.366956071821,0.360945629034,255,213,182,0,481.001408559,0.0,1,0
0.0,90.0,3.75,501.350716833,496.328347861,375.36459401,0.365138219498,0.361480383173,255,216,184,0,496.328347861,0.0,1,0
0.0,90.0,4.0,512.282272772,510.291984198,388.351792086,0.363082298406,0.361671672686,255,218,186,0,510.291984198,0.0,1,0
0.0,90.0,4.25,521.883592677,522.905115259,401.437118478,0.360858991138,0.361565327979,255,220,188,0,522.905115259,0.0,1,0
0.0,90.0,4.5,530.241209366,534.204193809,414.505023668,0.358525343204,0.361204935685,255,222,191,0,534.204193809,0.0,1,0
0.0,90.0,4.75,537.445226014,544.242204959,427.45273386,0.356126779034,0.360630654224,255,224,193,0,544.242204959,0.0,1,0
0.0,90.0,5.0,543.585800241,553.083025555,440.190958853,0.353699020347,0.359878650661,255,227,196,0,553.083025555,0.0,0,0
0.0,90.0,6.0,559.209906382,577.918368174,487.721052532,0.344161084391,0.355675051551,255,234,208,0,577.918368174,0.0,0,0
0.0,90.0,7.0,564.029963461,589.361287307,527.921810437,0.335469923166,0.350536316469,255,241,220,0,589.361287307,0.0,0,0
0.0,90.0,8.0,561.663578323,591.414664596,559.994648428,0.327869048165,0.345236135358,255,247,231,0,591.414664596,0.0,0,0
0.0,90.0,9.0,554.633304492,587.122930147,584.356438479,0.321319293421,0.34014171803,255,252,241,0,587.122930147,0.0,0,0
0.0,90.0,10.0,544.659177758,578.670248818,601.9498316,0.315693343658,0.335406715218,254,255,248,0,578.670248818,0.0,0,0
0.0,90.0,11.0,532.904594358,567.581994297,613.85791129,0.310850353808,0.331078143463,250,255,253,0,567.581994297,0.0,0,0
0.0,90.0,12.0,520.134306393,554.888706175,621.062267536,0.306667543487,0.327158494142,245,253,255,0,554.888706175,0.0,0,0
0.0,90.0,13.0,507.259905917,541.246530672,630.505372084,0.302118128828,0.322360169164,238,248,255,0,541.246530672,0.0,0,0
0.0,90.0,14.0,493.94897464,527.356440165,631.054845514,0.298935399563,0.31915342727,232,245,255,0,527.356440165,0.0,0,0
0.0,90.0,15.0,480.761629379,513.425396332,629.27937385,0.296132786924,0.316252554701,228,242,255,0,513.425396332,0.0,0,0
0.0,90.0,16.0,467.850298973,499.671346543,625.698587814,0.293650739041,0.313623525543,224,240,255,0,499.671346543,0.0,0,0
0.0,90.0,17.0,455.311624322,486.236365585,620.730646123,0.291440728831,0.311235367604,220,238,255,0,486.236365585,0.0,0,0
0.0,90.0,18.0,443.203872818,473.210033284,614.710200584,0.289463062388,0.309060533511,217,236,255,0,473.210033284,0.0,0,0
0.0,90.0,19.0,431.558906542,460.645592785,607.904117317,0.287685106101,0.307074826232,215,234,255,0,460.645592785,0.0,0,0
0.0,90.0,20.0,420.390456951,448.571166793,600.524662212,0.286079877688,0.305257130386,212,232,255,0,448.571166793,0.0,0,0
0.0,90.0,21.0,409.699925621,436.997628102,592.740360149,0.284624937048,0.303589077299,210,231,255,0,436.997628102,0.0,0,0
0.0,90.0,22.0,399.480383625,425.924053217,584.684713216,0.283301508709,0.302054698598,208,230,255,0,425.924053217,0.0,0,0
0.0,90.0,23.0,389.719432963,415.341614889,576.463255205,0.282093794587,0.300640107431,206,228,255,0,415.341614889,0.0,0,0
0.0,90.0,24.0,380.401183922,405.236288722,568.159143488,0.280988428682,0.299333211424,204,227,255,0,405.236288722,0.0,0,0
0.0,90.0,25.0,371.507649086,395.590764608,559.837630237,0.279974043048,0.298123459994,203,226,255,0,395.590764608,0.0,0,0
0.0,90.0,26.0,363.019717519,386.385791659,551.549620239,0.27904092102,0.297001628205,201,225,255,0,386.385791659,0.0,0,0
0.0,90.0,27.0,354.917843109,377.601130142,543.334515133,0.278180720859,0.295959632967,200,224,255,0,377.601130142,0.0,0,0
0.0,90.0,28.0,347.182498967,369.216193319,535.222461809,0.277386250489,0.294990374772,199,224,255,0,369.216193319,0.0,0,0
0.0,90.0,29.0,339.794503135,361.210507296,527.236169486,0.276651286971,0.29408760527,198,223,255,0,361.210507296,0.0,0,0
0.0,90.0,30.0,332.73521162,353.563999877,519.392342967,0.275970425759,0.293245812802,197,222,255,0,353.563999877,0.0,0,0
0.0,90.0,31.0,325.986655478,346.257203993,511.702841773,0.275338961742,0.292460128171,196,221,255,0,346.257203993,0.0,0,0
0.0,90.0,32.0,319.531603695,339.271367656,504.175599312,0.274752787158,0.291726241751,195,221,255,0,339.271367656,0.0,0,0
0.0,90.0,33.0,313.353608573,332.588532083,496.815378866,0.274208310354,0.291040335681,194,220,255,0,332.588532083,0.0,0,0
0.0,90.0,34.0,307.436997345,326.191544532,489.624350488,0.273702386554,0.290399024787,193,220,255,0,326.191544532,0.0,0,0
0.0,90.0,35.0,301.766870848,320.064071676,482.602585929,0.273232261674,0.289799307456,193,219,255,0,320.064071676,0.0,0,0
0.0,90.0,36.0,296.329062946,314.190568075,475.748410419,0.272795527109,0.289238526854,192,219,255,0,314.190568075,0.0,0,0
0.0,90.0,37.0,294.998097815,312.472688093,477.668480885,0.27185275369,0.287956299855,191,218,255,0,312.472688093,0.0,0,0
0.0,90.0,38.0,289.581588491,306.658465493,470.219151796,0.271535551404,0.287548237974,190,217,255,0,306.658465493,0.0,0,0
0.0,90.0,39.0,284.347938552,301.044584724,462.908324841,0.271246502436,0.287173844479,190,217,255,0,301.044584724,0.0,0,0
0.0,90.0,40.0,279.282337404,295.615048328,455.722542566,0.270984802191,0.286832264942,189,217,255,0,295.615048328,0.0,0,0
0.0,90.0,41.0,274.371030456,290.354995627,448.648874262,0.270749779141,0.286522781972,189,217,255,0,290.354995627,0.0,0,0
0.0,90.0,42.0,269.60294262,285.252389878,441.678681712,0.270540632608,0.28624450928,189,216,255,0,285.252389878,0.0,0,0
0.0,90.0,43.0,264.976086275,280.304677222,434.82197062,0.270355419949,0.285995199753,188,216,255,0,280.304677222,0.0,0,0
0.0,90.0,44.0,260.532124433,275.554704652,428.184030452,0.270185624564,0.285764836639,188,216,255,0,275.554704652,0.0,0,0
0.0,90.0,45.0,256.593858027,271.337527959,422.491051831,0.2699787461,0.285491500582,188,216,255,0,271.337527959,0.0,0,0
0.0,90.0,46.0,253.702377222,268.215049785,418.949312058,0.269647514029,0.285072304768,187,215,255,0,268.215049785,0.0,0,0
0.0,90.0,47.0,251.232906044,265.537134814,416.191225874,0.269285462326,0.284617533742,187,215,255,0,265.537134814,0.0,0,0
0.0,90.0,48.0,248.868865205,262.974327823,413.527871769,0.268939536444,0.28418257046,186,215,255,0,262.974327823,0.0,0,0
0.0,90.0,49.0,246.563936186,260.478208769,410.864985559,0.268615340256,0.283774033462,186,214,255,0,260.478208769,0.0,0,0
0.0,90.0,50.0,244.311707229,258.041858939,408.195696562,0.268312454064,0.283391431415,185,214,255,0,258.041858939,0.0,0,0
0.0,90.0,51.0,242.113188767,255.666086846,405.528978901,0.26802942136,0.283033046104,185,214,255,0,255.666086846,0.0,0,0
0.0,90.0,52.0,239.9708026,253.353178961,402.876447727,0.267764659286,0.282697006921,185,214,255,0,253.353178961,0.0,0,0
0.0,90.0,53.0,237.864281615,251.084738864,400.178164151,0.26752559783,0.282394626105,184,213,255,0,251.084738864,0.0,0,0
0.0,90.0,54.0,231.063575551,243.903689079,388.550876514,0.267583927357,0.28245346271,184,213,255,0,243.903689079,0.0,0,0
0.0,90.0,55.0,228.791975303,241.465693239,385.403454688,0.267386198919,0.282197807851,184,213,255,0,241.465693239,0.0,0,0
0.0,90.0,56.0,226.604803882,239.119135874,382.344603729,0.267201048339,0.281957322566,184,213,255,0,239.119135874,0.0,0,0
0.0,90.0,57.0,224.499379635,236.861036823,379.373817109,0.267027760583,0.281731167075,184,213,255,0,236.861036823,0.0,0,0
0.0,90.0,58.0,222.473126942,234.688538771,376.490382351,0.266865687499,0.281518577584,183,213,255,0,234.688538771,0.0,0,0
0.0,90.0,59.0,220.523564069,232.598893458,373.69340905,0.2667142383,0.281318855698,183,212,255,0,232.598893458,0.0,0,0
0.0,90.0,60.0,218.648307521,230.5894652,370.981863882,0.266572876049,0.281131363978,183,212,255,0,230.5894652,0.0,0,0
0.0,90.0,61.0,216.845065182,228.65772345,368.35458963,0.266441112379,0.280955520657,183,212,255,0,228.65772345,0.0,0,0
0.0,90.0,62.0,215.111632053,226.801237477,365.810322249,0.266318503966,0.280790795393,183,212,255,0,226.801237477,0.0,0,0
0.0,90.0,63.0,213.445896823,225.017682574,363.347727673,0.266204648077,0.28063670416,182,212,255,0,225.017682574,0.0,0,0
0.0,90.0,64.0,211.84582528,223.304821983,360.965392879,0.266099179766,0.280492805977,182,212,255,0,223.304821983,0.0,0,0
0.0,90.0,65.0,210.309462593,221.660508809,358.661852,0.26600176766,0.280358698256,182,212,255,0,221.660508809,0.0,0,0
0.0,90.0,66.0,208.834930005,220.082682123,356.435593236,0.265912112638,0.280234015243,182,212,255,0,220.082682123,0.0,0,0
0.0,90.0,67.0,207.420420442,218.569361735,354.285067373,0.26582994513,0.280118424759,182,212,255,0,218.569361735,0.0,0,0
0.0,90.0,68.0,206.064190399,217.118639504,352.208685688,0.265755023438,0.280011626563,182,211,255,0,217.118639504,0.0,0,0
0.0,90.0,69.0,204.764563287,215.728682036,350.204839867,0.265687131216,0.279913348925,182,211,255,0,215.728682036,0.0,0,0
0.0,90.0,70.0,203.519916761,214.397717458,348.271886413,0.265626077205,0.279823348773,182,211,255,0,214.397717458,0.0,0,0
0.0,90.0,71.0,202.328683918,213.124035948,346.408162272,0.265571692499,0.279741408103,182,211,255,0,213.124035948,0.0,0,0
0.0,90.0,72.0,201.18934959,211.905985585,344.611981682,0.265523831055,0.279667334432,181,211,255,0,211.905985585,0.0,0,0
0.0,90.0,73.0,200.100439246,210.741960695,342.88162646,0.265482367865,0.279600959122,181,211,255,0,210.741960695,0.0,0,0
0.0,90.0,74.0,199.060520252,209.630402481,341.215356406,0.265447197589,0.279542135214,181,211,255,0,209.630402481,0.0,0,0
0.0,90.0,75.0,198.068198232,208.569795196,339.611402657,0.265418235876,0.279490739008,181,211,255,0,208.569795196,0.0,0,0
0.0,90.0,76.0,197.122105874,207.558653867,338.067957469,0.265395417462,0.279446667571,181,211,255,0,207.558653867,0.0,0,0
0.0,90.0,77.0,196.220906537,206.595528185,336.583183048,0.265378696203,0.279409839037,181,211,255,0,206.595528185,0.0,0,0
0.0,90.0,78.0,193.743985798,203.998139791,331.048937185,0.265842977081,0.279913064541,182,211,255,0,203.998139791,0.0,0,0
0.0,90.0,79.0,193.034934032,203.237912248,329.940259266,0.265810314573,0.279859879553,182,211,255,0,203.237912248,0.0,0,0
0.0,90.0,80.0,192.372064327,202.526788098,328.897826513,0.265781910756,0.27981171231,182,211,255,0,202.526788098,0.0,0,0
0.0,90.0,81.0,191.75405079,201.863320599,327.919629199,0.265757751347,0.279768494803,182,211,255,0,201.863320599,0.0,0,0
0.0,90.0,82.0,191.179579705,201.246075129,327.003630545,0.265737833572,0.27973016837,182,211,255,0,201.246075129,0.0,0,0
0.0,90.0,83.0,190.647341618,200.673620685,326.147760624,0.265722163943,0.279696681224,182,211,255,0,200.673620685,0.0,0,0
0.0,90.0,84.0,190.156043549,200.144543057,325.349933254,0.265710760031,0.279667990874,182,211,255,0,200.144543057,0.0,0,0
0.0,90.0,85.0,189.704419781,199.657456647,324.608071738,0.265703647988,0.279644062275,182,211,255,0,199.657456647,0.0,0,0
0.0,90.0,86.0,189.291301711,199.211081039,323.920239395,0.265700857647,0.279624867104,182,211,255,0,199.211081039,0.0,0,0
0.0,90.0,87.0,188.915837112,198.804481503,323.28504529,0.265702407748,0.279610382137,182,211,255,0,198.804481503,0.0,0,0
0.0,90.0,88.0,188.578377643,198.438042986,322.703283156,0.265708245997,0.279600583058,182,211,255,0,198.438042986,0.0,0,0
0.0,90.0,89.0,188.285840183,198.119352159,322.187847768,0.265717879693,0.279595396715,182,211,255,0,198.119352159,0.0,0,0
0.0,90.0,90.0,188.117642204,197.935500446,321.885227603,0.265726015298,0.279594253911,182,211,255,0,197.935500446,0.0,0,0
0.0,180.0,0.0,215.066505821,214.808855187,231.978327649,0.324945693447,0.324556407056,255,233,237,0,214.808855187,0.0,1,0
0.0,180.0,0.25,223.030606184,221.876410523,238.058118652,0.326562213263,0.324872235837,255,231,235,0,221.876410523,0.0,1,0
0.0,180.0,0.5,232.668817212,229.259454581,240.892763049,0.331049877106,0.326198908706,255,226,229,0,229.259454581,0.0,1,0
0.0,180.0,0.75,246.370559853,239.816972686,244.737981126,0.337066575522,0.328100426381,255,220,221,0,239.816972686,0.0,1,0
0.0,180.0,1.0,266.112401589,254.854662601,247.655605558,0.346219818986,0.331573179705,255,213,210,0,254.854662601,0.0,1,0
0.0,180.0,1.25,291.7395576,275.12120374,251.491818185,0.356496166688,0.33618908356,255,206,199,0,275.12120374,0.0,1,0
0.0,180.0,1.5,320.017277121,298.640203404,256.25601379,0.365770192368,0.341336835407,255,200,189,0,298.640203404,0.0,1,0
0.0,180.0,1.75,354.340099695,328.098516534,262.279509302,0.375074945763,0.347297789327,255,196,179,0,328.098516534,0.0,1,0
0.0,180.0,2.0,385.196784337,356.394283791,269.258464045,0.381062435186,0.352569074276,255,194,172,0,356.394283791,0.0,1,0
0.0,180.0,2.25,416.429809372,386.259497642,277.524822893,0.385506723012,0.357576786813,255,194,167,0,386.259497642,0.0,1,0
0.0,180.0,2.5,447.309192101,416.981305332,287.167617175,0.388471961269,0.362133281308,255,194,163,0,416.981305332,0.0,1,0
0.0,180.0,2.75,477.294178154,447.943648898,298.241250776,0.390112251859,0.366122851641,255,196,160,0,447.943648898,0.0,1,0
0.0,180.0,3.0,505.961564278,478.586740937,310.718597951,0.39062340205,0.369488898208,255,197,159,0,478.586740937,0.0,1,0
0.0,180.0,3.25,533.08324839,508.520592303,324.562294017,0.390203822834,0.372224562872,255,200,158,0,508.520592303,0.0,1,0
0.0,180.0,3.5,558.470489891,537.380648421,339.666744279,0.389037640467,0.374346188883,255,202,159,0,537.380648421,0.0,1,0
0.0,180.0,3.75,582.074655079,564.955163019,355.918845466,0.387288447829,0.375897844494,255,205,159,0,564.955163019,0.0,1,0
0.0,180.0,4.0,603.836160392,591.026660071,373.141923983,0.385098426858,0.376929127392,255,207,161,0,591.026660071,0.0,1,0
0.0,180.0,4.25,623.791376989,615.500497485,391.175624888,0.38258436751,0.377499396784,255,210,163,0,615.500497485,0.0,1,0
0.0,180.0,4.5,641.992274483,638.316971706,409.848075604,0.379841726096,0.377667193151,255,213,165,0,638.316971706,0.0,1,0
0.0,180.0,4.75,658.512976149,659.458893796,428.989336988,0.376947681228,0.377489145826,255,215,168,0,659.458893796,0.0,1,0
0.0,180.0,5.0,673.426463292,678.92533309,448.42919849,0.373963555374,0.377017158124,255,218,171,0,678.92533309,0.0,0,0
0.0,180.0,6.0,718.702843734,740.775351334,526.126328114,0.361956691447,0.373072957221,255,227,184,0,740.775351334,0.0,0,0
0.0,180.0,7.0,745.290028879,780.3688785,598.527478826,0.350859055363,0.367373072141,255,236,197,0,780.3688785,0.0,0,0
0.0,180.0,8.0,758.120533402,802.588356358,661.490767891,0.341157704166,0.361168427686,255,243,210,0,802.588356358,0.0,0,0
0.0,180.0,9.0,761.054710592,811.87395451,713.569922737,0.33284722529,0.35507301812,255,249,222,0,811.87395451,0.0,0,0
0.0,180.0,10.0,756.996696632,811.81974275,754.938642619,0.325764407142,0.349356844462,255,254,233,0,811.81974275,0.0,0,0
0.0,180.0,11.0,748.079187248,805.169039508,786.571095964,0.319716646488,0.344115903177,252,255,239,0,805.169039508,0.0,0,0
0.0,180.0,12.0,735.823989997,793.926126782,809.716974372,0.314526326436,0.339361955458,248,255,244,0,793.926126782,0.0,0,0
0.0,180.0,13.0,721.171597257,779.382895224,825.269834114,0.310071396627,0.335099640292,245,255,249,0,779.382895224,0.0,0,0
0.0,180.0,14.0,707.271712575,764.795491243,844.279724445,0.305339284002,0.330173119541,242,255,254,0,764.795491243,0.0,0,0
0.0,180.0,15.0,690.512712808,747.111195398,849.32566597,0.301936133881,0.326684594988,237,253,255,0,747.111195398,0.0,0,0
0.0,180.0,16.0,673.317830887,728.7090495,850.370632459,0.298933836966,0.323525951944,232,250,255,0,728.7090495,0.0,0,0
0.0,180.0,17.0,655.997027188,710.001526163,848.194419219,0.296269130701,0.320659280812,228,247,255,0,710.001526163,0.0,0,0
0.0,180.0,18.0,638.749023738,691.2580958,843.421290488,0.29389006824,0.318049627313,224,244,255,0,691.2580958,0.0,0,0
0.0,180.0,19.0,621.720717717,672.676739786,836.57601262,0.29175432094,0.315666407497,221,242,255,0,672.676739786,0.0,0,0
0.0,180.0,20.0,605.014062237,654.395589307,828.089687968,0.289827187384,0.31348301622,218,240,255,0,654.395589307,0.0,0,0
0.0,180.0,21.0,588.697311595,636.508226354,818.31456325,0.288080019986,0.311476371571,215,238,255,0,636.508226354,0.0,0,0
0.0,180.0,22.0,572.81651384,619.078368051,807.541116549,0.286489047055,0.30962649894,212,236,255,0,619.078368051,0.0,0,0
0.0,180.0,23.0,557.398701707,602.145008668,796.005470244,0.285034356196,0.30791606503,210,235,255,0,602.145008668,0.0,0,0
0.0,180.0,24.0,542.457883023,585.730018596,783.900451898,0.283699172178,0.306329996477,208,234,255,0,585.730018596,0.0,0,0
0.0,180.0,25.0,527.998124799,569.8423215,771.381664424,0.282469441042,0.304855328979,206,232,255,0,569.8423215,0.0,0,0
0.0,180.0,26.0,514.01744941,554.482763057,758.577278643,0.281333140992,0.303480703886,204,231,255,0,554.482763057,0.0,0,0
0.0,180.0,27.0,500.508764398,539.645512704,745.591393204,0.280279982038,0.302196175904,203,230,255,0,539.645512704,0.0,0,0
0.0,180.0,28.0,487.461798514,525.320521647,732.508440767,0.279301196928,0.300993125849,201,229,255,0,525.320521647,0.0,0,0
0.0,180.0,29.0,474.86414252,511.49484339,719.39757848,0.278389163163,0.299863916146,200,228,255,0,511.49484339,0.0,0,0
0.0,180.0,30.0,462.701884964,498.153508258,706.314696447,0.277537299782,0.29880185072,199,227,255,0,498.153508258,0.0,0,0
0.0,180.0,31.0,450.96020109,485.28029151,693.304634047,0.276739928042,0.297801075634,197,226,255,0,485.28029151,0.0,0,0
0.0,180.0,32.0,439.623851159,472.858314272,680.403714686,0.275992057339,0.296856366281,196,225,255,0,472.858314272,0.0,0,0
0.0,180.0,33.0,428.677404221,460.870372213,667.640745462,0.275289342423,0.295963119258,195,225,255,0,460.870372213,0.0,0,0
0.0,180.0,34.0,418.105500906,449.299274064,655.038258484,0.27462801019,0.295117297785,194,224,255,0,449.299274064,0.0,0,0
0.0,180.0,35.0,407.893099257,438.1281223,642.614060406,0.274004723789,0.294315288378,193,223,255,0,438.1281223,0.0,0,0
0.0,180.0,36.0,398.02524551,427.340086939,630.381322811,0.273416561921,0.293553885489,192,223,255,0,427.340086939,0.0,0,0
0.0,180.0,37.0,388.355723124,416.792197646,617.975361972,0.272889726304,0.29287146286,192,222,255,0,416.792197646,0.0,0,0
0.0,180.0,38.0,381.022140665,408.581186418,612.46625944,0.271756940117,0.291412915839,190,221,255,0,408.581186418,0.0,0,0
0.0,180.0,39.0,371.910665136,398.659179734,600.168170764,0.271321478572,0.290835429664,189,220,255,0,398.659179734,0.0,0,0
0.0,180.0,40.0,363.080069417,389.049421648,588.06528099,0.270915897441,0.290293194512,189,220,255,0,389.049421648,0.0,0,0
0.0,180.0,41.0,354.521603723,379.741302948,576.167825268,0.270538224633,0.289783575501,188,220,255,0,379.741302948,0.0,0,0
0.0,180.0,42.0,346.216699869,370.714824829,564.456753401,0.270188752142,0.289307176572,188,219,255,0,370.714824829,0.0,0,0
0.0,180.0,43.0,338.151402893,361.954588939,552.922662047,0.269867254708,0.288863776434,187,219,255,0,361.954588939,0.0,0,0
0.0,180.0,44.0,330.315104239,353.448723618,541.562410274,0.269573191171,0.288452750475,187,218,255,0,353.448723618,0.0,0,0
0.0,180.0,45.0,322.726978237,345.216325364,530.445838348,0.269300652801,0.288066966964,186,218,255,0,345.216325364,0.0,0,0
0.0,180.0,46.0,315.943117201,337.834527587,520.984410542,0.268942221761,0.287576982976,186,218,255,0,337.834527587,0.0,0,0
0.0,180.0,47.0,310.049090731,331.391470055,513.406086639,0.268476417559,0.286957121791,185,217,255,0,331.391470055,0.0,0,0
0.0,180.0,48.0,304.358555913,325.172762354,506.017783542,0.268027648851,0.28635728903,185,217,255,0,325.172762354,0.0,0,0
0.0,180.0,49.0,298.828339327,319.132908392,498.727084355,0.267602276073,0.285785119469,184,216,255,0,319.132908392,0.0,0,0
0.0,180.0,50.0,293.454775521,313.267616076,491.538380514,0.267199542197,0.285239739077,183,216,255,0,313.267616076,0.0,0,0
0.0,180.0,51.0,288.238514091,307.577044636,484.46605465,0.266817939436,0.284719318396,183,215,255,0,307.577044636,0.0,0,0
0.0,180.0,52.0,283.18028024,302.061445913,477.523796236,0.266456028422,0.28422209749,182,215,255,0,302.061445913,0.0,0,0
0.0,180.0,53.0,278.280560773,296.720863252,470.723703293,0.266112531394,0.283746517608,182,215,255,0,296.720863252,0.0,0,0
0.0,180.0,54.0,273.431479585,291.455502122,463.742326537,0.265821202443,0.28334357167,181,214,255,0,291.455502122,0.0,0,0
0.0,180.0,55.0,265.806994503,283.201671817,450.336598285,0.265981141771,0.283387215457,182,214,255,0,283.201671817,0.0,0,0
0.0,180.0,56.0,261.170391501,278.156460117,443.536101859,0.265724118075,0.283006353157,181,214,255,0,278.156460117,0.0,0,0
0.0,180.0,57.0,256.693794555,273.286748404,436.914973683,0.265482454037,0.282643515975,181,214,255,0,273.286748404,0.0,0,0
0.0,180.0,58.0,252.386299382,268.600944152,430.506168969,0.265252807918,0.282294065962,181,214,255,0,268.600944152,0.0,0,0
0.0,180.0,59.0,248.238981784,264.089700517,424.293347245,0.265036454358,0.281959736357,180,213,255,0,264.089700517,0.0,0,0
0.0,180.0,60.0,244.24886866,259.749562897,418.27571865,0.26483325875,0.281640294091,180,213,255,0,259.749562897,0.0,0,0
0.0,180.0,61.0,240.413222496,255.577344863,412.452549402,0.264643121909,0.281335551062,180,213,255,0,255.577344863,0.0,0,0
0.0,180.0,62.0,236.729501807,251.570086997,406.823073507,0.264465990835,0.281045378013,179,213,255,0,251.570086997,0.0,0,0
0.0,180.0,63.0,233.195101147,247.724771527,401.385990676,0.264301883092,0.280769721496,179,212,255,0,247.724771527,0.0,0,0
0.0,180.0,64.0,229.807746975,244.038750017,396.140336016,0.264150833388,0.280508555714,179,212,255,0,244.038750017,0.0,0,0
0.0,180.0,65.0,226.565210793,240.509430623,391.084900219,0.264012925104,0.280261908135,179,212,255,0,240.509430623,0.0,0,0
0.0,180.0,66.0,223.465339911,237.134312889,386.218291722,0.263888290696,0.28002986288,179,212,255,0,237.134312889,0.0,0,0
0.0,180.0,67.0,220.506228852,233.911168263,381.539364336,0.263777074389,0.279812520276,178,212,255,0,233.911168263,0.0,0,0
0.0,180.0,68.0,217.685916943,230.837716996,377.046531818,0.263679485974,0.279610052023,178,211,255,0,230.837716996,0.0,0,0
0.0,180.0,69.0,215.0027378,227.911998435,372.738598986,0.263595731809,0.279422627964,178,211,255,0,227.911998435,0.0,0,0
0.0,180.0,70.0,212.454953511,225.13198317,368.613917504,0.263526083367,0.279250489505,178,211,255,0,225.13198317,0.0,0,0
0.0,180.0,71.0,210.04110908,222.495944898,364.671234272,0.263470804526,0.279093868161,178,211,255,0,222.495944898,0.0,0,0
0.0,180.0,72.0,207.759677845,220.002087765,360.908866519,0.26343021964,0.278953062029,178,211,255,0,220.002087765,0.0,0,0
0.0,180.0,73.0,205.609385844,217.648884617,357.325480141,0.263404645158,0.278828356918,178,211,255,0,217.648884617,0.0,0,0
0.0,180.0,74.0,203.588923614,215.43477572,353.919405775,0.263394449434,0.278720095045,178,211,255,0,215.43477572,0.0,0,0
0.0,180.0,75.0,201.697153908,213.358383876,350.689150337,0.263400003993,0.278628617587,178,211,255,0,213.358383876,0.0,0,0
0.0,180.0,76.0,199.932998817,211.418396259,347.633127275,0.263421707465,0.278554291996,178,210,255,0,211.418396259,0.0,0,0
0.0,180.0,77.0,198.295445628,209.613569858,344.749674462,0.26345998296,0.278497508442,178,210,255,0,209.613569858,0.0,0,0
0.0,180.0,78.0,195.259342579,206.352916757,337.896926158,0.264039103785,0.279040370025,179,211,255,0,206.352916757,0.0,0,0
0.0,180.0,79.0,193.967756399,204.9150783,335.601251649,0.264087078269,0.278991855792,179,211,255,0,204.9150783,0.0,0,0
0.0,180.0,80.0,192.804915256,203.614051552,333.486662986,0.264150470124,0.278959420562,179,211,255,0,203.614051552,0.0,0,0
0.0,180.0,81.0,191.769600644,202.448401457,331.550130278,0.264229844339,0.278943635612,179,211,255,0,202.448401457,0.0,0,0
0.0,180.0,82.0,190.862103078,201.418148202,329.792617888,0.264325265811,0.278944351467,180,211,255,0,201.418148202,0.0,0,0
0.0,180.0,83.0,190.081252671,200.521904871,328.210791174,0.264437345728,0.278962178223,180,211,255,0,200.521904871,0.0,0,0
0.0,180.0,84.0,189.426474324,199.758855682,326.802758547,0.264566516333,0.278997456627,180,211,255,0,199.758855682,0.0,0,0
0.0,180.0,85.0,188.897241489,199.128227626,325.566558196,0.26471321744,0.279050521874,180,211,255,0,199.128227626,0.0,0,0
0.0,180.0,86.0,188.493067263,198.629279809,324.500126178,0.264877901343,0.279121707472,180,211,255,0,198.629279809,0.0,0,0
0.0,180.0,87.0,188.213480654,198.261277141,323.601252395,0.265061032837,0.279211343992,181,211,255,0,198.261277141,0.0,0,0
0.0,180.0,88.0,188.058025433,198.023487455,322.867568712,0.265263091968,0.279319760184,181,211,255,0,198.023487455,0.0,0,0
0.0,180.0,89.0,188.026240926,197.91515948,322.296502226,0.265484578314,0.279447285643,181,211,255,0,197.91515948,0.0,0,0
0.0,180.0,90.0,188.117642204,197.935500446,321.885227603,0.265726015298,0.279594253911,182,211,255,0,197.935500446,0.0,0,0
2.0,0.0,0.0,166.294038062,165.816587744,153.655035292,0.342333868735,0.341350986748,255,225,213,0,165.816587744,0.0,1,0
2.0,0.0,0.25,172.240852955,165.798224759,145.664005636,0.356087978109,0.342768591861,255,211,198,0,165.798224759,0.0,1,0
2.0,0.0,0.5,195.977254661,180.555412342,144.523782527,0.376115207552,0.346517949264,255,194,178,0,180.555412342,0.0,1,0
2.0,0.0,0.75,232.138236766,205.628012062,145.903926326,0.397721601425,0.352301729324,255,180,159,0,205.628012062,0.0,1,0
2.0,0.0,1.0,276.073851288,238.291653154,148.824636491,0.41628159746,0.359311211742,255,171,143,0,238.291653154,0.0,1,0
2.0,0.0,1.25,330.864111994,280.612161076,153.285496833,0.432636835437,0.366927548054,255,165,129,0,280.612161076,0.0,1,0
2.0,0.0,1.5,378.716014339,320.858878258,159.086995781,0.441053713301,0.37367313328,255,164,120,0,320.858878258,0.0,1,0
2.0,0.0,1.75,423.384798787,360.79034569,166.326242086,0.445433120637,0.379578978832,255,164,115,0,360.79034569,0.0,1,0
2.0,0.0,2.0,473.458947228,405.738848029,175.229035208,0.449020200879,0.384795640917,255,165,110,0,405.738848029,0.0,1,0
2.0,0.0,2.25,518.961950976,448.473934181,185.512543161,0.450117228342,0.3889800473,255,167,107,0,448.473934181,0.0,1,0
2.0,0.0,2.5,548.945365607,480.843120326,196.720345055,0.44756739759,0.392042118391,255,170,108,0,480.843120326,0.0,1,0
2.0,0.0,2.75,584.116612445,516.852739642,209.26105085,0.445812134367,0.394474695812,255,172,108,0,516.852739642,0.0,1,0
2.0,0.0,3.0,603.817545834,541.640351573,222.278769746,0.441472075974,0.396012159783,255,176,110,0,541.640351573,0.0,1,0
2.0,0.0,3.25,629.55414848,570.266621554,236.254777838,0.438385117978,0.397100711309,255,179,112,0,570.266621554,0.0,1,0
2.0,0.0,3.5,651.025220434,595.243437352,250.614712547,0.434920470984,0.397655187538,255,181,114,0,595.243437352,0.0,1,0
2.0,0.0,3.75,668.683068074,616.790077917,265.153948593,0.431233963607,0.39776815462,255,184,117,0,616.790077917,0.0,1,0
2.0,0.0,4.0,673.122888609,627.977430991,279.296397929,0.425920201645,0.397354299731,255,187,121,0,627.977430991,0.0,1,0
2.0,0.0,4.25,684.647373717,643.5644303,293.64825748,0.422137143623,0.396806386432,255,190,124,0,643.5644303,0.0,1,0
2.0,0.0,4.5,693.513383689,656.460936832,307.6801089,0.418370301662,0.396017966822,255,192,127,0,656.460936832,0.0,1,0
2.0,0.0,4.75,700.03983727,666.912698277,321.272473215,0.414660269595,0.395037802909,255,194,130,0,666.912698277,0.0,1,0
2.0,0.0,5.0,704.506139537,675.148146611,334.32622382,0.411035093713,0.393906548344,255,196,133,0,675.148146611,0.0,0,0
2.0,0.0,6.0,698.959571829,684.695939143,379.92910357,0.396328912186,0.388241048088,255,205,148,0,684.695939143,0.0,0,0
2.0,0.0,7.0,686.048447249,681.251369185,415.023492787,0.384918069409,0.382226594726,255,211,159,0,681.251369185,0.0,0,0
2.0,0.0,8.0,657.849107773,661.295871259,439.495186081,0.374066918761,0.376026821391,255,217,171,0,661.295871259,0.0,0,0
2.0,0.0,9.0,632.626580944,640.477833749,455.736012279,0.365925374647,0.370466715006,255,221,181,0,640.477833749,0.0,0,0
2.0,0.0,10.0,606.797473908,617.510773584,469.088124602,0.358331625075,0.364658141331,255,225,190,0,617.510773584,0.0,0,0
2.0,0.0,11.0,579.410510338,592.019786571,472.993197601,0.352348718121,0.360016618923,255,228,198,0,592.019786571,0.0,0,0
2.0,0.0,12.0,547.832014967,562.645280963,472.261626015,0.346129110349,0.355488370926,255,232,206,0,562.645280963,0.0,0,0
2.0,0.0,13.0,522.60800326,537.986617876,470.561842668,0.34131587177,0.351359662186,255,234,212,0,537.986617876,0.0,0,0
2.0,0.0,14.0,498.23238545,513.872209281,465.115319125,0.337277057246,0.34786439342,255,237,218,0,513.872209281,0.0,0,0
2.0,0.0,15.0,475.113558242,490.790836277,458.038394368,0.333660566949,0.344670333743,255,239,223,0,490.790836277,0.0,0,0
2.0,0.0,16.0,453.281585418,468.844874037,449.811261849,0.330395161806,0.341739181565,255,241,228,0,468.844874037,0.0,0,0
2.0,0.0,17.0,432.717561354,448.065179455,440.797685978,0.327424311516,0.339037390667,255,242,232,0,448.065179455,0.0,0,0
2.0,0.0,18.0,413.377971136,428.443673478,431.276016239,0.324702482651,0.336536376314,255,244,236,0,428.443673478,0.0,0,0
2.0,0.0,19.0,395.200359067,409.941628158,421.449285387,0.322194008625,0.334212086219,255,245,240,0,409.941628158,0.0,0,0
2.0,0.0,20.0,378.126130061,392.518653815,411.491098311,0.31986689158,0.332041907981,255,247,244,0,392.518653815,0.0,0,0
2.0,0.0,21.0,359.867234572,374.397932777,401.355854168,0.316890254542,0.329685630755,255,249,248,0,374.397932777,0.0,0,0
2.0,0.0,22.0,344.922137067,359.048518117,391.369972781,0.314899427868,0.327796220601,255,250,252,0,359.048518117,0.0,0,0
2.0,0.0,23.0,330.856405861,344.582965026,381.492709704,0.313034689681,0.326021862099,255,252,255,0,344.582965026,0.0,0,0
2.0,0.0,24.0,317.61309444,330.948468423,371.781695641,0.311280632074,0.324350129885,252,250,255,0,330.948468423,0.0,0,0
2.0,0.0,25.0,305.136347606,318.091594055,362.274435667,0.309625176586,0.322771006314,250,249,255,0,318.091594055,0.0,0,0
2.0,0.0,26.0,293.366372207,305.952554828,352.982838301,0.308060304922,0.321276895586,247,247,255,0,305.952554828,0.0,0,0
2.0,0.0,27.0,282.254625353,294.483658021,343.923650066,0.306577925187,0.319860795071,245,246,255,0,294.483658021,0.0,0,0
2.0,0.0,28.0,271.750525939,283.63436253,335.099294615,0.305171648302,0.318517013461,242,244,255,0,283.63436253,0.0,0,0
2.0,0.0,29.0,261.815652523,273.36659874,326.521318663,0.303834940066,0.317239719413,240,243,255,0,273.36659874,0.0,0,0
2.0,0.0,30.0,252.410793299,263.640929461,318.190688294,0.302562888142,0.3160243665,238,242,255,0,263.640929461,0.0,0,0
2.0,0.0,31.0,243.500168981,254.421182059,310.107355888,0.301350888766,0.314866513872,236,241,255,0,254.421182059,0.0,0,0
2.0,0.0,32.0,235.049605489,245.672771326,302.267039529,0.300195124714,0.313762569708,234,240,255,0,245.672771326,0.0,0,0
2.0,0.0,33.0,227.025771251,237.362431882,294.652732908,0.299095556605,0.312713610836,233,239,255,0,237.362431882,0.0,0,0
2.0,0.0,34.0,218.916922053,228.821378957,287.533557897,0.297736027023,0.31120649619,231,237,255,0,228.821378957,0.0,0,0
2.0,0.0,35.0,211.732564247,221.389907154,280.353957792,0.296761820831,0.310297436741,229,237,255,0,221.389907154,0.0,0,0
2.0,0.0,36.0,204.352953229,213.706264512,273.121270948,0.295657873122,0.309190244819,227,236,255,0,213.706264512,0.0,0,0
2.0,0.0,37.0,197.865828763,206.989384998,266.555424276,0.294701658796,0.308290296983,226,235,255,0,206.989384998,0.0,0,0
2.0,0.0,38.0,191.724907024,200.635797311,260.003833808,0.293892288458,0.307551661043,225,234,255,0,200.635797311,0.0,0,0
2.0,0.0,39.0,185.862725133,194.568468523,253.632531812,0.293129409029,0.306859485424,223,233,255,0,194.568468523,0.0,0,0
2.0,0.0,40.0,180.261371478,188.769230057,247.431824353,0.292412584949,0.306213683317,222,233,255,0,188.769230057,0.0,0,0
2.0,0.0,41.0,174.905479669,183.222372205,241.396391485,0.291740461885,0.305612949326,221,232,255,0,183.222372205,0.0,0,0
2.0,0.0,42.0,169.801852635,177.933527195,235.589947639,0.291092885289,0.30503309014,220,232,255,0,177.933527195,0.0,0,0
2.0,0.0,43.0,165.096776424,173.041990987,230.528262479,0.29032239913,0.304294045359,219,231,255,0,173.041990987,0.0,0,0
2.0,0.0,44.0,160.65621627,168.418739559,225.807895617,0.289531773871,0.303521255199,218,231,255,0,168.418739559,0.0,0,0
2.0,0.0,45.0,156.470365956,164.0572785,221.429277345,0.288713659078,0.302712765352,216,230,255,0,164.0572785,0.0,0,0
2.0,0.0,46.0,152.507753313,159.925708725,217.319216971,0.287884817494,0.301887494036,215,229,255,0,159.925708725,0.0,0,0
2.0,0.0,47.0,148.709273518,155.963504313,213.313276989,0.28709126845,0.301095952028,214,228,255,0,155.963504313,0.0,0,0
2.0,0.0,48.0,145.067387717,152.163302747,209.409394204,0.286332234869,0.30033806513,213,228,255,0,152.163302747,0.0,0,0
2.0,0.0,49.0,141.575767235,148.51862354,205.60926916,0.285605652485,0.299611714708,212,227,255,0,148.51862354,0.0,0,0
2.0,0.0,50.0,138.228290186,145.023225088,201.91390589,0.284909608468,0.298915006639,211,227,255,0,145.023225088,0.0,0,0
2.0,0.0,51.0,133.920394745,140.529090553,196.008204591,0.284659806021,0.298707181481,210,226,255,0,140.529090553,0.0,0,0
2.0,0.0,52.0,130.757472603,137.224321628,192.347330225,0.284052139342,0.298100455385,209,226,255,0,137.224321628,0.0,0,0
2.0,0.0,53.0,127.164738704,133.47104767,187.783994448,0.283584141785,0.297647546737,209,225,255,0,133.47104767,0.0,0,0
2.0,0.0,54.0,124.215477742,130.38752439,184.275259234,0.283029460961,0.297092692594,208,225,255,0,130.38752439,0.0,0,0
2.0,0.0,55.0,121.38924145,127.431631993,180.881775544,0.282495911384,0.296557706343,207,225,255,0,127.431631993,0.0,0,0
2.0,0.0,56.0,118.680757938,124.597985333,177.60084024,0.281982691933,0.296041885171,206,224,255,0,124.597985333,0.0,0,0
2.0,0.0,57.0,116.085465704,121.881974741,174.430601559,0.281488886659,0.295544503918,205,224,255,0,121.881974741,0.0,0,0
2.0,0.0,58.0,113.598927496,119.279083226,171.368847908,0.281013754519,0.295064960134,205,223,255,0,119.279083226,0.0,0,0
2.0,0.0,59.0,110.958129199,116.582501647,168.395186791,0.280242716765,0.294447979833,204,223,255,0,116.582501647,0.0,0,0
2.0,0.0,60.0,108.68597716,114.19983086,165.541663399,0.279810222389,0.294005546113,203,222,255,0,114.19983086,0.0,0,0
2.0,0.0,61.0,106.509405619,111.916873135,162.788275524,0.279394908782,0.293579748935,202,222,255,0,111.916873135,0.0,0,0
2.0,0.0,62.0,104.424943003,109.730062377,160.13283705,0.278996352979,0.293170255451,202,222,255,0,109.730062377,0.0,0,0
2.0,0.0,63.0,102.429396365,107.636136939,157.573299221,0.278614192254,0.292776843512,201,221,255,0,107.636136939,0.0,0,0
2.0,0.0,64.0,100.519545367,105.631776612,155.107174994,0.278248252177,0.292399424504,201,221,255,0,105.631776612,0.0,0,0
2.0,0.0,65.0,98.6926110737,103.714135724,152.732678404,0.277898211435,0.292037798014,200,221,255,0,103.714135724,0.0,0,0
2.0,0.0,66.0,96.9458458742,101.880396043,150.447727246,0.277563902362,0.291691923927,200,221,255,0,101.880396043,0.0,0,0
2.0,0.0,67.0,95.276641315,100.127882495,148.250194878,0.277245258493,0.291361872979,199,220,255,0,100.127882495,0.0,0,0
2.0,0.0,68.0,93.6826073207,98.4541406085,146.138299411,0.276942115764,0.291047599823,199,220,255,0,98.4541406085,0.0,0,0
2.0,0.0,69.0,92.1614749183,96.8568461652,144.110266613,0.276654356072,0.290749127341,198,220,255,0,96.8568461652,0.0,0,0
2.0,0.0,70.0,90.7109887479,95.333677072,142.164064379,0.276382010597,0.290466609508,198,220,255,0,95.333677072,0.0,0,0
2.0,0.0,71.0,89.3291384444,93.8825810872,140.297956929,0.27612508974,0.290200225583,197,219,255,0,93.8825810872,0.0,0,0
2.0,0.0,72.0,88.0139445164,92.5015195237,138.51019727,0.275883589285,0.289950090986,197,219,255,0,92.5015195237,0.0,0,0
2.0,0.0,73.0,86.7635589319,91.1885953514,136.799105776,0.275657542771,0.289716379004,197,219,255,0,91.1885953514,0.0,0,0
2.0,0.0,74.0,85.5760467455,89.9418256553,135.162663237,0.275447081259,0.289499390333,196,219,255,0,89.9418256553,0.0,0,0
2.0,0.0,75.0,83.7262604568,88.0173345308,131.910298203,0.27572925075,0.289860714796,197,219,255,0,88.0173345308,0.0,0,0
2.0,0.0,76.0,82.7029098708,86.9423170573,130.5191463,0.275525402903,0.289649021709,196,219,255,0,86.9423170573,0.0,0,0
2.0,0.0,77.0,81.3977071696,85.5785949035,128.524963625,0.275456374027,0.289604833676,196,219,255,0,85.5785949035,0.0,0,0
2.0,0.0,78.0,80.5147026598,84.6509861067,127.324646483,0.275273036256,0.289414643511,196,219,255,0,84.6509861067,0.0,0,0
2.0,0.0,79.0,79.6906035717,83.7854382832,126.199058092,0.275103395446,0.28923935229,196,219,255,0,83.7854382832,0.0,0,0
2.0,0.0,80.0,78.9238318276,82.9803089875,125.146244517,0.274947660273,0.28907924611,196,218,255,0,82.9803089875,0.0,0,0
2.0,0.0,81.0,78.2129489491,82.2341037107,124.164548472,0.274805906148,0.288934475558,195,218,255,0,82.2341037107,0.0,0,0
2.0,0.0,82.0,77.5565057588,81.5453128432,123.252227509,0.274678216328,0.288805186135,195,218,255,0,81.5453128432,0.0,0,0
2.0,0.0,83.0,76.9530384995,80.9124127162,122.407411384,0.274564714492,0.288691569943,195,218,255,0,80.9124127162,0.0,0,0
2.0,0.0,84.0,76.4011042304,80.333892982,121.62826571,0.274465471587,0.2885937323,195,218,255,0,80.333892982,0.0,0,0
2.0,0.0,85.0,75.8992507575,79.8082369331,120.912869285,0.274380568326,0.288511799369,195,218,255,0,79.8082369331,0.0,0,0
2.0,0.0,86.0,75.445974739,79.3338748384,120.259120273,0.274310126961,0.288445942339,195,218,255,0,79.3338748384,0.0,0,0
2.0,0.0,87.0,75.0396981852,78.9091366247,119.664828226,0.274254207018,0.288396185151,195,218,255,0,78.9091366247,0.0,0,0
2.0,0.0,88.0,74.8064140454,78.668176725,119.35327444,0.274189053188,0.288343628918,194,218,255,0,78.668176725,0.0,0,0
2.0,0.0,89.0,74.647814988,78.5064671424,119.149994143,0.274133832967,0.288304202258,194,218,255,0,78.5064671424,0.0,0,0
2.0,0.0,90.0,74.5868254143,78.4489707895,119.083964164,0.274095586861,0.288288401708,194,218,255,0,78.4489707895,0.0,0,0
2.0,90.0,0.0,70.5159104795,72.4782876668,90.9123044957,0.301470500747,0.309860080195,236,236,255,0,72.4782876668,0.0,1,0
2.0,90.0,0.25,71.3335784026,73.0631307037,91.111433507,0.30289219562,0.310236112828,239,236,255,0,73.0631307037,0.0,1,0
2.0,90.0,0.5,73.1040253755,74.3865485001,91.5967849644,0.305762821297,0.311127066111,243,237,255,0,74.3865485001,0.0,1,0
2.0,90.0,0.75,76.0219307925,76.612295633,92.392098165,0.310260258442,0.312669651969,250,238,255,0,76.612295633,0.0,1,0
2.0,90.0,1.0,80.1469115821,79.8276497961,93.465025213,0.316236751567,0.314977036026,255,236,251,0,79.8276497961,0.0,1,0
2.0,90.0,1.25,85.4134085883,84.0510532395,94.7948674982,0.323218138811,0.318062766048,255,229,240,0,84.0510532395,0.0,1,0
2.0,90.0,1.5,91.6488446754,89.2199706876,96.3829047552,0.330561861388,0.321801324261,255,223,230,0,89.2199706876,0.0,1,0
2.0,90.0,1.75,98.6157201159,95.201801577,98.2436768224,0.337654301966,0.325965249958,255,218,221,0,95.201801577,0.0,1,0
2.0,90.0,2.0,106.056727011,101.81983354,100.39445168,0.344037300957,0.330293246851,255,214,213,0,101.81983354,0.0,1,0
2.0,90.0,2.25,113.728619475,108.880614062,102.847436895,0.349443197229,0.33454718847,255,212,206,0,108.880614062,0.0,1,0
2.0,90.0,2.5,121.421686275,116.1954425,105.605387369,0.353769582599,0.338542598561,255,210,201,0,116.1954425,0.0,1,0
2.0,90.0,2.75,128.967433721,123.594153319,108.660082392,0.357031276457,0.342155977279,255,210,197,0,123.594153319,0.0,1,0
2.0,90.0,3.0,136.238550032,130.932152371,111.992832001,0.35931342988,0.345318419338,255,210,194,0,130.932152371,0.0,1,0
2.0,90.0,3.25,143.144686506,138.092559503,115.576198272,0.360735475495,0.348003731964,255,210,192,0,138.092559503,0.0,1,0
2.0,90.0,3.5,149.626501112,144.985243148,119.376275753,0.361427128029,0.350216035584,255,211,191,0,144.985243148,0.0,1,0
2.0,90.0,3.75,155.649450606,151.544153026,123.355067851,0.361514181591,0.351979144434,255,212,190,0,151.544153026,0.0,1,0
2.0,90.0,4.0,161.198082333,157.723901307,127.472670705,0.36111113958,0.353328382793,255,214,190,0,157.723901307,0.0,1,0
2.0,90.0,4.25,166.271164705,163.496208937,131.689112169,0.360318187776,0.354304715535,255,215,191,0,163.496208937,0.0,1,0
2.0,90.0,4.5,170.877693525,168.846535307,135.965791014,0.359220682369,0.354950762602,255,217,192,0,168.846535307,0.0,1,0
2.0,90.0,4.75,175.033768028,173.77110739,140.266527158,0.357890007688,0.355308256575,255,218,193,0,173.77110739,0.0,1,0
2.0,90.0,5.0,178.760146309,178.274340915,144.558253635,0.356385034605,0.355416509039,255,220,194,0,178.274340915,0.0,0,0
2.0,90.0,6.0,189.857585953,192.340957267,161.099285526,0.349453975164,0.354024895905,255,227,202,0,192.340957267,0.0,0,0
2.0,90.0,7.0,196.052790221,201.012119606,175.773107051,0.34224821755,0.350905690061,255,233,211,0,201.012119606,0.0,0,0
2.0,90.0,8.0,198.738426594,205.586783473,188.019585457,0.3355113915,0.347072828235,255,238,220,0,205.586783473,0.0,0,0
2.0,90.0,9.0,198.982376678,207.191696442,197.769342364,0.329471886896,0.343064749329,255,243,229,0,207.191696442,0.0,0,0
2.0,90.0,10.0,197.55970339,206.703064893,205.209475183,0.324148811546,0.339150908198,255,247,237,0,206.703064893,0.0,0,0
2.0,90.0,11.0,195.020599473,204.770314782,210.633008315,0.319483873849,0.33545591385,255,251,244,0,204.770314782,0.0,0,0
2.0,90.0,12.0,191.745456699,201.8569413,214.335836074,0.315402858304,0.332035279222,255,254,250,0,201.8569413,0.0,0,0
2.0,90.0,13.0,188.421186328,198.65383229,218.746853633,0.311017470577,0.327907989772,252,254,255,0,198.65383229,0.0,0,0
2.0,90.0,14.0,184.42452262,194.708947354,219.910823342,0.307864584768,0.325032638699,247,251,255,0,194.708947354,0.0,0,0
2.0,90.0,15.0,180.294147421,190.538422153,220.157456821,0.305071387618,0.322405478338,242,248,255,0,190.538422153,0.0,0,0
2.0,90.0,16.0,176.122716829,186.262138689,219.674499897,0.302585492683,0.320005403154,238,246,255,0,186.262138689,0.0,0,0
2.0,90.0,17.0,171.97433971,181.964224314,218.616359926,0.300363043818,0.317810950011,235,244,255,0,181.964224314,0.0,0,0
2.0,90.0,18.0,167.892859759,177.703199361,217.108979778,0.29836743614,0.315801684856,231,242,255,0,177.703199361,0.0,0,0
2.0,90.0,19.0,163.907676332,173.519199512,215.254541049,0.296568097501,0.313958809195,229,240,255,0,173.519199512,0.0,0,0
2.0,90.0,20.0,160.037878918,169.439149355,213.135662068,0.294939432429,0.312265364175,226,239,255,0,169.439149355,0.0,0,0
2.0,90.0,21.0,156.295186564,165.48046552,210.818979154,0.293459936313,0.310706221607,224,237,255,0,165.48046552,0.0,0,0
2.0,90.0,22.0,152.686055207,161.653725451,208.3581398,0.292111464826,0.309267971277,222,236,255,0,161.653725451,0.0,0,0
2.0,90.0,23.0,149.213196045,157.964597732,205.796257093,0.290878643455,0.307938768958,220,235,255,0,157.964597732,0.0,0,0
2.0,90.0,24.0,145.87667035,154.415239793,203.167912075,0.2897483849,0.306708168118,218,234,255,0,154.415239793,0.0,0,0
2.0,90.0,25.0,142.674685066,151.005317401,200.500775359,0.288709499577,0.305566958847,216,233,255,0,151.005317401,0.0,0,0
2.0,90.0,26.0,139.604173686,147.732750897,197.81691977,0.287752380633,0.304507018993,215,232,255,0,147.732750897,0.0,0,0
2.0,90.0,27.0,136.661215242,144.594256753,195.133875954,0.286868746814,0.303521179421,213,231,255,0,144.594256753,0.0,0,0
2.0,90.0,28.0,133.841339291,141.585744065,192.465488305,0.286051430172,0.302603103021,212,230,255,0,141.585744065,0.0,0,0
2.0,90.0,29.0,131.139754297,138.702611245,189.822607038,0.285294207998,0.301747184404,211,229,255,0,138.702611245,0.0,0,0
2.0,90.0,30.0,128.551499633,135.939948549,187.213638929,0.284591657923,0.300948456035,210,228,255,0,135.939948549,0.0,0,0
2.0,90.0,31.0,126.071570006,133.29270139,184.645008486,0.283939042984,0.300202512492,209,228,255,0,133.29270139,0.0,0,0
2.0,90.0,32.0,123.694993804,130.755776999,182.121522615,0.283332212485,0.299505440383,208,227,255,0,130.755776999,0.0,0,0
2.0,90.0,33.0,121.416888304,128.324120805,179.64666495,0.282767521378,0.298853759801,207,227,255,0,128.324120805,0.0,0,0
2.0,90.0,34.0,119.232506249,125.992779639,177.222847775,0.28224176354,0.298244375106,206,226,255,0,125.992779639,0.0,0,0
2.0,90.0,35.0,117.137259313,123.756936986,174.851616259,0.281752108559,0.297674524308,206,226,255,0,123.756936986,0.0,0,0
2.0,90.0,36.0,115.126741944,121.611945723,172.533821144,0.2812960545,0.297141740783,205,225,255,0,121.611945723,0.0,0,0
2.0,90.0,37.0,113.628750671,119.988515547,171.226426811,0.280673140344,0.296382326347,204,225,255,0,119.988515547,0.0,0,0
2.0,90.0,38.0,112.54602959,118.792428186,170.929155861,0.2797789973,0.295306965212,203,224,255,0,118.792428186,0.0,0,0
2.0,90.0,39.0,110.703360542,116.831564354,168.630722718,0.27943705167,0.294905843193,202,223,255,0,116.831564354,0.0,0,0
2.0,90.0,40.0,108.84527535,114.859805111,166.172758163,0.279177897709,0.294604601063,202,223,255,0,114.859805111,0.0,0,0
2.0,90.0,41.0,107.052159439,112.957768926,163.766826047,0.278943834426,0.294331971979,201,223,255,0,112.957768926,0.0,0,0
2.0,90.0,42.0,105.324374898,111.125619106,161.420811193,0.278731178618,0.294083632759,201,223,255,0,111.125619106,0.0,0,0
2.0,90.0,43.0,103.668098258,109.369404108,159.15639205,0.278532506346,0.293850613211,201,222,255,0,109.369404108,0.0,0,0
2.0,90.0,44.0,102.103056616,107.708963809,157.027405548,0.278331742411,0.293613380087,201,222,255,0,107.708963809,0.0,0,0
2.0,90.0,45.0,100.687807115,106.204228877,155.175560225,0.278091185643,0.293327074796,200,222,255,0,106.204228877,0.0,0,0
2.0,90.0,46.0,99.4916514866,104.926731863,153.76177454,0.277769857696,0.292944010302,200,222,255,0,104.926731863,0.0,0,0
2.0,90.0,47.0,98.4243467956,103.783162204,152.58528228,0.2774136037,0.292517674414,199,221,255,0,103.783162204,0.0,0,0
2.0,90.0,48.0,97.4229594395,102.708897568,151.502855505,0.277057286931,0.292089756538,199,221,255,0,102.708897568,0.0,0,0
2.0,90.0,49.0,96.4651024957,101.681141457,150.46342896,0.276713786195,0.29167619076,198,221,255,0,101.681141457,0.0,0,0
2.0,90.0,50.0,95.5416356251,100.690580294,149.447556341,0.276387695469,0.291282824088,198,220,255,0,100.690580294,0.0,0,0
2.0,90.0,51.0,94.6486966533,99.7332422045,148.448557174,0.276080155496,0.29091123269,197,220,255,0,99.7332422045,0.0,0,0
2.0,90.0,52.0,92.8309565347,97.8182190763,145.368576325,0.276268012627,0.291110271743,198,220,255,0,97.8182190763,0.0,0,0
2.0,90.0,53.0,91.9187040017,96.8442435103,144.231168441,0.276037021671,0.290828692973,197,220,255,0,96.8442435103,0.0,0,0
2.0,90.0,54.0,90.5107961036,95.3523549019,142.12549098,0.275957104965,0.290718466117,197,220,255,0,95.3523549019,0.0,0,0
2.0,90.0,55.0,89.6318253109,94.4150324854,140.987754993,0.275760862949,0.290476856219,197,220,255,0,94.4150324854,0.0,0,0
2.0,90.0,56.0,88.7868092962,93.5142488154,139.884398606,0.275576713489,0.290249751706,196,219,255,0,93.5142488154,0.0,0,0
2.0,90.0,57.0,87.9746135542,92.6487617767,138.814967537,0.275404050636,0.290036446298,196,219,255,0,92.6487617767,0.0,0,0
2.0,90.0,58.0,87.1941584755,91.8173894162,137.778988138,0.275242308588,0.289836276573,196,219,255,0,91.8173894162,0.0,0,0
2.0,90.0,59.0,86.4444192102,91.0190102003,136.775969188,0.275090964391,0.289648626513,196,219,255,0,91.0190102003,0.0,0,0
2.0,90.0,60.0,85.7244162098,90.2525530656,135.805394576,0.274949535794,0.289472925764,196,219,255,0,90.2525530656,0.0,0,0
2.0,90.0,61.0,85.0332190923,89.5170016395,134.86673559,0.274817579822,0.289308649092,195,219,255,0,89.5170016395,0.0,0,0
2.0,90.0,62.0,84.3699413107,88.8113883778,133.95944706,0.274694692785,0.289155316067,195,219,255,0,88.8113883778,0.0,0,0
2.0,90.0,63.0,83.7337356129,88.1347896572,133.082973624,0.274580501872,0.289012482237,195,218,255,0,88.1347896572,0.0,0,0
2.0,90.0,64.0,83.1237966076,87.4863283683,132.236752436,0.274474669569,0.288879743836,195,218,255,0,87.4863283683,0.0,0,0
2.0,90.0,65.0,82.5393547091,86.8651673925,131.420214256,0.274376887049,0.288756730727,195,218,255,0,86.8651673925,0.0,0,0
2.0,90.0,66.0,81.9796766299,86.2705099767,130.632786761,0.274286874579,0.288643106714,195,218,255,0,86.2705099767,0.0,0,0
2.0,90.0,67.0,81.4440629053,85.7015968984,129.873895728,0.274204379437,0.288538566914,194,218,255,0,85.7015968984,0.0,0,0
2.0,90.0,68.0,80.9318432822,85.15770147,129.142965278,0.274129171187,0.288442832604,194,218,255,0,85.15770147,0.0,0,0
2.0,90.0,69.0,80.442382087,84.6381353271,128.439422597,0.274061047041,0.288355657622,194,218,255,0,84.6381353271,0.0,0,0
2.0,90.0,70.0,79.9750676205,84.1422366268,127.762693815,0.273999822364,0.28827681645,194,218,255,0,84.1422366268,0.0,0,0
2.0,90.0,71.0,79.5293167783,83.669375284,127.112208612,0.273945334445,0.28820610969,194,218,255,0,83.669375284,0.0,0,0
2.0,90.0,72.0,79.104572621,83.2189501208,126.487399911,0.273897440908,0.288143361602,194,218,255,0,83.2189501208,0.0,0,0
2.0,90.0,73.0,78.7003022843,82.7903864567,125.887703874,0.273856018082,0.288088417863,194,218,255,0,82.7903864567,0.0,0,0
2.0,90.0,74.0,78.3159954258,82.3831346106,125.312561719,0.273820957965,0.288041143021,194,218,255,0,82.3831346106,0.0,0,0
2.0,90.0,75.0,77.9511665973,81.9966719643,124.761421781,0.273792171366,0.288001422453,194,218,255,0,81.9966719643,0.0,0,0
2.0,90.0,76.0,77.6053507902,81.6304985726,124.233738935,0.273769582325,0.287969157689,194,218,255,0,81.6304985726,0.0,0,0
2.0,90.0,77.0,76.9276532004,80.9336849418,122.833631795,0.27406138848,0.288333221503,194,218,255,0,80.9336849418,0.0,0,0
2.0,90.0,78.0,76.4572226802,80.4384553125,121.942650594,0.274199114116,0.28847703872,194,218,255,0,80.4384553125,0.0,0,0
2.0,90.0,79.0,76.1973291265,80.1623355196,121.561771306,0.274168593241,0.288435237984,194,218,255,0,80.1623355196,0.0,0,0
2.0,90.0,80.0,75.9564242523,79.9063870207,121.206311288,0.274142508376,0.288398744264,194,218,255,0,79.9063870207,0.0,0,0
2.0,90.0,81.0,75.7341384326,79.6702125212,120.87577411,0.27412083448,0.288367512874,194,218,255,0,79.6702125212,0.0,0,0
2.0,90.0,82.0,75.5301440169,79.4534590074,120.569718872,0.274103550982,0.288341503055,194,218,255,0,79.4534590074,0.0,0,0
2.0,90.0,83.0,75.344167792,79.2558305516,120.287795579,0.274090627004,0.288320661389,194,218,255,0,79.2558305516,0.0,0,0
2.0,90.0,84.0,75.1760270714,79.0771258027,120.029807598,0.274082017133,0.288304915721,194,218,255,0,79.0771258027,0.0,0,0
2.0,90.0,85.0,75.0256834279,78.9172941265,119.795827769,0.274077631555,0.288294142415,194,218,255,0,78.9172941265,0.0,0,0
2.0,90.0,86.0,74.8933657769,78.776563963,119.586437296,0.274077294481,0.288288118654,194,218,255,0,78.776563963,0.0,0,0
2.0,90.0,87.0,74.779808537,78.6556918751,119.403195019,0.274080655674,0.288286424148,194,218,255,0,78.6556918751,0.0,0,0
2.0,90.0,88.0,74.6867176464,78.5564528619,119.249556855,0.274087012777,0.288288254964,194,218,255,0,78.5564528619,0.0,0,0
2.0,90.0,89.0,74.6177801896,78.4827236683,119.132800022,0.274094973415,0.288292147029,194,218,255,0,78.4827236683,0.0,0,0
2.0,90.0,90.0,74.5868260026,78.4489714305,119.083964952,0.27409558699,0.288288401926,194,218,255,0,78.4489714305,0.0,0,0
2.0,180.0,0.0,45.8547353285,46.6798834618,65.4430241451,0.29026091589,0.295484111514,219,223,255,0,46.6798834618,0.0,1,0
2.0,180.0,0.25,49.7519686653,50.8926389374,71.2609805163,0.289414493209,0.296049939355,218,223,255,0,50.8926389374,0.0,1,0
2.0,180.0,0.5,50.853354648,52.0664797399,72.9599174395,0.289137061655,0.296034530404,218,224,255,0,52.0664797399,0.0,1,0
2.0,180.0,0.75,51.4825550743,52.7392894275,73.8527534428,0.289106675902,0.296164023596,217,224,255,0,52.7392894275,0.0,1,0
2.0,180.0,1.0,51.9391198656,53.2424739665,74.4514114347,0.289140182164,0.296395831531,218,224,255,0,53.2424739665,0.0,1,0
2.0,180.0,1.25,52.3837870646,53.7438260264,75.0648242895,0.289105813807,0.296611860867,217,224,255,0,53.7438260264,0.0,1,0
2.0,180.0,1.5,53.0630748225,54.3730203629,75.7224504418,0.289711160573,0.29686313667,218,224,255,0,54.3730203629,0.0,1,0
2.0,180.0,1.75,54.3027062059,55.326207631,76.4267948033,0.291862617937,0.297363666159,222,225,255,0,55.326207631,0.0,1,0
2.0,180.0,2.0,56.3876958235,56.8117952975,77.177118056,0.296190251876,0.298417938754,228,225,255,0,56.8117952975,0.0,1,0
2.0,180.0,2.25,59.5581750645,59.0388385897,77.9774848183,0.302980170507,0.300338238421,239,226,255,0,59.0388385897,0.0,1,0
2.0,180.0,2.5,63.8553955303,62.1151097525,78.8482201473,0.311765417914,0.303268705642,252,229,255,0,62.1151097525,0.0,1,0
2.0,180.0,2.75,69.1470556576,66.0699871009,79.9636872302,0.321344089042,0.30704416285,255,222,244,0,66.0699871009,0.0,1,0
2.0,180.0,3.0,75.458779506,70.9265671543,81.3053337793,0.331409170372,0.311504041436,255,213,231,0,70.9265671543,0.0,1,0
2.0,180.0,3.25,82.1175818428,76.2384651408,82.5361589749,0.340889326477,0.316483735277,255,206,219,0,76.2384651408,0.0,1,0
2.0,180.0,3.5,89.3432438495,82.1996730413,83.9427528009,0.349699628779,0.32173887929,255,201,209,0,82.1996730413,0.0,1,0
2.0,180.0,3.75,96.9655952691,88.6910646069,85.5320402915,0.357557653432,0.327045575837,255,198,200,0,88.6910646069,0.0,1,0
2.0,180.0,4.0,104.534292147,95.3938219537,87.3117566938,0.363926817883,0.332105085863,255,195,192,0,95.3938219537,0.0,1,0
2.0,180.0,4.25,112.157338494,102.347536811,89.2984912936,0.369177404944,0.336887434649,255,194,186,0,102.347536811,0.0,1,0
2.0,180.0,4.5,119.740139447,109.458167821,91.5037010164,0.373368848195,0.341308021134,255,193,182,0,109.458167821,0.0,1,0
2.0,180.0,4.75,127.200908405,116.635930565,93.9323944606,0.376591162887,0.345312476748,255,193,178,0,116.635930565,0.0,1,0
2.0,180.0,5.0,134.078151142,123.526536181,96.5748776697,0.37855981653,0.348768106323,255,194,175,0,123.526536181,0.0,0,0
2.0,180.0,6.0,159.631100478,150.289019333,109.191861157,0.380879353793,0.35858917463,255,199,170,0,150.289019333,0.0,0,0
2.0,180.0,7.0,180.293096277,173.466776717,124.202375752,0.377212001054,0.362929869821,255,205,172,0,173.466776717,0.0,0,0
2.0,180.0,8.0,195.205009835,191.547434894,140.168404439,0.370463628728,0.36352221628,255,212,178,0,191.547434894,0.0,0,0
2.0,180.0,9.0,206.563408256,205.81817211,155.9440024,0.363459633914,0.362148350086,255,218,186,0,205.81817211,0.0,0,0
2.0,180.0,10.0,214.554703262,216.369543199,170.661492548,0.356648586145,0.359665346382,255,223,193,0,216.369543199,0.0,0,0
2.0,180.0,11.0,219.385047263,223.463929527,183.856375173,0.350060912318,0.356569365216,255,228,201,0,223.463929527,0.0,0,0
2.0,180.0,12.0,222.097298049,228.019821156,195.314700471,0.344106521058,0.353282584163,255,233,208,0,228.019821156,0.0,0,0
2.0,180.0,13.0,223.690147964,230.984316787,205.103507774,0.339038520956,0.350094011024,255,236,215,0,230.984316787,0.0,0,0
2.0,180.0,14.0,223.745044313,232.185774585,214.125085739,0.333919965132,0.346517018921,255,240,222,0,232.185774585,0.0,0,0
2.0,180.0,15.0,222.57301092,231.907701451,220.652591199,0.329672687961,0.343499128579,255,243,228,0,231.907701451,0.0,0,0
2.0,180.0,16.0,221.211483993,231.228904686,227.505003808,0.325337132124,0.340069816254,255,246,235,0,231.228904686,0.0,0,0
2.0,180.0,17.0,218.728600752,229.241708106,231.466593994,0.32192628901,0.337399554167,255,249,240,0,229.241708106,0.0,0,0
2.0,180.0,18.0,215.824074183,226.691068709,234.368053654,0.318849803459,0.334904263935,255,251,245,0,226.691068709,0.0,0,0
2.0,180.0,19.0,213.009191636,224.032625097,236.383467189,0.316307089623,0.332676290074,255,253,249,0,224.032625097,0.0,0,0
2.0,180.0,20.0,209.560677349,220.73395618,237.588869847,0.313768308828,0.330497691685,255,255,253,0,220.73395618,0.0,0,0
2.0,180.0,21.0,205.948885441,217.195930455,238.106864198,0.311453099691,0.328461820201,253,254,255,0,217.195930455,0.0,0,0
2.0,180.0,22.0,202.221681114,213.480377838,238.024763917,0.309336674035,0.326559000442,249,252,255,0,213.480377838,0.0,0,0
2.0,180.0,23.0,198.429565586,209.652110279,237.444942706,0.307391763372,0.324776863181,246,251,255,0,209.652110279,0.0,0,0
2.0,180.0,24.0,194.603143066,205.7510243,236.439174105,0.30559858339,0.323104861343,243,249,255,0,205.7510243,0.0,0,0
2.0,180.0,25.0,190.771772007,201.814694196,235.077732441,0.303939228044,0.32153290666,240,247,255,0,201.814694196,0.0,0,0
2.0,180.0,26.0,186.956606623,197.871138085,233.416988702,0.302399028281,0.320053091263,238,246,255,0,197.871138085,0.0,0,0
2.0,180.0,27.0,183.172213062,193.939679387,231.502883994,0.300965767102,0.318657526722,236,245,255,0,193.939679387,0.0,0,0
2.0,180.0,28.0,179.430899675,190.037023465,229.376851598,0.299628396613,0.31733936987,234,243,255,0,190.037023465,0.0,0,0
2.0,180.0,29.0,175.746392915,186.18116569,227.083263938,0.29837549021,0.316091247503,231,242,255,0,186.18116569,0.0,0,0
2.0,180.0,30.0,172.121458859,182.376930395,224.643922801,0.297200628025,0.314908661652,230,241,255,0,182.376930395,0.0,0,0
2.0,180.0,31.0,168.562658454,178.633093389,222.087355695,0.296096364396,0.313786042522,228,240,255,0,178.633093389,0.0,0,0
2.0,180.0,32.0,165.07015788,174.951115066,219.4285321,0.295058030929,0.312719950008,226,239,255,0,174.951115066,0.0,0,0
2.0,180.0,33.0,161.646959812,171.335475891,216.687868131,0.294079848747,0.31170589842,225,238,255,0,171.335475891,0.0,0,0
2.0,180.0,34.0,158.294793997,167.789804462,213.884145726,0.293155475575,0.310739846092,223,237,255,0,167.789804462,0.0,0,0
2.0,180.0,35.0,155.017722781,164.319321384,211.036161588,0.292280456666,0.309818293235,222,236,255,0,164.319321384,0.0,0,0
2.0,180.0,36.0,151.814525793,160.923501552,208.154476394,0.291450778622,0.308938025403,221,236,255,0,160.923501552,0.0,0,0
2.0,180.0,37.0,148.682384807,157.600397148,205.241494269,0.290665353959,0.308099545756,219,235,255,0,157.600397148,0.0,0,0
2.0,180.0,38.0,145.839239441,154.566571834,203.013764359,0.289697195937,0.307033296508,218,234,255,0,154.566571834,0.0,0,0
2.0,180.0,39.0,143.055523647,151.555480078,200.029062411,0.289211354763,0.306395479165,217,233,255,0,151.555480078,0.0,0,0
2.0,180.0,40.0,140.584103367,148.907365613,198.291070238,0.288210610394,0.305274079412,216,232,255,0,148.907365613,0.0,0,0
2.0,180.0,41.0,137.666273086,145.809798518,195.157097646,0.287623762685,0.304637889486,215,232,255,0,145.809798518,0.0,0,0
2.0,180.0,42.0,134.817059604,142.78418039,192.03124571,0.287069280145,0.304033866345,214,231,255,0,142.78418039,0.0,0,0
2.0,180.0,43.0,132.03374861,139.827879684,188.914375648,0.286546494349,0.303461722155,213,231,255,0,139.827879684,0.0,0,0
2.0,180.0,44.0,129.314764168,136.939440066,185.80950334,0.286054292794,0.302920667533,212,230,255,0,136.939440066,0.0,0,0
2.0,180.0,45.0,126.661017002,134.120050108,182.72497674,0.285590283962,0.302408618705,211,230,255,0,134.120050108,0.0,0,0
2.0,180.0,46.0,124.129837738,131.429452257,179.809452053,0.285114262347,0.301880772696,211,229,255,0,131.429452257,0.0,0,0
2.0,180.0,47.0,121.733253917,128.880129054,177.098293603,0.28461522232,0.301324785159,210,229,255,0,128.880129054,0.0,0,0
2.0,180.0,48.0,119.459957741,126.457965405,174.573332149,0.284096176167,0.300738633236,209,228,255,0,126.457965405,0.0,0,0
2.0,180.0,49.0,117.408584038,124.261744021,172.489320203,0.28348629455,0.300033440106,208,228,255,0,124.261744021,0.0,0,0
2.0,180.0,50.0,115.422967317,122.13491912,170.454794289,0.282890637398,0.299340988379,207,227,255,0,122.13491912,0.0,0,0
2.0,180.0,51.0,113.485727861,120.060135233,168.429798955,0.282319897882,0.298675135259,207,227,255,0,120.060135233,0.0,0,0
2.0,180.0,52.0,111.596714095,118.037246746,166.418060475,0.281772868434,0.298034703506,206,226,255,0,118.037246746,0.0,0,0
2.0,180.0,53.0,109.756675283,116.067029667,164.424932984,0.28124806755,0.29741815444,205,225,255,0,116.067029667,0.0,0,0
2.0,180.0,54.0,107.96036313,114.144733468,162.437064957,0.280750393386,0.296832818036,204,225,255,0,114.144733468,0.0,0,0
2.0,180.0,55.0,105.90439166,111.942745525,159.780655766,0.280446496886,0.296436723182,204,225,255,0,111.942745525,0.0,0,0
2.0,180.0,56.0,104.194114075,110.111984643,157.825460602,0.279992683947,0.295895314129,203,224,255,0,110.111984643,0.0,0,0
2.0,180.0,57.0,102.036123182,107.83710968,154.670269984,0.279901088308,0.295814104045,203,224,255,0,107.83710968,0.0,0,0
2.0,180.0,58.0,100.397172121,106.085204763,152.714099484,0.279504891408,0.29534032693,202,224,255,0,106.085204763,0.0,0,0
2.0,180.0,59.0,98.8123064669,104.391054876,150.807019658,0.279122623996,0.294881338171,202,223,255,0,104.391054876,0.0,0,0
2.0,180.0,60.0,97.280740444,102.75384335,148.949527414,0.278754067361,0.294437024638,201,223,255,0,102.75384335,0.0,0,0
2.0,180.0,61.0,95.8023067731,101.173345504,147.143320075,0.278398793645,0.294006880274,201,223,255,0,101.173345504,0.0,0,0
2.0,180.0,62.0,94.3764795296,99.6490256365,145.389146695,0.278056586573,0.293590819047,200,222,255,0,99.6490256365,0.0,0,0
2.0,180.0,63.0,93.0028360875,98.1804336736,143.687784566,0.277727306932,0.293188773425,200,222,255,0,98.1804336736,0.0,0,0
2.0,180.0,64.0,91.6811159723,96.7672844159,142.040281465,0.277410758693,0.29280060023,199,222,255,0,96.7672844159,0.0,0,0
2.0,180.0,65.0,90.4109779912,95.4092026761,140.447434654,0.277106809703,0.292426211477,199,221,255,0,95.4092026761,0.0,0,0
2.0,180.0,66.0,89.1920423762,94.1057822278,138.909792224,0.27681543737,0.292065666089,198,221,255,0,94.1057822278,0.0,0,0
2.0,180.0,67.0,88.0234941167,92.8560894295,137.426800127,0.276537005324,0.291719218314,198,221,255,0,92.8560894295,0.0,0,0
2.0,180.0,68.0,86.9050037563,91.6597687011,135.998937951,0.276271549707,0.291386977163,197,220,255,0,91.6597687011,0.0,0,0
2.0,180.0,69.0,85.8367192907,90.5170260376,134.627668949,0.276018808038,0.291068925286,197,220,255,0,90.5170260376,0.0,0,0
2.0,180.0,70.0,84.8183886582,89.4275851943,133.313459562,0.275778855867,0.29076521634,197,220,255,0,89.4275851943,0.0,0,0
2.0,180.0,71.0,83.8497125723,88.3911264256,132.056529109,0.275551882338,0.290476145014,196,220,255,0,88.3911264256,0.0,0,0
2.0,180.0,72.0,82.9304204199,87.4073500734,130.857154047,0.275338040794,0.29020193553,196,219,255,0,87.4073500734,0.0,0,0
2.0,180.0,73.0,82.0603035297,86.4760235726,129.715685462,0.275137467889,0.289942799813,196,219,255,0,86.4760235726,0.0,0,0
2.0,180.0,74.0,81.2391481727,85.5969121696,128.632359135,0.274950359556,0.289699022052,196,219,255,0,85.5969121696,0.0,0,0
2.0,180.0,75.0,80.4667672306,84.7698053427,127.607403171,0.274776925242,0.289470886766,195,219,255,0,84.7698053427,0.0,0,0
2.0,180.0,76.0,79.7429395181,83.9944661553,126.640787702,0.274617520658,0.289258863343,195,219,255,0,83.9944661553,0.0,0,0
2.0,180.0,77.0,79.067523497,83.2707304728,125.732811102,0.274472285085,0.289063153399,195,219,255,0,83.2707304728,0.0,0,0
2.0,180.0,78.0,78.2745519721,82.4254315775,124.432360315,0.27452007342,0.289077803171,195,219,255,0,82.4254315775,0.0,0,0
2.0,180.0,79.0,77.7056049039,81.8149891921,123.668048314,0.274395202585,0.288906322287,195,218,255,0,81.8149891921,0.0,0,0
2.0,180.0,80.0,77.185318577,81.2563721477,122.964262276,0.274284597586,0.288751432872,195,218,255,0,81.2563721477,0.0,0,0
2.0,180.0,81.0,76.540428291,80.5900351721,121.760666779,0.274445545201,0.288965931265,195,218,255,0,80.5900351721,0.0,0,0
2.0,180.0,82.0,76.1301636556,80.1470525156,121.216731409,0.274348915786,0.288824506677,195,218,255,0,80.1470525156,0.0,0,0
2.0,180.0,83.0,75.7684476025,79.755653907,120.734620157,0.274266264411,0.288699134731,195,218,255,0,79.755653907,0.0,0,0
2.0,180.0,84.0,75.4551403688,79.4156758371,120.314226795,0.274197825383,0.288590088222,194,218,255,0,79.4156758371,0.0,0,0
2.0,180.0,85.0,75.1900699123,79.1269062887,119.955485129,0.274143709317,0.288497452151,194,218,255,0,79.1269062887,0.0,0,0
2.0,180.0,86.0,74.9731243809,78.8892052328,119.65827497,0.274104119122,0.288421434842,194,218,255,0,78.8892052328,0.0,0,0
2.0,180.0,87.0,74.804286231,78.7025384091,119.422618059,0.274079210697,0.288362214171,194,218,255,0,78.7025384091,0.0,0,0
2.0,180.0,88.0,74.683588616,78.5669144908,119.248473736,0.274069244154,0.288320034817,194,218,255,0,78.5669144908,0.0,0,0
2.0,180.0,89.0,74.6111214033,78.4824204087,119.135678608,0.274074624643,0.288295357448,194,218,255,0,78.4824204087,0.0,0,0
2.0,180.0,90.0,74.5868260036,78.4489714318,119.083964953,0.274095586991,0.288288401928,194,218,255,0,78.4489714318,0.0,0,0
4.0,0.0,0.0,37.9041731968,38.7317381194,42.6432175763,0.317777079265,0.324715132304,255,243,248,0,38.7317381194,0.0,1,0
4.0,0.0,0.25,38.1244905303,38.0600361057,40.162405767,0.327679378758,0.327125394023,255,231,233,0,38.0600361057,0.0,1,0
4.0,0.0,0.5,41.3386792221,40.0180003013,39.7344318157,0.341384918884,0.330478429496,255,217,216,0,40.0180003013,0.0,1,0
4.0,0.0,0.75,46.6261701418,43.6880504666,40.0014649089,0.357793998142,0.335247827559,255,204,198,0,43.6880504666,0.0,1,0
4.0,0.0,1.0,53.428195367,48.75069578,40.6406949137,0.374095716426,0.34134460913,255,193,181,0,48.75069578,0.0,1,0
4.0,0.0,1.25,61.212351103,54.9126838567,41.6055124875,0.388081776763,0.348142352546,255,185,167,0,54.9126838567,0.0,1,0
4.0,0.0,1.5,69.4572935654,61.8319007835,42.9100996745,0.398723163345,0.354949204187,255,181,157,0,61.8319007835,0.0,1,0
4.0,0.0,1.75,77.7017104424,69.1468317552,44.5735293895,0.405918240244,0.361227057997,255,180,150,0,69.1468317552,0.0,1,0
4.0,0.0,2.0,85.6143001879,76.550925896,46.6050513592,0.410088549177,0.366675404342,255,180,145,0,76.550925896,0.0,1,0
4.0,0.0,2.25,93.2199334854,83.9329825259,48.9931840921,0.412211103542,0.371144947835,255,182,141,0,83.9329825259,0.0,1,0
4.0,0.0,2.5,99.8647724864,90.8028795035,51.7077271465,0.41202523475,0.374637390262,255,184,140,0,90.8028795035,0.0,1,0
4.0,0.0,2.75,106.015914077,97.3411641999,54.7077581578,0.410811157157,0.377196543104,255,186,140,0,97.3411641999,0.0,1,0
4.0,0.0,3.0,111.383826588,103.304271858,57.9384687301,0.408558225789,0.378922248582,255,189,141,0,103.304271858,0.0,1,0
4.0,0.0,3.25,115.982570039,108.644668383,61.340625242,0.405579034486,0.379919152421,255,192,143,0,108.644668383,0.0,1,0
4.0,0.0,3.5,119.860749919,113.358511421,64.857428742,0.402113797915,0.380299819453,255,195,146,0,113.358511421,0.0,1,0
4.0,0.0,3.75,123.053535614,117.435615583,68.4241731239,0.398343243641,0.380157171404,255,198,149,0,117.435615583,0.0,1,0
4.0,0.0,4.0,125.64858044,120.932392089,72.0014423514,0.394398983029,0.379595314873,255,201,152,0,120.932392089,0.0,1,0
4.0,0.0,4.25,127.67333993,123.846305061,75.5259641417,0.390383898651,0.378682060248,255,204,156,0,123.846305061,0.0,1,0
4.0,0.0,4.5,129.215057505,126.251341625,78.975838725,0.386359863914,0.377498196505,255,206,160,0,126.251341625,0.0,1,0
4.0,0.0,4.75,130.319924938,128.177485706,82.3095002585,0.382386391733,0.376100019119,255,209,164,0,128.177485706,0.0,1,0
4.0,0.0,5.0,131.025087478,129.653494721,85.4957606342,0.378494507726,0.374532363259,255,212,168,0,129.653494721,0.0,0,0
4.0,0.0,6.0,131.328250053,132.331050641,96.5231446219,0.364615909967,0.367400056172,255,220,183,0,132.331050641,0.0,0,0
4.0,0.0,7.0,128.236493271,130.876559919,104.521792737,0.352651828359,0.359912041943,255,228,197,0,130.876559919,0.0,0,0
4.0,0.0,8.0,123.830261065,127.394124284,110.331093162,0.342493112191,0.352350142249,255,234,211,0,127.394124284,0.0,0,0
4.0,0.0,9.0,118.571140099,122.593205078,113.140238644,0.334658780929,0.346010779075,255,239,221,0,122.593205078,0.0,0,0
4.0,0.0,10.0,113.172161436,117.412318216,115.239208171,0.327253931472,0.339514967741,255,243,232,0,117.412318216,0.0,0,0
4.0,0.0,11.0,107.614386254,111.876837603,114.935347249,0.321787787071,0.334533339361,255,246,241,0,111.876837603,0.0,0,0
4.0,0.0,12.0,102.216518523,106.39930119,113.66435786,0.317166632129,0.330145347416,255,249,248,0,106.39930119,0.0,0,0
4.0,0.0,13.0,97.0556259618,101.098207304,111.711923875,0.313218300909,0.326264535445,255,252,254,0,101.098207304,0.0,0,0
4.0,0.0,14.0,92.298771955,96.1388371421,109.331717354,0.309967359818,0.322863467127,250,249,255,0,96.1388371421,0.0,0,0
4.0,0.0,15.0,87.7354874446,91.4004339911,106.669453194,0.30697633856,0.319799563285,245,246,255,0,91.4004339911,0.0,0,0
4.0,0.0,16.0,83.4528249846,86.9333403124,103.815730453,0.30434809634,0.317041354052,241,243,255,0,86.9333403124,0.0,0,0
4.0,0.0,17.0,79.5587534381,82.832893886,100.88737081,0.302184177083,0.314620186876,238,241,255,0,82.832893886,0.0,0,0
4.0,0.0,18.0,75.8309272918,78.933811719,97.9269853669,0.300092642442,0.312371969891,234,238,255,0,78.933811719,0.0,0,0
4.0,0.0,19.0,72.425619361,75.3387423309,94.9620972204,0.298383701907,0.310385372359,232,237,255,0,75.3387423309,0.0,0,0
4.0,0.0,20.0,69.1816203358,71.9432987616,92.0653601415,0.296674546476,0.308517571986,229,235,255,0,71.9432987616,0.0,0,0
4.0,0.0,21.0,66.2265747586,68.8250052027,89.2345556407,0.295277167181,0.306862504087,227,233,255,0,68.8250052027,0.0,0,0
4.0,0.0,22.0,63.3822426787,65.8473460835,86.4553641227,0.293864925814,0.305294111632,225,232,255,0,65.8473460835,0.0,0,0
4.0,0.0,23.0,60.7961645796,63.1176751039,83.7853785694,0.292712534457,0.30388980582,223,231,255,0,63.1176751039,0.0,0,0
4.0,0.0,24.0,58.3721513357,60.5618738944,81.203694837,0.29165991956,0.302600998323,221,229,255,0,60.5618738944,0.0,0,0
4.0,0.0,25.0,56.0315462232,58.1174264092,78.7074975893,0.29053495669,0.30135066945,219,228,255,0,58.1174264092,0.0,0,0
4.0,0.0,26.0,53.890167731,55.861564063,76.3079188736,0.289639196557,0.300234703562,218,227,255,0,55.861564063,0.0,0,0
4.0,0.0,27.0,51.8655719997,53.7281987882,73.9850130332,0.288817926573,0.299190125052,217,226,255,0,53.7281987882,0.0,0,0
4.0,0.0,28.0,49.9074378903,51.6865299699,71.7555612174,0.287900625723,0.298163659543,215,226,255,0,51.6865299699,0.0,0,0
4.0,0.0,29.0,48.1125503843,49.7983646971,69.6167799054,0.287191621589,0.297254520819,214,225,255,0,49.7983646971,0.0,0,0
4.0,0.0,30.0,46.4144735074,48.0134827082,67.5641401022,0.286523074659,0.296393983408,213,224,255,0,48.0134827082,0.0,0,0
4.0,0.0,31.0,44.8066970281,46.3248636085,65.5924628842,0.285895525278,0.295582403819,212,223,255,0,46.3248636085,0.0,0,0
4.0,0.0,32.0,43.0409305683,44.4852208372,63.5788450068,0.284841213661,0.294399403682,211,222,255,0,44.4852208372,0.0,0,0
4.0,0.0,33.0,41.6143553799,42.9897841666,61.7632858641,0.28431432242,0.293711418685,210,222,255,0,42.9897841666,0.0,0,0
4.0,0.0,34.0,40.1159377435,41.3850574221,60.0484629877,0.283405802233,0.292371712064,209,221,255,0,41.3850574221,0.0,0,0
4.0,0.0,35.0,38.8490881904,40.0636399992,58.3739781522,0.282977785873,0.291824613371,208,220,255,0,40.0636399992,0.0,0,0
4.0,0.0,36.0,37.6413261452,38.8051564111,56.75806211,0.282582897149,0.291320063503,208,220,255,0,38.8051564111,0.0,0,0
4.0,0.0,37.0,36.4879280893,37.6046339994,55.1956241702,0.28222167195,0.290859011078,207,219,255,0,37.6046339994,0.0,0,0
4.0,0.0,38.0,35.3864525511,36.4593907053,53.6859498525,0.281892353122,0.290439495863,207,219,255,0,36.4593907053,0.0,0,0
4.0,0.0,39.0,34.3324805935,35.3646205704,52.2247908015,0.281594060263,0.290059643927,206,219,255,0,35.3646205704,0.0,0,0
4.0,0.0,40.0,33.3269876545,34.3200253208,50.8277327396,0.281300351846,0.28968220285,206,218,255,0,34.3200253208,0.0,0,0
4.0,0.0,41.0,32.378302877,33.3311066709,49.5434242812,0.280932813548,0.289199888311,205,218,255,0,33.3311066709,0.0,0,0
4.0,0.0,42.0,31.4750615399,32.3891287195,48.3221978622,0.280560432214,0.28870818699,205,218,255,0,32.3891287195,0.0,0,0
4.0,0.0,43.0,30.6553896476,31.5309014804,47.290182851,0.280018058067,0.288015318126,204,217,255,0,31.5309014804,0.0,0,0
4.0,0.0,44.0,29.8862819361,30.7251848315,46.3433928164,0.279428929666,0.287272452612,203,216,255,0,30.7251848315,0.0,0,0
4.0,0.0,45.0,29.1492790439,29.9537527414,45.4266280985,0.278861321048,0.286557449577,202,216,255,0,29.9537527414,0.0,0,0
4.0,0.0,46.0,28.4424485283,29.2144951218,44.5370717084,0.278318142491,0.285872856834,201,215,255,0,29.2144951218,0.0,0,0
4.0,0.0,47.0,27.7641498026,28.5057021037,43.6747525725,0.277795384227,0.285215017382,201,215,255,0,28.5057021037,0.0,0,0
4.0,0.0,48.0,27.1129697075,27.825757744,42.8388107568,0.277292415051,0.284582310558,200,214,255,0,27.825757744,0.0,0,0
4.0,0.0,49.0,26.3114531021,26.9917944137,41.621321701,0.277182749621,0.28434992791,200,214,255,0,26.9917944137,0.0,0,0
4.0,0.0,50.0,25.6982531066,26.3525264446,40.8067436459,0.276749284515,0.283795276218,199,214,255,0,26.3525264446,0.0,0,0
4.0,0.0,51.0,24.8204852118,25.4391309878,39.4035092766,0.27681931764,0.283718985399,199,213,255,0,25.4391309878,0.0,0,0
4.0,0.0,52.0,24.2343851139,24.8287894833,38.598729335,0.276452872078,0.283233518434,199,213,255,0,24.8287894833,0.0,0,0
4.0,0.0,53.0,23.6721592423,24.2435450943,37.822763548,0.276097297122,0.28276158523,198,213,255,0,24.2435450943,0.0,0,0
4.0,0.0,54.0,23.1324457853,23.6819177167,37.0740118545,0.275752697403,0.282302734033,198,212,255,0,23.6819177167,0.0,0,0
4.0,0.0,55.0,22.6136052752,23.1419826138,36.3494847774,0.275422754536,0.281858134489,197,212,255,0,23.1419826138,0.0,0,0
4.0,0.0,56.0,22.1153990653,22.6236621049,35.6495437523,0.275106143297,0.281428718993,197,212,255,0,22.6236621049,0.0,0,0
4.0,0.0,57.0,21.6373981106,22.1266050478,34.9748841164,0.274799388961,0.28101241729,196,211,255,0,22.1266050478,0.0,0,0
4.0,0.0,58.0,21.1791389204,21.6503389781,34.3253443352,0.274501817349,0.280609019,196,211,255,0,21.6503389781,0.0,0,0
4.0,0.0,59.0,20.7394490497,21.1935205902,33.6989853758,0.27421542978,0.280219129411,196,211,255,0,21.1935205902,0.0,0,0
4.0,0.0,60.0,20.3176909257,20.7554605748,33.0951732652,0.273940270188,0.279842650354,195,210,255,0,20.7554605748,0.0,0,0
4.0,0.0,61.0,19.9130194812,20.3352642573,32.5128536366,0.273676583401,0.279479746894,195,210,255,0,20.3352642573,0.0,0,0
4.0,0.0,62.0,19.5249155623,19.9324016664,31.9515692299,0.273424170725,0.2791305488,194,210,255,0,19.9324016664,0.0,0,0
4.0,0.0,63.0,19.1526376879,19.5460323623,31.4105199407,0.273182983435,0.27879415473,194,210,255,0,19.5460323623,0.0,0,0
4.0,0.0,64.0,18.7949133327,19.1747883225,30.8878486337,0.272953557799,0.278470381855,194,209,255,0,19.1747883225,0.0,0,0
4.0,0.0,65.0,18.3811726458,18.7685670952,30.381081638,0.27218938361,0.277925941251,193,209,255,0,18.7685670952,0.0,0,0
4.0,0.0,66.0,18.0537724814,18.4282743609,29.8946827325,0.271989484825,0.27763155068,192,209,255,0,18.4282743609,0.0,0,0
4.0,0.0,67.0,17.7401512134,18.1023497816,29.4257675065,0.271803613314,0.277352995525,192,208,255,0,18.1023497816,0.0,0,0
4.0,0.0,68.0,17.4396874136,17.7901251094,28.9738415074,0.271630761161,0.277088981586,192,208,255,0,17.7901251094,0.0,0,0
4.0,0.0,69.0,17.151992239,17.4911889101,28.5383662318,0.271471544304,0.276840147719,192,208,255,0,17.4911889101,0.0,0,0
4.0,0.0,70.0,16.8765551866,17.2050297754,28.1184941973,0.271326908498,0.276607843719,191,208,255,0,17.2050297754,0.0,0,0
4.0,0.0,71.0,16.6129844027,16.9312228751,27.7139257767,0.271196387718,0.276391428058,191,208,255,0,16.9312228751,0.0,0,0
4.0,0.0,72.0,16.3603398128,16.668640865,27.3228007442,0.271082964369,0.276191364567,191,207,255,0,16.668640865,0.0,0,0
4.0,0.0,73.0,16.0078232856,16.3058847039,26.6671755833,0.271406976565,0.276460502389,192,208,255,0,16.3058847039,0.0,0,0
4.0,0.0,74.0,15.7833246634,16.072247647,26.3199304696,0.271305341753,0.276271744617,191,208,255,0,16.072247647,0.0,0,0
4.0,0.0,75.0,15.3863581694,15.6618785663,25.5584877213,0.271811490896,0.276678764167,192,208,255,0,15.6618785663,0.0,0,0
4.0,0.0,76.0,15.1943612133,15.4618485728,25.265178481,0.271709299146,0.276492573806,192,208,255,0,15.4618485728,0.0,0,0
4.0,0.0,77.0,15.0130890415,15.2728850918,24.9863374349,0.271620430113,0.276320722953,192,208,255,0,15.2728850918,0.0,0,0
4.0,0.0,78.0,14.8421539662,15.094596342,24.7211683976,0.271546270287,0.276164857707,192,207,255,0,15.094596342,0.0,0,0
4.0,0.0,79.0,14.6810627162,14.92644125,24.4691379555,0.271486212799,0.27602381952,192,207,255,0,14.92644125,0.0,0,0
4.0,0.0,80.0,14.5295177892,14.768105388,24.2297750954,0.271440762266,0.275898060892,192,207,255,0,14.768105388,0.0,0,0
4.0,0.0,81.0,14.3870862557,14.6191452468,24.0024429497,0.271410036269,0.275787791298,192,207,255,0,14.6191452468,0.0,0,0
4.0,0.0,82.0,14.2534259926,14.4792075733,23.7864436034,0.27139521029,0.275694249665,192,207,255,0,14.4792075733,0.0,0,0
4.0,0.0,83.0,14.1280785179,14.3477989249,23.580849543,0.271397748877,0.275618536848,192,207,255,0,14.3477989249,0.0,0,0
4.0,0.0,84.0,14.0107292434,14.2245660753,23.3852496716,0.271417693207,0.275560168495,192,207,255,0,14.2245660753,0.0,0,0
4.0,0.0,85.0,13.9026877883,14.1108686745,23.2026575803,0.271450907649,0.275515653356,192,207,255,0,14.1108686745,0.0,0,0
4.0,0.0,86.0,13.8222513165,14.0260648755,23.0725267657,0.271445846408,0.275448403067,192,207,255,0,14.0260648755,0.0,0,0
4.0,0.0,87.0,13.7493907126,13.9490054024,22.9517033658,0.271458316045,0.27539936832,192,207,255,0,13.9490054024,0.0,0,0
4.0,0.0,88.0,13.7159966406,13.9136245661,22.89675789,0.271462093382,0.275373474507,192,207,255,0,13.9136245661,0.0,0,0
4.0,0.0,89.0,13.6972973863,13.8935833342,22.8635828989,0.271478406542,0.275368764972,192,207,255,0,13.8935833342,0.0,0,0
4.0,0.0,90.0,13.6864339351,13.8815886396,22.8400314138,0.27151284075,0.275384339232,192,207,255,0,13.8815886396,0.0,0,0
4.0,90.0,0.0,16.357702688,16.759086071,23.1661870409,0.290633223555,0.297764747383,220,225,255,0,16.759086071,0.0,1,0
4.0,90.0,0.25,16.4831798022,16.8560554047,23.2143560859,0.291461239249,0.298054553555,221,225,255,0,16.8560554047,0.0,1,0
4.0,90.0,0.5,16.7400514179,17.0645538114,23.3313875536,0.292986095148,0.29866556929,223,226,255,0,17.0645538114,0.0,1,0
4.0,90.0,0.75,17.1350930204,17.3888711445,23.5225091692,0.295196108157,0.299568089941,227,226,255,0,17.3888711445,0.0,1,0
4.0,90.0,1.0,17.6623183544,17.8228671556,23.7758239782,0.298042819502,0.300752000506,231,227,255,0,17.8228671556,0.0,1,0
4.0,90.0,1.25,18.3110381868,18.3601200103,24.0798576742,0.301411226203,0.302219143943,236,228,255,0,18.3601200103,0.0,1,0
4.0,90.0,1.5,19.0657933118,18.9926069774,24.4274535207,0.305121753954,0.303950507505,242,230,255,0,18.9926069774,0.0,1,0
4.0,90.0,1.75,19.9070762575,19.7093223136,24.8149111559,0.308965879195,0.305896657962,248,231,255,0,19.7093223136,0.0,1,0
4.0,90.0,2.0,20.8131434317,20.4964123842,25.2404530723,0.312744412501,0.30798511866,254,233,255,0,20.4964123842,0.0,1,0
4.0,90.0,2.25,21.7619586814,21.3381534652,25.7029870784,0.316293290949,0.310133608886,255,232,251,0,21.3381534652,0.0,1,0
4.0,90.0,2.5,22.7327420476,22.2181419691,26.2012899748,0.31949469387,0.312262306585,255,229,246,0,22.2181419691,0.0,1,0
4.0,90.0,2.75,23.7069686952,23.1203448238,26.7335517318,0.322276914693,0.314302241348,255,227,242,0,23.1203448238,0.0,1,0
4.0,90.0,3.0,24.6688866893,24.0298913288,27.2971945558,0.324607816096,0.31619953683,255,226,239,0,24.0298913288,0.0,1,0
4.0,90.0,3.25,25.6056549223,24.9335732321,27.8888733485,0.32648571662,0.317916317676,255,225,236,0,24.9335732321,0.0,1,0
4.0,90.0,3.5,26.5072271675,25.8200950623,28.5045916849,0.327930218199,0.319429465564,255,224,234,0,25.8200950623,0.0,1,0
4.0,90.0,3.75,27.3660985769,26.6801427969,29.1398767631,0.328974343193,0.320728306531,255,224,233,0,26.6801427969,0.0,1,0
4.0,90.0,4.0,28.1769773141,27.506316991,29.78997294,0.32965836246,0.321811928777,255,224,232,0,27.506316991,0.0,1,0
4.0,90.0,4.25,28.9364410751,28.2929865484,30.4500283892,0.33002532624,0.32268661138,255,225,231,0,28.2929865484,0.0,1,0
4.0,90.0,4.5,29.6425986049,29.0360904922,31.1152577768,0.330118005021,0.323363561833,255,225,231,0,29.0360904922,0.0,1,0
4.0,90.0,4.75,30.294786616,29.7329267391,31.7810747817,0.329976979664,0.323857087567,255,226,231,0,29.7329267391,0.0,1,0
4.0,90.0,5.0,30.8933039775,30.3819409707,32.4431933043,0.329639551763,0.324183176088,255,226,231,0,30.3819409707,0.0,0,0
4.0,90.0,6.0,32.7785737408,32.4981335187,34.9826394031,0.326937835044,0.324140687133,255,230,235,0,32.4981335187,0.0,0,0
4.0,90.0,7.0,33.9541771975,33.9039374231,37.225327709,0.323116339214,0.322638245107,255,234,240,0,33.9039374231,0.0,0,0
4.0,90.0,8.0,34.5755953158,34.7232804497,39.0862908673,0.319006709035,0.320369304476,255,237,246,0,34.7232804497,0.0,0,0
4.0,90.0,9.0,34.783993401,35.0888833897,40.550664438,0.315005233612,0.317766329528,255,241,252,0,35.0888833897,0.0,0,0
4.0,90.0,10.0,34.6933372514,35.1168137584,41.6437155731,0.311279799571,0.315079367231,252,241,255,0,35.1168137584,0.0,0,0
4.0,90.0,11.0,34.390897187,34.9002216122,42.4091581084,0.307885514156,0.312445255987,246,238,255,0,34.9002216122,0.0,0,0
4.0,90.0,12.0,33.9400967458,34.509013765,42.8911502655,0.304832200941,0.309941916108,242,236,255,0,34.509013765,0.0,0,0
4.0,90.0,13.0,33.4586908645,34.0622659865,43.4366607381,0.30154478432,0.306984475033,236,233,255,0,34.0622659865,0.0,0,0
4.0,90.0,14.0,32.8848186057,33.5092393014,43.5971181729,0.29897687958,0.304653886754,233,231,255,0,33.5092393014,0.0,0,0
4.0,90.0,15.0,32.2313038945,32.8676859921,43.5063787386,0.296774499295,0.302634081612,229,229,255,0,32.8676859921,0.0,0,0
4.0,90.0,16.0,31.5579218925,32.1977984957,43.2959399787,0.294791522003,0.300768791304,226,228,255,0,32.1977984957,0.0,0,0
4.0,90.0,17.0,30.8778565297,31.5150537998,42.9917086528,0.293001548308,0.299047945555,223,226,255,0,31.5150537998,0.0,0,0
4.0,90.0,18.0,30.2005121981,30.8305949337,42.6149248114,0.291381267878,0.297460446441,221,225,255,0,30.8305949337,0.0,0,0
4.0,90.0,19.0,29.5325228455,30.1523666717,42.1828784651,0.289910375288,0.295995163818,219,223,255,0,30.1523666717,0.0,0,0
4.0,90.0,20.0,28.878491489,29.4859565317,41.7095767615,0.288571300613,0.29464145762,217,222,255,0,29.4859565317,0.0,0,0
4.0,90.0,21.0,28.2415302778,28.8352137189,41.2063240444,0.287348887664,0.293389434148,215,221,255,0,28.8352137189,0.0,0,0
4.0,90.0,22.0,27.623655667,28.2027043908,40.682213291,0.286230069604,0.292230041458,213,220,255,0,28.2027043908,0.0,0,0
4.0,90.0,23.0,27.026083857,27.5900532258,40.1445400217,0.285203574761,0.291155087415,212,219,255,0,27.5900532258,0.0,0,0
4.0,90.0,24.0,26.4494426282,26.9981895747,39.5991344045,0.284259664173,0.290157203298,210,219,255,0,26.9981895747,0.0,0,0
4.0,90.0,25.0,25.8939343555,26.4275369303,39.0506415091,0.283389904901,0.289229789286,209,218,255,0,26.4275369303,0.0,0,0
4.0,90.0,26.0,25.3594528084,25.8781492982,38.5027426733,0.282586977692,0.288366947571,208,217,255,0,25.8781492982,0.0,0,0
4.0,90.0,27.0,24.8456726538,25.3498156057,37.9583383327,0.281844516731,0.287563417104,207,216,255,0,25.3498156057,0.0,0,0
4.0,90.0,28.0,24.3521139461,24.8421357038,37.4196947652,0.281156967398,0.286814506273,206,216,255,0,24.8421357038,0.0,0,0
4.0,90.0,29.0,23.8781914059,24.3545779368,36.8885630435,0.28051947422,0.286116032892,205,215,255,0,24.3545779368,0.0,0,0
4.0,90.0,30.0,23.4232517292,23.8865230592,36.3662774269,0.279927782311,0.28546426877,204,215,255,0,23.8865230592,0.0,0,0
4.0,90.0,31.0,22.9866001122,23.437295721,35.8538328453,0.279378155929,0.284855891108,203,214,255,0,23.437295721,0.0,0,0
4.0,90.0,32.0,22.5675202763,23.0061881417,35.3519498596,0.278867305582,0.284287933288,202,214,255,0,23.0061881417,0.0,0,0
4.0,90.0,33.0,22.1652893969,22.5924779869,34.8611273236,0.278392327328,0.283757744564,202,213,255,0,22.5924779869,0.0,0,0
4.0,90.0,34.0,21.7791899186,22.1954422406,34.3816868249,0.2779506516,0.28326295222,201,213,255,0,22.1954422406,0.0,0,0
4.0,90.0,35.0,21.4085174318,21.8143666813,33.9138104015,0.277539990098,0.282801419202,201,213,255,0,21.8143666813,0.0,0,0
4.0,90.0,36.0,21.0525881582,21.4485546049,33.4575739272,0.277158291707,0.282371208196,200,212,255,0,21.4485546049,0.0,0,0
4.0,90.0,37.0,20.7107445106,21.0973328885,33.012980337,0.276803685182,0.281970524433,199,212,255,0,21.0973328885,0.0,0,0
4.0,90.0,38.0,20.586260435,20.9664001659,33.083823806,0.275820339055,0.28091355498,198,211,255,0,20.9664001659,0.0,0,0
4.0,90.0,39.0,20.2667297687,20.6383218811,32.6530246882,0.275520116588,0.280571799979,198,211,255,0,20.6383218811,0.0,0,0
4.0,90.0,40.0,20.04926912,20.4116593075,32.4646501881,0.274927803119,0.279897118336,197,210,255,0,20.4116593075,0.0,0,0
4.0,90.0,41.0,19.7219814725,20.0766933556,31.9759607239,0.274776476688,0.279718499456,197,210,255,0,20.0766933556,0.0,0,0
4.0,90.0,42.0,19.4082335491,19.7556212729,31.5047597349,0.27463724414,0.279552972656,196,210,255,0,19.7556212729,0.0,0,0
4.0,90.0,43.0,19.1103629876,19.4507527892,31.0582223463,0.274497912546,0.279387212139,196,210,255,0,19.4507527892,0.0,0,0
4.0,90.0,44.0,18.833058959,19.1667535851,30.6494525799,0.274337371638,0.279198233957,196,210,255,0,19.1667535851,0.0,0,0
4.0,90.0,45.0,18.5827573375,18.9100466046,30.2958511116,0.274127836329,0.278955919536,196,210,255,0,18.9100466046,0.0,0,0
4.0,90.0,46.0,18.3618572484,18.6830135852,30.0043849566,0.27385624243,0.278646099274,195,209,255,0,18.6830135852,0.0,0,0
4.0,90.0,47.0,18.1644808704,18.479743778,29.7608176537,0.273540686681,0.278288261514,195,209,255,0,18.479743778,0.0,0,0
4.0,90.0,48.0,17.9826196384,18.2922067999,29.5452899262,0.273208566493,0.27791210059,194,209,255,0,18.2922067999,0.0,0,0
4.0,90.0,49.0,17.8110011913,18.1151269944,29.3447692754,0.27287814147,0.277537581051,194,208,255,0,18.1151269944,0.0,0,0
4.0,90.0,50.0,17.6468493139,17.9457311483,29.1525530727,0.272558698244,0.27717498086,193,208,255,0,17.9457311483,0.0,0,0
4.0,90.0,51.0,17.35623378,17.6480109955,28.6414177271,0.272700968103,0.277285368736,194,208,255,0,17.6480109955,0.0,0,0
4.0,90.0,52.0,16.9562020615,17.2341888476,27.9119223337,0.273036561379,0.277512832416,194,208,255,0,17.2341888476,0.0,0,0
4.0,90.0,53.0,16.7816076438,17.0542407375,27.6702623652,0.272844558696,0.277277176699,194,208,255,0,17.0542407375,0.0,0,0
4.0,90.0,54.0,16.6137504112,16.8813105027,27.436029275,0.272664584857,0.277055776458,194,208,255,0,16.8813105027,0.0,0,0
4.0,90.0,55.0,16.4523967095,16.7151533595,27.2090623869,0.272496187518,0.276848148308,193,208,255,0,16.7151533595,0.0,0,0
4.0,90.0,56.0,16.2973217411,16.5555320178,26.9892133724,0.27233888337,0.276653745625,193,208,255,0,16.5555320178,0.0,0,0
4.0,90.0,57.0,16.1483095459,16.4022177123,26.7763383013,0.272192191406,0.276472009057,193,208,255,0,16.4022177123,0.0,0,0
4.0,90.0,58.0,16.0051537703,16.2549914078,26.5702963955,0.27205564572,0.276302386536,193,207,255,0,16.2549914078,0.0,0,0
4.0,90.0,59.0,15.8676576419,16.1136441322,26.370948196,0.271928805659,0.276144349883,192,207,255,0,16.1136441322,0.0,0,0
4.0,90.0,60.0,15.7356338218,15.9779769586,26.1781558245,0.271811256498,0.275997398173,192,207,255,0,15.9779769586,0.0,0,0
4.0,90.0,61.0,15.6089038062,15.8478004182,25.9917813828,0.271702615677,0.27586106493,192,207,255,0,15.8478004182,0.0,0,0
4.0,90.0,62.0,15.4872982709,15.7229350081,25.8116890824,0.271602528108,0.275734916624,192,207,255,0,15.7229350081,0.0,0,0
4.0,90.0,63.0,15.3706553292,15.6032092393,25.6377431452,0.271510666274,0.275618550143,192,207,255,0,15.6032092393,0.0,0,0
4.0,90.0,64.0,15.2588215949,15.488460826,25.4698097413,0.271426731765,0.275511596746,192,207,255,0,15.488460826,0.0,0,0
4.0,90.0,65.0,15.1516515146,15.3785359183,25.3077569852,0.271350453039,0.275413718728,192,207,255,0,15.3785359183,0.0,0,0
4.0,90.0,66.0,15.0490059324,15.2732876894,25.1514538711,0.271281581154,0.275324606317,192,207,255,0,15.2732876894,0.0,0,0
4.0,90.0,67.0,14.9507527048,15.17257682,25.0007714587,0.271219891809,0.275243977667,191,207,255,0,15.17257682,0.0,0,0
4.0,90.0,68.0,14.856766338,15.0762711749,24.855583114,0.271165182989,0.275171577645,191,207,255,0,15.0762711749,0.0,0,0
4.0,90.0,69.0,14.7669270509,14.9842448008,24.7157636256,0.271117273654,0.275107175931,191,206,255,0,14.9842448008,0.0,0,0
4.0,90.0,70.0,14.6811216152,14.896378766,24.5811916543,0.271076000239,0.27505056356,191,206,255,0,14.896378766,0.0,0,0
4.0,90.0,71.0,14.5992415588,14.8125592507,24.451746426,0.271041220048,0.275001555057,191,206,255,0,14.8125592507,0.0,0,0
4.0,90.0,72.0,14.5211840698,14.7326784986,24.3273107048,0.271012805108,0.274959983118,191,206,255,0,14.7326784986,0.0,0,0
4.0,90.0,73.0,14.4468519613,14.6566347595,24.2077711128,0.270990641533,0.274925697782,191,206,255,0,14.6566347595,0.0,0,0
4.0,90.0,74.0,14.3761531152,14.5843315931,24.0930172943,0.27097463075,0.27489856546,191,206,255,0,14.5843315931,0.0,0,0
4.0,90.0,75.0,14.3090009014,14.5156784259,23.9829439194,0.270964683159,0.274878465143,191,206,255,0,14.5156784259,0.0,0,0
4.0,90.0,76.0,14.2453140072,14.4505902226,23.8774515107,0.270960713969,0.274865281454,191,206,255,0,14.4505902226,0.0,0,0
4.0,90.0,77.0,14.0686202778,14.2742775779,23.4661975993,0.271547305627,0.275516826776,192,207,255,0,14.2742775779,0.0,0,0
4.0,90.0,78.0,14.0174423626,14.2217690509,23.3854233344,0.271526228341,0.275484158298,192,207,255,0,14.2217690509,0.0,0,0
4.0,90.0,79.0,13.9698755134,14.1729644867,23.3098394857,0.271509193555,0.275456295538,192,207,255,0,14.1729644867,0.0,0,0
4.0,90.0,80.0,13.9258557464,14.1277973487,23.2393586535,0.271496160425,0.275433180215,192,207,255,0,14.1277973487,0.0,0,0
4.0,90.0,81.0,13.8853283675,14.0862107496,23.1739107768,0.271487070625,0.275414739314,192,207,255,0,14.0862107496,0.0,0,0
4.0,90.0,82.0,13.8482512456,14.0481606211,23.1134505224,0.271481838943,0.275400872755,192,207,255,0,14.0481606211,0.0,0,0
4.0,90.0,83.0,13.8146010946,14.0136222828,23.0579717496,0.271480330964,0.275391434707,192,207,255,0,14.0136222828,0.0,0,0
4.0,90.0,84.0,13.7843811833,13.9825982862,23.0075258849,0.271482333252,0.275386203935,192,207,255,0,13.9825982862,0.0,0,0
4.0,90.0,85.0,13.7576400365,13.9551377308,22.9622623527,0.271487501616,0.27538483833,192,207,255,0,13.9551377308,0.0,0,0
4.0,90.0,86.0,13.7345006832,13.9313664866,22.9224915611,0.271495281282,0.275386805109,192,207,255,0,13.9313664866,0.0,0,0
4.0,90.0,87.0,13.715217079,13.9115456784,22.8887999533,0.271504786704,0.27539128403,192,207,255,0,13.9115456784,0.0,0,0
4.0,90.0,88.0,13.7002643618,13.8961655546,22.8622316251,0.271514620944,0.275397030561,192,207,255,0,13.8961655546,0.0,0,0
4.0,90.0,89.0,13.6904335764,13.886044224,22.8444642548,0.271522764516,0.275402316142,192,207,255,0,13.886044224,0.0,0,0
4.0,90.0,90.0,13.686433935,13.8815886395,22.8400314137,0.27151284075,0.275384339232,192,207,255,0,13.8815886395,0.0,0,0
4.0,180.0,0.0,9.12727127418,9.31144413013,15.1457793308,0.271770391253,0.27725425687,192,208,255,0,9.31144413013,0.0,1,0
4.0,180.0,0.25,9.98019364502,10.2003503838,16.7412542765,0.270306271718,0.276269056545,190,208,255,0,10.2003503838,0.0,1,0
4.0,180.0,0.5,10.1844230176,10.4136082552,17.1835930283,0.269560221562,0.275626271974,189,207,255,0,10.4136082552,0.0,1,0
4.0,180.0,0.75,10.265909936,10.5027945722,17.3572680557,0.26926289995,0.27547610896,188,207,255,0,10.5027945722,0.0,1,0
4.0,180.0,1.0,10.3263971998,10.5732577683,17.4808721334,0.269053032349,0.275484954657,188,207,255,0,10.5732577683,0.0,1,0
4.0,180.0,1.25,10.3834151163,10.6427581893,17.6010247253,0.268810984115,0.275524985809,188,207,255,0,10.6427581893,0.0,1,0
4.0,180.0,1.5,10.4391992721,10.713252428,17.7283743321,0.268492219365,0.275540761894,187,207,255,0,10.713252428,0.0,1,0
4.0,180.0,1.75,10.4928874101,10.7834122542,17.864719625,0.268079053654,0.275501569709,186,207,255,0,10.7834122542,0.0,1,0
4.0,180.0,2.0,10.5431195578,10.8513145967,18.0093465806,0.267566191902,0.275387650481,186,207,255,0,10.8513145967,0.0,1,0
4.0,180.0,2.25,10.5886799936,10.9151485538,18.1607875542,0.266955312678,0.275186038,185,207,255,0,10.9151485538,0.0,1,0
4.0,180.0,2.5,10.6289995957,10.973806809,18.3178054505,0.266253424027,0.274890746885,184,207,255,0,10.973806809,0.0,1,0
4.0,180.0,2.75,10.6820383065,11.0459220649,18.5087912506,0.265479639283,0.274523206263,182,207,255,0,11.0459220649,0.0,1,0
4.0,180.0,3.0,10.7424274633,11.1245860538,18.7422780209,0.264531269975,0.273941889466,181,206,255,0,11.1245860538,0.0,1,0
4.0,180.0,3.25,10.7703483291,11.1686064199,18.9222882966,0.263583472414,0.27333006995,179,206,255,0,11.1686064199,0.0,1,0
4.0,180.0,3.5,10.795209173,11.2081771469,19.107848273,0.262585380368,0.27263051713,178,205,255,0,11.2081771469,0.0,1,0
4.0,180.0,3.75,10.8153744,11.2413863765,19.2935525976,0.261554835199,0.271857344219,176,205,255,0,11.2413863765,0.0,1,0
4.0,180.0,4.0,10.831183874,11.2679570858,19.4760517229,0.260520353006,0.271025973873,175,204,255,0,11.2679570858,0.0,1,0
4.0,180.0,4.25,10.8467003923,11.2902069959,19.6531966436,0.259551887788,0.270164606131,173,204,255,0,11.2902069959,0.0,1,0
4.0,180.0,4.5,10.8706865343,11.3137448993,19.8235205008,0.25877687518,0.269323886987,172,203,255,0,11.3137448993,0.0,1,0
4.0,180.0,4.75,10.9182563441,11.3487570973,19.9866341006,0.258397960396,0.268586447738,172,203,255,0,11.3487570973,0.0,1,0
4.0,180.0,5.0,10.9830410923,11.3959957569,20.1528228796,0.258230915891,0.267940217747,171,202,255,0,11.3959957569,0.0,0,0
4.0,180.0,6.0,11.7181882194,11.9063189201,20.7653167071,0.263983661208,0.268221810504,181,201,255,0,11.9063189201,0.0,0,0
4.0,180.0,7.0,13.0768805119,12.9358954254,21.3217738673,0.276265023454,0.273286541835,200,204,255,0,12.9358954254,0.0,0,0
4.0,180.0,8.0,14.7310001876,14.3156167236,21.925897888,0.288998889806,0.280849724209,218,209,255,0,14.3156167236,0.0,0,0
4.0,180.0,9.0,16.5892046937,15.9499923042,22.6460770002,0.300609265694,0.289026241036,235,216,255,0,15.9499923042,0.0,0,0
4.0,180.0,10.0,18.254261672,17.5319616105,23.4966773664,0.307917822377,0.295733869609,246,221,255,0,17.5319616105,0.0,0,0
4.0,180.0,11.0,19.8024362812,19.0582634838,24.4539687069,0.31276222018,0.301008659506,253,226,255,0,19.0582634838,0.0,0,0
4.0,180.0,12.0,21.1961513635,20.4685084054,25.4707147732,0.315722545797,0.304884102383,255,227,252,0,20.4685084054,0.0,0,0
4.0,180.0,13.0,22.4245961734,21.7366580966,26.5068847611,0.317322579608,0.307587809649,255,228,250,0,21.7366580966,0.0,0,0
4.0,180.0,14.0,23.4818418553,22.8463105524,27.5255430028,0.317950804287,0.309345530043,255,228,249,0,22.8463105524,0.0,0,0
4.0,180.0,15.0,24.2102167183,23.679758594,28.4727248319,0.317042439209,0.310095878607,255,230,250,0,23.679758594,0.0,0,0
4.0,180.0,16.0,25.0915716555,24.6154719205,29.7806191176,0.315666240587,0.30967663517,255,232,252,0,24.6154719205,0.0,0,0
4.0,180.0,17.0,25.5457823803,25.1694568785,30.5898605056,0.314196556604,0.309567996982,255,234,254,0,25.1694568785,0.0,0,0
4.0,180.0,18.0,25.8893210202,25.6015305257,31.3354272207,0.312573755645,0.3090991278,253,234,255,0,25.6015305257,0.0,0,0
4.0,180.0,19.0,26.1092294151,25.9063609517,31.9516105841,0.310945573027,0.308529528891,251,234,255,0,25.9063609517,0.0,0,0
4.0,180.0,20.0,26.4067848902,26.2283043619,32.4835658718,0.310234987286,0.308138143439,250,234,255,0,26.2283043619,0.0,0,0
4.0,180.0,21.0,26.4684092555,26.3581329507,32.9291413447,0.308649038286,0.307363102471,247,233,255,0,26.3581329507,0.0,0,0
4.0,180.0,22.0,26.4632387968,26.4138887871,33.2921987669,0.307107411854,0.306534702147,245,232,255,0,26.4138887871,0.0,0,0
4.0,180.0,23.0,26.3988029877,26.4033838812,33.5768257465,0.305615938274,0.305668970757,243,231,255,0,26.4033838812,0.0,0,0
4.0,180.0,24.0,26.2897136266,26.3428483567,33.7984089877,0.304170060005,0.304784824939,240,231,255,0,26.3428483567,0.0,0,0
4.0,180.0,25.0,26.2861733186,26.3348819075,33.9540190925,0.30362287905,0.304185495823,240,230,255,0,26.3348819075,0.0,0,0
4.0,180.0,26.0,26.1038585694,26.1894378738,34.0521797211,0.302318774868,0.30330990154,238,229,255,0,26.1894378738,0.0,0,0
4.0,180.0,27.0,25.8950660599,26.0134601674,34.103310046,0.301063983539,0.30244046976,236,229,255,0,26.0134601674,0.0,0,0
4.0,180.0,28.0,25.6589669871,25.8052157618,34.0998405406,0.299880323536,0.301589555629,234,228,255,0,25.8052157618,0.0,0,0
4.0,180.0,29.0,25.4038194281,25.5746462443,34.0578994802,0.298740655042,0.300749522848,232,227,255,0,25.5746462443,0.0,0,0
4.0,180.0,30.0,25.1338115924,25.3264230178,33.9799074353,0.297652407771,0.299933448764,231,226,255,0,25.3264230178,0.0,0,0
4.0,180.0,31.0,24.8507044753,25.0624351996,33.8676871085,0.296615650972,0.29914284881,229,226,255,0,25.0624351996,0.0,0,0
4.0,180.0,32.0,24.5552779649,24.7833342931,33.7267183684,0.295614039934,0.298359545508,227,225,255,0,24.7833342931,0.0,0,0
4.0,180.0,33.0,24.2505647201,24.492657946,33.5603013738,0.29464795102,0.29758941955,226,224,255,0,24.492657946,0.0,0,0
4.0,180.0,34.0,23.9388409954,24.1928391384,33.3677560966,0.293730142227,0.296846705418,225,224,255,0,24.1928391384,0.0,0,0
4.0,180.0,35.0,23.6227853107,23.8866663188,33.1563645867,0.292847533426,0.296118820081,223,223,255,0,23.8866663188,0.0,0,0
4.0,180.0,36.0,23.4234761177,23.6596242776,32.9311297895,0.292741379423,0.295692706447,223,223,255,0,23.6596242776,0.0,0,0
4.0,180.0,37.0,23.1041679109,23.3476010671,32.6880532052,0.29194111477,0.295017102933,222,222,255,0,23.3476010671,0.0,0,0
4.0,180.0,38.0,22.7849161087,23.0347346525,32.4313619712,0.291177268039,0.29436979597,221,222,255,0,23.0347346525,0.0,0,0
4.0,180.0,39.0,22.4654924778,22.7205377627,32.1638144434,0.290440046384,0.293737341756,220,221,255,0,22.7205377627,0.0,0,0
4.0,180.0,40.0,22.2649601587,22.5250003047,32.2086309708,0.289160616369,0.292537822902,218,220,255,0,22.5250003047,0.0,0,0
4.0,180.0,41.0,21.9307175742,22.1937105364,31.8824800804,0.28853584623,0.291995965427,217,220,255,0,22.1937105364,0.0,0,0
4.0,180.0,42.0,21.6177751829,21.8807511979,31.5980351563,0.287866378173,0.291368216467,216,219,255,0,21.8807511979,0.0,0,0
4.0,180.0,43.0,21.2842444019,21.5491279789,31.251300896,0.287296190433,0.290871607119,215,219,255,0,21.5491279789,0.0,0,0
4.0,180.0,44.0,20.9525941113,21.2188127467,30.8960953499,0.286756676747,0.290400138304,214,218,255,0,21.2188127467,0.0,0,0
4.0,180.0,45.0,20.6243278298,20.8915649552,30.5367644155,0.286239656261,0.289948570489,213,218,255,0,20.8915649552,0.0,0,0
4.0,180.0,46.0,20.2987921657,20.5666276359,30.1718703318,0.28574840239,0.289518752718,213,218,255,0,20.5666276359,0.0,0,0
4.0,180.0,47.0,19.9752759305,20.2429014384,29.7999886807,0.285287048455,0.28910927807,212,217,255,0,20.2429014384,0.0,0,0
4.0,180.0,48.0,19.6699446984,19.9370019487,29.4621343751,0.284786541348,0.288653065216,211,217,255,0,19.9370019487,0.0,0,0
4.0,180.0,49.0,19.4084204176,19.6747801454,29.2227472124,0.284139537619,0.288039047641,210,217,255,0,19.6747801454,0.0,0,0
4.0,180.0,50.0,19.1555504429,19.4208507004,28.9940203539,0.283490172453,0.287416450424,209,216,255,0,19.4208507004,0.0,0,0
4.0,180.0,51.0,18.9176915859,19.1809940846,28.7966834659,0.282795234261,0.286731269029,208,216,255,0,19.1809940846,0.0,0,0
4.0,180.0,52.0,18.6854046797,18.946392609,28.6022042695,0.282111970289,0.28605236228,207,215,255,0,18.946392609,0.0,0,0
4.0,180.0,53.0,18.4559759517,18.714483196,28.4032173795,0.281454036576,0.2853962777,206,214,255,0,18.714483196,0.0,0,0
4.0,180.0,54.0,18.2299651653,18.4858633544,28.2008454145,0.280820998065,0.284762946622,205,214,255,0,18.4858633544,0.0,0,0
4.0,180.0,55.0,18.0081311898,18.2615111817,27.9973791962,0.280207962817,0.284150575773,205,213,255,0,18.2615111817,0.0,0,0
4.0,180.0,56.0,17.7905866987,18.0413591574,27.793431719,0.279614634549,0.283556025047,204,213,255,0,18.0413591574,0.0,0,0
4.0,180.0,57.0,17.4591745936,17.7069115058,27.2983801053,0.279505703873,0.283471749327,204,213,255,0,17.7069115058,0.0,0,0
4.0,180.0,58.0,17.2413609207,17.4861468939,27.0725065033,0.27898635803,0.28294729519,203,213,255,0,17.4861468939,0.0,0,0
4.0,180.0,59.0,17.004661757,17.2494358247,26.7530715062,0.278732188548,0.282744406642,202,212,255,0,17.2494358247,0.0,0,0
4.0,180.0,60.0,16.7963077604,17.0383474062,26.5273289776,0.278259702668,0.282269505348,202,212,255,0,17.0383474062,0.0,0,0
4.0,180.0,61.0,16.5938366602,16.8331699654,26.3057759332,0.277801166283,0.281807899186,201,212,255,0,16.8331699654,0.0,0,0
4.0,180.0,62.0,16.3973289879,16.6339838409,26.0887947059,0.277356210461,0.281359160776,200,211,255,0,16.6339838409,0.0,0,0
4.0,180.0,63.0,16.276430917,16.4899944472,25.8784259438,0.277542368238,0.28118400984,201,211,255,0,16.4899944472,0.0,0,0
4.0,180.0,64.0,16.0914977676,16.3027114319,25.6717983218,0.277124232481,0.280761707716,200,211,255,0,16.3027114319,0.0,0,0
4.0,180.0,65.0,15.9129413879,16.1218542439,25.470974616,0.2767190374,0.280351939892,200,210,255,0,16.1218542439,0.0,0,0
4.0,180.0,66.0,15.7406096537,15.947283138,25.275900054,0.276326572852,0.279954728106,199,210,255,0,15.947283138,0.0,0,0
4.0,180.0,67.0,15.5746624496,15.7791905341,25.0867747518,0.275947718416,0.279571492507,198,210,255,0,15.7791905341,0.0,0,0
4.0,180.0,68.0,15.415490751,15.6179837962,24.9047495025,0.275580625108,0.279200565651,198,210,255,0,15.6179837962,0.0,0,0
4.0,180.0,69.0,15.2633655783,15.4640079406,24.7304211578,0.275224892502,0.278842821479,197,209,255,0,15.4640079406,0.0,0,0
4.0,180.0,70.0,15.1179203781,15.3167898795,24.5630775035,0.274882336064,0.278498290623,197,209,255,0,15.3167898795,0.0,0,0
4.0,180.0,71.0,14.9789149089,15.176011046,24.4021800712,0.274554792215,0.278167449695,196,209,255,0,15.176011046,0.0,0,0
4.0,180.0,72.0,14.8462841263,15.0416673407,24.2473017567,0.274244290776,0.277853458606,196,209,255,0,15.0416673407,0.0,0,0
4.0,180.0,73.0,14.7206245959,14.9144195837,24.1000467723,0.273948072575,0.277554561078,195,208,255,0,14.9144195837,0.0,0,0
4.0,180.0,74.0,14.6017811761,14.7940790584,23.9603969976,0.273665769182,0.277269805378,195,208,255,0,14.7940790584,0.0,0,0
4.0,180.0,75.0,14.4899897456,14.680928118,23.8287506598,0.273397742841,0.277000376172,195,208,255,0,14.680928118,0.0,0,0
4.0,180.0,76.0,14.3853152853,14.5750642051,23.7051235405,0.273144932783,0.276747839976,194,208,255,0,14.5750642051,0.0,0,0
4.0,180.0,77.0,14.28777087,14.4764876222,23.5896006857,0.272907691894,0.276512330696,194,208,255,0,14.4764876222,0.0,0,0
4.0,180.0,78.0,14.1973954068,14.3852451846,23.4822949974,0.272686314623,0.276294304831,194,207,255,0,14.3852451846,0.0,0,0
4.0,180.0,79.0,14.1143034977,14.3014678425,23.3834236468,0.272481136072,0.276094403516,193,207,255,0,14.3014678425,0.0,0,0
4.0,180.0,80.0,14.0386201179,14.2252685531,23.2932137547,0.272292651399,0.275912878805,193,207,255,0,14.2252685531,0.0,0,0
4.0,180.0,81.0,13.9276920963,14.1174248516,23.0733798478,0.272458952617,0.27617057888,193,207,255,0,14.1174248516,0.0,0,0
4.0,180.0,82.0,13.8698334645,14.0592402667,23.010069112,0.272282427429,0.276000723255,193,207,255,0,14.0592402667,0.0,0,0
4.0,180.0,83.0,13.8252840213,14.0174131867,22.9416304199,0.272235247901,0.276018485259,193,207,255,0,14.0174131867,0.0,0,0
4.0,180.0,84.0,13.7824092157,13.9744068231,22.8982626413,0.272083462801,0.275873756141,193,207,255,0,13.9744068231,0.0,0,0
4.0,180.0,85.0,13.7470219683,13.9390514231,22.8641425904,0.271947838428,0.275746624468,193,207,255,0,13.9390514231,0.0,0,0
4.0,180.0,86.0,13.719288574,13.9115570791,22.8396661952,0.271827807398,0.275637329,192,207,255,0,13.9115570791,0.0,0,0
4.0,180.0,87.0,13.6995002811,13.8922456453,22.8253642671,0.271723234999,0.275546249914,192,207,255,0,13.8922456453,0.0,0,0
4.0,180.0,88.0,13.6875006198,13.8809006278,22.8208022209,0.27163558218,0.275473706118,192,207,255,0,13.8809006278,0.0,0,0
4.0,180.0,89.0,13.6833315355,13.8775758686,22.8261160818,0.271564593199,0.275419639989,192,207,255,0,13.8775758686,0.0,0,0
4.0,180.0,90.0,13.686433935,13.8815886395,22.8400314137,0.27151284075,0.275384339232,192,207,255,0,13.8815886395,0.0,0,0
6.0,0.0,0.0,6.77348313604,6.99999705898,8.4052823771,0.305404014945,0.315617115077,243,241,255,0,6.99999705898,0.0,1,0
6.0,0.0,0.25,6.88161874734,6.93012572512,7.95762044555,0.316114814247,0.318343036245,255,240,251,0,6.93012572512,0.0,1,0
6.0,0.0,0.5,7.56361140975,7.3457408782,7.88507113755,0.331818500892,0.32226043805,255,222,229,0,7.3457408782,0.0,1,0
6.0,0.0,0.75,8.68341686539,8.11597251145,7.94819207167,0.350879413548,0.327950128312,255,205,206,0,8.11597251145,0.0,1,0
6.0,0.0,1.0,10.1460063415,9.19547430057,8.09324269918,0.369823534042,0.335176490981,255,192,186,0,9.19547430057,0.0,1,0
6.0,0.0,1.25,11.8475087017,10.5309392214,8.31680137877,0.385972063142,0.343080426481,255,184,170,0,10.5309392214,0.0,1,0
6.0,0.0,1.5,13.6533459264,12.0371683199,8.62579839961,0.397867511794,0.350771029631,255,179,159,0,12.0371683199,0.0,1,0
6.0,0.0,1.75,15.437325437,13.619750111,9.02644566334,0.405354466866,0.357628435548,255,178,151,0,13.619750111,0.0,1,0
6.0,0.0,2.0,17.1212999563,15.2037041484,9.52009085431,0.409159065671,0.363333006252,255,179,146,0,15.2037041484,0.0,1,0
6.0,0.0,2.25,18.7384644234,16.7750708678,10.1024049036,0.410787640097,0.367745809823,255,180,144,0,16.7750708678,0.0,1,0
6.0,0.0,2.5,20.094696953,18.1992607582,10.7624296786,0.40962447547,0.370986567225,255,183,143,0,18.1992607582,0.0,1,0
6.0,0.0,2.75,21.2439397969,19.4809688426,11.4855319766,0.40689064383,0.373124007626,255,187,145,0,19.4809688426,0.0,1,0
6.0,0.0,3.0,22.1860139159,20.6031482046,12.2552486424,0.403056615711,0.37430045883,255,190,147,0,20.6031482046,0.0,1,0
6.0,0.0,3.25,23.0591412283,21.6350387833,13.0552460971,0.399296456815,0.374636429158,255,194,150,0,21.6350387833,0.0,1,0
6.0,0.0,3.5,23.6403968706,22.4394936736,13.865561059,0.394365147619,0.374331881293,255,197,154,0,22.4394936736,0.0,1,0
6.0,0.0,3.75,24.1711761517,23.1525286401,14.6712471088,0.389889425036,0.373458288624,255,201,158,0,23.1525286401,0.0,1,0
6.0,0.0,4.0,24.4515960966,23.6589529857,15.4581784553,0.384648191709,0.372179118604,255,204,163,0,23.6589529857,0.0,1,0
6.0,0.0,4.25,24.7144367978,24.0955933757,16.2166075658,0.380066349069,0.370549581116,255,207,168,0,24.0955933757,0.0,1,0
6.0,0.0,4.5,24.7632064159,24.3520530655,16.9375375256,0.374900194057,0.368675577249,255,211,173,0,24.3520530655,0.0,1,0
6.0,0.0,4.75,24.8252208703,24.5636296773,17.6117505542,0.370522360428,0.366618049291,255,214,177,0,24.5636296773,0.0,1,0
6.0,0.0,5.0,24.7009598915,24.6184186813,18.2354754422,0.365643005994,0.364421166181,255,217,183,0,24.6184186813,0.0,0,0
6.0,0.0,6.0,23.8596376056,24.2585463004,20.2570194623,0.348951614478,0.354785727944,255,228,203,0,24.2585463004,0.0,0,0
6.0,0.0,7.0,22.5957289841,23.2389386229,21.3916567626,0.336114300402,0.345682124388,255,236,220,0,23.2389386229,0.0,0,0
6.0,0.0,8.0,21.1830573676,21.9346470674,22.1458283159,0.324577240532,0.336093468172,255,244,236,0,21.9346470674,0.0,0,0
6.0,0.0,9.0,19.6710912644,20.4598520437,22.120019316,0.315996579573,0.328667239529,255,249,250,0,20.4598520437,0.0,0,0
6.0,0.0,10.0,18.2112124602,18.9913721055,21.7539653624,0.308892099052,0.32212488907,248,248,255,0,18.9913721055,0.0,0,0
6.0,0.0,11.0,16.8567694459,17.6050597542,21.1859051738,0.302919240748,0.316366154926,239,242,255,0,17.6050597542,0.0,0,0
6.0,0.0,12.0,15.6114666307,16.3164173679,20.4863925602,0.297847602898,0.311297196854,231,237,255,0,16.3164173679,0.0,0,0
6.0,0.0,13.0,14.4807490773,15.1388771875,19.7232374736,0.29347200345,0.306809861457,224,233,255,0,15.1388771875,0.0,0,0
6.0,0.0,14.0,13.4981758255,14.0897480915,18.9245091142,0.290205756737,0.302924340296,219,230,255,0,14.0897480915,0.0,0,0
6.0,0.0,15.0,12.5697429746,13.1175016359,18.1363187474,0.286826127578,0.299325308825,214,227,255,0,13.1175016359,0.0,0,0
6.0,0.0,16.0,11.7734903614,12.2670267214,17.3672094499,0.284330760158,0.296249703826,210,224,255,0,12.2670267214,0.0,0,0
6.0,0.0,17.0,11.0144090713,11.4722568588,16.6269798379,0.281600164216,0.293305741092,206,222,255,0,11.4722568588,0.0,0,0
6.0,0.0,18.0,10.3537695901,10.7650191205,15.9034565398,0.279663470437,0.29077164412,203,220,255,0,10.7650191205,0.0,0,0
6.0,0.0,19.0,9.7228940954,10.1043922151,15.2206471829,0.277417043639,0.288302082546,200,218,255,0,10.1043922151,0.0,0,0
6.0,0.0,20.0,9.18335755029,9.52825471488,14.5785578944,0.275857933626,0.286218264106,197,216,255,0,9.52825471488,0.0,0,0
6.0,0.0,21.0,8.68658849704,8.99894524336,13.9710729525,0.274400493436,0.28426752528,195,214,255,0,8.99894524336,0.0,0,0
6.0,0.0,22.0,8.20650448435,8.49846974702,13.398808297,0.272607087718,0.28230571155,193,213,255,0,8.49846974702,0.0,0,0
6.0,0.0,23.0,7.79209402864,8.05756593453,12.8604334696,0.271406083958,0.280652724221,191,211,255,0,8.05756593453,0.0,0,0
6.0,0.0,24.0,7.41028325533,7.65253901103,12.3551617442,0.270270901481,0.279106553132,189,210,255,0,7.65253901103,0.0,0,0
6.0,0.0,25.0,7.03119858336,7.25832928225,11.8667500925,0.268814951219,0.277498552886,187,209,255,0,7.25832928225,0.0,0,0
6.0,0.0,26.0,6.70441063621,6.91132733553,11.4108527301,0.26789148854,0.27615936257,186,208,255,0,6.91132733553,0.0,0,0
6.0,0.0,27.0,6.40158968414,6.5906982609,10.9834848925,0.267002433144,0.274889919318,185,207,255,0,6.5906982609,0.0,0,0
6.0,0.0,28.0,6.11979615283,6.29298147995,10.5802606924,0.266158654906,0.273690731558,184,206,255,0,6.29298147995,0.0,0,0
6.0,0.0,29.0,5.84016101553,6.00481761965,10.1982998097,0.264940672511,0.272410369205,182,205,255,0,6.00481761965,0.0,0,0
6.0,0.0,30.0,5.57619906821,5.72283134814,9.80515239905,0.264222458504,0.271170478298,181,204,255,0,5.72283134814,0.0,0,0
6.0,0.0,31.0,5.35200642049,5.48714709767,9.46923225397,0.263536771486,0.27019119881,180,203,255,0,5.48714709767,0.0,0,0
6.0,0.0,32.0,5.080848992,5.1909343909,9.09059640531,0.262408291107,0.268093821508,178,202,255,0,5.1909343909,0.0,0,0
6.0,0.0,33.0,4.89129350974,4.99369643179,8.79681764947,0.26182121221,0.267302636935,178,201,255,0,4.99369643179,0.0,0,0
6.0,0.0,34.0,4.69979491963,4.79999359763,8.51700881575,0.260856290536,0.266417693939,176,200,255,0,4.79999359763,0.0,0,0
6.0,0.0,35.0,4.53230899361,4.62567136767,8.2469775407,0.260403329852,0.265767455096,176,200,255,0,4.62567136767,0.0,0,0
6.0,0.0,36.0,4.3745472495,4.46210577426,7.99072147215,0.259966119525,0.265169457977,175,199,255,0,4.46210577426,0.0,0,0
6.0,0.0,37.0,4.22597228686,4.30847195968,7.74736290399,0.259551795927,0.26461878094,174,199,255,0,4.30847195968,0.0,0,0
6.0,0.0,38.0,4.08502940923,4.16260390529,7.51533222852,0.259153609013,0.264074922572,174,199,255,0,4.16260390529,0.0,0,0
6.0,0.0,39.0,3.95139731125,4.02418809836,7.29559108006,0.258748716179,0.263515263613,173,198,255,0,4.02418809836,0.0,0,0
6.0,0.0,40.0,3.81543773374,3.88705011886,7.09277316934,0.25788242114,0.262722645656,172,198,255,0,3.88705011886,0.0,0,0
6.0,0.0,41.0,3.7031939996,3.7687314395,6.92777915557,0.257171525656,0.261722830126,171,197,255,0,3.7687314395,0.0,0,0
6.0,0.0,42.0,3.59723976254,3.65702331105,6.77399692947,0.256428078875,0.260689729892,170,196,255,0,3.65702331105,0.0,0,0
6.0,0.0,43.0,3.49685081735,3.55135940627,6.62678848761,0.255711235605,0.259697238827,169,195,255,0,3.55135940627,0.0,0,0
6.0,0.0,44.0,3.4011651058,3.45072550122,6.48446541191,0.25502956737,0.258745754562,168,195,255,0,3.45072550122,0.0,0,0
6.0,0.0,45.0,3.31054347731,3.35563418391,6.34820084795,0.254375840919,0.257840524735,167,194,255,0,3.35563418391,0.0,0,0
6.0,0.0,46.0,3.22438700666,3.26544953137,6.21693866925,0.25375336811,0.256984913804,166,193,255,0,3.26544953137,0.0,0,0
6.0,0.0,47.0,3.11261623109,3.15192343053,6.03968070489,0.252971430808,0.256166041947,165,193,255,0,3.15192343053,0.0,0,0
6.0,0.0,48.0,3.03342717036,3.06908668048,5.91535206426,0.252409803187,0.255377011373,164,192,255,0,3.06908668048,0.0,0,0
6.0,0.0,49.0,2.87893423546,2.90899816674,5.61216140177,0.252536012858,0.255173178113,165,192,255,0,2.90899816674,0.0,0,0
6.0,0.0,50.0,2.80092889557,2.82767091984,5.48397911419,0.252050303833,0.254456768114,164,192,255,0,2.82767091984,0.0,0,0
6.0,0.0,51.0,2.72635058392,2.74996742518,5.36067344585,0.251578179724,0.253757459956,163,191,255,0,2.74996742518,0.0,0,0
6.0,0.0,52.0,2.65497330158,2.67560658718,5.24176513189,0.251124352865,0.253075980963,163,191,255,0,2.67560658718,0.0,0,0
6.0,0.0,53.0,2.58640572223,2.60411929914,5.12649763811,0.250693034957,0.252409962166,162,190,255,0,2.60411929914,0.0,0,0
6.0,0.0,54.0,2.52138467947,2.5365188196,5.01700025035,0.25026389752,0.251766059775,162,190,255,0,2.5365188196,0.0,0,0
6.0,0.0,55.0,2.45921188934,2.47194673931,4.91205421069,0.249838333223,0.251132102867,161,189,255,0,2.47194673931,0.0,0,0
6.0,0.0,56.0,2.39969430073,2.41019141553,4.81107205709,0.249423639232,0.25051470678,160,189,255,0,2.41019141553,0.0,0,0
6.0,0.0,57.0,2.33648934661,2.34690635937,4.71378583529,0.248637246855,0.249745772077,159,188,255,0,2.34690635937,0.0,0,0
6.0,0.0,58.0,2.28223119669,2.29059681062,4.62020096209,0.248256717594,0.249166712979,159,188,255,0,2.29059681062,0.0,0,0
6.0,0.0,59.0,2.23018099034,2.2366215398,4.52999453718,0.247886105873,0.248601977244,158,187,255,0,2.2366215398,0.0,0,0
6.0,0.0,60.0,2.18034859996,2.18498100162,4.44318735814,0.247527320425,0.24805322072,158,187,255,0,2.18498100162,0.0,0,0
6.0,0.0,61.0,2.13248829432,2.13542259192,4.35933279572,0.24718071877,0.247520838711,157,187,255,0,2.13542259192,0.0,0,0
6.0,0.0,62.0,2.08650121569,2.08781937147,4.2783399623,0.24684549953,0.247001445196,157,186,255,0,2.08781937147,0.0,0,0
6.0,0.0,63.0,2.04221681459,2.04198753084,4.19999196126,0.246519606608,0.246491929361,157,186,255,0,2.04198753084,0.0,0,0
6.0,0.0,64.0,1.99956324944,1.99786575878,4.12410414535,0.246205145215,0.245996134104,156,185,255,0,1.99786575878,0.0,0,0
6.0,0.0,65.0,1.95847040694,1.9553820953,4.050582617,0.245901985216,0.245514222418,156,185,255,0,1.9553820953,0.0,0,0
6.0,0.0,66.0,1.91880217793,1.91439266961,3.9792244201,0.245609216837,0.24504479394,155,185,255,0,1.91439266961,0.0,0,0
6.0,0.0,67.0,1.88053567653,1.87485106162,3.90990874588,0.245331139608,0.244589535462,155,184,255,0,1.87485106162,0.0,0,0
6.0,0.0,68.0,1.83887141171,1.83349716086,3.84260508461,0.244694325702,0.243979186688,154,184,255,0,1.83349716086,0.0,0,0
6.0,0.0,69.0,1.80346948663,1.79688676506,3.77732326358,0.244449421109,0.243557172868,154,184,255,0,1.79688676506,0.0,0,0
6.0,0.0,70.0,1.75723267215,1.74949544883,3.68175209467,0.244451207965,0.243374871509,154,184,255,0,1.74949544883,0.0,0,0
6.0,0.0,71.0,1.72468048849,1.71580828234,3.62144653578,0.244222074206,0.242965732175,153,183,255,0,1.71580828234,0.0,0,0
6.0,0.0,72.0,1.69322977164,1.68326397283,3.56278255134,0.244006680158,0.242570536332,153,183,255,0,1.68326397283,0.0,0,0
6.0,0.0,73.0,1.61474649017,1.60344876236,3.3847318749,0.24455010013,0.242839082034,154,183,255,0,1.60344876236,0.0,0,0
6.0,0.0,74.0,1.58827955168,1.57597387279,3.33658466963,0.244319198338,0.242426261042,154,183,255,0,1.57597387279,0.0,0,0
6.0,0.0,75.0,1.56288394156,1.54960169888,3.29015421116,0.244099930307,0.24202543557,153,183,255,0,1.54960169888,0.0,0,0
6.0,0.0,76.0,1.53848192894,1.52424888283,3.24529334514,0.243892840401,0.241636500576,153,182,255,0,1.52424888283,0.0,0,0
6.0,0.0,77.0,1.51500965558,1.49984926038,3.20194715402,0.243695820414,0.241257205629,153,182,255,0,1.49984926038,0.0,0,0
6.0,0.0,78.0,1.49220983663,1.4760990409,3.15942318059,0.243517474732,0.240888313474,153,182,255,0,1.4760990409,0.0,0,0
6.0,0.0,79.0,1.46991041635,1.45278677139,3.11739513638,0.243358931863,0.24052393464,153,181,255,0,1.45278677139,0.0,0,0
6.0,0.0,80.0,1.44858612164,1.43052317041,3.07713267509,0.243204713581,0.240172104878,152,181,255,0,1.43052317041,0.0,0,0
6.0,0.0,81.0,1.42396640829,1.40620128605,3.03765511696,0.242673723132,0.239646173933,152,181,255,0,1.40620128605,0.0,0,0
6.0,0.0,82.0,1.40387831832,1.3851577898,2.9990758489,0.242545121577,0.23931081501,152,181,255,0,1.3851577898,0.0,0,0
6.0,0.0,83.0,1.38522645976,1.36559731428,2.96339831111,0.242417329799,0.238982191089,151,180,255,0,1.36559731428,0.0,0,0
6.0,0.0,84.0,1.3688846485,1.34844010405,2.93287719722,0.242271809163,0.238653435052,151,180,255,0,1.34844010405,0.0,0,0
6.0,0.0,85.0,1.35367214149,1.33244705245,2.90446235652,0.242134405745,0.238337825935,151,180,255,0,1.33244705245,0.0,0,0
6.0,0.0,86.0,1.34763262602,1.32611817841,2.89533192116,0.241984666492,0.238121472377,151,180,255,0,1.32611817841,0.0,0,0
6.0,0.0,87.0,1.34221961859,1.32043632665,2.88702889478,0.241855106602,0.237929966244,151,180,255,0,1.32043632665,0.0,0,0
6.0,0.0,88.0,1.33741998439,1.31537548252,2.87957104124,0.241744646241,0.237760003894,151,179,255,0,1.31537548252,0.0,0,0
6.0,0.0,89.0,1.33324481249,1.31094839346,2.87303397294,0.241651244232,0.237610007881,150,179,255,0,1.31094839346,0.0,0,0
6.0,0.0,90.0,1.3296625431,1.30712718094,2.86733920712,0.241575471747,0.237481206798,150,179,255,0,1.30712718094,0.0,0,0
6.0,90.0,0.0,2.4788139982,2.54398509357,4.02709300087,0.27390536515,0.281106677022,195,211,255,0,2.54398509357,0.0,1,0
6.0,90.0,0.25,2.49251132497,2.55575782624,4.0348736719,0.274410671891,0.281373735503,196,212,255,0,2.55575782624,0.0,1,0
6.0,90.0,0.5,2.51944034022,2.58083762882,4.05460392407,0.275201839809,0.281908347804,197,212,255,0,2.58083762882,0.0,1,0
6.0,90.0,0.75,2.55748844786,2.61760748269,4.08766231653,0.276104415082,0.282594818181,198,213,255,0,2.61760748269,0.0,1,0
6.0,90.0,1.0,2.60331976861,2.66277951445,4.13189551241,0.277008002799,0.283334857318,200,213,255,0,2.66277951445,0.0,1,0
6.0,90.0,1.25,2.65427425535,2.71367110638,4.18486410352,0.277852736936,0.284070473326,201,214,255,0,2.71367110638,0.0,1,0
6.0,90.0,1.5,2.70840982633,2.76831278779,4.24469534703,0.278602343522,0.284764300728,202,214,255,0,2.76831278779,0.0,1,0
6.0,90.0,1.75,2.76428603414,2.82521988108,4.3100315831,0.279233856592,0.285389078182,203,215,255,0,2.82521988108,0.0,1,0
6.0,90.0,2.0,2.82080230036,2.88322532378,4.37984307484,0.279734080748,0.285924463913,204,215,255,0,2.88322532378,0.0,1,0
6.0,90.0,2.25,2.87709779924,2.94138476301,4.45328301361,0.28009768895,0.286356297881,204,215,255,0,2.94138476301,0.0,1,0
6.0,90.0,2.5,2.93249199066,2.99892499314,4.52960001398,0.28032570746,0.28667623748,204,216,255,0,2.99892499314,0.0,1,0
6.0,90.0,2.75,2.98643606383,3.05520556223,4.60809240949,0.280423534884,0.286880926043,205,216,255,0,3.05520556223,0.0,1,0
6.0,90.0,3.0,3.03849468919,3.10970475178,4.68809053685,0.280399905817,0.286971348879,205,216,255,0,3.10970475178,0.0,1,0
6.0,90.0,3.25,3.08832376157,3.16200163667,4.7689528953,0.280265520055,0.286951790529,204,216,255,0,3.16200163667,0.0,1,0
6.0,90.0,3.5,3.13565494772,3.21176223654,4.85006928028,0.280032037337,0.286828856343,204,216,255,0,3.21176223654,0.0,1,0
6.0,90.0,3.75,3.18028710749,3.25873126827,4.93086775637,0.279711429871,0.28661072155,204,216,255,0,3.25873126827,0.0,1,0
6.0,90.0,4.0,3.22207594678,3.30272114052,5.0108202815,0.279315431829,0.286306405191,203,216,255,0,3.30272114052,0.0,1,0
6.0,90.0,4.25,3.26092669277,3.34360379091,5.08944796471,0.278855199465,0.285925256803,202,215,255,0,3.34360379091,0.0,1,0
6.0,90.0,4.5,3.29678805148,3.3813034725,5.1663246547,0.278341118865,0.285476584197,201,215,255,0,3.3813034725,0.0,1,0
6.0,90.0,4.75,3.32964558708,3.41578897658,5.24107834127,0.277782672366,0.284969365458,201,214,255,0,3.41578897658,0.0,1,0
6.0,90.0,5.0,3.35951643373,3.44706711778,5.31339103753,0.277188405722,0.284412074667,200,214,255,0,3.44706711778,0.0,0,0
6.0,90.0,6.0,3.4571138788,3.54528980603,5.57371741544,0.274895084998,0.281906462077,196,212,255,0,3.54528980603,0.0,0,0
6.0,90.0,7.0,3.50729794684,3.59533875502,5.78180925075,0.272211778429,0.279044886233,193,210,255,0,3.59533875502,0.0,0,0
6.0,90.0,8.0,3.52335549962,3.60873170217,5.93668491403,0.269601112361,0.276133952768,189,208,255,0,3.60873170217,0.0,0,0
6.0,90.0,9.0,3.51286381135,3.5937879019,6.04242392557,0.267156711836,0.273311067683,185,205,255,0,3.5937879019,0.0,0,0
6.0,90.0,10.0,3.48250610588,3.55784705516,6.10542311178,0.264914451121,0.270645641712,182,203,255,0,3.55784705516,0.0,0,0
6.0,90.0,11.0,3.43776959521,3.50691270055,6.13265883795,0.262879859144,0.268167104054,179,202,255,0,3.50691270055,0.0,0,0
6.0,90.0,12.0,3.38268145511,3.44538019036,6.12991049261,0.26105021828,0.265888840757,177,200,255,0,3.44538019036,0.0,0,0
6.0,90.0,13.0,3.30808263145,3.36355865157,6.06756608628,0.259677273126,0.264032019737,175,198,255,0,3.36355865157,0.0,0,0
6.0,90.0,14.0,3.25598149089,3.30359700533,6.05618754279,0.258088290542,0.261862576962,173,197,255,0,3.30359700533,0.0,0,0
6.0,90.0,15.0,3.18695791792,3.22869999196,5.99699574852,0.256750732408,0.260113597045,171,196,255,0,3.22869999196,0.0,0,0
6.0,90.0,16.0,3.11710062399,3.15333137829,5.92763941923,0.255540447033,0.258510650522,169,194,255,0,3.15333137829,0.0,0,0
6.0,90.0,17.0,3.04740805663,3.07851501574,5.85086068621,0.254442938777,0.257040210276,167,193,255,0,3.07851501574,0.0,0,0
6.0,90.0,18.0,2.97859616383,3.00497166816,5.76885043239,0.253445384331,0.255689646212,166,192,255,0,3.00497166816,0.0,0,0
6.0,90.0,19.0,2.9111694655,2.93319750079,5.683348029,0.252536557912,0.254447434031,165,191,255,0,2.93319750079,0.0,0,0
6.0,90.0,20.0,2.84547453181,2.86352266421,5.5957264967,0.251706685555,0.25330319803,164,191,255,0,2.86352266421,0.0,0,0
6.0,90.0,21.0,2.78174036203,2.79615517733,5.50706370039,0.250947279269,0.252247673343,163,190,255,0,2.79615517733,0.0,0,0
6.0,90.0,22.0,2.7201089096,2.73121381836,5.41820096388,0.250250975729,0.251272631239,162,189,255,0,2.73121381836,0.0,0,0
6.0,90.0,23.0,2.66065794161,2.66875257187,5.3297905137,0.249611385959,0.250370789055,161,188,255,0,2.66875257187,0.0,0,0
6.0,90.0,24.0,2.6034181362,2.60877866253,5.2423336691,0.24902296131,0.249535708041,160,188,255,0,2.60877866253,0.0,0,0
6.0,90.0,25.0,2.54838538871,2.55126534036,5.156210649,0.248480873012,0.248761683325,159,187,255,0,2.55126534036,0.0,0,0
6.0,90.0,26.0,2.49553136542,2.49616304593,5.07170636318,0.247980918313,0.248043688397,159,187,255,0,2.49616304593,0.0,0,0
6.0,90.0,27.0,2.44481034406,2.44340630612,4.98902953695,0.247519429782,0.247377281059,158,186,255,0,2.44340630612,0.0,0,0
6.0,90.0,28.0,2.39616470962,2.39291929907,4.90832836379,0.247093205649,0.246758537964,157,186,255,0,2.39291929907,0.0,0,0
6.0,90.0,29.0,2.34952893671,2.34461983098,4.82970316455,0.246699439831,0.246183986024,157,185,255,0,2.34461983098,0.0,0,0
6.0,90.0,30.0,2.30483271272,2.29842240606,4.75321640675,0.246335673275,0.24565055318,156,185,255,0,2.29842240606,0.0,0,0
6.0,90.0,31.0,2.26200310069,2.25424028489,4.67890081957,0.245999741845,0.245155511931,156,185,255,0,2.25424028489,0.0,0,0
6.0,90.0,32.0,2.22096636999,2.21198722085,4.60676605312,0.24568974011,0.244696440594,156,184,255,0,2.21198722085,0.0,0,0
6.0,90.0,33.0,2.18164898979,2.17157833782,4.53680409431,0.245403968361,0.244271165619,155,184,255,0,2.17157833782,0.0,0,0
6.0,90.0,34.0,2.14397876042,2.13293112185,4.46899387364,0.245140904846,0.243877726234,155,184,255,0,2.13293112185,0.0,0,0
6.0,90.0,35.0,2.10788534663,2.09596582165,4.40330525243,0.244899156423,0.243514317528,154,184,255,0,2.09596582165,0.0,0,0
6.0,90.0,36.0,2.07330072403,2.06060571617,4.33970269082,0.244677408643,0.243179226739,154,183,255,0,2.06060571617,0.0,0,0
6.0,90.0,37.0,2.04015962088,2.02677736781,4.27814927393,0.244474359722,0.242870751006,154,183,255,0,2.02677736781,0.0,0,0
6.0,90.0,38.0,2.00839978481,1.99441062971,4.21861111574,0.244288627875,0.242587078447,154,183,255,0,1.99441062971,0.0,0,0
6.0,90.0,39.0,1.97794577573,1.96340904592,4.16106899039,0.244117787666,0.242323666531,153,183,255,0,1.96340904592,0.0,0,0
6.0,90.0,40.0,1.99611189156,1.98068324221,4.22687855587,0.243319269766,0.241438569736,152,182,255,0,1.98068324221,0.0,0,0
6.0,90.0,41.0,1.97380814983,1.9578601075,4.18888482583,0.243063265471,0.241099354619,152,182,255,0,1.9578601075,0.0,0,0
6.0,90.0,42.0,1.94185978103,1.92560149081,4.12402087035,0.242991193183,0.240956740758,152,182,255,0,1.92560149081,0.0,0,0
6.0,90.0,43.0,1.91195297473,1.89539811519,4.06370077655,0.24290946206,0.240806203204,152,182,255,0,1.89539811519,0.0,0,0
6.0,90.0,44.0,1.88446634055,1.8676093624,4.00912868955,0.242805915841,0.240633961941,152,182,255,0,1.8676093624,0.0,0,0
6.0,90.0,45.0,1.85970136845,1.84251996632,3.9612788797,0.242669970171,0.240427991747,151,181,255,0,1.84251996632,0.0,0,0
6.0,90.0,46.0,1.83765924768,1.82012445851,3.92024029736,0.242498472796,0.240184572873,151,181,255,0,1.82012445851,0.0,0,0
6.0,90.0,47.0,1.81797586018,1.80006496913,3.88502192518,0.242297834853,0.239910690878,151,181,255,0,1.80006496913,0.0,0,0
6.0,90.0,48.0,1.80010995956,1.78181370794,3.85410134584,0.24207959983,0.239619111655,151,181,255,0,1.78181370794,0.0,0,0
6.0,90.0,49.0,1.78347814128,1.76481402373,3.8257559372,0.241858761505,0.239327707016,150,181,255,0,1.76481402373,0.0,0,0
6.0,90.0,50.0,1.75472619868,1.73559393857,3.76477291166,0.241861294797,0.239224214889,150,181,255,0,1.73559393857,0.0,0,0
6.0,90.0,51.0,1.68241608952,1.66204576579,3.59920445963,0.242295066211,0.239361410875,151,181,255,0,1.66204576579,0.0,0,0
6.0,90.0,52.0,1.66367687264,1.64293549475,3.5639181317,0.242146785151,0.239127894851,151,180,255,0,1.64293549475,0.0,0,0
6.0,90.0,53.0,1.64567806378,1.62459571367,3.52983763781,0.242007514772,0.238907219965,151,180,255,0,1.62459571367,0.0,0,0
6.0,90.0,54.0,1.62840087898,1.60700799163,3.4969288308,0.241877480186,0.238699848834,151,180,255,0,1.60700799163,0.0,0,0
6.0,90.0,55.0,1.61182286919,1.59014915445,3.46515705108,0.241756661844,0.238505830115,150,180,255,0,1.59014915445,0.0,0,0
6.0,90.0,56.0,1.59591992936,1.57399377445,3.43448781328,0.24164489776,0.238324967126,150,180,255,0,1.57399377445,0.0,0,0
6.0,90.0,57.0,1.58066748542,1.55851564709,3.40488723529,0.241541945087,0.238156920616,150,180,255,0,1.55851564709,0.0,0,0
6.0,90.0,58.0,1.56604129011,1.54368877262,3.37632239834,0.241447521356,0.238001277646,150,180,255,0,1.54368877262,0.0,0,0
6.0,90.0,59.0,1.55201767758,1.52948770176,3.34876129935,0.241361323742,0.237857584792,150,180,255,0,1.52948770176,0.0,0,0
6.0,90.0,60.0,1.53857399314,1.51588804296,3.32217321869,0.241283048452,0.237725380611,150,179,255,0,1.51588804296,0.0,0,0
6.0,90.0,61.0,1.52568858601,1.5028664849,3.2965285237,0.241212398728,0.237604209086,150,179,255,0,1.5028664849,0.0,0,0
6.0,90.0,62.0,1.51334087437,1.49040088039,3.27179875351,0.241149088652,0.23749362759,150,179,255,0,1.49040088039,0.0,0,0
6.0,90.0,63.0,1.50151140737,1.47847032247,3.24795664004,0.241092849382,0.237393216609,150,179,255,0,1.47847032247,0.0,0,0
6.0,90.0,64.0,1.49018176716,1.46705503895,3.22497601197,0.241043427493,0.237302577915,149,179,255,0,1.46705503895,0.0,0,0
6.0,90.0,65.0,1.47933460241,1.45613643354,3.20283181341,0.241000589041,0.237221341025,149,179,255,0,1.45613643354,0.0,0,0
6.0,90.0,66.0,1.46895354732,1.44569699879,3.18150006259,0.240964116803,0.237149160443,149,179,255,0,1.44569699879,0.0,0,0
6.0,90.0,67.0,1.45902318856,1.43572027489,3.16095779872,0.240933811857,0.23708571687,149,179,255,0,1.43572027489,0.0,0,0
6.0,90.0,68.0,1.4495290436,1.42619082323,3.1411831324,0.240909491775,0.237030715538,149,179,255,0,1.42619082323,0.0,0,0
6.0,90.0,69.0,1.44045747981,1.4170941389,3.12215514873,0.240890989447,0.236983884664,149,179,255,0,1.4170941389,0.0,0,0
6.0,90.0,70.0,1.4317957354,1.40841666446,3.1038540261,0.24087815189,0.236944973951,149,179,255,0,1.40841666446,0.0,0,0
6.0,90.0,71.0,1.42353189201,1.40014575925,3.08626103983,0.240870839178,0.236913753667,149,179,255,0,1.40014575925,0.0,0,0
6.0,90.0,72.0,1.41565479855,1.39226960566,3.06935855091,0.240868920106,0.236890007898,149,179,255,0,1.39226960566,0.0,0,0
6.0,90.0,73.0,1.40815416804,1.38477730985,3.05313024497,0.240872271761,0.236873535638,149,179,255,0,1.38477730985,0.0,0,0
6.0,90.0,74.0,1.40102055167,1.37765886021,3.03756123954,0.240880774307,0.236864143486,149,179,255,0,1.37765886021,0.0,0,0
6.0,90.0,75.0,1.39424545582,1.37090524477,3.02263841402,0.240894308382,0.236861643993,149,179,255,0,1.37090524477,0.0,0,0
6.0,90.0,76.0,1.38564193478,1.36256881817,3.00095324356,0.241016247862,0.237002948429,149,179,255,0,1.36256881817,0.0,0,0
6.0,90.0,77.0,1.36728717886,1.34495530681,2.9505366665,0.241451616268,0.237507992218,150,179,255,0,1.34495530681,0.0,0,0
6.0,90.0,78.0,1.36210678438,1.33975366894,2.93946749724,0.241451444823,0.237489059434,150,179,255,0,1.33975366894,0.0,0,0
6.0,90.0,79.0,1.35730526867,1.33493525548,2.92912050122,0.241454918577,0.237475452911,150,179,255,0,1.33493525548,0.0,0,0
6.0,90.0,80.0,1.35287767574,1.33049484734,2.91948834238,0.241461943858,0.237467051081,150,179,255,0,1.33049484734,0.0,0,0
6.0,90.0,81.0,1.34882052683,1.32642868743,2.91056800306,0.241472370891,0.23746367556,150,179,255,0,1.32642868743,0.0,0,0
6.0,90.0,82.0,1.34513226118,1.3227348961,2.90236229347,0.241485969846,0.237465064554,150,179,255,0,1.3227348961,0.0,0,0
6.0,90.0,83.0,1.34181377187,1.31941398627,2.89488189251,0.241502392184,0.237470832872,150,179,255,0,1.31941398627,0.0,0,0
6.0,90.0,84.0,1.33886927263,1.31646969982,2.88814836391,0.241521120442,0.237480419804,150,179,255,0,1.31646969982,0.0,0,0
6.0,90.0,85.0,1.33630728338,1.3139099502,2.8821977998,0.241541401958,0.237493019282,150,179,255,0,1.3139099502,0.0,0,0
6.0,90.0,86.0,1.33414180501,1.31174795573,2.87708507064,0.241562173601,0.237507501986,150,179,255,0,1.31174795573,0.0,0,0
6.0,90.0,87.0,1.33239316394,1.31000305022,2.87288692619,0.241582005862,0.237522356856,150,179,255,0,1.31000305022,0.0,0,0
6.0,90.0,88.0,1.33108697337,1.30869963943,2.86969934341,0.241599122667,0.237535706568,150,179,255,0,1.30869963943,0.0,0,0
6.0,90.0,89.0,1.33024993033,1.3078630884,2.86762350396,0.241611621778,0.237545527834,150,179,255,0,1.3078630884,0.0,0,0
6.0,90.0,90.0,1.3296625431,1.30712718094,2.86733920712,0.241575471747,0.237481206798,150,179,255,0,1.30712718094,0.0,0,0
6.0,180.0,0.0,1.27273114732,1.30250870062,2.55721582917,0.247977036217,0.253778850235,157,192,255,0,1.30250870062,0.0,1,0
6.0,180.0,0.25,1.36277852692,1.39494443432,2.77485494245,0.246318904251,0.252132813781,155,191,255,0,1.39494443432,0.0,1,0
6.0,180.0,0.5,1.38688984561,1.41961859317,2.83743740103,0.245730537638,0.251529450044,154,190,255,0,1.41961859317,0.0,1,0
6.0,180.0,0.75,1.39937371374,1.4332385204,2.86557755465,0.245582152509,0.251525234069,153,190,255,0,1.4332385204,0.0,1,0
6.0,180.0,1.0,1.4107192736,1.44630853249,2.88882897808,0.245519393641,0.251713293042,153,190,255,0,1.44630853249,0.0,1,0
6.0,180.0,1.25,1.42249450068,1.46028347022,2.91319833522,0.245427935787,0.251947798454,153,191,255,0,1.46028347022,0.0,1,0
6.0,180.0,1.5,1.43470033085,1.47507120618,2.93985303382,0.245263659825,0.252165107062,153,191,255,0,1.47507120618,0.0,1,0
6.0,180.0,1.75,1.44706565944,1.49030854154,2.96883179509,0.245007651342,0.252329252067,152,191,255,0,1.49030854154,0.0,1,0
6.0,180.0,2.0,1.45931339815,1.50562047766,2.99988557257,0.244653406659,0.252416773162,152,191,255,0,1.50562047766,0.0,1,0
6.0,180.0,2.25,1.47121654594,1.52067980216,3.03269131852,0.244202031302,0.252412262267,151,191,255,0,1.52067980216,0.0,1,0
6.0,180.0,2.5,1.48260465899,1.535220078,3.06691079354,0.243659671247,0.252306788076,150,191,255,0,1.535220078,0.0,1,0
6.0,180.0,2.75,1.4933612142,1.54903901472,3.10221210909,0.243035871436,0.252097110364,149,191,255,0,1.54903901472,0.0,1,0
6.0,180.0,3.0,1.50340351235,1.56198144424,3.13826931623,0.242341601617,0.251784089755,148,191,255,0,1.56198144424,0.0,1,0
6.0,180.0,3.25,1.51267917538,1.57393746202,3.1747706836,0.241588500732,0.251372001336,146,191,255,0,1.57393746202,0.0,1,0
6.0,180.0,3.5,1.52116257096,1.58483910791,3.21142674644,0.240788255688,0.2508677584,145,190,255,0,1.58483910791,0.0,1,0
6.0,180.0,3.75,1.52884384069,1.59464776186,3.24796937713,0.239951848652,0.25027976581,143,190,255,0,1.59464776186,0.0,1,0
6.0,180.0,4.0,1.5357270143,1.6033508208,3.28415758451,0.239089323989,0.249617321499,142,190,255,0,1.6033508208,0.0,1,0
6.0,180.0,4.25,1.54181502141,1.61094262598,3.3197649546,0.238209291218,0.248889455478,141,189,255,0,1.61094262598,0.0,1,0
6.0,180.0,4.5,1.54710283934,1.61741409197,3.3545711805,0.237318903013,0.248104345919,139,189,255,0,1.61741409197,0.0,1,0
6.0,180.0,4.75,1.55161984041,1.62279060046,3.38840004356,0.236426123243,0.247270678364,138,188,255,0,1.62279060046,0.0,1,0
6.0,180.0,5.0,1.55713968332,1.62890238624,3.42461560549,0.235549889263,0.246405496444,136,188,255,0,1.62890238624,0.0,0,0
6.0,180.0,6.0,1.57363279417,1.64469426423,3.56393379621,0.232021862312,0.242499411256,131,185,255,0,1.64469426423,0.0,0,0
6.0,180.0,7.0,1.57766103252,1.64463360576,3.67277789932,0.228809925337,0.238523031743,126,182,255,0,1.64463360576,0.0,0,0
6.0,180.0,8.0,1.57286886604,1.63336892255,3.75541277709,0.225933325897,0.234623801803,121,180,255,0,1.63336892255,0.0,0,0
6.0,180.0,9.0,1.56256271696,1.61497799698,3.811952847,0.223558789107,0.23105794188,118,177,255,0,1.61497799698,0.0,0,0
6.0,180.0,10.0,1.55295389195,1.59556513259,3.84711346376,0.221989061682,0.228080182208,115,175,255,0,1.59556513259,0.0,0,0
6.0,180.0,11.0,1.54778615404,1.57948064467,3.86510306859,0.221353587326,0.225886312458,115,174,255,0,1.57948064467,0.0,0,0
6.0,180.0,12.0,1.54834759511,1.5689734549,3.87029544593,0.221584512546,0.224536285844,116,173,255,0,1.5689734549,0.0,0,0
6.0,180.0,13.0,1.55259702619,1.56343171245,3.86671587674,0.222347674405,0.223899311598,118,172,255,0,1.56343171245,0.0,0,0
6.0,180.0,14.0,1.56162729599,1.56360854664,3.85775921498,0.223632880033,0.223916605088,121,172,255,0,1.56360854664,0.0,0,0
6.0,180.0,15.0,1.57522260068,1.56918373264,3.84604995464,0.225339024491,0.224475151263,124,172,255,0,1.56918373264,0.0,0,0
6.0,180.0,16.0,1.5925936304,1.57921964686,3.83336186429,0.227345298043,0.225436140418,128,172,255,0,1.57921964686,0.0,0,0
6.0,180.0,17.0,1.602272991,1.58565269499,3.82020858645,0.228630464075,0.226258891931,130,173,255,0,1.58565269499,0.0,0,0
6.0,180.0,18.0,1.6345449688,1.610277673,3.83439763328,0.230893361879,0.227465400204,134,173,255,0,1.610277673,0.0,0,0
6.0,180.0,19.0,1.64420764528,1.6184583429,3.82169329452,0.232089816407,0.228455147221,136,174,255,0,1.6184583429,0.0,0,0
6.0,180.0,20.0,1.66376986891,1.63256293767,3.79968875325,0.234465165428,0.230067358717,140,174,255,0,1.63256293767,0.0,0,0
6.0,180.0,21.0,1.67208585257,1.63982390325,3.7859383467,0.235576449147,0.231031135009,142,175,255,0,1.63982390325,0.0,0,0
6.0,180.0,22.0,1.67856637787,1.646374671,3.77353198251,0.236468656068,0.231933637519,143,176,255,0,1.646374671,0.0,0,0
6.0,180.0,23.0,1.68296963279,1.65130455276,3.76069097478,0.237206187029,0.23274315172,144,176,255,0,1.65130455276,0.0,0,0
6.0,180.0,24.0,1.7046120293,1.66758634322,3.74844838017,0.23939005662,0.234190292138,147,177,255,0,1.66758634322,0.0,0,0
6.0,180.0,25.0,1.70777634575,1.67117148945,3.73450727605,0.240076913263,0.234931051551,148,177,255,0,1.67117148945,0.0,0,0
6.0,180.0,26.0,1.70957195637,1.67389987734,3.72147673405,0.240617076967,0.235596339844,149,178,255,0,1.67389987734,0.0,0,0
6.0,180.0,27.0,1.70870238407,1.67393270267,3.70639212376,0.241034818083,0.236130099796,150,178,255,0,1.67393270267,0.0,0,0
6.0,180.0,28.0,1.70613073126,1.67228421557,3.69035364746,0.241361802767,0.236573625698,150,178,255,0,1.67228421557,0.0,0,0
6.0,180.0,29.0,1.70271669811,1.66992087394,3.67408054351,0.24163258274,0.236978526252,151,179,255,0,1.66992087394,0.0,0,0
6.0,180.0,30.0,1.69885649008,1.66722879435,3.65780607325,0.241868275515,0.237365401804,151,179,255,0,1.66722879435,0.0,0,0
6.0,180.0,31.0,1.70726074004,1.67252794309,3.64059589917,0.243186212953,0.238238792117,153,180,255,0,1.67252794309,0.0,0,0
6.0,180.0,32.0,1.70039509334,1.66660818313,3.62167257891,0.243307191309,0.238472668874,153,180,255,0,1.66660818313,0.0,0,0
6.0,180.0,33.0,1.69792387535,1.66335120969,3.60216190117,0.243834169637,0.238869284375,154,180,255,0,1.66335120969,0.0,0,0
6.0,180.0,34.0,1.68973681536,1.6560910524,3.58224219668,0.243897189209,0.239040748289,154,180,255,0,1.6560910524,0.0,0,0
6.0,180.0,35.0,1.68108739313,1.64843799235,3.56239068865,0.243921628622,0.23918428121,154,180,255,0,1.64843799235,0.0,0,0
6.0,180.0,36.0,1.67683248629,1.64331761496,3.54114324912,0.244390146386,0.239505517552,155,180,255,0,1.64331761496,0.0,0,0
6.0,180.0,37.0,1.66686854158,1.63417101491,3.51928525916,0.244397237174,0.239603106756,155,180,255,0,1.63417101491,0.0,0,0
6.0,180.0,38.0,1.65639535656,1.62451950863,3.49680511136,0.244388284304,0.239685250239,155,180,255,0,1.62451950863,0.0,0,0
6.0,180.0,39.0,1.65075236138,1.6179803134,3.47399963382,0.244819501328,0.239959149993,155,181,255,0,1.6179803134,0.0,0,0
6.0,180.0,40.0,1.640047962,1.60796540216,3.45074135863,0.244828782344,0.24003945042,155,181,255,0,1.60796540216,0.0,0,0
6.0,180.0,41.0,1.62863361636,1.59720931132,3.42701263627,0.244802190684,0.240078759559,155,181,255,0,1.59720931132,0.0,0,0
6.0,180.0,42.0,1.62708552276,1.59542275149,3.43123089514,0.244537016156,0.239778372863,155,181,255,0,1.59542275149,0.0,0,0
6.0,180.0,43.0,1.61296698993,1.58206312705,3.40352143611,0.244442583642,0.239759152342,155,181,255,0,1.58206312705,0.0,0,0
6.0,180.0,44.0,1.60113157888,1.56909170137,3.36725359045,0.244915830763,0.240014876137,155,181,255,0,1.56909170137,0.0,0,0
6.0,180.0,45.0,1.58709788903,1.55579392277,3.33993554916,0.244815695477,0.239986943373,155,181,255,0,1.55579392277,0.0,0,0
6.0,180.0,46.0,1.57265634253,1.54206677138,3.31186277008,0.244711013113,0.23995116524,155,181,255,0,1.54206677138,0.0,0,0
6.0,180.0,47.0,1.55801209812,1.52814289158,3.28343648759,0.244601573535,0.239912229384,155,181,255,0,1.52814289158,0.0,0,0
6.0,180.0,48.0,1.54308525821,1.51392972216,3.25432650335,0.24449402115,0.239874474557,155,181,255,0,1.51392972216,0.0,0,0
6.0,180.0,49.0,1.53297925059,1.50296243594,3.22495988663,0.244849600761,0.240055272932,155,181,255,0,1.50296243594,0.0,0,0
6.0,180.0,50.0,1.5187143587,1.48932334408,3.19750823336,0.244735011928,0.239998762301,155,181,255,0,1.48932334408,0.0,0,0
6.0,180.0,51.0,1.50952707272,1.48047373457,3.18513065812,0.244452621159,0.239747727294,155,181,255,0,1.48047373457,0.0,0,0
6.0,180.0,52.0,1.50137634904,1.47260742766,3.17589143087,0.244131189392,0.239453221075,154,180,255,0,1.47260742766,0.0,0,0
6.0,180.0,53.0,1.49352393444,1.46494954515,3.16789036031,0.243786359001,0.239122191145,154,180,255,0,1.46494954515,0.0,0,0
6.0,180.0,54.0,1.48603430968,1.45769452816,3.16076980729,0.243432654517,0.238790212416,153,180,255,0,1.45769452816,0.0,0,0
6.0,180.0,55.0,1.47816695622,1.45001956623,3.15249288539,0.243092400877,0.23846341321,153,180,255,0,1.45001956623,0.0,0,0
6.0,180.0,56.0,1.4745816224,1.44509422912,3.14319008168,0.243215277832,0.238351671477,153,180,255,0,1.44509422912,0.0,0,0
6.0,180.0,57.0,1.46640696828,1.4370335871,3.13341742602,0.242908972316,0.238043298604,153,179,255,0,1.4370335871,0.0,0,0
6.0,180.0,58.0,1.45813051427,1.42887648753,3.12322013017,0.242608221329,0.237740846753,152,179,255,0,1.42887648753,0.0,0,0
6.0,180.0,59.0,1.44032847433,1.4124008559,3.07437055022,0.243007289126,0.238295436957,153,180,255,0,1.4124008559,0.0,0,0
6.0,180.0,60.0,1.43155688457,1.40385912646,3.06134769557,0.242769925302,0.238072813548,152,179,255,0,1.40385912646,0.0,0,0
6.0,180.0,61.0,1.4212939761,1.39424249925,3.04004060971,0.242724834026,0.238105054206,152,179,255,0,1.39424249925,0.0,0,0
6.0,180.0,62.0,1.41257784296,1.38575684618,3.02658221063,0.242506093608,0.237901564954,152,179,255,0,1.38575684618,0.0,0,0
6.0,180.0,63.0,1.4040817428,1.37749243843,3.01340227049,0.242292916028,0.237704579114,152,179,255,0,1.37749243843,0.0,0,0
6.0,180.0,64.0,1.39995431246,1.37228770374,3.00069364102,0.242503016764,0.237710548882,152,179,255,0,1.37228770374,0.0,0,0
6.0,180.0,65.0,1.39196593668,1.36452930404,2.98833371703,0.242298934733,0.237523051439,152,179,255,0,1.36452930404,0.0,0,0
6.0,180.0,66.0,1.38418582367,1.35696117554,2.97629343671,0.242098862102,0.237337177492,151,179,255,0,1.35696117554,0.0,0,0
6.0,180.0,67.0,1.37668065885,1.34967509922,2.96469550255,0.241902698783,0.23715743145,151,179,255,0,1.34967509922,0.0,0,0
6.0,180.0,68.0,1.3694996242,1.34271921138,2.95351136068,0.24171635019,0.236989613849,151,179,255,0,1.34271921138,0.0,0,0
6.0,180.0,69.0,1.36269585712,1.33615175632,2.94284336588,0.241540322239,0.236835332033,150,179,255,0,1.33615175632,0.0,0,0
6.0,180.0,70.0,1.35622109287,1.32991219891,2.93268787859,0.241371108235,0.236688828241,150,179,255,0,1.32991219891,0.0,0,0
6.0,180.0,71.0,1.35006704964,1.32398132921,2.92305514482,0.241208161316,0.236547586375,150,178,255,0,1.32398132921,0.0,0,0
6.0,180.0,72.0,1.34426582717,1.31840405189,2.91395909027,0.241053481335,0.236415952924,150,178,255,0,1.31840405189,0.0,0,0
6.0,180.0,73.0,1.33886421714,1.31323365116,2.90549849373,0.240907063041,0.236295255289,150,178,255,0,1.31323365116,0.0,0,0
6.0,180.0,74.0,1.33408526414,1.30875357602,2.89813438657,0.240767318222,0.236195614465,149,178,255,0,1.30875357602,0.0,0,0
6.0,180.0,75.0,1.33344495216,1.30717048492,2.89117967259,0.241051037814,0.236301319735,150,178,255,0,1.30717048492,0.0,0,0
6.0,180.0,76.0,1.32923746755,1.30317727809,2.88430616354,0.240947020781,0.236223165816,150,178,255,0,1.30317727809,0.0,0,0
6.0,180.0,77.0,1.32541092482,1.29955940056,2.87809854425,0.240849416248,0.236151760289,149,178,255,0,1.29955940056,0.0,0,0
6.0,180.0,78.0,1.32204764808,1.29640948807,2.87260935967,0.240763365202,0.236094297721,149,178,255,0,1.29640948807,0.0,0,0
6.0,180.0,79.0,1.31916092988,1.29374147392,2.86781168654,0.240691433295,0.236053450808,149,178,255,0,1.29374147392,0.0,0,0
6.0,180.0,80.0,1.31680311215,1.29161907471,2.86376284139,0.240635706825,0.236033516418,149,178,255,0,1.29161907471,0.0,0,0
6.0,180.0,81.0,1.31495891276,1.29002553912,2.86044564097,0.240595687882,0.23603367296,149,178,255,0,1.29002553912,0.0,0,0
6.0,180.0,82.0,1.31363092767,1.28895790038,2.85793037121,0.240568868954,0.236050429153,149,178,255,0,1.28895790038,0.0,0,0
6.0,180.0,83.0,1.31536894518,1.29219628903,2.85033123258,0.241002912602,0.236757200672,150,179,255,0,1.29219628903,0.0,0,0
6.0,180.0,84.0,1.3150508778,1.29209023954,2.85007269144,0.240974776485,0.236767384386,149,179,255,0,1.29209023954,0.0,0,0
6.0,180.0,85.0,1.31685038465,1.29442578081,2.85222192252,0.241026969068,0.23692252838,150,179,255,0,1.29442578081,0.0,0,0
6.0,180.0,86.0,1.31749610597,1.29526640271,2.85352701483,0.241022013251,0.236955323559,150,179,255,0,1.29526640271,0.0,0,0
6.0,180.0,87.0,1.32242852691,1.299242093,2.85576979364,0.241431841713,0.237198763456,150,179,255,0,1.299242093,0.0,0,0
6.0,180.0,88.0,1.32427406057,1.30129635055,2.85876041418,0.241465021486,0.237275319816,150,179,255,0,1.30129635055,0.0,0,0
6.0,180.0,89.0,1.32669244169,1.30393329871,2.8626100281,0.241513835852,0.237370714396,150,179,255,0,1.30393329871,0.0,0,0
6.0,180.0,90.0,1.3296625431,1.30712718094,2.86733920712,0.241575471747,0.237481206798,150,179,255,0,1.30712718094,0.0,0,0
9.0,0.0,0.0,0.310729865875,0.321437317956,0.403239963203,0.300104038073,0.310445334356,234,237,255,0,0.321437317956,0.0,1,0
9.0,0.0,0.25,0.31582376212,0.307809691962,0.346112190482,0.325676907022,0.317412811996,255,225,237,0,0.307809691962,0.0,1,0
9.0,0.0,0.5,0.377987805552,0.344182999104,0.335148122675,0.357496490209,0.325524295657,255,196,200,0,0.344182999104,0.0,1,0
9.0,0.0,0.75,0.479174090603,0.412867183866,0.339414604301,0.389111862523,0.335267540627,255,176,170,0,0.412867183866,0.0,1,0
9.0,0.0,1.0,0.605623352595,0.506670413612,0.352112194274,0.413562474436,0.345990406544,255,165,149,0,0.506670413612,0.0,1,0
9.0,0.0,1.25,0.746055285831,0.61947030397,0.372777966283,0.429185848019,0.356364860327,255,161,135,0,0.61947030397,0.0,1,0
9.0,0.0,1.5,0.89220477424,0.744932135329,0.402042618825,0.437531253044,0.365309736076,255,161,126,0,0.744932135329,0.0,1,0
9.0,0.0,1.75,1.02902181057,0.872538801744,0.440289572346,0.439405482602,0.372585235152,255,164,122,0,0.872538801744,0.0,1,0
9.0,0.0,2.0,1.15614517789,0.998277604365,0.487257172027,0.437655279177,0.377894984117,255,168,121,0,0.998277604365,0.0,1,0
9.0,0.0,2.25,1.26372326392,1.11464178102,0.542263251509,0.432688838034,0.381644518878,255,174,123,0,1.11464178102,0.0,1,0
9.0,0.0,2.5,1.35545940146,1.21915286314,0.60295159237,0.426571884146,0.383675330541,255,179,126,0,1.21915286314,0.0,1,0
9.0,0.0,2.75,1.42401953875,1.30733692785,0.66837754626,0.418862044314,0.384540944352,255,185,131,0,1.30733692785,0.0,1,0
9.0,0.0,3.0,1.48058520894,1.38317813789,0.736269966448,0.411269863386,0.38421259403,255,190,137,0,1.38317813789,0.0,1,0
9.0,0.0,3.25,1.52194370771,1.44463820037,0.813497169483,0.402622187653,0.382171423065,255,196,145,0,1.44463820037,0.0,1,0
9.0,0.0,3.5,1.54266535918,1.48836180794,0.880466265684,0.394392930905,0.380509857298,255,201,152,0,1.48836180794,0.0,1,0
9.0,0.0,3.75,1.55374962927,1.51856441952,0.943150203421,0.386941467208,0.378179040862,255,206,159,0,1.51856441952,0.0,1,0
9.0,0.0,4.0,1.55531659959,1.53804409946,1.00268073632,0.379712125507,0.375495249189,255,211,166,0,1.53804409946,0.0,1,0
9.0,0.0,4.25,1.54922465273,1.54819055025,1.05790732101,0.372828978685,0.37258011654,255,216,173,0,1.54819055025,0.0,1,0
9.0,0.0,4.5,1.53272597568,1.5456019407,1.10584124382,0.366315489885,0.369392794967,255,220,181,0,1.5456019407,0.0,1,0
9.0,0.0,4.75,1.51282507251,1.53764368372,1.149209596,0.360224032801,0.366133678525,255,224,188,0,1.53764368372,0.0,1,0
9.0,0.0,5.0,1.48228572544,1.51974941145,1.18691883799,0.353855815635,0.362799262194,255,229,195,0,1.51974941145,0.0,0,0
9.0,0.0,6.0,1.34526100848,1.40802541041,1.27993594696,0.333544963915,0.349106814028,255,243,222,0,1.40802541041,0.0,0,0
9.0,0.0,7.0,1.18867188382,1.25967818851,1.2953279088,0.317514457656,0.336481448154,255,255,247,0,1.25967818851,0.0,0,0
9.0,0.0,8.0,1.05032950925,1.1153893354,1.26044497422,0.306561380243,0.325550497398,245,251,255,0,1.1153893354,0.0,0,0
9.0,0.0,9.0,0.914240697071,0.974370436946,1.19665979512,0.296324283367,0.31581357337,228,242,255,0,0.974370436946,0.0,0,0
9.0,0.0,10.0,0.794076215054,0.847741585983,1.1175559364,0.287774071443,0.307222459387,215,234,255,0,0.847741585983,0.0,0,0
9.0,0.0,11.0,0.698260397142,0.742978145864,1.03490765793,0.281994817946,0.300054231686,206,228,255,0,0.742978145864,0.0,0,0
9.0,0.0,12.0,0.611414367012,0.650298178652,0.954082411213,0.27593454219,0.293483012331,197,222,255,0,0.650298178652,0.0,0,0
9.0,0.0,13.0,0.542291424112,0.574639942233,0.878808295798,0.27172453121,0.287933317723,190,218,255,0,0.574639942233,0.0,0,0
9.0,0.0,14.0,0.479798642218,0.507858158734,0.80909832176,0.267036189936,0.28265296273,183,214,255,0,0.507858158734,0.0,0,0
9.0,0.0,15.0,0.430436015533,0.453820218,0.746900275754,0.263883945582,0.278219910484,179,210,255,0,0.453820218,0.0,0,0
9.0,0.0,16.0,0.384681582823,0.405160984981,0.690058872368,0.259937298783,0.273775654231,173,207,255,0,0.405160984981,0.0,0,0
9.0,0.0,17.0,0.349184884062,0.366264650973,0.640305885566,0.25755743164,0.270155402226,170,204,255,0,0.366264650973,0.0,0,0
9.0,0.0,18.0,0.317824609605,0.332080919005,0.595076160053,0.255284565628,0.266735584972,167,201,255,0,0.332080919005,0.0,0,0
9.0,0.0,19.0,0.28888070193,0.301570175249,0.555328324129,0.252125978199,0.26320095085,162,199,255,0,0.301570175249,0.0,0,0
9.0,0.0,20.0,0.265752710814,0.276362804819,0.519437052601,0.250343429771,0.260338313041,160,197,255,0,0.276362804819,0.0,0,0
9.0,0.0,21.0,0.245440771076,0.25438491536,0.48765239471,0.248553133242,0.257610695586,157,195,255,0,0.25438491536,0.0,0,0
9.0,0.0,22.0,0.225991370045,0.234110953696,0.459243479471,0.245817590351,0.254649504983,153,193,255,0,0.234110953696,0.0,0,0
9.0,0.0,23.0,0.210455656494,0.21724210648,0.433232268721,0.244451521897,0.252334218208,151,191,255,0,0.21724210648,0.0,0,0
9.0,0.0,24.0,0.19662747107,0.202361934618,0.41012036886,0.243017050659,0.25010442462,149,189,255,0,0.202361934618,0.0,0,0
9.0,0.0,25.0,0.184306983109,0.189171347732,0.389263954724,0.241637295581,0.248014763717,147,188,255,0,0.189171347732,0.0,0,0
9.0,0.0,26.0,0.173117387632,0.177207043151,0.370020903938,0.240325548438,0.24600290251,146,186,255,0,0.177207043151,0.0,0,0
9.0,0.0,27.0,0.157494002005,0.160438868929,0.343233903037,0.238206165532,0.242660211077,143,184,255,0,0.160438868929,0.0,0,0
9.0,0.0,28.0,0.148868604069,0.151178549745,0.328328525031,0.236910194141,0.240586252515,141,183,255,0,0.151178549745,0.0,0,0
9.0,0.0,29.0,0.141311799177,0.143253644887,0.31444396379,0.23590914821,0.239150909833,140,182,255,0,0.143253644887,0.0,0,0
9.0,0.0,30.0,0.13395560879,0.135489513966,0.300792350012,0.234911971218,0.23760191225,138,181,255,0,0.135489513966,0.0,0,0
9.0,0.0,31.0,0.128065090348,0.129357089706,0.290013721732,0.233936228753,0.236296321239,137,180,255,0,0.129357089706,0.0,0,0
9.0,0.0,32.0,0.122077671945,0.123397597401,0.280117637687,0.23226658943,0.234777897018,134,179,255,0,0.123397597401,0.0,0,0
9.0,0.0,33.0,0.117373268968,0.118516302704,0.271073866173,0.231522157628,0.233776824632,133,178,255,0,0.118516302704,0.0,0,0
9.0,0.0,34.0,0.113005434492,0.114001843746,0.26262828278,0.23079499017,0.232829991982,132,177,255,0,0.114001843746,0.0,0,0
9.0,0.0,35.0,0.109034557814,0.109923261108,0.254898069316,0.230100670944,0.231976142613,131,177,255,0,0.109923261108,0.0,0,0
9.0,0.0,36.0,0.104898163501,0.105582448641,0.24710974774,0.229240326496,0.230735736365,130,176,255,0,0.105582448641,0.0,0,0
9.0,0.0,37.0,0.10074506233,0.101158519677,0.239490034834,0.228243133761,0.229179842702,128,175,255,0,0.101158519677,0.0,0,0
9.0,0.0,38.0,0.0968751710404,0.0970470385356,0.232318395465,0.227278137969,0.227681355056,127,174,255,0,0.0970470385356,0.0,0,0
9.0,0.0,39.0,0.0928107269374,0.0928936652286,0.22545645494,0.225728513769,0.225930231155,124,173,255,0,0.0928936652286,0.0,0,0
9.0,0.0,40.0,0.0895133540175,0.0893890950323,0.219128724831,0.224890309834,0.22457812578,123,172,255,0,0.0893890950323,0.0,0,0
9.0,0.0,41.0,0.0864369284039,0.0861327579612,0.213210746419,0.224057316179,0.223268861356,122,171,255,0,0.0861327579612,0.0,0,0
9.0,0.0,42.0,0.0835872204303,0.0831256238931,0.207679345154,0.223261122373,0.222028199918,121,170,255,0,0.0831256238931,0.0,0,0
9.0,0.0,43.0,0.0809363481025,0.0803360472266,0.202488684207,0.222498647205,0.220848385784,120,169,255,0,0.0803360472266,0.0,0,0
9.0,0.0,44.0,0.0743699154908,0.0734705401154,0.1874306285,0.221820249394,0.219137717502,119,168,255,0,0.0734705401154,0.0,0,0
9.0,0.0,45.0,0.0716978974042,0.0706698840955,0.181933403122,0.221084290789,0.217914356921,118,167,255,0,0.0706698840955,0.0,0,0
9.0,0.0,46.0,0.0691581557426,0.0680262346567,0.176602293153,0.220398631834,0.216791336989,117,167,255,0,0.0680262346567,0.0,0,0
9.0,0.0,47.0,0.0661437527952,0.0650144997872,0.170586838268,0.219204072579,0.215461665355,115,166,255,0,0.0650144997872,0.0,0,0
9.0,0.0,48.0,0.0639552834719,0.062730343339,0.16590915202,0.218579715358,0.214393242387,114,165,255,0,0.062730343339,0.0,0,0
9.0,0.0,49.0,0.0618719062166,0.0605641479886,0.161473090465,0.217928542909,0.213322286814,113,164,255,0,0.0605641479886,0.0,0,0
9.0,0.0,50.0,0.0599083164905,0.0585250024414,0.157258843688,0.217301485545,0.212283881722,112,164,255,0,0.0585250024414,0.0,0,0
9.0,0.0,51.0,0.0580533486293,0.0566022483673,0.153246819373,0.216695875371,0.2112793499,112,163,255,0,0.0566022483673,0.0,0,0
9.0,0.0,52.0,0.0562817156298,0.0547657078093,0.149386321536,0.216107615529,0.210286527249,111,162,255,0,0.0547657078093,0.0,0,0
9.0,0.0,53.0,0.0546068381935,0.0530348682255,0.145715431771,0.215533055763,0.209328494174,110,162,255,0,0.0530348682255,0.0,0,0
9.0,0.0,54.0,0.053014784344,0.0513925430749,0.142205749697,0.214971505015,0.208393422101,109,161,255,0,0.0513925430749,0.0,0,0
9.0,0.0,55.0,0.0514964095957,0.0498289342957,0.138837228001,0.214423126759,0.207480016153,108,160,255,0,0.0498289342957,0.0,0,0
9.0,0.0,56.0,0.0500464665833,0.048338296589,0.135603069686,0.213884910048,0.206584658691,108,160,255,0,0.048338296589,0.0,0,0
9.0,0.0,57.0,0.0484682925274,0.0467835428974,0.132483899826,0.212826908671,0.205429081412,106,159,255,0,0.0467835428974,0.0,0,0
9.0,0.0,58.0,0.047156994513,0.0454339678594,0.129484161903,0.212347036467,0.20458828069,105,159,255,0,0.0454339678594,0.0,0,0
9.0,0.0,59.0,0.0458768639024,0.0441196584672,0.126579855356,0.21182764429,0.20371408429,104,158,255,0,0.0441196584672,0.0,0,0
9.0,0.0,60.0,0.0446418194952,0.0428499113029,0.123745368645,0.211335128218,0.202852204542,104,157,255,0,0.0428499113029,0.0,0,0
9.0,0.0,61.0,0.0434571865318,0.0416343447502,0.121010637073,0.210852641088,0.20200828105,103,157,255,0,0.0416343447502,0.0,0,0
9.0,0.0,62.0,0.0423133014064,0.0404620368498,0.118354649008,0.210377885377,0.201173566409,102,156,255,0,0.0404620368498,0.0,0,0
9.0,0.0,63.0,0.0412056113991,0.039327887312,0.115769386138,0.209908333393,0.200342890234,102,156,255,0,0.039327887312,0.0,0,0
9.0,0.0,64.0,0.040130041291,0.0382273512906,0.113247361798,0.209441782491,0.199511496541,101,155,255,0,0.0382273512906,0.0,0,0
9.0,0.0,65.0,0.0390841913059,0.0371583044888,0.11078262867,0.208978293252,0.198680816789,100,155,255,0,0.0371583044888,0.0,0,0
9.0,0.0,66.0,0.0380632952335,0.0361150227749,0.108366673317,0.208514596633,0.197841762257,100,154,255,0,0.0361150227749,0.0,0,0
9.0,0.0,67.0,0.0370659813984,0.0350964978431,0.105995665409,0.208051006992,0.196996314212,99,154,255,0,0.0350964978431,0.0,0,0
9.0,0.0,68.0,0.0340906488695,0.0321060814725,0.0982192152143,0.207343933426,0.195273526323,98,152,255,0,0.0321060814725,0.0,0,0
9.0,0.0,69.0,0.0332321479653,0.0312249084706,0.0962028802147,0.206847759673,0.194354044459,97,152,255,0,0.0312249084706,0.0,0,0
9.0,0.0,70.0,0.032191799592,0.0302047507604,0.0939778402269,0.205863629413,0.193156632928,96,151,255,0,0.0302047507604,0.0,0,0
9.0,0.0,71.0,0.0313934542183,0.0293831790136,0.092095851844,0.205357126253,0.192207113,95,150,255,0,0.0293831790136,0.0,0,0
9.0,0.0,72.0,0.0306164981865,0.0285831248839,0.0902538060617,0.20485644501,0.191251047567,94,150,255,0,0.0285831248839,0.0,0,0
9.0,0.0,73.0,0.0298579253651,0.0278017228125,0.0884479463064,0.204355738458,0.190282530561,94,149,255,0,0.0278017228125,0.0,0,0
9.0,0.0,74.0,0.0291091688967,0.0270298871555,0.0866628351893,0.203843020871,0.189282417204,93,148,255,0,0.0270298871555,0.0,0,0
9.0,0.0,75.0,0.0283741270321,0.0262718337847,0.0849051122761,0.20332431993,0.188259632853,92,148,255,0,0.0262718337847,0.0,0,0
9.0,0.0,76.0,0.0276425807953,0.0255167033417,0.083154008141,0.202787126137,0.187191600432,91,147,255,0,0.0255167033417,0.0,0,0
9.0,0.0,77.0,0.0269191858879,0.0247693759411,0.0814181897437,0.202237569243,0.186086548191,91,146,255,0,0.0247693759411,0.0,0,0
9.0,0.0,78.0,0.026189632486,0.0240140659816,0.079665935359,0.201660940393,0.184909014325,90,145,255,0,0.0240140659816,0.0,0,0
9.0,0.0,79.0,0.0254633419201,0.0232615552929,0.0779190212764,0.201062492568,0.18367684426,89,144,255,0,0.0232615552929,0.0,0,0
9.0,0.0,80.0,0.0247300109959,0.0225007451523,0.0761546767485,0.200428935696,0.182361439467,88,144,255,0,0.0225007451523,0.0,0,0
9.0,0.0,81.0,0.024318028338,0.0220754529718,0.0752238386514,0.199955305262,0.181515700057,87,143,255,0,0.0220754529718,0.0,0,0
9.0,0.0,82.0,0.0241540042662,0.021910544224,0.0749230494173,0.19964033243,0.181097439762,87,143,255,0,0.021910544224,0.0,0,0
9.0,0.0,83.0,0.0239149972233,0.0216974743835,0.0746376214533,0.198877161878,0.180436237772,85,142,255,0,0.0216974743835,0.0,0,0
9.0,0.0,84.0,0.0237829412495,0.0215636449894,0.0743957128488,0.198617710121,0.180083772849,85,142,255,0,0.0215636449894,0.0,0,0
9.0,0.0,85.0,0.0236535970795,0.0214326107464,0.0741522772943,0.198372170324,0.179745748404,84,142,255,0,0.0214326107464,0.0,0,0
9.0,0.0,86.0,0.0235345857176,0.021312346047,0.0739272806628,0.19814558427,0.179435801858,84,142,255,0,0.021312346047,0.0,0,0
9.0,0.0,87.0,0.0234172120143,0.0211938872125,0.0737020232473,0.197925737438,0.179133867565,84,142,255,0,0.0211938872125,0.0,0,0
9.0,0.0,88.0,0.023304336561,0.0210793111892,0.073483862243,0.19771637292,0.178839030284,83,141,255,0,0.0210793111892,0.0,0,0
9.0,0.0,89.0,0.0231992879841,0.0209732472722,0.0732818999211,0.197517343207,0.178564966411,83,141,255,0,0.0209732472722,0.0,0,0
9.0,0.0,90.0,0.0231020917751,0.0208751680118,0.0730971893547,0.197328212471,0.178306779702,82,141,255,0,0.0208751680118,0.0,0,0
9.0,90.0,0.0,0.0517266575957,0.0535262830171,0.109809082949,0.240519719563,0.248887656364,145,189,255,0,0.0535262830171,0.0,1,0
9.0,90.0,0.25,0.0520526636332,0.053827293654,0.110064020782,0.241047072016,0.249265083172,146,189,255,0,0.053827293654,0.0,1,0
9.0,90.0,0.5,0.0527008314253,0.0544820964287,0.110710935761,0.24186468839,0.250039608849,147,190,255,0,0.0544820964287,0.0,1,0
9.0,90.0,0.75,0.0536136916154,0.0554494091063,0.111808200765,0.24273724678,0.251048500793,148,190,255,0,0.0554494091063,0.0,1,0
9.0,90.0,1.0,0.0546957274842,0.0566352397305,0.11329685865,0.243494888818,0.252129225365,150,191,255,0,0.0566352397305,0.0,1,0
9.0,90.0,1.25,0.0558676328117,0.0579565755251,0.115104528102,0.244039405803,0.253164265993,150,192,255,0,0.0579565755251,0.0,1,0
9.0,90.0,1.5,0.0570714160605,0.0593478017338,0.11717316504,0.24432053549,0.25406565494,150,192,255,0,0.0593478017338,0.0,1,0
9.0,90.0,1.75,0.0582662923275,0.0607574131039,0.119457299796,0.244322570982,0.254768353756,150,193,255,0,0.0607574131039,0.0,1,0
9.0,90.0,2.0,0.059424032575,0.062144949608,0.121918253425,0.244053994973,0.255228778021,150,193,255,0,0.062144949608,0.0,1,0
9.0,90.0,2.25,0.0605258397795,0.0634794721056,0.1245202761,0.243539670383,0.255424290997,149,194,255,0,0.0634794721056,0.0,1,0
9.0,90.0,2.5,0.0615606067363,0.0647390067317,0.12722902742,0.242815196424,0.255351847053,147,194,255,0,0.0647390067317,0.0,1,0
9.0,90.0,2.75,0.0625204362456,0.0659068588631,0.130010654274,0.241916624067,0.255020050347,146,194,255,0,0.0659068588631,0.0,1,0
9.0,90.0,3.0,0.0634028596369,0.0669739306513,0.132833079705,0.240883290731,0.254450680945,144,193,255,0,0.0669739306513,0.0,1,0
9.0,90.0,3.25,0.0642071627783,0.0679351007964,0.135666040205,0.239750455352,0.253670628721,142,193,255,0,0.0679351007964,0.0,1,0
9.0,90.0,3.5,0.0649330991635,0.0687875823665,0.138481283675,0.238547503191,0.252707882967,140,192,255,0,0.0687875823665,0.0,1,0
9.0,90.0,3.75,0.0655829703204,0.0695327466847,0.141254053383,0.237301533479,0.251593170219,138,192,255,0,0.0695327466847,0.0,1,0
9.0,90.0,4.0,0.0661585228311,0.0701726027808,0.143962217233,0.236033157832,0.250354154217,136,191,255,0,0.0701726027808,0.0,1,0
9.0,90.0,4.25,0.0666643382475,0.0707130521613,0.146588237699,0.234761998104,0.249019758597,134,190,255,0,0.0707130521613,0.0,1,0
9.0,90.0,4.5,0.0671030522989,0.0711585382542,0.149116655408,0.233500806835,0.24761282127,132,189,255,0,0.0711585382542,0.0,1,0
9.0,90.0,4.75,0.067478152012,0.0715148075509,0.151535469678,0.232260065524,0.246154249819,130,188,255,0,0.0715148075509,0.0,1,0
9.0,90.0,5.0,0.0677932034848,0.0717879008328,0.153835526632,0.231047583313,0.244662003651,128,187,255,0,0.0717879008328,0.0,0,0
9.0,90.0,6.0,0.0685215689948,0.0721670133976,0.161746123642,0.226566487336,0.238620144969,121,183,255,0,0.0721670133976,0.0,0,0
9.0,90.0,7.0,0.0685597247873,0.0716741857252,0.16756377551,0.222742820693,0.23286135335,115,179,255,0,0.0716741857252,0.0,0,0
9.0,90.0,8.0,0.0680880626421,0.0705976511064,0.171460343998,0.219535476726,0.22762711098,110,175,255,0,0.0705976511064,0.0,0,0
9.0,90.0,9.0,0.0672516959657,0.0691495178988,0.173727195177,0.216851130064,0.222970601476,106,172,255,0,0.0691495178988,0.0,0,0
9.0,90.0,10.0,0.0661622207097,0.0674783238331,0.174672698077,0.21459415803,0.218862878739,103,170,255,0,0.0674783238331,0.0,0,0
9.0,90.0,11.0,0.0649068200121,0.0656895145807,0.174582219974,0.212684735021,0.215249445276,100,167,255,0,0.0656895145807,0.0,0,0
9.0,90.0,12.0,0.0635300547223,0.0638332195902,0.173653014394,0.211051883589,0.212059021339,98,165,255,0,0.0638332195902,0.0,0,0
9.0,90.0,13.0,0.0617251811824,0.0616008723576,0.170972102637,0.209736893986,0.209314503216,96,163,255,0,0.0616008723576,0.0,0,0
9.0,90.0,14.0,0.0589349787367,0.0583166587517,0.165161687433,0.208683420845,0.206494005791,95,161,255,0,0.0583166587517,0.0,0,0
9.0,90.0,15.0,0.0574638931977,0.05653154419,0.162787919221,0.207613253564,0.204244738133,94,159,255,0,0.05653154419,0.0,0,0
9.0,90.0,16.0,0.0560172782009,0.0548132728604,0.160217340774,0.206669300475,0.20222726135,92,158,255,0,0.0548132728604,0.0,0,0
9.0,90.0,17.0,0.0546056895099,0.0531674290276,0.157519888666,0.205831620236,0.200410216568,91,157,255,0,0.0531674290276,0.0,0,0
9.0,90.0,18.0,0.0532360499527,0.0515963036581,0.154749032346,0.205084234975,0.198767347928,90,156,255,0,0.0515963036581,0.0,0,0
9.0,90.0,19.0,0.0519126394941,0.0500999914591,0.151945420451,0.204414229858,0.197276641485,89,155,255,0,0.0500999914591,0.0,0,0
9.0,90.0,20.0,0.0506378250098,0.0486771449899,0.149139751702,0.203811079391,0.195919581067,89,154,255,0,0.0486771449899,0.0,0,0
9.0,90.0,21.0,0.049412599536,0.047325498616,0.146355021045,0.203266138092,0.194680535477,88,153,255,0,0.047325498616,0.0,0,0
9.0,90.0,22.0,0.0482405626147,0.046046013715,0.143615728637,0.202774675182,0.19355009495,87,152,255,0,0.046046013715,0.0,0,0
9.0,90.0,23.0,0.0471103103462,0.0448242206026,0.140911906184,0.202323518136,0.192505503432,87,151,255,0,0.0448242206026,0.0,0,0
9.0,90.0,24.0,0.0460314207991,0.0436681758899,0.138274814571,0.201914857657,0.191548584986,86,151,255,0,0.0436681758899,0.0,0,0
9.0,90.0,25.0,0.044998860725,0.0425708059053,0.135703108484,0.20154208547,0.190667249438,86,150,255,0,0.0425708059053,0.0,0,0
9.0,90.0,26.0,0.0440109719031,0.0415288656248,0.13320079334,0.201201631944,0.18985437438,85,149,255,0,0.0415288656248,0.0,0,0
9.0,90.0,27.0,0.0430659826772,0.0405392136215,0.130770254456,0.200890458891,0.189103805863,85,149,255,0,0.0405392136215,0.0,0,0
9.0,90.0,28.0,0.0421654608872,0.0396023711622,0.128420125528,0.200608357269,0.188414082418,85,148,255,0,0.0396023711622,0.0,0,0
9.0,90.0,29.0,0.0413007421403,0.0387083649798,0.126135631233,0.200348272142,0.187772752722,84,148,255,0,0.0387083649798,0.0,0,0
9.0,90.0,30.0,0.0404734502465,0.0378580777359,0.123923819006,0.200110656401,0.187179613788,84,148,255,0,0.0378580777359,0.0,0,0
9.0,90.0,31.0,0.0396818270918,0.0370489791772,0.121783743295,0.199893797099,0.186631051772,84,147,255,0,0.0370489791772,0.0,0,0
9.0,90.0,32.0,0.0389209243533,0.0362753386856,0.119706789823,0.199693764576,0.186119910145,84,147,255,0,0.0362753386856,0.0,0,0
9.0,90.0,33.0,0.0381989089444,0.0355450515208,0.11771355279,0.199516374651,0.185655036026,84,147,255,0,0.0355450515208,0.0,0,0
9.0,90.0,34.0,0.0375013171588,0.0348427128352,0.115773261264,0.199350718416,0.185218023299,83,146,255,0,0.0348427128352,0.0,0,0
9.0,90.0,35.0,0.0368364214632,0.0341764240826,0.11390642361,0.199202720362,0.184818078931,83,146,255,0,0.0341764240826,0.0,0,0
9.0,90.0,36.0,0.0361997351507,0.0335411654241,0.112104565621,0.199068670272,0.184448730704,83,146,255,0,0.0335411654241,0.0,0,0
9.0,90.0,37.0,0.035590136133,0.0329354085369,0.110366872394,0.198947147772,0.184107348301,83,145,255,0,0.0329354085369,0.0,0,0
9.0,90.0,38.0,0.0350066638826,0.0323577996259,0.108693033226,0.19883654222,0.183791092263,83,145,255,0,0.0323577996259,0.0,0,0
9.0,90.0,39.0,0.0344485339611,0.0318071610063,0.107083375737,0.198734963913,0.183496778177,83,145,255,0,0.0318071610063,0.0,0,0
9.0,90.0,40.0,0.0339181341424,0.0312855414898,0.105545908367,0.198642557997,0.183224701092,83,145,255,0,0.0312855414898,0.0,0,0
9.0,90.0,41.0,0.0334060634848,0.0307829264242,0.104061519136,0.198549553725,0.182958890282,83,145,255,0,0.0307829264242,0.0,0,0
9.0,90.0,42.0,0.0330985900894,0.0304660569517,0.103289196375,0.198368760418,0.182591280657,82,144,255,0,0.0304660569517,0.0,0,0
9.0,90.0,43.0,0.0341912638476,0.0315680047532,0.105947541622,0.199125845988,0.183848297643,84,145,255,0,0.0315680047532,0.0,0,0
9.0,90.0,44.0,0.0336998836879,0.0310867547609,0.104544541498,0.199017592026,0.183585532036,84,145,255,0,0.0310867547609,0.0,0,0
9.0,90.0,45.0,0.033257341409,0.0306534398413,0.103282943241,0.198915010179,0.183340851665,83,145,255,0,0.0306534398413,0.0,0,0
9.0,90.0,46.0,0.0328586119169,0.0302628865616,0.102150461255,0.198815406859,0.18310962495,83,145,255,0,0.0302628865616,0.0,0,0
9.0,90.0,47.0,0.0325023043618,0.029913801102,0.101141507945,0.198720827998,0.182894580562,83,144,255,0,0.029913801102,0.0,0,0
9.0,90.0,48.0,0.0318212884026,0.0292795243341,0.0989534989648,0.198815564944,0.182934930167,83,144,255,0,0.0292795243341,0.0,0,0
9.0,90.0,49.0,0.0297468682575,0.0271735270365,0.0934964327431,0.197762900905,0.180654833579,82,143,255,0,0.0271735270365,0.0,0,0
9.0,90.0,50.0,0.0294098857944,0.0268435169581,0.0925425191596,0.197652498916,0.180404923826,82,143,255,0,0.0268435169581,0.0,0,0
9.0,90.0,51.0,0.0290857973402,0.0265263306759,0.0916242725885,0.197544881706,0.180161499242,82,143,255,0,0.0265263306759,0.0,0,0
9.0,90.0,52.0,0.0287740962079,0.0262216216558,0.0907390216199,0.197441573024,0.1799270493,82,142,255,0,0.0262216216558,0.0,0,0
9.0,90.0,53.0,0.0284742992572,0.02592901722,0.0898845470914,0.19734368888,0.179703383075,81,142,255,0,0.02592901722,0.0,0,0
9.0,90.0,54.0,0.0281885818226,0.0256507878216,0.0890653309942,0.197254405885,0.179495759811,81,142,255,0,0.0256507878216,0.0,0,0
9.0,90.0,55.0,0.0279085983605,0.0253785423307,0.0882609008839,0.197166969249,0.179292783202,81,142,255,0,0.0253785423307,0.0,0,0
9.0,90.0,56.0,0.027641841914,0.0251198666365,0.0874889346873,0.197088877996,0.179106962054,81,142,255,0,0.0251198666365,0.0,0,0
9.0,90.0,57.0,0.027387863535,0.0248743015808,0.0867482408675,0.197020239897,0.178938414033,81,142,255,0,0.0248743015808,0.0,0,0
9.0,90.0,58.0,0.027141114677,0.024636235408,0.0860254373533,0.196956209534,0.178778933764,81,142,255,0,0.024636235408,0.0,0,0
9.0,90.0,59.0,0.026901297964,0.024405350653,0.0853198113979,0.196896691615,0.178628288037,81,141,255,0,0.024405350653,0.0,0,0
9.0,90.0,60.0,0.0266757233307,0.0241889877727,0.0846490607435,0.196848799699,0.178498372845,81,141,255,0,0.0241889877727,0.0,0,0
9.0,90.0,61.0,0.0264539276224,0.023976576323,0.083988035448,0.196802671282,0.178372540211,81,141,255,0,0.023976576323,0.0,0,0
9.0,90.0,62.0,0.0262432114573,0.0237754408298,0.0833544700993,0.196765367622,0.17826260947,81,141,255,0,0.0237754408298,0.0,0,0
9.0,90.0,63.0,0.0260407720239,0.0235827287379,0.0827417142702,0.196734255428,0.178164094941,81,141,255,0,0.0235827287379,0.0,0,0
9.0,90.0,64.0,0.0258463539301,0.0233981543415,0.0821492681159,0.196709118504,0.178076580069,81,141,255,0,0.0233981543415,0.0,0,0
9.0,90.0,65.0,0.0256597180567,0.0232214495163,0.0815766688369,0.196689741014,0.177999652266,81,141,255,0,0.0232214495163,0.0,0,0
9.0,90.0,66.0,0.0254830887018,0.0230548235035,0.0810294287548,0.196678333544,0.177936996566,81,141,255,0,0.0230548235035,0.0,0,0
9.0,90.0,67.0,0.0253089146335,0.0228906619372,0.0804893277354,0.196667418764,0.177875956444,81,141,255,0,0.0228906619372,0.0,0,0
9.0,90.0,68.0,0.0251467708813,0.0227385635417,0.0799797191414,0.196666486896,0.177832510978,81,141,255,0,0.0227385635417,0.0,0,0
9.0,90.0,69.0,0.0249867569905,0.0225885599166,0.0794766474586,0.196665648699,0.177789930517,81,141,255,0,0.0225885599166,0.0,0,0
9.0,90.0,70.0,0.0248383890841,0.0224501872407,0.0790033516915,0.19667439934,0.177764229221,81,141,255,0,0.0224501872407,0.0,0,0
9.0,90.0,71.0,0.0246918823083,0.0223136004466,0.0785361257138,0.196682857656,0.177738685355,81,141,255,0,0.0223136004466,0.0,0,0
9.0,90.0,72.0,0.0245543188436,0.0221858894228,0.0780923131642,0.19669809247,0.17772523673,81,141,255,0,0.0221858894228,0.0,0,0
9.0,90.0,73.0,0.0244231812777,0.0220645067165,0.0776659021622,0.196717479107,0.17771944161,81,141,255,0,0.0220645067165,0.0,0,0
9.0,90.0,74.0,0.0243007459028,0.0219517146199,0.0772625732162,0.196743223615,0.177725042494,81,141,255,0,0.0219517146199,0.0,0,0
9.0,90.0,75.0,0.0241798311856,0.0218402877436,0.0768649598717,0.196767837247,0.177729370862,81,141,255,0,0.0218402877436,0.0,0,0
9.0,90.0,76.0,0.0237053422583,0.0214280824496,0.0751620173894,0.197059355242,0.178128797534,82,141,255,0,0.0214280824496,0.0,0,0
9.0,90.0,77.0,0.0236133426066,0.0213420562891,0.0748677248071,0.197068327689,0.178113002145,82,141,255,0,0.0213420562891,0.0,0,0
9.0,90.0,78.0,0.0235232608834,0.0212577512799,0.0745804197519,0.197075893829,0.178095645627,82,141,255,0,0.0212577512799,0.0,0,0
9.0,90.0,79.0,0.0234420806084,0.0211821523752,0.0743172914785,0.197089121856,0.178088791707,82,141,255,0,0.0211821523752,0.0,0,0
9.0,90.0,80.0,0.0233674137132,0.021112844082,0.0740727068709,0.197105266655,0.178087862598,82,141,255,0,0.021112844082,0.0,0,0
9.0,90.0,81.0,0.0232992493359,0.0210497874028,0.0738469146392,0.19712392061,0.178092287912,82,141,255,0,0.0210497874028,0.0,0,0
9.0,90.0,82.0,0.0232376068666,0.0209929656504,0.0736403287532,0.197144559142,0.178101341588,82,141,255,0,0.0209929656504,0.0,0,0
9.0,90.0,83.0,0.0231825384607,0.0209423859446,0.0734535460793,0.197166525174,0.178114121219,82,141,255,0,0.0209423859446,0.0,0,0
9.0,90.0,84.0,0.023136446998,0.0209004003975,0.0732930242252,0.197191445609,0.178133667998,82,141,255,0,0.0209004003975,0.0,0,0
9.0,90.0,85.0,0.0230924942389,0.0208600947274,0.0731427154731,0.197211103805,0.17814629568,82,141,255,0,0.0208600947274,0.0,0,0
9.0,90.0,86.0,0.0230577724889,0.0208285015474,0.0730207394905,0.197231729674,0.178162976874,82,141,255,0,0.0208285015474,0.0,0,0
9.0,90.0,87.0,0.0230324240789,0.0208056874456,0.0729282533092,0.197252214811,0.178182197204,82,141,255,0,0.0208056874456,0.0,0,0
9.0,90.0,88.0,0.0230096531725,0.020784772723,0.0728494013349,0.197264216366,0.178190078434,82,141,255,0,0.020784772723,0.0,0,0
9.0,90.0,89.0,0.0229988126672,0.0207750619497,0.0728077343575,0.197276507586,0.178201880489,82,141,255,0,0.0207750619497,0.0,0,0
9.0,90.0,90.0,0.0230997821038,0.0208728548322,0.0730915358652,0.197325804737,0.178302672224,82,141,255,0,0.0208728548322,0.0,0,0
9.0,180.0,0.0,0.0333648682092,0.0339942240264,0.0827276176686,0.222303948368,0.226497229822,117,174,255,0,0.0339942240264,0.0,1,0
9.0,180.0,0.25,0.034354501028,0.0349795743962,0.0853042724126,0.222160295351,0.226202458094,117,174,255,0,0.0349795743962,0.0,1,0
9.0,180.0,0.5,0.0349401115369,0.0355805088726,0.0863455619537,0.22273833028,0.226820773838,118,174,255,0,0.0355805088726,0.0,1,0
9.0,180.0,0.75,0.0355893712967,0.036283749352,0.0872567485621,0.223649849479,0.228013442932,119,175,255,0,0.036283749352,0.0,1,0
9.0,180.0,1.0,0.0363618942508,0.0371442855086,0.0883552167996,0.224648341259,0.229482052535,121,176,255,0,0.0371442855086,0.0,1,0
9.0,180.0,1.25,0.0372389939806,0.0381403395648,0.0896815229285,0.225607662387,0.231068348848,122,177,255,0,0.0381403395648,0.0,1,0
9.0,180.0,1.5,0.0381937528798,0.0392421621346,0.0912272635347,0.226449858282,0.232665851979,123,178,255,0,0.0392421621346,0.0,1,0
9.0,180.0,1.75,0.0392012278904,0.0404208586941,0.0929767191939,0.227123401657,0.234189677685,124,179,255,0,0.0404208586941,0.0,1,0
9.0,180.0,2.0,0.040240061599,0.0416497671206,0.0949133462269,0.227598071195,0.235571375532,124,180,255,0,0.0416497671206,0.0,1,0
9.0,180.0,2.25,0.0412924241735,0.0429048391076,0.0970199254581,0.227861520537,0.23675921366,124,181,255,0,0.0429048391076,0.0,1,0
9.0,180.0,2.5,0.0423436886304,0.0441649226462,0.0992780690028,0.227915631878,0.237718455272,124,182,255,0,0.0441649226462,0.0,1,0
9.0,180.0,2.75,0.0433816818452,0.0454115084193,0.101667795541,0.227772011479,0.238429451718,123,183,255,0,0.0454115084193,0.0,1,0
9.0,180.0,3.0,0.0443968515575,0.0466293309684,0.10416804914,0.227449608417,0.238886828625,123,183,255,0,0.0466293309684,0.0,1,0
9.0,180.0,3.25,0.0453817482941,0.0478060889902,0.106757101495,0.226971228035,0.239096269613,121,183,255,0,0.0478060889902,0.0,1,0
9.0,180.0,3.5,0.0463307528794,0.0489322893153,0.109413176819,0.226361191851,0.239071688695,120,183,255,0,0.0489322893153,0.0,1,0
9.0,180.0,3.75,0.0472397550184,0.0500009300886,0.112114994766,0.225643531845,0.238832450683,119,183,255,0,0.0500009300886,0.0,1,0
9.0,180.0,4.0,0.0481056541891,0.0510068946027,0.114841910049,0.224840624727,0.238400708632,117,183,255,0,0.0510068946027,0.0,1,0
9.0,180.0,4.25,0.0489265199754,0.0519470770076,0.1175747437,0.223972953158,0.237800281957,115,183,255,0,0.0519470770076,0.0,1,0
9.0,180.0,4.5,0.0497012517428,0.0528198952545,0.120295897894,0.223058571516,0.237055003042,114,182,255,0,0.0528198952545,0.0,1,0
9.0,180.0,4.75,0.0504294741445,0.0536250701384,0.122989624752,0.222113055617,0.236187832378,112,182,255,0,0.0536250701384,0.0,1,0
9.0,180.0,5.0,0.0511112883727,0.0543632345362,0.125641928319,0.22114950321,0.23522009899,110,181,255,0,0.0543632345362,0.0,0,0
9.0,180.0,6.0,0.0533890585435,0.0566808330404,0.135619459711,0.217303103542,0.230701219819,103,178,255,0,0.0566808330404,0.0,0,0
9.0,180.0,7.0,0.055011539317,0.0581102293055,0.14426334111,0.213732408119,0.225771527211,97,175,255,0,0.0581102293055,0.0,0,0
9.0,180.0,8.0,0.0560760438055,0.0588329105232,0.151386022338,0.210578676727,0.220931356872,91,172,255,0,0.0588329105232,0.0,0,0
9.0,180.0,9.0,0.0566140518112,0.0589406934767,0.156834735945,0.207842283611,0.216383882409,86,169,255,0,0.0589406934767,0.0,0,0
9.0,180.0,10.0,0.0565197164501,0.0583246078673,0.160385163716,0.205354872597,0.211912641644,82,166,255,0,0.0583246078673,0.0,0,0
9.0,180.0,11.0,0.0559917602976,0.0572625614296,0.16231618717,0.203184878243,0.207796406295,78,163,255,0,0.0572625614296,0.0,0,0
9.0,180.0,12.0,0.055227720088,0.0559919700028,0.163121854329,0.201310086683,0.204095847463,75,161,255,0,0.0559919700028,0.0,0,0
9.0,180.0,13.0,0.0543098847813,0.0546102284415,0.163049105326,0.199691292534,0.20079562214,72,159,255,0,0.0546102284415,0.0,0,0
9.0,180.0,14.0,0.0532921575687,0.0531750855933,0.162297075299,0.198285835984,0.197850242539,70,157,255,0,0.0531750855933,0.0,0,0
9.0,180.0,15.0,0.0522122099029,0.0517237161781,0.161023045278,0.197057716654,0.195214058663,68,155,255,0,0.0517237161781,0.0,0,0
9.0,180.0,16.0,0.0510975490767,0.0502810752243,0.159352932611,0.195977616526,0.192846143442,66,153,255,0,0.0502810752243,0.0,0,0
9.0,180.0,17.0,0.0499684308159,0.0488639235152,0.157387342243,0.195021817151,0.190711034977,65,152,255,0,0.0488639235152,0.0,0,0
9.0,180.0,18.0,0.0488396963751,0.0474832733104,0.155206218268,0.194171089139,0.188778382727,63,150,255,0,0.0474832733104,0.0,0,0
9.0,180.0,19.0,0.0477221097923,0.04614606715,0.152872776116,0.193409765184,0.187022326768,62,149,255,0,0.04614606715,0.0,0,0
9.0,180.0,20.0,0.0466233612853,0.044856365771,0.150436789403,0.19272500269,0.185420848595,61,148,255,0,0.044856365771,0.0,0,0
9.0,180.0,21.0,0.0455487879483,0.0436161617547,0.147937165625,0.192106206582,0.183955177685,60,147,255,0,0.0436161617547,0.0,0,0
9.0,180.0,22.0,0.0444136441572,0.0423458694354,0.145093480786,0.191559502073,0.182641028851,59,146,255,0,0.0423458694354,0.0,0,0
9.0,180.0,23.0,0.0427272088091,0.0404841040134,0.140531633542,0.190965612563,0.180940247151,59,145,255,0,0.0404841040134,0.0,0,0
9.0,180.0,24.0,0.0417209901379,0.0393724235341,0.137910748205,0.190503183959,0.179779339336,58,144,255,0,0.0393724235341,0.0,0,0
9.0,180.0,25.0,0.040747523015,0.0383085432132,0.135303695489,0.190089421114,0.178711447085,57,143,255,0,0.0383085432132,0.0,0,0
9.0,180.0,26.0,0.0398237671009,0.0373061077308,0.132768742666,0.189728582188,0.177733937344,57,143,255,0,0.0373061077308,0.0,0,0
9.0,180.0,27.0,0.0389346473024,0.0363501695899,0.130288176038,0.189395731158,0.176823662835,57,142,255,0,0.0363501695899,0.0,0,0
9.0,180.0,28.0,0.038087718526,0.03544547989,0.127868204256,0.189113472005,0.1759942057,56,141,255,0,0.03544547989,0.0,0,0
9.0,180.0,29.0,0.0372713232362,0.034582253834,0.125512104869,0.188843991874,0.175219184481,56,141,255,0,0.034582253834,0.0,0,0
9.0,180.0,30.0,0.0365042064753,0.033773140176,0.123223700636,0.188651208803,0.17453724747,56,140,255,0,0.033773140176,0.0,0,0
9.0,180.0,31.0,0.0357693184632,0.033002678266,0.121002230681,0.188483541477,0.173904953883,56,140,255,0,0.033002678266,0.0,0,0
9.0,180.0,32.0,0.0350524678924,0.0322595187161,0.118846964713,0.188293217401,0.173290182863,56,139,255,0,0.0322595187161,0.0,0,0
9.0,180.0,33.0,0.0343854365657,0.031567133562,0.116761094492,0.188193021235,0.172768323747,56,139,255,0,0.031567133562,0.0,0,0
9.0,180.0,34.0,0.0337388969209,0.030905303914,0.114744299552,0.188077256057,0.172281410723,56,139,255,0,0.030905303914,0.0,0,0
9.0,180.0,35.0,0.0331294658646,0.0302777268441,0.112788693191,0.188026330441,0.171841281591,56,138,255,0,0.0302777268441,0.0,0,0
9.0,180.0,36.0,0.0325346260706,0.0296747916908,0.110899240563,0.18794337837,0.171422920021,56,138,255,0,0.0296747916908,0.0,0,0
9.0,180.0,37.0,0.0319632328132,0.0290991954384,0.109072036496,0.187870416854,0.171036453323,56,138,255,0,0.0290991954384,0.0,0,0
9.0,180.0,38.0,0.0314402913584,0.0285670940808,0.107305462025,0.18791319277,0.170740588746,57,138,255,0,0.0285670940808,0.0,0,0
9.0,180.0,39.0,0.0309169034524,0.0280447328672,0.105596385535,0.187878434026,0.170424586728,57,137,255,0,0.0280447328672,0.0,0,0
9.0,180.0,40.0,0.0304179370236,0.0275507110029,0.103948546442,0.187861067649,0.170153090246,57,137,255,0,0.0275507110029,0.0,0,0
9.0,180.0,41.0,0.0299589218319,0.0270868994755,0.102343179277,0.187961036973,0.169942087447,58,137,255,0,0.0270868994755,0.0,0,0
9.0,180.0,42.0,0.0294960685014,0.0266311958174,0.100793585919,0.187967809611,0.169711008939,58,137,255,0,0.0266311958174,0.0,0,0
9.0,180.0,43.0,0.029048822044,0.026193166136,0.0992918693663,0.187977071855,0.169497911668,59,136,255,0,0.026193166136,0.0,0,0
9.0,180.0,44.0,0.0286207248709,0.0257771536454,0.0978431698105,0.18799611002,0.169318025123,59,136,255,0,0.0257771536454,0.0,0,0
9.0,180.0,45.0,0.028236089718,0.0253920170352,0.096423276183,0.188176137837,0.16922214603,60,136,255,0,0.0253920170352,0.0,0,0
9.0,180.0,46.0,0.0276522042843,0.0248502738034,0.0943611135155,0.188284951923,0.169206496533,60,136,255,0,0.0248502738034,0.0,0,0
9.0,180.0,47.0,0.0267025017537,0.0238558577468,0.0914663953526,0.188013010699,0.167969716065,60,135,255,0,0.0238558577468,0.0,0,0
9.0,180.0,48.0,0.0264222403192,0.0235945636923,0.090462451039,0.188086421085,0.167957636761,61,135,255,0,0.0235945636923,0.0,0,0
9.0,180.0,49.0,0.0261456336148,0.0233383698797,0.0894687371871,0.188162057737,0.167959046833,61,135,255,0,0.0233383698797,0.0,0,0
9.0,180.0,50.0,0.0259274836918,0.0231262443506,0.0885196883826,0.188462890328,0.168101112493,62,135,255,0,0.0231262443506,0.0,0,0
9.0,180.0,51.0,0.0256793071256,0.0228990534168,0.087602598486,0.188567530357,0.16815165336,62,135,255,0,0.0228990534168,0.0,0,0
9.0,180.0,52.0,0.02542830454,0.0226685578163,0.086686534534,0.188660511062,0.168185090592,63,135,255,0,0.0226685578163,0.0,0,0
9.0,180.0,53.0,0.0251870257254,0.0224494033031,0.0858000700205,0.188756643833,0.168240350002,63,135,255,0,0.0224494033031,0.0,0,0
9.0,180.0,54.0,0.0249522416814,0.0222368215247,0.0849370059475,0.188851767416,0.168300030926,63,135,255,0,0.0222368215247,0.0,0,0
9.0,180.0,55.0,0.0247659336396,0.0220647998606,0.0842598309101,0.188922320618,0.168317223744,63,135,255,0,0.0220647998606,0.0,0,0
9.0,180.0,56.0,0.024694243823,0.0219809693219,0.0838167604692,0.189239561171,0.168446906834,64,135,255,0,0.0219809693219,0.0,0,0
9.0,180.0,57.0,0.0245852114212,0.0218762392014,0.0834064497926,0.18930937778,0.168449933597,65,135,255,0,0.0218762392014,0.0,0,0
9.0,180.0,58.0,0.0244684071376,0.0217635511931,0.0829795493138,0.189367089539,0.168433536531,65,135,255,0,0.0217635511931,0.0,0,0
9.0,180.0,59.0,0.0243579197415,0.0216582439256,0.0825712751291,0.189426898689,0.168432034484,65,135,255,0,0.0216582439256,0.0,0,0
9.0,180.0,60.0,0.0242505437187,0.0215568498563,0.0821734567513,0.18948572116,0.16843808899,65,135,255,0,0.0215568498563,0.0,0,0
9.0,180.0,61.0,0.0241463768069,0.0214593138045,0.0817875979821,0.189541985088,0.168449327601,66,135,255,0,0.0214593138045,0.0,0,0
9.0,180.0,62.0,0.0240509167245,0.021371457435,0.0814280617471,0.189600583968,0.168477603426,66,135,255,0,0.021371457435,0.0,0,0
9.0,180.0,63.0,0.0239037314927,0.0212399962817,0.0808797284387,0.189676844383,0.168540023579,66,135,255,0,0.0212399962817,0.0,0,0
9.0,180.0,64.0,0.0235794105922,0.0210021307856,0.0788771073399,0.190990350511,0.170114698352,69,136,255,0,0.0210021307856,0.0,0,0
9.0,180.0,65.0,0.0234725652215,0.0209100650116,0.0784171719231,0.191144975882,0.17027767671,69,136,255,0,0.0209100650116,0.0,0,0
9.0,180.0,66.0,0.0233753391718,0.020827716456,0.0779863637012,0.191304118639,0.170454336966,70,136,255,0,0.020827716456,0.0,0,0
9.0,180.0,67.0,0.0232805772388,0.0207476369543,0.0775697925319,0.191455253798,0.170624811319,70,136,255,0,0.0207476369543,0.0,0,0
9.0,180.0,68.0,0.0231889163629,0.0206706809577,0.0771647773136,0.19160533928,0.170797667992,71,136,255,0,0.0206706809577,0.0,0,0
9.0,180.0,69.0,0.0231066996319,0.0206032904051,0.0767915505571,0.191754391836,0.170979477138,71,137,255,0,0.0206032904051,0.0,0,0
9.0,180.0,70.0,0.0230327306165,0.0205438600509,0.0764455905527,0.191903949606,0.171167194614,71,137,255,0,0.0205438600509,0.0,0,0
9.0,180.0,71.0,0.0229564086212,0.0204816589456,0.0760981351719,0.192045657259,0.171342726942,72,137,255,0,0.0204816589456,0.0,0,0
9.0,180.0,72.0,0.0228917676466,0.0204307185255,0.0757875065176,0.192190152394,0.171528165388,72,137,255,0,0.0204307185255,0.0,0,0
9.0,180.0,73.0,0.0228930008635,0.0204258975342,0.075487857065,0.192691070253,0.171925388036,73,137,255,0,0.0204258975342,0.0,0,0
9.0,180.0,74.0,0.0228380689459,0.0203837150273,0.0751958314482,0.192860402269,0.17213414537,74,137,255,0,0.0203837150273,0.0,0,0
9.0,180.0,75.0,0.0227921546664,0.0203506089828,0.0749314438938,0.193032459338,0.172354398189,74,137,255,0,0.0203506089828,0.0,0,0
9.0,180.0,76.0,0.0227559565524,0.020327411086,0.0746956192926,0.193208968301,0.17258945433,74,137,255,0,0.020327411086,0.0,0,0
9.0,180.0,77.0,0.022720840882,0.0203049864678,0.0744641825276,0.193385300637,0.172823089291,75,138,255,0,0.0203049864678,0.0,0,0
9.0,180.0,78.0,0.0226915733767,0.0202885564846,0.0742503274714,0.193563804945,0.173065574819,75,138,255,0,0.0202885564846,0.0,0,0
9.0,180.0,79.0,0.0226675792681,0.0202773793486,0.0740527419555,0.193743801436,0.17331434079,75,138,255,0,0.0202773793486,0.0,0,0
9.0,180.0,80.0,0.0226471659063,0.0202692134162,0.0738692848651,0.193920769847,0.173559088414,76,138,255,0,0.0202692134162,0.0,0,0
9.0,180.0,81.0,0.0226301257208,0.0202644808436,0.073694396838,0.194101716804,0.173811253654,76,138,255,0,0.0202644808436,0.0,0,0
9.0,180.0,82.0,0.0226219998973,0.0202686439839,0.0735433042027,0.194290413317,0.174078473825,77,138,255,0,0.0202686439839,0.0,0,0
9.0,180.0,83.0,0.022620377826,0.0202793930771,0.073408344631,0.19448666778,0.174359226645,77,139,255,0,0.0202793930771,0.0,0,0
9.0,180.0,84.0,0.022630132208,0.0203018518895,0.0733002638252,0.19469753543,0.174666258739,77,139,255,0,0.0203018518895,0.0,0,0
9.0,180.0,85.0,0.0227107951501,0.0203722860631,0.0731899055367,0.195323056412,0.175210826113,79,139,255,0,0.0203722860631,0.0,0,0
9.0,180.0,86.0,0.0227325013044,0.0204056234504,0.0731003416623,0.195567801306,0.175549661652,79,139,255,0,0.0204056234504,0.0,0,0
9.0,180.0,87.0,0.0230136447387,0.0207604624409,0.0732404735285,0.196673308569,0.177417739868,81,141,255,0,0.0207604624409,0.0,0,0
9.0,180.0,88.0,0.0230395553954,0.0207954474671,0.0731806965658,0.196892857181,0.177715020879,82,141,255,0,0.0207954474671,0.0,0,0
9.0,180.0,89.0,0.0230668220512,0.0208315527896,0.0731272974337,0.197109075324,0.178008400932,82,141,255,0,0.0208315527896,0.0,0,0
9.0,180.0,90.0,0.0230997821038,0.0208728548321,0.0730915358652,0.197325804736,0.178302672224,82,141,255,0,0.0208728548321,0.0,0,0
12.0,0.0,0.0,0.0136282003744,0.0138580764631,0.0193008361191,0.291281071073,0.296194306239,221,223,255,0,0.0138580764631,0.0,1,1
12.0,0.0,0.25,0.0160046317123,0.0150184325945,0.0186523471695,0.322184179992,0.302331317409,255,216,244,0,0.0150184325945,0.0,1,1
12.0,0.0,0.5,0.0209555557249,0.0181019036519,0.018697568409,0.362835176924,0.313425589873,255,182,197,0,0.0181019036519,0.0,1,1
12.0,0.0,0.75,0.0285660166397,0.0233068460225,0.0192219746956,0.401801561144,0.327827545413,255,161,162,0,0.0233068460225,0.0,1,1
12.0,0.0,1.0,0.038002399429,0.0304492942964,0.021081329916,0.424451201171,0.340090092549,255,154,143,0,0.0304492942964,0.0,1,1
12.0,0.0,1.25,0.0477478176999,0.0385185030642,0.0225244410655,0.438895885063,0.354060422194,255,153,129,0,0.0385185030642,0.0,1,1
12.0,0.0,1.5,0.058205457472,0.0476130523576,0.0246005880181,0.44629550758,0.365077301893,255,155,120,0,0.0476130523576,0.0,1,1
12.0,0.0,1.75,0.0670799188391,0.0562913789601,0.0273166533674,0.445157813347,0.373562574342,255,161,118,0,0.0562913789601,0.0,1,1
12.0,0.0,2.0,0.075453687838,0.0647578806315,0.0306070259262,0.441718233925,0.379103228548,255,166,118,0,0.0647578806315,0.0,1,1
12.0,0.0,2.25,0.0815586621256,0.0718872303169,0.0343613096225,0.434268021827,0.382771424772,255,173,121,0,0.0718872303169,0.0,1,1
12.0,0.0,2.5,0.08661515599,0.0779684651354,0.0383490710921,0.426817163088,0.384208499298,255,179,126,0,0.0779684651354,0.0,1,1
12.0,0.0,2.75,0.0894784040669,0.0824130659038,0.0424399266902,0.417476886079,0.384512335513,255,186,132,0,0.0824130659038,0.0,1,1
12.0,0.0,3.0,0.0914723752275,0.085712285461,0.0464082785692,0.4091022531,0.383340751929,255,191,139,0,0.085712285461,0.0,1,1
12.0,0.0,3.25,0.0915370768156,0.0873709696343,0.0500991020579,0.399712748759,0.381520708867,255,198,147,0,0.0873709696343,0.0,1,1
12.0,0.0,3.5,0.0911982035607,0.0881980198855,0.0534266379994,0.391706394271,0.378820272794,255,203,155,0,0.0881980198855,0.0,1,1
12.0,0.0,3.75,0.0892389658136,0.087565958496,0.0562297702629,0.382942831656,0.375763611752,255,208,163,0,0.087565958496,0.0,1,1
12.0,0.0,4.0,0.0873395023635,0.0865190331481,0.0585770365396,0.375757899674,0.37222802166,255,213,171,0,0.0865190331481,0.0,1,1
12.0,0.0,4.25,0.0840803601092,0.0842504963883,0.0603005904317,0.367755010251,0.368499161073,255,218,180,0,0.0842504963883,0.0,1,1
12.0,0.0,4.5,0.0812675441513,0.0819632558408,0.0615938158223,0.361470846317,0.364565310359,255,222,187,0,0.0819632558408,0.0,1,1
12.0,0.0,4.75,0.0772916538581,0.0786860285967,0.0622953702129,0.354105341514,0.360493554449,255,227,196,0,0.0786860285967,0.0,1,1
12.0,0.0,5.0,0.0740618810833,0.0757077624818,0.0626446639379,0.348667102296,0.356415551155,255,230,203,0,0.0757077624818,0.0,0,1
12.0,0.0,6.0,0.0591975254406,0.0616202698538,0.0604468115199,0.326580717996,0.339946506584,255,244,233,0,0.0616202698538,0.0,0,1
12.0,0.0,7.0,0.0467098010973,0.0489353514768,0.0552771014491,0.309495782445,0.324242119186,250,250,255,0,0.0489353514768,0.0,0,1
12.0,0.0,8.0,0.0364420911276,0.0384399867263,0.0494374806111,0.293132404728,0.309203050598,223,236,255,0,0.0384399867263,0.0,0,1
12.0,0.0,9.0,0.0290949499655,0.0306659670075,0.0439984362966,0.280407973341,0.295548941287,204,224,255,0,0.0306659670075,0.0,0,1
12.0,0.0,10.0,0.0236440887146,0.0248811922894,0.0394074758372,0.268888291052,0.282957036527,187,214,255,0,0.0248811922894,0.0,0,1
12.0,0.0,11.0,0.0196607831579,0.0206414359504,0.035671724224,0.2587832393,0.271690990951,172,205,255,0,0.0206414359504,0.0,0,1
12.0,0.0,12.0,0.0167351126911,0.0175224615673,0.0326773166393,0.250020765951,0.261783672646,159,198,255,0,0.0175224615673,0.0,0,1
12.0,0.0,13.0,0.0145733315654,0.0152117507372,0.0302741697201,0.242649235124,0.253279057346,148,192,255,0,0.0152117507372,0.0,0,1
12.0,0.0,14.0,0.012964420468,0.0134901034091,0.0283590162022,0.236518576419,0.246108961209,138,187,255,0,0.0134901034091,0.0,0,1
12.0,0.0,15.0,0.011744563629,0.0121823069609,0.0268157535243,0.231453611909,0.240080350071,130,183,255,0,0.0121823069609,0.0,0,1
12.0,0.0,16.0,0.0107925679423,0.0111601265192,0.0255553880372,0.227173301355,0.234910060188,124,180,255,0,0.0111601265192,0.0,0,1
12.0,0.0,17.0,0.0100730004718,0.0103672661165,0.024499511723,0.224144418382,0.230692417856,119,177,255,0,0.0103672661165,0.0,0,1
12.0,0.0,18.0,0.00945060324747,0.00969533011221,0.0235970253489,0.221103160217,0.226828708287,114,175,255,0,0.00969533011221,0.0,0,1
12.0,0.0,19.0,0.00893171074265,0.00913446856437,0.0228096361199,0.218508441957,0.223468779007,110,172,255,0,0.00913446856437,0.0,0,1
12.0,0.0,20.0,0.00851143843382,0.0086718556805,0.0221064170396,0.216632756613,0.220715689319,107,171,255,0,0.0086718556805,0.0,0,1
12.0,0.0,21.0,0.00813322337552,0.00826388375598,0.021470498299,0.214780503891,0.218230956567,104,169,255,0,0.00826388375598,0.0,0,1
12.0,0.0,22.0,0.00781925431999,0.00792182032634,0.0208925232117,0.213444891498,0.216244671272,101,168,255,0,0.00792182032634,0.0,0,1
12.0,0.0,23.0,0.00751992877088,0.00759934798068,0.0203384722957,0.21208139188,0.214321218489,99,166,255,0,0.00759934798068,0.0,0,1
12.0,0.0,24.0,0.00726035250534,0.00731792506884,0.0198214542435,0.211058404287,0.212732038367,97,165,255,0,0.00731792506884,0.0,0,1
12.0,0.0,25.0,0.00668542855222,0.00666200973871,0.018716898717,0.208500445544,0.207770076053,94,162,255,0,0.00666200973871,0.0,0,1
12.0,0.0,26.0,0.00652293431153,0.0064936588124,0.0183491634453,0.207963557236,0.20703019862,93,162,255,0,0.0064936588124,0.0,0,1
12.0,0.0,27.0,0.00637214120743,0.00634059587585,0.0180044048672,0.20744577141,0.206418809604,92,161,255,0,0.00634059587585,0.0,0,1
12.0,0.0,28.0,0.00624107902841,0.00620720867262,0.0176816758345,0.207138618706,0.206014476762,91,161,255,0,0.00620720867262,0.0,0,1
12.0,0.0,29.0,0.00611964174133,0.00608622244909,0.0173795563692,0.206846535408,0.205716948888,91,161,255,0,0.00608622244909,0.0,0,1
12.0,0.0,30.0,0.00601408030707,0.00598121550277,0.0170973608068,0.206721592542,0.205591932755,90,161,255,0,0.00598121550277,0.0,0,1
12.0,0.0,31.0,0.00591950826832,0.00588919965896,0.0168340057563,0.206667159184,0.205608997947,90,161,255,0,0.00588919965896,0.0,0,1
12.0,0.0,32.0,0.0058294711252,0.00580155161864,0.0165844177033,0.206605710661,0.205616199028,90,161,255,0,0.00580155161864,0.0,0,1
12.0,0.0,33.0,0.00574140687344,0.00571509850159,0.0163332514994,0.206601551046,0.205654857918,90,161,255,0,0.00571509850159,0.0,0,1
12.0,0.0,34.0,0.00559195278249,0.005553984143,0.0159914288481,0.206061001983,0.204661874308,89,160,255,0,0.005553984143,0.0,0,1
12.0,0.0,35.0,0.00543564760437,0.00538208932366,0.0156422888589,0.205428658616,0.203404538113,88,159,255,0,0.00538208932366,0.0,0,1
12.0,0.0,36.0,0.00528989022194,0.00522240082224,0.0153120589044,0.20484117635,0.202227774664,87,158,255,0,0.00522240082224,0.0,0,1
12.0,0.0,37.0,0.00515340908222,0.00507403947967,0.0150006155739,0.204272870661,0.201126786913,86,158,255,0,0.00507403947967,0.0,0,1
12.0,0.0,38.0,0.0050277929353,0.00493759256968,0.0147067108649,0.203784585627,0.200128618811,86,157,255,0,0.00493759256968,0.0,0,1
12.0,0.0,39.0,0.00491152712321,0.00481160841352,0.0144289735182,0.203358104753,0.199221045358,85,156,255,0,0.00481160841352,0.0,0,1
12.0,0.0,40.0,0.00478953975624,0.00468137575519,0.0141336698482,0.202907176012,0.198324845951,84,156,255,0,0.00468137575519,0.0,0,1
12.0,0.0,41.0,0.00468552922361,0.00457019303835,0.0138819851419,0.202506200888,0.197521429353,84,155,255,0,0.00457019303835,0.0,0,1
12.0,0.0,42.0,0.00423867937208,0.0041059013449,0.0127318401644,0.20111001749,0.194810179964,82,153,255,0,0.0041059013449,0.0,0,1
12.0,0.0,43.0,0.00411939391066,0.003979810394,0.0124322298358,0.20063839099,0.193839863635,81,153,255,0,0.003979810394,0.0,0,1
12.0,0.0,44.0,0.00400670470807,0.00386104338652,0.0121471072317,0.200186543583,0.192908883106,80,152,255,0,0.00386104338652,0.0,0,1
12.0,0.0,45.0,0.00389999677855,0.00374889994903,0.011875239543,0.199752589538,0.192013613154,80,152,255,0,0.00374889994903,0.0,0,1
12.0,0.0,46.0,0.00379871939223,0.00364275444505,0.011615511652,0.199334747584,0.191150612309,79,151,255,0,0.00364275444505,0.0,0,1
12.0,0.0,47.0,0.00370237791624,0.00354204637941,0.0113669120926,0.19893133083,0.190316606262,78,150,255,0,0.00354204637941,0.0,0,1
12.0,0.0,48.0,0.00361052684023,0.00344627218258,0.0111285211047,0.198540735874,0.189508469381,78,150,255,0,0.00344627218258,0.0,0,1
12.0,0.0,49.0,0.00352276348201,0.00335497788608,0.0108994992532,0.198161433321,0.188723208374,77,149,255,0,0.00335497788608,0.0,0,1
12.0,0.0,50.0,0.00343872268179,0.00326775291536,0.0106790780047,0.197791957653,0.187957944291,77,149,255,0,0.00326775291536,0.0,0,1
12.0,0.0,51.0,0.00335807212068,0.00318422464439,0.0104665512002,0.197430897585,0.18720989516,76,148,255,0,0.00318422464439,0.0,0,1
12.0,0.0,52.0,0.00328050831448,0.00310405372341,0.010261267811,0.197076886178,0.186476357837,76,148,255,0,0.00310405372341,0.0,0,1
12.0,0.0,53.0,0.00320575302928,0.00302692993069,0.01006262525,0.196728591321,0.18575469035,75,147,255,0,0.00302692993069,0.0,0,1
12.0,0.0,54.0,0.00313355014913,0.00295256855073,0.00987006349401,0.196384706007,0.18504229363,75,147,255,0,0.00295256855073,0.0,0,1
12.0,0.0,55.0,0.00306366291727,0.00288070719048,0.00968305986015,0.196043938355,0.184336592543,74,146,255,0,0.00288070719048,0.0,0,1
12.0,0.0,56.0,0.00299587148769,0.00281110296159,0.00950112431326,0.195705001265,0.183635016026,73,146,255,0,0.00281110296159,0.0,0,1
12.0,0.0,57.0,0.00292997074078,0.00274352997405,0.00932379522776,0.195366601552,0.182934976049,73,145,255,0,0.00274352997405,0.0,0,1
12.0,0.0,58.0,0.0028657683233,0.00267777709456,0.00915063553536,0.19502742837,0.182233845022,72,145,255,0,0.00267777709456,0.0,0,1
12.0,0.0,59.0,0.00280308287842,0.00261364592924,0.00898122919904,0.194686140709,0.181528931257,72,144,255,0,0.00261364592924,0.0,0,1
12.0,0.0,60.0,0.00274174243585,0.002550948996,0.00881517796051,0.194341353722,0.180817451952,71,144,255,0,0.002550948996,0.0,0,1
12.0,0.0,61.0,0.00268158293608,0.00248950805594,0.00865209831372,0.193991623551,0.180096503121,71,143,255,0,0.00248950805594,0.0,0,1
12.0,0.0,62.0,0.00262244686524,0.00242915257704,0.00849161866152,0.193635430305,0.179363025717,70,143,255,0,0.00242915257704,0.0,0,1
12.0,0.0,63.0,0.00256417963554,0.00236971631493,0.00833336808436,0.19327116946,0.178613790206,70,142,255,0,0.00236971631493,0.0,0,1
12.0,0.0,64.0,0.00250145882808,0.00230617776474,0.00816089708027,0.192886789759,0.177828721649,69,142,255,0,0.00230617776474,0.0,0,1
12.0,0.0,65.0,0.00244479194318,0.00224838798264,0.0080070116074,0.192500399446,0.177035753891,68,141,255,0,0.00224838798264,0.0,0,1
12.0,0.0,66.0,0.00224124806357,0.00204733358101,0.00742994252975,0.191256853698,0.174709165638,66,140,255,0,0.00204733358101,0.0,0,1
12.0,0.0,67.0,0.00219360657328,0.00199830443231,0.00730255780809,0.190840186601,0.173849219542,65,139,255,0,0.00199830443231,0.0,0,1
12.0,0.0,68.0,0.00214687123499,0.00195018891046,0.00717768978725,0.190414088809,0.172969593304,65,139,255,0,0.00195018891046,0.0,0,1
12.0,0.0,69.0,0.0021008875002,0.00190282224341,0.00705495799669,0.189976545958,0.172066137449,64,138,255,0,0.00190282224341,0.0,0,1
12.0,0.0,70.0,0.00205549784304,0.00185603664094,0.00693397359614,0.189525269619,0.171134134725,63,137,255,0,0.00185603664094,0.0,0,1
12.0,0.0,71.0,0.00201054028173,0.00180965970556,0.00681433581072,0.18905764388,0.170168189748,62,137,255,0,0.00180965970556,0.0,0,1
12.0,0.0,72.0,0.00196584674886,0.00176351268497,0.00669562797416,0.188570659313,0.169162092572,61,136,255,0,0.00176351268497,0.0,0,1
12.0,0.0,73.0,0.00192124126981,0.00171740852281,0.00657741308056,0.188060830641,0.16810864852,60,135,255,0,0.00171740852281,0.0,0,1
12.0,0.0,74.0,0.00187653790069,0.00167114965558,0.00645922872471,0.187524093137,0.166999464036,59,135,255,0,0.00167114965558,0.0,0,1
12.0,0.0,75.0,0.00183153836998,0.00162452549641,0.00634058129436,0.186955671041,0.165824674647,58,134,255,0,0.00162452549641,0.0,0,1
12.0,0.0,76.0,0.00178614764442,0.00157742810152,0.00622128750195,0.186350874105,0.164574919926,57,133,255,0,0.00157742810152,0.0,0,1
12.0,0.0,77.0,0.00174141867126,0.00153092192529,0.00610438211381,0.185717198327,0.163268337198,56,132,255,0,0.00153092192529,0.0,0,1
12.0,0.0,78.0,0.00169575539837,0.00148337273904,0.00598542793117,0.185034101562,0.161859748355,55,131,255,0,0.00148337273904,0.0,0,1
12.0,0.0,79.0,0.00168558897102,0.00147268464215,0.00596142161479,0.184829528716,0.161483975653,54,131,255,0,0.00147268464215,0.0,0,1
12.0,0.0,80.0,0.00168279438837,0.001469734585,0.00595653079865,0.184738538388,0.161348659662,54,131,255,0,0.001469734585,0.0,0,1
12.0,0.0,81.0,0.00168017735711,0.00146696737827,0.00595200452486,0.184652137145,0.161220278547,54,131,255,0,0.00146696737827,0.0,0,1
12.0,0.0,82.0,0.0016777551485,0.00146439592172,0.00594793303033,0.18456981585,0.161098170877,53,130,255,0,0.00146439592172,0.0,0,1
12.0,0.0,83.0,0.00167554266364,0.00146203123736,0.0059443952327,0.1844911207,0.160981744799,53,130,255,0,0.00146203123736,0.0,0,1
12.0,0.0,84.0,0.00167355280942,0.00145988277566,0.00594146046462,0.184415645122,0.160870468121,53,130,255,0,0.00145988277566,0.0,0,1
12.0,0.0,85.0,0.00167179681938,0.00145795867565,0.00593918996304,0.184343022803,0.160763859745,53,130,255,0,0.00145795867565,0.0,0,1
12.0,0.0,86.0,0.00167028452164,0.00145626598152,0.00593763811979,0.184272921838,0.160661482467,53,130,255,0,0.00145626598152,0.0,0,1
12.0,0.0,87.0,0.00166902456314,0.00145481082325,0.00593685353354,0.184205039803,0.160562936892,52,130,255,0,0.00145481082325,0.0,0,1
12.0,0.0,88.0,0.00166802459768,0.00145359856756,0.00593687989825,0.184139099583,0.160467856265,52,130,255,0,0.00145359856756,0.0,0,1
12.0,0.0,89.0,0.001666065771,0.00145137049327,0.00593466509695,0.184052929206,0.160335201226,52,130,255,0,0.00145137049327,0.0,0,1
12.0,0.0,90.0,0.00166556359759,0.00145061307304,0.00593633280496,0.183989158153,0.160244303191,52,130,255,0,0.00145061307304,0.0,0,1
12.0,90.0,0.0,0.00330558584203,0.00336363615877,0.00820830358205,0.222186533884,0.226088413697,117,174,255,0,0.00336363615877,0.0,1,1
12.0,90.0,0.25,0.00332794402552,0.00338462477344,0.00823048502222,0.222708427966,0.226501544727,118,174,255,0,0.00338462477344,0.0,1,1
12.0,90.0,0.5,0.00337192796968,0.0034293036676,0.00828218806922,0.223551955411,0.227355847303,119,174,255,0,0.0034293036676,0.0,1,1
12.0,90.0,0.75,0.00343446248412,0.00349549039977,0.00836733335777,0.224514494261,0.228503954528,121,175,255,0,0.00349549039977,0.0,1,1
12.0,90.0,1.0,0.00350977760427,0.00357761924333,0.0084816530817,0.225432998173,0.229790466314,122,176,255,0,0.00357761924333,0.0,1,1
12.0,90.0,1.25,0.0035928200777,0.00367059626442,0.00862012372073,0.226197690407,0.231094343572,123,177,255,0,0.00367059626442,0.0,1,1
12.0,90.0,1.5,0.00367967014125,0.00377016809817,0.00877882883138,0.226738901303,0.232315327052,124,178,255,0,0.00377016809817,0.0,1,1
12.0,90.0,1.75,0.00376737892336,0.00387276384255,0.00895473982377,0.227020522923,0.233370969733,124,179,255,0,0.00387276384255,0.0,1,1
12.0,90.0,2.0,0.00385377725802,0.00397540665629,0.00914524808922,0.227034239332,0.23419968665,124,179,255,0,0.00397540665629,0.0,1,1
12.0,90.0,2.25,0.00393731266034,0.00407567988837,0.00934786039878,0.226792581692,0.234762652544,123,180,255,0,0.00407567988837,0.0,1,1
12.0,90.0,2.5,0.00401691220456,0.00417169720171,0.00956007101761,0.226321738215,0.235042668079,122,180,255,0,0.00417169720171,0.0,1,1
12.0,90.0,2.75,0.00409186894353,0.00426205793051,0.00977934969598,0.225655243702,0.235040695158,120,180,255,0,0.00426205793051,0.0,1,1
12.0,90.0,3.0,0.00416175046688,0.00434578823002,0.0100031885922,0.224829116754,0.234771338919,119,180,255,0,0.00434578823002,0.0,1,1
12.0,90.0,3.25,0.00422632737968,0.00442227488071,0.0102291691055,0.223878512869,0.234258313389,117,180,255,0,0.00442227488071,0.0,1,1
12.0,90.0,3.5,0.0042855186391,0.00449119864955,0.0104550259276,0.222835683219,0.233530502099,115,180,255,0,0.00449119864955,0.0,1,1
12.0,90.0,3.75,0.00433935043305,0.00455247211244,0.0106786973371,0.221728929997,0.232618864483,113,179,255,0,0.00455247211244,0.0,1,1
12.0,90.0,4.0,0.00438792552835,0.00460618468915,0.01089835818,0.220582254583,0.231554204189,111,178,255,0,0.00460618468915,0.0,1,1
12.0,90.0,4.25,0.00443140050788,0.00465255597011,0.0111124361676,0.219415446393,0.230365692119,108,178,255,0,0.00465255597011,0.0,1,1
12.0,90.0,4.5,0.00446996886265,0.00469189731389,0.0113196141348,0.218244423484,0.229079990439,106,177,255,0,0.00469189731389,0.0,1,1
12.0,90.0,4.75,0.00450384840029,0.00472458106346,0.0115188215799,0.217081693898,0.227720822075,104,176,255,0,0.00472458106346,0.0,1,1
12.0,90.0,5.0,0.00453327183628,0.004751016431,0.0117092187363,0.215936853024,0.22630885017,102,175,255,0,0.004751016431,0.0,0,1
12.0,90.0,6.0,0.0046112319019,0.00480283621275,0.01237277827,0.21165210515,0.220446600116,94,171,255,0,0.00480283621275,0.0,0,1
12.0,90.0,7.0,0.00463684034833,0.00478781534797,0.0128731985146,0.207950070194,0.214720901064,88,168,255,0,0.00478781534797,0.0,0,1
12.0,90.0,8.0,0.00462340655443,0.00472771688303,0.0132209851207,0.204828296945,0.209449501399,82,164,255,0,0.00472771688303,0.0,0,1
12.0,90.0,9.0,0.00458171136951,0.00463866743721,0.0134375594991,0.202212191934,0.204725927602,78,161,255,0,0.00463866743721,0.0,0,1
12.0,90.0,10.0,0.00452010194417,0.00453201505786,0.0135466551031,0.200015377966,0.200542535531,74,158,255,0,0.00453201505786,0.0,0,1
12.0,90.0,11.0,0.00444486262615,0.00441552152069,0.0135702935513,0.198159979202,0.19685189989,70,156,255,0,0.00441552152069,0.0,0,1
12.0,90.0,12.0,0.00436012044209,0.00429386726304,0.0135257899674,0.196580890326,0.193593791896,68,154,255,0,0.00429386726304,0.0,0,1
12.0,90.0,13.0,0.00425321097882,0.00415454446299,0.0133775162186,0.195233323005,0.190704276162,66,152,255,0,0.00415454446299,0.0,0,1
12.0,90.0,14.0,0.00402417208021,0.00388986724512,0.0128336309582,0.193957780571,0.18748453161,64,149,255,0,0.00388986724512,0.0,0,1
12.0,90.0,15.0,0.00392921420193,0.00377143974839,0.0126650286983,0.192933095822,0.185186021675,62,148,255,0,0.00377143974839,0.0,0,1
12.0,90.0,16.0,0.0038352825915,0.00365740828136,0.0124791821565,0.192034196586,0.1831279558,61,146,255,0,0.00365740828136,0.0,0,1
12.0,90.0,17.0,0.0037431851156,0.00354817758379,0.0122817988726,0.191240699763,0.181277693475,59,145,255,0,0.00354817758379,0.0,0,1
12.0,90.0,18.0,0.00365346488792,0.00344391490648,0.0120772657252,0.190536241423,0.179607748314,58,144,255,0,0.00344391490648,0.0,0,1
12.0,90.0,19.0,0.00356647239249,0.00334463100533,0.0118689383055,0.189907586406,0.178094972214,57,143,255,0,0.00334463100533,0.0,0,1
12.0,90.0,20.0,0.00348241834666,0.00325023530113,0.011659369745,0.189343949401,0.176719832926,56,142,255,0,0.00325023530113,0.0,0,1
12.0,90.0,21.0,0.00340141247258,0.00316057347901,0.0114504898994,0.188836476491,0.175465799658,56,141,255,0,0.00316057347901,0.0,0,1
12.0,90.0,22.0,0.00332349196901,0.00307545310394,0.0112437449395,0.18837784752,0.174318831299,55,140,255,0,0.00307545310394,0.0,0,1
12.0,90.0,23.0,0.00324864244913,0.00299466102508,0.0110402058541,0.187961969264,0.17326695454,54,140,255,0,0.00299466102508,0.0,0,1
12.0,90.0,24.0,0.00317681335913,0.00291797513481,0.0108406527681,0.187583736968,0.17229991765,54,139,255,0,0.00291797513481,0.0,0,1
12.0,90.0,25.0,0.00310792934597,0.00284517223684,0.01064564054,0.187238847557,0.171408906518,53,138,255,0,0.00284517223684,0.0,0,1
12.0,90.0,26.0,0.00304189864771,0.00277603323089,0.0104555499135,0.186923652023,0.170586311298,53,138,255,0,0.00277603323089,0.0,0,1
12.0,90.0,27.0,0.00297861929399,0.00271034644962,0.0102706275455,0.186635037625,0.169825533804,52,137,255,0,0.00271034644962,0.0,0,1
12.0,90.0,28.0,0.00291798369799,0.00264790973041,0.0100910174868,0.186370332807,0.169120827522,52,137,255,0,0.00264790973041,0.0,0,1
12.0,90.0,29.0,0.00285988207185,0.00258853163064,0.00991678611965,0.186127229385,0.1684671635,52,136,255,0,0.00258853163064,0.0,0,1
12.0,90.0,30.0,0.00280420498966,0.00253203207601,0.00974794211982,0.185903717741,0.167860116541,51,136,255,0,0.00253203207601,0.0,0,1
12.0,90.0,31.0,0.00275084534367,0.00247824264851,0.0095844526748,0.185698031653,0.167295767043,51,135,255,0,0.00247824264851,0.0,0,1
12.0,90.0,32.0,0.00269969988184,0.00242700666301,0.00942625693956,0.1855086,0.166770614494,51,135,255,0,0.00242700666301,0.0,0,1
12.0,90.0,33.0,0.00265067047134,0.00237817913982,0.00927327750703,0.185334003078,0.16628149926,51,135,255,0,0.00237817913982,0.0,0,1
12.0,90.0,34.0,0.00260366519623,0.0023316267481,0.00912543049798,0.185172931684,0.165825529781,51,134,255,0,0.0023316267481,0.0,0,1
12.0,90.0,35.0,0.00255859936173,0.00228722776505,0.00898263469761,0.185024147604,0.165400012966,50,134,255,0,0.00228722776505,0.0,0,1
12.0,90.0,36.0,0.00251539643365,0.00224487206154,0.00884481994468,0.18488644486,0.165002386531,50,134,255,0,0.00224487206154,0.0,0,1
12.0,90.0,37.0,0.00247398887961,0.00220446107778,0.00871193466376,0.184758612214,0.164630153662,50,133,255,0,0.00220446107778,0.0,0,1
12.0,90.0,38.0,0.00243431878806,0.00216590768621,0.0085839519691,0.184639399301,0.164280823072,50,133,255,0,0.00216590768621,0.0,0,1
12.0,90.0,39.0,0.00239633802067,0.00212913575183,0.00846087314413,0.18452749153,0.163951861559,50,133,255,0,0.00212913575183,0.0,0,1
12.0,90.0,40.0,0.00236000752265,0.00209407910949,0.00834272661368,0.184421502238,0.163640671257,50,133,255,0,0.00209407910949,0.0,0,1
12.0,90.0,41.0,0.00232529534561,0.00206067963741,0.00822956011955,0.184319993302,0.163344608109,50,132,255,0,0.00206067963741,0.0,0,1
12.0,90.0,42.0,0.00229217305596,0.00202888421062,0.00812142434403,0.184221534553,0.163061057602,50,132,255,0,0.00202888421062,0.0,0,1
12.0,90.0,43.0,0.00226061309446,0.00199864287812,0.00801835683896,0.184124807416,0.162787580029,49,132,255,0,0.00199864287812,0.0,0,1
12.0,90.0,44.0,0.00237195386063,0.00210764364765,0.00831584595828,0.18537488496,0.164718296256,53,133,255,0,0.00210764364765,0.0,0,1
12.0,90.0,45.0,0.00234111683766,0.00207810028207,0.00821672759441,0.18527438119,0.164459431335,53,133,255,0,0.00207810028207,0.0,0,1
12.0,90.0,46.0,0.00231522048858,0.00205329589542,0.00813200771325,0.185209873647,0.164256784711,53,133,255,0,0.00205329589542,0.0,0,1
12.0,90.0,47.0,0.00213942797819,0.00188287764016,0.00760392525665,0.184017331257,0.161950821414,50,131,255,0,0.00188287764016,0.0,0,1
12.0,90.0,48.0,0.00211464536912,0.00185933827239,0.00752278543927,0.183933882143,0.16172702603,50,131,255,0,0.00185933827239,0.0,0,1
12.0,90.0,49.0,0.00209095958806,0.00183686336435,0.00744514818597,0.18385341549,0.161511300961,50,131,255,0,0.00183686336435,0.0,0,1
12.0,90.0,50.0,0.00206829693231,0.00181538730625,0.00737073318752,0.183776454525,0.161304422745,50,131,255,0,0.00181538730625,0.0,0,1
12.0,90.0,51.0,0.00204658943291,0.00179484955889,0.00729928311062,0.183703481165,0.161107111585,50,131,255,0,0.00179484955889,0.0,0,1
12.0,90.0,52.0,0.00202577615352,0.00177519533038,0.00723057096531,0.183634896285,0.160919956439,49,131,255,0,0.00177519533038,0.0,0,1
12.0,90.0,53.0,0.00200580344906,0.00175637561205,0.00716440194369,0.18357100434,0.16074338453,49,130,255,0,0.00175637561205,0.0,0,1
12.0,90.0,54.0,0.00198662455879,0.00173834681272,0.00710061170604,0.183512014509,0.160577661293,49,130,255,0,0.00173834681272,0.0,0,1
12.0,90.0,55.0,0.00196819886324,0.00172107019682,0.0070390628583,0.183458050908,0.1604229073,49,130,255,0,0.00172107019682,0.0,0,1
12.0,90.0,56.0,0.00195049103249,0.00170451126676,0.00697964082963,0.183409166519,0.160279122309,49,130,255,0,0.00170451126676,0.0,0,1
12.0,90.0,57.0,0.00193347019848,0.00168863917017,0.00692224985258,0.183365357525,0.160146210381,49,130,255,0,0.00168863917017,0.0,0,1
12.0,90.0,58.0,0.00191710921492,0.00167342617019,0.00686680938474,0.183326576403,0.160024002939,49,130,255,0,0.00167342617019,0.0,0,1
12.0,90.0,59.0,0.00190138402715,0.0016588471912,0.0068132510888,0.183292743059,0.159912278451,49,130,255,0,0.0016588471912,0.0,0,1
12.0,90.0,60.0,0.00188627315133,0.00164487943892,0.00676151636944,0.183263753912,0.159810778464,49,130,255,0,0.00164487943892,0.0,0,1
12.0,90.0,61.0,0.00187175725245,0.00163150208722,0.00671155441164,0.183239489042,0.159719220236,49,130,255,0,0.00163150208722,0.0,0,1
12.0,90.0,62.0,0.0018578188071,0.00161869602255,0.00666332064723,0.183219817652,0.159637306369,49,130,255,0,0.00161869602255,0.0,0,1
12.0,90.0,63.0,0.00184444183685,0.00160644363647,0.00661677557697,0.183204602105,0.159564731912,49,130,255,0,0.00160644363647,0.0,0,1
12.0,90.0,64.0,0.00183161169974,0.00159472865802,0.00657188388352,0.183193700755,0.159501189365,49,130,255,0,0.00159472865802,0.0,0,1
12.0,90.0,65.0,0.00181931492923,0.00158353601897,0.0065286137812,0.183186969777,0.159446371922,49,130,255,0,0.00158353601897,0.0,0,1
12.0,90.0,66.0,0.00180753911215,0.00157285174623,0.00648693655945,0.183184264149,0.159399975255,49,129,255,0,0.00157285174623,0.0,0,1
12.0,90.0,67.0,0.00179627279876,0.00156266287685,0.00644682628613,0.183185437885,0.159361698045,49,129,255,0,0.00156266287685,0.0,0,1
12.0,90.0,68.0,0.00178550543981,0.00155295739208,0.00640825964519,0.183190343626,0.159331241423,49,129,255,0,0.00155295739208,0.0,0,1
12.0,90.0,69.0,0.0017752273466,0.00154372416778,0.00637121589005,0.18319883161,0.159308307416,49,129,255,0,0.00154372416778,0.0,0,1
12.0,90.0,70.0,0.00176542967132,0.00153495293913,0.00633567689959,0.183210748074,0.159292596474,49,129,255,0,0.00153495293913,0.0,0,1
12.0,90.0,71.0,0.00175610440553,0.00152663427824,0.00630162732829,0.183225933079,0.159283804095,50,129,255,0,0.00152663427824,0.0,0,1
12.0,90.0,72.0,0.00174724439554,0.00151875958353,0.00626905484537,0.183244217756,0.159281616558,50,129,255,0,0.00151875958353,0.0,0,1
12.0,90.0,73.0,0.00173884337384,0.0015113210802,0.00623795046021,0.183265420956,0.159285705734,50,129,255,0,0.0015113210802,0.0,0,1
12.0,90.0,74.0,0.00173089600584,0.00150431183122,0.00620830893223,0.183289345286,0.159295722978,50,129,255,0,0.00150431183122,0.0,0,1
12.0,90.0,75.0,0.00169527303002,0.00147458756574,0.0060699366067,0.183475134018,0.159590901556,50,130,255,0,0.00147458756574,0.0,0,1
12.0,90.0,76.0,0.00168898090471,0.00146893159901,0.00604721500212,0.183482619186,0.159577539592,50,130,255,0,0.00146893159901,0.0,0,1
12.0,90.0,77.0,0.0016831474867,0.00146370544068,0.00602599302665,0.183492396486,0.159569390788,50,130,255,0,0.00146370544068,0.0,0,1
12.0,90.0,78.0,0.00167776602489,0.00145890146819,0.00600625821613,0.183504282792,0.159566151425,50,130,255,0,0.00145890146819,0.0,0,1
12.0,90.0,79.0,0.00167283046252,0.00145451246437,0.00598800296775,0.183518045487,0.159567446061,51,129,255,0,0.00145451246437,0.0,0,1
12.0,90.0,80.0,0.00166833543074,0.00145053156365,0.00597122495634,0.183533394358,0.159572815271,51,129,255,0,0.00145053156365,0.0,0,1
12.0,90.0,81.0,0.00166427624045,0.0014469522019,0.00595592749454,0.183549974439,0.159581704779,51,130,255,0,0.0014469522019,0.0,0,1
12.0,90.0,82.0,0.00166064886941,0.00144376807482,0.00594211975542,0.18356736114,0.159593457999,51,130,255,0,0.00144376807482,0.0,0,1
12.0,90.0,83.0,0.00165744994098,0.00144097311132,0.00592981674663,0.183585059535,0.159607314761,51,130,255,0,0.00144097311132,0.0,0,1
12.0,90.0,84.0,0.00165489331628,0.00143860312842,0.0059206878866,0.183587694178,0.159593267183,51,129,255,0,0.00143860312842,0.0,0,1
12.0,90.0,85.0,0.00165253860461,0.00143656915718,0.00591141830269,0.183604668524,0.159609465812,51,130,255,0,0.00143656915718,0.0,0,1
12.0,90.0,86.0,0.00165060609003,0.00143490764035,0.00590373065294,0.18362011529,0.159624945008,51,130,255,0,0.00143490764035,0.0,0,1
12.0,90.0,87.0,0.00164909451387,0.00143361381532,0.00589765376376,0.183633409967,0.159638754037,51,130,255,0,0.00143361381532,0.0,0,1
12.0,90.0,88.0,0.00164800291,0.00143268352804,0.00589321432876,0.183643986358,0.159650030156,51,130,255,0,0.00143268352804,0.0,0,1
12.0,90.0,89.0,0.00164733050409,0.00143211341549,0.00589043393622,0.183651386404,0.159658073222,51,130,255,0,0.00143211341549,0.0,0,1
12.0,90.0,90.0,0.00166556359759,0.00145061307304,0.00593633280496,0.183989158153,0.160244303191,52,130,255,0,0.00145061307304,0.0,0,1
12.0,180.0,0.0,0.00229656108437,0.00229387394016,0.00618646123117,0.213100416844,0.212851073791,102,165,255,0,0.00229387394016,0.0,1,1
12.0,180.0,0.25,0.00239529841958,0.00238965901115,0.00648373959452,0.212562145757,0.212061696733,102,165,255,0,0.00238965901115,0.0,1,1
12.0,180.0,0.5,0.00243775714956,0.00243187703974,0.00658536003616,0.212811730986,0.212298408177,102,165,255,0,0.00243187703974,0.0,1,1
12.0,180.0,0.75,0.0024765740029,0.00247350644229,0.00665415688186,0.213419799432,0.213155451115,103,165,255,0,0.00247350644229,0.0,1,1
12.0,180.0,1.0,0.00252113627434,0.0025229718981,0.00672955721214,0.214133508299,0.214289417585,104,166,255,0,0.0025229718981,0.0,1,1
12.0,180.0,1.25,0.00257410994842,0.0025821931386,0.00682756069175,0.214797998036,0.215472504217,105,167,255,0,0.0025821931386,0.0,1,1
12.0,180.0,1.5,0.00263060088554,0.00264594437233,0.00693623971102,0.215397298179,0.216653644445,106,168,255,0,0.00264594437233,0.0,1,1
12.0,180.0,1.75,0.00268804723847,0.00271217891585,0.00704712121942,0.215953420256,0.217892120659,107,168,255,0,0.00271217891585,0.0,1,1
12.0,180.0,2.0,0.00274791682324,0.00278168290563,0.00716901614151,0.216394987555,0.219054024,107,169,255,0,0.00278168290563,0.0,1,1
12.0,180.0,2.25,0.00280938230366,0.00285337219176,0.00730097767631,0.21671091831,0.220104222608,107,170,255,0,0.00285337219176,0.0,1,1
12.0,180.0,2.5,0.00287174777615,0.00292628611194,0.00744205662428,0.216897896088,0.22101707758,107,171,255,0,0.00292628611194,0.0,1,1
12.0,180.0,2.75,0.00293437092267,0.00299951635525,0.00759124017557,0.216956988595,0.221773611048,107,171,255,0,0.00299951635525,0.0,1,1
12.0,180.0,3.0,0.00299691986932,0.00307251176104,0.00774767635532,0.216899214541,0.222370105541,107,172,255,0,0.00307251176104,0.0,1,1
12.0,180.0,3.25,0.00305876218357,0.00314439558297,0.0079101648141,0.216728709069,0.22279626679,106,172,255,0,0.00314439558297,0.0,1,1
12.0,180.0,3.5,0.0031196764833,0.00321478128148,0.00807780276769,0.216459900671,0.223058782086,105,172,255,0,0.00321478128148,0.0,1,1
12.0,180.0,3.75,0.00317925494131,0.00328309082938,0.00824943535574,0.216102653648,0.223160662952,104,173,255,0,0.00328309082938,0.0,1,1
12.0,180.0,4.0,0.00323730213063,0.00334901839792,0.00842410038962,0.215670309865,0.22311289045,103,173,255,0,0.00334901839792,0.0,1,1
12.0,180.0,4.25,0.00329359508198,0.00341224990694,0.00860078049774,0.215174473619,0.222926334084,102,173,255,0,0.00341224990694,0.0,1,1
12.0,180.0,4.5,0.00334795927616,0.00347255027573,0.00877850690795,0.214626305753,0.222613411856,101,172,255,0,0.00347255027573,0.0,1,1
12.0,180.0,4.75,0.00340030920619,0.00352980919508,0.00895645162999,0.21403671148,0.222188250084,100,172,255,0,0.00352980919508,0.0,1,1
12.0,180.0,5.0,0.00345048820046,0.00358384897949,0.00913367992555,0.213414432824,0.221662864166,98,172,255,0,0.00358384897949,0.0,0,1
12.0,180.0,6.0,0.00362894878593,0.00376775401444,0.00982205661899,0.210755531078,0.218816810356,93,170,255,0,0.00376775401444,0.0,0,1
12.0,180.0,7.0,0.00377161700695,0.00390207112143,0.0104521581309,0.20807949891,0.21527663126,88,168,255,0,0.00390207112143,0.0,0,1
12.0,180.0,8.0,0.00388086471922,0.00399299508131,0.0110038079948,0.205579670185,0.211519512082,83,166,255,0,0.00399299508131,0.0,0,1
12.0,180.0,9.0,0.00396061914478,0.00404816099036,0.0114698802444,0.203331187443,0.207825431086,79,163,255,0,0.00404816099036,0.0,0,1
12.0,180.0,10.0,0.00401510248925,0.00407475157401,0.0118514433014,0.201346101803,0.204337335706,75,161,255,0,0.00407475157401,0.0,0,1
12.0,180.0,11.0,0.00404636738028,0.00407678817993,0.0121488612167,0.199603592716,0.201104222869,72,159,255,0,0.00407678817993,0.0,0,1
12.0,180.0,12.0,0.00404191807534,0.00404016903436,0.0123344060266,0.19797318023,0.197887512189,69,157,255,0,0.00404016903436,0.0,0,1
12.0,180.0,13.0,0.00400776797095,0.00397349986273,0.0124166988465,0.196478797803,0.194798821129,66,155,255,0,0.00397349986273,0.0,0,1
12.0,180.0,14.0,0.00395865359406,0.00389381623727,0.0124332685896,0.195144663306,0.19194845938,64,153,255,0,0.00389381623727,0.0,0,1
12.0,180.0,15.0,0.00390007079952,0.0038074673268,0.0123995643665,0.193964834114,0.18935932356,62,151,255,0,0.0038074673268,0.0,0,1
12.0,180.0,16.0,0.00383533458185,0.00371797893834,0.0123268751385,0.192922443931,0.187019298568,60,149,255,0,0.00371797893834,0.0,0,1
12.0,180.0,17.0,0.00376675136072,0.00362752076003,0.0122244997604,0.191997306637,0.18490050152,59,148,255,0,0.00362752076003,0.0,0,1
12.0,180.0,18.0,0.00369586118269,0.00353742064025,0.0120993483554,0.191172186536,0.182976687994,57,147,255,0,0.00353742064025,0.0,0,1
12.0,180.0,19.0,0.00362381846011,0.00344859155935,0.0119569866851,0.190432650933,0.181224429386,56,145,255,0,0.00344859155935,0.0,0,1
12.0,180.0,20.0,0.00355148981657,0.00336165598483,0.0118018851506,0.189766708144,0.179623319537,55,144,255,0,0.00336165598483,0.0,0,1
12.0,180.0,21.0,0.00347952848603,0.00327703244658,0.0116376453974,0.189164371847,0.178155685969,54,143,255,0,0.00327703244658,0.0,0,1
12.0,180.0,22.0,0.00340841924168,0.00319498715441,0.0114671490243,0.188617292738,0.176806250836,53,142,255,0,0.00319498715441,0.0,0,1
12.0,180.0,23.0,0.00333851621783,0.00311567465168,0.0112926921531,0.188118455143,0.175561795709,52,141,255,0,0.00311567465168,0.0,0,1
12.0,180.0,24.0,0.00326939893509,0.00303855895001,0.0111137609009,0.18766224936,0.17441212244,52,141,255,0,0.00303855895001,0.0,0,1
12.0,180.0,25.0,0.00314739856728,0.00290903797946,0.0107556683532,0.18721026225,0.173032347632,51,140,255,0,0.00290903797946,0.0,0,1
12.0,180.0,26.0,0.00308023250441,0.00283619910027,0.0105714228844,0.186818273199,0.172017475175,51,139,255,0,0.00283619910027,0.0,0,1
12.0,180.0,27.0,0.00301231478041,0.00276372500912,0.0103792982372,0.186459408985,0.171071939476,50,138,255,0,0.00276372500912,0.0,0,1
12.0,180.0,28.0,0.00294937565092,0.00269684790645,0.0102001436132,0.186123142243,0.170187139893,50,138,255,0,0.00269684790645,0.0,0,1
12.0,180.0,29.0,0.0028886168597,0.00263285493719,0.0100245646815,0.185810503128,0.169358597662,49,137,255,0,0.00263285493719,0.0,0,1
12.0,180.0,30.0,0.00283001711578,0.00257163637219,0.00985292963929,0.185519138227,0.168581229047,49,136,255,0,0.00257163637219,0.0,0,1
12.0,180.0,31.0,0.00277353905249,0.00251307723369,0.00968549767083,0.185246990536,0.167850528049,48,136,255,0,0.00251307723369,0.0,0,1
12.0,180.0,32.0,0.00271913338569,0.00245706016232,0.00952244016305,0.184992254324,0.167162486706,48,135,255,0,0.00245706016232,0.0,0,1
12.0,180.0,33.0,0.0026667421344,0.00240346748212,0.0093638578129,0.184753337716,0.16651352738,48,135,255,0,0.00240346748212,0.0,0,1
12.0,180.0,34.0,0.0026163010975,0.00235218265363,0.0092097943834,0.184528831546,0.165900445126,47,135,255,0,0.00235218265363,0.0,0,1
12.0,180.0,35.0,0.00256774176974,0.0023030912859,0.00906024784091,0.184317483245,0.165320358341,47,134,255,0,0.0023030912859,0.0,0,1
12.0,180.0,36.0,0.00252099280269,0.00225608180393,0.00891517932055,0.184118174853,0.164770666388,47,134,255,0,0.00225608180393,0.0,0,1
12.0,180.0,37.0,0.00247598110493,0.00221104585486,0.0087745203235,0.183929904403,0.16424901301,47,133,255,0,0.00221104585486,0.0,0,1
12.0,180.0,38.0,0.00243263265507,0.00216787851561,0.00863817847065,0.183751770075,0.163753254616,46,133,255,0,0.00216787851561,0.0,0,1
12.0,180.0,39.0,0.0023908730855,0.00212647834938,0.00850604207304,0.183582956627,0.163281432607,46,133,255,0,0.00212647834938,0.0,0,1
12.0,180.0,40.0,0.00235062808166,0.00208674734666,0.00837798372799,0.183422723702,0.162831749092,46,132,255,0,0.00208674734666,0.0,0,1
12.0,180.0,41.0,0.00231182363194,0.00204859077734,0.00825386310846,0.183270395684,0.162402545406,46,132,255,0,0.00204859077734,0.0,0,1
12.0,180.0,42.0,0.00227438615529,0.00201191697352,0.00813352907944,0.183125352835,0.16199228297,45,132,255,0,0.00201191697352,0.0,0,1
12.0,180.0,43.0,0.00223824252744,0.00197663705736,0.00801682124778,0.182987023479,0.161599526052,45,131,255,0,0.00197663705736,0.0,0,1
12.0,180.0,44.0,0.00220332002157,0.00194266462409,0.00790357103014,0.182854877047,0.161222926086,45,131,255,0,0.00194266462409,0.0,0,1
12.0,180.0,45.0,0.00216954617549,0.00190991538738,0.00779360230628,0.18272841782,0.160861207219,45,131,255,0,0.00190991538738,0.0,0,1
12.0,180.0,46.0,0.00213684859488,0.0018783067922,0.00768673171213,0.182607179232,0.160513152816,45,131,255,0,0.0018783067922,0.0,0,1
12.0,180.0,47.0,0.00210515470103,0.00184775759983,0.00758276862038,0.182490718615,0.160177592675,45,130,255,0,0.00184775759983,0.0,0,1
12.0,180.0,48.0,0.00207430141822,0.00181811078469,0.00748118884288,0.182378598464,0.159853574727,45,130,255,0,0.00181811078469,0.0,0,1
12.0,180.0,49.0,0.00197976194775,0.00172361405478,0.00718291854486,0.181858201533,0.158328809429,44,129,255,0,0.00172361405478,0.0,0,1
12.0,180.0,50.0,0.0019588701285,0.00170414823562,0.00711188512645,0.181799320078,0.158159025472,44,129,255,0,0.00170414823562,0.0,0,1
12.0,180.0,51.0,0.001935728774,0.00168254380093,0.00703329630872,0.181731798868,0.157962063553,44,129,255,0,0.00168254380093,0.0,0,1
12.0,180.0,52.0,0.00191647121431,0.00166474554273,0.00696722237114,0.181682919247,0.157819135372,44,129,255,0,0.00166474554273,0.0,0,1
12.0,180.0,53.0,0.00189777658481,0.00164753481233,0.00690279635527,0.181638305211,0.157687387168,44,128,255,0,0.00164753481233,0.0,0,1
12.0,180.0,54.0,0.00187960603947,0.00163087467162,0.0068398890548,0.181597960458,0.157566802781,44,128,255,0,0.00163087467162,0.0,0,1
12.0,180.0,55.0,0.00186192734211,0.00161473357054,0.0067783970195,0.18156185508,0.157457284125,44,128,255,0,0.00161473357054,0.0,0,1
12.0,180.0,56.0,0.00184476253557,0.00159911966545,0.00671844778272,0.181529485711,0.157357581185,44,128,255,0,0.00159911966545,0.0,0,1
12.0,180.0,57.0,0.00182928754164,0.00158487648156,0.00666511564711,0.181489908155,0.157241046325,44,128,255,0,0.00158487648156,0.0,0,1
12.0,180.0,58.0,0.0018181712029,0.00157404944985,0.00662937715891,0.181425281384,0.157065717407,43,128,255,0,0.00157404944985,0.0,0,1
12.0,180.0,59.0,0.00180785251901,0.00156395061933,0.00659641729647,0.181361611216,0.156893663173,43,128,255,0,0.00156395061933,0.0,0,1
12.0,180.0,60.0,0.00179800181614,0.00155431688044,0.0065649302027,0.181300462901,0.156728634748,43,128,255,0,0.00155431688044,0.0,0,1
12.0,180.0,61.0,0.00178849250797,0.00154505179269,0.00653438714869,0.181242899502,0.156573016404,43,128,255,0,0.00154505179269,0.0,0,1
12.0,180.0,62.0,0.00177929766872,0.00153613075677,0.00650469246946,0.181188977993,0.156426868183,43,128,255,0,0.00153613075677,0.0,0,1
12.0,180.0,63.0,0.00177043100084,0.00152756014259,0.00647592012932,0.181138435927,0.156289544683,43,127,255,0,0.00152756014259,0.0,0,1
12.0,180.0,64.0,0.00176190584224,0.00151934628165,0.00644814160809,0.181091020754,0.156160427207,43,127,255,0,0.00151934628165,0.0,0,1
12.0,180.0,65.0,0.0017537329426,0.00151149377337,0.00642141664874,0.181046506676,0.156038961739,43,127,255,0,0.00151149377337,0.0,0,1
12.0,180.0,66.0,0.00172752369593,0.00149317726773,0.00628307742969,0.18177230407,0.157114066209,45,128,255,0,0.00149317726773,0.0,0,1
12.0,180.0,67.0,0.00171897634704,0.00148554276097,0.00625069291007,0.181801988549,0.15711363829,45,128,255,0,0.00148554276097,0.0,0,1
12.0,180.0,68.0,0.00171048838122,0.00147817866569,0.00621694034977,0.181858364811,0.15715929906,46,128,255,0,0.00147817866569,0.0,0,1
12.0,180.0,69.0,0.00170286634996,0.00147143337964,0.00618760441025,0.181893162387,0.157172446722,46,128,255,0,0.00147143337964,0.0,0,1
12.0,180.0,70.0,0.00169570740674,0.00146512387849,0.0061598490462,0.181929574499,0.157190658449,46,128,255,0,0.00146512387849,0.0,0,1
12.0,180.0,71.0,0.00168900435413,0.00145924352292,0.00613363950335,0.18196777066,0.157214094841,46,128,255,0,0.00145924352292,0.0,0,1
12.0,180.0,72.0,0.00168275042357,0.0014537861187,0.00610894305443,0.182007910565,0.157242910278,46,128,255,0,0.0014537861187,0.0,0,1
12.0,180.0,73.0,0.00167693928334,0.00144874592646,0.00608572889648,0.182050146046,0.157277255126,46,128,255,0,0.00144874592646,0.0,0,1
12.0,180.0,74.0,0.00167156504397,0.00144411766933,0.00606396805153,0.182094622856,0.157317277784,47,128,255,0,0.00144411766933,0.0,0,1
12.0,180.0,75.0,0.0016666222617,0.00143989653889,0.00604363327089,0.182141482314,0.157363126606,47,128,255,0,0.00143989653889,0.0,0,1
12.0,180.0,76.0,0.00166210594054,0.00143607820005,0.00602469894303,0.182190862834,0.157414951708,47,128,255,0,0.00143607820005,0.0,0,1
12.0,180.0,77.0,0.00165801153331,0.00143265879521,0.0060071410048,0.182242901349,0.157472906694,47,128,255,0,0.00143265879521,0.0,0,1
12.0,180.0,78.0,0.001654334942,0.00142963494811,0.00599093685568,0.182297734659,0.157537150316,47,128,255,0,0.00142963494811,0.0,0,1
12.0,180.0,79.0,0.00165107251778,0.00142700376761,0.00597606527464,0.182355500721,0.157607848094,47,128,255,0,0.00142700376761,0.0,0,1
12.0,180.0,80.0,0.00164822106093,0.00142476285182,0.0059625063391,0.182416339899,0.15768517392,48,128,255,0,0.00142476285182,0.0,0,1
12.0,180.0,81.0,0.00164577782087,0.00142291029266,0.00595024134561,0.182480396186,0.157769311658,48,128,255,0,0.00142291029266,0.0,0,1
12.0,180.0,82.0,0.00164374049643,0.00142144468128,0.00593925273158,0.182547818419,0.157860456765,48,128,255,0,0.00142144468128,0.0,0,1
12.0,180.0,83.0,0.0016421072366,0.0014203651143,0.00592952399757,0.182618761503,0.15795881796,48,128,255,0,0.0014203651143,0.0,0,1
12.0,180.0,84.0,0.00164087664186,0.00141967120135,0.00592103962943,0.182693387651,0.158064618941,49,128,255,0,0.00141967120135,0.0,0,1
12.0,180.0,85.0,0.00164004776627,0.0014193630739,0.00591378501966,0.18277186767,0.158178100207,49,129,255,0,0.0014193630739,0.0,0,1
12.0,180.0,86.0,0.00163962012033,0.00141944139566,0.00590774638709,0.182854382301,0.158299520967,49,129,255,0,0.00141944139566,0.0,0,1
12.0,180.0,87.0,0.00163959367481,0.00141990737488,0.00590291069421,0.182941123624,0.158429161196,49,129,255,0,0.00141990737488,0.0,0,1
12.0,180.0,88.0,0.00163996886573,0.00142076277852,0.00589926556101,0.183032296569,0.158567323848,50,129,255,0,0.00142076277852,0.0,0,1
12.0,180.0,89.0,0.00164074660043,0.00142200994879,0.00589679917434,0.183128120529,0.158714337258,50,129,255,0,0.00142200994879,0.0,0,1
12.0,180.0,90.0,0.00166556359759,0.00145061307304,0.00593633280496,0.183989158153,0.160244303191,52,130,255,0,0.00145061307304,0.0,0,1
15.0,0.0,0.0,0.000511318726061,0.000490080368189,0.000849154403095,0.276305833252,0.264829073513,201,197,255,0,0.000490080368189,0.0,1,1
15.0,0.0,0.25,0.000652724689554,0.000557042588815,0.000796660194545,0.325316862117,0.277629067751,255,190,242,0,0.000557042588815,0.0,1,1
15.0,0.0,0.5,0.000938512266669,0.000730269763752,0.000793365267318,0.381176328293,0.296598730881,255,154,185,0,0.000730269763752,0.0,1,1
15.0,0.0,0.75,0.00133639929204,0.000998484288553,0.000813680962321,0.424447164359,0.317123652681,255,138,150,0,0.000998484288553,0.0,1,1
15.0,0.0,1.0,0.00178786082378,0.00133357009343,0.000854934027297,0.449621915676,0.335374170139,255,135,129,0,0.00133357009343,0.0,1,1
15.0,0.0,1.25,0.00222223809774,0.00169055943621,0.000918594999137,0.459958093349,0.349911422977,255,138,118,0,0.00169055943621,0.0,1,1
15.0,0.0,1.5,0.00262755598458,0.00204453180072,0.00100339594517,0.462965997149,0.360239214455,255,143,112,0,0.00204453180072,0.0,1,1
15.0,0.0,1.75,0.00290642138784,0.00233029055542,0.00110457290964,0.458333201435,0.36747924269,255,150,112,0,0.00233029055542,0.0,1,1
15.0,0.0,2.0,0.00307533664997,0.00254063864106,0.00121488569621,0.450212155644,0.371935345457,255,157,115,0,0.00254063864106,0.0,1,1
15.0,0.0,2.25,0.00313477871351,0.0026660690227,0.00132593588089,0.439858831407,0.374091478841,255,165,121,0,0.0026660690227,0.0,1,1
15.0,0.0,2.5,0.00315632298684,0.00273981107726,0.00143065190096,0.430792301275,0.373944467647,255,170,127,0,0.00273981107726,0.0,1,1
15.0,0.0,2.75,0.00305892424669,0.00271777569833,0.00152006639025,0.419216418087,0.372463029985,255,177,136,0,0.00271777569833,0.0,1,1
15.0,0.0,3.0,0.00290172949342,0.00263425713588,0.00159091973558,0.407151342372,0.369621403876,255,184,146,0,0.00263425713588,0.0,1,1
15.0,0.0,3.25,0.00270227262595,0.0025046897442,0.00164220845438,0.394540112253,0.365692403996,255,192,157,0,0.0025046897442,0.0,1,1
15.0,0.0,3.5,0.00254313176079,0.00238077038433,0.00167492685236,0.385391371978,0.360786797967,255,196,166,0,0.00238077038433,0.0,1,1
15.0,0.0,3.75,0.00231960199857,0.00220568979389,0.00168593240259,0.373453271968,0.355113537143,255,203,178,0,0.00220568979389,0.0,1,1
15.0,0.0,4.0,0.00213147647542,0.00204276390164,0.00168067631877,0.364048984153,0.348897176128,255,207,188,0,0.00204276390164,0.0,1,1
15.0,0.0,4.25,0.00192619742337,0.0018682064863,0.00166309241692,0.3529452533,0.342319330056,255,214,201,0,0.0018682064863,0.0,1,1
15.0,0.0,4.5,0.00172732802106,0.00169413232094,0.0016322055607,0.341797034928,0.335228397278,255,221,215,0,0.00169413232094,0.0,1,1
15.0,0.0,4.75,0.00157440474021,0.00154943482128,0.00159523606475,0.333625664199,0.328334390886,255,225,226,0,0.00154943482128,0.0,1,1
15.0,0.0,5.0,0.00141513298801,0.00140487237548,0.00155400050854,0.323532484731,0.32118666883,255,232,240,0,0.00140487237548,0.0,0,1
15.0,0.0,6.0,0.000981688004673,0.000991825565102,0.00140023597401,0.290978328987,0.293983163904,220,221,255,0,0.000991825565102,0.0,0,1
15.0,0.0,7.0,0.000727287144144,0.000742720653381,0.00130763292562,0.261836290808,0.267392628281,178,201,255,0,0.000742720653381,0.0,0,1
15.0,0.0,8.0,0.000587163885959,0.000605436936056,0.00126811898851,0.238614686422,0.246040582706,142,187,255,0,0.000605436936056,0.0,0,1
15.0,0.0,9.0,0.000511343576897,0.000531613328866,0.00124295738555,0.223693241186,0.232560481767,117,179,255,0,0.000531613328866,0.0,0,1
15.0,0.0,10.0,0.000472919622302,0.000491407845456,0.00121767061438,0.216736955992,0.225210026296,105,174,255,0,0.000491407845456,0.0,0,1
15.0,0.0,11.0,0.000447087961998,0.000462042981215,0.00118997811577,0.212989391897,0.220113852226,98,171,255,0,0.000462042981215,0.0,0,1
15.0,0.0,12.0,0.000427459158272,0.000438292609031,0.00116092620906,0.210916170826,0.216261593673,95,168,255,0,0.000438292609031,0.0,0,1
15.0,0.0,13.0,0.000409324529833,0.000416680443138,0.00113091796914,0.209167423522,0.212926341743,92,166,255,0,0.000416680443138,0.0,0,1
15.0,0.0,14.0,0.000392589136741,0.000397016798335,0.00110076766535,0.207678067791,0.210020282893,90,164,255,0,0.000397016798335,0.0,0,1
15.0,0.0,15.0,0.000377073115862,0.00037903877576,0.00107077661111,0.206401822168,0.207477782685,88,162,255,0,0.00037903877576,0.0,0,1
15.0,0.0,16.0,0.000362691055053,0.000362589501028,0.00104134848226,0.205301196336,0.205243711701,87,161,255,0,0.000362589501028,0.0,0,1
15.0,0.0,17.0,0.000349337062277,0.00034750289215,0.00101268040759,0.204347997274,0.203275082223,85,159,255,0,0.00034750289215,0.0,0,1
15.0,0.0,18.0,0.000336931388731,0.000333648119831,0.00098494298041,0.203519668851,0.201536446683,84,158,255,0,0.000333648119831,0.0,0,1
15.0,0.0,19.0,0.000325402325066,0.000320910436438,0.000958248585207,0.202798307297,0.199998857691,83,157,255,0,0.000320910436438,0.0,0,1
15.0,0.0,20.0,0.000314649674632,0.00030915484695,0.000932551016399,0.202170819555,0.198640246014,82,156,255,0,0.00030915484695,0.0,0,1
15.0,0.0,21.0,0.000304591255128,0.000298161575258,0.000908303534387,0.201575045266,0.197319955899,81,155,255,0,0.000298161575258,0.0,0,1
15.0,0.0,22.0,0.000294942917341,0.000287877390092,0.000883636643011,0.201126202342,0.196308108468,81,155,255,0,0.000287877390092,0.0,0,1
15.0,0.0,23.0,0.000278702320584,0.000269169944655,0.000849258814782,0.199481870076,0.192659048606,78,152,255,0,0.000269169944655,0.0,0,1
15.0,0.0,24.0,0.000271760043982,0.000262056655768,0.000829930758879,0.199274464097,0.192159225749,78,152,255,0,0.000262056655768,0.0,0,1
15.0,0.0,25.0,0.000265334230504,0.000255543277066,0.0008116447106,0.199121805915,0.191774120972,78,152,255,0,0.000255543277066,0.0,0,1
15.0,0.0,26.0,0.000259399893685,0.000249595893853,0.000794380780142,0.199021449455,0.191499448465,78,151,255,0,0.000249595893853,0.0,0,1
15.0,0.0,27.0,0.000253935249966,0.000244185521754,0.000778117286383,0.198971695252,0.191332267678,78,151,255,0,0.000244185521754,0.0,0,1
15.0,0.0,28.0,0.000248917922579,0.000239283162154,0.000762826148561,0.198970826497,0.19126934713,78,151,255,0,0.000239283162154,0.0,0,1
15.0,0.0,29.0,0.000244275445368,0.000234794729001,0.000748406888147,0.199006118181,0.191282375998,78,151,255,0,0.000234794729001,0.0,0,1
15.0,0.0,30.0,0.000239930733023,0.000230622213057,0.000734745038611,0.199063415081,0.191340412069,78,151,255,0,0.000230622213057,0.0,0,1
15.0,0.0,31.0,0.000235097372304,0.000225856413477,0.000720284458776,0.199026211171,0.19120309939,78,151,255,0,0.000225856413477,0.0,0,1
15.0,0.0,32.0,0.000228255246721,0.000218563366989,0.000703029814498,0.198508987029,0.19008015459,77,150,255,0,0.000218563366989,0.0,0,1
15.0,0.0,33.0,0.000221592230841,0.000211440449409,0.000686357198957,0.197958043893,0.188889012968,76,150,255,0,0.000211440449409,0.0,0,1
15.0,0.0,34.0,0.000215382195501,0.000204838418864,0.000670610067806,0.197447870711,0.187782047399,76,149,255,0,0.000204838418864,0.0,0,1
15.0,0.0,35.0,0.000209600756324,0.000198728093461,0.000655746071867,0.196979321718,0.186761373111,75,148,255,0,0.000198728093461,0.0,0,1
15.0,0.0,36.0,0.000204209376191,0.00019306261527,0.000641702020448,0.196549070381,0.185820446957,74,147,255,0,0.00019306261527,0.0,0,1
15.0,0.0,37.0,0.000199133945438,0.000187763840849,0.000628285026482,0.196155749421,0.184955693189,74,147,255,0,0.000187763840849,0.0,0,1
15.0,0.0,38.0,0.000193627914635,0.000182133696885,0.000613112463283,0.195806442467,0.184182902076,73,146,255,0,0.000182133696885,0.0,0,1
15.0,0.0,39.0,0.000189090659282,0.000177455447885,0.000600799687921,0.195473697454,0.183445722084,73,146,255,0,0.000177455447885,0.0,0,1
15.0,0.0,40.0,0.000171404345578,0.00015969355636,0.000551197408209,0.194270947162,0.180997852446,71,144,255,0,0.00015969355636,0.0,0,1
15.0,0.0,41.0,0.000166408981179,0.000154603137373,0.000537373870624,0.193862648363,0.180109110962,70,144,255,0,0.000154603137373,0.0,0,1
15.0,0.0,42.0,0.000161689377003,0.000149810396161,0.00052422124534,0.193472909527,0.17925885893,70,143,255,0,0.000149810396161,0.0,0,1
15.0,0.0,43.0,0.000157220222208,0.000145287091489,0.000511683532024,0.19309996303,0.178443533543,69,142,255,0,0.000145287091489,0.0,0,1
15.0,0.0,44.0,0.000152978849167,0.000141008016539,0.000499710027891,0.192742154343,0.177659781305,69,142,255,0,0.000141008016539,0.0,0,1
15.0,0.0,45.0,0.00014894489772,0.000136950606745,0.000488254704483,0.192397930012,0.176904436842,68,141,255,0,0.000136950606745,0.0,0,1
15.0,0.0,46.0,0.000145100024049,0.00013309460098,0.000477275658102,0.192065826134,0.176174502098,67,141,255,0,0.00013309460098,0.0,0,1
15.0,0.0,47.0,0.000141427648465,0.000129421749023,0.000466734626421,0.191744457418,0.175467126222,67,140,255,0,0.000129421749023,0.0,0,1
15.0,0.0,48.0,0.00013791273664,0.000125915558642,0.000456596563223,0.191432506821,0.174779586179,67,140,255,0,0.000125915558642,0.0,0,1
15.0,0.0,49.0,0.000134541609391,0.00012256107639,0.000446829263587,0.191128715655,0.174109267948,66,139,255,0,0.00012256107639,0.0,0,1
15.0,0.0,50.0,0.000131301776777,0.000119344697023,0.000437403032685,0.190831874072,0.173453648172,66,139,255,0,0.000119344697023,0.0,0,1
15.0,0.0,51.0,0.000128181792884,0.000116253997244,0.000428290392117,0.1905408118,0.172810276026,65,138,255,0,0.000116253997244,0.0,0,1
15.0,0.0,52.0,0.000125171128236,0.000113277590095,0.000419465818569,0.190254389006,0.172176755098,65,138,255,0,0.000113277590095,0.0,0,1
15.0,0.0,53.0,0.0001222600572,0.000110404996918,0.000410905510237,0.189971487155,0.171550725022,64,138,255,0,0.000110404996918,0.0,0,1
15.0,0.0,54.0,0.000119439558179,0.000107626534267,0.00040258717709,0.189690999727,0.17092984262,64,137,255,0,0.000107626534267,0.0,0,1
15.0,0.0,55.0,0.000116701224702,0.00010493321354,0.000394489851553,0.189411822639,0.170311762218,63,137,255,0,0.00010493321354,0.0,0,1
15.0,0.0,56.0,0.000114037185771,0.000102316651446,0.000386593716627,0.189132844215,0.169694114843,63,136,255,0,0.000102316651446,0.0,0,1
15.0,0.0,57.0,0.000111440034082,9.97689896527e-05,0.000378879948815,0.188852934499,0.169074485872,62,136,255,0,9.97689896527e-05,0.0,0,1
15.0,0.0,58.0,0.000108902760894,9.72828222288e-05,0.000371330573527,0.188570933713,0.16845039071,62,135,255,0,9.72828222288e-05,0.0,0,1
15.0,0.0,59.0,0.000106418696484,9.48511296377e-05,0.000363928330885,0.188285639584,0.167819247926,61,135,255,0,9.48511296377e-05,0.0,0,1
15.0,0.0,60.0,0.00010398145524,9.24672182061e-05,0.000356656550029,0.187995793254,0.167178349221,61,135,255,0,9.24672182061e-05,0.0,0,1
15.0,0.0,61.0,0.000101180175391,8.97747385355e-05,0.000348056444373,0.187714366001,0.16655444668,61,134,255,0,8.97747385355e-05,0.0,0,1
15.0,0.0,62.0,9.88409852341e-05,8.74867450072e-05,0.000341079671967,0.187409173288,0.165880768152,60,134,255,0,8.74867450072e-05,0.0,0,1
15.0,0.0,63.0,9.65275705721e-05,8.52253160815e-05,0.000334173971989,0.187095455402,0.165188756223,60,133,255,0,8.52253160815e-05,0.0,0,1
15.0,0.0,64.0,8.87445728653e-05,7.78396948314e-05,0.000310143672544,0.186153496312,0.163279070222,58,132,255,0,7.78396948314e-05,0.0,0,1
15.0,0.0,65.0,8.68088692423e-05,7.59306216511e-05,0.000304440267664,0.18581470548,0.162529776302,57,131,255,0,7.59306216511e-05,0.0,0,1
15.0,0.0,66.0,8.49125643834e-05,7.40598890492e-05,0.000298854261354,0.185468784675,0.161764018257,57,131,255,0,7.40598890492e-05,0.0,0,1
15.0,0.0,67.0,8.30495008277e-05,7.22211595197e-05,0.000293368869549,0.185114095601,0.160978145498,56,130,255,0,7.22211595197e-05,0.0,0,1
15.0,0.0,68.0,8.12134341747e-05,7.04080127581e-05,0.000287967026464,0.184748780029,0.160168013993,55,130,255,0,7.04080127581e-05,0.0,0,1
15.0,0.0,69.0,7.9397975103e-05,6.8613885299e-05,0.000282631229873,0.184370716484,0.159328889395,55,129,255,0,6.8613885299e-05,0.0,0,1
15.0,0.0,70.0,7.75965257859e-05,6.68320045177e-05,0.000277343370223,0.183977466704,0.158455327238,54,128,255,0,6.68320045177e-05,0.0,0,1
15.0,0.0,71.0,7.58022091201e-05,6.50553153595e-05,0.000272084539271,0.183566208856,0.157541023476,53,128,255,0,6.50553153595e-05,0.0,0,1
15.0,0.0,72.0,7.40077888958e-05,6.32763978622e-05,0.00026683481317,0.183133653476,0.15657862628,52,127,255,0,6.32763978622e-05,0.0,0,1
15.0,0.0,73.0,7.22055791574e-05,6.14873736282e-05,0.000261573005436,0.182675936684,0.155559496965,52,126,255,0,6.14873736282e-05,0.0,0,1
15.0,0.0,74.0,7.04198779769e-05,5.97105417256e-05,0.000256384866534,0.182191702332,0.154484295581,51,126,255,0,5.97105417256e-05,0.0,0,1
15.0,0.0,75.0,6.8678458918e-05,5.79712713505e-05,0.000251363908761,0.181682489273,0.153357618258,50,125,255,0,5.79712713505e-05,0.0,0,1
15.0,0.0,76.0,6.70299866235e-05,5.63216328199e-05,0.000246636971371,0.181167712431,0.152225323208,49,124,255,0,5.63216328199e-05,0.0,0,1
15.0,0.0,77.0,6.6788643868e-05,5.60973773338e-05,0.000245924417404,0.181092064857,0.152103550935,48,124,255,0,5.60973773338e-05,0.0,0,1
15.0,0.0,78.0,6.65471668754e-05,5.58732561835e-05,0.000245208544774,0.181017201304,0.151982735509,48,124,255,0,5.58732561835e-05,0.0,0,1
15.0,0.0,79.0,6.63150403538e-05,5.56582071134e-05,0.000244517187733,0.180946169353,0.151868102869,48,124,255,0,5.56582071134e-05,0.0,0,1
15.0,0.0,80.0,6.60926122803e-05,5.54524250291e-05,0.000243852670781,0.180878562774,0.151759093725,48,124,255,0,5.54524250291e-05,0.0,0,1
15.0,0.0,81.0,6.58801604716e-05,5.5256054466e-05,0.000243216954083,0.180814018027,0.151655204796,48,124,255,0,5.5256054466e-05,0.0,0,1
15.0,0.0,82.0,6.56779041085e-05,5.50691982479e-05,0.000242611690494,0.180752208013,0.151555980841,48,124,255,0,5.50691982479e-05,0.0,0,1
15.0,0.0,83.0,6.54860133311e-05,5.48919246461e-05,0.000242038273454,0.180692836759,0.151461007854,47,123,255,0,5.48919246461e-05,0.0,0,1
15.0,0.0,84.0,6.53046171578e-05,5.47242732511e-05,0.000241497876862,0.180635634951,0.151369907308,47,123,255,0,5.47242732511e-05,0.0,0,1
15.0,0.0,85.0,6.51338100222e-05,5.45662597814e-05,0.000240991488322,0.180580356138,0.151282331267,47,123,255,0,5.45662597814e-05,0.0,0,1
15.0,0.0,86.0,6.49736571671e-05,5.44178800161e-05,0.000240519936913,0.180526773508,0.1511979582,47,123,255,0,5.44178800161e-05,0.0,0,1
15.0,0.0,87.0,6.47046284328e-05,5.41711573658e-05,0.000239681163468,0.180458441999,0.151081041593,47,123,255,0,5.41711573658e-05,0.0,0,1
15.0,0.0,88.0,6.4562146454e-05,5.40384935671e-05,0.000239269285844,0.180406739398,0.151000376566,47,123,255,0,5.40384935671e-05,0.0,0,1
15.0,0.0,89.0,6.3204240746e-05,5.26513698866e-05,0.000235801638089,0.1797325122,0.149723544952,45,122,255,0,5.26513698866e-05,0.0,0,1
15.0,0.0,90.0,6.30433392912e-05,5.2495089996e-05,0.000235373982612,0.179655484256,0.149595990954,45,122,255,0,5.2495089996e-05,0.0,0,1
15.0,90.0,0.0,0.000128246578099,0.000127682348255,0.000357464702865,0.209077127622,0.208157278089,95,162,255,0,0.000127682348255,0.0,1,1
15.0,90.0,0.25,0.000129013510666,0.000128400838998,0.000358373973386,0.209509511363,0.208514572609,96,162,255,0,0.000128400838998,0.0,1,1
15.0,90.0,0.5,0.000130537116809,0.000129943041025,0.000360481181473,0.210217784177,0.209261080843,97,163,255,0,0.000129943041025,0.0,1,1
15.0,90.0,0.75,0.000132729769118,0.000132238034795,0.000363955016963,0.211043016269,0.210261148753,99,163,255,0,0.000132238034795,0.0,1,1
15.0,90.0,1.0,0.000135397831878,0.00013509234496,0.000368608467016,0.21185748582,0.211379489315,100,164,255,0,0.00013509234496,0.0,1,1
15.0,90.0,1.25,0.000138366178697,0.000138328943993,0.000374216022698,0.212573067272,0.212515863299,101,165,255,0,0.000138328943993,0.0,1,1
15.0,90.0,1.5,0.000141496496705,0.000141800928262,0.000380599434994,0.213130239407,0.213588791895,102,166,255,0,0.000141800928262,0.0,1,1
15.0,90.0,1.75,0.000144682864547,0.000145385257603,0.000387622136192,0.213494089321,0.214530540779,103,166,255,0,0.000145385257603,0.0,1,1
15.0,90.0,2.0,0.000147845658575,0.00014897903199,0.000395170664973,0.213651229581,0.215289063428,102,167,255,0,0.00014897903199,0.0,1,1
15.0,90.0,2.25,0.00015092630805,0.000152498076178,0.000403141578606,0.21360540415,0.215829921338,102,167,255,0,0.000152498076178,0.0,1,1
15.0,90.0,2.5,0.000153882877249,0.000155875956634,0.000411435123811,0.213372388395,0.216135971428,101,168,255,0,0.000155875956634,0.0,1,1
15.0,90.0,2.75,0.000156686376001,0.000159062621243,0.000419953546139,0.212975172385,0.216205071838,100,168,255,0,0.000159062621243,0.0,1,1
15.0,90.0,3.0,0.000159317748476,0.000162022573762,0.000428601905304,0.212440028878,0.216046740417,99,168,255,0,0.000162022573762,0.0,1,1
15.0,90.0,3.25,0.000161765477492,0.000164732765824,0.000437289892346,0.211793650542,0.215678613129,98,168,255,0,0.000164732765824,0.0,1,1
15.0,90.0,3.5,0.000164023717552,0.000167180425719,0.000445933746497,0.211061279744,0.215123246364,96,167,255,0,0.000167180425719,0.0,1,1
15.0,90.0,3.75,0.000166090859705,0.000169360993024,0.000454457810915,0.2102656384,0.21440552106,94,167,255,0,0.000169360993024,0.0,1,1
15.0,90.0,4.0,0.00016796843614,0.000171276262106,0.000462795551575,0.209426442348,0.213550706644,93,166,255,0,0.000171276262106,0.0,1,1
15.0,90.0,4.25,0.000169660285504,0.000172932782058,0.000470890029217,0.208560308353,0.212583128946,91,166,255,0,0.000172932782058,0.0,1,1
15.0,90.0,4.5,0.000171171915614,0.000174340521966,0.000478693898035,0.207680902485,0.211525335869,89,165,255,0,0.000174340521966,0.0,1,1
15.0,90.0,4.75,0.000172510014928,0.000175511786899,0.000486169037281,0.206799220083,0.210397643645,87,164,255,0,0.000175511786899,0.0,1,1
15.0,90.0,5.0,0.000173682076341,0.000176460357666,0.000493285924878,0.205923922893,0.20921795646,86,164,255,0,0.000176460357666,0.0,0,1
15.0,90.0,6.0,0.000176873399441,0.000178321803483,0.000517835554214,0.202596985266,0.204256037975,79,161,255,0,0.000178321803483,0.0,0,1
15.0,90.0,7.0,0.000178066218406,0.000177769875254,0.000535959447615,0.199671572871,0.199339273439,74,157,255,0,0.000177769875254,0.0,0,1
15.0,90.0,8.0,0.000177747081014,0.000175576462875,0.000548140854364,0.197175929918,0.19476804987,69,154,255,0,0.000175576462875,0.0,0,1
15.0,90.0,9.0,0.000176320727968,0.000172321082373,0.000555254314456,0.195067467523,0.190642572355,65,152,255,0,0.000172321082373,0.0,0,1
15.0,90.0,10.0,0.000174105891231,0.000168415423625,0.000558245217011,0.193286367856,0.186969006582,62,149,255,0,0.000168415423625,0.0,0,1
15.0,90.0,11.0,0.000171345499204,0.00016414324212,0.000557981594946,0.191775252349,0.183714260515,59,147,255,0,0.00016414324212,0.0,0,1
15.0,90.0,12.0,0.000168210475432,0.00015968555948,0.00055517153017,0.190484264266,0.180830511497,57,145,255,0,0.00015968555948,0.0,0,1
15.0,90.0,13.0,0.000164508496338,0.000154844085667,0.000549408172067,0.189359953896,0.17823559011,55,143,255,0,0.000154844085667,0.0,0,1
15.0,90.0,14.0,0.000155591434579,0.000144931271571,0.000525942933393,0.188261226039,0.175362730931,53,141,255,0,0.000144931271571,0.0,0,1
15.0,90.0,15.0,0.000151807990354,0.000140401504703,0.000517689906819,0.187440551261,0.173356721067,52,140,255,0,0.000140401504703,0.0,0,1
15.0,90.0,16.0,0.000148231411545,0.000136176762334,0.000509536193188,0.186702516818,0.171519275131,51,139,255,0,0.000136176762334,0.0,0,1
15.0,90.0,17.0,0.000144718186106,0.00013212850188,0.000500997159748,0.186050434837,0.169865072874,50,137,255,0,0.00013212850188,0.0,0,1
15.0,90.0,18.0,0.000141290814009,0.000128263480814,0.000492240096928,0.185471060878,0.168370208816,49,136,255,0,0.000128263480814,0.0,0,1
15.0,90.0,19.0,0.000137964099123,0.000124582564153,0.000483392154391,0.184953639434,0.167014453736,48,135,255,0,0.000124582564153,0.0,0,1
15.0,90.0,20.0,0.000134747231943,0.00012108277907,0.000474549350759,0.184489374968,0.165780668797,47,134,255,0,0.00012108277907,0.0,0,1
15.0,90.0,21.0,0.000131645323935,0.000117758720644,0.000465783609312,0.184071024184,0.164654297376,47,134,255,0,0.000117758720644,0.0,0,1
15.0,90.0,22.0,0.000128660538768,0.000114603513007,0.000457148224447,0.183692580978,0.163622935945,46,133,255,0,0.000114603513007,0.0,0,1
15.0,90.0,23.0,0.000125792927212,0.00011160946471,0.000448682099146,0.183349031861,0.162675976739,46,132,255,0,0.00011160946471,0.0,0,1
15.0,90.0,24.0,0.000123041043919,0.000108768512999,0.000440413027948,0.183036164938,0.161804312214,45,132,255,0,0.000108768512999,0.0,0,1
15.0,90.0,25.0,0.000120402403322,0.000106072521998,0.000432360242012,0.182750419668,0.161000091158,45,131,255,0,0.000106072521998,0.0,0,1
15.0,90.0,26.0,0.000117873816637,0.000103513479571,0.000424536384888,0.18248876777,0.160256517295,45,130,255,0,0.000103513479571,0.0,0,1
15.0,90.0,27.0,0.000115451640775,0.0001010836239,0.000416949049439,0.182248618005,0.159567682495,44,130,255,0,0.0001010836239,0.0,0,1
15.0,90.0,28.0,0.000113131961906,9.87755213872e-05,0.000409601976464,0.182027739289,0.158928427937,44,129,255,0,9.87755213872e-05,0.0,0,1
15.0,90.0,29.0,0.00011091073047,9.65821109683e-05,0.000402495992486,0.181824197923,0.158334227771,44,129,255,0,9.65821109683e-05,0.0,0,1
15.0,90.0,30.0,0.000108783860128,9.44967254322e-05,0.000395629746454,0.181636305658,0.157781090726,44,129,255,0,9.44967254322e-05,0.0,0,1
15.0,90.0,31.0,0.000106747299954,9.25130971829e-05,0.000389000291432,0.181462576079,0.157265475971,43,128,255,0,9.25130971829e-05,0.0,0,1
15.0,90.0,32.0,0.000104797086816,9.06253536706e-05,0.000382603546874,0.181301687308,0.156784220177,43,128,255,0,9.06253536706e-05,0.0,0,1
15.0,90.0,33.0,0.000102929383126,8.88280061519e-05,0.000376434668741,0.181152449551,0.15633447335,43,128,255,0,8.88280061519e-05,0.0,0,1
15.0,90.0,34.0,0.000101140503744,8.71159343008e-05,0.000370488347935,0.181013776382,0.155913641589,43,127,255,0,8.71159343008e-05,0.0,0,1
15.0,90.0,35.0,9.94269347578e-05,8.54843683572e-05,0.000364759051635,0.180884659139,0.155519335577,43,127,255,0,8.54843683572e-05,0.0,0,1
15.0,90.0,36.0,9.77853458167e-05,8.39288698397e-05,0.000359241216506,0.180764144332,0.155149324417,43,127,255,0,8.39288698397e-05,0.0,0,1
15.0,90.0,37.0,9.62125968413e-05,8.24453113285e-05,0.000353929397164,0.180651314588,0.15480149546,43,126,255,0,8.24453113285e-05,0.0,0,1
15.0,90.0,38.0,9.47057390525e-05,8.10298553978e-05,0.000348818367607,0.180545274467,0.154473822064,42,126,255,0,8.10298553978e-05,0.0,0,1
15.0,90.0,39.0,9.3262009551e-05,7.96789325031e-05,0.000343903168432,0.180445143243,0.154164342568,42,126,255,0,7.96789325031e-05,0.0,0,1
15.0,90.0,40.0,9.18788183715e-05,7.83892176112e-05,0.00033917909031,0.180350057208,0.153871154759,42,126,255,0,7.83892176112e-05,0.0,0,1
15.0,90.0,41.0,9.05537274017e-05,7.71576057306e-05,0.000334641587398,0.180259183735,0.153592429898,42,125,255,0,7.71576057306e-05,0.0,0,1
15.0,90.0,42.0,8.92844221174e-05,7.59811873136e-05,0.000330286125686,0.18017174755,0.153326447935,42,125,255,0,7.59811873136e-05,0.0,0,1
15.0,90.0,43.0,8.80686795925e-05,7.4857225497e-05,0.000326107990644,0.180087066277,0.15307165035,42,125,255,0,7.4857225497e-05,0.0,0,1
15.0,90.0,44.0,8.69043387042e-05,7.37831377163e-05,0.00032210209925,0.180004588093,0.152826700149,42,125,255,0,7.37831377163e-05,0.0,0,1
15.0,90.0,45.0,8.57931949318e-05,7.27599097768e-05,0.000318276709377,0.179924141481,0.152590940473,42,125,255,0,7.27599097768e-05,0.0,0,1
15.0,90.0,46.0,8.70342514273e-05,7.39678288116e-05,0.000320811991974,0.180638666338,0.153519444694,44,125,255,0,7.39678288116e-05,0.0,0,1
15.0,90.0,47.0,8.32367874905e-05,7.04186733332e-05,0.000308431273997,0.180132389048,0.152392760984,43,124,255,0,7.04186733332e-05,0.0,0,1
15.0,90.0,48.0,8.2252295788e-05,6.95214423284e-05,0.000305010626502,0.180068106877,0.152197508745,43,124,255,0,6.95214423284e-05,0.0,0,1
15.0,90.0,49.0,8.13069427997e-05,6.86613990187e-05,0.000301717845605,0.180007591694,0.152011287771,43,124,255,0,6.86613990187e-05,0.0,0,1
15.0,90.0,50.0,8.03991978042e-05,6.78371004883e-05,0.000298547788032,0.179950898578,0.151834191424,43,124,255,0,6.78371004883e-05,0.0,0,1
15.0,90.0,51.0,7.95276134363e-05,6.7047190332e-05,0.000295495565803,0.179898086165,0.151666329496,43,124,255,0,6.7047190332e-05,0.0,0,1
15.0,90.0,52.0,7.86908181985e-05,6.62903806488e-05,0.000292556564636,0.179849203351,0.151507792427,43,124,255,0,6.62903806488e-05,0.0,0,1
15.0,90.0,53.0,7.78875108277e-05,6.55654404312e-05,0.000289726449739,0.179804281201,0.151358629427,43,124,255,0,6.55654404312e-05,0.0,0,1
15.0,90.0,54.0,7.71164563219e-05,6.48711891903e-05,0.000287001162471,0.179763329222,0.151218838308,43,124,255,0,6.48711891903e-05,0.0,0,1
15.0,90.0,55.0,7.63764831787e-05,6.42064942234e-05,0.000284376911119,0.179726334748,0.151088363767,43,123,255,0,6.42064942234e-05,0.0,0,1
15.0,90.0,56.0,7.5666481361e-05,6.35702700333e-05,0.000281850158305,0.179693264307,0.150967101016,43,123,255,0,6.35702700333e-05,0.0,0,1
15.0,90.0,57.0,7.49854005957e-05,6.29614787552e-05,0.000279417606745,0.179664066047,0.150854902256,43,123,255,0,6.29614787552e-05,0.0,0,1
15.0,90.0,58.0,7.43322487402e-05,6.23791308338e-05,0.000277076184491,0.179638672583,0.150751584269,43,123,255,0,6.23791308338e-05,0.0,0,1
15.0,90.0,59.0,7.3706090074e-05,6.18222855167e-05,0.000274823030372,0.179617003873,0.150656936027,43,123,255,0,6.18222855167e-05,0.0,0,1
15.0,90.0,60.0,7.31060434642e-05,6.12900509616e-05,0.000272655480098,0.17959896986,0.150570725671,43,123,255,0,6.12900509616e-05,0.0,0,1
15.0,90.0,61.0,7.25312804142e-05,6.07815839057e-05,0.000270571053346,0.17958447277,0.15049270656,43,123,255,0,6.07815839057e-05,0.0,0,1
15.0,90.0,62.0,7.19810230388e-05,6.02960889266e-05,0.000268567442042,0.179573408992,0.150422622246,43,123,255,0,6.02960889266e-05,0.0,0,1
15.0,90.0,63.0,7.14545420202e-05,5.98328173686e-05,0.000266642499985,0.179565670525,0.150360210372,43,123,255,0,5.98328173686e-05,0.0,0,1
15.0,90.0,64.0,7.09511546056e-05,5.93910660214e-05,0.000264794233934,0.179561145995,0.150305205546,43,123,255,0,5.93910660214e-05,0.0,0,1
15.0,90.0,65.0,7.04702226996e-05,5.89701756381e-05,0.000263020796227,0.179559721255,0.150257341248,43,123,255,0,5.89701756381e-05,0.0,0,1
15.0,90.0,66.0,7.00111510991e-05,5.85695293703e-05,0.000261320478967,0.179561279582,0.15021635087,43,123,255,0,5.85695293703e-05,0.0,0,1
15.0,90.0,67.0,6.95733859067e-05,5.81885511873e-05,0.000259691709825,0.179565701497,0.150181967959,43,123,255,0,5.81885511873e-05,0.0,0,1
15.0,90.0,68.0,6.9156413154e-05,5.7826704332e-05,0.000258133049451,0.179572864219,0.150153925741,43,123,255,0,5.7826704332e-05,0.0,0,1
15.0,90.0,69.0,6.87597576543e-05,5.74834898571e-05,0.000256643190503,0.179582640772,0.15013195598,43,123,255,0,5.74834898571e-05,0.0,0,1
15.0,90.0,70.0,6.83829820995e-05,5.71584452717e-05,0.00025522095827,0.179594898757,0.15011578724,44,123,255,0,5.71584452717e-05,0.0,0,1
15.0,90.0,71.0,6.80256864076e-05,5.68511433201e-05,0.000253865312861,0.179609498808,0.150105142595,44,123,255,0,5.68511433201e-05,0.0,0,1
15.0,90.0,72.0,6.76875073197e-05,5.65611909056e-05,0.000252575352891,0.179626292746,0.150099736835,44,123,255,0,5.65611909056e-05,0.0,0,1
15.0,90.0,73.0,6.73681182353e-05,5.62882281639e-05,0.000251350320557,0.179645121465,0.150099273223,44,123,255,0,5.62882281639e-05,0.0,0,1
15.0,90.0,74.0,6.70334320122e-05,5.60104891068e-05,0.000250030278864,0.179678551921,0.150132303733,44,123,255,0,5.60104891068e-05,0.0,0,1
15.0,90.0,75.0,6.54729765158e-05,5.47126082989e-05,0.000243935958413,0.179810773994,0.150259190417,45,123,255,0,5.47126082989e-05,0.0,0,1
15.0,90.0,76.0,6.52269385293e-05,5.44993856306e-05,0.000243013140535,0.179817596037,0.150243882828,45,123,255,0,5.44993856306e-05,0.0,0,1
15.0,90.0,77.0,6.49994615267e-05,5.43027321767e-05,0.000242155766142,0.179825785424,0.150232497854,45,123,255,0,5.43027321767e-05,0.0,0,1
15.0,90.0,78.0,6.47902184244e-05,5.41223115613e-05,0.000241362985577,0.179835197302,0.150224784154,45,123,255,0,5.41223115613e-05,0.0,0,1
15.0,90.0,79.0,6.45988938521e-05,5.39577929833e-05,0.000240634046824,0.179845658027,0.150220448155,45,123,255,0,5.39577929833e-05,0.0,0,1
15.0,90.0,80.0,6.44251822747e-05,5.38088488452e-05,0.000239968294594,0.179856962532,0.150219149856,45,123,255,0,5.38088488452e-05,0.0,0,1
15.0,90.0,81.0,6.42687864983e-05,5.36751530021e-05,0.000239365168167,0.179868872971,0.150220500542,45,123,255,0,5.36751530021e-05,0.0,0,1
15.0,90.0,82.0,6.41294167847e-05,5.35563799771e-05,0.000238824197405,0.179881119279,0.15022406343,45,123,255,0,5.35563799771e-05,0.0,0,1
15.0,90.0,83.0,6.40067908368e-05,5.34522055353e-05,0.000238344996346,0.179893402398,0.150229358381,45,123,255,0,5.34522055353e-05,0.0,0,1
15.0,90.0,84.0,6.41172591851e-05,5.34039648016e-05,0.000239576232393,0.179551150644,0.149550112574,44,122,255,0,5.34039648016e-05,0.0,0,1
15.0,90.0,85.0,6.40223778279e-05,5.33279591181e-05,0.000239177882664,0.179571698134,0.149575703086,44,122,255,0,5.33279591181e-05,0.0,0,1
15.0,90.0,86.0,6.39438945523e-05,5.32655755931e-05,0.000238844557094,0.179590426341,0.149599699816,44,122,255,0,5.32655755931e-05,0.0,0,1
15.0,90.0,87.0,6.38816350488e-05,5.321656818e-05,0.00023857638628,0.179606969216,0.14962150727,44,122,255,0,5.321656818e-05,0.0,0,1
15.0,90.0,88.0,6.38354413039e-05,5.31807198556e-05,0.000238373444175,0.179621014081,0.149640617107,44,122,255,0,5.31807198556e-05,0.0,0,1
15.0,90.0,89.0,6.38051760785e-05,5.31578523988e-05,0.000238235714795,0.179632324965,0.149656645486,44,122,255,0,5.31578523988e-05,0.0,0,1
15.0,90.0,90.0,6.30433392912e-05,5.2495089996e-05,0.000235373982612,0.179655484256,0.149595990954,45,122,255,0,5.2495089996e-05,0.0,0,1
15.0,180.0,0.0,6.75057323538e-05,6.4729025909e-05,0.000202330745461,0.201771347023,0.193471906662,85,152,255,0,6.4729025909e-05,0.0,1,1
15.0,180.0,0.25,7.37275023376e-05,7.04572178407e-05,0.000223671812894,0.200424610436,0.191534501922,82,151,255,0,7.04572178407e-05,0.0,1,1
15.0,180.0,0.5,7.55309454684e-05,7.20697797882e-05,0.000229976095934,0.200041266385,0.190874481016,81,151,255,0,7.20697797882e-05,0.0,1,1
15.0,180.0,0.75,7.65363438999e-05,7.30465547453e-05,0.000232946108636,0.200079843471,0.190956903542,81,151,255,0,7.30465547453e-05,0.0,1,1
15.0,180.0,1.0,7.76423264851e-05,7.42044074134e-05,0.00023581421001,0.20028410833,0.191415742492,82,151,255,0,7.42044074134e-05,0.0,1,1
15.0,180.0,1.25,8.10170865335e-05,7.7498294618e-05,0.000246684196288,0.199943659975,0.191259564256,81,151,255,0,7.7498294618e-05,0.0,1,1
15.0,180.0,1.5,8.42827285551e-05,8.04092659727e-05,0.000258348595997,0.199230831374,0.190074588051,80,150,255,0,8.04092659727e-05,0.0,1,1
15.0,180.0,1.75,8.53067484143e-05,8.1499333301e-05,0.000261086489239,0.199364873814,0.190466810675,80,150,255,0,8.1499333301e-05,0.0,1,1
15.0,180.0,2.0,8.6367680486e-05,8.2627447472e-05,0.000263999248329,0.199466055949,0.190827992226,80,151,255,0,8.2627447472e-05,0.0,1,1
15.0,180.0,2.25,8.7452508274e-05,8.3778029933e-05,0.000267060401455,0.199530723454,0.191147072302,80,151,255,0,8.3778029933e-05,0.0,1,1
15.0,180.0,2.5,8.85504466353e-05,8.49383118977e-05,0.000270244333164,0.199557906075,0.191417573958,80,151,255,0,8.49383118977e-05,0.0,1,1
15.0,180.0,2.75,8.96534526325e-05,8.60987538595e-05,0.000273528848631,0.199548704781,0.191636733572,79,151,255,0,8.60987538595e-05,0.0,1,1
15.0,180.0,3.0,9.07565225896e-05,8.72532010531e-05,0.000276897777183,0.199505443249,0.191804269868,79,151,255,0,8.72532010531e-05,0.0,1,1
15.0,180.0,3.25,9.1866730813e-05,8.84076448465e-05,0.00028037301838,0.199429611459,0.191920427621,79,152,255,0,8.84076448465e-05,0.0,1,1
15.0,180.0,3.5,9.31514697542e-05,8.96943320478e-05,0.000284628127016,0.199265593249,0.191870233864,78,152,255,0,8.96943320478e-05,0.0,1,1
15.0,180.0,3.75,9.43368517136e-05,9.08726378442e-05,0.000288634346409,0.1990884856,0.19177760888,78,152,255,0,9.08726378442e-05,0.0,1,1
15.0,180.0,4.0,9.53757411916e-05,9.19304309613e-05,0.000292112395236,0.198940440941,0.191754006237,77,152,255,0,9.19304309613e-05,0.0,1,1
15.0,180.0,4.25,9.63949599003e-05,9.29595897015e-05,0.000295595728399,0.198772872752,0.191688908984,77,152,255,0,9.29595897015e-05,0.0,1,1
15.0,180.0,4.5,9.73930890816e-05,9.39587229085e-05,0.000299074593699,0.19858859138,0.191585774784,76,152,255,0,9.39587229085e-05,0.0,1,1
15.0,180.0,4.75,9.83691626174e-05,9.49270067169e-05,0.000302540614242,0.198390207979,0.191448093125,76,151,255,0,9.49270067169e-05,0.0,1,1
15.0,180.0,5.0,9.93222319452e-05,9.58636743485e-05,0.000305986111393,0.19817992314,0.191278983992,75,151,255,0,9.58636743485e-05,0.0,0,1
15.0,180.0,6.0,0.000102894693363,9.92901057387e-05,0.000319443880234,0.197256587759,0.190346331926,73,151,255,0,9.92901057387e-05,0.0,0,1
15.0,180.0,7.0,0.000106071153572,0.000102207613489,0.000332170145211,0.196264903423,0.189116142467,71,150,255,0,0.000102207613489,0.0,0,1
15.0,180.0,8.0,0.000108862758871,0.000104650491686,0.000344008259848,0.195261988711,0.187706644018,68,149,255,0,0.000104650491686,0.0,0,1
15.0,180.0,9.0,0.00011126816984,0.000106637183389,0.000354821620782,0.194277858192,0.186192004617,66,148,255,0,0.000106637183389,0.0,0,1
15.0,180.0,10.0,0.000113306281361,0.000108206796668,0.000364555384214,0.193332841913,0.18463166616,64,147,255,0,0.000108206796668,0.0,0,1
15.0,180.0,11.0,0.000115003007804,0.000109403698672,0.00037320101422,0.192438959239,0.18306941976,62,146,255,0,0.000109403698672,0.0,0,1
15.0,180.0,12.0,0.000116384717906,0.0001102701383,0.000380773539117,0.191602366306,0.181536028196,61,145,255,0,0.0001102701383,0.0,0,1
15.0,180.0,13.0,0.00011746635855,0.000110832938105,0.000387277438676,0.190823258593,0.180047314565,59,144,255,0,0.000110832938105,0.0,0,1
15.0,180.0,14.0,0.000117940979606,0.000110769413591,0.00039185224444,0.190054915415,0.178498360799,57,143,255,0,0.000110769413591,0.0,0,1
15.0,180.0,15.0,0.000117912075258,0.000110099738286,0.000395180569669,0.189206541085,0.176670545488,56,142,255,0,0.000110099738286,0.0,0,1
15.0,180.0,16.0,0.000117416312928,0.000109003218529,0.00039676038711,0.188414789099,0.174914523529,54,141,255,0,0.000109003218529,0.0,0,1
15.0,180.0,17.0,0.000116644109147,0.000107674177718,0.000397183804838,0.187680959894,0.173248294986,53,140,255,0,0.000107674177718,0.0,0,1
15.0,180.0,18.0,0.000115682729882,0.000106208314495,0.000396698774593,0.187010400648,0.171694249142,52,139,255,0,0.000106208314495,0.0,0,1
15.0,180.0,19.0,0.000114575480437,0.000104649815003,0.000395451978265,0.186399408825,0.170251641764,51,138,255,0,0.000104649815003,0.0,0,1
15.0,180.0,20.0,0.000113346470001,0.000103021297111,0.000393539800361,0.185842045657,0.168912967481,50,137,255,0,0.000103021297111,0.0,0,1
15.0,180.0,21.0,0.000112037025136,0.000101359699011,0.000391121950737,0.185332612194,0.16767008733,49,136,255,0,0.000101359699011,0.0,0,1
15.0,180.0,22.0,0.000110658476852,9.96736595425e-05,0.000388255899675,0.184865834571,0.1665146203,48,135,255,0,9.96736595425e-05,0.0,0,1
15.0,180.0,23.0,0.000109229117015,9.79778381325e-05,0.000385022796307,0.184437064748,0.165438899163,47,134,255,0,9.79778381325e-05,0.0,0,1
15.0,180.0,24.0,0.000107764826551,9.62844437341e-05,0.000381494802538,0.184042212281,0.164435860942,47,133,255,0,9.62844437341e-05,0.0,0,1
15.0,180.0,25.0,0.000106278556278,9.46029059161e-05,0.000377732971394,0.183677679139,0.163499042583,46,133,255,0,9.46029059161e-05,0.0,0,1
15.0,180.0,26.0,0.000104780924521,9.2940520175e-05,0.000373789138014,0.183340304959,0.162622570757,46,132,255,0,9.2940520175e-05,0.0,0,1
15.0,180.0,27.0,0.000101455716063,8.95711543731e-05,0.000363273205058,0.183033920702,0.161593256673,46,131,255,0,8.95711543731e-05,0.0,0,1
15.0,180.0,28.0,9.98836466136e-05,8.7893089025e-05,0.000358820433755,0.182737218937,0.16080048333,45,131,255,0,8.7893089025e-05,0.0,0,1
15.0,180.0,29.0,9.82487299558e-05,8.6185104273e-05,0.000354031263143,0.182460721104,0.160056992911,45,130,255,0,8.6185104273e-05,0.0,0,1
15.0,180.0,30.0,9.66296313741e-05,8.45193519144e-05,0.000349158746273,0.182214261621,0.159377937003,44,130,255,0,8.45193519144e-05,0.0,0,1
15.0,180.0,31.0,9.51275741125e-05,8.29694414976e-05,0.000344664081803,0.181971410236,0.158713878879,44,129,255,0,8.29694414976e-05,0.0,0,1
15.0,180.0,32.0,9.36573875563e-05,8.14661616469e-05,0.00034020407708,0.181743385721,0.158086152366,44,129,255,0,8.14661616469e-05,0.0,0,1
15.0,180.0,33.0,9.22210372396e-05,8.00097000477e-05,0.000335793213897,0.181528916156,0.157491984111,43,128,255,0,8.00097000477e-05,0.0,0,1
15.0,180.0,34.0,9.08198823399e-05,7.85998265435e-05,0.000331443099352,0.181326864056,0.156928854071,43,128,255,0,7.85998265435e-05,0.0,0,1
15.0,180.0,35.0,8.94547797454e-05,7.72359804469e-05,0.000327162894424,0.181136210918,0.156394469748,43,128,255,0,7.72359804469e-05,0.0,0,1
15.0,180.0,36.0,8.81261677813e-05,7.59173384267e-05,0.000322959672342,0.180956042307,0.155886741135,43,127,255,0,7.59173384267e-05,0.0,0,1
15.0,180.0,37.0,8.68341327147e-05,7.46428661562e-05,0.000318838716662,0.180785533154,0.155403755785,42,127,255,0,7.46428661562e-05,0.0,0,1
15.0,180.0,38.0,8.55784711511e-05,7.34113663736e-05,0.000314803793869,0.18062393726,0.154943759285,42,126,255,0,7.34113663736e-05,0.0,0,1
15.0,180.0,39.0,8.43587394777e-05,7.2221515026e-05,0.000310857380254,0.180470576618,0.15450513535,42,126,255,0,7.2221515026e-05,0.0,0,1
15.0,180.0,40.0,8.3174298972e-05,7.10718941309e-05,0.000307000867132,0.180324832704,0.154086389395,42,126,255,0,7.10718941309e-05,0.0,0,1
15.0,180.0,41.0,8.20243223898e-05,6.99609919986e-05,0.000303234620107,0.180186138994,0.153686134321,42,126,255,0,6.99609919986e-05,0.0,0,1
15.0,180.0,42.0,8.09078391251e-05,6.88872363856e-05,0.000299558176667,0.180053974758,0.153303077371,41,125,255,0,6.88872363856e-05,0.0,0,1
15.0,180.0,43.0,7.98237594335e-05,6.78490097013e-05,0.000295970366812,0.1799278586,0.152936006902,41,125,255,0,6.78490097013e-05,0.0,0,1
15.0,180.0,44.0,7.87708789132e-05,6.68446480175e-05,0.000292469355865,0.179807343295,0.15258378146,41,125,255,0,6.68446480175e-05,0.0,0,1
15.0,180.0,45.0,7.77478891318e-05,6.58724454438e-05,0.000289052708009,0.17969201101,0.152245319122,41,124,255,0,6.58724454438e-05,0.0,0,1
15.0,180.0,46.0,7.67533920082e-05,6.49306618253e-05,0.000285717462614,0.179581468606,0.151919586914,41,124,255,0,6.49306618253e-05,0.0,0,1
15.0,180.0,47.0,7.57858960252e-05,6.40175154751e-05,0.000282460139578,0.17947534385,0.151605591607,41,124,255,0,6.40175154751e-05,0.0,0,1
15.0,180.0,48.0,7.48438227406e-05,6.31311846774e-05,0.00027927678278,0.179373281311,0.151302369841,41,124,255,0,6.31311846774e-05,0.0,0,1
15.0,180.0,49.0,7.39255019218e-05,6.22697999131e-05,0.000276162958569,0.179274938859,0.151008979066,41,124,255,0,6.22697999131e-05,0.0,0,1
15.0,180.0,50.0,7.30291670316e-05,6.14314364998e-05,0.000273113754689,0.179179984115,0.150724488086,40,123,255,0,6.14314364998e-05,0.0,0,1
15.0,180.0,51.0,6.99810790643e-05,5.84458582563e-05,0.000263260706016,0.178665526613,0.149215476287,40,122,255,0,5.84458582563e-05,0.0,0,1
15.0,180.0,52.0,6.93846689392e-05,5.79092887902e-05,0.000261150214978,0.178621984352,0.149080081152,40,122,255,0,5.79092887902e-05,0.0,0,1
15.0,180.0,53.0,6.86781991437e-05,5.72715066193e-05,0.000258665926908,0.17856320261,0.148905821174,40,122,255,0,5.72715066193e-05,0.0,0,1
15.0,180.0,54.0,6.81287036126e-05,5.67814360939e-05,0.000256702047068,0.178528637118,0.148793560745,40,122,255,0,5.67814360939e-05,0.0,0,1
15.0,180.0,55.0,6.75926879233e-05,5.63053826031e-05,0.000254777553494,0.178497594341,0.14869027482,40,122,255,0,5.63053826031e-05,0.0,0,1
15.0,180.0,56.0,6.70690039723e-05,5.58423268151e-05,0.000252888269947,0.178470130998,0.148596024865,40,122,255,0,5.58423268151e-05,0.0,0,1
15.0,180.0,57.0,6.65566327581e-05,5.53913557914e-05,0.000251030526585,0.178446291294,0.148510848598,40,122,255,0,5.53913557914e-05,0.0,0,1
15.0,180.0,58.0,6.60558236912e-05,5.49524989492e-05,0.000249206060681,0.178425870704,0.148434262484,40,122,255,0,5.49524989492e-05,0.0,0,1
15.0,180.0,59.0,6.55885629571e-05,5.45415376979e-05,0.00024751096225,0.178403800813,0.148355402051,40,122,255,0,5.45415376979e-05,0.0,0,1
15.0,180.0,60.0,6.52948277368e-05,5.4264096754e-05,0.000246534496975,0.178355643418,0.14822472509,40,121,255,0,5.4264096754e-05,0.0,0,1
15.0,180.0,61.0,6.50512734908e-05,5.40279334212e-05,0.00024575362802,0.178304328071,0.148089558417,39,121,255,0,5.40279334212e-05,0.0,0,1
15.0,180.0,62.0,6.48306899036e-05,5.38115954532e-05,0.000245057211192,0.178253449671,0.147956200005,39,121,255,0,5.38115954532e-05,0.0,0,1
15.0,180.0,63.0,6.46246800974e-05,5.3608858893e-05,0.000244409690334,0.178204568214,0.147828098136,39,121,255,0,5.3608858893e-05,0.0,0,1
15.0,180.0,64.0,6.44251756288e-05,5.34135846727e-05,0.000243777597843,0.178158908406,0.147707877339,39,121,255,0,5.34135846727e-05,0.0,0,1
15.0,180.0,65.0,6.42327346114e-05,5.32261220288e-05,0.000243163612379,0.178116285394,0.147595135083,39,121,255,0,5.32261220288e-05,0.0,0,1
15.0,180.0,66.0,6.40482291335e-05,5.30470594154e-05,0.000242571709858,0.178076469115,0.147489371142,39,121,255,0,5.30470594154e-05,0.0,0,1
15.0,180.0,67.0,6.38724505507e-05,5.28769274434e-05,0.000242005510012,0.178039248206,0.147390124041,39,121,255,0,5.28769274434e-05,0.0,0,1
15.0,180.0,68.0,6.33863264129e-05,5.26156967386e-05,0.000238852469163,0.178626247619,0.148274004918,41,121,255,0,5.26156967386e-05,0.0,0,1
15.0,180.0,69.0,6.32174100862e-05,5.24694083938e-05,0.000238174273328,0.17865035617,0.148276851026,41,121,255,0,5.24694083938e-05,0.0,0,1
15.0,180.0,70.0,6.30739339883e-05,5.23540819698e-05,0.000237530397569,0.178700752188,0.148329321425,41,121,255,0,5.23540819698e-05,0.0,0,1
15.0,180.0,71.0,6.29344236861e-05,5.22352541156e-05,0.000236951567106,0.178729413792,0.148344511645,41,121,255,0,5.22352541156e-05,0.0,0,1
15.0,180.0,72.0,6.28087539312e-05,5.21290327058e-05,0.000236421454538,0.178759362415,0.148363915324,42,121,255,0,5.21290327058e-05,0.0,0,1
15.0,180.0,73.0,6.26970469996e-05,5.20355236587e-05,0.000235940217726,0.178790739049,0.148387686135,42,121,255,0,5.20355236587e-05,0.0,0,1
15.0,180.0,74.0,6.2599414191e-05,5.19548248452e-05,0.000235507989161,0.178823675189,0.148415969106,42,121,255,0,5.19548248452e-05,0.0,0,1
15.0,180.0,75.0,6.25159594791e-05,5.18870294321e-05,0.000235124885229,0.178858294586,0.148448902851,42,121,255,0,5.18870294321e-05,0.0,0,1
15.0,180.0,76.0,6.2446782718e-05,5.1832228833e-05,0.000234791014229,0.178894714831,0.148486621609,42,121,255,0,5.1832228833e-05,0.0,0,1
15.0,180.0,77.0,6.23919824679e-05,5.17905153256e-05,0.00023450648331,0.178933048789,0.148529257109,42,121,255,0,5.17905153256e-05,0.0,0,1
15.0,180.0,78.0,6.23516585011e-05,5.17619843889e-05,0.000234271404498,0.178973405916,0.148576940305,42,122,255,0,5.17619843889e-05,0.0,0,1
15.0,180.0,79.0,6.23259140411e-05,5.17467368113e-05,0.000234085899949,0.179015893471,0.14862980298,43,122,255,0,5.17467368113e-05,0.0,0,1
15.0,180.0,80.0,6.23148577839e-05,5.17448806124e-05,0.000233950106564,0.179060617641,0.148687979268,43,122,255,0,5.17448806124e-05,0.0,0,1
15.0,180.0,81.0,6.23186057409e-05,5.17565328184e-05,0.000233864180058,0.179107684606,0.148751607102,43,122,255,0,5.17565328184e-05,0.0,0,1
15.0,180.0,82.0,6.23372829418e-05,5.17818211236e-05,0.000233828298582,0.179157201541,0.148820829613,43,122,255,0,5.17818211236e-05,0.0,0,1
15.0,180.0,83.0,6.23710250279e-05,5.182088547e-05,0.000233842665973,0.179209277596,0.148895796491,43,122,255,0,5.182088547e-05,0.0,0,1
15.0,180.0,84.0,6.24199797644e-05,5.18738795715e-05,0.000233907514704,0.179264024838,0.148976665341,43,122,255,0,5.18738795715e-05,0.0,0,1
15.0,180.0,85.0,6.24843084972e-05,5.19409724077e-05,0.000234023108571,0.179321559188,0.149063603037,44,122,255,0,5.19409724077e-05,0.0,0,1
15.0,180.0,86.0,6.25641875785e-05,5.20223497114e-05,0.000234189745191,0.179382001361,0.1491567871,44,122,255,0,5.20223497114e-05,0.0,0,1
15.0,180.0,87.0,6.26598097806e-05,5.21182154715e-05,0.000234407758334,0.179445477812,0.149256407109,44,122,255,0,5.21182154715e-05,0.0,0,1
15.0,180.0,88.0,6.27713857209e-05,5.2228793473e-05,0.000234677520128,0.179512121713,0.149362666176,44,122,255,0,5.2228793473e-05,0.0,0,1
15.0,180.0,89.0,6.2899145317e-05,5.23543288961e-05,0.000234999443178,0.179582073964,0.149475782489,44,122,255,0,5.23543288961e-05,0.0,0,1
15.0,180.0,90.0,6.30433392912e-05,5.2495089996e-05,0.000235373982612,0.179655484256,0.149595990954,45,122,255,0,5.2495089996e-05,0.0,0,1
18.0,0.0,0.0,5.96140666836e-06,4.83353909836e-06,9.88496515151e-06,0.288270423017,0.233731137309,219,165,255,0,4.83353909836e-06,0.0,1,1
18.0,0.0,0.25,8.89092849371e-06,6.01430114806e-06,7.3044097087e-06,0.400318454227,0.270796884774,255,120,177,0,6.01430114806e-06,0.0,1,1
18.0,0.0,0.5,1.42917973754e-05,9.10169331663e-06,6.80119717836e-06,0.473321580165,0.301433595065,255,98,127,0,9.10169331663e-06,0.0,1,1
18.0,0.0,0.75,2.03770225649e-05,1.3006625818e-05,6.96027954184e-06,0.505082762465,0.322393641052,255,96,104,0,1.3006625818e-05,0.0,1,1
18.0,0.0,1.0,2.55899067466e-05,1.67483862444e-05,7.40793000962e-06,0.514409038577,0.336676540131,255,101,93,0,1.67483862444e-05,0.0,1,1
18.0,0.0,1.25,2.8991503203e-05,1.95847592669e-05,7.99238530654e-06,0.512501258958,0.346212257792,255,108,90,0,1.95847592669e-05,0.0,1,1
18.0,0.0,1.5,3.02401577503e-05,2.1085215585e-05,8.59303565882e-06,0.504688930463,0.351898789353,255,116,91,0,2.1085215585e-05,0.0,1,1
18.0,0.0,1.75,2.93683247087e-05,2.10870136707e-05,9.12990693893e-06,0.492879144019,0.353896565468,255,123,97,0,2.10870136707e-05,0.0,1,1
18.0,0.0,2.0,2.67144338664e-05,1.97237964285e-05,9.58656829132e-06,0.476832305345,0.352054749437,255,130,107,0,1.97237964285e-05,0.0,1,1
18.0,0.0,2.25,2.29155331238e-05,1.74167161722e-05,9.98696536211e-06,0.455403234718,0.346124562765,255,138,122,0,1.74167161722e-05,0.0,1,1
18.0,0.0,2.5,1.86612238458e-05,1.47161833708e-05,1.03983758719e-05,0.426291034202,0.336171790258,255,150,143,0,1.47161833708e-05,0.0,1,1
18.0,0.0,2.75,1.45204800151e-05,1.20710239896e-05,1.08308596446e-05,0.388016111199,0.322561773562,255,168,174,0,1.20710239896e-05,0.0,1,1
18.0,0.0,3.0,1.08972550616e-05,9.77965776381e-06,1.12655641482e-05,0.341152474513,0.30616466506,255,198,220,0,9.77965776381e-06,0.0,1,1
18.0,0.0,3.25,8.88441808034e-06,8.48247184548e-06,1.16870011783e-05,0.305790988495,0.291956482355,243,218,255,0,8.48247184548e-06,0.0,1,1
18.0,0.0,3.5,7.23094813876e-06,7.48104049605e-06,1.20682330983e-05,0.270010764318,0.279349460606,189,210,255,0,7.48104049605e-06,0.0,1,1
18.0,0.0,3.75,6.43117205883e-06,6.98353460689e-06,1.23976737082e-05,0.24915067753,0.270549810041,155,205,255,0,6.98353460689e-06,0.0,1,1
18.0,0.0,4.0,6.31320082484e-06,6.85025177091e-06,1.26669921348e-05,0.244409296498,0.265200690207,147,202,255,0,6.85025177091e-06,0.0,1,1
18.0,0.0,4.25,6.18289559283e-06,6.69583118741e-06,1.2875776957e-05,0.240070461303,0.259986806801,140,198,255,0,6.69583118741e-06,0.0,1,1
18.0,0.0,4.5,6.04470979695e-06,6.52736495815e-06,1.30294086547e-05,0.236107795013,0.254960419819,134,194,255,0,6.52736495815e-06,0.0,1,1
18.0,0.0,4.75,5.90335075411e-06,6.35191509043e-06,1.31358851362e-05,0.23249638264,0.250162550537,129,191,255,0,6.35191509043e-06,0.0,1,1
18.0,0.0,5.0,5.76173701018e-06,6.17413006629e-06,1.32019812898e-05,0.229205655402,0.245610920089,123,188,255,0,6.17413006629e-06,0.0,0,1
18.0,0.0,6.0,5.21778486546e-06,5.4845180327e-06,1.31619879758e-05,0.218644035686,0.229821118996,107,177,255,0,5.4845180327e-06,0.0,0,1
18.0,0.0,7.0,4.75568854429e-06,4.8995477708e-06,1.2867331339e-05,0.211152148252,0.217539485109,95,169,255,0,4.8995477708e-06,0.0,0,1
18.0,0.0,8.0,4.36577153656e-06,4.41344946784e-06,1.24513815903e-05,0.205635780571,0.207881497859,86,163,255,0,4.41344946784e-06,0.0,0,1
18.0,0.0,9.0,4.03228783309e-06,4.00644693602e-06,1.19786591966e-05,0.201439200328,0.200148278187,79,158,255,0,4.00644693602e-06,0.0,0,1
18.0,0.0,10.0,3.74248033881e-06,3.66086696047e-06,1.14833308793e-05,0.198154503583,0.193833289574,73,153,255,0,3.66086696047e-06,0.0,0,1
18.0,0.0,11.0,3.48474749911e-06,3.36090394465e-06,1.09777884255e-05,0.195514868324,0.188566515179,69,150,255,0,3.36090394465e-06,0.0,0,1
18.0,0.0,12.0,3.25290060967e-06,3.09732620161e-06,1.04738365293e-05,0.19334809575,0.184100959377,65,147,255,0,3.09732620161e-06,0.0,0,1
18.0,0.0,13.0,3.04320447462e-06,2.86410836435e-06,9.98083771105e-06,0.191539252164,0.180266945189,62,144,255,0,2.86410836435e-06,0.0,0,1
18.0,0.0,14.0,2.85267011101e-06,2.65649388261e-06,9.50425268352e-06,0.190008055618,0.176941327863,59,142,255,0,2.65649388261e-06,0.0,0,1
18.0,0.0,15.0,2.67903588803e-06,2.47084352959e-06,9.04768103148e-06,0.188696917167,0.174032964216,57,140,255,0,2.47084352959e-06,0.0,0,1
18.0,0.0,16.0,2.52062953248e-06,2.30439084786e-06,8.61379925227e-06,0.187563312953,0.171472711954,55,138,255,0,2.30439084786e-06,0.0,0,1
18.0,0.0,17.0,2.37595121303e-06,2.15477146972e-06,8.20381638988e-06,0.186575360088,0.169206867829,53,137,255,0,2.15477146972e-06,0.0,0,1
18.0,0.0,18.0,2.24257579271e-06,2.01492628851e-06,7.82666095346e-06,0.185579736576,0.166741071163,51,135,255,0,2.01492628851e-06,0.0,0,1
18.0,0.0,19.0,2.12338548662e-06,1.89449828289e-06,7.47312594726e-06,0.184786675754,0.164867868845,50,134,255,0,1.89449828289e-06,0.0,0,1
18.0,0.0,20.0,1.99865983322e-06,1.77169171344e-06,7.08734204025e-06,0.184077752538,0.16317385449,49,132,255,0,1.77169171344e-06,0.0,0,1
18.0,0.0,21.0,1.88823082152e-06,1.66194225648e-06,6.75260627797e-06,0.183273926024,0.161310089157,47,131,255,0,1.66194225648e-06,0.0,0,1
18.0,0.0,22.0,1.79891321158e-06,1.57622799098e-06,6.46629926263e-06,0.182789624948,0.160162325481,46,130,255,0,1.57622799098e-06,0.0,0,1
18.0,0.0,23.0,1.71696082688e-06,1.49842299058e-06,6.19975751845e-06,0.18236166252,0.159150344867,45,130,255,0,1.49842299058e-06,0.0,0,1
18.0,0.0,24.0,1.64172378391e-06,1.42773151316e-06,5.95178025252e-06,0.181984360666,0.158263411404,45,129,255,0,1.42773151316e-06,0.0,0,1
18.0,0.0,25.0,1.57259542233e-06,1.36342870695e-06,5.72112219049e-06,0.181652863917,0.157491701837,44,128,255,0,1.36342870695e-06,0.0,0,1
18.0,0.0,26.0,1.50874182369e-06,1.30453649007e-06,5.50576540996e-06,0.181360006486,0.156813274866,43,128,255,0,1.30453649007e-06,0.0,0,1
18.0,0.0,27.0,1.44601337988e-06,1.24600633056e-06,5.29474293455e-06,0.181051252448,0.156008934527,43,127,255,0,1.24600633056e-06,0.0,0,1
18.0,0.0,28.0,1.38511831375e-06,1.18873733833e-06,5.0902959626e-06,0.180726893646,0.155103578073,42,127,255,0,1.18873733833e-06,0.0,0,1
18.0,0.0,29.0,1.3244186672e-06,1.13160179916e-06,4.88764442966e-06,0.180348461695,0.154092243475,42,126,255,0,1.13160179916e-06,0.0,0,1
18.0,0.0,30.0,1.2647507297e-06,1.07533028686e-06,4.68997894626e-06,0.179906108395,0.152961751756,41,125,255,0,1.07533028686e-06,0.0,0,1
18.0,0.0,31.0,1.20941407303e-06,1.02347961413e-06,4.50521238423e-06,0.179488725796,0.151894256827,40,124,255,0,1.02347961413e-06,0.0,0,1
18.0,0.0,32.0,1.1581863822e-06,9.75803897034e-07,4.33271813918e-06,0.179099830588,0.150896535594,40,123,255,0,9.75803897034e-07,0.0,0,1
18.0,0.0,33.0,1.11067278579e-06,9.31871587735e-07,4.17146073667e-06,0.178737024849,0.149963118988,39,123,255,0,9.31871587735e-07,0.0,0,1
18.0,0.0,34.0,1.06650787409e-06,8.91287286264e-07,4.02046515671e-06,0.178397697244,0.149088068935,38,122,255,0,8.91287286264e-07,0.0,0,1
18.0,0.0,35.0,9.92073501036e-07,8.24866125557e-07,3.75248161426e-06,0.178128652535,0.148106255549,38,121,255,0,8.24866125557e-07,0.0,0,1
18.0,0.0,36.0,9.50910226396e-07,7.87575515866e-07,3.60898376798e-06,0.177824338142,0.147280038597,38,121,255,0,7.87575515866e-07,0.0,0,1
18.0,0.0,37.0,9.03621835842e-07,7.4490859296e-07,3.44335657671e-06,0.177463057382,0.14629322924,37,120,255,0,7.4490859296e-07,0.0,0,1
18.0,0.0,38.0,8.49090155779e-07,6.9591751151e-07,3.25470699375e-06,0.176904298639,0.144991434003,36,119,255,0,6.9591751151e-07,0.0,0,1
18.0,0.0,39.0,8.13985217417e-07,6.6458508578e-07,3.13041830397e-06,0.176608207742,0.144193258527,35,118,255,0,6.6458508578e-07,0.0,0,1
18.0,0.0,40.0,7.81018071785e-07,6.35288171098e-07,3.01313955493e-06,0.176324106318,0.143423850318,35,118,255,0,6.35288171098e-07,0.0,0,1
18.0,0.0,41.0,7.49993906144e-07,6.07832129916e-07,2.90227358067e-06,0.176050790737,0.142680262107,35,117,255,0,6.07832129916e-07,0.0,0,1
18.0,0.0,42.0,7.20739077899e-07,5.82044422984e-07,2.79728330195e-06,0.175787154834,0.141959741383,34,117,255,0,5.82044422984e-07,0.0,0,1
18.0,0.0,43.0,6.930983682e-07,5.57771639915e-07,2.69768449354e-06,0.175532177132,0.141259703945,34,116,255,0,5.57771639915e-07,0.0,0,1
18.0,0.0,44.0,6.6693262996e-07,5.34876971888e-07,2.60303949841e-06,0.175284909437,0.1405777096,33,116,255,0,5.34876971888e-07,0.0,0,1
18.0,0.0,45.0,6.42116769095e-07,5.13238055172e-07,2.51295175824e-06,0.175044466609,0.139911439687,33,115,255,0,5.13238055172e-07,0.0,0,1
18.0,0.0,46.0,6.18538007033e-07,4.92745125676e-07,2.42706104545e-06,0.17481001731,0.139258676054,32,115,255,0,4.92745125676e-07,0.0,0,1
18.0,0.0,47.0,5.96094380885e-07,4.73299434715e-07,2.34503929736e-06,0.174580775539,0.138617281129,32,114,255,0,4.73299434715e-07,0.0,0,1
18.0,0.0,48.0,5.74693444781e-07,4.54811884678e-07,2.26658696745e-06,0.174355992798,0.137985178723,32,114,255,0,4.54811884678e-07,0.0,0,1
18.0,0.0,49.0,5.54251141833e-07,4.37201850227e-07,2.19142982117e-06,0.174134950721,0.137360335231,31,113,255,0,4.37201850227e-07,0.0,0,1
18.0,0.0,50.0,5.34690821176e-07,4.20396156485e-07,2.11931611405e-06,0.173916954031,0.136740740867,31,113,255,0,4.20396156485e-07,0.0,0,1
18.0,0.0,51.0,5.15942378593e-07,4.0432819032e-07,2.05001409942e-06,0.173701323679,0.136124390578,31,112,255,0,4.0432819032e-07,0.0,0,1
18.0,0.0,52.0,4.97941502665e-07,3.88937124786e-07,1.98330982015e-06,0.173487390029,0.135509264247,30,112,255,0,3.88937124786e-07,0.0,0,1
18.0,0.0,53.0,4.80629011133e-07,3.7416723992e-07,1.91900514569e-06,0.173274485944,0.134893305757,30,111,255,0,3.7416723992e-07,0.0,0,1
18.0,0.0,54.0,4.6395026451e-07,3.59967325746e-07,1.85691602056e-06,0.173061939629,0.13427440043,30,111,255,0,3.59967325746e-07,0.0,0,1
18.0,0.0,55.0,4.4785464588e-07,3.46290155483e-07,1.7968708955e-06,0.172849067037,0.133650350286,29,110,255,0,3.46290155483e-07,0.0,0,1
18.0,0.0,56.0,4.32295097418e-07,3.33092018763e-07,1.73870931589e-06,0.172635163679,0.133018846438,29,110,255,0,3.33092018763e-07,0.0,0,1
18.0,0.0,57.0,4.17227705467e-07,3.20332306116e-07,1.68228064545e-06,0.172419495579,0.132377437822,29,109,255,0,3.20332306116e-07,0.0,0,1
18.0,0.0,58.0,4.02611327119e-07,3.0797313722e-07,1.62744290572e-06,0.172201289119,0.13172349527,28,109,255,0,3.0797313722e-07,0.0,0,1
18.0,0.0,59.0,3.71937735418e-07,2.82676006302e-07,1.50876349136e-06,0.171924586119,0.130664223502,28,108,255,0,2.82676006302e-07,0.0,0,1
18.0,0.0,60.0,3.59084889279e-07,2.71795384491e-07,1.46060233673e-06,0.171689158435,0.129953451741,28,107,255,0,2.71795384491e-07,0.0,0,1
18.0,0.0,61.0,3.4101593686e-07,2.5635814543e-07,1.39401446228e-06,0.171245304082,0.128733363526,27,106,255,0,2.5635814543e-07,0.0,0,1
18.0,0.0,62.0,3.29467362376e-07,2.46614062146e-07,1.35052381054e-06,0.171009273919,0.128004459688,27,106,255,0,2.46614062146e-07,0.0,0,1
18.0,0.0,63.0,3.18254102212e-07,2.3716100792e-07,1.30823863794e-06,0.170768900897,0.127255939128,27,105,255,0,2.3716100792e-07,0.0,0,1
18.0,0.0,64.0,3.07341402781e-07,2.27967651609e-07,1.26703511545e-06,0.170523148643,0.126483973163,26,104,255,0,2.27967651609e-07,0.0,0,1
18.0,0.0,65.0,2.9669538436e-07,2.1900352297e-07,1.22679194852e-06,0.170270841516,0.125684173455,26,104,255,0,2.1900352297e-07,0.0,0,1
18.0,0.0,66.0,2.86282755466e-07,2.10238746978e-07,1.18738938082e-06,0.17001063317,0.124851468726,26,103,255,0,2.10238746978e-07,0.0,0,1
18.0,0.0,67.0,2.76070518366e-07,2.01643771726e-07,1.1487081543e-06,0.169740966941,0.123979949011,26,102,255,0,2.01643771726e-07,0.0,0,1
18.0,0.0,68.0,2.66025659186e-07,1.93189083894e-07,1.11062840227e-06,0.169460025337,0.123062666781,25,101,255,0,1.93189083894e-07,0.0,0,1
18.0,0.0,69.0,2.56114815381e-07,1.84844905166e-07,1.073028449e-06,0.169165664919,0.12209138016,25,101,255,0,1.84844905166e-07,0.0,0,1
18.0,0.0,70.0,2.46303914504e-07,1.76580864047e-07,1.03578349402e-06,0.168855331356,0.121056217762,25,100,255,0,1.76580864047e-07,0.0,0,1
18.0,0.0,71.0,2.36557836496e-07,1.68365689366e-07,9.98764377825e-07,0.168525949305,0.119945244896,25,99,255,0,1.68365689366e-07,0.0,0,1
18.0,0.0,72.0,2.29330952322e-07,1.62344976917e-07,9.71387580248e-07,0.168246710976,0.119103017422,24,98,255,0,1.62344976917e-07,0.0,0,1
18.0,0.0,73.0,2.24014592372e-07,1.58002938894e-07,9.51262586874e-07,0.168017650098,0.118506933947,24,97,255,0,1.58002938894e-07,0.0,0,1
18.0,0.0,74.0,2.19169287608e-07,1.54065426803e-07,9.32848457991e-07,0.167806531957,0.117959889583,23,97,255,0,1.54065426803e-07,0.0,0,1
18.0,0.0,75.0,2.15013165163e-07,1.50726361772e-07,9.16892994959e-07,0.167634268969,0.117513285527,23,97,255,0,1.50726361772e-07,0.0,0,1
18.0,0.0,76.0,2.10911527819e-07,1.47431744046e-07,9.01144124609e-07,0.167458228172,0.117056942736,22,96,255,0,1.47431744046e-07,0.0,0,1
18.0,0.0,77.0,2.06876382503e-07,1.44192832662e-07,8.85637373711e-07,0.16728008435,0.116594213987,22,96,255,0,1.44192832662e-07,0.0,0,1
18.0,0.0,78.0,2.02904697976e-07,1.41006564769e-07,8.70364172823e-07,0.167099401036,0.116124036309,21,95,255,0,1.41006564769e-07,0.0,0,1
18.0,0.0,79.0,1.98993253861e-07,1.37869783981e-07,8.55314897808e-07,0.166915732887,0.115645307515,21,95,255,0,1.37869783981e-07,0.0,0,1
18.0,0.0,80.0,1.95138676676e-07,1.34779261468e-07,8.40479053463e-07,0.166728621208,0.1151568762,20,94,255,0,1.34779261468e-07,0.0,0,1
18.0,0.0,81.0,1.91337467494e-07,1.31731711379e-07,8.25845418389e-07,0.166537589435,0.114657531285,19,94,255,0,1.31731711379e-07,0.0,0,1
18.0,0.0,82.0,1.87586022735e-07,1.28723801621e-07,8.11402157947e-07,0.166342138488,0.114145990857,19,94,255,0,1.28723801621e-07,0.0,0,1
18.0,0.0,83.0,1.83880649331e-07,1.25752160852e-07,7.97136911034e-07,0.166141741869,0.113620890092,18,93,255,0,1.25752160852e-07,0.0,0,1
18.0,0.0,84.0,1.8021757525e-07,1.22813382348e-07,7.83036855235e-07,0.165935840396,0.113080767975,18,93,255,0,1.22813382348e-07,0.0,0,1
18.0,0.0,85.0,1.70797937685e-07,1.1501244635e-07,7.46937076802e-07,0.165382094037,0.111365508715,17,91,255,0,1.1501244635e-07,0.0,0,1
18.0,0.0,86.0,1.6703613453e-07,1.11979856685e-07,7.3248934993e-07,0.16513618637,0.110706144723,16,90,255,0,1.11979856685e-07,0.0,0,1
18.0,0.0,87.0,1.63272180874e-07,1.08936401715e-07,7.18091575639e-07,0.164871407439,0.110003417459,15,90,255,0,1.08936401715e-07,0.0,0,1
18.0,0.0,88.0,1.59639245387e-07,1.06007086889e-07,7.04138463321e-07,0.164613062725,0.109309908106,14,89,255,0,1.06007086889e-07,0.0,0,1
18.0,0.0,89.0,1.56054860221e-07,1.03115350605e-07,6.90379002566e-07,0.164346258224,0.108594003502,13,89,255,0,1.03115350605e-07,0.0,0,1
18.0,0.0,90.0,1.52513912824e-07,1.00256802432e-07,6.7679461952e-07,0.164070138073,0.107853422112,12,88,255,0,1.00256802432e-07,0.0,0,1
18.0,90.0,0.0,4.62127066126e-07,4.23821204273e-07,1.55346038299e-06,0.189442250884,0.173739321488,60,140,255,0,4.23821204273e-07,0.0,1,1
18.0,90.0,0.25,4.63530575023e-07,4.25180102674e-07,1.55638731562e-06,0.189575459261,0.173890823122,60,140,255,0,4.25180102674e-07,0.0,1,1
18.0,90.0,0.5,4.66548982808e-07,4.28371313977e-07,1.56376569884e-06,0.18975541555,0.1742277439,61,140,255,0,4.28371313977e-07,0.0,1,1
18.0,90.0,0.75,4.70964791155e-07,4.33106751268e-07,1.57632879118e-06,0.189874507262,0.174611632405,61,140,255,0,4.33106751268e-07,0.0,1,1
18.0,90.0,1.0,4.76238953045e-07,4.38752127432e-07,1.59322021641e-06,0.18987194326,0.174926302253,61,140,255,0,4.38752127432e-07,0.0,1,1
18.0,90.0,1.25,4.81907502168e-07,4.44767289807e-07,1.61333054052e-06,0.189726964744,0.175104864591,60,141,255,0,4.44767289807e-07,0.0,1,1
18.0,90.0,1.5,4.87647037955e-07,4.50761218367e-07,1.635725376e-06,0.189441228626,0.175111817315,59,141,255,0,4.50761218367e-07,0.0,1,1
18.0,90.0,1.75,4.93246986111e-07,4.56462439132e-07,1.65966896184e-06,0.189028539729,0.174931486131,57,141,255,0,4.56462439132e-07,0.0,1,1
18.0,90.0,2.0,4.98574609005e-07,4.61688294947e-07,1.68457217331e-06,0.188508770657,0.17456222466,55,140,255,0,4.61688294947e-07,0.0,1,1
18.0,90.0,2.25,5.03548531999e-07,4.66322285491e-07,1.70994805619e-06,0.187903942667,0.174012613341,53,140,255,0,4.66322285491e-07,0.0,1,1
18.0,90.0,2.5,5.08120859305e-07,4.70297461045e-07,1.73538480815e-06,0.187235711378,0.173298297178,51,140,255,0,4.70297461045e-07,0.0,1,1
18.0,90.0,2.75,5.12265572525e-07,4.73583796155e-07,1.76053132177e-06,0.186523876426,0.17243923896,49,139,255,0,4.73583796155e-07,0.0,1,1
18.0,90.0,3.0,5.15971130785e-07,4.76178347675e-07,1.78508969283e-06,0.185785630607,0.171457450477,46,139,255,0,4.76178347675e-07,0.0,1,1
18.0,90.0,3.25,5.19235767857e-07,4.7809752878e-07,1.8088108932e-06,0.185035312775,0.170375253885,44,138,255,0,4.7809752878e-07,0.0,1,1
18.0,90.0,3.5,5.22064477028e-07,4.79371075227e-07,1.83149147604e-06,0.184284477437,0.169214056853,41,137,255,0,4.79371075227e-07,0.0,1,1
18.0,90.0,3.75,5.24467034293e-07,4.8003738988e-07,1.85297030533e-06,0.183542142605,0.16799357311,39,137,255,0,4.8003738988e-07,0.0,1,1
18.0,90.0,4.0,5.26456654925e-07,4.80140008114e-07,1.87312495812e-06,0.182815120412,0.166731396739,36,136,255,0,4.80140008114e-07,0.0,1,1
18.0,90.0,4.25,5.28049037735e-07,4.79724965112e-07,1.89186778767e-06,0.1821083692,0.165442837347,34,135,255,0,4.79724965112e-07,0.0,1,1
18.0,90.0,4.5,5.2926165153e-07,4.78838878699e-07,1.90914178096e-06,0.181425330868,0.164140934355,31,134,255,0,4.78838878699e-07,0.0,1,1
18.0,90.0,4.75,5.30113179356e-07,4.77527591386e-07,1.92491638275e-06,0.180768234551,0.162836584725,29,133,255,0,4.77527591386e-07,0.0,1,1
18.0,90.0,5.0,5.3062307212e-07,4.75835242842e-07,1.93918344301e-06,0.180138358876,0.161538734829,27,132,255,0,4.75835242842e-07,0.0,0,1
18.0,90.0,6.0,5.29643490914e-07,4.66051069998e-07,1.98159357667e-06,0.177894602886,0.156535427027,18,129,255,0,4.66051069998e-07,0.0,0,1
18.0,90.0,7.0,5.24754743237e-07,4.53016985931e-07,2.00276934505e-06,0.176060228721,0.151991525918,9,125,255,0,4.53016985931e-07,0.0,0,1
18.0,90.0,8.0,5.17054605509e-07,4.38286041156e-07,2.00658528222e-06,0.174567027645,0.147973329408,2,122,255,0,4.38286041156e-07,0.0,0,1
18.0,90.0,9.0,5.07434691004e-07,4.22872113564e-07,1.99699212596e-06,0.173345703,0.144458124571,0,120,255,1,4.22872113564e-07,0.0,0,1
18.0,90.0,10.0,4.96581755951e-07,4.07410834091e-07,1.97744633145e-06,0.172338116296,0.141391452393,0,117,255,1,4.07410834091e-07,0.0,0,1
18.0,90.0,11.0,4.85006885343e-07,3.92286265816e-07,1.9507585471e-06,0.17149859235,0.138712551138,0,115,255,1,3.92286265816e-07,0.0,0,1
18.0,90.0,12.0,4.73080651527e-07,3.77718981374e-07,1.91912186691e-06,0.170792078966,0.136364507586,0,114,255,1,3.77718981374e-07,0.0,0,1
18.0,90.0,13.0,4.61043066727e-07,3.63806198743e-07,1.88411136599e-06,0.170191866716,0.134297336963,0,112,255,1,3.63806198743e-07,0.0,0,1
18.0,90.0,14.0,4.47877396757e-07,3.49673903989e-07,1.8418884775e-06,0.169686537442,0.13248034938,0,110,255,1,3.49673903989e-07,0.0,0,1
18.0,90.0,15.0,4.24549722463e-07,3.28911913186e-07,1.75185694469e-06,0.169459375664,0.131285464358,0,109,255,1,3.28911913186e-07,0.0,0,1
18.0,90.0,16.0,4.12862171587e-07,3.1699226668e-07,1.71220040495e-06,0.169063431452,0.129805547799,0,108,255,1,3.1699226668e-07,0.0,0,1
18.0,90.0,17.0,4.01596085988e-07,3.05809173108e-07,1.672920069e-06,0.168714789213,0.128473687818,0,107,255,1,3.05809173108e-07,0.0,0,1
18.0,90.0,18.0,3.9077762249e-07,2.95323773832e-07,1.63435027987e-06,0.168405843785,0.127269952166,0,106,255,1,2.95323773832e-07,0.0,0,1
18.0,90.0,19.0,3.80417892129e-07,2.85494059468e-07,1.59672258939e-06,0.168130506822,0.126177716417,0,105,255,1,2.85494059468e-07,0.0,0,1
18.0,90.0,20.0,3.70517507823e-07,2.76277381927e-07,1.56019219055e-06,0.167883859009,0.125183053582,0,104,255,1,2.76277381927e-07,0.0,0,1
18.0,90.0,21.0,3.61069866995e-07,2.67631976167e-07,1.5248577183e-06,0.167661890322,0.124274239244,0,103,255,1,2.67631976167e-07,0.0,0,1
18.0,90.0,22.0,3.52063515043e-07,2.59517842747e-07,1.49077605864e-06,0.167461304292,0.123441352417,0,103,255,1,2.59517842747e-07,0.0,0,1
18.0,90.0,23.0,3.43483841213e-07,2.51897218815e-07,1.45797341583e-06,0.167279369077,0.122675953799,0,102,255,1,2.51897218815e-07,0.0,0,1
18.0,90.0,24.0,3.35314289112e-07,2.44734785603e-07,1.42645357831e-06,0.167113803017,0.121970825822,0,101,255,1,2.44734785603e-07,0.0,0,1
18.0,90.0,25.0,3.27537213691e-07,2.37997708962e-07,1.39620408605e-06,0.166962685779,0.121319761653,0,101,255,1,2.37997708962e-07,0.0,0,1
18.0,90.0,26.0,3.20134480133e-07,2.31655575884e-07,1.36720082287e-06,0.166824388618,0.120717392893,0,100,255,1,2.31655575884e-07,0.0,0,1
18.0,90.0,27.0,3.13087873796e-07,2.25680268032e-07,1.33941142332e-06,0.166697519027,0.12015904774,0,100,255,1,2.25680268032e-07,0.0,0,1
18.0,90.0,28.0,3.0637937154e-07,2.20045798912e-07,1.31279778477e-06,0.166580876272,0.119640633175,0,99,255,0,2.20045798912e-07,0.0,0,1
18.0,90.0,29.0,2.99991311268e-07,2.14728132018e-07,1.28731790237e-06,0.166473415211,0.119158536052,1,99,255,0,2.14728132018e-07,0.0,0,1
18.0,90.0,30.0,2.93906487017e-07,2.09704991308e-07,1.26292719129e-06,0.166374216468,0.11870953912,1,98,255,0,2.09704991308e-07,0.0,0,1
18.0,90.0,31.0,2.88108190374e-07,2.04955671854e-07,1.23957942261e-06,0.166282461541,0.118290748966,1,98,255,0,2.04955671854e-07,0.0,0,1
18.0,90.0,32.0,2.82580214792e-07,2.00460856624e-07,1.21722737249e-06,0.166197411829,0.117899533654,2,98,255,0,2.00460856624e-07,0.0,0,1
18.0,90.0,33.0,2.773068369e-07,1.96202444857e-07,1.19582326702e-06,0.166118390912,0.117533468692,2,97,255,0,1.96202444857e-07,0.0,0,1
18.0,90.0,34.0,2.72272787951e-07,1.92163397928e-07,1.17531909453e-06,0.166044769731,0.117190290663,2,97,255,0,1.92163397928e-07,0.0,0,1
18.0,90.0,35.0,2.67463228539e-07,1.88327609756e-07,1.15566685255e-06,0.165975954603,0.116867858726,3,97,255,0,1.88327609756e-07,0.0,0,1
18.0,90.0,36.0,2.62863740206e-07,1.84679810173e-07,1.13681879372e-06,0.165911378282,0.116564124905,3,96,255,0,1.84679810173e-07,0.0,0,1
18.0,90.0,37.0,2.58460347735e-07,1.8120551057e-07,1.11872773305e-06,0.165850494489,0.116277114828,3,96,255,0,1.8120551057e-07,0.0,0,1
18.0,90.0,38.0,2.54239584586e-07,1.77891000582e-07,1.10134747129e-06,0.165792776437,0.116004920861,4,96,255,0,1.77891000582e-07,0.0,0,1
18.0,90.0,39.0,2.50188609899e-07,1.7472340145e-07,1.08463337271e-06,0.165737719807,0.115745709466,4,96,255,0,1.7472340145e-07,0.0,0,1
18.0,90.0,40.0,2.46295377595e-07,1.71690775027e-07,1.0685431056e-06,0.165684850286,0.115497743537,4,95,255,0,1.71690775027e-07,0.0,0,1
18.0,90.0,41.0,2.4254884637e-07,1.68782277104e-07,1.05303750976e-06,0.165633735157,0.115259418478,5,95,255,0,1.68782277104e-07,0.0,0,1
18.0,90.0,42.0,2.38939205429e-07,1.65988331398e-07,1.03808150365e-06,0.165583997554,0.115029308023,5,95,255,0,1.65988331398e-07,0.0,0,1
18.0,90.0,43.0,2.35458078554e-07,1.63300789579e-07,1.02364489857e-06,0.165535331152,0.114806212836,5,95,255,0,1.63300789579e-07,0.0,0,1
18.0,90.0,44.0,2.32098663627e-07,1.60713037801e-07,1.00970296653e-06,0.165487512487,0.11458920286,5,94,255,0,1.60713037801e-07,0.0,0,1
18.0,90.0,45.0,2.28855770221e-07,1.58220015084e-07,9.96236627842e-07,0.165440408144,0.114377644254,5,94,255,0,1.58220015084e-07,0.0,0,1
18.0,90.0,46.0,2.2571962731e-07,1.55813882151e-07,9.83205396532e-07,0.165394000507,0.114171202614,6,94,255,0,1.55813882151e-07,0.0,0,1
18.0,90.0,47.0,2.17773313252e-07,1.49208865046e-07,9.50765115097e-07,0.16526181791,0.113230257268,8,93,255,0,1.49208865046e-07,0.0,0,1
18.0,90.0,48.0,2.14902603198e-07,1.47036689597e-07,9.38759545614e-07,0.16522087731,0.113044376804,8,93,255,0,1.47036689597e-07,0.0,0,1
18.0,90.0,49.0,2.12127000688e-07,1.44939196158e-07,9.27144473791e-07,0.165180842628,0.112862476128,8,93,255,0,1.44939196158e-07,0.0,0,1
18.0,90.0,50.0,2.09448159666e-07,1.42917948837e-07,9.15925339028e-07,0.165141979057,0.112685415576,8,93,255,0,1.42917948837e-07,0.0,0,1
18.0,90.0,51.0,2.06867523362e-07,1.4097433752e-07,9.05106795493e-07,0.165104549424,0.112514057781,8,92,255,0,1.4097433752e-07,0.0,0,1
18.0,90.0,52.0,2.04386067783e-07,1.39109344291e-07,8.9469176863e-07,0.165068796518,0.11234920411,9,92,255,0,1.39109344291e-07,0.0,0,1
18.0,90.0,53.0,2.02004145963e-07,1.37323400661e-07,8.84680884419e-07,0.165034930185,0.112191548014,9,92,255,0,1.37323400661e-07,0.0,0,1
18.0,90.0,54.0,1.99721424179e-07,1.35616327631e-07,8.75072238961e-07,0.165003119358,0.112041645943,9,92,255,0,1.35616327631e-07,0.0,0,1
18.0,90.0,55.0,1.97536892181e-07,1.33987342459e-07,8.65861441684e-07,0.164973488565,0.11189990419,9,92,255,0,1.33987342459e-07,0.0,0,1
18.0,90.0,56.0,1.95448926138e-07,1.32435113051e-07,8.57041853054e-07,0.16494611808,0.111766578752,9,92,255,0,1.32435113051e-07,0.0,0,1
18.0,90.0,57.0,1.93455383889e-07,1.30957841679e-07,8.48604940983e-07,0.164921046754,0.111641784768,9,92,255,0,1.30957841679e-07,0.0,0,1
18.0,90.0,58.0,1.91553715315e-07,1.29553362607e-07,8.40540692225e-07,0.164898276601,0.111525512239,9,91,255,0,1.29553362607e-07,0.0,0,1
18.0,90.0,59.0,1.89741074824e-07,1.28219241923e-07,8.32838030606e-07,0.164877778336,0.111417645166,10,91,255,0,1.28219241923e-07,0.0,0,1
18.0,90.0,60.0,1.88014427027e-07,1.26952871513e-07,8.25485209268e-07,0.164859497208,0.111317981804,10,91,255,0,1.26952871513e-07,0.0,0,1
18.0,90.0,61.0,1.86370640241e-07,1.25751552323e-07,8.1847015728e-07,0.164843358675,0.111226254397,10,91,255,0,1.25751552323e-07,0.0,0,1
18.0,90.0,62.0,1.84806565248e-07,1.24612564513e-07,8.11780771358e-07,0.164829273588,0.111142147255,10,91,255,0,1.24612564513e-07,0.0,0,1
18.0,90.0,63.0,1.83319098742e-07,1.23533223945e-07,8.05405150813e-07,0.164817142712,0.111065312563,10,91,255,0,1.23533223945e-07,0.0,0,1
18.0,90.0,64.0,1.81905232228e-07,1.22510925642e-07,7.99331778812e-07,0.1648068605,0.110995383611,10,91,255,0,1.22510925642e-07,0.0,0,1
18.0,90.0,65.0,1.80562087947e-07,1.21543175578e-07,7.93549655846e-07,0.164798318115,0.110931985454,11,91,255,0,1.21543175578e-07,0.0,0,1
18.0,90.0,66.0,1.79286943732e-07,1.20627612495e-07,7.88048392643e-07,0.164791405735,0.110874743134,11,91,255,0,1.20627612495e-07,0.0,0,1
18.0,90.0,67.0,1.78077248838e-07,1.19762021558e-07,7.82818270051e-07,0.16478601423,0.110823287745,11,91,255,0,1.19762021558e-07,0.0,0,1
18.0,90.0,68.0,1.76930632639e-07,1.18944341542e-07,7.77850272957e-07,0.164782036289,0.110777260625,11,91,255,0,1.18944341542e-07,0.0,0,1
18.0,90.0,69.0,1.75844907904e-07,1.181726671e-07,7.73136104551e-07,0.164779367089,0.110736316019,11,91,255,0,1.181726671e-07,0.0,0,1
18.0,90.0,70.0,1.7481807012e-07,1.1744524743e-07,7.68668186208e-07,0.164777904607,0.1107001225,11,91,255,0,1.1744524743e-07,0.0,0,1
18.0,90.0,71.0,1.7384829401e-07,1.167604824e-07,7.64439647265e-07,0.164777549645,0.110668363442,11,91,255,0,1.167604824e-07,0.0,0,1
18.0,90.0,72.0,1.66921248775e-07,1.1116517847e-07,7.36795205814e-07,0.164473612821,0.109535117051,11,90,255,0,1.1116517847e-07,0.0,0,1
18.0,90.0,73.0,1.58615721503e-07,1.04089077113e-07,7.04941645898e-07,0.163919086772,0.107569327313,11,88,255,0,1.04089077113e-07,0.0,0,1
18.0,90.0,74.0,1.57991441572e-07,1.03682424939e-07,7.02109268123e-07,0.163928414904,0.107578584033,11,88,255,0,1.03682424939e-07,0.0,0,1
18.0,90.0,75.0,1.57412243748e-07,1.0330718539e-07,6.9947377813e-07,0.163938093455,0.107589998146,11,88,255,0,1.0330718539e-07,0.0,0,1
18.0,90.0,76.0,1.56877219696e-07,1.02962581041e-07,6.970316978e-07,0.163948053564,0.107603352382,12,88,255,0,1.02962581041e-07,0.0,0,1
18.0,90.0,77.0,1.5638545072e-07,1.02647823014e-07,6.94779529217e-07,0.1639582214,0.107618416,12,88,255,0,1.02647823014e-07,0.0,0,1
18.0,90.0,78.0,1.55936001488e-07,1.02362104929e-07,6.9271373348e-07,0.163968517474,0.107634942736,12,88,255,0,1.02362104929e-07,0.0,0,1
18.0,90.0,79.0,1.55527915682e-07,1.02104598745e-07,6.90830715814e-07,0.163978856242,0.107652669592,12,88,255,0,1.02104598745e-07,0.0,0,1
18.0,90.0,80.0,1.55160214388e-07,1.0187445324e-07,6.89126819706e-07,0.163989146107,0.107671316793,12,88,255,0,1.0187445324e-07,0.0,0,1
18.0,90.0,81.0,1.54831898052e-07,1.01670795909e-07,6.87598332969e-07,0.163999289944,0.107690589258,12,88,255,0,1.01670795909e-07,0.0,0,1
18.0,90.0,82.0,1.54541952829e-07,1.01492739024e-07,6.8624150853e-07,0.164009186231,0.107710179863,12,88,255,0,1.01492739024e-07,0.0,0,1
18.0,90.0,83.0,1.54289361937e-07,1.01339390423e-07,6.85052602185e-07,0.164018730882,0.107729774735,12,88,255,0,1.01339390423e-07,0.0,0,1
18.0,90.0,84.0,1.54073122327e-07,1.01209869281e-07,6.84027928442e-07,0.164027819797,0.107749060636,12,88,255,0,1.01209869281e-07,0.0,0,1
18.0,90.0,85.0,1.53892266474e-07,1.01103326649e-07,6.83163933919e-07,0.164036352068,0.107767734308,12,88,255,0,1.01103326649e-07,0.0,0,1
18.0,90.0,86.0,1.53745888456e-07,1.0101896994e-07,6.82457285647e-07,0.164044233731,0.107785513373,12,88,255,0,1.0101896994e-07,0.0,0,1
18.0,90.0,87.0,1.53633172804e-07,1.00956089909e-07,6.81904969236e-07,0.164051381805,0.107802148124,12,88,255,0,1.00956089909e-07,0.0,0,1
18.0,90.0,88.0,1.53553423976e-07,1.00914088079e-07,6.81504389711e-07,0.164057728321,0.107817433289,12,88,255,0,1.00914088079e-07,0.0,0,1
18.0,90.0,89.0,1.53506093852e-07,1.00892502155e-07,6.81253466275e-07,0.16406322397,0.1078312187,12,88,255,0,1.00892502155e-07,0.0,0,1
18.0,90.0,90.0,1.52513912824e-07,1.00256802432e-07,6.7679461952e-07,0.164070138073,0.107853422112,12,88,255,0,1.00256802432e-07,0.0,0,1
18.0,180.0,0.0,2.30648403858e-07,1.91743960568e-07,8.72336302985e-07,0.178144200915,0.14809586394,38,121,255,0,1.91743960568e-07,0.0,1,1
18.0,180.0,0.25,2.38160723952e-07,1.97652438791e-07,9.02397211594e-07,0.177969569299,0.147699078247,38,121,255,0,1.97652438791e-07,0.0,1,1
18.0,180.0,0.5,2.41526500988e-07,2.00624440946e-07,9.14103268402e-07,0.178083503186,0.147925395856,38,121,255,0,2.00624440946e-07,0.0,1,1
18.0,180.0,0.75,2.4465758692e-07,2.0377296285e-07,9.2373447096e-07,0.178300410828,0.1485047059,39,122,255,0,2.0377296285e-07,0.0,1,1
18.0,180.0,1.0,2.48284295162e-07,2.07525230555e-07,9.35003402445e-07,0.178517390897,0.149211462126,39,122,255,0,2.07525230555e-07,0.0,1,1
18.0,180.0,1.25,2.52415175092e-07,2.11800587513e-07,9.4835561522e-07,0.178691979078,0.149939741692,39,123,255,0,2.11800587513e-07,0.0,1,1
18.0,180.0,1.5,2.56949397436e-07,2.16460857715e-07,9.63633857682e-07,0.178804112652,0.150629236627,38,123,255,0,2.16460857715e-07,0.0,1,1
18.0,180.0,1.75,2.61781651577e-07,2.21374425638e-07,9.80585493126e-07,0.178844173645,0.151238736484,38,124,255,0,2.21374425638e-07,0.0,1,1
18.0,180.0,2.0,2.66819405174e-07,2.26424945824e-07,9.98955008996e-07,0.178809489085,0.151739071799,37,124,255,0,2.26424945824e-07,0.0,1,1
18.0,180.0,2.25,2.71983493058e-07,2.31511692076e-07,1.01849622824e-06,0.178702383383,0.152111036923,35,125,255,0,2.31511692076e-07,0.0,1,1
18.0,180.0,2.5,2.77206312761e-07,2.36549141666e-07,1.03897172282e-06,0.178528666738,0.152344304352,34,125,255,0,2.36549141666e-07,0.0,1,1
18.0,180.0,2.75,2.82428862637e-07,2.41464865106e-07,1.06015062665e-06,0.178296057085,0.152435671663,32,125,255,0,2.41464865106e-07,0.0,1,1
18.0,180.0,3.0,2.87601213137e-07,2.46200840773e-07,1.0818119275e-06,0.178013570349,0.152388406889,30,125,255,0,2.46200840773e-07,0.0,1,1
18.0,180.0,3.25,2.92681010694e-07,2.50711772191e-07,1.10374644636e-06,0.177690510612,0.152210431116,27,125,255,0,2.50711772191e-07,0.0,1,1
18.0,180.0,3.5,2.97632956445e-07,2.54964098517e-07,1.1257599798e-06,0.177335900694,0.151912908419,25,125,255,0,2.54964098517e-07,0.0,1,1
18.0,180.0,3.75,3.02428170129e-07,2.58934596924e-07,1.14767558202e-06,0.176958094763,0.15150894482,23,125,255,0,2.58934596924e-07,0.0,1,1
18.0,180.0,4.0,3.07042760953e-07,2.62607958257e-07,1.16933290844e-06,0.176564492081,0.151012323567,20,124,255,0,2.62607958257e-07,0.0,1,1
18.0,180.0,4.25,3.11457806654e-07,2.65976070524e-07,1.1905904613e-06,0.176161492733,0.150436882986,17,124,255,0,2.65976070524e-07,0.0,1,1
18.0,180.0,4.5,3.15657967232e-07,2.69035731055e-07,1.21132344981e-06,0.175754428384,0.149795747407,14,124,255,0,2.69035731055e-07,0.0,1,1
18.0,180.0,4.75,3.19628032634e-07,2.71784280103e-07,1.23141268443e-06,0.175347624227,0.149100588661,10,123,255,0,2.71784280103e-07,0.0,1,1
18.0,180.0,5.0,3.23352360772e-07,2.74218370711e-07,1.25074936078e-06,0.174943919144,0.148360866637,7,123,255,0,2.74218370711e-07,0.0,0,1
18.0,180.0,6.0,3.45911224117e-07,2.87490146913e-07,1.36597541189e-06,0.173009523304,0.143789879611,0,119,255,1,2.87490146913e-07,0.0,0,1
18.0,180.0,7.0,3.53821439184e-07,2.89980701375e-07,1.41630768854e-06,0.171748823381,0.140759826141,0,117,255,1,2.89980701375e-07,0.0,0,1
18.0,180.0,8.0,3.58621208557e-07,2.89662886939e-07,1.45299041495e-06,0.170668423747,0.137851044925,0,115,255,1,2.89662886939e-07,0.0,0,1
18.0,180.0,9.0,3.60826728779e-07,2.87308921103e-07,1.47744326237e-06,0.169754567426,0.135167374613,0,113,255,1,2.87308921103e-07,0.0,0,1
18.0,180.0,10.0,3.60952641385e-07,2.83534300011e-07,1.49153851219e-06,0.168983305316,0.132739195376,0,111,255,1,2.83534300011e-07,0.0,0,1
18.0,180.0,11.0,3.59457066367e-07,2.78807018266e-07,1.49716018654e-06,0.168330514559,0.130562821651,0,109,255,1,2.78807018266e-07,0.0,0,1
18.0,180.0,12.0,3.56726217691e-07,2.73473468135e-07,1.49601787642e-06,0.167775031128,0.128619701479,0,107,255,1,2.73473468135e-07,0.0,0,1
18.0,180.0,13.0,3.53075586508e-07,2.67785957979e-07,1.48958108476e-06,0.16729930566,0.126886158509,0,106,255,1,2.67785957979e-07,0.0,0,1
18.0,180.0,14.0,3.48757531916e-07,2.61925999358e-07,1.47907212285e-06,0.166889143823,0.125338098185,0,105,255,1,2.61925999358e-07,0.0,0,1
18.0,180.0,15.0,3.43970769579e-07,2.5602224769e-07,1.46548650973e-06,0.166533129514,0.123952934098,0,104,255,1,2.5602224769e-07,0.0,0,1
18.0,180.0,16.0,3.38869523221e-07,2.50163974057e-07,1.44962166552e-06,0.166222090624,0.122710293836,0,102,255,1,2.50163974057e-07,0.0,0,1
18.0,180.0,17.0,3.33567103725e-07,2.44406943762e-07,1.43208901677e-06,0.165948576269,0.121591679439,0,101,255,1,2.44406943762e-07,0.0,0,1
18.0,180.0,18.0,3.28078002032e-07,2.38726504235e-07,1.41307542572e-06,0.165706009102,0.120576253326,0,101,255,1,2.38726504235e-07,0.0,0,1
18.0,180.0,19.0,3.21645723869e-07,2.32376920788e-07,1.38972092312e-06,0.165477447335,0.119551223032,0,100,255,1,2.32376920788e-07,0.0,0,1
18.0,180.0,20.0,3.15200870135e-07,2.26147923523e-07,1.36584225764e-06,0.165269688068,0.118576439087,0,99,255,1,2.26147923523e-07,0.0,0,1
18.0,180.0,21.0,3.08759205202e-07,2.20090845753e-07,1.34148733531e-06,0.165082090253,0.117674408569,0,98,255,1,2.20090845753e-07,0.0,0,1
18.0,180.0,22.0,3.02405464842e-07,2.14265671084e-07,1.31705432339e-06,0.164913162604,0.116847192144,0,97,255,1,2.14265671084e-07,0.0,0,1
18.0,180.0,23.0,2.96177443627e-07,2.08681784825e-07,1.2927642439e-06,0.16476055647,0.116087594557,0,96,255,1,2.08681784825e-07,0.0,0,1
18.0,180.0,24.0,2.90097476549e-07,2.03337404849e-07,1.26876681559e-06,0.164622175228,0.115388269797,0,96,255,1,2.03337404849e-07,0.0,0,1
18.0,180.0,25.0,2.84179323776e-07,1.98226344219e-07,1.24516775058e-06,0.164496235425,0.114742645429,0,95,255,1,1.98226344219e-07,0.0,0,1
18.0,180.0,26.0,2.78431156785e-07,1.93340304498e-07,1.22204214376e-06,0.164381225865,0.114144970805,0,95,255,1,1.93340304498e-07,0.0,0,1
18.0,180.0,27.0,2.72857145721e-07,1.88669878324e-07,1.19944215869e-06,0.164275862887,0.113590234115,0,94,255,1,1.88669878324e-07,0.0,0,1
18.0,180.0,28.0,2.67458521579e-07,1.84205118606e-07,1.17740242672e-06,0.164179051428,0.113074062708,0,94,255,1,1.84205118606e-07,0.0,0,1
18.0,180.0,29.0,2.62234343838e-07,1.79935896025e-07,1.15594408124e-06,0.164089852881,0.112592630983,0,93,255,1,1.79935896025e-07,0.0,0,1
18.0,180.0,30.0,2.57182036484e-07,1.7585210158e-07,1.13507770284e-06,0.164007457744,0.112142576182,0,93,255,1,1.7585210158e-07,0.0,0,1
18.0,180.0,31.0,2.52202961006e-07,1.71877256792e-07,1.11439112767e-06,0.163930879668,0.111719504753,0,92,255,1,1.71877256792e-07,0.0,0,1
18.0,180.0,32.0,2.41645300715e-07,1.64183627495e-07,1.06818645012e-06,0.16393675688,0.111385288042,0,92,255,1,1.64183627495e-07,0.0,0,1
18.0,180.0,33.0,2.3696896896e-07,1.60526936167e-07,1.04855585561e-06,0.163873089051,0.111010504966,0,91,255,1,1.60526936167e-07,0.0,0,1
18.0,180.0,34.0,2.32470730087e-07,1.57035877144e-07,1.02960914079e-06,0.163813790673,0.110657553736,0,91,255,1,1.57035877144e-07,0.0,0,1
18.0,180.0,35.0,2.28155526834e-07,1.53708206057e-07,1.01138282391e-06,0.163758184594,0.110323765242,0,91,255,1,1.53708206057e-07,0.0,0,1
18.0,180.0,36.0,2.24009712859e-07,1.50531122443e-07,9.93824588151e-07,0.163706060544,0.110007984609,0,90,255,1,1.50531122443e-07,0.0,0,1
18.0,180.0,37.0,2.20025919176e-07,1.47496026631e-07,9.76910466923e-07,0.163657106964,0.10970877021,0,90,255,1,1.47496026631e-07,0.0,0,1
18.0,180.0,38.0,2.16196896861e-07,1.44594795281e-07,9.60616016384e-07,0.163611045604,0.109424815936,0,90,255,1,1.44594795281e-07,0.0,0,1
18.0,180.0,39.0,2.12515550887e-07,1.41819755845e-07,9.44916597611e-07,0.163567627014,0.109154933982,0,90,255,1,1.41819755845e-07,0.0,0,1
18.0,180.0,40.0,2.08974961379e-07,1.39163658786e-07,9.2978758421e-07,0.163526626704,0.108898039894,0,89,255,1,1.39163658786e-07,0.0,0,1
18.0,180.0,41.0,2.05568395056e-07,1.36619648601e-07,9.15204510474e-07,0.163487841868,0.108653139509,0,89,255,1,1.36619648601e-07,0.0,0,1
18.0,180.0,42.0,2.02289308967e-07,1.34181234311e-07,9.01143171928e-07,0.16345108856,0.108419317484,0,89,255,1,1.34181234311e-07,0.0,0,1
18.0,180.0,43.0,1.99131348153e-07,1.31842259886e-07,8.87579687503e-07,0.16341619926,0.108195727153,0,89,255,0,1.31842259886e-07,0.0,0,1
18.0,180.0,44.0,1.96088338484e-07,1.29596874888e-07,8.74490530547e-07,0.16338302076,0.107981581484,1,88,255,0,1.29596874888e-07,0.0,0,1
18.0,180.0,45.0,1.93154275577e-07,1.27439505471e-07,8.61852534221e-07,0.163351412308,0.107776144951,1,88,255,0,1.27439505471e-07,0.0,0,1
18.0,180.0,46.0,1.90323310495e-07,1.25364825795e-07,8.49642875533e-07,0.163321243976,0.10757872615,2,88,255,0,1.25364825795e-07,0.0,0,1
18.0,180.0,47.0,1.87589732701e-07,1.23367729811e-07,8.37839041192e-07,0.163292395212,0.107388671025,2,88,255,0,1.23367729811e-07,0.0,0,1
18.0,180.0,48.0,1.84947950591e-07,1.21443303337e-07,8.26418777556e-07,0.163264753534,0.107205356558,2,88,255,0,1.21443303337e-07,0.0,0,1
18.0,180.0,49.0,1.82392469786e-07,1.1958679627e-07,8.15360026257e-07,0.163238213353,0.107028184807,3,87,255,0,1.1958679627e-07,0.0,0,1
18.0,180.0,50.0,1.79917869251e-07,1.17793594749e-07,8.04640846439e-07,0.163212674884,0.106856577188,3,87,255,0,1.17793594749e-07,0.0,0,1
18.0,180.0,51.0,1.77518775232e-07,1.16059193068e-07,7.94239324091e-07,0.163188043134,0.106689968876,3,87,255,0,1.16059193068e-07,0.0,0,1
18.0,180.0,52.0,1.75189832927e-07,1.14379165082e-07,7.84133468586e-07,0.163164226941,0.106527803224,4,87,255,0,1.14379165082e-07,0.0,0,1
18.0,180.0,53.0,1.72925675801e-07,1.12749134929e-07,7.74301096473e-07,0.163141138044,0.106369526102,4,87,255,0,1.12749134929e-07,0.0,0,1
18.0,180.0,54.0,1.70720892578e-07,1.11164746924e-07,7.64719702927e-07,0.163118690167,0.10621458005,4,86,255,0,1.11164746924e-07,0.0,0,1
18.0,180.0,55.0,1.68363026493e-07,1.0948654738e-07,7.54440830069e-07,0.163096572292,0.106061769985,5,86,255,0,1.0948654738e-07,0.0,0,1
18.0,180.0,56.0,1.63597028977e-07,1.05995066839e-07,7.33420986104e-07,0.163105578507,0.105676654422,7,86,255,0,1.05995066839e-07,0.0,0,1
18.0,180.0,57.0,1.61935795154e-07,1.04817022506e-07,7.26218762187e-07,0.163082003997,0.105558935053,7,86,255,0,1.04817022506e-07,0.0,0,1
18.0,180.0,58.0,1.60301282928e-07,1.0365933177e-07,7.19130105685e-07,0.163058484435,0.105442284848,7,86,255,0,1.0365933177e-07,0.0,0,1
18.0,180.0,59.0,1.58694648367e-07,1.02521938077e-07,7.12162810706e-07,0.163034731197,0.105325773668,7,86,255,0,1.02521938077e-07,0.0,0,1
18.0,180.0,60.0,1.57106912146e-07,1.01398603275e-07,7.05277441964e-07,0.163010676774,0.105208960688,7,85,255,0,1.01398603275e-07,0.0,0,1
18.0,180.0,61.0,1.55532689164e-07,1.00285310573e-07,6.98451242314e-07,0.162986170266,0.105091211321,7,85,255,0,1.00285310573e-07,0.0,0,1
18.0,180.0,62.0,1.5396905064e-07,9.91798240268e-08,6.91671934829e-07,0.162961112935,0.104972099503,7,85,255,0,9.91798240268e-08,0.0,0,1
18.0,180.0,63.0,1.52439272508e-07,9.80987141111e-08,6.85039503146e-07,0.162936019919,0.104853649414,8,85,255,0,9.80987141111e-08,0.0,0,1
18.0,180.0,64.0,1.51449281593e-07,9.74053390151e-08,6.80720242811e-07,0.162923167948,0.104784824599,8,85,255,0,9.74053390151e-08,0.0,0,1
18.0,180.0,65.0,1.51101761672e-07,9.71750060766e-08,6.79149113938e-07,0.162925970318,0.104779269153,8,85,255,0,9.71750060766e-08,0.0,0,1
18.0,180.0,66.0,1.50782620795e-07,9.69644584978e-08,6.77702826096e-07,0.162928992609,0.104775480481,8,85,255,0,9.69644584978e-08,0.0,0,1
18.0,180.0,67.0,1.50455829859e-07,9.67475966851e-08,6.76227675621e-07,0.162931299916,0.104769696904,8,85,255,0,9.67475966851e-08,0.0,0,1
18.0,180.0,68.0,1.50122884278e-07,9.65254875211e-08,6.74730026974e-07,0.162932932308,0.104762047439,8,85,255,0,9.65254875211e-08,0.0,0,1
18.0,180.0,69.0,1.49788228741e-07,9.63013062558e-08,6.73228899845e-07,0.16293399878,0.104752937183,8,85,255,0,9.63013062558e-08,0.0,0,1
18.0,180.0,70.0,1.49456257166e-07,9.60781887489e-08,6.71743107801e-07,0.162934606391,0.104742766636,8,85,255,0,9.60781887489e-08,0.0,0,1
18.0,180.0,71.0,1.49130858485e-07,9.58589066043e-08,6.7028930994e-07,0.162934849658,0.104731889125,8,85,255,0,9.58589066043e-08,0.0,0,1
18.0,180.0,72.0,1.48772678823e-07,9.56173279197e-08,6.68692140358e-07,0.162934604838,0.104719305074,8,85,255,0,9.56173279197e-08,0.0,0,1
18.0,180.0,73.0,1.50088175439e-07,9.73270567537e-08,6.71263766936e-07,0.163373904902,0.105942398646,10,86,255,0,9.73270567537e-08,0.0,0,1
18.0,180.0,74.0,1.49992100185e-07,9.73343594331e-08,6.70544546522e-07,0.163413049526,0.106043614824,10,86,255,0,9.73343594331e-08,0.0,0,1
18.0,180.0,75.0,1.49917382986e-07,9.73549933599e-08,6.69924706941e-07,0.163451656921,0.106144028512,10,86,255,0,9.73549933599e-08,0.0,0,1
18.0,180.0,76.0,1.49866657794e-07,9.73910270199e-08,6.69414634439e-07,0.163489891259,0.106244101599,10,86,255,0,9.73910270199e-08,0.0,0,1
18.0,180.0,77.0,1.49841551519e-07,9.74439809988e-08,6.69019873907e-07,0.163527957456,0.106344435289,10,86,255,0,9.74439809988e-08,0.0,0,1
18.0,180.0,78.0,1.49843798539e-07,9.75153662208e-08,6.68746727604e-07,0.163566024177,0.106445517962,11,87,255,0,9.75153662208e-08,0.0,0,1
18.0,180.0,79.0,1.4987499889e-07,9.76065798409e-08,6.68600996236e-07,0.163604245933,0.106547796572,11,87,255,0,9.76065798409e-08,0.0,0,1
18.0,180.0,80.0,1.49936642546e-07,9.77189258536e-08,6.68588069967e-07,0.163642765164,0.106651682764,11,87,255,0,9.77189258536e-08,0.0,0,1
18.0,180.0,81.0,1.50030130987e-07,9.7853633428e-08,6.68713009068e-07,0.163681714062,0.10675755824,11,87,255,0,9.7853633428e-08,0.0,0,1
18.0,180.0,82.0,1.5015679644e-07,9.80118733085e-08,6.68980615727e-07,0.163721216183,0.106865779498,11,87,255,0,9.80118733085e-08,0.0,0,1
18.0,180.0,83.0,1.50317919173e-07,9.81947725907e-08,6.69395498414e-07,0.163761387883,0.106976682027,11,87,255,0,9.81947725907e-08,0.0,0,1
18.0,180.0,84.0,1.50514743163e-07,9.840342815e-08,6.69962130018e-07,0.163802339592,0.107090584059,12,87,255,0,9.840342815e-08,0.0,0,1
18.0,180.0,85.0,1.50748490424e-07,9.86389189669e-08,6.70684900854e-07,0.163844176969,0.107207789941,12,87,255,0,9.86389189669e-08,0.0,0,1
18.0,180.0,86.0,1.51020374253e-07,9.8902317565e-08,6.71568167475e-07,0.163887001949,0.10732859319,12,87,255,0,9.8902317565e-08,0.0,0,1
18.0,180.0,87.0,1.51331611619e-07,9.91947007536e-08,6.7261629814e-07,0.163930913702,0.107453279292,12,87,255,0,9.91947007536e-08,0.0,0,1
18.0,180.0,88.0,1.51683434891e-07,9.9517159847e-08,6.73833715666e-07,0.163976009522,0.107582128282,12,88,255,0,9.9517159847e-08,0.0,0,1
18.0,180.0,89.0,1.52077103089e-07,9.98708105181e-08,6.75224938342e-07,0.164022385653,0.10771541715,12,88,255,0,9.98708105181e-08,0.0,0,1
18.0,180.0,90.0,1.52513912824e-07,1.00256802432e-07,6.7679461952e-07,0.164070138073,0.107853422112,12,88,255,0,1.00256802432e-07,0.0,0,1
