solar_depression_deg,relative_azimuth_deg,elevation_deg,wavelength_nm,bin_left_nm,bin_right_nm,solar_I_W_m2_sr_nm,total_I_W_m2_sr_nm
-5.0,0.0,0.0,390.0,380.0,400.0,0.017019841741,0.017019841741
-5.0,0.0,0.0,410.0,400.0,420.0,0.0449679258368,0.0449679258368
-5.0,0.0,0.0,430.0,420.0,440.0,0.0688026223452,0.0688026223452
-5.0,0.0,0.0,450.0,440.0,460.0,0.12022957329,0.12022957329
-5.0,0.0,0.0,470.0,460.0,480.0,0.169661020851,0.169661020851
-5.0,0.0,0.0,490.0,480.0,500.0,0.20909845782,0.20909845782
-5.0,0.0,0.0,510.0,500.0,520.0,0.238798846896,0.238798846896
-5.0,0.0,0.0,530.0,520.0,540.0,0.267365376009,0.267365376009
-5.0,0.0,0.0,550.0,540.0,560.0,0.293330298128,0.293330298128
-5.0,0.0,0.0,570.0,560.0,580.0,0.298735707553,0.298735707553
-5.0,0.0,0.0,590.0,580.0,600.0,0.328046555951,0.328046555951
-5.0,0.0,0.0,610.0,600.0,620.0,0.332833226564,0.332833226564
-5.0,0.0,0.0,630.0,620.0,640.0,0.370448659117,0.370448659117
-5.0,0.0,0.0,650.0,640.0,660.0,0.395376712727,0.395376712727
-5.0,0.0,0.0,670.0,660.0,680.0,0.426343463208,0.426343463208
-5.0,0.0,0.0,690.0,680.0,700.0,0.436394988848,0.436394988848
-5.0,0.0,0.0,710.0,700.0,720.0,0.433410726488,0.433410726488
-5.0,0.0,0.0,730.0,720.0,740.0,0.425767502239,0.425767502239
-5.0,0.0,0.0,750.0,740.0,760.0,0.410927820548,0.410927820548
-5.0,0.0,0.0,770.0,760.0,780.0,0.397970699201,0.397970699201
-5.0,0.0,0.5,390.0,380.0,400.0,0.0177616507554,0.0177616507554
-5.0,0.0,0.5,410.0,400.0,420.0,0.0473732831117,0.0473732831117
-5.0,0.0,0.5,430.0,420.0,440.0,0.0727849924052,0.0727849924052
-5.0,0.0,0.5,450.0,440.0,460.0,0.127230302856,0.127230302856
-5.0,0.0,0.5,470.0,460.0,480.0,0.179120914864,0.179120914864
-5.0,0.0,0.5,490.0,480.0,500.0,0.219805596811,0.219805596811
-5.0,0.0,0.5,510.0,500.0,520.0,0.249544418313,0.249544418313
-5.0,0.0,0.5,530.0,520.0,540.0,0.277367689837,0.277367689837
-5.0,0.0,0.5,550.0,540.0,560.0,0.301742151385,0.301742151385
-5.0,0.0,0.5,570.0,560.0,580.0,0.304410300731,0.304410300731
-5.0,0.0,0.5,590.0,580.0,600.0,0.330852556145,0.330852556145
-5.0,0.0,0.5,610.0,600.0,620.0,0.332017920247,0.332017920247
-5.0,0.0,0.5,630.0,620.0,640.0,0.365312824127,0.365312824127
-5.0,0.0,0.5,650.0,640.0,660.0,0.38529210443,0.38529210443
-5.0,0.0,0.5,670.0,660.0,680.0,0.410465489907,0.410465489907
-5.0,0.0,0.5,690.0,680.0,700.0,0.415037695717,0.415037695717
-5.0,0.0,0.5,710.0,700.0,720.0,0.407188292715,0.407188292715
-5.0,0.0,0.5,730.0,720.0,740.0,0.395177336118,0.395177336118
-5.0,0.0,0.5,750.0,740.0,760.0,0.376858383518,0.376858383518
-5.0,0.0,0.5,770.0,760.0,780.0,0.36070291174,0.36070291174
-5.0,0.0,1.0,390.0,380.0,400.0,0.0186729721275,0.0186729721275
-5.0,0.0,1.0,410.0,400.0,420.0,0.0499448700583,0.0499448700583
-5.0,0.0,1.0,430.0,420.0,440.0,0.0765971538275,0.0765971538275
-5.0,0.0,1.0,450.0,440.0,460.0,0.13322579069,0.13322579069
-5.0,0.0,1.0,470.0,460.0,480.0,0.186219441807,0.186219441807
-5.0,0.0,1.0,490.0,480.0,500.0,0.2265267053,0.2265267053
-5.0,0.0,1.0,510.0,500.0,520.0,0.254640673165,0.254640673165
-5.0,0.0,1.0,530.0,520.0,540.0,0.280004561263,0.280004561263
-5.0,0.0,1.0,550.0,540.0,560.0,0.301192642384,0.301192642384
-5.0,0.0,1.0,570.0,560.0,580.0,0.300335869974,0.300335869974
-5.0,0.0,1.0,590.0,580.0,600.0,0.32262349902,0.32262349902
-5.0,0.0,1.0,610.0,600.0,620.0,0.319983747442,0.319983747442
-5.0,0.0,1.0,630.0,620.0,640.0,0.3480340149,0.3480340149
-5.0,0.0,1.0,650.0,640.0,660.0,0.362935793425,0.362935793425
-5.0,0.0,1.0,670.0,660.0,680.0,0.382396395689,0.382396395689
-5.0,0.0,1.0,690.0,680.0,700.0,0.382530552418,0.382530552418
-5.0,0.0,1.0,710.0,700.0,720.0,0.371428191174,0.371428191174
-5.0,0.0,1.0,730.0,720.0,740.0,0.356897190725,0.356897190725
-5.0,0.0,1.0,750.0,740.0,760.0,0.337113555366,0.337113555366
-5.0,0.0,1.0,770.0,760.0,780.0,0.319726460091,0.319726460091
-5.0,0.0,2.0,390.0,380.0,400.0,0.0205398279561,0.0205398279561
-5.0,0.0,2.0,410.0,400.0,420.0,0.054756134633,0.054756134633
-5.0,0.0,2.0,430.0,420.0,440.0,0.0828790823612,0.0828790823612
-5.0,0.0,2.0,450.0,440.0,460.0,0.141460407812,0.141460407812
-5.0,0.0,2.0,470.0,460.0,480.0,0.193458567309,0.193458567309
-5.0,0.0,2.0,490.0,480.0,500.0,0.229924687378,0.229924687378
-5.0,0.0,2.0,510.0,500.0,520.0,0.25240600494,0.25240600494
-5.0,0.0,2.0,530.0,520.0,540.0,0.271084726057,0.271084726057
-5.0,0.0,2.0,550.0,540.0,560.0,0.284993888114,0.284993888114
-5.0,0.0,2.0,570.0,560.0,580.0,0.277964225671,0.277964225671
-5.0,0.0,2.0,590.0,580.0,600.0,0.292396068414,0.292396068414
-5.0,0.0,2.0,610.0,600.0,620.0,0.284274901969,0.284274901969
-5.0,0.0,2.0,630.0,620.0,640.0,0.303455395534,0.303455395534
-5.0,0.0,2.0,650.0,640.0,660.0,0.310906480744,0.310906480744
-5.0,0.0,2.0,670.0,660.0,680.0,0.322164885,0.322164885
-5.0,0.0,2.0,690.0,680.0,700.0,0.317269984532,0.317269984532
-5.0,0.0,2.0,710.0,700.0,720.0,0.303563740004,0.303563740004
-5.0,0.0,2.0,730.0,720.0,740.0,0.287689237851,0.287689237851
-5.0,0.0,2.0,750.0,740.0,760.0,0.268244793734,0.268244793734
-5.0,0.0,2.0,770.0,760.0,780.0,0.251342244976,0.251342244976
-5.0,0.0,3.0,390.0,380.0,400.0,0.0223879413649,0.0223879413649
-5.0,0.0,3.0,410.0,400.0,420.0,0.0588929320802,0.0588929320802
-5.0,0.0,3.0,430.0,420.0,440.0,0.0872304648082,0.0872304648082
-5.0,0.0,3.0,450.0,440.0,460.0,0.145247620166,0.145247620166
-5.0,0.0,3.0,470.0,460.0,480.0,0.193727063118,0.193727063118
-5.0,0.0,3.0,490.0,480.0,500.0,0.224771262133,0.224771262133
-5.0,0.0,3.0,510.0,500.0,520.0,0.241248072867,0.241248072867
-5.0,0.0,3.0,530.0,520.0,540.0,0.253752130303,0.253752130303
-5.0,0.0,3.0,550.0,540.0,560.0,0.261730113806,0.261730113806
-5.0,0.0,3.0,570.0,560.0,580.0,0.250850817286,0.250850817286
-5.0,0.0,3.0,590.0,580.0,600.0,0.259733651332,0.259733651332
-5.0,0.0,3.0,610.0,600.0,620.0,0.248893796901,0.248893796901
-5.0,0.0,3.0,630.0,620.0,640.0,0.262225676561,0.262225676561
-5.0,0.0,3.0,650.0,640.0,660.0,0.265461884269,0.265461884269
-5.0,0.0,3.0,670.0,660.0,680.0,0.272063617926,0.272063617926
-5.0,0.0,3.0,690.0,680.0,700.0,0.26523752359,0.26523752359
-5.0,0.0,3.0,710.0,700.0,720.0,0.251433915793,0.251433915793
-5.0,0.0,3.0,730.0,720.0,740.0,0.236257563843,0.236257563843
-5.0,0.0,3.0,750.0,740.0,760.0,0.218559399224,0.218559399224
-5.0,0.0,3.0,770.0,760.0,780.0,0.203304316722,0.203304316722
-5.0,0.0,5.0,390.0,380.0,400.0,0.0257070927805,0.0257070927805
-5.0,0.0,5.0,410.0,400.0,420.0,0.0645954236433,0.0645954236433
-5.0,0.0,5.0,430.0,420.0,440.0,0.0907723022233,0.0907723022233
-5.0,0.0,5.0,450.0,440.0,460.0,0.143686468055,0.143686468055
-5.0,0.0,5.0,470.0,460.0,480.0,0.183112999981,0.183112999981
-5.0,0.0,5.0,490.0,480.0,500.0,0.204118680789,0.204118680789
-5.0,0.0,5.0,510.0,500.0,520.0,0.211563460199,0.211563460199
-5.0,0.0,5.0,530.0,520.0,540.0,0.215857584829,0.215857584829
-5.0,0.0,5.0,550.0,540.0,560.0,0.216814608952,0.216814608952
-5.0,0.0,5.0,570.0,560.0,580.0,0.203019970848,0.203019970848
-5.0,0.0,5.0,590.0,580.0,600.0,0.205962122644,0.205962122644
-5.0,0.0,5.0,610.0,600.0,620.0,0.19383109264,0.19383109264
-5.0,0.0,5.0,630.0,620.0,640.0,0.200965961935,0.200965961935
-5.0,0.0,5.0,650.0,640.0,660.0,0.200553368858,0.200553368858
-5.0,0.0,5.0,670.0,660.0,680.0,0.202912313434,0.202912313434
-5.0,0.0,5.0,690.0,680.0,700.0,0.195541206625,0.195541206625
-5.0,0.0,5.0,710.0,700.0,720.0,0.183431861998,0.183431861998
-5.0,0.0,5.0,730.0,720.0,740.0,0.170728806049,0.170728806049
-5.0,0.0,5.0,750.0,740.0,760.0,0.156578523371,0.156578523371
-5.0,0.0,5.0,770.0,760.0,780.0,0.144504374187,0.144504374187
-5.0,0.0,8.0,390.0,380.0,400.0,0.0286693814426,0.0286693814426
-5.0,0.0,8.0,410.0,400.0,420.0,0.0666110275195,0.0666110275195
-5.0,0.0,8.0,430.0,420.0,440.0,0.0871794510834,0.0871794510834
-5.0,0.0,8.0,450.0,440.0,460.0,0.130031528534,0.130031528534
-5.0,0.0,8.0,470.0,460.0,480.0,0.157876196433,0.157876196433
-5.0,0.0,8.0,490.0,480.0,500.0,0.169191893545,0.169191893545
-5.0,0.0,8.0,510.0,500.0,520.0,0.169808863474,0.169808863474
-5.0,0.0,8.0,530.0,520.0,540.0,0.168717493953,0.168717493953
-5.0,0.0,8.0,550.0,540.0,560.0,0.165749684342,0.165749684342
-5.0,0.0,8.0,570.0,560.0,580.0,0.15233866367,0.15233866367
-5.0,0.0,8.0,590.0,580.0,600.0,0.152098882564,0.152098882564
-5.0,0.0,8.0,610.0,600.0,620.0,0.141197792173,0.141197792173
-5.0,0.0,8.0,630.0,620.0,640.0,0.144656046858,0.144656046858
-5.0,0.0,8.0,650.0,640.0,660.0,0.142863512192,0.142863512192
-5.0,0.0,8.0,670.0,660.0,680.0,0.143228620992,0.143228620992
-5.0,0.0,8.0,690.0,680.0,700.0,0.136917439256,0.136917439256
-5.0,0.0,8.0,710.0,700.0,720.0,0.127523004504,0.127523004504
-5.0,0.0,8.0,730.0,720.0,740.0,0.117936914046,0.117936914046
-5.0,0.0,8.0,750.0,740.0,760.0,0.107546094919,0.107546094919
-5.0,0.0,8.0,770.0,760.0,780.0,0.0987430142255,0.0987430142255
-5.0,0.0,12.0,390.0,380.0,400.0,0.0292526617321,0.0292526617321
-5.0,0.0,12.0,410.0,400.0,420.0,0.0624519465978,0.0624519465978
-5.0,0.0,12.0,430.0,420.0,440.0,0.0763402614851,0.0763402614851
-5.0,0.0,12.0,450.0,440.0,460.0,0.108004639836,0.108004639836
-5.0,0.0,12.0,470.0,460.0,480.0,0.125935029336,0.125935029336
-5.0,0.0,12.0,490.0,480.0,500.0,0.130823862674,0.130823862674
-5.0,0.0,12.0,510.0,500.0,520.0,0.128161690348,0.128161690348
-5.0,0.0,12.0,530.0,520.0,540.0,0.124937580909,0.124937580909
-5.0,0.0,12.0,550.0,540.0,560.0,0.120877783856,0.120877783856
-5.0,0.0,12.0,570.0,560.0,580.0,0.109741085483,0.109741085483
-5.0,0.0,12.0,590.0,580.0,600.0,0.108448459068,0.108448459068
-5.0,0.0,12.0,610.0,600.0,620.0,0.099830318245,0.099830318245
-5.0,0.0,12.0,630.0,620.0,640.0,0.101537419425,0.101537419425
-5.0,0.0,12.0,650.0,640.0,660.0,0.099670708413,0.099670708413
-5.0,0.0,12.0,670.0,660.0,680.0,0.0994119676683,0.0994119676683
-5.0,0.0,12.0,690.0,680.0,700.0,0.0946155314273,0.0946155314273
-5.0,0.0,12.0,710.0,700.0,720.0,0.0877924716651,0.0877924716651
-5.0,0.0,12.0,730.0,720.0,740.0,0.08092956052,0.08092956052
-5.0,0.0,12.0,750.0,740.0,760.0,0.0735919102033,0.0735919102033
-5.0,0.0,12.0,770.0,760.0,780.0,0.0674014797533,0.0674014797533
-5.0,0.0,20.0,390.0,380.0,400.0,0.0254806236696,0.0254806236696
-5.0,0.0,20.0,410.0,400.0,420.0,0.0487883996391,0.0487883996391
-5.0,0.0,20.0,430.0,420.0,440.0,0.0547251230464,0.0547251230464
-5.0,0.0,20.0,450.0,440.0,460.0,0.0725200579205,0.0725200579205
-5.0,0.0,20.0,470.0,460.0,480.0,0.0805193177594,0.0805193177594
-5.0,0.0,20.0,490.0,480.0,500.0,0.0806480923439,0.0806480923439
-5.0,0.0,20.0,510.0,500.0,520.0,0.0768901076022,0.0768901076022
-5.0,0.0,20.0,530.0,520.0,540.0,0.0734548932546,0.0734548932546
-5.0,0.0,20.0,550.0,540.0,560.0,0.0699891993328,0.0699891993328
-5.0,0.0,20.0,570.0,560.0,580.0,0.0628241104349,0.0628241104349
-5.0,0.0,20.0,590.0,580.0,600.0,0.0615370968456,0.0615370968456
-5.0,0.0,20.0,610.0,600.0,620.0,0.0562787364193,0.0562787364193
-5.0,0.0,20.0,630.0,620.0,640.0,0.0569487536911,0.0569487536911
-5.0,0.0,20.0,650.0,640.0,660.0,0.0556933899511,0.0556933899511
-5.0,0.0,20.0,670.0,660.0,680.0,0.055401778828,0.055401778828
-5.0,0.0,20.0,690.0,680.0,700.0,0.0526337132571,0.0526337132571
-5.0,0.0,20.0,710.0,700.0,720.0,0.0487821071591,0.0487821071591
-5.0,0.0,20.0,730.0,720.0,740.0,0.0449403384217,0.0449403384217
-5.0,0.0,20.0,750.0,740.0,760.0,0.0408568885778,0.0408568885778
-5.0,0.0,20.0,770.0,760.0,780.0,0.0374232422213,0.0374232422213
-5.0,0.0,30.0,390.0,380.0,400.0,0.0201355161894,0.0201355161894
-5.0,0.0,30.0,410.0,400.0,420.0,0.0355180475598,0.0355180475598
-5.0,0.0,30.0,430.0,420.0,440.0,0.0371529084914,0.0371529084914
-5.0,0.0,30.0,450.0,440.0,460.0,0.0464991375787,0.0464991375787
-5.0,0.0,30.0,470.0,460.0,480.0,0.0493367401794,0.0493367401794
-5.0,0.0,30.0,490.0,480.0,500.0,0.0476988665715,0.0476988665715
-5.0,0.0,30.0,510.0,500.0,520.0,0.044261954724,0.044261954724
-5.0,0.0,30.0,530.0,520.0,540.0,0.0414313707542,0.0414313707542
-5.0,0.0,30.0,550.0,540.0,560.0,0.0388771895319,0.0388771895319
-5.0,0.0,30.0,570.0,560.0,580.0,0.0345138639597,0.0345138639597
-5.0,0.0,30.0,590.0,580.0,600.0,0.0335309546654,0.0335309546654
-5.0,0.0,30.0,610.0,600.0,620.0,0.0304967176806,0.0304967176806
-5.0,0.0,30.0,630.0,620.0,640.0,0.0307422713543,0.0307422713543
-5.0,0.0,30.0,650.0,640.0,660.0,0.0299994155599,0.0299994155599
-5.0,0.0,30.0,670.0,660.0,680.0,0.0298162520122,0.0298162520122
-5.0,0.0,30.0,690.0,680.0,700.0,0.0283303643292,0.0283303643292
-5.0,0.0,30.0,710.0,700.0,720.0,0.0262813150412,0.0262813150412
-5.0,0.0,30.0,730.0,720.0,740.0,0.0242485251068,0.0242485251068
-5.0,0.0,30.0,750.0,740.0,760.0,0.0220894138782,0.0220894138782
-5.0,0.0,30.0,770.0,760.0,780.0,0.0202805603873,0.0202805603873
-5.0,0.0,45.0,390.0,380.0,400.0,0.0147492559497,0.0147492559497
-5.0,0.0,45.0,410.0,400.0,420.0,0.0243090127247,0.0243090127247
-5.0,0.0,45.0,430.0,420.0,440.0,0.0238544919034,0.0238544919034
-5.0,0.0,45.0,450.0,440.0,460.0,0.0281570057142,0.0281570057142
-5.0,0.0,45.0,470.0,460.0,480.0,0.0283537041224,0.0283537041224
-5.0,0.0,45.0,490.0,480.0,500.0,0.0261893480498,0.0261893480498
-5.0,0.0,45.0,510.0,500.0,520.0,0.0233714349286,0.0233714349286
-5.0,0.0,45.0,530.0,520.0,540.0,0.0211704483198,0.0211704483198
-5.0,0.0,45.0,550.0,540.0,560.0,0.0193290644452,0.0193290644452
-5.0,0.0,45.0,570.0,560.0,580.0,0.0167820997522,0.0167820997522
-5.0,0.0,45.0,590.0,580.0,600.0,0.016007560105,0.016007560105
-5.0,0.0,45.0,610.0,600.0,620.0,0.0143494688583,0.0143494688583
-5.0,0.0,45.0,630.0,620.0,640.0,0.0142972074917,0.0142972074917
-5.0,0.0,45.0,650.0,640.0,660.0,0.0138284082495,0.0138284082495
-5.0,0.0,45.0,670.0,660.0,680.0,0.0136547064404,0.0136547064404
-5.0,0.0,45.0,690.0,680.0,700.0,0.0129154789147,0.0129154789147
-5.0,0.0,45.0,710.0,700.0,720.0,0.0119467681207,0.0119467681207
-5.0,0.0,45.0,730.0,720.0,740.0,0.0110060548851,0.0110060548851
-5.0,0.0,45.0,750.0,740.0,760.0,0.010022492631,0.010022492631
-5.0,0.0,45.0,770.0,760.0,780.0,0.00920708650291,0.00920708650291
-5.0,0.0,60.0,390.0,380.0,400.0,0.0112175616624,0.0112175616624
-5.0,0.0,60.0,410.0,400.0,420.0,0.0178389226827,0.0178389226827
-5.0,0.0,60.0,430.0,420.0,440.0,0.0169109257565,0.0169109257565
-5.0,0.0,60.0,450.0,440.0,460.0,0.019303673263,0.019303673263
-5.0,0.0,60.0,470.0,460.0,480.0,0.0188224990674,0.0188224990674
-5.0,0.0,60.0,490.0,480.0,500.0,0.0168611806901,0.0168611806901
-5.0,0.0,60.0,510.0,500.0,520.0,0.0146208489063,0.0146208489063
-5.0,0.0,60.0,530.0,520.0,540.0,0.0128971772853,0.0128971772853
-5.0,0.0,60.0,550.0,540.0,560.0,0.0114924934598,0.0114924934598
-5.0,0.0,60.0,570.0,560.0,580.0,0.00976270104063,0.00976270104063
-5.0,0.0,60.0,590.0,580.0,600.0,0.00912934739767,0.00912934739767
-5.0,0.0,60.0,610.0,600.0,620.0,0.00804224721108,0.00804224721108
-5.0,0.0,60.0,630.0,620.0,640.0,0.0078888854094,0.0078888854094
-5.0,0.0,60.0,650.0,640.0,660.0,0.00752778308119,0.00752778308119
-5.0,0.0,60.0,670.0,660.0,680.0,0.0073477182048,0.0073477182048
-5.0,0.0,60.0,690.0,680.0,700.0,0.00688217326492,0.00688217326492
-5.0,0.0,60.0,710.0,700.0,720.0,0.00631399814618,0.00631399814618
-5.0,0.0,60.0,730.0,720.0,740.0,0.00577761970163,0.00577761970163
-5.0,0.0,60.0,750.0,740.0,760.0,0.00523262166705,0.00523262166705
-5.0,0.0,60.0,770.0,760.0,780.0,0.00478606455284,0.00478606455284
-5.0,0.0,90.0,390.0,380.0,400.0,0.00846298395297,0.00846298395297
-5.0,0.0,90.0,410.0,400.0,420.0,0.0130787539335,0.0130787539335
-5.0,0.0,90.0,430.0,420.0,440.0,0.0120594389734,0.0120594389734
-5.0,0.0,90.0,450.0,440.0,460.0,0.013392999124,0.013392999124
-5.0,0.0,90.0,470.0,460.0,480.0,0.0127052242208,0.0127052242208
-5.0,0.0,90.0,490.0,480.0,500.0,0.0110707579653,0.0110707579653
-5.0,0.0,90.0,510.0,500.0,520.0,0.00933596712361,0.00933596712361
-5.0,0.0,90.0,530.0,520.0,540.0,0.00800858309898,0.00800858309898
-5.0,0.0,90.0,550.0,540.0,560.0,0.00694172466068,0.00694172466068
-5.0,0.0,90.0,570.0,560.0,580.0,0.00573790507731,0.00573790507731
-5.0,0.0,90.0,590.0,580.0,600.0,0.00522440724925,0.00522440724925
-5.0,0.0,90.0,610.0,600.0,620.0,0.00448404055138,0.00448404055138
-5.0,0.0,90.0,630.0,620.0,640.0,0.00428909466135,0.00428909466135
-5.0,0.0,90.0,650.0,640.0,660.0,0.00399469626103,0.00399469626103
-5.0,0.0,90.0,670.0,660.0,680.0,0.0038097148159,0.0038097148159
-5.0,0.0,90.0,690.0,680.0,700.0,0.00349051904508,0.00349051904508
-5.0,0.0,90.0,710.0,700.0,720.0,0.00313634556347,0.00313634556347
-5.0,0.0,90.0,730.0,720.0,740.0,0.002814324523,0.002814324523
-5.0,0.0,90.0,750.0,740.0,760.0,0.0025027196344,0.0025027196344
-5.0,0.0,90.0,770.0,760.0,780.0,0.0022506229239,0.0022506229239
-5.0,90.0,0.0,390.0,380.0,400.0,0.007857025395,0.007857025395
-5.0,90.0,0.0,410.0,400.0,420.0,0.0145926533326,0.0145926533326
-5.0,90.0,0.0,430.0,420.0,440.0,0.0161692735451,0.0161692735451
-5.0,90.0,0.0,450.0,440.0,460.0,0.0214967030063,0.0214967030063
-5.0,90.0,0.0,470.0,460.0,480.0,0.0242645841244,0.0242645841244
-5.0,90.0,0.0,490.0,480.0,500.0,0.0249787536199,0.0249787536199
-5.0,90.0,0.0,510.0,500.0,520.0,0.0246849426498,0.0246849426498
-5.0,90.0,0.0,530.0,520.0,540.0,0.0246113386922,0.0246113386922
-5.0,90.0,0.0,550.0,540.0,560.0,0.0246950811803,0.0246950811803
-5.0,90.0,0.0,570.0,560.0,580.0,0.02341844527,0.02341844527
-5.0,90.0,0.0,590.0,580.0,600.0,0.0245021418278,0.0245021418278
-5.0,90.0,0.0,610.0,600.0,620.0,0.0239610075566,0.0239610075566
-5.0,90.0,0.0,630.0,620.0,640.0,0.0261640927898,0.0261640927898
-5.0,90.0,0.0,650.0,640.0,660.0,0.0276406993135,0.0276406993135
-5.0,90.0,0.0,670.0,660.0,680.0,0.0296969749,0.0296969749
-5.0,90.0,0.0,690.0,680.0,700.0,0.0304490884062,0.0304490884062
-5.0,90.0,0.0,710.0,700.0,720.0,0.0304261810283,0.0304261810283
-5.0,90.0,0.0,730.0,720.0,740.0,0.0301787487449,0.0301787487449
-5.0,90.0,0.0,750.0,740.0,760.0,0.0294791388068,0.0294791388068
-5.0,90.0,0.0,770.0,760.0,780.0,0.0289920861091,0.0289920861091
-5.0,90.0,0.5,390.0,380.0,400.0,0.00807795892095,0.00807795892095
-5.0,90.0,0.5,410.0,400.0,420.0,0.0151190591315,0.0151190591315
-5.0,90.0,0.5,430.0,420.0,440.0,0.0169043780167,0.0169043780167
-5.0,90.0,0.5,450.0,440.0,460.0,0.0226985479653,0.0226985479653
-5.0,90.0,0.5,470.0,460.0,480.0,0.0258873775471,0.0258873775471
-5.0,90.0,0.5,490.0,480.0,500.0,0.026919565898,0.026919565898
-5.0,90.0,0.5,510.0,500.0,520.0,0.0268446706132,0.0268446706132
-5.0,90.0,0.5,530.0,520.0,540.0,0.0269575265295,0.0269575265295
-5.0,90.0,0.5,550.0,540.0,560.0,0.027185881793,0.027185881793
-5.0,90.0,0.5,570.0,560.0,580.0,0.0258339683485,0.0258339683485
-5.0,90.0,0.5,590.0,580.0,600.0,0.0270341321495,0.0270341321495
-5.0,90.0,0.5,610.0,600.0,620.0,0.0263636033165,0.0263636033165
-5.0,90.0,0.5,630.0,620.0,640.0,0.0286675916932,0.0286675916932
-5.0,90.0,0.5,650.0,640.0,660.0,0.0300921179149,0.0300921179149
-5.0,90.0,0.5,670.0,660.0,680.0,0.0320580673869,0.0320580673869
-5.0,90.0,0.5,690.0,680.0,700.0,0.0325367905178,0.0325367905178
-5.0,90.0,0.5,710.0,700.0,720.0,0.0321391595108,0.0321391595108
-5.0,90.0,0.5,730.0,720.0,740.0,0.0314795825799,0.0314795825799
-5.0,90.0,0.5,750.0,740.0,760.0,0.0303420235783,0.0303420235783
-5.0,90.0,0.5,770.0,760.0,780.0,0.0294354476626,0.0294354476626
-5.0,90.0,1.0,390.0,380.0,400.0,0.0083597358992,0.0083597358992
-5.0,90.0,1.0,410.0,400.0,420.0,0.0157722995351,0.0157722995351
-5.0,90.0,1.0,430.0,420.0,440.0,0.0178040807273,0.0178040807273
-5.0,90.0,1.0,450.0,440.0,460.0,0.0241526865526,0.0241526865526
-5.0,90.0,1.0,470.0,460.0,480.0,0.0278158774775,0.0278158774775
-5.0,90.0,1.0,490.0,480.0,500.0,0.02916014087,0.02916014087
-5.0,90.0,1.0,510.0,500.0,520.0,0.0292377032725,0.0292377032725
-5.0,90.0,1.0,530.0,520.0,540.0,0.029424810755,0.029424810755
-5.0,90.0,1.0,550.0,540.0,560.0,0.029649550898,0.029649550898
-5.0,90.0,1.0,570.0,560.0,580.0,0.0280608569077,0.0280608569077
-5.0,90.0,1.0,590.0,580.0,600.0,0.0291929119204,0.0291929119204
-5.0,90.0,1.0,610.0,600.0,620.0,0.0282369715031,0.0282369715031
-5.0,90.0,1.0,630.0,620.0,640.0,0.030427955902,0.030427955902
-5.0,90.0,1.0,650.0,640.0,660.0,0.0316110902035,0.0316110902035
-5.0,90.0,1.0,670.0,660.0,680.0,0.0332958564763,0.0332958564763
-5.0,90.0,1.0,690.0,680.0,700.0,0.0333894977617,0.0333894977617
-5.0,90.0,1.0,710.0,700.0,720.0,0.0325757602559,0.0325757602559
-5.0,90.0,1.0,730.0,720.0,740.0,0.031510521969,0.031510521969
-5.0,90.0,1.0,750.0,740.0,760.0,0.0299949166791,0.0299949166791
-5.0,90.0,1.0,770.0,760.0,780.0,0.0287446095052,0.0287446095052
-5.0,90.0,2.0,390.0,380.0,400.0,0.00899349222905,0.00899349222905
-5.0,90.0,2.0,410.0,400.0,420.0,0.0172951836736,0.0172951836736
-5.0,90.0,2.0,430.0,420.0,440.0,0.01991491274,0.01991491274
-5.0,90.0,2.0,450.0,440.0,460.0,0.0274738031579,0.0274738031579
-5.0,90.0,2.0,470.0,460.0,480.0,0.0319856179822,0.0319856179822
-5.0,90.0,2.0,490.0,480.0,500.0,0.0336527950805,0.0336527950805
-5.0,90.0,2.0,510.0,500.0,520.0,0.0336215877633,0.0336215877633
-5.0,90.0,2.0,530.0,520.0,540.0,0.0335049295238,0.0335049295238
-5.0,90.0,2.0,550.0,540.0,560.0,0.033282392033,0.033282392033
-5.0,90.0,2.0,570.0,560.0,580.0,0.0309394808751,0.0309394808751
-5.0,90.0,2.0,590.0,580.0,600.0,0.0315713634841,0.0315713634841
-5.0,90.0,2.0,610.0,600.0,620.0,0.0299058147591,0.0299058147591
-5.0,90.0,2.0,630.0,620.0,640.0,0.0315557492701,0.0315557492701
-5.0,90.0,2.0,650.0,640.0,660.0,0.0320902412221,0.0320902412221
-5.0,90.0,2.0,670.0,660.0,680.0,0.0330871955727,0.0330871955727
-5.0,90.0,2.0,690.0,680.0,700.0,0.0324921988725,0.0324921988725
-5.0,90.0,2.0,710.0,700.0,720.0,0.031061469247,0.031061469247
-5.0,90.0,2.0,730.0,720.0,740.0,0.0294621338394,0.0294621338394
-5.0,90.0,2.0,750.0,740.0,760.0,0.0275233791272,0.0275233791272
-5.0,90.0,2.0,770.0,760.0,780.0,0.0259080562375,0.0259080562375
-5.0,90.0,3.0,390.0,380.0,400.0,0.00976407843471,0.00976407843471
-5.0,90.0,3.0,410.0,400.0,420.0,0.019113463137,0.019113463137
-5.0,90.0,3.0,430.0,420.0,440.0,0.0222730689688,0.0222730689688
-5.0,90.0,3.0,450.0,440.0,460.0,0.0308337018117,0.0308337018117
-5.0,90.0,3.0,470.0,460.0,480.0,0.0357259441561,0.0357259441561
-5.0,90.0,3.0,490.0,480.0,500.0,0.0371662671635,0.0371662671635
-5.0,90.0,3.0,510.0,500.0,520.0,0.0365529969124,0.0365529969124
-5.0,90.0,3.0,530.0,520.0,540.0,0.0357659780475,0.0357659780475
-5.0,90.0,3.0,550.0,540.0,560.0,0.0348472617671,0.0348472617671
-5.0,90.0,3.0,570.0,560.0,580.0,0.0317653584363,0.0317653584363
-5.0,90.0,3.0,590.0,580.0,600.0,0.0317969207194,0.0317969207194
-5.0,90.0,3.0,610.0,600.0,620.0,0.0295659221904,0.0295659221904
-5.0,90.0,3.0,630.0,620.0,640.0,0.0306427932181,0.0306427932181
-5.0,90.0,3.0,650.0,640.0,660.0,0.0306346023193,0.0306346023193
-5.0,90.0,3.0,670.0,660.0,680.0,0.0310814718381,0.0310814718381
-5.0,90.0,3.0,690.0,680.0,700.0,0.0300648942611,0.0300648942611
-5.0,90.0,3.0,710.0,700.0,720.0,0.0283380222575,0.0283380222575
-5.0,90.0,3.0,730.0,720.0,740.0,0.0265273364395,0.0265273364395
-5.0,90.0,3.0,750.0,740.0,760.0,0.024480655859,0.024480655859
-5.0,90.0,3.0,770.0,760.0,780.0,0.0227813989694,0.0227813989694
-5.0,90.0,5.0,390.0,380.0,400.0,0.0115509682877,0.0115509682877
-5.0,90.0,5.0,410.0,400.0,420.0,0.0228155693903,0.0228155693903
-5.0,90.0,5.0,430.0,420.0,440.0,0.0263432379527,0.0263432379527
-5.0,90.0,5.0,450.0,440.0,460.0,0.0356349770865,0.0356349770865
-5.0,90.0,5.0,470.0,460.0,480.0,0.0400165137815,0.0400165137815
-5.0,90.0,5.0,490.0,480.0,500.0,0.040200621181,0.040200621181
-5.0,90.0,5.0,510.0,500.0,520.0,0.0381598795879,0.0381598795879
-5.0,90.0,5.0,530.0,520.0,540.0,0.0360852301577,0.0360852301577
-5.0,90.0,5.0,550.0,540.0,560.0,0.0340414786982,0.0340414786982
-5.0,90.0,5.0,570.0,560.0,580.0,0.030128286776,0.030128286776
-5.0,90.0,5.0,590.0,580.0,600.0,0.0293246369743,0.0293246369743
-5.0,90.0,5.0,610.0,600.0,620.0,0.0265848912458,0.0265848912458
-5.0,90.0,5.0,630.0,620.0,640.0,0.0268890500168,0.0268890500168
-5.0,90.0,5.0,650.0,640.0,660.0,0.0262869621472,0.0262869621472
-5.0,90.0,5.0,670.0,660.0,680.0,0.0261320576246,0.0261320576246
-5.0,90.0,5.0,690.0,680.0,700.0,0.0248128312674,0.0248128312674
-5.0,90.0,5.0,710.0,700.0,720.0,0.0229957593539,0.0229957593539
-5.0,90.0,5.0,730.0,720.0,740.0,0.021197439462,0.021197439462
-5.0,90.0,5.0,750.0,740.0,760.0,0.0192906921993,0.0192906921993
-5.0,90.0,5.0,770.0,760.0,780.0,0.0177201048082,0.0177201048082
-5.0,90.0,8.0,390.0,380.0,400.0,0.0138195247881,0.0138195247881
-5.0,90.0,8.0,410.0,400.0,420.0,0.0264075448968,0.0264075448968
-5.0,90.0,8.0,430.0,420.0,440.0,0.0291670799546,0.0291670799546
-5.0,90.0,8.0,450.0,440.0,460.0,0.0376248047135,0.0376248047135
-5.0,90.0,8.0,470.0,460.0,480.0,0.0403562179164,0.0403562179164
-5.0,90.0,8.0,490.0,480.0,500.0,0.0388700646317,0.0388700646317
-5.0,90.0,8.0,510.0,500.0,520.0,0.0355412379258,0.0355412379258
-5.0,90.0,8.0,530.0,520.0,540.0,0.0325292492472,0.0325292492472
-5.0,90.0,8.0,550.0,540.0,560.0,0.0298052732661,0.0298052732661
-5.0,90.0,8.0,570.0,560.0,580.0,0.0257307371489,0.0257307371489
-5.0,90.0,8.0,590.0,580.0,600.0,0.0244588799258,0.0244588799258
-5.0,90.0,8.0,610.0,600.0,620.0,0.0217270581237,0.0217270581237
-5.0,90.0,8.0,630.0,620.0,640.0,0.0215405454949,0.0215405454949
-5.0,90.0,8.0,650.0,640.0,660.0,0.0206855855612,0.0206855855612
-5.0,90.0,8.0,670.0,660.0,680.0,0.0202412805216,0.0202412805216
-5.0,90.0,8.0,690.0,680.0,700.0,0.0189519569319,0.0189519569319
-5.0,90.0,8.0,710.0,700.0,720.0,0.0173460530864,0.0173460530864
-5.0,90.0,8.0,730.0,720.0,740.0,0.0158120967336,0.0158120967336
-5.0,90.0,8.0,750.0,740.0,760.0,0.0142481201555,0.0142481201555
-5.0,90.0,8.0,770.0,760.0,780.0,0.0129686790569,0.0129686790569
-5.0,90.0,12.0,390.0,380.0,400.0,0.0152017221677,0.0152017221677
-5.0,90.0,12.0,410.0,400.0,420.0,0.0275546271307,0.0275546271307
-5.0,90.0,12.0,430.0,420.0,440.0,0.0289307587939,0.0289307587939
-5.0,90.0,12.0,450.0,440.0,460.0,0.0356665332898,0.0356665332898
-5.0,90.0,12.0,470.0,460.0,480.0,0.0367859429013,0.0367859429013
-5.0,90.0,12.0,490.0,480.0,500.0,0.0342700323387,0.0342700323387
-5.0,90.0,12.0,510.0,500.0,520.0,0.0304713640109,0.0304713640109
-5.0,90.0,12.0,530.0,520.0,540.0,0.0272480504057,0.0272480504057
-5.0,90.0,12.0,550.0,540.0,560.0,0.0244653763282,0.0244653763282
-5.0,90.0,12.0,570.0,560.0,580.0,0.0207729534531,0.0207729534531
-5.0,90.0,12.0,590.0,580.0,600.0,0.0194315988154,0.0194315988154
-5.0,90.0,12.0,610.0,600.0,620.0,0.0170318819139,0.0170318819139
-5.0,90.0,12.0,630.0,620.0,640.0,0.0166592667645,0.0166592667645
-5.0,90.0,12.0,650.0,640.0,660.0,0.0158096109319,0.0158096109319
-5.0,90.0,12.0,670.0,660.0,680.0,0.0153117758527,0.0153117758527
-5.0,90.0,12.0,690.0,680.0,700.0,0.0142085192043,0.0142085192043
-5.0,90.0,12.0,710.0,700.0,720.0,0.0129026154519,0.0129026154519
-5.0,90.0,12.0,730.0,720.0,740.0,0.011680335976,0.011680335976
-5.0,90.0,12.0,750.0,740.0,760.0,0.010461621776,0.010461621776
-5.0,90.0,12.0,770.0,760.0,780.0,0.00946908492688,0.00946908492688
-5.0,90.0,20.0,390.0,380.0,400.0,0.0148658453073,0.0148658453073
-5.0,90.0,20.0,410.0,400.0,420.0,0.0252026996825,0.0252026996825
-5.0,90.0,20.0,430.0,420.0,440.0,0.0249991165657,0.0249991165657
-5.0,90.0,20.0,450.0,440.0,460.0,0.029399926354,0.029399926354
-5.0,90.0,20.0,470.0,460.0,480.0,0.0291704327104,0.0291704327104
-5.0,90.0,20.0,490.0,480.0,500.0,0.0263267599726,0.0263267599726
-5.0,90.0,20.0,510.0,500.0,520.0,0.0228126086643,0.0228126086643
-5.0,90.0,20.0,530.0,520.0,540.0,0.0199784121017,0.0199784121017
-5.0,90.0,20.0,550.0,540.0,560.0,0.0176188890696,0.0176188890696
-5.0,90.0,20.0,570.0,560.0,580.0,0.0147474141595,0.0147474141595
-5.0,90.0,20.0,590.0,580.0,600.0,0.0136023396637,0.0136023396637
-5.0,90.0,20.0,610.0,600.0,620.0,0.0117867758095,0.0117867758095
-5.0,90.0,20.0,630.0,620.0,640.0,0.0113934563965,0.0113934563965
-5.0,90.0,20.0,650.0,640.0,660.0,0.0107022599862,0.0107022599862
-5.0,90.0,20.0,670.0,660.0,680.0,0.0102750043376,0.0102750043376
-5.0,90.0,20.0,690.0,680.0,700.0,0.00946325338759,0.00946325338759
-5.0,90.0,20.0,710.0,700.0,720.0,0.00853765033601,0.00853765033601
-5.0,90.0,20.0,730.0,720.0,740.0,0.00768511946383,0.00768511946383
-5.0,90.0,20.0,750.0,740.0,760.0,0.00684977295246,0.00684977295246
-5.0,90.0,20.0,770.0,760.0,780.0,0.00617202137616,0.00617202137616
-5.0,90.0,30.0,390.0,380.0,400.0,0.0131612263493,0.0131612263493
-5.0,90.0,30.0,410.0,400.0,420.0,0.0214148014158,0.0214148014158
-5.0,90.0,30.0,430.0,420.0,440.0,0.0205499229814,0.0205499229814
-5.0,90.0,30.0,450.0,440.0,460.0,0.0235357265899,0.0235357265899
-5.0,90.0,30.0,470.0,460.0,480.0,0.0228625886822,0.0228625886822
-5.0,90.0,30.0,490.0,480.0,500.0,0.0202867267275,0.0202867267275
-5.0,90.0,30.0,510.0,500.0,520.0,0.0173429095584,0.0173429095584
-5.0,90.0,30.0,530.0,520.0,540.0,0.0150265127475,0.0150265127475
-5.0,90.0,30.0,550.0,540.0,560.0,0.0131313921949,0.0131313921949
-5.0,90.0,30.0,570.0,560.0,580.0,0.0109135784529,0.0109135784529
-5.0,90.0,30.0,590.0,580.0,600.0,0.00999518611289,0.00999518611289
-5.0,90.0,30.0,610.0,600.0,620.0,0.00861242836,0.00861242836
-5.0,90.0,30.0,630.0,620.0,640.0,0.00827594812451,0.00827594812451
-5.0,90.0,30.0,650.0,640.0,660.0,0.00773471404009,0.00773471404009
-5.0,90.0,30.0,670.0,660.0,680.0,0.00739447462864,0.00739447462864
-5.0,90.0,30.0,690.0,680.0,700.0,0.00678587215503,0.00678587215503
-5.0,90.0,30.0,710.0,700.0,720.0,0.00610338338248,0.00610338338248
-5.0,90.0,30.0,730.0,720.0,740.0,0.0054794780013,0.0054794780013
-5.0,90.0,30.0,750.0,740.0,760.0,0.00487303733253,0.00487303733253
-5.0,90.0,30.0,770.0,760.0,780.0,0.00438190740559,0.00438190740559
-5.0,90.0,45.0,390.0,380.0,400.0,0.0110183497281,0.0110183497281
-5.0,90.0,45.0,410.0,400.0,420.0,0.017429742343,0.017429742343
-5.0,90.0,45.0,430.0,420.0,440.0,0.0163585760237,0.0163585760237
-5.0,90.0,45.0,450.0,440.0,460.0,0.0184115442738,0.0184115442738
-5.0,90.0,45.0,470.0,460.0,480.0,0.0176411956499,0.0176411956499
-5.0,90.0,45.0,490.0,480.0,500.0,0.015485103776,0.015485103776
-5.0,90.0,45.0,510.0,500.0,520.0,0.0131263689851,0.0131263689851
-5.0,90.0,45.0,530.0,520.0,540.0,0.0112985379226,0.0112985379226
-5.0,90.0,45.0,550.0,540.0,560.0,0.00981890048388,0.00981890048388
-5.0,90.0,45.0,570.0,560.0,580.0,0.00812641481531,0.00812641481531
-5.0,90.0,45.0,590.0,580.0,600.0,0.00741109801897,0.00741109801897
-5.0,90.0,45.0,610.0,600.0,620.0,0.00636496091454,0.00636496091454
-5.0,90.0,45.0,630.0,620.0,640.0,0.00609492415086,0.00609492415086
-5.0,90.0,45.0,650.0,640.0,660.0,0.00567967644821,0.00567967644821
-5.0,90.0,45.0,670.0,660.0,680.0,0.00541683979922,0.00541683979922
-5.0,90.0,45.0,690.0,680.0,700.0,0.00496121118883,0.00496121118883
-5.0,90.0,45.0,710.0,700.0,720.0,0.00445493649007,0.00445493649007
-5.0,90.0,45.0,730.0,720.0,740.0,0.00399409444964,0.00399409444964
-5.0,90.0,45.0,750.0,740.0,760.0,0.00354812725817,0.00354812725817
-5.0,90.0,45.0,770.0,760.0,780.0,0.00318733115277,0.00318733115277
-5.0,90.0,60.0,390.0,380.0,400.0,0.00953610954842,0.00953610954842
-5.0,90.0,60.0,410.0,400.0,420.0,0.0148719679179,0.0148719679179
-5.0,90.0,60.0,430.0,420.0,440.0,0.0138085683539,0.0138085683539
-5.0,90.0,60.0,450.0,440.0,460.0,0.0154165239656,0.0154165239656
-5.0,90.0,60.0,470.0,460.0,480.0,0.014682756594,0.014682756594
-5.0,90.0,60.0,490.0,480.0,500.0,0.0128310627853,0.0128310627853
-5.0,90.0,60.0,510.0,500.0,520.0,0.010842153519,0.010842153519
-5.0,90.0,60.0,530.0,520.0,540.0,0.00931228444352,0.00931228444352
-5.0,90.0,60.0,550.0,540.0,560.0,0.00807904901839,0.00807904901839
-5.0,90.0,60.0,570.0,560.0,580.0,0.00668003532656,0.00668003532656
-5.0,90.0,60.0,590.0,580.0,600.0,0.00608495917632,0.00608495917632
-5.0,90.0,60.0,610.0,600.0,620.0,0.00522265803018,0.00522265803018
-5.0,90.0,60.0,630.0,620.0,640.0,0.004996556067,0.004996556067
-5.0,90.0,60.0,650.0,640.0,660.0,0.00465327589528,0.00465327589528
-5.0,90.0,60.0,670.0,660.0,680.0,0.00443641357518,0.00443641357518
-5.0,90.0,60.0,690.0,680.0,700.0,0.00406269536615,0.00406269536615
-5.0,90.0,60.0,710.0,700.0,720.0,0.00364816830738,0.00364816830738
-5.0,90.0,60.0,730.0,720.0,740.0,0.00327121699483,0.00327121699483
-5.0,90.0,60.0,750.0,740.0,760.0,0.00290666510372,0.00290666510372
-5.0,90.0,60.0,770.0,760.0,780.0,0.00261175841955,0.00261175841955
-5.0,90.0,90.0,390.0,380.0,400.0,0.00846298395299,0.00846298395299
-5.0,90.0,90.0,410.0,400.0,420.0,0.0130787539335,0.0130787539335
-5.0,90.0,90.0,430.0,420.0,440.0,0.0120594389734,0.0120594389734
-5.0,90.0,90.0,450.0,440.0,460.0,0.0133929991241,0.0133929991241
-5.0,90.0,90.0,470.0,460.0,480.0,0.0127052242209,0.0127052242209
-5.0,90.0,90.0,490.0,480.0,500.0,0.0110707579653,0.0110707579653
-5.0,90.0,90.0,510.0,500.0,520.0,0.00933596712362,0.00933596712362
-5.0,90.0,90.0,530.0,520.0,540.0,0.00800858309899,0.00800858309899
-5.0,90.0,90.0,550.0,540.0,560.0,0.00694172466069,0.00694172466069
-5.0,90.0,90.0,570.0,560.0,580.0,0.00573790507732,0.00573790507732
-5.0,90.0,90.0,590.0,580.0,600.0,0.00522440724926,0.00522440724926
-5.0,90.0,90.0,610.0,600.0,620.0,0.00448404055139,0.00448404055139
-5.0,90.0,90.0,630.0,620.0,640.0,0.00428909466135,0.00428909466135
-5.0,90.0,90.0,650.0,640.0,660.0,0.00399469626104,0.00399469626104
-5.0,90.0,90.0,670.0,660.0,680.0,0.0038097148159,0.0038097148159
-5.0,90.0,90.0,690.0,680.0,700.0,0.00349051904508,0.00349051904508
-5.0,90.0,90.0,710.0,700.0,720.0,0.00313634556348,0.00313634556348
-5.0,90.0,90.0,730.0,720.0,740.0,0.002814324523,0.002814324523
-5.0,90.0,90.0,750.0,740.0,760.0,0.0025027196344,0.0025027196344
-5.0,90.0,90.0,770.0,760.0,780.0,0.0022506229239,0.0022506229239
-5.0,180.0,0.0,390.0,380.0,400.0,0.00829569365101,0.00829569365101
-5.0,180.0,0.0,410.0,400.0,420.0,0.0159321952319,0.0159321952319
-5.0,180.0,0.0,430.0,420.0,440.0,0.0182525291741,0.0182525291741
-5.0,180.0,0.0,450.0,440.0,460.0,0.0249834626672,0.0249834626672
-5.0,180.0,0.0,470.0,460.0,480.0,0.0288506000682,0.0288506000682
-5.0,180.0,0.0,490.0,480.0,500.0,0.0301757403537,0.0301757403537
-5.0,180.0,0.0,510.0,500.0,520.0,0.0300930982207,0.0300930982207
-5.0,180.0,0.0,530.0,520.0,540.0,0.0300863363502,0.0300863363502
-5.0,180.0,0.0,550.0,540.0,560.0,0.0301504526875,0.0301504526875
-5.0,180.0,0.0,570.0,560.0,580.0,0.0284067235902,0.0284067235902
-5.0,180.0,0.0,590.0,580.0,600.0,0.0295469553687,0.0295469553687
-5.0,180.0,0.0,610.0,600.0,620.0,0.0286293316129,0.0286293316129
-5.0,180.0,0.0,630.0,620.0,640.0,0.0310917800855,0.0310917800855
-5.0,180.0,0.0,650.0,640.0,660.0,0.0326619385716,0.0326619385716
-5.0,180.0,0.0,670.0,660.0,680.0,0.0348717092415,0.0348717092415
-5.0,180.0,0.0,690.0,680.0,700.0,0.0355107081224,0.0355107081224
-5.0,180.0,0.0,710.0,700.0,720.0,0.0352259942538,0.0352259942538
-5.0,180.0,0.0,730.0,720.0,740.0,0.0346698084956,0.0346698084956
-5.0,180.0,0.0,750.0,740.0,760.0,0.0335704328229,0.0335704328229
-5.0,180.0,0.0,770.0,760.0,780.0,0.0327668792375,0.0327668792375
-5.0,180.0,0.5,390.0,380.0,400.0,0.00858156544628,0.00858156544628
-5.0,180.0,0.5,410.0,400.0,420.0,0.0165972169822,0.0165972169822
-5.0,180.0,0.5,430.0,420.0,440.0,0.0191831083446,0.0191831083446
-5.0,180.0,0.5,450.0,440.0,460.0,0.0265332525196,0.0265332525196
-5.0,180.0,0.5,470.0,460.0,480.0,0.0310025282127,0.0310025282127
-5.0,180.0,0.5,490.0,480.0,500.0,0.0328340115619,0.0328340115619
-5.0,180.0,0.5,510.0,500.0,520.0,0.0331474291265,0.0331474291265
-5.0,180.0,0.5,530.0,520.0,540.0,0.0334990971096,0.0334990971096
-5.0,180.0,0.5,550.0,540.0,560.0,0.0338877001974,0.0338877001974
-5.0,180.0,0.5,570.0,560.0,580.0,0.0321204579678,0.0321204579678
-5.0,180.0,0.5,590.0,580.0,600.0,0.0336100015027,0.0336100015027
-5.0,180.0,0.5,610.0,600.0,620.0,0.032643273498,0.032643273498
-5.0,180.0,0.5,630.0,620.0,640.0,0.0355612013623,0.0355612013623
-5.0,180.0,0.5,650.0,640.0,660.0,0.0373774097389,0.0373774097389
-5.0,180.0,0.5,670.0,660.0,680.0,0.0398112779774,0.0398112779774
-5.0,180.0,0.5,690.0,680.0,700.0,0.0403363175295,0.0403363175295
-5.0,180.0,0.5,710.0,700.0,720.0,0.0397199524521,0.0397199524521
-5.0,180.0,0.5,730.0,720.0,740.0,0.0387320894773,0.0387320894773
-5.0,180.0,0.5,750.0,740.0,760.0,0.0370937183612,0.0370937183612
-5.0,180.0,0.5,770.0,760.0,780.0,0.0357862451371,0.0357862451371
-5.0,180.0,1.0,390.0,380.0,400.0,0.00889922745755,0.00889922745755
-5.0,180.0,1.0,410.0,400.0,420.0,0.017376791294,0.017376791294
-5.0,180.0,1.0,430.0,420.0,440.0,0.0203238254421,0.0203238254421
-5.0,180.0,1.0,450.0,440.0,460.0,0.0284890874075,0.0284890874075
-5.0,180.0,1.0,470.0,460.0,480.0,0.0337439966769,0.0337439966769
-5.0,180.0,1.0,490.0,480.0,500.0,0.0361837184419,0.0361837184419
-5.0,180.0,1.0,510.0,500.0,520.0,0.0368856501401,0.0368856501401
-5.0,180.0,1.0,530.0,520.0,540.0,0.0374993130672,0.0374993130672
-5.0,180.0,1.0,550.0,540.0,560.0,0.0380488117463,0.0380488117463
-5.0,180.0,1.0,570.0,560.0,580.0,0.0360206832842,0.0360206832842
-5.0,180.0,1.0,590.0,580.0,600.0,0.0376228057696,0.0376228057696
-5.0,180.0,1.0,610.0,600.0,620.0,0.0363553444711,0.0363553444711
-5.0,180.0,1.0,630.0,620.0,640.0,0.0394137339776,0.0394137339776
-5.0,180.0,1.0,650.0,640.0,660.0,0.0411452751825,0.0411452751825
-5.0,180.0,1.0,670.0,660.0,680.0,0.0434470220447,0.0434470220447
-5.0,180.0,1.0,690.0,680.0,700.0,0.0435816407601,0.0435816407601
-5.0,180.0,1.0,710.0,700.0,720.0,0.0424486669392,0.0424486669392
-5.0,180.0,1.0,730.0,720.0,740.0,0.0409180519291,0.0409180519291
-5.0,180.0,1.0,750.0,740.0,760.0,0.0387228268802,0.0387228268802
-5.0,180.0,1.0,770.0,760.0,780.0,0.036917612376,0.036917612376
-5.0,180.0,2.0,390.0,380.0,400.0,0.00966042692302,0.00966042692302
-5.0,180.0,2.0,410.0,400.0,420.0,0.0193452061635,0.0193452061635
-5.0,180.0,2.0,430.0,420.0,440.0,0.0232599449188,0.0232599449188
-5.0,180.0,2.0,450.0,440.0,460.0,0.0334299655772,0.0334299655772
-5.0,180.0,2.0,470.0,460.0,480.0,0.0403330878928,0.0403330878928
-5.0,180.0,2.0,490.0,480.0,500.0,0.0436809786463,0.0436809786463
-5.0,180.0,2.0,510.0,500.0,520.0,0.0445759763758,0.0445759763758
-5.0,180.0,2.0,530.0,520.0,540.0,0.0450109212751,0.0450109212751
-5.0,180.0,2.0,550.0,540.0,560.0,0.0451509961896,0.0451509961896
-5.0,180.0,2.0,570.0,560.0,580.0,0.0420543760785,0.0420543760785
-5.0,180.0,2.0,590.0,580.0,600.0,0.0432033205898,0.0432033205898
-5.0,180.0,2.0,610.0,600.0,620.0,0.0409600932741,0.0409600932741
-5.0,180.0,2.0,630.0,620.0,640.0,0.0435840579376,0.0435840579376
-5.0,180.0,2.0,650.0,640.0,660.0,0.0446057305561,0.0446057305561
-5.0,180.0,2.0,670.0,660.0,680.0,0.0461452501111,0.0461452501111
-5.0,180.0,2.0,690.0,680.0,700.0,0.0453447023336,0.0453447023336
-5.0,180.0,2.0,710.0,700.0,720.0,0.0432782638397,0.0432782638397
-5.0,180.0,2.0,730.0,720.0,740.0,0.0409021560244,0.0409021560244
-5.0,180.0,2.0,750.0,740.0,760.0,0.0379809532566,0.0379809532566
-5.0,180.0,2.0,770.0,760.0,780.0,0.0355545403501,0.0355545403501
-5.0,180.0,3.0,390.0,380.0,400.0,0.0106473140192,0.0106473140192
-5.0,180.0,3.0,410.0,400.0,420.0,0.0218997968994,0.0218997968994
-5.0,180.0,3.0,430.0,420.0,440.0,0.0268572210152,0.0268572210152
-5.0,180.0,3.0,450.0,440.0,460.0,0.0389391844865,0.0389391844865
-5.0,180.0,3.0,470.0,460.0,480.0,0.0468886110326,0.0468886110326
-5.0,180.0,3.0,490.0,480.0,500.0,0.0502642445299,0.0502642445299
-5.0,180.0,3.0,510.0,500.0,520.0,0.0504932634971,0.0504932634971
-5.0,180.0,3.0,530.0,520.0,540.0,0.0500378889494,0.0500378889494
-5.0,180.0,3.0,550.0,540.0,560.0,0.0492140938197,0.0492140938197
-5.0,180.0,3.0,570.0,560.0,580.0,0.0449373530154,0.0449373530154
-5.0,180.0,3.0,590.0,580.0,600.0,0.0452783724915,0.0452783724915
-5.0,180.0,3.0,610.0,600.0,620.0,0.0421344301035,0.0421344301035
-5.0,180.0,3.0,630.0,620.0,640.0,0.0440083965549,0.0440083965549
-5.0,180.0,3.0,650.0,640.0,660.0,0.0442388334707,0.0442388334707
-5.0,180.0,3.0,670.0,660.0,680.0,0.0449928887866,0.0449928887866
-5.0,180.0,3.0,690.0,680.0,700.0,0.0435119872253,0.0435119872253
-5.0,180.0,3.0,710.0,700.0,720.0,0.0409153790656,0.0409153790656
-5.0,180.0,3.0,730.0,720.0,740.0,0.0381386570511,0.0381386570511
-5.0,180.0,3.0,750.0,740.0,760.0,0.0349699931393,0.0349699931393
-5.0,180.0,3.0,770.0,760.0,780.0,0.0323450584391,0.0323450584391
-5.0,180.0,5.0,390.0,380.0,400.0,0.0132049203764,0.0132049203764
-5.0,180.0,5.0,410.0,400.0,420.0,0.0277165490728,0.0277165490728
-5.0,180.0,5.0,430.0,420.0,440.0,0.033807566449,0.033807566449
-5.0,180.0,5.0,450.0,440.0,460.0,0.0478414339202,0.0478414339202
-5.0,180.0,5.0,470.0,460.0,480.0,0.0556432532406,0.0556432532406
-5.0,180.0,5.0,490.0,480.0,500.0,0.0573743679789,0.0573743679789
-5.0,180.0,5.0,510.0,500.0,520.0,0.0554322575193,0.0554322575193
-5.0,180.0,5.0,530.0,520.0,540.0,0.0529524814179,0.0529524814179
-5.0,180.0,5.0,550.0,540.0,560.0,0.0503217957453,0.0503217957453
-5.0,180.0,5.0,570.0,560.0,580.0,0.0445724028752,0.0445724028752
-5.0,180.0,5.0,590.0,580.0,600.0,0.0435904664118,0.0435904664118
-5.0,180.0,5.0,610.0,600.0,620.0,0.039510802905,0.039510802905
-5.0,180.0,5.0,630.0,620.0,640.0,0.0401671789368,0.0401671789368
-5.0,180.0,5.0,650.0,640.0,660.0,0.0393829563294,0.0393829563294
-5.0,180.0,5.0,670.0,660.0,680.0,0.0391601087492,0.0391601087492
-5.0,180.0,5.0,690.0,680.0,700.0,0.0371083027261,0.0371083027261
-5.0,180.0,5.0,710.0,700.0,720.0,0.034259095394,0.034259095394
-5.0,180.0,5.0,730.0,720.0,740.0,0.0314102989628,0.0314102989628
-5.0,180.0,5.0,750.0,740.0,760.0,0.0283819069113,0.0283819069113
-5.0,180.0,5.0,770.0,760.0,780.0,0.0258900932222,0.0258900932222
-5.0,180.0,8.0,390.0,380.0,400.0,0.0169147677221,0.0169147677221
-5.0,180.0,8.0,410.0,400.0,420.0,0.0342297105742,0.0342297105742
-5.0,180.0,8.0,430.0,420.0,440.0,0.0396300972578,0.0396300972578
-5.0,180.0,8.0,450.0,440.0,460.0,0.0530367769847,0.0530367769847
-5.0,180.0,8.0,470.0,460.0,480.0,0.0584913845405,0.0584913845405
-5.0,180.0,8.0,490.0,480.0,500.0,0.0574888183002,0.0574888183002
-5.0,180.0,8.0,510.0,500.0,520.0,0.0532790121485,0.0532790121485
-5.0,180.0,8.0,530.0,520.0,540.0,0.0491333304989,0.0491333304989
-5.0,180.0,8.0,550.0,540.0,560.0,0.0452505225923,0.0452505225923
-5.0,180.0,8.0,570.0,560.0,580.0,0.0390666514837,0.0390666514837
-5.0,180.0,8.0,590.0,580.0,600.0,0.0372286974621,0.0372286974621
-5.0,180.0,8.0,610.0,600.0,620.0,0.0330260551445,0.0330260551445
-5.0,180.0,8.0,630.0,620.0,640.0,0.0328073100939,0.0328073100939
-5.0,180.0,8.0,650.0,640.0,660.0,0.0315083844848,0.0315083844848
-5.0,180.0,8.0,670.0,660.0,680.0,0.0307682991826,0.0307682991826
-5.0,180.0,8.0,690.0,680.0,700.0,0.0286979435095,0.0286979435095
-5.0,180.0,8.0,710.0,700.0,720.0,0.0261277565156,0.0261277565156
-5.0,180.0,8.0,730.0,720.0,740.0,0.0236629163742,0.0236629163742
-5.0,180.0,8.0,750.0,740.0,760.0,0.0211567641294,0.0211567641294
-5.0,180.0,8.0,770.0,760.0,780.0,0.0191071932281,0.0191071932281
-5.0,180.0,12.0,390.0,380.0,400.0,0.0195801642384,0.0195801642384
-5.0,180.0,12.0,410.0,400.0,420.0,0.037198599111,0.037198599111
-5.0,180.0,12.0,430.0,420.0,440.0,0.0405500576698,0.0405500576698
-5.0,180.0,12.0,450.0,440.0,460.0,0.0514604351941,0.0514604351941
-5.0,180.0,12.0,470.0,460.0,480.0,0.054242670208,0.054242670208
-5.0,180.0,12.0,490.0,480.0,500.0,0.0513319552587,0.0513319552587
-5.0,180.0,12.0,510.0,500.0,520.0,0.046116331339,0.046116331339
-5.0,180.0,12.0,530.0,520.0,540.0,0.0414715310444,0.0414715310444
-5.0,180.0,12.0,550.0,540.0,560.0,0.0373624211978,0.0373624211978
-5.0,180.0,12.0,570.0,560.0,580.0,0.0317057826138,0.0317057826138
-5.0,180.0,12.0,590.0,580.0,600.0,0.0296752131448,0.0296752131448
-5.0,180.0,12.0,610.0,600.0,620.0,0.0259475025277,0.0259475025277
-5.0,180.0,12.0,630.0,620.0,640.0,0.025364147083,0.025364147083
-5.0,180.0,12.0,650.0,640.0,660.0,0.0240176518702,0.0240176518702
-5.0,180.0,12.0,670.0,660.0,680.0,0.0231705419511,0.0231705419511
-5.0,180.0,12.0,690.0,680.0,700.0,0.0213867835049,0.0213867835049
-5.0,180.0,12.0,710.0,700.0,720.0,0.0192957601529,0.0192957601529
-5.0,180.0,12.0,730.0,720.0,740.0,0.0173384542125,0.0173384542125
-5.0,180.0,12.0,750.0,740.0,760.0,0.0153992846765,0.0153992846765
-5.0,180.0,12.0,770.0,760.0,780.0,0.013820036916,0.013820036916
-5.0,180.0,20.0,390.0,380.0,400.0,0.0196508964691,0.0196508964691
-5.0,180.0,20.0,410.0,400.0,420.0,0.0344653079346,0.0344653079346
-5.0,180.0,20.0,430.0,420.0,440.0,0.0351222098325,0.0351222098325
-5.0,180.0,20.0,450.0,440.0,460.0,0.0421716873555,0.0421716873555
-5.0,180.0,20.0,470.0,460.0,480.0,0.0424925398178,0.0424925398178
-5.0,180.0,20.0,490.0,480.0,500.0,0.0387687096554,0.0387687096554
-5.0,180.0,20.0,510.0,500.0,520.0,0.0338242768648,0.0338242768648
-5.0,180.0,20.0,530.0,520.0,540.0,0.0297203991405,0.0297203991405
-5.0,180.0,20.0,550.0,540.0,560.0,0.0262410034083,0.0262410034083
-5.0,180.0,20.0,570.0,560.0,580.0,0.0219274210609,0.0219274210609
-5.0,180.0,20.0,590.0,580.0,600.0,0.0201878655311,0.0201878655311
-5.0,180.0,20.0,610.0,600.0,620.0,0.0174239833232,0.0174239833232
-5.0,180.0,20.0,630.0,620.0,640.0,0.0167825939095,0.0167825939095
-5.0,180.0,20.0,650.0,640.0,660.0,0.0156886965987,0.0156886965987
-5.0,180.0,20.0,670.0,660.0,680.0,0.0149711835311,0.0149711835311
-5.0,180.0,20.0,690.0,680.0,700.0,0.0136907117384,0.0136907117384
-5.0,180.0,20.0,710.0,700.0,720.0,0.0122537292033,0.0122537292033
-5.0,180.0,20.0,730.0,720.0,740.0,0.0109351000104,0.0109351000104
-5.0,180.0,20.0,750.0,740.0,760.0,0.00965618132236,0.00965618132236
-5.0,180.0,20.0,770.0,760.0,780.0,0.00861872100921,0.00861872100921
-5.0,180.0,30.0,390.0,380.0,400.0,0.0169991017182,0.0169991017182
-5.0,180.0,30.0,410.0,400.0,420.0,0.0283450462221,0.0283450462221
-5.0,180.0,30.0,430.0,420.0,440.0,0.0277315447939,0.0277315447939
-5.0,180.0,30.0,450.0,440.0,460.0,0.0322290649302,0.0322290649302
-5.0,180.0,30.0,470.0,460.0,480.0,0.0316372831728,0.0316372831728
-5.0,180.0,30.0,490.0,480.0,500.0,0.0282667579577,0.0282667579577
-5.0,180.0,30.0,510.0,500.0,520.0,0.0242548873073,0.0242548873073
-5.0,180.0,30.0,530.0,520.0,540.0,0.0210349410162,0.0210349410162
-5.0,180.0,30.0,550.0,540.0,560.0,0.0183632488572,0.0183632488572
-5.0,180.0,30.0,570.0,560.0,580.0,0.0152129788349,0.0152129788349
-5.0,180.0,30.0,590.0,580.0,600.0,0.0138783320902,0.0138783320902
-5.0,180.0,30.0,610.0,600.0,620.0,0.0118923528931,0.0118923528931
-5.0,180.0,30.0,630.0,620.0,640.0,0.0113618006802,0.0113618006802
-5.0,180.0,30.0,650.0,640.0,660.0,0.0105468004274,0.0105468004274
-5.0,180.0,30.0,670.0,660.0,680.0,0.0100049457396,0.0100049457396
-5.0,180.0,30.0,690.0,680.0,700.0,0.00910335068552,0.00910335068552
-5.0,180.0,30.0,710.0,700.0,720.0,0.00811292766862,0.00811292766862
-5.0,180.0,30.0,730.0,720.0,740.0,0.00721332603919,0.00721332603919
-5.0,180.0,30.0,750.0,740.0,760.0,0.00635027183918,0.00635027183918
-5.0,180.0,30.0,770.0,760.0,780.0,0.00565182071973,0.00565182071973
-5.0,180.0,45.0,390.0,380.0,400.0,0.0129180028205,0.0129180028205
-5.0,180.0,45.0,410.0,400.0,420.0,0.0207048334501,0.0207048334501
-5.0,180.0,45.0,430.0,420.0,440.0,0.0196326405977,0.0196326405977
-5.0,180.0,45.0,450.0,440.0,460.0,0.0222611592173,0.0222611592173
-5.0,180.0,45.0,470.0,460.0,480.0,0.0214320944652,0.0214320944652
-5.0,180.0,45.0,490.0,480.0,500.0,0.0188581332826,0.0188581332826
-5.0,180.0,45.0,510.0,500.0,520.0,0.015990270897,0.015990270897
-5.0,180.0,45.0,530.0,520.0,540.0,0.0137417361016,0.0137417361016
-5.0,180.0,45.0,550.0,540.0,560.0,0.0119046579563,0.0119046579563
-5.0,180.0,45.0,570.0,560.0,580.0,0.00980743570774,0.00980743570774
-5.0,180.0,45.0,590.0,580.0,600.0,0.00889439544918,0.00889439544918
-5.0,180.0,45.0,610.0,600.0,620.0,0.00758814319776,0.00758814319776
-5.0,180.0,45.0,630.0,620.0,640.0,0.0072133413472,0.0072133413472
-5.0,180.0,45.0,650.0,640.0,660.0,0.00666805861653,0.00666805861653
-5.0,180.0,45.0,670.0,660.0,680.0,0.00630440107466,0.00630440107466
-5.0,180.0,45.0,690.0,680.0,700.0,0.00572101384582,0.00572101384582
-5.0,180.0,45.0,710.0,700.0,720.0,0.0050877564042,0.0050877564042
-5.0,180.0,45.0,730.0,720.0,740.0,0.00451603872846,0.00451603872846
-5.0,180.0,45.0,750.0,740.0,760.0,0.00397083307134,0.00397083307134
-5.0,180.0,45.0,770.0,760.0,780.0,0.00353025656235,0.00353025656235
-5.0,180.0,60.0,390.0,380.0,400.0,0.0103394545183,0.0103394545183
-5.0,180.0,60.0,410.0,400.0,420.0,0.0162066170278,0.0162066170278
-5.0,180.0,60.0,430.0,420.0,440.0,0.0150946883367,0.0150946883367
-5.0,180.0,60.0,450.0,440.0,460.0,0.0168727297239,0.0168727297239
-5.0,180.0,60.0,470.0,460.0,480.0,0.0160606690683,0.0160606690683
-5.0,180.0,60.0,490.0,480.0,500.0,0.0140050463843,0.0140050463843
-5.0,180.0,60.0,510.0,500.0,520.0,0.0117918499846,0.0117918499846
-5.0,180.0,60.0,530.0,520.0,540.0,0.0100790653114,0.0100790653114
-5.0,180.0,60.0,550.0,540.0,560.0,0.00869381796078,0.00869381796078
-5.0,180.0,60.0,570.0,560.0,580.0,0.00713996868491,0.00713996868491
-5.0,180.0,60.0,590.0,580.0,600.0,0.00645686984582,0.00645686984582
-5.0,180.0,60.0,610.0,600.0,620.0,0.00549785114415,0.00549785114415
-5.0,180.0,60.0,630.0,620.0,640.0,0.00521634224437,0.00521634224437
-5.0,180.0,60.0,650.0,640.0,660.0,0.00481555412436,0.00481555412436
-5.0,180.0,60.0,670.0,660.0,680.0,0.00454923832107,0.00454923832107
-5.0,180.0,60.0,690.0,680.0,700.0,0.00412675897982,0.00412675897982
-5.0,180.0,60.0,710.0,700.0,720.0,0.00366998875177,0.00366998875177
-5.0,180.0,60.0,730.0,720.0,740.0,0.00325863374181,0.00325863374181
-5.0,180.0,60.0,750.0,740.0,760.0,0.00286699369379,0.00286699369379
-5.0,180.0,60.0,770.0,760.0,780.0,0.00255085475812,0.00255085475812
-5.0,180.0,90.0,390.0,380.0,400.0,0.00846298395299,0.00846298395299
-5.0,180.0,90.0,410.0,400.0,420.0,0.0130787539335,0.0130787539335
-5.0,180.0,90.0,430.0,420.0,440.0,0.0120594389734,0.0120594389734
-5.0,180.0,90.0,450.0,440.0,460.0,0.0133929991241,0.0133929991241
-5.0,180.0,90.0,470.0,460.0,480.0,0.0127052242209,0.0127052242209
-5.0,180.0,90.0,490.0,480.0,500.0,0.0110707579653,0.0110707579653
-5.0,180.0,90.0,510.0,500.0,520.0,0.00933596712362,0.00933596712362
-5.0,180.0,90.0,530.0,520.0,540.0,0.00800858309899,0.00800858309899
-5.0,180.0,90.0,550.0,540.0,560.0,0.00694172466069,0.00694172466069
-5.0,180.0,90.0,570.0,560.0,580.0,0.00573790507732,0.00573790507732
-5.0,180.0,90.0,590.0,580.0,600.0,0.00522440724926,0.00522440724926
-5.0,180.0,90.0,610.0,600.0,620.0,0.00448404055139,0.00448404055139
-5.0,180.0,90.0,630.0,620.0,640.0,0.00428909466135,0.00428909466135
-5.0,180.0,90.0,650.0,640.0,660.0,0.00399469626104,0.00399469626104
-5.0,180.0,90.0,670.0,660.0,680.0,0.0038097148159,0.0038097148159
-5.0,180.0,90.0,690.0,680.0,700.0,0.00349051904508,0.00349051904508
-5.0,180.0,90.0,710.0,700.0,720.0,0.00313634556348,0.00313634556348
-5.0,180.0,90.0,730.0,720.0,740.0,0.002814324523,0.002814324523
-5.0,180.0,90.0,750.0,740.0,760.0,0.0025027196344,0.0025027196344
-5.0,180.0,90.0,770.0,760.0,780.0,0.0022506229239,0.0022506229239
-2.0,0.0,0.0,390.0,380.0,400.0,0.00511676524477,0.00511676524477
-2.0,0.0,0.0,410.0,400.0,420.0,0.0111286141643,0.0111286141643
-2.0,0.0,0.0,430.0,420.0,440.0,0.0159417571163,0.0159417571163
-2.0,0.0,0.0,450.0,440.0,460.0,0.0291000492351,0.0291000492351
-2.0,0.0,0.0,470.0,460.0,480.0,0.0454531848896,0.0454531848896
-2.0,0.0,0.0,490.0,480.0,500.0,0.0630176310103,0.0630176310103
-2.0,0.0,0.0,510.0,500.0,520.0,0.0802563779567,0.0802563779567
-2.0,0.0,0.0,530.0,520.0,540.0,0.0983045413449,0.0983045413449
-2.0,0.0,0.0,550.0,540.0,560.0,0.117745940706,0.117745940706
-2.0,0.0,0.0,570.0,560.0,580.0,0.127445950226,0.127445950226
-2.0,0.0,0.0,590.0,580.0,600.0,0.152463549135,0.152463549135
-2.0,0.0,0.0,610.0,600.0,620.0,0.164711048733,0.164711048733
-2.0,0.0,0.0,630.0,620.0,640.0,0.200526447321,0.200526447321
-2.0,0.0,0.0,650.0,640.0,660.0,0.231508135763,0.231508135763
-2.0,0.0,0.0,670.0,660.0,680.0,0.266478775437,0.266478775437
-2.0,0.0,0.0,690.0,680.0,700.0,0.287974916757,0.287974916757
-2.0,0.0,0.0,710.0,700.0,720.0,0.299294024633,0.299294024633
-2.0,0.0,0.0,730.0,720.0,740.0,0.305353137297,0.305353137297
-2.0,0.0,0.0,750.0,740.0,760.0,0.303514340068,0.303514340068
-2.0,0.0,0.0,770.0,760.0,780.0,0.302672803077,0.302672803077
-2.0,0.0,0.5,390.0,380.0,400.0,0.00524643268035,0.00524643268035
-2.0,0.0,0.5,410.0,400.0,420.0,0.0116487955418,0.0116487955418
-2.0,0.0,0.5,430.0,420.0,440.0,0.0170962259215,0.0170962259215
-2.0,0.0,0.5,450.0,440.0,460.0,0.0318104665578,0.0318104665578
-2.0,0.0,0.5,470.0,460.0,480.0,0.0502014440735,0.0502014440735
-2.0,0.0,0.5,490.0,480.0,500.0,0.069769788938,0.069769788938
-2.0,0.0,0.5,510.0,500.0,520.0,0.0885528656035,0.0885528656035
-2.0,0.0,0.5,530.0,520.0,540.0,0.107648909373,0.107648909373
-2.0,0.0,0.5,550.0,540.0,560.0,0.127613704629,0.127613704629
-2.0,0.0,0.5,570.0,560.0,580.0,0.136416546513,0.136416546513
-2.0,0.0,0.5,590.0,580.0,600.0,0.161017987143,0.161017987143
-2.0,0.0,0.5,610.0,600.0,620.0,0.17145565603,0.17145565603
-2.0,0.0,0.5,630.0,620.0,640.0,0.205720955838,0.205720955838
-2.0,0.0,0.5,650.0,640.0,660.0,0.234005897384,0.234005897384
-2.0,0.0,0.5,670.0,660.0,680.0,0.265344642626,0.265344642626
-2.0,0.0,0.5,690.0,680.0,700.0,0.28248883294,0.28248883294
-2.0,0.0,0.5,710.0,700.0,720.0,0.289275205006,0.289275205006
-2.0,0.0,0.5,730.0,720.0,740.0,0.290865062836,0.290865062836
-2.0,0.0,0.5,750.0,740.0,760.0,0.285017764241,0.285017764241
-2.0,0.0,0.5,770.0,760.0,780.0,0.280332706963,0.280332706963
-2.0,0.0,1.0,390.0,380.0,400.0,0.005463317831,0.005463317831
-2.0,0.0,1.0,410.0,400.0,420.0,0.0123647312077,0.0123647312077
-2.0,0.0,1.0,430.0,420.0,440.0,0.0184899066531,0.0184899066531
-2.0,0.0,1.0,450.0,440.0,460.0,0.0347412691233,0.0347412691233
-2.0,0.0,1.0,470.0,460.0,480.0,0.0548078018027,0.0548078018027
-2.0,0.0,1.0,490.0,480.0,500.0,0.0755962680398,0.0755962680398
-2.0,0.0,1.0,510.0,500.0,520.0,0.0948051703876,0.0948051703876
-2.0,0.0,1.0,530.0,520.0,540.0,0.113592137507,0.113592137507
-2.0,0.0,1.0,550.0,540.0,560.0,0.132582222042,0.132582222042
-2.0,0.0,1.0,570.0,560.0,580.0,0.13945428753,0.13945428753
-2.0,0.0,1.0,590.0,580.0,600.0,0.162047850623,0.162047850623
-2.0,0.0,1.0,610.0,600.0,620.0,0.169896449799,0.169896449799
-2.0,0.0,1.0,630.0,620.0,640.0,0.200915205969,0.200915205969
-2.0,0.0,1.0,650.0,640.0,660.0,0.225372380322,0.225372380322
-2.0,0.0,1.0,670.0,660.0,680.0,0.252144564675,0.252144564675
-2.0,0.0,1.0,690.0,680.0,700.0,0.265006107734,0.265006107734
-2.0,0.0,1.0,710.0,700.0,720.0,0.268063760571,0.268063760571
-2.0,0.0,1.0,730.0,720.0,740.0,0.266408074356,0.266408074356
-2.0,0.0,1.0,750.0,740.0,760.0,0.258163445447,0.258163445447
-2.0,0.0,1.0,770.0,760.0,780.0,0.251275477016,0.251275477016
-2.0,0.0,2.0,390.0,380.0,400.0,0.00599949846968,0.00599949846968
-2.0,0.0,2.0,410.0,400.0,420.0,0.0140747721892,0.0140747721892
-2.0,0.0,2.0,430.0,420.0,440.0,0.0215088485229,0.0215088485229
-2.0,0.0,2.0,450.0,440.0,460.0,0.0402909270358,0.0402909270358
-2.0,0.0,2.0,470.0,460.0,480.0,0.0622229596898,0.0622229596898
-2.0,0.0,2.0,490.0,480.0,500.0,0.0832546353827,0.0832546353827
-2.0,0.0,2.0,510.0,500.0,520.0,0.100953366934,0.100953366934
-2.0,0.0,2.0,530.0,520.0,540.0,0.116916164347,0.116916164347
-2.0,0.0,2.0,550.0,540.0,560.0,0.132112888075,0.132112888075
-2.0,0.0,2.0,570.0,560.0,580.0,0.134738606431,0.134738606431
-2.0,0.0,2.0,590.0,580.0,600.0,0.152284047083,0.152284047083
-2.0,0.0,2.0,610.0,600.0,620.0,0.155564860944,0.155564860944
-2.0,0.0,2.0,630.0,620.0,640.0,0.179781041513,0.179781041513
-2.0,0.0,2.0,650.0,640.0,660.0,0.19742649325,0.19742649325
-2.0,0.0,2.0,670.0,660.0,680.0,0.21655952579,0.21655952579
-2.0,0.0,2.0,690.0,680.0,700.0,0.223471793535,0.223471793535
-2.0,0.0,2.0,710.0,700.0,720.0,0.222235325961,0.222235325961
-2.0,0.0,2.0,730.0,720.0,740.0,0.217396482535,0.217396482535
-2.0,0.0,2.0,750.0,740.0,760.0,0.207579965616,0.207579965616
-2.0,0.0,2.0,770.0,760.0,780.0,0.199311027687,0.199311027687
-2.0,0.0,3.0,390.0,380.0,400.0,0.00663056037598,0.00663056037598
-2.0,0.0,3.0,410.0,400.0,420.0,0.0159633258901,0.0159633258901
-2.0,0.0,3.0,430.0,420.0,440.0,0.0243868248522,0.0243868248522
-2.0,0.0,3.0,450.0,440.0,460.0,0.0446317763463,0.0446317763463
-2.0,0.0,3.0,470.0,460.0,480.0,0.0666549558139,0.0666549558139
-2.0,0.0,3.0,490.0,480.0,500.0,0.0860913803194,0.0860913803194
-2.0,0.0,3.0,510.0,500.0,520.0,0.100958942172,0.100958942172
-2.0,0.0,3.0,530.0,520.0,540.0,0.113414485256,0.113414485256
-2.0,0.0,3.0,550.0,540.0,560.0,0.124761053189,0.124761053189
-2.0,0.0,3.0,570.0,560.0,580.0,0.124212164211,0.124212164211
-2.0,0.0,3.0,590.0,580.0,600.0,0.137538779686,0.137538779686
-2.0,0.0,3.0,610.0,600.0,620.0,0.137935775103,0.137935775103
-2.0,0.0,3.0,630.0,620.0,640.0,0.15693432647,0.15693432647
-2.0,0.0,3.0,650.0,640.0,660.0,0.169942499652,0.169942499652
-2.0,0.0,3.0,670.0,660.0,680.0,0.18406373281,0.18406373281
-2.0,0.0,3.0,690.0,680.0,700.0,0.187767140386,0.187767140386
-2.0,0.0,3.0,710.0,700.0,720.0,0.184784924485,0.184784924485
-2.0,0.0,3.0,730.0,720.0,740.0,0.179043768517,0.179043768517
-2.0,0.0,3.0,750.0,740.0,760.0,0.169464768925,0.169464768925
-2.0,0.0,3.0,770.0,760.0,780.0,0.161425333965,0.161425333965
-2.0,0.0,5.0,390.0,380.0,400.0,0.00822377522406,0.00822377522406
-2.0,0.0,5.0,410.0,400.0,420.0,0.0198011611062,0.0198011611062
-2.0,0.0,5.0,430.0,420.0,440.0,0.0288793875467,0.0288793875467
-2.0,0.0,5.0,450.0,440.0,460.0,0.0494046092611,0.0494046092611
-2.0,0.0,5.0,470.0,460.0,480.0,0.0688981066355,0.0688981066355
-2.0,0.0,5.0,490.0,480.0,500.0,0.0836907952689,0.0836907952689
-2.0,0.0,5.0,510.0,500.0,520.0,0.0931105996673,0.0931105996673
-2.0,0.0,5.0,530.0,520.0,540.0,0.100031793599,0.100031793599
-2.0,0.0,5.0,550.0,540.0,560.0,0.106019979445,0.106019979445
-2.0,0.0,5.0,570.0,560.0,580.0,0.10223812786,0.10223812786
-2.0,0.0,5.0,590.0,580.0,600.0,0.110290962566,0.110290962566
-2.0,0.0,5.0,610.0,600.0,620.0,0.108122796894,0.108122796894
-2.0,0.0,5.0,630.0,620.0,640.0,0.120737183056,0.120737183056
-2.0,0.0,5.0,650.0,640.0,660.0,0.128628492046,0.128628492046
-2.0,0.0,5.0,670.0,660.0,680.0,0.13731385735,0.13731385735
-2.0,0.0,5.0,690.0,680.0,700.0,0.138281800939,0.138281800939
-2.0,0.0,5.0,710.0,700.0,720.0,0.134523838711,0.134523838711
-2.0,0.0,5.0,730.0,720.0,740.0,0.128998000526,0.128998000526
-2.0,0.0,5.0,750.0,740.0,760.0,0.120950804503,0.120950804503
-2.0,0.0,5.0,770.0,760.0,780.0,0.114246323174,0.114246323174
-2.0,0.0,8.0,390.0,380.0,400.0,0.0104546818536,0.0104546818536
-2.0,0.0,8.0,410.0,400.0,420.0,0.023592478916,0.023592478916
-2.0,0.0,8.0,430.0,420.0,440.0,0.0315096762851,0.0315096762851
-2.0,0.0,8.0,450.0,440.0,460.0,0.0494131118525,0.0494131118525
-2.0,0.0,8.0,470.0,460.0,480.0,0.0639311067863,0.0639311067863
-2.0,0.0,8.0,490.0,480.0,500.0,0.0730462095833,0.0730462095833
-2.0,0.0,8.0,510.0,500.0,520.0,0.0773704071541,0.0773704071541
-2.0,0.0,8.0,530.0,520.0,540.0,0.0799017040762,0.0799017040762
-2.0,0.0,8.0,550.0,540.0,560.0,0.0820553455749,0.0820553455749
-2.0,0.0,8.0,570.0,560.0,580.0,0.0771008650495,0.0771008650495
-2.0,0.0,8.0,590.0,580.0,600.0,0.0814802075926,0.0814802075926
-2.0,0.0,8.0,610.0,600.0,620.0,0.0785061784209,0.0785061784209
-2.0,0.0,8.0,630.0,620.0,640.0,0.0864582721728,0.0864582721728
-2.0,0.0,8.0,650.0,640.0,660.0,0.0910317612295,0.0910317612295
-2.0,0.0,8.0,670.0,660.0,680.0,0.096194436417,0.096194436417
-2.0,0.0,8.0,690.0,680.0,700.0,0.0960180970009,0.0960180970009
-2.0,0.0,8.0,710.0,700.0,720.0,0.0926860438393,0.0926860438393
-2.0,0.0,8.0,730.0,720.0,740.0,0.0882715949824,0.0882715949824
-2.0,0.0,8.0,750.0,740.0,760.0,0.0822599691533,0.0822599691533
-2.0,0.0,8.0,770.0,760.0,780.0,0.077283918089,0.077283918089
-2.0,0.0,12.0,390.0,380.0,400.0,0.0119496621866,0.0119496621866
-2.0,0.0,12.0,410.0,400.0,420.0,0.024757727323,0.024757727323
-2.0,0.0,12.0,430.0,420.0,440.0,0.0303537221742,0.0303537221742
-2.0,0.0,12.0,450.0,440.0,460.0,0.0441454023568,0.0441454023568
-2.0,0.0,12.0,470.0,460.0,480.0,0.0537039809128,0.0537039809128
-2.0,0.0,12.0,490.0,480.0,500.0,0.0584502502113,0.0584502502113
-2.0,0.0,12.0,510.0,500.0,520.0,0.0596101827303,0.0596101827303
-2.0,0.0,12.0,530.0,520.0,540.0,0.0597704958175,0.0597704958175
-2.0,0.0,12.0,550.0,540.0,560.0,0.0599944772262,0.0599944772262
-2.0,0.0,12.0,570.0,560.0,580.0,0.0553583291907,0.0553583291907
-2.0,0.0,12.0,590.0,580.0,600.0,0.0576923330693,0.0576923330693
-2.0,0.0,12.0,610.0,600.0,620.0,0.0549618526809,0.0549618526809
-2.0,0.0,12.0,630.0,620.0,640.0,0.0600040556593,0.0600040556593
-2.0,0.0,12.0,650.0,640.0,660.0,0.0627322232477,0.0627322232477
-2.0,0.0,12.0,670.0,660.0,680.0,0.0659013327469,0.0659013327469
-2.0,0.0,12.0,690.0,680.0,700.0,0.0654580997924,0.0654580997924
-2.0,0.0,12.0,710.0,700.0,720.0,0.0629257092865,0.0629257092865
-2.0,0.0,12.0,730.0,720.0,740.0,0.0597189088146,0.0597189088146
-2.0,0.0,12.0,750.0,740.0,760.0,0.0554844110938,0.0554844110938
-2.0,0.0,12.0,770.0,760.0,780.0,0.0519968236604,0.0519968236604
-2.0,0.0,20.0,390.0,380.0,400.0,0.0117623274248,0.0117623274248
-2.0,0.0,20.0,410.0,400.0,420.0,0.0219561245652,0.0219561245652
-2.0,0.0,20.0,430.0,420.0,440.0,0.0244194676601,0.0244194676601
-2.0,0.0,20.0,450.0,440.0,460.0,0.0326040577102,0.0326040577102
-2.0,0.0,20.0,470.0,460.0,480.0,0.0369383720796,0.0369383720796
-2.0,0.0,20.0,490.0,480.0,500.0,0.0379686484834,0.0379686484834
-2.0,0.0,20.0,510.0,500.0,520.0,0.0370209672471,0.0370209672471
-2.0,0.0,20.0,530.0,520.0,540.0,0.0358483863916,0.0358483863916
-2.0,0.0,20.0,550.0,540.0,560.0,0.035039700995,0.035039700995
-2.0,0.0,20.0,570.0,560.0,580.0,0.0316775435777,0.0316775435777
-2.0,0.0,20.0,590.0,580.0,600.0,0.032520999962,0.032520999962
-2.0,0.0,20.0,610.0,600.0,620.0,0.0306280378752,0.0306280378752
-2.0,0.0,20.0,630.0,620.0,640.0,0.033167833754,0.033167833754
-2.0,0.0,20.0,650.0,640.0,660.0,0.0344700528501,0.0344700528501
-2.0,0.0,20.0,670.0,660.0,680.0,0.0360530208315,0.0360530208315
-2.0,0.0,20.0,690.0,680.0,700.0,0.035697618651,0.035697618651
-2.0,0.0,20.0,710.0,700.0,720.0,0.0342412016491,0.0342412016491
-2.0,0.0,20.0,730.0,720.0,740.0,0.032449285572,0.032449285572
-2.0,0.0,20.0,750.0,740.0,760.0,0.0301219536291,0.0301219536291
-2.0,0.0,20.0,770.0,760.0,780.0,0.0282194368891,0.0282194368891
-2.0,0.0,30.0,390.0,380.0,400.0,0.01004759339,0.01004759339
-2.0,0.0,30.0,410.0,400.0,420.0,0.0175377204421,0.0175377204421
-2.0,0.0,30.0,430.0,420.0,440.0,0.0182880198933,0.0182880198933
-2.0,0.0,30.0,450.0,440.0,460.0,0.0229818356795,0.0229818356795
-2.0,0.0,30.0,470.0,460.0,480.0,0.0246457261889,0.0246457261889
-2.0,0.0,30.0,490.0,480.0,500.0,0.0241464230739,0.0241464230739
-2.0,0.0,30.0,510.0,500.0,520.0,0.0226064313969,0.0226064313969
-2.0,0.0,30.0,530.0,520.0,540.0,0.0211682831251,0.0211682831251
-2.0,0.0,30.0,550.0,540.0,560.0,0.0201443359974,0.0201443359974
-2.0,0.0,30.0,570.0,560.0,580.0,0.017827163123,0.017827163123
-2.0,0.0,30.0,590.0,580.0,600.0,0.0180126148166,0.0180126148166
-2.0,0.0,30.0,610.0,600.0,620.0,0.0167574559735,0.0167574559735
-2.0,0.0,30.0,630.0,620.0,640.0,0.0179935691323,0.0179935691323
-2.0,0.0,30.0,650.0,640.0,660.0,0.0185878599913,0.0185878599913
-2.0,0.0,30.0,670.0,660.0,680.0,0.0193609899762,0.0193609899762
-2.0,0.0,30.0,690.0,680.0,700.0,0.0191193408413,0.0191193408413
-2.0,0.0,30.0,710.0,700.0,720.0,0.0183126084354,0.0183126084354
-2.0,0.0,30.0,730.0,720.0,740.0,0.0173455896954,0.0173455896954
-2.0,0.0,30.0,750.0,740.0,760.0,0.0161052526977,0.0161052526977
-2.0,0.0,30.0,770.0,760.0,780.0,0.0151021718914,0.0151021718914
-2.0,0.0,45.0,390.0,380.0,400.0,0.00773628938275,0.00773628938275
-2.0,0.0,45.0,410.0,400.0,420.0,0.0128397033555,0.0128397033555
-2.0,0.0,45.0,430.0,420.0,440.0,0.0127407724996,0.0127407724996
-2.0,0.0,45.0,450.0,440.0,460.0,0.0152347902419,0.0152347902419
-2.0,0.0,45.0,470.0,460.0,480.0,0.0155540526544,0.0155540526544
-2.0,0.0,45.0,490.0,480.0,500.0,0.0145316715525,0.0145316715525
-2.0,0.0,45.0,510.0,500.0,520.0,0.0130094897539,0.0130094897539
-2.0,0.0,45.0,530.0,520.0,540.0,0.011691699076,0.011691699076
-2.0,0.0,45.0,550.0,540.0,560.0,0.0107298386168,0.0107298386168
-2.0,0.0,45.0,570.0,560.0,580.0,0.00919695940323,0.00919695940323
-2.0,0.0,45.0,590.0,580.0,600.0,0.00905069829557,0.00905069829557
-2.0,0.0,45.0,610.0,600.0,620.0,0.00823300907889,0.00823300907889
-2.0,0.0,45.0,630.0,620.0,640.0,0.0086862485086,0.0086862485086
-2.0,0.0,45.0,650.0,640.0,660.0,0.00884632550666,0.00884632550666
-2.0,0.0,45.0,670.0,660.0,680.0,0.00910891663984,0.00910891663984
-2.0,0.0,45.0,690.0,680.0,700.0,0.00891344906336,0.00891344906336
-2.0,0.0,45.0,710.0,700.0,720.0,0.00847702702345,0.00847702702345
-2.0,0.0,45.0,730.0,720.0,740.0,0.00798660956018,0.00798660956018
-2.0,0.0,45.0,750.0,740.0,760.0,0.00738661363784,0.00738661363784
-2.0,0.0,45.0,770.0,760.0,780.0,0.00690952678867,0.00690952678867
-2.0,0.0,60.0,390.0,380.0,400.0,0.00599552502309,0.00599552502309
-2.0,0.0,60.0,410.0,400.0,420.0,0.0096796066366,0.0096796066366
-2.0,0.0,60.0,430.0,420.0,440.0,0.00935806349923,0.00935806349923
-2.0,0.0,60.0,450.0,440.0,460.0,0.010905853416,0.010905853416
-2.0,0.0,60.0,470.0,460.0,480.0,0.0108491486484,0.0108491486484
-2.0,0.0,60.0,490.0,480.0,500.0,0.00987255169497,0.00987255169497
-2.0,0.0,60.0,510.0,500.0,520.0,0.00860672344117,0.00860672344117
-2.0,0.0,60.0,530.0,520.0,540.0,0.00753323408622,0.00753323408622
-2.0,0.0,60.0,550.0,540.0,560.0,0.00674020146443,0.00674020146443
-2.0,0.0,60.0,570.0,560.0,580.0,0.0056376591102,0.0056376591102
-2.0,0.0,60.0,590.0,580.0,600.0,0.00542682570588,0.00542682570588
-2.0,0.0,60.0,610.0,600.0,620.0,0.00483588814839,0.00483588814839
-2.0,0.0,60.0,630.0,620.0,640.0,0.0050121060743,0.0050121060743
-2.0,0.0,60.0,650.0,640.0,660.0,0.00502392357078,0.00502392357078
-2.0,0.0,60.0,670.0,660.0,680.0,0.00509999107763,0.00509999107763
-2.0,0.0,60.0,690.0,680.0,700.0,0.00492804472833,0.00492804472833
-2.0,0.0,60.0,710.0,700.0,720.0,0.00463518304626,0.00463518304626
-2.0,0.0,60.0,730.0,720.0,740.0,0.00432518136898,0.00432518136898
-2.0,0.0,60.0,750.0,740.0,760.0,0.00396695847564,0.00396695847564
-2.0,0.0,60.0,770.0,760.0,780.0,0.00368500754258,0.00368500754258
-2.0,0.0,90.0,390.0,380.0,400.0,0.00460580036042,0.00460580036042
-2.0,0.0,90.0,410.0,400.0,420.0,0.00726885353819,0.00726885353819
-2.0,0.0,90.0,430.0,420.0,440.0,0.00688065913299,0.00688065913299
-2.0,0.0,90.0,450.0,440.0,460.0,0.00785537433403,0.00785537433403
-2.0,0.0,90.0,470.0,460.0,480.0,0.0076536212659,0.0076536212659
-2.0,0.0,90.0,490.0,480.0,500.0,0.00681588203658,0.00681588203658
-2.0,0.0,90.0,510.0,500.0,520.0,0.00580828248597,0.00580828248597
-2.0,0.0,90.0,530.0,520.0,540.0,0.00496322360486,0.00496322360486
-2.0,0.0,90.0,550.0,540.0,560.0,0.00433354899645,0.00433354899645
-2.0,0.0,90.0,570.0,560.0,580.0,0.00353326353662,0.00353326353662
-2.0,0.0,90.0,590.0,580.0,600.0,0.00331876602422,0.00331876602422
-2.0,0.0,90.0,610.0,600.0,620.0,0.0028842594773,0.0028842594773
-2.0,0.0,90.0,630.0,620.0,640.0,0.00292047531655,0.00292047531655
-2.0,0.0,90.0,650.0,640.0,660.0,0.00286117083843,0.00286117083843
-2.0,0.0,90.0,670.0,660.0,680.0,0.00283993494734,0.00283993494734
-2.0,0.0,90.0,690.0,680.0,700.0,0.00268472676064,0.00268472676064
-2.0,0.0,90.0,710.0,700.0,720.0,0.00247225808928,0.00247225808928
-2.0,0.0,90.0,730.0,720.0,740.0,0.0022604512671,0.0022604512671
-2.0,0.0,90.0,750.0,740.0,760.0,0.00203312649949,0.00203312649949
-2.0,0.0,90.0,770.0,760.0,780.0,0.00185451834407,0.00185451834407
-2.0,90.0,0.0,390.0,380.0,400.0,0.00395538668379,0.00395538668379
-2.0,90.0,0.0,410.0,400.0,420.0,0.00713536561321,0.00713536561321
-2.0,90.0,0.0,430.0,420.0,440.0,0.00769804290647,0.00769804290647
-2.0,90.0,0.0,450.0,440.0,460.0,0.0100238099487,0.0100238099487
-2.0,90.0,0.0,470.0,460.0,480.0,0.0111818273084,0.0111818273084
-2.0,90.0,0.0,490.0,480.0,500.0,0.0114615874061,0.0114615874061
-2.0,90.0,0.0,510.0,500.0,520.0,0.0112957674052,0.0112957674052
-2.0,90.0,0.0,530.0,520.0,540.0,0.0112059797768,0.0112059797768
-2.0,90.0,0.0,550.0,540.0,560.0,0.0114131273058,0.0114131273058
-2.0,90.0,0.0,570.0,560.0,580.0,0.0108464764296,0.0108464764296
-2.0,90.0,0.0,590.0,580.0,600.0,0.0119017587053,0.0119017587053
-2.0,90.0,0.0,610.0,600.0,620.0,0.0120258284881,0.0120258284881
-2.0,90.0,0.0,630.0,620.0,640.0,0.014130617991,0.014130617991
-2.0,90.0,0.0,650.0,640.0,660.0,0.0159645347507,0.0159645347507
-2.0,90.0,0.0,670.0,660.0,680.0,0.0181546266453,0.0181546266453
-2.0,90.0,0.0,690.0,680.0,700.0,0.0195292819713,0.0195292819713
-2.0,90.0,0.0,710.0,700.0,720.0,0.0203261398559,0.0203261398559
-2.0,90.0,0.0,730.0,720.0,740.0,0.0208649875478,0.0208649875478
-2.0,90.0,0.0,750.0,740.0,760.0,0.0209282261943,0.0209282261943
-2.0,90.0,0.0,770.0,760.0,780.0,0.0211605829737,0.0211605829737
-2.0,90.0,0.5,390.0,380.0,400.0,0.00404578775521,0.00404578775521
-2.0,90.0,0.5,410.0,400.0,420.0,0.00733527716708,0.00733527716708
-2.0,90.0,0.5,430.0,420.0,440.0,0.00797248346035,0.00797248346035
-2.0,90.0,0.5,450.0,440.0,460.0,0.0104931710306,0.0104931710306
-2.0,90.0,0.5,470.0,460.0,480.0,0.0118744248964,0.0118744248964
-2.0,90.0,0.5,490.0,480.0,500.0,0.0123818841654,0.0123818841654
-2.0,90.0,0.5,510.0,500.0,520.0,0.0124253522773,0.0124253522773
-2.0,90.0,0.5,530.0,520.0,540.0,0.0125334513144,0.0125334513144
-2.0,90.0,0.5,550.0,540.0,560.0,0.0129399029247,0.0129399029247
-2.0,90.0,0.5,570.0,560.0,580.0,0.0124047053171,0.0124047053171
-2.0,90.0,0.5,590.0,580.0,600.0,0.0136833991032,0.0136833991032
-2.0,90.0,0.5,610.0,600.0,620.0,0.0138286886038,0.0138286886038
-2.0,90.0,0.5,630.0,620.0,640.0,0.016218287079,0.016218287079
-2.0,90.0,0.5,650.0,640.0,660.0,0.0182253076642,0.0182253076642
-2.0,90.0,0.5,670.0,660.0,680.0,0.0205496980561,0.0205496980561
-2.0,90.0,0.5,690.0,680.0,700.0,0.0218621270349,0.0218621270349
-2.0,90.0,0.5,710.0,700.0,720.0,0.0224594191915,0.0224594191915
-2.0,90.0,0.5,730.0,720.0,740.0,0.0227233226345,0.0227233226345
-2.0,90.0,0.5,750.0,740.0,760.0,0.0224392995211,0.0224392995211
-2.0,90.0,0.5,770.0,760.0,780.0,0.0223310699073,0.0223310699073
-2.0,90.0,1.0,390.0,380.0,400.0,0.00416600662825,0.00416600662825
-2.0,90.0,1.0,410.0,400.0,420.0,0.00759532330579,0.00759532330579
-2.0,90.0,1.0,430.0,420.0,440.0,0.0083323744701,0.0083323744701
-2.0,90.0,1.0,450.0,440.0,460.0,0.0111195484811,0.0111195484811
-2.0,90.0,1.0,470.0,460.0,480.0,0.0128018612817,0.0128018612817
-2.0,90.0,1.0,490.0,480.0,500.0,0.0135896712014,0.0135896712014
-2.0,90.0,1.0,510.0,500.0,520.0,0.0138472623502,0.0138472623502
-2.0,90.0,1.0,530.0,520.0,540.0,0.0141109295688,0.0141109295688
-2.0,90.0,1.0,550.0,540.0,560.0,0.0146378181465,0.0146378181465
-2.0,90.0,1.0,570.0,560.0,580.0,0.0140137204591,0.0140137204591
-2.0,90.0,1.0,590.0,580.0,600.0,0.0153893478568,0.0153893478568
-2.0,90.0,1.0,610.0,600.0,620.0,0.0154197973971,0.0154197973971
-2.0,90.0,1.0,630.0,620.0,640.0,0.0179129902721,0.0179129902721
-2.0,90.0,1.0,650.0,640.0,660.0,0.0198997490358,0.0198997490358
-2.0,90.0,1.0,670.0,660.0,680.0,0.022147145549,0.022147145549
-2.0,90.0,1.0,690.0,680.0,700.0,0.023234048546,0.023234048546
-2.0,90.0,1.0,710.0,700.0,720.0,0.0235248415069,0.0235248415069
-2.0,90.0,1.0,730.0,720.0,740.0,0.0234538120009,0.0234538120009
-2.0,90.0,1.0,750.0,740.0,760.0,0.0228220355855,0.0228220355855
-2.0,90.0,1.0,770.0,760.0,780.0,0.0223902090068,0.0223902090068
-2.0,90.0,2.0,390.0,380.0,400.0,0.00442215314552,0.00442215314552
-2.0,90.0,2.0,410.0,400.0,420.0,0.00820230047614,0.00820230047614
-2.0,90.0,2.0,430.0,420.0,440.0,0.00923958618654,0.00923958618654
-2.0,90.0,2.0,450.0,440.0,460.0,0.0127302650393,0.0127302650393
-2.0,90.0,2.0,470.0,460.0,480.0,0.0151008517258,0.0151008517258
-2.0,90.0,2.0,490.0,480.0,500.0,0.0163713547725,0.0163713547725
-2.0,90.0,2.0,510.0,500.0,520.0,0.0168296496057,0.0168296496057
-2.0,90.0,2.0,530.0,520.0,540.0,0.0170928231364,0.0170928231364
-2.0,90.0,2.0,550.0,540.0,560.0,0.0175165228343,0.0175165228343
-2.0,90.0,2.0,570.0,560.0,580.0,0.0164421635403,0.0164421635403
-2.0,90.0,2.0,590.0,580.0,600.0,0.0176680838356,0.0176680838356
-2.0,90.0,2.0,610.0,600.0,620.0,0.0172674404543,0.0172674404543
-2.0,90.0,2.0,630.0,620.0,640.0,0.0195833840678,0.0195833840678
-2.0,90.0,2.0,650.0,640.0,660.0,0.0212268540955,0.0212268540955
-2.0,90.0,2.0,670.0,660.0,680.0,0.0230460686182,0.0230460686182
-2.0,90.0,2.0,690.0,680.0,700.0,0.0235942344574,0.0235942344574
-2.0,90.0,2.0,710.0,700.0,720.0,0.0233299913418,0.0233299913418
-2.0,90.0,2.0,730.0,720.0,740.0,0.022735189183,0.022735189183
-2.0,90.0,2.0,750.0,740.0,760.0,0.0216443878814,0.0216443878814
-2.0,90.0,2.0,770.0,760.0,780.0,0.0208021932089,0.0208021932089
-2.0,90.0,3.0,390.0,380.0,400.0,0.0047409594319,0.0047409594319
-2.0,90.0,3.0,410.0,400.0,420.0,0.0090022305561,0.0090022305561
-2.0,90.0,3.0,430.0,420.0,440.0,0.0104084739734,0.0104084739734
-2.0,90.0,3.0,450.0,440.0,460.0,0.0146345698869,0.0146345698869
-2.0,90.0,3.0,470.0,460.0,480.0,0.0175144497018,0.0175144497018
-2.0,90.0,3.0,490.0,480.0,500.0,0.01892691126,0.01892691126
-2.0,90.0,3.0,510.0,500.0,520.0,0.0192073605153,0.0192073605153
-2.0,90.0,3.0,530.0,520.0,540.0,0.0191351467488,0.0191351467488
-2.0,90.0,3.0,550.0,540.0,560.0,0.0191795035895,0.0191795035895
-2.0,90.0,3.0,570.0,560.0,580.0,0.0175796088877,0.0175796088877
-2.0,90.0,3.0,590.0,580.0,600.0,0.0184648175259,0.0184648175259
-2.0,90.0,3.0,610.0,600.0,620.0,0.0176460956336,0.0176460956336
-2.0,90.0,3.0,630.0,620.0,640.0,0.0196037011197,0.0196037011197
-2.0,90.0,3.0,650.0,640.0,660.0,0.0208361721393,0.0208361721393
-2.0,90.0,3.0,670.0,660.0,680.0,0.0222062625427,0.0222062625427
-2.0,90.0,3.0,690.0,680.0,700.0,0.0223428687688,0.0223428687688
-2.0,90.0,3.0,710.0,700.0,720.0,0.0217374085328,0.0217374085328
-2.0,90.0,3.0,730.0,720.0,740.0,0.0208660849561,0.0208660849561
-2.0,90.0,3.0,750.0,740.0,760.0,0.0195882897923,0.0195882897923
-2.0,90.0,3.0,770.0,760.0,780.0,0.0185830818773,0.0185830818773
-2.0,90.0,5.0,390.0,380.0,400.0,0.00556708563536,0.00556708563536
-2.0,90.0,5.0,410.0,400.0,420.0,0.0109065511778,0.0109065511778
-2.0,90.0,5.0,430.0,420.0,440.0,0.0128034432568,0.0128034432568
-2.0,90.0,5.0,450.0,440.0,460.0,0.0179022862563,0.0179022862563
-2.0,90.0,5.0,470.0,460.0,480.0,0.0209400326597,0.0209400326597
-2.0,90.0,5.0,490.0,480.0,500.0,0.0218769465751,0.0218769465751
-2.0,90.0,5.0,510.0,500.0,520.0,0.021356032453,0.021356032453
-2.0,90.0,5.0,530.0,520.0,540.0,0.0204456357814,0.0204456357814
-2.0,90.0,5.0,550.0,540.0,560.0,0.0197205415436,0.0197205415436
-2.0,90.0,5.0,570.0,560.0,580.0,0.0174371663196,0.0174371663196
-2.0,90.0,5.0,590.0,580.0,600.0,0.017717063326,0.017717063326
-2.0,90.0,5.0,610.0,600.0,620.0,0.016426725035,0.016426725035
-2.0,90.0,5.0,630.0,620.0,640.0,0.0177459331461,0.0177459331461
-2.0,90.0,5.0,650.0,640.0,660.0,0.018386601851,0.018386601851
-2.0,90.0,5.0,670.0,660.0,680.0,0.0191459578687,0.0191459578687
-2.0,90.0,5.0,690.0,680.0,700.0,0.0188619632383,0.0188619632383
-2.0,90.0,5.0,710.0,700.0,720.0,0.018002594594,0.018002594594
-2.0,90.0,5.0,730.0,720.0,740.0,0.016982376925,0.016982376925
-2.0,90.0,5.0,750.0,740.0,760.0,0.0156919882915,0.0156919882915
-2.0,90.0,5.0,770.0,760.0,780.0,0.0146714353982,0.0146714353982
-2.0,90.0,8.0,390.0,380.0,400.0,0.00679877177136,0.00679877177136
-2.0,90.0,8.0,410.0,400.0,420.0,0.0131558291618,0.0131558291618
-2.0,90.0,8.0,430.0,420.0,440.0,0.0149603754687,0.0149603754687
-2.0,90.0,8.0,450.0,440.0,460.0,0.0200298545241,0.0200298545241
-2.0,90.0,8.0,470.0,460.0,480.0,0.0223417179931,0.0223417179931
-2.0,90.0,8.0,490.0,480.0,500.0,0.0222767968105,0.0222767968105
-2.0,90.0,8.0,510.0,500.0,520.0,0.0208288136016,0.0208288136016
-2.0,90.0,8.0,530.0,520.0,540.0,0.0191887910228,0.0191887910228
-2.0,90.0,8.0,550.0,540.0,560.0,0.0178801489693,0.0178801489693
-2.0,90.0,8.0,570.0,560.0,580.0,0.0153463021106,0.0153463021106
-2.0,90.0,8.0,590.0,580.0,600.0,0.0151661390074,0.0151661390074
-2.0,90.0,8.0,610.0,600.0,620.0,0.0137292794647,0.0137292794647
-2.0,90.0,8.0,630.0,620.0,640.0,0.0144973953324,0.0144973953324
-2.0,90.0,8.0,650.0,640.0,660.0,0.0147200702343,0.0147200702343
-2.0,90.0,8.0,670.0,660.0,680.0,0.0150569430892,0.0150569430892
-2.0,90.0,8.0,690.0,680.0,700.0,0.0146013724667,0.0146013724667
-2.0,90.0,8.0,710.0,700.0,720.0,0.0137419839891,0.0137419839891
-2.0,90.0,8.0,730.0,720.0,740.0,0.0128020473054,0.0128020473054
-2.0,90.0,8.0,750.0,740.0,760.0,0.0116986602043,0.0116986602043
-2.0,90.0,8.0,770.0,760.0,780.0,0.0108268045468,0.0108268045468
-2.0,90.0,12.0,390.0,380.0,400.0,0.00771733770107,0.00771733770107
-2.0,90.0,12.0,410.0,400.0,420.0,0.01427867175,0.01427867175
-2.0,90.0,12.0,430.0,420.0,440.0,0.0154678146889,0.0154678146889
-2.0,90.0,12.0,450.0,440.0,460.0,0.0197566841179,0.0197566841179
-2.0,90.0,12.0,470.0,460.0,480.0,0.0211119378259,0.0211119378259
-2.0,90.0,12.0,490.0,480.0,500.0,0.0202727351946,0.0202727351946
-2.0,90.0,12.0,510.0,500.0,520.0,0.0183547836401,0.0183547836401
-2.0,90.0,12.0,530.0,520.0,540.0,0.0164580036097,0.0164580036097
-2.0,90.0,12.0,550.0,540.0,560.0,0.0149764701574,0.0149764701574
-2.0,90.0,12.0,570.0,560.0,580.0,0.0126058805462,0.0126058805462
-2.0,90.0,12.0,590.0,580.0,600.0,0.0122274871512,0.0122274871512
-2.0,90.0,12.0,610.0,600.0,620.0,0.0108983221772,0.0108983221772
-2.0,90.0,12.0,630.0,620.0,640.0,0.0113323576963,0.0113323576963
-2.0,90.0,12.0,650.0,640.0,660.0,0.0113532500108,0.0113532500108
-2.0,90.0,12.0,670.0,660.0,680.0,0.0114793812488,0.0114793812488
-2.0,90.0,12.0,690.0,680.0,700.0,0.0110206157041,0.0110206157041
-2.0,90.0,12.0,710.0,700.0,720.0,0.0102809846302,0.0102809846302
-2.0,90.0,12.0,730.0,720.0,740.0,0.00950381509933,0.00950381509933
-2.0,90.0,12.0,750.0,740.0,760.0,0.00862613661192,0.00862613661192
-2.0,90.0,12.0,770.0,760.0,780.0,0.00793374431791,0.00793374431791
-2.0,90.0,20.0,390.0,380.0,400.0,0.00782266683669,0.00782266683669
-2.0,90.0,20.0,410.0,400.0,420.0,0.013565648238,0.013565648238
-2.0,90.0,20.0,430.0,420.0,440.0,0.0138634128533,0.0138634128533
-2.0,90.0,20.0,450.0,440.0,460.0,0.0168350005576,0.0168350005576
-2.0,90.0,20.0,470.0,460.0,480.0,0.0172354465831,0.0172354465831
-2.0,90.0,20.0,490.0,480.0,500.0,0.0159679873668,0.0159679873668
-2.0,90.0,20.0,510.0,500.0,520.0,0.0140371470871,0.0140371470871
-2.0,90.0,20.0,530.0,520.0,540.0,0.0122875726263,0.0122875726263
-2.0,90.0,20.0,550.0,540.0,560.0,0.0109511085037,0.0109511085037
-2.0,90.0,20.0,570.0,560.0,580.0,0.00906584499567,0.00906584499567
-2.0,90.0,20.0,590.0,580.0,600.0,0.00865131000848,0.00865131000848
-2.0,90.0,20.0,610.0,600.0,620.0,0.00760928450281,0.00760928450281
-2.0,90.0,20.0,630.0,620.0,640.0,0.00780592233268,0.00780592233268
-2.0,90.0,20.0,650.0,640.0,660.0,0.00772978353145,0.00772978353145
-2.0,90.0,20.0,670.0,660.0,680.0,0.00773859151424,0.00773859151424
-2.0,90.0,20.0,690.0,680.0,700.0,0.00736643056854,0.00736643056854
-2.0,90.0,20.0,710.0,700.0,720.0,0.00682161036441,0.00682161036441
-2.0,90.0,20.0,730.0,720.0,740.0,0.00626561066109,0.00626561066109
-2.0,90.0,20.0,750.0,740.0,760.0,0.00565561126949,0.00565561126949
-2.0,90.0,20.0,770.0,760.0,780.0,0.00517523039855,0.00517523039855
-2.0,90.0,30.0,390.0,380.0,400.0,0.0070643735699,0.0070643735699
-2.0,90.0,30.0,410.0,400.0,420.0,0.0117534906117,0.0117534906117
-2.0,90.0,30.0,430.0,420.0,440.0,0.0116020601088,0.0116020601088
-2.0,90.0,30.0,450.0,440.0,460.0,0.0136910346936,0.0136910346936
-2.0,90.0,30.0,470.0,460.0,480.0,0.013691220174,0.013691220174
-2.0,90.0,30.0,490.0,480.0,500.0,0.0124436187512,0.0124436187512
-2.0,90.0,30.0,510.0,500.0,520.0,0.0107712082447,0.0107712082447
-2.0,90.0,30.0,530.0,520.0,540.0,0.00931293280431,0.00931293280431
-2.0,90.0,30.0,550.0,540.0,560.0,0.00821227566451,0.00821227566451
-2.0,90.0,30.0,570.0,560.0,580.0,0.00674236608745,0.00674236608745
-2.0,90.0,30.0,590.0,580.0,600.0,0.0063808136518,0.0063808136518
-2.0,90.0,30.0,610.0,600.0,620.0,0.00557518137858,0.00557518137858
-2.0,90.0,30.0,630.0,620.0,640.0,0.00567983587169,0.00567983587169
-2.0,90.0,30.0,650.0,640.0,660.0,0.00559142318474,0.00559142318474
-2.0,90.0,30.0,670.0,660.0,680.0,0.00557015595247,0.00557015595247
-2.0,90.0,30.0,690.0,680.0,700.0,0.00528004619874,0.00528004619874
-2.0,90.0,30.0,710.0,700.0,720.0,0.00487192956506,0.00487192956506
-2.0,90.0,30.0,730.0,720.0,740.0,0.0044609220916,0.0044609220916
-2.0,90.0,30.0,750.0,740.0,760.0,0.00401594030497,0.00401594030497
-2.0,90.0,30.0,770.0,760.0,780.0,0.00366585627678,0.00366585627678
-2.0,90.0,45.0,390.0,380.0,400.0,0.00592506057672,0.00592506057672
-2.0,90.0,45.0,410.0,400.0,420.0,0.00958076477122,0.00958076477122
-2.0,90.0,45.0,430.0,420.0,440.0,0.00924286566591,0.00924286566591
-2.0,90.0,45.0,450.0,440.0,460.0,0.0107086794574,0.0107086794574
-2.0,90.0,45.0,470.0,460.0,480.0,0.0105529256439,0.0105529256439
-2.0,90.0,45.0,490.0,480.0,500.0,0.0094799691136,0.0094799691136
-2.0,90.0,45.0,510.0,500.0,520.0,0.00813104171171,0.00813104171171
-2.0,90.0,45.0,530.0,520.0,540.0,0.00698048711126,0.00698048711126
-2.0,90.0,45.0,550.0,540.0,560.0,0.00611810582973,0.00611810582973
-2.0,90.0,45.0,570.0,560.0,580.0,0.00500027931004,0.00500027931004
-2.0,90.0,45.0,590.0,580.0,600.0,0.00470940415534,0.00470940415534
-2.0,90.0,45.0,610.0,600.0,620.0,0.00409963631014,0.00409963631014
-2.0,90.0,45.0,630.0,620.0,640.0,0.00415956403484,0.00415956403484
-2.0,90.0,45.0,650.0,640.0,660.0,0.00408085548211,0.00408085548211
-2.0,90.0,45.0,670.0,660.0,680.0,0.00405397455789,0.00405397455789
-2.0,90.0,45.0,690.0,680.0,700.0,0.00383394388757,0.00383394388757
-2.0,90.0,45.0,710.0,700.0,720.0,0.00353074511115,0.00353074511115
-2.0,90.0,45.0,730.0,720.0,740.0,0.00322760154298,0.00322760154298
-2.0,90.0,45.0,750.0,740.0,760.0,0.00290173141075,0.00290173141075
-2.0,90.0,45.0,770.0,760.0,780.0,0.00264548638759,0.00264548638759
-2.0,90.0,60.0,390.0,380.0,400.0,0.00520920316113,0.00520920316113
-2.0,90.0,60.0,410.0,400.0,420.0,0.00829853047895,0.00829853047895
-2.0,90.0,60.0,430.0,420.0,440.0,0.00791168824582,0.00791168824582
-2.0,90.0,60.0,450.0,440.0,460.0,0.00908139974506,0.00908139974506
-2.0,90.0,60.0,470.0,460.0,480.0,0.00888420553041,0.00888420553041
-2.0,90.0,60.0,490.0,480.0,500.0,0.00793563889359,0.00793563889359
-2.0,90.0,60.0,510.0,500.0,520.0,0.00677688331145,0.00677688331145
-2.0,90.0,60.0,530.0,520.0,540.0,0.00579894873434,0.00579894873434
-2.0,90.0,60.0,550.0,540.0,560.0,0.00506882498895,0.00506882498895
-2.0,90.0,60.0,570.0,560.0,580.0,0.00413481918173,0.00413481918173
-2.0,90.0,60.0,590.0,580.0,600.0,0.00388661127069,0.00388661127069
-2.0,90.0,60.0,610.0,600.0,620.0,0.00337861469479,0.00337861469479
-2.0,90.0,60.0,630.0,620.0,640.0,0.003422680591,0.003422680591
-2.0,90.0,60.0,650.0,640.0,660.0,0.0033538317405,0.0033538317405
-2.0,90.0,60.0,670.0,660.0,680.0,0.00332869328669,0.00332869328669
-2.0,90.0,60.0,690.0,680.0,700.0,0.00314588391251,0.00314588391251
-2.0,90.0,60.0,710.0,700.0,720.0,0.00289564402076,0.00289564402076
-2.0,90.0,60.0,730.0,720.0,740.0,0.00264607632712,0.00264607632712
-2.0,90.0,60.0,750.0,740.0,760.0,0.00237837192509,0.00237837192509
-2.0,90.0,60.0,770.0,760.0,780.0,0.00216794026953,0.00216794026953
-2.0,90.0,90.0,390.0,380.0,400.0,0.00460580036039,0.00460580036039
-2.0,90.0,90.0,410.0,400.0,420.0,0.00726885353808,0.00726885353808
-2.0,90.0,90.0,430.0,420.0,440.0,0.00688065913282,0.00688065913282
-2.0,90.0,90.0,450.0,440.0,460.0,0.00785537433378,0.00785537433378
-2.0,90.0,90.0,470.0,460.0,480.0,0.00765362126563,0.00765362126563
-2.0,90.0,90.0,490.0,480.0,500.0,0.00681588203634,0.00681588203634
-2.0,90.0,90.0,510.0,500.0,520.0,0.00580828248579,0.00580828248579
-2.0,90.0,90.0,530.0,520.0,540.0,0.00496322360475,0.00496322360475
-2.0,90.0,90.0,550.0,540.0,560.0,0.0043335489964,0.0043335489964
-2.0,90.0,90.0,570.0,560.0,580.0,0.00353326353662,0.00353326353662
-2.0,90.0,90.0,590.0,580.0,600.0,0.00331876602426,0.00331876602426
-2.0,90.0,90.0,610.0,600.0,620.0,0.00288425947738,0.00288425947738
-2.0,90.0,90.0,630.0,620.0,640.0,0.00292047531667,0.00292047531667
-2.0,90.0,90.0,650.0,640.0,660.0,0.00286117083858,0.00286117083858
-2.0,90.0,90.0,670.0,660.0,680.0,0.00283993494752,0.00283993494752
-2.0,90.0,90.0,690.0,680.0,700.0,0.00268472676086,0.00268472676086
-2.0,90.0,90.0,710.0,700.0,720.0,0.00247225808951,0.00247225808951
-2.0,90.0,90.0,730.0,720.0,740.0,0.00226045126734,0.00226045126734
-2.0,90.0,90.0,750.0,740.0,760.0,0.00203312649974,0.00203312649974
-2.0,90.0,90.0,770.0,760.0,780.0,0.00185451834431,0.00185451834431
-2.0,180.0,0.0,390.0,380.0,400.0,0.00398961930119,0.00398961930119
-2.0,180.0,0.0,410.0,400.0,420.0,0.00734473584708,0.00734473584708
-2.0,180.0,0.0,430.0,420.0,440.0,0.00811862554562,0.00811862554562
-2.0,180.0,0.0,450.0,440.0,460.0,0.0108493989329,0.0108493989329
-2.0,180.0,0.0,470.0,460.0,480.0,0.0124068261042,0.0124068261042
-2.0,180.0,0.0,490.0,480.0,500.0,0.0129843134508,0.0129843134508
-2.0,180.0,0.0,510.0,500.0,520.0,0.0129816213312,0.0129816213312
-2.0,180.0,0.0,530.0,520.0,540.0,0.0129695538912,0.0129695538912
-2.0,180.0,0.0,550.0,540.0,560.0,0.0132542808903,0.0132542808903
-2.0,180.0,0.0,570.0,560.0,580.0,0.0125472058369,0.0125472058369
-2.0,180.0,0.0,590.0,580.0,600.0,0.0137500106613,0.0137500106613
-2.0,180.0,0.0,610.0,600.0,620.0,0.0138053879572,0.0138053879572
-2.0,180.0,0.0,630.0,620.0,640.0,0.0162081273853,0.0162081273853
-2.0,180.0,0.0,650.0,640.0,660.0,0.0182810253705,0.0182810253705
-2.0,180.0,0.0,670.0,660.0,680.0,0.0207266273674,0.0207266273674
-2.0,180.0,0.0,690.0,680.0,700.0,0.0222060774363,0.0222060774363
-2.0,180.0,0.0,710.0,700.0,720.0,0.0230003252216,0.0230003252216
-2.0,180.0,0.0,730.0,720.0,740.0,0.0234775604958,0.0234775604958
-2.0,180.0,0.0,750.0,740.0,760.0,0.0233821535402,0.0233821535402
-2.0,180.0,0.0,770.0,760.0,780.0,0.0235057666238,0.0235057666238
-2.0,180.0,0.5,390.0,380.0,400.0,0.00411549659052,0.00411549659052
-2.0,180.0,0.5,410.0,400.0,420.0,0.00758897966511,0.00758897966511
-2.0,180.0,0.5,430.0,420.0,440.0,0.00842360833276,0.00842360833276
-2.0,180.0,0.5,450.0,440.0,460.0,0.0113469461584,0.0113469461584
-2.0,180.0,0.5,470.0,460.0,480.0,0.0131391990377,0.0131391990377
-2.0,180.0,0.5,490.0,480.0,500.0,0.013984081089,0.013984081089
-2.0,180.0,0.5,510.0,500.0,520.0,0.0142574894629,0.0142574894629
-2.0,180.0,0.5,530.0,520.0,540.0,0.0145283006009,0.0145283006009
-2.0,180.0,0.5,550.0,540.0,560.0,0.0151251697325,0.0151251697325
-2.0,180.0,0.5,570.0,560.0,580.0,0.0145213808712,0.0145213808712
-2.0,180.0,0.5,590.0,580.0,600.0,0.0161240919903,0.0161240919903
-2.0,180.0,0.5,610.0,600.0,620.0,0.0163140064898,0.0163140064898
-2.0,180.0,0.5,630.0,620.0,640.0,0.0193114203855,0.0193114203855
-2.0,180.0,0.5,650.0,640.0,660.0,0.0218801641206,0.0218801641206
-2.0,180.0,0.5,670.0,660.0,680.0,0.0248149319973,0.0248149319973
-2.0,180.0,0.5,690.0,680.0,700.0,0.0264916939422,0.0264916939422
-2.0,180.0,0.5,710.0,700.0,720.0,0.0272512838419,0.0272512838419
-2.0,180.0,0.5,730.0,720.0,740.0,0.0275496780387,0.0275496780387
-2.0,180.0,0.5,750.0,740.0,760.0,0.0271043618576,0.0271043618576
-2.0,180.0,0.5,770.0,760.0,780.0,0.0268977148071,0.0268977148071
-2.0,180.0,1.0,390.0,380.0,400.0,0.0042281969748,0.0042281969748
-2.0,180.0,1.0,410.0,400.0,420.0,0.00782962349232,0.00782962349232
-2.0,180.0,1.0,430.0,420.0,440.0,0.00876477371342,0.00876477371342
-2.0,180.0,1.0,450.0,440.0,460.0,0.0119772598564,0.0119772598564
-2.0,180.0,1.0,470.0,460.0,480.0,0.0141469066055,0.0141469066055
-2.0,180.0,1.0,490.0,480.0,500.0,0.0154003638312,0.0154003638312
-2.0,180.0,1.0,510.0,500.0,520.0,0.0160377170471,0.0160377170471
-2.0,180.0,1.0,530.0,520.0,540.0,0.0166082205003,0.0166082205003
-2.0,180.0,1.0,550.0,540.0,560.0,0.0174822411686,0.0174822411686
-2.0,180.0,1.0,570.0,560.0,580.0,0.0168428335947,0.0168428335947
-2.0,180.0,1.0,590.0,580.0,600.0,0.0187370419716,0.0187370419716
-2.0,180.0,1.0,610.0,600.0,620.0,0.0188851737792,0.0188851737792
-2.0,180.0,1.0,630.0,620.0,640.0,0.0222860864247,0.0222860864247
-2.0,180.0,1.0,650.0,640.0,660.0,0.0250997605403,0.0250997605403
-2.0,180.0,1.0,670.0,660.0,680.0,0.0282176091623,0.0282176091623
-2.0,180.0,1.0,690.0,680.0,700.0,0.0297991673832,0.0297991673832
-2.0,180.0,1.0,710.0,700.0,720.0,0.0302793135848,0.0302793135848
-2.0,180.0,1.0,730.0,720.0,740.0,0.0302084344867,0.0302084344867
-2.0,180.0,1.0,750.0,740.0,760.0,0.0293070928263,0.0293070928263
-2.0,180.0,1.0,770.0,760.0,780.0,0.0286890299964,0.0286890299964
-2.0,180.0,2.0,390.0,380.0,400.0,0.00447639625465,0.00447639625465
-2.0,180.0,2.0,410.0,400.0,420.0,0.00842429631359,0.00842429631359
-2.0,180.0,2.0,430.0,420.0,440.0,0.00971600207431,0.00971600207431
-2.0,180.0,2.0,450.0,440.0,460.0,0.0138317375088,0.0138317375088
-2.0,180.0,2.0,470.0,460.0,480.0,0.0170483477225,0.0170483477225
-2.0,180.0,2.0,490.0,480.0,500.0,0.0192013669686,0.0192013669686
-2.0,180.0,2.0,510.0,500.0,520.0,0.0203827334306,0.0203827334306
-2.0,180.0,2.0,530.0,520.0,540.0,0.0211780592279,0.0211780592279
-2.0,180.0,2.0,550.0,540.0,560.0,0.0221454639551,0.0221454639551
-2.0,180.0,2.0,570.0,560.0,580.0,0.0209687823418,0.0209687823418
-2.0,180.0,2.0,590.0,580.0,600.0,0.0229321881707,0.0229321881707
-2.0,180.0,2.0,610.0,600.0,620.0,0.0225993579029,0.0225993579029
-2.0,180.0,2.0,630.0,620.0,640.0,0.0261521502067,0.0261521502067
-2.0,180.0,2.0,650.0,640.0,660.0,0.0288291811016,0.0288291811016
-2.0,180.0,2.0,670.0,660.0,680.0,0.0316757463842,0.0316757463842
-2.0,180.0,2.0,690.0,680.0,700.0,0.0326746159791,0.0326746159791
-2.0,180.0,2.0,710.0,700.0,720.0,0.0324326966563,0.0324326966563
-2.0,180.0,2.0,730.0,720.0,740.0,0.0316228540671,0.0316228540671
-2.0,180.0,2.0,750.0,740.0,760.0,0.030001889857,0.030001889857
-2.0,180.0,2.0,770.0,760.0,780.0,0.0287560827952,0.0287560827952
-2.0,180.0,3.0,390.0,380.0,400.0,0.00479088527596,0.00479088527596
-2.0,180.0,3.0,410.0,400.0,420.0,0.00928370832558,0.00928370832558
-2.0,180.0,3.0,430.0,420.0,440.0,0.0111247183557,0.0111247183557
-2.0,180.0,3.0,450.0,440.0,460.0,0.0163912238927,0.0163912238927
-2.0,180.0,3.0,470.0,460.0,480.0,0.0206129163442,0.0206129163442
-2.0,180.0,3.0,490.0,480.0,500.0,0.0232932971052,0.0232932971052
-2.0,180.0,3.0,510.0,500.0,520.0,0.0244691053028,0.0244691053028
-2.0,180.0,3.0,530.0,520.0,540.0,0.0249344224018,0.0249344224018
-2.0,180.0,3.0,550.0,540.0,560.0,0.0254884324494,0.0254884324494
-2.0,180.0,3.0,570.0,560.0,580.0,0.0235319113172,0.0235319113172
-2.0,180.0,3.0,590.0,580.0,600.0,0.0251486825514,0.0251486825514
-2.0,180.0,3.0,610.0,600.0,620.0,0.0242153155558,0.0242153155558
-2.0,180.0,3.0,630.0,620.0,640.0,0.0274413887188,0.0274413887188
-2.0,180.0,3.0,650.0,640.0,660.0,0.0296402938147,0.0296402938147
-2.0,180.0,3.0,670.0,660.0,680.0,0.0319351313245,0.0319351313245
-2.0,180.0,3.0,690.0,680.0,700.0,0.0323381861634,0.0323381861634
-2.0,180.0,3.0,710.0,700.0,720.0,0.0315478624588,0.0315478624588
-2.0,180.0,3.0,730.0,720.0,740.0,0.0302692037807,0.0302692037807
-2.0,180.0,3.0,750.0,740.0,760.0,0.0282948720107,0.0282948720107
-2.0,180.0,3.0,770.0,760.0,780.0,0.026746800165,0.026746800165
-2.0,180.0,5.0,390.0,380.0,400.0,0.00574184483143,0.00574184483143
-2.0,180.0,5.0,410.0,400.0,420.0,0.0117679212654,0.0117679212654
-2.0,180.0,5.0,430.0,420.0,440.0,0.0146393631189,0.0146393631189
-2.0,180.0,5.0,450.0,440.0,460.0,0.021717100366,0.021717100366
-2.0,180.0,5.0,470.0,460.0,480.0,0.0267733783026,0.0267733783026
-2.0,180.0,5.0,490.0,480.0,500.0,0.0291756633585,0.0291756633585
-2.0,180.0,5.0,510.0,500.0,520.0,0.0293414799329,0.0293414799329
-2.0,180.0,5.0,530.0,520.0,540.0,0.0285921502223,0.0285921502223
-2.0,180.0,5.0,550.0,540.0,560.0,0.028004317257,0.028004317257
-2.0,180.0,5.0,570.0,560.0,580.0,0.0248588480561,0.0248588480561
-2.0,180.0,5.0,590.0,580.0,600.0,0.0256131974598,0.0256131974598
-2.0,180.0,5.0,610.0,600.0,620.0,0.0238664637029,0.0238664637029
-2.0,180.0,5.0,630.0,620.0,640.0,0.0262055446858,0.0262055446858
-2.0,180.0,5.0,650.0,640.0,660.0,0.0274935771228,0.0274935771228
-2.0,180.0,5.0,670.0,660.0,680.0,0.0288494669412,0.0288494669412
-2.0,180.0,5.0,690.0,680.0,700.0,0.0285253941018,0.0285253941018
-2.0,180.0,5.0,710.0,700.0,720.0,0.0272370637964,0.0272370637964
-2.0,180.0,5.0,730.0,720.0,740.0,0.0256334981692,0.0256334981692
-2.0,180.0,5.0,750.0,740.0,760.0,0.0235549890559,0.0235549890559
-2.0,180.0,5.0,770.0,760.0,780.0,0.0219128323561,0.0219128323561
-2.0,180.0,8.0,390.0,380.0,400.0,0.00753790788119,0.00753790788119
-2.0,180.0,8.0,410.0,400.0,420.0,0.0155021093517,0.0155021093517
-2.0,180.0,8.0,430.0,420.0,440.0,0.0187253167903,0.0187253167903
-2.0,180.0,8.0,450.0,440.0,460.0,0.0264367689988,0.0264367689988
-2.0,180.0,8.0,470.0,460.0,480.0,0.0307949517484,0.0307949517484
-2.0,180.0,8.0,490.0,480.0,500.0,0.0317385205008,0.0317385205008
-2.0,180.0,8.0,510.0,500.0,520.0,0.030349955312,0.030349955312
-2.0,180.0,8.0,530.0,520.0,540.0,0.0283160523209,0.0283160523209
-2.0,180.0,8.0,550.0,540.0,560.0,0.0266711160104,0.0266711160104
-2.0,180.0,8.0,570.0,560.0,580.0,0.0229283544309,0.0229283544309
-2.0,180.0,8.0,590.0,580.0,600.0,0.0228788716502,0.0228788716502
-2.0,180.0,8.0,610.0,600.0,620.0,0.0207604811021,0.0207604811021
-2.0,180.0,8.0,630.0,620.0,640.0,0.022165501334,0.022165501334
-2.0,180.0,8.0,650.0,640.0,660.0,0.0226818471671,0.0226818471671
-2.0,180.0,8.0,670.0,660.0,680.0,0.0232890255749,0.0232890255749
-2.0,180.0,8.0,690.0,680.0,700.0,0.0225964526614,0.0225964526614
-2.0,180.0,8.0,710.0,700.0,720.0,0.0212228471233,0.0212228471233
-2.0,180.0,8.0,730.0,720.0,740.0,0.0196876419779,0.0196876419779
-2.0,180.0,8.0,750.0,740.0,760.0,0.0178705899151,0.0178705899151
-2.0,180.0,8.0,770.0,760.0,780.0,0.0164331269841,0.0164331269841
-2.0,180.0,12.0,390.0,380.0,400.0,0.00924324619178,0.00924324619178
-2.0,180.0,12.0,410.0,400.0,420.0,0.0180900849227,0.0180900849227
-2.0,180.0,12.0,430.0,420.0,440.0,0.0206141624295,0.0206141624295
-2.0,180.0,12.0,450.0,440.0,460.0,0.0274721482726,0.0274721482726
-2.0,180.0,12.0,470.0,460.0,480.0,0.030369194987,0.030369194987
-2.0,180.0,12.0,490.0,480.0,500.0,0.029916875379,0.029916875379
-2.0,180.0,12.0,510.0,500.0,520.0,0.0275568558187,0.0275568558187
-2.0,180.0,12.0,530.0,520.0,540.0,0.0249461900629,0.0249461900629
-2.0,180.0,12.0,550.0,540.0,560.0,0.0228762125938,0.0228762125938
-2.0,180.0,12.0,570.0,560.0,580.0,0.0192663656322,0.0192663656322
-2.0,180.0,12.0,590.0,580.0,600.0,0.018801880729,0.018801880729
-2.0,180.0,12.0,610.0,600.0,620.0,0.0167650636339,0.0167650636339
-2.0,180.0,12.0,630.0,620.0,640.0,0.0175450368857,0.0175450368857
-2.0,180.0,12.0,650.0,640.0,660.0,0.0176430484558,0.0176430484558
-2.0,180.0,12.0,670.0,660.0,680.0,0.0178493901668,0.0178493901668
-2.0,180.0,12.0,690.0,680.0,700.0,0.0171022313793,0.0171022313793
-2.0,180.0,12.0,710.0,700.0,720.0,0.015890620821,0.015890620821
-2.0,180.0,12.0,730.0,720.0,740.0,0.0146057127298,0.0146057127298
-2.0,180.0,12.0,750.0,740.0,760.0,0.0131566240162,0.0131566240162
-2.0,180.0,12.0,770.0,760.0,780.0,0.0120104581921,0.0120104581921
-2.0,180.0,20.0,390.0,380.0,400.0,0.00996053218215,0.00996053218215
-2.0,180.0,20.0,410.0,400.0,420.0,0.0180225199399,0.0180225199399
-2.0,180.0,20.0,430.0,420.0,440.0,0.019112240917,0.019112240917
-2.0,180.0,20.0,450.0,440.0,460.0,0.0239303654253,0.0239303654253
-2.0,180.0,20.0,470.0,460.0,480.0,0.0251012318565,0.0251012318565
-2.0,180.0,20.0,490.0,480.0,500.0,0.0236814843857,0.0236814843857
-2.0,180.0,20.0,510.0,500.0,520.0,0.0210723657178,0.0210723657178
-2.0,180.0,20.0,530.0,520.0,540.0,0.0185680340211,0.0185680340211
-2.0,180.0,20.0,550.0,540.0,560.0,0.016624989441,0.016624989441
-2.0,180.0,20.0,570.0,560.0,580.0,0.0137566652556,0.0137566652556
-2.0,180.0,20.0,590.0,580.0,600.0,0.013157043013,0.013157043013
-2.0,180.0,20.0,610.0,600.0,620.0,0.0115520602138,0.0115520602138
-2.0,180.0,20.0,630.0,620.0,640.0,0.0118681534551,0.0118681534551
-2.0,180.0,20.0,650.0,640.0,660.0,0.0117460323507,0.0117460323507
-2.0,180.0,20.0,670.0,660.0,680.0,0.011726650313,0.011726650313
-2.0,180.0,20.0,690.0,680.0,700.0,0.0111112295914,0.0111112295914
-2.0,180.0,20.0,710.0,700.0,720.0,0.0102269770731,0.0102269770731
-2.0,180.0,20.0,730.0,720.0,740.0,0.00932493420304,0.00932493420304
-2.0,180.0,20.0,750.0,740.0,760.0,0.00834484121126,0.00834484121126
-2.0,180.0,20.0,770.0,760.0,780.0,0.00757030045542,0.00757030045542
-2.0,180.0,30.0,390.0,380.0,400.0,0.00899300381217,0.00899300381217
-2.0,180.0,30.0,410.0,400.0,420.0,0.0154403897342,0.0154403897342
-2.0,180.0,30.0,430.0,420.0,440.0,0.0156622349662,0.0156622349662
-2.0,180.0,30.0,450.0,440.0,460.0,0.0189017135121,0.0189017135121
-2.0,180.0,30.0,470.0,460.0,480.0,0.0192380132741,0.0192380132741
-2.0,180.0,30.0,490.0,480.0,500.0,0.0177128977679,0.0177128977679
-2.0,180.0,30.0,510.0,500.0,520.0,0.015461057836,0.015461057836
-2.0,180.0,30.0,530.0,520.0,540.0,0.0134227250448,0.0134227250448
-2.0,180.0,30.0,550.0,540.0,560.0,0.0118614704602,0.0118614704602
-2.0,180.0,30.0,570.0,560.0,580.0,0.00972177511079,0.00972177511079
-2.0,180.0,30.0,590.0,580.0,600.0,0.00919553636572,0.00919553636572
-2.0,180.0,30.0,610.0,600.0,620.0,0.00800629898446,0.00800629898446
-2.0,180.0,30.0,630.0,620.0,640.0,0.00814202552987,0.00814202552987
-2.0,180.0,30.0,650.0,640.0,660.0,0.00798839256215,0.00798839256215
-2.0,180.0,30.0,670.0,660.0,680.0,0.00791792151022,0.00791792151022
-2.0,180.0,30.0,690.0,680.0,700.0,0.00745740802495,0.00745740802495
-2.0,180.0,30.0,710.0,700.0,720.0,0.00682925539722,0.00682925539722
-2.0,180.0,30.0,730.0,720.0,740.0,0.00620035154501,0.00620035154501
-2.0,180.0,30.0,750.0,740.0,760.0,0.00552947161225,0.00552947161225
-2.0,180.0,30.0,770.0,760.0,780.0,0.00499976400898,0.00499976400898
-2.0,180.0,45.0,390.0,380.0,400.0,0.00704883701014,0.00704883701014
-2.0,180.0,45.0,410.0,400.0,420.0,0.0116076665999,0.0116076665999
-2.0,180.0,45.0,430.0,420.0,440.0,0.011377170212,0.011377170212
-2.0,180.0,45.0,450.0,440.0,460.0,0.0133535502029,0.0133535502029
-2.0,180.0,45.0,470.0,460.0,480.0,0.0132905814441,0.0132905814441
-2.0,180.0,45.0,490.0,480.0,500.0,0.0120215416057,0.0120215416057
-2.0,180.0,45.0,510.0,500.0,520.0,0.0103502924442,0.0103502924442
-2.0,180.0,45.0,530.0,520.0,540.0,0.0088937737315,0.0088937737315
-2.0,180.0,45.0,550.0,540.0,560.0,0.00778956022155,0.00778956022155
-2.0,180.0,45.0,570.0,560.0,580.0,0.00634529071773,0.00634529071773
-2.0,180.0,45.0,590.0,580.0,600.0,0.00595809714323,0.00595809714323
-2.0,180.0,45.0,610.0,600.0,620.0,0.0051604166155,0.0051604166155
-2.0,180.0,45.0,630.0,620.0,640.0,0.00521334718574,0.00521334718574
-2.0,180.0,45.0,650.0,640.0,660.0,0.00508706946892,0.00508706946892
-2.0,180.0,45.0,670.0,660.0,680.0,0.00502040595583,0.00502040595583
-2.0,180.0,45.0,690.0,680.0,700.0,0.00471223500533,0.00471223500533
-2.0,180.0,45.0,710.0,700.0,720.0,0.00430359672236,0.00430359672236
-2.0,180.0,45.0,730.0,720.0,740.0,0.0038989568945,0.0038989568945
-2.0,180.0,45.0,750.0,740.0,760.0,0.00347174384122,0.00347174384122
-2.0,180.0,45.0,770.0,760.0,780.0,0.0031346962898,0.0031346962898
-2.0,180.0,60.0,390.0,380.0,400.0,0.00571877698905,0.00571877698905
-2.0,180.0,60.0,410.0,400.0,420.0,0.00919395780682,0.00919395780682
-2.0,180.0,60.0,430.0,420.0,440.0,0.00883219912014,0.00883219912014
-2.0,180.0,60.0,450.0,440.0,460.0,0.0101961802446,0.0101961802446
-2.0,180.0,60.0,470.0,460.0,480.0,0.0100119939166,0.0100119939166
-2.0,180.0,60.0,490.0,480.0,500.0,0.0089581948699,0.0089581948699
-2.0,180.0,60.0,510.0,500.0,520.0,0.0076474430652,0.0076474430652
-2.0,180.0,60.0,530.0,520.0,540.0,0.00652884016036,0.00652884016036
-2.0,180.0,60.0,550.0,540.0,560.0,0.00568744619977,0.00568744619977
-2.0,180.0,60.0,570.0,560.0,580.0,0.00461556594963,0.00461556594963
-2.0,180.0,60.0,590.0,580.0,600.0,0.00431684017006,0.00431684017006
-2.0,180.0,60.0,610.0,600.0,620.0,0.00372875727933,0.00372875727933
-2.0,180.0,60.0,630.0,620.0,640.0,0.0037552696213,0.0037552696213
-2.0,180.0,60.0,650.0,640.0,660.0,0.00365553897511,0.00365553897511
-2.0,180.0,60.0,670.0,660.0,680.0,0.00360155633003,0.00360155633003
-2.0,180.0,60.0,690.0,680.0,700.0,0.00337674638719,0.00337674638719
-2.0,180.0,60.0,710.0,700.0,720.0,0.00308197866498,0.00308197866498
-2.0,180.0,60.0,730.0,720.0,740.0,0.00279156896863,0.00279156896863
-2.0,180.0,60.0,750.0,740.0,760.0,0.00248612375619,0.00248612375619
-2.0,180.0,60.0,770.0,760.0,780.0,0.00224546230855,0.00224546230855
-2.0,180.0,90.0,390.0,380.0,400.0,0.00460580036038,0.00460580036038
-2.0,180.0,90.0,410.0,400.0,420.0,0.00726885353807,0.00726885353807
-2.0,180.0,90.0,430.0,420.0,440.0,0.00688065913281,0.00688065913281
-2.0,180.0,90.0,450.0,440.0,460.0,0.00785537433377,0.00785537433377
-2.0,180.0,90.0,470.0,460.0,480.0,0.00765362126562,0.00765362126562
-2.0,180.0,90.0,490.0,480.0,500.0,0.00681588203633,0.00681588203633
-2.0,180.0,90.0,510.0,500.0,520.0,0.00580828248578,0.00580828248578
-2.0,180.0,90.0,530.0,520.0,540.0,0.00496322360475,0.00496322360475
-2.0,180.0,90.0,550.0,540.0,560.0,0.00433354899639,0.00433354899639
-2.0,180.0,90.0,570.0,560.0,580.0,0.00353326353661,0.00353326353661
-2.0,180.0,90.0,590.0,580.0,600.0,0.00331876602425,0.00331876602425
-2.0,180.0,90.0,610.0,600.0,620.0,0.00288425947737,0.00288425947737
-2.0,180.0,90.0,630.0,620.0,640.0,0.00292047531666,0.00292047531666
-2.0,180.0,90.0,650.0,640.0,660.0,0.00286117083858,0.00286117083858
-2.0,180.0,90.0,670.0,660.0,680.0,0.00283993494752,0.00283993494752
-2.0,180.0,90.0,690.0,680.0,700.0,0.00268472676085,0.00268472676085
-2.0,180.0,90.0,710.0,700.0,720.0,0.0024722580895,0.0024722580895
-2.0,180.0,90.0,730.0,720.0,740.0,0.00226045126734,0.00226045126734
-2.0,180.0,90.0,750.0,740.0,760.0,0.00203312649973,0.00203312649973
-2.0,180.0,90.0,770.0,760.0,780.0,0.00185451834431,0.00185451834431
0.0,0.0,0.0,390.0,380.0,400.0,0.00242887092301,0.00242887092301
0.0,0.0,0.0,410.0,400.0,420.0,0.00467752907454,0.00467752907454
0.0,0.0,0.0,430.0,420.0,440.0,0.0056043951673,0.0056043951673
0.0,0.0,0.0,450.0,440.0,460.0,0.00869205152322,0.00869205152322
0.0,0.0,0.0,470.0,460.0,480.0,0.0124904613321,0.0124904613321
0.0,0.0,0.0,490.0,480.0,500.0,0.0173195808606,0.0173195808606
0.0,0.0,0.0,510.0,500.0,520.0,0.0232160437482,0.0232160437482
0.0,0.0,0.0,530.0,520.0,540.0,0.0305412063285,0.0305412063285
0.0,0.0,0.0,550.0,540.0,560.0,0.0398951128867,0.0398951128867
0.0,0.0,0.0,570.0,560.0,580.0,0.0464914588099,0.0464914588099
0.0,0.0,0.0,590.0,580.0,600.0,0.0609570817987,0.0609570817987
0.0,0.0,0.0,610.0,600.0,620.0,0.0709395956826,0.0709395956826
0.0,0.0,0.0,630.0,620.0,640.0,0.094503135258,0.094503135258
0.0,0.0,0.0,650.0,640.0,660.0,0.118172998472,0.118172998472
0.0,0.0,0.0,670.0,660.0,680.0,0.145655471035,0.145655471035
0.0,0.0,0.0,690.0,680.0,700.0,0.166917261868,0.166917261868
0.0,0.0,0.0,710.0,700.0,720.0,0.182482653574,0.182482653574
0.0,0.0,0.0,730.0,720.0,740.0,0.194474440817,0.194474440817
0.0,0.0,0.0,750.0,740.0,760.0,0.200436655144,0.200436655144
0.0,0.0,0.0,770.0,760.0,780.0,0.206920608644,0.206920608644
0.0,0.0,0.5,390.0,380.0,400.0,0.00244960647208,0.00244960647208
0.0,0.0,0.5,410.0,400.0,420.0,0.00476827478927,0.00476827478927
0.0,0.0,0.5,430.0,420.0,440.0,0.00584034055682,0.00584034055682
0.0,0.0,0.5,450.0,440.0,460.0,0.00939047773224,0.00939047773224
0.0,0.0,0.5,470.0,460.0,480.0,0.0140453816356,0.0140453816356
0.0,0.0,0.5,490.0,480.0,500.0,0.0200677480409,0.0200677480409
0.0,0.0,0.5,510.0,500.0,520.0,0.0272897328383,0.0272897328383
0.0,0.0,0.5,530.0,520.0,540.0,0.0359310434127,0.0359310434127
0.0,0.0,0.5,550.0,540.0,560.0,0.0465496027483,0.0465496027483
0.0,0.0,0.5,570.0,560.0,580.0,0.0534787064114,0.0534787064114
0.0,0.0,0.5,590.0,580.0,600.0,0.0689603666517,0.0689603666517
0.0,0.0,0.5,610.0,600.0,620.0,0.0787614609863,0.0787614609863
0.0,0.0,0.5,630.0,620.0,640.0,0.1029929466,0.1029929466
0.0,0.0,0.5,650.0,640.0,660.0,0.126373891403,0.126373891403
0.0,0.0,0.5,670.0,660.0,680.0,0.152820125551,0.152820125551
0.0,0.0,0.5,690.0,680.0,700.0,0.171844946458,0.171844946458
0.0,0.0,0.5,710.0,700.0,720.0,0.184413075593,0.184413075593
0.0,0.0,0.5,730.0,720.0,740.0,0.193008163944,0.193008163944
0.0,0.0,0.5,750.0,740.0,760.0,0.19545751824,0.19545751824
0.0,0.0,0.5,770.0,760.0,780.0,0.198420938769,0.198420938769
0.0,0.0,1.0,390.0,380.0,400.0,0.00251787330982,0.00251787330982
0.0,0.0,1.0,410.0,400.0,420.0,0.00495892773442,0.00495892773442
0.0,0.0,1.0,430.0,420.0,440.0,0.00623234390672,0.00623234390672
0.0,0.0,1.0,450.0,440.0,460.0,0.0103872877376,0.0103872877376
0.0,0.0,1.0,470.0,460.0,480.0,0.0159996010421,0.0159996010421
0.0,0.0,1.0,490.0,480.0,500.0,0.023129415803,0.023129415803
0.0,0.0,1.0,510.0,500.0,520.0,0.0313120992843,0.0313120992843
0.0,0.0,1.0,530.0,520.0,540.0,0.040621831086,0.040621831086
0.0,0.0,1.0,550.0,540.0,560.0,0.0516047379632,0.0516047379632
0.0,0.0,1.0,570.0,560.0,580.0,0.0580012887039,0.0580012887039
0.0,0.0,1.0,590.0,580.0,600.0,0.0732255881626,0.0732255881626
0.0,0.0,1.0,610.0,600.0,620.0,0.0818959312451,0.0818959312451
0.0,0.0,1.0,630.0,620.0,640.0,0.105070502819,0.105070502819
0.0,0.0,1.0,650.0,640.0,660.0,0.126609953977,0.126609953977
0.0,0.0,1.0,670.0,660.0,680.0,0.150489738035,0.150489738035
0.0,0.0,1.0,690.0,680.0,700.0,0.166488868639,0.166488868639
0.0,0.0,1.0,710.0,700.0,720.0,0.175941626075,0.175941626075
0.0,0.0,1.0,730.0,720.0,740.0,0.181499386272,0.181499386272
0.0,0.0,1.0,750.0,740.0,760.0,0.181313420998,0.181313420998
0.0,0.0,1.0,770.0,760.0,780.0,0.181745367309,0.181745367309
0.0,0.0,2.0,390.0,380.0,400.0,0.00269399411209,0.00269399411209
0.0,0.0,2.0,410.0,400.0,420.0,0.00550219232913,0.00550219232913
0.0,0.0,2.0,430.0,420.0,440.0,0.00732793705751,0.00732793705751
0.0,0.0,2.0,450.0,440.0,460.0,0.0128570548095,0.0128570548095
0.0,0.0,2.0,470.0,460.0,480.0,0.0201373920442,0.0201373920442
0.0,0.0,2.0,490.0,480.0,500.0,0.0286052960808,0.0286052960808
0.0,0.0,2.0,510.0,500.0,520.0,0.0373115231222,0.0373115231222
0.0,0.0,2.0,530.0,520.0,540.0,0.0462819280978,0.0462819280978
0.0,0.0,2.0,550.0,540.0,560.0,0.0562226583439,0.0562226583439
0.0,0.0,2.0,570.0,560.0,580.0,0.0605237135367,0.0605237135367
0.0,0.0,2.0,590.0,580.0,600.0,0.073587088859,0.073587088859
0.0,0.0,2.0,610.0,600.0,620.0,0.0794794100323,0.0794794100323
0.0,0.0,2.0,630.0,620.0,640.0,0.0989774646482,0.0989774646482
0.0,0.0,2.0,650.0,640.0,660.0,0.116078234009,0.116078234009
0.0,0.0,2.0,670.0,660.0,680.0,0.134576579912,0.134576579912
0.0,0.0,2.0,690.0,680.0,700.0,0.145518912481,0.145518912481
0.0,0.0,2.0,710.0,700.0,720.0,0.150586846238,0.150586846238
0.0,0.0,2.0,730.0,720.0,740.0,0.152374165789,0.152374165789
0.0,0.0,2.0,750.0,740.0,760.0,0.149524480724,0.149524480724
0.0,0.0,2.0,770.0,760.0,780.0,0.147464149726,0.147464149726
0.0,0.0,3.0,390.0,380.0,400.0,0.00294283764318,0.00294283764318
0.0,0.0,3.0,410.0,400.0,420.0,0.0062938809767,0.0062938809767
0.0,0.0,3.0,430.0,420.0,440.0,0.00873615402244,0.00873615402244
0.0,0.0,3.0,450.0,440.0,460.0,0.0154824046283,0.0154824046283
0.0,0.0,3.0,470.0,460.0,480.0,0.0237020075049,0.0237020075049
0.0,0.0,3.0,490.0,480.0,500.0,0.0323365944212,0.0323365944212
0.0,0.0,3.0,510.0,500.0,520.0,0.0403244871961,0.0403244871961
0.0,0.0,3.0,530.0,520.0,540.0,0.0479073678287,0.0479073678287
0.0,0.0,3.0,550.0,540.0,560.0,0.056032623873,0.056032623873
0.0,0.0,3.0,570.0,560.0,580.0,0.0583155369485,0.0583155369485
0.0,0.0,3.0,590.0,580.0,600.0,0.068977877074,0.068977877074
0.0,0.0,3.0,610.0,600.0,620.0,0.0727028214427,0.0727028214427
0.0,0.0,3.0,630.0,620.0,640.0,0.0887582641561,0.0887582641561
0.0,0.0,3.0,650.0,640.0,660.0,0.102284059303,0.102284059303
0.0,0.0,3.0,670.0,660.0,680.0,0.11673282957,0.11673282957
0.0,0.0,3.0,690.0,680.0,700.0,0.124452716903,0.124452716903
0.0,0.0,3.0,710.0,700.0,720.0,0.12715736007,0.12715736007
0.0,0.0,3.0,730.0,720.0,740.0,0.127193646938,0.127193646938
0.0,0.0,3.0,750.0,740.0,760.0,0.123510945546,0.123510945546
0.0,0.0,3.0,770.0,760.0,780.0,0.120669497766,0.120669497766
0.0,0.0,5.0,390.0,380.0,400.0,0.00370740844933,0.00370740844933
0.0,0.0,5.0,410.0,400.0,420.0,0.00833394537139,0.00833394537139
0.0,0.0,5.0,430.0,420.0,440.0,0.0115911089287,0.0115911089287
0.0,0.0,5.0,450.0,440.0,460.0,0.0195902282616,0.0195902282616
0.0,0.0,5.0,470.0,460.0,480.0,0.0278516400962,0.0278516400962
0.0,0.0,5.0,490.0,480.0,500.0,0.0351180516843,0.0351180516843
0.0,0.0,5.0,510.0,500.0,520.0,0.0407216322015,0.0407216322015
0.0,0.0,5.0,530.0,520.0,540.0,0.045415901678,0.045415901678
0.0,0.0,5.0,550.0,540.0,560.0,0.050426367984,0.050426367984
0.0,0.0,5.0,570.0,560.0,580.0,0.050207499087,0.050207499087
0.0,0.0,5.0,590.0,580.0,600.0,0.0573726217704,0.0573726217704
0.0,0.0,5.0,610.0,600.0,620.0,0.0586969817206,0.0586969817206
0.0,0.0,5.0,630.0,620.0,640.0,0.0700062652663,0.0700062652663
0.0,0.0,5.0,650.0,640.0,660.0,0.0790654035996,0.0790654035996
0.0,0.0,5.0,670.0,660.0,680.0,0.0886465369084,0.0886465369084
0.0,0.0,5.0,690.0,680.0,700.0,0.0930378234564,0.0930378234564
0.0,0.0,5.0,710.0,700.0,720.0,0.0937450123881,0.0937450123881
0.0,0.0,5.0,730.0,720.0,740.0,0.0926138796974,0.0926138796974
0.0,0.0,5.0,750.0,740.0,760.0,0.0889301972087,0.0889301972087
0.0,0.0,5.0,770.0,760.0,780.0,0.0860295956328,0.0860295956328
0.0,0.0,8.0,390.0,380.0,400.0,0.00496584527197,0.00496584527197
0.0,0.0,8.0,410.0,400.0,420.0,0.0108394429202,0.0108394429202
0.0,0.0,8.0,430.0,420.0,440.0,0.0141018596623,0.0141018596623
0.0,0.0,8.0,450.0,440.0,460.0,0.0218820199356,0.0218820199356
0.0,0.0,8.0,470.0,460.0,480.0,0.0285269389075,0.0285269389075
0.0,0.0,8.0,490.0,480.0,500.0,0.0332669156391,0.0332669156391
0.0,0.0,8.0,510.0,500.0,520.0,0.03609842509,0.03609842509
0.0,0.0,8.0,530.0,520.0,540.0,0.0381115568144,0.0381115568144
0.0,0.0,8.0,550.0,540.0,560.0,0.040517227592,0.040517227592
0.0,0.0,8.0,570.0,560.0,580.0,0.0389233942759,0.0389233942759
0.0,0.0,8.0,590.0,580.0,600.0,0.0432922366829,0.0432922366829
0.0,0.0,8.0,610.0,600.0,620.0,0.0432987457723,0.0432987457723
0.0,0.0,8.0,630.0,620.0,640.0,0.0507596397268,0.0507596397268
0.0,0.0,8.0,650.0,640.0,660.0,0.056504193151,0.056504193151
0.0,0.0,8.0,670.0,660.0,680.0,0.0625659595723,0.0625659595723
0.0,0.0,8.0,690.0,680.0,700.0,0.0649598402874,0.0649598402874
0.0,0.0,8.0,710.0,700.0,720.0,0.0648408477837,0.0648408477837
0.0,0.0,8.0,730.0,720.0,740.0,0.0635327599385,0.0635327599385
0.0,0.0,8.0,750.0,740.0,760.0,0.0605611663739,0.0605611663739
0.0,0.0,8.0,770.0,760.0,780.0,0.0582166563606,0.0582166563606
0.0,0.0,12.0,390.0,380.0,400.0,0.00595348630804,0.00595348630804
0.0,0.0,12.0,410.0,400.0,420.0,0.0121363157672,0.0121363157672
0.0,0.0,12.0,430.0,420.0,440.0,0.0146350830651,0.0146350830651
0.0,0.0,12.0,450.0,440.0,460.0,0.0210606540288,0.0210606540288
0.0,0.0,12.0,470.0,460.0,480.0,0.0256252288177,0.0256252288177
0.0,0.0,12.0,490.0,480.0,500.0,0.0281517645065,0.0281517645065
0.0,0.0,12.0,510.0,500.0,520.0,0.0290642810151,0.0290642810151
0.0,0.0,12.0,530.0,520.0,540.0,0.0294634552151,0.0294634552151
0.0,0.0,12.0,550.0,540.0,560.0,0.0303449700333,0.0303449700333
0.0,0.0,12.0,570.0,560.0,580.0,0.0284127793676,0.0284127793676
0.0,0.0,12.0,590.0,580.0,600.0,0.0310107352613,0.0310107352613
0.0,0.0,12.0,610.0,600.0,620.0,0.0305404723865,0.0305404723865
0.0,0.0,12.0,630.0,620.0,640.0,0.0354028054476,0.0354028054476
0.0,0.0,12.0,650.0,640.0,660.0,0.0390518374623,0.0390518374623
0.0,0.0,12.0,670.0,660.0,680.0,0.0429140748225,0.0429140748225
0.0,0.0,12.0,690.0,680.0,700.0,0.0442736196414,0.0442736196414
0.0,0.0,12.0,710.0,700.0,720.0,0.0439568425644,0.0439568425644
0.0,0.0,12.0,730.0,720.0,740.0,0.042875855524,0.042875855524
0.0,0.0,12.0,750.0,740.0,760.0,0.0407122689868,0.0407122689868
0.0,0.0,12.0,770.0,760.0,780.0,0.0390115973584,0.0390115973584
0.0,0.0,20.0,390.0,380.0,400.0,0.00612970741005,0.00612970741005
0.0,0.0,20.0,410.0,400.0,420.0,0.0114393499697,0.0114393499697
0.0,0.0,20.0,430.0,420.0,440.0,0.0126744536029,0.0126744536029
0.0,0.0,20.0,450.0,440.0,460.0,0.016837581043,0.016837581043
0.0,0.0,20.0,470.0,460.0,480.0,0.0190369720857,0.0190369720857
0.0,0.0,20.0,490.0,480.0,500.0,0.0195937635535,0.0195937635535
0.0,0.0,20.0,510.0,500.0,520.0,0.0191229208102,0.0191229208102
0.0,0.0,20.0,530.0,520.0,540.0,0.0184911262793,0.0184911262793
0.0,0.0,20.0,550.0,540.0,560.0,0.0183442607361,0.0183442607361
0.0,0.0,20.0,570.0,560.0,580.0,0.0166595569456,0.0166595569456
0.0,0.0,20.0,590.0,580.0,600.0,0.0177887785395,0.0177887785395
0.0,0.0,20.0,610.0,600.0,620.0,0.0172136634248,0.0172136634248
0.0,0.0,20.0,630.0,620.0,640.0,0.0197192652997,0.0197192652997
0.0,0.0,20.0,650.0,640.0,660.0,0.0215559037324,0.0215559037324
0.0,0.0,20.0,670.0,660.0,680.0,0.0235207526379,0.0235207526379
0.0,0.0,20.0,690.0,680.0,700.0,0.0241332252577,0.0241332252577
0.0,0.0,20.0,710.0,700.0,720.0,0.0238603977354,0.0238603977354
0.0,0.0,20.0,730.0,720.0,740.0,0.0232005739666,0.0232005739666
0.0,0.0,20.0,750.0,740.0,760.0,0.0219778879944,0.0219778879944
0.0,0.0,20.0,770.0,760.0,780.0,0.0210286572866,0.0210286572866
0.0,0.0,30.0,390.0,380.0,400.0,0.00535753532361,0.00535753532361
0.0,0.0,30.0,410.0,400.0,420.0,0.00945586707774,0.00945586707774
0.0,0.0,30.0,430.0,420.0,440.0,0.00994485240975,0.00994485240975
0.0,0.0,30.0,450.0,440.0,460.0,0.012562088232,0.012562088232
0.0,0.0,30.0,470.0,460.0,480.0,0.01352222167,0.01352222167
0.0,0.0,30.0,490.0,480.0,500.0,0.0132756366329,0.0132756366329
0.0,0.0,30.0,510.0,500.0,520.0,0.0123943087555,0.0123943087555
0.0,0.0,30.0,530.0,520.0,540.0,0.0115089108927,0.0115089108927
0.0,0.0,30.0,550.0,540.0,560.0,0.0110305829593,0.0110305829593
0.0,0.0,30.0,570.0,560.0,580.0,0.00972148386197,0.00972148386197
0.0,0.0,30.0,590.0,580.0,600.0,0.0101516467373,0.0101516467373
0.0,0.0,30.0,610.0,600.0,620.0,0.00964249234229,0.00964249234229
0.0,0.0,30.0,630.0,620.0,640.0,0.0109095835571,0.0109095835571
0.0,0.0,30.0,650.0,640.0,660.0,0.0118127542151,0.0118127542151
0.0,0.0,30.0,670.0,660.0,680.0,0.0127942933668,0.0127942933668
0.0,0.0,30.0,690.0,680.0,700.0,0.0130535605575,0.0130535605575
0.0,0.0,30.0,710.0,700.0,720.0,0.0128524753622,0.0128524753622
0.0,0.0,30.0,730.0,720.0,740.0,0.0124606371807,0.0124606371807
0.0,0.0,30.0,750.0,740.0,760.0,0.0117805472454,0.0117805472454
0.0,0.0,30.0,770.0,760.0,780.0,0.0112619791245,0.0112619791245
0.0,0.0,45.0,390.0,380.0,400.0,0.00413797627723,0.00413797627723
0.0,0.0,45.0,410.0,400.0,420.0,0.00699843178272,0.00699843178272
0.0,0.0,45.0,430.0,420.0,440.0,0.00707724374867,0.00707724374867
0.0,0.0,45.0,450.0,440.0,460.0,0.00860374657714,0.00860374657714
0.0,0.0,45.0,470.0,460.0,480.0,0.00890812374954,0.00890812374954
0.0,0.0,45.0,490.0,480.0,500.0,0.00840313656646,0.00840313656646
0.0,0.0,45.0,510.0,500.0,520.0,0.00753154612179,0.00753154612179
0.0,0.0,45.0,530.0,520.0,540.0,0.0067130198678,0.0067130198678
0.0,0.0,45.0,550.0,540.0,560.0,0.00619116880567,0.00619116880567
0.0,0.0,45.0,570.0,560.0,580.0,0.00525901654505,0.00525901654505
0.0,0.0,45.0,590.0,580.0,600.0,0.00532756964258,0.00532756964258
0.0,0.0,45.0,610.0,600.0,620.0,0.00492254050871,0.00492254050871
0.0,0.0,45.0,630.0,620.0,640.0,0.00545547701353,0.00545547701353
0.0,0.0,45.0,650.0,640.0,660.0,0.00580533593124,0.00580533593124
0.0,0.0,45.0,670.0,660.0,680.0,0.00619496425178,0.00619496425178
0.0,0.0,45.0,690.0,680.0,700.0,0.0062416694353,0.0062416694353
0.0,0.0,45.0,710.0,700.0,720.0,0.00608165151047,0.00608165151047
0.0,0.0,45.0,730.0,720.0,740.0,0.00584590207188,0.00584590207188
0.0,0.0,45.0,750.0,740.0,760.0,0.00548788994711,0.00548788994711
0.0,0.0,45.0,770.0,760.0,780.0,0.00521938257692,0.00521938257692
0.0,0.0,60.0,390.0,380.0,400.0,0.00324539099335,0.00324539099335
0.0,0.0,60.0,410.0,400.0,420.0,0.00535814281986,0.00535814281986
0.0,0.0,60.0,430.0,420.0,440.0,0.00530365694232,0.00530365694232
0.0,0.0,60.0,450.0,440.0,460.0,0.00631839955376,0.00631839955376
0.0,0.0,60.0,470.0,460.0,480.0,0.00641106714285,0.00641106714285
0.0,0.0,60.0,490.0,480.0,500.0,0.00592199037843,0.00592199037843
0.0,0.0,60.0,510.0,500.0,520.0,0.00519066629403,0.00519066629403
0.0,0.0,60.0,530.0,520.0,540.0,0.00451797033076,0.00451797033076
0.0,0.0,60.0,550.0,540.0,560.0,0.00406868231715,0.00406868231715
0.0,0.0,60.0,570.0,560.0,580.0,0.00337141681379,0.00337141681379
0.0,0.0,60.0,590.0,580.0,600.0,0.00334092947597,0.00334092947597
0.0,0.0,60.0,610.0,600.0,620.0,0.00302002957298,0.00302002957298
0.0,0.0,60.0,630.0,620.0,640.0,0.003287550993,0.003287550993
0.0,0.0,60.0,650.0,640.0,660.0,0.00344113715279,0.00344113715279
0.0,0.0,60.0,670.0,660.0,680.0,0.00361590190419,0.00361590190419
0.0,0.0,60.0,690.0,680.0,700.0,0.00359156358841,0.00359156358841
0.0,0.0,60.0,710.0,700.0,720.0,0.00345409678681,0.00345409678681
0.0,0.0,60.0,730.0,720.0,740.0,0.00328108347594,0.00328108347594
0.0,0.0,60.0,750.0,740.0,760.0,0.00304693583232,0.00304693583232
0.0,0.0,60.0,770.0,760.0,780.0,0.00287128256674,0.00287128256674
0.0,0.0,90.0,390.0,380.0,400.0,0.00251899249949,0.00251899249949
0.0,0.0,90.0,410.0,400.0,420.0,0.00407731608384,0.00407731608384
0.0,0.0,90.0,430.0,420.0,440.0,0.00396662522383,0.00396662522383
0.0,0.0,90.0,450.0,440.0,460.0,0.00465082116409,0.00465082116409
0.0,0.0,90.0,470.0,460.0,480.0,0.00464614197712,0.00464614197712
0.0,0.0,90.0,490.0,480.0,500.0,0.00422320388584,0.00422320388584
0.0,0.0,90.0,510.0,500.0,520.0,0.00363785408344,0.00363785408344
0.0,0.0,90.0,530.0,520.0,540.0,0.00310615438113,0.00310615438113
0.0,0.0,90.0,550.0,540.0,560.0,0.0027411474413,0.0027411474413
0.0,0.0,90.0,570.0,560.0,580.0,0.00222080865156,0.00222080865156
0.0,0.0,90.0,590.0,580.0,600.0,0.00215381741628,0.00215381741628
0.0,0.0,90.0,610.0,600.0,620.0,0.00190246251836,0.00190246251836
0.0,0.0,90.0,630.0,620.0,640.0,0.00202856126765,0.00202856126765
0.0,0.0,90.0,650.0,640.0,660.0,0.00207990330696,0.00207990330696
0.0,0.0,90.0,670.0,660.0,680.0,0.00214034475133,0.00214034475133
0.0,0.0,90.0,690.0,680.0,700.0,0.00208190757584,0.00208190757584
0.0,0.0,90.0,710.0,700.0,720.0,0.00196108007486,0.00196108007486
0.0,0.0,90.0,730.0,720.0,740.0,0.00182514547392,0.00182514547392
0.0,0.0,90.0,750.0,740.0,760.0,0.00166093671012,0.00166093671012
0.0,0.0,90.0,770.0,760.0,780.0,0.00153579128393,0.00153579128393
0.0,90.0,0.0,390.0,380.0,400.0,0.00194417533358,0.00194417533358
0.0,90.0,0.0,410.0,400.0,420.0,0.00351296693179,0.00351296693179
0.0,90.0,0.0,430.0,420.0,440.0,0.00378196571459,0.00378196571459
0.0,90.0,0.0,450.0,440.0,460.0,0.00487924735414,0.00487924735414
0.0,90.0,0.0,470.0,460.0,480.0,0.00536239855362,0.00536239855362
0.0,90.0,0.0,490.0,480.0,500.0,0.00539194450875,0.00539194450875
0.0,90.0,0.0,510.0,500.0,520.0,0.00518864054139,0.00518864054139
0.0,90.0,0.0,530.0,520.0,540.0,0.00501790923069,0.00501790923069
0.0,90.0,0.0,550.0,540.0,560.0,0.00510767525741,0.00510767525741
0.0,90.0,0.0,570.0,560.0,580.0,0.00483025778063,0.00483025778063
0.0,90.0,0.0,590.0,580.0,600.0,0.00552393817052,0.00552393817052
0.0,90.0,0.0,610.0,600.0,620.0,0.00576722934665,0.00576722934665
0.0,90.0,0.0,630.0,620.0,640.0,0.00724827875381,0.00724827875381
0.0,90.0,0.0,650.0,640.0,660.0,0.00871690188013,0.00871690188013
0.0,90.0,0.0,670.0,660.0,680.0,0.0104654316079,0.0104654316079
0.0,90.0,0.0,690.0,680.0,700.0,0.0118013233724,0.0118013233724
0.0,90.0,0.0,710.0,700.0,720.0,0.0127996504546,0.0127996504546
0.0,90.0,0.0,730.0,720.0,740.0,0.0136192248169,0.0136192248169
0.0,90.0,0.0,750.0,740.0,760.0,0.0140718169367,0.0140718169367
0.0,90.0,0.0,770.0,760.0,780.0,0.0146573009539,0.0146573009539
0.0,90.0,0.5,390.0,380.0,400.0,0.00198617930389,0.00198617930389
0.0,90.0,0.5,410.0,400.0,420.0,0.00360192218727,0.00360192218727
0.0,90.0,0.5,430.0,420.0,440.0,0.00389736566532,0.00389736566532
0.0,90.0,0.5,450.0,440.0,460.0,0.0050697032425,0.0050697032425
0.0,90.0,0.5,470.0,460.0,480.0,0.00564800513126,0.00564800513126
0.0,90.0,0.5,490.0,480.0,500.0,0.00579605925434,0.00579605925434
0.0,90.0,0.5,510.0,500.0,520.0,0.0057273654535,0.0057273654535
0.0,90.0,0.5,530.0,520.0,540.0,0.00570461281742,0.00570461281742
0.0,90.0,0.5,550.0,540.0,560.0,0.00596932522829,0.00596932522829
0.0,90.0,0.5,570.0,560.0,580.0,0.00577051746038,0.00577051746038
0.0,90.0,0.5,590.0,580.0,600.0,0.00669783520304,0.00669783520304
0.0,90.0,0.5,610.0,600.0,620.0,0.00704094355779,0.00704094355779
0.0,90.0,0.5,630.0,620.0,640.0,0.00886403745038,0.00886403745038
0.0,90.0,0.5,650.0,640.0,660.0,0.0106198318669,0.0106198318669
0.0,90.0,0.5,670.0,660.0,680.0,0.0126417229134,0.0126417229134
0.0,90.0,0.5,690.0,680.0,700.0,0.014081123901,0.014081123901
0.0,90.0,0.5,710.0,700.0,720.0,0.0150431031095,0.0150431031095
0.0,90.0,0.5,730.0,720.0,740.0,0.0157342349406,0.0157342349406
0.0,90.0,0.5,750.0,740.0,760.0,0.0159563103496,0.0159563103496
0.0,90.0,0.5,770.0,760.0,780.0,0.0163076602854,0.0163076602854
0.0,90.0,1.0,390.0,380.0,400.0,0.00204493349302,0.00204493349302
0.0,90.0,1.0,410.0,400.0,420.0,0.00372218589487,0.00372218589487
0.0,90.0,1.0,430.0,420.0,440.0,0.00405470788488,0.00405470788488
0.0,90.0,1.0,450.0,440.0,460.0,0.00534106502774,0.00534106502774
0.0,90.0,1.0,470.0,460.0,480.0,0.00607092078955,0.00607092078955
0.0,90.0,1.0,490.0,480.0,500.0,0.0063953533049,0.0063953533049
0.0,90.0,1.0,510.0,500.0,520.0,0.00649740514199,0.00649740514199
0.0,90.0,1.0,530.0,520.0,540.0,0.00662632460253,0.00662632460253
0.0,90.0,1.0,550.0,540.0,560.0,0.00704281217471,0.00704281217471
0.0,90.0,1.0,570.0,560.0,580.0,0.00684906594028,0.00684906594028
0.0,90.0,1.0,590.0,580.0,600.0,0.00794143786172,0.00794143786172
0.0,90.0,1.0,610.0,600.0,620.0,0.00828320086094,0.00828320086094
0.0,90.0,1.0,630.0,620.0,640.0,0.01032136204,0.01032136204
0.0,90.0,1.0,650.0,640.0,660.0,0.0122036034488,0.0122036034488
0.0,90.0,1.0,670.0,660.0,680.0,0.0143053295122,0.0143053295122
0.0,90.0,1.0,690.0,680.0,700.0,0.0156702896893,0.0156702896893
0.0,90.0,1.0,710.0,700.0,720.0,0.0164524355821,0.0164524355821
0.0,90.0,1.0,730.0,720.0,740.0,0.0169079862022,0.0169079862022
0.0,90.0,1.0,750.0,740.0,760.0,0.0168467801386,0.0168467801386
0.0,90.0,1.0,770.0,760.0,780.0,0.0169285218063,0.0169285218063
0.0,90.0,2.0,390.0,380.0,400.0,0.00216259710921,0.00216259710921
0.0,90.0,2.0,410.0,400.0,420.0,0.00398800726635,0.00398800726635
0.0,90.0,2.0,430.0,420.0,440.0,0.00445287699916,0.00445287699916
0.0,90.0,2.0,450.0,440.0,460.0,0.00609295758793,0.00609295758793
0.0,90.0,2.0,470.0,460.0,480.0,0.00724836690243,0.00724836690243
0.0,90.0,2.0,490.0,480.0,500.0,0.0079643047821,0.0079643047821
0.0,90.0,2.0,510.0,500.0,520.0,0.00832825386809,0.00832825386809
0.0,90.0,2.0,530.0,520.0,540.0,0.00858762466421,0.00858762466421
0.0,90.0,2.0,550.0,540.0,560.0,0.00908339158099,0.00908339158099
0.0,90.0,2.0,570.0,560.0,580.0,0.00867394944247,0.00867394944247
0.0,90.0,2.0,590.0,580.0,600.0,0.00982401439826,0.00982401439826
0.0,90.0,2.0,610.0,600.0,620.0,0.00995407919427,0.00995407919427
0.0,90.0,2.0,630.0,620.0,640.0,0.0120613531052,0.0120613531052
0.0,90.0,2.0,650.0,640.0,660.0,0.0138559632857,0.0138559632857
0.0,90.0,2.0,670.0,660.0,680.0,0.0157761773728,0.0157761773728
0.0,90.0,2.0,690.0,680.0,700.0,0.016792766214,0.016792766214
0.0,90.0,2.0,710.0,700.0,720.0,0.0171471371956,0.0171471371956
0.0,90.0,2.0,730.0,720.0,740.0,0.0171572723855,0.0171572723855
0.0,90.0,2.0,750.0,740.0,760.0,0.0166623033633,0.0166623033633
0.0,90.0,2.0,770.0,760.0,780.0,0.0163477747908,0.0163477747908
0.0,90.0,3.0,390.0,380.0,400.0,0.00230709646428,0.00230709646428
0.0,90.0,3.0,410.0,400.0,420.0,0.00435311788426,0.00435311788426
0.0,90.0,3.0,430.0,420.0,440.0,0.00501991948465,0.00501991948465
0.0,90.0,3.0,450.0,440.0,460.0,0.00710411139245,0.00710411139245
0.0,90.0,3.0,470.0,460.0,480.0,0.00866223397061,0.00866223397061
0.0,90.0,3.0,490.0,480.0,500.0,0.00960928440462,0.00960928440462
0.0,90.0,3.0,510.0,500.0,520.0,0.00999292525544,0.00999292525544
0.0,90.0,3.0,530.0,520.0,540.0,0.0101293005015,0.0101293005015
0.0,90.0,3.0,550.0,540.0,560.0,0.010465183814,0.010465183814
0.0,90.0,3.0,570.0,560.0,580.0,0.00972264332334,0.00972264332334
0.0,90.0,3.0,590.0,580.0,600.0,0.0107234202755,0.0107234202755
0.0,90.0,3.0,610.0,600.0,620.0,0.0105794383309,0.0105794383309
0.0,90.0,3.0,630.0,620.0,640.0,0.0125179631736,0.0125179631736
0.0,90.0,3.0,650.0,640.0,660.0,0.0140606638652,0.0140606638652
0.0,90.0,3.0,670.0,660.0,680.0,0.0156722119358,0.0156722119358
0.0,90.0,3.0,690.0,680.0,700.0,0.0163529623164,0.0163529623164
0.0,90.0,3.0,710.0,700.0,720.0,0.0163907411391,0.0163907411391
0.0,90.0,3.0,730.0,720.0,740.0,0.0161195404851,0.0161195404851
0.0,90.0,3.0,750.0,740.0,760.0,0.0154042153543,0.0154042153543
0.0,90.0,3.0,770.0,760.0,780.0,0.0148918696182,0.0148918696182
0.0,90.0,5.0,390.0,380.0,400.0,0.00270382809273,0.00270382809273
0.0,90.0,5.0,410.0,400.0,420.0,0.00532254091905,0.00532254091905
0.0,90.0,5.0,430.0,420.0,440.0,0.0063475689323,0.0063475689323
0.0,90.0,5.0,450.0,440.0,460.0,0.00910203832378,0.00910203832378
0.0,90.0,5.0,470.0,460.0,480.0,0.010989732554,0.010989732554
0.0,90.0,5.0,490.0,480.0,500.0,0.0118555732711,0.0118555732711
0.0,90.0,5.0,510.0,500.0,520.0,0.0118599629556,0.0118599629556
0.0,90.0,5.0,530.0,520.0,540.0,0.0115088778154,0.0115088778154
0.0,90.0,5.0,550.0,540.0,560.0,0.0113795135209,0.0113795135209
0.0,90.0,5.0,570.0,560.0,580.0,0.0101321999983,0.0101321999983
0.0,90.0,5.0,590.0,580.0,600.0,0.0107522084077,0.0107522084077
0.0,90.0,5.0,610.0,600.0,620.0,0.0102367884591,0.0102367884591
0.0,90.0,5.0,630.0,620.0,640.0,0.0117366057575,0.0117366057575
0.0,90.0,5.0,650.0,640.0,660.0,0.0128108920024,0.0128108920024
0.0,90.0,5.0,670.0,660.0,680.0,0.0139115079903,0.0139115079903
0.0,90.0,5.0,690.0,680.0,700.0,0.0141757831472,0.0141757831472
0.0,90.0,5.0,710.0,700.0,720.0,0.0139056033653,0.0139056033653
0.0,90.0,5.0,730.0,720.0,740.0,0.0134098204436,0.0134098204436
0.0,90.0,5.0,750.0,740.0,760.0,0.0125872406035,0.0125872406035
0.0,90.0,5.0,770.0,760.0,780.0,0.011971769507,0.011971769507
0.0,90.0,8.0,390.0,380.0,400.0,0.00336528627023,0.00336528627023
0.0,90.0,8.0,410.0,400.0,420.0,0.00663972096128,0.00663972096128
0.0,90.0,8.0,430.0,420.0,440.0,0.00776245743982,0.00776245743982
0.0,90.0,8.0,450.0,440.0,460.0,0.0107279410772,0.0107279410772
0.0,90.0,8.0,470.0,460.0,480.0,0.012368673798,0.012368673798
0.0,90.0,8.0,490.0,480.0,500.0,0.0127066331655,0.0127066331655
0.0,90.0,8.0,510.0,500.0,520.0,0.0121244295257,0.0121244295257
0.0,90.0,8.0,530.0,520.0,540.0,0.0112642658552,0.0112642658552
0.0,90.0,8.0,550.0,540.0,560.0,0.0107039765534,0.0107039765534
0.0,90.0,8.0,570.0,560.0,580.0,0.00920374988381,0.00920374988381
0.0,90.0,8.0,590.0,580.0,600.0,0.00946092515254,0.00946092515254
0.0,90.0,8.0,610.0,600.0,620.0,0.00876131717929,0.00876131717929
0.0,90.0,8.0,630.0,620.0,640.0,0.00979342916962,0.00979342916962
0.0,90.0,8.0,650.0,640.0,660.0,0.0104532765125,0.0104532765125
0.0,90.0,8.0,670.0,660.0,680.0,0.0111292144556,0.0111292144556
0.0,90.0,8.0,690.0,680.0,700.0,0.0111439610943,0.0111439610943
0.0,90.0,8.0,710.0,700.0,720.0,0.0107627333651,0.0107627333651
0.0,90.0,8.0,730.0,720.0,740.0,0.0102357529681,0.0102357529681
0.0,90.0,8.0,750.0,740.0,760.0,0.00948943381569,0.00948943381569
0.0,90.0,8.0,770.0,760.0,780.0,0.00892414796501,0.00892414796501
0.0,90.0,12.0,390.0,380.0,400.0,0.00392939819597,0.00392939819597
0.0,90.0,12.0,410.0,400.0,420.0,0.00745636450224,0.00745636450224
0.0,90.0,12.0,430.0,420.0,440.0,0.00832539355983,0.00832539355983
0.0,90.0,12.0,450.0,440.0,460.0,0.0109739309117,0.0109739309117
0.0,90.0,12.0,470.0,460.0,480.0,0.0120952887456,0.0120952887456
0.0,90.0,12.0,490.0,480.0,500.0,0.0119294235946,0.0119294235946
0.0,90.0,12.0,510.0,500.0,520.0,0.0109844287214,0.0109844287214
0.0,90.0,12.0,530.0,520.0,540.0,0.00989824933422,0.00989824933422
0.0,90.0,12.0,550.0,540.0,560.0,0.00915515515999,0.00915515515999
0.0,90.0,12.0,570.0,560.0,580.0,0.00769630674341,0.00769630674341
0.0,90.0,12.0,590.0,580.0,600.0,0.00774515551188,0.00774515551188
0.0,90.0,12.0,610.0,600.0,620.0,0.00704585481626,0.00704585481626
0.0,90.0,12.0,630.0,620.0,640.0,0.0077429434131,0.0077429434131
0.0,90.0,12.0,650.0,640.0,660.0,0.00814357273782,0.00814357273782
0.0,90.0,12.0,670.0,660.0,680.0,0.00856028089558,0.00856028089558
0.0,90.0,12.0,690.0,680.0,700.0,0.00847708829157,0.00847708829157
0.0,90.0,12.0,710.0,700.0,720.0,0.00810789921386,0.00810789921386
0.0,90.0,12.0,730.0,720.0,740.0,0.00764517184548,0.00764517184548
0.0,90.0,12.0,750.0,740.0,760.0,0.00703470842658,0.00703470842658
0.0,90.0,12.0,770.0,760.0,780.0,0.00657048289682,0.00657048289682
0.0,90.0,20.0,390.0,380.0,400.0,0.00411350763654,0.00411350763654
0.0,90.0,20.0,410.0,400.0,420.0,0.00732469279741,0.00732469279741
0.0,90.0,20.0,430.0,420.0,440.0,0.00770958797947,0.00770958797947
0.0,90.0,20.0,450.0,440.0,460.0,0.00964149101289,0.00964149101289
0.0,90.0,20.0,470.0,460.0,480.0,0.0101521903325,0.0101521903325
0.0,90.0,20.0,490.0,480.0,500.0,0.00963058752449,0.00963058752449
0.0,90.0,20.0,510.0,500.0,520.0,0.00858367165166,0.00858367165166
0.0,90.0,20.0,530.0,520.0,540.0,0.00752946984656,0.00752946984656
0.0,90.0,20.0,550.0,540.0,560.0,0.00680209631154,0.00680209631154
0.0,90.0,20.0,570.0,560.0,580.0,0.00561035423454,0.00561035423454
0.0,90.0,20.0,590.0,580.0,600.0,0.00554251485404,0.00554251485404
0.0,90.0,20.0,610.0,600.0,620.0,0.00496643681206,0.00496643681206
0.0,90.0,20.0,630.0,620.0,640.0,0.00537653194551,0.00537653194551
0.0,90.0,20.0,650.0,640.0,660.0,0.00558255026256,0.00558255026256
0.0,90.0,20.0,670.0,660.0,680.0,0.00580438795891,0.00580438795891
0.0,90.0,20.0,690.0,680.0,700.0,0.00569424863465,0.00569424863465
0.0,90.0,20.0,710.0,700.0,720.0,0.00540206485038,0.00540206485038
0.0,90.0,20.0,730.0,720.0,740.0,0.0050576748732,0.0050576748732
0.0,90.0,20.0,750.0,740.0,760.0,0.00462523714904,0.00462523714904
0.0,90.0,20.0,770.0,760.0,780.0,0.00429573135321,0.00429573135321
0.0,90.0,30.0,390.0,380.0,400.0,0.00378160767242,0.00378160767242
0.0,90.0,30.0,410.0,400.0,420.0,0.0064572183276,0.0064572183276
0.0,90.0,30.0,430.0,420.0,440.0,0.0065578063064,0.0065578063064
0.0,90.0,30.0,450.0,440.0,460.0,0.00795795356264,0.00795795356264
0.0,90.0,30.0,470.0,460.0,480.0,0.00817150765056,0.00817150765056
0.0,90.0,30.0,490.0,480.0,500.0,0.00759188488419,0.00759188488419
0.0,90.0,30.0,510.0,500.0,520.0,0.00665237020532,0.00665237020532
0.0,90.0,30.0,530.0,520.0,540.0,0.00575540771856,0.00575540771856
0.0,90.0,30.0,550.0,540.0,560.0,0.0051373407942,0.0051373407942
0.0,90.0,30.0,570.0,560.0,580.0,0.00419719459524,0.00419719459524
0.0,90.0,30.0,590.0,580.0,600.0,0.00410743164291,0.00410743164291
0.0,90.0,30.0,610.0,600.0,620.0,0.0036526557727,0.0036526557727
0.0,90.0,30.0,630.0,620.0,640.0,0.00392378675515,0.00392378675515
0.0,90.0,30.0,650.0,640.0,660.0,0.00404745525022,0.00404745525022
0.0,90.0,30.0,670.0,660.0,680.0,0.00418504945613,0.00418504945613
0.0,90.0,30.0,690.0,680.0,700.0,0.00408631468828,0.00408631468828
0.0,90.0,30.0,710.0,700.0,720.0,0.00386091041271,0.00386091041271
0.0,90.0,30.0,730.0,720.0,740.0,0.00360204664848,0.00360204664848
0.0,90.0,30.0,750.0,740.0,760.0,0.00328409536714,0.00328409536714
0.0,90.0,30.0,770.0,760.0,780.0,0.00304166388434,0.00304166388434
0.0,90.0,45.0,390.0,380.0,400.0,0.00320101353173,0.00320101353173
0.0,90.0,45.0,410.0,400.0,420.0,0.00530704631724,0.00530704631724
0.0,90.0,45.0,430.0,420.0,440.0,0.00526194469397,0.00526194469397
0.0,90.0,45.0,450.0,440.0,460.0,0.006262483663,0.006262483663
0.0,90.0,45.0,470.0,460.0,480.0,0.00633014644855,0.00633014644855
0.0,90.0,45.0,490.0,480.0,500.0,0.00580703411268,0.00580703411268
0.0,90.0,45.0,510.0,500.0,520.0,0.00503748202621,0.00503748202621
0.0,90.0,45.0,530.0,520.0,540.0,0.00432401779347,0.00432401779347
0.0,90.0,45.0,550.0,540.0,560.0,0.0038332127483,0.0038332127483
0.0,90.0,45.0,570.0,560.0,580.0,0.00311546514023,0.00311546514023
0.0,90.0,45.0,590.0,580.0,600.0,0.00303208387141,0.00303208387141
0.0,90.0,45.0,610.0,600.0,620.0,0.00268488545586,0.00268488545586
0.0,90.0,45.0,630.0,620.0,640.0,0.00287088974151,0.00287088974151
0.0,90.0,45.0,650.0,640.0,660.0,0.00294996131198,0.00294996131198
0.0,90.0,45.0,670.0,660.0,680.0,0.00304055759899,0.00304055759899
0.0,90.0,45.0,690.0,680.0,700.0,0.00296095893413,0.00296095893413
0.0,90.0,45.0,710.0,700.0,720.0,0.00279136255937,0.00279136255937
0.0,90.0,45.0,730.0,720.0,740.0,0.00259923815002,0.00259923815002
0.0,90.0,45.0,750.0,740.0,760.0,0.00236600958028,0.00236600958028
0.0,90.0,45.0,770.0,760.0,780.0,0.00218811258731,0.00218811258731
0.0,90.0,60.0,390.0,380.0,400.0,0.00284105787299,0.00284105787299
0.0,90.0,60.0,410.0,400.0,420.0,0.00464167833403,0.00464167833403
0.0,90.0,60.0,430.0,420.0,440.0,0.00454775418327,0.00454775418327
0.0,90.0,60.0,450.0,440.0,460.0,0.00536062471936,0.00536062471936
0.0,90.0,60.0,470.0,460.0,480.0,0.00537657608688,0.00537657608688
0.0,90.0,60.0,490.0,480.0,500.0,0.0049015339153,0.0049015339153
0.0,90.0,60.0,510.0,500.0,520.0,0.00423098928093,0.00423098928093
0.0,90.0,60.0,530.0,520.0,540.0,0.00361771376113,0.00361771376113
0.0,90.0,60.0,550.0,540.0,560.0,0.00319642238907,0.00319642238907
0.0,90.0,60.0,570.0,560.0,580.0,0.00259140921721,0.00259140921721
0.0,90.0,60.0,590.0,580.0,600.0,0.00251555002409,0.00251555002409
0.0,90.0,60.0,610.0,600.0,620.0,0.00222310491159,0.00222310491159
0.0,90.0,60.0,630.0,620.0,640.0,0.00237214767544,0.00237214767544
0.0,90.0,60.0,650.0,640.0,660.0,0.00243329930184,0.00243329930184
0.0,90.0,60.0,670.0,660.0,680.0,0.00250455954589,0.00250455954589
0.0,90.0,60.0,690.0,680.0,700.0,0.00243625555176,0.00243625555176
0.0,90.0,60.0,710.0,700.0,720.0,0.00229460292415,0.00229460292415
0.0,90.0,60.0,730.0,720.0,740.0,0.0021350597796,0.0021350597796
0.0,90.0,60.0,750.0,740.0,760.0,0.0019423122648,0.0019423122648
0.0,90.0,60.0,770.0,760.0,780.0,0.00179530757818,0.00179530757818
0.0,90.0,90.0,390.0,380.0,400.0,0.00251899249949,0.00251899249949
0.0,90.0,90.0,410.0,400.0,420.0,0.00407731608384,0.00407731608384
0.0,90.0,90.0,430.0,420.0,440.0,0.00396662522383,0.00396662522383
0.0,90.0,90.0,450.0,440.0,460.0,0.00465082116409,0.00465082116409
0.0,90.0,90.0,470.0,460.0,480.0,0.00464614197712,0.00464614197712
0.0,90.0,90.0,490.0,480.0,500.0,0.00422320388584,0.00422320388584
0.0,90.0,90.0,510.0,500.0,520.0,0.00363785408344,0.00363785408344
0.0,90.0,90.0,530.0,520.0,540.0,0.00310615438113,0.00310615438113
0.0,90.0,90.0,550.0,540.0,560.0,0.0027411474413,0.0027411474413
0.0,90.0,90.0,570.0,560.0,580.0,0.00222080865156,0.00222080865156
0.0,90.0,90.0,590.0,580.0,600.0,0.00215381741628,0.00215381741628
0.0,90.0,90.0,610.0,600.0,620.0,0.00190246251836,0.00190246251836
0.0,90.0,90.0,630.0,620.0,640.0,0.00202856126765,0.00202856126765
0.0,90.0,90.0,650.0,640.0,660.0,0.00207990330696,0.00207990330696
0.0,90.0,90.0,670.0,660.0,680.0,0.00214034475133,0.00214034475133
0.0,90.0,90.0,690.0,680.0,700.0,0.00208190757584,0.00208190757584
0.0,90.0,90.0,710.0,700.0,720.0,0.00196108007486,0.00196108007486
0.0,90.0,90.0,730.0,720.0,740.0,0.00182514547392,0.00182514547392
0.0,90.0,90.0,750.0,740.0,760.0,0.00166093671012,0.00166093671012
0.0,90.0,90.0,770.0,760.0,780.0,0.00153579128393,0.00153579128393
0.0,180.0,0.0,390.0,380.0,400.0,0.0018768111406,0.0018768111406
0.0,180.0,0.0,410.0,400.0,420.0,0.0034218628358,0.0034218628358
0.0,180.0,0.0,430.0,420.0,440.0,0.00372606554465,0.00372606554465
0.0,180.0,0.0,450.0,440.0,460.0,0.00487066007815,0.00487066007815
0.0,180.0,0.0,470.0,460.0,480.0,0.00542765709772,0.00542765709772
0.0,180.0,0.0,490.0,480.0,500.0,0.00552300891919,0.00552300891919
0.0,180.0,0.0,510.0,500.0,520.0,0.00534638799964,0.00534638799964
0.0,180.0,0.0,530.0,520.0,540.0,0.0051560829952,0.0051560829952
0.0,180.0,0.0,550.0,540.0,560.0,0.00520847963658,0.00520847963658
0.0,180.0,0.0,570.0,560.0,580.0,0.00483423548314,0.00483423548314
0.0,180.0,0.0,590.0,580.0,600.0,0.00542675526902,0.00542675526902
0.0,180.0,0.0,610.0,600.0,620.0,0.00551672285196,0.00551672285196
0.0,180.0,0.0,630.0,620.0,640.0,0.00676542208825,0.00676542208825
0.0,180.0,0.0,650.0,640.0,660.0,0.00791913747312,0.00791913747312
0.0,180.0,0.0,670.0,660.0,680.0,0.00923964648458,0.00923964648458
0.0,180.0,0.0,690.0,680.0,700.0,0.010123454188,0.010123454188
0.0,180.0,0.0,710.0,700.0,720.0,0.0106760504883,0.0106760504883
0.0,180.0,0.0,730.0,720.0,740.0,0.0110586267672,0.0110586267672
0.0,180.0,0.0,750.0,740.0,760.0,0.011135239818,0.011135239818
0.0,180.0,0.0,770.0,760.0,780.0,0.011331752656,0.011331752656
0.0,180.0,0.5,390.0,380.0,400.0,0.0019469451458,0.0019469451458
0.0,180.0,0.5,410.0,400.0,420.0,0.00354914809796,0.00354914809796
0.0,180.0,0.5,430.0,420.0,440.0,0.00386768264667,0.00386768264667
0.0,180.0,0.5,450.0,440.0,460.0,0.00507066604536,0.00507066604536
0.0,180.0,0.5,470.0,460.0,480.0,0.00568882630598,0.00568882630598
0.0,180.0,0.5,490.0,480.0,500.0,0.00586084401453,0.00586084401453
0.0,180.0,0.5,510.0,500.0,520.0,0.00578439911718,0.00578439911718
0.0,180.0,0.5,530.0,520.0,540.0,0.00572820576096,0.00572820576096
0.0,180.0,0.5,550.0,540.0,560.0,0.00596818145273,0.00596818145273
0.0,180.0,0.5,570.0,560.0,580.0,0.00572893761067,0.00572893761067
0.0,180.0,0.5,590.0,580.0,600.0,0.00663881822248,0.00663881822248
0.0,180.0,0.5,610.0,600.0,620.0,0.00695298881854,0.00695298881854
0.0,180.0,0.5,630.0,620.0,640.0,0.00875593133708,0.00875593133708
0.0,180.0,0.5,650.0,640.0,660.0,0.010489681164,0.010489681164
0.0,180.0,0.5,670.0,660.0,680.0,0.0124768796136,0.0124768796136
0.0,180.0,0.5,690.0,680.0,700.0,0.0138763306342,0.0138763306342
0.0,180.0,0.5,710.0,700.0,720.0,0.0147907433321,0.0147907433321
0.0,180.0,0.5,730.0,720.0,740.0,0.0154222927917,0.0154222927917
0.0,180.0,0.5,750.0,740.0,760.0,0.0155712867225,0.0155712867225
0.0,180.0,0.5,770.0,760.0,780.0,0.0158478876647,0.0158478876647
0.0,180.0,1.0,390.0,380.0,400.0,0.00200098515922,0.00200098515922
0.0,180.0,1.0,410.0,400.0,420.0,0.00365193167802,0.00365193167802
0.0,180.0,1.0,430.0,420.0,440.0,0.00399224628245,0.00399224628245
0.0,180.0,1.0,450.0,440.0,460.0,0.00527631470415,0.00527631470415
0.0,180.0,1.0,470.0,460.0,480.0,0.00601694715032,0.00601694715032
0.0,180.0,1.0,490.0,480.0,500.0,0.00636409541261,0.00636409541261
0.0,180.0,1.0,510.0,500.0,520.0,0.006502368455,0.006502368455
0.0,180.0,1.0,530.0,520.0,540.0,0.00668786470532,0.00668786470532
0.0,180.0,1.0,550.0,540.0,560.0,0.00721022268162,0.00721022268162
0.0,180.0,1.0,570.0,560.0,580.0,0.00710990800993,0.00710990800993
0.0,180.0,1.0,590.0,580.0,600.0,0.00838629662924,0.00838629662924
0.0,180.0,1.0,610.0,600.0,620.0,0.00886730686615,0.00886730686615
0.0,180.0,1.0,630.0,620.0,640.0,0.0112132685741,0.0112132685741
0.0,180.0,1.0,650.0,640.0,660.0,0.0134250345482,0.0134250345482
0.0,180.0,1.0,670.0,660.0,680.0,0.0158928135961,0.0158928135961
0.0,180.0,1.0,690.0,680.0,700.0,0.017535012173,0.017535012173
0.0,180.0,1.0,710.0,700.0,720.0,0.0184970259002,0.0184970259002
0.0,180.0,1.0,730.0,720.0,740.0,0.0190534170814,0.0190534170814
0.0,180.0,1.0,750.0,740.0,760.0,0.0189775539818,0.0189775539818
0.0,180.0,1.0,770.0,760.0,780.0,0.0190508122987,0.0190508122987
0.0,180.0,2.0,390.0,380.0,400.0,0.00210121621297,0.00210121621297
0.0,180.0,2.0,410.0,400.0,420.0,0.00386162369949,0.00386162369949
0.0,180.0,2.0,430.0,420.0,440.0,0.0043104574046,0.0043104574046
0.0,180.0,2.0,450.0,440.0,460.0,0.0059530719214,0.0059530719214
0.0,180.0,2.0,470.0,460.0,480.0,0.00725902843643,0.00725902843643
0.0,180.0,2.0,490.0,480.0,500.0,0.00829288976898,0.00829288976898
0.0,180.0,2.0,510.0,500.0,520.0,0.00908071288517,0.00908071288517
0.0,180.0,2.0,530.0,520.0,540.0,0.00980542745347,0.00980542745347
0.0,180.0,2.0,550.0,540.0,560.0,0.0108344304945,0.0108344304945
0.0,180.0,2.0,570.0,560.0,580.0,0.0107216836614,0.0107216836614
0.0,180.0,2.0,590.0,580.0,600.0,0.0125304957181,0.0125304957181
0.0,180.0,2.0,610.0,600.0,620.0,0.0129969496103,0.0129969496103
0.0,180.0,2.0,630.0,620.0,640.0,0.0160889243503,0.0160889243503
0.0,180.0,2.0,650.0,640.0,660.0,0.0188057728661,0.0188057728661
0.0,180.0,2.0,670.0,660.0,680.0,0.0216946798173,0.0216946798173
0.0,180.0,2.0,690.0,680.0,700.0,0.0233068853404,0.0233068853404
0.0,180.0,2.0,710.0,700.0,720.0,0.0239368252232,0.0239368252232
0.0,180.0,2.0,730.0,720.0,740.0,0.0240152482838,0.0240152482838
0.0,180.0,2.0,750.0,740.0,760.0,0.0233070267434,0.0233070267434
0.0,180.0,2.0,770.0,760.0,780.0,0.0228364128005,0.0228364128005
0.0,180.0,3.0,390.0,380.0,400.0,0.00221502444491,0.00221502444491
0.0,180.0,3.0,410.0,400.0,420.0,0.00415127099083,0.00415127099083
0.0,180.0,3.0,430.0,420.0,440.0,0.00482561522658,0.00482561522658
0.0,180.0,3.0,450.0,440.0,460.0,0.00704647857592,0.00704647857592
0.0,180.0,3.0,470.0,460.0,480.0,0.00904868498596,0.00904868498596
0.0,180.0,3.0,490.0,480.0,500.0,0.0106625260766,0.0106625260766
0.0,180.0,3.0,510.0,500.0,520.0,0.0117406914068,0.0117406914068
0.0,180.0,3.0,530.0,520.0,540.0,0.0124888577903,0.0124888577903
0.0,180.0,3.0,550.0,540.0,560.0,0.0134565543796,0.0134565543796
0.0,180.0,3.0,570.0,560.0,580.0,0.0128875995641,0.0128875995641
0.0,180.0,3.0,590.0,580.0,600.0,0.0146267508679,0.0146267508679
0.0,180.0,3.0,610.0,600.0,620.0,0.01471201321,0.01471201321
0.0,180.0,3.0,630.0,620.0,640.0,0.0177680082821,0.0177680082821
0.0,180.0,3.0,650.0,640.0,660.0,0.0202872954001,0.0202872954001
0.0,180.0,3.0,670.0,660.0,680.0,0.0228807083897,0.0228807083897
0.0,180.0,3.0,690.0,680.0,700.0,0.0240580341685,0.0240580341685
0.0,180.0,3.0,710.0,700.0,720.0,0.024212004688,0.024212004688
0.0,180.0,3.0,730.0,720.0,740.0,0.0238326115237,0.0238326115237
0.0,180.0,3.0,750.0,740.0,760.0,0.0227150948792,0.0227150948792
0.0,180.0,3.0,770.0,760.0,780.0,0.0218966682449,0.0218966682449
0.0,180.0,5.0,390.0,380.0,400.0,0.00258328462075,0.00258328462075
0.0,180.0,5.0,410.0,400.0,420.0,0.00521414931792,0.00521414931792
0.0,180.0,5.0,430.0,420.0,440.0,0.00656657995908,0.00656657995908
0.0,180.0,5.0,450.0,440.0,460.0,0.0101077061766,0.0101077061766
0.0,180.0,5.0,470.0,460.0,480.0,0.013113129911,0.013113129911
0.0,180.0,5.0,490.0,480.0,500.0,0.0150594697815,0.0150594697815
0.0,180.0,5.0,510.0,500.0,520.0,0.015812770587,0.015812770587
0.0,180.0,5.0,530.0,520.0,540.0,0.0158840214089,0.0158840214089
0.0,180.0,5.0,550.0,540.0,560.0,0.0161722828751,0.0161722828751
0.0,180.0,5.0,570.0,560.0,580.0,0.0146494822063,0.0146494822063
0.0,180.0,5.0,590.0,580.0,600.0,0.015873721535,0.015873721535
0.0,180.0,5.0,610.0,600.0,620.0,0.0152893988645,0.0152893988645
0.0,180.0,5.0,630.0,620.0,640.0,0.0178272471205,0.0178272471205
0.0,180.0,5.0,650.0,640.0,660.0,0.0197106349649,0.0197106349649
0.0,180.0,5.0,670.0,660.0,680.0,0.0215802082978,0.0215802082978
0.0,180.0,5.0,690.0,680.0,700.0,0.0220831971957,0.0220831971957
0.0,180.0,5.0,710.0,700.0,720.0,0.0216823100471,0.0216823100471
0.0,180.0,5.0,730.0,720.0,740.0,0.0208689959471,0.0208689959471
0.0,180.0,5.0,750.0,740.0,760.0,0.0194888118836,0.0194888118836
0.0,180.0,5.0,770.0,760.0,780.0,0.0184431317636,0.0184431317636
0.0,180.0,8.0,390.0,380.0,400.0,0.00349548618332,0.00349548618332
0.0,180.0,8.0,410.0,400.0,420.0,0.0073754796281,0.0073754796281
0.0,180.0,8.0,430.0,420.0,440.0,0.00928740596069,0.00928740596069
0.0,180.0,8.0,450.0,440.0,460.0,0.0137536382728,0.0137536382728
0.0,180.0,8.0,470.0,460.0,480.0,0.0168077945843,0.0168077945843
0.0,180.0,8.0,490.0,480.0,500.0,0.0180702302808,0.0180702302808
0.0,180.0,8.0,510.0,500.0,520.0,0.0178095722164,0.0178095722164
0.0,180.0,8.0,530.0,520.0,540.0,0.0168952488962,0.0168952488962
0.0,180.0,8.0,550.0,540.0,560.0,0.0163410581956,0.0163410581956
0.0,180.0,8.0,570.0,560.0,580.0,0.0141618094976,0.0141618094976
0.0,180.0,8.0,590.0,580.0,600.0,0.0147511388695,0.0147511388695
0.0,180.0,8.0,610.0,600.0,620.0,0.0137364276727,0.0137364276727
0.0,180.0,8.0,630.0,620.0,640.0,0.0155304840582,0.0155304840582
0.0,180.0,8.0,650.0,640.0,660.0,0.0167072038892,0.0167072038892
0.0,180.0,8.0,670.0,660.0,680.0,0.0178557117763,0.0178557117763
0.0,180.0,8.0,690.0,680.0,700.0,0.0178890836984,0.0178890836984
0.0,180.0,8.0,710.0,700.0,720.0,0.0172408030596,0.0172408030596
0.0,180.0,8.0,730.0,720.0,740.0,0.0163255042266,0.0163255042266
0.0,180.0,8.0,750.0,740.0,760.0,0.0150321617413,0.0150321617413
0.0,180.0,8.0,770.0,760.0,780.0,0.0140416862031,0.0140416862031
0.0,180.0,12.0,390.0,380.0,400.0,0.00458611800466,0.00458611800466
0.0,180.0,12.0,410.0,400.0,420.0,0.0093089978003,0.0093089978003
0.0,180.0,12.0,430.0,420.0,440.0,0.0110581429982,0.0110581429982
0.0,180.0,12.0,450.0,440.0,460.0,0.0153595387961,0.0153595387961
0.0,180.0,12.0,470.0,460.0,480.0,0.0176552216275,0.0176552216275
0.0,180.0,12.0,490.0,480.0,500.0,0.0179783230912,0.0179783230912
0.0,180.0,12.0,510.0,500.0,520.0,0.0169270901449,0.0169270901449
0.0,180.0,12.0,530.0,520.0,540.0,0.0154655585219,0.0154655585219
0.0,180.0,12.0,550.0,540.0,560.0,0.0144667977629,0.0144667977629
0.0,180.0,12.0,570.0,560.0,580.0,0.0122087308359,0.0122087308359
0.0,180.0,12.0,590.0,580.0,600.0,0.0123837155998,0.0123837155998
0.0,180.0,12.0,610.0,600.0,620.0,0.0112887030287,0.0112887030287
0.0,180.0,12.0,630.0,620.0,640.0,0.0124855202512,0.0124855202512
0.0,180.0,12.0,650.0,640.0,660.0,0.0131778040216,0.0131778040216
0.0,180.0,12.0,670.0,660.0,680.0,0.0138572227502,0.0138572227502
0.0,180.0,12.0,690.0,680.0,700.0,0.0136927604954,0.0136927604954
0.0,180.0,12.0,710.0,700.0,720.0,0.0130413465214,0.0130413465214
0.0,180.0,12.0,730.0,720.0,740.0,0.0122242513918,0.0122242513918
0.0,180.0,12.0,750.0,740.0,760.0,0.011160623915,0.011160623915
0.0,180.0,12.0,770.0,760.0,780.0,0.0103427033549,0.0103427033549
0.0,180.0,20.0,390.0,380.0,400.0,0.00530071841112,0.00530071841112
0.0,180.0,20.0,410.0,400.0,420.0,0.00990857040471,0.00990857040471
0.0,180.0,20.0,430.0,420.0,440.0,0.0108753520107,0.0108753520107
0.0,180.0,20.0,450.0,440.0,460.0,0.0140784272318,0.0140784272318
0.0,180.0,20.0,470.0,460.0,480.0,0.0152376174959,0.0152376174959
0.0,180.0,20.0,490.0,480.0,500.0,0.01476095924,0.01476095924
0.0,180.0,20.0,510.0,500.0,520.0,0.0133516996274,0.0133516996274
0.0,180.0,20.0,530.0,520.0,540.0,0.0118192555153,0.0118192555153
0.0,180.0,20.0,550.0,540.0,560.0,0.0107488244783,0.0107488244783
0.0,180.0,20.0,570.0,560.0,580.0,0.0088799262161,0.0088799262161
0.0,180.0,20.0,590.0,580.0,600.0,0.00880061935428,0.00880061935428
0.0,180.0,20.0,610.0,600.0,620.0,0.0078797236577,0.0078797236577
0.0,180.0,20.0,630.0,620.0,640.0,0.00854221998795,0.00854221998795
0.0,180.0,20.0,650.0,640.0,660.0,0.00886326188318,0.00886326188318
0.0,180.0,20.0,670.0,660.0,680.0,0.00918884695853,0.00918884695853
0.0,180.0,20.0,690.0,680.0,700.0,0.00897245385622,0.00897245385622
0.0,180.0,20.0,710.0,700.0,720.0,0.00846005800169,0.00846005800169
0.0,180.0,20.0,730.0,720.0,740.0,0.00786257239811,0.00786257239811
0.0,180.0,20.0,750.0,740.0,760.0,0.00712811397611,0.00712811397611
0.0,180.0,20.0,770.0,760.0,780.0,0.00656214746149,0.00656214746149
0.0,180.0,30.0,390.0,380.0,400.0,0.00493460631743,0.00493460631743
0.0,180.0,30.0,410.0,400.0,420.0,0.00871953732667,0.00871953732667
0.0,180.0,30.0,430.0,420.0,440.0,0.00911963517054,0.00911963517054
0.0,180.0,30.0,450.0,440.0,460.0,0.0113400562781,0.0113400562781
0.0,180.0,30.0,470.0,460.0,480.0,0.0118744088147,0.0118744088147
0.0,180.0,30.0,490.0,480.0,500.0,0.0111986455674,0.0111986455674
0.0,180.0,30.0,510.0,500.0,520.0,0.00991705565438,0.00991705565438
0.0,180.0,30.0,530.0,520.0,540.0,0.00863542514315,0.00863542514315
0.0,180.0,30.0,550.0,540.0,560.0,0.0077391293582,0.0077391293582
0.0,180.0,30.0,570.0,560.0,580.0,0.00632458734533,0.00632458734533
0.0,180.0,30.0,590.0,580.0,600.0,0.00619195327942,0.00619195327942
0.0,180.0,30.0,610.0,600.0,620.0,0.00549258476494,0.00549258476494
0.0,180.0,30.0,630.0,620.0,640.0,0.00589098937481,0.00589098937481
0.0,180.0,30.0,650.0,640.0,660.0,0.00605752451087,0.00605752451087
0.0,180.0,30.0,670.0,660.0,680.0,0.00623359855258,0.00623359855258
0.0,180.0,30.0,690.0,680.0,700.0,0.00604932577656,0.00604932577656
0.0,180.0,30.0,710.0,700.0,720.0,0.00567428321606,0.00567428321606
0.0,180.0,30.0,730.0,720.0,740.0,0.00525041348781,0.00525041348781
0.0,180.0,30.0,750.0,740.0,760.0,0.00474281717746,0.00474281717746
0.0,180.0,30.0,770.0,760.0,780.0,0.00435153104996,0.00435153104996
0.0,180.0,45.0,390.0,380.0,400.0,0.00395657684194,0.00395657684194
0.0,180.0,45.0,410.0,400.0,420.0,0.00669328773103,0.00669328773103
0.0,180.0,45.0,430.0,420.0,440.0,0.00675236778396,0.00675236778396
0.0,180.0,45.0,450.0,440.0,460.0,0.00815254956288,0.00815254956288
0.0,180.0,45.0,470.0,460.0,480.0,0.00833501832842,0.00833501832842
0.0,180.0,45.0,490.0,480.0,500.0,0.00771107637973,0.00771107637973
0.0,180.0,45.0,510.0,500.0,520.0,0.00672607850982,0.00672607850982
0.0,180.0,45.0,530.0,520.0,540.0,0.00578868493504,0.00578868493504
0.0,180.0,45.0,550.0,540.0,560.0,0.0051354691362,0.0051354691362
0.0,180.0,45.0,570.0,560.0,580.0,0.00416571704161,0.00416571704161
0.0,180.0,45.0,590.0,580.0,600.0,0.00404543862415,0.00404543862415
0.0,180.0,45.0,610.0,600.0,620.0,0.0035667586175,0.0035667586175
0.0,180.0,45.0,630.0,620.0,640.0,0.00379937662301,0.00379937662301
0.0,180.0,45.0,650.0,640.0,660.0,0.00388480086552,0.00388480086552
0.0,180.0,45.0,670.0,660.0,680.0,0.00397960944532,0.00397960944532
0.0,180.0,45.0,690.0,680.0,700.0,0.00384776797616,0.00384776797616
0.0,180.0,45.0,710.0,700.0,720.0,0.00359836464934,0.00359836464934
0.0,180.0,45.0,730.0,720.0,740.0,0.00332139967851,0.00332139967851
0.0,180.0,45.0,750.0,740.0,760.0,0.00299454947379,0.00299454947379
0.0,180.0,45.0,770.0,760.0,780.0,0.00274275230952,0.00274275230952
0.0,180.0,60.0,390.0,380.0,400.0,0.00318274126093,0.00318274126093
0.0,180.0,60.0,410.0,400.0,420.0,0.00525379078968,0.00525379078968
0.0,180.0,60.0,430.0,420.0,440.0,0.00519345130182,0.00519345130182
0.0,180.0,60.0,450.0,440.0,460.0,0.0061665290839,0.0061665290839
0.0,180.0,60.0,470.0,460.0,480.0,0.00621936041099,0.00621936041099
0.0,180.0,60.0,490.0,480.0,500.0,0.00569117272072,0.00569117272072
0.0,180.0,60.0,510.0,500.0,520.0,0.00492183755444,0.00492183755444
0.0,180.0,60.0,530.0,520.0,540.0,0.00420836093892,0.00420836093892
0.0,180.0,60.0,550.0,540.0,560.0,0.00371298967062,0.00371298967062
0.0,180.0,60.0,570.0,560.0,580.0,0.00300038331951,0.00300038331951
0.0,180.0,60.0,590.0,580.0,600.0,0.00290196303697,0.00290196303697
0.0,180.0,60.0,610.0,600.0,620.0,0.00255153286484,0.00255153286484
0.0,180.0,60.0,630.0,620.0,640.0,0.00270945096444,0.00270945096444
0.0,180.0,60.0,650.0,640.0,660.0,0.00276385515614,0.00276385515614
0.0,180.0,60.0,670.0,660.0,680.0,0.00282672146295,0.00282672146295
0.0,180.0,60.0,690.0,680.0,700.0,0.00273026151194,0.00273026151194
0.0,180.0,60.0,710.0,700.0,720.0,0.00255188589716,0.00255188589716
0.0,180.0,60.0,730.0,720.0,740.0,0.00235512093847,0.00235512093847
0.0,180.0,60.0,750.0,740.0,760.0,0.00212388838482,0.00212388838482
0.0,180.0,60.0,770.0,760.0,780.0,0.00194605615915,0.00194605615915
0.0,180.0,90.0,390.0,380.0,400.0,0.00251899249949,0.00251899249949
0.0,180.0,90.0,410.0,400.0,420.0,0.00407731608384,0.00407731608384
0.0,180.0,90.0,430.0,420.0,440.0,0.00396662522383,0.00396662522383
0.0,180.0,90.0,450.0,440.0,460.0,0.00465082116409,0.00465082116409
0.0,180.0,90.0,470.0,460.0,480.0,0.00464614197712,0.00464614197712
0.0,180.0,90.0,490.0,480.0,500.0,0.00422320388584,0.00422320388584
0.0,180.0,90.0,510.0,500.0,520.0,0.00363785408344,0.00363785408344
0.0,180.0,90.0,530.0,520.0,540.0,0.00310615438113,0.00310615438113
0.0,180.0,90.0,550.0,540.0,560.0,0.0027411474413,0.0027411474413
0.0,180.0,90.0,570.0,560.0,580.0,0.00222080865156,0.00222080865156
0.0,180.0,90.0,590.0,580.0,600.0,0.00215381741628,0.00215381741628
0.0,180.0,90.0,610.0,600.0,620.0,0.00190246251836,0.00190246251836
0.0,180.0,90.0,630.0,620.0,640.0,0.00202856126765,0.00202856126765
0.0,180.0,90.0,650.0,640.0,660.0,0.00207990330696,0.00207990330696
0.0,180.0,90.0,670.0,660.0,680.0,0.00214034475133,0.00214034475133
0.0,180.0,90.0,690.0,680.0,700.0,0.00208190757584,0.00208190757584
0.0,180.0,90.0,710.0,700.0,720.0,0.00196108007486,0.00196108007486
0.0,180.0,90.0,730.0,720.0,740.0,0.00182514547392,0.00182514547392
0.0,180.0,90.0,750.0,740.0,760.0,0.00166093671012,0.00166093671012
0.0,180.0,90.0,770.0,760.0,780.0,0.00153579128393,0.00153579128393
2.0,0.0,0.0,390.0,380.0,400.0,0.00088096634787,0.00088096634787
2.0,0.0,0.0,410.0,400.0,420.0,0.00165890211592,0.00165890211592
2.0,0.0,0.0,430.0,420.0,440.0,0.00185259101725,0.00185259101725
2.0,0.0,0.0,450.0,440.0,460.0,0.00245778565837,0.00245778565837
2.0,0.0,0.0,470.0,460.0,480.0,0.00275279185558,0.00275279185558
2.0,0.0,0.0,490.0,480.0,500.0,0.00279784485897,0.00279784485897
2.0,0.0,0.0,510.0,500.0,520.0,0.00270483376691,0.00270483376691
2.0,0.0,0.0,530.0,520.0,540.0,0.00263355177574,0.00263355177574
2.0,0.0,0.0,550.0,540.0,560.0,0.00278466184749,0.00278466184749
2.0,0.0,0.0,570.0,560.0,580.0,0.00275329230315,0.00275329230315
2.0,0.0,0.0,590.0,580.0,600.0,0.00344127555873,0.00344127555873
2.0,0.0,0.0,610.0,600.0,620.0,0.00390092381453,0.00390092381453
2.0,0.0,0.0,630.0,620.0,640.0,0.00543610157558,0.00543610157558
2.0,0.0,0.0,650.0,640.0,660.0,0.00716725565652,0.00716725565652
2.0,0.0,0.0,670.0,660.0,680.0,0.00930466159842,0.00930466159842
2.0,0.0,0.0,690.0,680.0,700.0,0.0112035041778,0.0112035041778
2.0,0.0,0.0,710.0,700.0,720.0,0.0128318869746,0.0128318869746
2.0,0.0,0.0,730.0,720.0,740.0,0.0142766513922,0.0142766513922
2.0,0.0,0.0,750.0,740.0,760.0,0.0152770167682,0.0152770167682
2.0,0.0,0.0,770.0,760.0,780.0,0.0163956261077,0.0163956261077
2.0,0.0,0.5,390.0,380.0,400.0,0.000882109593914,0.000882109593914
2.0,0.0,0.5,410.0,400.0,420.0,0.00167175231107,0.00167175231107
2.0,0.0,0.5,430.0,420.0,440.0,0.00188615225539,0.00188615225539
2.0,0.0,0.5,450.0,440.0,460.0,0.00255846937428,0.00255846937428
2.0,0.0,0.5,470.0,460.0,480.0,0.00300417238179,0.00300417238179
2.0,0.0,0.5,490.0,480.0,500.0,0.00332174691098,0.00332174691098
2.0,0.0,0.5,510.0,500.0,520.0,0.00362925731714,0.00362925731714
2.0,0.0,0.5,530.0,520.0,540.0,0.00408313351559,0.00408313351559
2.0,0.0,0.5,550.0,540.0,560.0,0.00491828466019,0.00491828466019
2.0,0.0,0.5,570.0,560.0,580.0,0.00540942401188,0.00540942401188
2.0,0.0,0.5,590.0,580.0,600.0,0.00714087309982,0.00714087309982
2.0,0.0,0.5,610.0,600.0,620.0,0.00833499696166,0.00833499696166
2.0,0.0,0.5,630.0,620.0,640.0,0.0115647075925,0.0115647075925
2.0,0.0,0.5,650.0,640.0,660.0,0.0149952982548,0.0149952982548
2.0,0.0,0.5,670.0,660.0,680.0,0.0190138045841,0.0190138045841
2.0,0.0,0.5,690.0,680.0,700.0,0.0222676577938,0.0222676577938
2.0,0.0,0.5,710.0,700.0,720.0,0.0247485581287,0.0247485581287
2.0,0.0,0.5,730.0,720.0,740.0,0.0266933951522,0.0266933951522
2.0,0.0,0.5,750.0,740.0,760.0,0.0276965130293,0.0276965130293
2.0,0.0,0.5,770.0,760.0,780.0,0.0288169604605,0.0288169604605
2.0,0.0,1.0,390.0,380.0,400.0,0.000905332199029,0.000905332199029
2.0,0.0,1.0,410.0,400.0,420.0,0.00172666549484,0.00172666549484
2.0,0.0,1.0,430.0,420.0,440.0,0.00198392058161,0.00198392058161
2.0,0.0,1.0,450.0,440.0,460.0,0.00280607293429,0.00280607293429
2.0,0.0,1.0,470.0,460.0,480.0,0.00353709737259,0.00353709737259
2.0,0.0,1.0,490.0,480.0,500.0,0.00427202192119,0.00427202192119
2.0,0.0,1.0,510.0,500.0,520.0,0.00506414628929,0.00506414628929
2.0,0.0,1.0,530.0,520.0,540.0,0.00601897767452,0.00601897767452
2.0,0.0,1.0,550.0,540.0,560.0,0.00739291662314,0.00739291662314
2.0,0.0,1.0,570.0,560.0,580.0,0.00810036096795,0.00810036096795
2.0,0.0,1.0,590.0,580.0,600.0,0.0104510178395,0.0104510178395
2.0,0.0,1.0,610.0,600.0,620.0,0.0118486984515,0.0118486984515
2.0,0.0,1.0,630.0,620.0,640.0,0.0158991359165,0.0158991359165
2.0,0.0,1.0,650.0,640.0,660.0,0.0199413332836,0.0199413332836
2.0,0.0,1.0,670.0,660.0,680.0,0.0244857489488,0.0244857489488
2.0,0.0,1.0,690.0,680.0,700.0,0.0278122225022,0.0278122225022
2.0,0.0,1.0,710.0,700.0,720.0,0.0300307677799,0.0300307677799
2.0,0.0,1.0,730.0,720.0,740.0,0.0315237124672,0.0315237124672
2.0,0.0,1.0,750.0,740.0,760.0,0.031887606536,0.031887606536
2.0,0.0,1.0,770.0,760.0,780.0,0.0324007242612,0.0324007242612
2.0,0.0,2.0,390.0,380.0,400.0,0.000965628029005,0.000965628029005
2.0,0.0,2.0,410.0,400.0,420.0,0.00190902514008,0.00190902514008
2.0,0.0,2.0,430.0,420.0,440.0,0.00236219170943,0.00236219170943
2.0,0.0,2.0,450.0,440.0,460.0,0.00372335883424,0.00372335883424
2.0,0.0,2.0,470.0,460.0,480.0,0.00523934219562,0.00523934219562
2.0,0.0,2.0,490.0,480.0,500.0,0.00682520790522,0.00682520790522
2.0,0.0,2.0,510.0,500.0,520.0,0.00832113809399,0.00832113809399
2.0,0.0,2.0,530.0,520.0,540.0,0.00977178907599,0.00977178907599
2.0,0.0,2.0,550.0,540.0,560.0,0.0115514617325,0.0115514617325
2.0,0.0,2.0,570.0,560.0,580.0,0.012045619873,0.012045619873
2.0,0.0,2.0,590.0,580.0,600.0,0.0147432142611,0.0147432142611
2.0,0.0,2.0,610.0,600.0,620.0,0.0158751226363,0.0158751226363
2.0,0.0,2.0,630.0,620.0,640.0,0.0203112027615,0.0203112027615
2.0,0.0,2.0,650.0,640.0,660.0,0.0243790554926,0.0243790554926
2.0,0.0,2.0,670.0,660.0,680.0,0.0287435232329,0.0287435232329
2.0,0.0,2.0,690.0,680.0,700.0,0.0314516994862,0.0314516994862
2.0,0.0,2.0,710.0,700.0,720.0,0.0328147560294,0.0328147560294
2.0,0.0,2.0,730.0,720.0,740.0,0.0333763340046,0.0333763340046
2.0,0.0,2.0,750.0,740.0,760.0,0.032793600147,0.032793600147
2.0,0.0,2.0,770.0,760.0,780.0,0.0324474579702,0.0324474579702
2.0,0.0,3.0,390.0,380.0,400.0,0.00106613848944,0.00106613848944
2.0,0.0,3.0,410.0,400.0,420.0,0.00224561357048,0.00224561357048
2.0,0.0,3.0,430.0,420.0,440.0,0.00299549114542,0.00299549114542
2.0,0.0,3.0,450.0,440.0,460.0,0.00498968364123,0.00498968364123
2.0,0.0,3.0,470.0,460.0,480.0,0.00713447531223,0.00713447531223
2.0,0.0,3.0,490.0,480.0,500.0,0.00911827083445,0.00911827083445
2.0,0.0,3.0,510.0,500.0,520.0,0.0106799958314,0.0106799958314
2.0,0.0,3.0,530.0,520.0,540.0,0.0119400312024,0.0119400312024
2.0,0.0,3.0,550.0,540.0,560.0,0.0134326860076,0.0134326860076
2.0,0.0,3.0,570.0,560.0,580.0,0.0133563233371,0.0133563233371
2.0,0.0,3.0,590.0,580.0,600.0,0.0156963065707,0.0156963065707
2.0,0.0,3.0,610.0,600.0,620.0,0.0162851313001,0.0162851313001
2.0,0.0,3.0,630.0,620.0,640.0,0.0202069762275,0.0202069762275
2.0,0.0,3.0,650.0,640.0,660.0,0.0235992051654,0.0235992051654
2.0,0.0,3.0,670.0,660.0,680.0,0.027141908894,0.027141908894
2.0,0.0,3.0,690.0,680.0,700.0,0.0290381175088,0.0290381175088
2.0,0.0,3.0,710.0,700.0,720.0,0.0296832518675,0.0296832518675
2.0,0.0,3.0,730.0,720.0,740.0,0.0296339257042,0.0296339257042
2.0,0.0,3.0,750.0,740.0,760.0,0.0286219688859,0.0286219688859
2.0,0.0,3.0,770.0,760.0,780.0,0.0278879585787,0.0278879585787
2.0,0.0,5.0,390.0,380.0,400.0,0.00142208915982,0.00142208915982
2.0,0.0,5.0,410.0,400.0,420.0,0.00324112490405,0.00324112490405
2.0,0.0,5.0,430.0,420.0,440.0,0.00446147250122,0.00446147250122
2.0,0.0,5.0,450.0,440.0,460.0,0.0072729537532,0.0072729537532
2.0,0.0,5.0,470.0,460.0,480.0,0.00981486117352,0.00981486117352
2.0,0.0,5.0,490.0,480.0,500.0,0.0116495562928,0.0116495562928
2.0,0.0,5.0,510.0,500.0,520.0,0.0126374125991,0.0126374125991
2.0,0.0,5.0,530.0,520.0,540.0,0.0131364639831,0.0131364639831
2.0,0.0,5.0,550.0,540.0,560.0,0.0138574526321,0.0138574526321
2.0,0.0,5.0,570.0,560.0,580.0,0.0130094980056,0.0130094980056
2.0,0.0,5.0,590.0,580.0,600.0,0.0145899190477,0.0145899190477
2.0,0.0,5.0,610.0,600.0,620.0,0.0145236077589,0.0145236077589
2.0,0.0,5.0,630.0,620.0,640.0,0.0174308347188,0.0174308347188
2.0,0.0,5.0,650.0,640.0,660.0,0.0197713979122,0.0197713979122
2.0,0.0,5.0,670.0,660.0,680.0,0.0221541119365,0.0221541119365
2.0,0.0,5.0,690.0,680.0,700.0,0.0231547073737,0.0231547073737
2.0,0.0,5.0,710.0,700.0,720.0,0.0231774263572,0.0231774263572
2.0,0.0,5.0,730.0,720.0,740.0,0.0227046290534,0.0227046290534
2.0,0.0,5.0,750.0,740.0,760.0,0.0215536447539,0.0215536447539
2.0,0.0,5.0,770.0,760.0,780.0,0.0206803774827,0.0206803774827
2.0,0.0,8.0,390.0,380.0,400.0,0.0020100801411,0.0020100801411
2.0,0.0,8.0,410.0,400.0,420.0,0.00444442040217,0.00444442040217
2.0,0.0,8.0,430.0,420.0,440.0,0.00573668244702,0.00573668244702
2.0,0.0,8.0,450.0,440.0,460.0,0.00864071746075,0.00864071746075
2.0,0.0,8.0,470.0,460.0,480.0,0.0107590968028,0.0107590968028
2.0,0.0,8.0,490.0,480.0,500.0,0.0118465859242,0.0118465859242
2.0,0.0,8.0,510.0,500.0,520.0,0.0120140923973,0.0120140923973
2.0,0.0,8.0,530.0,520.0,540.0,0.0117690727095,0.0117690727095
2.0,0.0,8.0,550.0,540.0,560.0,0.0118114072647,0.0118114072647
2.0,0.0,8.0,570.0,560.0,580.0,0.0106154142121,0.0106154142121
2.0,0.0,8.0,590.0,580.0,600.0,0.0115052005575,0.0115052005575
2.0,0.0,8.0,610.0,600.0,620.0,0.0111133172679,0.0111133172679
2.0,0.0,8.0,630.0,620.0,640.0,0.0130334312737,0.0130334312737
2.0,0.0,8.0,650.0,640.0,660.0,0.0144917166985,0.0144917166985
2.0,0.0,8.0,670.0,660.0,680.0,0.0159521338574,0.0159521338574
2.0,0.0,8.0,690.0,680.0,700.0,0.0164090846389,0.0164090846389
2.0,0.0,8.0,710.0,700.0,720.0,0.0161911049761,0.0161911049761
2.0,0.0,8.0,730.0,720.0,740.0,0.0156559230446,0.0156559230446
2.0,0.0,8.0,750.0,740.0,760.0,0.0146851676422,0.0146851676422
2.0,0.0,8.0,770.0,760.0,780.0,0.0139428625202,0.0139428625202
2.0,0.0,12.0,390.0,380.0,400.0,0.00242585787517,0.00242585787517
2.0,0.0,12.0,410.0,400.0,420.0,0.00498646225182,0.00498646225182
2.0,0.0,12.0,430.0,420.0,440.0,0.00598208263632,0.00598208263632
2.0,0.0,12.0,450.0,440.0,460.0,0.00842389778012,0.00842389778012
2.0,0.0,12.0,470.0,460.0,480.0,0.00988789006925,0.00988789006925
2.0,0.0,12.0,490.0,480.0,500.0,0.0103500261768,0.0103500261768
2.0,0.0,12.0,510.0,500.0,520.0,0.0100535363399,0.0100535363399
2.0,0.0,12.0,530.0,520.0,540.0,0.00949523311371,0.00949523311371
2.0,0.0,12.0,550.0,540.0,560.0,0.00925534410142,0.00925534410142
2.0,0.0,12.0,570.0,560.0,580.0,0.0081145232809,0.0081145232809
2.0,0.0,12.0,590.0,580.0,600.0,0.00863593337462,0.00863593337462
2.0,0.0,12.0,610.0,600.0,620.0,0.00821206245074,0.00821206245074
2.0,0.0,12.0,630.0,620.0,640.0,0.009522946107,0.009522946107
2.0,0.0,12.0,650.0,640.0,660.0,0.0104889963404,0.0104889963404
2.0,0.0,12.0,670.0,660.0,680.0,0.0114513154486,0.0114513154486
2.0,0.0,12.0,690.0,680.0,700.0,0.0116943945494,0.0116943945494
2.0,0.0,12.0,710.0,700.0,720.0,0.0114656132584,0.0114656132584
2.0,0.0,12.0,730.0,720.0,740.0,0.0110240773414,0.0110240773414
2.0,0.0,12.0,750.0,740.0,760.0,0.0102877368929,0.0102877368929
2.0,0.0,12.0,770.0,760.0,780.0,0.00972562274068,0.00972562274068
2.0,0.0,20.0,390.0,380.0,400.0,0.00242787268038,0.00242787268038
2.0,0.0,20.0,410.0,400.0,420.0,0.00457069718614,0.00457069718614
2.0,0.0,20.0,430.0,420.0,440.0,0.00508119166126,0.00508119166126
2.0,0.0,20.0,450.0,440.0,460.0,0.00670486720819,0.00670486720819
2.0,0.0,20.0,470.0,460.0,480.0,0.0074475055288,0.0074475055288
2.0,0.0,20.0,490.0,480.0,500.0,0.00743713315387,0.00743713315387
2.0,0.0,20.0,510.0,500.0,520.0,0.00693623479919,0.00693623479919
2.0,0.0,20.0,530.0,520.0,540.0,0.00632366211467,0.00632366211467
2.0,0.0,20.0,550.0,540.0,560.0,0.00599058946784,0.00599058946784
2.0,0.0,20.0,570.0,560.0,580.0,0.00512200403406,0.00512200403406
2.0,0.0,20.0,590.0,580.0,600.0,0.00535450461375,0.00535450461375
2.0,0.0,20.0,610.0,600.0,620.0,0.00501161009012,0.00501161009012
2.0,0.0,20.0,630.0,620.0,640.0,0.00575112789252,0.00575112789252
2.0,0.0,20.0,650.0,640.0,660.0,0.00627985831249,0.00627985831249
2.0,0.0,20.0,670.0,660.0,680.0,0.00680397548225,0.00680397548225
2.0,0.0,20.0,690.0,680.0,700.0,0.00690188745055,0.00690188745055
2.0,0.0,20.0,710.0,700.0,720.0,0.0067269429306,0.0067269429306
2.0,0.0,20.0,730.0,720.0,740.0,0.00643420753633,0.00643420753633
2.0,0.0,20.0,750.0,740.0,760.0,0.00597597158617,0.00597597158617
2.0,0.0,20.0,770.0,760.0,780.0,0.00562808969373,0.00562808969373
2.0,0.0,30.0,390.0,380.0,400.0,0.00204671268554,0.00204671268554
2.0,0.0,30.0,410.0,400.0,420.0,0.00365487502633,0.00365487502633
2.0,0.0,30.0,430.0,420.0,440.0,0.00388954006539,0.00388954006539
2.0,0.0,30.0,450.0,440.0,460.0,0.00494739699351,0.00494739699351
2.0,0.0,30.0,470.0,460.0,480.0,0.00532406585718,0.00532406585718
2.0,0.0,30.0,490.0,480.0,500.0,0.00516840457715,0.00516840457715
2.0,0.0,30.0,510.0,500.0,520.0,0.00469530079787,0.00469530079787
2.0,0.0,30.0,530.0,520.0,540.0,0.0041748312955,0.0041748312955
2.0,0.0,30.0,550.0,540.0,560.0,0.00386889245549,0.00386889245549
2.0,0.0,30.0,570.0,560.0,580.0,0.0032371333199,0.0032371333199
2.0,0.0,30.0,590.0,580.0,600.0,0.00332962952425,0.00332962952425
2.0,0.0,30.0,610.0,600.0,620.0,0.00306729812078,0.00306729812078
2.0,0.0,30.0,630.0,620.0,640.0,0.00348313716007,0.00348313716007
2.0,0.0,30.0,650.0,640.0,660.0,0.00376823010487,0.00376823010487
2.0,0.0,30.0,670.0,660.0,680.0,0.00404715081102,0.00404715081102
2.0,0.0,30.0,690.0,680.0,700.0,0.00407167021319,0.00407167021319
2.0,0.0,30.0,710.0,700.0,720.0,0.00393787915718,0.00393787915718
2.0,0.0,30.0,730.0,720.0,740.0,0.00373926198626,0.00373926198626
2.0,0.0,30.0,750.0,740.0,760.0,0.00344853254345,0.00344853254345
2.0,0.0,30.0,770.0,760.0,780.0,0.00322859771311,0.00322859771311
2.0,0.0,45.0,390.0,380.0,400.0,0.00150001356074,0.00150001356074
2.0,0.0,45.0,410.0,400.0,420.0,0.00257346408273,0.00257346408273
2.0,0.0,45.0,430.0,420.0,440.0,0.00265249665526,0.00265249665526
2.0,0.0,45.0,450.0,440.0,460.0,0.00328725545578,0.00328725545578
2.0,0.0,45.0,470.0,460.0,480.0,0.00346144365425,0.00346144365425
2.0,0.0,45.0,490.0,480.0,500.0,0.00329706809164,0.00329706809164
2.0,0.0,45.0,510.0,500.0,520.0,0.00294328253823,0.00294328253823
2.0,0.0,45.0,530.0,520.0,540.0,0.00257354055559,0.00257354055559
2.0,0.0,45.0,550.0,540.0,560.0,0.00235032932483,0.00235032932483
2.0,0.0,45.0,570.0,560.0,580.0,0.00193765368041,0.00193765368041
2.0,0.0,45.0,590.0,580.0,600.0,0.00197141299805,0.00197141299805
2.0,0.0,45.0,610.0,600.0,620.0,0.00179604249908,0.00179604249908
2.0,0.0,45.0,630.0,620.0,640.0,0.0020249329999,0.0020249329999
2.0,0.0,45.0,650.0,640.0,660.0,0.00217643437689,0.00217643437689
2.0,0.0,45.0,670.0,660.0,680.0,0.00232277752408,0.00232277752408
2.0,0.0,45.0,690.0,680.0,700.0,0.00232261632267,0.00232261632267
2.0,0.0,45.0,710.0,700.0,720.0,0.00223322336872,0.00223322336872
2.0,0.0,45.0,730.0,720.0,740.0,0.00210883058287,0.00210883058287
2.0,0.0,45.0,750.0,740.0,760.0,0.0019342525952,0.0019342525952
2.0,0.0,45.0,770.0,760.0,780.0,0.00180259505623,0.00180259505623
2.0,0.0,60.0,390.0,380.0,400.0,0.00116235004816,0.00116235004816
2.0,0.0,60.0,410.0,400.0,420.0,0.00194848443617,0.00194848443617
2.0,0.0,60.0,430.0,420.0,440.0,0.00197062993216,0.00197062993216
2.0,0.0,60.0,450.0,440.0,460.0,0.00240416916155,0.00240416916155
2.0,0.0,60.0,470.0,460.0,480.0,0.0024983320128,0.0024983320128
2.0,0.0,60.0,490.0,480.0,500.0,0.0023524054721,0.0023524054721
2.0,0.0,60.0,510.0,500.0,520.0,0.00207773126501,0.00207773126501
2.0,0.0,60.0,530.0,520.0,540.0,0.00179822895805,0.00179822895805
2.0,0.0,60.0,550.0,540.0,560.0,0.00162794064061,0.00162794064061
2.0,0.0,60.0,570.0,560.0,580.0,0.00132992251083,0.00132992251083
2.0,0.0,60.0,590.0,580.0,600.0,0.00134428698102,0.00134428698102
2.0,0.0,60.0,610.0,600.0,620.0,0.00121613147701,0.00121613147701
2.0,0.0,60.0,630.0,620.0,640.0,0.00136492175757,0.00136492175757
2.0,0.0,60.0,650.0,640.0,660.0,0.00146063346561,0.00146063346561
2.0,0.0,60.0,670.0,660.0,680.0,0.00155180218417,0.00155180218417
2.0,0.0,60.0,690.0,680.0,700.0,0.00154452838274,0.00154452838274
2.0,0.0,60.0,710.0,700.0,720.0,0.00147816876715,0.00147816876715
2.0,0.0,60.0,730.0,720.0,740.0,0.00138932167452,0.00138932167452
2.0,0.0,60.0,750.0,740.0,760.0,0.00126819008556,0.00126819008556
2.0,0.0,60.0,770.0,760.0,780.0,0.00117677495029,0.00117677495029
2.0,0.0,90.0,390.0,380.0,400.0,0.000877338249938,0.000877338249938
2.0,0.0,90.0,410.0,400.0,420.0,0.00144340115127,0.00144340115127
2.0,0.0,90.0,430.0,420.0,440.0,0.00143892031143,0.00143892031143
2.0,0.0,90.0,450.0,440.0,460.0,0.00173615495031,0.00173615495031
2.0,0.0,90.0,470.0,460.0,480.0,0.00178879245122,0.00178879245122
2.0,0.0,90.0,490.0,480.0,500.0,0.00167257391762,0.00167257391762
2.0,0.0,90.0,510.0,500.0,520.0,0.00146782383231,0.00146782383231
2.0,0.0,90.0,530.0,520.0,540.0,0.0012623176723,0.0012623176723
2.0,0.0,90.0,550.0,540.0,560.0,0.00113714738522,0.00113714738522
2.0,0.0,90.0,570.0,560.0,580.0,0.000923541356535,0.000923541356535
2.0,0.0,90.0,590.0,580.0,600.0,0.000930429597777,0.000930429597777
2.0,0.0,90.0,610.0,600.0,620.0,0.000837980792935,0.000837980792935
2.0,0.0,90.0,630.0,620.0,640.0,0.000938466052368,0.000938466052368
2.0,0.0,90.0,650.0,640.0,660.0,0.00100174937345,0.00100174937345
2.0,0.0,90.0,670.0,660.0,680.0,0.0010609476772,0.0010609476772
2.0,0.0,90.0,690.0,680.0,700.0,0.00105212979777,0.00105212979777
2.0,0.0,90.0,710.0,700.0,720.0,0.00100284432539,0.00100284432539
2.0,0.0,90.0,730.0,720.0,740.0,0.00093840895259,0.00093840895259
2.0,0.0,90.0,750.0,740.0,760.0,0.000852390730825,0.000852390730825
2.0,0.0,90.0,770.0,760.0,780.0,0.00078728560231,0.00078728560231
2.0,90.0,0.0,390.0,380.0,400.0,0.000668007053856,0.000668007053856
2.0,90.0,0.0,410.0,400.0,420.0,0.00119496078148,0.00119496078148
2.0,90.0,0.0,430.0,420.0,440.0,0.00127418054,0.00127418054
2.0,90.0,0.0,450.0,440.0,460.0,0.00161977674033,0.00161977674033
2.0,90.0,0.0,470.0,460.0,480.0,0.00173771628977,0.00173771628977
2.0,90.0,0.0,490.0,480.0,500.0,0.00167689769111,0.00167689769111
2.0,90.0,0.0,510.0,500.0,520.0,0.00150639819715,0.00150639819715
2.0,90.0,0.0,530.0,520.0,540.0,0.00131836681149,0.00131836681149
2.0,90.0,0.0,550.0,540.0,560.0,0.00122699651249,0.00122699651249
2.0,90.0,0.0,570.0,560.0,580.0,0.00102696748969,0.00102696748969
2.0,90.0,0.0,590.0,580.0,600.0,0.00111131841625,0.00111131841625
2.0,90.0,0.0,610.0,600.0,620.0,0.00107524742177,0.00107524742177
2.0,90.0,0.0,630.0,620.0,640.0,0.00134457609758,0.00134457609758
2.0,90.0,0.0,650.0,640.0,660.0,0.00160923678656,0.00160923678656
2.0,90.0,0.0,670.0,660.0,680.0,0.0019097612141,0.0019097612141
2.0,90.0,0.0,690.0,680.0,700.0,0.00211876824926,0.00211876824926
2.0,90.0,0.0,710.0,700.0,720.0,0.00225464666254,0.00225464666254
2.0,90.0,0.0,730.0,720.0,740.0,0.0023485447507,0.0023485447507
2.0,90.0,0.0,750.0,740.0,760.0,0.00236283759202,0.00236283759202
2.0,90.0,0.0,770.0,760.0,780.0,0.00241691188668,0.00241691188668
2.0,90.0,0.5,390.0,380.0,400.0,0.00068271372462,0.00068271372462
2.0,90.0,0.5,410.0,400.0,420.0,0.00122530361645,0.00122530361645
2.0,90.0,0.5,430.0,420.0,440.0,0.00131115380503,0.00131115380503
2.0,90.0,0.5,450.0,440.0,460.0,0.00167389419123,0.00167389419123
2.0,90.0,0.5,470.0,460.0,480.0,0.00180702102387,0.00180702102387
2.0,90.0,0.5,490.0,480.0,500.0,0.00176195664115,0.00176195664115
2.0,90.0,0.5,510.0,500.0,520.0,0.00161018737234,0.00161018737234
2.0,90.0,0.5,530.0,520.0,540.0,0.00144672543333,0.00144672543333
2.0,90.0,0.5,550.0,540.0,560.0,0.00139513812457,0.00139513812457
2.0,90.0,0.5,570.0,560.0,580.0,0.00122020362157,0.00122020362157
2.0,90.0,0.5,590.0,580.0,600.0,0.00138151376517,0.00138151376517
2.0,90.0,0.5,610.0,600.0,620.0,0.00139879341069,0.00139879341069
2.0,90.0,0.5,630.0,620.0,640.0,0.00181483984994,0.00181483984994
2.0,90.0,0.5,650.0,640.0,660.0,0.00223851323654,0.00223851323654
2.0,90.0,0.5,670.0,660.0,680.0,0.00271971739161,0.00271971739161
2.0,90.0,0.5,690.0,680.0,700.0,0.0030687637473,0.0030687637473
2.0,90.0,0.5,710.0,700.0,720.0,0.00330088994907,0.00330088994907
2.0,90.0,0.5,730.0,720.0,740.0,0.00345699497356,0.00345699497356
2.0,90.0,0.5,750.0,740.0,760.0,0.00348213435138,0.00348213435138
2.0,90.0,0.5,770.0,760.0,780.0,0.00355041348502,0.00355041348502
2.0,90.0,1.0,390.0,380.0,400.0,0.000703588137207,0.000703588137207
2.0,90.0,1.0,410.0,400.0,420.0,0.00126634861029,0.00126634861029
2.0,90.0,1.0,430.0,420.0,440.0,0.00136013248616,0.00136013248616
2.0,90.0,1.0,450.0,440.0,460.0,0.001747627512,0.001747627512
2.0,90.0,1.0,470.0,460.0,480.0,0.00190940086671,0.00190940086671
2.0,90.0,1.0,490.0,480.0,500.0,0.00190040878505,0.00190040878505
2.0,90.0,1.0,510.0,500.0,520.0,0.00179055131766,0.00179055131766
2.0,90.0,1.0,530.0,520.0,540.0,0.0016733568185,0.0016733568185
2.0,90.0,1.0,550.0,540.0,560.0,0.00168393829383,0.00168393829383
2.0,90.0,1.0,570.0,560.0,580.0,0.00153604398274,0.00153604398274
2.0,90.0,1.0,590.0,580.0,600.0,0.00179487600377,0.00179487600377
2.0,90.0,1.0,610.0,600.0,620.0,0.00186152217004,0.00186152217004
2.0,90.0,1.0,630.0,620.0,640.0,0.00244096341887,0.00244096341887
2.0,90.0,1.0,650.0,640.0,660.0,0.00302092976319,0.00302092976319
2.0,90.0,1.0,670.0,660.0,680.0,0.00366394263459,0.00366394263459
2.0,90.0,1.0,690.0,680.0,700.0,0.0041113824561,0.0041113824561
2.0,90.0,1.0,710.0,700.0,720.0,0.0043859801347,0.0043859801347
2.0,90.0,1.0,730.0,720.0,740.0,0.00454717438122,0.00454717438122
2.0,90.0,1.0,750.0,740.0,760.0,0.00452970329196,0.00452970329196
2.0,90.0,1.0,770.0,760.0,780.0,0.00456203435468,0.00456203435468
2.0,90.0,2.0,390.0,380.0,400.0,0.000743465499385,0.000743465499385
2.0,90.0,2.0,410.0,400.0,420.0,0.00134929294908,0.00134929294908
2.0,90.0,2.0,430.0,420.0,440.0,0.00147183972257,0.00147183972257
2.0,90.0,2.0,450.0,440.0,460.0,0.00194505164753,0.00194505164753
2.0,90.0,2.0,470.0,460.0,480.0,0.00222049978892,0.00222049978892
2.0,90.0,2.0,490.0,480.0,500.0,0.00234021403687,0.00234021403687
2.0,90.0,2.0,510.0,500.0,520.0,0.00234728145092,0.00234728145092
2.0,90.0,2.0,530.0,520.0,540.0,0.00232511234987,0.00232511234987
2.0,90.0,2.0,550.0,540.0,560.0,0.0024432366504,0.0024432366504
2.0,90.0,2.0,570.0,560.0,580.0,0.00229270864985,0.00229270864985
2.0,90.0,2.0,590.0,580.0,600.0,0.00269712221341,0.00269712221341
2.0,90.0,2.0,610.0,600.0,620.0,0.00278675633447,0.00278675633447
2.0,90.0,2.0,630.0,620.0,640.0,0.00359053647796,0.00359053647796
2.0,90.0,2.0,650.0,640.0,660.0,0.00434629017059,0.00434629017059
2.0,90.0,2.0,670.0,660.0,680.0,0.00514588135049,0.00514588135049
2.0,90.0,2.0,690.0,680.0,700.0,0.00563303021132,0.00563303021132
2.0,90.0,2.0,710.0,700.0,720.0,0.00586267829679,0.00586267829679
2.0,90.0,2.0,730.0,720.0,740.0,0.00593342158658,0.00593342158658
2.0,90.0,2.0,750.0,740.0,760.0,0.00577627675584,0.00577627675584
2.0,90.0,2.0,770.0,760.0,780.0,0.00568832624689,0.00568832624689
2.0,90.0,3.0,390.0,380.0,400.0,0.000789480934381,0.000789480934381
2.0,90.0,3.0,410.0,400.0,420.0,0.00145642003154,0.00145642003154
2.0,90.0,3.0,430.0,420.0,440.0,0.0016321028468,0.0016321028468
2.0,90.0,3.0,450.0,440.0,460.0,0.00223847538852,0.00223847538852
2.0,90.0,3.0,470.0,460.0,480.0,0.00266264148022,0.00266264148022
2.0,90.0,3.0,490.0,480.0,500.0,0.00290846382339,0.00290846382339
2.0,90.0,3.0,510.0,500.0,520.0,0.00298763168337,0.00298763168337
2.0,90.0,3.0,530.0,520.0,540.0,0.00298938961056,0.00298938961056
2.0,90.0,3.0,550.0,540.0,560.0,0.00313048131209,0.00313048131209
2.0,90.0,3.0,570.0,560.0,580.0,0.00290373150002,0.00290373150002
2.0,90.0,3.0,590.0,580.0,600.0,0.00334967334619,0.00334967334619
2.0,90.0,3.0,610.0,600.0,620.0,0.0033878973335,0.0033878973335
2.0,90.0,3.0,630.0,620.0,640.0,0.00426073391037,0.00426073391037
2.0,90.0,3.0,650.0,640.0,660.0,0.00503768042254,0.00503768042254
2.0,90.0,3.0,670.0,660.0,680.0,0.00583357910317,0.00583357910317
2.0,90.0,3.0,690.0,680.0,700.0,0.00625523774647,0.00625523774647
2.0,90.0,3.0,710.0,700.0,720.0,0.00638679191804,0.00638679191804
2.0,90.0,3.0,730.0,720.0,740.0,0.00635065125862,0.00635065125862
2.0,90.0,3.0,750.0,740.0,760.0,0.00608319899385,0.00608319899385
2.0,90.0,3.0,770.0,760.0,780.0,0.00590064715461,0.00590064715461
2.0,90.0,5.0,390.0,380.0,400.0,0.000910669747002,0.000910669747002
2.0,90.0,5.0,410.0,400.0,420.0,0.00174825151984,0.00174825151984
2.0,90.0,5.0,430.0,420.0,440.0,0.00204675305414,0.00204675305414
2.0,90.0,5.0,450.0,440.0,460.0,0.00291276920988,0.00291276920988
2.0,90.0,5.0,470.0,460.0,480.0,0.00353660443665,0.00353660443665
2.0,90.0,5.0,490.0,480.0,500.0,0.00386635821272,0.00386635821272
2.0,90.0,5.0,510.0,500.0,520.0,0.00390947356155,0.00390947356155
2.0,90.0,5.0,530.0,520.0,540.0,0.003808115888,0.003808115888
2.0,90.0,5.0,550.0,540.0,560.0,0.00385324645113,0.00385324645113
2.0,90.0,5.0,570.0,560.0,580.0,0.00344835339854,0.00344835339854
2.0,90.0,5.0,590.0,580.0,600.0,0.00383041912958,0.00383041912958
2.0,90.0,5.0,610.0,600.0,620.0,0.00374051172855,0.00374051172855
2.0,90.0,5.0,630.0,620.0,640.0,0.0045447315172,0.0045447315172
2.0,90.0,5.0,650.0,640.0,660.0,0.00520688864844,0.00520688864844
2.0,90.0,5.0,670.0,660.0,680.0,0.00586034262857,0.00586034262857
2.0,90.0,5.0,690.0,680.0,700.0,0.00612495116336,0.00612495116336
2.0,90.0,5.0,710.0,700.0,720.0,0.00611093024699,0.00611093024699
2.0,90.0,5.0,730.0,720.0,740.0,0.00595101168659,0.00595101168659
2.0,90.0,5.0,750.0,740.0,760.0,0.0055946804195,0.0055946804195
2.0,90.0,5.0,770.0,760.0,780.0,0.00533409322663,0.00533409322663
2.0,90.0,8.0,390.0,380.0,400.0,0.00112083585246,0.00112083585246
2.0,90.0,8.0,410.0,400.0,420.0,0.00218583216712,0.00218583216712
2.0,90.0,8.0,430.0,420.0,440.0,0.00255953884072,0.00255953884072
2.0,90.0,8.0,450.0,440.0,460.0,0.00358336206401,0.00358336206401
2.0,90.0,8.0,470.0,460.0,480.0,0.00422317353818,0.00422317353818
2.0,90.0,8.0,490.0,480.0,500.0,0.00444543422116,0.00444543422116
2.0,90.0,8.0,510.0,500.0,520.0,0.00431622732597,0.00431622732597
2.0,90.0,8.0,530.0,520.0,540.0,0.00404009616396,0.00404009616396
2.0,90.0,8.0,550.0,540.0,560.0,0.00393174949359,0.00393174949359
2.0,90.0,8.0,570.0,560.0,580.0,0.00339832172055,0.00339832172055
2.0,90.0,8.0,590.0,580.0,600.0,0.00364938098852,0.00364938098852
2.0,90.0,8.0,610.0,600.0,620.0,0.00346094458795,0.00346094458795
2.0,90.0,8.0,630.0,620.0,640.0,0.00408847092751,0.00408847092751
2.0,90.0,8.0,650.0,640.0,660.0,0.0045690995305,0.0045690995305
2.0,90.0,8.0,670.0,660.0,680.0,0.00503134424174,0.00503134424174
2.0,90.0,8.0,690.0,680.0,700.0,0.00515836859752,0.00515836859752
2.0,90.0,8.0,710.0,700.0,720.0,0.00505980011982,0.00505980011982
2.0,90.0,8.0,730.0,720.0,740.0,0.0048536834883,0.0048536834883
2.0,90.0,8.0,750.0,740.0,760.0,0.00450291134063,0.00450291134063
2.0,90.0,8.0,770.0,760.0,780.0,0.00424120635434,0.00424120635434
2.0,90.0,12.0,390.0,380.0,400.0,0.00131493431579,0.00131493431579
2.0,90.0,12.0,410.0,400.0,420.0,0.00249754401238,0.00249754401238
2.0,90.0,12.0,430.0,420.0,440.0,0.0028254639681,0.0028254639681
2.0,90.0,12.0,450.0,440.0,460.0,0.00380524384253,0.00380524384253
2.0,90.0,12.0,470.0,460.0,480.0,0.00430992884832,0.00430992884832
2.0,90.0,12.0,490.0,480.0,500.0,0.00436719167329,0.00436719167329
2.0,90.0,12.0,510.0,500.0,520.0,0.00409626950348,0.00409626950348
2.0,90.0,12.0,530.0,520.0,540.0,0.00371948691479,0.00371948691479
2.0,90.0,12.0,550.0,540.0,560.0,0.00351976348634,0.00351976348634
2.0,90.0,12.0,570.0,560.0,580.0,0.00297156933789,0.00297156933789
2.0,90.0,12.0,590.0,580.0,600.0,0.00311841727328,0.00311841727328
2.0,90.0,12.0,610.0,600.0,620.0,0.00290118340702,0.00290118340702
2.0,90.0,12.0,630.0,620.0,640.0,0.00336298438991,0.00336298438991
2.0,90.0,12.0,650.0,640.0,660.0,0.00369698906406,0.00369698906406
2.0,90.0,12.0,670.0,660.0,680.0,0.0040136241394,0.0040136241394
2.0,90.0,12.0,690.0,680.0,700.0,0.00406465485121,0.00406465485121
2.0,90.0,12.0,710.0,700.0,720.0,0.00394442398205,0.00394442398205
2.0,90.0,12.0,730.0,720.0,740.0,0.00374834513046,0.00374834513046
2.0,90.0,12.0,750.0,740.0,760.0,0.00344926150654,0.00344926150654
2.0,90.0,12.0,770.0,760.0,780.0,0.00322450963396,0.00322450963396
2.0,90.0,20.0,390.0,380.0,400.0,0.00139706687053,0.00139706687053
2.0,90.0,20.0,410.0,400.0,420.0,0.0025120412077,0.0025120412077
2.0,90.0,20.0,430.0,420.0,440.0,0.00269655380599,0.00269655380599
2.0,90.0,20.0,450.0,440.0,460.0,0.00345958753867,0.00345958753867
2.0,90.0,20.0,470.0,460.0,480.0,0.00375074457581,0.00375074457581
2.0,90.0,20.0,490.0,480.0,500.0,0.00365732011241,0.00365732011241
2.0,90.0,20.0,510.0,500.0,520.0,0.00331991474528,0.00331991474528
2.0,90.0,20.0,530.0,520.0,540.0,0.00293290264083,0.00293290264083
2.0,90.0,20.0,550.0,540.0,560.0,0.00270735039612,0.00270735039612
2.0,90.0,20.0,570.0,560.0,580.0,0.00224023280466,0.00224023280466
2.0,90.0,20.0,590.0,580.0,600.0,0.00230387519288,0.00230387519288
2.0,90.0,20.0,610.0,600.0,620.0,0.00210848694398,0.00210848694398
2.0,90.0,20.0,630.0,620.0,640.0,0.00240359725005,0.00240359725005
2.0,90.0,20.0,650.0,640.0,660.0,0.00260458762181,0.00260458762181
2.0,90.0,20.0,670.0,660.0,680.0,0.00279324398709,0.00279324398709
2.0,90.0,20.0,690.0,680.0,700.0,0.00279921690397,0.00279921690397
2.0,90.0,20.0,710.0,700.0,720.0,0.00269186335668,0.00269186335668
2.0,90.0,20.0,730.0,720.0,740.0,0.00253795292899,0.00253795292899
2.0,90.0,20.0,750.0,740.0,760.0,0.00231973728979,0.00231973728979
2.0,90.0,20.0,770.0,760.0,780.0,0.00215506426851,0.00215506426851
2.0,90.0,30.0,390.0,380.0,400.0,0.00129806921945,0.00129806921945
2.0,90.0,30.0,410.0,400.0,420.0,0.00224553212727,0.00224553212727
2.0,90.0,30.0,430.0,420.0,440.0,0.00233085891595,0.00233085891595
2.0,90.0,30.0,450.0,440.0,460.0,0.00290513693272,0.00290513693272
2.0,90.0,30.0,470.0,460.0,480.0,0.0030725744793,0.0030725744793
2.0,90.0,30.0,490.0,480.0,500.0,0.00293389415852,0.00293389415852
2.0,90.0,30.0,510.0,500.0,520.0,0.00261740984514,0.00261740984514
2.0,90.0,30.0,530.0,520.0,540.0,0.00227969403429,0.00227969403429
2.0,90.0,30.0,550.0,540.0,560.0,0.00207772726732,0.00207772726732
2.0,90.0,30.0,570.0,560.0,580.0,0.00170199807237,0.00170199807237
2.0,90.0,30.0,590.0,580.0,600.0,0.00173226686902,0.00173226686902
2.0,90.0,30.0,610.0,600.0,620.0,0.00157226156294,0.00157226156294
2.0,90.0,30.0,630.0,620.0,640.0,0.0017768733727,0.0017768733727
2.0,90.0,30.0,650.0,640.0,660.0,0.00191126199315,0.00191126199315
2.0,90.0,30.0,670.0,660.0,680.0,0.00203692859201,0.00203692859201
2.0,90.0,30.0,690.0,680.0,700.0,0.0020304472665,0.0020304472665
2.0,90.0,30.0,710.0,700.0,720.0,0.00194365426345,0.00194365426345
2.0,90.0,30.0,730.0,720.0,740.0,0.00182528092506,0.00182528092506
2.0,90.0,30.0,750.0,740.0,760.0,0.0016627368612,0.0016627368612
2.0,90.0,30.0,770.0,760.0,780.0,0.0015398720698,0.0015398720698
2.0,90.0,45.0,390.0,380.0,400.0,0.00110879115069,0.00110879115069
2.0,90.0,45.0,410.0,400.0,420.0,0.00186599416385,0.00186599416385
2.0,90.0,45.0,430.0,420.0,440.0,0.00189344201827,0.00189344201827
2.0,90.0,45.0,450.0,440.0,460.0,0.00231618458217,0.00231618458217
2.0,90.0,45.0,470.0,460.0,480.0,0.00241201914422,0.00241201914422
2.0,90.0,45.0,490.0,480.0,500.0,0.00227396908435,0.00227396908435
2.0,90.0,45.0,510.0,500.0,520.0,0.00200793490167,0.00200793490167
2.0,90.0,45.0,530.0,520.0,540.0,0.00173460565947,0.00173460565947
2.0,90.0,45.0,550.0,540.0,560.0,0.00156922495024,0.00156922495024
2.0,90.0,45.0,570.0,560.0,580.0,0.00127816128864,0.00127816128864
2.0,90.0,45.0,590.0,580.0,600.0,0.00129277991057,0.00129277991057
2.0,90.0,45.0,610.0,600.0,620.0,0.00116766656989,0.00116766656989
2.0,90.0,45.0,630.0,620.0,640.0,0.00131255429924,0.00131255429924
2.0,90.0,45.0,650.0,640.0,660.0,0.00140540850172,0.00140540850172
2.0,90.0,45.0,670.0,660.0,680.0,0.00149213857392,0.00149213857392
2.0,90.0,45.0,690.0,680.0,700.0,0.00148264503474,0.00148264503474
2.0,90.0,45.0,710.0,700.0,720.0,0.00141540935316,0.00141540935316
2.0,90.0,45.0,730.0,720.0,740.0,0.00132611027073,0.00132611027073
2.0,90.0,45.0,750.0,740.0,760.0,0.00120565859372,0.00120565859372
2.0,90.0,45.0,770.0,760.0,780.0,0.00111451945933,0.00111451945933
2.0,90.0,60.0,390.0,380.0,400.0,0.000986812785427,0.000986812785427
2.0,90.0,60.0,410.0,400.0,420.0,0.00163777495545,0.00163777495545
2.0,90.0,60.0,430.0,420.0,440.0,0.00164316622411,0.00164316622411
2.0,90.0,60.0,450.0,440.0,460.0,0.00199163635765,0.00199163635765
2.0,90.0,60.0,470.0,460.0,480.0,0.00205858345234,0.00205858345234
2.0,90.0,60.0,490.0,480.0,500.0,0.00192905522715,0.00192905522715
2.0,90.0,60.0,510.0,500.0,520.0,0.0016952548891,0.0016952548891
2.0,90.0,60.0,530.0,520.0,540.0,0.00145905142931,0.00145905142931
2.0,90.0,60.0,550.0,540.0,560.0,0.00131547886803,0.00131547886803
2.0,90.0,60.0,570.0,560.0,580.0,0.00106877912078,0.00106877912078
2.0,90.0,60.0,590.0,580.0,600.0,0.00107787332583,0.00107787332583
2.0,90.0,60.0,610.0,600.0,620.0,0.000971405788662,0.000971405788662
2.0,90.0,60.0,630.0,620.0,640.0,0.00108916617722,0.00108916617722
2.0,90.0,60.0,650.0,640.0,660.0,0.00116371653836,0.00116371653836
2.0,90.0,60.0,670.0,660.0,680.0,0.00123335591889,0.00123335591889
2.0,90.0,60.0,690.0,680.0,700.0,0.00122372823613,0.00122372823613
2.0,90.0,60.0,710.0,700.0,720.0,0.00116682114918,0.00116682114918
2.0,90.0,60.0,730.0,720.0,740.0,0.00109210351348,0.00109210351348
2.0,90.0,60.0,750.0,740.0,760.0,0.000992101271313,0.000992101271313
2.0,90.0,60.0,770.0,760.0,780.0,0.000916410062198,0.000916410062198
2.0,90.0,90.0,390.0,380.0,400.0,0.000877338265457,0.000877338265457
2.0,90.0,90.0,410.0,400.0,420.0,0.001443401169,0.001443401169
2.0,90.0,90.0,430.0,420.0,440.0,0.00143892032364,0.00143892032364
2.0,90.0,90.0,450.0,440.0,460.0,0.00173615496077,0.00173615496077
2.0,90.0,90.0,470.0,460.0,480.0,0.00178879245911,0.00178879245911
2.0,90.0,90.0,490.0,480.0,500.0,0.00167257392331,0.00167257392331
2.0,90.0,90.0,510.0,500.0,520.0,0.00146782383664,0.00146782383664
2.0,90.0,90.0,530.0,520.0,540.0,0.00126231767584,0.00126231767584
2.0,90.0,90.0,550.0,540.0,560.0,0.00113714738726,0.00113714738726
2.0,90.0,90.0,570.0,560.0,580.0,0.000923541357635,0.000923541357635
2.0,90.0,90.0,590.0,580.0,600.0,0.000930429596961,0.000930429596961
2.0,90.0,90.0,610.0,600.0,620.0,0.00083798079097,0.00083798079097
2.0,90.0,90.0,630.0,620.0,640.0,0.000938466049324,0.000938466049324
2.0,90.0,90.0,650.0,640.0,660.0,0.00100174937032,0.00100174937032
2.0,90.0,90.0,670.0,660.0,680.0,0.0010609476744,0.0010609476744
2.0,90.0,90.0,690.0,680.0,700.0,0.00105212979556,0.00105212979556
2.0,90.0,90.0,710.0,700.0,720.0,0.00100284432375,0.00100284432375
2.0,90.0,90.0,730.0,720.0,740.0,0.00093840895138,0.00093840895138
2.0,90.0,90.0,750.0,740.0,760.0,0.000852390729773,0.000852390729773
2.0,90.0,90.0,770.0,760.0,780.0,0.000787285601571,0.000787285601571
2.0,180.0,0.0,390.0,380.0,400.0,0.000605157572497,0.000605157572497
2.0,180.0,0.0,410.0,400.0,420.0,0.00107372634989,0.00107372634989
2.0,180.0,0.0,430.0,420.0,440.0,0.00113593208184,0.00113593208184
2.0,180.0,0.0,450.0,440.0,460.0,0.00143247884487,0.00143247884487
2.0,180.0,0.0,470.0,460.0,480.0,0.00152346656143,0.00152346656143
2.0,180.0,0.0,490.0,480.0,500.0,0.00145403034646,0.00145403034646
2.0,180.0,0.0,510.0,500.0,520.0,0.001284730434,0.001284730434
2.0,180.0,0.0,530.0,520.0,540.0,0.00109700210467,0.00109700210467
2.0,180.0,0.0,550.0,540.0,560.0,0.000995326126824,0.000995326126824
2.0,180.0,0.0,570.0,560.0,580.0,0.000800986946162,0.000800986946162
2.0,180.0,0.0,590.0,580.0,600.0,0.000839213062987,0.000839213062987
2.0,180.0,0.0,610.0,600.0,620.0,0.000774118331463,0.000774118331463
2.0,180.0,0.0,630.0,620.0,640.0,0.000930052888674,0.000930052888674
2.0,180.0,0.0,650.0,640.0,660.0,0.00106035620221,0.00106035620221
2.0,180.0,0.0,670.0,660.0,680.0,0.00118679129815,0.00118679129815
2.0,180.0,0.0,690.0,680.0,700.0,0.00123134452768,0.00123134452768
2.0,180.0,0.0,710.0,700.0,720.0,0.00121724702907,0.00121724702907
2.0,180.0,0.0,730.0,720.0,740.0,0.00117179162231,0.00117179162231
2.0,180.0,0.0,750.0,740.0,760.0,0.00108390219828,0.00108390219828
2.0,180.0,0.0,770.0,760.0,780.0,0.00102082670027,0.00102082670027
2.0,180.0,0.5,390.0,380.0,400.0,0.00063267419385,0.00063267419385
2.0,180.0,0.5,410.0,400.0,420.0,0.0011211714896,0.0011211714896
2.0,180.0,0.5,430.0,420.0,440.0,0.00118452168108,0.00118452168108
2.0,180.0,0.5,450.0,440.0,460.0,0.00149140235197,0.00149140235197
2.0,180.0,0.5,470.0,460.0,480.0,0.00158310933598,0.00158310933598
2.0,180.0,0.5,490.0,480.0,500.0,0.00150744271804,0.00150744271804
2.0,180.0,0.5,510.0,500.0,520.0,0.00132815367637,0.00132815367637
2.0,180.0,0.5,530.0,520.0,540.0,0.00113020038063,0.00113020038063
2.0,180.0,0.5,550.0,540.0,560.0,0.00102141760288,0.00102141760288
2.0,180.0,0.5,570.0,560.0,580.0,0.000818294037658,0.000818294037658
2.0,180.0,0.5,590.0,580.0,600.0,0.000853265498815,0.000853265498815
2.0,180.0,0.5,610.0,600.0,620.0,0.000782933486069,0.000782933486069
2.0,180.0,0.5,630.0,620.0,640.0,0.000935399511725,0.000935399511725
2.0,180.0,0.5,650.0,640.0,660.0,0.00105995701939,0.00105995701939
2.0,180.0,0.5,670.0,660.0,680.0,0.00117853074041,0.00117853074041
2.0,180.0,0.5,690.0,680.0,700.0,0.00121420666804,0.00121420666804
2.0,180.0,0.5,710.0,700.0,720.0,0.00119149931813,0.00119149931813
2.0,180.0,0.5,730.0,720.0,740.0,0.00113832071011,0.00113832071011
2.0,180.0,0.5,750.0,740.0,760.0,0.00104484355851,0.00104484355851
2.0,180.0,0.5,770.0,760.0,780.0,0.00097634815036,0.00097634815036
2.0,180.0,1.0,390.0,380.0,400.0,0.000650581230239,0.000650581230239
2.0,180.0,1.0,410.0,400.0,420.0,0.00115342723437,0.00115342723437
2.0,180.0,1.0,430.0,420.0,440.0,0.00121847066645,0.00121847066645
2.0,180.0,1.0,450.0,440.0,460.0,0.00153297581901,0.00153297581901
2.0,180.0,1.0,470.0,460.0,480.0,0.00162479752821,0.00162479752821
2.0,180.0,1.0,490.0,480.0,500.0,0.00154356975997,0.00154356975997
2.0,180.0,1.0,510.0,500.0,520.0,0.00135567710559,0.00135567710559
2.0,180.0,1.0,530.0,520.0,540.0,0.00114903103934,0.00114903103934
2.0,180.0,1.0,550.0,540.0,560.0,0.00103382020081,0.00103382020081
2.0,180.0,1.0,570.0,560.0,580.0,0.00082402509071,0.00082402509071
2.0,180.0,1.0,590.0,580.0,600.0,0.000854717708382,0.000854717708382
2.0,180.0,1.0,610.0,600.0,620.0,0.00077973116768,0.00077973116768
2.0,180.0,1.0,630.0,620.0,640.0,0.000925858968711,0.000925858968711
2.0,180.0,1.0,650.0,640.0,660.0,0.00104221868806,0.00104221868806
2.0,180.0,1.0,670.0,660.0,680.0,0.00115075370721,0.00115075370721
2.0,180.0,1.0,690.0,680.0,700.0,0.00117710014385,0.00117710014385
2.0,180.0,1.0,710.0,700.0,720.0,0.00114670805593,0.00114670805593
2.0,180.0,1.0,730.0,720.0,740.0,0.00108759010922,0.00108759010922
2.0,180.0,1.0,750.0,740.0,760.0,0.000991172974772,0.000991172974772
2.0,180.0,1.0,770.0,760.0,780.0,0.000919642351711,0.000919642351711
2.0,180.0,2.0,390.0,380.0,400.0,0.000680456846814,0.000680456846814
2.0,180.0,2.0,410.0,400.0,420.0,0.00120599715222,0.00120599715222
2.0,180.0,2.0,430.0,420.0,440.0,0.00127160373615,0.00127160373615
2.0,180.0,2.0,450.0,440.0,460.0,0.00159421290377,0.00159421290377
2.0,180.0,2.0,470.0,460.0,480.0,0.00168219481527,0.00168219481527
2.0,180.0,2.0,490.0,480.0,500.0,0.00159276053335,0.00159276053335
2.0,180.0,2.0,510.0,500.0,520.0,0.00140124688888,0.00140124688888
2.0,180.0,2.0,530.0,520.0,540.0,0.00120255994858,0.00120255994858
2.0,180.0,2.0,550.0,540.0,560.0,0.00111336195423,0.00111336195423
2.0,180.0,2.0,570.0,560.0,580.0,0.000931868632228,0.000931868632228
2.0,180.0,2.0,590.0,580.0,600.0,0.00103151459481,0.00103151459481
2.0,180.0,2.0,610.0,600.0,620.0,0.00102094840154,0.00102094840154
2.0,180.0,2.0,630.0,620.0,640.0,0.00132214002979,0.00132214002979
2.0,180.0,2.0,650.0,640.0,660.0,0.00163225864189,0.00163225864189
2.0,180.0,2.0,670.0,660.0,680.0,0.00198401263517,0.00198401263517
2.0,180.0,2.0,690.0,680.0,700.0,0.00223712339764,0.00223712339764
2.0,180.0,2.0,710.0,700.0,720.0,0.00240128135224,0.00240128135224
2.0,180.0,2.0,730.0,720.0,740.0,0.00250508910449,0.00250508910449
2.0,180.0,2.0,750.0,740.0,760.0,0.00250585104838,0.00250585104838
2.0,180.0,2.0,770.0,760.0,780.0,0.00254052198455,0.00254052198455
2.0,180.0,3.0,390.0,380.0,400.0,0.000711061864422,0.000711061864422
2.0,180.0,3.0,410.0,400.0,420.0,0.00125724049336,0.00125724049336
2.0,180.0,3.0,430.0,420.0,440.0,0.00132103672992,0.00132103672992
2.0,180.0,3.0,450.0,440.0,460.0,0.00165391012005,0.00165391012005
2.0,180.0,3.0,470.0,460.0,480.0,0.00175907765064,0.00175907765064
2.0,180.0,3.0,490.0,480.0,500.0,0.00171212795343,0.00171212795343
2.0,180.0,3.0,510.0,500.0,520.0,0.00159425917119,0.00159425917119
2.0,180.0,3.0,530.0,520.0,540.0,0.00149581231542,0.00149581231542
2.0,180.0,3.0,550.0,540.0,560.0,0.00154210545635,0.00154210545635
2.0,180.0,3.0,570.0,560.0,580.0,0.00145128142736,0.00145128142736
2.0,180.0,3.0,590.0,580.0,600.0,0.00175797927268,0.00175797927268
2.0,180.0,3.0,610.0,600.0,620.0,0.00187848327033,0.00187848327033
2.0,180.0,3.0,630.0,620.0,640.0,0.00252449423638,0.00252449423638
2.0,180.0,3.0,650.0,640.0,660.0,0.00318079515403,0.00318079515403
2.0,180.0,3.0,670.0,660.0,680.0,0.00390470200858,0.00390470200858
2.0,180.0,3.0,690.0,680.0,700.0,0.00441303799887,0.00441303799887
2.0,180.0,3.0,710.0,700.0,720.0,0.00472245826174,0.00472245826174
2.0,180.0,3.0,730.0,720.0,740.0,0.00489488582531,0.00489488582531
2.0,180.0,3.0,750.0,740.0,760.0,0.00486043417639,0.00486043417639
2.0,180.0,3.0,770.0,760.0,780.0,0.00487186457177,0.00487186457177
2.0,180.0,5.0,390.0,380.0,400.0,0.000767053456483,0.000767053456483
2.0,180.0,5.0,410.0,400.0,420.0,0.00135719555815,0.00135719555815
2.0,180.0,5.0,430.0,420.0,440.0,0.00144903419007,0.00144903419007
2.0,180.0,5.0,450.0,440.0,460.0,0.00189977003897,0.00189977003897
2.0,180.0,5.0,470.0,460.0,480.0,0.00219690733221,0.00219690733221
2.0,180.0,5.0,490.0,480.0,500.0,0.0023889066716,0.0023889066716
2.0,180.0,5.0,510.0,500.0,520.0,0.00249196280528,0.00249196280528
2.0,180.0,5.0,530.0,520.0,540.0,0.00256484554087,0.00256484554087
2.0,180.0,5.0,550.0,540.0,560.0,0.00279153247955,0.00279153247955
2.0,180.0,5.0,570.0,560.0,580.0,0.0026847268944,0.0026847268944
2.0,180.0,5.0,590.0,580.0,600.0,0.0032106592848,0.0032106592848
2.0,180.0,5.0,610.0,600.0,620.0,0.00334236464893,0.00334236464893
2.0,180.0,5.0,630.0,620.0,640.0,0.00431354012296,0.00431354012296
2.0,180.0,5.0,650.0,640.0,660.0,0.00521031916857,0.00521031916857
2.0,180.0,5.0,670.0,660.0,680.0,0.00613768861549,0.00613768861549
2.0,180.0,5.0,690.0,680.0,700.0,0.00667000292002,0.00667000292002
2.0,180.0,5.0,710.0,700.0,720.0,0.00688002147194,0.00688002147194
2.0,180.0,5.0,730.0,720.0,740.0,0.00689206034596,0.00689206034596
2.0,180.0,5.0,750.0,740.0,760.0,0.0066327003361,0.0066327003361
2.0,180.0,5.0,770.0,760.0,780.0,0.00645780056735,0.00645780056735
2.0,180.0,8.0,390.0,380.0,400.0,0.000888652628157,0.000888652628157
2.0,180.0,8.0,410.0,400.0,420.0,0.00165127231545,0.00165127231545
2.0,180.0,8.0,430.0,420.0,440.0,0.00189599018922,0.00189599018922
2.0,180.0,8.0,450.0,440.0,460.0,0.00269259684092,0.00269259684092
2.0,180.0,8.0,470.0,460.0,480.0,0.00331381792059,0.00331381792059
2.0,180.0,8.0,490.0,480.0,500.0,0.00370305780038,0.00370305780038
2.0,180.0,8.0,510.0,500.0,520.0,0.00383013592915,0.00383013592915
2.0,180.0,8.0,530.0,520.0,540.0,0.00380926113474,0.00380926113474
2.0,180.0,8.0,550.0,540.0,560.0,0.00395053579105,0.00395053579105
2.0,180.0,8.0,570.0,560.0,580.0,0.0036014700483,0.0036014700483
2.0,180.0,8.0,590.0,580.0,600.0,0.00408843300972,0.00408843300972
2.0,180.0,8.0,610.0,600.0,620.0,0.00405284912321,0.00405284912321
2.0,180.0,8.0,630.0,620.0,640.0,0.00500475216853,0.00500475216853
2.0,180.0,8.0,650.0,640.0,660.0,0.00580914840386,0.00580914840386
2.0,180.0,8.0,670.0,660.0,680.0,0.00660198152849,0.00660198152849
2.0,180.0,8.0,690.0,680.0,700.0,0.00694791104306,0.00694791104306
2.0,180.0,8.0,710.0,700.0,720.0,0.00696394606525,0.00696394606525
2.0,180.0,8.0,730.0,720.0,740.0,0.00679953079987,0.00679953079987
2.0,180.0,8.0,750.0,740.0,760.0,0.00639554550629,0.00639554550629
2.0,180.0,8.0,770.0,760.0,780.0,0.00610020778529,0.00610020778529
2.0,180.0,12.0,390.0,380.0,400.0,0.00112343091989,0.00112343091989
2.0,180.0,12.0,410.0,400.0,420.0,0.00216235480816,0.00216235480816
2.0,180.0,12.0,430.0,420.0,440.0,0.00253311559132,0.00253311559132
2.0,180.0,12.0,450.0,440.0,460.0,0.00358575747159,0.00358575747159
2.0,180.0,12.0,470.0,460.0,480.0,0.00430129282989,0.00430129282989
2.0,180.0,12.0,490.0,480.0,500.0,0.00461563018462,0.00461563018462
2.0,180.0,12.0,510.0,500.0,520.0,0.00455674659333,0.00455674659333
2.0,180.0,12.0,530.0,520.0,540.0,0.00432320786338,0.00432320786338
2.0,180.0,12.0,550.0,540.0,560.0,0.00427772067198,0.00427772067198
2.0,180.0,12.0,570.0,560.0,580.0,0.00373960845748,0.00373960845748
2.0,180.0,12.0,590.0,580.0,600.0,0.00408069685076,0.00408069685076
2.0,180.0,12.0,610.0,600.0,620.0,0.00391085390376,0.00391085390376
2.0,180.0,12.0,630.0,620.0,640.0,0.00468103944212,0.00468103944212
2.0,180.0,12.0,650.0,640.0,660.0,0.00528670025569,0.00528670025569
2.0,180.0,12.0,670.0,660.0,680.0,0.0058667874854,0.0058667874854
2.0,180.0,12.0,690.0,680.0,700.0,0.00604777410435,0.00604777410435
2.0,180.0,12.0,710.0,700.0,720.0,0.00595355917953,0.00595355917953
2.0,180.0,12.0,730.0,720.0,740.0,0.00572256417016,0.00572256417016
2.0,180.0,12.0,750.0,740.0,760.0,0.00531049098377,0.00531049098377
2.0,180.0,12.0,770.0,760.0,780.0,0.00500341471749,0.00500341471749
2.0,180.0,20.0,390.0,380.0,400.0,0.00142259020786,0.00142259020786
2.0,180.0,20.0,410.0,400.0,420.0,0.00265919496396,0.00265919496396
2.0,180.0,20.0,430.0,420.0,440.0,0.00298519057598,0.00298519057598
2.0,180.0,20.0,450.0,440.0,460.0,0.00401235040903,0.00401235040903
2.0,180.0,20.0,470.0,460.0,480.0,0.00455161049043,0.00455161049043
2.0,180.0,20.0,490.0,480.0,500.0,0.0046246645698,0.0046246645698
2.0,180.0,20.0,510.0,500.0,520.0,0.00434618934502,0.00434618934502
2.0,180.0,20.0,530.0,520.0,540.0,0.00394990435127,0.00394990435127
2.0,180.0,20.0,550.0,540.0,560.0,0.00374948920784,0.00374948920784
2.0,180.0,20.0,570.0,560.0,580.0,0.00316829297351,0.00316829297351
2.0,180.0,20.0,590.0,580.0,600.0,0.00333824960613,0.00333824960613
2.0,180.0,20.0,610.0,600.0,620.0,0.00311035262813,0.00311035262813
2.0,180.0,20.0,630.0,620.0,640.0,0.00361770178481,0.00361770178481
2.0,180.0,20.0,650.0,640.0,660.0,0.00398613756075,0.00398613756075
2.0,180.0,20.0,670.0,660.0,680.0,0.00433208219133,0.00433208219133
2.0,180.0,20.0,690.0,680.0,700.0,0.00438739545016,0.00438739545016
2.0,180.0,20.0,710.0,700.0,720.0,0.00425444378169,0.00425444378169
2.0,180.0,20.0,730.0,720.0,740.0,0.004037191841,0.004037191841
2.0,180.0,20.0,750.0,740.0,760.0,0.00370678939808,0.00370678939808
2.0,180.0,20.0,770.0,760.0,780.0,0.0034580386413,0.0034580386413
2.0,180.0,30.0,390.0,380.0,400.0,0.00144976901194,0.00144976901194
2.0,180.0,30.0,410.0,400.0,420.0,0.00259715891647,0.00259715891647
2.0,180.0,30.0,430.0,420.0,440.0,0.00279574977972,0.00279574977972
2.0,180.0,30.0,450.0,440.0,460.0,0.00361076249666,0.00361076249666
2.0,180.0,30.0,470.0,460.0,480.0,0.00394787979239,0.00394787979239
2.0,180.0,30.0,490.0,480.0,500.0,0.00388203389224,0.00388203389224
2.0,180.0,30.0,510.0,500.0,520.0,0.0035484210746,0.0035484210746
2.0,180.0,30.0,530.0,520.0,540.0,0.0031510487558,0.0031510487558
2.0,180.0,30.0,550.0,540.0,560.0,0.00292527563232,0.00292527563232
2.0,180.0,30.0,570.0,560.0,580.0,0.00242840020546,0.00242840020546
2.0,180.0,30.0,590.0,580.0,600.0,0.00250990419547,0.00250990419547
2.0,180.0,30.0,610.0,600.0,620.0,0.00230318937105,0.00230318937105
2.0,180.0,30.0,630.0,620.0,640.0,0.00263611259063,0.00263611259063
2.0,180.0,30.0,650.0,640.0,660.0,0.00286495514101,0.00286495514101
2.0,180.0,30.0,670.0,660.0,680.0,0.00307793679263,0.00307793679263
2.0,180.0,30.0,690.0,680.0,700.0,0.00308709795864,0.00308709795864
2.0,180.0,30.0,710.0,700.0,720.0,0.00296890880836,0.00296890880836
2.0,180.0,30.0,730.0,720.0,740.0,0.00279750109182,0.00279750109182
2.0,180.0,30.0,750.0,740.0,760.0,0.0025535157096,0.0025535157096
2.0,180.0,30.0,770.0,760.0,780.0,0.00236913023674,0.00236913023674
2.0,180.0,45.0,390.0,380.0,400.0,0.00127025997213,0.00127025997213
2.0,180.0,45.0,410.0,400.0,420.0,0.00218719150136,0.00218719150136
2.0,180.0,45.0,430.0,420.0,440.0,0.00227082116431,0.00227082116431
2.0,180.0,45.0,450.0,440.0,460.0,0.0028395008401,0.0028395008401
2.0,180.0,45.0,470.0,460.0,480.0,0.00301768013099,0.00301768013099
2.0,180.0,45.0,490.0,480.0,500.0,0.00289641418735,0.00289641418735
2.0,180.0,45.0,510.0,500.0,520.0,0.00259589137291,0.00259589137291
2.0,180.0,45.0,530.0,520.0,540.0,0.00226944745989,0.00226944745989
2.0,180.0,45.0,550.0,540.0,560.0,0.00207637685955,0.00207637685955
2.0,180.0,45.0,570.0,560.0,580.0,0.00170521054672,0.00170521054672
2.0,180.0,45.0,590.0,580.0,600.0,0.00174087860302,0.00174087860302
2.0,180.0,45.0,610.0,600.0,620.0,0.00158289066466,0.00158289066466
2.0,180.0,45.0,630.0,620.0,640.0,0.00179268512275,0.00179268512275
2.0,180.0,45.0,650.0,640.0,660.0,0.0019310936687,0.0019310936687
2.0,180.0,45.0,670.0,660.0,680.0,0.00205969787882,0.00205969787882
2.0,180.0,45.0,690.0,680.0,700.0,0.00205363997387,0.00205363997387
2.0,180.0,45.0,710.0,700.0,720.0,0.00196542424913,0.00196542424913
2.0,180.0,45.0,730.0,720.0,740.0,0.00184457602795,0.00184457602795
2.0,180.0,45.0,750.0,740.0,760.0,0.00167851486584,0.00167851486584
2.0,180.0,45.0,770.0,760.0,780.0,0.00155275141592,0.00155275141592
2.0,180.0,60.0,390.0,380.0,400.0,0.00105908338268,0.00105908338268
2.0,180.0,60.0,410.0,400.0,420.0,0.00178016105836,0.00178016105836
2.0,180.0,60.0,430.0,420.0,440.0,0.00180930377811,0.00180930377811
2.0,180.0,60.0,450.0,440.0,460.0,0.00222071810463,0.00222071810463
2.0,180.0,60.0,470.0,460.0,480.0,0.00232235172128,0.00232235172128
2.0,180.0,60.0,490.0,480.0,500.0,0.00219881006523,0.00219881006523
2.0,180.0,60.0,510.0,500.0,520.0,0.00194886983934,0.00194886983934
2.0,180.0,60.0,530.0,520.0,540.0,0.00168868470372,0.00168868470372
2.0,180.0,60.0,550.0,540.0,560.0,0.00153213300987,0.00153213300987
2.0,180.0,60.0,570.0,560.0,580.0,0.00125029269652,0.00125029269652
2.0,180.0,60.0,590.0,580.0,600.0,0.00126734536121,0.00126734536121
2.0,180.0,60.0,610.0,600.0,620.0,0.00114608120567,0.00114608120567
2.0,180.0,60.0,630.0,620.0,640.0,0.00129019541507,0.00129019541507
2.0,180.0,60.0,650.0,640.0,660.0,0.00138283911648,0.00138283911648
2.0,180.0,60.0,670.0,660.0,680.0,0.00146891393491,0.00146891393491
2.0,180.0,60.0,690.0,680.0,700.0,0.00145971429929,0.00145971429929
2.0,180.0,60.0,710.0,700.0,720.0,0.00139318975791,0.00139318975791
2.0,180.0,60.0,730.0,720.0,740.0,0.00130459834938,0.00130459834938
2.0,180.0,60.0,750.0,740.0,760.0,0.00118507353731,0.00118507353731
2.0,180.0,60.0,770.0,760.0,780.0,0.00109450859353,0.00109450859353
2.0,180.0,90.0,390.0,380.0,400.0,0.000877338265458,0.000877338265458
2.0,180.0,90.0,410.0,400.0,420.0,0.001443401169,0.001443401169
2.0,180.0,90.0,430.0,420.0,440.0,0.00143892032364,0.00143892032364
2.0,180.0,90.0,450.0,440.0,460.0,0.00173615496077,0.00173615496077
2.0,180.0,90.0,470.0,460.0,480.0,0.00178879245911,0.00178879245911
2.0,180.0,90.0,490.0,480.0,500.0,0.00167257392331,0.00167257392331
2.0,180.0,90.0,510.0,500.0,520.0,0.00146782383664,0.00146782383664
2.0,180.0,90.0,530.0,520.0,540.0,0.00126231767584,0.00126231767584
2.0,180.0,90.0,550.0,540.0,560.0,0.00113714738726,0.00113714738726
2.0,180.0,90.0,570.0,560.0,580.0,0.000923541357636,0.000923541357636
2.0,180.0,90.0,590.0,580.0,600.0,0.000930429596961,0.000930429596961
2.0,180.0,90.0,610.0,600.0,620.0,0.000837980790971,0.000837980790971
2.0,180.0,90.0,630.0,620.0,640.0,0.000938466049324,0.000938466049324
2.0,180.0,90.0,650.0,640.0,660.0,0.00100174937032,0.00100174937032
2.0,180.0,90.0,670.0,660.0,680.0,0.00106094767441,0.00106094767441
2.0,180.0,90.0,690.0,680.0,700.0,0.00105212979556,0.00105212979556
2.0,180.0,90.0,710.0,700.0,720.0,0.00100284432375,0.00100284432375
2.0,180.0,90.0,730.0,720.0,740.0,0.00093840895138,0.00093840895138
2.0,180.0,90.0,750.0,740.0,760.0,0.000852390729773,0.000852390729773
2.0,180.0,90.0,770.0,760.0,780.0,0.000787285601571,0.000787285601571
4.0,0.0,0.0,390.0,380.0,400.0,0.000221582152503,0.000221582152503
4.0,0.0,0.0,410.0,400.0,420.0,0.000418619843405,0.000418619843405
4.0,0.0,0.0,430.0,420.0,440.0,0.000468760550654,0.000468760550654
4.0,0.0,0.0,450.0,440.0,460.0,0.000620904729879,0.000620904729879
4.0,0.0,0.0,470.0,460.0,480.0,0.000690244656203,0.000690244656203
4.0,0.0,0.0,490.0,480.0,500.0,0.000689269428187,0.000689269428187
4.0,0.0,0.0,510.0,500.0,520.0,0.00064344917942,0.00064344917942
4.0,0.0,0.0,530.0,520.0,540.0,0.000595241623295,0.000595241623295
4.0,0.0,0.0,550.0,540.0,560.0,0.000613324247919,0.000613324247919
4.0,0.0,0.0,570.0,560.0,580.0,0.000584650202859,0.000584650202859
4.0,0.0,0.0,590.0,580.0,600.0,0.00074990746744,0.00074990746744
4.0,0.0,0.0,610.0,600.0,620.0,0.000861868853677,0.000861868853677
4.0,0.0,0.0,630.0,620.0,640.0,0.0012724644055,0.0012724644055
4.0,0.0,0.0,650.0,640.0,660.0,0.00176492654966,0.00176492654966
4.0,0.0,0.0,670.0,660.0,680.0,0.00238442330652,0.00238442330652
4.0,0.0,0.0,690.0,680.0,700.0,0.00296250936182,0.00296250936182
4.0,0.0,0.0,710.0,700.0,720.0,0.00347920490186,0.00347920490186
4.0,0.0,0.0,730.0,720.0,740.0,0.00394910408135,0.00394910408135
4.0,0.0,0.0,750.0,740.0,760.0,0.00428617775156,0.00428617775156
4.0,0.0,0.0,770.0,760.0,780.0,0.00467309725803,0.00467309725803
4.0,0.0,0.5,390.0,380.0,400.0,0.00022047885364,0.00022047885364
4.0,0.0,0.5,410.0,400.0,420.0,0.000419634700597,0.000419634700597
4.0,0.0,0.5,430.0,420.0,440.0,0.000474483391462,0.000474483391462
4.0,0.0,0.5,450.0,440.0,460.0,0.000639399765397,0.000639399765397
4.0,0.0,0.5,470.0,460.0,480.0,0.000734953722217,0.000734953722217
4.0,0.0,0.5,490.0,480.0,500.0,0.000778620241348,0.000778620241348
4.0,0.0,0.5,510.0,500.0,520.0,0.000795023938907,0.000795023938907
4.0,0.0,0.5,530.0,520.0,540.0,0.000823534826687,0.000823534826687
4.0,0.0,0.5,550.0,540.0,560.0,0.000943454052717,0.000943454052717
4.0,0.0,0.5,570.0,560.0,580.0,0.000981753904911,0.000981753904911
4.0,0.0,0.5,590.0,580.0,600.0,0.00130916199717,0.00130916199717
4.0,0.0,0.5,610.0,600.0,620.0,0.00152635578516,0.00152635578516
4.0,0.0,0.5,630.0,620.0,640.0,0.00221824656248,0.00221824656248
4.0,0.0,0.5,650.0,640.0,660.0,0.00299694833366,0.00299694833366
4.0,0.0,0.5,670.0,660.0,680.0,0.00392179903115,0.00392179903115
4.0,0.0,0.5,690.0,680.0,700.0,0.00470421949471,0.00470421949471
4.0,0.0,0.5,710.0,700.0,720.0,0.00532462476506,0.00532462476506
4.0,0.0,0.5,730.0,720.0,740.0,0.00582151700414,0.00582151700414
4.0,0.0,0.5,750.0,740.0,760.0,0.00608704206498,0.00608704206498
4.0,0.0,0.5,770.0,760.0,780.0,0.00639872570821,0.00639872570821
4.0,0.0,1.0,390.0,380.0,400.0,0.000226415042703,0.000226415042703
4.0,0.0,1.0,410.0,400.0,420.0,0.000433505686911,0.000433505686911
4.0,0.0,1.0,430.0,420.0,440.0,0.00049785905345,0.00049785905345
4.0,0.0,1.0,450.0,440.0,460.0,0.000694209092466,0.000694209092466
4.0,0.0,1.0,470.0,460.0,480.0,0.000846104658003,0.000846104658003
4.0,0.0,1.0,490.0,480.0,500.0,0.000969358978193,0.000969358978193
4.0,0.0,1.0,510.0,500.0,520.0,0.00107442682593,0.00107442682593
4.0,0.0,1.0,530.0,520.0,540.0,0.00118916197856,0.00118916197856
4.0,0.0,1.0,550.0,540.0,560.0,0.00140847665131,0.00140847665131
4.0,0.0,1.0,570.0,560.0,580.0,0.00147750189622,0.00147750189622
4.0,0.0,1.0,590.0,580.0,600.0,0.00193921277405,0.00193921277405
4.0,0.0,1.0,610.0,600.0,620.0,0.00220571947485,0.00220571947485
4.0,0.0,1.0,630.0,620.0,640.0,0.00310918583387,0.00310918583387
4.0,0.0,1.0,650.0,640.0,660.0,0.00407182135834,0.00407182135834
4.0,0.0,1.0,670.0,660.0,680.0,0.00516745805695,0.00516745805695
4.0,0.0,1.0,690.0,680.0,700.0,0.00601731740166,0.00601731740166
4.0,0.0,1.0,710.0,700.0,720.0,0.00662021269278,0.00662021269278
4.0,0.0,1.0,730.0,720.0,740.0,0.00704496534797,0.00704496534797
4.0,0.0,1.0,750.0,740.0,760.0,0.00717900817001,0.00717900817001
4.0,0.0,1.0,770.0,760.0,780.0,0.00736752121872,0.00736752121872
4.0,0.0,2.0,390.0,380.0,400.0,0.000242336078386,0.000242336078386
4.0,0.0,2.0,410.0,400.0,420.0,0.00048159159584,0.00048159159584
4.0,0.0,2.0,430.0,420.0,440.0,0.000594104502245,0.000594104502245
4.0,0.0,2.0,450.0,440.0,460.0,0.000916818634041,0.000916818634041
4.0,0.0,2.0,470.0,460.0,480.0,0.00124247012259,0.00124247012259
4.0,0.0,2.0,490.0,480.0,500.0,0.00154323330634,0.00154323330634
4.0,0.0,2.0,510.0,500.0,520.0,0.00177900007356,0.00177900007356
4.0,0.0,2.0,530.0,520.0,540.0,0.00196392959602,0.00196392959602
4.0,0.0,2.0,550.0,540.0,560.0,0.00224778845297,0.00224778845297
4.0,0.0,2.0,570.0,560.0,580.0,0.00223838486641,0.00223838486641
4.0,0.0,2.0,590.0,580.0,600.0,0.00278064006391,0.00278064006391
4.0,0.0,2.0,610.0,600.0,620.0,0.00298794230624,0.00298794230624
4.0,0.0,2.0,630.0,620.0,640.0,0.00401177570716,0.00401177570716
4.0,0.0,2.0,650.0,640.0,660.0,0.00502159532363,0.00502159532363
4.0,0.0,2.0,670.0,660.0,680.0,0.00610671671005,0.00610671671005
4.0,0.0,2.0,690.0,680.0,700.0,0.00683182026285,0.00683182026285
4.0,0.0,2.0,710.0,700.0,720.0,0.00723916282384,0.00723916282384
4.0,0.0,2.0,730.0,720.0,740.0,0.00743664889671,0.00743664889671
4.0,0.0,2.0,750.0,740.0,760.0,0.00732771271438,0.00732771271438
4.0,0.0,2.0,770.0,760.0,780.0,0.00729566391103,0.00729566391103
4.0,0.0,3.0,390.0,380.0,400.0,0.000269967956225,0.000269967956225
4.0,0.0,3.0,410.0,400.0,420.0,0.000573055895728,0.000573055895728
4.0,0.0,3.0,430.0,420.0,440.0,0.000761691012544,0.000761691012544
4.0,0.0,3.0,450.0,440.0,460.0,0.00124325435419,0.00124325435419
4.0,0.0,3.0,470.0,460.0,480.0,0.0017222315461,0.0017222315461
4.0,0.0,3.0,490.0,480.0,500.0,0.0021174320559,0.0021174320559
4.0,0.0,3.0,510.0,500.0,520.0,0.00236361785551,0.00236361785551
4.0,0.0,3.0,530.0,520.0,540.0,0.00249607355403,0.00249607355403
4.0,0.0,3.0,550.0,540.0,560.0,0.00272762942217,0.00272762942217
4.0,0.0,3.0,570.0,560.0,580.0,0.00259164906833,0.00259164906833
4.0,0.0,3.0,590.0,580.0,600.0,0.00309947525693,0.00309947525693
4.0,0.0,3.0,610.0,600.0,620.0,0.0032130213679,0.0032130213679
4.0,0.0,3.0,630.0,620.0,640.0,0.00419985140296,0.00419985140296
4.0,0.0,3.0,650.0,640.0,660.0,0.00513335390162,0.00513335390162
4.0,0.0,3.0,670.0,660.0,680.0,0.00610703864844,0.00610703864844
4.0,0.0,3.0,690.0,680.0,700.0,0.00669496096017,0.00669496096017
4.0,0.0,3.0,710.0,700.0,720.0,0.00696220833091,0.00696220833091
4.0,0.0,3.0,730.0,720.0,740.0,0.00702851410004,0.00702851410004
4.0,0.0,3.0,750.0,740.0,760.0,0.00681176007893,0.00681176007893
4.0,0.0,3.0,770.0,760.0,780.0,0.00668402700581,0.00668402700581
4.0,0.0,5.0,390.0,380.0,400.0,0.00036590653432,0.00036590653432
4.0,0.0,5.0,410.0,400.0,420.0,0.000835123097347,0.000835123097347
4.0,0.0,5.0,430.0,420.0,440.0,0.00113828452444,0.00113828452444
4.0,0.0,5.0,450.0,440.0,460.0,0.00181662367516,0.00181662367516
4.0,0.0,5.0,470.0,460.0,480.0,0.00238320300357,0.00238320300357
4.0,0.0,5.0,490.0,480.0,500.0,0.0027316076025,0.0027316076025
4.0,0.0,5.0,510.0,500.0,520.0,0.00282755530262,0.00282755530262
4.0,0.0,5.0,530.0,520.0,540.0,0.00277030209986,0.00277030209986
4.0,0.0,5.0,550.0,540.0,560.0,0.00283321787194,0.00283321787194
4.0,0.0,5.0,570.0,560.0,580.0,0.00252968451787,0.00252968451787
4.0,0.0,5.0,590.0,580.0,600.0,0.0028869467167,0.0028869467167
4.0,0.0,5.0,610.0,600.0,620.0,0.00286542158726,0.00286542158726
4.0,0.0,5.0,630.0,620.0,640.0,0.00363393466639,0.00363393466639
4.0,0.0,5.0,650.0,640.0,660.0,0.00432683733289,0.00432683733289
4.0,0.0,5.0,670.0,660.0,680.0,0.00502508408052,0.00502508408052
4.0,0.0,5.0,690.0,680.0,700.0,0.00538729520822,0.00538729520822
4.0,0.0,5.0,710.0,700.0,720.0,0.00548724871402,0.00548724871402
4.0,0.0,5.0,730.0,720.0,740.0,0.00543287869456,0.00543287869456
4.0,0.0,5.0,750.0,740.0,760.0,0.00516720243585,0.00516720243585
4.0,0.0,5.0,770.0,760.0,780.0,0.00498862011804,0.00498862011804
4.0,0.0,8.0,390.0,380.0,400.0,0.000513971118356,0.000513971118356
4.0,0.0,8.0,410.0,400.0,420.0,0.00112508365675,0.00112508365675
4.0,0.0,8.0,430.0,420.0,440.0,0.00142914675342,0.00142914675342
4.0,0.0,8.0,450.0,440.0,460.0,0.00210415169794,0.00210415169794
4.0,0.0,8.0,470.0,460.0,480.0,0.00254942095902,0.00254942095902
4.0,0.0,8.0,490.0,480.0,500.0,0.00271495262126,0.00271495262126
4.0,0.0,8.0,510.0,500.0,520.0,0.00262938758377,0.00262938758377
4.0,0.0,8.0,530.0,520.0,540.0,0.00242712493525,0.00242712493525
4.0,0.0,8.0,550.0,540.0,560.0,0.00236257197929,0.00236257197929
4.0,0.0,8.0,570.0,560.0,580.0,0.00201812706603,0.00201812706603
4.0,0.0,8.0,590.0,580.0,600.0,0.00222883618593,0.00222883618593
4.0,0.0,8.0,610.0,600.0,620.0,0.00214740971974,0.00214740971974
4.0,0.0,8.0,630.0,620.0,640.0,0.00266854444054,0.00266854444054
4.0,0.0,8.0,650.0,640.0,660.0,0.00312345418378,0.00312345418378
4.0,0.0,8.0,670.0,660.0,680.0,0.00357158664393,0.00357158664393
4.0,0.0,8.0,690.0,680.0,700.0,0.0037745152043,0.0037745152043
4.0,0.0,8.0,710.0,700.0,720.0,0.00379359293463,0.00379359293463
4.0,0.0,8.0,730.0,720.0,740.0,0.00370923881229,0.00370923881229
4.0,0.0,8.0,750.0,740.0,760.0,0.00348490747809,0.00348490747809
4.0,0.0,8.0,770.0,760.0,780.0,0.00332948344724,0.00332948344724
4.0,0.0,12.0,390.0,380.0,400.0,0.000596650066284,0.000596650066284
4.0,0.0,12.0,410.0,400.0,420.0,0.00120466326927,0.00120466326927
4.0,0.0,12.0,430.0,420.0,440.0,0.00141664010067,0.00141664010067
4.0,0.0,12.0,450.0,440.0,460.0,0.00194780373416,0.00194780373416
4.0,0.0,12.0,470.0,460.0,480.0,0.00222599133605,0.00222599133605
4.0,0.0,12.0,490.0,480.0,500.0,0.00225675353607,0.00225675353607
4.0,0.0,12.0,510.0,500.0,520.0,0.0020969594888,0.0020969594888
4.0,0.0,12.0,530.0,520.0,540.0,0.00186945469345,0.00186945469345
4.0,0.0,12.0,550.0,540.0,560.0,0.0017706793776,0.0017706793776
4.0,0.0,12.0,570.0,560.0,580.0,0.001478209326,0.001478209326
4.0,0.0,12.0,590.0,580.0,600.0,0.00160557112974,0.00160557112974
4.0,0.0,12.0,610.0,600.0,620.0,0.0015249402118,0.0015249402118
4.0,0.0,12.0,630.0,620.0,640.0,0.00187620740258,0.00187620740258
4.0,0.0,12.0,650.0,640.0,660.0,0.00217821049173,0.00217821049173
4.0,0.0,12.0,670.0,660.0,680.0,0.00247285299943,0.00247285299943
4.0,0.0,12.0,690.0,680.0,700.0,0.00259640815191,0.00259640815191
4.0,0.0,12.0,710.0,700.0,720.0,0.00259407329554,0.00259407329554
4.0,0.0,12.0,730.0,720.0,740.0,0.00252253369406,0.00252253369406
4.0,0.0,12.0,750.0,740.0,760.0,0.00235761408432,0.00235761408432
4.0,0.0,12.0,770.0,760.0,780.0,0.00224246150249,0.00224246150249
4.0,0.0,20.0,390.0,380.0,400.0,0.000551797448918,0.000551797448918
4.0,0.0,20.0,410.0,400.0,420.0,0.00101526540621,0.00101526540621
4.0,0.0,20.0,430.0,420.0,440.0,0.0011046783193,0.0011046783193
4.0,0.0,20.0,450.0,440.0,460.0,0.00142544089637,0.00142544089637
4.0,0.0,20.0,470.0,460.0,480.0,0.00154764662036,0.00154764662036
4.0,0.0,20.0,490.0,480.0,500.0,0.00150545281376,0.00150545281376
4.0,0.0,20.0,510.0,500.0,520.0,0.00135227022225,0.00135227022225
4.0,0.0,20.0,530.0,520.0,540.0,0.00117219840511,0.00117219840511
4.0,0.0,20.0,550.0,540.0,560.0,0.00108640726154,0.00108640726154
4.0,0.0,20.0,570.0,560.0,580.0,0.000890196266289,0.000890196266289
4.0,0.0,20.0,590.0,580.0,600.0,0.000954301914541,0.000954301914541
4.0,0.0,20.0,610.0,600.0,620.0,0.000895767217391,0.000895767217391
4.0,0.0,20.0,630.0,620.0,640.0,0.00109368514554,0.00109368514554
4.0,0.0,20.0,650.0,640.0,660.0,0.00126154344049,0.00126154344049
4.0,0.0,20.0,670.0,660.0,680.0,0.00142365885369,0.00142365885369
4.0,0.0,20.0,690.0,680.0,700.0,0.00148644059841,0.00148644059841
4.0,0.0,20.0,710.0,700.0,720.0,0.00147728585952,0.00147728585952
4.0,0.0,20.0,730.0,720.0,740.0,0.00142937277867,0.00142937277867
4.0,0.0,20.0,750.0,740.0,760.0,0.00132935307899,0.00132935307899
4.0,0.0,20.0,770.0,760.0,780.0,0.00125907978074,0.00125907978074
4.0,0.0,30.0,390.0,380.0,400.0,0.000436692187372,0.000436692187372
4.0,0.0,30.0,410.0,400.0,420.0,0.000760717332719,0.000760717332719
4.0,0.0,30.0,430.0,420.0,440.0,0.000792399329031,0.000792399329031
4.0,0.0,30.0,450.0,440.0,460.0,0.000987928142007,0.000987928142007
4.0,0.0,30.0,470.0,460.0,480.0,0.00104422706894,0.00104422706894
4.0,0.0,30.0,490.0,480.0,500.0,0.000994772675581,0.000994772675581
4.0,0.0,30.0,510.0,500.0,520.0,0.000879023738157,0.000879023738157
4.0,0.0,30.0,530.0,520.0,540.0,0.000752200873101,0.000752200873101
4.0,0.0,30.0,550.0,540.0,560.0,0.00069085818818,0.00069085818818
4.0,0.0,30.0,570.0,560.0,580.0,0.000561981356697,0.000561981356697
4.0,0.0,30.0,590.0,580.0,600.0,0.000599948051693,0.000599948051693
4.0,0.0,30.0,610.0,600.0,620.0,0.00056114618382,0.00056114618382
4.0,0.0,30.0,630.0,620.0,640.0,0.000683831156768,0.000683831156768
4.0,0.0,30.0,650.0,640.0,660.0,0.000787473781311,0.000787473781311
4.0,0.0,30.0,670.0,660.0,680.0,0.000887244782125,0.000887244782125
4.0,0.0,30.0,690.0,680.0,700.0,0.000924960675548,0.000924960675548
4.0,0.0,30.0,710.0,700.0,720.0,0.000917952092536,0.000917952092536
4.0,0.0,30.0,730.0,720.0,740.0,0.000887001183562,0.000887001183562
4.0,0.0,30.0,750.0,740.0,760.0,0.00082390750178,0.00082390750178
4.0,0.0,30.0,770.0,760.0,780.0,0.00077950154347,0.00077950154347
4.0,0.0,45.0,390.0,380.0,400.0,0.000302331994812,0.000302331994812
4.0,0.0,45.0,410.0,400.0,420.0,0.00050468010037,0.00050468010037
4.0,0.0,45.0,430.0,420.0,440.0,0.000508510657247,0.000508510657247
4.0,0.0,45.0,450.0,440.0,460.0,0.000617975275282,0.000617975275282
4.0,0.0,45.0,470.0,460.0,480.0,0.000640633368139,0.000640633368139
4.0,0.0,45.0,490.0,480.0,500.0,0.000601344270798,0.000601344270798
4.0,0.0,45.0,510.0,500.0,520.0,0.000525221319384,0.000525221319384
4.0,0.0,45.0,530.0,520.0,540.0,0.000445139855267,0.000445139855267
4.0,0.0,45.0,550.0,540.0,560.0,0.000405991805282,0.000405991805282
4.0,0.0,45.0,570.0,560.0,580.0,0.000328012011724,0.000328012011724
4.0,0.0,45.0,590.0,580.0,600.0,0.000348870572914,0.000348870572914
4.0,0.0,45.0,610.0,600.0,620.0,0.000324936643553,0.000324936643553
4.0,0.0,45.0,630.0,620.0,640.0,0.000395342169608,0.000395342169608
4.0,0.0,45.0,650.0,640.0,660.0,0.000454524824209,0.000454524824209
4.0,0.0,45.0,670.0,660.0,680.0,0.000511144319043,0.000511144319043
4.0,0.0,45.0,690.0,680.0,700.0,0.000531766906009,0.000531766906009
4.0,0.0,45.0,710.0,700.0,720.0,0.000526581342865,0.000526581342865
4.0,0.0,45.0,730.0,720.0,740.0,0.000507664934509,0.000507664934509
4.0,0.0,45.0,750.0,740.0,760.0,0.000470375154048,0.000470375154048
4.0,0.0,45.0,770.0,760.0,780.0,0.000444068875532,0.000444068875532
4.0,0.0,60.0,390.0,380.0,400.0,0.000228508296679,0.000228508296679
4.0,0.0,60.0,410.0,400.0,420.0,0.000371999540666,0.000371999540666
4.0,0.0,60.0,430.0,420.0,440.0,0.000367222835449,0.000367222835449
4.0,0.0,60.0,450.0,440.0,460.0,0.00043894037801,0.00043894037801
4.0,0.0,60.0,470.0,460.0,480.0,0.000449096576803,0.000449096576803
4.0,0.0,60.0,490.0,480.0,500.0,0.000417253076597,0.000417253076597
4.0,0.0,60.0,510.0,500.0,520.0,0.000361528886401,0.000361528886401
4.0,0.0,60.0,530.0,520.0,540.0,0.000304534409773,0.000304534409773
4.0,0.0,60.0,550.0,540.0,560.0,0.000276771569927,0.000276771569927
4.0,0.0,60.0,570.0,560.0,580.0,0.000223033973396,0.000223033973396
4.0,0.0,60.0,590.0,580.0,600.0,0.00023716767409,0.00023716767409
4.0,0.0,60.0,610.0,600.0,620.0,0.000220878745678,0.000220878745678
4.0,0.0,60.0,630.0,620.0,640.0,0.000268984642406,0.000268984642406
4.0,0.0,60.0,650.0,640.0,660.0,0.000309478548424,0.000309478548424
4.0,0.0,60.0,670.0,660.0,680.0,0.000348218500517,0.000348218500517
4.0,0.0,60.0,690.0,680.0,700.0,0.00036242109995,0.00036242109995
4.0,0.0,60.0,710.0,700.0,720.0,0.000359014161648,0.000359014161648
4.0,0.0,60.0,730.0,720.0,740.0,0.00034622640021,0.00034622640021
4.0,0.0,60.0,750.0,740.0,760.0,0.000320893198475,0.000320893198475
4.0,0.0,60.0,770.0,760.0,780.0,0.000303028603543,0.000303028603543
4.0,0.0,90.0,390.0,380.0,400.0,0.000167086748134,0.000167086748134
4.0,0.0,90.0,410.0,400.0,420.0,0.000265856105464,0.000265856105464
4.0,0.0,90.0,430.0,420.0,440.0,0.000257805277603,0.000257805277603
4.0,0.0,90.0,450.0,440.0,460.0,0.000304083733632,0.000304083733632
4.0,0.0,90.0,470.0,460.0,480.0,0.000308267775064,0.000308267775064
4.0,0.0,90.0,490.0,480.0,500.0,0.000284728837596,0.000284728837596
4.0,0.0,90.0,510.0,500.0,520.0,0.000245822319491,0.000245822319491
4.0,0.0,90.0,530.0,520.0,540.0,0.000206690302429,0.000206690302429
4.0,0.0,90.0,550.0,540.0,560.0,0.000188116837512,0.000188116837512
4.0,0.0,90.0,570.0,560.0,580.0,0.000151849664589,0.000151849664589
4.0,0.0,90.0,590.0,580.0,600.0,0.000162287982194,0.000162287982194
4.0,0.0,90.0,610.0,600.0,620.0,0.00015178212146,0.00015178212146
4.0,0.0,90.0,630.0,620.0,640.0,0.00018586249632,0.00018586249632
4.0,0.0,90.0,650.0,640.0,660.0,0.000214835300467,0.000214835300467
4.0,0.0,90.0,670.0,660.0,680.0,0.000242660106017,0.000242660106017
4.0,0.0,90.0,690.0,680.0,700.0,0.000253388658802,0.000253388658802
4.0,0.0,90.0,710.0,700.0,720.0,0.000251728618899,0.000251728618899
4.0,0.0,90.0,730.0,720.0,740.0,0.0002433819295,0.0002433819295
4.0,0.0,90.0,750.0,740.0,760.0,0.00022608882233,0.00022608882233
4.0,0.0,90.0,770.0,760.0,780.0,0.000213951180552,0.000213951180552
4.0,90.0,0.0,390.0,380.0,400.0,0.000150478351613,0.000150478351613
4.0,90.0,0.0,410.0,400.0,420.0,0.00026374818353,0.00026374818353
4.0,90.0,0.0,430.0,420.0,440.0,0.000275878698568,0.000275878698568
4.0,90.0,0.0,450.0,440.0,460.0,0.000343677377011,0.000343677377011
4.0,90.0,0.0,470.0,460.0,480.0,0.000360869919547,0.000360869919547
4.0,90.0,0.0,490.0,480.0,500.0,0.000339318369305,0.000339318369305
4.0,90.0,0.0,510.0,500.0,520.0,0.000293376644632,0.000293376644632
4.0,90.0,0.0,530.0,520.0,540.0,0.000243460016154,0.000243460016154
4.0,90.0,0.0,550.0,540.0,560.0,0.000220017501588,0.000220017501588
4.0,90.0,0.0,570.0,560.0,580.0,0.000174881320585,0.000174881320585
4.0,90.0,0.0,590.0,580.0,600.0,0.000191874438169,0.000191874438169
4.0,90.0,0.0,610.0,600.0,620.0,0.000184097274167,0.000184097274167
4.0,90.0,0.0,630.0,620.0,640.0,0.000242742156636,0.000242742156636
4.0,90.0,0.0,650.0,640.0,660.0,0.000304751596396,0.000304751596396
4.0,90.0,0.0,670.0,660.0,680.0,0.000374668397895,0.000374668397895
4.0,90.0,0.0,690.0,680.0,700.0,0.000426222754434,0.000426222754434
4.0,90.0,0.0,710.0,700.0,720.0,0.000461464207015,0.000461464207015
4.0,90.0,0.0,730.0,720.0,740.0,0.000485872049499,0.000485872049499
4.0,90.0,0.0,750.0,740.0,760.0,0.000489492924749,0.000489492924749
4.0,90.0,0.0,770.0,760.0,780.0,0.000504600881182,0.000504600881182
4.0,90.0,0.5,390.0,380.0,400.0,0.000153984199135,0.000153984199135
4.0,90.0,0.5,410.0,400.0,420.0,0.000270926565796,0.000270926565796
4.0,90.0,0.5,430.0,420.0,440.0,0.000284512012705,0.000284512012705
4.0,90.0,0.5,450.0,440.0,460.0,0.000355912460782,0.000355912460782
4.0,90.0,0.5,470.0,460.0,480.0,0.000375473284743,0.000375473284743
4.0,90.0,0.5,490.0,480.0,500.0,0.000355139861821,0.000355139861821
4.0,90.0,0.5,510.0,500.0,520.0,0.000309558333391,0.000309558333391
4.0,90.0,0.5,530.0,520.0,540.0,0.000259848976805,0.000259848976805
4.0,90.0,0.5,550.0,540.0,560.0,0.000238741796925,0.000238741796925
4.0,90.0,0.5,570.0,560.0,580.0,0.000193889631924,0.000193889631924
4.0,90.0,0.5,590.0,580.0,600.0,0.000218783853375,0.000218783853375
4.0,90.0,0.5,610.0,600.0,620.0,0.000216548690359,0.000216548690359
4.0,90.0,0.5,630.0,620.0,640.0,0.000295318643376,0.000295318643376
4.0,90.0,0.5,650.0,640.0,660.0,0.00038289138522,0.00038289138522
4.0,90.0,0.5,670.0,660.0,680.0,0.000484480085687,0.000484480085687
4.0,90.0,0.5,690.0,680.0,700.0,0.000564641356419,0.000564641356419
4.0,90.0,0.5,710.0,700.0,720.0,0.000623125175968,0.000623125175968
4.0,90.0,0.5,730.0,720.0,740.0,0.000665348597529,0.000665348597529
4.0,90.0,0.5,750.0,740.0,760.0,0.000676545015897,0.000676545015897
4.0,90.0,0.5,770.0,760.0,780.0,0.000700981250119,0.000700981250119
4.0,90.0,1.0,390.0,380.0,400.0,0.000159239236664,0.000159239236664
4.0,90.0,1.0,410.0,400.0,420.0,0.000281150147425,0.000281150147425
4.0,90.0,1.0,430.0,420.0,440.0,0.000296308485607,0.000296308485607
4.0,90.0,1.0,450.0,440.0,460.0,0.000372225323014,0.000372225323014
4.0,90.0,1.0,470.0,460.0,480.0,0.000394942468982,0.000394942468982
4.0,90.0,1.0,490.0,480.0,500.0,0.000376780856641,0.000376780856641
4.0,90.0,1.0,510.0,500.0,520.0,0.000332600935314,0.000332600935314
4.0,90.0,1.0,530.0,520.0,540.0,0.00028408199679,0.00028408199679
4.0,90.0,1.0,550.0,540.0,560.0,0.000267099130358,0.000267099130358
4.0,90.0,1.0,570.0,560.0,580.0,0.000222699211305,0.000222699211305
4.0,90.0,1.0,590.0,580.0,600.0,0.000258699032939,0.000258699032939
4.0,90.0,1.0,610.0,600.0,620.0,0.000262976454955,0.000262976454955
4.0,90.0,1.0,630.0,620.0,640.0,0.000366857999089,0.000366857999089
4.0,90.0,1.0,650.0,640.0,660.0,0.000483610363849,0.000483610363849
4.0,90.0,1.0,670.0,660.0,680.0,0.000618568258465,0.000618568258465
4.0,90.0,1.0,690.0,680.0,700.0,0.000725055810971,0.000725055810971
4.0,90.0,1.0,710.0,700.0,720.0,0.000801390116665,0.000801390116665
4.0,90.0,1.0,730.0,720.0,740.0,0.000854206429597,0.000854206429597
4.0,90.0,1.0,750.0,740.0,760.0,0.000865014353829,0.000865014353829
4.0,90.0,1.0,770.0,760.0,780.0,0.000890754250595,0.000890754250595
4.0,90.0,2.0,390.0,380.0,400.0,0.000168746672975,0.000168746672975
4.0,90.0,2.0,410.0,400.0,420.0,0.000299929033453,0.000299929033453
4.0,90.0,2.0,430.0,420.0,440.0,0.000318911237248,0.000318911237248
4.0,90.0,2.0,450.0,440.0,460.0,0.000405836239329,0.000405836239329
4.0,90.0,2.0,470.0,460.0,480.0,0.00043894359002,0.00043894359002
4.0,90.0,2.0,490.0,480.0,500.0,0.000430129074893,0.000430129074893
4.0,90.0,2.0,510.0,500.0,520.0,0.00039269950111,0.00039269950111
4.0,90.0,2.0,530.0,520.0,540.0,0.000348505918287,0.000348505918287
4.0,90.0,2.0,550.0,540.0,560.0,0.000341586578925,0.000341586578925
4.0,90.0,2.0,570.0,560.0,580.0,0.000295770899895,0.000295770899895
4.0,90.0,2.0,590.0,580.0,600.0,0.00035457212849,0.00035457212849
4.0,90.0,2.0,610.0,600.0,620.0,0.000368054859696,0.000368054859696
4.0,90.0,2.0,630.0,620.0,640.0,0.000517845679082,0.000517845679082
4.0,90.0,2.0,650.0,640.0,660.0,0.00068202697612,0.00068202697612
4.0,90.0,2.0,670.0,660.0,680.0,0.000865986394643,0.000865986394643
4.0,90.0,2.0,690.0,680.0,700.0,0.00100341235987,0.00100341235987
4.0,90.0,2.0,710.0,700.0,720.0,0.00109340159875,0.00109340159875
4.0,90.0,2.0,730.0,720.0,740.0,0.00114730605388,0.00114730605388
4.0,90.0,2.0,750.0,740.0,760.0,0.00114325814096,0.00114325814096
4.0,90.0,2.0,770.0,760.0,780.0,0.00115750571996,0.00115750571996
4.0,90.0,3.0,390.0,380.0,400.0,0.000179003222588,0.000179003222588
4.0,90.0,3.0,410.0,400.0,420.0,0.000321090225422,0.000321090225422
4.0,90.0,3.0,430.0,420.0,440.0,0.000345826016162,0.000345826016162
4.0,90.0,3.0,450.0,440.0,460.0,0.000447871040134,0.000447871040134
4.0,90.0,3.0,470.0,460.0,480.0,0.000495266636025,0.000495266636025
4.0,90.0,3.0,490.0,480.0,500.0,0.00049761055122,0.00049761055122
4.0,90.0,3.0,510.0,500.0,520.0,0.000465614702757,0.000465614702757
4.0,90.0,3.0,530.0,520.0,540.0,0.000422167162069,0.000422167162069
4.0,90.0,3.0,550.0,540.0,560.0,0.00042084334868,0.00042084334868
4.0,90.0,3.0,570.0,560.0,580.0,0.000368068863207,0.000368068863207
4.0,90.0,3.0,590.0,580.0,600.0,0.000441855646379,0.000441855646379
4.0,90.0,3.0,610.0,600.0,620.0,0.000456553653662,0.000456553653662
4.0,90.0,3.0,630.0,620.0,640.0,0.000634323554355,0.000634323554355
4.0,90.0,3.0,650.0,640.0,660.0,0.000822468366036,0.000822468366036
4.0,90.0,3.0,670.0,660.0,680.0,0.0010270876542,0.0010270876542
4.0,90.0,3.0,690.0,680.0,700.0,0.00117046568974,0.00117046568974
4.0,90.0,3.0,710.0,700.0,720.0,0.00125505011072,0.00125505011072
4.0,90.0,3.0,730.0,720.0,740.0,0.00129693785909,0.00129693785909
4.0,90.0,3.0,750.0,740.0,760.0,0.00127430456229,0.00127430456229
4.0,90.0,3.0,770.0,760.0,780.0,0.00127258695815,0.00127258695815
4.0,90.0,5.0,390.0,380.0,400.0,0.000202310622829,0.000202310622829
4.0,90.0,5.0,410.0,400.0,420.0,0.00037009373517,0.00037009373517
4.0,90.0,5.0,430.0,420.0,440.0,0.000407653088781,0.000407653088781
4.0,90.0,5.0,450.0,440.0,460.0,0.000540476413462,0.000540476413462
4.0,90.0,5.0,470.0,460.0,480.0,0.000610802126796,0.000610802126796
4.0,90.0,5.0,490.0,480.0,500.0,0.000624030333285,0.000624030333285
4.0,90.0,5.0,510.0,500.0,520.0,0.000589454018145,0.000589454018145
4.0,90.0,5.0,530.0,520.0,540.0,0.000535656851278,0.000535656851278
4.0,90.0,5.0,550.0,540.0,560.0,0.000530838632469,0.000530838632469
4.0,90.0,5.0,570.0,560.0,580.0,0.000459125035066,0.000459125035066
4.0,90.0,5.0,590.0,580.0,600.0,0.000539550960474,0.000539550960474
4.0,90.0,5.0,610.0,600.0,620.0,0.000544977844338,0.000544977844338
4.0,90.0,5.0,630.0,620.0,640.0,0.000734673632172,0.000734673632172
4.0,90.0,5.0,650.0,640.0,660.0,0.000924621152325,0.000924621152325
4.0,90.0,5.0,670.0,660.0,680.0,0.00112302806818,0.00112302806818
4.0,90.0,5.0,690.0,680.0,700.0,0.00124768888451,0.00124768888451
4.0,90.0,5.0,710.0,700.0,720.0,0.00130731290537,0.00130731290537
4.0,90.0,5.0,730.0,720.0,740.0,0.00132308243711,0.00132308243711
4.0,90.0,5.0,750.0,740.0,760.0,0.00127637517912,0.00127637517912
4.0,90.0,5.0,770.0,760.0,780.0,0.00125253341863,0.00125253341863
4.0,90.0,8.0,390.0,380.0,400.0,0.000237712087005,0.000237712087005
4.0,90.0,8.0,410.0,400.0,420.0,0.000437413120171,0.000437413120171
4.0,90.0,8.0,430.0,420.0,440.0,0.000482259510064,0.000482259510064
4.0,90.0,8.0,450.0,440.0,460.0,0.000636596269046,0.000636596269046
4.0,90.0,8.0,470.0,460.0,480.0,0.000712450504355,0.000712450504355
4.0,90.0,8.0,490.0,480.0,500.0,0.000717288481463,0.000717288481463
4.0,90.0,8.0,510.0,500.0,520.0,0.000665526370412,0.000665526370412
4.0,90.0,8.0,530.0,520.0,540.0,0.000593234139821,0.000593234139821
4.0,90.0,8.0,550.0,540.0,560.0,0.000574197815373,0.000574197815373
4.0,90.0,8.0,570.0,560.0,580.0,0.000485813020883,0.000485813020883
4.0,90.0,8.0,590.0,580.0,600.0,0.000554438159111,0.000554438159111
4.0,90.0,8.0,610.0,600.0,620.0,0.000545813311823,0.000545813311823
4.0,90.0,8.0,630.0,620.0,640.0,0.000713476257893,0.000713476257893
4.0,90.0,8.0,650.0,640.0,660.0,0.000873052697187,0.000873052697187
4.0,90.0,8.0,670.0,660.0,680.0,0.00103449849898,0.00103449849898
4.0,90.0,8.0,690.0,680.0,700.0,0.00112472091187,0.00112472091187
4.0,90.0,8.0,710.0,700.0,720.0,0.0011562987581,0.0011562987581
4.0,90.0,8.0,730.0,720.0,740.0,0.001150944915,0.001150944915
4.0,90.0,8.0,750.0,740.0,760.0,0.00109471232994,0.00109471232994
4.0,90.0,8.0,770.0,760.0,780.0,0.00105989702344,0.00105989702344
4.0,90.0,12.0,390.0,380.0,400.0,0.0002678469857,0.0002678469857
4.0,90.0,12.0,410.0,400.0,420.0,0.000482509083468,0.000482509083468
4.0,90.0,12.0,430.0,420.0,440.0,0.00051953736624,0.00051953736624
4.0,90.0,12.0,450.0,440.0,460.0,0.000669035034537,0.000669035034537
4.0,90.0,12.0,470.0,460.0,480.0,0.000730253370576,0.000730253370576
4.0,90.0,12.0,490.0,480.0,500.0,0.000717443341947,0.000717443341947
4.0,90.0,12.0,510.0,500.0,520.0,0.000650812096476,0.000650812096476
4.0,90.0,12.0,530.0,520.0,540.0,0.000568632091988,0.000568632091988
4.0,90.0,12.0,550.0,540.0,560.0,0.000538662723344,0.000538662723344
4.0,90.0,12.0,570.0,560.0,580.0,0.000447716298197,0.000447716298197
4.0,90.0,12.0,590.0,580.0,600.0,0.000499300347051,0.000499300347051
4.0,90.0,12.0,610.0,600.0,620.0,0.000482354293654,0.000482354293654
4.0,90.0,12.0,630.0,620.0,640.0,0.000616371042292,0.000616371042292
4.0,90.0,12.0,650.0,640.0,660.0,0.000739236515781,0.000739236515781
4.0,90.0,12.0,670.0,660.0,680.0,0.000861019306723,0.000861019306723
4.0,90.0,12.0,690.0,680.0,700.0,0.000922443017057,0.000922443017057
4.0,90.0,12.0,710.0,700.0,720.0,0.0009364027356,0.0009364027356
4.0,90.0,12.0,730.0,720.0,740.0,0.000921954633051,0.000921954633051
4.0,90.0,12.0,750.0,740.0,760.0,0.000868991227088,0.000868991227088
4.0,90.0,12.0,770.0,760.0,780.0,0.000834084115572,0.000834084115572
4.0,90.0,20.0,390.0,380.0,400.0,0.000275685593247,0.000275685593247
4.0,90.0,20.0,410.0,400.0,420.0,0.000474827387237,0.000474827387237
4.0,90.0,20.0,430.0,420.0,440.0,0.000490788373927,0.000490788373927
4.0,90.0,20.0,450.0,440.0,460.0,0.00060925327934,0.00060925327934
4.0,90.0,20.0,470.0,460.0,480.0,0.000643544981928,0.000643544981928
4.0,90.0,20.0,490.0,480.0,500.0,0.000614200888921,0.000614200888921
4.0,90.0,20.0,510.0,500.0,520.0,0.000543649848835,0.000543649848835
4.0,90.0,20.0,530.0,520.0,540.0,0.000465499908679,0.000465499908679
4.0,90.0,20.0,550.0,540.0,560.0,0.000431832129251,0.000431832129251
4.0,90.0,20.0,570.0,560.0,580.0,0.000353143297469,0.000353143297469
4.0,90.0,20.0,590.0,580.0,600.0,0.000385434226397,0.000385434226397
4.0,90.0,20.0,610.0,600.0,620.0,0.000366104151471,0.000366104151471
4.0,90.0,20.0,630.0,620.0,640.0,0.000458151857479,0.000458151857479
4.0,90.0,20.0,650.0,640.0,660.0,0.000539574008799,0.000539574008799
4.0,90.0,20.0,670.0,660.0,680.0,0.00061891089257,0.00061891089257
4.0,90.0,20.0,690.0,680.0,700.0,0.000654533182837,0.000654533182837
4.0,90.0,20.0,710.0,700.0,720.0,0.000657150410012,0.000657150410012
4.0,90.0,20.0,730.0,720.0,740.0,0.000640958897374,0.000640958897374
4.0,90.0,20.0,750.0,740.0,760.0,0.00059950982925,0.00059950982925
4.0,90.0,20.0,770.0,760.0,780.0,0.000571179316851,0.000571179316851
4.0,90.0,30.0,390.0,380.0,400.0,0.000252751431617,0.000252751431617
4.0,90.0,30.0,410.0,400.0,420.0,0.000421176194842,0.000421176194842
4.0,90.0,30.0,430.0,420.0,440.0,0.000423361142882,0.000423361142882
4.0,90.0,30.0,450.0,440.0,460.0,0.000513323176478,0.000513323176478
4.0,90.0,30.0,470.0,460.0,480.0,0.000531472437942,0.000531472437942
4.0,90.0,30.0,490.0,480.0,500.0,0.000498726268378,0.000498726268378
4.0,90.0,30.0,510.0,500.0,520.0,0.000435393641905,0.000435393641905
4.0,90.0,30.0,530.0,520.0,540.0,0.000368746957872,0.000368746957872
4.0,90.0,30.0,550.0,540.0,560.0,0.000338279839351,0.000338279839351
4.0,90.0,30.0,570.0,560.0,580.0,0.000274338413746,0.000274338413746
4.0,90.0,30.0,590.0,580.0,600.0,0.000296043077886,0.000296043077886
4.0,90.0,30.0,610.0,600.0,620.0,0.000278754414657,0.000278754414657
4.0,90.0,30.0,630.0,620.0,640.0,0.000345023387116,0.000345023387116
4.0,90.0,30.0,650.0,640.0,660.0,0.000402495444274,0.000402495444274
4.0,90.0,30.0,670.0,660.0,680.0,0.000458026951314,0.000458026951314
4.0,90.0,30.0,690.0,680.0,700.0,0.000481173925637,0.000481173925637
4.0,90.0,30.0,710.0,700.0,720.0,0.000480381858627,0.000480381858627
4.0,90.0,30.0,730.0,720.0,740.0,0.000466313672311,0.000466313672311
4.0,90.0,30.0,750.0,740.0,760.0,0.000434474494357,0.000434474494357
4.0,90.0,30.0,770.0,760.0,780.0,0.000412393919756,0.000412393919756
4.0,90.0,45.0,390.0,380.0,400.0,0.000214859830254,0.000214859830254
4.0,90.0,45.0,410.0,400.0,420.0,0.000349576135681,0.000349576135681
4.0,90.0,45.0,430.0,420.0,440.0,0.000344693350188,0.000344693350188
4.0,90.0,45.0,450.0,440.0,460.0,0.000411485706225,0.000411485706225
4.0,90.0,45.0,470.0,460.0,480.0,0.000420639776381,0.000420639776381
4.0,90.0,45.0,490.0,480.0,500.0,0.000390630826158,0.000390630826158
4.0,90.0,45.0,510.0,500.0,520.0,0.000338242289355,0.000338242289355
4.0,90.0,45.0,530.0,520.0,540.0,0.000284678972793,0.000284678972793
4.0,90.0,45.0,550.0,540.0,560.0,0.000259456720364,0.000259456720364
4.0,90.0,45.0,570.0,560.0,580.0,0.000209430695096,0.000209430695096
4.0,90.0,45.0,590.0,580.0,600.0,0.000224435259856,0.000224435259856
4.0,90.0,45.0,610.0,600.0,620.0,0.000210227451689,0.000210227451689
4.0,90.0,45.0,630.0,620.0,640.0,0.000258407464953,0.000258407464953
4.0,90.0,45.0,650.0,640.0,660.0,0.00029965679215,0.00029965679215
4.0,90.0,45.0,670.0,660.0,680.0,0.000339316980788,0.000339316980788
4.0,90.0,45.0,690.0,680.0,700.0,0.000354998398597,0.000354998398597
4.0,90.0,45.0,710.0,700.0,720.0,0.000353187114281,0.000353187114281
4.0,90.0,45.0,730.0,720.0,740.0,0.00034184482488,0.00034184482488
4.0,90.0,45.0,750.0,740.0,760.0,0.000317761409582,0.000317761409582
4.0,90.0,45.0,770.0,760.0,780.0,0.000300923723549,0.000300923723549
4.0,90.0,60.0,390.0,380.0,400.0,0.000189591365603,0.000189591365603
4.0,90.0,60.0,410.0,400.0,420.0,0.000304542534631,0.000304542534631
4.0,90.0,60.0,430.0,420.0,440.0,0.000297304459852,0.000297304459852
4.0,90.0,60.0,450.0,440.0,460.0,0.00035218330833,0.00035218330833
4.0,90.0,60.0,470.0,460.0,480.0,0.00035787738431,0.00035787738431
4.0,90.0,60.0,490.0,480.0,500.0,0.000330844045543,0.000330844045543
4.0,90.0,60.0,510.0,500.0,520.0,0.00028555441657,0.00028555441657
4.0,90.0,60.0,530.0,520.0,540.0,0.00023982385908,0.00023982385908
4.0,90.0,60.0,550.0,540.0,560.0,0.000218065478696,0.000218065478696
4.0,90.0,60.0,570.0,560.0,580.0,0.000175774331209,0.000175774331209
4.0,90.0,60.0,590.0,580.0,600.0,0.000187842836719,0.000187842836719
4.0,90.0,60.0,610.0,600.0,620.0,0.000175610563494,0.000175610563494
4.0,90.0,60.0,630.0,620.0,640.0,0.000215206740602,0.000215206740602
4.0,90.0,60.0,650.0,640.0,660.0,0.000248919725823,0.000248919725823
4.0,90.0,60.0,670.0,660.0,680.0,0.000281283731267,0.000281283731267
4.0,90.0,60.0,690.0,680.0,700.0,0.000293795587522,0.000293795587522
4.0,90.0,60.0,710.0,700.0,720.0,0.000291904744003,0.000291904744003
4.0,90.0,60.0,730.0,720.0,740.0,0.000282225876471,0.000282225876471
4.0,90.0,60.0,750.0,740.0,760.0,0.000262134209386,0.000262134209386
4.0,90.0,60.0,770.0,760.0,780.0,0.00024804480102,0.00024804480102
4.0,90.0,90.0,390.0,380.0,400.0,0.000167086748133,0.000167086748133
4.0,90.0,90.0,410.0,400.0,420.0,0.000265856105462,0.000265856105462
4.0,90.0,90.0,430.0,420.0,440.0,0.000257805277602,0.000257805277602
4.0,90.0,90.0,450.0,440.0,460.0,0.00030408373363,0.00030408373363
4.0,90.0,90.0,470.0,460.0,480.0,0.000308267775062,0.000308267775062
4.0,90.0,90.0,490.0,480.0,500.0,0.000284728837594,0.000284728837594
4.0,90.0,90.0,510.0,500.0,520.0,0.00024582231949,0.00024582231949
4.0,90.0,90.0,530.0,520.0,540.0,0.000206690302428,0.000206690302428
4.0,90.0,90.0,550.0,540.0,560.0,0.000188116837511,0.000188116837511
4.0,90.0,90.0,570.0,560.0,580.0,0.000151849664589,0.000151849664589
4.0,90.0,90.0,590.0,580.0,600.0,0.000162287982194,0.000162287982194
4.0,90.0,90.0,610.0,600.0,620.0,0.000151782121459,0.000151782121459
4.0,90.0,90.0,630.0,620.0,640.0,0.00018586249632,0.00018586249632
4.0,90.0,90.0,650.0,640.0,660.0,0.000214835300466,0.000214835300466
4.0,90.0,90.0,670.0,660.0,680.0,0.000242660106016,0.000242660106016
4.0,90.0,90.0,690.0,680.0,700.0,0.000253388658802,0.000253388658802
4.0,90.0,90.0,710.0,700.0,720.0,0.000251728618898,0.000251728618898
4.0,90.0,90.0,730.0,720.0,740.0,0.0002433819295,0.0002433819295
4.0,90.0,90.0,750.0,740.0,760.0,0.000226088822329,0.000226088822329
4.0,90.0,90.0,770.0,760.0,780.0,0.000213951180552,0.000213951180552
4.0,180.0,0.0,390.0,380.0,400.0,0.000127491498315,0.000127491498315
4.0,180.0,0.0,410.0,400.0,420.0,0.000217069725819,0.000217069725819
4.0,180.0,0.0,430.0,420.0,440.0,0.000219901991689,0.000219901991689
4.0,180.0,0.0,450.0,440.0,460.0,0.000264862542587,0.000264862542587
4.0,180.0,0.0,470.0,460.0,480.0,0.000268693972459,0.000268693972459
4.0,180.0,0.0,490.0,480.0,500.0,0.000243937531765,0.000243937531765
4.0,180.0,0.0,510.0,500.0,520.0,0.000203285212735,0.000203285212735
4.0,180.0,0.0,530.0,520.0,540.0,0.000162144693187,0.000162144693187
4.0,180.0,0.0,550.0,540.0,560.0,0.000141132821672,0.000141132821672
4.0,180.0,0.0,570.0,560.0,580.0,0.00010743466319,0.00010743466319
4.0,180.0,0.0,590.0,580.0,600.0,0.000113614411471,0.000113614411471
4.0,180.0,0.0,610.0,600.0,620.0,0.0001041906531,0.0001041906531
4.0,180.0,0.0,630.0,620.0,640.0,0.000131788620348,0.000131788620348
4.0,180.0,0.0,650.0,640.0,660.0,0.000157578479112,0.000157578479112
4.0,180.0,0.0,670.0,660.0,680.0,0.000182947263969,0.000182947263969
4.0,180.0,0.0,690.0,680.0,700.0,0.000195058636324,0.000195058636324
4.0,180.0,0.0,710.0,700.0,720.0,0.000196695647794,0.000196695647794
4.0,180.0,0.0,730.0,720.0,740.0,0.000191932560845,0.000191932560845
4.0,180.0,0.0,750.0,740.0,760.0,0.000178438493151,0.000178438493151
4.0,180.0,0.0,770.0,760.0,780.0,0.00016963274081,0.00016963274081
4.0,180.0,0.5,390.0,380.0,400.0,0.000134591681375,0.000134591681375
4.0,180.0,0.5,410.0,400.0,420.0,0.000228550481163,0.000228550481163
4.0,180.0,0.5,430.0,420.0,440.0,0.000230959280464,0.000230959280464
4.0,180.0,0.5,450.0,440.0,460.0,0.000277498459329,0.000277498459329
4.0,180.0,0.5,470.0,460.0,480.0,0.00028078684518,0.00028078684518
4.0,180.0,0.5,490.0,480.0,500.0,0.000254191848555,0.000254191848555
4.0,180.0,0.5,510.0,500.0,520.0,0.000211147207686,0.000211147207686
4.0,180.0,0.5,530.0,520.0,540.0,0.000167790203784,0.000167790203784
4.0,180.0,0.5,550.0,540.0,560.0,0.000145433734399,0.000145433734399
4.0,180.0,0.5,570.0,560.0,580.0,0.000110192521734,0.000110192521734
4.0,180.0,0.5,590.0,580.0,600.0,0.000115960119659,0.000115960119659
4.0,180.0,0.5,610.0,600.0,620.0,0.000105791795657,0.000105791795657
4.0,180.0,0.5,630.0,620.0,640.0,0.00013312409588,0.00013312409588
4.0,180.0,0.5,650.0,640.0,660.0,0.000158330876544,0.000158330876544
4.0,180.0,0.5,670.0,660.0,680.0,0.000182806224478,0.000182806224478
4.0,180.0,0.5,690.0,680.0,700.0,0.000193792189008,0.000193792189008
4.0,180.0,0.5,710.0,700.0,720.0,0.000194266058329,0.000194266058329
4.0,180.0,0.5,730.0,720.0,740.0,0.00018842055285,0.00018842055285
4.0,180.0,0.5,750.0,740.0,760.0,0.000174109868573,0.000174109868573
4.0,180.0,0.5,770.0,760.0,780.0,0.0001645031679,0.0001645031679
4.0,180.0,1.0,390.0,380.0,400.0,0.000137793873136,0.000137793873136
4.0,180.0,1.0,410.0,400.0,420.0,0.000234135681718,0.000234135681718
4.0,180.0,1.0,430.0,420.0,440.0,0.000236649168165,0.000236649168165
4.0,180.0,1.0,450.0,440.0,460.0,0.000284236408785,0.000284236408785
4.0,180.0,1.0,470.0,460.0,480.0,0.000287319317385,0.000287319317385
4.0,180.0,1.0,490.0,480.0,500.0,0.000259654237749,0.000259654237749
4.0,180.0,1.0,510.0,500.0,520.0,0.000215131490156,0.000215131490156
4.0,180.0,1.0,530.0,520.0,540.0,0.000170374594447,0.000170374594447
4.0,180.0,1.0,550.0,540.0,560.0,0.000147087453531,0.000147087453531
4.0,180.0,1.0,570.0,560.0,580.0,0.000110933240889,0.000110933240889
4.0,180.0,1.0,590.0,580.0,600.0,0.000116200208203,0.000116200208203
4.0,180.0,1.0,610.0,600.0,620.0,0.000105487569067,0.000105487569067
4.0,180.0,1.0,630.0,620.0,640.0,0.00013211351221,0.00013211351221
4.0,180.0,1.0,650.0,640.0,660.0,0.000156361323581,0.000156361323581
4.0,180.0,1.0,670.0,660.0,680.0,0.000179613159125,0.000179613159125
4.0,180.0,1.0,690.0,680.0,700.0,0.000189408071135,0.000189408071135
4.0,180.0,1.0,710.0,700.0,720.0,0.000188857318765,0.000188857318765
4.0,180.0,1.0,730.0,720.0,740.0,0.000182191432185,0.000182191432185
4.0,180.0,1.0,750.0,740.0,760.0,0.000167459296582,0.000167459296582
4.0,180.0,1.0,770.0,760.0,780.0,0.000157383771223,0.000157383771223
4.0,180.0,2.0,390.0,380.0,400.0,0.00014410779892,0.00014410779892
4.0,180.0,2.0,410.0,400.0,420.0,0.000245055487153,0.000245055487153
4.0,180.0,2.0,430.0,420.0,440.0,0.000247570659049,0.000247570659049
4.0,180.0,2.0,450.0,440.0,460.0,0.000296760300885,0.000296760300885
4.0,180.0,2.0,470.0,460.0,480.0,0.000298869144234,0.000298869144234
4.0,180.0,2.0,490.0,480.0,500.0,0.000268622470993,0.000268622470993
4.0,180.0,2.0,510.0,500.0,520.0,0.000220981734316,0.000220981734316
4.0,180.0,2.0,530.0,520.0,540.0,0.000173519399098,0.000173519399098
4.0,180.0,2.0,550.0,540.0,560.0,0.000148406730575,0.000148406730575
4.0,180.0,2.0,570.0,560.0,580.0,0.000110812629087,0.000110812629087
4.0,180.0,2.0,590.0,580.0,600.0,0.000114923888248,0.000114923888248
4.0,180.0,2.0,610.0,600.0,620.0,0.000103287771003,0.000103287771003
4.0,180.0,2.0,630.0,620.0,640.0,0.000128102434559,0.000128102434559
4.0,180.0,2.0,650.0,640.0,660.0,0.000150145809545,0.000150145809545
4.0,180.0,2.0,670.0,660.0,680.0,0.000170806463664,0.000170806463664
4.0,180.0,2.0,690.0,680.0,700.0,0.00017839905802,0.00017839905802
4.0,180.0,2.0,710.0,700.0,720.0,0.000176212648431,0.000176212648431
4.0,180.0,2.0,730.0,720.0,740.0,0.000168444284784,0.000168444284784
4.0,180.0,2.0,750.0,740.0,760.0,0.000153473732301,0.000153473732301
4.0,180.0,2.0,770.0,760.0,780.0,0.00014301085705,0.00014301085705
4.0,180.0,3.0,390.0,380.0,400.0,0.00015075772805,0.00015075772805
4.0,180.0,3.0,410.0,400.0,420.0,0.000256134668405,0.000256134668405
4.0,180.0,3.0,430.0,420.0,440.0,0.000258055746823,0.000258055746823
4.0,180.0,3.0,450.0,440.0,460.0,0.000307890444369,0.000307890444369
4.0,180.0,3.0,470.0,460.0,480.0,0.000308094234391,0.000308094234391
4.0,180.0,3.0,490.0,480.0,500.0,0.00027474442557,0.00027474442557
4.0,180.0,3.0,510.0,500.0,520.0,0.000224011554934,0.000224011554934
4.0,180.0,3.0,530.0,520.0,540.0,0.000174231388492,0.000174231388492
4.0,180.0,3.0,550.0,540.0,560.0,0.000147573385456,0.000147573385456
4.0,180.0,3.0,570.0,560.0,580.0,0.000109139993394,0.000109139993394
4.0,180.0,3.0,590.0,580.0,600.0,0.000112125515893,0.000112125515893
4.0,180.0,3.0,610.0,600.0,620.0,9.9872538727e-05,9.9872538727e-05
4.0,180.0,3.0,630.0,620.0,640.0,0.000122770134005,0.000122770134005
4.0,180.0,3.0,650.0,640.0,660.0,0.000142667399442,0.000142667399442
4.0,180.0,3.0,670.0,660.0,680.0,0.000160970644014,0.000160970644014
4.0,180.0,3.0,690.0,680.0,700.0,0.000166814654272,0.000166814654272
4.0,180.0,3.0,710.0,700.0,720.0,0.000163550682691,0.000163550682691
4.0,180.0,3.0,730.0,720.0,740.0,0.000155248563849,0.000155248563849
4.0,180.0,3.0,750.0,740.0,760.0,0.000140532780014,0.000140532780014
4.0,180.0,3.0,770.0,760.0,780.0,0.000130132173332,0.000130132173332
4.0,180.0,5.0,390.0,380.0,400.0,0.000161975711618,0.000161975711618
4.0,180.0,5.0,410.0,400.0,420.0,0.000272810159079,0.000272810159079
4.0,180.0,5.0,430.0,420.0,440.0,0.000271435461975,0.000271435461975
4.0,180.0,5.0,450.0,440.0,460.0,0.000318920118843,0.000318920118843
4.0,180.0,5.0,470.0,460.0,480.0,0.000313810980238,0.000313810980238
4.0,180.0,5.0,490.0,480.0,500.0,0.000275226225363,0.000275226225363
4.0,180.0,5.0,510.0,500.0,520.0,0.000221146585588,0.000221146585588
4.0,180.0,5.0,530.0,520.0,540.0,0.000170096000385,0.000170096000385
4.0,180.0,5.0,550.0,540.0,560.0,0.000143087131335,0.000143087131335
4.0,180.0,5.0,570.0,560.0,580.0,0.000105486682075,0.000105486682075
4.0,180.0,5.0,590.0,580.0,600.0,0.00010874829918,0.00010874829918
4.0,180.0,5.0,610.0,600.0,620.0,9.75168124051e-05,9.75168124051e-05
4.0,180.0,5.0,630.0,620.0,640.0,0.000122130908108,0.000122130908108
4.0,180.0,5.0,650.0,640.0,660.0,0.000145567899492,0.000145567899492
4.0,180.0,5.0,670.0,660.0,680.0,0.000169210090898,0.000169210090898
4.0,180.0,5.0,690.0,680.0,700.0,0.000181215683904,0.000181215683904
4.0,180.0,5.0,710.0,700.0,720.0,0.000183979484903,0.000183979484903
4.0,180.0,5.0,730.0,720.0,740.0,0.000180996959362,0.000180996959362
4.0,180.0,5.0,750.0,740.0,760.0,0.00016952628491,0.00016952628491
4.0,180.0,5.0,770.0,760.0,780.0,0.000162988262429,0.000162988262429
4.0,180.0,8.0,390.0,380.0,400.0,0.000172857846792,0.000172857846792
4.0,180.0,8.0,410.0,400.0,420.0,0.000285385441224,0.000285385441224
4.0,180.0,8.0,430.0,420.0,440.0,0.000279096820348,0.000279096820348
4.0,180.0,8.0,450.0,440.0,460.0,0.000325403044361,0.000325403044361
4.0,180.0,8.0,470.0,460.0,480.0,0.000323582299119,0.000323582299119
4.0,180.0,8.0,490.0,480.0,500.0,0.000294600318293,0.000294600318293
4.0,180.0,8.0,510.0,500.0,520.0,0.000253514298472,0.000253514298472
4.0,180.0,8.0,530.0,520.0,540.0,0.000214859677003,0.000214859677003
4.0,180.0,8.0,550.0,540.0,560.0,0.000203509070145,0.000203509070145
4.0,180.0,8.0,570.0,560.0,580.0,0.000169804358129,0.000169804358129
4.0,180.0,8.0,590.0,580.0,600.0,0.000198634844175,0.000198634844175
4.0,180.0,8.0,610.0,600.0,620.0,0.000199710087303,0.000199710087303
4.0,180.0,8.0,630.0,620.0,640.0,0.000277200137381,0.000277200137381
4.0,180.0,8.0,650.0,640.0,660.0,0.000359675621604,0.000359675621604
4.0,180.0,8.0,670.0,660.0,680.0,0.000448581594472,0.000448581594472
4.0,180.0,8.0,690.0,680.0,700.0,0.000509602600371,0.000509602600371
4.0,180.0,8.0,710.0,700.0,720.0,0.000543890114399,0.000543890114399
4.0,180.0,8.0,730.0,720.0,740.0,0.000558598888434,0.000558598888434
4.0,180.0,8.0,750.0,740.0,760.0,0.000543948105297,0.000543948105297
4.0,180.0,8.0,770.0,760.0,780.0,0.000539779715253,0.000539779715253
4.0,180.0,12.0,390.0,380.0,400.0,0.000184202358983,0.000184202358983
4.0,180.0,12.0,410.0,400.0,420.0,0.000305078232686,0.000305078232686
4.0,180.0,12.0,430.0,420.0,440.0,0.00030503329897,0.00030503329897
4.0,180.0,12.0,450.0,440.0,460.0,0.000371591890522,0.000371591890522
4.0,180.0,12.0,470.0,460.0,480.0,0.000393654761482,0.000393654761482
4.0,180.0,12.0,490.0,480.0,500.0,0.000385645210571,0.000385645210571
4.0,180.0,12.0,510.0,500.0,520.0,0.000356097608145,0.000356097608145
4.0,180.0,12.0,530.0,520.0,540.0,0.00032027522223,0.00032027522223
4.0,180.0,12.0,550.0,540.0,560.0,0.000316998178739,0.000316998178739
4.0,180.0,12.0,570.0,560.0,580.0,0.000272958519623,0.000272958519623
4.0,180.0,12.0,590.0,580.0,600.0,0.000321846873145,0.000321846873145
4.0,180.0,12.0,610.0,600.0,620.0,0.00032416371431,0.00032416371431
4.0,180.0,12.0,630.0,620.0,640.0,0.000439555963721,0.000439555963721
4.0,180.0,12.0,650.0,640.0,660.0,0.000554871346409,0.000554871346409
4.0,180.0,12.0,670.0,660.0,680.0,0.000674006116412,0.000674006116412
4.0,180.0,12.0,690.0,680.0,700.0,0.000747487873786,0.000747487873786
4.0,180.0,12.0,710.0,700.0,720.0,0.000780831558645,0.000780831558645
4.0,180.0,12.0,730.0,720.0,740.0,0.000787110158135,0.000787110158135
4.0,180.0,12.0,750.0,740.0,760.0,0.000755366770436,0.000755366770436
4.0,180.0,12.0,770.0,760.0,780.0,0.000737982778768,0.000737982778768
4.0,180.0,20.0,390.0,380.0,400.0,0.000213353959943,0.000213353959943
4.0,180.0,20.0,410.0,400.0,420.0,0.000361691831021,0.000361691831021
4.0,180.0,20.0,430.0,420.0,440.0,0.000373289596733,0.000373289596733
4.0,180.0,20.0,450.0,440.0,460.0,0.000469603597568,0.000469603597568
4.0,180.0,20.0,470.0,460.0,480.0,0.000509652875261,0.000509652875261
4.0,180.0,20.0,490.0,480.0,500.0,0.000504629997687,0.000504629997687
4.0,180.0,20.0,510.0,500.0,520.0,0.000464921488693,0.000464921488693
4.0,180.0,20.0,530.0,520.0,540.0,0.000413800290301,0.000413800290301
4.0,180.0,20.0,550.0,540.0,560.0,0.000400995917096,0.000400995917096
4.0,180.0,20.0,570.0,560.0,580.0,0.000339156040075,0.000339156040075
4.0,180.0,20.0,590.0,580.0,600.0,0.000386756354118,0.000386756354118
4.0,180.0,20.0,610.0,600.0,620.0,0.000379495312573,0.000379495312573
4.0,180.0,20.0,630.0,620.0,640.0,0.000494178052452,0.000494178052452
4.0,180.0,20.0,650.0,640.0,660.0,0.000601533403971,0.000601533403971
4.0,180.0,20.0,670.0,660.0,680.0,0.000708605518471,0.000708605518471
4.0,180.0,20.0,690.0,680.0,700.0,0.000765872361395,0.000765872361395
4.0,180.0,20.0,710.0,700.0,720.0,0.000782877315533,0.000782877315533
4.0,180.0,20.0,730.0,720.0,740.0,0.00077501080795,0.00077501080795
4.0,180.0,20.0,750.0,740.0,760.0,0.000733386026467,0.000733386026467
4.0,180.0,20.0,770.0,760.0,780.0,0.000706534790149,0.000706534790149
4.0,180.0,30.0,390.0,380.0,400.0,0.00022719896414,0.00022719896414
4.0,180.0,30.0,410.0,400.0,420.0,0.000382091860393,0.000382091860393
4.0,180.0,30.0,430.0,420.0,440.0,0.000390843782687,0.000390843782687
4.0,180.0,30.0,450.0,440.0,460.0,0.000485844536911,0.000485844536911
4.0,180.0,30.0,470.0,460.0,480.0,0.00051887179193,0.00051887179193
4.0,180.0,30.0,490.0,480.0,500.0,0.000503948546057,0.000503948546057
4.0,180.0,30.0,510.0,500.0,520.0,0.000455228844634,0.000455228844634
4.0,180.0,30.0,530.0,520.0,540.0,0.000397957682309,0.000397957682309
4.0,180.0,30.0,550.0,540.0,560.0,0.000377641357068,0.000377641357068
4.0,180.0,30.0,570.0,560.0,580.0,0.00031463116634,0.00031463116634
4.0,180.0,30.0,590.0,580.0,600.0,0.000350610611719,0.000350610611719
4.0,180.0,30.0,610.0,600.0,620.0,0.000338358095457,0.000338358095457
4.0,180.0,30.0,630.0,620.0,640.0,0.000430414784196,0.000430414784196
4.0,180.0,30.0,650.0,640.0,660.0,0.000513565601678,0.000513565601678
4.0,180.0,30.0,670.0,660.0,680.0,0.000595253988015,0.000595253988015
4.0,180.0,30.0,690.0,680.0,700.0,0.000634916421126,0.000634916421126
4.0,180.0,30.0,710.0,700.0,720.0,0.00064201392315,0.00064201392315
4.0,180.0,30.0,730.0,720.0,740.0,0.000629962168639,0.000629962168639
4.0,180.0,30.0,750.0,740.0,760.0,0.000592164607801,0.000592164607801
4.0,180.0,30.0,770.0,760.0,780.0,0.000566710762657,0.000566710762657
4.0,180.0,45.0,390.0,380.0,400.0,0.000214377432366,0.000214377432366
4.0,180.0,45.0,410.0,400.0,420.0,0.0003526055799,0.0003526055799
4.0,180.0,45.0,430.0,420.0,440.0,0.000352912245437,0.000352912245437
4.0,180.0,45.0,450.0,440.0,460.0,0.00042913900755,0.00042913900755
4.0,180.0,45.0,470.0,460.0,480.0,0.000448041097366,0.000448041097366
4.0,180.0,45.0,490.0,480.0,500.0,0.000425355717984,0.000425355717984
4.0,180.0,45.0,510.0,500.0,520.0,0.000376034204747,0.000376034204747
4.0,180.0,45.0,530.0,520.0,540.0,0.000322258109305,0.000322258109305
4.0,180.0,45.0,550.0,540.0,560.0,0.000299164629678,0.000299164629678
4.0,180.0,45.0,570.0,560.0,580.0,0.000244675804434,0.000244675804434
4.0,180.0,45.0,590.0,580.0,600.0,0.000266605209198,0.000266605209198
4.0,180.0,45.0,610.0,600.0,620.0,0.000252629082418,0.000252629082418
4.0,180.0,45.0,630.0,620.0,640.0,0.00031510354964,0.00031510354964
4.0,180.0,45.0,650.0,640.0,660.0,0.000369777712811,0.000369777712811
4.0,180.0,45.0,670.0,660.0,680.0,0.000422642961367,0.000422642961367
4.0,180.0,45.0,690.0,680.0,700.0,0.000445454104388,0.000445454104388
4.0,180.0,45.0,710.0,700.0,720.0,0.000445801538952,0.000445801538952
4.0,180.0,45.0,730.0,720.0,740.0,0.000433502257996,0.000433502257996
4.0,180.0,45.0,750.0,740.0,760.0,0.000404309258423,0.000404309258423
4.0,180.0,45.0,770.0,760.0,780.0,0.00038415007692,0.00038415007692
4.0,180.0,60.0,390.0,380.0,400.0,0.000188691744295,0.000188691744295
4.0,180.0,60.0,410.0,400.0,420.0,0.000305144167334,0.000305144167334
4.0,180.0,60.0,430.0,420.0,440.0,0.000300652061118,0.000300652061118
4.0,180.0,60.0,450.0,440.0,460.0,0.00036017580951,0.00036017580951
4.0,180.0,60.0,470.0,460.0,480.0,0.000370631657206,0.000370631657206
4.0,180.0,60.0,490.0,480.0,500.0,0.000347014311269,0.000347014311269
4.0,180.0,60.0,510.0,500.0,520.0,0.000302907242776,0.000302907242776
4.0,180.0,60.0,530.0,520.0,540.0,0.000256647719771,0.000256647719771
4.0,180.0,60.0,550.0,540.0,560.0,0.00023531747349,0.00023531747349
4.0,180.0,60.0,570.0,560.0,580.0,0.000190479138096,0.000190479138096
4.0,180.0,60.0,590.0,580.0,600.0,0.000204965136782,0.000204965136782
4.0,180.0,60.0,610.0,600.0,620.0,0.000192262738997,0.000192262738997
4.0,180.0,60.0,630.0,620.0,640.0,0.00023722212577,0.00023722212577
4.0,180.0,60.0,650.0,640.0,660.0,0.000275868934731,0.000275868934731
4.0,180.0,60.0,670.0,660.0,680.0,0.000312932178964,0.000312932178964
4.0,180.0,60.0,690.0,680.0,700.0,0.000327712537199,0.000327712537199
4.0,180.0,60.0,710.0,700.0,720.0,0.000326160990526,0.000326160990526
4.0,180.0,60.0,730.0,720.0,740.0,0.000315642642027,0.000315642642027
4.0,180.0,60.0,750.0,740.0,760.0,0.000293163743166,0.000293163743166
4.0,180.0,60.0,770.0,760.0,780.0,0.00027748901738,0.00027748901738
4.0,180.0,90.0,390.0,380.0,400.0,0.000167086748135,0.000167086748135
4.0,180.0,90.0,410.0,400.0,420.0,0.000265856105465,0.000265856105465
4.0,180.0,90.0,430.0,420.0,440.0,0.000257805277603,0.000257805277603
4.0,180.0,90.0,450.0,440.0,460.0,0.000304083733631,0.000304083733631
4.0,180.0,90.0,470.0,460.0,480.0,0.000308267775062,0.000308267775062
4.0,180.0,90.0,490.0,480.0,500.0,0.000284728837593,0.000284728837593
4.0,180.0,90.0,510.0,500.0,520.0,0.000245822319488,0.000245822319488
4.0,180.0,90.0,530.0,520.0,540.0,0.000206690302427,0.000206690302427
4.0,180.0,90.0,550.0,540.0,560.0,0.00018811683751,0.00018811683751
4.0,180.0,90.0,570.0,560.0,580.0,0.000151849664587,0.000151849664587
4.0,180.0,90.0,590.0,580.0,600.0,0.000162287982192,0.000162287982192
4.0,180.0,90.0,610.0,600.0,620.0,0.000151782121458,0.000151782121458
4.0,180.0,90.0,630.0,620.0,640.0,0.000185862496318,0.000185862496318
4.0,180.0,90.0,650.0,640.0,660.0,0.000214835300464,0.000214835300464
4.0,180.0,90.0,670.0,660.0,680.0,0.000242660106014,0.000242660106014
4.0,180.0,90.0,690.0,680.0,700.0,0.000253388658799,0.000253388658799
4.0,180.0,90.0,710.0,700.0,720.0,0.000251728618896,0.000251728618896
4.0,180.0,90.0,730.0,720.0,740.0,0.000243381929498,0.000243381929498
4.0,180.0,90.0,750.0,740.0,760.0,0.000226088822327,0.000226088822327
4.0,180.0,90.0,770.0,760.0,780.0,0.00021395118055,0.00021395118055
6.0,0.0,0.0,390.0,380.0,400.0,3.74525786581e-05,3.74525786581e-05
6.0,0.0,0.0,410.0,400.0,420.0,7.09051968301e-05,7.09051968301e-05
6.0,0.0,0.0,430.0,420.0,440.0,7.94558937651e-05,7.94558937651e-05
6.0,0.0,0.0,450.0,440.0,460.0,0.000105071980817,0.000105071980817
6.0,0.0,0.0,470.0,460.0,480.0,0.000116328951571,0.000116328951571
6.0,0.0,0.0,490.0,480.0,500.0,0.000115304279685,0.000115304279685
6.0,0.0,0.0,510.0,500.0,520.0,0.000106127942673,0.000106127942673
6.0,0.0,0.0,530.0,520.0,540.0,9.62163741875e-05,9.62163741875e-05
6.0,0.0,0.0,550.0,540.0,560.0,9.95625435538e-05,9.95625435538e-05
6.0,0.0,0.0,570.0,560.0,580.0,9.44487110461e-05,9.44487110461e-05
6.0,0.0,0.0,590.0,580.0,600.0,0.000127365593283,0.000127365593283
6.0,0.0,0.0,610.0,600.0,620.0,0.00015137765952,0.00015137765952
6.0,0.0,0.0,630.0,620.0,640.0,0.000242360478602,0.000242360478602
6.0,0.0,0.0,650.0,640.0,660.0,0.000361279675628,0.000361279675628
6.0,0.0,0.0,670.0,660.0,680.0,0.000516478894827,0.000516478894827
6.0,0.0,0.0,690.0,680.0,700.0,0.000669976322857,0.000669976322857
6.0,0.0,0.0,710.0,700.0,720.0,0.000812746006047,0.000812746006047
6.0,0.0,0.0,730.0,720.0,740.0,0.000944382398365,0.000944382398365
6.0,0.0,0.0,750.0,740.0,760.0,0.00103851347958,0.00103851347958
6.0,0.0,0.0,770.0,760.0,780.0,0.00114959743039,0.00114959743039
6.0,0.0,0.5,390.0,380.0,400.0,3.70941089241e-05,3.70941089241e-05
6.0,0.0,0.5,410.0,400.0,420.0,7.08628464917e-05,7.08628464917e-05
6.0,0.0,0.5,430.0,420.0,440.0,8.04179971417e-05,8.04179971417e-05
6.0,0.0,0.5,450.0,440.0,460.0,0.000108918969981,0.000108918969981
6.0,0.0,0.5,470.0,460.0,480.0,0.000126433001345,0.000126433001345
6.0,0.0,0.5,490.0,480.0,500.0,0.000136092213995,0.000136092213995
6.0,0.0,0.5,510.0,500.0,520.0,0.000141195366922,0.000141195366922
6.0,0.0,0.5,530.0,520.0,540.0,0.000147463600415,0.000147463600415
6.0,0.0,0.5,550.0,540.0,560.0,0.000173048198853,0.000173048198853
6.0,0.0,0.5,570.0,560.0,580.0,0.000180066755985,0.000180066755985
6.0,0.0,0.5,590.0,580.0,600.0,0.000252548055299,0.000252548055299
6.0,0.0,0.5,610.0,600.0,620.0,0.000302447402221,0.000302447402221
6.0,0.0,0.5,630.0,620.0,640.0,0.000474835327687,0.000474835327687
6.0,0.0,0.5,650.0,640.0,660.0,0.000686767042117,0.000686767042117
6.0,0.0,0.5,670.0,660.0,680.0,0.000947808164138,0.000947808164138
6.0,0.0,0.5,690.0,680.0,700.0,0.00118412422202,0.00118412422202
6.0,0.0,0.5,710.0,700.0,720.0,0.00138222528683,0.00138222528683
6.0,0.0,0.5,730.0,720.0,740.0,0.00154552120598,0.00154552120598
6.0,0.0,0.5,750.0,740.0,760.0,0.00163602249319,0.00163602249319
6.0,0.0,0.5,770.0,760.0,780.0,0.00174641110546,0.00174641110546
6.0,0.0,1.0,390.0,380.0,400.0,3.81479112459e-05,3.81479112459e-05
6.0,0.0,1.0,410.0,400.0,420.0,7.35039639923e-05,7.35039639923e-05
6.0,0.0,1.0,430.0,420.0,440.0,8.53977300728e-05,8.53977300728e-05
6.0,0.0,1.0,450.0,440.0,460.0,0.00012168505112,0.00012168505112
6.0,0.0,1.0,470.0,460.0,480.0,0.000153430185725,0.000153430185725
6.0,0.0,1.0,490.0,480.0,500.0,0.000182750864786,0.000182750864786
6.0,0.0,1.0,510.0,500.0,520.0,0.000208087167323,0.000208087167323
6.0,0.0,1.0,530.0,520.0,540.0,0.000231095107884,0.000231095107884
6.0,0.0,1.0,550.0,540.0,560.0,0.000277190457125,0.000277190457125
6.0,0.0,1.0,570.0,560.0,580.0,0.000285779901812,0.000285779901812
6.0,0.0,1.0,590.0,580.0,600.0,0.000390767921064,0.000390767921064
6.0,0.0,1.0,610.0,600.0,620.0,0.000451802710655,0.000451802710655
6.0,0.0,1.0,630.0,620.0,640.0,0.000686104629361,0.000686104629361
6.0,0.0,1.0,650.0,640.0,660.0,0.000960192378578,0.000960192378578
6.0,0.0,1.0,670.0,660.0,680.0,0.00128308268066,0.00128308268066
6.0,0.0,1.0,690.0,680.0,700.0,0.00155388612586,0.00155388612586
6.0,0.0,1.0,710.0,700.0,720.0,0.00176067195249,0.00176067195249
6.0,0.0,1.0,730.0,720.0,740.0,0.0019135933085,0.0019135933085
6.0,0.0,1.0,750.0,740.0,760.0,0.00197068692438,0.00197068692438
6.0,0.0,1.0,770.0,760.0,780.0,0.0020520828927,0.0020520828927
6.0,0.0,2.0,390.0,380.0,400.0,4.12962688112e-05,4.12962688112e-05
6.0,0.0,2.0,410.0,400.0,420.0,8.42683713353e-05,8.42683713353e-05
6.0,0.0,2.0,430.0,420.0,440.0,0.000108780604001,0.000108780604001
6.0,0.0,2.0,450.0,440.0,460.0,0.000177595872452,0.000177595872452
6.0,0.0,2.0,470.0,460.0,480.0,0.0002534534341,0.0002534534341
6.0,0.0,2.0,490.0,480.0,500.0,0.000325498990861,0.000325498990861
6.0,0.0,2.0,510.0,500.0,520.0,0.000376988631087,0.000376988631087
6.0,0.0,2.0,530.0,520.0,540.0,0.00040587663457,0.00040587663457
6.0,0.0,2.0,550.0,540.0,560.0,0.000459852364267,0.000459852364267
6.0,0.0,2.0,570.0,560.0,580.0,0.00044009888912,0.00044009888912
6.0,0.0,2.0,590.0,580.0,600.0,0.000563401162889,0.000563401162889
6.0,0.0,2.0,610.0,600.0,620.0,0.000608448702933,0.000608448702933
6.0,0.0,2.0,630.0,620.0,640.0,0.00087908786469,0.00087908786469
6.0,0.0,2.0,650.0,640.0,660.0,0.0011762416882,0.0011762416882
6.0,0.0,2.0,670.0,660.0,680.0,0.00150643967069,0.00150643967069
6.0,0.0,2.0,690.0,680.0,700.0,0.00175254348366,0.00175254348366
6.0,0.0,2.0,710.0,700.0,720.0,0.00191170411102,0.00191170411102
6.0,0.0,2.0,730.0,720.0,740.0,0.00200404076314,0.00200404076314
6.0,0.0,2.0,750.0,740.0,760.0,0.00199184024697,0.00199184024697
6.0,0.0,2.0,770.0,760.0,780.0,0.00201104897464,0.00201104897464
6.0,0.0,3.0,390.0,380.0,400.0,4.75586391763e-05,4.75586391763e-05
6.0,0.0,3.0,410.0,400.0,420.0,0.000106387201917,0.000106387201917
6.0,0.0,3.0,430.0,420.0,440.0,0.000150207688602,0.000150207688602
6.0,0.0,3.0,450.0,440.0,460.0,0.000257981543257,0.000257981543257
6.0,0.0,3.0,470.0,460.0,480.0,0.000369291848696,0.000369291848696
6.0,0.0,3.0,490.0,480.0,500.0,0.000459350679404,0.000459350679404
6.0,0.0,3.0,510.0,500.0,520.0,0.00050544366946,0.00050544366946
6.0,0.0,3.0,530.0,520.0,540.0,0.000512854963006,0.000512854963006
6.0,0.0,3.0,550.0,540.0,560.0,0.000549184878081,0.000549184878081
6.0,0.0,3.0,570.0,560.0,580.0,0.000497575754991,0.000497575754991
6.0,0.0,3.0,590.0,580.0,600.0,0.000610722259397,0.000610722259397
6.0,0.0,3.0,610.0,600.0,620.0,0.000634359998546,0.000634359998546
6.0,0.0,3.0,630.0,620.0,640.0,0.000892598846656,0.000892598846656
6.0,0.0,3.0,650.0,640.0,660.0,0.00116796575942,0.00116796575942
6.0,0.0,3.0,670.0,660.0,680.0,0.00146592239795,0.00146592239795
6.0,0.0,3.0,690.0,680.0,700.0,0.00167408198576,0.00167408198576
6.0,0.0,3.0,710.0,700.0,720.0,0.00179512832282,0.00179512832282
6.0,0.0,3.0,730.0,720.0,740.0,0.00185209489013,0.00185209489013
6.0,0.0,3.0,750.0,740.0,760.0,0.00181267481377,0.00181267481377
6.0,0.0,3.0,770.0,760.0,780.0,0.00180642464979,0.00180642464979
6.0,0.0,5.0,390.0,380.0,400.0,6.92599428982e-05,6.92599428982e-05
6.0,0.0,5.0,410.0,400.0,420.0,0.000165406748708,0.000165406748708
6.0,0.0,5.0,430.0,420.0,440.0,0.000232842798039,0.000232842798039
6.0,0.0,5.0,450.0,440.0,460.0,0.000378109549382,0.000378109549382
6.0,0.0,5.0,470.0,460.0,480.0,0.000498208303794,0.000498208303794
6.0,0.0,5.0,490.0,480.0,500.0,0.000565964725728,0.000565964725728
6.0,0.0,5.0,510.0,500.0,520.0,0.000569665706478,0.000569665706478
6.0,0.0,5.0,530.0,520.0,540.0,0.000531544818491,0.000531544818491
6.0,0.0,5.0,550.0,540.0,560.0,0.000528616743616,0.000528616743616
6.0,0.0,5.0,570.0,560.0,580.0,0.000447541820466,0.000447541820466
6.0,0.0,5.0,590.0,580.0,600.0,0.000520997574226,0.000520997574226
6.0,0.0,5.0,610.0,600.0,620.0,0.000515966723178,0.000515966723178
6.0,0.0,5.0,630.0,620.0,640.0,0.000703516798077,0.000703516798077
6.0,0.0,5.0,650.0,640.0,660.0,0.00089757992848,0.00089757992848
6.0,0.0,5.0,670.0,660.0,680.0,0.0011016513492,0.0011016513492
6.0,0.0,5.0,690.0,680.0,700.0,0.00123274342762,0.00123274342762
6.0,0.0,5.0,710.0,700.0,720.0,0.00129730380606,0.00129730380606
6.0,0.0,5.0,730.0,720.0,740.0,0.0013151908592,0.0013151908592
6.0,0.0,5.0,750.0,740.0,760.0,0.00126510442962,0.00126510442962
6.0,0.0,5.0,770.0,760.0,780.0,0.00124282852701,0.00124282852701
6.0,0.0,8.0,390.0,380.0,400.0,9.68183771727e-05,9.68183771727e-05
6.0,0.0,8.0,410.0,400.0,420.0,0.000213780135812,0.000213780135812
6.0,0.0,8.0,430.0,420.0,440.0,0.000271980215278,0.000271980215278
6.0,0.0,8.0,450.0,440.0,460.0,0.000398631706572,0.000398631706572
6.0,0.0,8.0,470.0,460.0,480.0,0.000478236034861,0.000478236034861
6.0,0.0,8.0,490.0,480.0,500.0,0.000500639668617,0.000500639668617
6.0,0.0,8.0,510.0,500.0,520.0,0.000469962796039,0.000469962796039
6.0,0.0,8.0,530.0,520.0,540.0,0.000413171571374,0.000413171571374
6.0,0.0,8.0,550.0,540.0,560.0,0.000390258488596,0.000390258488596
6.0,0.0,8.0,570.0,560.0,580.0,0.000316008545913,0.000316008545913
6.0,0.0,8.0,590.0,580.0,600.0,0.000354379556872,0.000354379556872
6.0,0.0,8.0,610.0,600.0,620.0,0.000339873204553,0.000339873204553
6.0,0.0,8.0,630.0,620.0,640.0,0.000453149011525,0.000453149011525
6.0,0.0,8.0,650.0,640.0,660.0,0.00056826837108,0.00056826837108
6.0,0.0,8.0,670.0,660.0,680.0,0.000687333277185,0.000687333277185
6.0,0.0,8.0,690.0,680.0,700.0,0.000759230982771,0.000759230982771
6.0,0.0,8.0,710.0,700.0,720.0,0.000789709866463,0.000789709866463
6.0,0.0,8.0,730.0,720.0,740.0,0.000792039199962,0.000792039199962
6.0,0.0,8.0,750.0,740.0,760.0,0.000753949365817,0.000753949365817
6.0,0.0,8.0,770.0,760.0,780.0,0.000734327916208,0.000734327916208
6.0,0.0,12.0,390.0,380.0,400.0,0.000104223095901,0.000104223095901
6.0,0.0,12.0,410.0,400.0,420.0,0.000207767024983,0.000207767024983
6.0,0.0,12.0,430.0,420.0,440.0,0.000240870296747,0.000240870296747
6.0,0.0,12.0,450.0,440.0,460.0,0.000326037497089,0.000326037497089
6.0,0.0,12.0,470.0,460.0,480.0,0.000366166503919,0.000366166503919
6.0,0.0,12.0,490.0,480.0,500.0,0.000363275534642,0.000363275534642
6.0,0.0,12.0,510.0,500.0,520.0,0.000326592015365,0.000326592015365
6.0,0.0,12.0,530.0,520.0,540.0,0.000277213978742,0.000277213978742
6.0,0.0,12.0,550.0,540.0,560.0,0.000253986112537,0.000253986112537
6.0,0.0,12.0,570.0,560.0,580.0,0.000200379383068,0.000200379383068
6.0,0.0,12.0,590.0,580.0,600.0,0.000219594964933,0.000219594964933
6.0,0.0,12.0,610.0,600.0,620.0,0.000206455909054,0.000206455909054
6.0,0.0,12.0,630.0,620.0,640.0,0.000271356060224,0.000271356060224
6.0,0.0,12.0,650.0,640.0,660.0,0.000336511553316,0.000336511553316
6.0,0.0,12.0,670.0,660.0,680.0,0.000403141842883,0.000403141842883
6.0,0.0,12.0,690.0,680.0,700.0,0.000441539211862,0.000441539211862
6.0,0.0,12.0,710.0,700.0,720.0,0.000455735229405,0.000455735229405
6.0,0.0,12.0,730.0,720.0,740.0,0.000453833351247,0.000453833351247
6.0,0.0,12.0,750.0,740.0,760.0,0.000429012448149,0.000429012448149
6.0,0.0,12.0,770.0,760.0,780.0,0.000415417060625,0.000415417060625
6.0,0.0,20.0,390.0,380.0,400.0,8.46758441123e-05,8.46758441123e-05
6.0,0.0,20.0,410.0,400.0,420.0,0.000151464752972,0.000151464752972
6.0,0.0,20.0,430.0,420.0,440.0,0.000160452574523,0.000160452574523
6.0,0.0,20.0,450.0,440.0,460.0,0.000201835084282,0.000201835084282
6.0,0.0,20.0,470.0,460.0,480.0,0.000213799053878,0.000213799053878
6.0,0.0,20.0,490.0,480.0,500.0,0.000202602072212,0.000202602072212
6.0,0.0,20.0,510.0,500.0,520.0,0.000175817279581,0.000175817279581
6.0,0.0,20.0,530.0,520.0,540.0,0.000145216058218,0.000145216058218
6.0,0.0,20.0,550.0,540.0,560.0,0.000130125492565,0.000130125492565
6.0,0.0,20.0,570.0,560.0,580.0,0.000100805257095,0.000100805257095
6.0,0.0,20.0,590.0,580.0,600.0,0.000108849846378,0.000108849846378
6.0,0.0,20.0,610.0,600.0,620.0,0.000101063401268,0.000101063401268
6.0,0.0,20.0,630.0,620.0,640.0,0.000131692168423,0.000131692168423
6.0,0.0,20.0,650.0,640.0,660.0,0.000162144322127,0.000162144322127
6.0,0.0,20.0,670.0,660.0,680.0,0.000193026926234,0.000193026926234
6.0,0.0,20.0,690.0,680.0,700.0,0.000210234705619,0.000210234705619
6.0,0.0,20.0,710.0,700.0,720.0,0.000215921834375,0.000215921834375
6.0,0.0,20.0,730.0,720.0,740.0,0.000214071408975,0.000214071408975
6.0,0.0,20.0,750.0,740.0,760.0,0.000201548150067,0.000201548150067
6.0,0.0,20.0,770.0,760.0,780.0,0.000194470008823,0.000194470008823
6.0,0.0,30.0,390.0,380.0,400.0,6.10162689748e-05,6.10162689748e-05
6.0,0.0,30.0,410.0,400.0,420.0,0.000102566463512,0.000102566463512
6.0,0.0,30.0,430.0,420.0,440.0,0.000103294820771,0.000103294820771
6.0,0.0,30.0,450.0,440.0,460.0,0.000124736514378,0.000124736514378
6.0,0.0,30.0,470.0,460.0,480.0,0.00012788316161,0.00012788316161
6.0,0.0,30.0,490.0,480.0,500.0,0.000118067469537,0.000118067469537
6.0,0.0,30.0,510.0,500.0,520.0,0.000100323750097,0.000100323750097
6.0,0.0,30.0,530.0,520.0,540.0,8.14065069324e-05,8.14065069324e-05
6.0,0.0,30.0,550.0,540.0,560.0,7.18755900206e-05,7.18755900206e-05
6.0,0.0,30.0,570.0,560.0,580.0,5.48799136901e-05,5.48799136901e-05
6.0,0.0,30.0,590.0,580.0,600.0,5.86491689762e-05,5.86491689762e-05
6.0,0.0,30.0,610.0,600.0,620.0,5.38761378796e-05,5.38761378796e-05
6.0,0.0,30.0,630.0,620.0,640.0,6.97778673335e-05,6.97778673335e-05
6.0,0.0,30.0,650.0,640.0,660.0,8.54190047177e-05,8.54190047177e-05
6.0,0.0,30.0,670.0,660.0,680.0,0.000101104447692,0.000101104447692
6.0,0.0,30.0,690.0,680.0,700.0,0.000109500885026,0.000109500885026
6.0,0.0,30.0,710.0,700.0,720.0,0.000111856027296,0.000111856027296
6.0,0.0,30.0,730.0,720.0,740.0,0.00011031955198,0.00011031955198
6.0,0.0,30.0,750.0,740.0,760.0,0.000103320648666,0.000103320648666
6.0,0.0,30.0,770.0,760.0,780.0,9.9237396735e-05,9.9237396735e-05
6.0,0.0,45.0,390.0,380.0,400.0,3.89428262777e-05,3.89428262777e-05
6.0,0.0,45.0,410.0,400.0,420.0,6.22960720685e-05,6.22960720685e-05
6.0,0.0,45.0,430.0,420.0,440.0,6.0271395129e-05,6.0271395129e-05
6.0,0.0,45.0,450.0,440.0,460.0,7.04792923326e-05,7.04792923326e-05
6.0,0.0,45.0,470.0,460.0,480.0,7.04580989205e-05,7.04580989205e-05
6.0,0.0,45.0,490.0,480.0,500.0,6.38047222808e-05,6.38047222808e-05
6.0,0.0,45.0,510.0,500.0,520.0,5.34302746092e-05,5.34302746092e-05
6.0,0.0,45.0,530.0,520.0,540.0,4.2883082985e-05,4.2883082985e-05
6.0,0.0,45.0,550.0,540.0,560.0,3.76084290836e-05,3.76084290836e-05
6.0,0.0,45.0,570.0,560.0,580.0,2.85544957211e-05,2.85544957211e-05
6.0,0.0,45.0,590.0,580.0,600.0,3.04913674142e-05,3.04913674142e-05
6.0,0.0,45.0,610.0,600.0,620.0,2.79820146592e-05,2.79820146592e-05
6.0,0.0,45.0,630.0,620.0,640.0,3.62977337081e-05,3.62977337081e-05
6.0,0.0,45.0,650.0,640.0,660.0,4.44646096336e-05,4.44646096336e-05
6.0,0.0,45.0,670.0,660.0,680.0,5.26380879709e-05,5.26380879709e-05
6.0,0.0,45.0,690.0,680.0,700.0,5.70085758825e-05,5.70085758825e-05
6.0,0.0,45.0,710.0,700.0,720.0,5.82325496141e-05,5.82325496141e-05
6.0,0.0,45.0,730.0,720.0,740.0,5.74331944026e-05,5.74331944026e-05
6.0,0.0,45.0,750.0,740.0,760.0,5.37967153808e-05,5.37967153808e-05
6.0,0.0,45.0,770.0,760.0,780.0,5.1673187107e-05,5.1673187107e-05
6.0,0.0,60.0,390.0,380.0,400.0,2.85642522252e-05,2.85642522252e-05
6.0,0.0,60.0,410.0,400.0,420.0,4.43744489191e-05,4.43744489191e-05
6.0,0.0,60.0,430.0,420.0,440.0,4.18600284767e-05,4.18600284767e-05
6.0,0.0,60.0,450.0,440.0,460.0,4.78915468364e-05,4.78915468364e-05
6.0,0.0,60.0,470.0,460.0,480.0,4.69912061577e-05,4.69912061577e-05
6.0,0.0,60.0,490.0,480.0,500.0,4.18825431724e-05,4.18825431724e-05
6.0,0.0,60.0,510.0,500.0,520.0,3.45949394191e-05,3.45949394191e-05
6.0,0.0,60.0,530.0,520.0,540.0,2.74335559028e-05,2.74335559028e-05
6.0,0.0,60.0,550.0,540.0,560.0,2.38396300324e-05,2.38396300324e-05
6.0,0.0,60.0,570.0,560.0,580.0,1.79394554655e-05,1.79394554655e-05
6.0,0.0,60.0,590.0,580.0,600.0,1.9068886509e-05,1.9068886509e-05
6.0,0.0,60.0,610.0,600.0,620.0,1.74137543737e-05,1.74137543737e-05
6.0,0.0,60.0,630.0,620.0,640.0,2.25555517213e-05,2.25555517213e-05
6.0,0.0,60.0,650.0,640.0,660.0,2.75854490994e-05,2.75854490994e-05
6.0,0.0,60.0,670.0,660.0,680.0,3.25938432833e-05,3.25938432833e-05
6.0,0.0,60.0,690.0,680.0,700.0,3.52286662627e-05,3.52286662627e-05
6.0,0.0,60.0,710.0,700.0,720.0,3.59116477098e-05,3.59116477098e-05
6.0,0.0,60.0,730.0,720.0,740.0,3.53469220711e-05,3.53469220711e-05
6.0,0.0,60.0,750.0,740.0,760.0,3.30393050517e-05,3.30393050517e-05
6.0,0.0,60.0,770.0,760.0,780.0,3.16784479523e-05,3.16784479523e-05
6.0,0.0,90.0,390.0,380.0,400.0,1.99326281118e-05,1.99326281118e-05
6.0,0.0,90.0,410.0,400.0,420.0,2.9960814212e-05,2.9960814212e-05
6.0,0.0,90.0,430.0,420.0,440.0,2.74708284532e-05,2.74708284532e-05
6.0,0.0,90.0,450.0,440.0,460.0,3.06888970275e-05,3.06888970275e-05
6.0,0.0,90.0,470.0,460.0,480.0,2.95456597682e-05,2.95456597682e-05
6.0,0.0,90.0,490.0,480.0,500.0,2.59569993712e-05,2.59569993712e-05
6.0,0.0,90.0,510.0,500.0,520.0,2.12119924164e-05,2.12119924164e-05
6.0,0.0,90.0,530.0,520.0,540.0,1.66875856395e-05,1.66875856395e-05
6.0,0.0,90.0,550.0,540.0,560.0,1.44583108885e-05,1.44583108885e-05
6.0,0.0,90.0,570.0,560.0,580.0,1.08460509193e-05,1.08460509193e-05
6.0,0.0,90.0,590.0,580.0,600.0,1.15776424564e-05,1.15776424564e-05
6.0,0.0,90.0,610.0,600.0,620.0,1.06011018976e-05,1.06011018976e-05
6.0,0.0,90.0,630.0,620.0,640.0,1.38310352028e-05,1.38310352028e-05
6.0,0.0,90.0,650.0,640.0,660.0,1.70104652083e-05,1.70104652083e-05
6.0,0.0,90.0,670.0,660.0,680.0,2.0184724268e-05,2.0184724268e-05
6.0,0.0,90.0,690.0,680.0,700.0,2.18917477756e-05,2.18917477756e-05
6.0,0.0,90.0,710.0,700.0,720.0,2.238159008e-05,2.238159008e-05
6.0,0.0,90.0,730.0,720.0,740.0,2.20858582397e-05,2.20858582397e-05
6.0,0.0,90.0,750.0,740.0,760.0,2.06891234616e-05,2.06891234616e-05
6.0,0.0,90.0,770.0,760.0,780.0,1.9879240627e-05,1.9879240627e-05
6.0,90.0,0.0,390.0,380.0,400.0,2.20561987903e-05,2.20561987903e-05
6.0,90.0,0.0,410.0,400.0,420.0,3.74561951156e-05,3.74561951156e-05
6.0,90.0,0.0,430.0,420.0,440.0,3.79205823979e-05,3.79205823979e-05
6.0,90.0,0.0,450.0,440.0,460.0,4.56820848643e-05,4.56820848643e-05
6.0,90.0,0.0,470.0,460.0,480.0,4.63353548233e-05,4.63353548233e-05
6.0,90.0,0.0,490.0,480.0,500.0,4.19523838725e-05,4.19523838725e-05
6.0,90.0,0.0,510.0,500.0,520.0,3.46099369251e-05,3.46099369251e-05
6.0,90.0,0.0,530.0,520.0,540.0,2.70343698302e-05,2.70343698302e-05
6.0,90.0,0.0,550.0,540.0,560.0,2.32268128821e-05,2.32268128821e-05
6.0,90.0,0.0,570.0,560.0,580.0,1.7190052028e-05,1.7190052028e-05
6.0,90.0,0.0,590.0,580.0,600.0,1.84728386682e-05,1.84728386682e-05
6.0,90.0,0.0,610.0,600.0,620.0,1.70734846185e-05,1.70734846185e-05
6.0,90.0,0.0,630.0,620.0,640.0,2.32161106942e-05,2.32161106942e-05
6.0,90.0,0.0,650.0,640.0,660.0,3.01431300438e-05,3.01431300438e-05
6.0,90.0,0.0,670.0,660.0,680.0,3.79438456651e-05,3.79438456651e-05
6.0,90.0,0.0,690.0,680.0,700.0,4.37415253556e-05,4.37415253556e-05
6.0,90.0,0.0,710.0,700.0,720.0,4.75682649618e-05,4.75682649618e-05
6.0,90.0,0.0,730.0,720.0,740.0,4.98997957245e-05,4.98997957245e-05
6.0,90.0,0.0,750.0,740.0,760.0,4.94711705401e-05,4.94711705401e-05
6.0,90.0,0.0,770.0,760.0,780.0,5.06002492257e-05,5.06002492257e-05
6.0,90.0,0.5,390.0,380.0,400.0,2.26190261879e-05,2.26190261879e-05
6.0,90.0,0.5,410.0,400.0,420.0,3.86043995501e-05,3.86043995501e-05
6.0,90.0,0.5,430.0,420.0,440.0,3.92918368686e-05,3.92918368686e-05
6.0,90.0,0.5,450.0,440.0,460.0,4.75963167268e-05,4.75963167268e-05
6.0,90.0,0.5,470.0,460.0,480.0,4.85500977146e-05,4.85500977146e-05
6.0,90.0,0.5,490.0,480.0,500.0,4.4212961387e-05,4.4212961387e-05
6.0,90.0,0.5,510.0,500.0,520.0,3.66950951291e-05,3.66950951291e-05
6.0,90.0,0.5,530.0,520.0,540.0,2.88411772826e-05,2.88411772826e-05
6.0,90.0,0.5,550.0,540.0,560.0,2.49492624528e-05,2.49492624528e-05
6.0,90.0,0.5,570.0,560.0,580.0,1.85820000061e-05,1.85820000061e-05
6.0,90.0,0.5,590.0,580.0,600.0,2.01606217677e-05,2.01606217677e-05
6.0,90.0,0.5,610.0,600.0,620.0,1.88056444546e-05,1.88056444546e-05
6.0,90.0,0.5,630.0,620.0,640.0,2.59982620606e-05,2.59982620606e-05
6.0,90.0,0.5,650.0,640.0,660.0,3.43898366497e-05,3.43898366497e-05
6.0,90.0,0.5,670.0,660.0,680.0,4.40932479958e-05,4.40932479958e-05
6.0,90.0,0.5,690.0,680.0,700.0,5.16957638889e-05,5.16957638889e-05
6.0,90.0,0.5,710.0,700.0,720.0,5.70420690022e-05,5.70420690022e-05
6.0,90.0,0.5,730.0,720.0,740.0,6.05367597971e-05,6.05367597971e-05
6.0,90.0,0.5,750.0,740.0,760.0,6.04761569043e-05,6.04761569043e-05
6.0,90.0,0.5,770.0,760.0,780.0,6.22757482073e-05,6.22757482073e-05
6.0,90.0,1.0,390.0,380.0,400.0,2.35579539992e-05,2.35579539992e-05
6.0,90.0,1.0,410.0,400.0,420.0,4.04259575957e-05,4.04259575957e-05
6.0,90.0,1.0,430.0,420.0,440.0,4.13636135192e-05,4.13636135192e-05
6.0,90.0,1.0,450.0,440.0,460.0,5.03612005457e-05,5.03612005457e-05
6.0,90.0,1.0,470.0,460.0,480.0,5.16266593892e-05,5.16266593892e-05
6.0,90.0,1.0,490.0,480.0,500.0,4.72564026592e-05,4.72564026592e-05
6.0,90.0,1.0,510.0,500.0,520.0,3.94352743863e-05,3.94352743863e-05
6.0,90.0,1.0,530.0,520.0,540.0,3.11664312983e-05,3.11664312983e-05
6.0,90.0,1.0,550.0,540.0,560.0,2.71348326377e-05,2.71348326377e-05
6.0,90.0,1.0,570.0,560.0,580.0,2.03118596254e-05,2.03118596254e-05
6.0,90.0,1.0,590.0,580.0,600.0,2.22481865632e-05,2.22481865632e-05
6.0,90.0,1.0,610.0,600.0,620.0,2.09147542356e-05,2.09147542356e-05
6.0,90.0,1.0,630.0,620.0,640.0,2.93581583259e-05,2.93581583259e-05
6.0,90.0,1.0,650.0,640.0,660.0,3.94119244132e-05,3.94119244132e-05
6.0,90.0,1.0,670.0,660.0,680.0,5.11479950802e-05,5.11479950802e-05
6.0,90.0,1.0,690.0,680.0,700.0,6.05063038488e-05,6.05063038488e-05
6.0,90.0,1.0,710.0,700.0,720.0,6.71547634044e-05,6.71547634044e-05
6.0,90.0,1.0,730.0,720.0,740.0,7.14776688761e-05,7.14776688761e-05
6.0,90.0,1.0,750.0,740.0,760.0,7.13978182973e-05,7.13978182973e-05
6.0,90.0,1.0,770.0,760.0,780.0,7.34618042204e-05,7.34618042204e-05
6.0,90.0,2.0,390.0,380.0,400.0,2.51406462471e-05,2.51406462471e-05
6.0,90.0,2.0,410.0,400.0,420.0,4.34762712684e-05,4.34762712684e-05
6.0,90.0,2.0,430.0,420.0,440.0,4.48368111414e-05,4.48368111414e-05
6.0,90.0,2.0,450.0,440.0,460.0,5.50352712855e-05,5.50352712855e-05
6.0,90.0,2.0,470.0,460.0,480.0,5.69150798599e-05,5.69150798599e-05
6.0,90.0,2.0,490.0,480.0,500.0,5.26153783602e-05,5.26153783602e-05
6.0,90.0,2.0,510.0,500.0,520.0,4.43805812625e-05,4.43805812625e-05
6.0,90.0,2.0,530.0,520.0,540.0,3.54333384045e-05,3.54333384045e-05
6.0,90.0,2.0,550.0,540.0,560.0,3.12343904901e-05,3.12343904901e-05
6.0,90.0,2.0,570.0,560.0,580.0,2.35571374348e-05,2.35571374348e-05
6.0,90.0,2.0,590.0,580.0,600.0,2.62469054526e-05,2.62469054526e-05
6.0,90.0,2.0,610.0,600.0,620.0,2.4942143541e-05,2.4942143541e-05
6.0,90.0,2.0,630.0,620.0,640.0,3.57503916128e-05,3.57503916128e-05
6.0,90.0,2.0,650.0,640.0,660.0,4.87338433192e-05,4.87338433192e-05
6.0,90.0,2.0,670.0,660.0,680.0,6.37807671004e-05,6.37807671004e-05
6.0,90.0,2.0,690.0,680.0,700.0,7.56583886959e-05,7.56583886959e-05
6.0,90.0,2.0,710.0,700.0,720.0,8.38388116866e-05,8.38388116866e-05
6.0,90.0,2.0,730.0,720.0,740.0,8.88069242663e-05,8.88069242663e-05
6.0,90.0,2.0,750.0,740.0,760.0,8.80532956522e-05,8.80532956522e-05
6.0,90.0,2.0,770.0,760.0,780.0,8.98703802008e-05,8.98703802008e-05
6.0,90.0,3.0,390.0,380.0,400.0,2.67829143936e-05,2.67829143936e-05
6.0,90.0,3.0,410.0,400.0,420.0,4.66180729232e-05,4.66180729232e-05
6.0,90.0,3.0,430.0,420.0,440.0,4.83733913776e-05,4.83733913776e-05
6.0,90.0,3.0,450.0,440.0,460.0,5.97397234693e-05,5.97397234693e-05
6.0,90.0,3.0,470.0,460.0,480.0,6.2191409691e-05,6.2191409691e-05
6.0,90.0,3.0,490.0,480.0,500.0,5.79239849147e-05,5.79239849147e-05
6.0,90.0,3.0,510.0,500.0,520.0,4.92304771855e-05,4.92304771855e-05
6.0,90.0,3.0,530.0,520.0,540.0,3.95563039032e-05,3.95563039032e-05
6.0,90.0,3.0,550.0,540.0,560.0,3.5137820767e-05,3.5137820767e-05
6.0,90.0,3.0,570.0,560.0,580.0,2.65851771076e-05,2.65851771076e-05
6.0,90.0,3.0,590.0,580.0,600.0,2.98805492686e-05,2.98805492686e-05
6.0,90.0,3.0,610.0,600.0,620.0,2.84870489024e-05,2.84870489024e-05
6.0,90.0,3.0,630.0,620.0,640.0,4.10672127992e-05,4.10672127992e-05
6.0,90.0,3.0,650.0,640.0,660.0,5.59929053757e-05,5.59929053757e-05
6.0,90.0,3.0,670.0,660.0,680.0,7.29799091645e-05,7.29799091645e-05
6.0,90.0,3.0,690.0,680.0,700.0,8.59907437279e-05,8.59907437279e-05
6.0,90.0,3.0,710.0,700.0,720.0,9.45135954024e-05,9.45135954024e-05
6.0,90.0,3.0,730.0,720.0,740.0,9.92356003897e-05,9.92356003897e-05
6.0,90.0,3.0,750.0,740.0,760.0,9.75352174889e-05,9.75352174889e-05
6.0,90.0,3.0,770.0,760.0,780.0,9.86508196408e-05,9.86508196408e-05
6.0,90.0,5.0,390.0,380.0,400.0,3.00542321403e-05,3.00542321403e-05
6.0,90.0,5.0,410.0,400.0,420.0,5.25953666866e-05,5.25953666866e-05
6.0,90.0,5.0,430.0,420.0,440.0,5.47690382857e-05,5.47690382857e-05
6.0,90.0,5.0,450.0,440.0,460.0,6.78377155036e-05,6.78377155036e-05
6.0,90.0,5.0,470.0,460.0,480.0,7.08718919001e-05,7.08718919001e-05
6.0,90.0,5.0,490.0,480.0,500.0,6.62984731111e-05,6.62984731111e-05
6.0,90.0,5.0,510.0,500.0,520.0,5.65921558001e-05,5.65921558001e-05
6.0,90.0,5.0,530.0,520.0,540.0,4.56186858289e-05,4.56186858289e-05
6.0,90.0,5.0,550.0,540.0,560.0,4.06788645272e-05,4.06788645272e-05
6.0,90.0,5.0,570.0,560.0,580.0,3.07850004933e-05,3.07850004933e-05
6.0,90.0,5.0,590.0,580.0,600.0,3.46323477778e-05,3.46323477778e-05
6.0,90.0,5.0,610.0,600.0,620.0,3.28977856852e-05,3.28977856852e-05
6.0,90.0,5.0,630.0,620.0,640.0,4.69903759907e-05,4.69903759907e-05
6.0,90.0,5.0,650.0,640.0,660.0,6.31216677014e-05,6.31216677014e-05
6.0,90.0,5.0,670.0,660.0,680.0,8.08712038006e-05,8.08712038006e-05
6.0,90.0,5.0,690.0,680.0,700.0,9.36358062589e-05,9.36358062589e-05
6.0,90.0,5.0,710.0,700.0,720.0,0.00010119131983,0.00010119131983
6.0,90.0,5.0,730.0,720.0,740.0,0.000104589338614,0.000104589338614
6.0,90.0,5.0,750.0,740.0,760.0,0.000101415398937,0.000101415398937
6.0,90.0,5.0,770.0,760.0,780.0,0.000101146113699,0.000101146113699
6.0,90.0,8.0,390.0,380.0,400.0,3.40216550658e-05,3.40216550658e-05
6.0,90.0,8.0,410.0,400.0,420.0,5.89290350372e-05,5.89290350372e-05
6.0,90.0,8.0,430.0,420.0,440.0,6.06547189424e-05,6.06547189424e-05
6.0,90.0,8.0,450.0,440.0,460.0,7.43000363694e-05,7.43000363694e-05
6.0,90.0,8.0,470.0,460.0,480.0,7.68886177465e-05,7.68886177465e-05
6.0,90.0,8.0,490.0,480.0,500.0,7.13675326713e-05,7.13675326713e-05
6.0,90.0,8.0,510.0,500.0,520.0,6.05501019239e-05,6.05501019239e-05
6.0,90.0,8.0,530.0,520.0,540.0,4.86075546076e-05,4.86075546076e-05
6.0,90.0,8.0,550.0,540.0,560.0,4.31307562004e-05,4.31307562004e-05
6.0,90.0,8.0,570.0,560.0,580.0,3.25411908226e-05,3.25411908226e-05
6.0,90.0,8.0,590.0,580.0,600.0,3.62117355378e-05,3.62117355378e-05
6.0,90.0,8.0,610.0,600.0,620.0,3.40630580527e-05,3.40630580527e-05
6.0,90.0,8.0,630.0,620.0,640.0,4.75766039789e-05,4.75766039789e-05
6.0,90.0,8.0,650.0,640.0,660.0,6.23937808957e-05,6.23937808957e-05
6.0,90.0,8.0,670.0,660.0,680.0,7.81707597823e-05,7.81707597823e-05
6.0,90.0,8.0,690.0,680.0,700.0,8.8713170003e-05,8.8713170003e-05
6.0,90.0,8.0,710.0,700.0,720.0,9.4190322741e-05,9.4190322741e-05
6.0,90.0,8.0,730.0,720.0,740.0,9.58738675236e-05,9.58738675236e-05
6.0,90.0,8.0,750.0,740.0,760.0,9.18493948513e-05,9.18493948513e-05
6.0,90.0,8.0,770.0,760.0,780.0,9.04481197026e-05,9.04481197026e-05
6.0,90.0,12.0,390.0,380.0,400.0,3.65699062598e-05,3.65699062598e-05
6.0,90.0,12.0,410.0,400.0,420.0,6.17506280883e-05,6.17506280883e-05
6.0,90.0,12.0,430.0,420.0,440.0,6.2100574176e-05,6.2100574176e-05
6.0,90.0,12.0,450.0,440.0,460.0,7.45547747867e-05,7.45547747867e-05
6.0,90.0,12.0,470.0,460.0,480.0,7.58517962445e-05,7.58517962445e-05
6.0,90.0,12.0,490.0,480.0,500.0,6.94231844747e-05,6.94231844747e-05
6.0,90.0,12.0,510.0,500.0,520.0,5.82738806163e-05,5.82738806163e-05
6.0,90.0,12.0,530.0,520.0,540.0,4.64571697348e-05,4.64571697348e-05
6.0,90.0,12.0,550.0,540.0,560.0,4.08915537802e-05,4.08915537802e-05
6.0,90.0,12.0,570.0,560.0,580.0,3.07410244295e-05,3.07410244295e-05
6.0,90.0,12.0,590.0,580.0,600.0,3.3751166897e-05,3.3751166897e-05
6.0,90.0,12.0,610.0,600.0,620.0,3.14396682607e-05,3.14396682607e-05
6.0,90.0,12.0,630.0,620.0,640.0,4.29565387369e-05,4.29565387369e-05
6.0,90.0,12.0,650.0,640.0,660.0,5.51472809777e-05,5.51472809777e-05
6.0,90.0,12.0,670.0,660.0,680.0,6.78232818219e-05,6.78232818219e-05
6.0,90.0,12.0,690.0,680.0,700.0,7.57614037266e-05,7.57614037266e-05
6.0,90.0,12.0,710.0,700.0,720.0,7.93625166754e-05,7.93625166754e-05
6.0,90.0,12.0,730.0,720.0,740.0,7.98732085027e-05,7.98732085027e-05
6.0,90.0,12.0,750.0,740.0,760.0,7.58706223971e-05,7.58706223971e-05
6.0,90.0,12.0,770.0,760.0,780.0,7.40362970703e-05,7.40362970703e-05
6.0,90.0,20.0,390.0,380.0,400.0,3.57917237855e-05,3.57917237855e-05
6.0,90.0,20.0,410.0,400.0,420.0,5.79903290039e-05,5.79903290039e-05
6.0,90.0,20.0,430.0,420.0,440.0,5.63383479052e-05,5.63383479052e-05
6.0,90.0,20.0,450.0,440.0,460.0,6.57393555292e-05,6.57393555292e-05
6.0,90.0,20.0,470.0,460.0,480.0,6.53403310536e-05,6.53403310536e-05
6.0,90.0,20.0,490.0,480.0,500.0,5.86855088976e-05,5.86855088976e-05
6.0,90.0,20.0,510.0,500.0,520.0,4.85755223719e-05,4.85755223719e-05
6.0,90.0,20.0,530.0,520.0,540.0,3.83836686198e-05,3.83836686198e-05
6.0,90.0,20.0,550.0,540.0,560.0,3.34457492143e-05,3.34457492143e-05
6.0,90.0,20.0,570.0,560.0,580.0,2.50403577185e-05,2.50403577185e-05
6.0,90.0,20.0,590.0,580.0,600.0,2.70724504583e-05,2.70724504583e-05
6.0,90.0,20.0,610.0,600.0,620.0,2.49587713651e-05,2.49587713651e-05
6.0,90.0,20.0,630.0,620.0,640.0,3.33235862433e-05,3.33235862433e-05
6.0,90.0,20.0,650.0,640.0,660.0,4.18741003654e-05,4.18741003654e-05
6.0,90.0,20.0,670.0,660.0,680.0,5.05768696032e-05,5.05768696032e-05
6.0,90.0,20.0,690.0,680.0,700.0,5.56495683312e-05,5.56495683312e-05
6.0,90.0,20.0,710.0,700.0,720.0,5.75624754754e-05,5.75624754754e-05
6.0,90.0,20.0,730.0,720.0,740.0,5.73305796638e-05,5.73305796638e-05
6.0,90.0,20.0,750.0,740.0,760.0,5.40388102305e-05,5.40388102305e-05
6.0,90.0,20.0,770.0,760.0,780.0,5.22964179501e-05,5.22964179501e-05
6.0,90.0,30.0,390.0,380.0,400.0,3.19460412955e-05,3.19460412955e-05
6.0,90.0,30.0,410.0,400.0,420.0,5.02710408098e-05,5.02710408098e-05
6.0,90.0,30.0,430.0,420.0,440.0,4.77114366516e-05,4.77114366516e-05
6.0,90.0,30.0,450.0,440.0,460.0,5.46434107981e-05,5.46434107981e-05
6.0,90.0,30.0,470.0,460.0,480.0,5.35038701029e-05,5.35038701029e-05
6.0,90.0,30.0,490.0,480.0,500.0,4.7486232837e-05,4.7486232837e-05
6.0,90.0,30.0,510.0,500.0,520.0,3.89653689057e-05,3.89653689057e-05
6.0,90.0,30.0,530.0,520.0,540.0,3.06231235979e-05,3.06231235979e-05
6.0,90.0,30.0,550.0,540.0,560.0,2.65215458976e-05,2.65215458976e-05
6.0,90.0,30.0,570.0,560.0,580.0,1.9808931822e-05,1.9808931822e-05
6.0,90.0,30.0,590.0,580.0,600.0,2.12266906246e-05,2.12266906246e-05
6.0,90.0,30.0,610.0,600.0,620.0,1.94564680352e-05,1.94564680352e-05
6.0,90.0,30.0,630.0,620.0,640.0,2.56450439342e-05,2.56450439342e-05
6.0,90.0,30.0,650.0,640.0,660.0,3.18496614954e-05,3.18496614954e-05
6.0,90.0,30.0,670.0,660.0,680.0,3.80953324009e-05,3.80953324009e-05
6.0,90.0,30.0,690.0,680.0,700.0,4.15788606152e-05,4.15788606152e-05
6.0,90.0,30.0,710.0,700.0,720.0,4.27203803027e-05,4.27203803027e-05
6.0,90.0,30.0,730.0,720.0,740.0,4.23142972631e-05,4.23142972631e-05
6.0,90.0,30.0,750.0,740.0,760.0,3.97241085766e-05,3.97241085766e-05
6.0,90.0,30.0,770.0,760.0,780.0,3.82761719452e-05,3.82761719452e-05
6.0,90.0,45.0,390.0,380.0,400.0,2.68424454823e-05,2.68424454823e-05
6.0,90.0,45.0,410.0,400.0,420.0,4.13406778623e-05,4.13406778623e-05
6.0,90.0,45.0,430.0,420.0,440.0,3.85842717913e-05,3.85842717913e-05
6.0,90.0,45.0,450.0,440.0,460.0,4.36182569569e-05,4.36182569569e-05
6.0,90.0,45.0,470.0,460.0,480.0,4.2275881555e-05,4.2275881555e-05
6.0,90.0,45.0,490.0,480.0,500.0,3.72275431948e-05,3.72275431948e-05
6.0,90.0,45.0,510.0,500.0,520.0,3.03792714271e-05,3.03792714271e-05
6.0,90.0,45.0,530.0,520.0,540.0,2.37981668816e-05,2.37981668816e-05
6.0,90.0,45.0,550.0,540.0,560.0,2.05342937301e-05,2.05342937301e-05
6.0,90.0,45.0,570.0,560.0,580.0,1.53185415386e-05,1.53185415386e-05
6.0,90.0,45.0,590.0,580.0,600.0,1.63221811603e-05,1.63221811603e-05
6.0,90.0,45.0,610.0,600.0,620.0,1.49076546526e-05,1.49076546526e-05
6.0,90.0,45.0,630.0,620.0,640.0,1.94862187979e-05,1.94862187979e-05
6.0,90.0,45.0,650.0,640.0,660.0,2.40182638413e-05,2.40182638413e-05
6.0,90.0,45.0,670.0,660.0,680.0,2.85487670246e-05,2.85487670246e-05
6.0,90.0,45.0,690.0,680.0,700.0,3.0999003775e-05,3.0999003775e-05
6.0,90.0,45.0,710.0,700.0,720.0,3.17145046865e-05,3.17145046865e-05
6.0,90.0,45.0,730.0,720.0,740.0,3.13037277322e-05,3.13037277322e-05
6.0,90.0,45.0,750.0,740.0,760.0,2.93135290628e-05,2.93135290628e-05
6.0,90.0,45.0,770.0,760.0,780.0,2.81675509936e-05,2.81675509936e-05
6.0,90.0,60.0,390.0,380.0,400.0,2.32079139798e-05,2.32079139798e-05
6.0,90.0,60.0,410.0,400.0,420.0,3.53369771927e-05,3.53369771927e-05
6.0,90.0,60.0,430.0,420.0,440.0,3.27092157275e-05,3.27092157275e-05
6.0,90.0,60.0,450.0,440.0,460.0,3.67651055373e-05,3.67651055373e-05
6.0,90.0,60.0,470.0,460.0,480.0,3.54998729017e-05,3.54998729017e-05
6.0,90.0,60.0,490.0,480.0,500.0,3.11931734409e-05,3.11931734409e-05
6.0,90.0,60.0,510.0,500.0,520.0,2.54371981452e-05,2.54371981452e-05
6.0,90.0,60.0,530.0,520.0,540.0,1.99376818012e-05,1.99376818012e-05
6.0,90.0,60.0,550.0,540.0,560.0,1.72054204508e-05,1.72054204508e-05
6.0,90.0,60.0,570.0,560.0,580.0,1.28508154103e-05,1.28508154103e-05
6.0,90.0,60.0,590.0,580.0,600.0,1.36746078014e-05,1.36746078014e-05
6.0,90.0,60.0,610.0,600.0,620.0,1.24837285585e-05,1.24837285585e-05
6.0,90.0,60.0,630.0,620.0,640.0,1.62674569692e-05,1.62674569692e-05
6.0,90.0,60.0,650.0,640.0,660.0,1.99934228398e-05,1.99934228398e-05
6.0,90.0,60.0,670.0,660.0,680.0,2.37098106216e-05,2.37098106216e-05
6.0,90.0,60.0,690.0,680.0,700.0,2.56977713016e-05,2.56977713016e-05
6.0,90.0,60.0,710.0,700.0,720.0,2.62532657693e-05,2.62532657693e-05
6.0,90.0,60.0,730.0,720.0,740.0,2.58849726084e-05,2.58849726084e-05
6.0,90.0,60.0,750.0,740.0,760.0,2.42235360184e-05,2.42235360184e-05
6.0,90.0,60.0,770.0,760.0,780.0,2.32575323835e-05,2.32575323835e-05
6.0,90.0,90.0,390.0,380.0,400.0,1.99326281118e-05,1.99326281118e-05
6.0,90.0,90.0,410.0,400.0,420.0,2.9960814212e-05,2.9960814212e-05
6.0,90.0,90.0,430.0,420.0,440.0,2.74708284532e-05,2.74708284532e-05
6.0,90.0,90.0,450.0,440.0,460.0,3.06888970275e-05,3.06888970275e-05
6.0,90.0,90.0,470.0,460.0,480.0,2.95456597682e-05,2.95456597682e-05
6.0,90.0,90.0,490.0,480.0,500.0,2.59569993712e-05,2.59569993712e-05
6.0,90.0,90.0,510.0,500.0,520.0,2.12119924164e-05,2.12119924164e-05
6.0,90.0,90.0,530.0,520.0,540.0,1.66875856395e-05,1.66875856395e-05
6.0,90.0,90.0,550.0,540.0,560.0,1.44583108885e-05,1.44583108885e-05
6.0,90.0,90.0,570.0,560.0,580.0,1.08460509193e-05,1.08460509193e-05
6.0,90.0,90.0,590.0,580.0,600.0,1.15776424564e-05,1.15776424564e-05
6.0,90.0,90.0,610.0,600.0,620.0,1.06011018976e-05,1.06011018976e-05
6.0,90.0,90.0,630.0,620.0,640.0,1.38310352028e-05,1.38310352028e-05
6.0,90.0,90.0,650.0,640.0,660.0,1.70104652083e-05,1.70104652083e-05
6.0,90.0,90.0,670.0,660.0,680.0,2.0184724268e-05,2.0184724268e-05
6.0,90.0,90.0,690.0,680.0,700.0,2.18917477756e-05,2.18917477756e-05
6.0,90.0,90.0,710.0,700.0,720.0,2.238159008e-05,2.238159008e-05
6.0,90.0,90.0,730.0,720.0,740.0,2.20858582397e-05,2.20858582397e-05
6.0,90.0,90.0,750.0,740.0,760.0,2.06891234616e-05,2.06891234616e-05
6.0,90.0,90.0,770.0,760.0,780.0,1.9879240627e-05,1.9879240627e-05
6.0,180.0,0.0,390.0,380.0,400.0,1.83184974329e-05,1.83184974329e-05
6.0,180.0,0.0,410.0,400.0,420.0,3.00671252967e-05,3.00671252967e-05
6.0,180.0,0.0,430.0,420.0,440.0,2.9198700858e-05,2.9198700858e-05
6.0,180.0,0.0,450.0,440.0,460.0,3.35340241891e-05,3.35340241891e-05
6.0,180.0,0.0,470.0,460.0,480.0,3.22747215384e-05,3.22747215384e-05
6.0,180.0,0.0,490.0,480.0,500.0,2.76391219337e-05,2.76391219337e-05
6.0,180.0,0.0,510.0,500.0,520.0,2.15311508053e-05,2.15311508053e-05
6.0,180.0,0.0,530.0,520.0,540.0,1.58700197569e-05,1.58700197569e-05
6.0,180.0,0.0,550.0,540.0,560.0,1.28298736285e-05,1.28298736285e-05
6.0,180.0,0.0,570.0,560.0,580.0,8.94038473503e-06,8.94038473503e-06
6.0,180.0,0.0,590.0,580.0,600.0,9.00259601152e-06,9.00259601152e-06
6.0,180.0,0.0,610.0,600.0,620.0,7.80677187465e-06,7.80677187465e-06
6.0,180.0,0.0,630.0,620.0,640.0,9.94388128259e-06,9.94388128259e-06
6.0,180.0,0.0,650.0,640.0,660.0,1.21044187817e-05,1.21044187817e-05
6.0,180.0,0.0,670.0,660.0,680.0,1.42763591196e-05,1.42763591196e-05
6.0,180.0,0.0,690.0,680.0,700.0,1.54005539028e-05,1.54005539028e-05
6.0,180.0,0.0,710.0,700.0,720.0,1.56516626916e-05,1.56516626916e-05
6.0,180.0,0.0,730.0,720.0,740.0,1.53307840638e-05,1.53307840638e-05
6.0,180.0,0.0,750.0,740.0,760.0,1.41963766522e-05,1.41963766522e-05
6.0,180.0,0.0,770.0,760.0,780.0,1.35483033732e-05,1.35483033732e-05
6.0,180.0,0.5,390.0,380.0,400.0,1.95156648586e-05,1.95156648586e-05
6.0,180.0,0.5,410.0,400.0,420.0,3.19172402975e-05,3.19172402975e-05
6.0,180.0,0.5,430.0,420.0,440.0,3.09037586751e-05,3.09037586751e-05
6.0,180.0,0.5,450.0,440.0,460.0,3.540304977e-05,3.540304977e-05
6.0,180.0,0.5,470.0,460.0,480.0,3.39967237163e-05,3.39967237163e-05
6.0,180.0,0.5,490.0,480.0,500.0,2.90500784302e-05,2.90500784302e-05
6.0,180.0,0.5,510.0,500.0,520.0,2.25781625635e-05,2.25781625635e-05
6.0,180.0,0.5,530.0,520.0,540.0,1.65988523569e-05,1.65988523569e-05
6.0,180.0,0.5,550.0,540.0,560.0,1.33781950827e-05,1.33781950827e-05
6.0,180.0,0.5,570.0,560.0,580.0,9.29005651763e-06,9.29005651763e-06
6.0,180.0,0.5,590.0,580.0,600.0,9.31527589421e-06,9.31527589421e-06
6.0,180.0,0.5,610.0,600.0,620.0,8.04064782875e-06,8.04064782875e-06
6.0,180.0,0.5,630.0,620.0,640.0,1.01908992798e-05,1.01908992798e-05
6.0,180.0,0.5,650.0,640.0,660.0,1.23428433797e-05,1.23428433797e-05
6.0,180.0,0.5,670.0,660.0,680.0,1.44826707488e-05,1.44826707488e-05
6.0,180.0,0.5,690.0,680.0,700.0,1.55401610173e-05,1.55401610173e-05
6.0,180.0,0.5,710.0,700.0,720.0,1.57072437566e-05,1.57072437566e-05
6.0,180.0,0.5,730.0,720.0,740.0,1.52991842068e-05,1.52991842068e-05
6.0,180.0,0.5,750.0,740.0,760.0,1.40861770833e-05,1.40861770833e-05
6.0,180.0,0.5,770.0,760.0,780.0,1.33670111599e-05,1.33670111599e-05
6.0,180.0,1.0,390.0,380.0,400.0,2.00016033765e-05,2.00016033765e-05
6.0,180.0,1.0,410.0,400.0,420.0,3.27496509538e-05,3.27496509538e-05
6.0,180.0,1.0,430.0,420.0,440.0,3.17397135165e-05,3.17397135165e-05
6.0,180.0,1.0,450.0,440.0,460.0,3.63844497616e-05,3.63844497616e-05
6.0,180.0,1.0,470.0,460.0,480.0,3.49473167495e-05,3.49473167495e-05
6.0,180.0,1.0,490.0,480.0,500.0,2.9852765232e-05,2.9852765232e-05
6.0,180.0,1.0,510.0,500.0,520.0,2.31787555746e-05,2.31787555746e-05
6.0,180.0,1.0,530.0,520.0,540.0,1.70105104054e-05,1.70105104054e-05
6.0,180.0,1.0,550.0,540.0,560.0,1.36746177029e-05,1.36746177029e-05
6.0,180.0,1.0,570.0,560.0,580.0,9.46506668492e-06,9.46506668492e-06
6.0,180.0,1.0,590.0,580.0,600.0,9.45194251228e-06,9.45194251228e-06
6.0,180.0,1.0,610.0,600.0,620.0,8.12180030047e-06,8.12180030047e-06
6.0,180.0,1.0,630.0,620.0,640.0,1.02445994459e-05,1.02445994459e-05
6.0,180.0,1.0,650.0,640.0,660.0,1.23486692002e-05,1.23486692002e-05
6.0,180.0,1.0,670.0,660.0,680.0,1.44191995841e-05,1.44191995841e-05
6.0,180.0,1.0,690.0,680.0,700.0,1.53954524887e-05,1.53954524887e-05
6.0,180.0,1.0,710.0,700.0,720.0,1.54828413243e-05,1.54828413243e-05
6.0,180.0,1.0,730.0,720.0,740.0,1.50044076048e-05,1.50044076048e-05
6.0,180.0,1.0,750.0,740.0,760.0,1.37447771807e-05,1.37447771807e-05
6.0,180.0,1.0,770.0,760.0,780.0,1.29786234513e-05,1.29786234513e-05
6.0,180.0,2.0,390.0,380.0,400.0,2.09585165554e-05,2.09585165554e-05
6.0,180.0,2.0,410.0,400.0,420.0,3.4383363958e-05,3.4383363958e-05
6.0,180.0,2.0,430.0,420.0,440.0,3.33617437435e-05,3.33617437435e-05
6.0,180.0,2.0,450.0,440.0,460.0,3.82471850206e-05,3.82471850206e-05
6.0,180.0,2.0,470.0,460.0,480.0,3.66902736339e-05,3.66902736339e-05
6.0,180.0,2.0,490.0,480.0,500.0,3.12546598985e-05,3.12546598985e-05
6.0,180.0,2.0,510.0,500.0,520.0,2.41618787868e-05,2.41618787868e-05
6.0,180.0,2.0,530.0,520.0,540.0,1.76292386999e-05,1.76292386999e-05
6.0,180.0,2.0,550.0,540.0,560.0,1.40703979699e-05,1.40703979699e-05
6.0,180.0,2.0,570.0,560.0,580.0,9.66062861381e-06,9.66062861381e-06
6.0,180.0,2.0,590.0,580.0,600.0,9.55836018722e-06,9.55836018722e-06
6.0,180.0,2.0,610.0,600.0,620.0,8.13523641613e-06,8.13523641613e-06
6.0,180.0,2.0,630.0,620.0,640.0,1.01611395291e-05,1.01611395291e-05
6.0,180.0,2.0,650.0,640.0,660.0,1.21315560563e-05,1.21315560563e-05
6.0,180.0,2.0,670.0,660.0,680.0,1.40335535686e-05,1.40335535686e-05
6.0,180.0,2.0,690.0,680.0,700.0,1.48464594425e-05,1.48464594425e-05
6.0,180.0,2.0,710.0,700.0,720.0,1.47969438518e-05,1.47969438518e-05
6.0,180.0,2.0,730.0,720.0,740.0,1.42146566795e-05,1.42146566795e-05
6.0,180.0,2.0,750.0,740.0,760.0,1.29113119035e-05,1.29113119035e-05
6.0,180.0,2.0,770.0,760.0,780.0,1.20928348585e-05,1.20928348585e-05
6.0,180.0,3.0,390.0,380.0,400.0,2.19075626437e-05,2.19075626437e-05
6.0,180.0,3.0,410.0,400.0,420.0,3.59589483958e-05,3.59589483958e-05
6.0,180.0,3.0,430.0,420.0,440.0,3.48565606488e-05,3.48565606488e-05
6.0,180.0,3.0,450.0,440.0,460.0,3.98564885604e-05,3.98564885604e-05
6.0,180.0,3.0,470.0,460.0,480.0,3.80722611998e-05,3.80722611998e-05
6.0,180.0,3.0,490.0,480.0,500.0,3.22475818472e-05,3.22475818472e-05
6.0,180.0,3.0,510.0,500.0,520.0,2.47583519046e-05,2.47583519046e-05
6.0,180.0,3.0,530.0,520.0,540.0,1.79253077501e-05,1.79253077501e-05
6.0,180.0,3.0,550.0,540.0,560.0,1.41871730094e-05,1.41871730094e-05
6.0,180.0,3.0,570.0,560.0,580.0,9.65813075571e-06,9.65813075571e-06
6.0,180.0,3.0,590.0,580.0,600.0,9.47009371955e-06,9.47009371955e-06
6.0,180.0,3.0,610.0,600.0,620.0,7.99004530866e-06,7.99004530866e-06
6.0,180.0,3.0,630.0,620.0,640.0,9.89213535319e-06,9.89213535319e-06
6.0,180.0,3.0,650.0,640.0,660.0,1.17119833235e-05,1.17119833235e-05
6.0,180.0,3.0,670.0,660.0,680.0,1.3441001273e-05,1.3441001273e-05
6.0,180.0,3.0,690.0,680.0,700.0,1.41127161184e-05,1.41127161184e-05
6.0,180.0,3.0,710.0,700.0,720.0,1.39653784386e-05,1.39653784386e-05
6.0,180.0,3.0,730.0,720.0,740.0,1.33253714711e-05,1.33253714711e-05
6.0,180.0,3.0,750.0,740.0,760.0,1.20268751121e-05,1.20268751121e-05
6.0,180.0,3.0,770.0,760.0,780.0,1.11967347127e-05,1.11967347127e-05
6.0,180.0,5.0,390.0,380.0,400.0,2.36987127934e-05,2.36987127934e-05
6.0,180.0,5.0,410.0,400.0,420.0,3.86836893088e-05,3.86836893088e-05
6.0,180.0,5.0,430.0,420.0,440.0,3.7156909909e-05,3.7156909909e-05
6.0,180.0,5.0,450.0,440.0,460.0,4.1981275563e-05,4.1981275563e-05
6.0,180.0,5.0,470.0,460.0,480.0,3.95461540915e-05,3.95461540915e-05
6.0,180.0,5.0,490.0,480.0,500.0,3.29921547728e-05,3.29921547728e-05
6.0,180.0,5.0,510.0,500.0,520.0,2.49368184988e-05,2.49368184988e-05
6.0,180.0,5.0,530.0,520.0,540.0,1.77763974355e-05,1.77763974355e-05
6.0,180.0,5.0,550.0,540.0,560.0,1.38557479684e-05,1.38557479684e-05
6.0,180.0,5.0,570.0,560.0,580.0,9.29836393065e-06,9.29836393065e-06
6.0,180.0,5.0,590.0,580.0,600.0,8.98718288245e-06,8.98718288245e-06
6.0,180.0,5.0,610.0,600.0,620.0,7.48312190991e-06,7.48312190991e-06
6.0,180.0,5.0,630.0,620.0,640.0,9.1412250761e-06,9.1412250761e-06
6.0,180.0,5.0,650.0,640.0,660.0,1.06878965344e-05,1.06878965344e-05
6.0,180.0,5.0,670.0,660.0,680.0,1.21235562973e-05,1.21235562973e-05
6.0,180.0,5.0,690.0,680.0,700.0,1.25926531588e-05,1.25926531588e-05
6.0,180.0,5.0,710.0,700.0,720.0,1.23370913057e-05,1.23370913057e-05
6.0,180.0,5.0,730.0,720.0,740.0,1.1663282302e-05,1.1663282302e-05
6.0,180.0,5.0,750.0,740.0,760.0,1.04380694454e-05,1.04380694454e-05
6.0,180.0,5.0,770.0,760.0,780.0,9.63989638416e-06,9.63989638416e-06
6.0,180.0,8.0,390.0,380.0,400.0,2.54478239601e-05,2.54478239601e-05
6.0,180.0,8.0,410.0,400.0,420.0,4.07074903343e-05,4.07074903343e-05
6.0,180.0,8.0,430.0,420.0,440.0,3.82504788493e-05,3.82504788493e-05
6.0,180.0,8.0,450.0,440.0,460.0,4.22672070594e-05,4.22672070594e-05
6.0,180.0,8.0,470.0,460.0,480.0,3.89702161701e-05,3.89702161701e-05
6.0,180.0,8.0,490.0,480.0,500.0,3.18628457937e-05,3.18628457937e-05
6.0,180.0,8.0,510.0,500.0,520.0,2.36417179013e-05,2.36417179013e-05
6.0,180.0,8.0,530.0,520.0,540.0,1.65751235652e-05,1.65751235652e-05
6.0,180.0,8.0,550.0,540.0,560.0,1.27254852645e-05,1.27254852645e-05
6.0,180.0,8.0,570.0,560.0,580.0,8.42859245165e-06,8.42859245165e-06
6.0,180.0,8.0,590.0,580.0,600.0,8.04372581581e-06,8.04372581581e-06
6.0,180.0,8.0,610.0,600.0,620.0,6.62376214872e-06,6.62376214872e-06
6.0,180.0,8.0,630.0,620.0,640.0,7.99636388774e-06,7.99636388774e-06
6.0,180.0,8.0,650.0,640.0,660.0,9.24502478457e-06,9.24502478457e-06
6.0,180.0,8.0,670.0,660.0,680.0,1.03790481645e-05,1.03790481645e-05
6.0,180.0,8.0,690.0,680.0,700.0,1.06795484908e-05,1.06795484908e-05
6.0,180.0,8.0,710.0,700.0,720.0,1.0373589147e-05,1.0373589147e-05
6.0,180.0,8.0,730.0,720.0,740.0,9.73136926511e-06,9.73136926511e-06
6.0,180.0,8.0,750.0,740.0,760.0,8.64999517802e-06,8.64999517802e-06
6.0,180.0,8.0,770.0,760.0,780.0,7.93621161944e-06,7.93621161944e-06
6.0,180.0,12.0,390.0,380.0,400.0,2.60869654205e-05,2.60869654205e-05
6.0,180.0,12.0,410.0,400.0,420.0,4.05266116957e-05,4.05266116957e-05
6.0,180.0,12.0,430.0,420.0,440.0,3.70857521925e-05,3.70857521925e-05
6.0,180.0,12.0,450.0,440.0,460.0,4.00712623955e-05,4.00712623955e-05
6.0,180.0,12.0,470.0,460.0,480.0,3.63168535113e-05,3.63168535113e-05
6.0,180.0,12.0,490.0,480.0,500.0,2.93849706873e-05,2.93849706873e-05
6.0,180.0,12.0,510.0,500.0,520.0,2.17581437765e-05,2.17581437765e-05
6.0,180.0,12.0,530.0,520.0,540.0,1.53685428814e-05,1.53685428814e-05
6.0,180.0,12.0,550.0,540.0,560.0,1.20098781336e-05,1.20098781336e-05
6.0,180.0,12.0,570.0,560.0,580.0,8.16033341183e-06,8.16033341183e-06
6.0,180.0,12.0,590.0,580.0,600.0,8.07782054393e-06,8.07782054393e-06
6.0,180.0,12.0,610.0,600.0,620.0,6.92848889284e-06,6.92848889284e-06
6.0,180.0,12.0,630.0,620.0,640.0,8.77702587409e-06,8.77702587409e-06
6.0,180.0,12.0,650.0,640.0,660.0,1.06424122308e-05,1.06424122308e-05
6.0,180.0,12.0,670.0,660.0,680.0,1.25215688885e-05,1.25215688885e-05
6.0,180.0,12.0,690.0,680.0,700.0,1.34960902751e-05,1.34960902751e-05
6.0,180.0,12.0,710.0,700.0,720.0,1.37253336608e-05,1.37253336608e-05
6.0,180.0,12.0,730.0,720.0,740.0,1.34722561431e-05,1.34722561431e-05
6.0,180.0,12.0,750.0,740.0,760.0,1.25219572936e-05,1.25219572936e-05
6.0,180.0,12.0,770.0,760.0,780.0,1.19964107635e-05,1.19964107635e-05
6.0,180.0,20.0,390.0,380.0,400.0,2.51812170968e-05,2.51812170968e-05
6.0,180.0,20.0,410.0,400.0,420.0,3.80798650062e-05,3.80798650062e-05
6.0,180.0,20.0,430.0,420.0,440.0,3.44413896168e-05,3.44413896168e-05
6.0,180.0,20.0,450.0,440.0,460.0,3.74382722535e-05,3.74382722535e-05
6.0,180.0,20.0,470.0,460.0,480.0,3.48317043129e-05,3.48317043129e-05
6.0,180.0,20.0,490.0,480.0,500.0,2.95524665362e-05,2.95524665362e-05
6.0,180.0,20.0,510.0,500.0,520.0,2.33890645252e-05,2.33890645252e-05
6.0,180.0,20.0,530.0,520.0,540.0,1.79012216381e-05,1.79012216381e-05
6.0,180.0,20.0,550.0,540.0,560.0,1.53462886264e-05,1.53462886264e-05
6.0,180.0,20.0,570.0,560.0,580.0,1.13849888726e-05,1.13849888726e-05
6.0,180.0,20.0,590.0,580.0,600.0,1.24152057177e-05,1.24152057177e-05
6.0,180.0,20.0,610.0,600.0,620.0,1.15573869242e-05,1.15573869242e-05
6.0,180.0,20.0,630.0,620.0,640.0,1.57976654277e-05,1.57976654277e-05
6.0,180.0,20.0,650.0,640.0,660.0,2.02991832526e-05,2.02991832526e-05
6.0,180.0,20.0,670.0,660.0,680.0,2.50076353344e-05,2.50076353344e-05
6.0,180.0,20.0,690.0,680.0,700.0,2.80019128904e-05,2.80019128904e-05
6.0,180.0,20.0,710.0,700.0,720.0,2.94202756323e-05,2.94202756323e-05
6.0,180.0,20.0,730.0,720.0,740.0,2.97113583163e-05,2.97113583163e-05
6.0,180.0,20.0,750.0,740.0,760.0,2.83397729231e-05,2.83397729231e-05
6.0,180.0,20.0,770.0,760.0,780.0,2.77455903291e-05,2.77455903291e-05
6.0,180.0,30.0,390.0,380.0,400.0,2.42616744225e-05,2.42616744225e-05
6.0,180.0,30.0,410.0,400.0,420.0,3.67570742934e-05,3.67570742934e-05
6.0,180.0,30.0,430.0,420.0,440.0,3.3716554192e-05,3.3716554192e-05
6.0,180.0,30.0,450.0,440.0,460.0,3.75512678975e-05,3.75512678975e-05
6.0,180.0,30.0,470.0,460.0,480.0,3.60633482566e-05,3.60633482566e-05
6.0,180.0,30.0,490.0,480.0,500.0,3.16975292435e-05,3.16975292435e-05
6.0,180.0,30.0,510.0,500.0,520.0,2.59740803044e-05,2.59740803044e-05
6.0,180.0,30.0,530.0,520.0,540.0,2.05050928734e-05,2.05050928734e-05
6.0,180.0,30.0,550.0,540.0,560.0,1.80289227315e-05,1.80289227315e-05
6.0,180.0,30.0,570.0,560.0,580.0,1.36341083168e-05,1.36341083168e-05
6.0,180.0,30.0,590.0,580.0,600.0,1.50365776375e-05,1.50365776375e-05
6.0,180.0,30.0,610.0,600.0,620.0,1.40932249679e-05,1.40932249679e-05
6.0,180.0,30.0,630.0,620.0,640.0,1.91961286767e-05,1.91961286767e-05
6.0,180.0,30.0,650.0,640.0,660.0,2.44933426776e-05,2.44933426776e-05
6.0,180.0,30.0,670.0,660.0,680.0,2.99482745158e-05,2.99482745158e-05
6.0,180.0,30.0,690.0,680.0,700.0,3.32973059629e-05,3.32973059629e-05
6.0,180.0,30.0,710.0,700.0,720.0,3.47613086798e-05,3.47613086798e-05
6.0,180.0,30.0,730.0,720.0,740.0,3.49121315822e-05,3.49121315822e-05
6.0,180.0,30.0,750.0,740.0,760.0,3.31653646903e-05,3.31653646903e-05
6.0,180.0,30.0,770.0,760.0,780.0,3.23169949305e-05,3.23169949305e-05
6.0,180.0,45.0,390.0,380.0,400.0,2.29936949198e-05,2.29936949198e-05
6.0,180.0,45.0,410.0,400.0,420.0,3.4838409009e-05,3.4838409009e-05
6.0,180.0,45.0,430.0,420.0,440.0,3.21168481414e-05,3.21168481414e-05
6.0,180.0,45.0,450.0,440.0,460.0,3.6046719537e-05,3.6046719537e-05
6.0,180.0,45.0,470.0,460.0,480.0,3.49035013238e-05,3.49035013238e-05
6.0,180.0,45.0,490.0,480.0,500.0,3.08936221016e-05,3.08936221016e-05
6.0,180.0,45.0,510.0,500.0,520.0,2.54515859759e-05,2.54515859759e-05
6.0,180.0,45.0,530.0,520.0,540.0,2.01730083959e-05,2.01730083959e-05
6.0,180.0,45.0,550.0,540.0,560.0,1.77171756809e-05,1.77171756809e-05
6.0,180.0,45.0,570.0,560.0,580.0,1.34012232247e-05,1.34012232247e-05
6.0,180.0,45.0,590.0,580.0,600.0,1.46363544492e-05,1.46363544492e-05
6.0,180.0,45.0,610.0,600.0,620.0,1.36215991781e-05,1.36215991781e-05
6.0,180.0,45.0,630.0,620.0,640.0,1.82589948431e-05,1.82589948431e-05
6.0,180.0,45.0,650.0,640.0,660.0,2.29637680089e-05,2.29637680089e-05
6.0,180.0,45.0,670.0,660.0,680.0,2.77421203204e-05,2.77421203204e-05
6.0,180.0,45.0,690.0,680.0,700.0,3.05362171086e-05,3.05362171086e-05
6.0,180.0,45.0,710.0,700.0,720.0,3.16105656831e-05,3.16105656831e-05
6.0,180.0,45.0,730.0,720.0,740.0,3.15240883841e-05,3.15240883841e-05
6.0,180.0,45.0,750.0,740.0,760.0,2.97847504022e-05,2.97847504022e-05
6.0,180.0,45.0,770.0,760.0,780.0,2.88603613111e-05,2.88603613111e-05
6.0,180.0,60.0,390.0,380.0,400.0,2.0881534297e-05,2.0881534297e-05
6.0,180.0,60.0,410.0,400.0,420.0,3.15142389337e-05,3.15142389337e-05
6.0,180.0,60.0,430.0,420.0,440.0,2.90093789305e-05,2.90093789305e-05
6.0,180.0,60.0,450.0,440.0,460.0,3.25497697681e-05,3.25497697681e-05
6.0,180.0,60.0,470.0,460.0,480.0,3.1508042258e-05,3.1508042258e-05
6.0,180.0,60.0,490.0,480.0,500.0,2.78619796452e-05,2.78619796452e-05
6.0,180.0,60.0,510.0,500.0,520.0,2.29232802145e-05,2.29232802145e-05
6.0,180.0,60.0,530.0,520.0,540.0,1.81460378772e-05,1.81460378772e-05
6.0,180.0,60.0,550.0,540.0,560.0,1.58702391286e-05,1.58702391286e-05
6.0,180.0,60.0,570.0,560.0,580.0,1.19793722375e-05,1.19793722375e-05
6.0,180.0,60.0,590.0,580.0,600.0,1.29685214296e-05,1.29685214296e-05
6.0,180.0,60.0,610.0,600.0,620.0,1.19963994411e-05,1.19963994411e-05
6.0,180.0,60.0,630.0,620.0,640.0,1.58973102623e-05,1.58973102623e-05
6.0,180.0,60.0,650.0,640.0,660.0,1.98013256645e-05,1.98013256645e-05
6.0,180.0,60.0,670.0,660.0,680.0,2.37362648615e-05,2.37362648615e-05
6.0,180.0,60.0,690.0,680.0,700.0,2.59607408206e-05,2.59607408206e-05
6.0,180.0,60.0,710.0,700.0,720.0,2.67313145817e-05,2.67313145817e-05
6.0,180.0,60.0,730.0,720.0,740.0,2.6539637793e-05,2.6539637793e-05
6.0,180.0,60.0,750.0,740.0,760.0,2.49880917704e-05,2.49880917704e-05
6.0,180.0,60.0,770.0,760.0,780.0,2.41274747596e-05,2.41274747596e-05
6.0,180.0,90.0,390.0,380.0,400.0,1.99326281118e-05,1.99326281118e-05
6.0,180.0,90.0,410.0,400.0,420.0,2.9960814212e-05,2.9960814212e-05
6.0,180.0,90.0,430.0,420.0,440.0,2.74708284532e-05,2.74708284532e-05
6.0,180.0,90.0,450.0,440.0,460.0,3.06888970275e-05,3.06888970275e-05
6.0,180.0,90.0,470.0,460.0,480.0,2.95456597682e-05,2.95456597682e-05
6.0,180.0,90.0,490.0,480.0,500.0,2.59569993712e-05,2.59569993712e-05
6.0,180.0,90.0,510.0,500.0,520.0,2.12119924164e-05,2.12119924164e-05
6.0,180.0,90.0,530.0,520.0,540.0,1.66875856395e-05,1.66875856395e-05
6.0,180.0,90.0,550.0,540.0,560.0,1.44583108885e-05,1.44583108885e-05
6.0,180.0,90.0,570.0,560.0,580.0,1.08460509193e-05,1.08460509193e-05
6.0,180.0,90.0,590.0,580.0,600.0,1.15776424564e-05,1.15776424564e-05
6.0,180.0,90.0,610.0,600.0,620.0,1.06011018976e-05,1.06011018976e-05
6.0,180.0,90.0,630.0,620.0,640.0,1.38310352028e-05,1.38310352028e-05
6.0,180.0,90.0,650.0,640.0,660.0,1.70104652083e-05,1.70104652083e-05
6.0,180.0,90.0,670.0,660.0,680.0,2.0184724268e-05,2.0184724268e-05
6.0,180.0,90.0,690.0,680.0,700.0,2.18917477756e-05,2.18917477756e-05
6.0,180.0,90.0,710.0,700.0,720.0,2.238159008e-05,2.238159008e-05
6.0,180.0,90.0,730.0,720.0,740.0,2.20858582397e-05,2.20858582397e-05
6.0,180.0,90.0,750.0,740.0,760.0,2.06891234616e-05,2.06891234616e-05
6.0,180.0,90.0,770.0,760.0,780.0,1.9879240627e-05,1.9879240627e-05
9.0,0.0,0.0,390.0,380.0,400.0,1.14965486806e-06,1.14965486806e-06
9.0,0.0,0.0,410.0,400.0,420.0,2.17133087863e-06,2.17133087863e-06
9.0,0.0,0.0,430.0,420.0,440.0,2.42282793251e-06,2.42282793251e-06
9.0,0.0,0.0,450.0,440.0,460.0,3.20242033798e-06,3.20242033798e-06
9.0,0.0,0.0,470.0,460.0,480.0,3.59581581952e-06,3.59581581952e-06
9.0,0.0,0.0,490.0,480.0,500.0,3.73179974077e-06,3.73179974077e-06
9.0,0.0,0.0,510.0,500.0,520.0,3.76051762929e-06,3.76051762929e-06
9.0,0.0,0.0,530.0,520.0,540.0,3.86592766787e-06,3.86592766787e-06
9.0,0.0,0.0,550.0,540.0,560.0,4.65222738921e-06,4.65222738921e-06
9.0,0.0,0.0,570.0,560.0,580.0,4.93488572004e-06,4.93488572004e-06
9.0,0.0,0.0,590.0,580.0,600.0,7.69344539681e-06,7.69344539681e-06
9.0,0.0,0.0,610.0,600.0,620.0,1.00275282106e-05,1.00275282106e-05
9.0,0.0,0.0,630.0,620.0,640.0,1.88335632927e-05,1.88335632927e-05
9.0,0.0,0.0,650.0,640.0,660.0,3.239029502e-05,3.239029502e-05
9.0,0.0,0.0,670.0,660.0,680.0,5.19512506858e-05,5.19512506858e-05
9.0,0.0,0.0,690.0,680.0,700.0,7.37660184714e-05,7.37660184714e-05
9.0,0.0,0.0,710.0,700.0,720.0,9.59836745958e-05,9.59836745958e-05
9.0,0.0,0.0,730.0,720.0,740.0,0.000117541276527,0.000117541276527
9.0,0.0,0.0,750.0,740.0,760.0,0.000133299637027,0.000133299637027
9.0,0.0,0.0,770.0,760.0,780.0,0.000153078598564,0.000153078598564
9.0,0.0,0.5,390.0,380.0,400.0,1.15972195042e-06,1.15972195042e-06
9.0,0.0,0.5,410.0,400.0,420.0,2.2207788691e-06,2.2207788691e-06
9.0,0.0,0.5,430.0,420.0,440.0,2.55591270863e-06,2.55591270863e-06
9.0,0.0,0.5,450.0,440.0,460.0,3.63867487098e-06,3.63867487098e-06
9.0,0.0,0.5,470.0,460.0,480.0,4.72289965052e-06,4.72289965052e-06
9.0,0.0,0.5,490.0,480.0,500.0,6.02900969938e-06,6.02900969938e-06
9.0,0.0,0.5,510.0,500.0,520.0,7.4839674655e-06,7.4839674655e-06
9.0,0.0,0.5,530.0,520.0,540.0,8.8989761866e-06,8.8989761866e-06
9.0,0.0,0.5,550.0,540.0,560.0,1.14802367287e-05,1.14802367287e-05
9.0,0.0,0.5,570.0,560.0,580.0,1.21222862398e-05,1.21222862398e-05
9.0,0.0,0.5,590.0,580.0,600.0,1.82726283422e-05,1.82726283422e-05
9.0,0.0,0.5,610.0,600.0,620.0,2.23938230487e-05,2.23938230487e-05
9.0,0.0,0.5,630.0,620.0,640.0,3.97138016654e-05,3.97138016654e-05
9.0,0.0,0.5,650.0,640.0,660.0,6.43997765863e-05,6.43997765863e-05
9.0,0.0,0.5,670.0,660.0,680.0,9.74213634117e-05,9.74213634117e-05
9.0,0.0,0.5,690.0,680.0,700.0,0.000130707253554,0.000130707253554
9.0,0.0,0.5,710.0,700.0,720.0,0.000161101233501,0.000161101233501
9.0,0.0,0.5,730.0,720.0,740.0,0.000187351469987,0.000187351469987
9.0,0.0,0.5,750.0,740.0,760.0,0.000202064202698,0.000202064202698
9.0,0.0,0.5,770.0,760.0,780.0,0.000221865965947,0.000221865965947
9.0,0.0,1.0,390.0,380.0,400.0,1.20479719516e-06,1.20479719516e-06
9.0,0.0,1.0,410.0,400.0,420.0,2.37945501576e-06,2.37945501576e-06
9.0,0.0,1.0,430.0,420.0,440.0,2.97168909701e-06,2.97168909701e-06
9.0,0.0,1.0,450.0,440.0,460.0,4.90751151257e-06,4.90751151257e-06
9.0,0.0,1.0,470.0,460.0,480.0,7.57674801813e-06,7.57674801813e-06
9.0,0.0,1.0,490.0,480.0,500.0,1.09768644998e-05,1.09768644998e-05
9.0,0.0,1.0,510.0,500.0,520.0,1.43112956917e-05,1.43112956917e-05
9.0,0.0,1.0,530.0,520.0,540.0,1.68268200122e-05,1.68268200122e-05
9.0,0.0,1.0,550.0,540.0,560.0,2.08341628403e-05,2.08341628403e-05
9.0,0.0,1.0,570.0,560.0,580.0,2.07813022801e-05,2.07813022801e-05
9.0,0.0,1.0,590.0,580.0,600.0,2.96383725104e-05,2.96383725104e-05
9.0,0.0,1.0,610.0,600.0,620.0,3.43611032984e-05,3.43611032984e-05
9.0,0.0,1.0,630.0,620.0,640.0,5.82104433435e-05,5.82104433435e-05
9.0,0.0,1.0,650.0,640.0,660.0,9.06259361432e-05,9.06259361432e-05
9.0,0.0,1.0,670.0,660.0,680.0,0.000132096394091,0.000132096394091
9.0,0.0,1.0,690.0,680.0,700.0,0.000171304090786,0.000171304090786
9.0,0.0,1.0,710.0,700.0,720.0,0.000204647392946,0.000204647392946
9.0,0.0,1.0,730.0,720.0,740.0,0.000231237122115,0.000231237122115
9.0,0.0,1.0,750.0,740.0,760.0,0.000242731942549,0.000242731942549
9.0,0.0,1.0,770.0,760.0,780.0,0.000260213670858,0.000260213670858
9.0,0.0,2.0,390.0,380.0,400.0,1.40721071672e-06,1.40721071672e-06
9.0,0.0,2.0,410.0,400.0,420.0,3.30741659031e-06,3.30741659031e-06
9.0,0.0,2.0,430.0,420.0,440.0,5.25481251428e-06,5.25481251428e-06
9.0,0.0,2.0,450.0,440.0,460.0,1.0558022755e-05,1.0558022755e-05
9.0,0.0,2.0,470.0,460.0,480.0,1.76292021614e-05,1.76292021614e-05
9.0,0.0,2.0,490.0,480.0,500.0,2.49243587184e-05,2.49243587184e-05
9.0,0.0,2.0,510.0,500.0,520.0,2.99965103605e-05,2.99965103605e-05
9.0,0.0,2.0,530.0,520.0,540.0,3.18954546086e-05,3.18954546086e-05
9.0,0.0,2.0,550.0,540.0,560.0,3.55815510048e-05,3.55815510048e-05
9.0,0.0,2.0,570.0,560.0,580.0,3.21102125807e-05,3.21102125807e-05
9.0,0.0,2.0,590.0,580.0,600.0,4.17017180889e-05,4.17017180889e-05
9.0,0.0,2.0,610.0,600.0,620.0,4.44014966542e-05,4.44014966542e-05
9.0,0.0,2.0,630.0,620.0,640.0,7.00719863196e-05,7.00719863196e-05
9.0,0.0,2.0,650.0,640.0,660.0,0.000102796301402,0.000102796301402
9.0,0.0,2.0,670.0,660.0,680.0,0.000142254177992,0.000142254177992
9.0,0.0,2.0,690.0,680.0,700.0,0.000176123593537,0.000176123593537
9.0,0.0,2.0,710.0,700.0,720.0,0.000201768375966,0.000201768375966
9.0,0.0,2.0,730.0,720.0,740.0,0.000219398246132,0.000219398246132
9.0,0.0,2.0,750.0,740.0,760.0,0.000222084322961,0.000222084322961
9.0,0.0,2.0,770.0,760.0,780.0,0.000230693134358,0.000230693134358
9.0,0.0,3.0,390.0,380.0,400.0,1.92709000981e-06,1.92709000981e-06
9.0,0.0,3.0,410.0,400.0,420.0,5.31903518208e-06,5.31903518208e-06
9.0,0.0,3.0,430.0,420.0,440.0,9.06619272666e-06,9.06619272666e-06
9.0,0.0,3.0,450.0,440.0,460.0,1.77749113672e-05,1.77749113672e-05
9.0,0.0,3.0,470.0,460.0,480.0,2.7554800263e-05,2.7554800263e-05
9.0,0.0,3.0,490.0,480.0,500.0,3.56451004767e-05,3.56451004767e-05
9.0,0.0,3.0,510.0,500.0,520.0,3.93632713984e-05,3.93632713984e-05
9.0,0.0,3.0,530.0,520.0,540.0,3.87552376776e-05,3.87552376776e-05
9.0,0.0,3.0,550.0,540.0,560.0,4.02403651877e-05,4.02403651877e-05
9.0,0.0,3.0,570.0,560.0,580.0,3.41722080551e-05,3.41722080551e-05
9.0,0.0,3.0,590.0,580.0,600.0,4.16955816638e-05,4.16955816638e-05
9.0,0.0,3.0,610.0,600.0,620.0,4.21053547248e-05,4.21053547248e-05
9.0,0.0,3.0,630.0,620.0,640.0,6.31680704085e-05,6.31680704085e-05
9.0,0.0,3.0,650.0,640.0,660.0,8.88773248366e-05,8.88773248366e-05
9.0,0.0,3.0,670.0,660.0,680.0,0.000118739173592,0.000118739173592
9.0,0.0,3.0,690.0,680.0,700.0,0.000142597493527,0.000142597493527
9.0,0.0,3.0,710.0,700.0,720.0,0.000159025015577,0.000159025015577
9.0,0.0,3.0,730.0,720.0,740.0,0.00016880094276,0.00016880094276
9.0,0.0,3.0,750.0,740.0,760.0,0.000167122208056,0.000167122208056
9.0,0.0,3.0,770.0,760.0,780.0,0.000170243097693,0.000170243097693
9.0,0.0,5.0,390.0,380.0,400.0,3.60381996347e-06,3.60381996347e-06
9.0,0.0,5.0,410.0,400.0,420.0,9.79590848308e-06,9.79590848308e-06
9.0,0.0,5.0,430.0,420.0,440.0,1.49333630353e-05,1.49333630353e-05
9.0,0.0,5.0,450.0,440.0,460.0,2.53443821606e-05,2.53443821606e-05
9.0,0.0,5.0,470.0,460.0,480.0,3.40796011831e-05,3.40796011831e-05
9.0,0.0,5.0,490.0,480.0,500.0,3.88350250873e-05,3.88350250873e-05
9.0,0.0,5.0,510.0,500.0,520.0,3.85425806457e-05,3.85425806457e-05
9.0,0.0,5.0,530.0,520.0,540.0,3.47794373726e-05,3.47794373726e-05
9.0,0.0,5.0,550.0,540.0,560.0,3.33188096477e-05,3.33188096477e-05
9.0,0.0,5.0,570.0,560.0,580.0,2.65701102306e-05,2.65701102306e-05
9.0,0.0,5.0,590.0,580.0,600.0,3.01272688773e-05,3.01272688773e-05
9.0,0.0,5.0,610.0,600.0,620.0,2.86702454367e-05,2.86702454367e-05
9.0,0.0,5.0,630.0,620.0,640.0,4.02142000191e-05,4.02142000191e-05
9.0,0.0,5.0,650.0,640.0,660.0,5.34528687264e-05,5.34528687264e-05
9.0,0.0,5.0,670.0,660.0,680.0,6.80894429441e-05,6.80894429441e-05
9.0,0.0,5.0,690.0,680.0,700.0,7.85044565373e-05,7.85044565373e-05
9.0,0.0,5.0,710.0,700.0,720.0,8.44975537443e-05,8.44975537443e-05
9.0,0.0,5.0,730.0,720.0,740.0,8.6936104782e-05,8.6936104782e-05
9.0,0.0,5.0,750.0,740.0,760.0,8.37383362218e-05,8.37383362218e-05
9.0,0.0,5.0,770.0,760.0,780.0,8.31750973704e-05,8.31750973704e-05
9.0,0.0,8.0,390.0,380.0,400.0,4.85655312725e-06,4.85655312725e-06
9.0,0.0,8.0,410.0,400.0,420.0,1.12285477715e-05,1.12285477715e-05
9.0,0.0,8.0,430.0,420.0,440.0,1.46225158243e-05,1.46225158243e-05
9.0,0.0,8.0,450.0,440.0,460.0,2.16167159307e-05,2.16167159307e-05
9.0,0.0,8.0,470.0,460.0,480.0,2.58907911798e-05,2.58907911798e-05
9.0,0.0,8.0,490.0,480.0,500.0,2.68470587763e-05,2.68470587763e-05
9.0,0.0,8.0,510.0,500.0,520.0,2.47425373149e-05,2.47425373149e-05
9.0,0.0,8.0,530.0,520.0,540.0,2.11118914595e-05,2.11118914595e-05
9.0,0.0,8.0,550.0,540.0,560.0,1.92857796931e-05,1.92857796931e-05
9.0,0.0,8.0,570.0,560.0,580.0,1.48834859059e-05,1.48834859059e-05
9.0,0.0,8.0,590.0,580.0,600.0,1.62670646282e-05,1.62670646282e-05
9.0,0.0,8.0,610.0,600.0,620.0,1.50846631442e-05,1.50846631442e-05
9.0,0.0,8.0,630.0,620.0,640.0,2.04717854411e-05,2.04717854411e-05
9.0,0.0,8.0,650.0,640.0,660.0,2.64372000368e-05,2.64372000368e-05
9.0,0.0,8.0,670.0,660.0,680.0,3.28865140723e-05,3.28865140723e-05
9.0,0.0,8.0,690.0,680.0,700.0,3.71931285361e-05,3.71931285361e-05
9.0,0.0,8.0,710.0,700.0,720.0,3.94151042556e-05,3.94151042556e-05
9.0,0.0,8.0,730.0,720.0,740.0,4.0057727454e-05,4.0057727454e-05
9.0,0.0,8.0,750.0,740.0,760.0,3.82597358462e-05,3.82597358462e-05
9.0,0.0,8.0,770.0,760.0,780.0,3.76666850426e-05,3.76666850426e-05
9.0,0.0,12.0,390.0,380.0,400.0,4.09449753632e-06,4.09449753632e-06
9.0,0.0,12.0,410.0,400.0,420.0,8.26878100022e-06,8.26878100022e-06
9.0,0.0,12.0,430.0,420.0,440.0,9.6350539635e-06,9.6350539635e-06
9.0,0.0,12.0,450.0,440.0,460.0,1.30252814126e-05,1.30252814126e-05
9.0,0.0,12.0,470.0,460.0,480.0,1.45270101909e-05,1.45270101909e-05
9.0,0.0,12.0,490.0,480.0,500.0,1.42299955061e-05,1.42299955061e-05
9.0,0.0,12.0,510.0,500.0,520.0,1.252973835e-05,1.252973835e-05
9.0,0.0,12.0,530.0,520.0,540.0,1.03024604669e-05,1.03024604669e-05
9.0,0.0,12.0,550.0,540.0,560.0,9.12865440928e-06,9.12865440928e-06
9.0,0.0,12.0,570.0,560.0,580.0,6.86270691879e-06,6.86270691879e-06
9.0,0.0,12.0,590.0,580.0,600.0,7.3389848612e-06,7.3389848612e-06
9.0,0.0,12.0,610.0,600.0,620.0,6.67265725471e-06,6.67265725471e-06
9.0,0.0,12.0,630.0,620.0,640.0,8.87508383077e-06,8.87508383077e-06
9.0,0.0,12.0,650.0,640.0,660.0,1.12209412628e-05,1.12209412628e-05
9.0,0.0,12.0,670.0,660.0,680.0,1.36751285429e-05,1.36751285429e-05
9.0,0.0,12.0,690.0,680.0,700.0,1.51756267219e-05,1.51756267219e-05
9.0,0.0,12.0,710.0,700.0,720.0,1.58081036919e-05,1.58081036919e-05
9.0,0.0,12.0,730.0,720.0,740.0,1.58208178412e-05,1.58208178412e-05
9.0,0.0,12.0,750.0,740.0,760.0,1.49145458368e-05,1.49145458368e-05
9.0,0.0,12.0,770.0,760.0,780.0,1.44939221938e-05,1.44939221938e-05
9.0,0.0,20.0,390.0,380.0,400.0,2.25785175191e-06,2.25785175191e-06
9.0,0.0,20.0,410.0,400.0,420.0,3.96968821209e-06,3.96968821209e-06
9.0,0.0,20.0,430.0,420.0,440.0,4.14427598035e-06,4.14427598035e-06
9.0,0.0,20.0,450.0,440.0,460.0,5.14297971512e-06,5.14297971512e-06
9.0,0.0,20.0,470.0,460.0,480.0,5.37286577303e-06,5.37286577303e-06
9.0,0.0,20.0,490.0,480.0,500.0,5.00907226814e-06,5.00907226814e-06
9.0,0.0,20.0,510.0,500.0,520.0,4.24828301489e-06,4.24828301489e-06
9.0,0.0,20.0,530.0,520.0,540.0,3.39392270455e-06,3.39392270455e-06
9.0,0.0,20.0,550.0,540.0,560.0,2.95188743286e-06,2.95188743286e-06
9.0,0.0,20.0,570.0,560.0,580.0,2.18333068604e-06,2.18333068604e-06
9.0,0.0,20.0,590.0,580.0,600.0,2.32635206414e-06,2.32635206414e-06
9.0,0.0,20.0,610.0,600.0,620.0,2.10605308393e-06,2.10605308393e-06
9.0,0.0,20.0,630.0,620.0,640.0,2.80023299324e-06,2.80023299324e-06
9.0,0.0,20.0,650.0,640.0,660.0,3.52299185675e-06,3.52299185675e-06
9.0,0.0,20.0,670.0,660.0,680.0,4.26395531305e-06,4.26395531305e-06
9.0,0.0,20.0,690.0,680.0,700.0,4.69835151012e-06,4.69835151012e-06
9.0,0.0,20.0,710.0,700.0,720.0,4.86218386167e-06,4.86218386167e-06
9.0,0.0,20.0,730.0,720.0,740.0,4.83877097297e-06,4.83877097297e-06
9.0,0.0,20.0,750.0,740.0,760.0,4.54395772218e-06,4.54395772218e-06
9.0,0.0,20.0,770.0,760.0,780.0,4.39482066476e-06,4.39482066476e-06
9.0,0.0,30.0,390.0,380.0,400.0,1.35460278723e-06,1.35460278723e-06
9.0,0.0,30.0,410.0,400.0,420.0,2.1782508004e-06,2.1782508004e-06
9.0,0.0,30.0,430.0,420.0,440.0,2.10703782463e-06,2.10703782463e-06
9.0,0.0,30.0,450.0,440.0,460.0,2.45228195465e-06,2.45228195465e-06
9.0,0.0,30.0,470.0,460.0,480.0,2.43053964678e-06,2.43053964678e-06
9.0,0.0,30.0,490.0,480.0,500.0,2.17275571433e-06,2.17275571433e-06
9.0,0.0,30.0,510.0,500.0,520.0,1.78367503879e-06,1.78367503879e-06
9.0,0.0,30.0,530.0,520.0,540.0,1.3908414852e-06,1.3908414852e-06
9.0,0.0,30.0,550.0,540.0,560.0,1.19138334165e-06,1.19138334165e-06
9.0,0.0,30.0,570.0,560.0,580.0,8.71963817495e-07,8.71963817495e-07
9.0,0.0,30.0,590.0,580.0,600.0,9.26546130657e-07,9.26546130657e-07
9.0,0.0,30.0,610.0,600.0,620.0,8.37864633057e-07,8.37864633057e-07
9.0,0.0,30.0,630.0,620.0,640.0,1.1146387438e-06,1.1146387438e-06
9.0,0.0,30.0,650.0,640.0,660.0,1.40061582121e-06,1.40061582121e-06
9.0,0.0,30.0,670.0,660.0,680.0,1.69203187995e-06,1.69203187995e-06
9.0,0.0,30.0,690.0,680.0,700.0,1.86098994999e-06,1.86098994999e-06
9.0,0.0,30.0,710.0,700.0,720.0,1.92291193792e-06,1.92291193792e-06
9.0,0.0,30.0,730.0,720.0,740.0,1.91156301241e-06,1.91156301241e-06
9.0,0.0,30.0,750.0,740.0,760.0,1.79485731065e-06,1.79485731065e-06
9.0,0.0,30.0,770.0,760.0,780.0,1.73444095339e-06,1.73444095339e-06
9.0,0.0,45.0,390.0,380.0,400.0,8.08106711552e-07,8.08106711552e-07
9.0,0.0,45.0,410.0,400.0,420.0,1.20578526947e-06,1.20578526947e-06
9.0,0.0,45.0,430.0,420.0,440.0,1.08906508963e-06,1.08906508963e-06
9.0,0.0,45.0,450.0,440.0,460.0,1.19100038836e-06,1.19100038836e-06
9.0,0.0,45.0,470.0,460.0,480.0,1.11686699499e-06,1.11686699499e-06
9.0,0.0,45.0,490.0,480.0,500.0,9.51774466082e-07,9.51774466082e-07
9.0,0.0,45.0,510.0,500.0,520.0,7.50772566839e-07,7.50772566839e-07
9.0,0.0,45.0,530.0,520.0,540.0,5.67195230451e-07,5.67195230451e-07
9.0,0.0,45.0,550.0,540.0,560.0,4.74766049802e-07,4.74766049802e-07
9.0,0.0,45.0,570.0,560.0,580.0,3.41871397114e-07,3.41871397114e-07
9.0,0.0,45.0,590.0,580.0,600.0,3.59487543965e-07,3.59487543965e-07
9.0,0.0,45.0,610.0,600.0,620.0,3.22915152573e-07,3.22915152573e-07
9.0,0.0,45.0,630.0,620.0,640.0,4.27453460872e-07,4.27453460872e-07
9.0,0.0,45.0,650.0,640.0,660.0,5.34824884736e-07,5.34824884736e-07
9.0,0.0,45.0,670.0,660.0,680.0,6.43726496359e-07,6.43726496359e-07
9.0,0.0,45.0,690.0,680.0,700.0,7.05796441423e-07,7.05796441423e-07
9.0,0.0,45.0,710.0,700.0,720.0,7.27375780114e-07,7.27375780114e-07
9.0,0.0,45.0,730.0,720.0,740.0,7.21555404346e-07,7.21555404346e-07
9.0,0.0,45.0,750.0,740.0,760.0,6.76571667595e-07,6.76571667595e-07
9.0,0.0,45.0,770.0,760.0,780.0,6.5272754736e-07,6.5272754736e-07
9.0,0.0,60.0,390.0,380.0,400.0,6.17824730823e-07,6.17824730823e-07
9.0,0.0,60.0,410.0,400.0,420.0,8.88181699077e-07,8.88181699077e-07
9.0,0.0,60.0,430.0,420.0,440.0,7.72632916367e-07,7.72632916367e-07
9.0,0.0,60.0,450.0,440.0,460.0,8.13295365473e-07,8.13295365473e-07
9.0,0.0,60.0,470.0,460.0,480.0,7.33719983998e-07,7.33719983998e-07
9.0,0.0,60.0,490.0,480.0,500.0,6.01556882594e-07,6.01556882594e-07
9.0,0.0,60.0,510.0,500.0,520.0,4.56980392923e-07,4.56980392923e-07
9.0,0.0,60.0,530.0,520.0,540.0,3.33240749602e-07,3.33240749602e-07
9.0,0.0,60.0,550.0,540.0,560.0,2.69872592545e-07,2.69872592545e-07
9.0,0.0,60.0,570.0,560.0,580.0,1.88879879658e-07,1.88879879658e-07
9.0,0.0,60.0,590.0,580.0,600.0,1.93232897979e-07,1.93232897979e-07
9.0,0.0,60.0,610.0,600.0,620.0,1.69646287996e-07,1.69646287996e-07
9.0,0.0,60.0,630.0,620.0,640.0,2.20269539569e-07,2.20269539569e-07
9.0,0.0,60.0,650.0,640.0,660.0,2.71547919096e-07,2.71547919096e-07
9.0,0.0,60.0,670.0,660.0,680.0,3.22809160863e-07,3.22809160863e-07
9.0,0.0,60.0,690.0,680.0,700.0,3.50043809612e-07,3.50043809612e-07
9.0,0.0,60.0,710.0,700.0,720.0,3.57103772008e-07,3.57103772008e-07
9.0,0.0,60.0,730.0,720.0,740.0,3.50900459488e-07,3.50900459488e-07
9.0,0.0,60.0,750.0,740.0,760.0,3.26015161352e-07,3.26015161352e-07
9.0,0.0,60.0,770.0,760.0,780.0,3.1200136732e-07,3.1200136732e-07
9.0,0.0,90.0,390.0,380.0,400.0,4.51586683096e-07,4.51586683096e-07
9.0,0.0,90.0,410.0,400.0,420.0,6.1736997437e-07,6.1736997437e-07
9.0,0.0,90.0,430.0,420.0,440.0,5.09667079869e-07,5.09667079869e-07
9.0,0.0,90.0,450.0,440.0,460.0,5.08312035945e-07,5.08312035945e-07
9.0,0.0,90.0,470.0,460.0,480.0,4.34185297577e-07,4.34185297577e-07
9.0,0.0,90.0,490.0,480.0,500.0,3.37329450375e-07,3.37329450375e-07
9.0,0.0,90.0,510.0,500.0,520.0,2.43585969142e-07,2.43585969142e-07
9.0,0.0,90.0,530.0,520.0,540.0,1.69824225136e-07,1.69824225136e-07
9.0,0.0,90.0,550.0,540.0,560.0,1.32326255629e-07,1.32326255629e-07
9.0,0.0,90.0,570.0,560.0,580.0,8.99752161651e-08,8.99752161651e-08
9.0,0.0,90.0,590.0,580.0,600.0,8.97670127478e-08,8.97670127478e-08
9.0,0.0,90.0,610.0,600.0,620.0,7.74997210958e-08,7.74997210958e-08
9.0,0.0,90.0,630.0,620.0,640.0,9.92597299873e-08,9.92597299873e-08
9.0,0.0,90.0,650.0,640.0,660.0,1.21303169283e-07,1.21303169283e-07
9.0,0.0,90.0,670.0,660.0,680.0,1.43383765825e-07,1.43383765825e-07
9.0,0.0,90.0,690.0,680.0,700.0,1.54894789928e-07,1.54894789928e-07
9.0,0.0,90.0,710.0,700.0,720.0,1.57637028274e-07,1.57637028274e-07
9.0,0.0,90.0,730.0,720.0,740.0,1.54686727711e-07,1.54686727711e-07
9.0,0.0,90.0,750.0,740.0,760.0,1.4366359106e-07,1.4366359106e-07
9.0,0.0,90.0,770.0,760.0,780.0,1.37475959845e-07,1.37475959845e-07
9.0,90.0,0.0,390.0,380.0,400.0,6.32265966718e-07,6.32265966718e-07
9.0,90.0,0.0,410.0,400.0,420.0,1.03964050202e-06,1.03964050202e-06
9.0,90.0,0.0,430.0,420.0,440.0,1.01478626584e-06,1.01478626584e-06
9.0,90.0,0.0,450.0,440.0,460.0,1.17545338242e-06,1.17545338242e-06
9.0,90.0,0.0,470.0,460.0,480.0,1.1440588552e-06,1.1440588552e-06
9.0,90.0,0.0,490.0,480.0,500.0,9.92428173301e-07,9.92428173301e-07
9.0,90.0,0.0,510.0,500.0,520.0,7.83022853045e-07,7.83022853045e-07
9.0,90.0,0.0,530.0,520.0,540.0,5.83704100644e-07,5.83704100644e-07
9.0,90.0,0.0,550.0,540.0,560.0,4.76167887151e-07,4.76167887151e-07
9.0,90.0,0.0,570.0,560.0,580.0,3.33935134427e-07,3.33935134427e-07
9.0,90.0,0.0,590.0,580.0,600.0,3.37706113046e-07,3.37706113046e-07
9.0,90.0,0.0,610.0,600.0,620.0,2.93850687866e-07,2.93850687866e-07
9.0,90.0,0.0,630.0,620.0,640.0,3.82687505538e-07,3.82687505538e-07
9.0,90.0,0.0,650.0,640.0,660.0,4.83081547589e-07,4.83081547589e-07
9.0,90.0,0.0,670.0,660.0,680.0,5.93896817021e-07,5.93896817021e-07
9.0,90.0,0.0,690.0,680.0,700.0,6.68292345773e-07,6.68292345773e-07
9.0,90.0,0.0,710.0,700.0,720.0,7.07825407888e-07,7.07825407888e-07
9.0,90.0,0.0,730.0,720.0,740.0,7.20954315752e-07,7.20954315752e-07
9.0,90.0,0.0,750.0,740.0,760.0,6.89958915405e-07,6.89958915405e-07
9.0,90.0,0.0,770.0,760.0,780.0,6.84645149029e-07,6.84645149029e-07
9.0,90.0,0.5,390.0,380.0,400.0,6.51229642215e-07,6.51229642215e-07
9.0,90.0,0.5,410.0,400.0,420.0,1.07858072759e-06,1.07858072759e-06
9.0,90.0,0.5,430.0,420.0,440.0,1.06134507484e-06,1.06134507484e-06
9.0,90.0,0.5,450.0,440.0,460.0,1.24010695419e-06,1.24010695419e-06
9.0,90.0,0.5,470.0,460.0,480.0,1.21776160746e-06,1.21776160746e-06
9.0,90.0,0.5,490.0,480.0,500.0,1.06550777022e-06,1.06550777022e-06
9.0,90.0,0.5,510.0,500.0,520.0,8.4725428429e-07,8.4725428429e-07
9.0,90.0,0.5,530.0,520.0,540.0,6.35632783027e-07,6.35632783027e-07
9.0,90.0,0.5,550.0,540.0,560.0,5.21044504036e-07,5.21044504036e-07
9.0,90.0,0.5,570.0,560.0,580.0,3.66377398488e-07,3.66377398488e-07
9.0,90.0,0.5,590.0,580.0,600.0,3.71161055369e-07,3.71161055369e-07
9.0,90.0,0.5,610.0,600.0,620.0,3.22898317319e-07,3.22898317319e-07
9.0,90.0,0.5,630.0,620.0,640.0,4.20774114679e-07,4.20774114679e-07
9.0,90.0,0.5,650.0,640.0,660.0,5.31207166762e-07,5.31207166762e-07
9.0,90.0,0.5,670.0,660.0,680.0,6.52540472297e-07,6.52540472297e-07
9.0,90.0,0.5,690.0,680.0,700.0,7.33007200381e-07,7.33007200381e-07
9.0,90.0,0.5,710.0,700.0,720.0,7.74333642967e-07,7.74333642967e-07
9.0,90.0,0.5,730.0,720.0,740.0,7.85966822885e-07,7.85966822885e-07
9.0,90.0,0.5,750.0,740.0,760.0,7.4882469213e-07,7.4882469213e-07
9.0,90.0,0.5,770.0,760.0,780.0,7.39730734884e-07,7.39730734884e-07
9.0,90.0,1.0,390.0,380.0,400.0,6.88676256983e-07,6.88676256983e-07
9.0,90.0,1.0,410.0,400.0,420.0,1.15155102583e-06,1.15155102583e-06
9.0,90.0,1.0,430.0,420.0,440.0,1.14373739009e-06,1.14373739009e-06
9.0,90.0,1.0,450.0,440.0,460.0,1.34786317965e-06,1.34786317965e-06
9.0,90.0,1.0,470.0,460.0,480.0,1.33322776346e-06,1.33322776346e-06
9.0,90.0,1.0,490.0,480.0,500.0,1.17295933221e-06,1.17295933221e-06
9.0,90.0,1.0,510.0,500.0,520.0,9.35809703839e-07,9.35809703839e-07
9.0,90.0,1.0,530.0,520.0,540.0,7.02733837159e-07,7.02733837159e-07
9.0,90.0,1.0,550.0,540.0,560.0,5.75399644267e-07,5.75399644267e-07
9.0,90.0,1.0,570.0,560.0,580.0,4.03221236335e-07,4.03221236335e-07
9.0,90.0,1.0,590.0,580.0,600.0,4.0691880635e-07,4.0691880635e-07
9.0,90.0,1.0,610.0,600.0,620.0,3.52169886354e-07,3.52169886354e-07
9.0,90.0,1.0,630.0,620.0,640.0,4.57275632528e-07,4.57275632528e-07
9.0,90.0,1.0,650.0,640.0,660.0,5.75215806581e-07,5.75215806581e-07
9.0,90.0,1.0,670.0,660.0,680.0,7.03778906472e-07,7.03778906472e-07
9.0,90.0,1.0,690.0,680.0,700.0,7.87084616155e-07,7.87084616155e-07
9.0,90.0,1.0,710.0,700.0,720.0,8.27516967104e-07,8.27516967104e-07
9.0,90.0,1.0,730.0,720.0,740.0,8.35725083703e-07,8.35725083703e-07
9.0,90.0,1.0,750.0,740.0,760.0,7.91932072671e-07,7.91932072671e-07
9.0,90.0,1.0,770.0,760.0,780.0,7.78303833652e-07,7.78303833652e-07
9.0,90.0,2.0,390.0,380.0,400.0,7.45500546338e-07,7.45500546338e-07
9.0,90.0,2.0,410.0,400.0,420.0,1.26008209408e-06,1.26008209408e-06
9.0,90.0,2.0,430.0,420.0,440.0,1.26366228787e-06,1.26366228787e-06
9.0,90.0,2.0,450.0,440.0,460.0,1.50001873783e-06,1.50001873783e-06
9.0,90.0,2.0,470.0,460.0,480.0,1.48948095072e-06,1.48948095072e-06
9.0,90.0,2.0,490.0,480.0,500.0,1.31053659453e-06,1.31053659453e-06
9.0,90.0,2.0,510.0,500.0,520.0,1.04174795075e-06,1.04174795075e-06
9.0,90.0,2.0,530.0,520.0,540.0,7.76785369126e-07,7.76785369126e-07
9.0,90.0,2.0,550.0,540.0,560.0,6.3047869705e-07,6.3047869705e-07
9.0,90.0,2.0,570.0,560.0,580.0,4.36878473652e-07,4.36878473652e-07
9.0,90.0,2.0,590.0,580.0,600.0,4.37022097035e-07,4.37022097035e-07
9.0,90.0,2.0,610.0,600.0,620.0,3.74561772262e-07,3.74561772262e-07
9.0,90.0,2.0,630.0,620.0,640.0,4.84080328191e-07,4.84080328191e-07
9.0,90.0,2.0,650.0,640.0,660.0,6.06259290527e-07,6.06259290527e-07
9.0,90.0,2.0,670.0,660.0,680.0,7.38099724374e-07,7.38099724374e-07
9.0,90.0,2.0,690.0,680.0,700.0,8.21012489372e-07,8.21012489372e-07
9.0,90.0,2.0,710.0,700.0,720.0,8.58258626397e-07,8.58258626397e-07
9.0,90.0,2.0,730.0,720.0,740.0,8.61653779615e-07,8.61653779615e-07
9.0,90.0,2.0,750.0,740.0,760.0,8.1152951488e-07,8.1152951488e-07
9.0,90.0,2.0,770.0,760.0,780.0,7.92962947971e-07,7.92962947971e-07
9.0,90.0,3.0,390.0,380.0,400.0,8.03224418597e-07,8.03224418597e-07
9.0,90.0,3.0,410.0,400.0,420.0,1.36595476707e-06,1.36595476707e-06
9.0,90.0,3.0,430.0,420.0,440.0,1.37341384562e-06,1.37341384562e-06
9.0,90.0,3.0,450.0,440.0,460.0,1.62795432665e-06,1.62795432665e-06
9.0,90.0,3.0,470.0,460.0,480.0,1.60816093095e-06,1.60816093095e-06
9.0,90.0,3.0,490.0,480.0,500.0,1.4035967614e-06,1.4035967614e-06
9.0,90.0,3.0,510.0,500.0,520.0,1.10466902512e-06,1.10466902512e-06
9.0,90.0,3.0,530.0,520.0,540.0,8.14686144459e-07,8.14686144459e-07
9.0,90.0,3.0,550.0,540.0,560.0,6.54374538644e-07,6.54374538644e-07
9.0,90.0,3.0,570.0,560.0,580.0,4.48599627179e-07,4.48599627179e-07
9.0,90.0,3.0,590.0,580.0,600.0,4.45593715198e-07,4.45593715198e-07
9.0,90.0,3.0,610.0,600.0,620.0,3.79353362938e-07,3.79353362938e-07
9.0,90.0,3.0,630.0,620.0,640.0,4.89048130636e-07,4.89048130636e-07
9.0,90.0,3.0,650.0,640.0,660.0,6.10864308862e-07,6.10864308862e-07
9.0,90.0,3.0,670.0,660.0,680.0,7.41312689678e-07,7.41312689678e-07
9.0,90.0,3.0,690.0,680.0,700.0,8.21654139403e-07,8.21654139403e-07
9.0,90.0,3.0,710.0,700.0,720.0,8.557574244e-07,8.557574244e-07
9.0,90.0,3.0,730.0,720.0,740.0,8.55990083686e-07,8.55990083686e-07
9.0,90.0,3.0,750.0,740.0,760.0,8.03442614035e-07,8.03442614035e-07
9.0,90.0,3.0,770.0,760.0,780.0,7.82312465925e-07,7.82312465925e-07
9.0,90.0,5.0,390.0,380.0,400.0,9.08152807286e-07,9.08152807286e-07
9.0,90.0,5.0,410.0,400.0,420.0,1.53652392718e-06,1.53652392718e-06
9.0,90.0,5.0,430.0,420.0,440.0,1.52541557763e-06,1.52541557763e-06
9.0,90.0,5.0,450.0,440.0,460.0,1.77562969196e-06,1.77562969196e-06
9.0,90.0,5.0,470.0,460.0,480.0,1.71763487154e-06,1.71763487154e-06
9.0,90.0,5.0,490.0,480.0,500.0,1.46722249281e-06,1.46722249281e-06
9.0,90.0,5.0,510.0,500.0,520.0,1.13142442785e-06,1.13142442785e-06
9.0,90.0,5.0,530.0,520.0,540.0,8.19277312313e-07,8.19277312313e-07
9.0,90.0,5.0,550.0,540.0,560.0,6.48463950329e-07,6.48463950329e-07
9.0,90.0,5.0,570.0,560.0,580.0,4.3896327372e-07,4.3896327372e-07
9.0,90.0,5.0,590.0,580.0,600.0,4.33177048261e-07,4.33177048261e-07
9.0,90.0,5.0,610.0,600.0,620.0,3.66936815066e-07,3.66936815066e-07
9.0,90.0,5.0,630.0,620.0,640.0,4.72381156353e-07,4.72381156353e-07
9.0,90.0,5.0,650.0,640.0,660.0,5.88259548665e-07,5.88259548665e-07
9.0,90.0,5.0,670.0,660.0,680.0,7.10799872174e-07,7.10799872174e-07
9.0,90.0,5.0,690.0,680.0,700.0,7.84025599499e-07,7.84025599499e-07
9.0,90.0,5.0,710.0,700.0,720.0,8.12567588715e-07,8.12567588715e-07
9.0,90.0,5.0,730.0,720.0,740.0,8.0904021662e-07,8.0904021662e-07
9.0,90.0,5.0,750.0,740.0,760.0,7.56643253621e-07,7.56643253621e-07
9.0,90.0,5.0,770.0,760.0,780.0,7.33496059492e-07,7.33496059492e-07
9.0,90.0,8.0,390.0,380.0,400.0,1.00677259998e-06,1.00677259998e-06
9.0,90.0,8.0,410.0,400.0,420.0,1.65405302913e-06,1.65405302913e-06
9.0,90.0,8.0,430.0,420.0,440.0,1.59011080958e-06,1.59011080958e-06
9.0,90.0,8.0,450.0,440.0,460.0,1.79343970939e-06,1.79343970939e-06
9.0,90.0,8.0,470.0,460.0,480.0,1.6858251228e-06,1.6858251228e-06
9.0,90.0,8.0,490.0,480.0,500.0,1.40520634983e-06,1.40520634983e-06
9.0,90.0,8.0,510.0,500.0,520.0,1.06255144136e-06,1.06255144136e-06
9.0,90.0,8.0,530.0,520.0,540.0,7.58263023444e-07,7.58263023444e-07
9.0,90.0,8.0,550.0,540.0,560.0,5.94395239582e-07,5.94395239582e-07
9.0,90.0,8.0,570.0,560.0,580.0,4.00044103795e-07,4.00044103795e-07
9.0,90.0,8.0,590.0,580.0,600.0,3.94063725325e-07,3.94063725325e-07
9.0,90.0,8.0,610.0,600.0,620.0,3.33875797337e-07,3.33875797337e-07
9.0,90.0,8.0,630.0,620.0,640.0,4.29181848818e-07,4.29181848818e-07
9.0,90.0,8.0,650.0,640.0,660.0,5.32098611358e-07,5.32098611358e-07
9.0,90.0,8.0,670.0,660.0,680.0,6.39297054266e-07,6.39297054266e-07
9.0,90.0,8.0,690.0,680.0,700.0,7.01029611936e-07,7.01029611936e-07
9.0,90.0,8.0,710.0,700.0,720.0,7.22513667813e-07,7.22513667813e-07
9.0,90.0,8.0,730.0,720.0,740.0,7.15854312556e-07,7.15854312556e-07
9.0,90.0,8.0,750.0,740.0,760.0,6.67310797239e-07,6.67310797239e-07
9.0,90.0,8.0,770.0,760.0,780.0,6.43940002588e-07,6.43940002588e-07
9.0,90.0,12.0,390.0,380.0,400.0,1.03745681465e-06,1.03745681465e-06
9.0,90.0,12.0,410.0,400.0,420.0,1.63961314413e-06,1.63961314413e-06
9.0,90.0,12.0,430.0,420.0,440.0,1.52253454649e-06,1.52253454649e-06
9.0,90.0,12.0,450.0,440.0,460.0,1.6674076858e-06,1.6674076858e-06
9.0,90.0,12.0,470.0,460.0,480.0,1.5303026837e-06,1.5303026837e-06
9.0,90.0,12.0,490.0,480.0,500.0,1.25215384218e-06,1.25215384218e-06
9.0,90.0,12.0,510.0,500.0,520.0,9.3431741151e-07,9.3431741151e-07
9.0,90.0,12.0,530.0,520.0,540.0,6.61209597318e-07,6.61209597318e-07
9.0,90.0,12.0,550.0,540.0,560.0,5.15923929846e-07,5.15923929846e-07
9.0,90.0,12.0,570.0,560.0,580.0,3.46932597154e-07,3.46932597154e-07
9.0,90.0,12.0,590.0,580.0,600.0,3.41658269864e-07,3.41658269864e-07
9.0,90.0,12.0,610.0,600.0,620.0,2.89903000164e-07,2.89903000164e-07
9.0,90.0,12.0,630.0,620.0,640.0,3.71325974291e-07,3.71325974291e-07
9.0,90.0,12.0,650.0,640.0,660.0,4.57575611301e-07,4.57575611301e-07
9.0,90.0,12.0,670.0,660.0,680.0,5.46148825716e-07,5.46148825716e-07
9.0,90.0,12.0,690.0,680.0,700.0,5.95134942483e-07,5.95134942483e-07
9.0,90.0,12.0,710.0,700.0,720.0,6.09891143114e-07,6.09891143114e-07
9.0,90.0,12.0,730.0,720.0,740.0,6.01324639238e-07,6.01324639238e-07
9.0,90.0,12.0,750.0,740.0,760.0,5.58716966775e-07,5.58716966775e-07
9.0,90.0,12.0,770.0,760.0,780.0,5.36784628593e-07,5.36784628593e-07
9.0,90.0,20.0,390.0,380.0,400.0,9.57570988542e-07,9.57570988542e-07
9.0,90.0,20.0,410.0,400.0,420.0,1.44218946536e-06,1.44218946536e-06
9.0,90.0,20.0,430.0,420.0,440.0,1.28819341402e-06,1.28819341402e-06
9.0,90.0,20.0,450.0,440.0,460.0,1.36836946349e-06,1.36836946349e-06
9.0,90.0,20.0,470.0,460.0,480.0,1.22693126194e-06,1.22693126194e-06
9.0,90.0,20.0,490.0,480.0,500.0,9.86923525511e-07,9.86923525511e-07
9.0,90.0,20.0,510.0,500.0,520.0,7.28006874974e-07,7.28006874974e-07
9.0,90.0,20.0,530.0,520.0,540.0,5.11928717409e-07,5.11928717409e-07
9.0,90.0,20.0,550.0,540.0,560.0,3.98087355207e-07,3.98087355207e-07
9.0,90.0,20.0,570.0,560.0,580.0,2.67850254149e-07,2.67850254149e-07
9.0,90.0,20.0,590.0,580.0,600.0,2.63439248793e-07,2.63439248793e-07
9.0,90.0,20.0,610.0,600.0,620.0,2.23666150757e-07,2.23666150757e-07
9.0,90.0,20.0,630.0,620.0,640.0,2.84540701265e-07,2.84540701265e-07
9.0,90.0,20.0,650.0,640.0,660.0,3.47555117889e-07,3.47555117889e-07
9.0,90.0,20.0,670.0,660.0,680.0,4.11254585368e-07,4.11254585368e-07
9.0,90.0,20.0,690.0,680.0,700.0,4.44616202075e-07,4.44616202075e-07
9.0,90.0,20.0,710.0,700.0,720.0,4.52458692106e-07,4.52458692106e-07
9.0,90.0,20.0,730.0,720.0,740.0,4.43435359271e-07,4.43435359271e-07
9.0,90.0,20.0,750.0,740.0,760.0,4.10263882879e-07,4.10263882879e-07
9.0,90.0,20.0,770.0,760.0,780.0,3.92087700209e-07,3.92087700209e-07
9.0,90.0,30.0,390.0,380.0,400.0,8.23045956445e-07,8.23045956445e-07
9.0,90.0,30.0,410.0,400.0,420.0,1.20261691525e-06,1.20261691525e-06
9.0,90.0,30.0,430.0,420.0,440.0,1.04957646114e-06,1.04957646114e-06
9.0,90.0,30.0,450.0,440.0,460.0,1.09555240304e-06,1.09555240304e-06
9.0,90.0,30.0,470.0,460.0,480.0,9.69671870628e-07,9.69671870628e-07
9.0,90.0,30.0,490.0,480.0,500.0,7.72802935674e-07,7.72802935674e-07
9.0,90.0,30.0,510.0,500.0,520.0,5.66621549969e-07,5.66621549969e-07
9.0,90.0,30.0,530.0,520.0,540.0,3.97173522565e-07,3.97173522565e-07
9.0,90.0,30.0,550.0,540.0,560.0,3.08278702141e-07,3.08278702141e-07
9.0,90.0,30.0,570.0,560.0,580.0,2.07513132003e-07,2.07513132003e-07
9.0,90.0,30.0,590.0,580.0,600.0,2.03795181172e-07,2.03795181172e-07
9.0,90.0,30.0,610.0,600.0,620.0,1.72971181721e-07,1.72971181721e-07
9.0,90.0,30.0,630.0,620.0,640.0,2.18935406984e-07,2.18935406984e-07
9.0,90.0,30.0,650.0,640.0,660.0,2.65849658508e-07,2.65849658508e-07
9.0,90.0,30.0,670.0,660.0,680.0,3.12837206965e-07,3.12837206965e-07
9.0,90.0,30.0,690.0,680.0,700.0,3.36547118504e-07,3.36547118504e-07
9.0,90.0,30.0,710.0,700.0,720.0,3.40998662404e-07,3.40998662404e-07
9.0,90.0,30.0,730.0,720.0,740.0,3.32956958419e-07,3.32956958419e-07
9.0,90.0,30.0,750.0,740.0,760.0,3.0720986895e-07,3.0720986895e-07
9.0,90.0,30.0,770.0,760.0,780.0,2.92652720525e-07,2.92652720525e-07
9.0,90.0,45.0,390.0,380.0,400.0,6.74177710226e-07,6.74177710226e-07
9.0,90.0,45.0,410.0,400.0,420.0,9.63207947245e-07,9.63207947245e-07
9.0,90.0,45.0,430.0,420.0,440.0,8.2645701887e-07,8.2645701887e-07
9.0,90.0,45.0,450.0,440.0,460.0,8.51734374597e-07,8.51734374597e-07
9.0,90.0,45.0,470.0,460.0,480.0,7.46831529855e-07,7.46831529855e-07
9.0,90.0,45.0,490.0,480.0,500.0,5.91250856901e-07,5.91250856901e-07
9.0,90.0,45.0,510.0,500.0,520.0,4.31634719309e-07,4.31634719309e-07
9.0,90.0,45.0,530.0,520.0,540.0,3.0187525119e-07,3.0187525119e-07
9.0,90.0,45.0,550.0,540.0,560.0,2.3403006536e-07,2.3403006536e-07
9.0,90.0,45.0,570.0,560.0,580.0,1.57603052714e-07,1.57603052714e-07
9.0,90.0,45.0,590.0,580.0,600.0,1.54661043404e-07,1.54661043404e-07
9.0,90.0,45.0,610.0,600.0,620.0,1.31273027659e-07,1.31273027659e-07
9.0,90.0,45.0,630.0,620.0,640.0,1.65627743171e-07,1.65627743171e-07
9.0,90.0,45.0,650.0,640.0,660.0,2.00362521352e-07,2.00362521352e-07
9.0,90.0,45.0,670.0,660.0,680.0,2.34943659337e-07,2.34943659337e-07
9.0,90.0,45.0,690.0,680.0,700.0,2.51959432444e-07,2.51959432444e-07
9.0,90.0,45.0,710.0,700.0,720.0,2.54596934098e-07,2.54596934098e-07
9.0,90.0,45.0,730.0,720.0,740.0,2.48020456371e-07,2.48020456371e-07
9.0,90.0,45.0,750.0,740.0,760.0,2.28467673298e-07,2.28467673298e-07
9.0,90.0,45.0,770.0,760.0,780.0,2.17210307689e-07,2.17210307689e-07
9.0,90.0,60.0,390.0,380.0,400.0,5.63415402682e-07,5.63415402682e-07
9.0,90.0,60.0,410.0,400.0,420.0,7.93954889679e-07,7.93954889679e-07
9.0,90.0,60.0,430.0,420.0,440.0,6.74190569523e-07,6.74190569523e-07
9.0,90.0,60.0,450.0,440.0,460.0,6.89560490945e-07,6.89560490945e-07
9.0,90.0,60.0,470.0,460.0,480.0,6.01527633393e-07,6.01527633393e-07
9.0,90.0,60.0,490.0,480.0,500.0,4.74807855526e-07,4.74807855526e-07
9.0,90.0,60.0,510.0,500.0,520.0,3.46297766808e-07,3.46297766808e-07
9.0,90.0,60.0,530.0,520.0,540.0,2.42394842724e-07,2.42394842724e-07
9.0,90.0,60.0,550.0,540.0,560.0,1.88316963784e-07,1.88316963784e-07
9.0,90.0,60.0,570.0,560.0,580.0,1.27219200026e-07,1.27219200026e-07
9.0,90.0,60.0,590.0,580.0,600.0,1.25267321786e-07,1.25267321786e-07
9.0,90.0,60.0,610.0,600.0,620.0,1.06703727797e-07,1.06703727797e-07
9.0,90.0,60.0,630.0,620.0,640.0,1.34883132083e-07,1.34883132083e-07
9.0,90.0,60.0,650.0,640.0,660.0,1.63308360101e-07,1.63308360101e-07
9.0,90.0,60.0,670.0,660.0,680.0,1.9159418927e-07,1.9159418927e-07
9.0,90.0,60.0,690.0,680.0,700.0,2.0556977094e-07,2.0556977094e-07
9.0,90.0,60.0,710.0,700.0,720.0,2.0783301383e-07,2.0783301383e-07
9.0,90.0,60.0,730.0,720.0,740.0,2.02595134794e-07,2.02595134794e-07
9.0,90.0,60.0,750.0,740.0,760.0,1.8680296169e-07,1.8680296169e-07
9.0,90.0,60.0,770.0,760.0,780.0,1.77694055269e-07,1.77694055269e-07
9.0,90.0,90.0,390.0,380.0,400.0,4.51511614506e-07,4.51511614506e-07
9.0,90.0,90.0,410.0,400.0,420.0,6.17260682323e-07,6.17260682323e-07
9.0,90.0,90.0,430.0,420.0,440.0,5.09575573215e-07,5.09575573215e-07
9.0,90.0,90.0,450.0,440.0,460.0,5.08221136192e-07,5.08221136192e-07
9.0,90.0,90.0,470.0,460.0,480.0,4.3410772169e-07,4.3410772169e-07
9.0,90.0,90.0,490.0,480.0,500.0,3.372669387e-07,3.372669387e-07
9.0,90.0,90.0,510.0,500.0,520.0,2.43535232241e-07,2.43535232241e-07
9.0,90.0,90.0,530.0,520.0,540.0,1.6978207498e-07,1.6978207498e-07
9.0,90.0,90.0,550.0,540.0,560.0,1.32291668387e-07,1.32291668387e-07
9.0,90.0,90.0,570.0,560.0,580.0,8.99490250418e-08,8.99490250418e-08
9.0,90.0,90.0,590.0,580.0,600.0,8.97437798001e-08,8.97437798001e-08
9.0,90.0,90.0,610.0,600.0,620.0,7.74807425039e-08,7.74807425039e-08
9.0,90.0,90.0,630.0,620.0,640.0,9.92417198748e-08,9.92417198748e-08
9.0,90.0,90.0,650.0,640.0,660.0,1.2128779277e-07,1.2128779277e-07
9.0,90.0,90.0,670.0,660.0,680.0,1.43371231444e-07,1.43371231444e-07
9.0,90.0,90.0,690.0,680.0,700.0,1.54885468974e-07,1.54885468974e-07
9.0,90.0,90.0,710.0,700.0,720.0,1.57630456311e-07,1.57630456311e-07
9.0,90.0,90.0,730.0,720.0,740.0,1.54682105151e-07,1.54682105151e-07
9.0,90.0,90.0,750.0,740.0,760.0,1.43659925562e-07,1.43659925562e-07
9.0,90.0,90.0,770.0,760.0,780.0,1.37473454106e-07,1.37473454106e-07
9.0,180.0,0.0,390.0,380.0,400.0,5.97913325632e-07,5.97913325632e-07
9.0,180.0,0.0,410.0,400.0,420.0,9.68671904354e-07,9.68671904354e-07
9.0,180.0,0.0,430.0,420.0,440.0,9.24695722091e-07,9.24695722091e-07
9.0,180.0,0.0,450.0,440.0,460.0,1.04013827985e-06,1.04013827985e-06
9.0,180.0,0.0,470.0,460.0,480.0,9.76766867171e-07,9.76766867171e-07
9.0,180.0,0.0,490.0,480.0,500.0,8.12855200811e-07,8.12855200811e-07
9.0,180.0,0.0,510.0,500.0,520.0,6.12280192928e-07,6.12280192928e-07
9.0,180.0,0.0,530.0,520.0,540.0,4.34005302278e-07,4.34005302278e-07
9.0,180.0,0.0,550.0,540.0,560.0,3.35534869961e-07,3.35534869961e-07
9.0,180.0,0.0,570.0,560.0,580.0,2.22544304207e-07,2.22544304207e-07
9.0,180.0,0.0,590.0,580.0,600.0,2.12529580699e-07,2.12529580699e-07
9.0,180.0,0.0,610.0,600.0,620.0,1.74581992451e-07,1.74581992451e-07
9.0,180.0,0.0,630.0,620.0,640.0,2.14565872283e-07,2.14565872283e-07
9.0,180.0,0.0,650.0,640.0,660.0,2.55607632837e-07,2.55607632837e-07
9.0,180.0,0.0,670.0,660.0,680.0,2.96659038821e-07,2.96659038821e-07
9.0,180.0,0.0,690.0,680.0,700.0,3.15403378933e-07,3.15403378933e-07
9.0,180.0,0.0,710.0,700.0,720.0,3.1600985349e-07,3.1600985349e-07
9.0,180.0,0.0,730.0,720.0,740.0,3.04958425923e-07,3.04958425923e-07
9.0,180.0,0.0,750.0,740.0,760.0,2.77124717384e-07,2.77124717384e-07
9.0,180.0,0.0,770.0,760.0,780.0,2.61441301026e-07,2.61441301026e-07
9.0,180.0,0.5,390.0,380.0,400.0,6.27412923274e-07,6.27412923274e-07
9.0,180.0,0.5,410.0,400.0,420.0,1.01744305957e-06,1.01744305957e-06
9.0,180.0,0.5,430.0,420.0,440.0,9.72498767371e-07,9.72498767371e-07
9.0,180.0,0.5,450.0,440.0,460.0,1.09545437651e-06,1.09545437651e-06
9.0,180.0,0.5,470.0,460.0,480.0,1.03010108815e-06,1.03010108815e-06
9.0,180.0,0.5,490.0,480.0,500.0,8.58193146092e-07,8.58193146092e-07
9.0,180.0,0.5,510.0,500.0,520.0,6.46890495252e-07,6.46890495252e-07
9.0,180.0,0.5,530.0,520.0,540.0,4.5861707629e-07,4.5861707629e-07
9.0,180.0,0.5,550.0,540.0,560.0,3.54402643403e-07,3.54402643403e-07
9.0,180.0,0.5,570.0,560.0,580.0,2.34790377732e-07,2.34790377732e-07
9.0,180.0,0.5,590.0,580.0,600.0,2.23806567598e-07,2.23806567598e-07
9.0,180.0,0.5,610.0,600.0,620.0,1.83370459055e-07,1.83370459055e-07
9.0,180.0,0.5,630.0,620.0,640.0,2.24651772368e-07,2.24651772368e-07
9.0,180.0,0.5,650.0,640.0,660.0,2.66635545785e-07,2.66635545785e-07
9.0,180.0,0.5,670.0,660.0,680.0,3.08152994161e-07,3.08152994161e-07
9.0,180.0,0.5,690.0,680.0,700.0,3.26071978035e-07,3.26071978035e-07
9.0,180.0,0.5,710.0,700.0,720.0,3.24996216282e-07,3.24996216282e-07
9.0,180.0,0.5,730.0,720.0,740.0,3.11862728891e-07,3.11862728891e-07
9.0,180.0,0.5,750.0,740.0,760.0,2.81688073745e-07,2.81688073745e-07
9.0,180.0,0.5,770.0,760.0,780.0,2.64090200647e-07,2.64090200647e-07
9.0,180.0,1.0,390.0,380.0,400.0,6.48091938024e-07,6.48091938024e-07
9.0,180.0,1.0,410.0,400.0,420.0,1.05441330606e-06,1.05441330606e-06
9.0,180.0,1.0,430.0,420.0,440.0,1.01085235653e-06,1.01085235653e-06
9.0,180.0,1.0,450.0,440.0,460.0,1.14158155174e-06,1.14158155174e-06
9.0,180.0,1.0,470.0,460.0,480.0,1.07562172113e-06,1.07562172113e-06
9.0,180.0,1.0,490.0,480.0,500.0,8.97289237903e-07,8.97289237903e-07
9.0,180.0,1.0,510.0,500.0,520.0,6.76707432307e-07,6.76707432307e-07
9.0,180.0,1.0,530.0,520.0,540.0,4.79591092614e-07,4.79591092614e-07
9.0,180.0,1.0,550.0,540.0,560.0,3.70176309252e-07,3.70176309252e-07
9.0,180.0,1.0,570.0,560.0,580.0,2.44750246586e-07,2.44750246586e-07
9.0,180.0,1.0,590.0,580.0,600.0,2.32658819219e-07,2.32658819219e-07
9.0,180.0,1.0,610.0,600.0,620.0,1.89964777649e-07,1.89964777649e-07
9.0,180.0,1.0,630.0,620.0,640.0,2.3179781984e-07,2.3179781984e-07
9.0,180.0,1.0,650.0,640.0,660.0,2.7389521358e-07,2.7389521358e-07
9.0,180.0,1.0,670.0,660.0,680.0,3.1501104853e-07,3.1501104853e-07
9.0,180.0,1.0,690.0,680.0,700.0,3.31598137707e-07,3.31598137707e-07
9.0,180.0,1.0,710.0,700.0,720.0,3.28691330976e-07,3.28691330976e-07
9.0,180.0,1.0,730.0,720.0,740.0,3.13604715105e-07,3.13604715105e-07
9.0,180.0,1.0,750.0,740.0,760.0,2.81584639017e-07,2.81584639017e-07
9.0,180.0,1.0,770.0,760.0,780.0,2.62418122159e-07,2.62418122159e-07
9.0,180.0,2.0,390.0,380.0,400.0,6.90482243822e-07,6.90482243822e-07
9.0,180.0,2.0,410.0,400.0,420.0,1.12913313004e-06,1.12913313004e-06
9.0,180.0,2.0,430.0,420.0,440.0,1.08678313558e-06,1.08678313558e-06
9.0,180.0,2.0,450.0,440.0,460.0,1.23043998429e-06,1.23043998429e-06
9.0,180.0,2.0,470.0,460.0,480.0,1.16038779587e-06,1.16038779587e-06
9.0,180.0,2.0,490.0,480.0,500.0,9.67213363431e-07,9.67213363431e-07
9.0,180.0,2.0,510.0,500.0,520.0,7.2760586923e-07,7.2760586923e-07
9.0,180.0,2.0,530.0,520.0,540.0,5.13546362563e-07,5.13546362563e-07
9.0,180.0,2.0,550.0,540.0,560.0,3.94213423946e-07,3.94213423946e-07
9.0,180.0,2.0,570.0,560.0,580.0,2.58916781027e-07,2.58916781027e-07
9.0,180.0,2.0,590.0,580.0,600.0,2.44222208776e-07,2.44222208776e-07
9.0,180.0,2.0,610.0,600.0,620.0,1.97712035656e-07,1.97712035656e-07
9.0,180.0,2.0,630.0,620.0,640.0,2.39018196963e-07,2.39018196963e-07
9.0,180.0,2.0,650.0,640.0,660.0,2.79724392562e-07,2.79724392562e-07
9.0,180.0,2.0,670.0,660.0,680.0,3.18563265004e-07,3.18563265004e-07
9.0,180.0,2.0,690.0,680.0,700.0,3.319972939e-07,3.319972939e-07
9.0,180.0,2.0,710.0,700.0,720.0,3.25777389109e-07,3.25777389109e-07
9.0,180.0,2.0,730.0,720.0,740.0,3.07688327677e-07,3.07688327677e-07
9.0,180.0,2.0,750.0,740.0,760.0,2.73484275085e-07,2.73484275085e-07
9.0,180.0,2.0,770.0,760.0,780.0,2.52337079234e-07,2.52337079234e-07
9.0,180.0,3.0,390.0,380.0,400.0,7.33275808651e-07,7.33275808651e-07
9.0,180.0,3.0,410.0,400.0,420.0,1.20225899836e-06,1.20225899836e-06
9.0,180.0,3.0,430.0,420.0,440.0,1.15799569045e-06,1.15799569045e-06
9.0,180.0,3.0,450.0,440.0,460.0,1.30946863858e-06,1.30946863858e-06
9.0,180.0,3.0,470.0,460.0,480.0,1.23119507577e-06,1.23119507577e-06
9.0,180.0,3.0,490.0,480.0,500.0,1.02154575828e-06,1.02154575828e-06
9.0,180.0,3.0,510.0,500.0,520.0,7.64000394681e-07,7.64000394681e-07
9.0,180.0,3.0,530.0,520.0,540.0,5.35584716757e-07,5.35584716757e-07
9.0,180.0,3.0,550.0,540.0,560.0,4.08055264113e-07,4.08055264113e-07
9.0,180.0,3.0,570.0,560.0,580.0,2.6591010368e-07,2.6591010368e-07
9.0,180.0,3.0,590.0,580.0,600.0,2.48703371609e-07,2.48703371609e-07
9.0,180.0,3.0,610.0,600.0,620.0,1.99630600971e-07,1.99630600971e-07
9.0,180.0,3.0,630.0,620.0,640.0,2.39188595175e-07,2.39188595175e-07
9.0,180.0,3.0,650.0,640.0,660.0,2.77480925043e-07,2.77480925043e-07
9.0,180.0,3.0,670.0,660.0,680.0,3.13320231489e-07,3.13320231489e-07
9.0,180.0,3.0,690.0,680.0,700.0,3.23827333254e-07,3.23827333254e-07
9.0,180.0,3.0,710.0,700.0,720.0,3.15196134359e-07,3.15196134359e-07
9.0,180.0,3.0,730.0,720.0,740.0,2.95357602318e-07,2.95357602318e-07
9.0,180.0,3.0,750.0,740.0,760.0,2.6051949019e-07,2.6051949019e-07
9.0,180.0,3.0,770.0,760.0,780.0,2.38600885752e-07,2.38600885752e-07
9.0,180.0,5.0,390.0,380.0,400.0,8.14764232053e-07,8.14764232053e-07
9.0,180.0,5.0,410.0,400.0,420.0,1.3313983548e-06,1.3313983548e-06
9.0,180.0,5.0,430.0,420.0,440.0,1.27265607991e-06,1.27265607991e-06
9.0,180.0,5.0,450.0,440.0,460.0,1.42358950647e-06,1.42358950647e-06
9.0,180.0,5.0,470.0,460.0,480.0,1.3210955879e-06,1.3210955879e-06
9.0,180.0,5.0,490.0,480.0,500.0,1.08040196901e-06,1.08040196901e-06
9.0,180.0,5.0,510.0,500.0,520.0,7.95891703e-07,7.95891703e-07
9.0,180.0,5.0,530.0,520.0,540.0,5.49518160075e-07,5.49518160075e-07
9.0,180.0,5.0,550.0,540.0,560.0,4.12357013688e-07,4.12357013688e-07
9.0,180.0,5.0,570.0,560.0,580.0,2.6483915992e-07,2.6483915992e-07
9.0,180.0,5.0,590.0,580.0,600.0,2.4404209902e-07,2.4404209902e-07
9.0,180.0,5.0,610.0,600.0,620.0,1.93152372747e-07,1.93152372747e-07
9.0,180.0,5.0,630.0,620.0,640.0,2.28116079715e-07,2.28116079715e-07
9.0,180.0,5.0,650.0,640.0,660.0,2.61072195757e-07,2.61072195757e-07
9.0,180.0,5.0,670.0,660.0,680.0,2.91066326938e-07,2.91066326938e-07
9.0,180.0,5.0,690.0,680.0,700.0,2.97243024841e-07,2.97243024841e-07
9.0,180.0,5.0,710.0,700.0,720.0,2.86055890443e-07,2.86055890443e-07
9.0,180.0,5.0,730.0,720.0,740.0,2.65178965145e-07,2.65178965145e-07
9.0,180.0,5.0,750.0,740.0,760.0,2.31514182447e-07,2.31514182447e-07
9.0,180.0,5.0,770.0,760.0,780.0,2.09974920651e-07,2.09974920651e-07
9.0,180.0,8.0,390.0,380.0,400.0,9.09036110233e-07,9.09036110233e-07
9.0,180.0,8.0,410.0,400.0,420.0,1.45631516104e-06,1.45631516104e-06
9.0,180.0,8.0,430.0,420.0,440.0,1.3608296892e-06,1.3608296892e-06
9.0,180.0,8.0,450.0,440.0,460.0,1.48672532643e-06,1.48672532643e-06
9.0,180.0,8.0,470.0,460.0,480.0,1.34797953589e-06,1.34797953589e-06
9.0,180.0,8.0,490.0,480.0,500.0,1.07816708651e-06,1.07816708651e-06
9.0,180.0,8.0,510.0,500.0,520.0,7.77937788354e-07,7.77937788354e-07
9.0,180.0,8.0,530.0,520.0,540.0,5.26995407631e-07,5.26995407631e-07
9.0,180.0,8.0,550.0,540.0,560.0,3.88490769865e-07,3.88490769865e-07
9.0,180.0,8.0,570.0,560.0,580.0,2.45580323871e-07,2.45580323871e-07
9.0,180.0,8.0,590.0,580.0,600.0,2.22750178605e-07,2.22750178605e-07
9.0,180.0,8.0,610.0,600.0,620.0,1.73815265214e-07,1.73815265214e-07
9.0,180.0,8.0,630.0,620.0,640.0,2.02347645186e-07,2.02347645186e-07
9.0,180.0,8.0,650.0,640.0,660.0,2.28565377158e-07,2.28565377158e-07
9.0,180.0,8.0,670.0,660.0,680.0,2.51807013755e-07,2.51807013755e-07
9.0,180.0,8.0,690.0,680.0,700.0,2.54359750779e-07,2.54359750779e-07
9.0,180.0,8.0,710.0,700.0,720.0,2.42332289103e-07,2.42332289103e-07
9.0,180.0,8.0,730.0,720.0,740.0,2.22554048814e-07,2.22554048814e-07
9.0,180.0,8.0,750.0,740.0,760.0,1.92613799003e-07,1.92613799003e-07
9.0,180.0,8.0,770.0,760.0,780.0,1.73265942602e-07,1.73265942602e-07
9.0,180.0,12.0,390.0,380.0,400.0,9.44942095614e-07,9.44942095614e-07
9.0,180.0,12.0,410.0,400.0,420.0,1.46181178841e-06,1.46181178841e-06
9.0,180.0,12.0,430.0,420.0,440.0,1.3225619332e-06,1.3225619332e-06
9.0,180.0,12.0,450.0,440.0,460.0,1.40372440125e-06,1.40372440125e-06
9.0,180.0,12.0,470.0,460.0,480.0,1.24069622093e-06,1.24069622093e-06
9.0,180.0,12.0,490.0,480.0,500.0,9.70474555189e-07,9.70474555189e-07
9.0,180.0,12.0,510.0,500.0,520.0,6.86802126133e-07,6.86802126133e-07
9.0,180.0,12.0,530.0,520.0,540.0,4.57542227663e-07,4.57542227663e-07
9.0,180.0,12.0,550.0,540.0,560.0,3.32345639305e-07,3.32345639305e-07
9.0,180.0,12.0,570.0,560.0,580.0,2.07452332765e-07,2.07452332765e-07
9.0,180.0,12.0,590.0,580.0,600.0,1.8594751418e-07,1.8594751418e-07
9.0,180.0,12.0,610.0,600.0,620.0,1.4361784976e-07,1.4361784976e-07
9.0,180.0,12.0,630.0,620.0,640.0,1.65540873587e-07,1.65540873587e-07
9.0,180.0,12.0,650.0,640.0,660.0,1.85343451346e-07,1.85343451346e-07
9.0,180.0,12.0,670.0,660.0,680.0,2.02593549786e-07,2.02593549786e-07
9.0,180.0,12.0,690.0,680.0,700.0,2.03219059536e-07,2.03219059536e-07
9.0,180.0,12.0,710.0,700.0,720.0,1.92395111333e-07,1.92395111333e-07
9.0,180.0,12.0,730.0,720.0,740.0,1.75691482364e-07,1.75691482364e-07
9.0,180.0,12.0,750.0,740.0,760.0,1.51279275165e-07,1.51279275165e-07
9.0,180.0,12.0,770.0,760.0,780.0,1.35437282971e-07,1.35437282971e-07
9.0,180.0,20.0,390.0,380.0,400.0,8.74775226237e-07,8.74775226237e-07
9.0,180.0,20.0,410.0,400.0,420.0,1.28560696682e-06,1.28560696682e-06
9.0,180.0,20.0,430.0,420.0,440.0,1.11398033921e-06,1.11398033921e-06
9.0,180.0,20.0,450.0,440.0,460.0,1.14046312862e-06,1.14046312862e-06
9.0,180.0,20.0,470.0,460.0,480.0,9.78179926348e-07,9.78179926348e-07
9.0,180.0,20.0,490.0,480.0,500.0,7.46204026561e-07,7.46204026561e-07
9.0,180.0,20.0,510.0,500.0,520.0,5.17194482935e-07,5.17194482935e-07
9.0,180.0,20.0,530.0,520.0,540.0,3.38642527179e-07,3.38642527179e-07
9.0,180.0,20.0,550.0,540.0,560.0,2.4237471279e-07,2.4237471279e-07
9.0,180.0,20.0,570.0,560.0,580.0,1.49460379384e-07,1.49460379384e-07
9.0,180.0,20.0,590.0,580.0,600.0,1.32494370992e-07,1.32494370992e-07
9.0,180.0,20.0,610.0,600.0,620.0,1.01396831833e-07,1.01396831833e-07
9.0,180.0,20.0,630.0,620.0,640.0,1.15870376009e-07,1.15870376009e-07
9.0,180.0,20.0,650.0,640.0,660.0,1.28761294989e-07,1.28761294989e-07
9.0,180.0,20.0,670.0,660.0,680.0,1.39835316496e-07,1.39835316496e-07
9.0,180.0,20.0,690.0,680.0,700.0,1.3948250067e-07,1.3948250067e-07
9.0,180.0,20.0,710.0,700.0,720.0,1.31411975477e-07,1.31411975477e-07
9.0,180.0,20.0,730.0,720.0,740.0,1.19496472128e-07,1.19496472128e-07
9.0,180.0,20.0,750.0,740.0,760.0,1.0252085693e-07,1.0252085693e-07
9.0,180.0,20.0,770.0,760.0,780.0,9.14812314644e-08,9.14812314644e-08
9.0,180.0,30.0,390.0,380.0,400.0,7.4991301788e-07,7.4991301788e-07
9.0,180.0,30.0,410.0,400.0,420.0,1.06414296976e-06,1.06414296976e-06
9.0,180.0,30.0,430.0,420.0,440.0,8.96371099803e-07,8.96371099803e-07
9.0,180.0,30.0,450.0,440.0,460.0,8.9702022898e-07,8.9702022898e-07
9.0,180.0,30.0,470.0,460.0,480.0,7.55478247557e-07,7.55478247557e-07
9.0,180.0,30.0,490.0,480.0,500.0,5.68103127382e-07,5.68103127382e-07
9.0,180.0,30.0,510.0,500.0,520.0,3.89529704853e-07,3.89529704853e-07
9.0,180.0,30.0,530.0,520.0,540.0,2.531892592e-07,2.531892592e-07
9.0,180.0,30.0,550.0,540.0,560.0,1.80461750891e-07,1.80461750891e-07
9.0,180.0,30.0,570.0,560.0,580.0,1.11197548131e-07,1.11197548131e-07
9.0,180.0,30.0,590.0,580.0,600.0,9.87871272455e-08,9.87871272455e-08
9.0,180.0,30.0,610.0,600.0,620.0,7.60024924921e-08,7.60024924921e-08
9.0,180.0,30.0,630.0,620.0,640.0,8.74215045229e-08,8.74215045229e-08
9.0,180.0,30.0,650.0,640.0,660.0,9.78415499558e-08,9.78415499558e-08
9.0,180.0,30.0,670.0,660.0,680.0,1.07105402293e-07,1.07105402293e-07
9.0,180.0,30.0,690.0,680.0,700.0,1.07799683624e-07,1.07799683624e-07
9.0,180.0,30.0,710.0,700.0,720.0,1.02592006771e-07,1.02592006771e-07
9.0,180.0,30.0,730.0,720.0,740.0,9.43488935994e-08,9.43488935994e-08
9.0,180.0,30.0,750.0,740.0,760.0,8.20180212008e-08,8.20180212008e-08
9.0,180.0,30.0,770.0,760.0,780.0,7.41224277343e-08,7.41224277343e-08
9.0,180.0,45.0,390.0,380.0,400.0,6.14728988974e-07,6.14728988974e-07
9.0,180.0,45.0,410.0,400.0,420.0,8.50094100209e-07,8.50094100209e-07
9.0,180.0,45.0,430.0,420.0,440.0,7.01969360871e-07,7.01969360871e-07
9.0,180.0,45.0,450.0,440.0,460.0,6.92354039518e-07,6.92354039518e-07
9.0,180.0,45.0,470.0,460.0,480.0,5.77838179705e-07,5.77838179705e-07
9.0,180.0,45.0,490.0,480.0,500.0,4.33210917143e-07,4.33210917143e-07
9.0,180.0,45.0,510.0,500.0,520.0,2.98260932318e-07,2.98260932318e-07
9.0,180.0,45.0,530.0,520.0,540.0,1.96278363132e-07,1.96278363132e-07
9.0,180.0,45.0,550.0,540.0,560.0,1.42912987837e-07,1.42912987837e-07
9.0,180.0,45.0,570.0,560.0,580.0,9.07407900332e-08,9.07407900332e-08
9.0,180.0,45.0,590.0,580.0,600.0,8.38281593838e-08,8.38281593838e-08
9.0,180.0,45.0,610.0,600.0,620.0,6.74993123823e-08,6.74993123823e-08
9.0,180.0,45.0,630.0,620.0,640.0,8.12391518127e-08,8.12391518127e-08
9.0,180.0,45.0,650.0,640.0,660.0,9.47296523697e-08,9.47296523697e-08
9.0,180.0,45.0,670.0,660.0,680.0,1.07823092953e-07,1.07823092953e-07
9.0,180.0,45.0,690.0,680.0,700.0,1.12773798705e-07,1.12773798705e-07
9.0,180.0,45.0,710.0,700.0,720.0,1.11534482259e-07,1.11534482259e-07
9.0,180.0,45.0,730.0,720.0,740.0,1.06649206448e-07,1.06649206448e-07
9.0,180.0,45.0,750.0,740.0,760.0,9.66318783424e-08,9.66318783424e-08
9.0,180.0,45.0,770.0,760.0,780.0,9.06324456242e-08,9.06324456242e-08
9.0,180.0,60.0,390.0,380.0,400.0,4.99077219915e-07,4.99077219915e-07
9.0,180.0,60.0,410.0,400.0,420.0,6.80496911568e-07,6.80496911568e-07
9.0,180.0,60.0,430.0,420.0,440.0,5.57363321149e-07,5.57363321149e-07
9.0,180.0,60.0,450.0,440.0,460.0,5.48507619326e-07,5.48507619326e-07
9.0,180.0,60.0,470.0,460.0,480.0,4.59624189514e-07,4.59624189514e-07
9.0,180.0,60.0,490.0,480.0,500.0,3.48268192506e-07,3.48268192506e-07
9.0,180.0,60.0,510.0,500.0,520.0,2.43992702649e-07,2.43992702649e-07
9.0,180.0,60.0,530.0,520.0,540.0,1.64431043175e-07,1.64431043175e-07
9.0,180.0,60.0,550.0,540.0,560.0,1.23400976049e-07,1.23400976049e-07
9.0,180.0,60.0,570.0,560.0,580.0,8.0963845521e-08,8.0963845521e-08
9.0,180.0,60.0,590.0,580.0,600.0,7.77080726722e-08,7.77080726722e-08
9.0,180.0,60.0,610.0,600.0,620.0,6.48910916759e-08,6.48910916759e-08
9.0,180.0,60.0,630.0,620.0,640.0,8.07427875564e-08,8.07427875564e-08
9.0,180.0,60.0,650.0,640.0,660.0,9.66246498567e-08,9.66246498567e-08
9.0,180.0,60.0,670.0,660.0,680.0,1.12353020518e-07,1.12353020518e-07
9.0,180.0,60.0,690.0,680.0,700.0,1.19708532883e-07,1.19708532883e-07
9.0,180.0,60.0,710.0,700.0,720.0,1.20364404136e-07,1.20364404136e-07
9.0,180.0,60.0,730.0,720.0,740.0,1.16833521871e-07,1.16833521871e-07
9.0,180.0,60.0,750.0,740.0,760.0,1.07389746668e-07,1.07389746668e-07
9.0,180.0,60.0,770.0,760.0,780.0,1.01902654939e-07,1.01902654939e-07
9.0,180.0,90.0,390.0,380.0,400.0,4.51511614506e-07,4.51511614506e-07
9.0,180.0,90.0,410.0,400.0,420.0,6.17260682322e-07,6.17260682322e-07
9.0,180.0,90.0,430.0,420.0,440.0,5.09575573209e-07,5.09575573209e-07
9.0,180.0,90.0,450.0,440.0,460.0,5.08221136174e-07,5.08221136174e-07
9.0,180.0,90.0,470.0,460.0,480.0,4.34107721654e-07,4.34107721654e-07
9.0,180.0,90.0,490.0,480.0,500.0,3.37266938644e-07,3.37266938644e-07
9.0,180.0,90.0,510.0,500.0,520.0,2.43535232167e-07,2.43535232167e-07
9.0,180.0,90.0,530.0,520.0,540.0,1.69782074889e-07,1.69782074889e-07
9.0,180.0,90.0,550.0,540.0,560.0,1.3229166828e-07,1.3229166828e-07
9.0,180.0,90.0,570.0,560.0,580.0,8.99490249322e-08,8.99490249322e-08
9.0,180.0,90.0,590.0,580.0,600.0,8.97437796759e-08,8.97437796759e-08
9.0,180.0,90.0,610.0,600.0,620.0,7.74807423779e-08,7.74807423779e-08
9.0,180.0,90.0,630.0,620.0,640.0,9.92417197353e-08,9.92417197353e-08
9.0,180.0,90.0,650.0,640.0,660.0,1.21287792632e-07,1.21287792632e-07
9.0,180.0,90.0,670.0,660.0,680.0,1.43371231314e-07,1.43371231314e-07
9.0,180.0,90.0,690.0,680.0,700.0,1.54885468863e-07,1.54885468863e-07
9.0,180.0,90.0,710.0,700.0,720.0,1.5763045622e-07,1.5763045622e-07
9.0,180.0,90.0,730.0,720.0,740.0,1.54682105078e-07,1.54682105078e-07
9.0,180.0,90.0,750.0,740.0,760.0,1.43659925499e-07,1.43659925499e-07
9.0,180.0,90.0,770.0,760.0,780.0,1.37473454058e-07,1.37473454058e-07
12.0,0.0,0.0,390.0,380.0,400.0,2.93431600469e-08,2.93431600469e-08
12.0,0.0,0.0,410.0,400.0,420.0,5.44310901129e-08,5.44310901129e-08
12.0,0.0,0.0,430.0,420.0,440.0,6.04387697683e-08,6.04387697683e-08
12.0,0.0,0.0,450.0,440.0,460.0,8.14342505004e-08,8.14342505004e-08
12.0,0.0,0.0,470.0,460.0,480.0,9.82945506124e-08,9.82945506124e-08
12.0,0.0,0.0,490.0,480.0,500.0,1.19038388329e-07,1.19038388329e-07
12.0,0.0,0.0,510.0,500.0,520.0,1.48665260383e-07,1.48665260383e-07
12.0,0.0,0.0,530.0,520.0,540.0,1.87207798481e-07,1.87207798481e-07
12.0,0.0,0.0,550.0,540.0,560.0,2.63954219915e-07,2.63954219915e-07
12.0,0.0,0.0,570.0,560.0,580.0,3.02164521456e-07,3.02164521456e-07
12.0,0.0,0.0,590.0,580.0,600.0,5.03840883415e-07,5.03840883415e-07
12.0,0.0,0.0,610.0,600.0,620.0,6.70695729156e-07,6.70695729156e-07
12.0,0.0,0.0,630.0,620.0,640.0,1.34336117373e-06,1.34336117373e-06
12.0,0.0,0.0,650.0,640.0,660.0,2.46372543913e-06,2.46372543913e-06
12.0,0.0,0.0,670.0,660.0,680.0,4.17403945381e-06,4.17403945381e-06
12.0,0.0,0.0,690.0,680.0,700.0,6.19581850339e-06,6.19581850339e-06
12.0,0.0,0.0,710.0,700.0,720.0,8.34991651203e-06,8.34991651203e-06
12.0,0.0,0.0,730.0,720.0,740.0,1.04958419321e-05,1.04958419321e-05
12.0,0.0,0.0,750.0,740.0,760.0,1.20513477236e-05,1.20513477236e-05
12.0,0.0,0.0,770.0,760.0,780.0,1.41208519624e-05,1.41208519624e-05
12.0,0.0,0.5,390.0,380.0,400.0,2.85732460518e-08,2.85732460518e-08
12.0,0.0,0.5,410.0,400.0,420.0,5.48641501268e-08,5.48641501268e-08
12.0,0.0,0.5,430.0,420.0,440.0,6.67984897273e-08,6.67984897273e-08
12.0,0.0,0.5,450.0,440.0,460.0,1.11657784787e-07,1.11657784787e-07
12.0,0.0,0.5,470.0,460.0,480.0,1.87301035802e-07,1.87301035802e-07
12.0,0.0,0.5,490.0,480.0,500.0,3.0856798956e-07,3.0856798956e-07
12.0,0.0,0.5,510.0,500.0,520.0,4.57627758772e-07,4.57627758772e-07
12.0,0.0,0.5,530.0,520.0,540.0,5.9856684799e-07,5.9856684799e-07
12.0,0.0,0.5,550.0,540.0,560.0,8.09218174219e-07,8.09218174219e-07
12.0,0.0,0.5,570.0,560.0,580.0,8.56957029893e-07,8.56957029893e-07
12.0,0.0,0.5,590.0,580.0,600.0,1.29954086537e-06,1.29954086537e-06
12.0,0.0,0.5,610.0,600.0,620.0,1.57233973932e-06,1.57233973932e-06
12.0,0.0,0.5,630.0,620.0,640.0,2.85955817096e-06,2.85955817096e-06
12.0,0.0,0.5,650.0,640.0,660.0,4.79611342528e-06,4.79611342528e-06
12.0,0.0,0.5,670.0,660.0,680.0,7.4872255815e-06,7.4872255815e-06
12.0,0.0,0.5,690.0,680.0,700.0,1.03116834932e-05,1.03116834932e-05
12.0,0.0,0.5,710.0,700.0,720.0,1.29731419084e-05,1.29731419084e-05
12.0,0.0,0.5,730.0,720.0,740.0,1.53066984249e-05,1.53066984249e-05
12.0,0.0,0.5,750.0,740.0,760.0,1.65748029056e-05,1.65748029056e-05
12.0,0.0,0.5,770.0,760.0,780.0,1.84022870815e-05,1.84022870815e-05
12.0,0.0,1.0,390.0,380.0,400.0,3.03079957514e-08,3.03079957514e-08
12.0,0.0,1.0,410.0,400.0,420.0,6.38978436472e-08,6.38978436472e-08
12.0,0.0,1.0,430.0,420.0,440.0,9.69568490314e-08,9.69568490314e-08
12.0,0.0,1.0,450.0,440.0,460.0,2.12657295043e-07,2.12657295043e-07
12.0,0.0,1.0,470.0,460.0,480.0,4.20706172264e-07,4.20706172264e-07
12.0,0.0,1.0,490.0,480.0,500.0,7.13319432668e-07,7.13319432668e-07
12.0,0.0,1.0,510.0,500.0,520.0,1.00882898084e-06,1.00882898084e-06
12.0,0.0,1.0,530.0,520.0,540.0,1.22482712789e-06,1.22482712789e-06
12.0,0.0,1.0,550.0,540.0,560.0,1.52749088113e-06,1.52749088113e-06
12.0,0.0,1.0,570.0,560.0,580.0,1.50027324634e-06,1.50027324634e-06
12.0,0.0,1.0,590.0,580.0,600.0,2.11383050013e-06,2.11383050013e-06
12.0,0.0,1.0,610.0,600.0,620.0,2.39716789653e-06,2.39716789653e-06
12.0,0.0,1.0,630.0,620.0,640.0,4.09594867771e-06,4.09594867771e-06
12.0,0.0,1.0,650.0,640.0,660.0,6.49957522799e-06,6.49957522799e-06
12.0,0.0,1.0,670.0,660.0,680.0,9.66156698639e-06,9.66156698639e-06
12.0,0.0,1.0,690.0,680.0,700.0,1.27400637222e-05,1.27400637222e-05
12.0,0.0,1.0,710.0,700.0,720.0,1.54177870413e-05,1.54177870413e-05
12.0,0.0,1.0,730.0,720.0,740.0,1.75687117286e-05,1.75687117286e-05
12.0,0.0,1.0,750.0,740.0,760.0,1.84413850772e-05,1.84413850772e-05
12.0,0.0,1.0,770.0,760.0,780.0,1.98970286361e-05,1.98970286361e-05
12.0,0.0,2.0,390.0,380.0,400.0,4.22125840129e-08,4.22125840129e-08
12.0,0.0,2.0,410.0,400.0,420.0,1.28679082442e-07,1.28679082442e-07
12.0,0.0,2.0,430.0,420.0,440.0,2.65873509777e-07,2.65873509777e-07
12.0,0.0,2.0,450.0,440.0,460.0,6.35877304305e-07,6.35877304305e-07
12.0,0.0,2.0,470.0,460.0,480.0,1.16782750756e-06,1.16782750756e-06
12.0,0.0,2.0,490.0,480.0,500.0,1.73091795406e-06,1.73091795406e-06
12.0,0.0,2.0,510.0,500.0,520.0,2.1241237358e-06,2.1241237358e-06
12.0,0.0,2.0,530.0,520.0,540.0,2.26395228059e-06,2.26395228059e-06
12.0,0.0,2.0,550.0,540.0,560.0,2.50873696363e-06,2.50873696363e-06
12.0,0.0,2.0,570.0,560.0,580.0,2.2288832982e-06,2.2288832982e-06
12.0,0.0,2.0,590.0,580.0,600.0,2.85449769387e-06,2.85449769387e-06
12.0,0.0,2.0,610.0,600.0,620.0,2.98556726694e-06,2.98556726694e-06
12.0,0.0,2.0,630.0,620.0,640.0,4.7120025695e-06,4.7120025695e-06
12.0,0.0,2.0,650.0,640.0,660.0,6.97045387764e-06,6.97045387764e-06
12.0,0.0,2.0,670.0,660.0,680.0,9.74480915049e-06,9.74480915049e-06
12.0,0.0,2.0,690.0,680.0,700.0,1.21770919959e-05,1.21770919959e-05
12.0,0.0,2.0,710.0,700.0,720.0,1.40549346516e-05,1.40549346516e-05
12.0,0.0,2.0,730.0,720.0,740.0,1.53602706793e-05,1.53602706793e-05
12.0,0.0,2.0,750.0,740.0,760.0,1.5546609816e-05,1.5546609816e-05
12.0,0.0,2.0,770.0,760.0,780.0,1.62173905507e-05,1.62173905507e-05
12.0,0.0,3.0,390.0,380.0,400.0,7.27641312383e-08,7.27641312383e-08
12.0,0.0,3.0,410.0,400.0,420.0,2.50989908303e-07,2.50989908303e-07
12.0,0.0,3.0,430.0,420.0,440.0,4.95971212323e-07,4.95971212323e-07
12.0,0.0,3.0,450.0,440.0,460.0,1.05755657471e-06,1.05755657471e-06
12.0,0.0,3.0,470.0,460.0,480.0,1.71548503172e-06,1.71548503172e-06
12.0,0.0,3.0,490.0,480.0,500.0,2.27053584651e-06,2.27053584651e-06
12.0,0.0,3.0,510.0,500.0,520.0,2.52807508071e-06,2.52807508071e-06
12.0,0.0,3.0,530.0,520.0,540.0,2.48316272752e-06,2.48316272752e-06
12.0,0.0,3.0,550.0,540.0,560.0,2.56409381916e-06,2.56409381916e-06
12.0,0.0,3.0,570.0,560.0,580.0,2.14928657229e-06,2.14928657229e-06
12.0,0.0,3.0,590.0,580.0,600.0,2.60740815742e-06,2.60740815742e-06
12.0,0.0,3.0,610.0,600.0,620.0,2.60652280762e-06,2.60652280762e-06
12.0,0.0,3.0,630.0,620.0,640.0,3.93277328245e-06,3.93277328245e-06
12.0,0.0,3.0,650.0,640.0,660.0,5.58662853644e-06,5.58662853644e-06
12.0,0.0,3.0,670.0,660.0,680.0,7.5355455539e-06,7.5355455539e-06
12.0,0.0,3.0,690.0,680.0,700.0,9.12510570549e-06,9.12510570549e-06
12.0,0.0,3.0,710.0,700.0,720.0,1.02457771542e-05,1.02457771542e-05
12.0,0.0,3.0,730.0,720.0,740.0,1.09302784585e-05,1.09302784585e-05
12.0,0.0,3.0,750.0,740.0,760.0,1.08378753591e-05,1.08378753591e-05
12.0,0.0,3.0,770.0,760.0,780.0,1.1088343599e-05,1.1088343599e-05
12.0,0.0,5.0,390.0,380.0,400.0,1.32757699525e-07,1.32757699525e-07
12.0,0.0,5.0,410.0,400.0,420.0,3.92115620359e-07,3.92115620359e-07
12.0,0.0,5.0,430.0,420.0,440.0,6.3417960383e-07,6.3417960383e-07
12.0,0.0,5.0,450.0,440.0,460.0,1.12260966388e-06,1.12260966388e-06
12.0,0.0,5.0,470.0,460.0,480.0,1.5562931559e-06,1.5562931559e-06
12.0,0.0,5.0,490.0,480.0,500.0,1.81151920137e-06,1.81151920137e-06
12.0,0.0,5.0,510.0,500.0,520.0,1.81886200165e-06,1.81886200165e-06
12.0,0.0,5.0,530.0,520.0,540.0,1.64424874772e-06,1.64424874772e-06
12.0,0.0,5.0,550.0,540.0,560.0,1.58334976847e-06,1.58334976847e-06
12.0,0.0,5.0,570.0,560.0,580.0,1.25405810072e-06,1.25405810072e-06
12.0,0.0,5.0,590.0,580.0,600.0,1.44468371924e-06,1.44468371924e-06
12.0,0.0,5.0,610.0,600.0,620.0,1.38301361392e-06,1.38301361392e-06
12.0,0.0,5.0,630.0,620.0,640.0,1.99504788572e-06,1.99504788572e-06
12.0,0.0,5.0,650.0,640.0,660.0,2.71428180515e-06,2.71428180515e-06
12.0,0.0,5.0,670.0,660.0,680.0,3.51898642142e-06,3.51898642142e-06
12.0,0.0,5.0,690.0,680.0,700.0,4.11268579386e-06,4.11268579386e-06
12.0,0.0,5.0,710.0,700.0,720.0,4.47443464041e-06,4.47443464041e-06
12.0,0.0,5.0,730.0,720.0,740.0,4.64279796855e-06,4.64279796855e-06
12.0,0.0,5.0,750.0,740.0,760.0,4.49778496727e-06,4.49778496727e-06
12.0,0.0,5.0,770.0,760.0,780.0,4.49774650225e-06,4.49774650225e-06
12.0,0.0,8.0,390.0,380.0,400.0,1.12850676999e-07,1.12850676999e-07
12.0,0.0,8.0,410.0,400.0,420.0,2.64728875167e-07,2.64728875167e-07
12.0,0.0,8.0,430.0,420.0,440.0,3.53622608358e-07,3.53622608358e-07
12.0,0.0,8.0,450.0,440.0,460.0,5.38446175436e-07,5.38446175436e-07
12.0,0.0,8.0,470.0,460.0,480.0,6.64738039857e-07,6.64738039857e-07
12.0,0.0,8.0,490.0,480.0,500.0,7.08186450228e-07,7.08186450228e-07
12.0,0.0,8.0,510.0,500.0,520.0,6.64695312788e-07,6.64695312788e-07
12.0,0.0,8.0,530.0,520.0,540.0,5.70469254226e-07,5.70469254226e-07
12.0,0.0,8.0,550.0,540.0,560.0,5.2784039574e-07,5.2784039574e-07
12.0,0.0,8.0,570.0,560.0,580.0,4.04341860953e-07,4.04341860953e-07
12.0,0.0,8.0,590.0,580.0,600.0,4.54855962753e-07,4.54855962753e-07
12.0,0.0,8.0,610.0,600.0,620.0,4.26227501524e-07,4.26227501524e-07
12.0,0.0,8.0,630.0,620.0,640.0,6.01813399163e-07,6.01813399163e-07
12.0,0.0,8.0,650.0,640.0,660.0,7.98551082481e-07,7.98551082481e-07
12.0,0.0,8.0,670.0,660.0,680.0,1.00967899879e-06,1.00967899879e-06
12.0,0.0,8.0,690.0,680.0,700.0,1.1528829581e-06,1.1528829581e-06
12.0,0.0,8.0,710.0,700.0,720.0,1.22828195415e-06,1.22828195415e-06
12.0,0.0,8.0,730.0,720.0,740.0,1.25126405071e-06,1.25126405071e-06
12.0,0.0,8.0,750.0,740.0,760.0,1.19435141278e-06,1.19435141278e-06
12.0,0.0,8.0,770.0,760.0,780.0,1.17603010735e-06,1.17603010735e-06
12.0,0.0,12.0,390.0,380.0,400.0,5.84314484861e-08,5.84314484861e-08
12.0,0.0,12.0,410.0,400.0,420.0,1.11723949426e-07,1.11723949426e-07
12.0,0.0,12.0,430.0,420.0,440.0,1.26903383983e-07,1.26903383983e-07
12.0,0.0,12.0,450.0,440.0,460.0,1.7059405914e-07,1.7059405914e-07
12.0,0.0,12.0,470.0,460.0,480.0,1.91912993862e-07,1.91912993862e-07
12.0,0.0,12.0,490.0,480.0,500.0,1.90971298947e-07,1.90971298947e-07
12.0,0.0,12.0,510.0,500.0,520.0,1.70426551919e-07,1.70426551919e-07
12.0,0.0,12.0,530.0,520.0,540.0,1.40823962964e-07,1.40823962964e-07
12.0,0.0,12.0,550.0,540.0,560.0,1.27975839053e-07,1.27975839053e-07
12.0,0.0,12.0,570.0,560.0,580.0,9.63722995378e-08,9.63722995378e-08
12.0,0.0,12.0,590.0,580.0,600.0,1.09554925263e-07,1.09554925263e-07
12.0,0.0,12.0,610.0,600.0,620.0,1.03255041076e-07,1.03255041076e-07
12.0,0.0,12.0,630.0,620.0,640.0,1.47878561192e-07,1.47878561192e-07
12.0,0.0,12.0,650.0,640.0,660.0,1.9705675162e-07,1.9705675162e-07
12.0,0.0,12.0,670.0,660.0,680.0,2.4903385059e-07,2.4903385059e-07
12.0,0.0,12.0,690.0,680.0,700.0,2.83827742989e-07,2.83827742989e-07
12.0,0.0,12.0,710.0,700.0,720.0,3.01833221947e-07,3.01833221947e-07
12.0,0.0,12.0,730.0,720.0,740.0,3.07131288119e-07,3.07131288119e-07
12.0,0.0,12.0,750.0,740.0,760.0,2.93406013157e-07,2.93406013157e-07
12.0,0.0,12.0,770.0,760.0,780.0,2.8864708206e-07,2.8864708206e-07
12.0,0.0,20.0,390.0,380.0,400.0,3.25635038522e-08,3.25635038522e-08
12.0,0.0,20.0,410.0,400.0,420.0,5.0249378479e-08,5.0249378479e-08
12.0,0.0,20.0,430.0,420.0,440.0,4.62994962486e-08,4.62994962486e-08
12.0,0.0,20.0,450.0,440.0,460.0,5.11663552633e-08,5.11663552633e-08
12.0,0.0,20.0,470.0,460.0,480.0,4.82381984278e-08,4.82381984278e-08
12.0,0.0,20.0,490.0,480.0,500.0,4.12130995355e-08,4.12130995355e-08
12.0,0.0,20.0,510.0,500.0,520.0,3.24897232868e-08,3.24897232868e-08
12.0,0.0,20.0,530.0,520.0,540.0,2.44535640102e-08,2.44535640102e-08
12.0,0.0,20.0,550.0,540.0,560.0,2.05940303056e-08,2.05940303056e-08
12.0,0.0,20.0,570.0,560.0,580.0,1.4819789829e-08,1.4819789829e-08
12.0,0.0,20.0,590.0,580.0,600.0,1.59478416407e-08,1.59478416407e-08
12.0,0.0,20.0,610.0,600.0,620.0,1.45403266049e-08,1.45403266049e-08
12.0,0.0,20.0,630.0,620.0,640.0,1.99409792192e-08,1.99409792192e-08
12.0,0.0,20.0,650.0,640.0,660.0,2.57273020292e-08,2.57273020292e-08
12.0,0.0,20.0,670.0,660.0,680.0,3.17235448376e-08,3.17235448376e-08
12.0,0.0,20.0,690.0,680.0,700.0,3.5448388319e-08,3.5448388319e-08
12.0,0.0,20.0,710.0,700.0,720.0,3.70835319286e-08,3.70835319286e-08
12.0,0.0,20.0,730.0,720.0,740.0,3.72199389771e-08,3.72199389771e-08
12.0,0.0,20.0,750.0,740.0,760.0,3.51817603093e-08,3.51817603093e-08
12.0,0.0,20.0,770.0,760.0,780.0,3.42322978195e-08,3.42322978195e-08
12.0,0.0,30.0,390.0,380.0,400.0,2.50550846726e-08,2.50550846726e-08
12.0,0.0,30.0,410.0,400.0,420.0,3.69987137755e-08,3.69987137755e-08
12.0,0.0,30.0,430.0,420.0,440.0,3.26437309028e-08,3.26437309028e-08
12.0,0.0,30.0,450.0,440.0,460.0,3.43540321142e-08,3.43540321142e-08
12.0,0.0,30.0,470.0,460.0,480.0,3.05125872743e-08,3.05125872743e-08
12.0,0.0,30.0,490.0,480.0,500.0,2.42197712862e-08,2.42197712862e-08
12.0,0.0,30.0,510.0,500.0,520.0,1.74883162173e-08,1.74883162173e-08
12.0,0.0,30.0,530.0,520.0,540.0,1.19200084538e-08,1.19200084538e-08
12.0,0.0,30.0,550.0,540.0,560.0,9.0252094823e-09,9.0252094823e-09
12.0,0.0,30.0,570.0,560.0,580.0,5.85036026216e-09,5.85036026216e-09
12.0,0.0,30.0,590.0,580.0,600.0,5.6718305401e-09,5.6718305401e-09
12.0,0.0,30.0,610.0,600.0,620.0,4.70954495476e-09,4.70954495476e-09
12.0,0.0,30.0,630.0,620.0,640.0,5.97944725309e-09,5.97944725309e-09
12.0,0.0,30.0,650.0,640.0,660.0,7.27299334267e-09,7.27299334267e-09
12.0,0.0,30.0,670.0,660.0,680.0,8.53827852732e-09,8.53827852732e-09
12.0,0.0,30.0,690.0,680.0,700.0,9.13386144277e-09,9.13386144277e-09
12.0,0.0,30.0,710.0,700.0,720.0,9.18067947027e-09,9.18067947027e-09
12.0,0.0,30.0,730.0,720.0,740.0,8.87481618049e-09,8.87481618049e-09
12.0,0.0,30.0,750.0,740.0,760.0,8.0834832488e-09,8.0834832488e-09
12.0,0.0,30.0,770.0,760.0,780.0,7.61975577528e-09,7.61975577528e-09
12.0,0.0,45.0,390.0,380.0,400.0,1.66505036514e-08,1.66505036514e-08
12.0,0.0,45.0,410.0,400.0,420.0,2.36354110578e-08,2.36354110578e-08
12.0,0.0,45.0,430.0,420.0,440.0,2.01774328134e-08,2.01774328134e-08
12.0,0.0,45.0,450.0,440.0,460.0,2.06443778447e-08,2.06443778447e-08
12.0,0.0,45.0,470.0,460.0,480.0,1.787984048e-08,1.787984048e-08
12.0,0.0,45.0,490.0,480.0,500.0,1.38523880391e-08,1.38523880391e-08
12.0,0.0,45.0,510.0,500.0,520.0,9.74927972979e-09,9.74927972979e-09
12.0,0.0,45.0,530.0,520.0,540.0,6.4522374468e-09,6.4522374468e-09
12.0,0.0,45.0,550.0,540.0,560.0,4.72244369249e-09,4.72244369249e-09
12.0,0.0,45.0,570.0,560.0,580.0,2.93856766929e-09,2.93856766929e-09
12.0,0.0,45.0,590.0,580.0,600.0,2.73045136874e-09,2.73045136874e-09
12.0,0.0,45.0,610.0,600.0,620.0,2.16181107723e-09,2.16181107723e-09
12.0,0.0,45.0,630.0,620.0,640.0,2.63935119499e-09,2.63935119499e-09
12.0,0.0,45.0,650.0,640.0,660.0,3.10065509062e-09,3.10065509062e-09
12.0,0.0,45.0,670.0,660.0,680.0,3.52100329804e-09,3.52100329804e-09
12.0,0.0,45.0,690.0,680.0,700.0,3.64491609174e-09,3.64491609174e-09
12.0,0.0,45.0,710.0,700.0,720.0,3.54501115224e-09,3.54501115224e-09
12.0,0.0,45.0,730.0,720.0,740.0,3.31407323199e-09,3.31407323199e-09
12.0,0.0,45.0,750.0,740.0,760.0,2.9114769684e-09,2.9114769684e-09
12.0,0.0,45.0,770.0,760.0,780.0,2.65735582859e-09,2.65735582859e-09
12.0,0.0,60.0,390.0,380.0,400.0,1.29252693891e-08,1.29252693891e-08
12.0,0.0,60.0,410.0,400.0,420.0,1.8018790202e-08,1.8018790202e-08
12.0,0.0,60.0,430.0,420.0,440.0,1.51513410937e-08,1.51513410937e-08
12.0,0.0,60.0,450.0,440.0,460.0,1.53040157055e-08,1.53040157055e-08
12.0,0.0,60.0,470.0,460.0,480.0,1.31098454619e-08,1.31098454619e-08
12.0,0.0,60.0,490.0,480.0,500.0,1.00611242688e-08,1.00611242688e-08
12.0,0.0,60.0,510.0,500.0,520.0,7.02293893024e-09,7.02293893024e-09
12.0,0.0,60.0,530.0,520.0,540.0,4.61458028855e-09,4.61458028855e-09
12.0,0.0,60.0,550.0,540.0,560.0,3.35700498506e-09,3.35700498506e-09
12.0,0.0,60.0,570.0,560.0,580.0,2.07773941209e-09,2.07773941209e-09
12.0,0.0,60.0,590.0,580.0,600.0,1.9225277109e-09,1.9225277109e-09
12.0,0.0,60.0,610.0,600.0,620.0,1.51656547562e-09,1.51656547562e-09
12.0,0.0,60.0,630.0,620.0,640.0,1.84634708451e-09,1.84634708451e-09
12.0,0.0,60.0,650.0,640.0,660.0,2.16371669621e-09,2.16371669621e-09
12.0,0.0,60.0,670.0,660.0,680.0,2.45184483906e-09,2.45184483906e-09
12.0,0.0,60.0,690.0,680.0,700.0,2.53363474202e-09,2.53363474202e-09
12.0,0.0,60.0,710.0,700.0,720.0,2.46063176685e-09,2.46063176685e-09
12.0,0.0,60.0,730.0,720.0,740.0,2.29771009266e-09,2.29771009266e-09
12.0,0.0,60.0,750.0,740.0,760.0,2.01683925638e-09,2.01683925638e-09
12.0,0.0,60.0,770.0,760.0,780.0,1.83965528415e-09,1.83965528415e-09
12.0,0.0,90.0,390.0,380.0,400.0,9.17214371514e-09,9.17214371514e-09
12.0,0.0,90.0,410.0,400.0,420.0,1.23421355675e-08,1.23421355675e-08
12.0,0.0,90.0,430.0,420.0,440.0,1.00261842576e-08,1.00261842576e-08
12.0,0.0,90.0,450.0,440.0,460.0,9.79217606987e-09,9.79217606987e-09
12.0,0.0,90.0,470.0,460.0,480.0,8.11919917911e-09,8.11919917911e-09
12.0,0.0,90.0,490.0,480.0,500.0,6.03796559234e-09,6.03796559234e-09
12.0,0.0,90.0,510.0,500.0,520.0,4.08884265926e-09,4.08884265926e-09
12.0,0.0,90.0,530.0,520.0,540.0,2.60992318801e-09,2.60992318801e-09
12.0,0.0,90.0,550.0,540.0,560.0,1.8484846768e-09,1.8484846768e-09
12.0,0.0,90.0,570.0,560.0,580.0,1.11542554559e-09,1.11542554559e-09
12.0,0.0,90.0,590.0,580.0,600.0,1.0094185654e-09,1.0094185654e-09
12.0,0.0,90.0,610.0,600.0,620.0,7.79933863305e-10,7.79933863305e-10
12.0,0.0,90.0,630.0,620.0,640.0,9.32668133146e-10,9.32668133146e-10
12.0,0.0,90.0,650.0,640.0,660.0,1.07527052435e-09,1.07527052435e-09
12.0,0.0,90.0,670.0,660.0,680.0,1.20054304524e-09,1.20054304524e-09
12.0,0.0,90.0,690.0,680.0,700.0,1.2242543985e-09,1.2242543985e-09
12.0,0.0,90.0,710.0,700.0,720.0,1.17511910182e-09,1.17511910182e-09
12.0,0.0,90.0,730.0,720.0,740.0,1.08611478718e-09,1.08611478718e-09
12.0,0.0,90.0,750.0,740.0,760.0,9.44906263529e-10,9.44906263529e-10
12.0,0.0,90.0,770.0,760.0,780.0,8.55437867752e-10,8.55437867752e-10
12.0,90.0,0.0,390.0,380.0,400.0,1.31266089676e-08,1.31266089676e-08
12.0,90.0,0.0,410.0,400.0,420.0,2.10628925527e-08,2.10628925527e-08
12.0,90.0,0.0,430.0,420.0,440.0,2.01997247007e-08,2.01997247007e-08
12.0,90.0,0.0,450.0,440.0,460.0,2.31060016795e-08,2.31060016795e-08
12.0,90.0,0.0,470.0,460.0,480.0,2.23010275369e-08,2.23010275369e-08
12.0,90.0,0.0,490.0,480.0,500.0,1.92160847527e-08,1.92160847527e-08
12.0,90.0,0.0,510.0,500.0,520.0,1.5017616963e-08,1.5017616963e-08
12.0,90.0,0.0,530.0,520.0,540.0,1.10191984805e-08,1.10191984805e-08
12.0,90.0,0.0,550.0,540.0,560.0,8.94959748542e-09,8.94959748542e-09
12.0,90.0,0.0,570.0,560.0,580.0,6.16207223856e-09,6.16207223856e-09
12.0,90.0,0.0,590.0,580.0,600.0,6.36688995733e-09,6.36688995733e-09
12.0,90.0,0.0,610.0,600.0,620.0,5.58596722508e-09,5.58596722508e-09
12.0,90.0,0.0,630.0,620.0,640.0,7.58772483673e-09,7.58772483673e-09
12.0,90.0,0.0,650.0,640.0,660.0,9.8818370556e-09,9.8818370556e-09
12.0,90.0,0.0,670.0,660.0,680.0,1.23901036152e-08,1.23901036152e-08
12.0,90.0,0.0,690.0,680.0,700.0,1.41055604131e-08,1.41055604131e-08
12.0,90.0,0.0,710.0,700.0,720.0,1.50288703794e-08,1.50288703794e-08
12.0,90.0,0.0,730.0,720.0,740.0,1.53311500003e-08,1.53311500003e-08
12.0,90.0,0.0,750.0,740.0,760.0,1.46360505263e-08,1.46360505263e-08
12.0,90.0,0.0,770.0,760.0,780.0,1.44692464128e-08,1.44692464128e-08
12.0,90.0,0.5,390.0,380.0,400.0,1.35343667781e-08,1.35343667781e-08
12.0,90.0,0.5,410.0,400.0,420.0,2.18907232281e-08,2.18907232281e-08
12.0,90.0,0.5,430.0,420.0,440.0,2.11865509257e-08,2.11865509257e-08
12.0,90.0,0.5,450.0,440.0,460.0,2.44794506995e-08,2.44794506995e-08
12.0,90.0,0.5,470.0,460.0,480.0,2.38753258815e-08,2.38753258815e-08
12.0,90.0,0.5,490.0,480.0,500.0,2.07851388655e-08,2.07851388655e-08
12.0,90.0,0.5,510.0,500.0,520.0,1.63955195958e-08,1.63955195958e-08
12.0,90.0,0.5,530.0,520.0,540.0,1.21210762018e-08,1.21210762018e-08
12.0,90.0,0.5,550.0,540.0,560.0,9.89880111766e-09,9.89880111766e-09
12.0,90.0,0.5,570.0,560.0,580.0,6.83389219006e-09,6.83389219006e-09
12.0,90.0,0.5,590.0,580.0,600.0,7.06560012927e-09,7.06560012927e-09
12.0,90.0,0.5,610.0,600.0,620.0,6.18509109437e-09,6.18509109437e-09
12.0,90.0,0.5,630.0,620.0,640.0,8.36898615662e-09,8.36898615662e-09
12.0,90.0,0.5,650.0,640.0,660.0,1.08343061504e-08,1.08343061504e-08
12.0,90.0,0.5,670.0,660.0,680.0,1.3477285935e-08,1.3477285935e-08
12.0,90.0,0.5,690.0,680.0,700.0,1.51976924768e-08,1.51976924768e-08
12.0,90.0,0.5,710.0,700.0,720.0,1.6018280342e-08,1.6018280342e-08
12.0,90.0,0.5,730.0,720.0,740.0,1.61489249982e-08,1.61489249982e-08
12.0,90.0,0.5,750.0,740.0,760.0,1.52245962184e-08,1.52245962184e-08
12.0,90.0,0.5,770.0,760.0,780.0,1.48596197595e-08,1.48596197595e-08
12.0,90.0,1.0,390.0,380.0,400.0,1.43717168475e-08,1.43717168475e-08
12.0,90.0,1.0,410.0,400.0,420.0,2.34921021349e-08,2.34921021349e-08
12.0,90.0,1.0,430.0,420.0,440.0,2.29779550945e-08,2.29779550945e-08
12.0,90.0,1.0,450.0,440.0,460.0,2.68156880762e-08,2.68156880762e-08
12.0,90.0,1.0,470.0,460.0,480.0,2.63818890714e-08,2.63818890714e-08
12.0,90.0,1.0,490.0,480.0,500.0,2.31203591838e-08,2.31203591838e-08
12.0,90.0,1.0,510.0,500.0,520.0,1.83096849514e-08,1.83096849514e-08
12.0,90.0,1.0,530.0,520.0,540.0,1.35478202218e-08,1.35478202218e-08
12.0,90.0,1.0,550.0,540.0,560.0,1.10424599961e-08,1.10424599961e-08
12.0,90.0,1.0,570.0,560.0,580.0,7.58628963304e-09,7.58628963304e-09
12.0,90.0,1.0,590.0,580.0,600.0,7.79087660561e-09,7.79087660561e-09
12.0,90.0,1.0,610.0,600.0,620.0,6.75996680516e-09,6.75996680516e-09
12.0,90.0,1.0,630.0,620.0,640.0,9.05689920645e-09,9.05689920645e-09
12.0,90.0,1.0,650.0,640.0,660.0,1.15967199019e-08,1.15967199019e-08
12.0,90.0,1.0,670.0,660.0,680.0,1.42563272728e-08,1.42563272728e-08
12.0,90.0,1.0,690.0,680.0,700.0,1.58794330461e-08,1.58794330461e-08
12.0,90.0,1.0,710.0,700.0,720.0,1.65279392061e-08,1.65279392061e-08
12.0,90.0,1.0,730.0,720.0,740.0,1.6454104428e-08,1.6454104428e-08
12.0,90.0,1.0,750.0,740.0,760.0,1.53195725292e-08,1.53195725292e-08
12.0,90.0,1.0,770.0,760.0,780.0,1.4771063939e-08,1.4771063939e-08
12.0,90.0,2.0,390.0,380.0,400.0,1.55871892916e-08,1.55871892916e-08
12.0,90.0,2.0,410.0,400.0,420.0,2.57792761668e-08,2.57792761668e-08
12.0,90.0,2.0,430.0,420.0,440.0,2.5493348586e-08,2.5493348586e-08
12.0,90.0,2.0,450.0,440.0,460.0,3.00107797447e-08,3.00107797447e-08
12.0,90.0,2.0,470.0,460.0,480.0,2.9672392128e-08,2.9672392128e-08
12.0,90.0,2.0,490.0,480.0,500.0,2.60126282792e-08,2.60126282792e-08
12.0,90.0,2.0,510.0,500.0,520.0,2.05047123599e-08,2.05047123599e-08
12.0,90.0,2.0,530.0,520.0,540.0,1.50316962754e-08,1.50316962754e-08
12.0,90.0,2.0,550.0,540.0,560.0,1.20973019255e-08,1.20973019255e-08
12.0,90.0,2.0,570.0,560.0,580.0,8.1812326601e-09,8.1812326601e-09
12.0,90.0,2.0,590.0,580.0,600.0,8.25915356298e-09,8.25915356298e-09
12.0,90.0,2.0,610.0,600.0,620.0,7.03420353797e-09,7.03420353797e-09
12.0,90.0,2.0,630.0,620.0,640.0,9.24736746372e-09,9.24736746372e-09
12.0,90.0,2.0,650.0,640.0,660.0,1.16150350155e-08,1.16150350155e-08
12.0,90.0,2.0,670.0,660.0,680.0,1.40068687628e-08,1.40068687628e-08
12.0,90.0,2.0,690.0,680.0,700.0,1.53088518384e-08,1.53088518384e-08
12.0,90.0,2.0,710.0,700.0,720.0,1.56426879352e-08,1.56426879352e-08
12.0,90.0,2.0,730.0,720.0,740.0,1.52975618512e-08,1.52975618512e-08
12.0,90.0,2.0,750.0,740.0,760.0,1.40008257005e-08,1.40008257005e-08
12.0,90.0,2.0,770.0,760.0,780.0,1.32808614672e-08,1.32808614672e-08
12.0,90.0,3.0,390.0,380.0,400.0,1.67986322102e-08,1.67986322102e-08
12.0,90.0,3.0,410.0,400.0,420.0,2.79737841931e-08,2.79737841931e-08
12.0,90.0,3.0,430.0,420.0,440.0,2.77635972444e-08,2.77635972444e-08
12.0,90.0,3.0,450.0,440.0,460.0,3.26617922103e-08,3.26617922103e-08
12.0,90.0,3.0,470.0,460.0,480.0,3.2128259411e-08,3.2128259411e-08
12.0,90.0,3.0,490.0,480.0,500.0,2.79095946717e-08,2.79095946717e-08
12.0,90.0,3.0,510.0,500.0,520.0,2.17312992496e-08,2.17312992496e-08
12.0,90.0,3.0,530.0,520.0,540.0,1.57025175255e-08,1.57025175255e-08
12.0,90.0,3.0,550.0,540.0,560.0,1.24428453665e-08,1.24428453665e-08
12.0,90.0,3.0,570.0,560.0,580.0,8.28121721965e-09,8.28121721965e-09
12.0,90.0,3.0,590.0,580.0,600.0,8.22747314526e-09,8.22747314526e-09
12.0,90.0,3.0,610.0,600.0,620.0,6.89807784431e-09,6.89807784431e-09
12.0,90.0,3.0,630.0,620.0,640.0,8.93005079446e-09,8.93005079446e-09
12.0,90.0,3.0,650.0,640.0,660.0,1.10523341454e-08,1.10523341454e-08
12.0,90.0,3.0,670.0,660.0,680.0,1.31426549976e-08,1.31426549976e-08
12.0,90.0,3.0,690.0,680.0,700.0,1.41751719933e-08,1.41751719933e-08
12.0,90.0,3.0,710.0,700.0,720.0,1.43046349381e-08,1.43046349381e-08
12.0,90.0,3.0,730.0,720.0,740.0,1.38260816052e-08,1.38260816052e-08
12.0,90.0,3.0,750.0,740.0,760.0,1.25161341544e-08,1.25161341544e-08
12.0,90.0,3.0,770.0,760.0,780.0,1.17508777766e-08,1.17508777766e-08
12.0,90.0,5.0,390.0,380.0,400.0,1.89466931141e-08,1.89466931141e-08
12.0,90.0,5.0,410.0,400.0,420.0,3.14391043807e-08,3.14391043807e-08
12.0,90.0,5.0,430.0,420.0,440.0,3.08520856178e-08,3.08520856178e-08
12.0,90.0,5.0,450.0,440.0,460.0,3.56540808569e-08,3.56540808569e-08
12.0,90.0,5.0,470.0,460.0,480.0,3.42952049208e-08,3.42952049208e-08
12.0,90.0,5.0,490.0,480.0,500.0,2.90551265437e-08,2.90551265437e-08
12.0,90.0,5.0,510.0,500.0,520.0,2.20411084545e-08,2.20411084545e-08
12.0,90.0,5.0,530.0,520.0,540.0,1.55203548349e-08,1.55203548349e-08
12.0,90.0,5.0,550.0,540.0,560.0,1.19958774303e-08,1.19958774303e-08
12.0,90.0,5.0,570.0,560.0,580.0,7.79944365456e-09,7.79944365456e-09
12.0,90.0,5.0,590.0,580.0,600.0,7.57676718199e-09,7.57676718199e-09
12.0,90.0,5.0,610.0,600.0,620.0,6.22233445507e-09,6.22233445507e-09
12.0,90.0,5.0,630.0,620.0,640.0,7.89510169246e-09,7.89510169246e-09
12.0,90.0,5.0,650.0,640.0,660.0,9.59136273766e-09,9.59136273766e-09
12.0,90.0,5.0,670.0,660.0,680.0,1.12116804157e-08,1.12116804157e-08
12.0,90.0,5.0,690.0,680.0,700.0,1.19035726624e-08,1.19035726624e-08
12.0,90.0,5.0,710.0,700.0,720.0,1.18394554009e-08,1.18394554009e-08
12.0,90.0,5.0,730.0,720.0,740.0,1.12916965686e-08,1.12916965686e-08
12.0,90.0,5.0,750.0,740.0,760.0,1.00974875997e-08,1.00974875997e-08
12.0,90.0,5.0,770.0,760.0,780.0,9.37229322922e-09,9.37229322922e-09
12.0,90.0,8.0,390.0,380.0,400.0,2.0892326337e-08,2.0892326337e-08
12.0,90.0,8.0,410.0,400.0,420.0,3.37381532406e-08,3.37381532406e-08
12.0,90.0,8.0,430.0,420.0,440.0,3.20939496309e-08,3.20939496309e-08
12.0,90.0,8.0,450.0,440.0,460.0,3.59124145804e-08,3.59124145804e-08
12.0,90.0,8.0,470.0,460.0,480.0,3.34750967513e-08,3.34750967513e-08
12.0,90.0,8.0,490.0,480.0,500.0,2.75361651685e-08,2.75361651685e-08
12.0,90.0,8.0,510.0,500.0,520.0,2.0334352189e-08,2.0334352189e-08
12.0,90.0,8.0,530.0,520.0,540.0,1.39784656744e-08,1.39784656744e-08
12.0,90.0,8.0,550.0,540.0,560.0,1.05719050307e-08,1.05719050307e-08
12.0,90.0,8.0,570.0,560.0,580.0,6.74464045535e-09,6.74464045535e-09
12.0,90.0,8.0,590.0,580.0,600.0,6.43502467101e-09,6.43502467101e-09
12.0,90.0,8.0,610.0,600.0,620.0,5.20188913266e-09,5.20188913266e-09
12.0,90.0,8.0,630.0,620.0,640.0,6.49881643721e-09,6.49881643721e-09
12.0,90.0,8.0,650.0,640.0,660.0,7.78545444962e-09,7.78545444962e-09
12.0,90.0,8.0,670.0,660.0,680.0,8.98732225385e-09,8.98732225385e-09
12.0,90.0,8.0,690.0,680.0,700.0,9.43504416688e-09,9.43504416688e-09
12.0,90.0,8.0,710.0,700.0,720.0,9.28916433366e-09,9.28916433366e-09
12.0,90.0,8.0,730.0,720.0,740.0,8.77798420103e-09,8.77798420103e-09
12.0,90.0,8.0,750.0,740.0,760.0,7.78449621153e-09,7.78449621153e-09
12.0,90.0,8.0,770.0,760.0,780.0,7.16929912514e-09,7.16929912514e-09
12.0,90.0,12.0,390.0,380.0,400.0,2.14137570032e-08,2.14137570032e-08
12.0,90.0,12.0,410.0,400.0,420.0,3.33299288776e-08,3.33299288776e-08
12.0,90.0,12.0,430.0,420.0,440.0,3.06414383335e-08,3.06414383335e-08
12.0,90.0,12.0,450.0,440.0,460.0,3.32575135835e-08,3.32575135835e-08
12.0,90.0,12.0,470.0,460.0,480.0,3.01862752377e-08,3.01862752377e-08
12.0,90.0,12.0,490.0,480.0,500.0,2.42680254098e-08,2.42680254098e-08
12.0,90.0,12.0,510.0,500.0,520.0,1.75751207944e-08,1.75751207944e-08
12.0,90.0,12.0,530.0,520.0,540.0,1.18852252757e-08,1.18852252757e-08
12.0,90.0,12.0,550.0,540.0,560.0,8.86106793103e-09,8.86106793103e-09
12.0,90.0,12.0,570.0,560.0,580.0,5.58645997017e-09,5.58645997017e-09
12.0,90.0,12.0,590.0,580.0,600.0,5.26962253132e-09,5.26962253132e-09
12.0,90.0,12.0,610.0,600.0,620.0,4.21902078279e-09,4.21902078279e-09
12.0,90.0,12.0,630.0,620.0,640.0,5.2201676073e-09,5.2201676073e-09
12.0,90.0,12.0,650.0,640.0,660.0,6.20020935246e-09,6.20020935246e-09
12.0,90.0,12.0,670.0,660.0,680.0,7.10345866958e-09,7.10345866958e-09
12.0,90.0,12.0,690.0,680.0,700.0,7.4075358345e-09,7.4075358345e-09
12.0,90.0,12.0,710.0,700.0,720.0,7.24941527684e-09,7.24941527684e-09
12.0,90.0,12.0,730.0,720.0,740.0,6.81360457584e-09,6.81360457584e-09
12.0,90.0,12.0,750.0,740.0,760.0,6.01331525556e-09,6.01331525556e-09
12.0,90.0,12.0,770.0,760.0,780.0,5.51288026359e-09,5.51288026359e-09
12.0,90.0,20.0,390.0,380.0,400.0,1.96487905617e-08,1.96487905617e-08
12.0,90.0,20.0,410.0,400.0,420.0,2.91999718819e-08,2.91999718819e-08
12.0,90.0,20.0,430.0,420.0,440.0,2.5830055681e-08,2.5830055681e-08
12.0,90.0,20.0,450.0,440.0,460.0,2.71608703554e-08,2.71608703554e-08
12.0,90.0,20.0,470.0,460.0,480.0,2.40221075377e-08,2.40221075377e-08
12.0,90.0,20.0,490.0,480.0,500.0,1.89085064734e-08,1.89085064734e-08
12.0,90.0,20.0,510.0,500.0,520.0,1.34613867481e-08,1.34613867481e-08
12.0,90.0,20.0,530.0,520.0,540.0,8.97880864858e-09,8.97880864858e-09
12.0,90.0,20.0,550.0,540.0,560.0,6.61606429065e-09,6.61606429065e-09
12.0,90.0,20.0,570.0,560.0,580.0,4.13232362698e-09,4.13232362698e-09
12.0,90.0,20.0,590.0,580.0,600.0,3.86253854081e-09,3.86253854081e-09
12.0,90.0,20.0,610.0,600.0,620.0,3.06942609547e-09,3.06942609547e-09
12.0,90.0,20.0,630.0,620.0,640.0,3.76846310622e-09,3.76846310622e-09
12.0,90.0,20.0,650.0,640.0,660.0,4.44561750324e-09,4.44561750324e-09
12.0,90.0,20.0,670.0,660.0,680.0,5.06319015172e-09,5.06319015172e-09
12.0,90.0,20.0,690.0,680.0,700.0,5.25248997984e-09,5.25248997984e-09
12.0,90.0,20.0,710.0,700.0,720.0,5.11652156253e-09,5.11652156253e-09
12.0,90.0,20.0,730.0,720.0,740.0,4.78882046628e-09,4.78882046628e-09
12.0,90.0,20.0,750.0,740.0,760.0,4.21050708403e-09,4.21050708403e-09
12.0,90.0,20.0,770.0,760.0,780.0,3.84623222508e-09,3.84623222508e-09
12.0,90.0,30.0,390.0,380.0,400.0,1.68119137394e-08,1.68119137394e-08
12.0,90.0,30.0,410.0,400.0,420.0,2.42579668936e-08,2.42579668936e-08
12.0,90.0,30.0,430.0,420.0,440.0,2.09645261953e-08,2.09645261953e-08
12.0,90.0,30.0,450.0,440.0,460.0,2.16436358631e-08,2.16436358631e-08
12.0,90.0,30.0,470.0,460.0,480.0,1.88668696198e-08,1.88668696198e-08
12.0,90.0,30.0,490.0,480.0,500.0,1.46810514572e-08,1.46810514572e-08
12.0,90.0,30.0,510.0,500.0,520.0,1.03575224438e-08,1.03575224438e-08
12.0,90.0,30.0,530.0,520.0,540.0,6.85953408722e-09,6.85953408722e-09
12.0,90.0,30.0,550.0,540.0,560.0,5.02420305662e-09,5.02420305662e-09
12.0,90.0,30.0,570.0,560.0,580.0,3.12343814449e-09,3.12343814449e-09
12.0,90.0,30.0,590.0,580.0,600.0,2.90595733816e-09,2.90595733816e-09
12.0,90.0,30.0,610.0,600.0,620.0,2.30059735517e-09,2.30059735517e-09
12.0,90.0,30.0,630.0,620.0,640.0,2.81330633109e-09,2.81330633109e-09
12.0,90.0,30.0,650.0,640.0,660.0,3.30730440051e-09,3.30730440051e-09
12.0,90.0,30.0,670.0,660.0,680.0,3.75541013697e-09,3.75541013697e-09
12.0,90.0,30.0,690.0,680.0,700.0,3.885502907e-09,3.885502907e-09
12.0,90.0,30.0,710.0,700.0,720.0,3.7759553393e-09,3.7759553393e-09
12.0,90.0,30.0,730.0,720.0,740.0,3.52653227695e-09,3.52653227695e-09
12.0,90.0,30.0,750.0,740.0,760.0,3.09465814037e-09,3.09465814037e-09
12.0,90.0,30.0,770.0,760.0,780.0,2.82163451748e-09,2.82163451748e-09
12.0,90.0,45.0,390.0,380.0,400.0,1.37003050301e-08,1.37003050301e-08
12.0,90.0,45.0,410.0,400.0,420.0,1.93281596281e-08,1.93281596281e-08
12.0,90.0,45.0,430.0,420.0,440.0,1.6411227141e-08,1.6411227141e-08
12.0,90.0,45.0,450.0,440.0,460.0,1.67078461467e-08,1.67078461467e-08
12.0,90.0,45.0,470.0,460.0,480.0,1.44034383249e-08,1.44034383249e-08
12.0,90.0,45.0,490.0,480.0,500.0,1.11086228982e-08,1.11086228982e-08
12.0,90.0,45.0,510.0,500.0,520.0,7.78157311189e-09,7.78157311189e-09
12.0,90.0,45.0,530.0,520.0,540.0,5.12429351611e-09,5.12429351611e-09
12.0,90.0,45.0,550.0,540.0,560.0,3.73497106775e-09,3.73497106775e-09
12.0,90.0,45.0,570.0,560.0,580.0,2.31296613968e-09,2.31296613968e-09
12.0,90.0,45.0,590.0,580.0,600.0,2.14359773665e-09,2.14359773665e-09
12.0,90.0,45.0,610.0,600.0,620.0,1.69166032229e-09,1.69166032229e-09
12.0,90.0,45.0,630.0,620.0,640.0,2.06179271137e-09,2.06179271137e-09
12.0,90.0,45.0,650.0,640.0,660.0,2.4168048423e-09,2.4168048423e-09
12.0,90.0,45.0,670.0,660.0,680.0,2.73735708813e-09,2.73735708813e-09
12.0,90.0,45.0,690.0,680.0,700.0,2.82591835875e-09,2.82591835875e-09
12.0,90.0,45.0,710.0,700.0,720.0,2.74082082821e-09,2.74082082821e-09
12.0,90.0,45.0,730.0,720.0,740.0,2.55521491285e-09,2.55521491285e-09
12.0,90.0,45.0,750.0,740.0,760.0,2.23870162201e-09,2.23870162201e-09
12.0,90.0,45.0,770.0,760.0,780.0,2.03809075041e-09,2.03809075041e-09
12.0,90.0,60.0,390.0,380.0,400.0,1.14788837994e-08,1.14788837994e-08
12.0,90.0,60.0,410.0,400.0,420.0,1.59731725965e-08,1.59731725965e-08
12.0,90.0,60.0,430.0,420.0,440.0,1.34139674593e-08,1.34139674593e-08
12.0,90.0,60.0,450.0,440.0,460.0,1.3535064257e-08,1.3535064257e-08
12.0,90.0,60.0,470.0,460.0,480.0,1.15834243601e-08,1.15834243601e-08
12.0,90.0,60.0,490.0,480.0,500.0,8.88020991916e-09,8.88020991916e-09
12.0,90.0,60.0,510.0,500.0,520.0,6.1899810964e-09,6.1899810964e-09
12.0,90.0,60.0,530.0,520.0,540.0,4.05979914449e-09,4.05979914449e-09
12.0,90.0,60.0,550.0,540.0,560.0,2.94892763143e-09,2.94892763143e-09
12.0,90.0,60.0,570.0,560.0,580.0,1.82116171024e-09,1.82116171024e-09
12.0,90.0,60.0,590.0,580.0,600.0,1.68355033246e-09,1.68355033246e-09
12.0,90.0,60.0,610.0,600.0,620.0,1.32595090075e-09,1.32595090075e-09
12.0,90.0,60.0,630.0,620.0,640.0,1.6130894531e-09,1.6130894531e-09
12.0,90.0,60.0,650.0,640.0,660.0,1.88802562242e-09,1.88802562242e-09
12.0,90.0,60.0,670.0,660.0,680.0,2.13594187749e-09,2.13594187749e-09
12.0,90.0,60.0,690.0,680.0,700.0,2.20306564767e-09,2.20306564767e-09
12.0,90.0,60.0,710.0,700.0,720.0,2.13529809866e-09,2.13529809866e-09
12.0,90.0,60.0,730.0,720.0,740.0,1.98976642737e-09,1.98976642737e-09
12.0,90.0,60.0,750.0,740.0,760.0,1.74280376962e-09,1.74280376962e-09
12.0,90.0,60.0,770.0,760.0,780.0,1.58636541286e-09,1.58636541286e-09
12.0,90.0,90.0,390.0,380.0,400.0,9.17214371514e-09,9.17214371514e-09
12.0,90.0,90.0,410.0,400.0,420.0,1.23421355675e-08,1.23421355675e-08
12.0,90.0,90.0,430.0,420.0,440.0,1.00261842576e-08,1.00261842576e-08
12.0,90.0,90.0,450.0,440.0,460.0,9.79217606987e-09,9.79217606987e-09
12.0,90.0,90.0,470.0,460.0,480.0,8.11919917911e-09,8.11919917911e-09
12.0,90.0,90.0,490.0,480.0,500.0,6.03796559234e-09,6.03796559234e-09
12.0,90.0,90.0,510.0,500.0,520.0,4.08884265926e-09,4.08884265926e-09
12.0,90.0,90.0,530.0,520.0,540.0,2.60992318801e-09,2.60992318801e-09
12.0,90.0,90.0,550.0,540.0,560.0,1.8484846768e-09,1.8484846768e-09
12.0,90.0,90.0,570.0,560.0,580.0,1.11542554559e-09,1.11542554559e-09
12.0,90.0,90.0,590.0,580.0,600.0,1.0094185654e-09,1.0094185654e-09
12.0,90.0,90.0,610.0,600.0,620.0,7.79933863305e-10,7.79933863305e-10
12.0,90.0,90.0,630.0,620.0,640.0,9.32668133146e-10,9.32668133146e-10
12.0,90.0,90.0,650.0,640.0,660.0,1.07527052435e-09,1.07527052435e-09
12.0,90.0,90.0,670.0,660.0,680.0,1.20054304524e-09,1.20054304524e-09
12.0,90.0,90.0,690.0,680.0,700.0,1.2242543985e-09,1.2242543985e-09
12.0,90.0,90.0,710.0,700.0,720.0,1.17511910182e-09,1.17511910182e-09
12.0,90.0,90.0,730.0,720.0,740.0,1.08611478718e-09,1.08611478718e-09
12.0,90.0,90.0,750.0,740.0,760.0,9.44906263529e-10,9.44906263529e-10
12.0,90.0,90.0,770.0,760.0,780.0,8.55437867752e-10,8.55437867752e-10
12.0,180.0,0.0,390.0,380.0,400.0,8.91735211572e-09,8.91735211572e-09
12.0,180.0,0.0,410.0,400.0,420.0,1.37861029743e-08,1.37861029743e-08
12.0,180.0,0.0,430.0,420.0,440.0,1.26491098458e-08,1.26491098458e-08
12.0,180.0,0.0,450.0,440.0,460.0,1.3745102498e-08,1.3745102498e-08
12.0,180.0,0.0,470.0,460.0,480.0,1.25195112665e-08,1.25195112665e-08
12.0,180.0,0.0,490.0,480.0,500.0,1.01146953806e-08,1.01146953806e-08
12.0,180.0,0.0,510.0,500.0,520.0,7.36108321512e-09,7.36108321512e-09
12.0,180.0,0.0,530.0,520.0,540.0,4.99532484401e-09,4.99532484401e-09
12.0,180.0,0.0,550.0,540.0,560.0,3.75492824169e-09,3.75492824169e-09
12.0,180.0,0.0,570.0,560.0,580.0,2.37649051429e-09,2.37649051429e-09
12.0,180.0,0.0,590.0,580.0,600.0,2.29010597698e-09,2.29010597698e-09
12.0,180.0,0.0,610.0,600.0,620.0,1.86689514613e-09,1.86689514613e-09
12.0,180.0,0.0,630.0,620.0,640.0,2.39081777451e-09,2.39081777451e-09
12.0,180.0,0.0,650.0,640.0,660.0,2.93074674234e-09,2.93074674234e-09
12.0,180.0,0.0,670.0,660.0,680.0,3.45540957498e-09,3.45540957498e-09
12.0,180.0,0.0,690.0,680.0,700.0,3.70301384764e-09,3.70301384764e-09
12.0,180.0,0.0,710.0,700.0,720.0,3.72242878017e-09,3.72242878017e-09
12.0,180.0,0.0,730.0,720.0,740.0,3.59352975361e-09,3.59352975361e-09
12.0,180.0,0.0,750.0,740.0,760.0,3.2575925207e-09,3.2575925207e-09
12.0,180.0,0.0,770.0,760.0,780.0,3.0697197407e-09,3.0697197407e-09
12.0,180.0,0.5,390.0,380.0,400.0,1.01907909885e-08,1.01907909885e-08
12.0,180.0,0.5,410.0,400.0,420.0,1.5585782389e-08,1.5585782389e-08
12.0,180.0,0.5,430.0,420.0,440.0,1.41667311143e-08,1.41667311143e-08
12.0,180.0,0.5,450.0,440.0,460.0,1.52719124309e-08,1.52719124309e-08
12.0,180.0,0.5,470.0,460.0,480.0,1.38172449115e-08,1.38172449115e-08
12.0,180.0,0.5,490.0,480.0,500.0,1.11008723447e-08,1.11008723447e-08
12.0,180.0,0.5,510.0,500.0,520.0,8.04087947087e-09,8.04087947087e-09
12.0,180.0,0.5,530.0,520.0,540.0,5.43408223965e-09,5.43408223965e-09
12.0,180.0,0.5,550.0,540.0,560.0,4.06913827707e-09,4.06913827707e-09
12.0,180.0,0.5,570.0,560.0,580.0,2.56576441825e-09,2.56576441825e-09
12.0,180.0,0.5,590.0,580.0,600.0,2.46473610842e-09,2.46473610842e-09
12.0,180.0,0.5,610.0,600.0,620.0,2.00284438517e-09,2.00284438517e-09
12.0,180.0,0.5,630.0,620.0,640.0,2.55860239184e-09,2.55860239184e-09
12.0,180.0,0.5,650.0,640.0,660.0,3.12816072014e-09,3.12816072014e-09
12.0,180.0,0.5,670.0,660.0,680.0,3.6771679009e-09,3.6771679009e-09
12.0,180.0,0.5,690.0,680.0,700.0,3.92747271997e-09,3.92747271997e-09
12.0,180.0,0.5,710.0,700.0,720.0,3.9334430158e-09,3.9334430158e-09
12.0,180.0,0.5,730.0,720.0,740.0,3.78188121168e-09,3.78188121168e-09
12.0,180.0,0.5,750.0,740.0,760.0,3.41328772855e-09,3.41328772855e-09
12.0,180.0,0.5,770.0,760.0,780.0,3.20172289718e-09,3.20172289718e-09
12.0,180.0,1.0,390.0,380.0,400.0,1.04212256442e-08,1.04212256442e-08
12.0,180.0,1.0,410.0,400.0,420.0,1.59503760681e-08,1.59503760681e-08
12.0,180.0,1.0,430.0,420.0,440.0,1.45129308712e-08,1.45129308712e-08
12.0,180.0,1.0,450.0,440.0,460.0,1.56642551594e-08,1.56642551594e-08
12.0,180.0,1.0,470.0,460.0,480.0,1.41910701334e-08,1.41910701334e-08
12.0,180.0,1.0,490.0,480.0,500.0,1.14155807887e-08,1.14155807887e-08
12.0,180.0,1.0,510.0,500.0,520.0,8.27626376898e-09,8.27626376898e-09
12.0,180.0,1.0,530.0,520.0,540.0,5.59463789408e-09,5.59463789408e-09
12.0,180.0,1.0,550.0,540.0,560.0,4.19077568863e-09,4.19077568863e-09
12.0,180.0,1.0,570.0,560.0,580.0,2.64051443551e-09,2.64051443551e-09
12.0,180.0,1.0,590.0,580.0,600.0,2.53802102717e-09,2.53802102717e-09
12.0,180.0,1.0,610.0,600.0,620.0,2.0613668519e-09,2.0613668519e-09
12.0,180.0,1.0,630.0,620.0,640.0,2.63443856318e-09,2.63443856318e-09
12.0,180.0,1.0,650.0,640.0,660.0,3.21905420116e-09,3.21905420116e-09
12.0,180.0,1.0,670.0,660.0,680.0,3.77847665211e-09,3.77847665211e-09
12.0,180.0,1.0,690.0,680.0,700.0,4.02700344067e-09,4.02700344067e-09
12.0,180.0,1.0,710.0,700.0,720.0,4.02229253456e-09,4.02229253456e-09
12.0,180.0,1.0,730.0,720.0,740.0,3.85524453471e-09,3.85524453471e-09
12.0,180.0,1.0,750.0,740.0,760.0,3.46732420148e-09,3.46732420148e-09
12.0,180.0,1.0,770.0,760.0,780.0,3.24042200627e-09,3.24042200627e-09
12.0,180.0,2.0,390.0,380.0,400.0,1.08199698212e-08,1.08199698212e-08
12.0,180.0,2.0,410.0,400.0,420.0,1.65836916409e-08,1.65836916409e-08
12.0,180.0,2.0,430.0,420.0,440.0,1.51148256995e-08,1.51148256995e-08
12.0,180.0,2.0,450.0,440.0,460.0,1.63434886283e-08,1.63434886283e-08
12.0,180.0,2.0,470.0,460.0,480.0,1.48310525942e-08,1.48310525942e-08
12.0,180.0,2.0,490.0,480.0,500.0,1.19439157679e-08,1.19439157679e-08
12.0,180.0,2.0,510.0,500.0,520.0,8.66012412655e-09,8.66012412655e-09
12.0,180.0,2.0,530.0,520.0,540.0,5.84649657886e-09,5.84649657886e-09
12.0,180.0,2.0,550.0,540.0,560.0,4.37340338681e-09,4.37340338681e-09
12.0,180.0,2.0,570.0,560.0,580.0,2.74664468765e-09,2.74664468765e-09
12.0,180.0,2.0,590.0,580.0,600.0,2.63649454016e-09,2.63649454016e-09
12.0,180.0,2.0,610.0,600.0,620.0,2.13470603364e-09,2.13470603364e-09
12.0,180.0,2.0,630.0,620.0,640.0,2.72267224567e-09,2.72267224567e-09
12.0,180.0,2.0,650.0,640.0,660.0,3.31534102598e-09,3.31534102598e-09
12.0,180.0,2.0,670.0,660.0,680.0,3.87341227275e-09,3.87341227275e-09
12.0,180.0,2.0,690.0,680.0,700.0,4.10568400744e-09,4.10568400744e-09
12.0,180.0,2.0,710.0,700.0,720.0,4.07624691668e-09,4.07624691668e-09
12.0,180.0,2.0,730.0,720.0,740.0,3.8819472867e-09,3.8819472867e-09
12.0,180.0,2.0,750.0,740.0,760.0,3.46790717228e-09,3.46790717228e-09
12.0,180.0,2.0,770.0,760.0,780.0,3.21899426635e-09,3.21899426635e-09
12.0,180.0,3.0,390.0,380.0,400.0,1.11910571072e-08,1.11910571072e-08
12.0,180.0,3.0,410.0,400.0,420.0,1.71607874482e-08,1.71607874482e-08
12.0,180.0,3.0,430.0,420.0,440.0,1.56480828454e-08,1.56480828454e-08
12.0,180.0,3.0,450.0,440.0,460.0,1.69231718311e-08,1.69231718311e-08
12.0,180.0,3.0,470.0,460.0,480.0,1.53518086442e-08,1.53518086442e-08
12.0,180.0,3.0,490.0,480.0,500.0,1.2349341017e-08,1.2349341017e-08
12.0,180.0,3.0,510.0,500.0,520.0,8.93456638718e-09,8.93456638718e-09
12.0,180.0,3.0,530.0,520.0,540.0,6.01183712385e-09,6.01183712385e-09
12.0,180.0,3.0,550.0,540.0,560.0,4.48183300021e-09,4.48183300021e-09
12.0,180.0,3.0,570.0,560.0,580.0,2.80194333846e-09,2.80194333846e-09
12.0,180.0,3.0,590.0,580.0,600.0,2.68030389404e-09,2.68030389404e-09
12.0,180.0,3.0,610.0,600.0,620.0,2.16050192163e-09,2.16050192163e-09
12.0,180.0,3.0,630.0,620.0,640.0,2.74454684974e-09,2.74454684974e-09
12.0,180.0,3.0,650.0,640.0,660.0,3.32619841956e-09,3.32619841956e-09
12.0,180.0,3.0,670.0,660.0,680.0,3.86587781038e-09,3.86587781038e-09
12.0,180.0,3.0,690.0,680.0,700.0,4.07536486805e-09,4.07536486805e-09
12.0,180.0,3.0,710.0,700.0,720.0,4.02363701689e-09,4.02363701689e-09
12.0,180.0,3.0,730.0,720.0,740.0,3.81041028465e-09,3.81041028465e-09
12.0,180.0,3.0,750.0,740.0,760.0,3.38497517612e-09,3.38497517612e-09
12.0,180.0,3.0,770.0,760.0,780.0,3.12482857886e-09,3.12482857886e-09
12.0,180.0,5.0,390.0,380.0,400.0,1.18644842086e-08,1.18644842086e-08
12.0,180.0,5.0,410.0,400.0,420.0,1.81538506965e-08,1.81538506965e-08
12.0,180.0,5.0,430.0,420.0,440.0,1.65038910088e-08,1.65038910088e-08
12.0,180.0,5.0,450.0,440.0,460.0,1.7775285247e-08,1.7775285247e-08
12.0,180.0,5.0,470.0,460.0,480.0,1.60390829314e-08,1.60390829314e-08
12.0,180.0,5.0,490.0,480.0,500.0,1.28176713167e-08,1.28176713167e-08
12.0,180.0,5.0,510.0,500.0,520.0,9.20159350165e-09,9.20159350165e-09
12.0,180.0,5.0,530.0,520.0,540.0,6.13797615538e-09,6.13797615538e-09
12.0,180.0,5.0,550.0,540.0,560.0,4.53663078542e-09,4.53663078542e-09
12.0,180.0,5.0,570.0,560.0,580.0,2.81049701035e-09,2.81049701035e-09
12.0,180.0,5.0,590.0,580.0,600.0,2.66525434209e-09,2.66525434209e-09
12.0,180.0,5.0,610.0,600.0,620.0,2.12897977092e-09,2.12897977092e-09
12.0,180.0,5.0,630.0,620.0,640.0,2.67921277714e-09,2.67921277714e-09
12.0,180.0,5.0,650.0,640.0,660.0,3.21632844911e-09,3.21632844911e-09
12.0,180.0,5.0,670.0,660.0,680.0,3.70341994595e-09,3.70341994595e-09
12.0,180.0,5.0,690.0,680.0,700.0,3.86884326231e-09,3.86884326231e-09
12.0,180.0,5.0,710.0,700.0,720.0,3.78640256173e-09,3.78640256173e-09
12.0,180.0,5.0,730.0,720.0,740.0,3.55560629934e-09,3.55560629934e-09
12.0,180.0,5.0,750.0,740.0,760.0,3.13308211897e-09,3.13308211897e-09
12.0,180.0,5.0,770.0,760.0,780.0,2.86985854945e-09,2.86985854945e-09
12.0,180.0,8.0,390.0,380.0,400.0,1.26124988165e-08,1.26124988165e-08
12.0,180.0,8.0,410.0,400.0,420.0,1.91146096501e-08,1.91146096501e-08
12.0,180.0,8.0,430.0,420.0,440.0,1.71938689447e-08,1.71938689447e-08
12.0,180.0,8.0,450.0,440.0,460.0,1.83070832146e-08,1.83070832146e-08
12.0,180.0,8.0,470.0,460.0,480.0,1.63214655058e-08,1.63214655058e-08
12.0,180.0,8.0,490.0,480.0,500.0,1.28842246652e-08,1.28842246652e-08
12.0,180.0,8.0,510.0,500.0,520.0,9.1379030663e-09,9.1379030663e-09
12.0,180.0,8.0,530.0,520.0,540.0,6.02580931244e-09,6.02580931244e-09
12.0,180.0,8.0,550.0,540.0,560.0,4.40410816681e-09,4.40410816681e-09
12.0,180.0,8.0,570.0,560.0,580.0,2.70129931759e-09,2.70129931759e-09
12.0,180.0,8.0,590.0,580.0,600.0,2.53240432572e-09,2.53240432572e-09
12.0,180.0,8.0,610.0,600.0,620.0,2.00179576223e-09,2.00179576223e-09
12.0,180.0,8.0,630.0,620.0,640.0,2.48837984604e-09,2.48837984604e-09
12.0,180.0,8.0,650.0,640.0,660.0,2.95364091031e-09,2.95364091031e-09
12.0,180.0,8.0,670.0,660.0,680.0,3.3662688314e-09,3.3662688314e-09
12.0,180.0,8.0,690.0,680.0,700.0,3.48377496414e-09,3.48377496414e-09
12.0,180.0,8.0,710.0,700.0,720.0,3.38005944594e-09,3.38005944594e-09
12.0,180.0,8.0,730.0,720.0,740.0,3.14848787229e-09,3.14848787229e-09
12.0,180.0,8.0,750.0,740.0,760.0,2.75356509573e-09,2.75356509573e-09
12.0,180.0,8.0,770.0,760.0,780.0,2.50425276891e-09,2.50425276891e-09
12.0,180.0,12.0,390.0,380.0,400.0,1.31121309529e-08,1.31121309529e-08
12.0,180.0,12.0,410.0,400.0,420.0,1.95470767911e-08,1.95470767911e-08
12.0,180.0,12.0,430.0,420.0,440.0,1.7304615013e-08,1.7304615013e-08
12.0,180.0,12.0,450.0,440.0,460.0,1.81466762819e-08,1.81466762819e-08
12.0,180.0,12.0,470.0,460.0,480.0,1.59485047204e-08,1.59485047204e-08
12.0,180.0,12.0,490.0,480.0,500.0,1.24240542928e-08,1.24240542928e-08
12.0,180.0,12.0,510.0,500.0,520.0,8.70751972993e-09,8.70751972993e-09
12.0,180.0,12.0,530.0,520.0,540.0,5.68373646087e-09,5.68373646087e-09
12.0,180.0,12.0,550.0,540.0,560.0,4.11285364202e-09,4.11285364202e-09
12.0,180.0,12.0,570.0,560.0,580.0,2.50292107117e-09,2.50292107117e-09
12.0,180.0,12.0,590.0,580.0,600.0,2.32149665008e-09,2.32149665008e-09
12.0,180.0,12.0,610.0,600.0,620.0,1.8187756471e-09,1.8187756471e-09
12.0,180.0,12.0,630.0,620.0,640.0,2.23485275153e-09,2.23485275153e-09
12.0,180.0,12.0,650.0,640.0,660.0,2.62602599471e-09,2.62602599471e-09
12.0,180.0,12.0,670.0,660.0,680.0,2.96693360134e-09,2.96693360134e-09
12.0,180.0,12.0,690.0,680.0,700.0,3.04699049566e-09,3.04699049566e-09
12.0,180.0,12.0,710.0,700.0,720.0,2.93588654252e-09,2.93588654252e-09
12.0,180.0,12.0,730.0,720.0,740.0,2.71754411646e-09,2.71754411646e-09
12.0,180.0,12.0,750.0,740.0,760.0,2.36304430007e-09,2.36304430007e-09
12.0,180.0,12.0,770.0,760.0,780.0,2.13734722511e-09,2.13734722511e-09
12.0,180.0,20.0,390.0,380.0,400.0,1.27407044841e-08,1.27407044841e-08
12.0,180.0,20.0,410.0,400.0,420.0,1.83910706813e-08,1.83910706813e-08
12.0,180.0,20.0,430.0,420.0,440.0,1.58260731917e-08,1.58260731917e-08
12.0,180.0,20.0,450.0,440.0,460.0,1.61909235021e-08,1.61909235021e-08
12.0,180.0,20.0,470.0,460.0,480.0,1.39278506989e-08,1.39278506989e-08
12.0,180.0,20.0,490.0,480.0,500.0,1.06526733214e-08,1.06526733214e-08
12.0,180.0,20.0,510.0,500.0,520.0,7.35439191592e-09,7.35439191592e-09
12.0,180.0,20.0,530.0,520.0,540.0,4.74478664054e-09,4.74478664054e-09
12.0,180.0,20.0,550.0,540.0,560.0,3.39408427859e-09,3.39408427859e-09
12.0,180.0,20.0,570.0,560.0,580.0,2.04970743349e-09,2.04970743349e-09
12.0,180.0,20.0,590.0,580.0,600.0,1.87679172716e-09,1.87679172716e-09
12.0,180.0,20.0,610.0,600.0,620.0,1.45618346265e-09,1.45618346265e-09
12.0,180.0,20.0,630.0,620.0,640.0,1.76433383373e-09,1.76433383373e-09
12.0,180.0,20.0,650.0,640.0,660.0,2.04943776884e-09,2.04943776884e-09
12.0,180.0,20.0,670.0,660.0,680.0,2.29423896175e-09,2.29423896175e-09
12.0,180.0,20.0,690.0,680.0,700.0,2.33816886229e-09,2.33816886229e-09
12.0,180.0,20.0,710.0,700.0,720.0,2.23818467313e-09,2.23818467313e-09
12.0,180.0,20.0,730.0,720.0,740.0,2.05990273901e-09,2.05990273901e-09
12.0,180.0,20.0,750.0,740.0,760.0,1.78227088176e-09,1.78227088176e-09
12.0,180.0,20.0,770.0,760.0,780.0,1.60447548148e-09,1.60447548148e-09
12.0,180.0,30.0,390.0,380.0,400.0,1.19076784477e-08,1.19076784477e-08
12.0,180.0,30.0,410.0,400.0,420.0,1.67449714195e-08,1.67449714195e-08
12.0,180.0,30.0,430.0,420.0,440.0,1.40899647882e-08,1.40899647882e-08
12.0,180.0,30.0,450.0,440.0,460.0,1.41423497598e-08,1.41423497598e-08
12.0,180.0,30.0,470.0,460.0,480.0,1.1970260473e-08,1.1970260473e-08
12.0,180.0,30.0,490.0,480.0,500.0,9.03214785879e-09,9.03214785879e-09
12.0,180.0,30.0,510.0,500.0,520.0,6.16835589904e-09,6.16835589904e-09
12.0,180.0,30.0,530.0,520.0,540.0,3.94733976627e-09,3.94733976627e-09
12.0,180.0,30.0,550.0,540.0,560.0,2.80078290358e-09,2.80078290358e-09
12.0,180.0,30.0,570.0,560.0,580.0,1.68277325653e-09,1.68277325653e-09
12.0,180.0,30.0,590.0,580.0,600.0,1.52664428193e-09,1.52664428193e-09
12.0,180.0,30.0,610.0,600.0,620.0,1.17658381595e-09,1.17658381595e-09
12.0,180.0,30.0,630.0,620.0,640.0,1.41138958878e-09,1.41138958878e-09
12.0,180.0,30.0,650.0,640.0,660.0,1.62643518652e-09,1.62643518652e-09
12.0,180.0,30.0,670.0,660.0,680.0,1.80942495985e-09,1.80942495985e-09
12.0,180.0,30.0,690.0,680.0,700.0,1.83480379248e-09,1.83480379248e-09
12.0,180.0,30.0,710.0,700.0,720.0,1.74893836449e-09,1.74893836449e-09
12.0,180.0,30.0,730.0,720.0,740.0,1.60380281006e-09,1.60380281006e-09
12.0,180.0,30.0,750.0,740.0,760.0,1.38332618439e-09,1.38332618439e-09
12.0,180.0,30.0,770.0,760.0,780.0,1.24171360845e-09,1.24171360845e-09
12.0,180.0,45.0,390.0,380.0,400.0,1.0763089091e-08,1.0763089091e-08
12.0,180.0,45.0,410.0,400.0,420.0,1.47905193173e-08,1.47905193173e-08
12.0,180.0,45.0,430.0,420.0,440.0,1.22054059599e-08,1.22054059599e-08
12.0,180.0,45.0,450.0,440.0,460.0,1.20521129305e-08,1.20521129305e-08
12.0,180.0,45.0,470.0,460.0,480.0,1.00620665362e-08,1.00620665362e-08
12.0,180.0,45.0,490.0,480.0,500.0,7.50650123264e-09,7.50650123264e-09
12.0,180.0,45.0,510.0,500.0,520.0,5.0805736874e-09,5.0805736874e-09
12.0,180.0,45.0,530.0,520.0,540.0,3.22969988558e-09,3.22969988558e-09
12.0,180.0,45.0,550.0,540.0,560.0,2.27647010471e-09,2.27647010471e-09
12.0,180.0,45.0,570.0,560.0,580.0,1.36221110965e-09,1.36221110965e-09
12.0,180.0,45.0,590.0,580.0,600.0,1.22660870493e-09,1.22660870493e-09
12.0,180.0,45.0,610.0,600.0,620.0,9.40308268909e-10,9.40308268909e-10
12.0,180.0,45.0,630.0,620.0,640.0,1.11888668691e-09,1.11888668691e-09
12.0,180.0,45.0,650.0,640.0,660.0,1.28112178985e-09,1.28112178985e-09
12.0,180.0,45.0,670.0,660.0,680.0,1.4182176043e-09,1.4182176043e-09
12.0,180.0,45.0,690.0,680.0,700.0,1.43240834964e-09,1.43240834964e-09
12.0,180.0,45.0,710.0,700.0,720.0,1.36088626073e-09,1.36088626073e-09
12.0,180.0,45.0,730.0,720.0,740.0,1.24447968422e-09,1.24447968422e-09
12.0,180.0,45.0,750.0,740.0,760.0,1.07087752605e-09,1.07087752605e-09
12.0,180.0,45.0,770.0,760.0,780.0,9.59145829337e-10,9.59145829337e-10
12.0,180.0,60.0,390.0,380.0,400.0,9.34330543409e-09,9.34330543409e-09
12.0,180.0,60.0,410.0,400.0,420.0,1.26242484556e-08,1.26242484556e-08
12.0,180.0,60.0,430.0,420.0,440.0,1.02809383503e-08,1.02809383503e-08
12.0,180.0,60.0,450.0,440.0,460.0,1.00514099488e-08,1.00514099488e-08
12.0,180.0,60.0,470.0,460.0,480.0,8.33245900854e-09,8.33245900854e-09
12.0,180.0,60.0,490.0,480.0,500.0,6.18808782479e-09,6.18808782479e-09
12.0,180.0,60.0,510.0,500.0,520.0,4.17953744743e-09,4.17953744743e-09
12.0,180.0,60.0,530.0,520.0,540.0,2.65748353813e-09,2.65748353813e-09
12.0,180.0,60.0,550.0,540.0,560.0,1.87511619712e-09,1.87511619712e-09
12.0,180.0,60.0,570.0,560.0,580.0,1.12566701182e-09,1.12566701182e-09
12.0,180.0,60.0,590.0,580.0,600.0,1.01560140661e-09,1.01560140661e-09
12.0,180.0,60.0,610.0,600.0,620.0,7.81433779658e-10,7.81433779658e-10
12.0,180.0,60.0,630.0,620.0,640.0,9.32241072869e-10,9.32241072869e-10
12.0,180.0,60.0,650.0,640.0,660.0,1.07141255401e-09,1.07141255401e-09
12.0,180.0,60.0,670.0,660.0,680.0,1.19170357673e-09,1.19170357673e-09
12.0,180.0,60.0,690.0,680.0,700.0,1.21018092825e-09,1.21018092825e-09
12.0,180.0,60.0,710.0,700.0,720.0,1.15655683067e-09,1.15655683067e-09
12.0,180.0,60.0,730.0,720.0,740.0,1.06422868978e-09,1.06422868978e-09
12.0,180.0,60.0,750.0,740.0,760.0,9.21732369359e-10,9.21732369359e-10
12.0,180.0,60.0,770.0,760.0,780.0,8.30897978244e-10,8.30897978244e-10
12.0,180.0,90.0,390.0,380.0,400.0,9.17214371514e-09,9.17214371514e-09
12.0,180.0,90.0,410.0,400.0,420.0,1.23421355675e-08,1.23421355675e-08
12.0,180.0,90.0,430.0,420.0,440.0,1.00261842576e-08,1.00261842576e-08
12.0,180.0,90.0,450.0,440.0,460.0,9.79217606987e-09,9.79217606987e-09
12.0,180.0,90.0,470.0,460.0,480.0,8.11919917911e-09,8.11919917911e-09
12.0,180.0,90.0,490.0,480.0,500.0,6.03796559234e-09,6.03796559234e-09
12.0,180.0,90.0,510.0,500.0,520.0,4.08884265926e-09,4.08884265926e-09
12.0,180.0,90.0,530.0,520.0,540.0,2.60992318801e-09,2.60992318801e-09
12.0,180.0,90.0,550.0,540.0,560.0,1.8484846768e-09,1.8484846768e-09
12.0,180.0,90.0,570.0,560.0,580.0,1.11542554559e-09,1.11542554559e-09
12.0,180.0,90.0,590.0,580.0,600.0,1.0094185654e-09,1.0094185654e-09
12.0,180.0,90.0,610.0,600.0,620.0,7.79933863305e-10,7.79933863305e-10
12.0,180.0,90.0,630.0,620.0,640.0,9.32668133146e-10,9.32668133146e-10
12.0,180.0,90.0,650.0,640.0,660.0,1.07527052435e-09,1.07527052435e-09
12.0,180.0,90.0,670.0,660.0,680.0,1.20054304524e-09,1.20054304524e-09
12.0,180.0,90.0,690.0,680.0,700.0,1.2242543985e-09,1.2242543985e-09
12.0,180.0,90.0,710.0,700.0,720.0,1.17511910182e-09,1.17511910182e-09
12.0,180.0,90.0,730.0,720.0,740.0,1.08611478718e-09,1.08611478718e-09
12.0,180.0,90.0,750.0,740.0,760.0,9.44906263529e-10,9.44906263529e-10
12.0,180.0,90.0,770.0,760.0,780.0,8.55437867752e-10,8.55437867752e-10
15.0,0.0,0.0,390.0,380.0,400.0,8.31139862396e-11,8.31139862396e-11
15.0,0.0,0.0,410.0,400.0,420.0,1.36905209983e-10,1.36905209983e-10
15.0,0.0,0.0,430.0,420.0,440.0,1.5814244474e-10,1.5814244474e-10
15.0,0.0,0.0,450.0,440.0,460.0,3.48360376624e-10,3.48360376624e-10
15.0,0.0,0.0,470.0,460.0,480.0,9.7842218149e-10,9.7842218149e-10
15.0,0.0,0.0,490.0,480.0,500.0,2.52280534156e-09,2.52280534156e-09
15.0,0.0,0.0,510.0,500.0,520.0,5.15586952062e-09,5.15586952062e-09
15.0,0.0,0.0,530.0,520.0,540.0,8.48917005566e-09,8.48917005566e-09
15.0,0.0,0.0,550.0,540.0,560.0,1.37983578787e-08,1.37983578787e-08
15.0,0.0,0.0,570.0,560.0,580.0,1.6800559835e-08,1.6800559835e-08
15.0,0.0,0.0,590.0,580.0,600.0,2.92501767541e-08,2.92501767541e-08
15.0,0.0,0.0,610.0,600.0,620.0,3.95418305075e-08,3.95418305075e-08
15.0,0.0,0.0,630.0,620.0,640.0,8.09640919201e-08,8.09640919201e-08
15.0,0.0,0.0,650.0,640.0,660.0,1.50668155531e-07,1.50668155531e-07
15.0,0.0,0.0,670.0,660.0,680.0,2.57358360419e-07,2.57358360419e-07
15.0,0.0,0.0,690.0,680.0,700.0,3.8342056346e-07,3.8342056346e-07
15.0,0.0,0.0,710.0,700.0,720.0,5.17018801635e-07,5.17018801635e-07
15.0,0.0,0.0,730.0,720.0,740.0,6.48685240928e-07,6.48685240928e-07
15.0,0.0,0.0,750.0,740.0,760.0,7.41061696836e-07,7.41061696836e-07
15.0,0.0,0.0,770.0,760.0,780.0,8.6559772757e-07,8.6559772757e-07
15.0,0.0,0.5,390.0,380.0,400.0,8.66301521097e-11,8.66301521097e-11
15.0,0.0,0.5,410.0,400.0,420.0,1.96111471661e-10,1.96111471661e-10
15.0,0.0,0.5,430.0,420.0,440.0,4.98140489847e-10,4.98140489847e-10
15.0,0.0,0.5,450.0,440.0,460.0,1.96977673622e-09,1.96977673622e-09
15.0,0.0,0.5,470.0,460.0,480.0,5.90291736554e-09,5.90291736554e-09
15.0,0.0,0.5,490.0,480.0,500.0,1.32206787845e-08,1.32206787845e-08
15.0,0.0,0.5,510.0,500.0,520.0,2.27379199474e-08,2.27379199474e-08
15.0,0.0,0.5,530.0,520.0,540.0,3.18449988526e-08,3.18449988526e-08
15.0,0.0,0.5,550.0,540.0,560.0,4.48474881934e-08,4.48474881934e-08
15.0,0.0,0.5,570.0,560.0,580.0,4.81253930805e-08,4.81253930805e-08
15.0,0.0,0.5,590.0,580.0,600.0,7.51478588773e-08,7.51478588773e-08
15.0,0.0,0.5,610.0,600.0,620.0,9.2284751022e-08,9.2284751022e-08
15.0,0.0,0.5,630.0,620.0,640.0,1.73817744995e-07,1.73817744995e-07
15.0,0.0,0.5,650.0,640.0,660.0,2.99932921481e-07,2.99932921481e-07
15.0,0.0,0.5,670.0,660.0,680.0,4.78380015114e-07,4.78380015114e-07
15.0,0.0,0.5,690.0,680.0,700.0,6.69848737039e-07,6.69848737039e-07
15.0,0.0,0.5,710.0,700.0,720.0,8.53932031802e-07,8.53932031802e-07
15.0,0.0,0.5,730.0,720.0,740.0,1.0182791597e-06,1.0182791597e-06
15.0,0.0,0.5,750.0,740.0,760.0,1.11121373642e-06,1.11121373642e-06
15.0,0.0,0.5,770.0,760.0,780.0,1.24409375083e-06,1.24409375083e-06
15.0,0.0,1.0,390.0,380.0,400.0,1.17696947752e-10,1.17696947752e-10
15.0,0.0,1.0,410.0,400.0,420.0,5.05506362838e-10,5.05506362838e-10
15.0,0.0,1.0,430.0,420.0,440.0,1.7690931607e-09,1.7690931607e-09
15.0,0.0,1.0,450.0,440.0,460.0,6.53703241759e-09,6.53703241759e-09
15.0,0.0,1.0,470.0,460.0,480.0,1.67631490078e-08,1.67631490078e-08
15.0,0.0,1.0,490.0,480.0,500.0,3.22455742917e-08,3.22455742917e-08
15.0,0.0,1.0,510.0,500.0,520.0,4.85243170428e-08,4.85243170428e-08
15.0,0.0,1.0,530.0,520.0,540.0,6.05473931529e-08,6.05473931529e-08
15.0,0.0,1.0,550.0,540.0,560.0,7.71438367472e-08,7.71438367472e-08
15.0,0.0,1.0,570.0,560.0,580.0,7.58247939498e-08,7.58247939498e-08
15.0,0.0,1.0,590.0,580.0,600.0,1.09647502586e-07,1.09647502586e-07
15.0,0.0,1.0,610.0,600.0,620.0,1.2574283328e-07,1.2574283328e-07
15.0,0.0,1.0,630.0,620.0,640.0,2.22651230664e-07,2.22651230664e-07
15.0,0.0,1.0,650.0,640.0,660.0,3.63048263256e-07,3.63048263256e-07
15.0,0.0,1.0,670.0,660.0,680.0,5.49833354838e-07,5.49833354838e-07
15.0,0.0,1.0,690.0,680.0,700.0,7.34469289142e-07,7.34469289142e-07
15.0,0.0,1.0,710.0,700.0,720.0,8.9699535237e-07,8.9699535237e-07
15.0,0.0,1.0,730.0,720.0,740.0,1.02864195355e-06,1.02864195355e-06
15.0,0.0,1.0,750.0,740.0,760.0,1.08341721149e-06,1.08341721149e-06
15.0,0.0,1.0,770.0,760.0,780.0,1.1737638333e-06,1.1737638333e-06
15.0,0.0,2.0,390.0,380.0,400.0,4.21935484684e-10,4.21935484684e-10
15.0,0.0,2.0,410.0,400.0,420.0,2.41836342584e-09,2.41836342584e-09
15.0,0.0,2.0,430.0,420.0,440.0,6.98746439537e-09,6.98746439537e-09
15.0,0.0,2.0,450.0,440.0,460.0,1.97215889687e-08,1.97215889687e-08
15.0,0.0,2.0,470.0,460.0,480.0,3.97126627572e-08,3.97126627572e-08
15.0,0.0,2.0,490.0,480.0,500.0,6.23532385593e-08,6.23532385593e-08
15.0,0.0,2.0,510.0,500.0,520.0,7.92584642418e-08,7.92584642418e-08
15.0,0.0,2.0,530.0,520.0,540.0,8.58933651384e-08,8.58933651384e-08
15.0,0.0,2.0,550.0,540.0,560.0,9.71908579922e-08,9.71908579922e-08
15.0,0.0,2.0,570.0,560.0,580.0,8.63202199183e-08,8.63202199183e-08
15.0,0.0,2.0,590.0,580.0,600.0,1.14593507728e-07,1.14593507728e-07
15.0,0.0,2.0,610.0,600.0,620.0,1.21993852277e-07,1.21993852277e-07
15.0,0.0,2.0,630.0,620.0,640.0,2.02132679157e-07,2.02132679157e-07
15.0,0.0,2.0,650.0,640.0,660.0,3.09951812651e-07,3.09951812651e-07
15.0,0.0,2.0,670.0,660.0,680.0,4.43884278732e-07,4.43884278732e-07
15.0,0.0,2.0,690.0,680.0,700.0,5.63875914252e-07,5.63875914252e-07
15.0,0.0,2.0,710.0,700.0,720.0,6.58340726165e-07,6.58340726165e-07
15.0,0.0,2.0,730.0,720.0,740.0,7.25224703581e-07,7.25224703581e-07
15.0,0.0,2.0,750.0,740.0,760.0,7.3740700848e-07,7.3740700848e-07
15.0,0.0,2.0,770.0,760.0,780.0,7.72945315953e-07,7.72945315953e-07
15.0,0.0,3.0,390.0,380.0,400.0,9.33661188732e-10,9.33661188732e-10
15.0,0.0,3.0,410.0,400.0,420.0,4.40010707545e-09,4.40010707545e-09
15.0,0.0,3.0,430.0,420.0,440.0,1.02679185338e-08,1.02679185338e-08
15.0,0.0,3.0,450.0,440.0,460.0,2.41969762781e-08,2.41969762781e-08
15.0,0.0,3.0,470.0,460.0,480.0,4.20966117999e-08,4.20966117999e-08
15.0,0.0,3.0,490.0,480.0,500.0,5.87152124733e-08,5.87152124733e-08
15.0,0.0,3.0,510.0,500.0,520.0,6.77499473354e-08,6.77499473354e-08
15.0,0.0,3.0,530.0,520.0,540.0,6.77472008498e-08,6.77472008498e-08
15.0,0.0,3.0,550.0,540.0,560.0,7.17981256852e-08,7.17981256852e-08
15.0,0.0,3.0,570.0,560.0,580.0,6.01963983317e-08,6.01963983317e-08
15.0,0.0,3.0,590.0,580.0,600.0,7.6543163252e-08,7.6543163252e-08
15.0,0.0,3.0,610.0,600.0,620.0,7.8354475483e-08,7.8354475483e-08
15.0,0.0,3.0,630.0,620.0,640.0,1.25596666898e-07,1.25596666898e-07
15.0,0.0,3.0,650.0,640.0,660.0,1.86242113115e-07,1.86242113115e-07
15.0,0.0,3.0,670.0,660.0,680.0,2.58346276867e-07,2.58346276867e-07
15.0,0.0,3.0,690.0,680.0,700.0,3.18757628769e-07,3.18757628769e-07
15.0,0.0,3.0,710.0,700.0,720.0,3.62531396377e-07,3.62531396377e-07
15.0,0.0,3.0,730.0,720.0,740.0,3.90159908932e-07,3.90159908932e-07
15.0,0.0,3.0,750.0,740.0,760.0,3.88847820674e-07,3.88847820674e-07
15.0,0.0,3.0,770.0,760.0,780.0,3.99836986298e-07,3.99836986298e-07
15.0,0.0,5.0,390.0,380.0,400.0,6.45600885867e-10,6.45600885867e-10
15.0,0.0,5.0,410.0,400.0,420.0,2.39059804969e-09,2.39059804969e-09
15.0,0.0,5.0,430.0,420.0,440.0,4.68327904255e-09,4.68327904255e-09
15.0,0.0,5.0,450.0,440.0,460.0,9.66399521633e-09,9.66399521633e-09
15.0,0.0,5.0,470.0,460.0,480.0,1.51683793346e-08,1.51683793346e-08
15.0,0.0,5.0,490.0,480.0,500.0,1.94599562618e-08,1.94599562618e-08
15.0,0.0,5.0,510.0,500.0,520.0,2.08697542346e-08,2.08697542346e-08
15.0,0.0,5.0,530.0,520.0,540.0,1.95097588508e-08,1.95097588508e-08
15.0,0.0,5.0,550.0,540.0,560.0,1.98542759177e-08,1.98542759177e-08
15.0,0.0,5.0,570.0,560.0,580.0,1.58630571974e-08,1.58630571974e-08
15.0,0.0,5.0,590.0,580.0,600.0,2.01272893465e-08,2.01272893465e-08
15.0,0.0,5.0,610.0,600.0,620.0,2.03075142307e-08,2.03075142307e-08
15.0,0.0,5.0,630.0,620.0,640.0,3.2656555338e-08,3.2656555338e-08
15.0,0.0,5.0,650.0,640.0,660.0,4.7888268252e-08,4.7888268252e-08
15.0,0.0,5.0,670.0,660.0,680.0,6.5246126173e-08,6.5246126173e-08
15.0,0.0,5.0,690.0,680.0,700.0,7.89532345392e-08,7.89532345392e-08
15.0,0.0,5.0,710.0,700.0,720.0,8.8127455657e-08,8.8127455657e-08
15.0,0.0,5.0,730.0,720.0,740.0,9.32395733561e-08,9.32395733561e-08
15.0,0.0,5.0,750.0,740.0,760.0,9.1625600122e-08,9.1625600122e-08
15.0,0.0,5.0,770.0,760.0,780.0,9.2860149292e-08,9.2860149292e-08
15.0,0.0,8.0,390.0,380.0,400.0,1.2289506365e-10,1.2289506365e-10
15.0,0.0,8.0,410.0,400.0,420.0,2.07376932635e-10,2.07376932635e-10
15.0,0.0,8.0,430.0,420.0,440.0,2.21775520071e-10,2.21775520071e-10
15.0,0.0,8.0,450.0,440.0,460.0,3.26523936651e-10,3.26523936651e-10
15.0,0.0,8.0,470.0,460.0,480.0,4.86655378244e-10,4.86655378244e-10
15.0,0.0,8.0,490.0,480.0,500.0,7.14253121988e-10,7.14253121988e-10
15.0,0.0,8.0,510.0,500.0,520.0,9.44288090793e-10,9.44288090793e-10
15.0,0.0,8.0,530.0,520.0,540.0,1.1032848633e-09,1.1032848633e-09
15.0,0.0,8.0,550.0,540.0,560.0,1.33665306039e-09,1.33665306039e-09
15.0,0.0,8.0,570.0,560.0,580.0,1.26592457379e-09,1.26592457379e-09
15.0,0.0,8.0,590.0,580.0,600.0,1.73226215394e-09,1.73226215394e-09
15.0,0.0,8.0,610.0,600.0,620.0,1.89068330295e-09,1.89068330295e-09
15.0,0.0,8.0,630.0,620.0,640.0,3.04799376895e-09,3.04799376895e-09
15.0,0.0,8.0,650.0,640.0,660.0,4.46537532047e-09,4.46537532047e-09
15.0,0.0,8.0,670.0,660.0,680.0,6.10389262536e-09,6.10389262536e-09
15.0,0.0,8.0,690.0,680.0,700.0,7.43310844775e-09,7.43310844775e-09
15.0,0.0,8.0,710.0,700.0,720.0,8.36548599479e-09,8.36548599479e-09
15.0,0.0,8.0,730.0,720.0,740.0,8.93922613892e-09,8.93922613892e-09
15.0,0.0,8.0,750.0,740.0,760.0,8.91205585012e-09,8.91205585012e-09
15.0,0.0,8.0,770.0,760.0,780.0,9.09761800544e-09,9.09761800544e-09
15.0,0.0,12.0,390.0,380.0,400.0,9.873374363e-11,9.873374363e-11
15.0,0.0,12.0,410.0,400.0,420.0,1.45479692711e-10,1.45479692711e-10
15.0,0.0,12.0,430.0,420.0,440.0,1.27172364407e-10,1.27172364407e-10
15.0,0.0,12.0,450.0,440.0,460.0,1.30878916771e-10,1.30878916771e-10
15.0,0.0,12.0,470.0,460.0,480.0,1.12252845844e-10,1.12252845844e-10
15.0,0.0,12.0,490.0,480.0,500.0,8.46337048954e-11,8.46337048954e-11
15.0,0.0,12.0,510.0,500.0,520.0,5.66105489514e-11,5.66105489514e-11
15.0,0.0,12.0,530.0,520.0,540.0,3.47121332337e-11,3.47121332337e-11
15.0,0.0,12.0,550.0,540.0,560.0,2.42148743705e-11,2.42148743705e-11
15.0,0.0,12.0,570.0,560.0,580.0,1.38916014934e-11,1.38916014934e-11
15.0,0.0,12.0,590.0,580.0,600.0,1.32017947511e-11,1.32017947511e-11
15.0,0.0,12.0,610.0,600.0,620.0,1.04108153015e-11,1.04108153015e-11
15.0,0.0,12.0,630.0,620.0,640.0,1.36413144098e-11,1.36413144098e-11
15.0,0.0,12.0,650.0,640.0,660.0,1.68274741803e-11,1.68274741803e-11
15.0,0.0,12.0,670.0,660.0,680.0,1.97382903745e-11,1.97382903745e-11
15.0,0.0,12.0,690.0,680.0,700.0,2.09520030738e-11,2.09520030738e-11
15.0,0.0,12.0,710.0,700.0,720.0,2.08448878393e-11,2.08448878393e-11
15.0,0.0,12.0,730.0,720.0,740.0,1.99308255913e-11,1.99308255913e-11
15.0,0.0,12.0,750.0,740.0,760.0,1.79212698306e-11,1.79212698306e-11
15.0,0.0,12.0,770.0,760.0,780.0,1.67769619857e-11,1.67769619857e-11
15.0,0.0,20.0,390.0,380.0,400.0,7.1454613304e-11,7.1454613304e-11
15.0,0.0,20.0,410.0,400.0,420.0,9.62988911787e-11,9.62988911787e-11
15.0,0.0,20.0,430.0,420.0,440.0,7.7708850052e-11,7.7708850052e-11
15.0,0.0,20.0,450.0,440.0,460.0,7.44774727852e-11,7.44774727852e-11
15.0,0.0,20.0,470.0,460.0,480.0,5.99683734182e-11,5.99683734182e-11
15.0,0.0,20.0,490.0,480.0,500.0,4.27519729051e-11,4.27519729051e-11
15.0,0.0,20.0,510.0,500.0,520.0,2.72291039413e-11,2.72291039413e-11
15.0,0.0,20.0,530.0,520.0,540.0,1.60095663016e-11,1.60095663016e-11
15.0,0.0,20.0,550.0,540.0,560.0,1.07620150701e-11,1.07620150701e-11
15.0,0.0,20.0,570.0,560.0,580.0,6.00349709223e-12,6.00349709223e-12
15.0,0.0,20.0,590.0,580.0,600.0,5.56429187856e-12,5.56429187856e-12
15.0,0.0,20.0,610.0,600.0,620.0,4.32252572879e-12,4.32252572879e-12
15.0,0.0,20.0,630.0,620.0,640.0,5.58054604904e-12,5.58054604904e-12
15.0,0.0,20.0,650.0,640.0,660.0,6.82028836933e-12,6.82028836933e-12
15.0,0.0,20.0,670.0,660.0,680.0,7.97457300317e-12,7.97457300317e-12
15.0,0.0,20.0,690.0,680.0,700.0,8.48361241737e-12,8.48361241737e-12
15.0,0.0,20.0,710.0,700.0,720.0,8.49649267612e-12,8.49649267612e-12
15.0,0.0,20.0,730.0,720.0,740.0,8.20705975937e-12,8.20705975937e-12
15.0,0.0,20.0,750.0,740.0,760.0,7.48054951581e-12,7.48054951581e-12
15.0,0.0,20.0,770.0,760.0,780.0,7.09575714621e-12,7.09575714621e-12
15.0,0.0,30.0,390.0,380.0,400.0,5.53255739109e-11,5.53255739109e-11
15.0,0.0,30.0,410.0,400.0,420.0,7.2054902693e-11,7.2054902693e-11
15.0,0.0,30.0,430.0,420.0,440.0,5.65680253856e-11,5.65680253856e-11
15.0,0.0,30.0,450.0,440.0,460.0,5.3020039478e-11,5.3020039478e-11
15.0,0.0,30.0,470.0,460.0,480.0,4.19182543997e-11,4.19182543997e-11
15.0,0.0,30.0,490.0,480.0,500.0,2.94338687249e-11,2.94338687249e-11
15.0,0.0,30.0,510.0,500.0,520.0,1.85103270488e-11,1.85103270488e-11
15.0,0.0,30.0,530.0,520.0,540.0,1.07680649492e-11,1.07680649492e-11
15.0,0.0,30.0,550.0,540.0,560.0,7.17371390073e-12,7.17371390073e-12
15.0,0.0,30.0,570.0,560.0,580.0,3.9726340471e-12,3.9726340471e-12
15.0,0.0,30.0,590.0,580.0,600.0,3.66025340091e-12,3.66025340091e-12
15.0,0.0,30.0,610.0,600.0,620.0,2.83100765746e-12,2.83100765746e-12
15.0,0.0,30.0,630.0,620.0,640.0,3.64075057385e-12,3.64075057385e-12
15.0,0.0,30.0,650.0,640.0,660.0,4.4356928954e-12,4.4356928954e-12
15.0,0.0,30.0,670.0,660.0,680.0,5.17516621582e-12,5.17516621582e-12
15.0,0.0,30.0,690.0,680.0,700.0,5.49853840301e-12,5.49853840301e-12
15.0,0.0,30.0,710.0,700.0,720.0,5.5040801016e-12,5.5040801016e-12
15.0,0.0,30.0,730.0,720.0,740.0,5.31709342628e-12,5.31709342628e-12
15.0,0.0,30.0,750.0,740.0,760.0,4.84948393878e-12,4.84948393878e-12
15.0,0.0,30.0,770.0,760.0,780.0,4.6031545543e-12,4.6031545543e-12
15.0,0.0,45.0,390.0,380.0,400.0,3.93156609036e-11,3.93156609036e-11
15.0,0.0,45.0,410.0,400.0,420.0,4.94628440274e-11,4.94628440274e-11
15.0,0.0,45.0,430.0,420.0,440.0,3.77180907655e-11,3.77180907655e-11
15.0,0.0,45.0,450.0,440.0,460.0,3.44914884806e-11,3.44914884806e-11
15.0,0.0,45.0,470.0,460.0,480.0,2.67042701246e-11,2.67042701246e-11
15.0,0.0,45.0,490.0,480.0,500.0,1.8418614709e-11,1.8418614709e-11
15.0,0.0,45.0,510.0,500.0,520.0,1.14074076601e-11,1.14074076601e-11
15.0,0.0,45.0,530.0,520.0,540.0,6.55014682147e-12,6.55014682147e-12
15.0,0.0,45.0,550.0,540.0,560.0,4.31487538638e-12,4.31487538638e-12
15.0,0.0,45.0,570.0,560.0,580.0,2.36672873785e-12,2.36672873785e-12
15.0,0.0,45.0,590.0,580.0,600.0,2.16190191664e-12,2.16190191664e-12
15.0,0.0,45.0,610.0,600.0,620.0,1.65953624645e-12,1.65953624645e-12
15.0,0.0,45.0,630.0,620.0,640.0,2.11899682579e-12,2.11899682579e-12
15.0,0.0,45.0,650.0,640.0,660.0,2.56473036724e-12,2.56473036724e-12
15.0,0.0,45.0,670.0,660.0,680.0,2.97407730831e-12,2.97407730831e-12
15.0,0.0,45.0,690.0,680.0,700.0,3.14192200047e-12,3.14192200047e-12
15.0,0.0,45.0,710.0,700.0,720.0,3.12827740487e-12,3.12827740487e-12
15.0,0.0,45.0,730.0,720.0,740.0,3.00685622524e-12,3.00685622524e-12
15.0,0.0,45.0,750.0,740.0,760.0,2.7295849821e-12,2.7295849821e-12
15.0,0.0,45.0,770.0,760.0,780.0,2.57970132634e-12,2.57970132634e-12
15.0,0.0,60.0,390.0,380.0,400.0,3.12437559165e-11,3.12437559165e-11
15.0,0.0,60.0,410.0,400.0,420.0,3.85414727656e-11,3.85414727656e-11
15.0,0.0,60.0,430.0,420.0,440.0,2.88966692607e-11,2.88966692607e-11
15.0,0.0,60.0,450.0,440.0,460.0,2.60427316135e-11,2.60427316135e-11
15.0,0.0,60.0,470.0,460.0,480.0,1.9913664217e-11,1.9913664217e-11
15.0,0.0,60.0,490.0,480.0,500.0,1.35902833548e-11,1.35902833548e-11
15.0,0.0,60.0,510.0,500.0,520.0,8.34242938258e-12,8.34242938258e-12
15.0,0.0,60.0,530.0,520.0,540.0,4.75516792161e-12,4.75516792161e-12
15.0,0.0,60.0,550.0,540.0,560.0,3.11340878252e-12,3.11340878252e-12
15.0,0.0,60.0,570.0,560.0,580.0,1.69960028682e-12,1.69960028682e-12
15.0,0.0,60.0,590.0,580.0,600.0,1.54612469661e-12,1.54612469661e-12
15.0,0.0,60.0,610.0,600.0,620.0,1.18302468107e-12,1.18302468107e-12
15.0,0.0,60.0,630.0,620.0,640.0,1.50599902702e-12,1.50599902702e-12
15.0,0.0,60.0,650.0,640.0,660.0,1.81804339527e-12,1.81804339527e-12
15.0,0.0,60.0,670.0,660.0,680.0,2.10339109617e-12,2.10339109617e-12
15.0,0.0,60.0,690.0,680.0,700.0,2.21749834905e-12,2.21749834905e-12
15.0,0.0,60.0,710.0,700.0,720.0,2.20364441364e-12,2.20364441364e-12
15.0,0.0,60.0,730.0,720.0,740.0,2.11433325821e-12,2.11433325821e-12
15.0,0.0,60.0,750.0,740.0,760.0,1.91617776335e-12,1.91617776335e-12
15.0,0.0,60.0,770.0,760.0,780.0,1.80816862676e-12,1.80816862676e-12
15.0,0.0,90.0,390.0,380.0,400.0,2.40111686343e-11,2.40111686343e-11
15.0,0.0,90.0,410.0,400.0,420.0,2.86156721412e-11,2.86156721412e-11
15.0,0.0,90.0,430.0,420.0,440.0,2.07562336778e-11,2.07562336778e-11
15.0,0.0,90.0,450.0,440.0,460.0,1.81281545599e-11,1.81281545599e-11
15.0,0.0,90.0,470.0,460.0,480.0,1.34631816477e-11,1.34631816477e-11
15.0,0.0,90.0,490.0,480.0,500.0,8.94538140791e-12,8.94538140791e-12
15.0,0.0,90.0,510.0,500.0,520.0,5.36009975293e-12,5.36009975293e-12
15.0,0.0,90.0,530.0,520.0,540.0,2.99070670209e-12,2.99070670209e-12
15.0,0.0,90.0,550.0,540.0,560.0,1.922126455e-12,1.922126455e-12
15.0,0.0,90.0,570.0,560.0,580.0,1.03294953123e-12,1.03294953123e-12
15.0,0.0,90.0,590.0,580.0,600.0,9.26989621425e-13,9.26989621425e-13
15.0,0.0,90.0,610.0,600.0,620.0,7.01063985053e-13,7.01063985053e-13
15.0,0.0,90.0,630.0,620.0,640.0,8.83053676947e-13,8.83053676947e-13
15.0,0.0,90.0,650.0,640.0,660.0,1.05560004846e-12,1.05560004846e-12
15.0,0.0,90.0,670.0,660.0,680.0,1.20971688149e-12,1.20971688149e-12
15.0,0.0,90.0,690.0,680.0,700.0,1.26331336454e-12,1.26331336454e-12
15.0,0.0,90.0,710.0,700.0,720.0,1.2434642819e-12,1.2434642819e-12
15.0,0.0,90.0,730.0,720.0,740.0,1.18157271273e-12,1.18157271273e-12
15.0,0.0,90.0,750.0,740.0,760.0,1.06038546888e-12,1.06038546888e-12
15.0,0.0,90.0,770.0,760.0,780.0,9.91103558006e-13,9.91103558006e-13
15.0,90.0,0.0,390.0,380.0,400.0,4.29548940661e-11,4.29548940661e-11
15.0,90.0,0.0,410.0,400.0,420.0,6.13762763628e-11,6.13762763628e-11
15.0,90.0,0.0,430.0,420.0,440.0,5.26994354474e-11,5.26994354474e-11
15.0,90.0,0.0,450.0,440.0,460.0,5.38503711665e-11,5.38503711665e-11
15.0,90.0,0.0,470.0,460.0,480.0,4.63226611384e-11,4.63226611384e-11
15.0,90.0,0.0,490.0,480.0,500.0,3.53303127789e-11,3.53303127789e-11
15.0,90.0,0.0,510.0,500.0,520.0,2.40893628246e-11,2.40893628246e-11
15.0,90.0,0.0,530.0,520.0,540.0,1.51465406786e-11,1.51465406786e-11
15.0,90.0,0.0,550.0,540.0,560.0,1.08550524207e-11,1.08550524207e-11
15.0,90.0,0.0,570.0,560.0,580.0,6.41114728608e-12,6.41114728608e-12
15.0,90.0,0.0,590.0,580.0,600.0,6.26256431434e-12,6.26256431434e-12
15.0,90.0,0.0,610.0,600.0,620.0,5.08027372849e-12,5.08027372849e-12
15.0,90.0,0.0,630.0,620.0,640.0,6.8554786582e-12,6.8554786582e-12
15.0,90.0,0.0,650.0,640.0,660.0,8.73252455106e-12,8.73252455106e-12
15.0,90.0,0.0,670.0,660.0,680.0,1.06150787912e-11,1.06150787912e-11
15.0,90.0,0.0,690.0,680.0,700.0,1.17258802047e-11,1.17258802047e-11
15.0,90.0,0.0,710.0,700.0,720.0,1.21967732213e-11,1.21967732213e-11
15.0,90.0,0.0,730.0,720.0,740.0,1.22512459179e-11,1.22512459179e-11
15.0,90.0,0.0,750.0,740.0,760.0,1.16259704665e-11,1.16259704665e-11
15.0,90.0,0.0,770.0,760.0,780.0,1.1535103968e-11,1.1535103968e-11
15.0,90.0,0.5,390.0,380.0,400.0,4.41428778133e-11,4.41428778133e-11
15.0,90.0,0.5,410.0,400.0,420.0,6.34302537571e-11,6.34302537571e-11
15.0,90.0,0.5,430.0,420.0,440.0,5.47930521069e-11,5.47930521069e-11
15.0,90.0,0.5,450.0,440.0,460.0,5.63361187657e-11,5.63361187657e-11
15.0,90.0,0.5,470.0,460.0,480.0,4.87480952938e-11,4.87480952938e-11
15.0,90.0,0.5,490.0,480.0,500.0,3.73771317344e-11,3.73771317344e-11
15.0,90.0,0.5,510.0,500.0,520.0,2.55941123054e-11,2.55941123054e-11
15.0,90.0,0.5,530.0,520.0,540.0,1.61420072789e-11,1.61420072789e-11
15.0,90.0,0.5,550.0,540.0,560.0,1.15948896192e-11,1.15948896192e-11
15.0,90.0,0.5,570.0,560.0,580.0,6.85991035086e-12,6.85991035086e-12
15.0,90.0,0.5,590.0,580.0,600.0,6.71770688995e-12,6.71770688995e-12
15.0,90.0,0.5,610.0,600.0,620.0,5.4681354139e-12,5.4681354139e-12
15.0,90.0,0.5,630.0,620.0,640.0,7.41210234634e-12,7.41210234634e-12
15.0,90.0,0.5,650.0,640.0,660.0,9.49053363517e-12,9.49053363517e-12
15.0,90.0,0.5,670.0,660.0,680.0,1.16024623895e-11,1.16024623895e-11
15.0,90.0,0.5,690.0,680.0,700.0,1.28911789581e-11,1.28911789581e-11
15.0,90.0,0.5,710.0,700.0,720.0,1.34808581666e-11,1.34808581666e-11
15.0,90.0,0.5,730.0,720.0,740.0,1.3599894755e-11,1.3599894755e-11
15.0,90.0,0.5,750.0,740.0,760.0,1.29440233672e-11,1.29440233672e-11
15.0,90.0,0.5,770.0,760.0,780.0,1.28515224985e-11,1.28515224985e-11
15.0,90.0,1.0,390.0,380.0,400.0,4.70182129313e-11,4.70182129313e-11
15.0,90.0,1.0,410.0,400.0,420.0,6.812508788e-11,6.812508788e-11
15.0,90.0,1.0,430.0,420.0,440.0,5.92844437002e-11,5.92844437002e-11
15.0,90.0,1.0,450.0,440.0,460.0,6.13280908486e-11,6.13280908486e-11
15.0,90.0,1.0,470.0,460.0,480.0,5.33040741375e-11,5.33040741375e-11
15.0,90.0,1.0,490.0,480.0,500.0,4.09748032912e-11,4.09748032912e-11
15.0,90.0,1.0,510.0,500.0,520.0,2.8072431455e-11,2.8072431455e-11
15.0,90.0,1.0,530.0,520.0,540.0,1.76807444918e-11,1.76807444918e-11
15.0,90.0,1.0,550.0,540.0,560.0,1.26670129795e-11,1.26670129795e-11
15.0,90.0,1.0,570.0,560.0,580.0,7.4690735909e-12,7.4690735909e-12
15.0,90.0,1.0,590.0,580.0,600.0,7.29162029127e-12,7.29162029127e-12
15.0,90.0,1.0,610.0,600.0,620.0,5.91962767545e-12,5.91962767545e-12
15.0,90.0,1.0,630.0,620.0,640.0,8.00462834179e-12,8.00462834179e-12
15.0,90.0,1.0,650.0,640.0,660.0,1.02245730862e-11,1.02245730862e-11
15.0,90.0,1.0,670.0,660.0,680.0,1.24685547192e-11,1.24685547192e-11
15.0,90.0,1.0,690.0,680.0,700.0,1.38140475952e-11,1.38140475952e-11
15.0,90.0,1.0,710.0,700.0,720.0,1.43961832184e-11,1.43961832184e-11
15.0,90.0,1.0,730.0,720.0,740.0,1.44617559356e-11,1.44617559356e-11
15.0,90.0,1.0,750.0,740.0,760.0,1.36946507006e-11,1.36946507006e-11
15.0,90.0,1.0,770.0,760.0,780.0,1.35122536359e-11,1.35122536359e-11
15.0,90.0,2.0,390.0,380.0,400.0,5.05492741764e-11,5.05492741764e-11
15.0,90.0,2.0,410.0,400.0,420.0,7.36473679704e-11,7.36473679704e-11
15.0,90.0,2.0,430.0,420.0,440.0,6.43374891218e-11,6.43374891218e-11
15.0,90.0,2.0,450.0,440.0,460.0,6.66593425209e-11,6.66593425209e-11
15.0,90.0,2.0,470.0,460.0,480.0,5.7866223514e-11,5.7866223514e-11
15.0,90.0,2.0,490.0,480.0,500.0,4.42977930644e-11,4.42977930644e-11
15.0,90.0,2.0,510.0,500.0,520.0,3.01408689497e-11,3.01408689497e-11
15.0,90.0,2.0,530.0,520.0,540.0,1.88132471421e-11,1.88132471421e-11
15.0,90.0,2.0,550.0,540.0,560.0,1.33477172879e-11,1.33477172879e-11
15.0,90.0,2.0,570.0,560.0,580.0,7.79427627763e-12,7.79427627763e-12
15.0,90.0,2.0,590.0,580.0,600.0,7.54531652102e-12,7.54531652102e-12
15.0,90.0,2.0,610.0,600.0,620.0,6.08151453715e-12,6.08151453715e-12
15.0,90.0,2.0,630.0,620.0,640.0,8.16759556539e-12,8.16759556539e-12
15.0,90.0,2.0,650.0,640.0,660.0,1.036186608e-11,1.036186608e-11
15.0,90.0,2.0,670.0,660.0,680.0,1.25473667839e-11,1.25473667839e-11
15.0,90.0,2.0,690.0,680.0,700.0,1.37970347136e-11,1.37970347136e-11
15.0,90.0,2.0,710.0,700.0,720.0,1.42601710129e-11,1.42601710129e-11
15.0,90.0,2.0,730.0,720.0,740.0,1.41953424447e-11,1.41953424447e-11
15.0,90.0,2.0,750.0,740.0,760.0,1.33104960396e-11,1.33104960396e-11
15.0,90.0,2.0,770.0,760.0,780.0,1.29908349444e-11,1.29908349444e-11
15.0,90.0,3.0,390.0,380.0,400.0,5.37424576601e-11,5.37424576601e-11
15.0,90.0,3.0,410.0,400.0,420.0,7.83588280839e-11,7.83588280839e-11
15.0,90.0,3.0,430.0,420.0,440.0,6.83204013301e-11,6.83204013301e-11
15.0,90.0,3.0,450.0,440.0,460.0,7.04494249973e-11,7.04494249973e-11
15.0,90.0,3.0,470.0,460.0,480.0,6.07056190341e-11,6.07056190341e-11
15.0,90.0,3.0,490.0,480.0,500.0,4.60310845494e-11,4.60310845494e-11
15.0,90.0,3.0,510.0,500.0,520.0,3.09767555792e-11,3.09767555792e-11
15.0,90.0,3.0,530.0,520.0,540.0,1.91088466132e-11,1.91088466132e-11
15.0,90.0,3.0,550.0,540.0,560.0,1.34029244225e-11,1.34029244225e-11
15.0,90.0,3.0,570.0,560.0,580.0,7.74329148381e-12,7.74329148381e-12
15.0,90.0,3.0,590.0,580.0,600.0,7.42547438611e-12,7.42547438611e-12
15.0,90.0,3.0,610.0,600.0,620.0,5.93530820899e-12,5.93530820899e-12
15.0,90.0,3.0,630.0,620.0,640.0,7.90709338247e-12,7.90709338247e-12
15.0,90.0,3.0,650.0,640.0,660.0,9.95246251487e-12,9.95246251487e-12
15.0,90.0,3.0,670.0,660.0,680.0,1.19578928718e-11,1.19578928718e-11
15.0,90.0,3.0,690.0,680.0,700.0,1.30464867585e-11,1.30464867585e-11
15.0,90.0,3.0,710.0,700.0,720.0,1.33782420702e-11,1.33782420702e-11
15.0,90.0,3.0,730.0,720.0,740.0,1.3211108007e-11,1.3211108007e-11
15.0,90.0,3.0,750.0,740.0,760.0,1.2288409022e-11,1.2288409022e-11
15.0,90.0,3.0,770.0,760.0,780.0,1.18945163277e-11,1.18945163277e-11
15.0,90.0,5.0,390.0,380.0,400.0,5.85964135107e-11,5.85964135107e-11
15.0,90.0,5.0,410.0,400.0,420.0,8.45435058162e-11,8.45435058162e-11
15.0,90.0,5.0,430.0,420.0,440.0,7.2594758961e-11,7.2594758961e-11
15.0,90.0,5.0,450.0,440.0,460.0,7.34656507558e-11,7.34656507558e-11
15.0,90.0,5.0,470.0,460.0,480.0,6.19943996416e-11,6.19943996416e-11
15.0,90.0,5.0,490.0,480.0,500.0,4.59922488114e-11,4.59922488114e-11
15.0,90.0,5.0,510.0,500.0,520.0,3.02831104633e-11,3.02831104633e-11
15.0,90.0,5.0,530.0,520.0,540.0,1.82952616675e-11,1.82952616675e-11
15.0,90.0,5.0,550.0,540.0,560.0,1.25893491253e-11,1.25893491253e-11
15.0,90.0,5.0,570.0,560.0,580.0,7.15107935387e-12,7.15107935387e-12
15.0,90.0,5.0,590.0,580.0,600.0,6.75474764182e-12,6.75474764182e-12
15.0,90.0,5.0,610.0,600.0,620.0,5.32866851298e-12,5.32866851298e-12
15.0,90.0,5.0,630.0,620.0,640.0,7.00783222415e-12,7.00783222415e-12
15.0,90.0,5.0,650.0,640.0,660.0,8.71276790848e-12,8.71276790848e-12
15.0,90.0,5.0,670.0,660.0,680.0,1.03464917877e-11,1.03464917877e-11
15.0,90.0,5.0,690.0,680.0,700.0,1.11624485706e-11,1.11624485706e-11
15.0,90.0,5.0,710.0,700.0,720.0,1.13230927189e-11,1.13230927189e-11
15.0,90.0,5.0,730.0,720.0,740.0,1.10652898127e-11,1.10652898127e-11
15.0,90.0,5.0,750.0,740.0,760.0,1.0190000289e-11,1.0190000289e-11
15.0,90.0,5.0,770.0,760.0,780.0,9.76570583182e-12,9.76570583182e-12
15.0,90.0,8.0,390.0,380.0,400.0,6.17594584406e-11,6.17594584406e-11
15.0,90.0,8.0,410.0,400.0,420.0,8.66785240322e-11,8.66785240322e-11
15.0,90.0,8.0,430.0,420.0,440.0,7.22929197248e-11,7.22929197248e-11
15.0,90.0,8.0,450.0,440.0,460.0,7.10891787919e-11,7.10891787919e-11
15.0,90.0,8.0,470.0,460.0,480.0,5.83774271972e-11,5.83774271972e-11
15.0,90.0,8.0,490.0,480.0,500.0,4.22332875261e-11,4.22332875261e-11
15.0,90.0,8.0,510.0,500.0,520.0,2.71829085965e-11,2.71829085965e-11
15.0,90.0,8.0,530.0,520.0,540.0,1.60952225532e-11,1.60952225532e-11
15.0,90.0,8.0,550.0,540.0,560.0,1.08812357995e-11,1.08812357995e-11
15.0,90.0,8.0,570.0,560.0,580.0,6.08904124074e-12,6.08904124074e-12
15.0,90.0,8.0,590.0,580.0,600.0,5.67381788457e-12,5.67381788457e-12
15.0,90.0,8.0,610.0,600.0,620.0,4.42462070502e-12,4.42462070502e-12
15.0,90.0,8.0,630.0,620.0,640.0,5.75162306598e-12,5.75162306598e-12
15.0,90.0,8.0,650.0,640.0,660.0,7.07417053678e-12,7.07417053678e-12
15.0,90.0,8.0,670.0,660.0,680.0,8.31784141233e-12,8.31784141233e-12
15.0,90.0,8.0,690.0,680.0,700.0,8.89246744868e-12,8.89246744868e-12
15.0,90.0,8.0,710.0,700.0,720.0,8.94481203209e-12,8.94481203209e-12
15.0,90.0,8.0,730.0,720.0,740.0,8.67321880881e-12,8.67321880881e-12
15.0,90.0,8.0,750.0,740.0,760.0,7.93039638158e-12,7.93039638158e-12
15.0,90.0,8.0,770.0,760.0,780.0,7.54747630765e-12,7.54747630765e-12
15.0,90.0,12.0,390.0,380.0,400.0,6.0845450335e-11,6.0845450335e-11
15.0,90.0,12.0,410.0,400.0,420.0,8.25982285269e-11,8.25982285269e-11
15.0,90.0,12.0,430.0,420.0,440.0,6.68372283854e-11,6.68372283854e-11
15.0,90.0,12.0,450.0,440.0,460.0,6.39940896362e-11,6.39940896362e-11
15.0,90.0,12.0,470.0,460.0,480.0,5.13466413701e-11,5.13466413701e-11
15.0,90.0,12.0,490.0,480.0,500.0,3.64121921284e-11,3.64121921284e-11
15.0,90.0,12.0,510.0,500.0,520.0,2.30403213293e-11,2.30403213293e-11
15.0,90.0,12.0,530.0,520.0,540.0,1.34479422697e-11,1.34479422697e-11
15.0,90.0,12.0,550.0,540.0,560.0,8.97991537288e-12,8.97991537288e-12
15.0,90.0,12.0,570.0,560.0,580.0,4.97477382152e-12,4.97477382152e-12
15.0,90.0,12.0,590.0,580.0,600.0,4.59222567067e-12,4.59222567067e-12
15.0,90.0,12.0,610.0,600.0,620.0,3.55362486314e-12,3.55362486314e-12
15.0,90.0,12.0,630.0,620.0,640.0,4.58243124208e-12,4.58243124208e-12
15.0,90.0,12.0,650.0,640.0,660.0,5.59515107547e-12,5.59515107547e-12
15.0,90.0,12.0,670.0,660.0,680.0,6.53628253274e-12,6.53628253274e-12
15.0,90.0,12.0,690.0,680.0,700.0,6.94772654103e-12,6.94772654103e-12
15.0,90.0,12.0,710.0,700.0,720.0,6.95281666978e-12,6.95281666978e-12
15.0,90.0,12.0,730.0,720.0,740.0,6.71079439931e-12,6.71079439931e-12
15.0,90.0,12.0,750.0,740.0,760.0,6.1113650761e-12,6.1113650761e-12
15.0,90.0,12.0,770.0,760.0,780.0,5.79356399104e-12,5.79356399104e-12
15.0,90.0,20.0,390.0,380.0,400.0,5.35731620541e-11,5.35731620541e-11
15.0,90.0,20.0,410.0,400.0,420.0,6.97893518431e-11,6.97893518431e-11
15.0,90.0,20.0,430.0,420.0,440.0,5.45721958227e-11,5.45721958227e-11
15.0,90.0,20.0,450.0,440.0,460.0,5.08002114898e-11,5.08002114898e-11
15.0,90.0,20.0,470.0,460.0,480.0,3.98280197784e-11,3.98280197784e-11
15.0,90.0,20.0,490.0,480.0,500.0,2.77111436121e-11,2.77111436121e-11
15.0,90.0,20.0,510.0,500.0,520.0,1.72631188975e-11,1.72631188975e-11
15.0,90.0,20.0,530.0,520.0,540.0,9.94886552961e-12,9.94886552961e-12
15.0,90.0,20.0,550.0,540.0,560.0,6.57220263155e-12,6.57220263155e-12
15.0,90.0,20.0,570.0,560.0,580.0,3.61012160146e-12,3.61012160146e-12
15.0,90.0,20.0,590.0,580.0,600.0,3.3055912561e-12,3.3055912561e-12
15.0,90.0,20.0,610.0,600.0,620.0,2.54149904606e-12,2.54149904606e-12
15.0,90.0,20.0,630.0,620.0,640.0,3.25463175725e-12,3.25463175725e-12
15.0,90.0,20.0,650.0,640.0,660.0,3.94945460559e-12,3.94945460559e-12
15.0,90.0,20.0,670.0,660.0,680.0,4.58929423992e-12,4.58929423992e-12
15.0,90.0,20.0,690.0,680.0,700.0,4.85595379955e-12,4.85595379955e-12
15.0,90.0,20.0,710.0,700.0,720.0,4.84040688471e-12,4.84040688471e-12
15.0,90.0,20.0,730.0,720.0,740.0,4.65602706274e-12,4.65602706274e-12
15.0,90.0,20.0,750.0,740.0,760.0,4.2280106043e-12,4.2280106043e-12
15.0,90.0,20.0,770.0,760.0,780.0,3.99696809641e-12,3.99696809641e-12
15.0,90.0,30.0,390.0,380.0,400.0,4.46895633745e-11,4.46895633745e-11
15.0,90.0,30.0,410.0,400.0,420.0,5.6682010953e-11,5.6682010953e-11
15.0,90.0,30.0,430.0,420.0,440.0,4.3393641068e-11,4.3393641068e-11
15.0,90.0,30.0,450.0,440.0,460.0,3.97210327303e-11,3.97210327303e-11
15.0,90.0,30.0,470.0,460.0,480.0,3.07268780411e-11,3.07268780411e-11
15.0,90.0,30.0,490.0,480.0,500.0,2.11497530754e-11,2.11497530754e-11
15.0,90.0,30.0,510.0,500.0,520.0,1.30621457251e-11,1.30621457251e-11
15.0,90.0,30.0,530.0,520.0,540.0,7.47596621343e-12,7.47596621343e-12
15.0,90.0,30.0,550.0,540.0,560.0,4.90993527389e-12,4.90993527389e-12
15.0,90.0,30.0,570.0,560.0,580.0,2.6848649689e-12,2.6848649689e-12
15.0,90.0,30.0,590.0,580.0,600.0,2.44770078539e-12,2.44770078539e-12
15.0,90.0,30.0,610.0,600.0,620.0,1.87547657596e-12,1.87547657596e-12
15.0,90.0,30.0,630.0,620.0,640.0,2.39285178502e-12,2.39285178502e-12
15.0,90.0,30.0,650.0,640.0,660.0,2.89423838688e-12,2.89423838688e-12
15.0,90.0,30.0,670.0,660.0,680.0,3.35377722886e-12,3.35377722886e-12
15.0,90.0,30.0,690.0,680.0,700.0,3.54024359242e-12,3.54024359242e-12
15.0,90.0,30.0,710.0,700.0,720.0,3.52173709358e-12,3.52173709358e-12
15.0,90.0,30.0,730.0,720.0,740.0,3.38164780351e-12,3.38164780351e-12
15.0,90.0,30.0,750.0,740.0,760.0,3.06625670909e-12,3.06625670909e-12
15.0,90.0,30.0,770.0,760.0,780.0,2.89450786493e-12,2.89450786493e-12
15.0,90.0,45.0,390.0,380.0,400.0,3.56372843951e-11,3.56372843951e-11
15.0,90.0,45.0,410.0,400.0,420.0,4.4252721719e-11,4.4252721719e-11
15.0,90.0,45.0,430.0,420.0,440.0,3.33145060719e-11,3.33145060719e-11
15.0,90.0,45.0,450.0,440.0,460.0,3.00904852415e-11,3.00904852415e-11
15.0,90.0,45.0,470.0,460.0,480.0,2.30291853335e-11,2.30291853335e-11
15.0,90.0,45.0,490.0,480.0,500.0,1.57148791167e-11,1.57148791167e-11
15.0,90.0,45.0,510.0,500.0,520.0,9.63803489611e-12,9.63803489611e-12
15.0,90.0,45.0,530.0,520.0,540.0,5.48531186142e-12,5.48531186142e-12
15.0,90.0,45.0,550.0,540.0,560.0,3.5854730079e-12,3.5854730079e-12
15.0,90.0,45.0,570.0,560.0,580.0,1.95329299378e-12,1.95329299378e-12
15.0,90.0,45.0,590.0,580.0,600.0,1.77439041151e-12,1.77439041151e-12
15.0,90.0,45.0,610.0,600.0,620.0,1.35564689421e-12,1.35564689421e-12
15.0,90.0,45.0,630.0,620.0,640.0,1.72438241795e-12,1.72438241795e-12
15.0,90.0,45.0,650.0,640.0,660.0,2.08006195697e-12,2.08006195697e-12
15.0,90.0,45.0,670.0,660.0,680.0,2.40458237464e-12,2.40458237464e-12
15.0,90.0,45.0,690.0,680.0,700.0,2.53288996017e-12,2.53288996017e-12
15.0,90.0,45.0,710.0,700.0,720.0,2.51483200772e-12,2.51483200772e-12
15.0,90.0,45.0,730.0,720.0,740.0,2.4106001927e-12,2.4106001927e-12
15.0,90.0,45.0,750.0,740.0,760.0,2.18235700522e-12,2.18235700522e-12
15.0,90.0,45.0,770.0,760.0,780.0,2.05698881263e-12,2.05698881263e-12
15.0,90.0,60.0,390.0,380.0,400.0,2.97885459696e-11,2.97885459696e-11
15.0,90.0,60.0,410.0,400.0,420.0,3.65403580891e-11,3.65403580891e-11
15.0,90.0,60.0,430.0,420.0,440.0,2.72452166856e-11,2.72452166856e-11
15.0,90.0,60.0,450.0,440.0,460.0,2.44221409477e-11,2.44221409477e-11
15.0,90.0,60.0,470.0,460.0,480.0,1.85781350632e-11,1.85781350632e-11
15.0,90.0,60.0,490.0,480.0,500.0,1.26162982148e-11,1.26162982148e-11
15.0,90.0,60.0,510.0,500.0,520.0,7.70814765628e-12,7.70814765628e-12
15.0,90.0,60.0,530.0,520.0,540.0,4.37413323567e-12,4.37413323567e-12
15.0,90.0,60.0,550.0,540.0,560.0,2.85251965605e-12,2.85251965605e-12
15.0,90.0,60.0,570.0,560.0,580.0,1.55164884301e-12,1.55164884301e-12
15.0,90.0,60.0,590.0,580.0,600.0,1.40760952769e-12,1.40760952769e-12
15.0,90.0,60.0,610.0,600.0,620.0,1.07463512058e-12,1.07463512058e-12
15.0,90.0,60.0,630.0,620.0,640.0,1.3657030394e-12,1.3657030394e-12
15.0,90.0,60.0,650.0,640.0,660.0,1.64637504895e-12,1.64637504895e-12
15.0,90.0,60.0,670.0,660.0,680.0,1.9025932538e-12,1.9025932538e-12
15.0,90.0,60.0,690.0,680.0,700.0,2.00387802452e-12,2.00387802452e-12
15.0,90.0,60.0,710.0,700.0,720.0,1.98966776909e-12,1.98966776909e-12
15.0,90.0,60.0,730.0,720.0,740.0,1.90749354325e-12,1.90749354325e-12
15.0,90.0,60.0,750.0,740.0,760.0,1.72734237353e-12,1.72734237353e-12
15.0,90.0,60.0,770.0,760.0,780.0,1.62850600875e-12,1.62850600875e-12
15.0,90.0,90.0,390.0,380.0,400.0,2.40111686343e-11,2.40111686343e-11
15.0,90.0,90.0,410.0,400.0,420.0,2.86156721412e-11,2.86156721412e-11
15.0,90.0,90.0,430.0,420.0,440.0,2.07562336778e-11,2.07562336778e-11
15.0,90.0,90.0,450.0,440.0,460.0,1.81281545599e-11,1.81281545599e-11
15.0,90.0,90.0,470.0,460.0,480.0,1.34631816477e-11,1.34631816477e-11
15.0,90.0,90.0,490.0,480.0,500.0,8.94538140791e-12,8.94538140791e-12
15.0,90.0,90.0,510.0,500.0,520.0,5.36009975293e-12,5.36009975293e-12
15.0,90.0,90.0,530.0,520.0,540.0,2.99070670209e-12,2.99070670209e-12
15.0,90.0,90.0,550.0,540.0,560.0,1.922126455e-12,1.922126455e-12
15.0,90.0,90.0,570.0,560.0,580.0,1.03294953123e-12,1.03294953123e-12
15.0,90.0,90.0,590.0,580.0,600.0,9.26989621425e-13,9.26989621425e-13
15.0,90.0,90.0,610.0,600.0,620.0,7.01063985053e-13,7.01063985053e-13
15.0,90.0,90.0,630.0,620.0,640.0,8.83053676947e-13,8.83053676947e-13
15.0,90.0,90.0,650.0,640.0,660.0,1.05560004846e-12,1.05560004846e-12
15.0,90.0,90.0,670.0,660.0,680.0,1.20971688149e-12,1.20971688149e-12
15.0,90.0,90.0,690.0,680.0,700.0,1.26331336454e-12,1.26331336454e-12
15.0,90.0,90.0,710.0,700.0,720.0,1.2434642819e-12,1.2434642819e-12
15.0,90.0,90.0,730.0,720.0,740.0,1.18157271273e-12,1.18157271273e-12
15.0,90.0,90.0,750.0,740.0,760.0,1.06038546888e-12,1.06038546888e-12
15.0,90.0,90.0,770.0,760.0,780.0,9.91103558006e-13,9.91103558006e-13
15.0,180.0,0.0,390.0,380.0,400.0,3.77864421763e-11,3.77864421763e-11
15.0,180.0,0.0,410.0,400.0,420.0,5.27244758274e-11,5.27244758274e-11
15.0,180.0,0.0,430.0,420.0,440.0,4.39843251624e-11,4.39843251624e-11
15.0,180.0,0.0,450.0,440.0,460.0,4.34467014522e-11,4.34467014522e-11
15.0,180.0,0.0,470.0,460.0,480.0,3.59549192312e-11,3.59549192312e-11
15.0,180.0,0.0,490.0,480.0,500.0,2.62658917425e-11,2.62658917425e-11
15.0,180.0,0.0,510.0,500.0,520.0,1.7088888739e-11,1.7088888739e-11
15.0,180.0,0.0,530.0,520.0,540.0,1.02229042288e-11,1.02229042288e-11
15.0,180.0,0.0,550.0,540.0,560.0,6.95350228252e-12,6.95350228252e-12
15.0,180.0,0.0,570.0,560.0,580.0,3.89323927104e-12,3.89323927104e-12
15.0,180.0,0.0,590.0,580.0,600.0,3.59662683131e-12,3.59662683131e-12
15.0,180.0,0.0,610.0,600.0,620.0,2.7570273377e-12,2.7570273377e-12
15.0,180.0,0.0,630.0,620.0,640.0,3.50428367871e-12,3.50428367871e-12
15.0,180.0,0.0,650.0,640.0,660.0,4.19700905321e-12,4.19700905321e-12
15.0,180.0,0.0,670.0,660.0,680.0,4.78870101703e-12,4.78870101703e-12
15.0,180.0,0.0,690.0,680.0,700.0,4.95686701071e-12,4.95686701071e-12
15.0,180.0,0.0,710.0,700.0,720.0,4.82411468605e-12,4.82411468605e-12
15.0,180.0,0.0,730.0,720.0,740.0,4.52901106916e-12,4.52901106916e-12
15.0,180.0,0.0,750.0,740.0,760.0,4.01571882903e-12,4.01571882903e-12
15.0,180.0,0.0,770.0,760.0,780.0,3.724103603e-12,3.724103603e-12
15.0,180.0,0.5,390.0,380.0,400.0,3.97525910529e-11,3.97525910529e-11
15.0,180.0,0.5,410.0,400.0,420.0,5.53567378997e-11,5.53567378997e-11
15.0,180.0,0.5,430.0,420.0,440.0,4.60874481747e-11,4.60874481747e-11
15.0,180.0,0.5,450.0,440.0,460.0,4.54243097156e-11,4.54243097156e-11
15.0,180.0,0.5,470.0,460.0,480.0,3.74960435754e-11,3.74960435754e-11
15.0,180.0,0.5,490.0,480.0,500.0,2.731011621e-11,2.731011621e-11
15.0,180.0,0.5,510.0,500.0,520.0,1.77067394952e-11,1.77067394952e-11
15.0,180.0,0.5,530.0,520.0,540.0,1.05513512539e-11,1.05513512539e-11
15.0,180.0,0.5,550.0,540.0,560.0,7.14797661084e-12,7.14797661084e-12
15.0,180.0,0.5,570.0,560.0,580.0,3.98652119504e-12,3.98652119504e-12
15.0,180.0,0.5,590.0,580.0,600.0,3.67066935985e-12,3.67066935985e-12
15.0,180.0,0.5,610.0,600.0,620.0,2.80733549097e-12,2.80733549097e-12
15.0,180.0,0.5,630.0,620.0,640.0,3.56307575682e-12,3.56307575682e-12
15.0,180.0,0.5,650.0,640.0,660.0,4.26602661684e-12,4.26602661684e-12
15.0,180.0,0.5,670.0,660.0,680.0,4.87241445232e-12,4.87241445232e-12
15.0,180.0,0.5,690.0,680.0,700.0,5.0557682222e-12,5.0557682222e-12
15.0,180.0,0.5,710.0,700.0,720.0,4.93894724437e-12,4.93894724437e-12
15.0,180.0,0.5,730.0,720.0,740.0,4.65984986845e-12,4.65984986845e-12
15.0,180.0,0.5,750.0,740.0,760.0,4.15676764227e-12,4.15676764227e-12
15.0,180.0,0.5,770.0,760.0,780.0,3.87897862537e-12,3.87897862537e-12
15.0,180.0,1.0,390.0,380.0,400.0,4.08052924036e-11,4.08052924036e-11
15.0,180.0,1.0,410.0,400.0,420.0,5.68596820716e-11,5.68596820716e-11
15.0,180.0,1.0,430.0,420.0,440.0,4.73380592714e-11,4.73380592714e-11
15.0,180.0,1.0,450.0,440.0,460.0,4.66220007318e-11,4.66220007318e-11
15.0,180.0,1.0,470.0,460.0,480.0,3.84262069318e-11,3.84262069318e-11
15.0,180.0,1.0,490.0,480.0,500.0,2.79245300175e-11,2.79245300175e-11
15.0,180.0,1.0,510.0,500.0,520.0,1.80524478424e-11,1.80524478424e-11
15.0,180.0,1.0,530.0,520.0,540.0,1.07209878949e-11,1.07209878949e-11
15.0,180.0,1.0,550.0,540.0,560.0,7.23763752736e-12,7.23763752736e-12
15.0,180.0,1.0,570.0,560.0,580.0,4.02356918006e-12,4.02356918006e-12
15.0,180.0,1.0,590.0,580.0,600.0,3.69545928157e-12,3.69545928157e-12
15.0,180.0,1.0,610.0,600.0,620.0,2.82231424274e-12,2.82231424274e-12
15.0,180.0,1.0,630.0,620.0,640.0,3.57976587292e-12,3.57976587292e-12
15.0,180.0,1.0,650.0,640.0,660.0,4.28752285388e-12,4.28752285388e-12
15.0,180.0,1.0,670.0,660.0,680.0,4.90421880536e-12,4.90421880536e-12
15.0,180.0,1.0,690.0,680.0,700.0,5.10175630975e-12,5.10175630975e-12
15.0,180.0,1.0,710.0,700.0,720.0,5.00111269792e-12,5.00111269792e-12
15.0,180.0,1.0,730.0,720.0,740.0,4.73802617819e-12,4.73802617819e-12
15.0,180.0,1.0,750.0,740.0,760.0,4.24622404542e-12,4.24622404542e-12
15.0,180.0,1.0,770.0,760.0,780.0,3.97992984023e-12,3.97992984023e-12
15.0,180.0,2.0,390.0,380.0,400.0,4.27740580366e-11,4.27740580366e-11
15.0,180.0,2.0,410.0,400.0,420.0,5.95681795092e-11,5.95681795092e-11
15.0,180.0,2.0,430.0,420.0,440.0,4.94880550678e-11,4.94880550678e-11
15.0,180.0,2.0,450.0,440.0,460.0,4.85642824908e-11,4.85642824908e-11
15.0,180.0,2.0,470.0,460.0,480.0,3.98287980272e-11,3.98287980272e-11
15.0,180.0,2.0,490.0,480.0,500.0,2.87681801662e-11,2.87681801662e-11
15.0,180.0,2.0,510.0,500.0,520.0,1.8469905432e-11,1.8469905432e-11
15.0,180.0,2.0,530.0,520.0,540.0,1.08897047338e-11,1.08897047338e-11
15.0,180.0,2.0,550.0,540.0,560.0,7.30125347552e-12,7.30125347552e-12
15.0,180.0,2.0,570.0,560.0,580.0,4.03593645074e-12,4.03593645074e-12
15.0,180.0,2.0,590.0,580.0,600.0,3.69186887821e-12,3.69186887821e-12
15.0,180.0,2.0,610.0,600.0,620.0,2.81508121892e-12,2.81508121892e-12
15.0,180.0,2.0,630.0,620.0,640.0,3.56936799743e-12,3.56936799743e-12
15.0,180.0,2.0,650.0,640.0,660.0,4.28076840638e-12,4.28076840638e-12
15.0,180.0,2.0,670.0,660.0,680.0,4.91129728551e-12,4.91129728551e-12
15.0,180.0,2.0,690.0,680.0,700.0,5.13155570865e-12,5.13155570865e-12
15.0,180.0,2.0,710.0,700.0,720.0,5.05697310522e-12,5.05697310522e-12
15.0,180.0,2.0,730.0,720.0,740.0,4.81829561137e-12,4.81829561137e-12
15.0,180.0,2.0,750.0,740.0,760.0,4.34327027916e-12,4.34327027916e-12
15.0,180.0,2.0,770.0,760.0,780.0,4.09023865649e-12,4.09023865649e-12
15.0,180.0,3.0,390.0,380.0,400.0,4.45273789235e-11,4.45273789235e-11
15.0,180.0,3.0,410.0,400.0,420.0,6.1836653931e-11,6.1836653931e-11
15.0,180.0,3.0,430.0,420.0,440.0,5.1153247704e-11,5.1153247704e-11
15.0,180.0,3.0,450.0,440.0,460.0,4.99247633485e-11,4.99247633485e-11
15.0,180.0,3.0,470.0,460.0,480.0,4.06854893951e-11,4.06854893951e-11
15.0,180.0,3.0,490.0,480.0,500.0,2.91855552034e-11,2.91855552034e-11
15.0,180.0,3.0,510.0,500.0,520.0,1.8606349598e-11,1.8606349598e-11
15.0,180.0,3.0,530.0,520.0,540.0,1.08965222819e-11,1.08965222819e-11
15.0,180.0,3.0,550.0,540.0,560.0,7.26328586441e-12,7.26328586441e-12
15.0,180.0,3.0,570.0,560.0,580.0,3.9981150006e-12,3.9981150006e-12
15.0,180.0,3.0,590.0,580.0,600.0,3.64804674839e-12,3.64804674839e-12
15.0,180.0,3.0,610.0,600.0,620.0,2.78121451943e-12,2.78121451943e-12
15.0,180.0,3.0,630.0,620.0,640.0,3.52883908124e-12,3.52883908124e-12
15.0,180.0,3.0,650.0,640.0,660.0,4.24014829905e-12,4.24014829905e-12
15.0,180.0,3.0,670.0,660.0,680.0,4.87901080462e-12,4.87901080462e-12
15.0,180.0,3.0,690.0,680.0,700.0,5.11614783349e-12,5.11614783349e-12
15.0,180.0,3.0,710.0,700.0,720.0,5.06092381228e-12,5.06092381228e-12
15.0,180.0,3.0,730.0,720.0,740.0,4.83937617277e-12,4.83937617277e-12
15.0,180.0,3.0,750.0,740.0,760.0,4.37613682381e-12,4.37613682381e-12
15.0,180.0,3.0,770.0,760.0,780.0,4.12953384769e-12,4.12953384769e-12
15.0,180.0,5.0,390.0,380.0,400.0,4.72696260259e-11,4.72696260259e-11
15.0,180.0,5.0,410.0,400.0,420.0,6.49812420958e-11,6.49812420958e-11
15.0,180.0,5.0,430.0,420.0,440.0,5.310736264e-11,5.310736264e-11
15.0,180.0,5.0,450.0,440.0,460.0,5.11556973915e-11,5.11556973915e-11
15.0,180.0,5.0,470.0,460.0,480.0,4.11318093054e-11,4.11318093054e-11
15.0,180.0,5.0,490.0,480.0,500.0,2.91205115232e-11,2.91205115232e-11
15.0,180.0,5.0,510.0,500.0,520.0,1.8338467352e-11,1.8338467352e-11
15.0,180.0,5.0,530.0,520.0,540.0,1.06252686299e-11,1.06252686299e-11
15.0,180.0,5.0,550.0,540.0,560.0,7.02290329693e-12,7.02290329693e-12
15.0,180.0,5.0,570.0,560.0,580.0,3.84615233739e-12,3.84615233739e-12
15.0,180.0,5.0,590.0,580.0,600.0,3.50126122162e-12,3.50126122162e-12
15.0,180.0,5.0,610.0,600.0,620.0,2.67300095276e-12,2.67300095276e-12
15.0,180.0,5.0,630.0,620.0,640.0,3.39883782913e-12,3.39883782913e-12
15.0,180.0,5.0,650.0,640.0,660.0,4.09808274217e-12,4.09808274217e-12
15.0,180.0,5.0,670.0,660.0,680.0,4.73627094108e-12,4.73627094108e-12
15.0,180.0,5.0,690.0,680.0,700.0,4.98962750725e-12,4.98962750725e-12
15.0,180.0,5.0,710.0,700.0,720.0,4.95699841864e-12,4.95699841864e-12
15.0,180.0,5.0,730.0,720.0,740.0,4.75644144458e-12,4.75644144458e-12
15.0,180.0,5.0,750.0,740.0,760.0,4.31171951476e-12,4.31171951476e-12
15.0,180.0,5.0,770.0,760.0,780.0,4.07167940387e-12,4.07167940387e-12
15.0,180.0,8.0,390.0,380.0,400.0,4.94737572271e-11,4.94737572271e-11
15.0,180.0,8.0,410.0,400.0,420.0,6.66752231205e-11,6.66752231205e-11
15.0,180.0,8.0,430.0,420.0,440.0,5.34134284212e-11,5.34134284212e-11
15.0,180.0,8.0,450.0,440.0,460.0,5.04803240464e-11,5.04803240464e-11
15.0,180.0,8.0,470.0,460.0,480.0,3.98841228641e-11,3.98841228641e-11
15.0,180.0,8.0,490.0,480.0,500.0,2.77992823584e-11,2.77992823584e-11
15.0,180.0,8.0,510.0,500.0,520.0,1.72724507776e-11,1.72724507776e-11
15.0,180.0,8.0,530.0,520.0,540.0,9.89931370636e-12,9.89931370636e-12
15.0,180.0,8.0,550.0,540.0,560.0,6.49105297004e-12,6.49105297004e-12
15.0,180.0,8.0,570.0,560.0,580.0,3.53941830845e-12,3.53941830845e-12
15.0,180.0,8.0,590.0,580.0,600.0,3.21637164774e-12,3.21637164774e-12
15.0,180.0,8.0,610.0,600.0,620.0,2.45878371815e-12,2.45878371815e-12
15.0,180.0,8.0,630.0,620.0,640.0,3.13142221289e-12,3.13142221289e-12
15.0,180.0,8.0,650.0,640.0,660.0,3.78406783997e-12,3.78406783997e-12
15.0,180.0,8.0,670.0,660.0,680.0,4.38418462728e-12,4.38418462728e-12
15.0,180.0,8.0,690.0,680.0,700.0,4.62889788916e-12,4.62889788916e-12
15.0,180.0,8.0,710.0,700.0,720.0,4.60566084031e-12,4.60566084031e-12
15.0,180.0,8.0,730.0,720.0,740.0,4.42202293984e-12,4.42202293984e-12
15.0,180.0,8.0,750.0,740.0,760.0,4.00718061354e-12,4.00718061354e-12
15.0,180.0,8.0,770.0,760.0,780.0,3.77804715272e-12,3.77804715272e-12
15.0,180.0,12.0,390.0,380.0,400.0,4.97302713629e-11,4.97302713629e-11
15.0,180.0,12.0,410.0,400.0,420.0,6.53709812451e-11,6.53709812451e-11
15.0,180.0,12.0,430.0,420.0,440.0,5.12003063533e-11,5.12003063533e-11
15.0,180.0,12.0,450.0,440.0,460.0,4.74411046336e-11,4.74411046336e-11
15.0,180.0,12.0,470.0,460.0,480.0,3.68502655273e-11,3.68502655273e-11
15.0,180.0,12.0,490.0,480.0,500.0,2.53172872456e-11,2.53172872456e-11
15.0,180.0,12.0,510.0,500.0,520.0,1.55436843345e-11,1.55436843345e-11
15.0,180.0,12.0,530.0,520.0,540.0,8.82436549645e-12,8.82436549645e-12
15.0,180.0,12.0,550.0,540.0,560.0,5.74569261701e-12,5.74569261701e-12
15.0,180.0,12.0,570.0,560.0,580.0,3.119071713e-12,3.119071713e-12
15.0,180.0,12.0,590.0,580.0,600.0,2.82716824284e-12,2.82716824284e-12
15.0,180.0,12.0,610.0,600.0,620.0,2.15956400198e-12,2.15956400198e-12
15.0,180.0,12.0,630.0,620.0,640.0,2.74874052696e-12,2.74874052696e-12
15.0,180.0,12.0,650.0,640.0,660.0,3.32034142505e-12,3.32034142505e-12
15.0,180.0,12.0,670.0,660.0,680.0,3.84517638077e-12,3.84517638077e-12
15.0,180.0,12.0,690.0,680.0,700.0,4.05673726891e-12,4.05673726891e-12
15.0,180.0,12.0,710.0,700.0,720.0,4.03148568793e-12,4.03148568793e-12
15.0,180.0,12.0,730.0,720.0,740.0,3.86407684287e-12,3.86407684287e-12
15.0,180.0,12.0,750.0,740.0,760.0,3.49385224225e-12,3.49385224225e-12
15.0,180.0,12.0,770.0,760.0,780.0,3.28504309562e-12,3.28504309562e-12
15.0,180.0,20.0,390.0,380.0,400.0,4.50665768103e-11,4.50665768103e-11
15.0,180.0,20.0,410.0,400.0,420.0,5.70789773264e-11,5.70789773264e-11
15.0,180.0,20.0,430.0,420.0,440.0,4.33452875131e-11,4.33452875131e-11
15.0,180.0,20.0,450.0,440.0,460.0,3.91577509718e-11,3.91577509718e-11
15.0,180.0,20.0,470.0,460.0,480.0,2.97950158203e-11,2.97950158203e-11
15.0,180.0,20.0,490.0,480.0,500.0,2.01312518923e-11,2.01312518923e-11
15.0,180.0,20.0,510.0,500.0,520.0,1.21951524815e-11,1.21951524815e-11
15.0,180.0,20.0,530.0,520.0,540.0,6.85014821255e-12,6.85014821255e-12
15.0,180.0,20.0,550.0,540.0,560.0,4.42334634639e-12,4.42334634639e-12
15.0,180.0,20.0,570.0,560.0,580.0,2.38585316871e-12,2.38585316871e-12
15.0,180.0,20.0,590.0,580.0,600.0,2.15140846467e-12,2.15140846467e-12
15.0,180.0,20.0,610.0,600.0,620.0,1.6361684341e-12,1.6361684341e-12
15.0,180.0,20.0,630.0,620.0,640.0,2.07381458628e-12,2.07381458628e-12
15.0,180.0,20.0,650.0,640.0,660.0,2.49456380522e-12,2.49456380522e-12
15.0,180.0,20.0,670.0,660.0,680.0,2.87626373705e-12,2.87626373705e-12
15.0,180.0,20.0,690.0,680.0,700.0,3.02063919272e-12,3.02063919272e-12
15.0,180.0,20.0,710.0,700.0,720.0,2.98755805042e-12,2.98755805042e-12
15.0,180.0,20.0,730.0,720.0,740.0,2.84954031667e-12,2.84954031667e-12
15.0,180.0,20.0,750.0,740.0,760.0,2.56381383591e-12,2.56381383591e-12
15.0,180.0,20.0,770.0,760.0,780.0,2.39889104426e-12,2.39889104426e-12
15.0,180.0,30.0,390.0,380.0,400.0,3.82225195149e-11,3.82225195149e-11
15.0,180.0,30.0,410.0,400.0,420.0,4.71182984549e-11,4.71182984549e-11
15.0,180.0,30.0,430.0,420.0,440.0,3.50185044429e-11,3.50185044429e-11
15.0,180.0,30.0,450.0,440.0,460.0,3.11011577731e-11,3.11011577731e-11
15.0,180.0,30.0,470.0,460.0,480.0,2.3349758047e-11,2.3349758047e-11
15.0,180.0,30.0,490.0,480.0,500.0,1.56116475266e-11,1.56116475266e-11
15.0,180.0,30.0,510.0,500.0,520.0,9.38011775888e-12,9.38011775888e-12
15.0,180.0,30.0,530.0,520.0,540.0,5.23524207354e-12,5.23524207354e-12
15.0,180.0,30.0,550.0,540.0,560.0,3.36279603404e-12,3.36279603404e-12
15.0,180.0,30.0,570.0,560.0,580.0,1.8056685172e-12,1.8056685172e-12
15.0,180.0,30.0,590.0,580.0,600.0,1.6211070249e-12,1.6211070249e-12
15.0,180.0,30.0,610.0,600.0,620.0,1.22746808159e-12,1.22746808159e-12
15.0,180.0,30.0,630.0,620.0,640.0,1.54889021793e-12,1.54889021793e-12
15.0,180.0,30.0,650.0,640.0,660.0,1.85480529521e-12,1.85480529521e-12
15.0,180.0,30.0,670.0,660.0,680.0,2.12886546645e-12,2.12886546645e-12
15.0,180.0,30.0,690.0,680.0,700.0,2.22547318689e-12,2.22547318689e-12
15.0,180.0,30.0,710.0,700.0,720.0,2.19112668109e-12,2.19112668109e-12
15.0,180.0,30.0,730.0,720.0,740.0,2.08071918289e-12,2.08071918289e-12
15.0,180.0,30.0,750.0,740.0,760.0,1.86419700688e-12,1.86419700688e-12
15.0,180.0,30.0,770.0,760.0,780.0,1.7375201309e-12,1.7375201309e-12
15.0,180.0,45.0,390.0,380.0,400.0,3.12739727231e-11,3.12739727231e-11
15.0,180.0,45.0,410.0,400.0,420.0,3.77676383256e-11,3.77676383256e-11
15.0,180.0,45.0,430.0,420.0,440.0,2.76199530271e-11,2.76199530271e-11
15.0,180.0,45.0,450.0,440.0,460.0,2.42236230164e-11,2.42236230164e-11
15.0,180.0,45.0,470.0,460.0,480.0,1.8009549201e-11,1.8009549201e-11
15.0,180.0,45.0,490.0,480.0,500.0,1.19505950283e-11,1.19505950283e-11
15.0,180.0,45.0,510.0,500.0,520.0,7.13883689961e-12,7.13883689961e-12
15.0,180.0,45.0,530.0,520.0,540.0,3.96642573104e-12,3.96642573104e-12
15.0,180.0,45.0,550.0,540.0,560.0,2.53812289322e-12,2.53812289322e-12
15.0,180.0,45.0,570.0,560.0,580.0,1.35827577386e-12,1.35827577386e-12
15.0,180.0,45.0,590.0,580.0,600.0,1.2151318585e-12,1.2151318585e-12
15.0,180.0,45.0,610.0,600.0,620.0,9.16689076775e-13,9.16689076775e-13
15.0,180.0,45.0,630.0,620.0,640.0,1.15232982457e-12,1.15232982457e-12
15.0,180.0,45.0,650.0,640.0,660.0,1.37462646545e-12,1.37462646545e-12
15.0,180.0,45.0,670.0,660.0,680.0,1.57159851519e-12,1.57159851519e-12
15.0,180.0,45.0,690.0,680.0,700.0,1.63653790397e-12,1.63653790397e-12
15.0,180.0,45.0,710.0,700.0,720.0,1.60515683674e-12,1.60515683674e-12
15.0,180.0,45.0,730.0,720.0,740.0,1.51871714694e-12,1.51871714694e-12
15.0,180.0,45.0,750.0,740.0,760.0,1.35596969626e-12,1.35596969626e-12
15.0,180.0,45.0,770.0,760.0,780.0,1.25987171011e-12,1.25987171011e-12
15.0,180.0,60.0,390.0,380.0,400.0,2.62754371078e-11,2.62754371078e-11
15.0,180.0,60.0,410.0,400.0,420.0,3.13912237003e-11,3.13912237003e-11
15.0,180.0,60.0,430.0,420.0,440.0,2.27907563029e-11,2.27907563029e-11
15.0,180.0,60.0,450.0,440.0,460.0,1.99004104955e-11,1.99004104955e-11
15.0,180.0,60.0,470.0,460.0,480.0,1.47637235304e-11,1.47637235304e-11
15.0,180.0,60.0,490.0,480.0,500.0,9.79305362846e-12,9.79305362846e-12
15.0,180.0,60.0,510.0,500.0,520.0,5.85545839964e-12,5.85545839964e-12
15.0,180.0,60.0,530.0,520.0,540.0,3.25895290815e-12,3.25895290815e-12
15.0,180.0,60.0,550.0,540.0,560.0,2.08894173915e-12,2.08894173915e-12
15.0,180.0,60.0,570.0,560.0,580.0,1.11931865135e-12,1.11931865135e-12
15.0,180.0,60.0,590.0,580.0,600.0,1.00159287567e-12,1.00159287567e-12
15.0,180.0,60.0,610.0,600.0,620.0,7.55099925272e-13,7.55099925272e-13
15.0,180.0,60.0,630.0,620.0,640.0,9.48266595381e-13,9.48266595381e-13
15.0,180.0,60.0,650.0,640.0,660.0,1.12996526604e-12,1.12996526604e-12
15.0,180.0,60.0,670.0,660.0,680.0,1.29049340664e-12,1.29049340664e-12
15.0,180.0,60.0,690.0,680.0,700.0,1.3426660302e-12,1.3426660302e-12
15.0,180.0,60.0,710.0,700.0,720.0,1.31631523824e-12,1.31631523824e-12
15.0,180.0,60.0,730.0,720.0,740.0,1.24552311969e-12,1.24552311969e-12
15.0,180.0,60.0,750.0,740.0,760.0,1.11278620208e-12,1.11278620208e-12
15.0,180.0,60.0,770.0,760.0,780.0,1.03540055909e-12,1.03540055909e-12
15.0,180.0,90.0,390.0,380.0,400.0,2.40111686343e-11,2.40111686343e-11
15.0,180.0,90.0,410.0,400.0,420.0,2.86156721412e-11,2.86156721412e-11
15.0,180.0,90.0,430.0,420.0,440.0,2.07562336778e-11,2.07562336778e-11
15.0,180.0,90.0,450.0,440.0,460.0,1.81281545599e-11,1.81281545599e-11
15.0,180.0,90.0,470.0,460.0,480.0,1.34631816477e-11,1.34631816477e-11
15.0,180.0,90.0,490.0,480.0,500.0,8.94538140791e-12,8.94538140791e-12
15.0,180.0,90.0,510.0,500.0,520.0,5.36009975293e-12,5.36009975293e-12
15.0,180.0,90.0,530.0,520.0,540.0,2.99070670209e-12,2.99070670209e-12
15.0,180.0,90.0,550.0,540.0,560.0,1.922126455e-12,1.922126455e-12
15.0,180.0,90.0,570.0,560.0,580.0,1.03294953123e-12,1.03294953123e-12
15.0,180.0,90.0,590.0,580.0,600.0,9.26989621425e-13,9.26989621425e-13
15.0,180.0,90.0,610.0,600.0,620.0,7.01063985053e-13,7.01063985053e-13
15.0,180.0,90.0,630.0,620.0,640.0,8.83053676947e-13,8.83053676947e-13
15.0,180.0,90.0,650.0,640.0,660.0,1.05560004846e-12,1.05560004846e-12
15.0,180.0,90.0,670.0,660.0,680.0,1.20971688149e-12,1.20971688149e-12
15.0,180.0,90.0,690.0,680.0,700.0,1.26331336454e-12,1.26331336454e-12
15.0,180.0,90.0,710.0,700.0,720.0,1.2434642819e-12,1.2434642819e-12
15.0,180.0,90.0,730.0,720.0,740.0,1.18157271273e-12,1.18157271273e-12
15.0,180.0,90.0,750.0,740.0,760.0,1.06038546888e-12,1.06038546888e-12
15.0,180.0,90.0,770.0,760.0,780.0,9.91103558006e-13,9.91103558006e-13
18.0,0.0,0.0,390.0,380.0,400.0,3.39850243186e-13,3.39850243186e-13
18.0,0.0,0.0,410.0,400.0,420.0,5.37100537935e-13,5.37100537935e-13
18.0,0.0,0.0,430.0,420.0,440.0,9.59994522179e-13,9.59994522179e-13
18.0,0.0,0.0,450.0,440.0,460.0,4.46413961042e-12,4.46413961042e-12
18.0,0.0,0.0,470.0,460.0,480.0,1.82353208997e-11,1.82353208997e-11
18.0,0.0,0.0,490.0,480.0,500.0,5.41090755231e-11,5.41090755231e-11
18.0,0.0,0.0,510.0,500.0,520.0,1.1750333203e-10,1.1750333203e-10
18.0,0.0,0.0,530.0,520.0,540.0,1.98324151797e-10,1.98324151797e-10
18.0,0.0,0.0,550.0,540.0,560.0,3.33608678107e-10,3.33608678107e-10
18.0,0.0,0.0,570.0,560.0,580.0,4.07177982992e-10,4.07177982992e-10
18.0,0.0,0.0,590.0,580.0,600.0,7.57531077376e-10,7.57531077376e-10
18.0,0.0,0.0,610.0,600.0,620.0,1.06369085297e-09,1.06369085297e-09
18.0,0.0,0.0,630.0,620.0,640.0,2.37453257126e-09,2.37453257126e-09
18.0,0.0,0.0,650.0,640.0,660.0,4.70899205878e-09,4.70899205878e-09
18.0,0.0,0.0,670.0,660.0,680.0,8.41190586643e-09,8.41190586643e-09
18.0,0.0,0.0,690.0,680.0,700.0,1.29568742157e-08,1.29568742157e-08
18.0,0.0,0.0,710.0,700.0,720.0,1.79329886343e-08,1.79329886343e-08
18.0,0.0,0.0,730.0,720.0,740.0,2.29788526616e-08,2.29788526616e-08
18.0,0.0,0.0,750.0,740.0,760.0,2.66965869812e-08,2.66965869812e-08
18.0,0.0,0.0,770.0,760.0,780.0,3.16808719809e-08,3.16808719809e-08
18.0,0.0,0.5,390.0,380.0,400.0,3.45062707858e-13,3.45062707858e-13
18.0,0.0,0.5,410.0,400.0,420.0,1.1805321684e-12,1.1805321684e-12
18.0,0.0,0.5,430.0,420.0,440.0,5.28110352985e-12,5.28110352985e-12
18.0,0.0,0.5,450.0,440.0,460.0,2.68991070146e-11,2.68991070146e-11
18.0,0.0,0.5,470.0,460.0,480.0,9.07482950822e-11,9.07482950822e-11
18.0,0.0,0.5,490.0,480.0,500.0,2.18580130005e-10,2.18580130005e-10
18.0,0.0,0.5,510.0,500.0,520.0,3.92315266744e-10,3.92315266744e-10
18.0,0.0,0.5,530.0,520.0,540.0,5.57438509277e-10,5.57438509277e-10
18.0,0.0,0.5,550.0,540.0,560.0,8.13002056682e-10,8.13002056682e-10
18.0,0.0,0.5,570.0,560.0,580.0,8.66629625568e-10,8.66629625568e-10
18.0,0.0,0.5,590.0,580.0,600.0,1.46535441895e-09,1.46535441895e-09
18.0,0.0,0.5,610.0,600.0,620.0,1.87379258486e-09,1.87379258486e-09
18.0,0.0,0.5,630.0,620.0,640.0,3.9009958218e-09,3.9009958218e-09
18.0,0.0,0.5,650.0,640.0,660.0,7.21562696056e-09,7.21562696056e-09
18.0,0.0,0.5,670.0,660.0,680.0,1.20458056354e-08,1.20458056354e-08
18.0,0.0,0.5,690.0,680.0,700.0,1.74084888725e-08,1.74084888725e-08
18.0,0.0,0.5,710.0,700.0,720.0,2.27088096642e-08,2.27088096642e-08
18.0,0.0,0.5,730.0,720.0,740.0,2.75495225074e-08,2.75495225074e-08
18.0,0.0,0.5,750.0,740.0,760.0,3.04349285532e-08,3.04349285532e-08
18.0,0.0,0.5,770.0,760.0,780.0,3.44773453762e-08,3.44773453762e-08
18.0,0.0,1.0,390.0,380.0,400.0,4.75289789184e-13,4.75289789184e-13
18.0,0.0,1.0,410.0,400.0,420.0,2.75034404469e-12,2.75034404469e-12
18.0,0.0,1.0,430.0,420.0,440.0,1.2851353833e-11,1.2851353833e-11
18.0,0.0,1.0,450.0,440.0,460.0,5.74612873275e-11,5.74612873275e-11
18.0,0.0,1.0,470.0,460.0,480.0,1.69451909789e-10,1.69451909789e-10
18.0,0.0,1.0,490.0,480.0,500.0,3.61939004605e-10,3.61939004605e-10
18.0,0.0,1.0,510.0,500.0,520.0,5.8320067075e-10,5.8320067075e-10
18.0,0.0,1.0,530.0,520.0,540.0,7.51735815802e-10,7.51735815802e-10
18.0,0.0,1.0,550.0,540.0,560.0,1.0146008297e-09,1.0146008297e-09
18.0,0.0,1.0,570.0,560.0,580.0,1.00432759679e-09,1.00432759679e-09
18.0,0.0,1.0,590.0,580.0,600.0,1.6140482977e-09,1.6140482977e-09
18.0,0.0,1.0,610.0,600.0,620.0,1.96108611142e-09,1.96108611142e-09
18.0,0.0,1.0,630.0,620.0,640.0,3.92185674968e-09,3.92185674968e-09
18.0,0.0,1.0,650.0,640.0,660.0,6.96383376602e-09,6.96383376602e-09
18.0,0.0,1.0,670.0,660.0,680.0,1.11691551031e-08,1.11691551031e-08
18.0,0.0,1.0,690.0,680.0,700.0,1.55421397197e-08,1.55421397197e-08
18.0,0.0,1.0,710.0,700.0,720.0,1.95725859211e-08,1.95725859211e-08
18.0,0.0,1.0,730.0,720.0,740.0,2.29852486139e-08,2.29852486139e-08
18.0,0.0,1.0,750.0,740.0,760.0,2.46480685622e-08,2.46480685622e-08
18.0,0.0,1.0,770.0,760.0,780.0,2.71614570797e-08,2.71614570797e-08
18.0,0.0,2.0,390.0,380.0,400.0,4.12103251721e-13,4.12103251721e-13
18.0,0.0,2.0,410.0,400.0,420.0,1.47572144975e-12,1.47572144975e-12
18.0,0.0,2.0,430.0,420.0,440.0,6.09007394271e-12,6.09007394271e-12
18.0,0.0,2.0,450.0,440.0,460.0,2.83955604324e-11,2.83955604324e-11
18.0,0.0,2.0,470.0,460.0,480.0,8.8371440774e-11,8.8371440774e-11
18.0,0.0,2.0,490.0,480.0,500.0,1.96574410737e-10,1.96574410737e-10
18.0,0.0,2.0,510.0,500.0,520.0,3.26246362168e-10,3.26246362168e-10
18.0,0.0,2.0,530.0,520.0,540.0,4.30035906022e-10,4.30035906022e-10
18.0,0.0,2.0,550.0,540.0,560.0,5.78881759349e-10,5.78881759349e-10
18.0,0.0,2.0,570.0,560.0,580.0,5.7360054211e-10,5.7360054211e-10
18.0,0.0,2.0,590.0,580.0,600.0,8.85223332641e-10,8.85223332641e-10
18.0,0.0,2.0,610.0,600.0,620.0,1.04211308981e-09,1.04211308981e-09
18.0,0.0,2.0,630.0,620.0,640.0,1.95681775545e-09,1.95681775545e-09
18.0,0.0,2.0,650.0,640.0,660.0,3.27853173224e-09,3.27853173224e-09
18.0,0.0,2.0,670.0,660.0,680.0,4.99993018758e-09,4.99993018758e-09
18.0,0.0,2.0,690.0,680.0,700.0,6.65839575605e-09,6.65839575605e-09
18.0,0.0,2.0,710.0,700.0,720.0,8.06668173827e-09,8.06668173827e-09
18.0,0.0,2.0,730.0,720.0,740.0,9.155533624e-09,9.155533624e-09
18.0,0.0,2.0,750.0,740.0,760.0,9.5405335129e-09,9.5405335129e-09
18.0,0.0,2.0,770.0,760.0,780.0,1.02124531681e-08,1.02124531681e-08
18.0,0.0,3.0,390.0,380.0,400.0,4.24570813682e-13,4.24570813682e-13
18.0,0.0,3.0,410.0,400.0,420.0,7.83394479964e-13,7.83394479964e-13
18.0,0.0,3.0,430.0,420.0,440.0,1.05685691177e-12,1.05685691177e-12
18.0,0.0,3.0,450.0,440.0,460.0,2.60193377835e-12,2.60193377835e-12
18.0,0.0,3.0,470.0,460.0,480.0,7.76896549637e-12,7.76896549637e-12
18.0,0.0,3.0,490.0,480.0,500.0,2.06592998355e-11,2.06592998355e-11
18.0,0.0,3.0,510.0,500.0,520.0,4.22925606993e-11,4.22925606993e-11
18.0,0.0,3.0,530.0,520.0,540.0,6.78206024077e-11,6.78206024077e-11
18.0,0.0,3.0,550.0,540.0,560.0,1.05549956274e-10,1.05549956274e-10
18.0,0.0,3.0,570.0,560.0,580.0,1.19989746713e-10,1.19989746713e-10
18.0,0.0,3.0,590.0,580.0,600.0,1.97306830303e-10,1.97306830303e-10
18.0,0.0,3.0,610.0,600.0,620.0,2.4800065455e-10,2.4800065455e-10
18.0,0.0,3.0,630.0,620.0,640.0,4.6965044451e-10,4.6965044451e-10
18.0,0.0,3.0,650.0,640.0,660.0,7.91452905421e-10,7.91452905421e-10
18.0,0.0,3.0,670.0,660.0,680.0,1.21751812581e-09,1.21751812581e-09
18.0,0.0,3.0,690.0,680.0,700.0,1.63837078132e-09,1.63837078132e-09
18.0,0.0,3.0,710.0,700.0,720.0,2.007491803e-09,2.007491803e-09
18.0,0.0,3.0,730.0,720.0,740.0,2.30606678514e-09,2.30606678514e-09
18.0,0.0,3.0,750.0,740.0,760.0,2.43884793948e-09,2.43884793948e-09
18.0,0.0,3.0,770.0,760.0,780.0,2.63440012606e-09,2.63440012606e-09
18.0,0.0,5.0,390.0,380.0,400.0,4.81898834503e-13,4.81898834503e-13
18.0,0.0,5.0,410.0,400.0,420.0,7.90791121363e-13,7.90791121363e-13
18.0,0.0,5.0,430.0,420.0,440.0,7.80355854774e-13,7.80355854774e-13
18.0,0.0,5.0,450.0,440.0,460.0,9.00208439045e-13,9.00208439045e-13
18.0,0.0,5.0,470.0,460.0,480.0,8.5397596746e-13,8.5397596746e-13
18.0,0.0,5.0,490.0,480.0,500.0,6.97298411077e-13,6.97298411077e-13
18.0,0.0,5.0,510.0,500.0,520.0,4.90734055692e-13,4.90734055692e-13
18.0,0.0,5.0,530.0,520.0,540.0,3.06453524789e-13,3.06453524789e-13
18.0,0.0,5.0,550.0,540.0,560.0,2.18034008834e-13,2.18034008834e-13
18.0,0.0,5.0,570.0,560.0,580.0,1.22660757816e-13,1.22660757816e-13
18.0,0.0,5.0,590.0,580.0,600.0,1.20245896829e-13,1.20245896829e-13
18.0,0.0,5.0,610.0,600.0,620.0,9.459069375e-14,9.459069375e-14
18.0,0.0,5.0,630.0,620.0,640.0,1.31859040744e-13,1.31859040744e-13
18.0,0.0,5.0,650.0,640.0,660.0,1.71517707758e-13,1.71517707758e-13
18.0,0.0,5.0,670.0,660.0,680.0,2.08067257713e-13,2.08067257713e-13
18.0,0.0,5.0,690.0,680.0,700.0,2.24352831313e-13,2.24352831313e-13
18.0,0.0,5.0,710.0,700.0,720.0,2.23339762838e-13,2.23339762838e-13
18.0,0.0,5.0,730.0,720.0,740.0,2.10872459931e-13,2.10872459931e-13
18.0,0.0,5.0,750.0,740.0,760.0,1.84248336388e-13,1.84248336388e-13
18.0,0.0,5.0,770.0,760.0,780.0,1.68437926028e-13,1.68437926028e-13
18.0,0.0,8.0,390.0,380.0,400.0,4.44271569685e-13,4.44271569685e-13
18.0,0.0,8.0,410.0,400.0,420.0,6.24604448541e-13,6.24604448541e-13
18.0,0.0,8.0,430.0,420.0,440.0,5.20441555385e-13,5.20441555385e-13
18.0,0.0,8.0,450.0,440.0,460.0,5.07173529932e-13,5.07173529932e-13
18.0,0.0,8.0,470.0,460.0,480.0,4.11075740078e-13,4.11075740078e-13
18.0,0.0,8.0,490.0,480.0,500.0,2.91300330365e-13,2.91300330365e-13
18.0,0.0,8.0,510.0,500.0,520.0,1.81323855425e-13,1.81323855425e-13
18.0,0.0,8.0,530.0,520.0,540.0,1.02121823881e-13,1.02121823881e-13
18.0,0.0,8.0,550.0,540.0,560.0,6.61690820208e-14,6.61690820208e-14
18.0,0.0,8.0,570.0,560.0,580.0,3.45591254312e-14,3.45591254312e-14
18.0,0.0,8.0,590.0,580.0,600.0,3.13401052565e-14,3.13401052565e-14
18.0,0.0,8.0,610.0,600.0,620.0,2.31658524577e-14,2.31658524577e-14
18.0,0.0,8.0,630.0,620.0,640.0,2.99834309666e-14,2.99834309666e-14
18.0,0.0,8.0,650.0,640.0,660.0,3.64041138538e-14,3.64041138538e-14
18.0,0.0,8.0,670.0,660.0,680.0,4.15654631811e-14,4.15654631811e-14
18.0,0.0,8.0,690.0,680.0,700.0,4.25061384252e-14,4.25061384252e-14
18.0,0.0,8.0,710.0,700.0,720.0,4.03844768244e-14,4.03844768244e-14
18.0,0.0,8.0,730.0,720.0,740.0,3.65852292953e-14,3.65852292953e-14
18.0,0.0,8.0,750.0,740.0,760.0,3.08523098621e-14,3.08523098621e-14
18.0,0.0,8.0,770.0,760.0,780.0,2.72050096167e-14,2.72050096167e-14
18.0,0.0,12.0,390.0,380.0,400.0,3.73083638393e-13,3.73083638393e-13
18.0,0.0,12.0,410.0,400.0,420.0,4.7442138763e-13,4.7442138763e-13
18.0,0.0,12.0,430.0,420.0,440.0,3.58634396286e-13,3.58634396286e-13
18.0,0.0,12.0,450.0,440.0,460.0,3.18500466043e-13,3.18500466043e-13
18.0,0.0,12.0,470.0,460.0,480.0,2.36797786728e-13,2.36797786728e-13
18.0,0.0,12.0,490.0,480.0,500.0,1.55028487799e-13,1.55028487799e-13
18.0,0.0,12.0,510.0,500.0,520.0,9.00361901571e-14,9.00361901571e-14
18.0,0.0,12.0,530.0,520.0,540.0,4.7900422418e-14,4.7900422418e-14
18.0,0.0,12.0,550.0,540.0,560.0,2.94068899544e-14,2.94068899544e-14
18.0,0.0,12.0,570.0,560.0,580.0,1.48074565736e-14,1.48074565736e-14
18.0,0.0,12.0,590.0,580.0,600.0,1.27670115413e-14,1.27670115413e-14
18.0,0.0,12.0,610.0,600.0,620.0,9.12080585991e-15,9.12080585991e-15
18.0,0.0,12.0,630.0,620.0,640.0,1.11636507273e-14,1.11636507273e-14
18.0,0.0,12.0,650.0,640.0,660.0,1.28849379505e-14,1.28849379505e-14
18.0,0.0,12.0,670.0,660.0,680.0,1.41146956293e-14,1.41146956293e-14
18.0,0.0,12.0,690.0,680.0,700.0,1.39694902423e-14,1.39694902423e-14
18.0,0.0,12.0,710.0,700.0,720.0,1.29427243265e-14,1.29427243265e-14
18.0,0.0,12.0,730.0,720.0,740.0,1.15117929997e-14,1.15117929997e-14
18.0,0.0,12.0,750.0,740.0,760.0,9.60745388357e-15,9.60745388357e-15
18.0,0.0,12.0,770.0,760.0,780.0,8.37280509908e-15,8.37280509908e-15
18.0,0.0,20.0,390.0,380.0,400.0,2.68738894224e-13,2.68738894224e-13
18.0,0.0,20.0,410.0,400.0,420.0,3.15869838813e-13,3.15869838813e-13
18.0,0.0,20.0,430.0,420.0,440.0,2.23104449349e-13,2.23104449349e-13
18.0,0.0,20.0,450.0,440.0,460.0,1.86739552026e-13,1.86739552026e-13
18.0,0.0,20.0,470.0,460.0,480.0,1.31880675852e-13,1.31880675852e-13
18.0,0.0,20.0,490.0,480.0,500.0,8.25499368458e-14,8.25499368458e-14
18.0,0.0,20.0,510.0,500.0,520.0,4.61346706698e-14,4.61346706698e-14
18.0,0.0,20.0,530.0,520.0,540.0,2.37757153329e-14,2.37757153329e-14
18.0,0.0,20.0,550.0,540.0,560.0,1.41764618872e-14,1.41764618872e-14
18.0,0.0,20.0,570.0,560.0,580.0,6.98792630042e-15,6.98792630042e-15
18.0,0.0,20.0,590.0,580.0,600.0,5.87148017274e-15,5.87148017274e-15
18.0,0.0,20.0,610.0,600.0,620.0,4.11789759076e-15,4.11789759076e-15
18.0,0.0,20.0,630.0,620.0,640.0,4.91060544981e-15,4.91060544981e-15
18.0,0.0,20.0,650.0,640.0,660.0,5.53784207005e-15,5.53784207005e-15
18.0,0.0,20.0,670.0,660.0,680.0,5.95250858745e-15,5.95250858745e-15
18.0,0.0,20.0,690.0,680.0,700.0,5.80353784732e-15,5.80353784732e-15
18.0,0.0,20.0,710.0,700.0,720.0,5.3151559839e-15,5.3151559839e-15
18.0,0.0,20.0,730.0,720.0,740.0,4.68748023562e-15,4.68748023562e-15
18.0,0.0,20.0,750.0,740.0,760.0,3.89249902668e-15,3.89249902668e-15
18.0,0.0,20.0,770.0,760.0,780.0,3.3741757154e-15,3.3741757154e-15
18.0,0.0,30.0,390.0,380.0,400.0,1.78723140972e-13,1.78723140972e-13
18.0,0.0,30.0,410.0,400.0,420.0,2.00164569751e-13,2.00164569751e-13
18.0,0.0,30.0,430.0,420.0,440.0,1.35908897748e-13,1.35908897748e-13
18.0,0.0,30.0,450.0,440.0,460.0,1.10051809302e-13,1.10051809302e-13
18.0,0.0,30.0,470.0,460.0,480.0,7.56209783523e-14,7.56209783523e-14
18.0,0.0,30.0,490.0,480.0,500.0,4.62569514235e-14,4.62569514235e-14
18.0,0.0,30.0,510.0,500.0,520.0,2.53594100484e-14,2.53594100484e-14
18.0,0.0,30.0,530.0,520.0,540.0,1.28627891507e-14,1.28627891507e-14
18.0,0.0,30.0,550.0,540.0,560.0,7.56422722348e-15,7.56422722348e-15
18.0,0.0,30.0,570.0,560.0,580.0,3.68754278991e-15,3.68754278991e-15
18.0,0.0,30.0,590.0,580.0,600.0,3.06485336662e-15,3.06485336662e-15
18.0,0.0,30.0,610.0,600.0,620.0,2.13096993666e-15,2.13096993666e-15
18.0,0.0,30.0,630.0,620.0,640.0,2.51809925148e-15,2.51809925148e-15
18.0,0.0,30.0,650.0,640.0,660.0,2.81718460696e-15,2.81718460696e-15
18.0,0.0,30.0,670.0,660.0,680.0,3.00756051205e-15,3.00756051205e-15
18.0,0.0,30.0,690.0,680.0,700.0,2.91521417884e-15,2.91521417884e-15
18.0,0.0,30.0,710.0,700.0,720.0,2.65644602595e-15,2.65644602595e-15
18.0,0.0,30.0,730.0,720.0,740.0,2.33248874413e-15,2.33248874413e-15
18.0,0.0,30.0,750.0,740.0,760.0,1.92973537398e-15,1.92973537398e-15
18.0,0.0,30.0,770.0,760.0,780.0,1.66674977986e-15,1.66674977986e-15
18.0,0.0,45.0,390.0,380.0,400.0,1.17226757217e-13,1.17226757217e-13
18.0,0.0,45.0,410.0,400.0,420.0,1.27216419099e-13,1.27216419099e-13
18.0,0.0,45.0,430.0,420.0,440.0,8.42298911635e-14,8.42298911635e-14
18.0,0.0,45.0,450.0,440.0,460.0,6.67946900496e-14,6.67946900496e-14
18.0,0.0,45.0,470.0,460.0,480.0,4.51291966469e-14,4.51291966469e-14
18.0,0.0,45.0,490.0,480.0,500.0,2.72244509749e-14,2.72244509749e-14
18.0,0.0,45.0,510.0,500.0,520.0,1.47578518156e-14,1.47578518156e-14
18.0,0.0,45.0,530.0,520.0,540.0,7.41851449888e-15,7.41851449888e-15
18.0,0.0,45.0,550.0,540.0,560.0,4.329867493e-15,4.329867493e-15
18.0,0.0,45.0,570.0,560.0,580.0,2.0990443696e-15,2.0990443696e-15
18.0,0.0,45.0,590.0,580.0,600.0,1.73496450038e-15,1.73496450038e-15
18.0,0.0,45.0,610.0,600.0,620.0,1.20155954543e-15,1.20155954543e-15
18.0,0.0,45.0,630.0,620.0,640.0,1.41364153971e-15,1.41364153971e-15
18.0,0.0,45.0,650.0,640.0,660.0,1.57587688982e-15,1.57587688982e-15
18.0,0.0,45.0,670.0,660.0,680.0,1.67764502026e-15,1.67764502026e-15
18.0,0.0,45.0,690.0,680.0,700.0,1.62259866118e-15,1.62259866118e-15
18.0,0.0,45.0,710.0,700.0,720.0,1.47608602509e-15,1.47608602509e-15
18.0,0.0,45.0,730.0,720.0,740.0,1.29441135168e-15,1.29441135168e-15
18.0,0.0,45.0,750.0,740.0,760.0,1.06996240003e-15,1.06996240003e-15
18.0,0.0,45.0,770.0,760.0,780.0,9.23321605017e-16,9.23321605017e-16
18.0,0.0,60.0,390.0,380.0,400.0,8.30345431973e-14,8.30345431973e-14
18.0,0.0,60.0,410.0,400.0,420.0,8.80709807491e-14,8.80709807491e-14
18.0,0.0,60.0,430.0,420.0,440.0,5.7216778469e-14,5.7216778469e-14
18.0,0.0,60.0,450.0,440.0,460.0,4.46312810273e-14,4.46312810273e-14
18.0,0.0,60.0,470.0,460.0,480.0,2.97446228113e-14,2.97446228113e-14
18.0,0.0,60.0,490.0,480.0,500.0,1.77359961831e-14,1.77359961831e-14
18.0,0.0,60.0,510.0,500.0,520.0,9.52093189258e-15,9.52093189258e-15
18.0,0.0,60.0,530.0,520.0,540.0,4.74750588368e-15,4.74750588368e-15
18.0,0.0,60.0,550.0,540.0,560.0,2.75206962816e-15,2.75206962816e-15
18.0,0.0,60.0,570.0,560.0,580.0,1.32693113341e-15,1.32693113341e-15
18.0,0.0,60.0,590.0,580.0,600.0,1.09123137142e-15,1.09123137142e-15
18.0,0.0,60.0,610.0,600.0,620.0,7.52786597392e-16,7.52786597392e-16
18.0,0.0,60.0,630.0,620.0,640.0,8.82279211605e-16,8.82279211605e-16
18.0,0.0,60.0,650.0,640.0,660.0,9.80457681425e-16,9.80457681425e-16
18.0,0.0,60.0,670.0,660.0,680.0,1.04118644945e-15,1.04118644945e-15
18.0,0.0,60.0,690.0,680.0,700.0,1.00509454155e-15,1.00509454155e-15
18.0,0.0,60.0,710.0,700.0,720.0,9.13024964892e-16,9.13024964892e-16
18.0,0.0,60.0,730.0,720.0,740.0,7.9982952154e-16,7.9982952154e-16
18.0,0.0,60.0,750.0,740.0,760.0,6.60724311858e-16,6.60724311858e-16
18.0,0.0,60.0,770.0,760.0,780.0,5.69913074378e-16,5.69913074378e-16
18.0,0.0,90.0,390.0,380.0,400.0,5.24230840849e-14,5.24230840849e-14
18.0,0.0,90.0,410.0,400.0,420.0,5.35332268009e-14,5.35332268009e-14
18.0,0.0,90.0,430.0,420.0,440.0,3.36137921261e-14,3.36137921261e-14
18.0,0.0,90.0,450.0,440.0,460.0,2.53716411834e-14,2.53716411834e-14
18.0,0.0,90.0,470.0,460.0,480.0,1.6420141787e-14,1.6420141787e-14
18.0,0.0,90.0,490.0,480.0,500.0,9.53006951144e-15,9.53006951144e-15
18.0,0.0,90.0,510.0,500.0,520.0,4.99195535873e-15,4.99195535873e-15
18.0,0.0,90.0,530.0,520.0,540.0,2.43486686587e-15,2.43486686587e-15
18.0,0.0,90.0,550.0,540.0,560.0,1.38376936076e-15,1.38376936076e-15
18.0,0.0,90.0,570.0,560.0,580.0,6.55447357867e-16,6.55447357867e-16
18.0,0.0,90.0,590.0,580.0,600.0,5.29998066129e-16,5.29998066129e-16
18.0,0.0,90.0,610.0,600.0,620.0,3.60158118868e-16,3.60158118868e-16
18.0,0.0,90.0,630.0,620.0,640.0,4.16165937282e-16,4.16165937282e-16
18.0,0.0,90.0,650.0,640.0,660.0,4.56634161219e-16,4.56634161219e-16
18.0,0.0,90.0,670.0,660.0,680.0,4.79451216441e-16,4.79451216441e-16
18.0,0.0,90.0,690.0,680.0,700.0,4.58235560087e-16,4.58235560087e-16
18.0,0.0,90.0,710.0,700.0,720.0,4.12666580242e-16,4.12666580242e-16
18.0,0.0,90.0,730.0,720.0,740.0,3.58838273942e-16,3.58838273942e-16
18.0,0.0,90.0,750.0,740.0,760.0,2.94607595517e-16,2.94607595517e-16
18.0,0.0,90.0,770.0,760.0,780.0,2.52833910803e-16,2.52833910803e-16
18.0,90.0,0.0,390.0,380.0,400.0,9.21189160517e-14,9.21189160517e-14
18.0,90.0,0.0,410.0,400.0,420.0,1.11727129001e-13,1.11727129001e-13
18.0,90.0,0.0,430.0,420.0,440.0,8.23552951179e-14,8.23552951179e-14
18.0,90.0,0.0,450.0,440.0,460.0,7.19287645478e-14,7.19287645478e-14
18.0,90.0,0.0,470.0,460.0,480.0,5.34216621978e-14,5.34216621978e-14
18.0,90.0,0.0,490.0,480.0,500.0,3.52866530597e-14,3.52866530597e-14
18.0,90.0,0.0,510.0,500.0,520.0,2.09042914071e-14,2.09042914071e-14
18.0,90.0,0.0,530.0,520.0,540.0,1.14763185265e-14,1.14763185265e-14
18.0,90.0,0.0,550.0,540.0,560.0,7.31552861631e-15,7.31552861631e-15
18.0,90.0,0.0,570.0,560.0,580.0,3.87907518701e-15,3.87907518701e-15
18.0,90.0,0.0,590.0,580.0,600.0,3.50490654742e-15,3.50490654742e-15
18.0,90.0,0.0,610.0,600.0,620.0,2.66127431816e-15,2.66127431816e-15
18.0,90.0,0.0,630.0,620.0,640.0,3.43073989132e-15,3.43073989132e-15
18.0,90.0,0.0,650.0,640.0,660.0,4.1914906278e-15,4.1914906278e-15
18.0,90.0,0.0,670.0,660.0,680.0,4.88726574941e-15,4.88726574941e-15
18.0,90.0,0.0,690.0,680.0,700.0,5.16925044061e-15,5.16925044061e-15
18.0,90.0,0.0,710.0,700.0,720.0,5.13095389487e-15,5.13095389487e-15
18.0,90.0,0.0,730.0,720.0,740.0,4.89548527793e-15,4.89548527793e-15
18.0,90.0,0.0,750.0,740.0,760.0,4.38879506555e-15,4.38879506555e-15
18.0,90.0,0.0,770.0,760.0,780.0,4.09237696707e-15,4.09237696707e-15
18.0,90.0,0.5,390.0,380.0,400.0,9.46310449548e-14,9.46310449548e-14
18.0,90.0,0.5,410.0,400.0,420.0,1.15411957579e-13,1.15411957579e-13
18.0,90.0,0.5,430.0,420.0,440.0,8.5578686239e-14,8.5578686239e-14
18.0,90.0,0.5,450.0,440.0,460.0,7.52264108104e-14,7.52264108104e-14
18.0,90.0,0.5,470.0,460.0,480.0,5.62296506351e-14,5.62296506351e-14
18.0,90.0,0.5,490.0,480.0,500.0,3.73730910776e-14,3.73730910776e-14
18.0,90.0,0.5,510.0,500.0,520.0,2.22640607935e-14,2.22640607935e-14
18.0,90.0,0.5,530.0,520.0,540.0,1.22770750913e-14,1.22770750913e-14
18.0,90.0,0.5,550.0,540.0,560.0,7.85138102252e-15,7.85138102252e-15
18.0,90.0,0.5,570.0,560.0,580.0,4.16780189191e-15,4.16780189191e-15
18.0,90.0,0.5,590.0,580.0,600.0,3.76642102753e-15,3.76642102753e-15
18.0,90.0,0.5,610.0,600.0,620.0,2.85258247454e-15,2.85258247454e-15
18.0,90.0,0.5,630.0,620.0,640.0,3.6650633052e-15,3.6650633052e-15
18.0,90.0,0.5,650.0,640.0,660.0,4.45359855304e-15,4.45359855304e-15
18.0,90.0,0.5,670.0,660.0,680.0,5.15434025823e-15,5.15434025823e-15
18.0,90.0,0.5,690.0,680.0,700.0,5.40176715175e-15,5.40176715175e-15
18.0,90.0,0.5,710.0,700.0,720.0,5.30519442502e-15,5.30519442502e-15
18.0,90.0,0.5,730.0,720.0,740.0,5.00308909824e-15,5.00308909824e-15
18.0,90.0,0.5,750.0,740.0,760.0,4.42961276651e-15,4.42961276651e-15
18.0,90.0,0.5,770.0,760.0,780.0,4.07875836684e-15,4.07875836684e-15
18.0,90.0,1.0,390.0,380.0,400.0,1.010975915e-13,1.010975915e-13
18.0,90.0,1.0,410.0,400.0,420.0,1.24326295957e-13,1.24326295957e-13
18.0,90.0,1.0,430.0,420.0,440.0,9.28482300958e-14,9.28482300958e-14
18.0,90.0,1.0,450.0,440.0,460.0,8.21462407373e-14,8.21462407373e-14
18.0,90.0,1.0,470.0,460.0,480.0,6.17052682043e-14,6.17052682043e-14
18.0,90.0,1.0,490.0,480.0,500.0,4.11558178769e-14,4.11558178769e-14
18.0,90.0,1.0,510.0,500.0,520.0,2.45591652688e-14,2.45591652688e-14
18.0,90.0,1.0,530.0,520.0,540.0,1.35377066476e-14,1.35377066476e-14
18.0,90.0,1.0,550.0,540.0,560.0,8.63809870784e-15,8.63809870784e-15
18.0,90.0,1.0,570.0,560.0,580.0,4.56446988751e-15,4.56446988751e-15
18.0,90.0,1.0,590.0,580.0,600.0,4.10145870609e-15,4.10145870609e-15
18.0,90.0,1.0,610.0,600.0,620.0,3.08185303425e-15,3.08185303425e-15
18.0,90.0,1.0,630.0,620.0,640.0,3.925960962e-15,3.925960962e-15
18.0,90.0,1.0,650.0,640.0,660.0,4.72409339735e-15,4.72409339735e-15
18.0,90.0,1.0,670.0,660.0,680.0,5.4084200102e-15,5.4084200102e-15
18.0,90.0,1.0,690.0,680.0,700.0,5.60286218302e-15,5.60286218302e-15
18.0,90.0,1.0,710.0,700.0,720.0,5.43715935336e-15,5.43715935336e-15
18.0,90.0,1.0,730.0,720.0,740.0,5.06565434481e-15,5.06565434481e-15
18.0,90.0,1.0,750.0,740.0,760.0,4.43080350129e-15,4.43080350129e-15
18.0,90.0,1.0,770.0,760.0,780.0,4.03209689583e-15,4.03209689583e-15
18.0,90.0,2.0,390.0,380.0,400.0,1.08736550944e-13,1.08736550944e-13
18.0,90.0,2.0,410.0,400.0,420.0,1.34507761506e-13,1.34507761506e-13
18.0,90.0,2.0,430.0,420.0,440.0,1.0090573356e-13,1.0090573356e-13
18.0,90.0,2.0,450.0,440.0,460.0,8.95711272518e-14,8.95711272518e-14
18.0,90.0,2.0,470.0,460.0,480.0,6.73421479572e-14,6.73421479572e-14
18.0,90.0,2.0,490.0,480.0,500.0,4.48411572446e-14,4.48411572446e-14
18.0,90.0,2.0,510.0,500.0,520.0,2.66347392691e-14,2.66347392691e-14
18.0,90.0,2.0,530.0,520.0,540.0,1.45686862358e-14,1.45686862358e-14
18.0,90.0,2.0,550.0,540.0,560.0,9.20293650988e-15,9.20293650988e-15
18.0,90.0,2.0,570.0,560.0,580.0,4.80026530453e-15,4.80026530453e-15
18.0,90.0,2.0,590.0,580.0,600.0,4.25479761941e-15,4.25479761941e-15
18.0,90.0,2.0,610.0,600.0,620.0,3.14645501203e-15,3.14645501203e-15
18.0,90.0,2.0,630.0,620.0,640.0,3.94548722007e-15,3.94548722007e-15
18.0,90.0,2.0,650.0,640.0,660.0,4.66939484293e-15,4.66939484293e-15
18.0,90.0,2.0,670.0,660.0,680.0,5.2547904838e-15,5.2547904838e-15
18.0,90.0,2.0,690.0,680.0,700.0,5.35018113759e-15,5.35018113759e-15
18.0,90.0,2.0,710.0,700.0,720.0,5.10361271559e-15,5.10361271559e-15
18.0,90.0,2.0,730.0,720.0,740.0,4.67591241344e-15,4.67591241344e-15
18.0,90.0,2.0,750.0,740.0,760.0,4.0240000091e-15,4.0240000091e-15
18.0,90.0,2.0,770.0,760.0,780.0,3.60622835275e-15,3.60622835275e-15
18.0,90.0,3.0,390.0,380.0,400.0,1.15644909881e-13,1.15644909881e-13
18.0,90.0,3.0,410.0,400.0,420.0,1.43278469888e-13,1.43278469888e-13
18.0,90.0,3.0,430.0,420.0,440.0,1.07397761077e-13,1.07397761077e-13
18.0,90.0,3.0,450.0,440.0,460.0,9.50559624991e-14,9.50559624991e-14
18.0,90.0,3.0,470.0,460.0,480.0,7.10642541862e-14,7.10642541862e-14
18.0,90.0,3.0,490.0,480.0,500.0,4.69468999292e-14,4.69468999292e-14
18.0,90.0,3.0,510.0,500.0,520.0,2.76090893215e-14,2.76090893215e-14
18.0,90.0,3.0,530.0,520.0,540.0,1.49270294466e-14,1.49270294466e-14
18.0,90.0,3.0,550.0,540.0,560.0,9.31234572446e-15,9.31234572446e-15
18.0,90.0,3.0,570.0,560.0,580.0,4.79219394194e-15,4.79219394194e-15
18.0,90.0,3.0,590.0,580.0,600.0,4.19183282109e-15,4.19183282109e-15
18.0,90.0,3.0,610.0,600.0,620.0,3.05748724796e-15,3.05748724796e-15
18.0,90.0,3.0,630.0,620.0,640.0,3.78386083955e-15,3.78386083955e-15
18.0,90.0,3.0,650.0,640.0,660.0,4.42038863716e-15,4.42038863716e-15
18.0,90.0,3.0,670.0,660.0,680.0,4.91187498106e-15,4.91187498106e-15
18.0,90.0,3.0,690.0,680.0,700.0,4.94029573816e-15,4.94029573816e-15
18.0,90.0,3.0,710.0,700.0,720.0,4.65801911764e-15,4.65801911764e-15
18.0,90.0,3.0,730.0,720.0,740.0,4.22087561531e-15,4.22087561531e-15
18.0,90.0,3.0,750.0,740.0,760.0,3.59486845181e-15,3.59486845181e-15
18.0,90.0,3.0,770.0,760.0,780.0,3.19067988089e-15,3.19067988089e-15
18.0,90.0,5.0,390.0,380.0,400.0,1.26244345336e-13,1.26244345336e-13
18.0,90.0,5.0,410.0,400.0,420.0,1.55084072431e-13,1.55084072431e-13
18.0,90.0,5.0,430.0,420.0,440.0,1.14715210354e-13,1.14715210354e-13
18.0,90.0,5.0,450.0,440.0,460.0,9.98890960255e-14,9.98890960255e-14
18.0,90.0,5.0,470.0,460.0,480.0,7.32610603842e-14,7.32610603842e-14
18.0,90.0,5.0,490.0,480.0,500.0,4.7408703288e-14,4.7408703288e-14
18.0,90.0,5.0,510.0,500.0,520.0,2.72889385609e-14,2.72889385609e-14
18.0,90.0,5.0,530.0,520.0,540.0,1.44388404749e-14,1.44388404749e-14
18.0,90.0,5.0,550.0,540.0,560.0,8.82037264742e-15,8.82037264742e-15
18.0,90.0,5.0,570.0,560.0,580.0,4.44680234594e-15,4.44680234594e-15
18.0,90.0,5.0,590.0,580.0,600.0,3.81492082464e-15,3.81492082464e-15
18.0,90.0,5.0,610.0,600.0,620.0,2.73084128908e-15,2.73084128908e-15
18.0,90.0,5.0,630.0,620.0,640.0,3.32004217141e-15,3.32004217141e-15
18.0,90.0,5.0,650.0,640.0,660.0,3.81364730865e-15,3.81364730865e-15
18.0,90.0,5.0,670.0,660.0,680.0,4.17090495691e-15,4.17090495691e-15
18.0,90.0,5.0,690.0,680.0,700.0,4.13331777801e-15,4.13331777801e-15
18.0,90.0,5.0,710.0,700.0,720.0,3.84385865059e-15,3.84385865059e-15
18.0,90.0,5.0,730.0,720.0,740.0,3.4390212835e-15,3.4390212835e-15
18.0,90.0,5.0,750.0,740.0,760.0,2.89478447923e-15,2.89478447923e-15
18.0,90.0,5.0,770.0,760.0,780.0,2.54147829442e-15,2.54147829442e-15
18.0,90.0,8.0,390.0,380.0,400.0,1.33375143166e-13,1.33375143166e-13
18.0,90.0,8.0,410.0,400.0,420.0,1.59701821265e-13,1.59701821265e-13
18.0,90.0,8.0,430.0,420.0,440.0,1.14910067644e-13,1.14910067644e-13
18.0,90.0,8.0,450.0,440.0,460.0,9.7359778113e-14,9.7359778113e-14
18.0,90.0,8.0,470.0,460.0,480.0,6.95263898075e-14,6.95263898075e-14
18.0,90.0,8.0,490.0,480.0,500.0,4.38766680932e-14,4.38766680932e-14
18.0,90.0,8.0,510.0,500.0,520.0,2.46756391069e-14,2.46756391069e-14
18.0,90.0,8.0,530.0,520.0,540.0,1.27820038422e-14,1.27820038422e-14
18.0,90.0,8.0,550.0,540.0,560.0,7.65798626374e-15,7.65798626374e-15
18.0,90.0,8.0,570.0,560.0,580.0,3.79372271412e-15,3.79372271412e-15
18.0,90.0,8.0,590.0,580.0,600.0,3.20156813148e-15,3.20156813148e-15
18.0,90.0,8.0,610.0,600.0,620.0,2.25784943461e-15,2.25784943461e-15
18.0,90.0,8.0,630.0,620.0,640.0,2.70574714079e-15,2.70574714079e-15
18.0,90.0,8.0,650.0,640.0,660.0,3.06706430351e-15,3.06706430351e-15
18.0,90.0,8.0,670.0,660.0,680.0,3.31408429686e-15,3.31408429686e-15
18.0,90.0,8.0,690.0,680.0,700.0,3.24837487024e-15,3.24837487024e-15
18.0,90.0,8.0,710.0,700.0,720.0,2.99092032912e-15,2.99092032912e-15
18.0,90.0,8.0,730.0,720.0,740.0,2.65178340763e-15,2.65178340763e-15
18.0,90.0,8.0,750.0,740.0,760.0,2.21396285314e-15,2.21396285314e-15
18.0,90.0,8.0,770.0,760.0,780.0,1.92894363052e-15,1.92894363052e-15
18.0,90.0,12.0,390.0,380.0,400.0,1.31715511035e-13,1.31715511035e-13
18.0,90.0,12.0,410.0,400.0,420.0,1.52732596268e-13,1.52732596268e-13
18.0,90.0,12.0,430.0,420.0,440.0,1.06680785269e-13,1.06680785269e-13
18.0,90.0,12.0,450.0,440.0,460.0,8.80420133981e-14,8.80420133981e-14
18.0,90.0,12.0,470.0,460.0,480.0,6.14208239913e-14,6.14208239913e-14
18.0,90.0,12.0,490.0,480.0,500.0,3.79779571121e-14,3.79779571121e-14
18.0,90.0,12.0,510.0,500.0,520.0,2.09829364958e-14,2.09829364958e-14
18.0,90.0,12.0,530.0,520.0,540.0,1.07043104176e-14,1.07043104176e-14
18.0,90.0,12.0,550.0,540.0,560.0,6.32684189329e-15,6.32684189329e-15
18.0,90.0,12.0,570.0,560.0,580.0,3.09820423786e-15,3.09820423786e-15
18.0,90.0,12.0,590.0,580.0,600.0,2.58608643108e-15,2.58608643108e-15
18.0,90.0,12.0,610.0,600.0,620.0,1.8065554271e-15,1.8065554271e-15
18.0,90.0,12.0,630.0,620.0,640.0,2.14456918503e-15,2.14456918503e-15
18.0,90.0,12.0,650.0,640.0,660.0,2.41029207279e-15,2.41029207279e-15
18.0,90.0,12.0,670.0,660.0,680.0,2.58471241987e-15,2.58471241987e-15
18.0,90.0,12.0,690.0,680.0,700.0,2.51638748449e-15,2.51638748449e-15
18.0,90.0,12.0,710.0,700.0,720.0,2.3029554489e-15,2.3029554489e-15
18.0,90.0,12.0,730.0,720.0,740.0,2.03073418741e-15,2.03073418741e-15
18.0,90.0,12.0,750.0,740.0,760.0,1.68724751814e-15,1.68724751814e-15
18.0,90.0,12.0,770.0,760.0,780.0,1.4632633631e-15,1.4632633631e-15
18.0,90.0,20.0,390.0,380.0,400.0,1.16204108915e-13,1.16204108915e-13
18.0,90.0,20.0,410.0,400.0,420.0,1.29394204002e-13,1.29394204002e-13
18.0,90.0,20.0,430.0,420.0,440.0,8.73394159474e-14,8.73394159474e-14
18.0,90.0,20.0,450.0,440.0,460.0,7.00683430483e-14,7.00683430483e-14
18.0,90.0,20.0,470.0,460.0,480.0,4.7734913684e-14,4.7734913684e-14
18.0,90.0,20.0,490.0,480.0,500.0,2.89367776435e-14,2.89367776435e-14
18.0,90.0,20.0,510.0,500.0,520.0,1.57261837252e-14,1.57261837252e-14
18.0,90.0,20.0,530.0,520.0,540.0,7.91365585553e-15,7.91365585553e-15
18.0,90.0,20.0,550.0,540.0,560.0,4.62211951219e-15,4.62211951219e-15
18.0,90.0,20.0,570.0,560.0,580.0,2.24146952239e-15,2.24146952239e-15
18.0,90.0,20.0,590.0,580.0,600.0,1.85354161827e-15,1.85354161827e-15
18.0,90.0,20.0,610.0,600.0,620.0,1.28476820928e-15,1.28476820928e-15
18.0,90.0,20.0,630.0,620.0,640.0,1.51302193403e-15,1.51302193403e-15
18.0,90.0,20.0,650.0,640.0,660.0,1.68845737983e-15,1.68845737983e-15
18.0,90.0,20.0,670.0,660.0,680.0,1.79943763169e-15,1.79943763169e-15
18.0,90.0,20.0,690.0,680.0,700.0,1.74234132243e-15,1.74234132243e-15
18.0,90.0,20.0,710.0,700.0,720.0,1.58685200515e-15,1.58685200515e-15
18.0,90.0,20.0,730.0,720.0,740.0,1.39321138562e-15,1.39321138562e-15
18.0,90.0,20.0,750.0,740.0,760.0,1.15310375754e-15,1.15310375754e-15
18.0,90.0,20.0,770.0,760.0,780.0,9.96282565484e-16,9.96282565484e-16
18.0,90.0,30.0,390.0,380.0,400.0,9.68975439714e-14,9.68975439714e-14
18.0,90.0,30.0,410.0,400.0,420.0,1.05058120635e-13,1.05058120635e-13
18.0,90.0,30.0,430.0,420.0,440.0,6.94086730175e-14,6.94086730175e-14
18.0,90.0,30.0,450.0,440.0,460.0,5.47369899932e-14,5.47369899932e-14
18.0,90.0,30.0,470.0,460.0,480.0,3.6774302866e-14,3.6774302866e-14
18.0,90.0,30.0,490.0,480.0,500.0,2.20410515316e-14,2.20410515316e-14
18.0,90.0,30.0,510.0,500.0,520.0,1.1868393632e-14,1.1868393632e-14
18.0,90.0,30.0,530.0,520.0,540.0,5.92760992182e-15,5.92760992182e-15
18.0,90.0,30.0,550.0,540.0,560.0,3.43974630154e-15,3.43974630154e-15
18.0,90.0,30.0,570.0,560.0,580.0,1.65937762551e-15,1.65937762551e-15
18.0,90.0,30.0,590.0,580.0,600.0,1.3652373918e-15,1.3652373918e-15
18.0,90.0,30.0,610.0,600.0,620.0,9.42348962178e-16,9.42348962178e-16
18.0,90.0,30.0,630.0,620.0,640.0,1.10496921261e-15,1.10496921261e-15
18.0,90.0,30.0,650.0,640.0,660.0,1.22837472699e-15,1.22837472699e-15
18.0,90.0,30.0,670.0,660.0,680.0,1.30475889223e-15,1.30475889223e-15
18.0,90.0,30.0,690.0,680.0,700.0,1.25967408213e-15,1.25967408213e-15
18.0,90.0,30.0,710.0,700.0,720.0,1.14428708301e-15,1.14428708301e-15
18.0,90.0,30.0,730.0,720.0,740.0,1.00231681222e-15,1.00231681222e-15
18.0,90.0,30.0,750.0,740.0,760.0,8.2786161717e-16,8.2786161717e-16
18.0,90.0,30.0,770.0,760.0,780.0,7.13832097218e-16,7.13832097218e-16
18.0,90.0,45.0,390.0,380.0,400.0,6.79264872686e-14,6.79264872686e-14
18.0,90.0,45.0,410.0,400.0,420.0,7.04366057711e-14,7.04366057711e-14
18.0,90.0,45.0,430.0,420.0,440.0,4.47575145228e-14,4.47575145228e-14
18.0,90.0,45.0,450.0,440.0,460.0,3.40856176884e-14,3.40856176884e-14
18.0,90.0,45.0,470.0,460.0,480.0,2.22125284015e-14,2.22125284015e-14
18.0,90.0,45.0,490.0,480.0,500.0,1.29586853672e-14,1.29586853672e-14
18.0,90.0,45.0,510.0,500.0,520.0,6.81339304495e-15,6.81339304495e-15
18.0,90.0,45.0,530.0,520.0,540.0,3.33178118479e-15,3.33178118479e-15
18.0,90.0,45.0,550.0,540.0,560.0,1.89686359551e-15,1.89686359551e-15
18.0,90.0,45.0,570.0,560.0,580.0,8.99132034321e-16,8.99132034321e-16
18.0,90.0,45.0,590.0,580.0,600.0,7.27295385832e-16,7.27295385832e-16
18.0,90.0,45.0,610.0,600.0,620.0,4.93994736885e-16,4.93994736885e-16
18.0,90.0,45.0,630.0,620.0,640.0,5.70569805565e-16,5.70569805565e-16
18.0,90.0,45.0,650.0,640.0,660.0,6.25574233293e-16,6.25574233293e-16
18.0,90.0,45.0,670.0,660.0,680.0,6.56141691156e-16,6.56141691156e-16
18.0,90.0,45.0,690.0,680.0,700.0,6.26349499238e-16,6.26349499238e-16
18.0,90.0,45.0,710.0,700.0,720.0,5.63358192513e-16,5.63358192513e-16
18.0,90.0,45.0,730.0,720.0,740.0,4.89285688935e-16,4.89285688935e-16
18.0,90.0,45.0,750.0,740.0,760.0,4.01254740744e-16,4.01254740744e-16
18.0,90.0,45.0,770.0,760.0,780.0,3.44075467529e-16,3.44075467529e-16
18.0,90.0,60.0,390.0,380.0,400.0,6.47443538739e-14,6.47443538739e-14
18.0,90.0,60.0,410.0,400.0,420.0,6.7868145985e-14,6.7868145985e-14
18.0,90.0,60.0,430.0,420.0,440.0,4.36492422743e-14,4.36492422743e-14
18.0,90.0,60.0,450.0,440.0,460.0,3.36933893009e-14,3.36933893009e-14
18.0,90.0,60.0,470.0,460.0,480.0,2.22492351634e-14,2.22492351634e-14
18.0,90.0,60.0,490.0,480.0,500.0,1.31507985117e-14,1.31507985117e-14
18.0,90.0,60.0,510.0,500.0,520.0,7.00224451101e-15,7.00224451101e-15
18.0,90.0,60.0,530.0,520.0,540.0,3.46590238641e-15,3.46590238641e-15
18.0,90.0,60.0,550.0,540.0,560.0,1.9960056288e-15,1.9960056288e-15
18.0,90.0,60.0,570.0,560.0,580.0,9.57158028397e-16,9.57158028397e-16
18.0,90.0,60.0,590.0,580.0,600.0,7.83076128965e-16,7.83076128965e-16
18.0,90.0,60.0,610.0,600.0,620.0,5.38109057926e-16,5.38109057926e-16
18.0,90.0,60.0,630.0,620.0,640.0,6.28164390917e-16,6.28164390917e-16
18.0,90.0,60.0,650.0,640.0,660.0,6.9568919312e-16,6.9568919312e-16
18.0,90.0,60.0,670.0,660.0,680.0,7.3664401238e-16,7.3664401238e-16
18.0,90.0,60.0,690.0,680.0,700.0,7.0934712396e-16,7.0934712396e-16
18.0,90.0,60.0,710.0,700.0,720.0,6.42970970769e-16,6.42970970769e-16
18.0,90.0,60.0,730.0,720.0,740.0,5.62165570608e-16,5.62165570608e-16
18.0,90.0,60.0,750.0,740.0,760.0,4.63611925296e-16,4.63611925296e-16
18.0,90.0,60.0,770.0,760.0,780.0,3.99181791026e-16,3.99181791026e-16
18.0,90.0,90.0,390.0,380.0,400.0,5.24230840849e-14,5.24230840849e-14
18.0,90.0,90.0,410.0,400.0,420.0,5.35332268009e-14,5.35332268009e-14
18.0,90.0,90.0,430.0,420.0,440.0,3.36137921261e-14,3.36137921261e-14
18.0,90.0,90.0,450.0,440.0,460.0,2.53716411834e-14,2.53716411834e-14
18.0,90.0,90.0,470.0,460.0,480.0,1.6420141787e-14,1.6420141787e-14
18.0,90.0,90.0,490.0,480.0,500.0,9.53006951144e-15,9.53006951144e-15
18.0,90.0,90.0,510.0,500.0,520.0,4.99195535873e-15,4.99195535873e-15
18.0,90.0,90.0,530.0,520.0,540.0,2.43486686587e-15,2.43486686587e-15
18.0,90.0,90.0,550.0,540.0,560.0,1.38376936076e-15,1.38376936076e-15
18.0,90.0,90.0,570.0,560.0,580.0,6.55447357867e-16,6.55447357867e-16
18.0,90.0,90.0,590.0,580.0,600.0,5.29998066129e-16,5.29998066129e-16
18.0,90.0,90.0,610.0,600.0,620.0,3.60158118868e-16,3.60158118868e-16
18.0,90.0,90.0,630.0,620.0,640.0,4.16165937282e-16,4.16165937282e-16
18.0,90.0,90.0,650.0,640.0,660.0,4.56634161219e-16,4.56634161219e-16
18.0,90.0,90.0,670.0,660.0,680.0,4.79451216441e-16,4.79451216441e-16
18.0,90.0,90.0,690.0,680.0,700.0,4.58235560087e-16,4.58235560087e-16
18.0,90.0,90.0,710.0,700.0,720.0,4.12666580242e-16,4.12666580242e-16
18.0,90.0,90.0,730.0,720.0,740.0,3.58838273942e-16,3.58838273942e-16
18.0,90.0,90.0,750.0,740.0,760.0,2.94607595517e-16,2.94607595517e-16
18.0,90.0,90.0,770.0,760.0,780.0,2.52833910803e-16,2.52833910803e-16
18.0,180.0,0.0,390.0,380.0,400.0,3.13097783782e-14,3.13097783782e-14
18.0,180.0,0.0,410.0,400.0,420.0,3.45188068911e-14,3.45188068911e-14
18.0,180.0,0.0,430.0,420.0,440.0,2.32295755747e-14,2.32295755747e-14
18.0,180.0,0.0,450.0,440.0,460.0,1.82384977383e-14,1.82384977383e-14
18.0,180.0,0.0,470.0,460.0,480.0,1.2210862362e-14,1.2210862362e-14
18.0,180.0,0.0,490.0,480.0,500.0,7.21941252485e-15,7.21941252485e-15
18.0,180.0,0.0,510.0,500.0,520.0,3.80061578315e-15,3.80061578315e-15
18.0,180.0,0.0,530.0,520.0,540.0,1.83949715436e-15,1.83949715436e-15
18.0,180.0,0.0,550.0,540.0,560.0,1.03543237729e-15,1.03543237729e-15
18.0,180.0,0.0,570.0,560.0,580.0,4.79859139596e-16,4.79859139596e-16
18.0,180.0,0.0,590.0,580.0,600.0,3.80894427009e-16,3.80894427009e-16
18.0,180.0,0.0,610.0,600.0,620.0,2.53024406615e-16,2.53024406615e-16
18.0,180.0,0.0,630.0,620.0,640.0,2.89285226394e-16,2.89285226394e-16
18.0,180.0,0.0,650.0,640.0,660.0,3.13706233336e-16,3.13706233336e-16
18.0,180.0,0.0,670.0,660.0,680.0,3.23737770387e-16,3.23737770387e-16
18.0,180.0,0.0,690.0,680.0,700.0,3.02759488584e-16,3.02759488584e-16
18.0,180.0,0.0,710.0,700.0,720.0,2.65794508448e-16,2.65794508448e-16
18.0,180.0,0.0,730.0,720.0,740.0,2.24597537669e-16,2.24597537669e-16
18.0,180.0,0.0,750.0,740.0,760.0,1.78614059974e-16,1.78614059974e-16
18.0,180.0,0.0,770.0,760.0,780.0,1.48671225179e-16,1.48671225179e-16
18.0,180.0,0.5,390.0,380.0,400.0,4.84391911109e-14,4.84391911109e-14
18.0,180.0,0.5,410.0,400.0,420.0,5.38162190911e-14,5.38162190911e-14
18.0,180.0,0.5,430.0,420.0,440.0,3.63617938867e-14,3.63617938867e-14
18.0,180.0,0.5,450.0,440.0,460.0,2.88517218961e-14,2.88517218961e-14
18.0,180.0,0.5,470.0,460.0,480.0,1.94696821789e-14,1.94696821789e-14
18.0,180.0,0.5,490.0,480.0,500.0,1.16288385817e-14,1.16288385817e-14
18.0,180.0,0.5,510.0,500.0,520.0,6.19962349853e-15,6.19962349853e-15
18.0,180.0,0.5,530.0,520.0,540.0,3.04773208637e-15,3.04773208637e-15
18.0,180.0,0.5,550.0,540.0,560.0,1.73981489303e-15,1.73981489303e-15
18.0,180.0,0.5,570.0,560.0,580.0,8.2167014823e-16,8.2167014823e-16
18.0,180.0,0.5,590.0,580.0,600.0,6.62580859392e-16,6.62580859392e-16
18.0,180.0,0.5,610.0,600.0,620.0,4.48312402726e-16,4.48312402726e-16
18.0,180.0,0.5,630.0,620.0,640.0,5.18399366837e-16,5.18399366837e-16
18.0,180.0,0.5,650.0,640.0,660.0,5.68854760577e-16,5.68854760577e-16
18.0,180.0,0.5,670.0,660.0,680.0,5.95738846505e-16,5.95738846505e-16
18.0,180.0,0.5,690.0,680.0,700.0,5.66750283663e-16,5.66750283663e-16
18.0,180.0,0.5,710.0,700.0,720.0,5.07209568561e-16,5.07209568561e-16
18.0,180.0,0.5,730.0,720.0,740.0,4.37741150415e-16,4.37741150415e-16
18.0,180.0,0.5,750.0,740.0,760.0,3.56310808477e-16,3.56310808477e-16
18.0,180.0,0.5,770.0,760.0,780.0,3.03312996183e-16,3.03312996183e-16
18.0,180.0,1.0,390.0,380.0,400.0,5.03269623048e-14,5.03269623048e-14
18.0,180.0,1.0,410.0,400.0,420.0,5.59479769108e-14,5.59479769108e-14
18.0,180.0,1.0,430.0,420.0,440.0,3.78153838909e-14,3.78153838909e-14
18.0,180.0,1.0,450.0,440.0,460.0,3.00171730977e-14,3.00171730977e-14
18.0,180.0,1.0,470.0,460.0,480.0,2.0254907943e-14,2.0254907943e-14
18.0,180.0,1.0,490.0,480.0,500.0,1.2093044157e-14,1.2093044157e-14
18.0,180.0,1.0,510.0,500.0,520.0,6.44166594396e-15,6.44166594396e-15
18.0,180.0,1.0,530.0,520.0,540.0,3.16249754528e-15,3.16249754528e-15
18.0,180.0,1.0,550.0,540.0,560.0,1.80227201591e-15,1.80227201591e-15
18.0,180.0,1.0,570.0,560.0,580.0,8.49306792959e-16,8.49306792959e-16
18.0,180.0,1.0,590.0,580.0,600.0,6.83537904599e-16,6.83537904599e-16
18.0,180.0,1.0,610.0,600.0,620.0,4.61365298798e-16,4.61365298798e-16
18.0,180.0,1.0,630.0,620.0,640.0,5.32323866587e-16,5.32323866587e-16
18.0,180.0,1.0,650.0,640.0,660.0,5.82749052118e-16,5.82749052118e-16
18.0,180.0,1.0,670.0,660.0,680.0,6.08808023332e-16,6.08808023332e-16
18.0,180.0,1.0,690.0,680.0,700.0,5.77778303304e-16,5.77778303304e-16
18.0,180.0,1.0,710.0,700.0,720.0,5.15860263206e-16,5.15860263206e-16
18.0,180.0,1.0,730.0,720.0,740.0,4.44209130636e-16,4.44209130636e-16
18.0,180.0,1.0,750.0,740.0,760.0,3.60810578126e-16,3.60810578126e-16
18.0,180.0,1.0,770.0,760.0,780.0,3.06546978232e-16,3.06546978232e-16
18.0,180.0,2.0,390.0,380.0,400.0,5.23615685386e-14,5.23615685386e-14
18.0,180.0,2.0,410.0,400.0,420.0,5.82557388517e-14,5.82557388517e-14
18.0,180.0,2.0,430.0,420.0,440.0,3.93752674246e-14,3.93752674246e-14
18.0,180.0,2.0,450.0,440.0,460.0,3.12366411999e-14,3.12366411999e-14
18.0,180.0,2.0,470.0,460.0,480.0,2.10426484324e-14,2.10426484324e-14
18.0,180.0,2.0,490.0,480.0,500.0,1.25312240149e-14,1.25312240149e-14
18.0,180.0,2.0,510.0,500.0,520.0,6.65168471521e-15,6.65168471521e-15
18.0,180.0,2.0,530.0,520.0,540.0,3.25129303941e-15,3.25129303941e-15
18.0,180.0,2.0,550.0,540.0,560.0,1.84408930954e-15,1.84408930954e-15
18.0,180.0,2.0,570.0,560.0,580.0,8.64270886907e-16,8.64270886907e-16
18.0,180.0,2.0,590.0,580.0,600.0,6.92352293319e-16,6.92352293319e-16
18.0,180.0,2.0,610.0,600.0,620.0,4.64861959675e-16,4.64861959675e-16
18.0,180.0,2.0,630.0,620.0,640.0,5.33961661121e-16,5.33961661121e-16
18.0,180.0,2.0,650.0,640.0,660.0,5.81867502699e-16,5.81867502699e-16
18.0,180.0,2.0,670.0,660.0,680.0,6.05132116812e-16,6.05132116812e-16
18.0,180.0,2.0,690.0,680.0,700.0,5.71761940155e-16,5.71761940155e-16
18.0,180.0,2.0,710.0,700.0,720.0,5.08352613922e-16,5.08352613922e-16
18.0,180.0,2.0,730.0,720.0,740.0,4.36029607727e-16,4.36029607727e-16
18.0,180.0,2.0,750.0,740.0,760.0,3.52871616961e-16,3.52871616961e-16
18.0,180.0,2.0,770.0,760.0,780.0,2.98804833293e-16,2.98804833293e-16
18.0,180.0,3.0,390.0,380.0,400.0,5.41366561741e-14,5.41366561741e-14
18.0,180.0,3.0,410.0,400.0,420.0,6.01886442581e-14,6.01886442581e-14
18.0,180.0,3.0,430.0,420.0,440.0,4.06079181868e-14,4.06079181868e-14
18.0,180.0,3.0,450.0,440.0,460.0,3.21338342896e-14,3.21338342896e-14
18.0,180.0,3.0,470.0,460.0,480.0,2.15712985606e-14,2.15712985606e-14
18.0,180.0,3.0,490.0,480.0,500.0,1.27931823169e-14,1.27931823169e-14
18.0,180.0,3.0,510.0,500.0,520.0,6.75929245301e-15,6.75929245301e-15
18.0,180.0,3.0,530.0,520.0,540.0,3.28745977839e-15,3.28745977839e-15
18.0,180.0,3.0,550.0,540.0,560.0,1.85543597399e-15,1.85543597399e-15
18.0,180.0,3.0,570.0,560.0,580.0,8.65228602373e-16,8.65228602373e-16
18.0,180.0,3.0,590.0,580.0,600.0,6.90234708777e-16,6.90234708777e-16
18.0,180.0,3.0,610.0,600.0,620.0,4.61470509549e-16,4.61470509549e-16
18.0,180.0,3.0,630.0,620.0,640.0,5.28141519545e-16,5.28141519545e-16
18.0,180.0,3.0,650.0,640.0,660.0,5.73505658941e-16,5.73505658941e-16
18.0,180.0,3.0,670.0,660.0,680.0,5.94484096068e-16,5.94484096068e-16
18.0,180.0,3.0,690.0,680.0,700.0,5.60008676533e-16,5.60008676533e-16
18.0,180.0,3.0,710.0,700.0,720.0,4.96541654288e-16,4.96541654288e-16
18.0,180.0,3.0,730.0,720.0,740.0,4.24853418069e-16,4.24853418069e-16
18.0,180.0,3.0,750.0,740.0,760.0,3.43070584471e-16,3.43070584471e-16
18.0,180.0,3.0,770.0,760.0,780.0,2.89931269213e-16,2.89931269213e-16
18.0,180.0,5.0,390.0,380.0,400.0,5.69686907011e-14,5.69686907011e-14
18.0,180.0,5.0,410.0,400.0,420.0,6.29519627254e-14,6.29519627254e-14
18.0,180.0,5.0,430.0,420.0,440.0,4.21267130308e-14,4.21267130308e-14
18.0,180.0,5.0,450.0,440.0,460.0,3.30419266689e-14,3.30419266689e-14
18.0,180.0,5.0,470.0,460.0,480.0,2.19637643824e-14,2.19637643824e-14
18.0,180.0,5.0,490.0,480.0,500.0,1.28969428377e-14,1.28969428377e-14
18.0,180.0,5.0,510.0,500.0,520.0,6.74748629108e-15,6.74748629108e-15
18.0,180.0,5.0,530.0,520.0,540.0,3.25096017288e-15,3.25096017288e-15
18.0,180.0,5.0,550.0,540.0,560.0,1.81906722105e-15,1.81906722105e-15
18.0,180.0,5.0,570.0,560.0,580.0,8.41569062917e-16,8.41569062917e-16
18.0,180.0,5.0,590.0,580.0,600.0,6.6705379676e-16,6.6705379676e-16
18.0,180.0,5.0,610.0,600.0,620.0,4.43322134999e-16,4.43322134999e-16
18.0,180.0,5.0,630.0,620.0,640.0,5.04773593626e-16,5.04773593626e-16
18.0,180.0,5.0,650.0,640.0,660.0,5.45572458006e-16,5.45572458006e-16
18.0,180.0,5.0,670.0,660.0,680.0,5.63225999033e-16,5.63225999033e-16
18.0,180.0,5.0,690.0,680.0,700.0,5.28696697737e-16,5.28696697737e-16
18.0,180.0,5.0,710.0,700.0,720.0,4.67369458238e-16,4.67369458238e-16
18.0,180.0,5.0,730.0,720.0,740.0,3.98874828335e-16,3.98874828335e-16
18.0,180.0,5.0,750.0,740.0,760.0,3.21402341268e-16,3.21402341268e-16
18.0,180.0,5.0,770.0,760.0,780.0,2.71105353503e-16,2.71105353503e-16
18.0,180.0,8.0,390.0,380.0,400.0,5.92354843797e-14,5.92354843797e-14
18.0,180.0,8.0,410.0,400.0,420.0,6.44558994132e-14,6.44558994132e-14
18.0,180.0,8.0,430.0,420.0,440.0,4.24347100202e-14,4.24347100202e-14
18.0,180.0,8.0,450.0,440.0,460.0,3.27793841878e-14,3.27793841878e-14
18.0,180.0,8.0,470.0,460.0,480.0,2.14712272344e-14,2.14712272344e-14
18.0,180.0,8.0,490.0,480.0,500.0,1.24409485314e-14,1.24409485314e-14
18.0,180.0,8.0,510.0,500.0,520.0,6.43211656707e-15,6.43211656707e-15
18.0,180.0,8.0,530.0,520.0,540.0,3.06718901839e-15,3.06718901839e-15
18.0,180.0,8.0,550.0,540.0,560.0,1.70111605341e-15,1.70111605341e-15
18.0,180.0,8.0,570.0,560.0,580.0,7.81266383748e-16,7.81266383748e-16
18.0,180.0,8.0,590.0,580.0,600.0,6.15654302162e-16,6.15654302162e-16
18.0,180.0,8.0,610.0,600.0,620.0,4.07186833011e-16,4.07186833011e-16
18.0,180.0,8.0,630.0,620.0,640.0,4.61637026514e-16,4.61637026514e-16
18.0,180.0,8.0,650.0,640.0,660.0,4.97121125433e-16,4.97121125433e-16
18.0,180.0,8.0,670.0,660.0,680.0,5.11711919257e-16,5.11711919257e-16
18.0,180.0,8.0,690.0,680.0,700.0,4.79248354917e-16,4.79248354917e-16
18.0,180.0,8.0,710.0,700.0,720.0,4.22920196368e-16,4.22920196368e-16
18.0,180.0,8.0,730.0,720.0,740.0,3.60471237543e-16,3.60471237543e-16
18.0,180.0,8.0,750.0,740.0,760.0,2.90189945512e-16,2.90189945512e-16
18.0,180.0,8.0,770.0,760.0,780.0,2.44584352567e-16,2.44584352567e-16
18.0,180.0,12.0,390.0,380.0,400.0,5.94858985162e-14,5.94858985162e-14
18.0,180.0,12.0,410.0,400.0,420.0,6.34209561028e-14,6.34209561028e-14
18.0,180.0,12.0,430.0,420.0,440.0,4.09701664414e-14,4.09701664414e-14
18.0,180.0,12.0,450.0,440.0,460.0,3.11460902707e-14,3.11460902707e-14
18.0,180.0,12.0,470.0,460.0,480.0,2.0115761509e-14,2.0115761509e-14
18.0,180.0,12.0,490.0,480.0,500.0,1.15189544309e-14,1.15189544309e-14
18.0,180.0,12.0,510.0,500.0,520.0,5.89805655503e-15,5.89805655503e-15
18.0,180.0,12.0,530.0,520.0,540.0,2.79097513483e-15,2.79097513483e-15
18.0,180.0,12.0,550.0,540.0,560.0,1.53824998499e-15,1.53824998499e-15
18.0,180.0,12.0,570.0,560.0,580.0,7.03287509794e-16,7.03287509794e-16
18.0,180.0,12.0,590.0,580.0,600.0,5.52150369527e-16,5.52150369527e-16
18.0,180.0,12.0,610.0,600.0,620.0,3.64220921394e-16,3.64220921394e-16
18.0,180.0,12.0,630.0,620.0,640.0,4.11779440456e-16,4.11779440456e-16
18.0,180.0,12.0,650.0,640.0,660.0,4.42436166368e-16,4.42436166368e-16
18.0,180.0,12.0,670.0,660.0,680.0,4.54701862487e-16,4.54701862487e-16
18.0,180.0,12.0,690.0,680.0,700.0,4.25405281388e-16,4.25405281388e-16
18.0,180.0,12.0,710.0,700.0,720.0,3.75161204415e-16,3.75161204415e-16
18.0,180.0,12.0,730.0,720.0,740.0,3.19655672329e-16,3.19655672329e-16
18.0,180.0,12.0,750.0,740.0,760.0,2.57314685419e-16,2.57314685419e-16
18.0,180.0,12.0,770.0,760.0,780.0,2.16856054654e-16,2.16856054654e-16
18.0,180.0,20.0,390.0,380.0,400.0,5.59232889181e-14,5.59232889181e-14
18.0,180.0,20.0,410.0,400.0,420.0,5.79824538355e-14,5.79824538355e-14
18.0,180.0,20.0,430.0,420.0,440.0,3.65926801713e-14,3.65926801713e-14
18.0,180.0,20.0,450.0,440.0,460.0,2.73272901373e-14,2.73272901373e-14
18.0,180.0,20.0,470.0,460.0,480.0,1.73969676191e-14,1.73969676191e-14
18.0,180.0,20.0,490.0,480.0,500.0,9.85480363542e-15,9.85480363542e-15
18.0,180.0,20.0,510.0,500.0,520.0,5.0072218955e-15,5.0072218955e-15
18.0,180.0,20.0,530.0,520.0,540.0,2.35784761095e-15,2.35784761095e-15
18.0,180.0,20.0,550.0,540.0,560.0,1.2950944488e-15,1.2950944488e-15
18.0,180.0,20.0,570.0,560.0,580.0,5.91492938388e-16,5.91492938388e-16
18.0,180.0,20.0,590.0,580.0,600.0,4.63909977285e-16,4.63909977285e-16
18.0,180.0,20.0,610.0,600.0,620.0,3.06107099936e-16,3.06107099936e-16
18.0,180.0,20.0,630.0,620.0,640.0,3.45812859321e-16,3.45812859321e-16
18.0,180.0,20.0,650.0,640.0,660.0,3.71458763796e-16,3.71458763796e-16
18.0,180.0,20.0,670.0,660.0,680.0,3.81925997275e-16,3.81925997275e-16
18.0,180.0,20.0,690.0,680.0,700.0,3.57657058048e-16,3.57657058048e-16
18.0,180.0,20.0,710.0,700.0,720.0,3.15819687232e-16,3.15819687232e-16
18.0,180.0,20.0,730.0,720.0,740.0,2.69497579066e-16,2.69497579066e-16
18.0,180.0,20.0,750.0,740.0,760.0,2.1730556836e-16,2.1730556836e-16
18.0,180.0,20.0,770.0,760.0,780.0,1.83404243912e-16,1.83404243912e-16
18.0,180.0,30.0,390.0,380.0,400.0,5.00060128641e-14,5.00060128641e-14
18.0,180.0,30.0,410.0,400.0,420.0,5.08573400289e-14,5.08573400289e-14
18.0,180.0,30.0,430.0,420.0,440.0,3.16334614321e-14,3.16334614321e-14
18.0,180.0,30.0,450.0,440.0,460.0,2.34020172293e-14,2.34020172293e-14
18.0,180.0,30.0,470.0,460.0,480.0,1.48035857805e-14,1.48035857805e-14
18.0,180.0,30.0,490.0,480.0,500.0,8.35829123065e-15,8.35829123065e-15
18.0,180.0,30.0,510.0,500.0,520.0,4.24426133786e-15,4.24426133786e-15
18.0,180.0,30.0,530.0,520.0,540.0,2.00204127861e-15,2.00204127861e-15
18.0,180.0,30.0,550.0,540.0,560.0,1.10250207496e-15,1.10250207496e-15
18.0,180.0,30.0,570.0,560.0,580.0,5.05776821023e-16,5.05776821023e-16
18.0,180.0,30.0,590.0,580.0,600.0,3.9814003678e-16,3.9814003678e-16
18.0,180.0,30.0,610.0,600.0,620.0,2.63905842165e-16,2.63905842165e-16
18.0,180.0,30.0,630.0,620.0,640.0,2.99035414399e-16,2.99035414399e-16
18.0,180.0,30.0,650.0,640.0,660.0,3.22240930253e-16,3.22240930253e-16
18.0,180.0,30.0,670.0,660.0,680.0,3.32508970886e-16,3.32508970886e-16
18.0,180.0,30.0,690.0,680.0,700.0,3.12558004621e-16,3.12558004621e-16
18.0,180.0,30.0,710.0,700.0,720.0,2.77056065748e-16,2.77056065748e-16
18.0,180.0,30.0,730.0,720.0,740.0,2.37319565219e-16,2.37319565219e-16
18.0,180.0,30.0,750.0,740.0,760.0,1.9207946892e-16,1.9207946892e-16
18.0,180.0,30.0,770.0,760.0,780.0,1.62663591106e-16,1.62663591106e-16
18.0,180.0,45.0,390.0,380.0,400.0,4.51898324603e-14,4.51898324603e-14
18.0,180.0,45.0,410.0,400.0,420.0,4.54649611639e-14,4.54649611639e-14
18.0,180.0,45.0,430.0,420.0,440.0,2.80698034915e-14,2.80698034915e-14
18.0,180.0,45.0,450.0,440.0,460.0,2.07004437472e-14,2.07004437472e-14
18.0,180.0,45.0,470.0,460.0,480.0,1.30803366763e-14,1.30803366763e-14
18.0,180.0,45.0,490.0,480.0,500.0,7.39477966119e-15,7.39477966119e-15
18.0,180.0,45.0,510.0,500.0,520.0,3.76735461264e-15,3.76735461264e-15
18.0,180.0,45.0,530.0,520.0,540.0,1.78591218058e-15,1.78591218058e-15
18.0,180.0,45.0,550.0,540.0,560.0,9.88422062102e-16,9.88422062102e-16
18.0,180.0,45.0,570.0,560.0,580.0,4.56223482832e-16,4.56223482832e-16
18.0,180.0,45.0,590.0,580.0,600.0,3.60771824611e-16,3.60771824611e-16
18.0,180.0,45.0,610.0,600.0,620.0,2.40254111169e-16,2.40254111169e-16
18.0,180.0,45.0,630.0,620.0,640.0,2.7297654305e-16,2.7297654305e-16
18.0,180.0,45.0,650.0,640.0,660.0,2.94903009593e-16,2.94903009593e-16
18.0,180.0,45.0,670.0,660.0,680.0,3.05082382224e-16,3.05082382224e-16
18.0,180.0,45.0,690.0,680.0,700.0,2.8749733435e-16,2.8749733435e-16
18.0,180.0,45.0,710.0,700.0,720.0,2.55452422262e-16,2.55452422262e-16
18.0,180.0,45.0,730.0,720.0,740.0,2.19309300797e-16,2.19309300797e-16
18.0,180.0,45.0,750.0,740.0,760.0,1.77885611383e-16,1.77885611383e-16
18.0,180.0,45.0,770.0,760.0,780.0,1.50926408522e-16,1.50926408522e-16
18.0,180.0,60.0,390.0,380.0,400.0,4.47375534927e-14,4.47375534927e-14
18.0,180.0,60.0,410.0,400.0,420.0,4.49765758861e-14,4.49765758861e-14
18.0,180.0,60.0,430.0,420.0,440.0,2.77822210103e-14,2.77822210103e-14
18.0,180.0,60.0,450.0,440.0,460.0,2.05516410555e-14,2.05516410555e-14
18.0,180.0,60.0,470.0,460.0,480.0,1.30350446918e-14,1.30350446918e-14
18.0,180.0,60.0,490.0,480.0,500.0,7.40559127645e-15,7.40559127645e-15
18.0,180.0,60.0,510.0,500.0,520.0,3.79502059115e-15,3.79502059115e-15
18.0,180.0,60.0,530.0,520.0,540.0,1.81079183217e-15,1.81079183217e-15
18.0,180.0,60.0,550.0,540.0,560.0,1.00807520883e-15,1.00807520883e-15
18.0,180.0,60.0,570.0,560.0,580.0,4.68085118543e-16,4.68085118543e-16
18.0,180.0,60.0,590.0,580.0,600.0,3.71670124449e-16,3.71670124449e-16
18.0,180.0,60.0,610.0,600.0,620.0,2.48377516596e-16,2.48377516596e-16
18.0,180.0,60.0,630.0,620.0,640.0,2.82671671322e-16,2.82671671322e-16
18.0,180.0,60.0,650.0,640.0,660.0,3.05745488262e-16,3.05745488262e-16
18.0,180.0,60.0,670.0,660.0,680.0,3.16626789315e-16,3.16626789315e-16
18.0,180.0,60.0,690.0,680.0,700.0,2.98636284617e-16,2.98636284617e-16
18.0,180.0,60.0,710.0,700.0,720.0,2.65546108649e-16,2.65546108649e-16
18.0,180.0,60.0,730.0,720.0,740.0,2.28123719175e-16,2.28123719175e-16
18.0,180.0,60.0,750.0,740.0,760.0,1.85149594454e-16,1.85149594454e-16
18.0,180.0,60.0,770.0,760.0,780.0,1.57174470395e-16,1.57174470395e-16
18.0,180.0,90.0,390.0,380.0,400.0,5.24230840849e-14,5.24230840849e-14
18.0,180.0,90.0,410.0,400.0,420.0,5.35332268009e-14,5.35332268009e-14
18.0,180.0,90.0,430.0,420.0,440.0,3.36137921261e-14,3.36137921261e-14
18.0,180.0,90.0,450.0,440.0,460.0,2.53716411834e-14,2.53716411834e-14
18.0,180.0,90.0,470.0,460.0,480.0,1.6420141787e-14,1.6420141787e-14
18.0,180.0,90.0,490.0,480.0,500.0,9.53006951144e-15,9.53006951144e-15
18.0,180.0,90.0,510.0,500.0,520.0,4.99195535873e-15,4.99195535873e-15
18.0,180.0,90.0,530.0,520.0,540.0,2.43486686587e-15,2.43486686587e-15
18.0,180.0,90.0,550.0,540.0,560.0,1.38376936076e-15,1.38376936076e-15
18.0,180.0,90.0,570.0,560.0,580.0,6.55447357867e-16,6.55447357867e-16
18.0,180.0,90.0,590.0,580.0,600.0,5.29998066129e-16,5.29998066129e-16
18.0,180.0,90.0,610.0,600.0,620.0,3.60158118868e-16,3.60158118868e-16
18.0,180.0,90.0,630.0,620.0,640.0,4.16165937282e-16,4.16165937282e-16
18.0,180.0,90.0,650.0,640.0,660.0,4.56634161219e-16,4.56634161219e-16
18.0,180.0,90.0,670.0,660.0,680.0,4.79451216441e-16,4.79451216441e-16
18.0,180.0,90.0,690.0,680.0,700.0,4.58235560087e-16,4.58235560087e-16
18.0,180.0,90.0,710.0,700.0,720.0,4.12666580242e-16,4.12666580242e-16
18.0,180.0,90.0,730.0,720.0,740.0,3.58838273942e-16,3.58838273942e-16
18.0,180.0,90.0,750.0,740.0,760.0,2.94607595517e-16,2.94607595517e-16
18.0,180.0,90.0,770.0,760.0,780.0,2.52833910803e-16,2.52833910803e-16
