solar_depression_deg,relative_azimuth_deg,elevation_deg,X,Y_cd_m2,Z,CIE_x,CIE_y,preview_sRGB_R8,preview_sRGB_G8,preview_sRGB_B8,gamut_clipped,solar_Y_cd_m2,background_Y_cd_m2,near_horizon,night_background_important
-6.0,0.0,0.0,4446.20866254,4201.7485397,2209.51117753,0.409506940939,0.386991552057,255,193,137,0,4201.7485397,0.0,1,0
-6.0,0.0,0.5,4625.7262128,4356.42480133,2255.10347286,0.41164202681,0.387676972731,255,192,136,0,4356.42480133,0.0,1,0
-6.0,0.0,1.0,4933.68388537,4632.80248871,2351.29864918,0.413976580022,0.38873016082,255,191,133,0,4632.80248871,0.0,1,0
-6.0,0.0,2.0,5715.71273669,5339.39586987,2596.54337474,0.418682863035,0.391117197917,255,189,129,0,5339.39586987,0.0,1,0
-6.0,0.0,3.0,6668.61949423,6223.91895141,2908.1637197,0.422045768881,0.393901415664,255,188,125,0,6223.91895141,0.0,1,0
-6.0,0.0,5.0,8599.98405233,8163.28049315,3776.06890628,0.418708039992,0.397446222504,255,193,126,0,8163.28049315,0.0,0,0
-6.0,0.0,8.0,10185.3190915,9983.97412817,5066.22260371,0.403610497316,0.395631862572,255,203,139,0,9983.97412817,0.0,0,0
-6.0,0.0,12.0,10395.7020004,10474.1359013,6114.43314413,0.385250429138,0.388157081713,255,215,157,0,10474.1359013,0.0,0,0
-6.0,0.0,20.0,8326.8581194,8575.60571501,6045.27758176,0.36286177225,0.373701514214,255,227,183,0,8575.60571501,0.0,0,0
-6.0,0.0,30.0,5515.80815773,5723.46557123,4671.77463505,0.346665287638,0.35971643353,255,235,204,0,5723.46557123,0.0,0,0
-6.0,0.0,45.0,2828.67684797,2940.17630222,2915.02358271,0.325738945287,0.338578769903,255,244,234,0,2940.17630222,0.0,0,0
-6.0,0.0,60.0,1590.36207366,1654.60207166,1963.20149659,0.305359349723,0.317693826468,243,243,255,0,1654.60207166,0.0,0,0
-6.0,0.0,90.0,792.974802448,827.609751444,1271.81359522,0.274158245707,0.286132720593,195,216,255,0,827.609751444,0.0,0,0
-6.0,90.0,0.0,973.909856906,990.701722278,1009.92998297,0.327415111389,0.33306030579,255,237,233,0,990.701722278,0.0,1,0
-6.0,90.0,0.5,1008.84601766,1024.63196888,1036.79579649,0.328585034741,0.333726579872,255,236,231,0,1024.63196888,0.0,1,0
-6.0,90.0,1.0,1065.96755907,1081.97707264,1090.25721132,0.329185026365,0.334128978084,255,236,230,0,1081.97707264,0.0,1,0
-6.0,90.0,2.0,1148.05651303,1162.18836221,1156.47444849,0.331165117744,0.335241550782,255,234,228,0,1162.18836221,0.0,1,0
-6.0,90.0,3.0,1233.39144076,1245.59815292,1220.929821,0.333356298483,0.336655481731,255,232,225,0,1245.59815292,0.0,1,0
-6.0,90.0,5.0,1397.46852252,1414.06104538,1352.34993657,0.335616945932,0.339601816975,255,232,221,0,1414.06104538,0.0,0,0
-6.0,90.0,8.0,1561.71729713,1602.28508469,1556.34264188,0.330848124298,0.339442366321,255,238,227,0,1602.28508469,0.0,0,0
-6.0,90.0,12.0,1625.47616432,1692.31818122,1765.98702455,0.319737621661,0.332885712036,255,248,244,0,1692.31818122,0.0,0,0
-6.0,90.0,20.0,1530.12436166,1609.5454158,1965.47118992,0.299722254769,0.315279328442,234,241,255,0,1609.5454158,0.0,0,0
-6.0,90.0,30.0,1327.33915077,1396.74151763,1888.38704576,0.287772019887,0.30281870881,215,230,255,0,1396.74151763,0.0,0,0
-6.0,90.0,45.0,1083.53095813,1137.36604532,1650.17716683,0.279904468494,0.293811483657,203,222,255,0,1137.36604532,0.0,0,0
-6.0,90.0,60.0,921.78766495,964.664070514,1444.17708194,0.276760850724,0.28963421726,198,219,255,0,964.664070514,0.0,0,0
-6.0,90.0,90.0,792.974802448,827.609751444,1271.81359522,0.274158245707,0.286132720593,195,216,255,0,827.609751444,0.0,0,0
-6.0,180.0,0.0,763.237522465,791.120664016,940.42114142,0.305933881177,0.317110477535,244,243,255,0,791.120664016,0.0,1,0
-6.0,180.0,0.5,809.508955043,838.677113069,990.892214266,0.306739273499,0.317791676992,245,244,255,0,838.677113069,0.0,1,0
-6.0,180.0,1.0,836.7693929,866.111857862,1017.36225427,0.307608267919,0.318394973193,246,244,255,0,866.111857862,0.0,1,0
-6.0,180.0,2.0,894.106297155,922.875120596,1069.29783521,0.309778167251,0.319745610079,250,245,255,0,922.875120596,0.0,1,0
-6.0,180.0,3.0,961.627695295,988.621690725,1121.25771795,0.313080081779,0.321868599766,255,247,255,0,988.621690725,0.0,1,0
-6.0,180.0,5.0,1126.4408091,1156.14630066,1242.25282654,0.319572187519,0.327999660001,255,243,245,0,1156.14630066,0.0,0,0
-6.0,180.0,8.0,1348.3728009,1404.44804236,1480.50605757,0.318513744034,0.33175988419,255,249,246,0,1404.44804236,0.0,0,0
-6.0,180.0,12.0,1543.36239879,1635.83365928,1902.7128585,0.303697375165,0.321893541608,240,248,255,0,1635.83365928,0.0,0,0
-6.0,180.0,20.0,1523.92976933,1630.0092753,2190.66705152,0.28513415992,0.304982115795,211,232,255,0,1630.0092753,0.0,0,0
-6.0,180.0,30.0,1311.87284844,1399.52020059,2099.54398597,0.272685516127,0.290903869747,192,220,255,0,1399.52020059,0.0,0,0
-6.0,180.0,45.0,1007.51800628,1067.22492006,1729.64062425,0.26483081763,0.280525059018,180,212,255,0,1067.22492006,0.0,0,0
-6.0,180.0,60.0,814.668066504,857.487516042,1422.00403124,0.263292191803,0.277130989694,178,209,255,0,857.487516042,0.0,0,0
-6.0,180.0,90.0,792.974802447,827.609751443,1271.81359522,0.274158245707,0.286132720593,195,216,255,0,827.609751443,0.0,0,0
-5.5,0.0,0.0,3402.09067574,3176.60225052,1685.5690712,0.411662974478,0.384378212053,255,190,137,0,3176.60225052,0.0,1,0
-5.5,0.0,0.5,3461.39964533,3209.70322672,1665.40399149,0.415209835724,0.385017763346,255,188,134,0,3209.70322672,0.0,1,0
-5.5,0.0,1.0,3705.26562254,3422.4163192,1732.34331262,0.418200345504,0.386276135896,255,186,131,0,3422.4163192,0.0,1,0
-5.5,0.0,2.0,4358.62951648,3997.8666388,1913.64177897,0.424398342494,0.389270978091,255,184,125,0,3997.8666388,0.0,1,0
-5.5,0.0,3.0,5188.95294123,4751.29444771,2152.47461244,0.429097182639,0.392905290237,255,183,120,0,4751.29444771,0.0,1,0
-5.5,0.0,5.0,6907.41865217,6444.3218415,2831.75262654,0.426818771501,0.398203391174,255,187,120,0,6444.3218415,0.0,0,0
-5.5,0.0,8.0,8417.0513818,8145.91514886,3939.74095781,0.410533652033,0.397309240911,255,199,132,0,8145.91514886,0.0,0,0
-5.5,0.0,12.0,8722.1507717,8703.85147383,4885.56286978,0.390925097662,0.390104926698,255,211,151,0,8703.85147383,0.0,0,0
-5.5,0.0,20.0,7046.54794242,7204.99057297,4951.03494578,0.366958520256,0.375209634664,255,224,178,0,7204.99057297,0.0,0,0
-5.5,0.0,30.0,4677.4858574,4823.89804321,3885.91276093,0.349397341051,0.360333991632,255,232,201,0,4823.89804321,0.0,0,0
-5.5,0.0,45.0,2415.63575039,2498.66827695,2482.41008978,0.326582278582,0.337807874873,255,242,233,0,2498.66827695,0.0,0,0
-5.5,0.0,60.0,1369.54465395,1419.70545363,1703.33816598,0.304845352067,0.316010586144,242,242,255,0,1419.70545363,0.0,0,0
-5.5,0.0,90.0,698.99816291,728.571007805,1131.86942136,0.273106049535,0.284660475958,193,215,255,0,728.571007805,0.0,0,0
-5.5,90.0,0.0,763.06444749,777.006973684,837.611756235,0.320927722726,0.326791635264,255,240,243,0,777.006973684,0.0,1,0
-5.5,90.0,0.5,789.790273406,802.927242045,859.460228634,0.322077090582,0.327434356658,255,239,241,0,802.927242045,0.0,1,0
-5.5,90.0,1.0,834.528309245,847.624778487,903.212232139,0.322789318334,0.327854934841,255,239,240,0,847.624778487,0.0,1,0
-5.5,90.0,2.0,901.064705854,911.855561567,957.501877317,0.32524455075,0.329139572934,255,236,236,0,911.855561567,0.0,1,0
-5.5,90.0,3.0,973.461931066,981.373717126,1010.60139302,0.32826929641,0.330937296422,255,234,232,0,981.373717126,0.0,1,0
-5.5,90.0,5.0,1121.15424056,1130.28151284,1121.13862145,0.332432769731,0.335139091748,255,232,226,0,1130.28151284,0.0,0,0
-5.5,90.0,8.0,1280.90659306,1309.4650523,1300.94332973,0.329170627734,0.336509653081,255,238,230,0,1309.4650523,0.0,0,0
-5.5,90.0,12.0,1357.48458486,1409.61059606,1495.39679427,0.318472056431,0.330701055689,255,248,246,0,1409.61059606,0.0,0,0
-5.5,90.0,20.0,1307.5918951,1373.07068474,1699.71683531,0.298511103988,0.313459304458,232,240,255,0,1373.07068474,0.0,0,0
-5.5,90.0,30.0,1137.18913935,1194.75694954,1645.01348457,0.285944354813,0.300419686815,212,228,255,0,1194.75694954,0.0,0,0
-5.5,90.0,45.0,945.214562699,990.79756454,1455.11296945,0.278731847322,0.292173699374,201,221,255,0,990.79756454,0.0,0,0
-5.5,90.0,60.0,806.716089326,842.960319053,1277.88144929,0.275559400889,0.287939764144,197,217,255,0,842.960319053,0.0,0,0
-5.5,90.0,90.0,698.99816291,728.571007805,1131.86942136,0.273106049535,0.284660475958,193,215,255,0,728.571007805,0.0,0,0
-5.5,180.0,0.0,626.390858732,650.747268285,803.483458388,0.301059482957,0.312765796938,236,239,255,0,650.747268285,0.0,1,0
-5.5,180.0,0.5,661.66904529,686.894466544,843.850966521,0.301799250015,0.313305022077,237,239,255,0,686.894466544,0.0,1,0
-5.5,180.0,1.0,683.896001984,709.190873412,865.990456706,0.302732444023,0.313929436294,238,240,255,0,709.190873412,0.0,1,0
-5.5,180.0,2.0,731.820315383,756.238408561,909.386992654,0.305250004334,0.315435049614,242,241,255,0,756.238408561,0.0,1,0
-5.5,180.0,3.0,790.566143611,812.668701903,952.972664849,0.309273069736,0.31791969103,249,244,255,0,812.668701903,0.0,1,0
-5.5,180.0,5.0,941.008821115,963.764982276,1056.95474414,0.317722845296,0.325406250711,255,244,248,0,963.764982276,0.0,0,0
-5.5,180.0,8.0,1152.68367419,1198.31456152,1270.91018252,0.318253125448,0.330851701133,255,248,246,0,1198.31456152,0.0,0,0
-5.5,180.0,12.0,1345.84580324,1425.31499832,1657.43072515,0.303899286066,0.321843861581,240,248,255,0,1425.31499832,0.0,0,0
-5.5,180.0,20.0,1349.8276929,1443.82562232,1937.53754379,0.285304003395,0.305171713708,211,232,255,0,1443.82562232,0.0,0,0
-5.5,180.0,30.0,1173.8440988,1252.61555995,1879.40189196,0.272615383699,0.290909390652,191,220,255,0,1252.61555995,0.0,0,0
-5.5,180.0,45.0,904.671354326,958.462326577,1556.56605502,0.26454701412,0.280276749596,180,212,255,0,958.462326577,0.0,0,0
-5.5,180.0,60.0,729.937684214,768.25051228,1280.32827263,0.26270770475,0.276496655974,177,209,255,0,768.25051228,0.0,0,0
-5.5,180.0,90.0,698.998162909,728.571007804,1131.86942136,0.273106049535,0.284660475958,193,215,255,0,728.571007804,0.0,0,0
-5.0,0.0,0.0,2516.49936117,2322.51348468,1275.01950798,0.411594053734,0.379866076964,255,187,139,0,2322.51348468,0.0,1,0
-5.0,0.0,0.5,2571.50412868,2357.58373489,1270.03286537,0.414817558992,0.380309375794,255,185,136,0,2357.58373489,0.0,1,0
-5.0,0.0,1.0,2763.22855759,2521.12807744,1320.01981045,0.418393557726,0.381735974358,255,184,133,0,2521.12807744,0.0,1,0
-5.0,0.0,2.0,3296.3511143,2978.85138524,1454.55041903,0.426449738954,0.385374722403,255,180,126,0,2978.85138524,0.0,1,0
-5.0,0.0,3.0,4004.72409717,3606.3556095,1635.61105998,0.433098088628,0.390015812198,255,178,119,0,3606.3556095,0.0,1,0
-5.0,0.0,5.0,5528.65894005,5079.52128048,2181.83316263,0.432263733776,0.397147456246,255,183,116,0,5079.52128048,0.0,0,0
-5.0,0.0,8.0,6925.36786589,6623.91362161,3099.89329919,0.415958625855,0.397852368449,255,195,128,0,6623.91362161,0.0,0,0
-5.0,0.0,12.0,7291.55311968,7212.26639584,3936.92723188,0.395404438853,0.391104899093,255,207,147,0,7212.26639584,0.0,0,0
-5.0,0.0,20.0,5959.1071964,6053.89058197,4094.8424847,0.369950725801,0.375835027111,255,221,175,0,6053.89058197,0.0,0,0
-5.0,0.0,30.0,3968.00104379,4070.44247487,3269.45337671,0.350905308079,0.359964590457,255,230,199,0,4070.44247487,0.0,0,0
-5.0,0.0,45.0,2069.80819898,2132.60068287,2142.23835498,0.326229043431,0.33612596623,255,241,234,0,2132.60068287,0.0,0,0
-5.0,0.0,60.0,1186.08992045,1226.23447738,1497.1110348,0.303391612648,0.313660245453,239,240,255,0,1226.23447738,0.0,0,0
-5.0,0.0,90.0,620.708329755,646.429761348,1018.10289918,0.271616136939,0.282871593892,191,213,255,0,646.429761348,0.0,0,0
-5.0,90.0,0.0,619.446256598,632.860789917,719.073718172,0.314219489048,0.321024127481,255,245,253,0,632.860789917,0.0,1,0
-5.0,90.0,0.5,640.538150159,653.40026053,737.578809394,0.315300379355,0.321631662321,255,244,252,0,653.40026053,0.0,1,0
-5.0,90.0,1.0,676.40341129,689.259538627,774.754353955,0.31601473697,0.322021101857,255,243,250,0,689.259538627,0.0,1,0
-5.0,90.0,2.0,730.725217081,741.405974104,820.893802128,0.318673027643,0.323330960747,255,240,246,0,741.405974104,0.0,1,0
-5.0,90.0,3.0,791.985056349,799.489454586,865.963201678,0.322280826197,0.325334575311,255,237,241,0,799.489454586,0.0,1,0
-5.0,90.0,5.0,923.35217396,930.080944662,960.763666599,0.328105048946,0.330496058252,255,234,232,0,930.080944662,0.0,0,0
-5.0,90.0,8.0,1074.05782122,1096.48451664,1120.08072732,0.3263995298,0.333214863848,255,239,234,0,1096.48451664,0.0,0,0
-5.0,90.0,12.0,1155.43816202,1198.64844693,1298.75829454,0.316311858988,0.328141073218,255,249,249,0,1198.64844693,0.0,0,0
-5.0,90.0,20.0,1134.12833696,1190.12889429,1498.63521252,0.296667602775,0.311316342742,229,238,255,0,1190.12889429,0.0,0,0
-5.0,90.0,30.0,996.271563771,1045.99192692,1467.0938714,0.283890029136,0.298057968737,209,226,255,0,1045.99192692,0.0,0,0
-5.0,90.0,45.0,833.204182569,872.757027379,1300.80097199,0.277110104542,0.290264734811,199,219,255,0,872.757027379,0.0,0,0
-5.0,90.0,60.0,712.729775918,744.088367953,1145.15955557,0.273918479805,0.285970309474,194,216,255,0,744.088367953,0.0,0,0
-5.0,90.0,90.0,620.708329756,646.429761349,1018.10289918,0.271616136939,0.282871593892,191,213,255,0,646.429761349,0.0,0,0
-5.0,180.0,0.0,530.60448135,552.953061236,702.925502331,0.297010644943,0.309520464137,229,236,255,0,552.953061236,0.0,1,0
-5.0,180.0,0.5,557.746065292,580.810505819,734.804387165,0.297724825976,0.310036623349,231,236,255,0,580.810505819,0.0,1,0
-5.0,180.0,1.0,576.62140426,599.80214163,754.566123892,0.298614442782,0.310619031793,232,237,255,0,599.80214163,0.0,1,0
-5.0,180.0,2.0,617.974587043,640.333201687,793.863920057,0.301132007812,0.312027107159,236,238,255,0,640.333201687,0.0,1,0
-5.0,180.0,3.0,669.857117472,689.733083303,833.125419341,0.305492016989,0.314556560356,243,240,255,0,689.733083303,0.0,1,0
-5.0,180.0,5.0,807.321870336,826.430089835,926.18067897,0.315368403837,0.322832748487,255,245,251,0,826.430089835,0.0,0,0
-5.0,180.0,8.0,1007.14806889,1046.06238368,1120.56946863,0.317333934267,0.329595123054,255,248,248,0,1046.06238368,0.0,0,0
-5.0,180.0,12.0,1193.52832717,1263.57075732,1474.72169165,0.303556137252,0.321370385188,240,247,255,0,1263.57075732,0.0,0,0
-5.0,180.0,20.0,1210.92618159,1295.49032473,1741.06827863,0.285092529556,0.305001757585,210,232,255,0,1295.49032473,0.0,0,0
-5.0,180.0,30.0,1061.04775442,1132.63806598,1703.54287001,0.272256990468,0.290626533866,191,220,255,0,1132.63806598,0.0,0,0
-5.0,180.0,45.0,819.180242388,868.105509468,1415.50104968,0.264014350578,0.279782519714,179,211,255,0,868.105509468,0.0,0,0
-5.0,180.0,60.0,659.221732124,693.883099144,1164.26270545,0.261869481715,0.275638375813,176,208,255,0,693.883099144,0.0,0,0
-5.0,180.0,90.0,620.708329756,646.429761349,1018.10289918,0.271616136939,0.282871593892,191,213,255,0,646.429761349,0.0,0,0
-4.5,0.0,0.0,1891.17896892,1735.33639656,1017.11446906,0.40726307572,0.37370256855,255,187,144,0,1735.33639656,0.0,1,0
-4.5,0.0,0.5,1943.74694885,1772.25128897,1021.87889595,0.410256934482,0.374060204376,255,185,142,0,1772.25128897,0.0,1,0
-4.5,0.0,1.0,2094.20761099,1898.23551893,1060.8277347,0.414426154286,0.375644917873,255,183,138,0,1898.23551893,0.0,1,0
-4.5,0.0,2.0,2525.7722147,2260.16629666,1163.34090859,0.424550947503,0.379905890633,255,178,129,0,2260.16629666,0.0,1,0
-4.5,0.0,3.0,3123.57172725,2777.54591877,1301.82712448,0.433652044653,0.385612552542,255,175,120,0,2777.54591877,0.0,1,0
-4.5,0.0,5.0,4450.08044387,4035.32940467,1732.12342567,0.435533736416,0.39494164554,255,179,115,0,4035.32940467,0.0,0,0
-4.5,0.0,8.0,5728.05493652,5422.77633586,2496.46574596,0.419720837674,0.397351675469,255,192,125,0,5422.77633586,0.0,0,0
-4.5,0.0,12.0,6118.28655916,6004.18292122,3223.79517748,0.398682460883,0.391247189794,255,205,144,0,6004.18292122,0.0,0,0
-4.5,0.0,20.0,5055.41260189,5106.15905185,3429.72576797,0.37195953006,0.375693275882,255,219,173,0,5106.15905185,0.0,0,0
-4.5,0.0,30.0,3385.54632792,3457.11628005,2790.95919729,0.351430271642,0.358859455969,255,228,199,0,3457.11628005,0.0,0,0
-4.5,0.0,45.0,1789.29301186,1838.03737119,1876.78453804,0.325082785791,0.333938770818,255,241,236,0,1838.03737119,0.0,0,0
-4.5,0.0,60.0,1038.74818913,1071.95898299,1334.68001568,0.301489537317,0.311128742448,236,237,255,0,1071.95898299,0.0,0,0
-4.5,0.0,90.0,558.051133043,580.992725401,926.631329803,0.270154347701,0.281260446321,189,212,255,0,580.992725401,0.0,0,0
-4.5,90.0,0.0,524.853634557,538.060620215,636.952616293,0.308761611566,0.316531035091,248,242,255,0,538.060620215,0.0,1,0
-4.5,90.0,0.5,542.37342246,555.211080135,653.244695556,0.309780887269,0.317113217395,250,243,255,0,555.211080135,0.0,1,0
-4.5,90.0,1.0,572.310524724,585.22670674,685.878194415,0.310462045988,0.3174687043,251,243,255,0,585.22670674,0.0,1,0
-4.5,90.0,2.0,617.796516935,628.845834226,726.309956858,0.313133021221,0.31873341878,255,244,255,0,628.845834226,0.0,1,0
-4.5,90.0,3.0,670.288872325,678.226825478,765.644954823,0.317047274289,0.320801933683,255,240,249,0,678.226825478,0.0,1,0
-4.5,90.0,5.0,787.199036777,793.272161782,848.621636748,0.32407120277,0.326571364524,255,236,238,0,793.272161782,0.0,0,0
-4.5,90.0,8.0,927.202463947,946.200525763,990.991628109,0.323699275993,0.330331763604,255,240,238,0,946.200525763,0.0,0,0
-4.5,90.0,12.0,1008.35047357,1045.77643003,1154.75279445,0.314237543458,0.325900790444,255,250,253,0,1045.77643003,0.0,0,0
-4.5,90.0,20.0,1003.33549791,1052.70502117,1345.69643696,0.294947995943,0.309461029696,226,236,255,0,1052.70502117,0.0,0,0
-4.5,90.0,30.0,889.271169207,933.490988384,1326.41950251,0.282381667743,0.296423353473,207,224,255,0,933.490988384,0.0,0,0
-4.5,90.0,45.0,745.356664012,780.539116168,1178.7175765,0.275587141568,0.288595452744,197,218,255,0,780.539116168,0.0,0,0
-4.5,90.0,60.0,630.382234014,657.716939326,1030.46726033,0.271884482092,0.283673967576,191,214,255,0,657.716939326,0.0,0,0
-4.5,90.0,90.0,558.051133043,580.992725401,926.631329803,0.270154347701,0.281260446321,189,212,255,0,580.992725401,0.0,0,0
-4.5,180.0,0.0,466.017880843,487.103685519,636.033924151,0.293248762393,0.306517322205,224,233,255,0,487.103685519,0.0,1,0
-4.5,180.0,0.5,488.610068531,510.338321281,663.601364934,0.2938919976,0.306961232182,225,234,255,0,510.338321281,0.0,1,0
-4.5,180.0,1.0,504.984156296,526.878751937,681.490226182,0.294734428153,0.30751322734,226,234,255,0,526.878751937,0.0,1,0
-4.5,180.0,2.0,540.939033171,562.137425371,716.956770677,0.297213822521,0.308861078109,230,235,255,0,562.137425371,0.0,1,0
-4.5,180.0,3.0,586.804072847,605.539130363,752.162773627,0.301775401998,0.311410269537,237,237,255,0,605.539130363,0.0,1,0
-4.5,180.0,5.0,712.00397942,729.049849265,835.41239912,0.312767205032,0.320255069177,254,246,255,0,729.049849265,0.0,0,0
-4.5,180.0,8.0,899.100179047,933.381895554,1011.85530123,0.316101805183,0.328154424818,255,249,250,0,933.381895554,0.0,0,0
-4.5,180.0,12.0,1076.36776695,1139.28176577,1336.38459923,0.303028554052,0.320740658296,239,247,255,0,1139.28176577,0.0,0,0
-4.5,180.0,20.0,1101.0008377,1178.11307973,1586.13762598,0.284845843881,0.304795966446,210,232,255,0,1178.11307973,0.0,0,0
-4.5,180.0,30.0,970.408208912,1036.27820222,1561.75038348,0.271942103718,0.290401164955,190,220,255,0,1036.27820222,0.0,0,0
-4.5,180.0,45.0,749.972526167,795.054363006,1300.33727483,0.263576991534,0.279420951829,178,211,255,0,795.054363006,0.0,0,0
-4.5,180.0,60.0,602.206217413,634.068278996,1069.6378658,0.26115746083,0.274975011795,175,208,255,0,634.068278996,0.0,0,0
-4.5,180.0,90.0,558.051133043,580.9927254,926.631329802,0.270154347701,0.281260446321,189,212,255,0,580.9927254,0.0,0,0
-4.0,0.0,0.0,1434.33621948,1316.85448955,844.833761801,0.398867202132,0.366197310456,255,189,153,0,1316.85448955,0.0,1,0
-4.0,0.0,0.5,1477.36629628,1347.82556541,852.681115539,0.40169040786,0.366468764353,255,187,151,0,1347.82556541,0.0,1,0
-4.0,0.0,1.0,1593.93835441,1443.90868959,883.941098647,0.40643152981,0.368176106682,255,184,147,0,1443.90868959,0.0,1,0
-4.0,0.0,2.0,1939.01128355,1727.01577882,964.185720456,0.418773688057,0.372988426196,255,178,136,0,1727.01577882,0.0,1,0
-4.0,0.0,3.0,2450.33108925,2162.15869022,1085.88726372,0.430005082268,0.379434122002,255,174,126,0,2162.15869022,0.0,1,0
-4.0,0.0,5.0,3579.65026644,3210.71755629,1410.57982303,0.436492271511,0.391505676536,255,177,116,0,3210.71755629,0.0,0,0
-4.0,0.0,8.0,4728.88333057,4436.23478352,2040.786775,0.42199923856,0.395883672709,255,189,124,0,4436.23478352,0.0,0,0
-4.0,0.0,12.0,5121.27238478,4989.63889189,2664.09526457,0.400882173191,0.390578186851,255,202,143,0,4989.63889189,0.0,0,0
-4.0,0.0,20.0,4279.82702324,4299.91611464,2893.07394194,0.373040639754,0.374791656201,255,217,173,0,4299.91611464,0.0,0,0
-4.0,0.0,30.0,2889.78003827,2939.13120835,2403.45609412,0.351026614662,0.357021387251,255,227,200,0,2939.13120835,0.0,0,0
-4.0,0.0,45.0,1552.208051,1590.81169446,1659.41744821,0.323212566537,0.3312509108,255,241,239,0,1590.81169446,0.0,0,0
-4.0,0.0,60.0,914.664828901,942.79532299,1199.81267112,0.299176711354,0.30837788368,233,235,255,0,942.79532299,0.0,0,0
-4.0,0.0,90.0,504.945103753,525.702263101,848.881612779,0.26865513074,0.279698939893,187,211,255,0,525.702263101,0.0,0,0
-4.0,90.0,0.0,456.194873494,469.357469049,574.92610869,0.30403293904,0.312805204675,240,239,255,0,469.357469049,0.0,1,0
-4.0,90.0,0.5,471.153536056,484.086020964,589.569799882,0.304991379001,0.313362952393,242,239,255,0,484.086020964,0.0,1,0
-4.0,90.0,1.0,496.806973464,509.907977005,618.832105343,0.305624479887,0.313683922703,243,239,255,0,509.907977005,0.0,1,0
-4.0,90.0,2.0,535.619052381,547.206770955,655.062738282,0.308201034411,0.314868733842,247,241,255,0,547.206770955,0.0,1,0
-4.0,90.0,3.0,581.064031843,589.767480401,690.140079428,0.312236916696,0.31691374712,253,242,255,0,589.767480401,0.0,1,0
-4.0,90.0,5.0,685.327816714,691.575601838,763.937024335,0.320120922132,0.323039301754,255,238,244,0,691.575601838,0.0,0,0
-4.0,90.0,8.0,814.456898306,831.447680581,891.989766384,0.320918362825,0.327613197189,255,241,243,0,831.447680581,0.0,0,0
-4.0,90.0,12.0,893.015115872,926.370152422,1041.86458646,0.312106653108,0.323764158829,254,250,255,0,926.370152422,0.0,0,0
-4.0,90.0,20.0,897.905059354,942.254519499,1221.97959281,0.293228037335,0.307711200137,223,234,255,0,942.254519499,0.0,0,0
-4.0,90.0,30.0,801.149959855,841.097947509,1210.13330244,0.280870578274,0.294875714584,205,223,255,0,841.097947509,0.0,0,0
-4.0,90.0,45.0,672.342563822,704.11457825,1076.60977024,0.274082439598,0.287034395481,194,217,255,0,704.11457825,0.0,0,0
-4.0,90.0,60.0,569.910609001,594.623166859,943.207067915,0.270389317873,0.282113984086,189,213,255,0,594.623166859,0.0,0,0
-4.0,90.0,90.0,504.945103753,525.702263101,848.881612779,0.26865513074,0.279698939893,187,211,255,0,525.702263101,0.0,0,0
-4.0,180.0,0.0,416.945458072,437.138472494,583.533368869,0.290025348356,0.304071516576,219,231,255,0,437.138472494,0.0,1,0
-4.0,180.0,0.5,436.529632506,457.344344149,608.327103821,0.290593342116,0.304449484222,219,231,255,0,457.344344149,0.0,1,0
-4.0,180.0,1.0,451.106705579,472.160641176,625.000927951,0.291362106263,0.304960483199,221,232,255,0,472.160641176,0.0,1,0
-4.0,180.0,2.0,482.973887342,503.538130942,657.995498077,0.293689072587,0.306193876241,224,233,255,0,503.538130942,0.0,1,0
-4.0,180.0,3.0,523.84051695,542.095213536,690.414635514,0.298255135815,0.308648675133,231,235,255,0,542.095213536,0.0,1,0
-4.0,180.0,5.0,637.765777835,653.724618544,765.950957949,0.309980051919,0.317736696197,250,243,255,0,653.724618544,0.0,0,0
-4.0,180.0,8.0,811.886357912,842.779569756,926.29642126,0.314567300158,0.326536948556,255,250,252,0,842.779569756,0.0,0,0
-4.0,180.0,12.0,979.124884747,1036.26999807,1223.53999302,0.302298416696,0.319941597406,238,246,255,0,1036.26999807,0.0,0,0
-4.0,180.0,20.0,1007.69351335,1078.50462613,1455.48088647,0.2845242344,0.30451789059,210,232,255,0,1078.50462613,0.0,0,0
-4.0,180.0,30.0,892.689983427,953.68178357,1440.29399186,0.271609603448,0.290166951416,190,220,255,0,953.68178357,0.0,0,0
-4.0,180.0,45.0,690.48446775,732.306411044,1201.12206478,0.263150677099,0.279089446484,178,211,255,0,732.306411044,0.0,0,0
-4.0,180.0,60.0,553.465787322,583.006724145,988.366341307,0.260474240952,0.274376912576,174,207,255,0,583.006724145,0.0,0,0
-4.0,180.0,90.0,504.945103751,525.7022631,848.881612777,0.26865513074,0.279698939893,187,211,255,0,525.7022631,0.0,0,0
-3.5,0.0,0.0,1095.4887031,1013.83741638,725.202952125,0.386479967369,0.357674023009,255,193,166,0,1013.83741638,0.0,1,0
-3.5,0.0,0.5,1128.87513799,1038.43822751,734.713533338,0.388995408154,0.357832047637,255,191,164,0,1038.43822751,0.0,1,0
-3.5,0.0,1.0,1217.25309399,1110.47743733,760.55815344,0.394151330475,0.359576953674,255,188,159,0,1110.47743733,0.0,1,0
-3.5,0.0,2.0,1487.08928876,1327.32184224,824.431552642,0.408670947894,0.364764832568,255,180,146,0,1327.32184224,0.0,1,0
-3.5,0.0,3.0,1898.56506628,1668.24263929,912.848715729,0.423819348567,0.372404149425,255,174,133,0,1668.24263929,0.0,1,0
-3.5,0.0,5.0,2864.41991423,2548.03730136,1174.35588513,0.434871897901,0.386839168259,255,175,119,0,2548.03730136,0.0,0,0
-3.5,0.0,8.0,3879.80029172,3611.3049264,1687.69155187,0.422691599884,0.393439904695,255,187,125,0,3611.3049264,0.0,0,0
-3.5,0.0,12.0,4259.37621611,4123.05464855,2214.58087794,0.401941256608,0.38907710482,255,201,143,0,4123.05464855,0.0,0,0
-3.5,0.0,20.0,3603.39607114,3602.97912667,2450.54576503,0.37314130301,0.373098127295,255,216,173,0,3602.97912667,0.0,0,0
-3.5,0.0,30.0,2459.2788181,2492.76376661,2080.90640568,0.349679604027,0.354440757357,255,227,202,0,2492.76376661,0.0,0,0
-3.5,0.0,45.0,1346.51678047,1377.69778634,1474.8521173,0.320670492223,0.328096191363,255,242,243,0,1377.69778634,0.0,0,0
-3.5,0.0,60.0,806.592070872,830.864301243,1082.8019783,0.296513039193,0.305435805799,229,232,255,0,830.864301243,0.0,0,0
-3.5,0.0,90.0,457.748668241,476.673838885,779.149377514,0.267131290111,0.278175571832,184,210,255,0,476.673838885,0.0,0,0
-3.5,90.0,0.0,403.313331488,416.46167551,524.952293545,0.29992202235,0.309699725247,234,236,255,0,416.46167551,0.0,1,0
-3.5,90.0,0.5,416.238290979,429.269500759,538.200068801,0.300813707032,0.310231308935,235,236,255,0,429.269500759,0.0,1,0
-3.5,90.0,1.0,438.533237291,451.823275717,564.741813749,0.301377047329,0.310510477133,236,237,255,0,451.823275717,0.0,1,0
-3.5,90.0,2.0,471.929660601,484.068540723,597.563890073,0.303772641734,0.311586220727,240,237,255,0,484.068540723,0.0,1,0
-3.5,90.0,3.0,511.410670769,520.977931162,629.202868236,0.307783639932,0.313541529621,246,239,255,0,520.977931162,0.0,1,0
-3.5,90.0,5.0,604.271511738,611.110540843,695.413653081,0.316240773384,0.319819925821,255,241,250,0,611.110540843,0.0,0,0
-3.5,90.0,8.0,722.558938864,738.357473486,810.883243352,0.318055748028,0.325009941626,255,243,247,0,738.357473486,0.0,0,0
-3.5,90.0,12.0,797.154800239,827.455683721,947.648731131,0.309904536666,0.321684408347,250,247,255,0,827.455683721,0.0,0,0
-3.5,90.0,20.0,808.170082959,848.473875611,1115.96755466,0.291483346695,0.306019747651,221,233,255,0,848.473875611,0.0,0,0
-3.5,90.0,30.0,724.819554084,761.245970558,1108.69477631,0.279339696163,0.293378147599,202,222,255,0,761.245970558,0.0,0,0
-3.5,90.0,45.0,608.597710022,637.53978906,986.646073412,0.272573534452,0.285535865148,192,216,255,0,637.53978906,0.0,0,0
-3.5,90.0,60.0,516.604717061,539.133503634,865.607017153,0.268876569856,0.280602097434,187,212,255,0,539.133503634,0.0,0,0
-3.5,90.0,90.0,457.748668241,476.673838885,779.149377514,0.267131290111,0.278175571832,184,210,255,0,476.673838885,0.0,0,0
-3.5,180.0,0.0,377.045832122,396.481892164,538.581531043,0.287358564533,0.302171401165,214,229,255,0,396.481892164,0.0,1,0
-3.5,180.0,0.5,394.539507016,414.599808608,561.764566358,0.287795163615,0.302428065204,215,230,255,0,414.599808608,0.0,1,0
-3.5,180.0,1.0,407.571086602,427.935055424,577.372948708,0.288468482034,0.302881582883,216,230,255,0,427.935055424,0.0,1,0
-3.5,180.0,2.0,435.827447237,455.914285254,608.088062587,0.290584604111,0.30397734913,219,231,255,0,455.914285254,0.0,1,0
-3.5,180.0,3.0,472.143760674,490.142281555,638.008081615,0.29503561479,0.306282622833,226,233,255,0,490.142281555,0.0,1,0
-3.5,180.0,5.0,575.281301487,590.603745373,706.67589076,0.307216331351,0.31539894564,245,241,255,0,590.603745373,0.0,0,0
-3.5,180.0,8.0,736.24341348,764.414139043,852.058499983,0.312933391471,0.324907095452,255,251,255,0,764.414139043,0.0,0,0
-3.5,180.0,12.0,892.820330185,944.931570561,1123.42008859,0.301509109704,0.319107290615,237,245,255,0,944.931570561,0.0,0,0
-3.5,180.0,20.0,923.422598788,988.545289514,1337.13422232,0.284208549731,0.304251838156,209,232,255,0,988.545289514,0.0,0,0
-3.5,180.0,30.0,821.757970074,878.291479765,1328.72387893,0.271317091401,0.289982571961,189,220,255,0,878.291479765,0.0,0,0
-3.5,180.0,45.0,636.089547708,674.933983099,1109.63862109,0.262775020963,0.278822049814,177,211,255,0,674.933983099,0.0,0,0
-3.5,180.0,60.0,509.271794612,536.732941114,913.969869649,0.25983591482,0.273846885384,173,207,255,0,536.732941114,0.0,0,0
-3.5,180.0,90.0,457.748668259,476.673838904,779.149377548,0.26713129011,0.278175571831,184,210,255,0,476.673838904,0.0,0,0
-3.0,0.0,0.0,847.002678449,796.129640903,636.709905969,0.371518111667,0.349203831766,255,201,181,0,796.129640903,0.0,1,0
-3.0,0.0,0.5,871.975408287,815.141673203,646.298522201,0.373690570556,0.349334114297,255,199,179,0,815.141673203,0.0,1,0
-3.0,0.0,1.0,937.389519729,868.328652011,668.247534855,0.378901581873,0.350986535382,255,195,174,0,868.328652011,0.0,1,0
-3.0,0.0,2.0,1153.20483406,1041.41530248,732.156264258,0.394018768822,0.355823322272,255,186,160,0,1041.41530248,0.0,1,0
-3.0,0.0,3.0,1476.89217733,1302.54092116,797.21869897,0.41292590416,0.364178845166,255,177,143,0,1302.54092116,0.0,1,0
-3.0,0.0,5.0,2277.59902938,2016.44312393,995.149541208,0.430613817938,0.381238427418,255,175,124,0,2016.44312393,0.0,0,0
-3.0,0.0,8.0,3157.6131181,2921.09675914,1408.60079431,0.421728609458,0.390139649239,255,186,127,0,2921.09675914,0.0,0,0
-3.0,0.0,12.0,3512.82109766,3381.62218542,1848.11553978,0.401806973089,0.386800049497,255,199,144,0,3381.62218542,0.0,0,0
-3.0,0.0,20.0,3011.52221312,2998.73950738,2080.06549647,0.372237380808,0.370657382199,255,215,175,0,2998.73950738,0.0,0,0
-3.0,0.0,30.0,2082.62930236,2105.27157918,1806.36559041,0.347436890252,0.35121421262,255,227,205,0,2105.27157918,0.0,0,0
-3.0,0.0,45.0,1165.55272169,1191.40982648,1312.98176097,0.317594116834,0.324639756388,255,243,248,0,1191.40982648,0.0,0,0
-3.0,0.0,60.0,710.652602491,732.023773514,977.496529755,0.293637120224,0.302467551707,224,229,255,0,732.023773514,0.0,0,0
-3.0,0.0,90.0,414.727533827,432.148549651,714.123305831,0.265680779036,0.276840947287,182,209,255,0,432.148549651,0.0,0,0
-3.0,90.0,0.0,360.306076105,373.369058431,481.052461946,0.296614711931,0.307368548729,229,234,255,0,373.369058431,0.0,1,0
-3.0,90.0,0.5,371.64241004,384.689505163,493.197110781,0.297425991963,0.307867602243,230,234,255,0,384.689505163,0.0,1,0
-3.0,90.0,1.0,391.231813504,404.627728758,517.438006826,0.297900360642,0.308100574039,231,234,255,0,404.627728758,0.0,1,0
-3.0,90.0,2.0,420.155608222,432.764551013,547.384523793,0.300045849531,0.309050277599,234,235,255,0,432.764551013,0.0,1,0
-3.0,90.0,3.0,454.4888758,464.900085023,576.121018539,0.303902268839,0.310863913607,240,237,255,0,464.900085023,0.0,1,0
-3.0,90.0,5.0,536.901074712,544.556921727,635.806182068,0.312649085348,0.317107250324,254,243,255,0,544.556921727,0.0,0,0
-3.0,90.0,8.0,644.414179708,659.56137597,739.859568595,0.315296557954,0.322707721448,255,245,251,0,659.56137597,0.0,0,0
-3.0,90.0,12.0,714.102740423,742.059188506,864.024665802,0.307778151139,0.319827375174,247,246,255,0,742.059188506,0.0,0,0
-3.0,90.0,20.0,728.710999133,765.690335762,1019.85510775,0.289831612548,0.304539474484,218,231,255,0,765.690335762,0.0,0,0
-3.0,90.0,30.0,656.209776814,689.703700762,1015.4079661,0.277899384927,0.29208378326,200,221,255,0,689.703700762,0.0,0,0
-3.0,90.0,45.0,550.856038056,577.432699241,903.228974026,0.271154927661,0.284237098216,190,215,255,0,577.432699241,0.0,0,0
-3.0,90.0,60.0,468.99838672,489.929463752,796.754596588,0.267131671508,0.279053575191,184,210,255,0,489.929463752,0.0,0,0
-3.0,90.0,90.0,414.727533827,432.148549651,714.123305831,0.265680779036,0.276840947287,182,209,255,0,432.148549651,0.0,0,0
-3.0,180.0,0.0,342.262274449,360.932407647,495.674244235,0.285487651679,0.301060774635,211,229,255,0,360.932407647,0.0,1,0
-3.0,180.0,0.5,358.301506173,377.618156617,517.9938084,0.285746596082,0.301151686534,212,229,255,0,377.618156617,0.0,1,0
-3.0,180.0,1.0,370.037821635,389.723773915,532.631226854,0.286319929375,0.301552103323,213,229,255,0,389.723773915,0.0,1,0
-3.0,180.0,2.0,395.193771848,414.839804042,561.279455256,0.288186404469,0.302512843253,216,230,255,0,414.839804042,0.0,1,0
-3.0,180.0,3.0,427.419062957,445.27205637,589.021999138,0.29240967845,0.304623424901,222,231,255,0,445.27205637,0.0,1,0
-3.0,180.0,5.0,520.207799418,535.217288451,651.598785066,0.304745474077,0.313538256223,242,239,255,0,535.217288451,0.0,0,0
-3.0,180.0,8.0,667.762920169,693.712532729,782.824772156,0.311412978634,0.3235146481,253,249,255,0,693.712532729,0.0,0,0
-3.0,180.0,12.0,812.467412112,860.036567994,1027.13640489,0.300953940617,0.318574493394,236,245,255,0,860.036567994,0.0,0,0
-3.0,180.0,20.0,844.444217977,904.369843202,1224.43838361,0.284013629404,0.304168535971,209,232,255,0,904.369843202,0.0,0,0
-3.0,180.0,30.0,754.717603342,807.166461205,1221.48236179,0.271152801227,0.28999647821,189,220,255,0,807.166461205,0.0,0,0
-3.0,180.0,45.0,584.702596791,620.850940411,1021.70163154,0.262521602821,0.278751599333,177,211,255,0,620.850940411,0.0,0,0
-3.0,180.0,60.0,467.879378393,493.508083646,842.889272961,0.2593168605,0.273521280895,172,207,255,0,493.508083646,0.0,0,0
-3.0,180.0,90.0,414.727533827,432.148549651,714.123305831,0.265680779036,0.276840947287,182,209,255,0,432.148549651,0.0,0,0
-2.5,0.0,0.0,669.081655417,642.133331405,565.615934897,0.356495434764,0.342137016166,255,210,197,0,642.133331405,0.0,1,0
-2.5,0.0,0.5,687.681391184,657.044245191,574.566759781,0.358299440232,0.342336710398,255,208,196,0,657.044245191,0.0,1,0
-2.5,0.0,1.0,735.036410482,695.950585953,593.47014953,0.363078276044,0.343771458606,255,205,190,0,695.950585953,0.0,1,0
-2.5,0.0,2.0,891.018021267,818.90178422,641.474436111,0.378931786726,0.348262222359,255,193,175,0,818.90178422,0.0,1,0
-2.5,0.0,3.0,1147.43782934,1022.58571695,698.964183139,0.399945185394,0.356427358145,255,181,156,0,1022.58571695,0.0,1,0
-2.5,0.0,5.0,1802.40347105,1595.15162015,853.52304986,0.423987377142,0.375234603368,255,176,131,0,1595.15162015,0.0,0,0
-2.5,0.0,8.0,2548.90383951,2348.59824764,1182.83457475,0.419204392987,0.386261218454,255,186,130,0,2348.59824764,0.0,0,0
-2.5,0.0,12.0,2870.69139781,2751.664462,1544.60258889,0.400545282682,0.383937549198,255,199,146,0,2751.664462,0.0,0,0
-2.5,0.0,20.0,2495.85583798,2477.20871148,1764.55770499,0.370435703238,0.367668090898,255,215,177,0,2477.20871148,0.0,0,0
-2.5,0.0,30.0,1752.78140194,1768.64525171,1566.12579238,0.344523505268,0.347641674552,255,228,209,0,1768.64525171,0.0,0,0
-2.5,0.0,45.0,1004.79611835,1027.03429917,1165.11898403,0.314298411436,0.321254474242,255,245,253,0,1027.03429917,0.0,0,0
-2.5,0.0,60.0,623.815844885,643.084814494,877.802574626,0.290863479382,0.299847925017,220,227,255,0,643.084814494,0.0,0,0
-2.5,0.0,90.0,374.046832368,390.274277583,649.560628707,0.264553125018,0.276030354528,181,208,255,0,390.274277583,0.0,0,0
-2.5,90.0,0.0,323.304339668,336.157826933,438.551064435,0.294444848686,0.306150980181,225,233,255,0,336.157826933,0.0,1,0
-2.5,90.0,0.5,333.328332173,346.245487986,449.641359268,0.295185840791,0.306624896914,227,233,255,0,346.245487986,0.0,1,0
-2.5,90.0,1.0,350.635184105,363.980035535,471.697469535,0.295567254152,0.306816271002,227,233,255,0,363.980035535,0.0,1,0
-2.5,90.0,2.0,375.740840112,388.638271524,498.89560037,0.297433991626,0.30764351398,230,234,255,0,388.638271524,0.0,1,0
-2.5,90.0,3.0,405.524337053,416.626840887,524.88895138,0.30104844557,0.309290593367,236,235,255,0,416.626840887,0.0,1,0
-2.5,90.0,5.0,478.19595892,486.70234463,578.470519793,0.309839068723,0.315350638984,250,241,255,0,486.70234463,0.0,0,0
-2.5,90.0,8.0,574.955437547,589.753824968,671.612159551,0.313101742777,0.321160455834,255,247,255,0,589.753824968,0.0,0,0
-2.5,90.0,12.0,639.021262303,665.105096838,783.329295393,0.306124473071,0.318619988594,244,244,255,0,665.105096838,0.0,0,0
-2.5,90.0,20.0,655.357712123,689.563814436,925.878486613,0.288602126265,0.303665585008,216,231,255,0,689.563814436,0.0,0,0
-2.5,90.0,30.0,591.979365021,623.036214071,923.284977983,0.276845723611,0.291369803936,198,220,255,0,623.036214071,0.0,0,0
-2.5,90.0,45.0,496.072723008,520.671737841,820.006771481,0.270081606195,0.283474282568,188,214,255,0,520.671737841,0.0,0,0
-2.5,90.0,60.0,423.216992383,442.677764004,724.558240339,0.266098396654,0.278334389583,183,210,255,0,442.677764004,0.0,0,0
-2.5,90.0,90.0,374.046832358,390.274277572,649.560628684,0.264553125019,0.27603035453,181,208,255,0,390.274277572,0.0,0,0
-2.5,180.0,0.0,309.776547749,327.525926526,450.650544095,0.284733386937,0.301047858681,210,229,255,0,327.525926526,0.0,1,0
-2.5,180.0,0.5,324.853051146,343.299854061,472.721890558,0.284740317125,0.300909315672,210,228,255,0,343.299854061,0.0,1,0
-2.5,180.0,1.0,335.570157369,354.449214948,486.594574965,0.285199880678,0.301245124424,211,229,255,0,354.449214948,0.0,1,0
-2.5,180.0,2.0,358.098154219,377.172911379,513.439478774,0.286774349614,0.302049913072,213,229,255,0,377.172911379,0.0,1,0
-2.5,180.0,3.0,386.575717645,404.186228975,539.126568257,0.290682800341,0.3039248963,220,231,255,0,404.186228975,0.0,1,0
-2.5,180.0,5.0,469.217847508,483.970375767,595.724095002,0.302933769699,0.312458213455,239,238,255,0,483.970375767,0.0,0,0
-2.5,180.0,8.0,602.916504289,626.850459326,712.737433971,0.310381024124,0.322702208605,251,248,255,0,626.850459326,0.0,0,0
-2.5,180.0,12.0,711.774743057,753.372092595,878.002480077,0.303768410438,0.321521162795,240,247,255,0,753.372092595,0.0,0,0
-2.5,180.0,20.0,767.36417533,822.374198547,1110.2158632,0.284213771031,0.304588199034,209,232,255,0,822.374198547,0.0,0,0
-2.5,180.0,30.0,688.663705466,737.283884965,1111.89429415,0.271358002896,0.290516083545,189,220,255,0,737.283884965,0.0,0,0
-2.5,180.0,45.0,534.055885206,567.749355752,931.826008423,0.26261195847,0.279180090257,177,211,255,0,567.749355752,0.0,0,0
-2.5,180.0,60.0,427.342076181,451.371333726,770.357997063,0.259141038026,0.273712424955,172,207,255,0,451.371333726,0.0,0,0
-2.5,180.0,90.0,374.046832363,390.274277577,649.560628676,0.264553125022,0.276030354532,181,208,255,0,390.274277577,0.0,0,0
-2.0,0.0,0.0,542.984591651,532.235640239,501.009858899,0.344483076946,0.337663671915,255,220,211,0,532.235640239,0.0,1,0
-2.0,0.0,0.5,556.530368676,543.658988721,507.921137273,0.346077194646,0.338073155124,255,218,209,0,543.658988721,0.0,1,0
-2.0,0.0,1.0,598.53802816,580.67800255,533.684301625,0.349429570922,0.339002796361,255,215,205,0,580.67800255,0.0,1,0
-2.0,0.0,2.0,708.139056276,666.411486422,570.699757075,0.364034929777,0.34258392686,255,203,190,0,666.411486422,0.0,1,0
-2.0,0.0,3.0,898.631048207,814.101609725,611.590983692,0.386620448252,0.350253121014,255,188,168,0,814.101609725,0.0,1,0
-2.0,0.0,5.0,1422.69337763,1264.02057176,732.133802879,0.416132416743,0.369721222866,255,178,139,0,1264.02057176,0.0,0,0
-2.0,0.0,8.0,2041.73872282,1877.97854423,991.880288774,0.415697479204,0.382355948933,255,186,135,0,1877.97854423,0.0,0,0
-2.0,0.0,12.0,2324.11091631,2221.19727808,1286.0924153,0.398551063778,0.380902878528,255,198,148,0,2221.19727808,0.0,0,0
-2.0,0.0,20.0,2049.72537304,2029.79429135,1488.59327871,0.368118497951,0.364538994107,255,215,180,0,2029.79429135,0.0,0,0
-2.0,0.0,30.0,1461.81136769,1473.67633254,1346.90435018,0.341353932681,0.344124572246,255,229,214,0,1473.67633254,0.0,0,0
-2.0,0.0,45.0,860.366221524,880.12537725,1023.32297064,0.311296651753,0.31844588526,252,244,255,0,880.12537725,0.0,0,0
-2.0,0.0,60.0,543.35832128,561.01101016,778.109611621,0.288639787065,0.298017150326,217,225,255,0,561.01101016,0.0,0,0
-2.0,0.0,90.0,334.218898822,349.425455614,582.062600195,0.264057092836,0.276071372078,180,208,255,0,349.425455614,0.0,0,0
-2.0,90.0,0.0,288.807219997,301.1096761,392.906761013,0.293854566796,0.306372027089,224,233,255,0,301.1096761,0.0,1,0
-2.0,90.0,0.5,297.585727087,309.997597525,402.73893556,0.294545353317,0.306830414162,226,233,255,0,309.997597525,0.0,1,0
-2.0,90.0,1.0,312.841709336,325.727624716,422.451179529,0.294849821782,0.306994653304,226,233,255,0,325.727624716,0.0,1,0
-2.0,90.0,2.0,334.64343354,347.36566403,446.79274675,0.296458971275,0.30772953267,229,234,255,0,347.36566403,0.0,1,0
-2.0,90.0,3.0,360.383592247,371.704945338,470.017863249,0.29979342261,0.309211351907,234,235,255,0,371.704945338,0.0,1,0
-2.0,90.0,5.0,423.93770921,432.936406992,517.541632229,0.308449397276,0.314996686764,247,241,255,0,432.936406992,0.0,0,0
-2.0,90.0,8.0,510.031728526,524.340827603,599.843471579,0.312095659251,0.320851600225,253,246,255,0,524.340827603,0.0,0,0
-2.0,90.0,12.0,568.022613072,592.26945019,699.082202629,0.305491273861,0.318531594771,243,244,255,0,592.26945019,0.0,0,0
-2.0,90.0,20.0,584.790951391,616.408610259,827.645168304,0.288238396343,0.303822466628,216,231,255,0,616.408610259,0.0,0,0
-2.0,90.0,30.0,529.484489161,558.323043744,826.703358929,0.276563842713,0.291626987407,198,221,255,0,558.323043744,0.0,0,0
-2.0,90.0,45.0,442.523018901,465.355747081,732.934307561,0.269697399439,0.283612895695,188,214,255,0,465.355747081,0.0,0,0
-2.0,90.0,60.0,378.501882563,396.693440763,649.178869596,0.265732055835,0.278503670408,182,210,255,0,396.693440763,0.0,0,0
-2.0,90.0,90.0,334.21889881,349.425455594,582.062600172,0.264057092838,0.276071372075,180,208,255,0,349.425455594,0.0,0,0
-2.0,180.0,0.0,277.59517415,294.004902528,401.477747428,0.285275408886,0.302139145754,211,230,255,0,294.004902528,0.0,1,0
-2.0,180.0,0.5,291.969040081,309.177611414,423.148553133,0.285043841621,0.301844243746,211,229,255,0,309.177611414,0.0,1,0
-2.0,180.0,1.0,301.640849273,319.314031292,435.926270637,0.285406593664,0.302128608244,211,230,255,0,319.314031292,0.0,1,0
-2.0,180.0,2.0,321.598259251,339.644234543,460.413197603,0.286717449675,0.302806143764,213,230,255,0,339.644234543,0.0,1,0
-2.0,180.0,3.0,346.469090815,363.362469629,483.653304146,0.290300364164,0.304455029477,219,231,255,0,363.362469629,0.0,1,0
-2.0,180.0,5.0,419.101566679,433.209833366,533.831371895,0.302350937553,0.312529013703,238,238,255,0,433.209833366,0.0,0,0
-2.0,180.0,8.0,538.542331448,560.199874539,636.278112168,0.310395403335,0.322877990924,251,249,255,0,560.199874539,0.0,0,0
-2.0,180.0,12.0,637.674920291,675.047638378,782.475327799,0.304350688978,0.322188010372,241,248,255,0,675.047638378,0.0,0,0
-2.0,180.0,20.0,689.611603871,739.585530372,989.165787781,0.285156374831,0.30582073668,211,233,255,0,739.585530372,0.0,0,0
-2.0,180.0,30.0,621.512118494,666.253720365,995.301889965,0.272226754663,0.291823896397,191,221,255,0,666.253720365,0.0,0,0
-2.0,180.0,45.0,482.58246108,513.865476222,836.278969031,0.263313895492,0.280383004389,178,212,255,0,513.865476222,0.0,0,0
-2.0,180.0,60.0,386.553713316,409.098068316,693.572416876,0.259567171755,0.274705493455,172,208,255,0,409.098068316,0.0,0,0
-2.0,180.0,90.0,334.218898809,349.425455594,582.062600172,0.264057092838,0.276071372075,180,208,255,0,349.425455594,0.0,0,0
-1.5,0.0,0.0,450.741943854,448.62823205,435.961900257,0.337550450484,0.335967539505,255,226,220,0,448.62823205,0.0,1,0
-1.5,0.0,0.5,467.441077413,464.290957133,448.324145208,0.338711629476,0.336429026546,255,225,218,0,464.290957133,0.0,1,0
-1.5,0.0,1.0,487.982498195,481.654280525,457.816670794,0.341855279667,0.337422057923,255,222,214,0,481.654280525,0.0,1,0
-1.5,0.0,2.0,569.597143157,547.247475354,493.307372468,0.353753649561,0.339873178694,255,211,201,0,547.247475354,0.0,1,0
-1.5,0.0,3.0,711.576808795,656.155127908,526.423057872,0.375669789871,0.346410473159,255,195,178,0,656.155127908,0.0,1,0
-1.5,0.0,5.0,1121.82029802,1002.81870532,619.807086408,0.408760187424,0.365399309196,255,181,146,0,1002.81870532,0.0,0,0
-1.5,0.0,8.0,1623.73421091,1492.67324699,822.508591693,0.412228691972,0.378955333954,255,186,139,0,1492.67324699,0.0,0,0
-1.5,0.0,12.0,1864.15894343,1777.54044118,1059.12953647,0.396559622723,0.378133403922,255,198,151,0,1777.54044118,0.0,0,0
-1.5,0.0,20.0,1667.18130319,1647.8874547,1241.23378129,0.365906629082,0.361672088393,255,215,183,0,1647.8874547,0.0,0,0
-1.5,0.0,30.0,1206.49948287,1215.46050868,1141.29646772,0.338594624514,0.341109466179,255,229,217,0,1215.46050868,0.0,0,0
-1.5,0.0,45.0,729.665822649,747.080823956,884.086033758,0.309071383465,0.316448018604,248,242,255,0,747.080823956,0.0,0,0
-1.5,0.0,60.0,468.052304158,483.984930056,677.288841603,0.287267423694,0.297046083801,215,225,255,0,483.984930056,0.0,0,0
-1.5,0.0,90.0,294.544283585,308.534797451,511.144323067,0.264349395732,0.276905687239,180,209,255,0,308.534797451,0.0,0,0
-1.5,90.0,0.0,254.187881948,265.194005805,342.597720595,0.294888509527,0.307656936703,226,234,255,0,265.194005805,0.0,1,0
-1.5,90.0,0.5,260.934398614,272.047022336,350.414082445,0.29537664343,0.307956086816,227,234,255,0,272.047022336,0.0,1,0
-1.5,90.0,1.0,275.243321017,286.840791172,368.484269039,0.295779790684,0.308242571914,227,235,255,0,286.840791172,0.0,1,0
-1.5,90.0,2.0,293.975706381,305.586969798,389.713172221,0.29716252232,0.308899656544,230,235,255,0,305.586969798,0.0,1,0
-1.5,90.0,3.0,315.922020647,326.449253406,409.895174871,0.300230061474,0.310234402835,234,236,255,0,326.449253406,0.0,1,0
-1.5,90.0,5.0,370.69059043,379.1500956,450.940525112,0.308707853679,0.31575285496,248,241,255,0,379.1500956,0.0,0,0
-1.5,90.0,8.0,446.163446756,459.049295697,522.062217657,0.312598104238,0.321626391919,254,247,255,0,459.049295697,0.0,0,0
-1.5,90.0,12.0,497.862223396,519.469780418,608.670212706,0.306187911885,0.319476674226,244,245,255,0,519.469780418,0.0,0,0
-1.5,90.0,20.0,514.33555542,542.72925764,722.772349779,0.288978995471,0.304931972976,217,232,255,0,542.72925764,0.0,0,0
-1.5,90.0,30.0,466.689753358,492.817456641,723.789141604,0.277247528585,0.292769277479,199,222,255,0,492.817456641,0.0,0,0
-1.5,90.0,45.0,388.941328674,409.65513926,640.951804167,0.27018290127,0.284572005815,188,215,255,0,409.65513926,0.0,0,0
-1.5,90.0,60.0,333.826463527,350.499244592,569.753013601,0.266192590421,0.279487434498,183,211,255,0,350.499244592,0.0,0,0
-1.5,90.0,90.0,294.544283574,308.53479744,511.14432304,0.264349395734,0.276905687241,180,209,255,0,308.53479744,0.0,0,0
-1.5,180.0,0.0,242.229842824,256.463024404,345.653460912,0.286884462869,0.303741504945,213,231,255,0,256.463024404,0.0,1,0
-1.5,180.0,0.5,257.011424806,272.202413897,367.771970354,0.286527860542,0.303463456332,213,231,255,0,272.202413897,0.0,1,0
-1.5,180.0,1.0,265.587426437,281.234007793,379.171290299,0.286813729095,0.303710817961,213,231,255,0,281.234007793,0.0,1,0
-1.5,180.0,2.0,282.932117234,299.033356417,400.809194733,0.287891137548,0.304274587082,215,231,255,0,299.033356417,0.0,1,0
-1.5,180.0,3.0,304.256776891,319.444646875,421.176076689,0.291188944885,0.305724495681,220,233,255,0,319.444646875,0.0,1,0
-1.5,180.0,5.0,367.157221361,379.63196222,464.469825074,0.303120322522,0.313419309584,239,239,255,0,379.63196222,0.0,0,0
-1.5,180.0,8.0,472.357848011,490.839533515,552.267379793,0.311691739767,0.323887130894,253,250,255,0,490.839533515,0.0,0,0
-1.5,180.0,12.0,561.36986616,593.645491183,679.339848305,0.306031168026,0.323626247171,244,249,255,0,593.645491183,0.0,0,0
-1.5,180.0,20.0,609.581746792,653.707861073,860.92022755,0.286968705553,0.307741660063,213,235,255,0,653.707861073,0.0,0,0
-1.5,180.0,30.0,552.017584548,592.199438028,871.48251938,0.273859061362,0.293793507267,193,223,255,0,592.199438028,0.0,0,0
-1.5,180.0,45.0,429.41186317,457.836790764,734.902552995,0.264717531471,0.282240514206,180,214,255,0,457.836790764,0.0,0,0
-1.5,180.0,60.0,344.645660714,365.388047077,611.817289943,0.260729583973,0.276421508705,174,209,255,0,365.388047077,0.0,0,0
-1.5,180.0,90.0,294.544283573,308.534797439,511.144323038,0.264349395734,0.276905687241,180,209,255,0,308.534797439,0.0,0,0
-1.0,0.0,0.0,374.709841175,375.143259737,371.962767082,0.334020806681,0.334407161139,255,230,224,0,375.143259737,0.0,1,0
-1.0,0.0,0.5,377.624565724,376.919953863,371.084802187,0.335478614868,0.334852643381,255,228,222,0,376.919953863,0.0,1,0
-1.0,0.0,1.0,398.407869324,396.172983626,386.564914057,0.337306266892,0.335414133202,255,226,220,0,396.172983626,0.0,1,0
-1.0,0.0,2.0,452.71522498,439.865946076,411.269885467,0.347213911217,0.337359044099,255,216,208,0,439.865946076,0.0,1,0
-1.0,0.0,3.0,556.814735209,519.120653578,437.516326558,0.367910472177,0.343004437019,255,199,186,0,519.120653578,0.0,1,0
-1.0,0.0,5.0,872.199370307,781.788654863,508.946170347,0.403248222768,0.361448192221,255,182,151,0,781.788654863,0.0,0,0
-1.0,0.0,8.0,1272.42365757,1166.62435847,665.808899977,0.409817164522,0.375741745925,255,186,142,0,1166.62435847,0.0,0,0
-1.0,0.0,12.0,1473.58497019,1399.65938577,855.11220228,0.395237136571,0.375409208831,255,197,153,0,1399.65938577,0.0,0,0
-1.0,0.0,20.0,1336.38416357,1316.60471817,1016.94763528,0.364143673158,0.358754085273,255,215,186,0,1316.60471817,0.0,0,0
-1.0,0.0,30.0,980.852975699,986.022069266,949.036052098,0.336379588763,0.338152308642,255,230,221,0,986.022069266,0.0,0,0
-1.0,0.0,45.0,607.656072842,621.646388586,748.136913346,0.307294413469,0.314369379166,246,240,255,0,621.646388586,0.0,0,0
-1.0,0.0,60.0,395.419736853,408.86341792,577.249618889,0.286218137124,0.295949126734,213,224,255,0,408.86341792,0.0,0,0
-1.0,0.0,90.0,254.336978944,266.571515579,439.328920776,0.264868848987,0.277610006996,181,209,255,0,266.571515579,0.0,0,0
-1.0,90.0,0.0,215.663374529,224.54876027,289.167579943,0.295680521641,0.307862634142,227,234,255,0,224.54876027,0.0,1,0
-1.0,90.0,0.5,221.355277751,230.330057929,295.751860196,0.296152344267,0.308159748003,228,235,255,0,230.330057929,0.0,1,0
-1.0,90.0,1.0,233.405516088,242.78590702,310.975836889,0.296513241784,0.308429884419,229,235,255,0,242.78590702,0.0,1,0
-1.0,90.0,2.0,249.003144755,258.454926341,328.852763843,0.297739948297,0.309041705002,231,235,255,0,258.454926341,0.0,1,0
-1.0,90.0,3.0,267.200086659,275.774697227,345.801978059,0.300638020816,0.310285674688,235,236,255,0,275.774697227,0.0,1,0
-1.0,90.0,5.0,313.365994788,320.007628065,380.147821755,0.309185362042,0.315738388929,249,241,255,0,320.007628065,0.0,0,0
-1.0,90.0,8.0,378.515340763,388.65610532,440.121078265,0.313524131997,0.321923723938,255,247,254,0,388.65610532,0.0,0,0
-1.0,90.0,12.0,424.325664348,441.991964231,514.425085612,0.30731696788,0.320111748328,246,246,255,0,441.991964231,0.0,0,0
-1.0,90.0,20.0,440.955708238,464.899019047,614.452467138,0.290043821312,0.305792816578,218,233,255,0,464.899019047,0.0,0,0
-1.0,90.0,30.0,401.578189578,423.941773797,618.005684275,0.27819262528,0.293684961183,200,222,255,0,423.941773797,0.0,0,0
-1.0,90.0,45.0,334.045117236,351.814198822,547.327213623,0.270879635153,0.285288713714,189,216,255,0,351.814198822,0.0,0,0
-1.0,90.0,60.0,288.373450171,302.889040665,489.212281195,0.266895125769,0.2803295815,184,212,255,0,302.889040665,0.0,0,0
-1.0,90.0,90.0,254.336978948,266.571515584,439.328920777,0.264868848988,0.277610006998,181,209,255,0,266.571515584,0.0,0,0
-1.0,180.0,0.0,201.606741578,212.958720818,284.67006883,0.288324509517,0.304559352762,216,232,255,0,212.958720818,0.0,1,0
-1.0,180.0,0.5,217.787421014,230.198598311,308.674876529,0.28782698063,0.304229542682,215,231,255,0,230.198598311,0.0,1,0
-1.0,180.0,1.0,225.290640259,238.11135018,318.663040761,0.288071491847,0.30446489829,215,232,255,0,238.11135018,0.0,1,0
-1.0,180.0,2.0,239.912330551,253.169825977,337.11250015,0.288983226549,0.304952367424,217,232,255,0,253.169825977,0.0,1,0
-1.0,180.0,3.0,257.815785877,270.300811192,354.416737154,0.292131499038,0.306278302144,222,233,255,0,270.300811192,0.0,1,0
-1.0,180.0,5.0,311.696986097,321.494733574,390.872527722,0.30437249117,0.313940003659,241,240,255,0,321.494733574,0.0,0,0
-1.0,180.0,8.0,403.93807517,418.343397224,465.239120064,0.313733292917,0.324921713621,255,249,254,0,418.343397224,0.0,0,0
-1.0,180.0,12.0,483.123568092,509.44252098,574.250283009,0.308347280958,0.325145007454,248,251,255,0,509.44252098,0.0,0,0
-1.0,180.0,20.0,527.408316462,564.724391751,731.389246881,0.289225098161,0.309688836032,217,236,255,0,564.724391751,0.0,0,0
-1.0,180.0,30.0,480.231582714,514.907749378,745.718264716,0.275859199279,0.295778213176,196,224,255,0,514.907749378,0.0,0,0
-1.0,180.0,45.0,374.728461549,399.577898428,632.206392728,0.266423792339,0.284091201917,182,215,255,0,399.577898428,0.0,0,0
-1.0,180.0,60.0,301.081620762,319.364859941,527.940896728,0.262177751758,0.278098546028,176,210,255,0,319.364859941,0.0,0,0
-1.0,180.0,90.0,254.336978947,266.571515583,439.328920782,0.264868848986,0.277610006997,181,209,255,0,266.571515583,0.0,0,0
-0.5,0.0,0.0,290.934432103,292.076729253,301.365868623,0.328971040903,0.330262681359,255,232,231,0,292.076729253,0.0,1,0
-0.5,0.0,0.5,292.90130645,293.503726758,303.48617955,0.329142823584,0.329819783082,255,232,231,0,293.503726758,0.0,1,0
-0.5,0.0,1.0,304.869451274,304.59251513,312.403022578,0.330709436759,0.330409028188,255,230,229,0,304.59251513,0.0,1,0
-0.5,0.0,2.0,342.414917245,335.264504122,331.894565338,0.339167729908,0.332085125545,255,221,218,0,335.264504122,0.0,1,0
-0.5,0.0,3.0,417.771562584,392.112378403,352.134919718,0.359522187386,0.337440631699,255,203,195,0,392.112378403,0.0,1,0
-0.5,0.0,5.0,659.181682719,590.266201025,406.311055878,0.39811452437,0.356492836548,255,183,157,0,590.266201025,0.0,0,0
-0.5,0.0,8.0,978.737109591,893.121907708,528.021444096,0.407827441964,0.372152664299,255,185,144,0,893.121907708,0.0,0,0
-0.5,0.0,12.0,1148.33934664,1085.28731724,680.567244078,0.394050424544,0.372414242676,255,197,155,0,1085.28731724,0.0,0,0
-0.5,0.0,20.0,1057.79063576,1038.22529715,824.030120668,0.362251353696,0.355551000942,255,214,188,0,1038.22529715,0.0,0,0
-0.5,0.0,30.0,786.069094778,788.364592966,779.729815791,0.333905904835,0.334880985022,255,230,224,0,788.364592966,0.0,0,0
-0.5,0.0,45.0,476.721328969,486.981321323,606.027623604,0.303696333629,0.310232483517,240,236,255,0,486.981321323,0.0,0,0
-0.5,0.0,60.0,327.727508818,338.941298424,484.14449457,0.284779041311,0.294523271403,211,222,255,0,338.941298424,0.0,0,0
-0.5,0.0,90.0,215.524867035,226.068515162,371.057957459,0.265211975318,0.27818635635,181,210,255,0,226.068515162,0.0,0,0
-0.5,90.0,0.0,173.935546281,181.134747414,236.542600116,0.294002291194,0.306171061025,225,233,255,0,181.134747414,0.0,1,0
-0.5,90.0,0.5,178.504687012,185.783631445,241.946154138,0.294448262316,0.306455076118,225,233,255,0,185.783631445,0.0,1,0
-0.5,90.0,1.0,188.110535882,195.73129789,254.368406795,0.294746971962,0.306687805129,226,233,255,0,195.73129789,0.0,1,0
-0.5,90.0,2.0,200.487412449,208.210391071,268.928497737,0.295867223685,0.307264329447,228,234,255,0,208.210391071,0.0,1,0
-0.5,90.0,3.0,215.023142473,222.031808038,282.703593431,0.298743438731,0.308480961993,232,235,255,0,222.031808038,0.0,1,0
-0.5,90.0,5.0,253.141120541,258.309156194,310.662522099,0.307915313933,0.314201599295,247,240,255,0,258.309156194,0.0,0,0
-0.5,90.0,8.0,309.029797291,316.796662808,360.409104088,0.313342783928,0.321218048012,255,246,255,0,316.796662808,0.0,0,0
-0.5,90.0,12.0,350.048083831,364.158167174,423.679010044,0.307630387538,0.320030656552,246,246,255,0,364.158167174,0.0,0,0
-0.5,90.0,20.0,367.767207656,387.542304141,510.731158141,0.290486092895,0.306105730521,219,233,255,0,387.542304141,0.0,0,0
-0.5,90.0,30.0,337.118366463,355.884456643,516.84257219,0.278645823486,0.294156970822,201,223,255,0,355.884456643,0.0,0,0
-0.5,90.0,45.0,281.208273494,296.230506434,459.504068311,0.271189751655,0.28567679206,190,216,255,0,296.230506434,0.0,0,0
-0.5,90.0,60.0,244.173617024,256.60919857,412.616534074,0.267324053945,0.280938670105,184,212,255,0,256.60919857,0.0,0,0
-0.5,90.0,90.0,215.524867029,226.068515156,371.05795746,0.265211975314,0.278186356346,181,210,255,0,226.068515156,0.0,0,0
-0.5,180.0,0.0,165.08069436,174.133227962,234.303050352,0.287839248402,0.303623495483,215,231,255,0,174.133227962,0.0,1,0
-0.5,180.0,0.5,174.506527736,184.115484672,247.288438999,0.288007126022,0.303865834042,215,231,255,0,184.115484672,0.0,1,0
-0.5,180.0,1.0,183.210061042,193.361572758,259.832114091,0.287883378515,0.303834748615,215,231,255,0,193.361572758,0.0,1,0
-0.5,180.0,2.0,195.20043668,205.716804789,275.131548283,0.288737203052,0.304292837894,216,231,255,0,205.716804789,0.0,1,0
-0.5,180.0,3.0,209.958623776,219.753313007,289.384510688,0.291975609829,0.305596438113,222,232,255,0,219.753313007,0.0,1,0
-0.5,180.0,5.0,256.14406376,263.204021757,319.488178633,0.305356450009,0.313772821951,243,240,255,0,263.204021757,0.0,0,0
-0.5,180.0,8.0,338.055888276,348.657920997,382.942295313,0.316041657526,0.325953284894,255,247,250,0,348.657920997,0.0,0,0
-0.5,180.0,12.0,410.233018076,431.235148866,478.631583613,0.31075910582,0.326668608705,252,253,255,0,431.235148866,0.0,0,0
-0.5,180.0,20.0,451.065886095,482.106790191,614.541314417,0.29144007795,0.31149604713,220,238,255,0,482.106790191,0.0,0,0
-0.5,180.0,30.0,412.215912285,441.597966261,630.019419155,0.277804732461,0.297606184566,199,226,255,0,441.597966261,0.0,0,0
-0.5,180.0,45.0,327.728664899,349.858985082,544.237892499,0.268228690189,0.286341194318,185,217,255,0,349.858985082,0.0,0,0
-0.5,180.0,60.0,258.699195392,274.513300716,448.284077975,0.263576259177,0.279688496083,178,211,255,0,274.513300716,0.0,0,0
-0.5,180.0,90.0,215.524867038,226.068515167,371.057957471,0.265211975315,0.278186356349,181,210,255,0,226.068515167,0.0,0,0
0.0,0.0,0.0,218.93964335,220.944548737,242.613100285,0.320791958879,0.323729560845,255,238,243,0,220.944548737,0.0,1,0
0.0,0.0,0.5,217.296869045,219.040322199,241.745351838,0.320457842872,0.323028994676,255,238,244,0,219.040322199,0.0,1,0
0.0,0.0,1.0,225.49381824,226.789759425,248.630466661,0.321713939199,0.323562869457,255,236,242,0,226.789759425,0.0,1,0
0.0,0.0,2.0,251.804762489,248.474285115,263.833291618,0.329538929767,0.325180307084,255,227,231,0,248.474285115,0.0,1,0
0.0,0.0,3.0,307.621162483,290.048854172,279.393513565,0.350739885861,0.330704497654,255,207,206,0,290.048854172,0.0,1,0
0.0,0.0,5.0,497.802263707,443.7969756,320.955163993,0.394281832455,0.351507209859,255,183,161,0,443.7969756,0.0,0,0
0.0,0.0,8.0,761.974845319,690.620008559,417.635721705,0.407422943067,0.369269980705,255,184,146,0,690.620008559,0.0,0,0
0.0,0.0,12.0,911.193058911,856.105639165,544.214408644,0.394197660512,0.370365903042,255,195,156,0,856.105639165,0.0,0,0
0.0,0.0,20.0,854.323602457,835.270764832,673.688692966,0.36149863587,0.353436614885,255,213,190,0,835.270764832,0.0,0,0
0.0,0.0,30.0,641.464127207,641.916400321,646.31738663,0.332416863024,0.332651238109,255,230,226,0,641.916400321,0.0,0,0
0.0,0.0,45.0,396.17807778,404.526956416,509.827404972,0.302303144843,0.308673745362,238,235,255,0,404.526956416,0.0,0,0
0.0,0.0,60.0,274.486802336,283.953208261,409.287764607,0.283640512723,0.293422608648,209,222,255,0,283.953208261,0.0,0,0
0.0,0.0,90.0,184.632997794,193.739919736,316.945492381,0.265537335359,0.278634819637,182,210,255,0,193.739919736,0.0,0,0
0.0,90.0,0.0,136.262132325,142.046023239,190.570167619,0.290612991873,0.302948582215,220,230,255,0,142.046023239,0.0,1,0
0.0,90.0,0.5,139.820029026,145.674063076,194.912252898,0.291045342098,0.303230930632,220,230,255,0,145.674063076,0.0,1,0
0.0,90.0,1.0,147.276574403,153.418076693,204.912756217,0.291286425541,0.303433206227,221,230,255,0,153.418076693,0.0,1,0
0.0,90.0,2.0,156.918273985,163.161423215,216.637939857,0.292366531581,0.303998624137,222,231,255,0,163.161423215,0.0,1,0
0.0,90.0,3.0,168.462977897,174.079970986,227.712201543,0.295416845899,0.305266810578,227,232,255,0,174.079970986,0.0,1,0
0.0,90.0,5.0,200.29771882,204.08088449,250.341363564,0.305928838212,0.311707134066,243,237,255,0,204.08088449,0.0,0,0
0.0,90.0,8.0,249.365337823,255.022779735,292.025480598,0.313110346684,0.320213994745,255,246,255,0,255.022779735,0.0,0,0
0.0,90.0,12.0,287.38224182,298.482199354,347.162145116,0.308010774873,0.319907496464,247,246,255,0,298.482199354,0.0,0,0
0.0,90.0,20.0,306.805121055,323.07735357,424.850967537,0.290884036469,0.306311851559,220,233,255,0,323.07735357,0.0,0,0
0.0,90.0,30.0,283.839278861,299.549662501,433.974717145,0.278994906578,0.294437156268,202,223,255,0,299.549662501,0.0,0,0
0.0,90.0,45.0,238.422150098,251.150571876,388.840020992,0.271423828954,0.285914080695,190,216,255,0,251.150571876,0.0,0,0
0.0,90.0,60.0,208.342890308,218.996953997,351.048445389,0.267659332838,0.281346670931,185,212,255,0,218.996953997,0.0,0,0
0.0,90.0,90.0,184.632997794,193.739919736,316.945492381,0.265537335359,0.278634819637,182,210,255,0,193.739919736,0.0,0,0
0.0,180.0,0.0,130.516674059,137.38087169,187.262110174,0.286749215051,0.301830071937,213,229,255,0,137.38087169,0.0,1,0
0.0,180.0,0.5,139.114850039,146.497884384,199.662756583,0.286671906201,0.301886015468,213,229,255,0,146.497884384,0.0,1,0
0.0,180.0,1.0,142.479430551,150.003726491,203.780510798,0.287104295124,0.30226618673,214,230,255,0,150.003726491,0.0,1,0
0.0,180.0,2.0,154.180365107,162.134660102,219.73070546,0.287625395159,0.302464231735,215,230,255,0,162.134660102,0.0,1,0
0.0,180.0,3.0,166.179865447,173.402678945,231.223548031,0.291131905656,0.303785613446,220,231,255,0,173.402678945,0.0,1,0
0.0,180.0,5.0,205.882225567,210.126802199,255.450909236,0.306618778309,0.312940192884,244,239,255,0,210.126802199,0.0,0,0
0.0,180.0,8.0,279.807618275,286.617162616,308.772901433,0.319707905912,0.327488484493,255,243,244,0,286.617162616,0.0,0,0
0.0,180.0,12.0,347.995131793,364.368087779,394.645642717,0.314356229338,0.329146495743,255,253,252,0,364.368087779,0.0,0,0
0.0,180.0,20.0,389.618416506,415.695145593,520.058594231,0.293969067213,0.31364409129,224,240,255,0,415.695145593,0.0,0,0
0.0,180.0,30.0,358.835710834,384.004534418,539.865830726,0.279748975665,0.299370636508,202,227,255,0,384.004534418,0.0,0,0
0.0,180.0,45.0,285.458818436,304.517153719,468.291397489,0.269741680245,0.287750678566,187,218,255,0,304.517153719,0.0,0,0
0.0,180.0,60.0,224.951930349,238.661825467,385.733564932,0.264852699071,0.280994381964,180,212,255,0,238.661825467,0.0,0,0
0.0,180.0,90.0,184.632997794,193.739919736,316.945492381,0.265537335359,0.278634819637,182,210,255,0,193.739919736,0.0,0,0
0.5,0.0,0.0,161.128714899,163.675802216,190.816439049,0.312494503904,0.317434348351,254,243,255,0,163.675802216,0.0,1,0
0.5,0.0,0.5,158.823950184,161.20512857,188.647705005,0.312229602873,0.316910725468,253,242,255,0,161.20512857,0.0,1,0
0.5,0.0,1.0,164.640147242,166.762906779,193.919740018,0.313407583129,0.317448450117,255,243,255,0,166.762906779,0.0,1,0
0.5,0.0,2.0,183.859796778,182.486776524,205.548226879,0.32149233866,0.319091512051,255,233,243,0,182.486776524,0.0,1,0
0.5,0.0,3.0,228.137581998,214.781192258,217.435911443,0.345477342614,0.325251258013,255,209,212,0,214.781192258,0.0,1,0
0.5,0.0,5.0,390.361417906,343.751405485,250.135741799,0.396608571973,0.349252635607,255,179,160,0,343.751405485,0.0,0,0
0.5,0.0,8.0,628.571626372,563.357053105,331.354032986,0.41264278865,0.369830924027,255,180,142,0,563.357053105,0.0,0,0
0.5,0.0,12.0,772.845587394,720.462699219,444.306017615,0.398864513803,0.371829779356,255,192,151,0,720.462699219,0.0,0,0
0.5,0.0,20.0,738.761384128,719.219321272,569.465360948,0.364380289267,0.35474153084,255,211,187,0,719.219321272,0.0,0,0
0.5,0.0,30.0,549.830130135,550.727864897,552.853273019,0.332542871069,0.33308583021,255,230,226,0,550.727864897,0.0,0,0
0.5,0.0,45.0,340.980367446,349.404595482,438.6825929,0.302001740893,0.309462966745,237,235,255,0,349.404595482,0.0,0,0
0.5,0.0,60.0,235.412836959,244.519084966,349.921871798,0.283679894868,0.294653210982,209,223,255,0,244.519084966,0.0,0,0
0.5,0.0,90.0,159.66965313,168.098330303,269.187249587,0.267473412239,0.281592858232,184,213,255,0,168.098330303,0.0,0,0
0.5,90.0,0.0,104.013549588,108.489785748,147.867903591,0.288628886973,0.301050067345,216,228,255,0,108.489785748,0.0,1,0
0.5,90.0,0.5,106.71696184,111.248906358,151.233060266,0.289050031332,0.301325106281,217,228,255,0,111.248906358,0.0,1,0
0.5,90.0,1.0,112.367631777,117.130747384,159.000756646,0.289235216813,0.301495515919,217,229,255,0,117.130747384,0.0,1,0
0.5,90.0,2.0,119.700654225,124.545879906,168.081797008,0.290304219199,0.302055111182,219,229,255,0,124.545879906,0.0,1,0
0.5,90.0,3.0,128.773153696,133.061658583,176.674321252,0.293661280573,0.303441019602,224,230,255,0,133.061658583,0.0,1,0
0.5,90.0,5.0,155.713924549,158.211948779,194.608743154,0.306201228986,0.311113429944,244,237,255,0,158.211948779,0.0,0,0
0.5,90.0,8.0,199.923280709,203.860610052,229.705263793,0.315590692077,0.321805998708,255,244,251,0,203.860610052,0.0,0,0
0.5,90.0,12.0,236.238953477,245.107758626,278.657457889,0.310839022738,0.322508439169,252,248,255,0,245.107758626,0.0,0,0
0.5,90.0,20.0,257.263512399,271.144483167,348.736889033,0.293296486038,0.309121660433,224,236,255,0,271.144483167,0.0,0,0
0.5,90.0,30.0,240.487730472,254.255699031,360.65576783,0.281140935393,0.297236307707,205,225,255,0,254.255699031,0.0,0,0
0.5,90.0,45.0,203.963919181,215.408870414,326.685001817,0.273388900336,0.288729469612,193,218,255,0,215.408870414,0.0,0,0
0.5,90.0,60.0,179.301484678,189.02847514,296.747553437,0.269594868424,0.284220217002,187,215,255,0,189.02847514,0.0,0,0
0.5,90.0,90.0,159.669653128,168.098330303,269.187249598,0.267473412232,0.281592858228,184,213,255,0,168.098330303,0.0,0,0
0.5,180.0,0.0,98.3270690754,103.111316242,141.559775498,0.286669377007,0.300617694267,213,228,255,0,103.111316242,0.0,1,0
0.5,180.0,0.5,107.47087048,112.83493593,155.090750325,0.286286244643,0.300575308712,213,228,255,0,112.83493593,0.0,1,0
0.5,180.0,1.0,110.201455448,115.68005981,158.462467034,0.28672611131,0.300980541233,213,228,255,0,115.68005981,0.0,1,0
0.5,180.0,2.0,117.909129466,123.657673478,168.858684001,0.287285105863,0.301291409553,214,229,255,0,123.657673478,0.0,1,0
0.5,180.0,3.0,126.892475853,132.108494795,177.814777829,0.29049427887,0.302435283653,219,229,255,0,132.108494795,0.0,1,0
0.5,180.0,5.0,158.56853229,160.811699463,196.243003508,0.307527903023,0.311878302733,246,238,255,0,160.811699463,0.0,0,0
0.5,180.0,8.0,222.476700487,225.76258579,237.437352542,0.324463001788,0.329255180953,255,238,237,0,225.76258579,0.0,0,0
0.5,180.0,12.0,285.565953235,297.063558828,308.634732847,0.320405485653,0.3333058187,255,247,243,0,297.063558828,0.0,0,0
0.5,180.0,20.0,328.821879846,350.153776956,419.820979384,0.29925635829,0.318670230163,233,245,255,0,350.153776956,0.0,0,0
0.5,180.0,30.0,307.616927181,329.304916281,445.986129164,0.28406562234,0.304093168215,209,231,255,0,329.304916281,0.0,0,0
0.5,180.0,45.0,246.737805784,263.617757249,392.66752126,0.27323532485,0.291928037981,192,221,255,0,263.617757249,0.0,0,0
0.5,180.0,60.0,195.409428461,207.814645221,326.234677156,0.267882766828,0.284888823367,185,215,255,0,207.814645221,0.0,0,0
0.5,180.0,90.0,159.669653132,168.098330308,269.187249605,0.267473412232,0.281592858229,184,213,255,0,168.098330308,0.0,0,0
1.0,0.0,0.0,116.437828472,119.204909576,146.935325581,0.304350509194,0.311583232047,241,237,255,0,119.204909576,0.0,1,0
1.0,0.0,0.5,114.348561671,117.024789625,144.758355975,0.304012024141,0.311127159351,240,237,255,0,117.024789625,0.0,1,0
1.0,0.0,1.0,118.20657312,120.839331978,148.672539393,0.30487735314,0.311667741617,242,237,255,0,120.839331978,0.0,1,0
1.0,0.0,2.0,130.152512736,131.132900344,157.371905474,0.31088077759,0.313222520024,251,239,255,0,131.132900344,0.0,1,0
1.0,0.0,3.0,161.169120596,154.042009006,166.319437084,0.334701744284,0.319900790652,255,216,226,0,154.042009006,0.0,1,0
1.0,0.0,5.0,284.705916426,253.366787308,192.000059736,0.389969234126,0.34704319896,255,183,166,0,253.366787308,0.0,0,0
1.0,0.0,8.0,465.913563126,422.980260033,258.843430668,0.405940960418,0.368534051345,255,185,147,0,422.980260033,0.0,0,0
1.0,0.0,12.0,571.582943621,540.153999357,352.409326577,0.390386504072,0.368920790626,255,197,159,0,540.153999357,0.0,0,0
1.0,0.0,20.0,544.280230833,536.279736986,451.897383551,0.355168272935,0.349947577012,255,217,197,0,536.279736986,0.0,0,0
1.0,0.0,30.0,413.777032806,417.442493864,436.938431166,0.326281935345,0.329172317442,255,235,235,0,417.442493864,0.0,0,0
1.0,0.0,45.0,264.00299524,271.684722359,347.217363736,0.299016282521,0.3077167955,233,234,255,0,271.684722359,0.0,0,0
1.0,0.0,60.0,184.851948181,192.467912163,276.083248682,0.282906441105,0.294562283993,208,223,255,0,192.467912163,0.0,0,0
1.0,0.0,90.0,127.716455893,134.510542815,212.194577096,0.269204569114,0.28352534892,187,214,255,0,134.510542815,0.0,0,0
1.0,90.0,0.0,78.281405474,81.5432976615,113.805887324,0.286084261787,0.298005049525,213,226,255,0,81.5432976615,0.0,1,0
1.0,90.0,0.5,80.2992963575,83.6019999707,116.383894932,0.286491398267,0.298274766479,213,226,255,0,83.6019999707,0.0,1,0
1.0,90.0,1.0,84.5153611305,87.9964055666,122.353783086,0.286623382055,0.298428913216,213,226,255,0,87.9964055666,0.0,1,0
1.0,90.0,2.0,89.9648815869,93.5219062411,129.324542751,0.287601096228,0.298972246523,215,226,255,0,93.5219062411,0.0,1,0
1.0,90.0,3.0,96.7590343055,99.8872207945,135.913298775,0.290952502125,0.300358897017,220,227,255,0,99.8872207945,0.0,1,0
1.0,90.0,5.0,117.689409968,119.257727441,149.639202375,0.304432407089,0.308489243329,241,234,255,0,119.257727441,0.0,0,0
1.0,90.0,8.0,153.338593866,155.746458877,176.745507022,0.315621549085,0.320577731776,255,242,251,0,155.746458877,0.0,0,0
1.0,90.0,12.0,183.580590732,189.841267639,215.205543772,0.311879110731,0.322515171648,253,248,255,0,189.841267639,0.0,0,0
1.0,90.0,20.0,202.246299448,212.736116829,271.215667513,0.294734573333,0.310021438203,226,236,255,0,212.736116829,0.0,0,0
1.0,90.0,30.0,190.24025614,200.911683417,281.866253659,0.282667330627,0.298523406117,207,226,255,0,200.911683417,0.0,0,0
1.0,90.0,45.0,162.341608776,171.412397059,256.569564967,0.275004449772,0.290370240216,196,220,255,0,171.412397059,0.0,0,0
1.0,90.0,60.0,143.098047065,150.877776579,233.580844328,0.271246779261,0.285993497455,190,216,255,0,150.877776579,0.0,0,0
1.0,90.0,90.0,127.716455925,134.510542845,212.194577187,0.269204569096,0.283525348891,187,214,255,0,134.510542845,0.0,0,0
1.0,180.0,0.0,73.3995242426,76.5548683811,107.092830329,0.28554879294,0.297824141035,212,225,255,0,76.5548683811,0.0,1,0
1.0,180.0,0.5,79.1934876433,82.6836305742,115.566755049,0.285439670052,0.298019306033,212,226,255,0,82.6836305742,0.0,1,0
1.0,180.0,1.0,83.3484729688,87.0480045211,121.65093459,0.285393636517,0.298061208285,212,226,255,0,87.0480045211,0.0,1,0
1.0,180.0,2.0,87.0328128504,90.7997142515,126.123470724,0.286333592602,0.298726509432,213,226,255,0,90.7997142515,0.0,1,0
1.0,180.0,3.0,94.5405603794,98.0932750142,135.056717649,0.288505602317,0.2993472778,216,227,255,0,98.0932750142,0.0,1,0
1.0,180.0,5.0,116.76969422,117.865538677,148.530588407,0.304749765579,0.307609740023,241,233,255,0,117.865538677,0.0,0,0
1.0,180.0,8.0,165.142948488,165.821091428,177.179550081,0.324992682656,0.326327232484,255,234,237,0,165.821091428,0.0,0,0
1.0,180.0,12.0,216.385760887,222.762478413,228.829201211,0.32394171983,0.333488026546,255,242,238,0,222.762478413,0.0,0,0
1.0,180.0,20.0,255.513928586,270.285806319,315.454204828,0.30372984484,0.321289201219,240,247,255,0,270.285806319,0.0,0,0
1.0,180.0,30.0,242.986617399,258.997633353,340.528672142,0.288406991509,0.307410873252,216,234,255,0,258.997633353,0.0,0,0
1.0,180.0,45.0,197.032205877,209.990065838,304.407075609,0.276952597778,0.295166437297,198,224,255,0,209.990065838,0.0,0,0
1.0,180.0,60.0,157.038252518,166.78505057,255.533463918,0.271056215204,0.287879697051,189,218,255,0,166.78505057,0.0,0,0
1.0,180.0,90.0,127.716455925,134.510542845,212.194577186,0.269204569096,0.283525348892,187,214,255,0,134.510542845,0.0,0,0
1.5,0.0,0.0,83.499299945,85.9687232299,111.426556586,0.29726205474,0.306053336106,230,232,255,0,85.9687232299,0.0,1,0
1.5,0.0,0.5,81.8203191211,84.1962328427,109.414393457,0.297062913523,0.305689081937,230,232,255,0,84.1962328427,0.0,1,0
1.5,0.0,1.0,84.4852560092,86.8642175394,112.296448691,0.297854646885,0.306241728608,231,233,255,0,86.8642175394,0.0,1,0
1.5,0.0,2.0,92.9500786446,94.1525865824,118.760004297,0.303894812627,0.30782634157,240,234,255,0,94.1525865824,0.0,1,0
1.5,0.0,3.0,112.706975135,108.991578903,125.376946117,0.32473330755,0.31402844296,255,224,239,0,108.991578903,0.0,1,0
1.5,0.0,5.0,186.851765555,169.505067865,143.816586327,0.373573960906,0.338892594394,255,191,182,0,169.505067865,0.0,0,0
1.5,0.0,8.0,291.085029931,269.675737737,191.002320278,0.387203142318,0.358724366839,255,193,165,0,269.675737737,0.0,0,0
1.5,0.0,12.0,353.058834473,339.781876573,256.343537425,0.371960275407,0.357972519161,255,206,179,0,339.781876573,0.0,0,0
1.5,0.0,20.0,343.782869749,344.189295112,329.639912566,0.337832930028,0.338232321281,255,228,219,0,344.189295112,0.0,0,0
1.5,0.0,30.0,272.060211371,278.160743124,320.917989271,0.312304039807,0.319306977509,254,245,255,0,278.160743124,0.0,0,0
1.5,0.0,45.0,183.305391439,190.290850102,256.900859897,0.290731537101,0.301810824614,220,229,255,0,190.290850102,0.0,0,0
1.5,0.0,60.0,132.439360243,138.496602215,204.075732946,0.278812840872,0.291564615261,202,220,255,0,138.496602215,0.0,0,0
1.5,0.0,90.0,94.4939618521,99.4310953781,156.64679618,0.269542351826,0.283625437726,188,214,255,0,99.4310953781,0.0,0,0
1.5,90.0,0.0,57.0396595895,59.2485792156,84.7409534004,0.283738192268,0.294726246301,209,223,255,0,59.2485792156,0.0,1,0
1.5,90.0,0.5,58.5052548641,60.7397801774,86.6589539777,0.284138520787,0.294990788992,210,223,255,0,60.7397801774,0.0,1,0
1.5,90.0,1.0,61.5781175451,63.9398467398,91.1311998506,0.284229656693,0.295130825891,210,223,255,0,63.9398467398,0.0,1,0
1.5,90.0,2.0,65.5021706053,67.9228778152,96.3149514285,0.285114349475,0.295651074518,211,224,255,0,67.9228778152,0.0,1,0
1.5,90.0,3.0,70.2783236901,72.4232751592,101.201841481,0.288139944213,0.296934209132,216,224,255,0,72.4232751592,0.0,1,0
1.5,90.0,5.0,85.0194452234,86.0365601334,111.239852283,0.301171423251,0.304774433648,236,231,255,0,86.0365601334,0.0,0,0
1.5,90.0,8.0,110.828912639,112.287018678,130.72736581,0.313214673102,0.317335440829,255,243,255,0,112.287018678,0.0,0,0
1.5,90.0,12.0,133.345525025,137.508365843,158.45375882,0.310605984127,0.320302622008,251,246,255,0,137.508365843,0.0,0,0
1.5,90.0,20.0,148.011886059,155.328757722,199.587532876,0.294300245898,0.308848787821,225,235,255,0,155.328757722,0.0,0,0
1.5,90.0,30.0,139.869174113,147.443031448,207.705214666,0.282554044358,0.297854227799,207,226,255,0,147.443031448,0.0,0,0
1.5,90.0,45.0,119.992630872,126.538411211,189.620102314,0.275117083638,0.290125138582,196,219,255,0,126.538411211,0.0,0,0
1.5,90.0,60.0,105.732488594,111.363064262,172.379227331,0.271474544624,0.285931387415,190,216,255,0,111.363064262,0.0,0,0
1.5,90.0,90.0,94.4939618519,99.4310953779,156.646796179,0.269542351826,0.283625437727,188,214,255,0,99.4310953779,0.0,0,0
1.5,180.0,0.0,52.2434108145,54.1167455408,77.3931880033,0.284312707324,0.294507540691,210,223,255,0,54.1167455408,0.0,1,0
1.5,180.0,0.5,56.6546325968,58.7529953023,83.962670256,0.284167868138,0.294692819572,210,223,255,0,58.7529953023,0.0,1,0
1.5,180.0,1.0,58.5559750062,60.7220316101,86.6003116855,0.284420309478,0.294941362019,210,223,255,0,60.7220316101,0.0,1,0
1.5,180.0,2.0,62.7023287275,65.0019504874,92.4604363317,0.284797355343,0.295242361275,211,223,255,0,65.0019504874,0.0,1,0
1.5,180.0,3.0,67.0720116809,69.2561680401,97.8589166243,0.286403532593,0.295730077024,213,223,255,0,69.2561680401,0.0,1,0
1.5,180.0,5.0,81.2874933449,81.7183605319,107.272161523,0.300755106643,0.302349269551,235,229,255,0,81.7183605319,0.0,0,0
1.5,180.0,8.0,114.534293605,113.737812927,125.751834973,0.323521322083,0.321271528824,255,232,240,0,113.737812927,0.0,0,0
1.5,180.0,12.0,152.428246156,154.93982894,160.115763948,0.326060995965,0.331433551278,255,237,235,0,154.93982894,0.0,0,0
1.5,180.0,20.0,184.167777315,192.943126154,221.943633944,0.307430735956,0.322079400295,246,248,255,0,192.943126154,0.0,0,0
1.5,180.0,30.0,177.495171684,187.903945193,242.505659038,0.29197857743,0.309100952382,221,236,255,0,187.903945193,0.0,0,0
1.5,180.0,45.0,145.658579028,154.468697725,220.147846382,0.279964527517,0.296898104207,203,225,255,0,154.468697725,0.0,0,0
1.5,180.0,60.0,116.839513689,123.639842378,186.760632546,0.273475135295,0.289392017773,193,219,255,0,123.639842378,0.0,0,0
1.5,180.0,90.0,94.4939618526,99.4310953787,156.64679618,0.269542351826,0.283625437727,188,214,255,0,99.4310953787,0.0,0,0
2.0,0.0,0.0,58.8496580905,60.7795183924,81.8607874805,0.292072403672,0.301650351198,222,229,255,0,60.7795183924,0.0,1,0
2.0,0.0,0.5,57.3777590634,59.2026579145,79.7128412419,0.292306315478,0.301603113889,222,228,255,0,59.2026579145,0.0,1,0
2.0,0.0,1.0,59.1719229173,61.0095845879,81.7054004094,0.293094403835,0.302196834942,223,229,255,0,61.0095845879,0.0,1,0
2.0,0.0,2.0,64.4739051058,65.7517666169,86.2936465236,0.29777437703,0.303676213049,231,230,255,0,65.7517666169,0.0,1,0
2.0,0.0,3.0,75.8015142201,74.5505061712,90.9995579147,0.314070928196,0.308887585051,255,234,254,0,74.5505061712,0.0,1,0
2.0,0.0,5.0,117.044722736,109.183707623,103.840839351,0.354606543162,0.330790284473,255,203,202,0,109.183707623,0.0,0,0
2.0,0.0,8.0,177.145113402,168.238349046,136.311400691,0.367753793859,0.349263323984,255,204,185,0,168.238349046,0.0,0,0
2.0,0.0,12.0,219.408656615,216.262071822,191.445219463,0.349869362037,0.344851813363,255,219,204,0,216.262071822,0.0,0,0
2.0,0.0,20.0,215.919167332,219.979382554,234.453409906,0.322098211511,0.328155052492,255,240,241,0,219.979382554,0.0,0,0
2.0,0.0,30.0,177.366230596,183.576326454,228.311376008,0.301001352126,0.311540264994,236,238,255,0,183.576326454,0.0,0,0
2.0,0.0,45.0,124.821789463,130.27278556,182.859303516,0.285011266208,0.297457773395,211,225,255,0,130.27278556,0.0,0,0
2.0,0.0,60.0,92.1875282664,96.4663619549,144.702270203,0.276543646739,0.289379268804,198,219,255,0,96.4663619549,0.0,0,0
2.0,0.0,90.0,67.0752041854,70.2740495031,110.431502119,0.270703848516,0.283613831405,189,214,255,0,70.2740495031,0.0,0,0
2.0,90.0,0.0,39.8824514447,41.2365924746,60.2709779896,0.282074017008,0.291651362082,207,220,255,0,41.2365924746,0.0,1,0
2.0,90.0,0.5,40.8999122248,42.2669512274,61.6287148797,0.282466582861,0.29190774825,207,220,255,0,42.2669512274,0.0,1,0
2.0,90.0,1.0,43.0570416878,44.5066426929,64.8304493123,0.282537395925,0.292049579694,207,220,255,0,44.5066426929,0.0,1,0
2.0,90.0,2.0,45.7817204071,47.2653175221,68.5153975626,0.283368595353,0.292551405147,209,221,255,0,47.2653175221,0.0,1,0
2.0,90.0,3.0,49.0476316459,50.34116513,71.9820999557,0.286207475022,0.293755626481,213,222,255,0,50.34116513,0.0,1,0
2.0,90.0,5.0,59.1227665317,59.5740221778,79.0139346365,0.299036721586,0.301319125081,233,228,255,0,59.5740221778,0.0,0,0
2.0,90.0,8.0,77.1257526851,77.678955457,92.4236976498,0.311961533862,0.314199152028,253,240,255,0,77.678955457,0.0,0,0
2.0,90.0,12.0,93.1889184631,95.48388725,111.52620196,0.310423805813,0.318068630506,251,244,255,0,95.48388725,0.0,0,0
2.0,90.0,20.0,104.094079221,108.603716886,140.361033599,0.294834940987,0.307607989798,226,234,255,0,108.603716886,0.0,0,0
2.0,90.0,30.0,98.7540233768,103.555695062,146.242332572,0.283326473306,0.297102526759,208,225,255,0,103.555695062,0.0,0,0
2.0,90.0,45.0,85.0787580106,89.2983084474,133.82517583,0.27604847187,0.289739321117,197,219,255,0,89.2983084474,0.0,0,0
2.0,90.0,60.0,74.5668721136,78.1750188398,120.857350075,0.27254049329,0.285728200655,192,216,255,0,78.1750188398,0.0,0,0
2.0,90.0,90.0,67.0752043893,70.2740497343,110.431502623,0.270703848314,0.283613831264,189,214,255,0,70.2740497343,0.0,0,0
2.0,180.0,0.0,35.3501402152,36.3474358548,53.3915680128,0.282599585075,0.290572264455,208,219,255,0,36.3474358548,0.0,1,0
2.0,180.0,0.5,38.5197081247,39.6499871676,58.1915990438,0.282482711185,0.290771566526,208,219,255,0,39.6499871676,0.0,1,0
2.0,180.0,1.0,39.7816837048,40.9471901988,59.9928237901,0.282697582226,0.290979933229,208,219,255,0,40.9471901988,0.0,1,0
2.0,180.0,2.0,42.8424429698,44.0987721528,64.544826845,0.282814458767,0.291107824721,208,220,255,0,44.0987721528,0.0,1,0
2.0,180.0,3.0,44.5685568024,45.7597517164,66.5485218069,0.284099039417,0.291692225177,210,220,255,0,45.7597517164,0.0,1,0
2.0,180.0,5.0,53.5161583528,53.6376808174,73.8849568289,0.29560602222,0.296277273174,227,223,255,0,53.6376808174,0.0,0,0
2.0,180.0,8.0,74.8446676484,73.4642212094,85.1654588169,0.320569126303,0.314656500558,255,230,244,0,73.4642212094,0.0,0,0
2.0,180.0,12.0,101.232278953,101.366346042,106.589903246,0.327412790924,0.327846400442,255,232,234,0,101.366346042,0.0,0,0
2.0,180.0,20.0,125.672278001,130.028544626,148.438829415,0.310962503594,0.321741615724,252,247,255,0,130.028544626,0.0,0,0
2.0,180.0,30.0,123.089310317,129.010834603,164.274552855,0.295621494233,0.309843117971,227,236,255,0,129.010834603,0.0,0,0
2.0,180.0,45.0,102.487842442,107.813830643,151.667744927,0.283139506661,0.297853424289,208,226,255,0,107.813830643,0.0,0,0
2.0,180.0,60.0,82.8982287379,87.1316286865,130.167520562,0.276145745489,0.290247800534,197,219,255,0,87.1316286865,0.0,0,0
2.0,180.0,90.0,67.0752043894,70.2740497343,110.431502623,0.270703848314,0.283613831264,189,214,255,0,70.2740497343,0.0,0,0
2.5,0.0,0.0,40.4534575543,41.7846478439,57.844718988,0.288782423766,0.298285303905,217,226,255,0,41.7846478439,0.0,1,0
2.5,0.0,0.5,39.2215554846,40.4517307851,55.8544560277,0.289398722503,0.298475648597,218,226,255,0,40.4517307851,0.0,1,0
2.5,0.0,1.0,40.4216454219,41.6638004394,57.2079936184,0.29019059026,0.29910813169,219,226,255,0,41.6638004394,0.0,1,0
2.5,0.0,2.0,43.8010225574,44.7731997285,60.407781703,0.294002103507,0.300527570644,225,227,255,0,44.7731997285,0.0,1,0
2.5,0.0,3.0,50.5087518611,50.1561892207,63.6975327884,0.307300995609,0.305155964374,245,231,255,0,50.1561892207,0.0,1,0
2.5,0.0,5.0,74.9400768361,71.1791592381,72.6158633831,0.342606545644,0.325412608286,255,212,215,0,71.1791592381,0.0,0,0
2.5,0.0,8.0,111.760541224,108.074967359,95.221904934,0.354730713925,0.343032611587,255,213,199,0,108.074967359,0.0,0,0
2.5,0.0,12.0,139.523607721,139.747233965,134.375862427,0.337301388682,0.337842010042,255,228,220,0,139.747233965,0.0,0,0
2.5,0.0,20.0,139.797793696,143.962233469,163.700390169,0.312424939235,0.321731773117,254,247,255,0,143.962233469,0.0,0,0
2.5,0.0,30.0,117.381234224,122.079672026,158.524791875,0.294938322601,0.306743866931,226,233,255,0,122.079672026,0.0,0,0
2.5,0.0,45.0,84.2375106714,87.8766738877,126.069175832,0.282502385649,0.294706833313,207,223,255,0,87.8766738877,0.0,0,0
2.5,0.0,60.0,62.6381385208,65.3035651741,98.9870661404,0.276025550071,0.287771203367,198,217,255,0,65.3035651741,0.0,0,0
2.5,0.0,90.0,45.7386589782,47.5945064965,74.7895919611,0.27205513207,0.283093777561,192,213,255,0,47.5945064965,0.0,0,0
2.5,90.0,0.0,26.7030839097,27.4643378183,41.1142210154,0.280254235137,0.288243747983,204,217,255,0,27.4643378183,0.0,1,0
2.5,90.0,0.5,27.379776095,28.145990715,42.0369810658,0.280637606987,0.288491164177,205,217,255,0,28.145990715,0.0,1,0
2.5,90.0,1.0,28.8360084506,29.6516683659,44.2390020262,0.280706129853,0.288646228029,205,218,255,0,29.6516683659,0.0,1,0
2.5,90.0,2.0,30.6515680522,31.4826731054,46.7527089444,0.281499004458,0.289131737788,206,218,255,0,31.4826731054,0.0,1,0
2.5,90.0,3.0,32.8059866537,33.5049612235,49.1145260475,0.28421790735,0.290273542609,210,219,255,0,33.5049612235,0.0,1,0
2.5,90.0,5.0,39.4561121004,39.5349784791,53.8569242592,0.297001894596,0.297595553288,230,224,255,0,39.5349784791,0.0,0,0
2.5,90.0,8.0,51.5587003462,51.5322564855,62.7553689291,0.310882379273,0.310722931299,251,236,255,0,51.5322564855,0.0,0,0
2.5,90.0,12.0,62.5874300424,63.5887803781,75.4384384026,0.310430965249,0.315397619912,250,241,255,0,63.5887803781,0.0,0,0
2.5,90.0,20.0,70.3541726857,72.8127661148,94.8827269758,0.295544093525,0.305872162758,227,232,255,0,72.8127661148,0.0,0,0
2.5,90.0,30.0,67.0011279481,69.7304693529,98.9695624408,0.284263038933,0.295842707899,210,224,255,0,69.7304693529,0.0,0,0
2.5,90.0,45.0,57.9295986466,60.3722398214,90.7234575399,0.277141569719,0.288827433686,199,218,255,0,60.3722398214,0.0,0,0
2.5,90.0,60.0,50.7908020172,52.8798131626,81.8314751693,0.273801777229,0.285063165935,194,215,255,0,52.8798131626,0.0,0,0
2.5,90.0,90.0,45.7386589782,47.5945064965,74.7895919611,0.27205513207,0.283093777561,192,213,255,0,47.5945064965,0.0,0,0
2.5,180.0,0.0,22.6634511645,23.1501453213,35.2011178836,0.279744875248,0.285752353773,204,215,255,0,23.1501453213,0.0,1,0
2.5,180.0,0.5,24.8094554336,25.3668970322,38.5368309114,0.27965917228,0.285942811052,204,215,255,0,25.3668970322,0.0,1,0
2.5,180.0,1.0,25.592790999,26.1672948577,39.7007462157,0.27982241599,0.286103835541,204,215,255,0,26.1672948577,0.0,1,0
2.5,180.0,2.0,27.034646038,27.6379613566,41.8510689703,0.280083053776,0.286333492439,204,215,255,0,27.6379613566,0.0,1,0
2.5,180.0,3.0,28.6728846029,29.3015692209,44.3212317058,0.280294173253,0.286439932136,204,216,255,0,29.3015692209,0.0,1,0
2.5,180.0,5.0,33.126875966,33.2362771543,48.5829834017,0.288194775121,0.289146535586,216,217,255,0,33.2362771543,0.0,0,0
2.5,180.0,8.0,45.5941338952,44.3817081322,55.119691015,0.314235269268,0.305879217654,255,230,254,0,44.3817081322,0.0,0,0
2.5,180.0,12.0,62.8898355821,62.0283305158,67.6093557235,0.326653742733,0.322179031491,255,228,235,0,62.0283305158,0.0,0,0
2.5,180.0,20.0,80.8428538792,82.4954602563,94.4465389028,0.313605911776,0.320016708833,255,245,254,0,82.4954602563,0.0,0,0
2.5,180.0,30.0,80.9271070928,83.8476620524,106.138332432,0.298719798422,0.309500210822,232,236,255,0,83.8476620524,0.0,0,0
2.5,180.0,45.0,68.6070725085,71.4794085966,99.8962778554,0.28588333931,0.297852266164,212,225,255,0,71.4794085966,0.0,0,0
2.5,180.0,60.0,56.1066452629,58.4693029714,86.8658861033,0.278525289682,0.290254023767,201,219,255,0,58.4693029714,0.0,0,0
2.5,180.0,90.0,45.7386589782,47.5945064965,74.7895919612,0.27205513207,0.283093777561,192,213,255,0,47.5945064965,0.0,0,0
3.0,0.0,0.0,26.991765044,27.8297683853,39.3809317729,0.286529285471,0.29542505417,214,223,255,0,27.8297683853,0.0,1,0
3.0,0.0,0.5,26.0080569055,26.7669106748,37.7275282928,0.287373918858,0.295758812136,215,223,255,0,26.7669106748,0.0,1,0
3.0,0.0,1.0,26.79305276,27.5590893054,38.6153134116,0.288198193901,0.296438029459,216,224,255,0,27.5590893054,0.0,1,0
3.0,0.0,2.0,28.9686706998,29.5879405485,40.7697893958,0.291651268061,0.297885963416,221,225,255,0,29.5879405485,0.0,1,0
3.0,0.0,3.0,33.1454002935,33.0058992457,43.0030343181,0.303656292171,0.302378275597,240,228,255,0,33.0058992457,0.0,1,0
3.0,0.0,5.0,48.5511979549,46.4832124893,49.1442618455,0.336743272662,0.322400059253,255,216,223,0,46.4832124893,0.0,0,0
3.0,0.0,8.0,72.4636971145,70.6999221271,64.9207628028,0.348241883425,0.339765634655,255,217,207,0,70.6999221271,0.0,0,0
3.0,0.0,12.0,91.0321557864,91.8000937992,92.1012757557,0.331106057995,0.333899235043,255,233,228,0,91.8000937992,0.0,0,0
3.0,0.0,20.0,91.8114096008,94.8050151915,111.736976752,0.307727041574,0.317760798774,246,243,255,0,94.8050151915,0.0,0,0
3.0,0.0,30.0,77.2697713747,80.2844459655,106.933635643,0.292148658259,0.303546817216,222,230,255,0,80.2844459655,0.0,0,0
3.0,0.0,45.0,55.5323906715,57.6859558175,84.0779187948,0.281467014044,0.292382401332,206,221,255,0,57.6859558175,0.0,0,0
3.0,0.0,60.0,41.1279078416,42.6241144234,65.28744791,0.275953127002,0.285992122579,198,216,255,0,42.6241144234,0.0,0,0
3.0,0.0,90.0,29.8066401633,30.782749984,48.644919918,0.272868846294,0.281804773295,193,212,255,0,30.782749984,0.0,0,0
3.0,90.0,0.0,17.0792318835,17.484128038,26.9066253985,0.277846688829,0.284433580828,201,214,255,0,17.484128038,0.0,1,0
3.0,90.0,0.5,17.5099118154,17.915999116,27.5090816489,0.278222195594,0.284674683851,201,214,255,0,17.915999116,0.0,1,0
3.0,90.0,1.0,18.4542378537,18.8885483284,28.9664379367,0.278305742511,0.284855517154,202,214,255,0,18.8885483284,0.0,1,0
3.0,90.0,2.0,19.6137542073,20.0540425222,30.6158981973,0.27906549631,0.285329940935,203,215,255,0,20.0540425222,0.0,1,0
3.0,90.0,3.0,20.9759423205,21.3291166737,32.1635821516,0.281674836519,0.286417428135,207,215,255,0,21.3291166737,0.0,1,0
3.0,90.0,5.0,25.1734455817,25.0977041735,35.2452624695,0.294369758118,0.293484063709,226,221,255,0,25.0977041735,0.0,0,0
3.0,90.0,8.0,32.9433434747,32.6895393756,40.9430301825,0.309106837908,0.306725398314,248,232,255,0,32.6895393756,0.0,0,0
3.0,90.0,12.0,40.1771875593,40.4808570857,49.0598843822,0.309727328062,0.31206832694,249,238,255,0,40.4808570857,0.0,0,0
3.0,90.0,20.0,45.4573233643,46.6567354778,61.6661468765,0.295599314306,0.303398836409,227,230,255,0,46.6567354778,0.0,0,0
3.0,90.0,30.0,43.1606455027,44.5611600667,63.7210558869,0.284996236123,0.294244044507,211,222,255,0,44.5611600667,0.0,0,0
3.0,90.0,45.0,37.6851028578,38.9719698101,59.0647169943,0.277664352582,0.287146005863,200,216,255,0,38.9719698101,0.0,0,0
3.0,90.0,60.0,33.0614987144,34.1599981933,53.2132932503,0.274517842154,0.283638956389,196,214,255,0,34.1599981933,0.0,0,0
3.0,90.0,90.0,29.8066401663,30.7827499867,48.6449199184,0.272868846306,0.281804773304,193,212,255,0,30.7827499867,0.0,0,0
3.0,180.0,0.0,13.7665814192,13.9950030238,22.1962254334,0.275564150095,0.280136440296,198,210,255,0,13.9950030238,0.0,1,0
3.0,180.0,0.5,15.1239502987,15.3874040963,24.381972044,0.275515281726,0.280314659257,198,211,255,0,15.3874040963,0.0,1,0
3.0,180.0,1.0,15.5836806322,15.8556149782,25.101046825,0.275620556244,0.280430119367,198,211,255,0,15.8556149782,0.0,1,0
3.0,180.0,2.0,16.4197758608,16.7062275584,26.4215873372,0.275742068693,0.280552535311,198,211,255,0,16.7062275584,0.0,1,0
3.0,180.0,3.0,17.4820881072,17.7947425431,28.1779691662,0.275504582124,0.280431781276,198,211,255,0,17.7947425431,0.0,1,0
3.0,180.0,5.0,19.3951715128,19.5617012214,30.5663063809,0.278974174652,0.2813694867,203,211,255,0,19.5617012214,0.0,0,0
3.0,180.0,8.0,25.7833404051,25.080634656,34.2230606634,0.303023136081,0.294764466084,239,221,255,0,25.080634656,0.0,0,0
3.0,180.0,12.0,36.1898482424,35.281137839,40.9893425786,0.321801017955,0.313720742767,255,227,243,0,35.281137839,0.0,0,0
3.0,180.0,20.0,48.6342108985,48.989886887,57.1917430461,0.314142342523,0.316439755931,255,241,254,0,48.989886887,0.0,0,0
3.0,180.0,30.0,50.0697472255,51.2975606102,65.320724807,0.300379975885,0.30774591191,235,234,255,0,51.2975606102,0.0,0,0
3.0,180.0,45.0,43.4610049266,44.8454405219,62.8492815951,0.287524699042,0.296683700968,215,224,255,0,44.8454405219,0.0,0,0
3.0,180.0,60.0,36.0390002357,37.2270579108,55.4553695816,0.279976697522,0.289206378207,204,218,255,0,37.2270579108,0.0,0,0
3.0,180.0,90.0,29.8066401662,30.7827499866,48.6449199183,0.272868846307,0.281804773304,193,212,255,0,30.7827499866,0.0,0,0
3.5,0.0,0.0,17.4379081674,17.9384880852,25.9031088303,0.284563462838,0.292732261152,211,221,255,0,17.9384880852,0.0,1,0
3.5,0.0,0.5,16.6973904757,17.1438565977,24.6390332945,0.285521724087,0.293156197095,212,221,255,0,17.1438565977,0.0,1,0
3.5,0.0,1.0,17.1990789363,17.6490713116,25.2068118573,0.286388973257,0.29388198232,213,222,255,0,17.6490713116,0.0,1,0
3.5,0.0,2.0,18.5958412372,18.9554761391,26.6153028832,0.289805527578,0.295410231402,219,223,255,0,18.9554761391,0.0,1,0
3.5,0.0,3.0,21.2873256357,21.1707819264,28.0893407277,0.301744799447,0.300092809019,237,226,255,0,21.1707819264,0.0,1,0
3.5,0.0,5.0,31.4693656578,30.1207968227,32.2572552114,0.3353247903,0.320954988038,255,217,225,0,30.1207968227,0.0,0,0
3.5,0.0,8.0,47.3800605811,46.2848406937,43.1541997653,0.346297119488,0.338292243859,255,218,209,0,46.2848406937,0.0,0,0
3.5,0.0,12.0,59.5511485399,60.0861691134,61.6183207172,0.328547840361,0.331499586184,255,234,232,0,60.0861691134,0.0,0,0
3.5,0.0,20.0,59.6905875257,61.527450673,74.2212351368,0.305417567856,0.314816206707,243,241,255,0,61.527450673,0.0,0,0
3.5,0.0,30.0,49.7164736231,51.4706944384,69.9345284888,0.290532846654,0.300784152308,219,228,255,0,51.4706944384,0.0,0,0
3.5,0.0,45.0,35.3581920036,36.5372559256,54.1513736137,0.280516331716,0.289870505883,204,219,255,0,36.5372559256,0.0,0,0
3.5,0.0,60.0,25.9018903719,26.6804529431,41.4848404941,0.27535522297,0.283631888005,197,214,255,0,26.6804529431,0.0,0,0
3.5,0.0,90.0,18.4922714304,18.9640776709,30.3573485695,0.272692274062,0.279649662564,193,210,255,0,18.9640776709,0.0,0,0
3.5,90.0,0.0,10.463454121,10.6757159506,16.9506192909,0.274704961517,0.280277631598,196,211,255,0,10.6757159506,0.0,1,0
3.5,90.0,0.5,10.7145288049,10.9271469201,17.3213564974,0.274992170624,0.280449089736,197,211,255,0,10.9271469201,0.0,1,0
3.5,90.0,1.0,11.3113626946,11.5392312628,18.2551293786,0.275177317819,0.280720793269,197,211,255,0,11.5392312628,0.0,1,0
3.5,90.0,2.0,12.018917085,12.2488835492,19.2923610004,0.275915346363,0.281194630359,198,211,255,0,12.2488835492,0.0,1,0
3.5,90.0,3.0,12.8423840555,13.0194060469,20.2669267749,0.278403236095,0.282240802004,202,212,255,0,13.0194060469,0.0,1,0
3.5,90.0,5.0,15.362590539,15.2677193438,22.1983077625,0.290800540005,0.289004710407,220,217,255,0,15.2677193438,0.0,0,0
3.5,90.0,8.0,20.0941389494,19.8359736929,25.7189582685,0.30608413296,0.302151628617,243,228,255,0,19.8359736929,0.0,0,0
3.5,90.0,12.0,24.5946102091,24.6172253878,30.7174913332,0.307704457847,0.307987397534,246,234,255,0,24.6172253878,0.0,0,0
3.5,90.0,20.0,27.997444775,28.5333469111,38.5529905373,0.294450263971,0.300086368504,226,227,255,0,28.5333469111,0.0,0,0
3.5,90.0,30.0,26.6464102024,27.3156267212,39.7763458418,0.284263600632,0.291402794836,210,220,255,0,27.3156267212,0.0,0,0
3.5,90.0,45.0,23.3406200976,23.9682620542,36.9048348087,0.277159362394,0.284612328244,200,214,255,0,23.9682620542,0.0,0,0
3.5,90.0,60.0,20.5075219378,21.0407752303,33.238182393,0.274214297265,0.28134464082,195,212,255,0,21.0407752303,0.0,0,0
3.5,90.0,90.0,18.4922714305,18.964077671,30.3573485698,0.272692274062,0.279649662564,193,210,255,0,18.964077671,0.0,0,0
3.5,180.0,0.0,7.98840559874,8.09968658808,13.4880567842,0.270096205107,0.27385872975,190,206,255,0,8.09968658808,0.0,1,0
3.5,180.0,0.5,8.7989293458,8.92731660545,14.8587079362,0.270030437244,0.273970515235,190,206,255,0,8.92731660545,0.0,1,0
3.5,180.0,1.0,9.05312526912,9.18590480282,15.2815846931,0.270076349511,0.274037480136,190,206,255,0,9.18590480282,0.0,1,0
3.5,180.0,2.0,9.50827924295,9.64870982467,16.0476777925,0.270085761093,0.274074737392,190,206,255,0,9.64870982467,0.0,1,0
3.5,180.0,3.0,9.94377123456,10.0942003967,16.7978392216,0.269948482315,0.274032257279,190,206,255,0,10.0942003967,0.0,1,0
3.5,180.0,5.0,10.9312107829,11.0854069436,18.4879768719,0.269875822515,0.273682703248,190,205,255,0,11.0854069436,0.0,0,0
3.5,180.0,8.0,13.6733825414,13.424280747,20.5078606439,0.287222603848,0.281989980114,215,211,255,0,13.424280747,0.0,0,0
3.5,180.0,12.0,19.2653564423,18.6814903889,23.9120199705,0.311440500584,0.302001820511,251,227,255,0,18.6814903889,0.0,0,0
3.5,180.0,20.0,27.2413021051,27.1533911358,33.0262968222,0.311610542107,0.310604937283,252,236,255,0,27.1533911358,0.0,0,0
3.5,180.0,30.0,29.0620446394,29.488823008,38.3163809162,0.300019305497,0.304425112153,234,231,255,0,29.488823008,0.0,0,0
3.5,180.0,45.0,25.9772889985,26.5780775675,37.7483674599,0.287665723668,0.2943186996,215,222,255,0,26.5780775675,0.0,0,0
3.5,180.0,60.0,21.9134839868,22.4600499438,33.8591505264,0.280106507132,0.28709292158,204,216,255,0,22.4600499438,0.0,0,0
3.5,180.0,90.0,18.4922714307,18.9640776709,30.357348569,0.272692274067,0.279649662566,193,210,255,0,18.9640776709,0.0,0,0
4.0,0.0,0.0,10.948583087,11.2465846925,16.5995542137,0.282218366945,0.289899865617,207,218,255,0,11.2465846925,0.0,1,0
4.0,0.0,0.5,10.4068829333,10.6707220736,15.65967256,0.283278555803,0.29046033839,209,219,255,0,10.6707220736,0.0,1,0
4.0,0.0,1.0,10.7115148358,10.9764260639,15.9944097294,0.284258138279,0.291288252475,210,220,255,0,10.9764260639,0.0,1,0
4.0,0.0,2.0,11.5943844541,11.798618079,16.8732830261,0.287942736537,0.29301481165,216,221,255,0,11.798618079,0.0,1,0
4.0,0.0,3.0,13.3641979316,13.2470216053,17.8187187071,0.30079262902,0.298155300882,235,224,255,0,13.2470216053,0.0,1,0
4.0,0.0,5.0,20.1977418331,19.2461286428,20.6046868416,0.336356820803,0.32050942608,255,215,223,0,19.2461286428,0.0,0,0
4.0,0.0,8.0,30.7478298399,29.9707090155,28.0244173576,0.346481919828,0.337724933836,255,217,209,0,29.9707090155,0.0,0,0
4.0,0.0,12.0,38.4412700022,38.7118170771,40.25613975,0.327412683316,0.329716991778,255,234,233,0,38.7118170771,0.0,0,0
4.0,0.0,20.0,37.9020319786,38.9537113672,47.9886810541,0.303594110516,0.312018030076,240,238,255,0,38.9537113672,0.0,0,0
4.0,0.0,30.0,30.9901299474,31.9561345015,44.3453989047,0.288840055031,0.2978435929,217,225,255,0,31.9561345015,0.0,0,0
4.0,0.0,45.0,21.6426914733,22.2589278512,33.7102558582,0.278857989481,0.286797964858,202,216,255,0,22.2589278512,0.0,0,0
4.0,0.0,60.0,15.6165614647,16.0015860479,25.4218802498,0.273782501119,0.280532578184,195,211,255,0,16.0015860479,0.0,0,0
4.0,0.0,90.0,10.9224247284,11.1355804981,18.2216879727,0.271164546224,0.276456437814,191,208,255,0,11.1355804981,0.0,0,0
4.0,90.0,0.0,6.16987680313,6.28659319014,10.3230289294,0.270852173881,0.275975920782,191,207,255,0,6.28659319014,0.0,1,0
4.0,90.0,0.5,6.31694634825,6.43369227296,10.5475110715,0.271135108648,0.276146061288,191,207,255,0,6.43369227296,0.0,1,0
4.0,90.0,1.0,6.67678028379,6.80225996888,11.1255069397,0.271363672397,0.27646352992,192,208,255,0,6.80225996888,0.0,1,0
4.0,90.0,2.0,7.09622724955,7.22307000683,11.7621821573,0.272079169169,0.276942495948,193,208,255,0,7.22307000683,0.0,1,0
4.0,90.0,3.0,7.57649647842,7.67420679885,12.3601922294,0.274402417575,0.27794124957,196,209,255,0,7.67420679885,0.0,1,0
4.0,90.0,5.0,9.01835736358,8.95933785191,13.5372195246,0.286161566292,0.284288817717,214,213,255,0,8.95933785191,0.0,0,0
4.0,90.0,8.0,11.7452809403,11.571259031,15.6431417348,0.301472712969,0.297005995025,236,223,255,0,11.571259031,0.0,0,0
4.0,90.0,12.0,14.3901462588,14.3491889191,18.6068983298,0.303934340553,0.303069280405,240,229,255,0,14.3491889191,0.0,0,0
4.0,90.0,20.0,16.4592110205,16.6918031892,23.27802225,0.291679816866,0.295801669432,221,223,255,0,16.6918031892,0.0,0,0
4.0,90.0,30.0,15.6882060119,15.9953704395,23.9435486787,0.282024389634,0.2875462358,207,216,255,0,15.9953704395,0.0,0,0
4.0,90.0,45.0,13.7793776305,14.0704960988,22.2140382353,0.275235735479,0.281050671964,197,211,255,0,14.0704960988,0.0,0,0
4.0,90.0,60.0,12.1014653903,12.3445337016,19.95671622,0.27253885951,0.278013036251,193,209,255,0,12.3445337016,0.0,0,0
4.0,90.0,90.0,10.9224247284,11.1355804981,18.2216879727,0.271164546224,0.276456437814,191,208,255,0,11.1355804981,0.0,0,0
4.0,180.0,0.0,4.4686139619,4.52754410405,7.93313432377,0.263957515709,0.267438472904,181,201,255,0,4.52754410405,0.0,1,0
4.0,180.0,0.5,4.92799724395,4.99567224176,8.75254840893,0.26386483986,0.267488432077,181,201,255,0,4.99567224176,0.0,1,0
4.0,180.0,1.0,5.066448889,5.13664871999,8.99720092675,0.263873443403,0.267529627752,181,201,255,0,5.13664871999,0.0,1,0
4.0,180.0,2.0,5.31090215555,5.38554950622,9.43634241345,0.263793596443,0.26750134562,181,201,255,0,5.38554950622,0.0,1,0
4.0,180.0,3.0,5.544851507,5.62488861447,9.86642912412,0.26358656095,0.26739129871,180,201,255,0,5.62488861447,0.0,1,0
4.0,180.0,5.0,5.97457261513,6.07071616459,10.7023294643,0.262646073582,0.266872606154,179,200,255,0,6.07071616459,0.0,0,0
4.0,180.0,8.0,7.03573488279,7.0205901041,11.9725921446,0.270304555785,0.269722711423,191,202,255,0,7.0205901041,0.0,0,0
4.0,180.0,12.0,9.6007249123,9.35005576752,13.5948168955,0.294993044453,0.287290953742,227,215,255,0,9.35005576752,0.0,0,0
4.0,180.0,20.0,14.2049318338,14.0696391518,18.3421358748,0.304717617149,0.30181538121,241,228,255,0,14.0696391518,0.0,0,0
4.0,180.0,30.0,15.801199988,15.917967063,21.5165120183,0.296815975006,0.299009373813,229,226,255,0,15.917967063,0.0,0,0
4.0,180.0,45.0,14.6316086986,14.8690123803,21.7032241831,0.285752146616,0.290388589063,213,219,255,0,14.8690123803,0.0,0,0
4.0,180.0,60.0,12.6084812632,12.8415332253,19.8194899852,0.278520416996,0.283668517572,202,213,255,0,12.8415332253,0.0,0,0
4.0,180.0,90.0,10.9224247283,11.135580498,18.2216879727,0.271164546223,0.276456437813,191,208,255,0,11.135580498,0.0,0,0
4.5,0.0,0.0,6.68831679115,6.86907944524,10.375796164,0.27945777894,0.287010580549,203,216,255,0,6.86907944524,0.0,1,0
4.5,0.0,0.5,6.3306757998,6.49106972375,9.75090574833,0.280457785997,0.287563461003,205,217,255,0,6.49106972375,0.0,1,0
4.5,0.0,1.0,6.51873331454,6.67969721662,9.96095738332,0.281472607938,0.288422873751,206,217,255,0,6.67969721662,0.0,1,0
4.5,0.0,2.0,7.07541428016,7.19383052885,10.5119536074,0.28551542025,0.290293891683,212,219,255,0,7.19383052885,0.0,1,0
4.5,0.0,3.0,8.24322380389,8.13826482982,11.1062522443,0.299887278496,0.296068886343,234,223,255,0,8.13826482982,0.0,1,0
4.5,0.0,5.0,12.8224448124,12.1414543382,12.9313848807,0.338365185541,0.32039486307,255,213,221,0,12.1414543382,0.0,0,0
4.5,0.0,8.0,19.6801432856,19.1209117537,17.8815549432,0.347198960874,0.337332944965,255,216,208,0,19.1209117537,0.0,0,0
4.5,0.0,12.0,24.2986772744,24.4244256841,25.7691190863,0.326190796937,0.327878871292,255,234,235,0,24.4244256841,0.0,0,0
4.5,0.0,20.0,23.3638176573,23.968526505,30.2659329014,0.301086809416,0.308879622229,236,235,255,0,23.968526505,0.0,0,0
4.5,0.0,30.0,18.6437647127,19.1823596561,27.3528617867,0.286039501569,0.294302823464,213,222,255,0,19.1823596561,0.0,0,0
4.5,0.0,45.0,12.7336129361,13.0592830754,20.3605849584,0.275897129934,0.282953372118,198,213,255,0,13.0592830754,0.0,0,0
4.5,0.0,60.0,9.01885133117,9.21100410875,15.0849217346,0.270716243544,0.276484037714,191,208,255,0,9.21100410875,0.0,0,0
4.5,0.0,90.0,6.15388202114,6.24934968483,10.5650818729,0.267929206035,0.272085700301,187,204,255,0,6.24934968483,0.0,0,0
4.5,90.0,0.0,3.54294270526,3.6107529083,6.13091294166,0.266695303104,0.271799721707,185,204,255,0,3.6107529083,0.0,1,0
4.5,90.0,0.5,3.62743132873,3.69530597979,6.26462956974,0.266970882676,0.271966306121,185,204,255,0,3.69530597979,0.0,1,0
4.5,90.0,1.0,3.83819833215,3.91126527277,6.61259801061,0.267245638885,0.272333135553,186,205,255,0,3.91126527277,0.0,1,0
4.5,90.0,2.0,4.07985486507,4.15417614906,6.99224588893,0.267948290383,0.272829410335,187,205,255,0,4.15417614906,0.0,1,0
4.5,90.0,3.0,4.35113156392,4.41104243579,7.34881481516,0.270072285067,0.273790919135,190,205,255,0,4.41104243579,0.0,1,0
4.5,90.0,5.0,5.13940125557,5.11826036457,8.04682059303,0.280772829065,0.279617872003,206,209,255,0,5.11826036457,0.0,0,0
4.5,90.0,8.0,6.62585617464,6.53995580557,9.27026331104,0.29532153412,0.291492862306,227,219,255,0,6.53995580557,0.0,0,0
4.5,90.0,12.0,8.08968980048,8.0669480878,10.9672617595,0.298249510782,0.297411072617,231,224,255,0,8.0669480878,0.0,0,0
4.5,90.0,20.0,9.27103550244,9.38489364007,13.6439846963,0.287029728584,0.290554757728,215,219,255,0,9.38489364007,0.0,0,0
4.5,90.0,30.0,8.83619043059,8.98375501053,13.9657318608,0.277992831383,0.282635317951,201,212,255,0,8.98375501053,0.0,0,0
4.5,90.0,45.0,7.77447479614,7.91176485677,12.9388837107,0.271596202307,0.276392340961,192,208,255,0,7.91176485677,0.0,0,0
4.5,90.0,60.0,6.81646218316,6.92737453802,11.5817246057,0.269153449165,0.27353291201,188,205,255,0,6.92737453802,0.0,0,0
4.5,90.0,90.0,6.15388202116,6.24934968486,10.5650818729,0.267929206034,0.272085700301,187,204,255,0,6.24934968486,0.0,0,0
4.5,180.0,0.0,2.45089672366,2.48367415456,4.57139513681,0.257827212909,0.261275303387,172,196,255,0,2.48367415456,0.0,1,0
4.5,180.0,0.5,2.70467805826,2.74205646234,5.05024701064,0.257662457556,0.261223329219,172,196,255,0,2.74205646234,0.0,1,0
4.5,180.0,1.0,2.77837083997,2.81715122867,5.18806502495,0.257648110583,0.261244352572,172,196,255,0,2.81715122867,0.0,1,0
4.5,180.0,2.0,2.90704277763,2.94826101646,5.43256799861,0.257536835199,0.261188386137,172,196,255,0,2.94826101646,0.0,1,0
4.5,180.0,3.0,3.03044330505,3.07436666152,5.67129595931,0.257338319146,0.261068190187,171,196,255,0,3.07436666152,0.0,1,0
4.5,180.0,5.0,3.28588516975,3.3389129363,6.19149842971,0.25638336009,0.26052088659,170,196,255,0,3.3389129363,0.0,0,0
4.5,180.0,8.0,3.66321715074,3.70402978635,6.86513155039,0.257386153268,0.260253743927,172,196,255,0,3.70402978635,0.0,0,0
4.5,180.0,12.0,4.6573424245,4.59092365357,7.63371428034,0.27587654562,0.27194224588,199,203,255,0,4.59092365357,0.0,0,0
4.5,180.0,20.0,6.98847896638,6.91453586688,9.92696039795,0.293264214443,0.290161269569,224,218,255,0,6.91453586688,0.0,0,0
4.5,180.0,30.0,8.0939449692,8.12329761851,11.6710135355,0.290227719275,0.291280228589,219,219,255,0,8.12329761851,0.0,0,0
4.5,180.0,45.0,7.79958981818,7.89258113475,12.0290342058,0.281358251689,0.284712770948,206,214,255,0,7.89258113475,0.0,0,0
4.5,180.0,60.0,6.88457796418,6.98245749153,11.1815696104,0.274848756887,0.278756340846,197,209,255,0,6.98245749153,0.0,0,0
4.5,180.0,90.0,6.15388202114,6.24934968484,10.5650818729,0.267929206035,0.272085700301,187,204,255,0,6.24934968484,0.0,0,0
5.0,0.0,0.0,3.9821446589,4.09376450831,6.30022105698,0.276996980189,0.284761228819,199,214,255,0,4.09376450831,0.0,1,0
5.0,0.0,0.5,3.75464625721,3.85432333304,5.88767372427,0.278191115354,0.285576438765,201,215,255,0,3.85432333304,0.0,1,0
5.0,0.0,1.0,3.86865590101,3.96884967759,6.01561775173,0.279262359019,0.286494935687,203,216,255,0,3.96884967759,0.0,1,0
5.0,0.0,2.0,4.21772456221,4.2880900642,6.35666732666,0.283783326064,0.288517764243,210,217,255,0,4.2880900642,0.0,1,0
5.0,0.0,3.0,4.99038619151,4.90442037938,6.72970050322,0.300182505819,0.295011476582,234,221,255,0,4.90442037938,0.0,1,0
5.0,0.0,5.0,8.02464606183,7.54714748148,7.92434668556,0.341530395361,0.321207968967,255,210,217,0,7.54714748148,0.0,0,0
5.0,0.0,8.0,12.357653565,11.9829473074,11.1881337727,0.347821381439,0.337274812263,255,216,208,0,11.9829473074,0.0,0,0
5.0,0.0,12.0,14.9887474329,15.0685310671,16.1626536048,0.324291853111,0.326018026875,255,235,238,0,15.0685310671,0.0,0,0
5.0,0.0,20.0,14.001583661,14.3693870197,18.6656017553,0.297674403891,0.305493922613,231,232,255,0,14.3693870197,0.0,0,0
5.0,0.0,30.0,10.8707960714,11.181842314,16.4517116517,0.282326440023,0.290404650468,207,219,255,0,11.181842314,0.0,0,0
5.0,0.0,45.0,7.24168371573,7.41966265348,11.9698572333,0.271924762538,0.278607860321,192,209,255,0,7.41966265348,0.0,0,0
5.0,0.0,60.0,5.02751426871,5.12627490969,8.70339226038,0.266610059676,0.271847355679,185,204,255,0,5.12627490969,0.0,0,0
5.0,0.0,90.0,3.33892543336,3.38230641295,5.95646302045,0.263370073854,0.26679190882,180,200,255,0,3.38230641295,0.0,0,0
5.0,90.0,0.0,1.99031183141,2.02986906624,3.55543669,0.26272601651,0.267947667996,179,201,255,0,2.02986906624,0.0,1,0
5.0,90.0,0.5,2.03890000701,2.07856474135,3.63423845121,0.263026067242,0.268142972949,179,202,255,0,2.07856474135,0.0,1,0
5.0,90.0,1.0,2.16119876347,2.2040674408,3.84066132637,0.263370442329,0.268594553458,180,202,255,0,2.2040674408,0.0,1,0
5.0,90.0,2.0,2.30013255829,2.34426512983,4.06558795568,0.264079948275,0.269146841993,181,202,255,0,2.34426512983,0.0,1,0
5.0,90.0,3.0,2.45194432497,2.48969160057,4.27637787097,0.265994863872,0.270089810617,184,203,255,0,2.48969160057,0.0,1,0
5.0,90.0,5.0,2.87210126063,2.87189428447,4.68583533743,0.275373713435,0.275353868804,198,206,255,0,2.87189428447,0.0,0,0
5.0,90.0,8.0,3.6500325946,3.61983535064,5.38484990031,0.288432554495,0.28604631054,217,214,255,0,3.61983535064,0.0,0,0
5.0,90.0,12.0,4.4223449799,4.423295874,6.33278602429,0.291357267482,0.291419915219,221,219,255,0,4.423295874,0.0,0,0
5.0,90.0,20.0,5.06069637993,5.12621478591,7.82020522696,0.281038688791,0.284677161745,206,214,255,0,5.12621478591,0.0,0,0
5.0,90.0,30.0,4.8132101133,4.88978890905,7.95270400817,0.272615035775,0.276952376272,193,208,255,0,4.88978890905,0.0,0,0
5.0,90.0,45.0,4.23624474697,4.30381520041,7.34750382018,0.266639039751,0.270892080333,185,203,255,0,4.30381520041,0.0,0,0
5.0,90.0,60.0,3.70217289933,3.7541458267,6.54426803351,0.264429838757,0.268142035129,182,201,255,0,3.7541458267,0.0,0,0
5.0,90.0,90.0,3.33892543336,3.38230641295,5.95646302045,0.263370073854,0.26679190882,180,200,255,0,3.38230641295,0.0,0,0
5.0,180.0,0.0,1.32973969783,1.34821612597,2.59169008022,0.252339478221,0.2558456774,164,193,255,0,1.34821612597,0.0,1,0
5.0,180.0,0.5,1.46712285019,1.48795084321,2.86445690647,0.252103296822,0.255682278438,164,193,255,0,1.48795084321,0.0,1,0
5.0,180.0,1.0,1.50624247245,1.52783108898,2.94107007853,0.252084730211,0.25569780093,164,193,255,0,1.52783108898,0.0,1,0
5.0,180.0,2.0,1.57411485339,1.59699403229,3.07575533547,0.251984803521,0.255647309715,164,193,255,0,1.59699403229,0.0,1,0
5.0,180.0,3.0,1.63961694142,1.66377516251,3.20688043846,0.251850737545,0.255561522452,163,192,255,0,1.66377516251,0.0,1,0
5.0,180.0,5.0,1.7907427248,1.81917682169,3.52058337813,0.251138347986,0.255126018589,162,192,255,0,1.81917682169,0.0,0,0
5.0,180.0,8.0,1.95564642461,1.98948055257,3.88716179745,0.249690286056,0.254010112474,160,192,255,0,1.98948055257,0.0,0,0
5.0,180.0,12.0,2.30055441609,2.30015075178,4.27691881877,0.259140781312,0.259095311452,175,194,255,0,2.30015075178,0.0,0,0
5.0,180.0,20.0,3.34251783642,3.31603761762,5.32030129287,0.279034794976,0.276824215172,203,207,255,0,3.31603761762,0.0,0,0
5.0,180.0,30.0,3.98228353435,3.99212381376,6.19995418188,0.280949764539,0.281643995415,206,211,255,0,3.99212381376,0.0,0,0
5.0,180.0,45.0,3.98401764891,4.02260799683,6.48903701225,0.274842050544,0.277504250185,197,208,255,0,4.02260799683,0.0,0,0
5.0,180.0,60.0,3.60741659984,3.64879535175,6.13031370813,0.269481170211,0.272572244994,189,204,255,0,3.64879535175,0.0,0,0
5.0,180.0,90.0,3.33892543336,3.38230641295,5.95646302045,0.263370073854,0.26679190882,180,200,255,0,3.38230641295,0.0,0,0
5.5,0.0,0.0,2.33647963551,2.40633633938,3.75180741135,0.275053940507,0.283277578059,197,213,255,0,2.40633633938,0.0,1,0
5.5,0.0,0.5,2.19975272817,2.26253849314,3.49579637783,0.27641725487,0.284306809262,199,214,255,0,2.26253849314,0.0,1,0
5.5,0.0,1.0,2.26782622365,2.33100175889,3.57187623663,0.277555785011,0.285287742203,200,215,255,0,2.33100175889,0.0,1,0
5.5,0.0,2.0,2.48487901616,2.5270479636,3.77779099259,0.282702929033,0.287500460373,208,216,255,0,2.5270479636,0.0,1,0
5.5,0.0,3.0,2.99184975078,2.92578764533,4.00728118818,0.301448291528,0.294792105394,236,221,255,0,2.92578764533,0.0,1,0
5.5,0.0,5.0,4.96625555242,4.64370791751,4.77871282585,0.345150273057,0.322733503906,255,207,213,0,4.64370791751,0.0,0,0
5.5,0.0,8.0,7.64102651025,7.40887390936,6.89905565276,0.348127103861,0.337550172543,255,215,207,0,7.40887390936,0.0,0,0
5.5,0.0,12.0,9.08693495606,9.15320362419,9.97636063502,0.322043315393,0.32439189406,255,237,241,0,9.15320362419,0.0,0,0
5.5,0.0,20.0,8.22583291479,8.4593340245,11.3041226765,0.293892164743,0.302234681216,225,229,255,0,8.4593340245,0.0,0,0
5.5,0.0,30.0,6.20733108829,6.39217817349,9.71315725342,0.278197636489,0.286482037866,201,216,255,0,6.39217817349,0.0,0,0
5.5,0.0,45.0,4.02855335659,4.12839844756,6.90716771554,0.267427070751,0.27405507784,186,206,255,0,4.12839844756,0.0,0,0
5.5,0.0,60.0,2.74013979049,2.79217256115,4.9322519851,0.26184939022,0.266821672771,178,201,255,0,2.79217256115,0.0,0,0
5.5,0.0,90.0,1.76911306166,1.78931470336,3.29941453476,0.257969341424,0.260915113696,172,196,255,0,1.78931470336,0.0,0,0
5.5,90.0,0.0,1.11217382219,1.13593783682,2.0409718817,0.259303371369,0.264843952335,174,199,255,0,1.13593783682,0.0,1,0
5.5,90.0,0.5,1.1391697025,1.16303428952,2.08612244358,0.259590921327,0.265029119093,174,199,255,0,1.16303428952,0.0,1,0
5.5,90.0,1.0,1.20826609056,1.23402138369,2.20547095128,0.259967489688,0.265508933708,175,200,255,0,1.23402138369,0.0,1,0
5.5,90.0,2.0,1.28592372313,1.31252139882,2.33433490672,0.260689452125,0.266081477623,176,200,255,0,1.31252139882,0.0,1,0
5.5,90.0,3.0,1.36973842774,1.39361377163,2.45573346165,0.262447968228,0.267022590189,179,201,255,0,1.39361377163,0.0,1,0
5.5,90.0,5.0,1.59140141757,1.59864776348,2.6918964762,0.270556973883,0.271788937987,191,204,255,0,1.59864776348,0.0,0,0
5.5,90.0,8.0,1.9902489509,1.98570392421,3.0866883963,0.281799524345,0.281155993615,207,211,255,0,1.98570392421,0.0,0,0
5.5,90.0,12.0,2.38382015649,2.39589215155,3.60816042881,0.28419841732,0.285637637422,211,214,255,0,2.39589215155,0.0,0,0
5.5,90.0,20.0,2.71382723506,2.7551421061,4.41747152395,0.27449992086,0.278678863677,196,209,255,0,2.7551421061,0.0,0,0
5.5,90.0,30.0,2.56927767427,2.61163180905,4.45703403525,0.266579449166,0.270973969086,185,203,255,0,2.61163180905,0.0,0,0
5.5,90.0,45.0,2.24888585213,2.28332879672,4.08445429188,0.260992486493,0.264989732393,177,199,255,0,2.28332879672,0.0,0,0
5.5,90.0,60.0,1.96509261486,1.99030065076,3.63453521139,0.258907922626,0.262229170774,174,197,255,0,1.99030065076,0.0,0,0
5.5,90.0,90.0,1.76911306166,1.78931470336,3.29941453476,0.257969341424,0.260915113696,172,196,255,0,1.78931470336,0.0,0,0
5.5,180.0,0.0,0.72202195823,0.732761191253,1.45901341661,0.247794223739,0.251479873296,157,190,255,0,0.732761191253,0.0,1,0
5.5,180.0,0.5,0.795754865111,0.807725147536,1.61158914597,0.247507853129,0.251231033513,157,190,255,0,0.807725147536,0.0,1,0
5.5,180.0,1.0,0.816578384504,0.828960851813,1.6537148087,0.247503942819,0.25125705402,157,190,255,0,0.828960851813,0.0,1,0
5.5,180.0,2.0,0.852870358692,0.865946501784,1.7277373562,0.247455953128,0.25124992887,157,190,255,0,0.865946501784,0.0,1,0
5.5,180.0,3.0,0.888364367647,0.902037215018,1.80000108836,0.247427502998,0.251235668439,157,190,255,0,0.902037215018,0.0,1,0
5.5,180.0,5.0,0.961812461119,0.977230036991,1.94947185299,0.24734702621,0.251311927578,157,190,255,0,0.977230036991,0.0,0,0
5.5,180.0,8.0,1.06717897404,1.087597159,2.19067737277,0.245585178305,0.250283924922,154,189,255,0,1.087597159,0.0,0,0
5.5,180.0,12.0,1.19072346648,1.20426762955,2.41034351668,0.247791998361,0.250610566507,158,189,255,0,1.20426762955,0.0,0,0
5.5,180.0,20.0,1.57197569461,1.56896431168,2.78117308455,0.265441687873,0.264933189829,184,198,255,0,1.56896431168,0.0,0,0
5.5,180.0,30.0,1.9262769882,1.93247569877,3.27287286138,0.270103495359,0.270972681567,190,203,255,0,1.93247569877,0.0,0,0
5.5,180.0,45.0,1.98449931596,2.00117705544,3.4459379474,0.267034755954,0.269278917015,186,202,255,0,2.00117705544,0.0,0,0
5.5,180.0,60.0,1.84199954911,1.86017374721,3.30326340977,0.262938575622,0.265532874716,180,199,255,0,1.86017374721,0.0,0,0
5.5,180.0,90.0,1.76911306166,1.78931470336,3.29941453475,0.257969341424,0.260915113697,172,196,255,0,1.78931470336,0.0,0,0
6.0,0.0,0.0,1.36110578421,1.4049391877,2.2101879975,0.273521314733,0.282329866053,194,213,255,0,1.4049391877,0.0,1,0
6.0,0.0,0.5,1.28041355263,1.31996831308,2.05542889984,0.275014088224,0.28350987176,196,213,255,0,1.31996831308,0.0,1,0
6.0,0.0,1.0,1.32076426193,1.36059666427,2.10026920614,0.276216316481,0.28454661415,198,214,255,0,1.36059666427,0.0,1,0
6.0,0.0,2.0,1.4550960418,1.48028198487,2.22313334074,0.282076734577,0.286959139845,207,216,255,0,1.48028198487,0.0,1,0
6.0,0.0,3.0,1.78442857727,1.73615077927,2.36277520151,0.303301213562,0.295095385148,239,221,255,0,1.73615077927,0.0,1,0
6.0,0.0,5.0,3.0498345669,2.8387904861,2.85627407554,0.348755831493,0.32462243925,255,205,209,0,2.8387904861,0.0,0,0
6.0,0.0,8.0,4.81536680575,4.68716658724,4.5364477435,0.342999734734,0.333868002362,255,218,214,0,4.68716658724,0.0,0,0
6.0,0.0,12.0,5.44302100885,5.50092169151,6.09220843823,0.319498281306,0.322896976363,255,239,245,0,5.50092169151,0.0,0,0
6.0,0.0,20.0,4.77440081337,4.92340340054,6.76449451243,0.290020299883,0.299071440895,219,226,255,0,4.92340340054,0.0,0,0
6.0,0.0,30.0,3.5000496557,3.61102274655,5.66524946085,0.273948143543,0.282633983805,195,213,255,0,3.61102274655,0.0,0,0
6.0,0.0,45.0,2.21311810041,2.26984880919,3.94079637714,0.262723206372,0.269457810236,179,203,255,0,2.26984880919,0.0,0,0
6.0,0.0,60.0,1.47221871741,1.5000684041,2.76036695556,0.256812760306,0.261670839358,170,197,255,0,1.5000684041,0.0,0,0
6.0,0.0,90.0,0.923519246501,0.933177166803,1.80559806823,0.252169575974,0.254806698781,164,192,255,0,0.933177166803,0.0,0,0
6.0,90.0,0.0,0.62055469799,0.63490517554,1.16456245883,0.256425194797,0.262355089476,170,198,255,0,0.63490517554,0.0,1,0
6.0,90.0,0.5,0.635733267375,0.650166961572,1.19043715381,0.256723204117,0.262551850204,170,198,255,0,0.650166961572,0.0,1,0
6.0,90.0,1.0,0.674977369037,0.690558960191,1.2593613504,0.257144259098,0.263080334731,171,198,255,0,0.690558960191,0.0,1,0
6.0,90.0,2.0,0.718833427354,0.735017862405,1.33356368134,0.25788532917,0.263691581636,172,198,255,0,0.735017862405,0.0,1,0
6.0,90.0,3.0,0.765423647206,0.780532756702,1.40354677018,0.259509348534,0.264631943291,174,199,255,0,0.780532756702,0.0,1,0
6.0,90.0,5.0,0.882793992131,0.891023086535,1.5392775315,0.266456016506,0.268939825564,185,202,255,0,0.891023086535,0.0,0,0
6.0,90.0,8.0,1.08508847609,1.08987052042,1.76087137593,0.275694929255,0.276909931904,198,208,255,0,1.08987052042,0.0,0,0
6.0,90.0,12.0,1.28094406171,1.29486686777,2.04448056434,0.277243127068,0.280256531325,200,210,255,0,1.29486686777,0.0,0,0
6.0,90.0,20.0,1.4446649466,1.47131062784,2.47697300832,0.267880348649,0.272821185899,187,205,255,0,1.47131062784,0.0,0,0
6.0,90.0,30.0,1.3540573011,1.37780946733,2.47299693127,0.260152307386,0.264715763336,175,199,255,0,1.37780946733,0.0,0,0
6.0,90.0,45.0,1.16074332971,1.17753520072,2.21030526379,0.255187852356,0.258879522505,168,195,255,0,1.17753520072,0.0,0,0
6.0,90.0,60.0,1.02883825604,1.0414590385,1.99590087557,0.253022162964,0.256125991634,165,193,255,0,1.0414590385,0.0,0,0
6.0,90.0,90.0,0.923519246501,0.933177166803,1.80559806823,0.252169575974,0.254806698781,164,192,255,0,0.933177166803,0.0,0,0
6.0,180.0,0.0,0.396219536024,0.402628794931,0.824069445009,0.244140240431,0.248089460165,152,188,255,0,0.402628794931,0.0,1,0
6.0,180.0,0.5,0.435947289697,0.443014251779,0.908857900007,0.243843018809,0.247795857624,151,187,255,0,0.443014251779,0.0,1,0
6.0,180.0,1.0,0.447282402485,0.454583044226,0.932269432123,0.243865599879,0.247846027831,151,187,255,0,0.454583044226,0.0,1,0
6.0,180.0,2.0,0.467141013506,0.47482696738,0.973391494715,0.243892083683,0.247904883354,151,187,255,0,0.47482696738,0.0,1,0
6.0,180.0,3.0,0.486836596714,0.494803056099,1.01355241447,0.244004877875,0.247997706193,152,187,255,0,0.494803056099,0.0,1,0
6.0,180.0,5.0,0.52928496785,0.538021596255,1.09782263616,0.244458837738,0.248493991115,152,188,255,0,0.538021596255,0.0,0,0
6.0,180.0,8.0,0.593671518487,0.605385721682,1.24024112008,0.24337798449,0.248180268371,150,188,255,0,0.605385721682,0.0,0,0
6.0,180.0,12.0,0.648293634007,0.660663897366,1.37447564306,0.241591122963,0.246200987475,148,186,255,0,0.660663897366,0.0,0,0
6.0,180.0,20.0,0.787627505909,0.791707459722,1.54143897275,0.25238210824,0.253689461446,165,191,255,0,0.791707459722,0.0,0,0
6.0,180.0,30.0,0.940109086171,0.944971442847,1.74420090149,0.259034495993,0.2603742534,174,195,255,0,0.944971442847,0.0,0,0
6.0,180.0,45.0,0.980554779684,0.988795535091,1.82293881725,0.258565406156,0.260738435459,174,196,255,0,0.988795535091,0.0,0,0
6.0,180.0,60.0,0.927977679572,0.936461880646,1.76289825342,0.255828855003,0.258167815836,170,194,255,0,0.936461880646,0.0,0,0
6.0,180.0,90.0,0.923519246501,0.933177166803,1.80559806823,0.252169575974,0.254806698781,164,192,255,0,0.933177166803,0.0,0,0
