solar_depression_deg,relative_azimuth_deg,elevation_deg,X,Y_cd_m2,Z,CIE_x,CIE_y,preview_sRGB_R8,preview_sRGB_G8,preview_sRGB_B8,gamut_clipped,solar_Y_cd_m2,background_Y_cd_m2,near_horizon,night_background_important
-6.0,0.0,0.0,6615.42373554,6245.25801784,3195.74385866,0.412010985221,0.388956930312,255,193,135,0,6245.25801784,0.0,1,0
-6.0,0.0,0.5,7165.07717298,6727.99970216,3317.23277374,0.416324709965,0.390928451575,255,191,131,0,6727.99970216,0.0,1,0
-6.0,0.0,1.0,7889.61236093,7379.46514632,3519.96756237,0.419904914364,0.392753602909,255,189,127,0,7379.46514632,0.0,1,0
-6.0,0.0,2.0,10278.9233707,9471.46489573,4138.34667978,0.430283285987,0.396482480845,255,184,118,0,9471.46489573,0.0,1,0
-6.0,0.0,3.0,18710.2041753,15868.3617082,5281.58267823,0.469396247893,0.398100917352,255,160,89,0,15868.3617082,0.0,1,0
-6.0,0.0,5.0,217088.765403,194739.11543,53735.9765282,0.466292135806,0.418286583786,255,173,79,0,194739.11543,0.0,0,0
-6.0,0.0,8.0,92804.9810227,79748.5770664,19249.1237313,0.483856534966,0.415784473447,255,161,66,0,79748.5770664,0.0,0,0
-6.0,0.0,12.0,15364.4132726,15253.5038517,8637.05310017,0.391400456675,0.388575096719,255,209,152,0,15253.5038517,0.0,0,0
-6.0,0.0,20.0,11228.7227594,11487.5529161,7860.22956522,0.36723368714,0.375698688443,255,224,178,0,11487.5529161,0.0,0,0
-6.0,0.0,30.0,6953.06029883,7156.97536339,5584.01937181,0.353053766064,0.36340790919,255,230,196,0,7156.97536339,0.0,0,0
-6.0,0.0,45.0,3149.29995212,3253.16813513,3145.89073174,0.329826309612,0.340704428562,255,240,229,0,3253.16813513,0.0,0,0
-6.0,0.0,60.0,1632.7879226,1692.27471801,2013.93977922,0.305822660154,0.316964590936,243,243,255,0,1692.27471801,0.0,0,0
-6.0,0.0,90.0,763.298037789,795.904854399,1264.72245048,0.270296819202,0.28184344762,189,213,255,0,795.904854399,0.0,0,0
-6.0,90.0,0.0,907.189534672,940.394723134,1060.99187819,0.311901594545,0.323317898231,253,249,255,0,940.394723134,0.0,1,0
-6.0,90.0,0.5,938.987644938,973.125305834,1095.25903747,0.312228633042,0.323579959393,254,249,255,0,973.125305834,0.0,1,0
-6.0,90.0,1.0,997.97561518,1033.87698186,1157.86437425,0.312872779674,0.324128125211,255,250,255,0,1033.87698186,0.0,1,0
-6.0,90.0,2.0,1068.38154575,1106.07177921,1231.06092727,0.313721061379,0.3247884746,255,249,254,0,1106.07177921,0.0,1,0
-6.0,90.0,3.0,1141.24852842,1180.46557361,1303.8788064,0.314775695243,0.325592421274,255,248,252,0,1180.46557361,0.0,1,0
-6.0,90.0,5.0,1284.07130284,1327.79541876,1443.45032651,0.316638942802,0.327420865744,255,247,249,0,1327.79541876,0.0,0,0
-6.0,90.0,8.0,1454.32980633,1511.55401963,1644.23117389,0.315464973515,0.327877725323,255,250,251,0,1511.55401963,0.0,0,0
-6.0,90.0,12.0,1559.95918451,1632.97914954,1849.29328542,0.309378723994,0.323860400072,249,250,255,0,1632.97914954,0.0,0,0
-6.0,90.0,20.0,1542.9519735,1624.01125865,2087.97449811,0.293619459012,0.309044814993,224,236,255,0,1624.01125865,0.0,0,0
-6.0,90.0,30.0,1356.0840982,1425.8378513,2001.42764549,0.283500938259,0.298083554836,208,226,255,0,1425.8378513,0.0,0,0
-6.0,90.0,45.0,1086.77808525,1139.67163472,1700.49415407,0.276749075136,0.290218467917,198,219,255,0,1139.67163472,0.0,0,0
-6.0,90.0,60.0,911.072025968,952.046130868,1463.65875287,0.273860270976,0.286176728019,194,216,255,0,952.046130868,0.0,0,0
-6.0,90.0,90.0,763.298037789,795.904854399,1264.72245048,0.270296819202,0.28184344762,189,213,255,0,795.904854399,0.0,0,0
-6.0,180.0,0.0,871.803378521,905.663439748,1075.16131934,0.305614099162,0.317483876642,243,243,255,0,905.663439748,0.0,1,0
-6.0,180.0,0.5,935.864038761,971.756620081,1145.58259591,0.30651874791,0.318274460952,245,244,255,0,971.756620081,0.0,1,0
-6.0,180.0,1.0,956.133223817,992.745434497,1168.53568281,0.306707135847,0.318451551788,245,244,255,0,992.745434497,0.0,1,0
-6.0,180.0,2.0,1003.68937768,1042.22737379,1223.65112418,0.306979214336,0.318766091858,245,245,255,0,1042.22737379,0.0,1,0
-6.0,180.0,3.0,1053.4465607,1093.99812077,1278.77322308,0.307466305428,0.319301968306,246,245,255,0,1093.99812077,0.0,1,0
-6.0,180.0,5.0,1166.80282748,1213.61385458,1395.31335562,0.309027079753,0.321424954238,249,247,255,0,1213.61385458,0.0,0,0
-6.0,180.0,8.0,1346.22291648,1411.9837875,1609.9962624,0.308186896727,0.323241341661,247,249,255,0,1411.9837875,0.0,0,0
-6.0,180.0,12.0,1553.46405042,1648.67720435,2033.02546926,0.296736308948,0.31492353372,229,241,255,0,1648.67720435,0.0,0,0
-6.0,180.0,20.0,1577.37633041,1683.79311936,2318.14767622,0.282718528951,0.301791972268,207,229,255,0,1683.79311936,0.0,0,0
-6.0,180.0,30.0,1380.70472175,1468.02036527,2220.96303583,0.272345100585,0.289568180467,191,219,255,0,1468.02036527,0.0,0,0
-6.0,180.0,45.0,1032.21933005,1092.37278656,1800.21822498,0.262998524823,0.278324986811,177,210,255,0,1092.37278656,0.0,0,0
-6.0,180.0,60.0,806.408499585,848.292843938,1438.77657045,0.260680218838,0.274219783535,174,207,255,0,848.292843938,0.0,0,0
-6.0,180.0,90.0,763.298037788,795.904854398,1264.72245048,0.270296819202,0.28184344762,189,213,255,0,795.904854398,0.0,0,0
-5.5,0.0,0.0,5025.99935219,4701.08280154,2394.58400424,0.414629415353,0.387824803973,255,190,133,0,4701.08280154,0.0,1,0
-5.5,0.0,0.5,5300.19212557,4926.64950897,2422.70446772,0.419002554141,0.389472433963,255,188,129,0,4926.64950897,0.0,1,0
-5.5,0.0,1.0,5891.19141074,5447.11548145,2570.18281022,0.423568017577,0.391639609907,255,186,125,0,5447.11548145,0.0,1,0
-5.5,0.0,2.0,8585.19668336,7588.86399648,3083.81362673,0.445801885852,0.394065506694,255,172,108,0,7588.86399648,0.0,1,0
-5.5,0.0,3.0,23169.317082,18589.8851187,4391.98273332,0.502030817089,0.402804069825,255,145,62,0,18589.8851187,0.0,1,0
-5.5,0.0,5.0,232443.028582,210930.189369,61987.5191867,0.459954665055,0.417385391995,255,176,84,0,210930.189369,0.0,0,0
-5.5,0.0,8.0,39431.896913,32900.6772993,8303.03675586,0.489013432646,0.408016717481,255,155,68,0,32900.6772993,0.0,0,0
-5.5,0.0,12.0,12078.8683802,11955.5894542,6680.82093765,0.393252767452,0.389239164748,255,208,150,0,11955.5894542,0.0,0,0
-5.5,0.0,20.0,9178.29029203,9347.09332069,6294.52700118,0.369795461185,0.376596574665,255,222,175,0,9347.09332069,0.0,0,0
-5.5,0.0,30.0,5704.62583417,5848.50342398,4551.28071016,0.354227559122,0.363161608248,255,228,195,0,5848.50342398,0.0,0,0
-5.5,0.0,45.0,2624.626806,2703.28541753,2651.79492507,0.328912672749,0.338770003359,255,240,230,0,2703.28541753,0.0,0,0
-5.5,0.0,60.0,1383.65169941,1431.61963243,1741.81528586,0.303626377,0.31415238562,240,240,255,0,1431.61963243,0.0,0,0
-5.5,0.0,90.0,671.380978659,700.045006393,1127.40024162,0.268678538545,0.280149535378,187,211,255,0,700.045006393,0.0,0,0
-5.5,90.0,0.0,719.920337897,748.743202211,888.238002801,0.305452020286,0.317681154083,243,243,255,0,748.743202211,0.0,1,0
-5.5,90.0,0.5,744.689365461,774.347055048,916.59932677,0.305747428076,0.317923998247,243,244,255,0,774.347055048,0.0,1,0
-5.5,90.0,1.0,791.452774456,822.610521894,968.705093959,0.306435829641,0.318499531348,244,244,255,0,822.610521894,0.0,1,0
-5.5,90.0,2.0,847.776575991,880.397779775,1029.67751899,0.307404681068,0.319233163983,246,245,255,0,880.397779775,0.0,1,0
-5.5,90.0,3.0,907.070377917,940.7491827,1090.27826822,0.308727084923,0.320189877092,248,246,255,0,940.7491827,0.0,1,0
-5.5,90.0,5.0,1028.25294841,1064.93781848,1207.40857391,0.311535222014,0.322649830688,253,248,255,0,1064.93781848,0.0,0,0
-5.5,90.0,8.0,1182.56119702,1230.14587661,1381.86385999,0.311645563546,0.324185763854,253,250,255,0,1230.14587661,0.0,0,0
-5.5,90.0,12.0,1289.01195466,1350.45267746,1569.11321595,0.306282074657,0.320881002137,244,247,255,0,1350.45267746,0.0,0,0
-5.5,90.0,20.0,1308.14300862,1377.71460479,1806.96445611,0.291162879005,0.306647933854,220,233,255,0,1377.71460479,0.0,0,0
-5.5,90.0,30.0,1152.70525596,1212.40909039,1741.90251672,0.280667280996,0.295204312718,204,223,255,0,1212.40909039,0.0,0,0
-5.5,90.0,45.0,943.580292966,989.748394345,1500.4977102,0.274789748733,0.288234837691,195,218,255,0,989.748394345,0.0,0,0
-5.5,90.0,60.0,793.815235892,829.489422073,1296.45220846,0.271877170671,0.284095375068,191,214,255,0,829.489422073,0.0,0,0
-5.5,90.0,90.0,671.380978659,700.045006393,1127.40024162,0.268678538545,0.280149535378,187,211,255,0,700.045006393,0.0,0,0
-5.5,180.0,0.0,705.769336842,736.62165276,914.433488748,0.299457742112,0.31254837156,233,239,255,0,736.62165276,0.0,1,0
-5.5,180.0,0.5,752.807709323,785.732406759,971.439346097,0.299925844281,0.313043360951,234,239,255,0,785.732406759,0.0,1,0
-5.5,180.0,1.0,769.577552797,803.338331685,992.187448923,0.300018148499,0.313179715305,234,239,255,0,803.338331685,0.0,1,0
-5.5,180.0,2.0,807.950341146,843.266905181,1037.61596806,0.300483621231,0.313618152538,235,240,255,0,843.266905181,0.0,1,0
-5.5,180.0,3.0,849.476443185,886.180598395,1083.12758034,0.301362664099,0.314383933949,236,240,255,0,886.180598395,0.0,1,0
-5.5,180.0,5.0,950.468462647,991.923803892,1183.64128525,0.304049347808,0.317310671002,241,243,255,0,991.923803892,0.0,0,0
-5.5,180.0,8.0,1118.30029467,1175.83732036,1373.78297503,0.304886724565,0.32057327619,242,246,255,0,1175.83732036,0.0,0,0
-5.5,180.0,12.0,1322.05662697,1405.97769531,1756.82370604,0.294782269276,0.313494359562,226,240,255,0,1405.97769531,0.0,0,0
-5.5,180.0,20.0,1370.47023085,1465.48068454,2033.05332621,0.281468276233,0.300981599485,205,229,255,0,1465.48068454,0.0,0,0
-5.5,180.0,30.0,1217.25280151,1296.21299,1975.23979175,0.271181252353,0.288772111682,189,219,255,0,1296.21299,0.0,0,0
-5.5,180.0,45.0,920.299179513,974.903700205,1615.83035824,0.262116339305,0.27766860469,176,210,255,0,974.903700205,0.0,0,0
-5.5,180.0,60.0,720.90613173,758.916734998,1295.90267147,0.25971808877,0.273412023111,173,206,255,0,758.916734998,0.0,0,0
-5.5,180.0,90.0,671.380978658,700.045006392,1127.40024162,0.268678538545,0.280149535378,187,211,255,0,700.045006392,0.0,0,0
-5.0,0.0,0.0,3729.78822393,3459.38741515,1791.54265243,0.415310680378,0.385201640098,255,188,134,0,3459.38741515,0.0,1,0
-5.0,0.0,0.5,3996.57190312,3681.57115186,1835.04975132,0.420108367874,0.386996377222,255,185,129,0,3681.57115186,0.0,1,0
-5.0,0.0,1.0,4531.54027326,4119.94308308,1934.34554889,0.428076092465,0.389194187811,255,181,123,0,4119.94308308,0.0,1,0
-5.0,0.0,2.0,8351.99278823,6912.86568616,2362.98253409,0.473795559207,0.392156117294,255,155,90,0,6912.86568616,0.0,1,0
-5.0,0.0,3.0,31410.8835732,24891.5121461,4585.51387719,0.515880472517,0.40880878176,255,142,44,0,24891.5121461,0.0,1,0
-5.0,0.0,5.0,200012.173911,180581.336972,51623.0096127,0.462759206153,0.417802949237,255,175,82,0,180581.336972,0.0,0,0
-5.0,0.0,8.0,17936.7329434,15196.7452378,4882.36357312,0.47182259068,0.399747698237,255,160,87,0,15196.7452378,0.0,0,0
-5.0,0.0,12.0,9582.75787686,9455.49476081,5225.20327989,0.394946124304,0.389701071148,255,207,148,0,9455.49476081,0.0,0,0
-5.0,0.0,20.0,7554.45676666,7660.38554025,5108.73870878,0.371708940507,0.376921052168,255,220,173,0,7660.38554025,0.0,0,0
-5.0,0.0,30.0,4712.05284906,4813.09926009,3762.82182826,0.354610331963,0.362214682446,255,227,195,0,4813.09926009,0.0,0,0
-5.0,0.0,45.0,2208.00179188,2268.85035851,2271.24968718,0.327203389194,0.33622052736,255,240,233,0,2268.85035851,0.0,0,0
-5.0,0.0,60.0,1184.06800617,1223.57815869,1526.69296655,0.300957280656,0.310999666736,236,237,255,0,1223.57815869,0.0,0,0
-5.0,0.0,90.0,594.990349417,620.333681433,1014.26262645,0.266861280081,0.278228109862,184,210,255,0,620.333681433,0.0,0,0
-5.0,90.0,0.0,593.474950062,618.668429447,765.373072227,0.300111258008,0.312851217447,234,239,255,0,618.668429447,0.0,1,0
-5.0,90.0,0.5,613.526987528,639.47801365,789.591055822,0.300366284085,0.313071207329,235,239,255,0,639.47801365,0.0,1,0
-5.0,90.0,1.0,651.754257154,679.033259797,834.227138682,0.301039189485,0.313639105412,236,240,255,0,679.033259797,0.0,1,0
-5.0,90.0,2.0,697.857042927,726.465939196,886.541177005,0.301989643212,0.314369815433,237,240,255,0,726.465939196,0.0,1,0
-5.0,90.0,3.0,746.71098911,776.196172406,938.376706398,0.303382717794,0.315362312541,239,241,255,0,776.196172406,0.0,1,0
-5.0,90.0,5.0,849.59418305,881.267642362,1038.78048219,0.306752312643,0.31818825122,245,244,255,0,881.267642362,0.0,0,0
-5.0,90.0,8.0,987.414875713,1028.12342455,1191.77499915,0.307863555423,0.320555969615,247,246,255,0,1028.12342455,0.0,0,0
-5.0,90.0,12.0,1089.43257929,1142.34467324,1361.95453595,0.303147993064,0.31787143295,239,244,255,0,1142.34467324,0.0,0,0
-5.0,90.0,20.0,1128.11026137,1188.80227504,1591.45065161,0.288640079515,0.304168834331,216,231,255,0,1188.80227504,0.0,0,0
-5.0,90.0,30.0,1000.97440345,1053.43010299,1549.99685383,0.277708918459,0.292262153322,200,221,255,0,1053.43010299,0.0,0,0
-5.0,90.0,45.0,828.751065572,869.459585529,1340.23582705,0.272754867177,0.286152674329,192,216,255,0,869.459585529,0.0,0,0
-5.0,90.0,60.0,698.906941339,730.263778128,1161.25382724,0.26980401426,0.281908916844,188,213,255,0,730.263778128,0.0,0,0
-5.0,90.0,90.0,594.990349418,620.333681434,1014.26262645,0.266861280081,0.278228109862,184,210,255,0,620.333681434,0.0,0,0
-5.0,180.0,0.0,595.393617707,623.196338002,795.367206949,0.295633705,0.309438725687,227,236,255,0,623.196338002,0.0,1,0
-5.0,180.0,0.5,630.069700649,659.726938075,838.999514343,0.295974652031,0.309906111548,228,236,255,0,659.726938075,0.0,1,0
-5.0,180.0,1.0,644.066915258,674.592351715,857.159270414,0.296011319047,0.310040722663,228,236,255,0,674.592351715,0.0,1,0
-5.0,180.0,2.0,676.846687108,708.857408715,897.902126527,0.296393782993,0.310411401833,228,237,255,0,708.857408715,0.0,1,0
-5.0,180.0,3.0,713.313662307,746.62692236,940.011267527,0.297219988666,0.311100792158,230,237,255,0,746.62692236,0.0,1,0
-5.0,180.0,5.0,803.031553815,839.954656498,1029.34600908,0.300498399109,0.314315207669,235,240,255,0,839.954656498,0.0,0,0
-5.0,180.0,8.0,958.517639523,1009.3868799,1201.83866966,0.302395993096,0.318444372206,238,244,255,0,1009.3868799,0.0,0,0
-5.0,180.0,12.0,1152.12323627,1226.76694562,1550.39016166,0.293214821936,0.312211610869,223,239,255,0,1226.76694562,0.0,0,0
-5.0,180.0,20.0,1211.8056659,1297.22495731,1813.15491735,0.280368728859,0.300131714646,203,228,255,0,1297.22495731,0.0,0,0
-5.0,180.0,30.0,1087.10967271,1158.8323246,1779.44325356,0.270063510686,0.287881097678,188,218,255,0,1158.8323246,0.0,0,0
-5.0,180.0,45.0,828.789523744,878.453337995,1465.38649058,0.261231121479,0.276884955802,175,209,255,0,878.453337995,0.0,0,0
-5.0,180.0,60.0,649.775645752,684.316854896,1177.68595066,0.258691464374,0.272443158567,171,206,255,0,684.316854896,0.0,0,0
-5.0,180.0,90.0,594.990349418,620.333681434,1014.26262645,0.266861280081,0.278228109862,184,210,255,0,620.333681434,0.0,0,0
-4.5,0.0,0.0,2846.9103074,2627.65031046,1415.70242353,0.413178755339,0.381357038864,255,187,137,0,2627.65031046,0.0,1,0
-4.5,0.0,0.5,3104.03000076,2827.63563919,1452.15716768,0.420382514807,0.382950094126,255,183,131,0,2827.63563919,0.0,1,0
-4.5,0.0,1.0,3726.69546093,3288.33904221,1543.83843982,0.435418948939,0.384202343478,255,173,120,0,3288.33904221,0.0,1,0
-4.5,0.0,2.0,9594.91008699,7505.67191841,1962.40361429,0.503326723232,0.393730135885,255,140,68,0,7505.67191841,0.0,1,0
-4.5,0.0,3.0,40138.0396,32167.0676998,5505.67017966,0.51584164688,0.41340118608,255,144,38,0,32167.0676998,0.0,1,0
-4.5,0.0,5.0,136184.137096,120049.499104,30231.8416042,0.475394585553,0.419071435847,255,168,71,0,120049.499104,0.0,0,0
-4.5,0.0,8.0,9835.96230939,8744.24825039,3522.21826903,0.445017259667,0.39562386189,255,174,108,0,8744.24825039,0.0,0,0
-4.5,0.0,12.0,7735.38238938,7610.67294054,4192.31823109,0.395907180566,0.389524384759,255,206,147,0,7610.67294054,0.0,0,0
-4.5,0.0,20.0,6278.73205957,6340.37776981,4211.97858309,0.373043733459,0.376706343311,255,218,172,0,6340.37776981,0.0,0,0
-4.5,0.0,30.0,3944.5709594,4015.75984679,3171.90836126,0.354337604507,0.360732444424,255,226,195,0,4015.75984679,0.0,0,0
-4.5,0.0,45.0,1887.9168228,1936.33279144,1981.68179879,0.325170362599,0.333509415405,255,240,236,0,1936.33279144,0.0,0,0
-4.5,0.0,60.0,1030.85385001,1064.35224388,1360.09390054,0.298339898612,0.30803468457,232,234,255,0,1064.35224388,0.0,0,0
-4.5,0.0,90.0,534.982672079,557.761598361,923.297185856,0.2653629321,0.276661770332,182,209,255,0,557.761598361,0.0,0,0
-4.5,90.0,0.0,509.499617106,531.850423394,678.823878134,0.296190758148,0.309184099138,228,236,255,0,531.850423394,0.0,1,0
-4.5,90.0,0.5,526.626580914,549.665633926,700.268241717,0.296430430482,0.309398777788,228,236,255,0,549.665633926,0.0,1,0
-4.5,90.0,1.0,559.197616085,583.421826501,739.627768733,0.297090420813,0.309960255482,230,236,255,0,583.421826501,0.0,1,0
-4.5,90.0,2.0,598.4298957,623.885598467,785.833646722,0.298000722912,0.31067692422,231,237,255,0,623.885598467,0.0,1,0
-4.5,90.0,3.0,639.962037,666.204442375,831.429238498,0.299384037706,0.31166063667,233,238,255,0,666.204442375,0.0,1,0
-4.5,90.0,5.0,728.925265327,756.883077491,919.546070938,0.303042770395,0.314665927467,239,241,255,0,756.883077491,0.0,0,0
-4.5,90.0,8.0,852.292671958,887.954538965,1055.4768872,0.30485578764,0.317611648288,242,243,255,0,887.954538965,0.0,0,0
-4.5,90.0,12.0,947.838665577,994.395081784,1210.31213258,0.300658166978,0.315426046013,235,241,255,0,994.395081784,0.0,0,0
-4.5,90.0,20.0,995.39060325,1049.32799379,1428.03375945,0.286628731642,0.302160328775,213,229,255,0,1049.32799379,0.0,0,0
-4.5,90.0,30.0,892.959105966,939.962612348,1401.86966094,0.276048437526,0.290579051983,197,220,255,0,939.962612348,0.0,0,0
-4.5,90.0,45.0,740.147211125,776.604130018,1213.49806904,0.271091427898,0.284444390729,190,215,255,0,776.604130018,0.0,0,0
-4.5,90.0,60.0,611.974538492,639.472705578,1040.12887258,0.267053987011,0.279053661335,184,210,255,0,639.472705578,0.0,0,0
-4.5,90.0,90.0,534.982672079,557.761598361,923.297185856,0.2653629321,0.276661770332,182,209,255,0,557.761598361,0.0,0,0
-4.5,180.0,0.0,524.275979711,549.764865978,719.843242444,0.292257444714,0.306466214632,222,233,255,0,549.764865978,0.0,1,0
-4.5,180.0,0.5,553.010237708,580.320768659,758.135228338,0.292371192021,0.306810006973,222,233,255,0,580.320768659,0.0,1,0
-4.5,180.0,1.0,564.785308722,592.9237323,774.121132876,0.292357639068,0.306923320855,222,234,255,0,592.9237323,0.0,1,0
-4.5,180.0,2.0,593.688038985,623.344301936,811.437508232,0.292677773462,0.307297790103,223,234,255,0,623.344301936,0.0,1,0
-4.5,180.0,3.0,625.333194645,656.109385196,848.851429156,0.293543140995,0.307990062604,224,235,255,0,656.109385196,0.0,1,0
-4.5,180.0,5.0,705.441459877,739.100396182,928.656456149,0.297253481198,0.311436424162,230,238,255,0,739.100396182,0.0,0,0
-4.5,180.0,8.0,848.022246884,893.838181398,1083.74964192,0.300120054011,0.316334582335,234,242,255,0,893.838181398,0.0,0,0
-4.5,180.0,12.0,1029.04389605,1096.45621952,1400.94633624,0.291807605789,0.310923825019,221,237,255,0,1096.45621952,0.0,0,0
-4.5,180.0,20.0,1091.79301853,1169.50434566,1645.24151754,0.27947834428,0.299370972891,202,227,255,0,1169.50434566,0.0,0,0
-4.5,180.0,30.0,985.847770958,1051.7433663,1625.14478058,0.269156115284,0.28714692784,186,217,255,0,1051.7433663,0.0,0,0
-4.5,180.0,45.0,755.820288624,801.394132997,1343.18707167,0.260591607876,0.276304551232,174,209,255,0,801.394132997,0.0,0,0
-4.5,180.0,60.0,592.765590161,624.479361387,1081.00001316,0.257920978513,0.271720104243,170,205,255,0,624.479361387,0.0,0,0
-4.5,180.0,90.0,534.982672078,557.76159836,923.297185855,0.265362932101,0.276661770332,182,209,255,0,557.76159836,0.0,0,0
-4.0,0.0,0.0,2198.91719516,2019.71082363,1153.81071832,0.409295908759,0.37593929358,255,187,142,0,2019.71082363,0.0,1,0
-4.0,0.0,0.5,2498.51879182,2230.96014151,1192.90973075,0.421876869881,0.376699380613,255,178,132,0,2230.96014151,0.0,1,0
-4.0,0.0,1.0,3348.70364633,2815.53874732,1261.92280577,0.450933093516,0.379137639914,255,161,111,0,2815.53874732,0.0,1,0
-4.0,0.0,2.0,11547.9751649,8838.54682721,1832.26329659,0.519739266339,0.397796131173,255,134,52,0,8838.54682721,0.0,1,0
-4.0,0.0,3.0,43720.5921285,35468.7912506,6209.41918943,0.511957905891,0.415331248024,255,147,40,0,35468.7912506,0.0,1,0
-4.0,0.0,5.0,73274.1250308,61910.9629672,12719.2544604,0.495415643739,0.418587865225,255,157,53,0,61910.9629672,0.0,0,0
-4.0,0.0,8.0,6508.33986002,5994.00092902,2709.36720543,0.427850696476,0.394038653069,255,184,121,0,5994.00092902,0.0,0,0
-4.0,0.0,12.0,6286.06015596,6166.35613672,3405.58243342,0.396396813024,0.38884831833,255,205,147,0,6166.35613672,0.0,0,0
-4.0,0.0,20.0,5232.01764114,5263.04250414,3507.88908497,0.37363683572,0.375852430627,255,217,172,0,5263.04250414,0.0,0,0
-4.0,0.0,30.0,3321.20503281,3371.40786064,2707.48896986,0.353315855626,0.358656524117,255,226,197,0,3371.40786064,0.0,0,0
-4.0,0.0,45.0,1628.8343172,1668.35506095,1750.06006021,0.322717221942,0.330547376611,255,241,240,0,1668.35506095,0.0,0,0
-4.0,0.0,60.0,906.000238806,934.981761393,1223.36370578,0.295658625278,0.305116279658,227,232,255,0,934.981761393,0.0,0,0
-4.0,0.0,90.0,484.886103059,505.581046758,846.417790779,0.263971951832,0.27523827736,180,208,255,0,505.581046758,0.0,0,0
-4.0,90.0,0.0,448.203793037,468.356268775,613.053637502,0.293017637877,0.306192517095,223,233,255,0,468.356268775,0.0,1,0
-4.0,90.0,0.5,463.205170252,483.988031456,632.394677048,0.293244318016,0.306401459498,224,233,255,0,483.988031456,0.0,1,0
-4.0,90.0,1.0,491.691574439,513.546232094,667.78514765,0.293894099426,0.306957074803,225,234,255,0,513.546232094,0.0,1,0
-4.0,90.0,2.0,525.952394195,548.963885207,709.415822167,0.29476149296,0.307657910052,226,234,255,0,548.963885207,0.0,1,0
-4.0,90.0,3.0,562.086846911,585.840689205,750.361823312,0.29610177401,0.308615062449,228,235,255,0,585.840689205,0.0,1,0
-4.0,90.0,5.0,640.187460426,665.36764977,829.148190082,0.299895287716,0.311690926642,234,238,255,0,665.36764977,0.0,0,0
-4.0,90.0,8.0,751.129195736,782.992162032,951.225119539,0.302223131702,0.315043463429,238,241,255,0,782.992162032,0.0,0,0
-4.0,90.0,12.0,839.770651491,881.420636079,1092.35096007,0.298474512759,0.31327791037,232,239,255,0,881.420636079,0.0,0,0
-4.0,90.0,20.0,891.037434949,939.629790063,1297.11780186,0.284878093378,0.300413801458,211,228,255,0,939.629790063,0.0,0,0
-4.0,90.0,30.0,805.815257228,848.421762102,1280.36306667,0.274591165274,0.289109840264,195,219,255,0,848.421762102,0.0,0,0
-4.0,90.0,45.0,667.946544652,700.97581527,1108.34073599,0.269630846135,0.282963814552,188,214,255,0,700.97581527,0.0,0,0
-4.0,90.0,60.0,554.148015774,579.105543376,952.814045114,0.265642405184,0.277606316398,182,209,255,0,579.105543376,0.0,0,0
-4.0,90.0,90.0,484.886103059,505.581046758,846.417790779,0.263971951832,0.27523827736,180,208,255,0,505.581046758,0.0,0,0
-4.0,180.0,0.0,471.192932414,494.960018657,661.491375558,0.289493794624,0.304095932115,218,231,255,0,494.960018657,0.0,1,0
-4.0,180.0,0.5,495.836942158,521.245837968,695.628675793,0.289504072881,0.304339552449,218,231,255,0,521.245837968,0.0,1,0
-4.0,180.0,1.0,506.530662241,532.834765816,710.937768365,0.289395953385,0.304424265982,217,231,255,0,532.834765816,0.0,1,0
-4.0,180.0,2.0,532.516163064,560.338625317,745.729452482,0.289633812381,0.30476635928,218,232,255,0,560.338625317,0.0,1,0
-4.0,180.0,3.0,560.960456191,589.842269113,780.450419062,0.290464488215,0.305419447903,219,232,255,0,589.842269113,0.0,1,0
-4.0,180.0,5.0,633.561065231,664.896113606,853.862898223,0.294361917627,0.308920648324,225,235,255,0,664.896113606,0.0,0,0
-4.0,180.0,8.0,764.405203249,806.420365173,994.705516573,0.297952033292,0.314328822554,231,240,255,0,806.420365173,0.0,0,0
-4.0,180.0,12.0,932.391351716,994.012259606,1283.48657506,0.290474532641,0.309671733888,219,236,255,0,994.012259606,0.0,0,0
-4.0,180.0,20.0,994.423540794,1065.75013825,1508.00717203,0.278692023274,0.298681648362,201,227,255,0,1065.75013825,0.0,0,0
-4.0,180.0,30.0,902.547078802,963.624880559,1496.84415937,0.268374294662,0.286535908999,185,217,255,0,963.624880559,0.0,0,0
-4.0,180.0,45.0,695.157336606,737.351340193,1240.62133113,0.26005369531,0.275838188942,173,209,255,0,737.351340193,0.0,0,0
-4.0,180.0,60.0,545.061431073,574.44698051,999.271533796,0.257252496778,0.271121586629,169,205,255,0,574.44698051,0.0,0,0
-4.0,180.0,90.0,484.886103058,505.581046757,846.417790777,0.263971951832,0.27523827736,180,208,255,0,505.581046757,0.0,0,0
-3.5,0.0,0.0,1744.1622856,1587.66783408,973.410707228,0.405125370618,0.368775615096,255,185,148,0,1587.66783408,0.0,1,0
-3.5,0.0,0.5,2137.40356122,1847.97926249,1006.03210117,0.42821596549,0.370231545625,255,170,130,0,1847.97926249,0.0,1,0
-3.5,0.0,1.0,3274.92987854,2625.80217268,1069.76340098,0.46982741772,0.376702372262,255,148,100,0,2625.80217268,0.0,1,0
-3.5,0.0,2.0,12652.2174746,9679.16741012,1792.27464129,0.524473389328,0.40123130571,255,134,44,0,9679.16741012,0.0,1,0
-3.5,0.0,3.0,38192.3397583,31000.1701719,5486.28321854,0.511421491268,0.415113432674,255,147,41,0,31000.1701719,0.0,1,0
-3.5,0.0,5.0,31742.1647644,25409.6430707,4404.6247522,0.515659589587,0.412786154146,255,144,39,0,25409.6430707,0.0,0,0
-3.5,0.0,8.0,4774.51818953,4458.63840546,2158.6730793,0.419117764753,0.39138913879,255,189,128,0,4458.63840546,0.0,0,0
-3.5,0.0,12.0,5114.22881336,5001.59480325,2789.23122441,0.396296557927,0.387568659325,255,204,148,0,5001.59480325,0.0,0,0
-3.5,0.0,20.0,4352.45807725,4362.65191769,2939.11374109,0.373466150628,0.37434084127,255,216,172,0,4362.65191769,0.0,0,0
-3.5,0.0,30.0,2800.26131789,2835.67455802,2329.97832136,0.351530439388,0.355976035869,255,226,199,0,2835.67455802,0.0,0,0
-3.5,0.0,45.0,1411.74672047,1444.77810746,1557.11108793,0.319860257479,0.327344197619,255,242,244,0,1444.77810746,0.0,0,0
-3.5,0.0,60.0,799.831571802,825.28742241,1105.73980849,0.292886461582,0.302208016612,223,229,255,0,825.28742241,0.0,0,0
-3.5,0.0,90.0,440.463187847,459.351981029,777.36080975,0.262621927252,0.273884187994,178,207,255,0,459.351981029,0.0,0,0
-3.5,90.0,0.0,400.419919984,418.794324956,559.719952533,0.290383631589,0.303708709033,219,231,255,0,418.794324956,0.0,1,0
-3.5,90.0,0.5,413.747215502,432.701113774,577.300907733,0.290603994543,0.303916660692,219,231,255,0,432.701113774,0.0,1,0
-3.5,90.0,1.0,439.063587145,458.997069374,609.495004283,0.291242040716,0.304464426295,220,231,255,0,458.997069374,0.0,1,0
-3.5,90.0,2.0,469.409258894,490.438646636,647.375669219,0.292062203584,0.305146498808,222,232,255,0,490.438646636,0.0,1,0
-3.5,90.0,3.0,501.239347847,522.990309918,684.532972922,0.293334684903,0.306063756619,224,233,255,0,522.990309918,0.0,1,0
-3.5,90.0,5.0,570.315714904,593.313143597,755.677080066,0.297146850559,0.309129009438,230,235,255,0,593.313143597,0.0,0,0
-3.5,90.0,8.0,670.166526444,699.021462023,865.897662508,0.299839304213,0.312749295186,234,239,255,0,699.021462023,0.0,0,0
-3.5,90.0,12.0,751.767506018,789.428676942,994.445787287,0.296480147765,0.311332864105,229,238,255,0,789.428676942,0.0,0,0
-3.5,90.0,20.0,803.840673836,847.979610832,1185.73546282,0.283286301793,0.298841568692,208,227,255,0,847.979610832,0.0,0,0
-3.5,90.0,30.0,731.398888978,770.282778908,1174.96832649,0.273251598272,0.287778671297,193,217,255,0,770.282778908,0.0,0,0
-3.5,90.0,45.0,605.706123867,635.823613191,1016.16111817,0.268285678911,0.281625631657,186,213,255,0,635.823613191,0.0,0,0
-3.5,90.0,60.0,503.57940562,526.352154162,875.311336545,0.264312443621,0.27626511831,180,208,255,0,526.352154162,0.0,0,0
-3.5,90.0,90.0,440.463187847,459.351981029,777.36080975,0.262621927252,0.273884187994,178,207,255,0,459.351981029,0.0,0,0
-3.5,180.0,0.0,428.132537583,450.601359855,611.895407976,0.287215967128,0.302289347337,214,230,255,0,450.601359855,0.0,1,0
-3.5,180.0,0.5,450.542597756,474.421368862,643.868863088,0.287183305465,0.302404029211,214,230,255,0,474.421368862,0.0,1,0
-3.5,180.0,1.0,460.356595702,485.075205415,658.392688108,0.287036766675,0.302449057658,214,230,255,0,485.075205415,0.0,1,0
-3.5,180.0,2.0,483.81392879,510.049950472,690.980893113,0.287156381836,0.302728155635,214,230,255,0,510.049950472,0.0,1,0
-3.5,180.0,3.0,509.541738191,536.846516269,723.384356928,0.287913675978,0.303342086331,215,230,255,0,536.846516269,0.0,1,0
-3.5,180.0,5.0,574.741139729,604.100554965,790.324941506,0.291870240519,0.306779804136,221,233,255,0,604.100554965,0.0,0,0
-3.5,180.0,8.0,694.176746188,732.904557761,917.946347745,0.296020708194,0.312535571694,228,239,255,0,732.904557761,0.0,0,0
-3.5,180.0,12.0,848.798151445,905.274088117,1179.94986483,0.289295077285,0.308543717773,217,235,255,0,905.274088117,0.0,0,0
-3.5,180.0,20.0,908.401566033,973.995929397,1384.85068407,0.278032618315,0.298108951596,200,226,255,0,973.995929397,0.0,0,0
-3.5,180.0,30.0,827.631422094,884.278060788,1379.26048207,0.267740509735,0.286065816767,184,217,255,0,884.278060788,0.0,0,0
-3.5,180.0,45.0,639.698392434,678.762964581,1145.61106009,0.259610224112,0.275463886478,172,208,255,0,678.762964581,0.0,0,0
-3.5,180.0,60.0,501.804468647,529.057475086,924.288903983,0.256657673874,0.270596755081,168,204,255,0,529.057475086,0.0,0,0
-3.5,180.0,90.0,440.463187864,459.351981046,777.360809782,0.262621927251,0.273884187993,178,207,255,0,459.351981046,0.0,0,0
-3.0,0.0,0.0,1445.28757464,1295.5399298,838.428987923,0.403795474765,0.361957834697,255,182,151,0,1295.5399298,0.0,1,0
-3.0,0.0,0.5,1922.81400382,1611.61495812,868.436330229,0.436718790202,0.366037762042,255,162,126,0,1611.61495812,0.0,1,0
-3.0,0.0,1.0,3191.41080381,2496.69020941,940.940265749,0.481428711861,0.376629154103,255,142,93,0,2496.69020941,0.0,1,0
-3.0,0.0,2.0,11488.3116702,8818.22273906,1649.01244223,0.52325326934,0.40163985888,255,134,44,0,8818.22273906,0.0,1,0
-3.0,0.0,3.0,25797.4570986,20609.7947914,3577.01978587,0.516111493349,0.412325599641,255,143,39,0,20609.7947914,0.0,1,0
-3.0,0.0,5.0,11721.5882492,8998.68590769,1809.13837123,0.520279356356,0.399419465397,255,135,50,0,8998.68590769,0.0,0,0
-3.0,0.0,8.0,3650.74503848,3427.82325628,1764.50970219,0.412836462569,0.387627843773,255,191,135,0,3427.82325628,0.0,0,0
-3.0,0.0,12.0,4155.80058041,4052.88558342,2299.56951361,0.39547958367,0.385685855752,255,204,149,0,4052.88558342,0.0,0,0
-3.0,0.0,20.0,3606.70335841,3603.53282385,2470.91513818,0.372549011892,0.372221516282,255,216,174,0,3603.53282385,0.0,0,0
-3.0,0.0,30.0,2358.90490894,2384.19098333,2014.72388733,0.349063009354,0.352804759684,255,226,203,0,2384.19098333,0.0,0,0
-3.0,0.0,45.0,1225.63736215,1253.88894857,1389.58875513,0.316774596074,0.324076417277,255,244,249,0,1253.88894857,0.0,0,0
-3.0,0.0,60.0,707.473453223,730.180897848,1000.58852624,0.290157088044,0.299470124426,219,227,255,0,730.180897848,0.0,0,0
-3.0,0.0,90.0,400.429858663,417.807455694,713.298360523,0.261456435675,0.272802953628,176,206,255,0,417.807455694,0.0,0,0
-3.0,90.0,0.0,360.677272503,377.565605124,512.589001659,0.288349920142,0.301851600824,216,229,255,0,377.565605124,0.0,1,0
-3.0,90.0,0.5,372.643082647,390.071881335,528.701016458,0.288553872874,0.30204975565,216,229,255,0,390.071881335,0.0,1,0
-3.0,90.0,1.0,395.365006215,413.69799,558.141345041,0.289177699547,0.302586802511,217,230,255,0,413.69799,0.0,1,0
-3.0,90.0,2.0,422.513055803,441.893956057,592.797873939,0.289947597569,0.303247649224,218,230,255,0,441.893956057,0.0,1,0
-3.0,90.0,3.0,450.799697564,470.899049398,626.710334552,0.291137337636,0.304117984724,220,231,255,0,470.899049398,0.0,1,0
-3.0,90.0,5.0,512.165151044,533.41124781,691.288413308,0.294879110601,0.307111551846,226,234,255,0,533.41124781,0.0,0,0
-3.0,90.0,8.0,601.923454073,628.350058976,790.956528214,0.297800567865,0.310875084057,231,237,255,0,628.350058976,0.0,0,0
-3.0,90.0,12.0,676.472972131,710.826552286,907.685117039,0.294761437576,0.309730417993,226,236,255,0,710.826552286,0.0,0,0
-3.0,90.0,20.0,727.516744387,767.89242591,1085.06010594,0.281931953651,0.297578596646,206,226,255,0,767.89242591,0.0,0,0
-3.0,90.0,30.0,665.058070557,700.782196902,1078.21528089,0.272112502111,0.286729242867,191,217,255,0,700.782196902,0.0,0,0
-3.0,90.0,45.0,549.709749916,577.339869164,930.78771711,0.267129835895,0.280556611065,184,212,255,0,577.339869164,0.0,0,0
-3.0,90.0,60.0,459.244085716,480.516251615,807.920923172,0.262773364969,0.274945015704,178,207,255,0,480.516251615,0.0,0,0
-3.0,90.0,90.0,400.429858663,417.807455694,713.298360523,0.261456435675,0.272802953628,176,206,255,0,417.807455694,0.0,0,0
-3.0,180.0,0.0,389.526389294,410.851470385,563.541594019,0.285593396471,0.301228543424,212,229,255,0,410.851470385,0.0,1,0
-3.0,180.0,0.5,410.647094859,433.19675182,594.201774974,0.285559156592,0.30123992264,212,229,255,0,433.19675182,0.0,1,0
-3.0,180.0,1.0,419.873038225,443.141560221,607.958735619,0.285438918912,0.301257371537,211,229,255,0,443.141560221,0.0,1,0
-3.0,180.0,2.0,441.373558101,466.126038708,638.564992521,0.285481965726,0.301491957015,211,229,255,0,466.126038708,0.0,1,0
-3.0,180.0,3.0,464.59809218,490.421157875,668.698223452,0.286132347382,0.302036016657,212,229,255,0,490.421157875,0.0,1,0
-3.0,180.0,5.0,523.289464045,550.947092094,730.214916723,0.28999918918,0.305326632708,218,232,255,0,550.947092094,0.0,0,0
-3.0,180.0,8.0,631.683823247,667.53559328,845.625480041,0.294512588886,0.311227909462,225,238,255,0,667.53559328,0.0,0,0
-3.0,180.0,12.0,772.881503533,824.746607048,1080.87727512,0.288549542465,0.307912991869,216,235,255,0,824.746607048,0.0,0,0
-3.0,180.0,20.0,829.189432552,889.595702888,1268.07824058,0.277612106134,0.297836087861,199,226,255,0,889.595702888,0.0,0,0
-3.0,180.0,30.0,758.073779791,810.688974368,1266.83437098,0.267341849472,0.285897092778,183,216,255,0,810.688974368,0.0,0,0
-3.0,180.0,45.0,587.601522969,623.84868287,1054.44862435,0.259323812317,0.275320625333,172,208,255,0,623.84868287,0.0,0,0
-3.0,180.0,60.0,461.553933378,486.940340258,852.95510085,0.256212547472,0.270304759687,167,204,255,0,486.940340258,0.0,0,0
-3.0,180.0,90.0,400.429858663,417.807455694,713.298360523,0.261456435675,0.272802953628,176,206,255,0,417.807455694,0.0,0,0
-2.5,0.0,0.0,1235.16550397,1094.17084741,733.148869806,0.403321294557,0.357282000853,255,179,153,0,1094.17084741,0.0,1,0
-2.5,0.0,0.5,1692.9514932,1403.93304491,763.614385874,0.438531787351,0.363666218423,255,159,126,0,1403.93304491,0.0,1,0
-2.5,0.0,1.0,2763.64496762,2161.09903568,829.413650984,0.480286626413,0.375571745774,255,142,94,0,2161.09903568,0.0,1,0
-2.5,0.0,2.0,8122.94203006,6219.41984237,1281.53165968,0.519905106455,0.398071058894,255,134,51,0,6219.41984237,0.0,1,0
-2.5,0.0,3.0,13238.5653806,10267.7623111,1847.99966908,0.522142243896,0.40497080301,255,137,42,0,10267.7623111,0.0,1,0
-2.5,0.0,5.0,4277.38510605,3350.08761265,1150.95125819,0.48726116639,0.381627456303,255,142,87,0,3350.08761265,0.0,0,0
-2.5,0.0,8.0,2843.42823701,2680.36314927,1462.24553958,0.407015918637,0.383674346087,255,193,141,0,2680.36314927,0.0,0,0
-2.5,0.0,12.0,3367.4857552,3275.89659595,1901.16461072,0.394109339,0.383390320232,255,204,151,0,3275.89659595,0.0,0,0
-2.5,0.0,20.0,2974.51207139,2963.88959847,2079.04558457,0.371004881853,0.369679962264,255,215,176,0,2963.88959847,0.0,0,0
-2.5,0.0,30.0,1982.72687992,2001.49870467,1743.00734492,0.346192813235,0.349470456204,255,227,207,0,2001.49870467,0.0,0,0
-2.5,0.0,45.0,1063.20579714,1088.04291281,1237.0362688,0.313788776271,0.321119067503,255,246,254,0,1088.04291281,0.0,0,0
-2.5,0.0,60.0,624.48059673,645.071257339,900.67732934,0.287748686408,0.297236468052,215,225,255,0,645.071257339,0.0,0,0
-2.5,0.0,90.0,362.485736772,378.642245554,649.502733666,0.260662829178,0.272280945041,175,205,255,0,378.642245554,0.0,0,0
-2.5,90.0,0.0,325.46213148,341.10082479,466.856374762,0.287150679867,0.300948479924,214,228,255,0,341.10082479,0.0,1,0
-2.5,90.0,0.5,336.254257691,352.398647998,481.551621668,0.287346570476,0.301142782957,214,228,255,0,352.398647998,0.0,1,0
-2.5,90.0,1.0,356.720987303,373.705062269,508.353340874,0.287961674253,0.301672004839,215,229,255,0,373.705062269,0.0,1,0
-2.5,90.0,2.0,381.088362105,399.074463111,539.888080456,0.288692171239,0.302317479876,216,229,255,0,399.074463111,0.0,1,0
-2.5,90.0,3.0,406.289826064,424.994987638,570.670493186,0.289802266925,0.303144462273,218,230,255,0,424.994987638,0.0,1,0
-2.5,90.0,5.0,460.779090086,480.578009856,628.997217893,0.293423646405,0.306031577968,224,233,255,0,480.578009856,0.0,0,0
-2.5,90.0,8.0,541.077408781,565.488353366,718.573392701,0.296458167227,0.309833007452,229,236,255,0,565.488353366,0.0,0,0
-2.5,90.0,12.0,608.534413908,640.08188762,823.70506249,0.293648670749,0.308871924371,224,235,255,0,640.08188762,0.0,0,0
-2.5,90.0,20.0,657.151729678,694.315844444,986.271817233,0.281105640821,0.297003099238,205,225,255,0,694.315844444,0.0,0,0
-2.5,90.0,30.0,602.79532488,635.847241439,982.072721768,0.27144196652,0.286325421746,190,216,255,0,635.847241439,0.0,0,0
-2.5,90.0,45.0,496.371191222,521.866283779,845.062306839,0.266393629227,0.280076393968,183,211,255,0,521.866283779,0.0,0,0
-2.5,90.0,60.0,416.075966813,435.805258191,735.629130135,0.26209338759,0.274521206605,177,207,255,0,435.805258191,0.0,0,0
-2.5,90.0,90.0,362.485736763,378.642245544,649.502733644,0.260662829179,0.272280945043,175,205,255,0,378.642245544,0.0,0,0
-2.5,180.0,0.0,352.853399522,372.95208712,512.5060976,0.284947184547,0.301177903741,211,229,255,0,372.95208712,0.0,1,0
-2.5,180.0,0.5,373.19239191,394.441428605,542.702116341,0.284806652564,0.301023132702,210,229,255,0,394.441428605,0.0,1,0
-2.5,180.0,1.0,382.122958627,403.997952736,555.926623283,0.284731314475,0.301031030799,210,229,255,0,403.997952736,0.0,1,0
-2.5,180.0,2.0,402.085825429,425.34466279,584.734238192,0.284730115339,0.3012004583,210,229,255,0,425.34466279,0.0,1,0
-2.5,180.0,3.0,423.127384391,447.462089431,612.794912185,0.285244599028,0.301649453541,211,229,255,0,447.462089431,0.0,1,0
-2.5,180.0,5.0,475.655090263,501.664534678,668.991639743,0.288921724869,0.304720343862,217,232,255,0,501.664534678,0.0,0,0
-2.5,180.0,8.0,573.02029919,606.155238809,772.197365067,0.293649818694,0.310630140378,224,237,255,0,606.155238809,0.0,0,0
-2.5,180.0,12.0,674.069297801,719.281135104,919.884009334,0.291396879405,0.310941736804,220,237,255,0,719.281135104,0.0,0,0
-2.5,180.0,20.0,752.58511481,808.083024432,1149.77032162,0.277661760515,0.298137381129,199,226,255,0,808.083024432,0.0,0,0
-2.5,180.0,30.0,690.225659678,739.03667894,1152.0210178,0.267396315852,0.286305909462,183,217,255,0,739.03667894,0.0,0,0
-2.5,180.0,45.0,536.333759672,570.03862157,961.194910975,0.259403290858,0.275704990941,172,209,255,0,570.03862157,0.0,0,0
-2.5,180.0,60.0,422.063396587,445.828724588,779.975376618,0.256127023048,0.270548891331,167,205,255,0,445.828724588,0.0,0,0
-2.5,180.0,90.0,362.485736764,378.642245545,649.502733634,0.260662829181,0.272280945045,175,205,255,0,378.642245545,0.0,0,0
-2.0,0.0,0.0,1032.02917883,918.927281821,641.339682317,0.398113919826,0.354483913543,255,182,158,0,918.927281821,0.0,1,0
-2.0,0.0,0.5,1344.09739867,1133.31171914,664.712064226,0.427767524166,0.360683644418,255,164,134,0,1133.31171914,0.0,1,0
-2.0,0.0,1.0,2005.70888547,1606.72798028,723.988177983,0.462525897541,0.370519025251,255,149,108,0,1606.72798028,0.0,1,0
-2.0,0.0,2.0,4422.27137783,3386.70201917,913.205176101,0.507014542384,0.388286251054,255,135,69,0,3386.70201917,0.0,1,0
-2.0,0.0,3.0,5325.1581792,4041.25116362,996.960989543,0.513844242599,0.389955297747,255,133,63,0,4041.25116362,0.0,1,0
-2.0,0.0,5.0,1978.04919799,1697.27534124,921.841529434,0.430275776086,0.369200354282,255,168,129,0,1697.27534124,0.0,0,0
-2.0,0.0,8.0,2240.28287611,2119.16831647,1214.02722699,0.401954167123,0.38022365154,255,195,146,0,2119.16831647,0.0,0,0
-2.0,0.0,12.0,2716.00795842,2636.07326899,1565.23163255,0.392639166885,0.381083423919,255,203,153,0,2636.07326899,0.0,0,0
-2.0,0.0,20.0,2435.90527919,2421.606891,1738.27654725,0.369312205643,0.367144399971,255,215,178,0,2421.606891,0.0,0,0
-2.0,0.0,30.0,1650.11790998,1664.37329968,1491.61905798,0.343337505402,0.346303602498,255,228,211,0,1664.37329968,0.0,0,0
-2.0,0.0,45.0,916.010634718,938.083259404,1087.61855351,0.311386871091,0.318890196137,252,244,255,0,938.083259404,0.0,0,0
-2.0,0.0,60.0,545.657148058,564.36267034,798.11804471,0.285963167865,0.295766192397,213,224,255,0,564.36267034,0.0,0,0
-2.0,0.0,90.0,324.527765594,339.580689847,581.902084628,0.260453467413,0.272534363817,174,206,255,0,339.580689847,0.0,0,0
-2.0,90.0,0.0,291.035363506,305.36649167,417.126983131,0.287150550143,0.301290382798,214,229,255,0,305.36649167,0.0,1,0
-2.0,90.0,0.5,300.615366964,315.406961792,430.143219943,0.287349709936,0.301488576243,214,229,255,0,315.406961792,0.0,1,0
-2.0,90.0,1.0,318.91133156,334.471608679,454.090841589,0.287962872614,0.30201311685,215,229,255,0,334.471608679,0.0,1,0
-2.0,90.0,2.0,340.661553202,357.159920368,482.265571989,0.288674936721,0.302655572495,216,230,255,0,357.159920368,0.0,1,0
-2.0,90.0,3.0,363.045650847,380.247969742,509.778966417,0.289724358039,0.303452468504,218,230,255,0,380.247969742,0.0,1,0
-2.0,90.0,5.0,411.224238735,429.470866319,561.743948682,0.293220755397,0.306231393924,223,233,255,0,429.470866319,0.0,0,0
-2.0,90.0,8.0,482.532229965,504.882010497,641.186911506,0.296286312571,0.310009611553,228,236,255,0,504.882010497,0.0,0,0
-2.0,90.0,12.0,542.963121247,571.734784237,734.674909372,0.293593112695,0.309150637256,224,236,255,0,571.734784237,0.0,0,0
-2.0,90.0,20.0,588.23055869,622.301619115,881.433659161,0.281185547247,0.297472170969,205,226,255,0,622.301619115,0.0,0,0
-2.0,90.0,30.0,540.945971661,571.467180049,879.518020227,0.271568606025,0.28689102721,190,217,255,0,571.467180049,0.0,0,0
-2.0,90.0,45.0,443.427904925,466.927030379,754.373142346,0.266366568137,0.28048246236,183,212,255,0,466.927030379,0.0,0,0
-2.0,90.0,60.0,373.078632348,391.40991911,659.101976978,0.262068779537,0.2749455769,177,208,255,0,391.40991911,0.0,0,0
-2.0,90.0,90.0,324.527765575,339.580689824,581.902084611,0.26045346741,0.272534363812,174,206,255,0,339.580689824,0.0,0,0
-2.0,180.0,0.0,315.935314881,334.310809621,456.39389562,0.285490592366,0.302095354896,211,229,255,0,334.310809621,0.0,1,0
-2.0,180.0,0.5,335.535661767,355.130965026,485.814546681,0.285202746403,0.301858604314,211,229,255,0,355.130965026,0.0,1,0
-2.0,180.0,1.0,343.975488052,364.137072438,498.192025738,0.285148122605,0.301861633119,211,229,255,0,364.137072438,0.0,1,0
-2.0,180.0,2.0,362.30841891,383.722386172,524.574580295,0.285146295679,0.301999653542,211,229,255,0,383.722386172,0.0,1,0
-2.0,180.0,3.0,381.160230084,403.607515008,550.035346826,0.285555399438,0.302372325515,211,230,255,0,403.607515008,0.0,1,0
-2.0,180.0,5.0,427.419559137,451.357241066,600.125883033,0.289011281122,0.305197391406,217,232,255,0,451.357241066,0.0,0,0
-2.0,180.0,8.0,513.530267678,543.557146338,690.509937078,0.293849305366,0.31103111137,224,237,255,0,543.557146338,0.0,0,0
-2.0,180.0,12.0,604.109322083,644.87707199,820.553583174,0.291905123228,0.31160406616,221,238,255,0,644.87707199,0.0,0,0
-2.0,180.0,20.0,674.817710048,725.172554938,1023.18571416,0.27848481326,0.299265328305,200,227,255,0,725.172554938,0.0,0,0
-2.0,180.0,30.0,621.072218982,665.909763168,1029.07073127,0.268159794198,0.287519260382,185,218,255,0,665.909763168,0.0,0,0
-2.0,180.0,45.0,483.760240532,514.929287497,861.294730127,0.260088352044,0.276846046002,173,209,255,0,514.929287497,0.0,0,0
-2.0,180.0,60.0,382.018755445,404.257510436,702.289156389,0.256635516135,0.271575239078,168,205,255,0,404.257510436,0.0,0,0
-2.0,180.0,90.0,324.527765575,339.580689824,581.902084611,0.26045346741,0.272534363812,174,206,255,0,339.580689824,0.0,0,0
-1.5,0.0,0.0,809.568150893,738.852409498,549.883217564,0.385820279884,0.352118895872,255,190,168,0,738.852409498,0.0,1,0
-1.5,0.0,0.5,965.521631981,851.524476973,575.662363374,0.403526649045,0.355883086812,255,178,153,0,851.524476973,0.0,1,0
-1.5,0.0,1.0,1222.16218754,1029.20801911,591.974153542,0.429832631126,0.361970935888,255,164,132,0,1029.20801911,0.0,1,0
-1.5,0.0,2.0,1979.04319322,1565.94466412,664.726674748,0.470113395607,0.371983575652,255,145,103,0,1565.94466412,0.0,1,0
-1.5,0.0,3.0,1958.96874064,1549.47070423,691.947092758,0.466378206647,0.368887646493,255,146,106,0,1549.47070423,0.0,1,0
-1.5,0.0,5.0,1265.9727025,1165.1956167,765.131346348,0.396074472037,0.364545173676,255,190,156,0,1165.1956167,0.0,0,0
-1.5,0.0,8.0,1772.78331756,1678.97508895,994.69707346,0.398695843362,0.377598538097,255,196,149,0,1678.97508895,0.0,0,0
-1.5,0.0,12.0,2173.42471477,2102.85982051,1270.39586814,0.391842427666,0.37912042295,255,203,155,0,2102.85982051,0.0,0,0
-1.5,0.0,20.0,1975.18933181,1957.92080762,1432.00964491,0.368153817846,0.364935152676,255,215,180,0,1957.92080762,0.0,0,0
-1.5,0.0,30.0,1358.20450089,1367.92212438,1254.09407142,0.341238490122,0.343679968681,255,228,214,0,1367.92212438,0.0,0,0
-1.5,0.0,45.0,780.461908724,799.215750973,937.944116593,0.309999665587,0.317448696424,250,243,255,0,799.215750973,0.0,0,0
-1.5,0.0,60.0,470.837804273,487.314614556,693.505625288,0.28506978545,0.29504570652,211,223,255,0,487.314614556,0.0,0,0
-1.5,0.0,90.0,285.945651159,299.626991299,510.356877068,0.260916095483,0.273399872857,175,206,255,0,299.626991299,0.0,0,0
-1.5,90.0,0.0,255.24449161,267.706834405,362.33948722,0.288317113195,0.30239423069,216,230,255,0,267.706834405,0.0,1,0
-1.5,90.0,0.5,263.560804849,276.423526678,373.603142313,0.288489950219,0.30256930463,216,230,255,0,276.423526678,0.0,1,0
-1.5,90.0,1.0,279.829301734,293.359351968,394.63267087,0.289133225968,0.30311313103,217,230,255,0,293.359351968,0.0,1,0
-1.5,90.0,2.0,298.925766711,313.279101015,419.166198913,0.289833384298,0.303750135279,218,231,255,0,313.279101015,0.0,1,0
-1.5,90.0,3.0,318.452460089,333.437034109,443.071963921,0.290834401273,0.304519425443,220,231,255,0,333.437034109,0.0,1,0
-1.5,90.0,5.0,360.278795614,376.167902035,488.036777338,0.294229201924,0.307205372485,225,234,255,0,376.167902035,0.0,0,0
-1.5,90.0,8.0,422.521855568,441.945926076,556.67314974,0.29731172063,0.310979661705,230,237,255,0,441.945926076,0.0,0,0
-1.5,90.0,12.0,475.827355922,500.956395911,638.087465553,0.294653437871,0.310214455814,226,237,255,0,500.956395911,0.0,0,0
-1.5,90.0,20.0,517.113455017,547.267687155,768.021604197,0.282205129872,0.298661245864,206,227,255,0,547.267687155,0.0,0,0
-1.5,90.0,30.0,476.675158157,503.972922032,768.578563019,0.272506230115,0.288111848735,192,218,255,0,503.972922032,0.0,0,0
-1.5,90.0,45.0,389.095096972,410.103830449,657.70274752,0.267070251661,0.281490396712,184,213,255,0,410.103830449,0.0,0,0
-1.5,90.0,60.0,329.037202859,345.621481929,577.667255159,0.262740866705,0.275983648429,177,208,255,0,345.621481929,0.0,0,0
-1.5,90.0,90.0,285.945651148,299.626991289,510.356877043,0.260916095484,0.27339987286,175,206,255,0,299.626991289,0.0,0,0
-1.5,180.0,0.0,274.522368104,290.21180714,392.090057823,0.286909924118,0.303307333898,214,231,255,0,290.21180714,0.0,1,0
-1.5,180.0,0.5,294.86567874,311.909270984,421.913634481,0.286642316506,0.303210588484,213,230,255,0,311.909270984,0.0,1,0
-1.5,180.0,1.0,302.5789662,320.142548547,433.097919667,0.286582114647,0.303217139326,213,230,255,0,320.142548547,0.0,1,0
-1.5,180.0,2.0,318.943140075,337.606084261,456.486213441,0.28655254743,0.303320157474,213,231,255,0,337.606084261,0.0,1,0
-1.5,180.0,3.0,335.400084628,354.981592276,478.81366264,0.286864028007,0.303611877562,213,231,255,0,354.981592276,0.0,1,0
-1.5,180.0,5.0,375.211213282,396.030533032,522.06859106,0.290116921236,0.306214619638,219,233,255,0,396.030533032,0.0,0,0
-1.5,180.0,8.0,449.935079166,475.78976774,599.22413636,0.295049266633,0.312003727968,226,238,255,0,475.78976774,0.0,0,0
-1.5,180.0,12.0,529.865350027,565.101163322,711.482404143,0.293318756427,0.312824325034,223,239,255,0,565.101163322,0.0,0,0
-1.5,180.0,20.0,593.262534667,637.443727703,887.809979988,0.280036811994,0.300891593351,203,229,255,0,637.443727703,0.0,0,0
-1.5,180.0,30.0,548.591318716,588.563982699,897.799120976,0.269584081432,0.289227108098,187,219,255,0,588.563982699,0.0,0,0
-1.5,180.0,45.0,428.651261731,456.724256038,754.752804955,0.261352270912,0.27846861109,175,211,255,0,456.724256038,0.0,0,0
-1.5,180.0,60.0,340.346689898,360.672626905,619.290571325,0.257777884539,0.27317270752,170,207,255,0,360.672626905,0.0,0,0
-1.5,180.0,90.0,285.945651148,299.626991288,510.356877041,0.260916095484,0.27339987286,175,206,255,0,299.626991288,0.0,0,0
-1.0,0.0,0.0,603.552671851,568.984276757,461.285012471,0.369411530894,0.34825353699,255,202,183,0,568.984276757,0.0,1,0
-1.0,0.0,0.5,637.435381978,590.862143994,462.598188748,0.376980896237,0.349437365563,255,196,176,0,590.862143994,0.0,1,0
-1.0,0.0,1.0,722.154456164,653.050694019,482.074628193,0.388823732736,0.35161675781,255,187,166,0,653.050694019,0.0,1,0
-1.0,0.0,2.0,900.613498017,777.740526086,513.247774102,0.410938473748,0.354873100909,255,172,148,0,777.740526086,0.0,1,0
-1.0,0.0,3.0,881.391792368,776.334119825,540.910795645,0.400881050164,0.353097952498,255,179,156,0,776.334119825,0.0,1,0
-1.0,0.0,5.0,929.462770332,873.047380846,616.182642401,0.384283102343,0.360958358649,255,197,167,0,873.047380846,0.0,0,0
-1.0,0.0,8.0,1374.24422337,1296.68389855,790.016086513,0.397072053349,0.374661890068,255,195,152,0,1296.68389855,0.0,0,0
-1.0,0.0,12.0,1698.57712422,1633.67400088,1003.94130512,0.391720882215,0.376753113975,255,201,155,0,1633.67400088,0.0,0,0
-1.0,0.0,20.0,1564.55930176,1543.04358926,1152.89413345,0.367224596749,0.362174549213,255,214,182,0,1543.04358926,0.0,0,0
-1.0,0.0,30.0,1093.09865239,1097.11199227,1031.37736308,0.339304296442,0.340550060912,255,228,217,0,1097.11199227,0.0,0,0
-1.0,0.0,45.0,646.958740514,661.1986157,789.922770863,0.308357498918,0.315144596799,247,241,255,0,661.1986157,0.0,0,0
-1.0,0.0,60.0,395.881264163,409.463484666,589.406085879,0.283836549376,0.293574647511,209,222,255,0,409.463484666,0.0,0,0
-1.0,0.0,90.0,246.174859558,258.025689882,438.162631744,0.261231406822,0.273807057654,175,207,255,0,258.025689882,0.0,0,0
-1.0,90.0,0.0,215.156062704,225.200558639,305.075582024,0.28863263719,0.302107364857,216,229,255,0,225.200558639,0.0,1,0
-1.0,90.0,0.5,222.169593386,232.536104605,314.549182916,0.288811418556,0.302287460732,217,229,255,0,232.536104605,0.0,1,0
-1.0,90.0,1.0,235.871784697,246.765338091,332.241585745,0.28945631077,0.302824623477,218,230,255,0,246.765338091,0.0,1,0
-1.0,90.0,2.0,251.95697186,263.512073938,352.878056345,0.290156978976,0.303463987255,219,230,255,0,263.512073938,0.0,1,0
-1.0,90.0,3.0,268.334290819,280.394446444,372.951300374,0.291136055748,0.30422102573,220,231,255,0,280.394446444,0.0,1,0
-1.0,90.0,5.0,303.444580196,316.170714213,410.587958609,0.294548264439,0.306901296698,226,233,255,0,316.170714213,0.0,0,0
-1.0,90.0,8.0,356.480951688,372.066660185,468.254014437,0.297861353002,0.310884153235,231,237,255,0,372.066660185,0.0,0,0
-1.0,90.0,12.0,402.893702128,423.388475966,537.729689338,0.295374044572,0.310399407861,227,237,255,0,423.388475966,0.0,0,0
-1.0,90.0,20.0,440.728871399,465.904896659,651.01028206,0.282945818954,0.299108706269,207,227,255,0,465.904896659,0.0,0,0
-1.0,90.0,30.0,408.151837606,431.266245145,654.522550561,0.273204857345,0.288676963146,193,218,255,0,431.266245145,0.0,0,0
-1.0,90.0,45.0,332.108467833,349.893447553,559.306327681,0.26754713802,0.281874747475,184,213,255,0,349.893447553,0.0,0,0
-1.0,90.0,60.0,283.397521927,297.68467668,495.317944964,0.263282686852,0.276555775711,178,209,255,0,297.68467668,0.0,0,0
-1.0,90.0,90.0,246.174859562,258.025689886,438.162631746,0.261231406824,0.273807057656,175,207,255,0,258.025689886,0.0,0,0
-1.0,180.0,0.0,226.159310273,238.493839685,321.319148,0.287744632808,0.30343797142,215,231,255,0,238.493839685,0.0,1,0
-1.0,180.0,0.5,248.748444561,262.523616859,353.858185158,0.287527162002,0.303449819143,215,231,255,0,262.523616859,0.0,1,0
-1.0,180.0,1.0,255.633320425,269.863774379,363.776173613,0.287463178647,0.303465519502,214,231,255,0,269.863774379,0.0,1,0
-1.0,180.0,2.0,269.602836277,284.752549811,383.731026704,0.287396590123,0.303546182877,214,231,255,0,284.752549811,0.0,1,0
-1.0,180.0,3.0,283.522222898,299.431558411,402.703037923,0.287648010308,0.303788856901,215,231,255,0,299.431558411,0.0,1,0
-1.0,180.0,5.0,317.088998803,333.926431828,439.084534412,0.290880661381,0.306326431094,220,233,255,0,333.926431828,0.0,0,0
-1.0,180.0,8.0,381.321533866,402.184924805,503.961669265,0.29617939706,0.312384373701,228,239,255,0,402.184924805,0.0,0,0
-1.0,180.0,12.0,451.224123238,480.102214843,599.539676561,0.294750891928,0.313614784214,226,240,255,0,480.102214843,0.0,0,0
-1.0,180.0,20.0,508.046237869,545.123232334,750.883634018,0.28161379323,0.302165845927,205,230,255,0,545.123232334,0.0,0,0
-1.0,180.0,30.0,472.889865054,507.056471747,764.676295988,0.27105567483,0.290639627285,189,220,255,0,507.056471747,0.0,0,0
-1.0,180.0,45.0,371.539692546,395.84681014,647.263610177,0.262637163188,0.279819586865,177,212,255,0,395.84681014,0.0,0,0
-1.0,180.0,60.0,296.321159855,314.103996505,534.037334016,0.258917319132,0.274455475078,171,207,255,0,314.103996505,0.0,0,0
-1.0,180.0,90.0,246.174859562,258.025689887,438.162631751,0.261231406822,0.273807057655,175,207,255,0,258.025689887,0.0,0,0
-0.5,0.0,0.0,424.515396117,410.654167799,365.975560954,0.353425566426,0.341885555123,255,213,201,0,410.654167799,0.0,1,0
-0.5,0.0,0.5,431.521546413,415.822748228,371.234844781,0.354118606214,0.341235734944,255,212,200,0,415.822748228,0.0,1,0
-0.5,0.0,1.0,451.572629807,431.303621634,379.269047414,0.357781810237,0.341722638452,255,208,196,0,431.303621634,0.0,1,0
-0.5,0.0,2.0,502.818175022,471.585229686,401.569448006,0.365427394901,0.342728585637,255,202,188,0,471.585229686,0.0,1,0
-0.5,0.0,3.0,526.6216252,498.314957608,424.649552517,0.363291019669,0.343763606359,255,204,190,0,498.314957608,0.0,1,0
-0.5,0.0,5.0,679.993699161,640.560040983,482.580826633,0.377117555001,0.355248051247,255,200,175,0,640.560040983,0.0,0,0
-0.5,0.0,8.0,1031.67729471,968.282225304,613.270145616,0.394790135853,0.370530856143,255,195,155,0,968.282225304,0.0,0,0
-0.5,0.0,12.0,1292.29501012,1235.01356771,779.813387422,0.390761218878,0.373440586917,255,200,157,0,1235.01356771,0.0,0,0
-0.5,0.0,20.0,1210.75672858,1188.29223593,915.915225668,0.36523976101,0.358463068607,255,213,185,0,1188.29223593,0.0,0,0
-0.5,0.0,30.0,858.711132926,859.41983004,836.45750265,0.336144605867,0.336422027112,255,229,221,0,859.41983004,0.0,0,0
-0.5,0.0,45.0,479.061277414,489.492429216,622.555741962,0.301086312973,0.307642211319,236,234,255,0,489.492429216,0.0,0,0
-0.5,0.0,60.0,324.875785916,336.152272823,492.403936452,0.281660112837,0.291436577297,206,220,255,0,336.152272823,0.0,0,0
-0.5,0.0,90.0,207.615794891,217.767819569,369.29333903,0.261258104919,0.274033138387,175,207,255,0,217.767819569,0.0,0,0
-0.5,90.0,0.0,173.292789649,181.353725618,249.314324039,0.286927195227,0.300273981052,214,228,255,0,181.353725618,0.0,1,0
-0.5,90.0,0.5,178.961597569,187.279161517,257.084656276,0.287107814247,0.300451669227,214,228,255,0,187.279161517,0.0,1,0
-0.5,90.0,1.0,189.949045615,198.689353209,271.530734387,0.287727850424,0.300967347932,215,228,255,0,198.689353209,0.0,1,0
-0.5,90.0,2.0,202.866583083,212.137033513,288.357986252,0.2884243073,0.301604512749,216,229,255,0,212.137033513,0.0,1,0
-0.5,90.0,3.0,215.981667243,225.653748931,304.684693964,0.289395480986,0.302355176908,218,229,255,0,225.653748931,0.0,1,0
-0.5,90.0,5.0,244.417039469,254.552608744,335.268156932,0.292982454118,0.305131950595,223,232,255,0,254.552608744,0.0,0,0
-0.5,90.0,8.0,288.760984148,301.12955977,382.720289835,0.296892625629,0.309609506001,229,236,255,0,301.12955977,0.0,0,0
-0.5,90.0,12.0,329.07428258,345.566228992,441.363389627,0.294868398064,0.309646076166,226,236,255,0,345.566228992,0.0,0,0
-0.5,90.0,20.0,364.188293155,384.887723171,538.864278923,0.282767993593,0.298839724629,207,227,255,0,384.887723171,0.0,0,0
-0.5,90.0,30.0,339.887260427,359.147992118,545.078263461,0.273196341053,0.288677831643,193,218,255,0,359.147992118,0.0,0,0
-0.5,90.0,45.0,277.093837686,291.990091542,467.091111773,0.267419911426,0.281796105859,184,213,255,0,291.990091542,0.0,0,0
-0.5,90.0,60.0,238.788601944,250.948869603,416.782252326,0.26341247262,0.276826706573,178,209,255,0,250.948869603,0.0,0,0
-0.5,90.0,90.0,207.615794888,217.767819566,369.293339033,0.261258104916,0.274033138385,175,207,255,0,217.767819566,0.0,0,0
-0.5,180.0,0.0,184.728841193,194.565320464,265.071043699,0.286683451647,0.301948830953,213,229,255,0,194.565320464,0.0,1,0
-0.5,180.0,0.5,197.337431174,207.892305961,282.187236945,0.287070931639,0.302425331058,214,230,255,0,207.892305961,0.0,1,0
-0.5,180.0,1.0,207.274231259,218.492341642,296.848820086,0.286838937104,0.302363254038,214,230,255,0,218.492341642,0.0,1,0
-0.5,180.0,2.0,218.759867369,230.717349454,313.372319401,0.286766730504,0.302441488784,213,230,255,0,230.717349454,0.0,1,0
-0.5,180.0,3.0,230.126998565,242.672357079,328.978631685,0.287020848915,0.302667772019,214,230,255,0,242.672357079,0.0,1,0
-0.5,180.0,5.0,258.043772391,271.180649037,358.827066396,0.290572985833,0.305365908121,219,232,255,0,271.180649037,0.0,0,0
-0.5,180.0,8.0,313.653934633,329.98588818,413.388288996,0.29673187603,0.312182698353,229,238,255,0,329.98588818,0.0,0,0
-0.5,180.0,12.0,376.122276058,399.342803237,496.426932978,0.295718718593,0.313975399942,227,240,255,0,399.342803237,0.0,0,0
-0.5,180.0,20.0,427.908519211,458.487367206,626.576438374,0.282826402175,0.303037510795,207,231,255,0,458.487367206,0.0,0,0
-0.5,180.0,30.0,400.879234893,429.526390512,641.99565712,0.272262215233,0.291718294198,191,221,255,0,429.526390512,0.0,0,0
-0.5,180.0,45.0,326.55925777,348.371724609,560.141532349,0.264404926736,0.282065806222,179,213,255,0,348.371724609,0.0,0,0
-0.5,180.0,60.0,253.210339336,268.473978794,452.534034414,0.259911280336,0.275578855698,173,208,255,0,268.473978794,0.0,0,0
-0.5,180.0,90.0,207.615794897,217.767819576,369.293339042,0.261258104918,0.274033138387,175,207,255,0,217.767819576,0.0,0,0
0.0,0.0,0.0,300.841197898,295.749788675,289.861530781,0.339376550924,0.333632972872,255,222,218,0,295.749788675,0.0,1,0
0.0,0.0,0.5,297.129194226,292.046288522,289.795619895,0.338042050907,0.332259260451,255,223,220,0,292.046288522,0.0,1,0
0.0,0.0,1.0,305.097350067,299.120758745,295.716419646,0.339021718157,0.332380578016,255,222,218,0,299.120758745,0.0,1,0
0.0,0.0,2.0,329.597738046,320.908199986,312.661359836,0.342201960942,0.333180124259,255,219,215,0,320.908199986,0.0,1,0
0.0,0.0,3.0,357.440470291,346.803409453,330.353467613,0.345487518602,0.335206165316,255,217,210,0,346.803409453,0.0,1,0
0.0,0.0,5.0,492.305120305,463.24643621,373.903752618,0.370305881607,0.348448295349,255,201,183,0,463.24643621,0.0,0,0
0.0,0.0,8.0,773.188626025,721.155170915,474.246613789,0.392762568491,0.36633073441,255,194,158,0,721.155170915,0.0,0,0
0.0,0.0,12.0,990.200935609,940.293927126,608.038425291,0.390068131184,0.370408350192,255,199,159,0,940.293927126,0.0,0,0
0.0,0.0,20.0,947.310580678,925.697119392,733.399528806,0.363454555444,0.355162120921,255,213,187,0,925.697119392,0.0,0,0
0.0,0.0,30.0,680.570857474,679.660567259,682.977468294,0.333089220489,0.332643700592,255,229,226,0,679.660567259,0.0,0,0
0.0,0.0,45.0,390.673299003,399.193460167,519.971515975,0.298260713873,0.30476545673,231,231,255,0,399.193460167,0.0,0,0
0.0,0.0,60.0,267.70235446,277.204441892,413.842703302,0.279220332898,0.289131250647,202,218,255,0,277.204441892,0.0,0,0
0.0,0.0,90.0,176.566621474,185.250026805,314.598912145,0.261032761227,0.273870143804,175,207,255,0,185.250026805,0.0,0,0
0.0,90.0,0.0,135.713056114,142.039683551,200.725630206,0.283634673288,0.296857062921,209,225,255,0,142.039683551,0.0,1,0
0.0,90.0,0.5,140.145222028,146.671969429,206.965206358,0.283819801289,0.297037662902,209,225,255,0,146.671969429,0.0,1,0
0.0,90.0,1.0,148.707051103,155.571966126,218.595224045,0.284403092302,0.297532281848,210,225,255,0,155.571966126,0.0,1,0
0.0,90.0,2.0,158.824249878,166.107911299,232.143540435,0.285103531563,0.298178345992,211,226,255,0,166.107911299,0.0,1,0
0.0,90.0,3.0,169.110715809,176.703930708,245.277533218,0.286098719636,0.298944795356,213,226,255,0,176.703930708,0.0,1,0
0.0,90.0,5.0,191.958636677,199.831528917,269.924623963,0.290092710192,0.301990422567,219,229,255,0,199.831528917,0.0,0,0
0.0,90.0,8.0,229.42419043,239.020727712,309.13040792,0.295050759381,0.30739237692,226,234,255,0,239.020727712,0.0,0,0
0.0,90.0,12.0,265.366372357,278.4716941,359.570439579,0.293739067746,0.308245596803,224,235,255,0,278.4716941,0.0,0,0
0.0,90.0,20.0,298.910081807,315.788682344,445.159678536,0.282028306582,0.297953641378,206,226,255,0,315.788682344,0.0,0,0
0.0,90.0,30.0,282.140004066,298.055445499,454.573992231,0.272659775859,0.288040440179,192,218,255,0,298.055445499,0.0,0,0
0.0,90.0,45.0,231.902831804,244.355337011,392.77318593,0.266852088291,0.281181266564,183,212,255,0,244.355337011,0.0,0,0
0.0,90.0,60.0,201.941764868,212.243997243,353.232807757,0.263144225064,0.276568753451,178,209,255,0,212.243997243,0.0,0,0
0.0,90.0,90.0,176.566621474,185.250026805,314.598912145,0.261032761227,0.273870143804,175,207,255,0,185.250026805,0.0,0,0
0.0,180.0,0.0,145.171940561,152.639558109,211.812592598,0.284860827909,0.299514015771,211,227,255,0,152.639558109,0.0,1,0
0.0,180.0,0.5,156.915096714,165.033862587,228.25642525,0.28519367698,0.299949559239,211,227,255,0,165.033862587,0.0,1,0
0.0,180.0,1.0,159.451770447,167.703836478,231.611721074,0.285363446389,0.300131786657,211,228,255,0,167.703836478,0.0,1,0
0.0,180.0,2.0,172.112714534,181.155691732,250.284494245,0.28516591402,0.300148821385,211,228,255,0,181.155691732,0.0,1,0
0.0,180.0,3.0,181.19285646,190.659024099,262.882011575,0.285462709184,0.300376309603,211,228,255,0,190.659024099,0.0,1,0
0.0,180.0,5.0,204.20738241,213.887769845,286.839915567,0.289682542026,0.303414852812,218,230,255,0,213.887769845,0.0,0,0
0.0,180.0,8.0,252.830469933,264.934518232,331.887760252,0.297569178001,0.31181505471,230,238,255,0,264.934518232,0.0,0,0
0.0,180.0,12.0,310.398701334,328.706076402,405.239163224,0.297218846359,0.314748871047,230,241,255,0,328.706076402,0.0,0,0
0.0,180.0,20.0,361.284204159,386.56354682,524.000922659,0.284062256499,0.30393831816,209,231,255,0,386.56354682,0.0,0,0
0.0,180.0,30.0,342.539693477,366.646025245,544.387177571,0.273250717601,0.292480817294,192,222,255,0,366.646025245,0.0,0,0
0.0,180.0,45.0,280.042137977,298.479902359,477.771357764,0.265117758457,0.282572912882,180,214,255,0,298.479902359,0.0,0,0
0.0,180.0,60.0,218.099656079,231.152042954,387.760185295,0.260569366054,0.276163394191,174,209,255,0,231.152042954,0.0,0,0
0.0,180.0,90.0,176.566621474,185.250026805,314.598912145,0.261032761227,0.273870143804,175,207,255,0,185.250026805,0.0,0,0
0.5,0.0,0.0,212.200676088,210.58760808,224.711931543,0.327722942695,0.325231718801,255,230,234,0,210.58760808,0.0,1,0
0.5,0.0,0.5,207.426616675,205.928353007,222.710468589,0.326108925583,0.323753407458,255,231,236,0,205.928353007,0.0,1,0
0.5,0.0,1.0,212.095013511,210.359953116,227.128189338,0.326509410787,0.32383837417,255,230,235,0,210.359953116,0.0,1,0
0.5,0.0,2.0,227.338935316,224.578985658,239.860744556,0.328629584351,0.324639941717,255,228,232,0,224.578985658,0.0,1,0
0.5,0.0,3.0,249.548686546,244.330588001,253.169117243,0.334046213456,0.3270612596,255,223,225,0,244.330588001,0.0,1,0
0.5,0.0,5.0,361.364803633,338.224134693,286.447952616,0.366482032217,0.343013672003,255,201,187,0,338.224134693,0.0,0,0
0.5,0.0,8.0,604.65568428,558.824655878,368.16746032,0.394774623834,0.364851929865,255,191,157,0,558.824655878,0.0,0,0
0.5,0.0,12.0,803.78586161,757.804700217,484.719753869,0.392797639461,0.370327361595,255,196,157,0,757.804700217,0.0,0,0
0.5,0.0,20.0,787.918433007,766.857781902,606.855725973,0.364501661039,0.354758720668,255,211,186,0,766.857781902,0.0,0,0
0.5,0.0,30.0,565.019516531,564.200045203,573.785183667,0.331778004763,0.33129681331,255,230,227,0,564.200045203,0.0,0,0
0.5,0.0,45.0,329.567999461,337.53252849,442.503196456,0.297014143168,0.304191957062,229,231,255,0,337.53252849,0.0,0,0
0.5,0.0,60.0,225.320850031,234.032443582,350.314470443,0.278288033726,0.289047500681,201,218,255,0,234.032443582,0.0,0,0
0.5,0.0,90.0,150.909672911,158.741519543,265.398630617,0.262428865911,0.276048288643,177,208,255,0,158.741519543,0.0,0,0
0.5,90.0,0.0,103.248414517,108.071181588,155.561781055,0.281421791742,0.294567095296,205,223,255,0,108.071181588,0.0,1,0
0.5,90.0,0.5,106.618626918,111.592072964,160.394674316,0.281608857624,0.294745084378,206,223,255,0,111.592072964,0.0,1,0
0.5,90.0,1.0,113.112082261,118.349879469,169.432647094,0.282149172803,0.295214445053,207,223,255,0,118.349879469,0.0,1,0
0.5,90.0,2.0,120.793656257,126.349285678,179.915765258,0.282850236331,0.295859289484,208,224,255,0,126.349285678,0.0,1,0
0.5,90.0,3.0,128.650266399,134.429220784,190.080306216,0.283896030215,0.296648605507,209,225,255,0,134.429220784,0.0,1,0
0.5,90.0,5.0,146.910695385,152.806844727,209.34877951,0.288588519261,0.300170800615,216,227,255,0,152.806844727,0.0,0,0
0.5,90.0,8.0,179.134499869,186.385249482,241.527809058,0.295091376924,0.307035662858,226,234,255,0,186.385249482,0.0,0,0
0.5,90.0,12.0,212.117850324,222.498219962,285.462811905,0.294575852132,0.308991452832,226,235,255,0,222.498219962,0.0,0,0
0.5,90.0,20.0,244.467755886,258.446811736,360.692946093,0.283077384116,0.299264200035,208,227,255,0,258.446811736,0.0,0,0
0.5,90.0,30.0,233.888975902,247.393913067,372.941378963,0.273802776019,0.289612368032,194,219,255,0,247.393913067,0.0,0,0
0.5,90.0,45.0,195.500120329,206.397577585,327.502508805,0.268028605597,0.282968904703,185,214,255,0,206.397577585,0.0,0,0
0.5,90.0,60.0,171.372611275,180.522787264,296.117593345,0.264458604104,0.278578962961,180,210,255,0,180.522787264,0.0,0,0
0.5,90.0,90.0,150.909672913,158.741519547,265.398630629,0.262428865907,0.276048288641,177,208,255,0,158.741519547,0.0,0,0
0.5,180.0,0.0,107.901627197,113.122611369,159.387285412,0.283644475511,0.297369044413,209,225,255,0,113.122611369,0.0,1,0
0.5,180.0,0.5,120.617015979,126.557585169,177.627727528,0.283936805043,0.297921119132,209,226,255,0,126.557585169,0.0,1,0
0.5,180.0,1.0,122.999990343,129.049727378,180.696604045,0.284231163054,0.298211032393,210,226,255,0,129.049727378,0.0,1,0
0.5,180.0,2.0,131.204166558,137.715755567,192.623067372,0.284272905328,0.298381209769,210,226,255,0,137.715755567,0.0,1,0
0.5,180.0,3.0,138.136544416,144.95494487,202.413485926,0.284521377677,0.298565312965,210,226,255,0,144.95494487,0.0,1,0
0.5,180.0,5.0,155.896208353,162.657068206,220.7604829,0.289064029277,0.301600071114,217,229,255,0,162.657068206,0.0,0,0
0.5,180.0,8.0,196.164143805,204.331569066,255.175555559,0.299180630981,0.311637216551,233,238,255,0,204.331569066,0.0,0,0
0.5,180.0,12.0,247.426312884,260.779259782,314.907446002,0.300598225605,0.316820720688,235,243,255,0,260.779259782,0.0,0,0
0.5,180.0,20.0,297.118742821,317.390536308,418.24055753,0.287696722163,0.307325670788,215,234,255,0,317.390536308,0.0,0,0
0.5,180.0,30.0,287.183522073,307.419461374,444.334018629,0.276420535123,0.295898077323,197,224,255,0,307.419461374,0.0,0,0
0.5,180.0,45.0,237.267468346,253.130768426,395.867074868,0.26771607241,0.28561511446,184,216,255,0,253.130768426,0.0,0,0
0.5,180.0,60.0,186.755211647,198.280501764,325.223327002,0.262939577001,0.279166459675,177,211,255,0,198.280501764,0.0,0,0
0.5,180.0,90.0,150.909672917,158.741519553,265.398630635,0.262428865907,0.276048288643,177,208,255,0,158.741519553,0.0,0,0
1.0,0.0,0.0,145.754774567,146.639472444,170.705383647,0.314737401884,0.316647785351,255,240,253,0,146.639472444,0.0,1,0
1.0,0.0,0.5,141.661908142,142.743468236,168.588473591,0.31272368963,0.315111271921,254,241,255,0,142.743468236,0.0,1,0
1.0,0.0,1.0,144.498043959,145.584493224,171.762973162,0.312870950832,0.315223359247,254,241,255,0,145.584493224,0.0,1,0
1.0,0.0,2.0,154.039234903,154.897597394,181.124613313,0.31432636924,0.316077909783,255,240,253,0,154.897597394,0.0,1,0
1.0,0.0,3.0,170.666242784,169.283156021,190.973010431,0.321452324888,0.318847261062,255,232,243,0,169.283156021,0.0,1,0
1.0,0.0,5.0,257.087187436,241.733445928,216.526057401,0.359388238954,0.337924881808,255,204,195,0,241.733445928,0.0,0,0
1.0,0.0,8.0,444.172348342,412.597591707,282.295782771,0.389944442575,0.36222457005,255,193,162,0,412.597591707,0.0,0,0
1.0,0.0,12.0,589.288490133,559.017746121,375.892166523,0.386621905035,0.366761797613,255,199,163,0,559.017746121,0.0,0,0
1.0,0.0,20.0,573.700697966,561.828337932,472.800902291,0.356705850176,0.349324056334,255,215,196,0,561.828337932,0.0,0,0
1.0,0.0,30.0,418.407641166,419.773377367,448.402856079,0.325208211779,0.326269733089,255,234,237,0,419.773377367,0.0,0,0
1.0,0.0,45.0,252.803387402,259.846874203,348.900106203,0.293428448118,0.301603810888,224,228,255,0,259.846874203,0.0,0,0
1.0,0.0,60.0,175.231795277,182.417133154,275.528311101,0.276749990897,0.288098058119,199,217,255,0,182.417133154,0.0,0,0
1.0,0.0,90.0,119.863224018,126.092625195,208.907415218,0.263514848067,0.277209955288,179,209,255,0,126.092625195,0.0,0,0
1.0,90.0,0.0,77.3796492943,80.8787146297,119.685051867,0.278400727983,0.290989856333,201,220,255,0,80.8787146297,0.0,1,0
1.0,90.0,0.5,79.893031143,83.4997003502,123.384854609,0.278588826376,0.291165364369,201,220,255,0,83.4997003502,0.0,1,0
1.0,90.0,1.0,84.738094672,88.5418798852,130.336665319,0.279095686938,0.291623937085,202,220,255,0,88.5418798852,0.0,1,0
1.0,90.0,2.0,90.477843807,94.5128101919,138.386484737,0.279790476719,0.292268063727,203,221,255,0,94.5128101919,0.0,1,0
1.0,90.0,3.0,96.3450683376,100.538979624,146.185747425,0.280832266883,0.293056925955,205,222,255,0,100.538979624,0.0,1,0
1.0,90.0,5.0,110.198133633,114.41458768,160.943863183,0.285815722164,0.29675174094,212,224,255,0,114.41458768,0.0,0,0
1.0,90.0,8.0,135.521825979,140.647846462,185.694322214,0.293423664861,0.304522214526,224,231,255,0,140.647846462,0.0,0,0
1.0,90.0,12.0,162.313161423,169.851524737,219.993548016,0.293961316479,0.307613858173,225,234,255,0,169.851524737,0.0,0,0
1.0,90.0,20.0,189.542958978,200.043034618,279.688198711,0.283206735231,0.298895485464,208,227,255,0,200.043034618,0.0,0,0
1.0,90.0,30.0,182.76970812,193.098148333,290.49937048,0.274277756668,0.289777378792,194,219,255,0,193.098148333,0.0,0,0
1.0,90.0,45.0,154.425817458,162.964632832,257.170914582,0.268771669832,0.28363312049,186,214,255,0,162.964632832,0.0,0,0
1.0,90.0,60.0,135.666751494,142.885906071,232.640812133,0.265392184242,0.279514341518,181,211,255,0,142.885906071,0.0,0,0
1.0,90.0,90.0,119.863224048,126.092625223,208.907415304,0.263514848051,0.277209955261,179,209,255,0,126.092625223,0.0,0,0
1.0,180.0,0.0,79.6086412381,83.1186269261,120.252957145,0.281322276676,0.293725919666,205,222,255,0,83.1186269261,0.0,1,0
1.0,180.0,0.5,87.4566711338,91.3658878523,131.479403789,0.281843757454,0.294441862486,206,223,255,0,91.3658878523,0.0,1,0
1.0,180.0,1.0,92.45219187,96.609794703,138.841339683,0.281949539596,0.294628895065,206,223,255,0,96.609794703,0.0,1,0
1.0,180.0,2.0,95.6729487013,99.9604708106,143.166469351,0.282387780652,0.295042808739,207,223,255,0,99.9604708106,0.0,1,0
1.0,180.0,3.0,102.819667937,107.432257978,153.766853926,0.282457042414,0.295128339326,207,223,255,0,107.432257978,0.0,1,0
1.0,180.0,5.0,115.377559803,119.846597415,167.442182077,0.286533907962,0.297632520326,213,225,255,0,119.846597415,0.0,0,0
1.0,180.0,8.0,144.806897979,149.75779766,191.623136645,0.297841468592,0.308024569345,231,234,255,0,149.75779766,0.0,0,0
1.0,180.0,12.0,184.738889727,193.211816472,234.511320574,0.301633214226,0.315467421695,237,241,255,0,193.211816472,0.0,0,0
1.0,180.0,20.0,226.991316008,241.184351435,313.942233189,0.29022646819,0.308373393883,219,235,255,0,241.184351435,0.0,0,0
1.0,180.0,30.0,223.275832835,238.163103515,338.273324211,0.279195210385,0.297810994355,202,226,255,0,238.163103515,0.0,0,0
1.0,180.0,45.0,186.794705762,198.839298293,305.83654374,0.270141232129,0.28756003987,188,218,255,0,198.839298293,0.0,0,0
1.0,180.0,60.0,148.584253463,157.543335217,254.350458117,0.265102717782,0.281087432625,181,212,255,0,157.543335217,0.0,0,0
1.0,180.0,90.0,119.863224048,126.092625223,208.907415303,0.263514848051,0.277209955262,179,209,255,0,126.092625223,0.0,0,0
1.5,0.0,0.0,100.402805439,101.901830458,128.151996622,0.303830504698,0.308366727825,240,234,255,0,101.901830458,0.0,1,0
1.5,0.0,0.5,97.3586094989,98.9791175713,126.222064108,0.301831202033,0.306855101839,237,233,255,0,98.9791175713,0.0,1,0
1.5,0.0,1.0,99.2281109998,100.873456881,128.501370888,0.301969639625,0.306976733862,237,233,255,0,100.873456881,0.0,1,0
1.5,0.0,2.0,105.646329885,107.190805641,135.376127115,0.303395479781,0.307830910369,239,234,255,0,107.190805641,0.0,1,0
1.5,0.0,3.0,116.591723108,116.756642028,142.618470145,0.310111723075,0.310550375915,250,236,255,0,116.756642028,0.0,1,0
1.5,0.0,5.0,169.210322383,161.251858016,160.777352203,0.344455832955,0.328255051385,255,212,213,0,161.251858016,0.0,0,0
1.5,0.0,8.0,275.847618715,259.75678454,205.121501339,0.372401744024,0.350678682801,255,201,180,0,259.75678454,0.0,0,0
1.5,0.0,12.0,357.242090325,342.95472899,267.623224893,0.369120367431,0.354357952227,255,206,182,0,342.95472899,0.0,0,0
1.5,0.0,20.0,355.991102584,352.896302101,340.681627263,0.339178359639,0.336229720351,255,225,218,0,352.896302101,0.0,0,0
1.5,0.0,30.0,273.182977983,277.229325329,328.581040082,0.310790724453,0.315394112381,251,241,255,0,277.229325329,0.0,0,0
1.5,0.0,45.0,176.459084343,182.660578579,259.028090528,0.285464249216,0.295496630958,212,223,255,0,182.660578579,0.0,0,0
1.5,0.0,60.0,125.904347294,131.447333687,204.067726373,0.272863137717,0.284876040305,193,215,255,0,131.447333687,0.0,0,0
1.5,0.0,90.0,88.5568390538,93.0148251297,154.455393206,0.263540798595,0.276807545953,179,209,255,0,93.0148251297,0.0,0,0
1.5,90.0,0.0,56.0681226397,58.4770962378,89.1231672046,0.275291240424,0.287119161509,196,217,255,0,58.4770962378,0.0,1,0
1.5,90.0,0.5,57.8881250465,60.3699627671,91.8772992961,0.275480136129,0.28729079665,197,217,255,0,60.3699627671,0.0,1,0
1.5,90.0,1.0,61.4094628415,64.0327004556,97.094588257,0.275952005287,0.287739890191,197,217,255,0,64.0327004556,0.0,1,0
1.5,90.0,2.0,65.5603841071,68.3431373867,103.086848472,0.276637333899,0.288379386033,198,218,255,0,68.3431373867,0.0,1,0
1.5,90.0,3.0,69.7775401582,72.6716146691,108.883676246,0.277630024936,0.289144933269,200,218,255,0,72.6716146691,0.0,1,0
1.5,90.0,5.0,79.6420101269,82.5331590497,119.770349042,0.282473048801,0.29272733105,207,221,255,0,82.5331590497,0.0,0,0
1.5,90.0,8.0,97.8713665989,101.323234509,137.714137841,0.290498153607,0.300743859673,219,228,255,0,101.323234509,0.0,0,0
1.5,90.0,12.0,117.562893232,122.685037688,162.485271368,0.291912592664,0.304631048523,221,231,255,0,122.685037688,0.0,0,0
1.5,90.0,20.0,138.256083693,145.539152117,206.336583035,0.282079388395,0.296938795894,206,225,255,0,145.539152117,0.0,0,0
1.5,90.0,30.0,133.923916451,141.165885522,214.385049673,0.273607348775,0.288402734169,194,218,255,0,141.165885522,0.0,0,0
1.5,90.0,45.0,114.063515277,120.155184915,190.760873104,0.26839764178,0.282731671038,186,214,255,0,120.155184915,0.0,0,0
1.5,90.0,60.0,100.048048654,105.198909162,171.932852398,0.265252926973,0.278909173591,181,211,255,0,105.198909162,0.0,0,0
1.5,90.0,90.0,88.5568390536,93.0148251296,154.455393204,0.263540798595,0.276807545954,179,209,255,0,93.0148251296,0.0,0,0
1.5,180.0,0.0,55.9838421595,58.153547342,86.6695503175,0.278794359448,0.289599290714,202,219,255,0,58.153547342,0.0,1,0
1.5,180.0,0.5,61.8608928129,64.2943085954,95.2855671307,0.279356386004,0.290345400351,203,219,255,0,64.2943085954,0.0,1,0
1.5,180.0,1.0,63.9049584083,66.4157828381,98.1997768388,0.279646479641,0.290633783761,203,219,255,0,66.4157828381,0.0,1,0
1.5,180.0,2.0,68.6582888575,71.3529367692,105.169856743,0.280030939556,0.291021379298,204,220,255,0,71.3529367692,0.0,1,0
1.5,180.0,3.0,72.8440020834,75.6979155607,111.449585634,0.280178394929,0.291155343949,204,220,255,0,75.6979155607,0.0,1,0
1.5,180.0,5.0,81.0967220896,83.8117024618,121.140550442,0.283506424351,0.292997737411,209,221,255,0,83.8117024618,0.0,0,0
1.5,180.0,8.0,100.713706053,103.343138956,137.040917081,0.295263461818,0.30297219871,227,230,255,0,103.343138956,0.0,0,0
1.5,180.0,12.0,129.069076536,133.724291326,165.433929311,0.301403197292,0.312274094176,236,238,255,0,133.724291326,0.0,0,0
1.5,180.0,20.0,161.520903121,170.302986304,221.495578391,0.291912561396,0.307784193779,221,234,255,0,170.302986304,0.0,0,0
1.5,180.0,30.0,161.226592623,170.986197333,241.01907412,0.281258950744,0.298284530307,205,226,255,0,170.986197333,0.0,0,0
1.5,180.0,45.0,136.669178209,144.838280973,221.067091892,0.271938119264,0.288192628663,191,218,255,0,144.838280973,0.0,0,0
1.5,180.0,60.0,109.831151415,116.052197608,186.079053047,0.266604794182,0.281705798939,183,213,255,0,116.052197608,0.0,0,0
1.5,180.0,90.0,88.5568390543,93.0148251304,154.455393206,0.263540798595,0.276807545954,179,209,255,0,93.0148251304,0.0,0,0
2.0,0.0,0.0,68.1486792238,69.732156194,93.6087011321,0.294392050023,0.301232432503,225,228,255,0,69.732156194,0.0,1,0
2.0,0.0,0.5,65.7428651533,67.3762395655,91.458799474,0.292739685988,0.300012771994,223,227,255,0,67.3762395655,0.0,1,0
2.0,0.0,1.0,66.9195149625,68.5805862372,92.9695591359,0.292903289059,0.300173712941,223,227,255,0,68.5805862372,0.0,1,0
2.0,0.0,2.0,71.0647754784,72.7209044294,97.7978313315,0.294162358655,0.301017664891,225,228,255,0,72.7209044294,0.0,1,0
2.0,0.0,3.0,77.6388890589,78.6309633999,102.920384355,0.299544033808,0.303371625284,233,230,255,0,78.6309633999,0.0,1,0
2.0,0.0,5.0,106.347718677,103.446462746,115.335513369,0.327093219663,0.318169839307,255,224,235,0,103.446462746,0.0,0,0
2.0,0.0,8.0,163.523773528,157.201235386,144.476740141,0.351511519164,0.33792055964,255,212,203,0,157.201235386,0.0,0,0
2.0,0.0,12.0,214.348612097,210.294064613,198.658422284,0.343892562427,0.337387604406,255,220,212,0,210.294064613,0.0,0,0
2.0,0.0,20.0,215.960138686,217.762016348,240.12869332,0.320486557542,0.323160558275,255,238,244,0,217.762016348,0.0,0,0
2.0,0.0,30.0,174.961998548,179.800138878,233.434525642,0.297454932226,0.305680310969,230,232,255,0,179.800138878,0.0,0,0
2.0,0.0,45.0,119.774071267,124.625104984,184.881402634,0.27901115764,0.290311537754,202,219,255,0,124.625104984,0.0,0,0
2.0,0.0,60.0,87.4437880496,91.335974523,145.042149813,0.270036661217,0.282056189002,189,213,255,0,91.335974523,0.0,0,0
2.0,0.0,90.0,62.5671727766,65.4700259191,109.09768113,0.263846351168,0.276087709945,179,208,255,0,65.4700259191,0.0,0,0
2.0,90.0,0.0,38.9311570678,40.4727498622,63.3941847229,0.272630793711,0.28342640573,193,214,255,0,40.4727498622,0.0,1,0
2.0,90.0,0.5,40.1876076679,41.7747359803,65.3450982105,0.272814510664,0.283588768179,193,214,255,0,41.7747359803,0.0,1,0
2.0,90.0,1.0,42.6463851921,44.3277523817,69.0865083277,0.273268029526,0.284041835952,194,214,255,0,44.3277523817,0.0,1,0
2.0,90.0,2.0,45.5242768331,47.3076224921,73.3495624544,0.273943172395,0.284674487669,195,215,255,0,47.3076224921,0.0,1,0
2.0,90.0,3.0,48.4356330316,50.288918642,77.4693368493,0.274899620172,0.285418064517,196,215,255,0,50.288918642,0.0,1,0
2.0,90.0,5.0,55.1908118792,57.0136717633,85.155864396,0.279644885245,0.288881086449,203,218,255,0,57.0136717633,0.0,0,0
2.0,90.0,8.0,67.7734685349,69.8825227038,97.6144352053,0.288066245976,0.297030628796,216,225,255,0,69.8825227038,0.0,0,0
2.0,90.0,12.0,81.6115072816,84.7784794814,114.7333849,0.290304953298,0.301570370972,219,229,255,0,84.7784794814,0.0,0,0
2.0,90.0,20.0,96.5664749853,101.195264605,145.494879046,0.281324437003,0.294809361601,205,223,255,0,101.195264605,0.0,0,0
2.0,90.0,30.0,93.9182919657,98.5742900341,151.199491984,0.273262897445,0.286809901932,193,217,255,0,98.5742900341,0.0,0,0
2.0,90.0,45.0,80.5091388736,84.4761176783,135.078472243,0.268306800015,0.281527254286,186,212,255,0,84.4761176783,0.0,0,0
2.0,90.0,60.0,70.0113277844,73.3248936167,120.571830851,0.265286819356,0.277842578091,181,210,255,0,73.3248936167,0.0,0,0
2.0,90.0,90.0,62.5671730256,65.4700261872,109.097681616,0.263846351102,0.276087709907,179,208,255,0,65.4700261872,0.0,0,0
2.0,180.0,0.0,37.4312445131,38.6713243513,59.62693888,0.275778238167,0.284914643794,197,215,255,0,38.6713243513,0.0,1,0
2.0,180.0,0.5,41.5744884607,42.9705268587,65.8637856757,0.276409945333,0.285691572397,198,215,255,0,42.9705268587,0.0,1,0
2.0,180.0,1.0,42.9340027277,44.3721962074,67.863289676,0.276691011306,0.285959544009,199,216,255,0,44.3721962074,0.0,1,0
2.0,180.0,2.0,46.6100783858,48.1654832125,73.4520337243,0.277065592576,0.286311428991,199,216,255,0,48.1654832125,0.0,1,0
2.0,180.0,3.0,47.9736673454,49.5604006159,75.428493611,0.27736445916,0.286538313063,200,216,255,0,49.5604006159,0.0,1,0
2.0,180.0,5.0,54.0015808318,55.5311546515,83.5142131465,0.279732889927,0.287656215473,203,217,255,0,55.5311546515,0.0,0,0
2.0,180.0,8.0,66.1743281246,67.35996528,93.4510160482,0.291535731031,0.296759140239,221,224,255,0,67.35996528,0.0,0,0
2.0,180.0,12.0,85.0946891896,87.2244062751,111.109538435,0.300233212215,0.307747333341,234,234,255,0,87.2244062751,0.0,0,0
2.0,180.0,20.0,108.777165676,113.601163854,148.705868973,0.293133380821,0.306133121033,223,233,255,0,113.601163854,0.0,0,0
2.0,180.0,30.0,110.375459987,116.132697793,163.480181851,0.28302246188,0.297785051478,208,226,255,0,116.132697793,0.0,0,0
2.0,180.0,45.0,95.0725783799,100.098143541,152.354726296,0.273570119448,0.288031118454,193,218,255,0,100.098143541,0.0,0,0
2.0,180.0,60.0,77.3016143174,81.2239746339,129.90483028,0.268007842319,0.281606825141,185,213,255,0,81.2239746339,0.0,0,0
2.0,180.0,90.0,62.5671730257,65.4700261872,109.097681616,0.263846351102,0.276087709907,179,208,255,0,65.4700261872,0.0,0,0
2.5,0.0,0.0,45.3890169952,46.7208305573,65.9301208001,0.287199608228,0.295626676241,215,223,255,0,46.7208305573,0.0,1,0
2.5,0.0,0.5,43.5674034384,44.8933615361,63.860142469,0.286023791281,0.29472882147,213,223,255,0,44.8933615361,0.0,1,0
2.5,0.0,1.0,44.3063274132,45.6540744063,64.8345083115,0.286225996551,0.294932658752,213,223,255,0,45.6540744063,0.0,1,0
2.5,0.0,2.0,46.9883930735,48.3664901653,68.1745603319,0.287339038448,0.295766249241,215,223,255,0,48.3664901653,0.0,1,0
2.5,0.0,3.0,50.9654872653,52.0478431246,71.7497262593,0.291626206605,0.29781948269,221,225,255,0,52.0478431246,0.0,1,0
2.5,0.0,5.0,66.9730150581,66.2580486984,80.2526524511,0.31371486429,0.310365820285,255,235,255,0,66.2580486984,0.0,0,0
2.5,0.0,8.0,98.6062092644,96.7544257378,99.912563596,0.333949067279,0.327677642933,255,224,225,0,96.7544257378,0.0,0,0
2.5,0.0,12.0,129.201221486,129.29825864,137.979179538,0.325871817655,0.326116565137,255,233,236,0,129.29825864,0.0,0,0
2.5,0.0,20.0,134.069374785,137.270461807,166.915754316,0.305915948515,0.313220104101,243,239,255,0,137.270461807,0.0,0,0
2.5,0.0,30.0,113.068525736,117.187572291,162.133833617,0.288153483608,0.298650813491,216,226,255,0,117.187572291,0.0,0,0
2.5,0.0,45.0,80.1213846495,83.4899605078,127.855089618,0.274890605196,0.286447942358,196,216,255,0,83.4899605078,0.0,0,0
2.5,0.0,60.0,59.0283690529,61.5145444382,99.4448692403,0.268325669362,0.27962709417,186,211,255,0,61.5145444382,0.0,0,0
2.5,0.0,90.0,42.3947303713,44.121879408,74.0194627111,0.264082269571,0.274840904748,180,207,255,0,44.121879408,0.0,0,0
2.5,90.0,0.0,25.9106825034,26.8369800569,43.2584568878,0.26988573908,0.279534056904,189,211,255,0,26.8369800569,0.0,1,0
2.5,90.0,0.5,26.7414775508,27.6945456544,44.584939507,0.270058751383,0.279683663901,189,211,255,0,27.6945456544,0.0,1,0
2.5,90.0,1.0,28.3934055108,29.4055073474,47.1629973516,0.27051151655,0.280154079595,190,211,255,0,29.4055073474,0.0,1,0
2.5,90.0,2.0,30.3049926109,31.3783831813,50.0726791337,0.27117092341,0.280775687743,191,212,255,0,31.3783831813,0.0,1,0
2.5,90.0,3.0,32.2327633933,33.3466596834,52.8827981558,0.272093187667,0.281496154103,192,212,255,0,33.3466596834,0.0,1,0
2.5,90.0,5.0,36.6788238322,37.7495513748,58.0999294234,0.276762190043,0.284841426743,199,214,255,0,37.7495513748,0.0,0,0
2.5,90.0,8.0,45.0252527888,46.2060231358,66.4354008764,0.28557240948,0.293061438684,212,221,255,0,46.2060231358,0.0,0,0
2.5,90.0,12.0,54.3652296456,56.1613674167,77.8382435188,0.288616652014,0.298152071498,217,226,255,0,56.1613674167,0.0,0,0
2.5,90.0,20.0,64.7090822,67.4228559562,98.5885723717,0.28046523498,0.292227404499,204,221,255,0,67.4228559562,0.0,0,0
2.5,90.0,30.0,63.179573912,65.9388660622,102.469267886,0.272810567088,0.284725241557,193,215,255,0,65.9388660622,0.0,0,0
2.5,90.0,45.0,54.4724047387,56.8456950864,91.8461947765,0.268119970812,0.279801601939,186,211,255,0,56.8456950864,0.0,0,0
2.5,90.0,60.0,47.357060903,49.3282536639,81.7603731159,0.265386412628,0.276432870441,182,208,255,0,49.3282536639,0.0,0,0
2.5,90.0,90.0,42.3947303714,44.121879408,74.0194627111,0.264082269571,0.274840904748,180,207,255,0,44.121879408,0.0,0,0
2.5,180.0,0.0,23.7540899569,24.4223373543,39.195714274,0.271872584624,0.279520873715,192,210,255,0,24.4223373543,0.0,1,0
2.5,180.0,0.5,26.5096568489,27.2629100245,43.4898102261,0.272558183745,0.280302732028,193,211,255,0,27.2629100245,0.0,1,0
2.5,180.0,1.0,27.3531056474,28.1277744698,44.78312465,0.272810822896,0.280537113345,193,211,255,0,28.1277744698,0.0,1,0
2.5,180.0,2.0,28.9875280588,29.8001883253,47.3143591835,0.273204156504,0.280863387129,194,211,255,0,29.8001883253,0.0,1,0
2.5,180.0,3.0,30.8512716021,31.7125452796,50.293973863,0.273364128418,0.280995623522,194,211,255,0,31.7125452796,0.0,1,0
2.5,180.0,5.0,33.9832586692,34.8196646799,54.9152145873,0.274682914212,0.281443491315,196,212,255,0,34.8196646799,0.0,0,0
2.5,180.0,8.0,40.8612726274,41.3398994546,60.8198648704,0.285701135288,0.289047683722,213,217,255,0,41.3398994546,0.0,0,0
2.5,180.0,12.0,52.6516271735,53.4104354828,71.0959065586,0.297201573301,0.301484803193,230,228,255,0,53.4104354828,0.0,0,0
2.5,180.0,20.0,69.0802422463,71.4044584785,94.982986339,0.293374615888,0.303245253601,224,230,255,0,71.4044584785,0.0,0,0
2.5,180.0,30.0,71.6100289287,74.6831168254,105.737634597,0.284132076363,0.296325380262,210,224,255,0,74.6831168254,0.0,0,0
2.5,180.0,45.0,62.8975547622,65.724372571,100.35790323,0.274686004473,0.287031274367,195,217,255,0,65.724372571,0.0,0,0
2.5,180.0,60.0,51.8597552119,54.1232523322,86.8065991295,0.268996633722,0.280737396928,187,212,255,0,54.1232523322,0.0,0,0
2.5,180.0,90.0,42.3947303714,44.121879408,74.0194627111,0.264082269571,0.274840904748,180,207,255,0,44.121879408,0.0,0,0
3.0,0.0,0.0,29.619192151,30.5878926565,44.8136419612,0.282031871825,0.291255770148,207,220,255,0,30.5878926565,0.0,1,0
3.0,0.0,0.5,28.2854060003,29.2257285636,43.0576395482,0.281254358025,0.290604403023,206,219,255,0,29.2257285636,0.0,1,0
3.0,0.0,1.0,28.7412126539,29.6959047123,43.6635401614,0.28149880079,0.290849299421,206,219,255,0,29.6959047123,0.0,1,0
3.0,0.0,2.0,30.458855521,31.4465589354,45.8966718669,0.282544211896,0.29170640391,208,220,255,0,31.4465589354,0.0,1,0
3.0,0.0,3.0,32.9023149675,33.75908879,48.3158426331,0.286163706302,0.293615387824,213,222,255,0,33.75908879,0.0,1,0
3.0,0.0,5.0,42.2076736696,42.24513094,54.0902963823,0.304653738565,0.304924104034,241,231,255,0,42.24513094,0.0,0,0
3.0,0.0,8.0,60.7520301696,60.5838600069,67.5558764925,0.321623494983,0.320733195921,255,234,242,0,60.5838600069,0.0,0,0
3.0,0.0,12.0,80.0681096882,81.3380393184,93.9733936863,0.31352593416,0.318498648955,255,244,255,0,81.3380393184,0.0,0,0
3.0,0.0,20.0,84.8966067945,87.7802095763,113.794828311,0.296352565326,0.306418492741,228,233,255,0,87.7802095763,0.0,0,0
3.0,0.0,30.0,72.9519566722,75.8974478221,109.578061822,0.28229180788,0.293689555929,207,222,255,0,75.8974478221,0.0,0,0
3.0,0.0,45.0,52.3679118159,54.4880629689,85.5551087173,0.272166815252,0.28318567713,192,214,255,0,54.4880629689,0.0,0,0
3.0,0.0,60.0,38.4978669936,39.9618688238,65.7253117487,0.267003185444,0.277156816871,184,209,255,0,39.9618688238,0.0,0,0
3.0,0.0,90.0,27.4581490437,28.4083446196,48.2048217337,0.263839742382,0.272969977474,180,206,255,0,28.4083446196,0.0,0,0
3.0,90.0,0.0,16.5095613924,17.0382684728,28.3208105497,0.266848621235,0.275394260462,184,207,255,0,17.0382684728,0.0,1,0
3.0,90.0,0.5,17.0352539179,17.5790121886,29.1866498172,0.267006416307,0.275529150861,185,207,255,0,17.5790121886,0.0,1,0
3.0,90.0,1.0,18.1026459275,18.6815951803,30.8952521717,0.267476085448,0.276030364222,185,208,255,0,18.6815951803,0.0,1,0
3.0,90.0,2.0,19.3202151862,19.9344732358,32.8038688238,0.268118262766,0.276642691691,186,208,255,0,19.9344732358,0.0,1,0
3.0,90.0,3.0,20.5444336471,21.1811274991,34.6463326946,0.269005161636,0.277341917738,188,209,255,0,21.1811274991,0.0,1,0
3.0,90.0,5.0,23.3479789271,23.9446985199,38.0533206244,0.273568526407,0.280560296452,195,211,255,0,23.9446985199,0.0,0,0
3.0,90.0,8.0,28.6411142919,29.2592831513,43.4283929769,0.282655247074,0.28875587116,208,217,255,0,29.2592831513,0.0,0,0
3.0,90.0,12.0,34.6640479595,35.6139719822,50.7464766463,0.286421748793,0.294270771507,213,222,255,0,35.6139719822,0.0,0,0
3.0,90.0,20.0,41.4882858556,42.9759538004,64.1916385707,0.279089440327,0.289096901603,202,218,255,0,42.9759538004,0.0,0,0
3.0,90.0,30.0,40.4683363367,41.9885600611,66.2395067492,0.2721541038,0.282377778967,192,213,255,0,41.9885600611,0.0,0,0
3.0,90.0,45.0,35.2212430785,36.5409238458,59.9332552058,0.267444703155,0.277465406578,185,209,255,0,36.5409238458,0.0,0,0
3.0,90.0,60.0,30.614175158,31.7007137989,53.2069970369,0.265007577522,0.274413056246,182,207,255,0,31.7007137989,0.0,0,0
3.0,90.0,90.0,27.4581490452,28.4083446209,48.2048217339,0.263839742389,0.272969977479,180,206,255,0,28.4083446209,0.0,0,0
3.0,180.0,0.0,14.319007946,14.6673586976,24.6441287953,0.266993765932,0.273489151602,185,206,255,0,14.6673586976,0.0,1,0
3.0,180.0,0.5,16.0339320451,16.4257678325,27.4329458402,0.267711199813,0.274253502005,186,206,255,0,16.4257678325,0.0,1,0
3.0,180.0,1.0,16.5258494352,16.9284089765,28.2276565317,0.267920499069,0.274446877858,186,206,255,0,16.9284089765,0.0,1,0
3.0,180.0,2.0,17.4631368837,17.8846475179,29.7684558866,0.26818404758,0.274657250461,187,206,255,0,17.8846475179,0.0,1,0
3.0,180.0,3.0,18.738363677,19.1892547263,31.9355816767,0.268215078261,0.274668991749,187,206,255,0,19.1892547263,0.0,1,0
3.0,180.0,5.0,20.2674537462,20.7269024643,34.5041299833,0.268448478479,0.274534013981,187,206,255,0,20.7269024643,0.0,0,0
3.0,180.0,8.0,23.719077259,23.941001383,37.8927408156,0.277244834354,0.279838835643,200,210,255,0,23.941001383,0.0,0,0
3.0,180.0,12.0,30.433588656,30.624070609,43.4651205614,0.291167042309,0.292989438856,221,220,255,0,30.624070609,0.0,0,0
3.0,180.0,20.0,41.143644034,42.12008133,57.7402678056,0.291790630245,0.298715521335,222,226,255,0,42.12008133,0.0,0,0
3.0,180.0,30.0,43.7809174632,45.2691001557,65.1187438652,0.283980470763,0.293633416523,210,222,255,0,45.2691001557,0.0,0,0
3.0,180.0,45.0,39.4098230834,40.8728977052,63.1063482474,0.274845379417,0.285048909097,196,215,255,0,40.8728977052,0.0,0,0
3.0,180.0,60.0,33.0336455846,34.2365964534,55.4505503377,0.269177251427,0.278979590912,188,210,255,0,34.2365964534,0.0,0,0
3.0,180.0,90.0,27.4581490452,28.4083446208,48.2048217337,0.263839742389,0.272969977479,180,206,255,0,28.4083446208,0.0,0,0
3.5,0.0,0.0,18.900368887,19.5427083432,29.4918297537,0.278212920664,0.287668140148,201,217,255,0,19.5427083432,0.0,1,0
3.5,0.0,0.5,17.9619358986,18.5754137179,28.1471054557,0.277685510043,0.287169671556,200,216,255,0,18.5754137179,0.0,1,0
3.5,0.0,1.0,18.2410990627,18.8634283963,28.5183365076,0.277968652388,0.287452074721,201,217,255,0,18.8634283963,0.0,1,0
3.5,0.0,2.0,19.3327204478,19.980673043,29.9791107478,0.279001612948,0.288352589686,202,217,255,0,19.980673043,0.0,1,0
3.5,0.0,3.0,20.8491902708,21.4368284352,31.5739564145,0.282279952529,0.290236063582,207,219,255,0,21.4368284352,0.0,1,0
3.5,0.0,5.0,26.4989823169,26.6950526074,35.4359158243,0.298984509108,0.301196744238,233,228,255,0,26.6950526074,0.0,0,0
3.5,0.0,8.0,37.9509004519,38.2290978105,44.6298990223,0.314137345573,0.31644011517,255,241,254,0,38.2290978105,0.0,0,0
3.5,0.0,12.0,50.3988430904,51.650750728,62.6414177211,0.306020605613,0.313622159735,244,239,255,0,51.650750728,0.0,0,0
3.5,0.0,20.0,53.9372324683,56.0110498301,75.6749429586,0.290573727472,0.301745914352,219,229,255,0,56.0110498301,0.0,0,0
3.5,0.0,30.0,46.3908894418,48.2778221598,71.8824305977,0.278538404656,0.289867853935,201,219,255,0,48.2778221598,0.0,0,0
3.5,0.0,45.0,33.1755314339,34.4174657938,55.3005828432,0.2699533321,0.280059102957,189,211,255,0,34.4174657938,0.0,0,0
3.5,0.0,60.0,24.1300802644,24.9369010941,41.8430143427,0.265428241177,0.274303181974,182,207,255,0,24.9369010941,0.0,0,0
3.5,0.0,90.0,16.9450784933,17.4318794556,30.102821035,0.26279678312,0.270346451714,179,203,255,0,17.4318794556,0.0,0,0
3.5,90.0,0.0,10.0929084424,10.3875566707,17.8480489307,0.263326369263,0.271013811253,179,204,255,0,10.3875566707,0.0,1,0
3.5,90.0,0.5,10.4112055914,10.7141799727,18.3911001282,0.263464865587,0.27113190318,180,204,255,0,10.7141799727,0.0,1,0
3.5,90.0,1.0,11.074999003,11.3984232343,19.4827391492,0.263965973936,0.271674596951,180,204,255,0,11.3984232343,0.0,1,0
3.5,90.0,2.0,11.8177746088,12.1611996122,20.6854025706,0.264590607945,0.272279621609,181,205,255,0,12.1611996122,0.0,1,0
3.5,90.0,3.0,12.5627232432,12.9186605307,21.8464339935,0.265440576722,0.272961254926,183,205,255,0,12.9186605307,0.0,1,0
3.5,90.0,5.0,14.2533861186,14.5809536139,23.9888954913,0.269831752224,0.276032953152,189,207,255,0,14.5809536139,0.0,0,0
3.5,90.0,8.0,17.4494313514,17.7669076304,27.3301863893,0.278983224854,0.28405906683,203,214,255,0,17.7669076304,0.0,0,0
3.5,90.0,12.0,21.1399406938,21.6245942614,31.8475924807,0.283331161036,0.289826801682,209,218,255,0,21.6245942614,0.0,0,0
3.5,90.0,20.0,25.4113159234,26.1891051039,40.1943602415,0.276827457641,0.285300588355,199,215,255,0,26.1891051039,0.0,0,0
3.5,90.0,30.0,24.8176477081,25.6113378135,41.363975977,0.270365475772,0.279012000434,190,210,255,0,25.6113378135,0.0,0,0
3.5,90.0,45.0,21.7007847899,22.3898254021,37.5009597068,0.265968467292,0.274413464894,183,207,255,0,22.3898254021,0.0,0,0
3.5,90.0,60.0,18.9024533176,19.4639157654,33.28439774,0.263813691824,0.271649790064,180,204,255,0,19.4639157654,0.0,0,0
3.5,90.0,90.0,16.9450784934,17.4318794557,30.1028210353,0.26279678312,0.270346451714,179,203,255,0,17.4318794557,0.0,0,0
3.5,180.0,0.0,8.27878088801,8.46126688014,14.9479044845,0.261259573418,0.267018417999,177,201,255,0,8.46126688014,0.0,1,0
3.5,180.0,0.5,9.29122348144,9.4959897863,16.6849514962,0.261929982094,0.267702573257,178,201,255,0,9.4959897863,0.0,1,0
3.5,180.0,1.0,9.56373261741,9.77402810123,17.1529123616,0.262087043349,0.267850036083,178,201,255,0,9.77402810123,0.0,1,0
3.5,180.0,2.0,10.0697270758,10.2897913705,18.0425441319,0.262218391402,0.267948924607,178,201,255,0,10.2897913705,0.0,1,0
3.5,180.0,3.0,10.5648108532,10.7951892249,18.9377319439,0.262168869639,0.267885776276,178,201,255,0,10.7951892249,0.0,1,0
3.5,180.0,5.0,11.5871765929,11.8397214713,20.8634004098,0.261618841871,0.267320877918,177,201,255,0,11.8397214713,0.0,0,0
3.5,180.0,8.0,13.1026893623,13.2531936274,22.7663493625,0.266736439589,0.269800312258,185,202,255,0,13.2531936274,0.0,0,0
3.5,180.0,12.0,16.4964874163,16.5355505193,25.5807366777,0.281448669256,0.282115129823,207,211,255,0,16.5355505193,0.0,0,0
3.5,180.0,20.0,22.9284409456,23.2874112655,33.5079046781,0.287598600972,0.29210127789,215,220,255,0,23.2874112655,0.0,0,0
3.5,180.0,30.0,25.1660836251,25.8262767994,38.2302774173,0.282059399204,0.289458790102,207,218,255,0,25.8262767994,0.0,0,0
3.5,180.0,45.0,23.3282538443,24.0308885143,37.8674664991,0.273720310557,0.281964621571,195,212,255,0,24.0308885143,0.0,0,0
3.5,180.0,60.0,19.9356203072,20.5310669616,33.8528650877,0.26824193197,0.276253910453,187,208,255,0,20.5310669616,0.0,0,0
3.5,180.0,90.0,16.9450784933,17.4318794555,30.1028210345,0.262796783123,0.270346451715,179,203,255,0,17.4318794555,0.0,0,0
4.0,0.0,0.0,11.8546691704,12.2654847012,19.0137649516,0.274834039981,0.284358227489,196,214,255,0,12.2654847012,0.0,1,0
4.0,0.0,0.5,11.1858919279,11.575108958,17.9931641985,0.274472361408,0.28402272342,195,214,255,0,11.575108958,0.0,1,0
4.0,0.0,1.0,11.3424340078,11.7366346772,18.1956604949,0.274803353848,0.284354008141,196,214,255,0,11.7366346772,0.0,1,0
4.0,0.0,2.0,12.0056051773,12.4165020349,19.0880461232,0.275926519604,0.285370220123,198,215,255,0,12.4165020349,0.0,1,0
4.0,0.0,3.0,12.9424624955,13.3223122866,20.0955675775,0.279170986166,0.287364406915,203,217,255,0,13.3223122866,0.0,1,0
4.0,0.0,5.0,16.4822961893,16.657598365,22.6303181882,0.295539417527,0.298682711539,227,225,255,0,16.657598365,0.0,0,0
4.0,0.0,8.0,23.7906139102,24.08851365,28.8440706969,0.310083709369,0.313966495105,250,240,255,0,24.08851365,0.0,0,0
4.0,0.0,12.0,31.7711895408,32.688464632,40.8425414495,0.301714407312,0.310425290174,237,236,255,0,32.688464632,0.0,0,0
4.0,0.0,20.0,33.8786453983,35.2178438291,49.0592080588,0.286728834719,0.298063018864,214,226,255,0,35.2178438291,0.0,0,0
4.0,0.0,30.0,28.7788190148,29.9094624981,45.7581107248,0.275536745676,0.286361853744,197,216,255,0,29.9094624981,0.0,0,0
4.0,0.0,45.0,20.2717128335,20.9675344225,34.5578499808,0.267447086663,0.276627142554,185,208,255,0,20.9675344225,0.0,0,0
4.0,0.0,60.0,14.5062641967,14.9327316422,25.6885266952,0.263140143614,0.270876160505,179,204,255,0,14.9327316422,0.0,0,0
4.0,0.0,90.0,9.96620170426,10.2037878496,18.0762788633,0.260579714485,0.266791723007,176,201,255,0,10.2037878496,0.0,0,0
4.0,90.0,0.0,5.95227475075,6.11787734535,10.8752316853,0.259410555406,0.26662780643,174,201,255,0,6.11787734535,0.0,1,0
4.0,90.0,0.5,6.13860823889,6.3089092256,11.2050817643,0.259532078463,0.266732174531,174,201,255,0,6.3089092256,0.0,1,0
4.0,90.0,1.0,6.53822769256,6.72055305415,11.8816738539,0.260067997832,0.267320267709,175,201,255,0,6.72055305415,0.0,1,0
4.0,90.0,2.0,6.97785923404,7.17182632357,12.6187814981,0.260674592217,0.267920695968,176,202,255,0,7.17182632357,0.0,1,0
4.0,90.0,3.0,7.41746244857,7.61899184264,13.3307530793,0.261480178563,0.26858448712,177,202,255,0,7.61899184264,0.0,1,0
4.0,90.0,5.0,8.39900979427,8.58496673217,14.6407910248,0.265583289447,0.271463393944,183,204,255,0,8.58496673217,0.0,0,0
4.0,90.0,8.0,10.2362813816,10.4096705994,16.6535123874,0.274435077151,0.279083648402,196,210,255,0,10.4096705994,0.0,0,0
4.0,90.0,12.0,12.3771709853,12.6318314168,19.340590866,0.279081950323,0.284824064573,203,214,255,0,12.6318314168,0.0,0,0
4.0,90.0,20.0,14.9053209911,15.3094039925,24.3121906686,0.273357126711,0.280767833819,194,211,255,0,15.3094039925,0.0,0,0
4.0,90.0,30.0,14.5508863569,14.956007261,24.9125919077,0.267383754484,0.274828163415,185,207,255,0,14.956007261,0.0,0,0
4.0,90.0,45.0,12.7683683411,13.1161913679,22.6055796492,0.263318862557,0.270491929731,179,204,255,0,13.1161913679,0.0,0,0
4.0,90.0,60.0,11.1040979252,11.3811924957,19.9880420054,0.2614369368,0.267960902655,177,202,255,0,11.3811924957,0.0,0,0
4.0,90.0,90.0,9.96620170423,10.2037878496,18.0762788633,0.260579714485,0.266791723007,176,201,255,0,10.2037878496,0.0,0,0
4.0,180.0,0.0,4.63480159054,4.73157239242,8.7863751434,0.255322296269,0.260653213432,168,196,255,0,4.73157239242,0.0,1,0
4.0,180.0,0.5,5.20385390112,5.31236723767,9.81832082135,0.255912029458,0.261248433728,169,197,255,0,5.31236723767,0.0,1,0
4.0,180.0,1.0,5.35039666334,5.46187448535,10.0858385276,0.256022996635,0.261357346188,169,197,255,0,5.46187448535,0.0,1,0
4.0,180.0,2.0,5.61837466103,5.7351196514,10.5895404827,0.256043647266,0.26136401391,169,197,255,0,5.7351196514,0.0,1,0
4.0,180.0,3.0,5.88082151395,6.00307590266,11.0991595421,0.255876384265,0.261195710973,169,197,255,0,6.00307590266,0.0,1,0
4.0,180.0,5.0,6.33603347741,6.47017926898,12.0344410174,0.255067098381,0.260467350438,168,196,255,0,6.47017926898,0.0,0,0
4.0,180.0,8.0,7.05947863433,7.17144920375,13.306609922,0.256358382359,0.260424489155,170,196,255,0,7.17144920375,0.0,0,0
4.0,180.0,12.0,8.54172340867,8.5726261841,14.6635952609,0.26879407866,0.269766538509,188,202,255,0,8.5726261841,0.0,0,0
4.0,180.0,20.0,12.0146644049,12.1418275444,18.7312416098,0.280142208688,0.283107232226,205,213,255,0,12.1418275444,0.0,0,0
4.0,180.0,30.0,13.6160030206,13.8939650719,21.5087714983,0.277771381603,0.283441907889,201,213,255,0,13.8939650719,0.0,0,0
4.0,180.0,45.0,13.0460957646,13.3662624647,21.757677667,0.270834254571,0.277480849163,191,209,255,0,13.3662624647,0.0,0,0
4.0,180.0,60.0,11.4015330797,11.6817160148,19.8108118072,0.265806800289,0.272338775328,183,205,255,0,11.6817160148,0.0,0,0
4.0,180.0,90.0,9.96620170417,10.2037878495,18.0762788633,0.260579714484,0.266791723006,176,201,255,0,10.2037878495,0.0,0,0
4.5,0.0,0.0,7.26227607713,7.51963779286,11.9672784751,0.271495153328,0.28111644254,191,212,255,0,7.51963779286,0.0,1,0
4.5,0.0,0.5,6.82404392072,7.06745036993,11.2854173578,0.27104372514,0.280711568941,190,211,255,0,7.06745036993,0.0,1,0
4.5,0.0,1.0,6.91811683837,7.16477206985,11.4098781089,0.271375674273,0.281051172869,191,212,255,0,7.16477206985,0.0,1,0
4.5,0.0,2.0,7.32923489039,7.58701721764,11.9770032525,0.272530595205,0.282115984693,193,213,255,0,7.58701721764,0.0,1,0
4.5,0.0,3.0,7.91287021022,8.15281094436,12.6154887558,0.275890775548,0.284256568676,198,214,255,0,8.15281094436,0.0,1,0
4.5,0.0,5.0,10.1723072407,10.2918845579,14.2541762334,0.292994971174,0.296439180217,223,224,255,0,10.2918845579,0.0,0,0
4.5,0.0,8.0,14.8568241942,15.0750517904,18.3725850846,0.307566296474,0.3120840489,246,238,255,0,15.0750517904,0.0,0,0
4.5,0.0,12.0,19.8319459954,20.4410693253,26.1555420822,0.298545486621,0.307715087072,232,234,255,0,20.4410693253,0.0,0,0
4.5,0.0,20.0,20.8522756509,21.6846528361,31.0854256527,0.283232937802,0.294538976504,208,223,255,0,21.6846528361,0.0,0,0
4.5,0.0,30.0,17.3482279753,18.0151255639,28.3663644532,0.272215671461,0.282680139367,192,213,255,0,18.0151255639,0.0,0,0
4.5,0.0,45.0,11.9597919786,12.3471309622,20.9613505439,0.264198102953,0.272754625077,181,205,255,0,12.3471309622,0.0,0,0
4.5,0.0,60.0,8.38454851877,8.60827606204,15.2728718003,0.259859524485,0.266793437847,174,201,255,0,8.60827606204,0.0,0,0
4.5,0.0,90.0,5.60932625853,5.72292710084,10.4835836676,0.257121752954,0.262329017849,171,197,255,0,5.72292710084,0.0,0,0
4.5,90.0,0.0,3.42470025449,3.51883593375,6.46380858601,0.255434637667,0.262455839915,168,198,255,0,3.51883593375,0.0,1,0
4.5,90.0,0.5,3.53144592078,3.62828043647,6.65983498494,0.25553965378,0.262546715241,168,198,255,0,3.62828043647,0.0,1,0
4.5,90.0,1.0,3.76575240355,3.86975474166,7.06799707056,0.256112580259,0.263185883098,169,198,255,0,3.86975474166,0.0,1,0
4.5,90.0,2.0,4.01930029736,4.13019472893,7.50765640259,0.256706995242,0.263789664914,170,199,255,0,4.13019472893,0.0,1,0
4.5,90.0,3.0,4.27194366645,4.38765520554,7.93231344256,0.257471446658,0.264445419091,171,199,255,0,4.38765520554,0.0,1,0
4.5,90.0,5.0,4.82381448157,4.93321897882,8.71169849592,0.261188179729,0.267111948481,177,201,255,0,4.93321897882,0.0,0,0
4.5,90.0,8.0,5.83391476538,5.93733880834,9.8898646831,0.269326573827,0.274101213887,189,206,255,0,5.93733880834,0.0,0,0
4.5,90.0,12.0,7.01182487116,7.15570686137,11.4347563008,0.273874931101,0.279494819059,195,210,255,0,7.15570686137,0.0,0,0
4.5,90.0,20.0,8.42690596632,8.64296851729,14.282864192,0.2687773484,0.275668693785,188,207,255,0,8.64296851729,0.0,0,0
4.5,90.0,30.0,8.20250437686,8.41110045805,14.5444908893,0.263254354485,0.26994911796,179,203,255,0,8.41110045805,0.0,0,0
4.5,90.0,45.0,7.20928349641,7.38403801508,13.1876257757,0.25950459579,0.265795040707,174,200,255,0,7.38403801508,0.0,0,0
4.5,90.0,60.0,6.24823012969,6.38304181625,11.6010963882,0.25784644916,0.263409738918,172,198,255,0,6.38304181625,0.0,0,0
4.5,90.0,90.0,5.60932625855,5.72292710086,10.4835836676,0.257121752954,0.262329017849,171,197,255,0,5.72292710086,0.0,0,0
4.5,180.0,0.0,2.55330009318,2.60447870971,5.06855413583,0.249678952218,0.254683543487,160,192,255,0,2.60447870971,0.0,1,0
4.5,180.0,0.5,2.86773254731,2.92511244545,5.67097818415,0.25015498783,0.255160289923,161,192,255,0,2.92511244545,0.0,1,0
4.5,180.0,1.0,2.94536701894,3.00430717464,5.82093249497,0.250230688772,0.255238090451,161,192,255,0,3.00430717464,0.0,1,0
4.5,180.0,2.0,3.08503320684,3.14671454275,6.09936159698,0.250182941383,0.255185032774,161,192,255,0,3.14671454275,0.0,1,0
4.5,180.0,3.0,3.22107088696,3.28555492023,6.38025664526,0.249949582364,0.254953432869,160,192,255,0,3.28555492023,0.0,1,0
4.5,180.0,5.0,3.50001943852,3.57116480323,6.98286086071,0.249040003288,0.254102272847,159,192,255,0,3.57116480323,0.0,0,0
4.5,180.0,8.0,3.7949864073,3.86626796449,7.63827217471,0.248046002977,0.252705072457,158,191,255,0,3.86626796449,0.0,0,0
4.5,180.0,12.0,4.36052176043,4.39462635867,8.29033676326,0.255816821318,0.257817620854,170,194,255,0,4.39462635867,0.0,0,0
4.5,180.0,20.0,6.02304505253,6.07331365132,10.2184990119,0.269911873481,0.272164569843,190,204,255,0,6.07331365132,0.0,0,0
4.5,180.0,30.0,7.00157579568,7.11756380706,11.7065540808,0.271108915078,0.275600101755,191,207,255,0,7.11756380706,0.0,0,0
4.5,180.0,45.0,6.94149715591,7.08423472692,12.0571178296,0.266132620953,0.27160508936,184,204,255,0,7.08423472692,0.0,0,0
4.5,180.0,60.0,6.21216847648,6.34054699072,11.1734069687,0.261828223018,0.267239074057,178,201,255,0,6.34054699072,0.0,0,0
4.5,180.0,90.0,5.60932625854,5.72292710085,10.4835836676,0.257121752954,0.262329017849,171,197,255,0,5.72292710085,0.0,0,0
5.0,0.0,0.0,4.33251920685,4.49123510903,7.29145756014,0.268846555675,0.278695380711,187,210,255,0,4.49123510903,0.0,1,0
5.0,0.0,0.5,4.05227566191,4.202316096,6.8303806019,0.268629969301,0.278576320577,187,210,255,0,4.202316096,0.0,1,0
5.0,0.0,1.0,4.10696711892,4.25911743548,6.90115707715,0.269005182339,0.278970984954,187,210,255,0,4.25911743548,0.0,1,0
5.0,0.0,2.0,4.35753300563,4.51697402116,7.25203425197,0.270208777586,0.280095647485,189,211,255,0,4.51697402116,0.0,1,0
5.0,0.0,3.0,4.7213979285,4.86945700538,7.65216539011,0.273815018471,0.282401627666,195,213,255,0,4.86945700538,0.0,1,0
5.0,0.0,5.0,6.17211578947,6.24483710623,8.71082600881,0.292132732805,0.295574709223,222,223,255,0,6.24483710623,0.0,0,0
5.0,0.0,8.0,9.14860829712,9.2953527105,11.4204609426,0.306338033677,0.311251720392,244,237,255,0,9.2953527105,0.0,0,0
5.0,0.0,12.0,12.1594212512,12.5548398887,16.3699053464,0.295963683608,0.305588282846,228,232,255,0,12.5548398887,0.0,0,0
5.0,0.0,20.0,12.5478154577,13.0619579478,19.2366561198,0.279795194188,0.291259707541,203,220,255,0,13.0619579478,0.0,0,0
5.0,0.0,30.0,10.1766086268,10.5680893334,17.1292898785,0.268696517255,0.279032917748,187,210,255,0,10.5680893334,0.0,0,0
5.0,0.0,45.0,6.83635541323,7.05114224783,12.3529711076,0.260527183165,0.268712510816,175,202,255,0,7.05114224783,0.0,0,0
5.0,0.0,60.0,4.68225955835,4.79870911986,8.80652910928,0.256036097051,0.26240381137,169,198,255,0,4.79870911986,0.0,0,0
5.0,0.0,90.0,3.04807357446,3.1009519607,5.90807655407,0.252803165462,0.257188828439,165,194,255,0,3.1009519607,0.0,0,0
5.0,90.0,0.0,1.92219715124,1.97457254261,3.74248619134,0.251620992951,0.258477078433,162,195,255,0,1.97457254261,0.0,1,0
5.0,90.0,0.5,1.98272646825,2.03666622413,3.85721600709,0.251723367746,0.258571461633,162,195,255,0,2.03666622413,0.0,1,0
5.0,90.0,1.0,2.11767551794,2.1758767825,4.09835819504,0.252347247874,0.259282648888,163,196,255,0,2.1758767825,0.0,1,0
5.0,90.0,2.0,2.26310974212,2.32550815974,4.35783506744,0.252961676531,0.259936330937,164,196,255,0,2.32550815974,0.0,1,0
5.0,90.0,3.0,2.40765190877,2.47325421062,4.60886266553,0.253710281392,0.26062323189,165,196,255,0,2.47325421062,0.0,1,0
5.0,90.0,5.0,2.71477652506,2.77911365568,5.06816655155,0.257031049337,0.263122394257,170,198,255,0,2.77911365568,0.0,0,0
5.0,90.0,8.0,3.25609360575,3.31993273878,5.74853543136,0.26419548743,0.269375317285,181,202,255,0,3.31993273878,0.0,0,0
5.0,90.0,12.0,3.88041393946,3.9653726309,6.61797963453,0.268285167534,0.274159065815,187,206,255,0,3.9653726309,0.0,0,0
5.0,90.0,20.0,4.63762138343,4.75570557221,8.20222950518,0.263567758926,0.270278782191,180,203,255,0,4.75570557221,0.0,0,0
5.0,90.0,30.0,4.48960291451,4.59773517777,8.28818394968,0.258386648969,0.2646099016,172,199,255,0,4.59773517777,0.0,0,0
5.0,90.0,45.0,3.94554965317,4.03288039919,7.49997222884,0.254906777941,0.260548881333,167,196,255,0,4.03288039919,0.0,0,0
5.0,90.0,60.0,3.40091208445,3.4654020112,6.55460138305,0.25340388216,0.258209063063,165,194,255,0,3.4654020112,0.0,0,0
5.0,90.0,90.0,3.04807357446,3.1009519607,5.90807655407,0.252803165462,0.257188828439,165,194,255,0,3.1009519607,0.0,0,0
5.0,180.0,0.0,1.39210354627,1.41908046972,2.87606919127,0.244776080041,0.249519481199,153,189,255,0,1.41908046972,0.0,1,0
5.0,180.0,0.5,1.56268321755,1.59282405036,3.21927265561,0.245135241733,0.249863378732,153,189,255,0,1.59282405036,0.0,1,0
5.0,180.0,1.0,1.60357119647,1.63451720373,3.30210835319,0.245186996192,0.249918659233,153,189,255,0,1.63451720373,0.0,1,0
5.0,180.0,2.0,1.67648370493,1.70884210378,3.45457716095,0.245103433831,0.249834261006,153,189,255,0,1.70884210378,0.0,1,0
5.0,180.0,3.0,1.74718711351,1.78095303083,3.60786566269,0.244841044242,0.249572811316,153,189,255,0,1.78095303083,0.0,1,0
5.0,180.0,5.0,1.91035535897,1.94757038861,3.9751833895,0.24388213231,0.248633123135,151,188,255,0,1.94757038861,0.0,0,0
5.0,180.0,8.0,2.04940403916,2.08955170614,4.32586645321,0.242108338615,0.246851222287,149,187,255,0,2.08955170614,0.0,0,0
5.0,180.0,12.0,2.25354564185,2.28126186198,4.66026971403,0.245081752818,0.248095998318,154,187,255,0,2.28126186198,0.0,0,0
5.0,180.0,20.0,2.96388883001,2.98702116547,5.52003872563,0.258382188088,0.260398789855,173,196,255,0,2.98702116547,0.0,0,0
5.0,180.0,30.0,3.48527960353,3.53390431948,6.2471483126,0.2627161405,0.26638141249,179,200,255,0,3.53390431948,0.0,0,0
5.0,180.0,45.0,3.55889763373,3.62106935778,6.50696657176,0.260021546629,0.264563961025,175,199,255,0,3.62106935778,0.0,0,0
5.0,180.0,60.0,3.26079815589,3.31753916535,6.1248897455,0.256690535307,0.26115719635,170,196,255,0,3.31753916535,0.0,0,0
5.0,180.0,90.0,3.04807357446,3.1009519607,5.90807655407,0.252803165462,0.257188828439,165,194,255,0,3.1009519607,0.0,0,0
5.5,0.0,0.0,2.54650595314,2.64402638664,4.34863605617,0.266952615516,0.277175774333,184,209,255,0,2.64402638664,0.0,1,0
5.5,0.0,0.5,2.37759572895,2.46988371406,4.06030556585,0.266912114132,0.277272488234,184,209,255,0,2.46988371406,0.0,1,0
5.5,0.0,1.0,2.40934276033,2.50296635236,4.10049233617,0.267324513249,0.277712359089,185,209,255,0,2.50296635236,0.0,1,0
5.5,0.0,2.0,2.55925790087,2.65745779224,4.31124910587,0.268604886234,0.278911378065,187,210,255,0,2.65745779224,0.0,1,0
5.5,0.0,3.0,2.7840908129,2.87454609856,4.55545245042,0.2725735711,0.281429503573,193,212,255,0,2.87454609856,0.0,1,0
5.5,0.0,5.0,3.70979847958,3.75255323338,5.22743190479,0.292345290616,0.295714517002,223,223,255,0,3.75255323338,0.0,0,0
5.5,0.0,8.0,5.57419986217,5.67278560009,6.98366329574,0.305759818872,0.311167511118,243,237,255,0,5.67278560009,0.0,0,0
5.5,0.0,12.0,7.36519385715,7.62182701462,10.0826919028,0.293788521767,0.304025302689,224,231,255,0,7.62182701462,0.0,0,0
5.5,0.0,20.0,7.43892290294,7.75721104173,11.7007121144,0.276572312106,0.288405972384,198,218,255,0,7.75721104173,0.0,0,0
5.5,0.0,30.0,5.87242923587,6.10277429051,10.1652161627,0.265235678381,0.275639503506,182,208,255,0,6.10277429051,0.0,0,0
5.5,0.0,45.0,3.83888259427,3.95813173145,7.15640185254,0.256722781504,0.264697490143,170,199,255,0,3.95813173145,0.0,0,0
5.5,0.0,60.0,2.56689345069,2.62743604074,4.99682146278,0.251874735466,0.257815437388,163,194,255,0,2.62743604074,0.0,0,0
5.5,0.0,90.0,1.621273447,1.64542877854,3.27252494272,0.247930436622,0.251624348903,158,190,255,0,1.64542877854,0.0,0,0
5.5,90.0,0.0,1.07463566761,1.10444786977,2.14694254278,0.248411740405,0.25530310019,157,193,255,0,1.10444786977,0.0,1,0
5.5,90.0,0.5,1.10843493987,1.13914532982,2.21281724302,0.248505864492,0.255390988487,158,193,255,0,1.13914532982,0.0,1,0
5.5,90.0,1.0,1.18496237629,1.21817969544,2.3527015079,0.249159240932,0.256143768197,159,193,255,0,1.21817969544,0.0,1,0
5.5,90.0,2.0,1.26578048039,1.30138853685,2.50090446047,0.249755747614,0.256781702668,159,194,255,0,1.30138853685,0.0,1,0
5.5,90.0,3.0,1.3460891857,1.38362556013,2.64444639694,0.250474287976,0.257458889559,161,194,255,0,1.38362556013,0.0,1,0
5.5,90.0,5.0,1.51384201429,1.5518386111,2.90800003612,0.253418637532,0.259779305094,165,196,255,0,1.5518386111,0.0,0,0
5.5,90.0,8.0,1.79900143951,1.83865704519,3.29423907685,0.259525104567,0.265245847744,174,200,255,0,1.83865704519,0.0,0,0
5.5,90.0,12.0,2.12137879686,2.17245868699,3.77583050859,0.262883032964,0.269212895626,179,202,255,0,2.17245868699,0.0,0,0
5.5,90.0,20.0,2.51283375821,2.5783588226,4.63889863525,0.258253874749,0.264988145059,172,199,255,0,2.5783588226,0.0,0,0
5.5,90.0,30.0,2.41277458509,2.46928539369,4.64540835653,0.253244041352,0.259175397575,165,195,255,0,2.46928539369,0.0,0,0
5.5,90.0,45.0,2.10585899025,2.14903551507,4.1709336033,0.249929023367,0.255053329757,160,192,255,0,2.14903551507,0.0,0,0
5.5,90.0,60.0,1.81304986725,1.84359273375,3.64038032513,0.248464323821,0.252649985126,158,191,255,0,1.84359273375,0.0,0,0
5.5,90.0,90.0,1.621273447,1.64542877854,3.27252494272,0.247930436622,0.251624348903,158,190,255,0,1.64542877854,0.0,0,0
5.5,180.0,0.0,0.759388107205,0.773977684215,1.62012654804,0.240808610093,0.245435092558,147,186,255,0,0.773977684215,0.0,1,0
5.5,180.0,0.5,0.851187754598,0.867419587998,1.81205536578,0.24108441528,0.245681805271,147,186,255,0,0.867419587998,0.0,1,0
5.5,180.0,1.0,0.872705457343,0.889357396799,1.85726032221,0.241123938046,0.245724781531,147,186,255,0,0.889357396799,0.0,1,0
5.5,180.0,2.0,0.910990433476,0.928381830885,1.94016042367,0.241032558433,0.245634026086,147,186,255,0,0.928381830885,0.0,1,0
5.5,180.0,3.0,0.948193674311,0.966309363811,2.02363984677,0.240771780513,0.245371839482,147,186,255,0,0.966309363811,0.0,1,0
5.5,180.0,5.0,1.02199116776,1.04168534967,2.19464671421,0.239998495221,0.244623363001,145,185,255,0,1.04168534967,0.0,0,0
5.5,180.0,8.0,1.11710496233,1.13909990611,2.43624808856,0.238064179347,0.242751481272,142,184,255,0,1.13909990611,0.0,0,0
5.5,180.0,12.0,1.19763975479,1.21664335447,2.6251388879,0.237654190395,0.241425178355,142,183,255,0,1.21664335447,0.0,0,0
5.5,180.0,20.0,1.44496570202,1.45834068228,2.92427972166,0.247952698724,0.250247813719,158,189,255,0,1.45834068228,0.0,0,0
5.5,180.0,30.0,1.71550069689,1.73657188397,3.31478062932,0.253515281565,0.256629164256,166,193,255,0,1.73657188397,0.0,0,0
5.5,180.0,45.0,1.78538575709,1.81177750973,3.45876064036,0.253033590013,0.256773958104,165,193,255,0,1.81177750973,0.0,0,0
5.5,180.0,60.0,1.67262596981,1.69712162257,3.30048149574,0.250759898605,0.254432284131,162,192,255,0,1.69712162257,0.0,0,0
5.5,180.0,90.0,1.62127344699,1.64542877853,3.2725249427,0.247930436622,0.251624348903,158,190,255,0,1.64542877853,0.0,0,0
6.0,0.0,0.0,1.48632979775,1.54612277185,2.56511617852,0.265531316297,0.276213270693,182,208,255,0,1.54612277185,0.0,1,0
6.0,0.0,0.5,1.38642483205,1.44300388087,2.39041731132,0.265606461496,0.276445679464,182,208,255,0,1.44300388087,0.0,1,0
6.0,0.0,1.0,1.40484564658,1.46225481614,2.41331181966,0.266048477175,0.27692057702,183,209,255,0,1.46225481614,0.0,1,0
6.0,0.0,2.0,1.49392977407,1.55415810917,2.53850849333,0.267413228622,0.278194092505,185,210,255,0,1.55415810917,0.0,1,0
6.0,0.0,3.0,1.63229889139,1.68717322778,2.68573237201,0.271814039603,0.280951836072,192,212,255,0,1.68717322778,0.0,1,0
6.0,0.0,5.0,2.21874606741,2.24377281555,3.10772061106,0.293087962298,0.296393901054,224,223,255,0,2.24377281555,0.0,0,0
6.0,0.0,8.0,3.59192080882,3.66863244064,4.68388292143,0.300719159735,0.30714153336,235,233,255,0,3.66863244064,0.0,0,0
6.0,0.0,12.0,4.42434939393,4.59082092103,6.14822159844,0.291778344792,0.302756859893,221,230,255,0,4.59082092103,0.0,0,0
6.0,0.0,20.0,4.37035190378,4.56610882353,7.04086902364,0.273534562527,0.285786729992,194,216,255,0,4.56610882353,0.0,0,0
6.0,0.0,30.0,3.35532449956,3.4908377571,5.96662820918,0.261873048537,0.272449453256,177,205,255,0,3.4908377571,0.0,0,0
6.0,0.0,45.0,2.13336838452,2.19997850404,4.10320170372,0.252872174111,0.260767597078,164,197,255,0,2.19997850404,0.0,0,0
6.0,0.0,60.0,1.38991273818,1.42139902626,2.80203483962,0.247608572251,0.253217755203,157,191,255,0,1.42139902626,0.0,0,0
6.0,0.0,90.0,0.850748271703,0.861600012638,1.79071924307,0.242858085106,0.245955867506,150,186,255,0,0.861600012638,0.0,0,0
6.0,90.0,0.0,0.599952627949,0.617065244914,1.22474248615,0.245704958611,0.252713270013,153,191,255,0,0.617065244914,0.0,1,0
6.0,90.0,0.5,0.618863844665,0.636499910166,1.2624244349,0.245796627051,0.252801213685,154,191,255,0,0.636499910166,0.0,1,0
6.0,90.0,1.0,0.662293952317,0.681421079876,1.34326345585,0.246482789224,0.253601241286,155,192,255,0,0.681421079876,0.0,1,0
6.0,90.0,2.0,0.70774435586,0.728288038738,1.42837211536,0.247082544871,0.254254605523,155,192,255,0,0.728288038738,0.0,1,0
6.0,90.0,3.0,0.752848117542,0.774589165331,1.51088535382,0.247784125507,0.254939734173,156,193,255,0,0.774589165331,0.0,1,0
6.0,90.0,5.0,0.845073849201,0.867725689717,1.66220992608,0.250391549406,0.257103187033,161,194,255,0,0.867725689717,0.0,0,0
6.0,90.0,8.0,0.994764828649,1.01948146755,1.88033536521,0.255422768126,0.261769185032,168,197,255,0,1.01948146755,0.0,0,0
6.0,90.0,12.0,1.15842267052,1.18940487555,2.14409200647,0.257890342195,0.264787661854,172,199,255,0,1.18940487555,0.0,0,0
6.0,90.0,20.0,1.35509888541,1.39197070456,2.60626163659,0.253131896395,0.260019536557,165,196,255,0,1.39197070456,0.0,0,0
6.0,90.0,30.0,1.27777754462,1.30695542178,2.56837747206,0.247962383085,0.253624570517,157,191,255,0,1.30695542178,0.0,0,0
6.0,90.0,45.0,1.0875947461,1.10716580849,2.24921652736,0.244734553316,0.24913850546,153,188,255,0,1.10716580849,0.0,0,0
6.0,90.0,60.0,0.954817592544,0.969194427807,1.99933213406,0.24336829882,0.247032732705,151,187,255,0,0.969194427807,0.0,0,0
6.0,90.0,90.0,0.850748271703,0.861600012638,1.79071924307,0.242858085106,0.245955867506,150,186,255,0,0.861600012638,0.0,0,0
6.0,180.0,0.0,0.418666538722,0.426830328543,0.916551340445,0.237602204576,0.242235329701,142,184,255,0,0.426830328543,0.0,1,0
6.0,180.0,0.5,0.468165994753,0.477199206575,1.02309909356,0.237833114865,0.242422078883,142,184,255,0,0.477199206575,0.0,1,0
6.0,180.0,1.0,0.479650280431,0.488910665126,1.04787513154,0.237870312816,0.24246276422,142,184,255,0,0.488910665126,0.0,1,0
6.0,180.0,2.0,0.500140954801,0.509807261042,1.09334529457,0.237789425168,0.242385220378,142,184,255,0,0.509807261042,0.0,1,0
6.0,180.0,3.0,0.520088139003,0.530148096255,1.13910529958,0.237554593803,0.242149563154,142,184,255,0,0.530148096255,0.0,1,0
6.0,180.0,5.0,0.560603080464,0.571517533317,1.23409497094,0.236919697463,0.241532317261,141,183,255,0,0.571517533317,0.0,0,0
6.0,180.0,8.0,0.618104265234,0.630475081079,1.3790955329,0.235228593204,0.239936487603,138,182,255,0,0.630475081079,0.0,0,0
6.0,180.0,12.0,0.657593540512,0.669893117466,1.49426796902,0.233044196764,0.237403036769,135,181,255,0,0.669893117466,0.0,0,0
6.0,180.0,20.0,0.747181722804,0.755524694508,1.62940761191,0.23855508319,0.24121877028,144,183,255,0,0.755524694508,0.0,0,0
6.0,180.0,30.0,0.854276565682,0.863820331534,1.77618284508,0.244478584625,0.247209838719,153,187,255,0,0.863820331534,0.0,0,0
6.0,180.0,45.0,0.891168005435,0.902437866324,1.83206947795,0.245793657589,0.248902005635,155,188,255,0,0.902437866324,0.0,0,0
6.0,180.0,60.0,0.848311911929,0.858695611594,1.76160613674,0.244568001806,0.247561618473,153,187,255,0,0.858695611594,0.0,0,0
6.0,180.0,90.0,0.850748271703,0.861600012638,1.79071924307,0.242858085106,0.245955867506,150,186,255,0,0.861600012638,0.0,0,0
