solar_depression_deg,relative_azimuth_deg,elevation_deg,X,Y_cd_m2,Z,CIE_x,CIE_y,preview_sRGB_R8,preview_sRGB_G8,preview_sRGB_B8,gamut_clipped,solar_Y_cd_m2,background_Y_cd_m2,near_horizon,night_background_important
-6.0,0.0,0.0,6615.85104453,6245.7159685,3196.04918473,0.412007047812,0.388956610469,255,193,135,0,6245.7159685,0.0,1,0
-6.0,0.0,0.5,7165.56554822,6728.5240241,3317.55936877,0.41632068913,0.390928495412,255,191,131,0,6728.5240241,0.0,1,0
-6.0,0.0,1.0,7890.19580603,7380.09449213,3520.36657627,0.419899945955,0.392753406198,255,189,127,0,7380.09449213,0.0,1,0
-6.0,0.0,2.0,10279.8295216,9472.44522799,4138.97550964,0.430275913151,0.396481771578,255,184,118,0,9472.44522799,0.0,1,0
-6.0,0.0,3.0,18712.2839687,15870.4492576,5282.7297993,0.469385842996,0.398100211388,255,160,89,0,15870.4492576,0.0,1,0
-6.0,0.0,5.0,217125.136493,194779.806887,53765.7790655,0.466263232854,0.418277975184,255,173,79,0,194779.806887,0.0,0,0
-6.0,0.0,8.0,92820.450305,79764.9337227,19258.1227701,0.483834203483,0.415781253451,255,161,66,0,79764.9337227,0.0,0,0
-6.0,0.0,12.0,15366.1624299,15255.5129565,8639.4701442,0.391383445955,0.388565151381,255,209,152,0,15255.5129565,0.0,0,0
-6.0,0.0,20.0,11229.9107852,11488.9287182,7862.34347449,0.367216362862,0.375686209606,255,224,178,0,11488.9287182,0.0,0,0
-6.0,0.0,30.0,6953.63139992,7157.62485613,5585.17620551,0.353040146407,0.363397019744,255,230,196,0,7157.62485613,0.0,0,0
-6.0,0.0,45.0,3149.44649492,3253.32115889,3146.32210688,0.329816409087,0.340694374063,255,240,229,0,3253.32115889,0.0,0,0
-6.0,0.0,60.0,1632.81688708,1692.2934617,2014.14664903,0.305813503218,0.316952988476,243,243,255,0,1692.2934617,0.0,0,0
-6.0,0.0,90.0,763.286970931,795.881097194,1264.82344756,0.270286566617,0.281828430706,189,213,255,0,795.881097194,0.0,0,0
-6.0,90.0,0.0,907.191237614,940.396548173,1060.99302651,0.311901678571,0.32331800588,253,249,255,0,940.396548173,0.0,1,0
-6.0,90.0,0.5,938.989467443,973.127260355,1095.26024845,0.312228721194,0.323580072615,254,249,255,0,973.127260355,0.0,1,0
-6.0,90.0,1.0,997.977555298,1033.87906312,1157.86564947,0.312872868383,0.324128239479,255,250,255,0,1033.87906312,0.0,1,0
-6.0,90.0,2.0,1068.38401674,1106.07443439,1231.06258395,0.313721162117,0.324788607381,255,249,254,0,1106.07443439,0.0,1,0
-6.0,90.0,3.0,1141.25194581,1180.46932283,1303.88137743,0.314775792391,0.325592580895,255,248,252,0,1180.46932283,0.0,1,0
-6.0,90.0,5.0,1284.07687909,1327.80242425,1443.45881056,0.316638673033,0.327420892404,255,247,249,0,1327.80242425,0.0,0,0
-6.0,90.0,8.0,1454.33530648,1511.56252908,1644.26259774,0.315463057635,0.327876339869,255,250,251,0,1511.56252908,0.0,0,0
-6.0,90.0,12.0,1559.96022625,1632.981401,1849.36151643,0.30937454211,0.323856252681,249,250,255,0,1632.981401,0.0,0,0
-6.0,90.0,20.0,1542.94523812,1623.99874201,2088.08466531,0.293613097515,0.309037086491,224,236,255,0,1623.99874201,0.0,0,0
-6.0,90.0,30.0,1356.07327416,1425.81639895,2001.54832058,0.2834934363,0.298073561492,208,226,255,0,1425.81639895,0.0,0,0
-6.0,90.0,45.0,1086.76614435,1139.64697234,1700.60919181,0.276740506921,0.290206391208,198,219,255,0,1139.64697234,0.0,0,0
-6.0,90.0,60.0,911.060440043,952.021626188,1463.76631646,0.273850904893,0.286163214152,194,216,255,0,952.021626188,0.0,0,0
-6.0,90.0,90.0,763.286970932,795.881097194,1264.82344756,0.270286566617,0.281828430706,189,213,255,0,795.881097194,0.0,0,0
-6.0,180.0,0.0,871.808400983,905.668792411,1075.16468114,0.30561438811,0.317484224184,243,243,255,0,905.668792411,0.0,1,0
-6.0,180.0,0.5,935.869417837,971.76234787,1145.58656094,0.306518996585,0.318274765807,245,244,255,0,971.76234787,0.0,1,0
-6.0,180.0,1.0,956.138496858,992.751067179,1168.53894886,0.306707433035,0.31845191095,245,244,255,0,992.751067179,0.0,1,0
-6.0,180.0,2.0,1003.69540487,1042.2337997,1223.65556365,0.306979471714,0.318766410288,245,245,255,0,1042.2337997,0.0,1,0
-6.0,180.0,3.0,1053.4535409,1094.00574456,1278.77894928,0.307466518299,0.319302298792,246,245,255,0,1094.00574456,0.0,1,0
-6.0,180.0,5.0,1166.81069441,1213.62428072,1395.32739695,0.309026516881,0.321424962994,249,247,255,0,1213.62428072,0.0,0,0
-6.0,180.0,8.0,1346.22614843,1411.99211386,1610.04907027,0.30818309548,0.323238484819,247,249,255,0,1411.99211386,0.0,0,0
-6.0,180.0,12.0,1553.45609112,1648.67034767,2033.14340033,0.296728944038,0.314916021205,229,241,255,0,1648.67034767,0.0,0,0
-6.0,180.0,20.0,1577.35293392,1683.75786952,2318.3299735,0.282708070034,0.301778966178,207,229,255,0,1683.75786952,0.0,0,0
-6.0,180.0,30.0,1380.6778021,1467.97465299,2221.1455838,0.272333886185,0.28955288588,191,219,255,0,1467.97465299,0.0,0,0
-6.0,180.0,45.0,1032.19255756,1092.32700648,1800.36118776,0.26298698555,0.278308329743,177,210,255,0,1092.32700648,0.0,0,0
-6.0,180.0,60.0,806.387588553,848.25596735,1438.8888025,0.260668871416,0.274203036877,174,207,255,0,848.25596735,0.0,0,0
-6.0,180.0,90.0,763.286970932,795.881097195,1264.82344756,0.270286566617,0.281828430706,189,213,255,0,795.881097195,0.0,0,0
-5.5,0.0,0.0,5026.34277346,4701.44884463,2394.79652117,0.414626209826,0.387825503153,255,190,133,0,4701.44884463,0.0,1,0
-5.5,0.0,0.5,5300.59414076,4927.07970691,2422.95574149,0.418998446157,0.389473082915,255,188,129,0,4927.07970691,0.0,1,0
-5.5,0.0,1.0,5891.67654532,5447.63779695,2570.49541493,0.423562697705,0.391639993073,255,186,125,0,5447.63779695,0.0,1,0
-5.5,0.0,2.0,8586.04638134,7589.75032394,3084.34221416,0.445793585252,0.394065191102,255,172,108,0,7589.75032394,0.0,1,0
-5.5,0.0,3.0,23172.2196898,18592.7453639,4393.15596888,0.502018261933,0.402805507502,255,145,62,0,18592.7453639,0.0,1,0
-5.5,0.0,5.0,232484.067391,210976.735452,62024.8671156,0.459922172294,0.417374315417,255,176,84,0,210976.735452,0.0,0,0
-5.5,0.0,8.0,39438.1601022,32907.0170792,8306.22129937,0.488995365797,0.408015455393,255,155,68,0,32907.0170792,0.0,0,0
-5.5,0.0,12.0,12080.3067501,11957.2557907,6682.84050295,0.393233992827,0.389228480292,255,208,150,0,11957.2557907,0.0,0,0
-5.5,0.0,20.0,9179.30682766,9348.27875331,6296.35592818,0.369776363849,0.376583176764,255,222,175,0,9348.27875331,0.0,0,0
-5.5,0.0,30.0,5705.11503704,5849.0620934,4552.30486635,0.354212362338,0.363149575094,255,228,195,0,5849.0620934,0.0,0,0
-5.5,0.0,45.0,2624.75328904,2703.41636503,2652.19863324,0.328901273042,0.338758346445,255,240,230,0,2703.41636503,0.0,0,0
-5.5,0.0,60.0,1383.67775684,1431.63527995,1742.0214011,0.303615583999,0.314138736023,240,240,255,0,1431.63527995,0.0,0,0
-5.5,0.0,90.0,671.372460317,700.024056381,1127.50848066,0.268666660408,0.280132320805,187,211,255,0,700.024056381,0.0,0,0
-5.5,90.0,0.0,719.921560018,748.744500825,888.238755554,0.305452114574,0.317681263841,243,243,255,0,748.744500825,0.0,1,0
-5.5,90.0,0.5,744.690679928,774.348452507,916.600125885,0.305747527013,0.317924113705,243,244,255,0,774.348452507,0.0,1,0
-5.5,90.0,1.0,791.454181079,822.612017587,968.70594012,0.306435929517,0.318499648201,244,244,255,0,822.612017587,0.0,1,0
-5.5,90.0,2.0,847.778405235,880.399729884,1029.67864119,0.307404798,0.319233303718,246,245,255,0,880.399729884,0.0,1,0
-5.5,90.0,3.0,907.072990211,940.752044375,1090.28009577,0.308727206811,0.320190055371,248,246,255,0,940.752044375,0.0,1,0
-5.5,90.0,5.0,1028.25739448,1064.94358003,1207.41564428,0.311534938238,0.322649887287,253,248,255,0,1064.94358003,0.0,0,0
-5.5,90.0,8.0,1182.56565016,1230.15332617,1381.8933671,0.311643336165,0.324184189276,253,250,255,0,1230.15332617,0.0,0,0
-5.5,90.0,12.0,1289.01284555,1350.45500616,1569.18085503,0.306277129637,0.320876152955,244,247,255,0,1350.45500616,0.0,0,0
-5.5,90.0,20.0,1308.1376813,1377.70396394,1807.0775374,0.291155399891,0.306638937389,220,233,255,0,1377.70396394,0.0,0,0
-5.5,90.0,30.0,1152.69680878,1212.39047104,1742.02913701,0.28065842109,0.295192623728,204,223,255,0,1212.39047104,0.0,0,0
-5.5,90.0,45.0,943.571071902,989.726814236,1500.62013756,0.274779731313,0.28822086241,195,218,255,0,989.726814236,0.0,0,0
-5.5,90.0,60.0,793.806306541,829.46787759,1296.56717844,0.271866244762,0.284079775095,191,214,255,0,829.46787759,0.0,0,0
-5.5,90.0,90.0,671.372460317,700.024056381,1127.50848066,0.268666660408,0.280132320805,187,211,255,0,700.024056381,0.0,0,0
-5.5,180.0,0.0,705.772998488,736.625504348,914.435518087,0.299458083269,0.312548740305,233,239,255,0,736.625504348,0.0,1,0
-5.5,180.0,0.5,752.811654813,785.736581766,971.441816919,0.299926150609,0.313043703369,234,239,255,0,785.736581766,0.0,1,0
-5.5,180.0,1.0,769.581624343,803.342638242,992.190176707,0.300018436821,0.313180038261,234,239,255,0,803.342638242,0.0,1,0
-5.5,180.0,2.0,807.954866795,843.271701979,1037.61899222,0.300483924594,0.313618496433,235,240,255,0,843.271701979,0.0,1,0
-5.5,180.0,3.0,849.481630149,886.186270365,1083.13109154,0.301362967896,0.314384343426,236,240,255,0,886.186270365,0.0,1,0
-5.5,180.0,5.0,950.474649232,991.932358472,1183.65345848,0.304048709075,0.317310675594,241,243,255,0,991.932358472,0.0,0,0
-5.5,180.0,8.0,1118.30255085,1175.84472846,1373.8337893,0.304882312622,0.320570010167,242,246,255,0,1175.84472846,0.0,0,0
-5.5,180.0,12.0,1322.04955589,1405.97231276,1756.94206806,0.294773731639,0.313485756542,226,240,255,0,1405.97231276,0.0,0,0
-5.5,180.0,20.0,1370.4506342,1465.45019576,2033.24303401,0.281456180488,0.300966707228,205,229,255,0,1465.45019576,0.0,0,0
-5.5,180.0,30.0,1217.23045637,1296.17260143,1975.43410349,0.271168325477,0.288754649558,189,219,255,0,1296.17260143,0.0,0,0
-5.5,180.0,45.0,920.277299541,974.863334397,1615.98618869,0.262103121314,0.277649707243,176,210,255,0,974.863334397,0.0,0,0
-5.5,180.0,60.0,720.889198296,758.884174884,1296.02584875,0.259705094158,0.273393035378,173,206,255,0,758.884174884,0.0,0,0
-5.5,180.0,90.0,671.372460315,700.024056379,1127.50848066,0.268666660408,0.280132320805,187,211,255,0,700.024056379,0.0,0,0
-5.0,0.0,0.0,3730.05833906,3459.67374578,1791.69647754,0.415307911559,0.385203057815,255,188,134,0,3459.67374578,0.0,1,0
-5.0,0.0,0.5,3996.88968499,3681.90983457,1835.23523161,0.420104591745,0.386997728184,255,185,129,0,3681.90983457,0.0,1,0
-5.0,0.0,1.0,4531.92907565,4120.35698848,1934.56802301,0.428071364576,0.389195596214,255,181,123,0,4120.35698848,0.0,1,0
-5.0,0.0,2.0,8352.88452593,6913.74740262,2363.39739332,0.473787330323,0.392157453422,255,155,90,0,6913.74740262,0.0,1,0
-5.0,0.0,3.0,31415.1327306,24895.7956357,4587.17062261,0.51586393093,0.408810719038,255,142,44,0,24895.7956357,0.0,1,0
-5.0,0.0,5.0,200048.554609,180622.698964,51655.7721337,0.462725073183,0.417791829388,255,175,82,0,180622.698964,0.0,0,0
-5.0,0.0,8.0,17939.4058463,15199.4387527,4883.95051726,0.471806604209,0.399745434448,255,160,87,0,15199.4387527,0.0,0,0
-5.0,0.0,12.0,9583.92678289,9456.86330267,5226.86345088,0.394925977021,0.389690057527,255,207,148,0,9456.86330267,0.0,0,0
-5.0,0.0,20.0,7555.31016358,7661.38896667,5110.3020045,0.371688382044,0.376906997539,255,220,173,0,7661.38896667,0.0,0,0
-5.0,0.0,30.0,4712.46393497,4813.5710257,3763.7214988,0.354593701498,0.362201597928,255,227,195,0,4813.5710257,0.0,0,0
-5.0,0.0,45.0,2208.10937961,2268.96051193,2271.62830668,0.327190417286,0.336207138812,255,240,233,0,2268.96051193,0.0,0,0
-5.0,0.0,60.0,1184.09130403,1223.59094177,1526.89845917,0.300944723929,0.310983821027,236,237,255,0,1223.59094177,0.0,0,0
-5.0,0.0,90.0,594.98431578,620.315540884,1014.37787839,0.266847673288,0.278208608864,184,210,255,0,620.315540884,0.0,0,0
-5.0,90.0,0.0,593.475787954,618.669309627,765.373536692,0.300111350492,0.312851317254,234,239,255,0,618.669309627,0.0,1,0
-5.0,90.0,0.5,613.527893687,639.4789659,789.591552428,0.300366381408,0.313071312569,235,239,255,0,639.4789659,0.0,1,0
-5.0,90.0,1.0,651.755232609,679.034284959,834.227667926,0.301039288268,0.313639212431,236,240,255,0,679.034284959,0.0,1,0
-5.0,90.0,2.0,697.858344208,726.467311821,886.541897644,0.301989762719,0.314369947627,237,240,255,0,726.467311821,0.0,1,0
-5.0,90.0,3.0,746.712918076,776.19828271,938.377958285,0.303382849319,0.315362491989,239,241,255,0,776.19828271,0.0,1,0
-5.0,90.0,5.0,849.597616278,881.272286347,1038.78636658,0.306752005917,0.318188323998,245,244,255,0,881.272286347,0.0,0,0
-5.0,90.0,8.0,987.418330164,1028.12986433,1191.80272486,0.307861021444,0.32055421754,247,246,255,0,1028.12986433,0.0,0,0
-5.0,90.0,12.0,1089.43326484,1142.34704027,1362.02143313,0.30314228335,0.317865904543,239,244,255,0,1142.34704027,0.0,0,0
-5.0,90.0,20.0,1128.10623993,1188.79344844,1591.5663675,0.288631453825,0.304158570511,216,231,255,0,1188.79344844,0.0,0,0
-5.0,90.0,30.0,1000.96820974,1053.41425897,1550.12901136,0.277698715976,0.292248828945,200,221,255,0,1053.41425897,0.0,0,0
-5.0,90.0,45.0,828.744412081,869.441011162,1340.36509135,0.272743338675,0.28613676389,192,216,255,0,869.441011162,0.0,0,0
-5.0,90.0,60.0,698.900522541,730.24511782,1161.37567795,0.26979145765,0.281891182542,188,213,255,0,730.24511782,0.0,0,0
-5.0,90.0,90.0,594.984315781,620.315540884,1014.37787839,0.266847673288,0.278208608864,184,210,255,0,620.315540884,0.0,0,0
-5.0,180.0,0.0,595.396333902,623.199129849,795.368785401,0.29563401344,0.309439023116,227,236,255,0,623.199129849,0.0,1,0
-5.0,180.0,0.5,630.072459175,659.729810842,839.000903878,0.295974971713,0.309906438948,228,236,255,0,659.729810842,0.0,1,0
-5.0,180.0,1.0,644.069794844,674.595368082,857.160920568,0.296011615878,0.310041033702,228,236,255,0,674.595368082,0.0,1,0
-5.0,180.0,2.0,676.849870488,708.860753738,897.903796416,0.296394112933,0.310411752234,228,237,255,0,708.860753738,0.0,1,0
-5.0,180.0,3.0,713.317533689,746.631143939,940.01391109,0.297220272117,0.31110115943,230,237,255,0,746.631143939,0.0,1,0
-5.0,180.0,5.0,803.035987964,839.961284959,1029.35573663,0.300497720583,0.314315242768,235,240,255,0,839.961284959,0.0,0,0
-5.0,180.0,8.0,958.518723975,1009.39319279,1201.88671288,0.302391046236,0.318440794109,238,244,255,0,1009.39319279,0.0,0,0
-5.0,180.0,12.0,1152.11674909,1226.76276786,1550.50792126,0.293205179486,0.312202038398,223,239,255,0,1226.76276786,0.0,0,0
-5.0,180.0,20.0,1211.78972499,1297.19918058,1813.35161773,0.280354987872,0.300114989458,203,228,255,0,1297.19918058,0.0,0,0
-5.0,180.0,30.0,1087.09179676,1158.79729726,1779.64873819,0.270048833739,0.287861484741,188,218,255,0,1158.79729726,0.0,0,0
-5.0,180.0,45.0,828.77243293,878.418400767,1465.55474694,0.261216164948,0.276863800907,175,209,255,0,878.418400767,0.0,0,0
-5.0,180.0,60.0,649.762529169,684.288550169,1177.81940193,0.258676764593,0.272421908404,171,206,255,0,684.288550169,0.0,0,0
-5.0,180.0,90.0,594.984315781,620.315540884,1014.37787839,0.266847673288,0.278208608864,184,210,255,0,620.315540884,0.0,0,0
-4.5,0.0,0.0,2847.11150221,2627.86224932,1415.80839885,0.413176826676,0.381359066645,255,187,137,0,2627.86224932,0.0,1,0
-4.5,0.0,0.5,3104.26747848,2827.88538472,1452.27835904,0.42038003809,0.382952362831,255,183,131,0,2827.88538472,0.0,1,0
-4.5,0.0,1.0,3727.01154318,3288.66357498,1543.99772768,0.435415185873,0.384204353859,255,173,120,0,3288.66357498,0.0,1,0
-4.5,0.0,2.0,9595.98876783,7506.70781411,1962.75689174,0.503318149819,0.393733504659,255,140,68,0,7506.70781411,0.0,1,0
-4.5,0.0,3.0,40143.7552872,32173.0325631,5508.18380168,0.515821007513,0.413402432152,255,144,38,0,32173.0325631,0.0,1,0
-4.5,0.0,5.0,136209.121904,120077.57892,30251.5354985,0.475361067522,0.419063020911,255,168,71,0,120077.57892,0.0,0,0
-4.5,0.0,8.0,9837.30087497,8745.66512394,3523.2645514,0.445001279281,0.395619918287,255,174,108,0,8745.66512394,0.0,0,0
-4.5,0.0,12.0,7736.31821601,7611.78174404,4193.67553988,0.395886147399,0.38951331439,255,206,147,0,7611.78174404,0.0,0,0
-4.5,0.0,20.0,6279.43053716,6341.20742161,4213.29620671,0.373022163175,0.376691946118,255,218,172,0,6341.20742161,0.0,0,0
-4.5,0.0,30.0,3944.90804474,4016.14896794,3172.69347812,0.35431978182,0.360718427385,255,226,195,0,4016.14896794,0.0,0,0
-4.5,0.0,45.0,1888.00624976,1936.42304931,1982.03633844,0.325155846539,0.33349427521,255,241,236,0,1936.42304931,0.0,0,0
-4.5,0.0,60.0,1030.874445,1064.36233318,1360.29858662,0.298325537485,0.308016622843,231,234,255,0,1064.36233318,0.0,0,0
-4.5,0.0,90.0,534.978878228,557.746110672,923.418564503,0.265347612438,0.276640078396,182,209,255,0,557.746110672,0.0,0,0
-4.5,90.0,0.0,509.500155561,531.850980644,678.824141969,0.296190837077,0.309184178724,228,236,255,0,531.850980644,0.0,1,0
-4.5,90.0,0.5,526.627166913,549.66624055,700.268526078,0.296430513888,0.309398862022,228,236,255,0,549.66624055,0.0,1,0
-4.5,90.0,1.0,559.198251387,583.422484188,739.628074159,0.297090506045,0.309960341678,230,236,255,0,583.422484188,0.0,1,0
-4.5,90.0,2.0,598.430770558,623.886508966,785.834077336,0.298000829725,0.310677034794,231,237,255,0,623.886508966,0.0,1,0
-4.5,90.0,3.0,639.963394402,666.205928292,831.430057733,0.299384159755,0.311660797805,233,238,255,0,666.205928292,0.0,1,0
-4.5,90.0,5.0,728.92779364,756.886723464,919.550968424,0.303042426619,0.314665994843,239,241,255,0,756.886723464,0.0,0,0
-4.5,90.0,8.0,852.295164526,887.960008419,1055.50294161,0.304852969965,0.317609740198,242,243,255,0,887.960008419,0.0,0,0
-4.5,90.0,12.0,947.839056049,994.397411122,1210.37805743,0.300651744339,0.315419916823,235,241,255,0,994.397411122,0.0,0,0
-4.5,90.0,20.0,995.387707265,1049.32085035,1428.15158845,0.286619001457,0.302148893482,213,229,255,0,1049.32085035,0.0,0,0
-4.5,90.0,30.0,892.954908144,939.949365589,1402.00650847,0.276036950712,0.290564231558,197,220,255,0,939.949365589,0.0,0,0
-4.5,90.0,45.0,740.142860992,776.588385658,1213.63325504,0.271078407492,0.284426634311,190,215,255,0,776.588385658,0.0,0,0
-4.5,90.0,60.0,611.970451004,639.456836393,1040.25699294,0.26703959889,0.279033565784,184,210,255,0,639.456836393,0.0,0,0
-4.5,90.0,90.0,534.978878227,557.746110672,923.418564502,0.265347612438,0.276640078397,182,209,255,0,557.746110672,0.0,0,0
-4.5,180.0,0.0,524.277845159,549.766722525,719.844064698,0.292257744263,0.306466473225,222,233,255,0,549.766722525,0.0,1,0
-4.5,180.0,0.5,553.012167567,580.322730842,758.136230168,0.292371455853,0.306810250537,222,233,255,0,580.322730842,0.0,1,0
-4.5,180.0,1.0,564.787203871,592.925678006,774.121977532,0.292357910988,0.306923583617,222,234,255,0,592.925678006,0.0,1,0
-4.5,180.0,2.0,593.690263249,623.346612783,811.438696272,0.292678044219,0.307298062296,223,234,255,0,623.346612783,0.0,1,0
-4.5,180.0,3.0,625.335888357,656.112330647,848.853173338,0.293543388088,0.307990377796,224,235,255,0,656.112330647,0.0,1,0
-4.5,180.0,5.0,705.444430406,739.105405617,928.664606364,0.297252712526,0.311436418225,230,238,255,0,739.105405617,0.0,0,0
-4.5,180.0,8.0,848.022116234,893.8433472,1083.79497153,0.300114658414,0.31633077214,234,242,255,0,893.8433472,0.0,0,0
-4.5,180.0,12.0,1029.03783452,1096.45311131,1401.06324661,0.291796971878,0.310913444536,221,237,255,0,1096.45311131,0.0,0,0
-4.5,180.0,20.0,1091.78030065,1169.48297036,1645.44379351,0.279463057408,0.299352613606,202,227,255,0,1169.48297036,0.0,0,0
-4.5,180.0,30.0,985.834083242,1051.71359478,1625.36025238,0.269139738692,0.287125315395,186,217,255,0,1051.71359478,0.0,0,0
-4.5,180.0,45.0,755.807627248,801.364413349,1343.36640062,0.260574938952,0.276281259356,174,209,255,0,801.364413349,0.0,0,0
-4.5,180.0,60.0,592.756062905,624.455199763,1081.14289586,0.257904579546,0.271696682361,170,205,255,0,624.455199763,0.0,0,0
-4.5,180.0,90.0,534.978878222,557.746110666,923.418564493,0.265347612438,0.276640078397,182,209,255,0,557.746110666,0.0,0,0
-4.0,0.0,0.0,2199.05674425,2019.8555058,1153.87401491,0.409295407598,0.375941905408,255,187,142,0,2019.8555058,0.0,1,0
-4.0,0.0,0.5,2498.69479615,2231.13844035,1192.98753681,0.421875807455,0.376702001588,255,178,132,0,2231.13844035,0.0,1,0
-4.0,0.0,1.0,3348.9802512,2815.80616095,1262.02629976,0.450931022648,0.379140591015,255,161,111,0,2815.80616095,0.0,1,0
-4.0,0.0,2.0,11549.3367193,8839.87165975,1832.66810222,0.519728238478,0.397800413804,255,134,52,0,8839.87165975,0.0,1,0
-4.0,0.0,3.0,43727.0569174,35475.7175155,6212.66434807,0.511933879185,0.415331443844,255,147,40,0,35475.7175155,0.0,1,0
-4.0,0.0,5.0,73287.4105723,61925.4261711,12727.3121419,0.495385540197,0.418584316953,255,157,53,0,61925.4261711,0.0,0,0
-4.0,0.0,8.0,6509.13848441,5994.89518021,2710.09959346,0.427834985667,0.394034617583,255,184,121,0,5994.89518021,0.0,0,0
-4.0,0.0,12.0,6286.79080404,6167.23471227,3406.67359416,0.396375390533,0.388837507686,255,205,147,0,6167.23471227,0.0,0,0
-4.0,0.0,20.0,5232.57216232,5263.70972543,3508.98599219,0.37361457183,0.375837846912,255,217,172,0,5263.70972543,0.0,0,0
-4.0,0.0,30.0,3321.47294451,3371.71948944,2708.16971398,0.353296989548,0.358641592185,255,226,197,0,3371.71948944,0.0,0,0
-4.0,0.0,45.0,1628.906513,1668.42655905,1750.39167289,0.322701136711,0.330530415851,255,241,240,0,1668.42655905,0.0,0,0
-4.0,0.0,60.0,906.017991327,934.989165582,1223.56649889,0.29564242635,0.305096000487,227,232,255,0,934.989165582,0.0,0,0
-4.0,0.0,90.0,484.884235572,505.568007675,846.544153381,0.263954919271,0.27521447979,180,208,255,0,505.568007675,0.0,0,0
-4.0,90.0,0.0,448.20411246,468.356592988,613.05377278,0.293017697492,0.306192573132,223,233,255,0,468.356592988,0.0,1,0
-4.0,90.0,0.5,463.205520443,483.988386977,632.394824181,0.293244381386,0.306401519139,224,233,255,0,483.988386977,0.0,1,0
-4.0,90.0,1.0,491.691957375,513.546620874,667.785307199,0.293894164723,0.306957136321,225,234,255,0,513.546620874,0.0,1,0
-4.0,90.0,2.0,525.95294311,548.964446968,709.416057893,0.294761578173,0.307657992732,226,234,255,0,548.964446968,0.0,1,0
-4.0,90.0,3.0,562.087747041,585.841680253,750.362334865,0.296101873403,0.308615193898,228,235,255,0,585.841680253,0.0,1,0
-4.0,90.0,5.0,640.189199536,665.37042713,829.152280604,0.299894893243,0.311690970976,234,238,255,0,665.37042713,0.0,0,0
-4.0,90.0,8.0,751.130763512,782.996701964,951.249580677,0.302220045314,0.315041415215,238,241,255,0,782.996701964,0.0,0,0
-4.0,90.0,12.0,839.770628485,881.422821833,1092.41557835,0.298467420288,0.313271251568,232,239,255,0,881.422821833,0.0,0,0
-4.0,90.0,20.0,891.035375857,939.624099752,1297.23685128,0.284867298253,0.300401292611,210,228,255,0,939.624099752,0.0,0,0
-4.0,90.0,30.0,805.812677816,848.410828329,1280.5033254,0.274578427251,0.289093628481,195,219,255,0,848.410828329,0.0,0,0
-4.0,90.0,45.0,667.944142399,700.962654155,1108.4806043,0.269616347516,0.282944304114,188,214,255,0,700.962654155,0.0,0,0
-4.0,90.0,60.0,554.145916018,579.092235627,952.94718618,0.265626407189,0.277584270739,182,209,255,0,579.092235627,0.0,0,0
-4.0,90.0,90.0,484.884235575,505.568007678,846.544153387,0.26395491927,0.27521447979,180,208,255,0,505.568007678,0.0,0,0
-4.0,180.0,0.0,471.194173972,494.961207049,661.491768513,0.289494055335,0.304096134835,218,231,255,0,494.961207049,0.0,1,0
-4.0,180.0,0.5,495.838184212,521.247055756,695.629166568,0.289504299328,0.304339739169,218,231,255,0,521.247055756,0.0,1,0
-4.0,180.0,1.0,506.531888778,532.835992758,710.938316643,0.289396157829,0.304424444884,217,231,255,0,532.835992758,0.0,1,0
-4.0,180.0,2.0,532.517575778,560.340070774,745.730104123,0.289634027847,0.304766563667,218,232,255,0,560.340070774,0.0,1,0
-4.0,180.0,3.0,560.962144555,589.844130842,780.451352631,0.290464688094,0.305419702831,219,232,255,0,589.844130842,0.0,1,0
-4.0,180.0,5.0,633.562712696,664.899672096,853.869718892,0.294361038248,0.308920575481,225,235,255,0,664.899672096,0.0,0,0
-4.0,180.0,8.0,764.403855501,806.424383207,994.748247499,0.297946235324,0.31432482623,231,240,255,0,806.424383207,0.0,0,0
-4.0,180.0,12.0,932.385256648,994.009782581,1283.60142327,0.290463016872,0.309660709659,219,236,255,0,994.009782581,0.0,0,0
-4.0,180.0,20.0,994.413275483,1065.73251935,1508.21255905,0.278675283383,0.29866185334,201,227,255,0,1065.73251935,0.0,0,0
-4.0,180.0,30.0,902.536924282,963.599912731,1497.06713178,0.268356285451,0.286512480858,185,217,255,0,963.599912731,0.0,0,0
-4.0,180.0,45.0,695.14856607,737.326478203,1240.80980431,0.260035351802,0.275812911816,173,209,255,0,737.326478203,0.0,0,0
-4.0,180.0,60.0,545.055092036,574.426709991,999.422390694,0.257234420465,0.271096122214,169,205,255,0,574.426709991,0.0,0,0
-4.0,180.0,90.0,484.884235573,505.568007675,846.544153381,0.263954919271,0.27521447979,180,208,255,0,505.568007675,0.0,0,0
-3.5,0.0,0.0,1744.25613238,1587.76138411,973.446933032,0.40512612584,0.368778189374,255,185,148,0,1587.76138411,0.0,1,0
-3.5,0.0,0.5,2137.54046854,1848.10933757,1006.07661775,0.428216670353,0.37023450018,255,170,130,0,1848.10933757,0.0,1,0
-3.5,0.0,1.0,3275.19911332,2626.05096678,1069.83038568,0.469826611441,0.376706448831,255,148,100,0,2626.05096678,0.0,1,0
-3.5,0.0,2.0,12653.7576938,9680.70825165,1792.76405121,0.52445961246,0.401235792629,255,134,44,0,9680.70825165,0.0,1,0
-3.5,0.0,3.0,38198.1170161,31006.4206598,5489.31761417,0.511395708091,0.415113405773,255,147,41,0,31006.4206598,0.0,1,0
-3.5,0.0,5.0,31747.7167062,25415.3514393,4406.92491599,0.515636191066,0.412787953605,255,144,39,0,25415.3514393,0.0,0,0
-3.5,0.0,8.0,4775.04064955,4459.24484013,2159.19320324,0.419102960408,0.391385718122,255,189,128,0,4459.24484013,0.0,0,0
-3.5,0.0,12.0,5114.77937449,5002.26971263,2790.09062691,0.396275200224,0.387558345494,255,204,148,0,5002.26971263,0.0,0,0
-3.5,0.0,20.0,4352.8804648,4363.16924405,2940.01253562,0.373443481469,0.374326179162,255,216,172,0,4363.16924405,0.0,0,0
-3.5,0.0,30.0,2800.46528984,2835.91439443,2330.56351283,0.351510638467,0.35596016242,255,226,199,0,2835.91439443,0.0,0,0
-3.5,0.0,45.0,1411.80262929,1444.83207198,1557.42014905,0.319842565886,0.327325355252,255,242,244,0,1444.83207198,0.0,0,0
-3.5,0.0,60.0,799.846268383,825.292115884,1105.93910868,0.292868390021,0.302185535934,223,229,255,0,825.292115884,0.0,0,0
-3.5,0.0,90.0,440.462755608,459.341042952,777.490325721,0.262603170924,0.273858374809,178,207,255,0,459.341042952,0.0,0,0
-3.5,90.0,0.0,400.420091533,418.794494719,559.72001357,0.290383671267,0.303708743528,219,231,255,0,418.794494719,0.0,1,0
-3.5,90.0,0.5,413.747405183,432.701301527,577.300974814,0.290604037038,0.303916697677,219,231,255,0,432.701301527,0.0,1,0
-3.5,90.0,1.0,439.063796777,458.997276901,609.495077892,0.29124208496,0.304464464838,220,231,255,0,458.997276901,0.0,1,0
-3.5,90.0,2.0,469.409575234,490.438963836,647.375785268,0.292062264194,0.30514655385,222,232,255,0,490.438963836,0.0,1,0
-3.5,90.0,3.0,501.239901106,522.990930284,684.533279426,0.293334754594,0.306063854557,224,233,255,0,522.990930284,0.0,1,0
-3.5,90.0,5.0,570.316782357,593.315183716,755.680516792,0.297146393539,0.30912901834,230,235,255,0,593.315183716,0.0,0,0
-3.5,90.0,8.0,670.167194586,699.02509979,865.920543637,0.299835956015,0.31274711858,234,239,255,0,699.02509979,0.0,0,0
-3.5,90.0,12.0,751.766899909,789.430558452,994.508581644,0.296472417563,0.311325739655,229,238,255,0,789.430558452,0.0,0,0
-3.5,90.0,20.0,803.839020663,847.975008856,1185.85431435,0.28327447864,0.298828089155,208,227,255,0,847.975008856,0.0,0,0
-3.5,90.0,30.0,731.397382904,770.273725121,1175.11011357,0.273237639671,0.287761180819,193,217,255,0,770.273725121,0.0,0,0
-3.5,90.0,45.0,605.705128971,635.812634649,1016.30371976,0.268269716375,0.281604475522,186,213,255,0,635.812634649,0.0,0,0
-3.5,90.0,60.0,503.578745065,526.341000766,875.447491265,0.264294848395,0.276241236082,180,208,255,0,526.341000766,0.0,0,0
-3.5,90.0,90.0,440.46275561,459.341042953,777.490325724,0.262603170924,0.273858374809,178,207,255,0,459.341042953,0.0,0,0
-3.5,180.0,0.0,428.133336509,450.602106821,611.895642949,0.287216159954,0.302289487297,214,230,255,0,450.602106821,0.0,1,0
-3.5,180.0,0.5,450.543354642,474.422077625,643.869069254,0.287183481881,0.302404158734,214,230,255,0,474.422077625,0.0,1,0
-3.5,180.0,1.0,460.357318276,485.075898887,658.392933499,0.28703691986,0.302449176731,214,230,255,0,485.075898887,0.0,1,0
-3.5,180.0,2.0,483.814732173,510.050749525,690.981168125,0.287156538682,0.302728292559,214,230,255,0,510.050749525,0.0,1,0
-3.5,180.0,3.0,509.542715259,536.84762534,723.384929794,0.287913795487,0.303342257247,215,230,255,0,536.84762534,0.0,1,0
-3.5,180.0,5.0,574.741520587,604.102726649,790.330433753,0.291869241533,0.30677965367,221,233,255,0,604.102726649,0.0,0,0
-3.5,180.0,8.0,694.173882209,732.907096302,917.985820089,0.296014545353,0.312531436947,228,239,255,0,732.907096302,0.0,0,0
-3.5,180.0,12.0,848.791278517,905.271485214,1180.06069401,0.28928274176,0.308532172642,217,235,255,0,905.271485214,0.0,0,0
-3.5,180.0,20.0,908.392711078,973.981162176,1385.0558659,0.278014458947,0.298087867202,200,226,255,0,973.981162176,0.0,0,0
-3.5,180.0,30.0,827.623822713,884.257153331,1379.4873343,0.267720872969,0.286040699315,184,217,255,0,884.257153331,0.0,0,0
-3.5,180.0,45.0,639.692657204,678.74232944,1145.80559855,0.259590180052,0.27543671406,172,208,255,0,678.74232944,0.0,0,0
-3.5,180.0,60.0,501.800655339,529.040619324,924.445277336,0.256637910605,0.270569354033,168,204,255,0,529.040619324,0.0,0,0
-3.5,180.0,90.0,440.462755703,459.341043057,777.490325808,0.262603170936,0.273858374825,178,207,255,0,459.341043057,0.0,0,0
-3.0,0.0,0.0,1445.35214069,1295.60007144,838.447130395,0.403797397937,0.36196019149,255,182,151,0,1295.60007144,0.0,1,0
-3.0,0.0,0.5,1922.92934279,1611.71870619,868.460467347,0.436720861105,0.366041104873,255,162,126,0,1611.71870619,0.0,1,0
-3.0,0.0,1.0,3191.67540724,2496.93405998,940.995117832,0.481427718093,0.376633934641,255,142,93,0,2496.93405998,0.0,1,0
-3.0,0.0,2.0,11489.7204826,8819.6588281,1649.49453859,0.523238147887,0.401644405294,255,134,44,0,8819.6588281,0.0,1,0
-3.0,0.0,3.0,25801.3475298,20613.9540777,3578.88556245,0.51608694911,0.412327017292,255,143,39,0,20613.9540777,0.0,1,0
-3.0,0.0,5.0,11723.4651718,9000.4747114,1809.65419974,0.520266102631,0.399424729063,255,135,50,0,9000.4747114,0.0,0,0
-3.0,0.0,8.0,3651.09162571,3428.23738911,1764.88340558,0.412822697167,0.38762494908,255,191,135,0,3428.23738911,0.0,0,0
-3.0,0.0,12.0,4156.19638785,4053.38416216,2300.23424673,0.395458575458,0.385676079032,255,204,149,0,4053.38416216,0.0,0,0
-3.0,0.0,20.0,3607.0070786,3603.91475856,2471.63907356,0.372526143844,0.372206773785,255,216,174,0,3603.91475856,0.0,0,0
-3.0,0.0,30.0,2359.05071082,2384.36544568,2015.22196106,0.34904231737,0.352787855217,255,226,203,0,2384.36544568,0.0,0,0
-3.0,0.0,45.0,1225.67789822,1253.92665079,1389.87455348,0.316755270091,0.324055671986,255,244,249,0,1253.92665079,0.0,0,0
-3.0,0.0,60.0,707.484616889,730.182646719,1000.78151228,0.290137165842,0.29944555487,219,227,255,0,730.182646719,0.0,0,0
-3.0,0.0,90.0,400.430083234,417.798020043,713.428101592,0.261436007611,0.272775325634,176,206,255,0,417.798020043,0.0,0,0
-3.0,90.0,0.0,360.677353812,377.565682978,512.589025115,0.288349943047,0.301851618996,216,229,255,0,377.565682978,0.0,1,0
-3.0,90.0,0.5,372.64317348,390.071968335,528.70104255,0.288553897645,0.302049775322,216,229,255,0,390.071968335,0.0,1,0
-3.0,90.0,1.0,395.365107952,413.698087477,558.141374104,0.289177725677,0.302586823286,217,230,255,0,413.698087477,0.0,1,0
-3.0,90.0,2.0,422.513219839,441.89411677,592.797924305,0.289947635499,0.30324768145,218,230,255,0,441.89411677,0.0,1,0
-3.0,90.0,3.0,450.800003648,470.899409784,626.710513972,0.291137376265,0.304118051331,220,231,255,0,470.899409784,0.0,1,0
-3.0,90.0,5.0,512.165657623,533.41267323,691.291315682,0.294878581501,0.30711151772,226,234,255,0,533.41267323,0.0,0,0
-3.0,90.0,8.0,601.923219972,628.352788237,790.977739661,0.297796959242,0.310872788188,231,237,255,0,628.352788237,0.0,0,0
-3.0,90.0,12.0,676.471516686,710.827863061,907.745262748,0.294753097243,0.309722891616,226,236,255,0,710.827863061,0.0,0,0
-3.0,90.0,20.0,727.514852689,767.888336587,1085.17659283,0.281919147679,0.297564269049,206,226,255,0,767.888336587,0.0,0,0
-3.0,90.0,30.0,665.0568338,700.774353748,1078.35575271,0.272097368186,0.28671062029,191,217,255,0,700.774353748,0.0,0,0
-3.0,90.0,45.0,549.709322837,577.33040606,930.929969889,0.267112447361,0.280533968212,184,212,255,0,577.33040606,0.0,0,0
-3.0,90.0,60.0,459.244066517,480.50663561,808.057118463,0.262754326366,0.274919604976,178,207,255,0,480.50663561,0.0,0,0
-3.0,90.0,90.0,400.430083236,417.798020045,713.428101594,0.261436007611,0.272775325635,176,206,255,0,417.798020045,0.0,0,0
-3.0,180.0,0.0,389.526827298,410.851871132,563.541689751,0.285593521934,0.301228630859,212,229,255,0,410.851871132,0.0,1,0
-3.0,180.0,0.5,410.647531518,433.197148453,594.201881261,0.285559273663,0.301240001632,212,229,255,0,433.197148453,0.0,1,0
-3.0,180.0,1.0,419.873429755,443.141915937,607.958823159,0.285439023095,0.301257442395,211,229,255,0,443.141915937,0.0,1,0
-3.0,180.0,2.0,441.373984006,466.126450321,638.565128054,0.285482061528,0.301492033496,211,229,255,0,466.126450321,0.0,1,0
-3.0,180.0,3.0,464.598550876,490.42172339,668.698528346,0.286132395664,0.302036117708,212,229,255,0,490.42172339,0.0,1,0
-3.0,180.0,5.0,523.288576505,550.947888814,730.219265338,0.289998013038,0.305326353788,218,232,255,0,550.947888814,0.0,0,0
-3.0,180.0,8.0,631.678860412,667.535995685,845.660806912,0.29450605054,0.311223632772,225,238,255,0,667.535995685,0.0,0,0
-3.0,180.0,12.0,772.872907502,824.742893905,1080.98160451,0.288536420514,0.307901027636,216,235,255,0,824.742893905,0.0,0,0
-3.0,180.0,20.0,829.180545352,889.582483776,1268.27837551,0.277592585113,0.297813911249,199,226,255,0,889.582483776,0.0,0,0
-3.0,180.0,30.0,758.067362567,810.671025086,1267.05989383,0.267320622739,0.285870483236,183,216,255,0,810.671025086,0.0,0,0
-3.0,180.0,45.0,587.597610658,623.83133648,1054.64467947,0.25930208258,0.275291733312,172,208,255,0,623.83133648,0.0,0,0
-3.0,180.0,60.0,461.551683728,486.926172754,853.113376305,0.256191124451,0.270275611855,167,204,255,0,486.926172754,0.0,0,0
-3.0,180.0,90.0,400.430083237,417.798020046,713.428101595,0.261436007612,0.272775325635,176,206,255,0,417.798020046,0.0,0,0
-2.5,0.0,0.0,1235.21236821,1094.21183323,733.157119907,0.403323941016,0.357284172539,255,179,153,0,1094.21183323,0.0,1,0
-2.5,0.0,0.5,1693.04709606,1404.01786812,763.630185558,0.43853426142,0.363669705497,255,159,126,0,1404.01786812,0.0,1,0
-2.5,0.0,1.0,2763.86689569,2161.30620762,829.458872574,0.480285604235,0.375576790432,255,142,94,0,2161.30620762,0.0,1,0
-2.5,0.0,2.0,8123.91187644,6220.40642973,1281.85591844,0.519891290067,0.398076095935,255,134,51,0,6220.40642973,0.0,1,0
-2.5,0.0,3.0,13240.4800193,10269.7294515,1848.71781826,0.522123032587,0.404974916108,255,137,42,0,10269.7294515,0.0,1,0
-2.5,0.0,5.0,4277.92703697,3350.57355526,1151.07714846,0.487258859517,0.381632654123,255,142,87,0,3350.57355526,0.0,0,0
-2.5,0.0,8.0,2843.649838,2680.6384755,1462.51136083,0.407003201831,0.383671867014,255,193,141,0,2680.6384755,0.0,0,0
-2.5,0.0,12.0,3367.75079238,3276.24502532,1901.66687577,0.394088897863,0.383381037005,255,204,151,0,3276.24502532,0.0,0,0
-2.5,0.0,20.0,2974.71203873,2964.15251031,2079.61791409,0.370981922378,0.369665023767,255,216,176,0,2964.15251031,0.0,0,0
-2.5,0.0,30.0,1982.82101381,2001.6151613,1743.42608217,0.346171210959,0.34945239103,255,227,207,0,2001.6151613,0.0,0,0
-2.5,0.0,45.0,1063.23133476,1088.06516245,1237.2957955,0.313767854884,0.321096511017,255,246,254,0,1088.06516245,0.0,0,0
-2.5,0.0,60.0,624.48751995,645.069647921,900.859835632,0.287726975481,0.29721000475,215,225,255,0,645.069647921,0.0,0,0
-2.5,0.0,90.0,362.485637539,378.633552471,649.628770868,0.260640783043,0.272251740159,175,205,255,0,378.633552471,0.0,0,0
-2.5,90.0,0.0,325.462164444,341.100855031,466.85638213,0.287150691071,0.300948487866,214,228,255,0,341.100855031,0.0,1,0
-2.5,90.0,0.5,336.254294948,352.398682197,481.551629982,0.287346582726,0.301142791654,214,228,255,0,352.398682197,0.0,1,0
-2.5,90.0,1.0,356.721029762,373.705101273,508.353350317,0.287961687396,0.301672014187,215,229,255,0,373.705101273,0.0,1,0
-2.5,90.0,2.0,381.088436505,399.074534469,539.88809944,0.288692191572,0.302317496204,216,229,255,0,399.074534469,0.0,1,0
-2.5,90.0,3.0,406.289968311,424.995178747,570.670599371,0.28980227753,0.303144503548,218,230,255,0,424.995178747,0.0,1,0
-2.5,90.0,5.0,460.779138797,480.57893132,628.999671892,0.293423037611,0.306031497451,224,233,255,0,480.57893132,0.0,0,0
-2.5,90.0,8.0,541.07626177,565.490150871,718.592750434,0.296454288873,0.30983059577,229,236,255,0,565.490150871,0.0,0,0
-2.5,90.0,12.0,608.531802251,640.08230808,823.761448177,0.293639731347,0.30886404998,224,235,255,0,640.08230808,0.0,0,0
-2.5,90.0,20.0,657.148816157,694.311551786,986.38305796,0.281091885314,0.296988046373,205,225,255,0,694.311551786,0.0,0,0
-2.5,90.0,30.0,602.793347829,635.839752389,982.208027959,0.271425695508,0.286305825447,190,216,255,0,635.839752389,0.0,0,0
-2.5,90.0,45.0,496.370266691,521.85747427,845.200038174,0.266374834726,0.280052428172,183,211,255,0,521.85747427,0.0,0,0
-2.5,90.0,60.0,416.075565172,435.796374868,735.761293253,0.26207284935,0.274494364145,177,207,255,0,435.796374868,0.0,0,0
-2.5,90.0,90.0,362.485637539,378.633552471,649.628770868,0.260640783043,0.272251740159,175,205,255,0,378.633552471,0.0,0,0
-2.5,180.0,0.0,352.853591353,372.952259159,512.506131131,0.284947248015,0.301177946016,211,229,255,0,372.952259159,0.0,1,0
-2.5,180.0,0.5,373.192602479,394.441613975,542.702153406,0.284806719147,0.301023174696,210,229,255,0,394.441613975,0.0,1,0
-2.5,180.0,1.0,382.123153596,403.998122965,555.926660218,0.284731374434,0.30103106744,210,229,255,0,403.998122965,0.0,1,0
-2.5,180.0,2.0,402.086021058,425.344844323,584.734286343,0.284730168116,0.301200496134,210,229,255,0,425.344844323,0.0,1,0
-2.5,180.0,3.0,423.127492023,447.462288197,612.795046193,0.285244586899,0.301649497979,211,229,255,0,447.462288197,0.0,1,0
-2.5,180.0,5.0,475.653024015,501.664018747,668.994786851,0.288920370649,0.304719925912,217,232,255,0,501.664018747,0.0,0,0
-2.5,180.0,8.0,573.012115073,606.152243943,772.226971557,0.29364285169,0.310625672281,224,237,255,0,606.152243943,0.0,0,0
-2.5,180.0,12.0,674.056906581,719.274069332,919.977145162,0.291382241925,0.310928778912,220,237,255,0,719.274069332,0.0,0,0
-2.5,180.0,20.0,752.573290703,808.068502483,1149.95686032,0.277640988913,0.298114404152,199,226,255,0,808.068502483,0.0,0,0
-2.5,180.0,30.0,690.217602661,739.01911892,1152.23585759,0.267373594525,0.286278120823,183,217,255,0,739.01911892,0.0,0,0
-2.5,180.0,45.0,536.329361966,570.022565322,961.384560366,0.259379937999,0.275674665861,172,208,255,0,570.022565322,0.0,0,0
-2.5,180.0,60.0,422.061047485,445.815861272,780.129570145,0.256103997702,0.270518269788,167,204,255,0,445.815861272,0.0,0,0
-2.5,180.0,90.0,362.485637541,378.633552473,649.62877086,0.260640783045,0.272251740161,175,205,255,0,378.633552473,0.0,0,0
-2.0,0.0,0.0,1032.06188487,918.95522491,641.344034388,0.398116553781,0.354485804177,255,182,158,0,918.95522491,0.0,1,0
-2.0,0.0,0.5,1344.16280721,1133.36984415,664.722125289,0.427770153202,0.360686807631,255,164,134,0,1133.36984415,0.0,1,0
-2.0,0.0,1.0,2005.84920081,1606.85910751,724.016211747,0.462526312549,0.370523675202,255,149,108,0,1606.85910751,0.0,1,0
-2.0,0.0,2.0,4422.74704436,3387.17102816,913.338235905,0.507006430625,0.388292044668,255,135,69,0,3387.17102816,0.0,1,0
-2.0,0.0,3.0,5325.83735424,4041.90017588,997.130449251,0.513835522541,0.38996156863,255,133,63,0,4041.90017588,0.0,1,0
-2.0,0.0,5.0,1978.19952171,1697.41387129,921.890539045,0.430276852603,0.369203353903,255,168,129,0,1697.41387129,0.0,0,0
-2.0,0.0,8.0,2240.41416073,2119.34253443,1214.21395715,0.401942224041,0.380221329933,255,195,146,0,2119.34253443,0.0,0,0
-2.0,0.0,12.0,2716.16485896,2636.296552,1565.60068858,0.39261932314,0.381074427212,255,203,153,0,2636.296552,0.0,0,0
-2.0,0.0,20.0,2436.01630589,2421.76731936,1738.71731707,0.369289162117,0.367129079574,255,215,178,0,2421.76731936,0.0,0,0
-2.0,0.0,30.0,1650.16586078,1664.43824503,1491.96194655,0.343314924378,0.346284275905,255,228,211,0,1664.43824503,0.0,0,0
-2.0,0.0,45.0,916.021030256,938.090436704,1087.84610211,0.311364460142,0.318866066107,252,244,255,0,938.090436704,0.0,0,0
-2.0,0.0,60.0,545.658109134,564.356328405,798.282566678,0.285939823795,0.295738203832,213,224,255,0,564.356328405,0.0,0,0
-2.0,0.0,90.0,324.525479286,339.571143782,582.017587907,0.260429964146,0.27250402956,174,206,255,0,339.571143782,0.0,0,0
-2.0,90.0,0.0,291.035374482,305.366501208,417.126984934,0.28715055465,0.301290385574,214,229,255,0,305.366501208,0.0,1,0
-2.0,90.0,0.5,300.615379566,315.40697275,430.143222012,0.287349714943,0.301488579332,214,229,255,0,315.40697275,0.0,1,0
-2.0,90.0,1.0,318.911346252,334.471621475,454.090844002,0.287962878106,0.30201312025,215,229,255,0,334.471621475,0.0,1,0
-2.0,90.0,2.0,340.661581261,357.159947275,482.265578265,0.288674945517,0.302655579589,216,230,255,0,357.159947275,0.0,1,0
-2.0,90.0,3.0,363.045691069,380.248057261,509.779032233,0.289724345385,0.303452491475,218,230,255,0,380.248057261,0.0,1,0
-2.0,90.0,5.0,411.223892051,429.471347417,561.745990853,0.293220053119,0.306231261697,223,233,255,0,429.471347417,0.0,0,0
-2.0,90.0,8.0,482.530001269,504.882667371,641.20395875,0.296282128743,0.310007069116,228,236,255,0,504.882667371,0.0,0,0
-2.0,90.0,12.0,542.958646298,571.733542445,734.725520625,0.293583566085,0.309142461191,224,236,255,0,571.733542445,0.0,0,0
-2.0,90.0,20.0,588.225079199,622.295603702,881.534680984,0.28117089507,0.297456565655,205,226,255,0,622.295603702,0.0,0,0
-2.0,90.0,30.0,540.941315597,571.458252402,879.641502434,0.27155128658,0.286870718121,190,217,255,0,571.458252402,0.0,0,0
-2.0,90.0,45.0,443.424467211,466.917089434,754.499169056,0.266346480096,0.280457512978,183,212,255,0,466.917089434,0.0,0,0
-2.0,90.0,60.0,373.07589567,391.400073041,659.223029515,0.262046890624,0.274917713315,177,207,255,0,391.400073041,0.0,0,0
-2.0,90.0,90.0,324.525479247,339.571143741,582.01758789,0.260429964135,0.272504029548,174,206,255,0,339.571143741,0.0,0,0
-2.0,180.0,0.0,315.935377293,334.310864506,456.393906134,0.285490615792,0.302095369602,211,229,255,0,334.310864506,0.0,1,0
-2.0,180.0,0.5,335.535740281,355.131031932,485.814557013,0.285202775383,0.301858621221,211,229,255,0,355.131031932,0.0,1,0
-2.0,180.0,1.0,343.97556717,364.137138619,498.192036195,0.285148151374,0.301861649006,211,229,255,0,364.137138619,0.0,1,0
-2.0,180.0,2.0,362.308492872,383.722451854,524.574592772,0.28514631975,0.301999669079,211,229,255,0,383.722451854,0.0,1,0
-2.0,180.0,3.0,381.160120317,403.607492973,550.035400153,0.285555333992,0.302372326784,211,230,255,0,403.607492973,0.0,1,0
-2.0,180.0,5.0,427.416398293,451.355424162,600.127602797,0.289009780513,0.305196835197,217,232,255,0,451.355424162,0.0,0,0
-2.0,180.0,8.0,513.51673332,543.548327404,690.530692709,0.293841829445,0.311026349392,224,237,255,0,543.548327404,0.0,0,0
-2.0,180.0,12.0,604.089425184,644.862573496,820.627875973,0.291889881894,0.311591053524,221,238,255,0,644.862573496,0.0,0,0
-2.0,180.0,20.0,674.798670489,725.152418849,1023.34613099,0.278463023367,0.299242046236,200,227,255,0,725.152418849,0.0,0,0
-2.0,180.0,30.0,621.058354397,665.888672814,1029.26116693,0.268135807467,0.287490854449,185,218,255,0,665.888672814,0.0,0,0
-2.0,180.0,45.0,483.752063756,514.911586366,861.466481931,0.260063559759,0.276814819293,173,209,255,0,514.911586366,0.0,0,0
-2.0,180.0,60.0,382.013799241,404.243774477,702.430268534,0.25661108286,0.271543679611,168,205,255,0,404.243774477,0.0,0,0
-2.0,180.0,90.0,324.525479229,339.571143721,582.01758787,0.260429964132,0.272504029544,174,206,255,0,339.571143721,0.0,0,0
-1.5,0.0,0.0,809.586550103,738.868018999,549.885408867,0.385822392274,0.352120260185,255,190,168,0,738.868018999,0.0,1,0
-1.5,0.0,0.5,965.553992233,851.552917958,575.666976277,0.40352914151,0.355885243806,255,178,153,0,851.552917958,0.0,1,0
-1.5,0.0,1.0,1222.22366743,1029.26409252,591.984969494,0.42983484764,0.361974314669,255,164,132,0,1029.26409252,0.0,1,0
-1.5,0.0,2.0,1979.20369917,1566.09292153,664.758303637,0.470113510332,0.371988715035,255,145,103,0,1566.09292153,0.0,1,0
-1.5,0.0,3.0,1959.14358098,1549.62175167,691.972484789,0.466380827875,0.368892756228,255,146,106,0,1549.62175167,0.0,1,0
-1.5,0.0,5.0,1266.0199248,1165.24658481,765.158623972,0.396073698552,0.364546809674,255,190,156,0,1165.24658481,0.0,0,0
-1.5,0.0,8.0,1772.84964909,1679.0757922,994.82570162,0.398684251067,0.377596078179,255,196,149,0,1679.0757922,0.0,0,0
-1.5,0.0,12.0,2173.49599862,2102.98321107,1270.65893175,0.391822944228,0.379111382743,255,203,155,0,2102.98321107,0.0,0,0
-1.5,0.0,20.0,1975.2269174,1957.99647499,1432.33678833,0.368130605355,0.364919301814,255,215,180,0,1957.99647499,0.0,0,0
-1.5,0.0,30.0,1358.21175824,1367.94234995,1254.36143822,0.341215036697,0.343659592333,255,228,214,0,1367.94234995,0.0,0,0
-1.5,0.0,45.0,780.45607033,799.207401333,938.12971965,0.309976241505,0.317423767802,250,243,255,0,799.207401333,0.0,0,0
-1.5,0.0,60.0,470.830173976,487.301334511,693.640904503,0.285045427732,0.295017237652,211,223,255,0,487.301334511,0.0,0,0
-1.5,0.0,90.0,285.938121402,299.613855109,510.45102463,0.260891732143,0.273369557198,175,206,255,0,299.613855109,0.0,0,0
-1.5,90.0,0.0,255.244494492,267.706836748,362.339487548,0.288317114642,0.30239423144,216,230,255,0,267.706836748,0.0,1,0
-1.5,90.0,0.5,263.560808219,276.423529421,373.603142697,0.288489951857,0.30256930548,216,230,255,0,276.423529421,0.0,1,0
-1.5,90.0,1.0,279.829305783,293.359355274,394.632671334,0.289133227815,0.303113131996,217,230,255,0,293.359355274,0.0,1,0
-1.5,90.0,2.0,298.925774102,313.279108988,419.166200886,0.289833386592,0.303750137904,218,231,255,0,313.279108988,0.0,1,0
-1.5,90.0,3.0,318.452438456,333.437059408,443.072006695,0.290834369181,0.304519435633,220,231,255,0,333.437059408,0.0,1,0
-1.5,90.0,5.0,360.278068969,376.167951477,488.038394671,0.294228382592,0.307205176998,225,234,255,0,376.167951477,0.0,0,0
-1.5,90.0,8.0,422.518182498,441.945001589,556.687097304,0.297307179987,0.310976965192,230,237,255,0,441.945001589,0.0,0,0
-1.5,90.0,12.0,475.819801361,500.95213415,638.129119916,0.294643315615,0.310206085052,226,237,255,0,500.95213415,0.0,0,0
-1.5,90.0,20.0,517.102871836,547.257365599,768.104630706,0.282189787551,0.298645488442,206,227,255,0,547.257365599,0.0,0,0
-1.5,90.0,30.0,476.664641492,503.959495317,768.679752768,0.272488184776,0.288091450731,192,218,255,0,503.959495317,0.0,0,0
-1.5,90.0,45.0,389.085852333,410.08971699,657.805740321,0.267049309251,0.281465324418,184,213,255,0,410.08971699,0.0,0,0
-1.5,90.0,60.0,329.028945148,345.607787145,577.766031302,0.262718156421,0.275955784506,177,208,255,0,345.607787145,0.0,0,0
-1.5,90.0,90.0,285.938121401,299.613855109,510.451024627,0.260891732144,0.273369557198,175,206,255,0,299.613855109,0.0,0,0
-1.5,180.0,0.0,274.522381747,290.211818526,392.090059529,0.286909930361,0.303307337322,214,231,255,0,290.211818526,0.0,1,0
-1.5,180.0,0.5,294.865699795,311.909288369,421.913636981,0.286642325566,0.303210593317,213,230,255,0,311.909288369,0.0,1,0
-1.5,180.0,1.0,302.578990162,320.142567695,433.097921875,0.286582125042,0.303217144446,213,230,255,0,320.142567695,0.0,1,0
-1.5,180.0,2.0,318.943159406,337.606102166,456.48621686,0.286552554332,0.303320162482,213,231,255,0,337.606102166,0.0,1,0
-1.5,180.0,3.0,335.399882231,354.98147551,478.813680038,0.286863928937,0.303611856054,213,231,255,0,354.98147551,0.0,1,0
-1.5,180.0,5.0,375.206977746,396.027403269,522.068913786,0.290115226069,0.306213867127,219,233,255,0,396.027403269,0.0,0,0
-1.5,180.0,8.0,449.915104923,475.773526907,599.231134092,0.295041821201,0.311999055648,226,238,255,0,475.773526907,0.0,0,0
-1.5,180.0,12.0,529.830372833,565.07085281,711.523543843,0.293303314803,0.312811727538,223,239,255,0,565.07085281,0.0,0,0
-1.5,180.0,20.0,593.227426795,637.408770909,887.9210491,0.280014820317,0.300869269344,203,229,255,0,637.408770909,0.0,0,0
-1.5,180.0,30.0,548.564478396,588.532352807,897.942827779,0.269559600952,0.289199451327,187,219,255,0,588.532352807,0.0,0,0
-1.5,180.0,45.0,428.634010626,456.699998078,754.888532312,0.261326740676,0.278437825757,175,211,255,0,456.699998078,0.0,0,0
-1.5,180.0,60.0,340.334947396,360.65422612,619.404024846,0.257752726853,0.273141535845,170,207,255,0,360.65422612,0.0,0,0
-1.5,180.0,90.0,285.938121401,299.613855108,510.451024626,0.260891732144,0.273369557198,175,206,255,0,299.613855108,0.0,0,0
-1.0,0.0,0.0,603.560002513,568.990399657,461.285803023,0.369412797069,0.348254248405,255,202,183,0,568.990399657,0.0,1,0
-1.0,0.0,0.5,637.446069125,590.871237649,462.599479812,0.376982518704,0.349438388888,255,196,176,0,590.871237649,0.0,1,0
-1.0,0.0,1.0,722.172144991,653.066008304,482.077000621,0.388825850836,0.351618306095,255,187,166,0,653.066008304,0.0,1,0
-1.0,0.0,2.0,900.650699225,777.77178377,513.252205656,0.41094178068,0.354875560592,255,172,148,0,777.77178377,0.0,1,0
-1.0,0.0,3.0,881.425956967,776.360857033,540.913918567,0.40088491531,0.353099830975,255,179,156,0,776.360857033,0.0,1,0
-1.0,0.0,5.0,929.479019441,873.069984097,616.199421047,0.384280981847,0.360959401657,255,197,167,0,873.069984097,0.0,0,0
-1.0,0.0,8.0,1374.26524957,1296.73263818,790.102869455,0.397060168419,0.374659025884,255,195,152,0,1296.73263818,0.0,0,0
-1.0,0.0,12.0,1698.58414658,1633.72190642,1004.12150063,0.391701262288,0.376743733458,255,201,155,0,1633.72190642,0.0,0,0
-1.0,0.0,20.0,1564.5381973,1543.05191524,1153.11969679,0.367201303847,0.362158415919,255,214,182,0,1543.05191524,0.0,0,0
-1.0,0.0,30.0,1093.06755725,1097.09130149,1031.55907568,0.339280961122,0.340529904796,255,228,217,0,1097.09130149,0.0,0,0
-1.0,0.0,45.0,646.930884537,661.169607272,790.043103744,0.30833489467,0.315121237971,247,241,255,0,661.169607272,0.0,0,0
-1.0,0.0,60.0,395.85945383,409.438130135,589.491630298,0.283813102211,0.293548391361,209,222,255,0,409.438130135,0.0,0,0
-1.0,0.0,90.0,246.157612614,258.004846608,438.219233997,0.261207973781,0.273779561365,175,207,255,0,258.004846608,0.0,0,0
-1.0,90.0,0.0,215.156063281,225.200559075,305.075582067,0.288632637556,0.302107365014,216,229,255,0,225.200559075,0.0,1,0
-1.0,90.0,0.5,222.169594077,232.536105127,314.549182968,0.28881141898,0.302287460913,217,229,255,0,232.536105127,0.0,1,0
-1.0,90.0,1.0,235.871785558,246.765338747,332.241585811,0.289456311264,0.302824623694,218,230,255,0,246.765338747,0.0,1,0
-1.0,90.0,2.0,251.956971225,263.512074894,352.878057039,0.290156977906,0.303463988001,219,230,255,0,263.512074894,0.0,1,0
-1.0,90.0,3.0,268.334229178,280.394431069,372.951327501,0.291136004628,0.304221025515,220,231,255,0,280.394431069,0.0,1,0
-1.0,90.0,5.0,303.443442356,316.170283291,410.589083429,0.294547286887,0.306901010661,226,233,255,0,316.170283291,0.0,0,0
-1.0,90.0,8.0,356.475268739,372.06345129,468.2636279,0.297856424961,0.310881284561,231,237,255,0,372.06345129,0.0,0,0
-1.0,90.0,12.0,402.88129321,423.379155864,537.75762136,0.295363604004,0.310391163461,227,237,255,0,423.379155864,0.0,0,0
-1.0,90.0,20.0,440.709498794,465.886409774,651.063729718,0.282930550399,0.299093844588,207,227,255,0,465.886409774,0.0,0,0
-1.0,90.0,30.0,408.130833179,431.243744105,654.585844922,0.273187178932,0.288658078015,193,218,255,0,431.243744105,0.0,0,0
-1.0,90.0,45.0,332.088599719,349.870589137,559.369349415,0.267526758211,0.281851724463,184,213,255,0,349.870589137,0.0,0,0
-1.0,90.0,60.0,283.379073122,297.662783945,495.377733181,0.263260791321,0.276530440956,178,209,255,0,297.662783945,0.0,0,0
-1.0,90.0,90.0,246.157612622,258.004846617,438.21923401,0.261207973781,0.273779561366,175,207,255,0,258.004846617,0.0,0,0
-1.0,180.0,0.0,226.159312333,238.493841269,321.31914816,0.287744634036,0.303437971967,215,231,255,0,238.493841269,0.0,1,0
-1.0,180.0,0.5,248.748448292,262.523619768,353.858185479,0.287527164002,0.303449820063,215,231,255,0,262.523619768,0.0,1,0
-1.0,180.0,1.0,255.633325539,269.863778311,363.776174017,0.287463181343,0.303465520698,214,231,255,0,269.863778311,0.0,1,0
-1.0,180.0,2.0,269.602834169,284.752550154,383.731027453,0.287396588187,0.30354618357,214,231,255,0,284.752550154,0.0,1,0
-1.0,180.0,3.0,283.521954321,299.431376632,402.703034667,0.287647870202,0.303788812284,215,231,255,0,299.431376632,0.0,1,0
-1.0,180.0,5.0,317.084294686,333.922736551,439.084329421,0.290878642038,0.306325459133,220,233,255,0,333.922736551,0.0,0,0
-1.0,180.0,8.0,381.299610346,402.165811276,503.958601106,0.296172514739,0.312380229184,228,239,255,0,402.165811276,0.0,0,0
-1.0,180.0,12.0,451.168910501,480.049771863,599.526547773,0.294738080262,0.313605270434,226,240,255,0,480.049771863,0.0,0,0
-1.0,180.0,20.0,507.970142503,545.046980843,750.889279858,0.281594511556,0.302148149081,205,230,255,0,545.046980843,0.0,0,0
-1.0,180.0,30.0,472.831137396,506.995095019,764.7228341,0.271033441519,0.29061670133,189,220,255,0,506.995095019,0.0,0,0
-1.0,180.0,45.0,371.502294022,395.805250278,647.329232822,0.262613202223,0.279792846248,176,212,255,0,395.805250278,0.0,0,0
-1.0,180.0,60.0,296.295562527,314.07425837,534.099469454,0.258893414638,0.27442786016,171,207,255,0,314.07425837,0.0,0,0
-1.0,180.0,90.0,246.157612646,258.004846643,438.219234041,0.261207973784,0.27377956137,175,207,255,0,258.004846643,0.0,0,0
-0.5,0.0,0.0,424.517336951,410.655759114,365.975746367,0.353426088387,0.341885821812,255,213,201,0,410.655759114,0.0,1,0
-0.5,0.0,0.5,431.523836559,415.824629957,371.235068145,0.354119208314,0.341236048354,255,212,200,0,415.824629957,0.0,1,0
-0.5,0.0,1.0,451.575960092,431.306343012,379.269366475,0.357782642907,0.341723069745,255,208,196,0,431.306343012,0.0,1,0
-0.5,0.0,2.0,502.824439645,471.59000322,401.569879711,0.36542890162,0.342729197915,255,202,188,0,471.59000322,0.0,1,0
-0.5,0.0,3.0,526.627254616,498.319374612,424.650221818,0.363292217582,0.343764112244,255,204,190,0,498.319374612,0.0,1,0
-0.5,0.0,5.0,679.997157187,640.569605252,482.591535844,0.377114509488,0.355248679976,255,200,175,0,640.569605252,0.0,0,0
-0.5,0.0,8.0,1031.66823527,968.295989892,613.326983849,0.394777371812,0.370527397234,255,195,155,0,968.295989892,0.0,0,0
-0.5,0.0,12.0,1292.25490645,1235.00594525,779.925325214,0.390741505716,0.373431031452,255,200,157,0,1235.00594525,0.0,0,0
-0.5,0.0,20.0,1210.68104013,1188.23930092,916.028540014,0.365218615299,0.358448755487,255,213,185,0,1188.23930092,0.0,0,0
-0.5,0.0,30.0,858.627188244,859.344261327,836.505475143,0.336126421788,0.336407134084,255,229,221,0,859.344261327,0.0,0,0
-0.5,0.0,45.0,478.989518821,489.420913312,622.54800963,0.301069786769,0.307626459916,236,234,255,0,489.420913312,0.0,0,0
-0.5,0.0,60.0,324.818734873,336.093816324,492.38070824,0.281644527283,0.29142094916,206,220,255,0,336.093816324,0.0,0,0
-0.5,0.0,90.0,207.571985304,217.722589035,369.264800169,0.261241628963,0.274016764536,175,207,255,0,217.722589035,0.0,0,0
-0.5,90.0,0.0,173.292789739,181.353725681,249.314324044,0.2869271953,0.300273981079,214,228,255,0,181.353725681,0.0,1,0
-0.5,90.0,0.5,178.961597679,187.279161595,257.084656281,0.287107814334,0.300451669259,214,228,255,0,187.279161595,0.0,1,0
-0.5,90.0,1.0,189.949045753,198.68935331,271.530734395,0.287727850525,0.300967347972,215,228,255,0,198.68935331,0.0,1,0
-0.5,90.0,2.0,202.86657858,212.137031262,288.357986473,0.288424303577,0.30160451235,216,229,255,0,212.137031262,0.0,1,0
-0.5,90.0,3.0,215.981551874,225.653681223,304.684703624,0.289395393647,0.302355156442,218,229,255,0,225.653681223,0.0,1,0
-0.5,90.0,5.0,244.414979867,254.551149524,335.268458123,0.292981115295,0.305131378312,223,232,255,0,254.551149524,0.0,0,0
-0.5,90.0,8.0,288.750117005,301.120468002,382.721570009,0.296887154103,0.309606104109,229,236,255,0,301.120468002,0.0,0,0
-0.5,90.0,12.0,329.048850546,345.542692567,441.363090841,0.294858626448,0.309638655599,226,236,255,0,345.542692567,0.0,0,0
-0.5,90.0,20.0,364.144994156,384.844807443,538.853740113,0.282755616161,0.298828852246,207,227,255,0,384.844807443,0.0,0,0
-0.5,90.0,30.0,339.837620044,359.097571381,545.057644121,0.273182939912,0.288665305072,193,218,255,0,359.097571381,0.0,0,0
-0.5,90.0,45.0,277.044934532,291.939869225,467.064352211,0.267405202674,0.281781870622,184,213,255,0,291.939869225,0.0,0,0
-0.5,90.0,60.0,238.742304061,250.901152511,416.75394484,0.263396942323,0.276811420818,178,209,255,0,250.901152511,0.0,0,0
-0.5,90.0,90.0,207.57198532,217.722589052,369.264800189,0.261241628965,0.27401676454,175,207,255,0,217.722589052,0.0,0,0
-0.5,180.0,0.0,184.728841461,194.565320665,265.071043717,0.286683451847,0.301948831037,213,229,255,0,194.565320665,0.0,1,0
-0.5,180.0,0.5,197.337431625,207.892306294,282.187236971,0.287070931958,0.302425331185,214,230,255,0,207.892306294,0.0,1,0
-0.5,180.0,1.0,207.274231994,218.492342188,296.848820132,0.286838937594,0.302363254239,214,230,255,0,218.492342188,0.0,1,0
-0.5,180.0,2.0,218.759863397,230.71734811,313.372319804,0.286766727143,0.30244148897,213,230,255,0,230.71734811,0.0,1,0
-0.5,180.0,3.0,230.126791827,242.67222922,328.978639427,0.287020708074,0.302667735936,214,230,255,0,242.67222922,0.0,1,0
-0.5,180.0,5.0,258.038349058,271.176116971,358.82622806,0.29057041054,0.305364516262,219,232,255,0,271.176116971,0.0,0,0
-0.5,180.0,8.0,313.626802935,329.961091665,413.381307203,0.296722744996,0.312176637788,229,238,255,0,329.961091665,0.0,0,0
-0.5,180.0,12.0,376.070328921,399.2934027,496.400892474,0.295707493192,0.313968005663,227,240,255,0,399.2934027,0.0,0,0
-0.5,180.0,20.0,427.814316184,458.393937723,626.498738254,0.28281373617,0.303028901234,207,231,255,0,458.393937723,0.0,0,0
-0.5,180.0,30.0,400.776298675,429.422511705,641.904400949,0.272247418246,0.291706796371,191,221,255,0,429.422511705,0.0,0,0
-0.5,180.0,45.0,326.478595463,348.289546633,560.072681401,0.264389214586,0.282052180334,179,213,255,0,348.289546633,0.0,0,0
-0.5,180.0,60.0,253.150044638,268.412180735,452.486102306,0.259894747975,0.275563514774,173,208,255,0,268.412180735,0.0,0,0
-0.5,180.0,90.0,207.571985326,217.722589059,369.26480019,0.261241628968,0.274016764543,175,207,255,0,217.722589059,0.0,0,0
0.0,0.0,0.0,300.841516691,295.750069568,289.861564959,0.339376667879,0.333633051179,255,222,218,0,295.750069568,0.0,1,0
0.0,0.0,0.5,297.129497059,292.046560881,289.795653432,0.338042161329,0.332259340207,255,223,220,0,292.046560881,0.0,1,0
0.0,0.0,1.0,305.097757628,299.121108841,295.716457709,0.339021871273,0.332380673149,255,222,218,0,299.121108841,0.0,1,0
0.0,0.0,2.0,329.598572464,320.908825517,312.661407885,0.342202291496,0.333180252062,255,219,215,0,320.908825517,0.0,1,0
0.0,0.0,3.0,357.441226452,346.804301977,330.35378798,0.345487591943,0.335206390026,255,217,210,0,346.804301977,0.0,1,0
0.0,0.0,5.0,492.301918818,463.248835977,373.910694824,0.370301763138,0.348448491011,255,201,183,0,463.248835977,0.0,0,0
0.0,0.0,8.0,773.157128709,721.142825935,474.278612695,0.392748931405,0.366326667322,255,194,158,0,721.142825935,0.0,0,0
0.0,0.0,12.0,990.11431527,940.232603372,608.074894343,0.390051137366,0.370400458491,255,199,159,0,940.232603372,0.0,0,0
0.0,0.0,20.0,947.18186724,925.586245352,733.386757375,0.363440361183,0.355153968791,255,213,187,0,925.586245352,0.0,0,0
0.0,0.0,30.0,680.448396098,679.546397334,682.905506741,0.333079590835,0.332638062306,255,229,226,0,679.546397334,0.0,0,0
0.0,0.0,45.0,390.576712942,399.099567829,519.870846532,0.298253270004,0.304761516029,231,231,255,0,399.099567829,0.0,0,0
0.0,0.0,60.0,267.625996417,277.129248817,413.745568339,0.279213113466,0.289127818039,202,218,255,0,277.129248817,0.0,0,0
0.0,0.0,90.0,176.506664185,185.190605642,314.512293338,0.261023614275,0.273865700413,175,207,255,0,185.190605642,0.0,0,0
0.0,90.0,0.0,135.713056124,142.039683559,200.725630207,0.283634673299,0.296857062925,209,225,255,0,142.039683559,0.0,1,0
0.0,90.0,0.5,140.145222041,146.671969439,206.965206359,0.283819801302,0.297037662908,209,225,255,0,146.671969439,0.0,1,0
0.0,90.0,1.0,148.707051114,155.571966137,218.595224046,0.284403092311,0.297532281856,210,225,255,0,155.571966137,0.0,1,0
0.0,90.0,2.0,158.824244171,166.107908022,232.143540478,0.285103525896,0.298178344895,211,226,255,0,166.107908022,0.0,1,0
0.0,90.0,3.0,169.110580452,176.703841526,245.277533177,0.286098599342,0.298944758062,213,226,255,0,176.703841526,0.0,1,0
0.0,90.0,5.0,191.956191915,199.829598801,269.924428319,0.290091019291,0.301989591596,219,229,255,0,199.829598801,0.0,0,0
0.0,90.0,8.0,229.41084183,239.00869117,309.12643474,0.295044732206,0.307388503171,226,234,255,0,239.00869117,0.0,0,0
0.0,90.0,12.0,265.334087756,278.44060654,359.551816423,0.293729990881,0.308239161849,224,235,255,0,278.44060654,0.0,0,0
0.0,90.0,20.0,298.853197867,315.732148177,445.106551082,0.282018951619,0.297947119378,206,226,255,0,315.732148177,0.0,0,0
0.0,90.0,30.0,282.073530806,297.989112168,454.496829665,0.27265086084,0.288034782001,192,218,255,0,297.989112168,0.0,0,0
0.0,90.0,45.0,231.836505946,244.289314143,392.685472328,0.266843338674,0.281176495143,183,212,255,0,244.289314143,0.0,0,0
0.0,90.0,60.0,201.878613116,212.181290308,353.144502184,0.263135367368,0.276564222986,178,209,255,0,212.181290308,0.0,0,0
0.0,90.0,90.0,176.506664185,185.190605642,314.512293338,0.261023614275,0.273865700413,175,207,255,0,185.190605642,0.0,0,0
0.0,180.0,0.0,145.171940577,152.63955813,211.812592601,0.284860827918,0.299514015788,211,227,255,0,152.63955813,0.0,1,0
0.0,180.0,0.5,156.915096742,165.033862616,228.256425254,0.285193676999,0.299949559258,211,227,255,0,165.033862616,0.0,1,0
0.0,180.0,1.0,159.451770502,167.703836528,231.611721079,0.285363446431,0.300131786687,211,228,255,0,167.703836528,0.0,1,0
0.0,180.0,2.0,172.112711463,181.155690706,250.284494516,0.28516591074,0.300148821588,211,228,255,0,181.155690706,0.0,1,0
0.0,180.0,3.0,181.192747375,190.658974809,262.882026998,0.285462601616,0.300376299597,211,228,255,0,190.658974809,0.0,1,0
0.0,180.0,5.0,204.203856787,213.885172474,286.839950817,0.289680042328,0.303413788507,218,230,255,0,213.885172474,0.0,0,0
0.0,180.0,8.0,252.799862554,264.905431943,331.873673976,0.29755899326,0.311807897527,230,238,255,0,264.905431943,0.0,0,0
0.0,180.0,12.0,310.323841197,328.631515045,405.193149358,0.29720278249,0.314736374455,230,241,255,0,328.631515045,0.0,0,0
0.0,180.0,20.0,361.193184739,386.472586239,523.927066344,0.284047828942,0.303927935811,209,231,255,0,386.472586239,0.0,0,0
0.0,180.0,30.0,342.4409201,366.547497266,544.274874823,0.273239408059,0.292474454132,192,222,255,0,366.547497266,0.0,0,0
0.0,180.0,45.0,279.950826932,298.389078042,477.646774718,0.265108293803,0.282568979117,180,214,255,0,298.389078042,0.0,0,0
0.0,180.0,60.0,218.023469344,231.076402974,387.649954281,0.260559921751,0.276159487135,174,209,255,0,231.076402974,0.0,0,0
0.0,180.0,90.0,176.506664182,185.190605639,314.512293333,0.261023614275,0.273865700413,175,207,255,0,185.190605639,0.0,0,0
0.5,0.0,0.0,212.200630755,210.587616695,224.711940975,0.327722886492,0.325231745812,255,230,234,0,210.587616695,0.0,1,0
0.5,0.0,0.5,207.426546383,205.928349639,222.710477897,0.326108848065,0.323753434918,255,231,236,0,205.928349639,0.0,1,0
0.5,0.0,1.0,212.094954373,210.35995731,227.128197899,0.32650934306,0.32383840375,255,230,235,0,210.35995731,0.0,1,0
0.5,0.0,2.0,227.338976628,224.579057392,239.860757516,0.32862958421,0.324639986279,255,228,232,0,224.579057392,0.0,1,0
0.5,0.0,3.0,249.548496087,244.330765939,253.169326867,0.334045870372,0.327061411495,255,223,225,0,244.330765939,0.0,1,0
0.5,0.0,5.0,361.357141685,338.221754667,286.452170723,0.366476426302,0.343013284227,255,201,187,0,338.221754667,0.0,0,0
0.5,0.0,8.0,604.610119909,558.796062539,368.18120175,0.394760446676,0.364847653032,255,191,157,0,558.796062539,0.0,0,0
0.5,0.0,12.0,803.680092588,757.721320783,484.714786669,0.392783211712,0.370321744566,255,196,157,0,757.721320783,0.0,0,0
0.5,0.0,20.0,787.757964315,766.713212541,606.76701345,0.364493820185,0.354756461356,255,211,186,0,766.713212541,0.0,0,0
0.5,0.0,30.0,564.870952396,564.058939005,573.655829028,0.331772401012,0.331295471492,255,230,227,0,564.058939005,0.0,0,0
0.5,0.0,45.0,329.461576355,337.428340027,442.381737321,0.297007117467,0.304189094619,229,231,255,0,337.428340027,0.0,0,0
0.5,0.0,60.0,225.242670462,233.954933203,350.214622306,0.278279303469,0.289042994034,201,218,255,0,233.954933203,0.0,0,0
0.5,0.0,90.0,150.852905828,158.684673327,265.321667509,0.26241711637,0.276040916533,177,208,255,0,158.684673327,0.0,0,0
0.5,90.0,0.0,103.248414515,108.071181588,155.561781055,0.281421791737,0.294567095298,205,223,255,0,108.071181588,0.0,1,0
0.5,90.0,0.5,106.618626915,111.592072964,160.394674316,0.281608857618,0.294745084379,206,223,255,0,111.592072964,0.0,1,0
0.5,90.0,1.0,113.112082248,118.349879464,169.432647095,0.282149172784,0.295214445054,207,223,255,0,118.349879464,0.0,1,0
0.5,90.0,2.0,120.793650152,126.349282097,179.915765272,0.282850228442,0.295859287799,208,224,255,0,126.349282097,0.0,1,0
0.5,90.0,3.0,128.650124771,134.42912645,190.080305625,0.283895865877,0.296648552191,209,225,255,0,134.42912645,0.0,1,0
0.5,90.0,5.0,146.908197666,152.804868566,209.348592903,0.288586254788,0.300169666727,216,227,255,0,152.804868566,0.0,0,0
0.5,90.0,8.0,179.121184139,186.373254218,241.524201284,0.295083498992,0.30703052929,226,233,255,0,186.373254218,0.0,0,0
0.5,90.0,12.0,212.086225964,222.4677576,285.446105557,0.294564166268,0.308982958421,226,235,255,0,222.4677576,0.0,0,0
0.5,90.0,20.0,244.41294732,258.392120192,360.645571678,0.283065338337,0.299255230658,208,227,255,0,258.392120192,0.0,0,0
0.5,90.0,30.0,233.825465692,247.330105975,372.872715006,0.273791242446,0.289604114798,194,219,255,0,247.330105975,0.0,0,0
0.5,90.0,45.0,195.437090492,206.334280502,327.42453903,0.268017260938,0.282961379329,185,214,255,0,206.334280502,0.0,0,0
0.5,90.0,60.0,171.312742142,180.462755742,296.039130783,0.264447165225,0.278571597114,180,210,255,0,180.462755742,0.0,0,0
0.5,90.0,90.0,150.852905831,158.684673331,265.32166752,0.262417116366,0.276040916532,177,208,255,0,158.684673331,0.0,0,0
0.5,180.0,0.0,107.901627182,113.122611364,159.387285412,0.283644475486,0.297369044415,209,225,255,0,113.122611364,0.0,1,0
0.5,180.0,0.5,120.617015939,126.557585156,177.62772753,0.283936804983,0.297921119137,209,226,255,0,126.557585156,0.0,1,0
0.5,180.0,1.0,122.99999031,129.049727367,180.696604046,0.284231163007,0.298211032396,210,226,255,0,129.049727367,0.0,1,0
0.5,180.0,2.0,131.204166072,137.715755743,192.623067503,0.284272904384,0.298381210268,210,226,255,0,137.715755743,0.0,1,0
0.5,180.0,3.0,138.136501322,144.954937437,202.413497924,0.284521311495,0.298565321349,210,226,255,0,144.954937437,0.0,1,0
0.5,180.0,5.0,155.894766111,162.656450649,220.761034387,0.289062163486,0.301599769527,217,229,255,0,162.656450649,0.0,0,0
0.5,180.0,8.0,196.146633623,204.316488977,255.17125669,0.299170757084,0.311631749998,233,238,255,0,204.316488977,0.0,0,0
0.5,180.0,12.0,247.368576977,260.723250804,314.868305096,0.300583912992,0.316811520253,235,243,255,0,260.723250804,0.0,0,0
0.5,180.0,20.0,296.988342368,317.258438149,418.084534191,0.287687042073,0.307322304021,215,234,255,0,317.258438149,0.0,0,0
0.5,180.0,30.0,287.04846208,307.281412918,444.172066397,0.276406283549,0.295889107829,197,224,255,0,307.281412918,0.0,0,0
0.5,180.0,45.0,237.170220955,253.031862891,395.74736509,0.267701753458,0.285605305353,184,216,255,0,253.031862891,0.0,0,0
0.5,180.0,60.0,186.681840047,198.206472703,325.127548066,0.262926295523,0.279157809904,177,211,255,0,198.206472703,0.0,0,0
0.5,180.0,90.0,150.852905807,158.684673305,265.321667501,0.262417116356,0.276040916519,177,208,255,0,158.684673305,0.0,0,0
1.0,0.0,0.0,145.754774567,146.639472444,170.705383647,0.314737401884,0.316647785351,255,240,253,0,146.639472444,0.0,1,0
1.0,0.0,0.5,141.661908141,142.743468236,168.588473591,0.312723689629,0.315111271921,254,241,255,0,142.743468236,0.0,1,0
1.0,0.0,1.0,144.498043839,145.58449317,171.762973163,0.312870950689,0.315223359248,254,241,255,0,145.58449317,0.0,1,0
1.0,0.0,2.0,154.039200177,154.897585134,181.124616457,0.3143263265,0.316077913043,255,240,253,0,154.897585134,0.0,1,0
1.0,0.0,3.0,170.665693018,169.283000411,190.973145551,0.321451634663,0.318847310438,255,232,243,0,169.283000411,0.0,1,0
1.0,0.0,5.0,257.077800848,241.728736304,216.528547443,0.359380948013,0.33792378077,255,204,195,0,241.728736304,0.0,0,0
1.0,0.0,8.0,444.121818308,412.561191694,282.298396849,0.389928944965,0.362219426246,255,193,162,0,412.561191694,0.0,0,0
1.0,0.0,12.0,589.173006184,558.92039471,375.86648255,0.386606637474,0.366755319994,255,199,163,0,558.92039471,0.0,0,0
1.0,0.0,20.0,573.528816208,561.667865644,472.693924028,0.356696415857,0.349319700974,255,215,196,0,561.667865644,0.0,0,0
1.0,0.0,30.0,418.247967972,419.617896694,448.246942491,0.325203174748,0.326268344705,255,234,237,0,419.617896694,0.0,0,0
1.0,0.0,45.0,252.681851459,259.726097809,348.7382349,0.293425037589,0.301605119531,224,228,255,0,259.726097809,0.0,0,0
1.0,0.0,60.0,175.140047299,182.326617975,275.38430941,0.276747693067,0.288103558766,199,217,255,0,182.326617975,0.0,0,0
1.0,0.0,90.0,119.799736149,126.031413962,208.793356888,0.263513590458,0.277220897733,179,209,255,0,126.031413962,0.0,0,0
1.0,90.0,0.0,77.3796492943,80.8787146297,119.685051867,0.278400727983,0.290989856333,201,220,255,0,80.8787146297,0.0,1,0
1.0,90.0,0.5,79.893031143,83.4997003502,123.384854609,0.278588826376,0.291165364369,201,220,255,0,83.4997003502,0.0,1,0
1.0,90.0,1.0,84.7380946677,88.541879883,130.336665319,0.279095686929,0.291623937084,202,220,255,0,88.541879883,0.0,1,0
1.0,90.0,2.0,90.4778383485,94.5128068578,138.386484662,0.279790467512,0.292268061431,203,221,255,0,94.5128068578,0.0,1,0
1.0,90.0,3.0,96.344934625,100.538886262,146.185740708,0.280832068508,0.293056853528,205,222,255,0,100.538886262,0.0,1,0
1.0,90.0,5.0,110.195659341,114.412539697,160.943351479,0.285813036398,0.296750303672,212,224,255,0,114.412539697,0.0,0,0
1.0,90.0,8.0,135.508121884,140.635158881,185.687279598,0.293415233884,0.304516788085,224,231,255,0,140.635158881,0.0,0,0
1.0,90.0,12.0,162.279695685,169.819033467,219.96492903,0.293951056693,0.307607702392,225,234,255,0,169.819033467,0.0,0,0
1.0,90.0,20.0,189.483430988,199.984399429,279.613344116,0.283199465477,0.298894075996,208,227,255,0,199.984399429,0.0,0,0
1.0,90.0,30.0,182.699765618,193.0295881,290.394384225,0.274273014473,0.289780377286,194,219,255,0,193.0295881,0.0,0,0
1.0,90.0,45.0,154.35577504,162.89653271,257.053911445,0.268769116337,0.283640551444,186,214,255,0,162.89653271,0.0,0,0
1.0,90.0,60.0,135.599948905,142.821279859,232.523979536,0.265390391577,0.279523670129,181,211,255,0,142.821279859,0.0,0,0
1.0,90.0,90.0,119.79973616,126.031413973,208.793356903,0.263513590459,0.277220897735,179,209,255,0,126.031413973,0.0,0,0
1.0,180.0,0.0,79.6086412381,83.1186269261,120.252957145,0.281322276676,0.293725919666,205,222,255,0,83.1186269261,0.0,1,0
1.0,180.0,0.5,87.4566711338,91.3658878523,131.479403789,0.281843757454,0.294441862486,206,223,255,0,91.3658878523,0.0,1,0
1.0,180.0,1.0,92.4521918704,96.6097947032,138.841339683,0.281949539597,0.294628895065,206,223,255,0,96.6097947032,0.0,1,0
1.0,180.0,2.0,95.6729504465,99.9604719951,143.166469403,0.282387783318,0.295042809639,207,223,255,0,99.9604719951,0.0,1,0
1.0,180.0,3.0,102.819691258,107.432288526,153.766861892,0.282457058498,0.295128373112,207,223,255,0,107.432288526,0.0,1,0
1.0,180.0,5.0,115.377027009,119.84661813,167.4425804,0.286532665744,0.297632655854,213,225,255,0,119.84661813,0.0,0,0
1.0,180.0,8.0,144.797126387,149.750559653,191.622412448,0.297832233692,0.308020917203,231,234,255,0,149.750559653,0.0,0,0
1.0,180.0,12.0,184.718939246,193.19828024,234.51310112,0.301616254178,0.315461651293,237,241,255,0,193.19828024,0.0,0,0
1.0,180.0,20.0,226.918841996,241.114621933,313.871521666,0.290212808687,0.308368185873,219,235,255,0,241.114621933,0.0,0,0
1.0,180.0,30.0,223.189199237,238.077939316,338.173406415,0.27918173608,0.297805685257,201,226,255,0,238.077939316,0.0,0,0
1.0,180.0,45.0,186.712336026,198.758943163,305.7112852,0.270134615145,0.287563595211,188,218,255,0,198.758943163,0.0,0,0
1.0,180.0,60.0,148.513327208,157.475619549,254.222324227,0.265102354952,0.281100412836,180,212,255,0,157.475619549,0.0,0,0
1.0,180.0,90.0,119.799736158,126.031413971,208.793356899,0.26351359046,0.277220897736,179,209,255,0,126.031413971,0.0,0,0
1.5,0.0,0.0,100.402805439,101.901830458,128.151996622,0.303830504698,0.308366727825,240,234,255,0,101.901830458,0.0,1,0
1.5,0.0,0.5,97.3586094989,98.9791175713,126.222064108,0.301831202033,0.306855101839,237,233,255,0,98.9791175713,0.0,1,0
1.5,0.0,1.0,99.228110937,100.873456851,128.501370889,0.301969639519,0.306976733859,237,233,255,0,100.873456851,0.0,1,0
1.5,0.0,2.0,105.64629919,107.190792936,135.376129051,0.303395427757,0.307830910538,239,234,255,0,107.190792936,0.0,1,0
1.5,0.0,3.0,116.590981222,116.756254674,142.618527284,0.310110634106,0.310550231188,250,236,255,0,116.756254674,0.0,1,0
1.5,0.0,5.0,169.197615254,161.24323343,160.777836414,0.344444583211,0.328251425123,255,212,213,0,161.24323343,0.0,0,0
1.5,0.0,8.0,275.780034373,259.700804085,205.110311122,0.372378247471,0.350666902018,255,201,180,0,259.700804085,0.0,0,0
1.5,0.0,12.0,357.097821544,342.823094061,267.566570049,0.369098129784,0.354343698647,255,206,182,0,342.823094061,0.0,0,0
1.5,0.0,20.0,355.847019924,352.765302588,340.574063183,0.339164732573,0.336227487696,255,225,218,0,352.765302588,0.0,0,0
1.5,0.0,30.0,273.080277018,277.136779608,328.493078141,0.310774015472,0.315390444065,251,241,255,0,277.136779608,0.0,0,0
1.5,0.0,45.0,176.407599556,182.615614222,259.004132589,0.285436559713,0.295481446405,212,223,255,0,182.615614222,0.0,0,0
1.5,0.0,60.0,125.861414798,131.409902764,204.026237444,0.272842145882,0.284870147995,193,215,255,0,131.409902764,0.0,0,0
1.5,0.0,90.0,88.5331133153,92.997391498,154.419483257,0.263530633901,0.276819154042,179,209,255,0,92.997391498,0.0,0,0
1.5,90.0,0.0,56.0681226397,58.4770962378,89.1231672046,0.275291240424,0.287119161509,196,217,255,0,58.4770962378,0.0,1,0
1.5,90.0,0.5,57.8881250465,60.3699627671,91.8772992961,0.275480136129,0.28729079665,197,217,255,0,60.3699627671,0.0,1,0
1.5,90.0,1.0,61.4094628398,64.0327004548,97.094588257,0.275952005283,0.287739890191,197,217,255,0,64.0327004548,0.0,1,0
1.5,90.0,2.0,65.5603824398,68.3431366733,103.086848523,0.276637329583,0.288379385859,198,218,255,0,68.3431366733,0.0,1,0
1.5,90.0,3.0,69.7775041486,72.6716011271,108.883679768,0.277629932507,0.289144932343,200,218,255,0,72.6716011271,0.0,1,0
1.5,90.0,5.0,79.6413420758,82.5328797629,119.770448171,0.282471529159,0.292727221124,207,221,255,0,82.5328797629,0.0,0,0
1.5,90.0,8.0,97.8672920299,101.320963768,137.71391374,0.290491723945,0.300742983956,219,228,255,0,101.320963768,0.0,0,0
1.5,90.0,12.0,117.55209856,122.677959106,162.480899504,0.291901912444,0.304630298535,221,231,255,0,122.677959106,0.0,0,0
1.5,90.0,20.0,138.23544088,145.52437487,206.318657282,0.282067971737,0.296940965331,206,225,255,0,145.52437487,0.0,0,0
1.5,90.0,30.0,133.898770928,141.14749051,214.35591497,0.273596598835,0.288407974696,193,218,255,0,141.14749051,0.0,0,0
1.5,90.0,45.0,114.037755225,120.136244094,190.725784744,0.268387416286,0.282740186274,186,214,255,0,120.136244094,0.0,0,0
1.5,90.0,60.0,100.023231998,105.180661834,171.896705949,0.265242834555,0.278919370308,181,211,255,0,105.180661834,0.0,0,0
1.5,90.0,90.0,88.533113315,92.9973914979,154.419483258,0.2635306339,0.276819154041,179,209,255,0,92.9973914979,0.0,0,0
1.5,180.0,0.0,55.9838421595,58.153547342,86.6695503175,0.278794359448,0.289599290714,202,219,255,0,58.153547342,0.0,1,0
1.5,180.0,0.5,61.8608928129,64.2943085954,95.2855671307,0.279356386004,0.290345400351,203,219,255,0,64.2943085954,0.0,1,0
1.5,180.0,1.0,63.9049584084,66.4157828381,98.1997768388,0.279646479642,0.290633783761,203,219,255,0,66.4157828381,0.0,1,0
1.5,180.0,2.0,68.6582900518,71.3529374309,105.169856753,0.280030942296,0.291021379782,204,220,255,0,71.3529374309,0.0,1,0
1.5,180.0,3.0,72.8440542402,75.6979543368,111.44958891,0.280178494013,0.291155387591,204,220,255,0,75.6979543368,0.0,1,0
1.5,180.0,5.0,81.0974037206,83.8125658751,121.140914921,0.283506914715,0.292998799905,209,221,255,0,83.8125658751,0.0,0,0
1.5,180.0,8.0,100.712957904,103.344531415,137.043385759,0.29525857382,0.302973515947,227,230,255,0,103.344531415,0.0,0,0
1.5,180.0,12.0,129.056579418,133.716179695,165.429369644,0.301391727764,0.312273505233,236,238,255,0,133.716179695,0.0,0,0
1.5,180.0,20.0,161.491234674,170.281054853,221.475486814,0.291896762319,0.307784436079,221,234,255,0,170.281054853,0.0,0,0
1.5,180.0,30.0,161.17312414,170.938302653,240.949144294,0.281249718218,0.298290113257,205,226,255,0,170.938302653,0.0,0,0
1.5,180.0,45.0,136.624923421,144.799703119,221.012257907,0.271924549431,0.288194811331,191,218,255,0,144.799703119,0.0,0,0
1.5,180.0,60.0,109.807789007,116.035437909,186.051799981,0.266591684377,0.281711189337,183,213,255,0,116.035437909,0.0,0,0
1.5,180.0,90.0,88.5331133148,92.9973914976,154.419483258,0.2635306339,0.276819154041,179,209,255,0,92.9973914976,0.0,0,0
2.0,0.0,0.0,68.1486792238,69.732156194,93.6087011321,0.294392050023,0.301232432503,225,228,255,0,69.732156194,0.0,1,0
2.0,0.0,0.5,65.7428651533,67.3762395655,91.458799474,0.292739685988,0.300012771994,223,227,255,0,67.3762395655,0.0,1,0
2.0,0.0,1.0,66.9195149159,68.5805862152,92.9695591361,0.292903288943,0.300173712934,223,227,255,0,68.5805862152,0.0,1,0
2.0,0.0,2.0,71.0647313059,72.7208800876,97.7978316697,0.294162258824,0.30101764908,225,228,255,0,72.7208800876,0.0,1,0
2.0,0.0,3.0,77.6379581191,78.6303913276,102.920393647,0.299542168354,0.303371166468,233,230,255,0,78.6303913276,0.0,1,0
2.0,0.0,5.0,106.331793014,103.434351904,115.334090503,0.327073872697,0.318161418033,255,224,235,0,103.434351904,0.0,0,0
2.0,0.0,8.0,163.467246653,157.155808426,144.469388983,0.351472591611,0.33790230401,255,212,203,0,157.155808426,0.0,0,0
2.0,0.0,12.0,214.26533908,210.229309202,198.647028465,0.343846908457,0.337370002756,255,220,212,0,210.229309202,0.0,0,0
2.0,0.0,20.0,215.848077755,217.664618981,240.035349618,0.320464262235,0.323161235727,255,238,244,0,217.664618981,0.0,0,0
2.0,0.0,30.0,174.902491572,179.754176127,233.407340611,0.297420840419,0.305671106523,230,232,255,0,179.754176127,0.0,0,0
2.0,0.0,45.0,119.753580236,124.618034361,184.855953871,0.278997876729,0.290330918878,202,219,255,0,124.618034361,0.0,0,0
2.0,0.0,60.0,87.4294934638,91.3304570283,145.013387485,0.270033023751,0.28208146353,189,213,255,0,91.3304570283,0.0,0,0
2.0,0.0,90.0,62.5462134465,65.4527646265,109.061722953,0.263840498133,0.276101286899,179,208,255,0,65.4527646265,0.0,0,0
2.0,90.0,0.0,38.9311570678,40.4727498622,63.3941847229,0.272630793711,0.28342640573,193,214,255,0,40.4727498622,0.0,1,0
2.0,90.0,0.5,40.1876076679,41.7747359803,65.3450982105,0.272814510664,0.283588768179,193,214,255,0,41.7747359803,0.0,1,0
2.0,90.0,1.0,42.6463851912,44.3277523813,69.0865083277,0.273268029523,0.284041835952,194,214,255,0,44.3277523813,0.0,1,0
2.0,90.0,2.0,45.5242758744,47.307622036,73.3495624546,0.273943168958,0.284674487347,195,215,255,0,47.307622036,0.0,1,0
2.0,90.0,3.0,48.4356102446,50.28890771,77.4693366941,0.274899543694,0.285418057345,196,215,255,0,50.28890771,0.0,1,0
2.0,90.0,5.0,55.1903138063,57.0133830641,85.1558069419,0.279643557773,0.28888085936,203,218,255,0,57.0133830641,0.0,0,0
2.0,90.0,8.0,67.7701035865,69.8801309796,97.6130853817,0.288060644564,0.297029434912,216,225,255,0,69.8801309796,0.0,0,0
2.0,90.0,12.0,81.6022083748,84.7711756643,114.72647852,0.290296151809,0.30156960908,219,229,255,0,84.7711756643,0.0,0,0
2.0,90.0,20.0,96.5483352239,101.180327339,145.473923487,0.281315873331,0.294812252155,205,223,255,0,101.180327339,0.0,0,0
2.0,90.0,30.0,93.8960981104,98.5558839153,151.168253777,0.273255438205,0.286816297897,193,217,255,0,98.5558839153,0.0,0,0
2.0,90.0,45.0,80.4863813151,84.4572841335,135.042427073,0.268300375656,0.281537332027,186,213,255,0,84.4572841335,0.0,0,0
2.0,90.0,60.0,69.9894033642,73.3067984089,120.535308359,0.265280683604,0.277854598839,181,210,255,0,73.3067984089,0.0,0,0
2.0,90.0,90.0,62.5462134881,65.4527646694,109.06172298,0.263840498184,0.27610128695,179,208,255,0,65.4527646694,0.0,0,0
2.0,180.0,0.0,37.4312445131,38.6713243513,59.62693888,0.275778238167,0.284914643794,197,215,255,0,38.6713243513,0.0,1,0
2.0,180.0,0.5,41.5744884607,42.9705268587,65.8637856757,0.276409945333,0.285691572397,198,215,255,0,42.9705268587,0.0,1,0
2.0,180.0,1.0,42.9340027277,44.3721962074,67.863289676,0.276691011306,0.285959544009,199,216,255,0,44.3721962074,0.0,1,0
2.0,180.0,2.0,46.6100784403,48.1654832383,73.4520337247,0.277065592768,0.286311429007,199,216,255,0,48.1654832383,0.0,1,0
2.0,180.0,3.0,47.9736916666,49.5604154086,75.4284942292,0.27736453606,0.286538332766,200,216,255,0,49.5604154086,0.0,1,0
2.0,180.0,5.0,54.0029744197,55.5323460168,83.51444998,0.279736019904,0.287658182121,203,217,255,0,55.5323460168,0.0,0,0
2.0,180.0,8.0,66.1790135012,67.3652981364,93.4537168029,0.291540036519,0.296766005411,221,224,255,0,67.3652981364,0.0,0,0
2.0,180.0,12.0,85.1017857932,87.2349730982,111.115985987,0.300232710146,0.307758434781,234,234,255,0,87.2349730982,0.0,0,0
2.0,180.0,20.0,108.774928599,113.605326027,148.695373861,0.293134122125,0.306151407708,223,233,255,0,113.605326027,0.0,0,0
2.0,180.0,30.0,110.379713875,116.148216866,163.482069,0.283017650697,0.29780830477,208,226,255,0,116.148216866,0.0,0,0
2.0,180.0,45.0,95.0569837993,100.089825287,152.323835533,0.27356838706,0.288052607715,193,218,255,0,100.089825287,0.0,0,0
2.0,180.0,60.0,77.2844685276,81.2122376098,129.864771222,0.268012458652,0.281633449632,185,213,255,0,81.2122376098,0.0,0,0
2.0,180.0,90.0,62.5462134892,65.4527646706,109.061722982,0.263840498185,0.276101286951,179,208,255,0,65.4527646706,0.0,0,0
2.5,0.0,0.0,45.3890169952,46.7208305573,65.9301208001,0.287199608228,0.295626676241,215,223,255,0,46.7208305573,0.0,1,0
2.5,0.0,0.5,43.5674034384,44.8933615361,63.860142469,0.286023791281,0.29472882147,213,223,255,0,44.8933615361,0.0,1,0
2.5,0.0,1.0,44.3063273709,45.6540743856,64.8345083115,0.286225996394,0.294932658739,213,223,255,0,45.6540743856,0.0,1,0
2.5,0.0,2.0,46.9883502719,48.366466117,68.1745603195,0.287338894196,0.295766223112,215,223,255,0,48.366466117,0.0,1,0
2.5,0.0,3.0,50.9644953156,52.047195461,71.7497000165,0.291623310414,0.297818615569,221,225,255,0,52.047195461,0.0,1,0
2.5,0.0,5.0,66.962862779,66.2512816979,80.2526299548,0.313692203188,0.310358751962,255,235,255,0,66.2512816979,0.0,0,0
2.5,0.0,8.0,98.5720784702,96.7302892788,99.9100089559,0.333902255625,0.327663393922,255,224,225,0,96.7302892788,0.0,0,0
2.5,0.0,12.0,129.146095014,129.25733418,137.966888981,0.325821811303,0.326102455842,255,233,236,0,129.25733418,0.0,0,0
2.5,0.0,20.0,134.045957672,137.264578694,166.91221608,0.305885435942,0.313230150483,243,239,255,0,137.264578694,0.0,0,0
2.5,0.0,30.0,113.033765273,117.163526137,162.064407389,0.288159067323,0.298687143037,216,226,255,0,117.163526137,0.0,0,0
2.5,0.0,45.0,80.1128634722,83.4881513227,127.82578266,0.274898753896,0.286480694472,196,216,255,0,83.4881513227,0.0,0,0
2.5,0.0,60.0,59.0326750187,61.5259184546,99.4287293296,0.268345804052,0.279679381842,186,211,255,0,61.5259184546,0.0,0,0
2.5,0.0,90.0,42.3966627316,44.1282178138,74.0048337267,0.264104766671,0.274891274889,180,207,255,0,44.1282178138,0.0,0,0
2.5,90.0,0.0,25.9106825034,26.8369800569,43.2584568878,0.26988573908,0.279534056904,189,211,255,0,26.8369800569,0.0,1,0
2.5,90.0,0.5,26.7414775508,27.6945456544,44.584939507,0.270058751383,0.279683663901,189,211,255,0,27.6945456544,0.0,1,0
2.5,90.0,1.0,28.3934055119,29.4055073479,47.1629973516,0.270511516556,0.280154079596,190,211,255,0,29.4055073479,0.0,1,0
2.5,90.0,2.0,30.3049946127,31.3783844779,50.0726791665,0.271170933239,0.280775690976,191,212,255,0,31.3783844779,0.0,1,0
2.5,90.0,3.0,32.2328138686,33.346698177,52.8828002836,0.272093404517,0.281496262578,192,212,255,0,33.346698177,0.0,1,0
2.5,90.0,5.0,36.6795977844,37.7502732868,58.1000019796,0.276764754542,0.284843502961,199,214,255,0,37.7502732868,0.0,0,0
2.5,90.0,8.0,45.0283163073,46.2093878001,66.4355907944,0.285579852539,0.293070477336,212,221,255,0,46.2093878001,0.0,0,0
2.5,90.0,12.0,54.3704307865,56.1679502897,77.8371740567,0.288627846369,0.298170058477,217,226,255,0,56.1679502897,0.0,0,0
2.5,90.0,20.0,64.7147099347,67.4317329854,98.5821886151,0.280479754524,0.292255592801,204,221,255,0,67.4317329854,0.0,0,0
2.5,90.0,30.0,63.1840316187,65.9476103591,102.45805739,0.272827469405,0.284760550833,193,215,255,0,65.9476103591,0.0,0,0
2.5,90.0,45.0,54.4754999561,56.8534051205,91.8322010074,0.268139414114,0.279843943639,186,211,255,0,56.8534051205,0.0,0,0
2.5,90.0,60.0,47.3594362845,49.33517504,81.7457586697,0.265407633295,0.27647989657,182,208,255,0,49.33517504,0.0,0,0
2.5,90.0,90.0,42.3966627315,44.1282178137,74.0048337267,0.264104766671,0.274891274889,180,207,255,0,44.1282178137,0.0,0,0
2.5,180.0,0.0,23.7540899569,24.4223373543,39.195714274,0.271872584624,0.279520873715,192,210,255,0,24.4223373543,0.0,1,0
2.5,180.0,0.5,26.5096568489,27.2629100245,43.4898102261,0.272558183745,0.280302732028,193,211,255,0,27.2629100245,0.0,1,0
2.5,180.0,1.0,27.3531056474,28.1277744698,44.78312465,0.272810822896,0.280537113345,193,211,255,0,28.1277744698,0.0,1,0
2.5,180.0,2.0,28.9875280684,29.8001883294,47.3143591835,0.27320415656,0.280863387131,194,211,255,0,29.8001883294,0.0,1,0
2.5,180.0,3.0,30.8512734114,31.7125461862,50.2939739117,0.273364137753,0.280995624672,194,211,255,0,31.7125461862,0.0,1,0
2.5,180.0,5.0,33.9836962008,34.8199835913,54.9152802102,0.274684625543,0.281444198938,196,212,255,0,34.8199835913,0.0,0,0
2.5,180.0,8.0,40.8674197513,41.3453119712,60.8219106522,0.285716935931,0.289058030172,213,217,255,0,41.3453119712,0.0,0,0
2.5,180.0,12.0,52.6654178187,53.4242086295,71.1029069392,0.297221428081,0.301503723708,230,228,255,0,53.4242086295,0.0,0,0
2.5,180.0,20.0,69.1043166723,71.4319788067,94.9944297571,0.293398309724,0.303280936001,224,230,255,0,71.4319788067,0.0,0,0
2.5,180.0,30.0,71.6197799091,74.6966467922,105.728238642,0.284155111204,0.296362736701,210,224,255,0,74.6966467922,0.0,0,0
2.5,180.0,45.0,62.9061053802,65.7378876413,100.344652768,0.274712770859,0.287079245412,195,217,255,0,65.7378876413,0.0,0,0
2.5,180.0,60.0,51.8627835094,54.1300249659,86.7853434376,0.269028326057,0.280789209922,187,212,255,0,54.1300249659,0.0,0,0
2.5,180.0,90.0,42.3966627313,44.1282178136,74.0048337262,0.264104766671,0.274891274889,180,207,255,0,44.1282178136,0.0,0,0
3.0,0.0,0.0,29.619192151,30.5878926565,44.8136419612,0.282031871825,0.291255770148,207,220,255,0,30.5878926565,0.0,1,0
3.0,0.0,0.5,28.2854060003,29.2257285636,43.0576395482,0.281254358025,0.290604403023,206,219,255,0,29.2257285636,0.0,1,0
3.0,0.0,1.0,28.7412126182,29.6959046949,43.6635401614,0.281498800587,0.290849299402,206,219,255,0,29.6959046949,0.0,1,0
3.0,0.0,2.0,30.4588137984,31.4465346938,45.8966714095,0.282543998955,0.291706358772,208,220,255,0,31.4465346938,0.0,1,0
3.0,0.0,3.0,32.9017110629,33.758740722,48.3158456731,0.286160815666,0.293614783815,213,222,255,0,33.758740722,0.0,1,0
3.0,0.0,5.0,42.2025357723,42.242270379,54.0903290954,0.304634168777,0.304920988483,241,231,255,0,42.242270379,0.0,0,0
3.0,0.0,8.0,60.74288942,60.5803886683,67.5539453043,0.32159986434,0.320739513109,255,234,242,0,60.5803886683,0.0,0,0
3.0,0.0,12.0,80.0726024613,81.349532672,93.9642260889,0.313535155433,0.318535149186,255,244,254,0,81.349532672,0.0,0,0
3.0,0.0,20.0,84.9031885059,87.7920801921,113.769581741,0.296382569714,0.306467198533,228,233,255,0,87.7920801921,0.0,0,0
3.0,0.0,30.0,72.9649916855,75.9134597172,109.542463023,0.282349405998,0.293758962528,207,222,255,0,75.9134597172,0.0,0,0
3.0,0.0,45.0,52.3769535444,54.4989956101,85.5318325442,0.272218478286,0.283247356884,192,214,255,0,54.4989956101,0.0,0,0
3.0,0.0,60.0,38.5101148132,39.9758275122,65.7240286059,0.267041970569,0.277205710909,184,209,255,0,39.9758275122,0.0,0,0
3.0,0.0,90.0,27.4649201578,28.4151140335,48.1963526067,0.263891945164,0.273021719025,180,206,255,0,28.4151140335,0.0,0,0
3.0,90.0,0.0,16.5095613924,17.0382684728,28.3208105497,0.266848621235,0.275394260462,184,207,255,0,17.0382684728,0.0,1,0
3.0,90.0,0.5,17.0352539179,17.5790121886,29.1866498172,0.267006416307,0.275529150861,185,207,255,0,17.5790121886,0.0,1,0
3.0,90.0,1.0,18.1026459289,18.681595181,30.8952521717,0.26747608546,0.276030364224,185,208,255,0,18.681595181,0.0,1,0
3.0,90.0,2.0,19.3202173908,19.9344744357,32.8038688305,0.268118280668,0.276642695246,186,208,255,0,19.9344744357,0.0,1,0
3.0,90.0,3.0,20.5444876698,21.1811606894,34.6463331515,0.269005560199,0.277342033956,188,209,255,0,21.1811606894,0.0,1,0
3.0,90.0,5.0,23.3488308019,23.9453042036,38.0533341891,0.273573792196,0.280562557151,195,211,255,0,23.9453042036,0.0,0,0
3.0,90.0,8.0,28.6447921258,29.2621757893,43.4283223219,0.282673410801,0.288765895088,208,217,255,0,29.2621757893,0.0,0,0
3.0,90.0,12.0,34.6711211585,35.6198906558,50.7454888279,0.286451780864,0.29429048648,213,222,255,0,35.6198906558,0.0,0,0
3.0,90.0,20.0,41.4978356381,42.9844654314,64.1875422413,0.279127459301,0.289126997609,202,218,255,0,42.9844654314,0.0,0,0
3.0,90.0,30.0,40.4777482967,41.9973299366,66.2327533938,0.272196479861,0.282415051562,192,213,255,0,41.9973299366,0.0,0,0
3.0,90.0,45.0,35.229518608,36.5489284106,59.9250415519,0.267491157527,0.277509189827,185,209,255,0,36.5489284106,0.0,0,0
3.0,90.0,60.0,30.6215845273,31.7080242988,53.1984968607,0.265057445072,0.274461561629,182,207,255,0,31.7080242988,0.0,0,0
3.0,90.0,90.0,27.4649201589,28.4151140344,48.1963526065,0.26389194517,0.273021719029,180,206,255,0,28.4151140344,0.0,0,0
3.0,180.0,0.0,14.319007946,14.6673586976,24.6441287953,0.266993765932,0.273489151602,185,206,255,0,14.6673586976,0.0,1,0
3.0,180.0,0.5,16.0339320451,16.4257678325,27.4329458402,0.267711199813,0.274253502005,186,206,255,0,16.4257678325,0.0,1,0
3.0,180.0,1.0,16.5258494352,16.9284089765,28.2276565317,0.267920499069,0.274446877858,186,206,255,0,16.9284089765,0.0,1,0
3.0,180.0,2.0,17.4631368837,17.8846475179,29.7684558866,0.26818404758,0.274657250461,187,206,255,0,17.8846475179,0.0,1,0
3.0,180.0,3.0,18.7383640689,19.18925491,31.9355816777,0.268215081657,0.274668992111,187,206,255,0,19.18925491,0.0,1,0
3.0,180.0,5.0,20.2673652333,20.7268668065,34.5041442818,0.268447696769,0.27453394121,187,206,255,0,20.7268668065,0.0,0,0
3.0,180.0,8.0,23.7199671302,23.9418429135,37.8937147674,0.277246468683,0.279839822926,200,210,255,0,23.9418429135,0.0,0,0
3.0,180.0,12.0,30.4391192315,30.628938485,43.4704896366,0.291176030299,0.29299181269,221,220,255,0,30.628938485,0.0,0,0
3.0,180.0,20.0,41.1575177558,42.132043758,57.749182798,0.291817102858,0.298726736143,222,226,255,0,42.132043758,0.0,0,0
3.0,180.0,30.0,43.7985461742,45.2856129854,65.1280200936,0.284014831943,0.293657823945,210,222,255,0,45.2856129854,0.0,0,0
3.0,180.0,45.0,39.423140933,40.8848025783,63.1019693627,0.274898297774,0.285090491717,196,215,255,0,40.8848025783,0.0,0,0
3.0,180.0,60.0,33.0468326441,34.2500438587,55.4500818519,0.269227303772,0.279029674689,188,210,255,0,34.2500438587,0.0,0,0
3.0,180.0,90.0,27.464920159,28.4151140345,48.1963526068,0.26389194517,0.273021719029,180,206,255,0,28.4151140345,0.0,0,0
3.5,0.0,0.0,18.900368887,19.5427083432,29.4918297537,0.278212920664,0.287668140148,201,217,255,0,19.5427083432,0.0,1,0
3.5,0.0,0.5,17.9619358986,18.5754137179,28.1471054557,0.277685510043,0.287169671556,200,216,255,0,18.5754137179,0.0,1,0
3.5,0.0,1.0,18.2410990322,18.8634283815,28.5183365076,0.277968652116,0.287452074693,201,217,255,0,18.8634283815,0.0,1,0
3.5,0.0,2.0,19.3326975578,19.9806611873,29.9791107702,0.279001422421,0.288352563086,202,217,255,0,19.9806611873,0.0,1,0
3.5,0.0,3.0,20.8489239279,21.436702623,31.5739601215,0.282277831047,0.290235886617,207,219,255,0,21.436702623,0.0,1,0
3.5,0.0,5.0,26.4992348806,26.695695891,35.4356487991,0.298985237476,0.301201865319,233,228,255,0,26.695695891,0.0,0,0
3.5,0.0,8.0,37.9641905575,38.2409558756,44.6288137453,0.314184774722,0.316475234439,255,241,254,0,38.2409558756,0.0,0,0
3.5,0.0,12.0,50.4228626849,51.6709724378,62.6344750186,0.306097128305,0.3136739058,244,239,255,0,51.6709724378,0.0,0,0
3.5,0.0,20.0,53.9524925886,56.0235098971,75.6709251729,0.290618828273,0.301774506067,220,229,255,0,56.0235098971,0.0,0,0
3.5,0.0,30.0,46.3986413963,48.2806969049,71.8749159733,0.27857974327,0.289879697851,201,219,255,0,48.2806969049,0.0,0,0
3.5,0.0,45.0,33.1767700152,34.4163782606,55.2960290914,0.269973082464,0.280060286821,189,211,255,0,34.4163782606,0.0,0,0
3.5,0.0,60.0,24.1327053466,24.9382278675,41.8445565563,0.265441075086,0.274301199174,182,207,255,0,24.9382278675,0.0,0,0
3.5,0.0,90.0,16.9435352842,17.4289391998,30.1012316439,0.262797600786,0.27032631202,179,203,255,0,17.4289391998,0.0,0,0
3.5,90.0,0.0,10.0929084424,10.3875566707,17.8480489307,0.263326369263,0.271013811253,179,204,255,0,10.3875566707,0.0,1,0
3.5,90.0,0.5,10.4112055914,10.7141799727,18.3911001282,0.263464865587,0.27113190318,180,204,255,0,10.7141799727,0.0,1,0
3.5,90.0,1.0,11.0749990031,11.3984232343,19.4827391492,0.263965973938,0.27167459695,180,204,255,0,11.3984232343,0.0,1,0
3.5,90.0,2.0,11.8177747787,12.1611996179,20.6854025736,0.264590610692,0.272279620647,181,205,255,0,12.1611996179,0.0,1,0
3.5,90.0,3.0,12.5627270872,12.9186602898,21.8464343862,0.265440635533,0.27296122679,183,205,255,0,12.9186602898,0.0,1,0
3.5,90.0,5.0,14.2534309402,14.5809308108,23.9889199665,0.269832363245,0.276032278509,189,207,255,0,14.5809308108,0.0,0,0
3.5,90.0,8.0,17.4494939456,17.7666280617,27.3303883452,0.278984292604,0.284054665266,203,214,255,0,17.7666280617,0.0,0,0
3.5,90.0,12.0,21.1397330066,21.6235708327,31.8479725753,0.283331609141,0.289816390656,209,218,255,0,21.6235708327,0.0,0,0
3.5,90.0,20.0,25.4103915932,26.1867592699,40.1943334978,0.276827330663,0.285285279481,199,215,255,0,26.1867592699,0.0,0,0
3.5,90.0,30.0,24.816254653,25.6083191491,41.363239461,0.270365463243,0.278994762363,190,210,255,0,25.6083191491,0.0,0,0
3.5,90.0,45.0,21.6992052888,22.3866638149,37.4996600672,0.265968799974,0.274395031109,183,207,255,0,22.3866638149,0.0,0,0
3.5,90.0,60.0,18.9008711128,19.4608486308,33.2828923265,0.263814271118,0.271630316202,180,204,255,0,19.4608486308,0.0,0,0
3.5,90.0,90.0,16.9435352842,17.4289391998,30.1012316439,0.262797600786,0.27032631202,179,203,255,0,17.4289391998,0.0,0,0
3.5,180.0,0.0,8.27878088801,8.46126688014,14.9479044845,0.261259573418,0.267018417999,177,201,255,0,8.46126688014,0.0,1,0
3.5,180.0,0.5,9.29122348144,9.4959897863,16.6849514962,0.261929982094,0.267702573257,178,201,255,0,9.4959897863,0.0,1,0
3.5,180.0,1.0,9.56373261741,9.77402810123,17.1529123616,0.262087043349,0.267850036083,178,201,255,0,9.77402810123,0.0,1,0
3.5,180.0,2.0,10.0697270758,10.2897913705,18.0425441319,0.262218391402,0.267948924607,178,201,255,0,10.2897913705,0.0,1,0
3.5,180.0,3.0,10.5648108533,10.7951892249,18.9377319439,0.26216886964,0.267885776276,178,201,255,0,10.7951892249,0.0,1,0
3.5,180.0,5.0,11.587202922,11.8397397797,20.8634023832,0.261619161011,0.267321009963,177,201,255,0,11.8397397797,0.0,0,0
3.5,180.0,8.0,13.1023096992,13.2530718616,22.7666411705,0.266729848868,0.269798984746,185,202,255,0,13.2530718616,0.0,0,0
3.5,180.0,12.0,16.496787591,16.5364290532,25.5845914449,0.281429622307,0.282105892258,207,211,255,0,16.5364290532,0.0,0,0
3.5,180.0,20.0,22.9280768244,23.2875031429,33.5189274973,0.287555257484,0.292063046269,215,220,255,0,23.2875031429,0.0,0,0
3.5,180.0,30.0,25.1625937164,25.8214465896,38.2362460333,0.282027717561,0.289412281097,207,218,255,0,25.8214465896,0.0,0,0
3.5,180.0,45.0,23.3263402211,24.0269822056,37.8722333989,0.273701238967,0.28192227053,195,212,255,0,24.0269822056,0.0,0,0
3.5,180.0,60.0,19.9365589559,20.530892295,33.8585496492,0.268231288034,0.276227592584,187,208,255,0,20.530892295,0.0,0,0
3.5,180.0,90.0,16.9435352844,17.4289391999,30.1012316432,0.262797600791,0.270326312023,179,203,255,0,17.4289391999,0.0,0,0
4.0,0.0,0.0,11.8546691704,12.2654847012,19.0137649516,0.274834039981,0.284358227489,196,214,255,0,12.2654847012,0.0,1,0
4.0,0.0,0.5,11.1858919279,11.575108958,17.9931641985,0.274472361407,0.28402272342,195,214,255,0,11.575108958,0.0,1,0
4.0,0.0,1.0,11.3424339894,11.7366346687,18.1956604949,0.274803353582,0.28435400812,196,214,255,0,11.7366346687,0.0,1,0
4.0,0.0,2.0,12.0055986489,12.416499658,19.0880461985,0.275926425559,0.285370223407,198,215,255,0,12.416499658,0.0,1,0
4.0,0.0,3.0,12.9425921187,13.3224209867,20.0955690516,0.279172338149,0.287365265207,203,217,255,0,13.3224209867,0.0,1,0
4.0,0.0,5.0,16.4850064067,16.6593796162,22.6301333407,0.29556518989,0.298691585446,227,225,255,0,16.6593796162,0.0,0,0
4.0,0.0,8.0,23.7979911358,24.0925710008,28.8416039722,0.310143611768,0.313982677964,250,240,255,0,24.0925710008,0.0,0,0
4.0,0.0,12.0,31.7773096043,32.6920196498,40.837641983,0.301758841139,0.310444971171,237,236,255,0,32.6920196498,0.0,0,0
4.0,0.0,20.0,33.8753096543,35.2131154359,49.0536441761,0.286733674674,0.298057378329,214,226,255,0,35.2131154359,0.0,0,0
4.0,0.0,30.0,28.7726833236,29.9019623368,45.7631375344,0.275500709067,0.286313644565,197,216,255,0,29.9019623368,0.0,0,0
4.0,0.0,45.0,20.2686861613,20.9635946216,34.5648207048,0.267407140425,0.276575148787,185,208,255,0,20.9635946216,0.0,0,0
4.0,0.0,60.0,14.5027333942,14.9283164855,25.6940549913,0.263087633631,0.270807947131,179,204,255,0,14.9283164855,0.0,0,0
4.0,0.0,90.0,9.96329402019,10.2003116591,18.0798716975,0.260522700958,0.266720297388,176,201,255,0,10.2003116591,0.0,0,0
4.0,90.0,0.0,5.95227475075,6.11787734535,10.8752316853,0.259410555406,0.26662780643,174,201,255,0,6.11787734535,0.0,1,0
4.0,90.0,0.5,6.13860823889,6.3089092256,11.2050817643,0.259532078463,0.266732174531,174,201,255,0,6.3089092256,0.0,1,0
4.0,90.0,1.0,6.5382276922,6.72055305397,11.8816738539,0.260067997823,0.267320267708,175,201,255,0,6.72055305397,0.0,1,0
4.0,90.0,2.0,6.97785872081,7.17182603156,12.6187815035,0.260674580834,0.267920693065,176,202,255,0,7.17182603156,0.0,1,0
4.0,90.0,3.0,7.4174502598,7.61898417883,13.3307536625,0.261479926504,0.268584399401,177,202,255,0,7.61898417883,0.0,1,0
4.0,90.0,5.0,8.39880977923,8.58482317827,14.6408306349,0.26557951741,0.271461463787,183,204,255,0,8.58482317827,0.0,0,0
4.0,90.0,8.0,10.235318406,10.4088779223,16.6539527956,0.274418936231,0.279072237278,196,210,255,0,10.4088779223,0.0,0,0
4.0,90.0,12.0,12.3750839973,12.6298992744,19.3420595344,0.279050940361,0.284796876527,203,214,255,0,12.6298992744,0.0,0,0
4.0,90.0,20.0,14.9020648258,15.3060111091,24.315305528,0.273315125107,0.280723805062,194,211,255,0,15.3060111091,0.0,0,0
4.0,90.0,30.0,14.547355484,14.9520824551,24.9164505015,0.267336542707,0.274774204438,185,207,255,0,14.9520824551,0.0,0,0
4.0,90.0,45.0,12.765027983,13.1123168111,22.6095222436,0.263267741615,0.2704302755,179,203,255,0,13.1123168111,0.0,0,0
4.0,90.0,60.0,11.1009941106,11.3775229342,19.9918217118,0.261382283156,0.267893387886,177,202,255,0,11.3775229342,0.0,0,0
4.0,90.0,90.0,9.96329402014,10.200311659,18.0798716973,0.260522700958,0.266720297388,176,201,255,0,10.200311659,0.0,0,0
4.0,180.0,0.0,4.63480159054,4.73157239242,8.7863751434,0.255322296269,0.260653213432,168,196,255,0,4.73157239242,0.0,1,0
4.0,180.0,0.5,5.20385390112,5.31236723767,9.81832082135,0.255912029458,0.261248433728,169,197,255,0,5.31236723767,0.0,1,0
4.0,180.0,1.0,5.35039666334,5.46187448535,10.0858385276,0.256022996635,0.261357346188,169,197,255,0,5.46187448535,0.0,1,0
4.0,180.0,2.0,5.61837466103,5.7351196514,10.5895404827,0.256043647266,0.26136401391,169,197,255,0,5.7351196514,0.0,1,0
4.0,180.0,3.0,5.88082151395,6.00307590266,11.0991595421,0.255876384265,0.261195710973,169,197,255,0,6.00307590266,0.0,1,0
4.0,180.0,5.0,6.33603381133,6.47017961385,12.0344410574,0.255067104442,0.260467356783,168,196,255,0,6.47017961385,0.0,0,0
4.0,180.0,8.0,7.05963854008,7.17163517883,13.3067146779,0.256359993997,0.260426980922,170,196,255,0,7.17163517883,0.0,0,0
4.0,180.0,12.0,8.54197643118,8.57335527875,14.6654858551,0.268777743483,0.269765095288,188,202,255,0,8.57335527875,0.0,0,0
4.0,180.0,20.0,12.0137549837,12.1417417073,18.7383535841,0.280081058395,0.283064859634,204,213,255,0,12.1417417073,0.0,0,0
4.0,180.0,30.0,13.6128067623,13.8910946185,21.5171803107,0.277692908695,0.283369810277,201,213,255,0,13.8910946185,0.0,0,0
4.0,180.0,45.0,13.0448829232,13.3649140936,21.7696298805,0.270756290875,0.277398776912,190,209,255,0,13.3649140936,0.0,0,0
4.0,180.0,60.0,11.3990768744,11.6785556813,19.8170566838,0.265745645359,0.272261109437,183,205,255,0,11.6785556813,0.0,0,0
4.0,180.0,90.0,9.96329402009,10.2003116589,18.0798716973,0.260522700958,0.266720297387,176,201,255,0,10.2003116589,0.0,0,0
4.5,0.0,0.0,7.26227607713,7.51963779286,11.9672784751,0.271495153328,0.28111644254,191,212,255,0,7.51963779286,0.0,1,0
4.5,0.0,0.5,6.82404392071,7.06745036993,11.2854173578,0.27104372514,0.280711568941,190,211,255,0,7.06745036993,0.0,1,0
4.5,0.0,1.0,6.91811683072,7.16477206662,11.4098781089,0.271375674089,0.281051172862,191,212,255,0,7.16477206662,0.0,1,0
4.5,0.0,2.0,7.32924186175,7.58702149731,11.9770032181,0.272530740761,0.282116026164,193,213,255,0,7.58702149731,0.0,1,0
4.5,0.0,3.0,7.91309042933,8.15293161184,12.6154828378,0.275895231534,0.284257456024,198,214,255,0,8.15293161184,0.0,1,0
4.5,0.0,5.0,10.1721084841,10.2914266897,14.2539055567,0.292997072079,0.296433909677,223,224,255,0,10.2914266897,0.0,0,0
4.5,0.0,8.0,14.857094168,15.0747168573,18.3719375561,0.30757642221,0.312081718293,246,238,255,0,15.0747168573,0.0,0,0
4.5,0.0,12.0,19.8257866205,20.4346262508,26.1554880432,0.29850963922,0.307676715507,232,234,255,0,20.4346262508,0.0,0,0
4.5,0.0,20.0,20.8481622349,21.6805706483,31.0949952157,0.283171781344,0.294478033212,208,223,255,0,21.6805706483,0.0,0,0
4.5,0.0,30.0,17.3433293696,18.0090321793,28.3758364451,0.272145296988,0.282591266444,192,213,255,0,18.0090321793,0.0,0,0
4.5,0.0,45.0,11.9568162747,12.3435907298,20.9700203013,0.26411980152,0.272663446413,180,205,255,0,12.3435907298,0.0,0,0
4.5,0.0,60.0,8.38320485632,8.6065964786,15.2802480345,0.259782833312,0.266705401658,174,201,255,0,8.6065964786,0.0,0,0
4.5,0.0,90.0,5.60798537597,5.72155331267,10.4889164309,0.257029443434,0.262234575332,171,197,255,0,5.72155331267,0.0,0,0
4.5,90.0,0.0,3.42470025449,3.51883593375,6.46380858601,0.255434637667,0.262455839915,168,198,255,0,3.51883593375,0.0,1,0
4.5,90.0,0.5,3.53144592078,3.62828043647,6.65983498494,0.25553965378,0.262546715241,168,198,255,0,3.62828043647,0.0,1,0
4.5,90.0,1.0,3.76575240336,3.86975474157,7.06799707056,0.256112580251,0.263185883097,169,198,255,0,3.86975474157,0.0,1,0
4.5,90.0,2.0,4.01930002651,4.13019458995,7.50765641068,0.25670698453,0.263789662806,170,199,255,0,4.13019458995,0.0,1,0
4.5,90.0,3.0,4.27193700968,4.38765162307,7.93231416389,0.25747119315,0.264445354873,171,199,255,0,4.38765162307,0.0,1,0
4.5,90.0,5.0,4.82369998511,4.93315340901,8.71174396992,0.26118388365,0.267110344753,177,201,255,0,4.93315340901,0.0,0,0
4.5,90.0,8.0,5.83336179319,5.93698980466,9.89038101448,0.269305840093,0.274089981669,189,206,255,0,5.93698980466,0.0,0,0
4.5,90.0,12.0,7.01066022358,7.15488128587,11.4365692844,0.273831336799,0.279464507574,195,210,255,0,7.15488128587,0.0,0,0
4.5,90.0,20.0,8.4251931302,8.64156248336,14.2869798832,0.26871417382,0.275615085298,187,207,255,0,8.64156248336,0.0,0,0
4.5,90.0,30.0,8.20073933467,8.40950685477,14.549835648,0.263180930572,0.269880769205,179,203,255,0,8.40950685477,0.0,0,0
4.5,90.0,45.0,7.2076845976,7.38248879461,13.1932905059,0.259423541428,0.265715204615,174,200,255,0,7.38248879461,0.0,0,0
4.5,90.0,60.0,6.24677769647,6.3815853254,11.6066292894,0.257758600301,0.263321120281,172,198,255,0,6.3815853254,0.0,0,0
4.5,90.0,90.0,5.60798537597,5.72155331267,10.4889164309,0.257029443434,0.262234575332,171,197,255,0,5.72155331267,0.0,0,0
4.5,180.0,0.0,2.55330009318,2.60447870971,5.06855413583,0.249678952218,0.254683543487,160,192,255,0,2.60447870971,0.0,1,0
4.5,180.0,0.5,2.86773254731,2.92511244545,5.67097818415,0.25015498783,0.255160289923,161,192,255,0,2.92511244545,0.0,1,0
4.5,180.0,1.0,2.94536701894,3.00430717464,5.82093249497,0.250230688772,0.255238090451,161,192,255,0,3.00430717464,0.0,1,0
4.5,180.0,2.0,3.08503320684,3.14671454275,6.09936159698,0.250182941383,0.255185032774,161,192,255,0,3.14671454275,0.0,1,0
4.5,180.0,3.0,3.22107088696,3.28555492023,6.38025664526,0.249949582364,0.254953432869,160,192,255,0,3.28555492023,0.0,1,0
4.5,180.0,5.0,3.50001939524,3.57116478356,6.98286086069,0.249040001324,0.254102272586,159,192,255,0,3.57116478356,0.0,0,0
4.5,180.0,8.0,3.79501842194,3.86629820866,7.63828426803,0.248046890052,0.25270582117,158,191,255,0,3.86629820866,0.0,0,0
4.5,180.0,12.0,4.36124627998,4.39549112878,8.29100035549,0.255825514229,0.257834276287,170,194,255,0,4.39549112878,0.0,0,0
4.5,180.0,20.0,6.02262279886,6.07348907937,10.2212231491,0.269862991772,0.272142219128,190,204,255,0,6.07348907937,0.0,0,0
4.5,180.0,30.0,7.0022224764,7.11933059842,11.7160571245,0.271008906102,0.275541373351,191,207,255,0,7.11933059842,0.0,0,0
4.5,180.0,45.0,6.94027473029,7.08333760529,12.0638834531,0.266038365143,0.271522328654,184,204,255,0,7.08333760529,0.0,0,0
4.5,180.0,60.0,6.21114523752,6.33954027225,11.179229052,0.261743261711,0.267153944265,177,201,255,0,6.33954027225,0.0,0,0
4.5,180.0,90.0,5.60798537587,5.72155331257,10.4889164307,0.257029443435,0.262234575332,171,197,255,0,5.72155331257,0.0,0,0
5.0,0.0,0.0,4.33251920685,4.49123510903,7.29145756014,0.268846555675,0.278695380711,187,210,255,0,4.49123510903,0.0,1,0
5.0,0.0,0.5,4.05227566191,4.20231609599,6.8303806019,0.268629969301,0.278576320577,187,210,255,0,4.20231609599,0.0,1,0
5.0,0.0,1.0,4.10696712363,4.259117438,6.90115707716,0.269005182521,0.278970984987,187,210,255,0,4.259117438,0.0,1,0
5.0,0.0,2.0,4.35754277829,4.51697875933,7.25203417658,0.270209141711,0.280095690573,189,211,255,0,4.51697875933,0.0,1,0
5.0,0.0,3.0,4.72139201076,4.86943921479,7.65216176249,0.273815109363,0.28240104361,195,213,255,0,4.86943921479,0.0,1,0
5.0,0.0,5.0,6.1712351983,6.24411619515,8.71067367428,0.292115302264,0.295565122882,222,223,255,0,6.24411619515,0.0,0,0
5.0,0.0,8.0,9.1470623813,9.29403514013,11.4213544777,0.306306474149,0.311228131581,244,237,255,0,9.29403514013,0.0,0,0
5.0,0.0,12.0,12.1590073178,12.5545374021,16.3745978401,0.295924969109,0.305551349364,228,232,255,0,12.5545374021,0.0,0,0
5.0,0.0,20.0,12.5444736853,13.0589963311,19.2449179917,0.279708463168,0.29118095234,203,220,255,0,13.0589963311,0.0,0,0
5.0,0.0,30.0,10.1754826544,10.5673678629,17.1396545779,0.26860638252,0.278951136846,187,210,255,0,10.5673678629,0.0,0,0
5.0,0.0,45.0,6.83487910951,7.04998313585,12.3597299817,0.260429998317,0.268626125903,175,202,255,0,7.04998313585,0.0,0,0
5.0,0.0,60.0,4.68141158887,4.79812910019,8.81160606785,0.255938659893,0.262319753045,169,198,255,0,4.79812910019,0.0,0,0
5.0,0.0,90.0,3.04841180588,3.10184121218,5.91311871968,0.252699814957,0.257128875709,164,194,255,0,3.10184121218,0.0,0,0
5.0,90.0,0.0,1.92219715124,1.97457254261,3.74248619134,0.251620992951,0.258477078433,162,195,255,0,1.97457254261,0.0,1,0
5.0,90.0,0.5,1.98272646825,2.03666622413,3.85721600709,0.251723367746,0.258571461633,162,195,255,0,2.03666622413,0.0,1,0
5.0,90.0,1.0,2.11767551789,2.17587678247,4.09835819504,0.25234724787,0.259282648887,163,196,255,0,2.17587678247,0.0,1,0
5.0,90.0,2.0,2.26310967,2.3255081315,4.35783507446,0.252961671109,0.259936330493,164,196,255,0,2.3255081315,0.0,1,0
5.0,90.0,3.0,2.40765029455,2.47325384837,4.60886327389,0.253710147868,0.260623231291,165,196,255,0,2.47325384837,0.0,1,0
5.0,90.0,5.0,2.71475505724,2.77912018886,5.06820479715,0.257028449522,0.263122432085,170,198,255,0,2.77912018886,0.0,0,0
5.0,90.0,8.0,3.25603955991,3.32004457713,5.74898185254,0.264180294261,0.269373371302,181,202,255,0,3.32004457713,0.0,0,0
5.0,90.0,12.0,3.88030664203,3.96570181191,6.61958961864,0.268243775512,0.274147103494,187,206,255,0,3.96570181191,0.0,0,0
5.0,90.0,20.0,4.63767033075,4.75643345319,8.20598813468,0.263502619884,0.270250489326,180,203,255,0,4.75643345319,0.0,0,0
5.0,90.0,30.0,4.48981005413,4.59865680254,8.29314113808,0.258308095286,0.264570274737,172,199,255,0,4.59865680254,0.0,0,0
5.0,90.0,45.0,3.94585400907,4.03383903049,7.50528075556,0.254818255509,0.260500216782,167,196,255,0,4.03383903049,0.0,0,0
5.0,90.0,60.0,3.40124350674,3.46633000444,6.55981220446,0.253306457323,0.258153752178,165,194,255,0,3.46633000444,0.0,0,0
5.0,90.0,90.0,3.04841180588,3.10184121218,5.91311871968,0.252699814957,0.257128875709,164,194,255,0,3.10184121218,0.0,0,0
5.0,180.0,0.0,1.39210354627,1.41908046972,2.87606919127,0.244776080041,0.249519481199,153,189,255,0,1.41908046972,0.0,1,0
5.0,180.0,0.5,1.56268321755,1.59282405036,3.21927265561,0.245135241733,0.249863378732,153,189,255,0,1.59282405036,0.0,1,0
5.0,180.0,1.0,1.60357119647,1.63451720373,3.30210835319,0.245186996192,0.249918659233,153,189,255,0,1.63451720373,0.0,1,0
5.0,180.0,2.0,1.67648370493,1.70884210378,3.45457716095,0.245103433831,0.249834261006,153,189,255,0,1.70884210378,0.0,1,0
5.0,180.0,3.0,1.74718711351,1.78095303083,3.60786566269,0.244841044242,0.249572811316,153,189,255,0,1.78095303083,0.0,1,0
5.0,180.0,5.0,1.91035535897,1.94757038861,3.9751833895,0.24388213231,0.248633123135,151,188,255,0,1.94757038861,0.0,0,0
5.0,180.0,8.0,2.04941294733,2.08955776101,4.32586737684,0.242108936605,0.246851474296,149,187,255,0,2.08955776101,0.0,0,0
5.0,180.0,12.0,2.25378792575,2.28147609901,4.66037175528,0.245093213744,0.248104226133,154,187,255,0,2.28147609901,0.0,0,0
5.0,180.0,20.0,2.96544136811,2.98902576412,5.52191488991,0.25839514251,0.260450180061,173,196,255,0,2.98902576412,0.0,0,0
5.0,180.0,30.0,3.48672287578,3.53610919403,6.25135579653,0.262669393479,0.266389871052,179,200,255,0,3.53610919403,0.0,0,0
5.0,180.0,45.0,3.55873610524,3.62149090123,6.5099294655,0.259948534009,0.264532469636,175,199,255,0,3.62149090123,0.0,0,0
5.0,180.0,60.0,3.26141776647,3.31897828247,6.13063640299,0.256581656825,0.26111004712,170,196,255,0,3.31897828247,0.0,0,0
5.0,180.0,90.0,3.04841180564,3.10184121196,5.91311871953,0.252699814949,0.257128875703,164,194,255,0,3.10184121196,0.0,0,0
5.5,0.0,0.0,2.54650595314,2.64402638664,4.34863605617,0.266952615516,0.277175774333,184,209,255,0,2.64402638664,0.0,1,0
5.5,0.0,0.5,2.37759572895,2.46988371406,4.06030556585,0.266912114132,0.277272488234,184,209,255,0,2.46988371406,0.0,1,0
5.5,0.0,1.0,2.40934276814,2.50296635583,4.10049233617,0.267324513782,0.277712359126,185,209,255,0,2.50296635583,0.0,1,0
5.5,0.0,2.0,2.5592564235,2.65745653064,4.31124903842,0.268604810294,0.278911327807,187,210,255,0,2.65745653064,0.0,1,0
5.5,0.0,3.0,2.78405175992,2.87451878532,4.55545068565,0.27257156579,0.281428706711,193,212,255,0,2.87451878532,0.0,1,0
5.5,0.0,5.0,3.70915077378,3.7520490407,5.22741125679,0.292321259825,0.295702107947,222,223,255,0,3.7520490407,0.0,0,0
5.5,0.0,8.0,5.57227446132,5.67101950238,6.98455001944,0.30570123743,0.311118501323,243,237,255,0,5.67101950238,0.0,0,0
5.5,0.0,12.0,7.36297785172,7.62028348763,10.087570148,0.293687022524,0.303950169801,224,231,255,0,7.62028348763,0.0,0,0
5.5,0.0,20.0,7.43733564205,7.7562757143,11.7083717115,0.276460498221,0.288316132485,198,218,255,0,7.7562757143,0.0,0,0
5.5,0.0,30.0,5.8725163473,6.10406425554,10.1724671186,0.265136290335,0.275590369948,182,208,255,0,6.10406425554,0.0,0,0
5.5,0.0,45.0,3.83998936008,3.9601011689,7.16253105157,0.256638807538,0.264666265038,169,199,255,0,3.9601011689,0.0,0,0
5.5,0.0,60.0,2.56680446581,2.6277311441,4.99841750491,0.251821472825,0.257798806146,163,194,255,0,2.6277311441,0.0,0,0
5.5,0.0,90.0,1.62170736217,1.64618350154,3.27384494359,0.247901690001,0.251643225901,158,190,255,0,1.64618350154,0.0,0,0
5.5,90.0,0.0,1.07463566761,1.10444786977,2.14694254278,0.248411740405,0.25530310019,157,193,255,0,1.10444786977,0.0,1,0
5.5,90.0,0.5,1.10843493987,1.13914532982,2.21281724302,0.248505864492,0.255390988487,158,193,255,0,1.13914532982,0.0,1,0
5.5,90.0,1.0,1.18496237631,1.21817969545,2.3527015079,0.249159240934,0.256143768197,159,193,255,0,1.21817969545,0.0,1,0
5.5,90.0,2.0,1.26578051368,1.30138856161,2.50090446338,0.249755751178,0.256781704465,159,194,255,0,1.30138856161,0.0,1,0
5.5,90.0,3.0,1.34609016994,1.38362649971,2.64444663576,0.250474370325,0.257458960786,161,194,255,0,1.38362649971,0.0,1,0
5.5,90.0,5.0,1.51386262711,1.55186394466,2.90801374397,0.253419557446,0.259780951739,165,196,255,0,1.55186394466,0.0,0,0
5.5,90.0,8.0,1.79909942385,1.83881581887,3.29438711676,0.259524084576,0.265253262699,174,200,255,0,1.83881581887,0.0,0,0
5.5,90.0,12.0,2.12162312393,2.17287175478,3.77632951626,0.262875639477,0.26922550268,179,202,255,0,2.17287175478,0.0,0,0
5.5,90.0,20.0,2.51326010694,2.57909481902,4.63998011593,0.258238140808,0.26500267489,172,200,255,0,2.57909481902,0.0,0,0
5.5,90.0,30.0,2.41326541765,2.47013664112,4.64677110265,0.253223669368,0.259191160463,165,195,255,0,2.47013664112,0.0,0,0
5.5,90.0,45.0,2.10634434306,2.14987756503,4.17235130069,0.249905208258,0.255070165706,160,192,255,0,2.14987756503,0.0,0,0
5.5,90.0,60.0,1.81350988695,1.84439099718,3.64175423159,0.248437749208,0.252668238148,158,191,255,0,1.84439099718,0.0,0,0
5.5,90.0,90.0,1.62170736217,1.64618350154,3.2738449436,0.24790169,0.251643225901,158,190,255,0,1.64618350154,0.0,0,0
5.5,180.0,0.0,0.759388107205,0.773977684215,1.62012654804,0.240808610093,0.245435092558,147,186,255,0,0.773977684215,0.0,1,0
5.5,180.0,0.5,0.851187754598,0.867419587998,1.81205536578,0.24108441528,0.245681805271,147,186,255,0,0.867419587998,0.0,1,0
5.5,180.0,1.0,0.872705457343,0.889357396799,1.85726032221,0.241123938046,0.245724781531,147,186,255,0,0.889357396799,0.0,1,0
5.5,180.0,2.0,0.910990433476,0.928381830885,1.94016042367,0.241032558433,0.245634026086,147,186,255,0,0.928381830885,0.0,1,0
5.5,180.0,3.0,0.948193674311,0.966309363811,2.02363984677,0.240771780513,0.245371839482,147,186,255,0,0.966309363811,0.0,1,0
5.5,180.0,5.0,1.02199116776,1.04168534967,2.19464671421,0.239998495221,0.244623363001,145,185,255,0,1.04168534967,0.0,0,0
5.5,180.0,8.0,1.11710602154,1.13910061772,2.43624815826,0.238064311698,0.242751537707,142,184,255,0,1.13910061772,0.0,0,0
5.5,180.0,12.0,1.19768803875,1.21668463358,2.62516226572,0.237658445367,0.241427958837,142,183,255,0,1.21668463358,0.0,0,0
5.5,180.0,20.0,1.44544204323,1.45883654117,2.9248597308,0.247968390021,0.25026624216,158,189,255,0,1.45883654117,0.0,0,0
5.5,180.0,30.0,1.71681470899,1.73798438705,3.31647088382,0.253543975369,0.256670372356,166,193,255,0,1.73798438705,0.0,0,0
5.5,180.0,45.0,1.78686990417,1.81355082449,3.46037497819,0.253069197631,0.256847938927,165,193,255,0,1.81355082449,0.0,0,0
5.5,180.0,60.0,1.67348825736,1.69828556877,3.3018500467,0.250761548635,0.254477267693,162,192,255,0,1.69828556877,0.0,0,0
5.5,180.0,90.0,1.62170736225,1.64618350164,3.27384494375,0.247901690001,0.251643225902,158,190,255,0,1.64618350164,0.0,0,0
6.0,0.0,0.0,1.48632979775,1.54612277185,2.56511617852,0.265531316297,0.276213270693,182,208,255,0,1.54612277185,0.0,1,0
6.0,0.0,0.5,1.38642483205,1.44300388087,2.39041731132,0.265606461496,0.276445679464,182,208,255,0,1.44300388087,0.0,1,0
6.0,0.0,1.0,1.40484564606,1.46225481566,2.41331181965,0.266048477127,0.276920576982,183,209,255,0,1.46225481566,0.0,1,0
6.0,0.0,2.0,1.49392838259,1.55415720183,2.53850847036,0.267413090685,0.278194045709,185,210,255,0,1.55415720183,0.0,1,0
6.0,0.0,3.0,1.63227234467,1.68715567634,2.68573206519,0.271811628872,0.280950990835,192,212,255,0,1.68715567634,0.0,1,0
6.0,0.0,5.0,2.21836355884,2.24349956688,3.10784527409,0.293057994004,0.296378598538,224,223,255,0,2.24349956688,0.0,0,0
6.0,0.0,8.0,3.59056202337,3.66772711743,4.68548146954,0.300622151958,0.307082849888,235,233,255,0,3.66772711743,0.0,0,0
6.0,0.0,12.0,4.42373240917,4.5910385747,6.1516425441,0.291679532607,0.302710892475,221,230,255,0,4.5910385747,0.0,0,0
6.0,0.0,20.0,4.37118443981,4.56800994944,7.04548229665,0.273460922964,0.285774309934,194,216,255,0,4.56800994944,0.0,0,0
6.0,0.0,30.0,3.35705055856,3.49318023759,5.96977514662,0.261860296598,0.272478831381,177,205,255,0,3.49318023759,0.0,0,0
6.0,0.0,45.0,2.13519031543,2.20206386355,4.10507448208,0.252914853372,0.260836074022,164,197,255,0,2.20206386355,0.0,0,0
6.0,0.0,60.0,1.39134789792,1.42295740097,2.80362010327,0.247662223742,0.253288767492,157,191,255,0,1.42295740097,0.0,0,0
6.0,0.0,90.0,0.851616823296,0.86248604626,1.79162925589,0.242921248065,0.246021662636,150,186,255,0,0.86248604626,0.0,0,0
6.0,90.0,0.0,0.599952627949,0.617065244914,1.22474248615,0.245704958611,0.252713270013,153,191,255,0,0.617065244914,0.0,1,0
6.0,90.0,0.5,0.618863844665,0.636499910166,1.2624244349,0.245796627051,0.252801213685,154,191,255,0,0.636499910166,0.0,1,0
6.0,90.0,1.0,0.662293952365,0.681421079898,1.34326345585,0.246482789235,0.253601241287,155,192,255,0,0.681421079898,0.0,1,0
6.0,90.0,2.0,0.707744427797,0.728288077447,1.42837211684,0.247082560313,0.254254609084,155,192,255,0,0.728288077447,0.0,1,0
6.0,90.0,3.0,0.752849967105,0.77459032753,1.51088547224,0.247784478976,0.254939854039,156,193,255,0,0.77459032753,0.0,1,0
6.0,90.0,5.0,0.845109494129,0.867752958378,1.66221708776,0.250396911849,0.257105928327,161,194,255,0,0.867752958378,0.0,0,0
6.0,90.0,8.0,0.994975645894,1.01966257691,1.88041880675,0.255445719624,0.261783734917,168,197,255,0,1.01966257691,0.0,0,0
6.0,90.0,12.0,1.15893033511,1.18987463903,2.1443927163,0.257929967688,0.26481689011,172,199,255,0,1.18987463903,0.0,0,0
6.0,90.0,20.0,1.35596839572,1.39281868537,2.60695583749,0.253180262073,0.260060780837,165,196,255,0,1.39281868537,0.0,0,0
6.0,90.0,30.0,1.27876881338,1.30794429622,2.56928316338,0.248015852937,0.25367440684,157,192,255,0,1.30794429622,0.0,0,0
6.0,90.0,45.0,1.08856553893,1.10814717907,2.2501784619,0.244792484209,0.249195929075,153,188,255,0,1.10814717907,0.0,0,0
6.0,90.0,60.0,0.955734604069,0.970126662861,2.00027307863,0.243428909953,0.247094617116,151,187,255,0,0.970126662861,0.0,0,0
6.0,90.0,90.0,0.851616823312,0.86248604628,1.79162925592,0.242921248066,0.246021662638,150,186,255,0,0.86248604628,0.0,0,0
6.0,180.0,0.0,0.418666538722,0.426830328543,0.916551340445,0.237602204576,0.242235329701,142,184,255,0,0.426830328543,0.0,1,0
6.0,180.0,0.5,0.468165994753,0.477199206575,1.02309909356,0.237833114865,0.242422078883,142,184,255,0,0.477199206575,0.0,1,0
6.0,180.0,1.0,0.479650280431,0.488910665126,1.04787513154,0.237870312816,0.24246276422,142,184,255,0,0.488910665126,0.0,1,0
6.0,180.0,2.0,0.500140954801,0.509807261042,1.09334529457,0.237789425168,0.242385220378,142,184,255,0,0.509807261042,0.0,1,0
6.0,180.0,3.0,0.520088139003,0.530148096255,1.13910529958,0.237554593803,0.242149563154,142,184,255,0,0.530148096255,0.0,1,0
6.0,180.0,5.0,0.560603080464,0.571517533317,1.23409497094,0.236919697463,0.241532317261,141,183,255,0,0.571517533317,0.0,0,0
6.0,180.0,8.0,0.618104288959,0.63047509581,1.37909553332,0.235228598752,0.239936489658,138,182,255,0,0.63047509581,0.0,0,0
6.0,180.0,12.0,0.657594730574,0.669895499213,1.49427142528,0.233044038072,0.237403289541,135,181,255,0,0.669895499213,0.0,0,0
6.0,180.0,20.0,0.747262378103,0.755620710946,1.62952741074,0.238558253509,0.241226592427,144,183,255,0,0.755620710946,0.0,0,0
6.0,180.0,30.0,0.854467039094,0.864060522862,1.77652325834,0.244479145806,0.247224022565,153,187,255,0,0.864060522862,0.0,0,0
6.0,180.0,45.0,0.891668229591,0.90294126228,1.83248671109,0.245835285224,0.248943290102,155,188,255,0,0.90294126228,0.0,0,0
6.0,180.0,60.0,0.848725504308,0.859091089257,1.76206413097,0.244597890154,0.247585193112,153,187,255,0,0.859091089257,0.0,0,0
6.0,180.0,90.0,0.851616823315,0.862486046284,1.7916292559,0.242921248067,0.246021662639,150,186,255,0,0.862486046284,0.0,0,0
