solar_depression_deg,relative_azimuth_deg,elevation_deg,X,Y_cd_m2,Z,CIE_x,CIE_y,preview_sRGB_R8,preview_sRGB_G8,preview_sRGB_B8,gamut_clipped,solar_Y_cd_m2,background_Y_cd_m2,near_horizon,night_background_important
-6.0,0.0,0.0,25865.8251391,26138.8784259,12930.9318614,0.398330207586,0.402535191259,255,212,140,0,26138.8784259,0.0,1,0
-6.0,0.0,0.5,25921.3064773,26508.3803896,13570.5857273,0.392745445715,0.401640468253,255,216,145,0,26508.3803896,0.0,1,0
-6.0,0.0,1.0,25196.1430801,26097.6715179,14016.630271,0.385790406582,0.399594147157,255,222,152,0,26097.6715179,0.0,1,0
-6.0,0.0,2.0,22884.6584239,24212.8853068,14436.635077,0.371901581647,0.393486770701,255,231,168,0,24212.8853068,0.0,1,0
-6.0,0.0,3.0,20494.3737474,21994.9862158,14423.5637492,0.36010052569,0.386467339597,255,239,182,0,21994.9862158,0.0,1,0
-6.0,0.0,5.0,16609.7408765,18088.1882925,13751.473304,0.342826537144,0.373341824032,255,251,206,0,18088.1882925,0.0,0,0
-6.0,0.0,8.0,12623.5886906,13833.7499786,12085.8932686,0.32751764852,0.358915152754,250,255,225,0,13833.7499786,0.0,0,0
-6.0,0.0,12.0,9269.29828858,10155.2454546,9867.04903407,0.316449103983,0.346694887226,244,255,237,0,10155.2454546,0.0,0,0
-6.0,0.0,20.0,5457.82939763,5938.08015285,6492.66551695,0.305101405621,0.331948192099,240,255,252,0,5938.08015285,0.0,0,0
-6.0,0.0,30.0,3088.0167377,3325.63791244,4070.82332584,0.294532235632,0.317196327758,225,243,255,0,3325.63791244,0.0,0,0
-6.0,0.0,45.0,1533.02863925,1630.30237207,2354.31436554,0.277841096073,0.295470669229,200,224,255,0,1630.30237207,0.0,0,0
-6.0,0.0,60.0,919.859993301,971.101825786,1599.03218094,0.263570651781,0.278253150515,178,210,255,0,971.101825786,0.0,0,0
-6.0,0.0,90.0,551.442030648,578.967377238,1089.99489777,0.248352081305,0.26074862842,156,197,255,0,578.967377238,0.0,0,0
-6.0,90.0,0.0,2267.16779174,2331.89630435,2010.65314816,0.34300526149,0.352798193657,255,234,210,0,2331.89630435,0.0,1,0
-6.0,90.0,0.5,2477.93291692,2560.33556449,2161.92423962,0.344148137824,0.355592643654,255,234,208,0,2560.33556449,0.0,1,0
-6.0,90.0,1.0,2640.51151407,2753.49972034,2316.11013837,0.342473404296,0.357127934466,255,238,210,0,2753.49972034,0.0,1,0
-6.0,90.0,2.0,2813.4109998,2998.10244912,2619.31782882,0.333705053169,0.355611724437,255,248,221,0,2998.10244912,0.0,1,0
-6.0,90.0,3.0,2836.51906927,3073.18865494,2887.02561078,0.322451410228,0.349355668509,251,255,234,0,3073.18865494,0.0,1,0
-6.0,90.0,5.0,2675.05363002,2941.17193482,3214.93701332,0.302910699055,0.333044704906,235,255,251,0,2941.17193482,0.0,0,0
-6.0,90.0,8.0,2319.673648,2551.94682367,3283.01084927,0.284460885687,0.312944475751,209,240,255,0,2551.94682367,0.0,0,0
-6.0,90.0,12.0,1914.8919364,2090.31744889,3049.8100003,0.271422632844,0.296287980889,189,225,255,0,2090.31744889,0.0,0,0
-6.0,90.0,20.0,1389.41433828,1495.13872165,2469.32713948,0.259515395662,0.279262640546,171,212,255,0,1495.13872165,0.0,0,0
-6.0,90.0,30.0,1036.42895344,1103.6379731,1946.91251892,0.253592895993,0.270037563884,163,204,255,0,1103.6379731,0.0,0,0
-6.0,90.0,45.0,771.86269969,815.482463923,1499.08420287,0.250082735757,0.264215495349,158,200,255,0,815.482463923,0.0,0,0
-6.0,90.0,60.0,636.22365226,669.527598075,1250.39461652,0.24889958766,0.261928556878,157,198,255,0,669.527598075,0.0,0,0
-6.0,90.0,90.0,551.442030649,578.967377238,1089.99489777,0.248352081305,0.26074862842,156,197,255,0,578.967377238,0.0,0,0
-6.0,180.0,0.0,2688.92571621,2800.78045044,2382.77168959,0.341560276867,0.355768603175,255,238,211,0,2800.78045044,0.0,1,0
-6.0,180.0,0.5,3024.30635384,3147.33659418,2574.0236227,0.345806272099,0.359873837944,255,236,205,0,3147.33659418,0.0,1,0
-6.0,180.0,1.0,3328.46625761,3485.93412097,2780.49066981,0.346899849183,0.363311485601,255,237,203,0,3485.93412097,0.0,1,0
-6.0,180.0,2.0,3740.53782626,4001.35152428,3239.78208225,0.340616439779,0.364366348854,255,246,210,0,4001.35152428,0.0,1,0
-6.0,180.0,3.0,3906.14795834,4255.26801495,3686.75235998,0.32968369865,0.359149861418,253,255,224,0,4255.26801495,0.0,1,0
-6.0,180.0,5.0,3827.98802284,4243.9434447,4311.89884328,0.309111795524,0.342700387375,236,255,241,0,4243.9434447,0.0,0,0
-6.0,180.0,8.0,3393.47140313,3771.35055913,4573.63920383,0.289089971429,0.321281512608,216,248,255,0,3771.35055913,0.0,0,0
-6.0,180.0,12.0,2812.21206405,3101.76418089,4336.75749735,0.274342513888,0.302589478848,193,231,255,0,3101.76418089,0.0,0,0
-6.0,180.0,20.0,2000.24217668,2175.01928267,3481.82012101,0.261227747894,0.284053298877,173,215,255,0,2175.01928267,0.0,0,0
-6.0,180.0,30.0,1403.63364334,1508.65989792,2611.19534824,0.254120841268,0.273135318656,163,207,255,0,1508.65989792,0.0,0,0
-6.0,180.0,45.0,920.634114532,979.077270485,1796.77859029,0.249056299539,0.264866745758,156,201,255,0,979.077270485,0.0,0,0
-6.0,180.0,60.0,671.760481489,709.46337156,1342.59169591,0.246624806054,0.260466745566,153,197,255,0,709.46337156,0.0,0,0
-6.0,180.0,90.0,551.44203065,578.967377239,1089.99489777,0.248352081305,0.26074862842,156,197,255,0,578.967377239,0.0,0,0
-5.5,0.0,0.0,24063.9642585,24145.6162423,11253.9067365,0.404684712864,0.406057857756,255,209,133,0,24145.6162423,0.0,1,0
-5.5,0.0,0.5,24187.2159919,24572.6001664,11852.9858064,0.399044677162,0.405402808811,255,213,138,0,24572.6001664,0.0,1,0
-5.5,0.0,1.0,23555.1900589,24253.5152351,12294.9607079,0.391909373019,0.403528051588,255,218,145,0,24253.5152351,0.0,1,0
-5.5,0.0,2.0,21430.6001536,22566.8717822,12752.6424134,0.377630959856,0.397653327063,255,228,161,0,22566.8717822,0.0,1,0
-5.5,0.0,3.0,19199.5731562,20526.2864611,12807.4884083,0.365474006089,0.390728693916,255,236,175,0,20526.2864611,0.0,1,0
-5.5,0.0,5.0,15545.4309717,16883.5808445,12283.3855543,0.347676078356,0.377604016725,255,248,199,0,16883.5808445,0.0,0,0
-5.5,0.0,8.0,11789.4344821,12895.6097847,10846.5843838,0.331801128455,0.362933259027,253,255,220,0,12895.6097847,0.0,0,0
-5.5,0.0,12.0,8635.25997555,9447.48072617,8881.38637197,0.320249936219,0.350372207502,247,255,233,0,9447.48072617,0.0,0,0
-5.5,0.0,20.0,5065.19668117,5504.91051906,5865.66775244,0.308181189859,0.334934649258,242,255,249,0,5504.91051906,0.0,0,0
-5.5,0.0,30.0,2866.02795498,3084.49924541,3704.52539826,0.296842293265,0.319469957713,229,246,255,0,3084.49924541,0.0,0,0
-5.5,0.0,45.0,1429.25459955,1520.57663856,2164.58285647,0.279456174865,0.297311991254,202,226,255,0,1520.57663856,0.0,0,0
-5.5,0.0,60.0,860.614603649,909.881880165,1476.91250421,0.265015773135,0.280187030189,181,212,255,0,909.881880165,0.0,0,0
-5.5,0.0,90.0,518.836580217,546.224645318,1011.07716464,0.249904622289,0.263096452483,158,199,255,0,546.224645318,0.0,0,0
-5.5,90.0,0.0,2048.09391612,2094.09471041,1732.51516864,0.348629307542,0.356459624761,255,230,203,0,2094.09471041,0.0,1,0
-5.5,90.0,0.5,2251.25817706,2312.44394791,1866.48644293,0.350107645101,0.359623038032,255,230,200,0,2312.44394791,0.0,1,0
-5.5,90.0,1.0,2411.86863137,2501.83105813,2006.98693772,0.348501349835,0.361500410709,255,234,202,0,2501.83105813,0.0,1,0
-5.5,90.0,2.0,2590.10771366,2750.38828713,2291.72604315,0.339364827013,0.360365339385,255,244,213,0,2750.38828713,0.0,1,0
-5.5,90.0,3.0,2624.22903147,2837.46003618,2550.52655302,0.327528508431,0.354141746867,254,255,229,0,2837.46003618,0.0,1,0
-5.5,90.0,5.0,2488.21505483,2735.45630392,2881.53598286,0.306989685761,0.337493686297,238,255,246,0,2735.45630392,0.0,0,0
-5.5,90.0,8.0,2165.65289952,2385.33957187,2977.44168278,0.287663125581,0.316844050572,214,243,255,0,2385.33957187,0.0,0,0
-5.5,90.0,12.0,1791.68347617,1959.50882833,2786.56564416,0.27405166882,0.299721837932,193,228,255,0,1959.50882833,0.0,0,0
-5.5,90.0,20.0,1303.2717272,1405.8314891,2271.792408,0.261654093059,0.282244719653,174,214,255,0,1405.8314891,0.0,0,0
-5.5,90.0,30.0,970.728742601,1036.30340504,1793.19146764,0.255439900615,0.272695375311,166,206,255,0,1036.30340504,0.0,0,0
-5.5,90.0,45.0,725.517966436,768.638823418,1387.0029759,0.251814555742,0.266781048575,161,202,255,0,768.638823418,0.0,0,0
-5.5,90.0,60.0,598.227624809,631.268039571,1158.44489824,0.250520316198,0.264356680167,159,200,255,0,631.268039571,0.0,0,0
-5.5,90.0,90.0,518.836580217,546.224645318,1011.07716464,0.249904622289,0.263096452483,158,199,255,0,546.224645318,0.0,0,0
-5.5,180.0,0.0,2431.6814217,2518.91783651,2054.940895,0.347108341187,0.359560830631,255,234,204,0,2518.91783651,0.0,1,0
-5.5,180.0,0.5,2749.46354874,2844.80001983,2222.42350941,0.351742819088,0.363939350706,255,232,197,0,2844.80001983,0.0,1,0
-5.5,180.0,1.0,3042.66114788,3169.28894472,2408.48466844,0.35295912935,0.367648388112,255,233,195,0,3169.28894472,0.0,1,0
-5.5,180.0,2.0,3448.90527091,3674.93067383,2834.10020511,0.346347397594,0.369045414484,255,242,202,0,3674.93067383,0.0,1,0
-5.5,180.0,3.0,3622.40969643,3936.65747363,3260.07982021,0.334814722425,0.363860244913,255,254,218,0,3936.65747363,0.0,1,0
-5.5,180.0,5.0,3574.32698259,3960.95319148,3877.55152459,0.31318493753,0.347061386347,239,255,237,0,3960.95319148,0.0,0,0
-5.5,180.0,8.0,3185.00756245,3542.85991194,4170.82563318,0.292237567478,0.325071995053,221,251,255,0,3542.85991194,0.0,0,0
-5.5,180.0,12.0,2649.13224192,2926.80059624,3991.08476468,0.27690262022,0.305926122198,197,234,255,0,2926.80059624,0.0,0,0
-5.5,180.0,20.0,1890.52686392,2060.37722626,3228.41655419,0.263329492798,0.286987770616,176,218,255,0,2060.37722626,0.0,0,0
-5.5,180.0,30.0,1329.75101308,1432.92617355,2431.95818455,0.25598543845,0.275847306147,166,209,255,0,1432.92617355,0.0,0,0
-5.5,180.0,45.0,872.780927001,930.810587049,1676.46803436,0.250794825451,0.267469729785,159,203,255,0,930.810587049,0.0,0,0
-5.5,180.0,60.0,636.356720548,674.076702149,1252.44996079,0.248297181467,0.263014972313,155,199,255,0,674.076702149,0.0,0,0
-5.5,180.0,90.0,518.836580215,546.224645316,1011.07716464,0.249904622289,0.263096452483,158,199,255,0,546.224645316,0.0,0,0
-5.0,0.0,0.0,22126.9066028,22003.322379,9573.23572672,0.412020094474,0.409718860756,255,205,126,0,22003.322379,0.0,1,0
-5.0,0.0,0.5,22320.994285,22487.4561455,10133.1636407,0.406267538046,0.409297333646,255,210,131,0,22487.4561455,0.0,1,0
-5.0,0.0,1.0,21787.8451953,22263.6337652,10564.3957826,0.39892879676,0.407640340284,255,215,137,0,22263.6337652,0.0,1,0
-5.0,0.0,2.0,19867.7335925,20791.806426,11053.8679258,0.384189214795,0.402058329793,255,225,153,0,20791.806426,0.0,1,0
-5.0,0.0,3.0,17812.4285956,18946.0392477,11175.9725963,0.371599802402,0.395248991622,255,233,167,0,18946.0392477,0.0,1,0
-5.0,0.0,5.0,14413.1835911,15594.828618,10809.9104243,0.353109189817,0.382058360933,255,244,191,0,15594.828618,0.0,0,0
-5.0,0.0,8.0,10914.3060446,11905.2031997,9610.60635349,0.336548477963,0.367103322953,255,254,215,0,11905.2031997,0.0,0,0
-5.0,0.0,12.0,7977.60573043,8708.39860286,7906.56024541,0.32439096398,0.354106973065,250,255,229,0,8708.39860286,0.0,0,0
-5.0,0.0,20.0,4669.06327042,5065.04112951,5259.101573,0.311411934102,0.337822420278,245,255,246,0,5065.04112951,0.0,0,0
-5.0,0.0,30.0,2642.16504151,2839.54343632,3349.67594127,0.299179031976,0.321528686961,233,248,255,0,2839.54343632,0.0,0,0
-5.0,0.0,45.0,1324.85384012,1409.0979117,1980.82439623,0.281000369587,0.298868465322,204,227,255,0,1409.0979117,0.0,0,0
-5.0,0.0,60.0,801.087760284,847.555274613,1359.00893587,0.266349886247,0.281799650641,182,213,255,0,847.555274613,0.0,0,0
-5.0,0.0,90.0,486.162768053,512.75606257,935.617525541,0.251307124058,0.265053722529,160,201,255,0,512.75606257,0.0,0,0
-5.0,90.0,0.0,1836.36690033,1863.89420744,1492.10437842,0.353666725737,0.358968222171,255,226,196,0,1863.89420744,0.0,1,0
-5.0,90.0,0.5,2030.86308811,2070.76236412,1609.72951204,0.355583412485,0.362569368753,255,226,194,0,2070.76236412,0.0,1,0
-5.0,90.0,1.0,2188.5369504,2254.97412769,1736.60945748,0.354125285713,0.364875428354,255,230,194,0,2254.97412769,0.0,1,0
-5.0,90.0,2.0,2370.52673338,2505.03908103,2001.36403037,0.344707127583,0.364267069401,255,241,205,0,2505.03908103,0.0,1,0
-5.0,90.0,3.0,2414.57994046,2602.38088238,2248.73337322,0.332326117134,0.358173742544,255,252,222,0,2602.38088238,0.0,1,0
-5.0,90.0,5.0,2302.84056973,2528.63994752,2577.46905008,0.31081876706,0.341295338096,240,255,243,0,2528.63994752,0.0,0,0
-5.0,90.0,8.0,2012.38721786,2216.88013627,2694.91099792,0.290631915521,0.320165082925,219,246,255,0,2216.88013627,0.0,0,0
-5.0,90.0,12.0,1668.89128561,1826.80347254,2540.99033135,0.276458231772,0.302616990195,196,231,255,0,1826.80347254,0.0,0,0
-5.0,90.0,20.0,1217.25479092,1314.89623357,2085.82591921,0.263590486864,0.284734256928,177,216,255,0,1314.89623357,0.0,0,0
-5.0,90.0,30.0,907.794250196,970.68079303,1652.5079214,0.257093919537,0.274903844837,168,208,255,0,970.68079303,0.0,0,0
-5.0,90.0,45.0,679.0176974,720.664197724,1280.13494908,0.253382129032,0.268922930044,163,204,255,0,720.664197724,0.0,0,0
-5.0,90.0,60.0,560.189485593,592.189522506,1070.77503667,0.251979608391,0.266373589315,161,202,255,0,592.189522506,0.0,0,0
-5.0,90.0,90.0,486.162768053,512.756062571,935.617525543,0.251307124058,0.265053722529,160,201,255,0,512.756062571,0.0,0,0
-5.0,180.0,0.0,2189.99625528,2253.73508579,1775.36470838,0.352140606588,0.362389496459,255,230,197,0,2253.73508579,0.0,1,0
-5.0,180.0,0.5,2488.5421189,2557.00746771,1920.27474068,0.357250197819,0.367078948243,255,228,191,0,2557.00746771,0.0,1,0
-5.0,180.0,1.0,2769.13570306,2865.2899079,2086.20334411,0.358667113673,0.3711213069,255,229,188,0,2865.2899079,0.0,1,0
-5.0,180.0,2.0,3166.39623312,3356.88462973,2476.00164994,0.351849853432,0.373016918289,255,239,195,0,3356.88462973,0.0,1,0
-5.0,180.0,3.0,3345.3383114,3623.08234355,2877.15872374,0.339780746539,0.3679907707,255,250,211,0,3623.08234355,0.0,1,0
-5.0,180.0,5.0,3324.16030476,3678.94461481,3478.94431959,0.317128858004,0.350975704356,242,255,233,0,3678.94461481,0.0,0,0
-5.0,180.0,8.0,2977.85149663,3312.90751771,3794.72214201,0.295261222589,0.32848284245,226,255,255,0,3312.90751771,0.0,0,0
-5.0,180.0,12.0,2485.95595898,2749.11677443,3664.25293375,0.279342059382,0.30891293085,200,236,255,0,2749.11677443,0.0,0,0
-5.0,180.0,20.0,1779.8669897,1942.70566431,2986.0067214,0.265312056413,0.289585254284,179,220,255,0,1942.70566431,0.0,0,0
-5.0,180.0,30.0,1254.7721977,1354.54721548,2259.16250331,0.257733769833,0.278227841597,168,211,255,0,1354.54721548,0.0,0,0
-5.0,180.0,45.0,824.086360946,880.620616105,1560.15680664,0.252410641161,0.269726602532,161,204,255,0,880.620616105,0.0,0,0
-5.0,180.0,60.0,600.415230222,637.326165196,1165.504763,0.249835094137,0.265193876609,157,201,255,0,637.326165196,0.0,0,0
-5.0,180.0,90.0,486.162768053,512.756062571,935.617525543,0.251307124058,0.265053722529,160,201,255,0,512.756062571,0.0,0,0
-4.5,0.0,0.0,20138.646841,19815.6710654,8018.24520204,0.4197950982,0.413062587892,255,201,118,0,19815.6710654,0.0,1,0
-4.5,0.0,0.5,20403.0501778,20352.8138208,8536.35288303,0.413920319851,0.412901165912,255,205,123,0,20352.8138208,0.0,1,0
-4.5,0.0,1.0,19970.9276025,20223.0521423,8950.00815874,0.406375804131,0.4115061273,255,211,129,0,20223.0521423,0.0,1,0
-4.5,0.0,2.0,18263.2092386,18969.9262463,9457.98362701,0.391149528775,0.406285533675,255,221,145,0,18969.9262463,0.0,1,0
-4.5,0.0,3.0,16391.6301282,17325.3626965,9636.52137745,0.378092305315,0.399629949621,255,229,159,0,17325.3626965,0.0,1,0
-4.5,0.0,5.0,13259.1846878,14277.3949048,9412.66322492,0.358848617096,0.386405615273,255,241,183,0,14277.3949048,0.0,0,0
-4.5,0.0,8.0,10032.1319781,10902.5574793,8443.13901026,0.341486505346,0.371115158879,255,250,208,0,10902.5574793,0.0,0,0
-4.5,0.0,12.0,7320.53551037,7966.4317683,6988.9825476,0.328629556426,0.357624785045,253,255,226,0,7966.4317683,0.0,0,0
-4.5,0.0,20.0,4278.26447777,4629.01296436,4691.64971638,0.314603088016,0.340395452553,247,255,243,0,4629.01296436,0.0,0,0
-4.5,0.0,30.0,2423.92224821,2599.618688,3019.93334027,0.301352645,0.323195996984,236,249,255,0,2599.618688,0.0,0,0
-4.5,0.0,45.0,1223.54417412,1300.25987237,1809.81970358,0.282337425833,0.300039862101,206,228,255,0,1300.25987237,0.0,0,0
-4.5,0.0,60.0,743.548937303,786.822585408,1249.42466044,0.267483257158,0.283050458943,184,214,255,0,786.822585408,0.0,0,0
-4.5,0.0,90.0,454.840718554,480.302749464,866.045228893,0.252522525449,0.266658762787,162,202,255,0,480.302749464,0.0,0,0
-4.5,90.0,0.0,1648.04694371,1660.06696939,1299.17870778,0.357703987857,0.36031290087,255,222,192,0,1660.06696939,0.0,1,0
-4.5,90.0,0.5,1833.25231234,1854.80319055,1402.41475596,0.360134176042,0.364367749193,255,223,188,0,1854.80319055,0.0,1,0
-4.5,90.0,1.0,1986.70168793,2032.26546438,1516.24548127,0.358920572605,0.367152194308,255,226,189,0,2032.26546438,0.0,1,0
-4.5,90.0,2.0,2169.65300662,2280.26325385,1759.95331665,0.349387854233,0.367199862338,255,237,199,0,2280.26325385,0.0,1,0
-4.5,90.0,3.0,2221.25477731,2384.77001805,1993.51464167,0.336577241261,0.361354006716,255,249,216,0,2384.77001805,0.0,1,0
-4.5,90.0,5.0,2130.33797923,2334.90150762,2314.31717913,0.314229688487,0.344403273349,243,255,239,0,2334.90150762,0.0,0,0
-4.5,90.0,8.0,1868.8590611,2057.77116908,2445.9365551,0.293266296622,0.32291088323,223,249,255,0,2057.77116908,0.0,0,0
-4.5,90.0,12.0,1553.47224692,1700.86305211,2322.10289477,0.278577865105,0.30500885924,200,233,255,0,1700.86305211,0.0,0,0
-4.5,90.0,20.0,1135.89892136,1227.96009431,1918.01488288,0.265280797209,0.286781003692,180,217,255,0,1227.96009431,0.0,0,0
-4.5,90.0,30.0,848.601573927,908.319276049,1524.96052421,0.258571678002,0.276767857361,170,210,255,0,908.319276049,0.0,0,0
-4.5,90.0,45.0,634.686635221,674.391540434,1182.42152682,0.254740803135,0.270676950017,165,205,255,0,674.391540434,0.0,0,0
-4.5,90.0,60.0,522.278760274,552.750936474,987.346613971,0.253241252607,0.26801652715,163,203,255,0,552.750936474,0.0,0,0
-4.5,90.0,90.0,454.840718553,480.302749463,866.045228892,0.252522525449,0.266658762787,162,202,255,0,480.302749463,0.0,0,0
-4.5,180.0,0.0,1967.68293496,2010.5266981,1543.90194333,0.356327992969,0.364086576354,255,227,192,0,2010.5266981,0.0,1,0
-4.5,180.0,0.5,2246.19312799,2290.31860769,1668.68563049,0.361985767002,0.369096818769,255,224,185,0,2290.31860769,0.0,1,0
-4.5,180.0,1.0,2512.44691344,2580.26366229,1814.75697921,0.363729093688,0.373546982562,255,226,182,0,2580.26366229,0.0,1,0
-4.5,180.0,2.0,2897.36936651,3053.33657304,2166.89878275,0.356924174757,0.376137626491,255,235,189,0,3053.33657304,0.0,1,0
-4.5,180.0,3.0,3079.28711007,3320.60621397,2539.84261681,0.344449447997,0.37144343367,255,247,204,0,3320.60621397,0.0,1,0
-4.5,180.0,5.0,3082.01821518,3404.08297325,3118.73333987,0.320881968981,0.354413494915,244,255,229,0,3404.08297325,0.0,0,0
-4.5,180.0,8.0,2776.3650983,3087.37207721,3448.83610695,0.29813081885,0.331527278612,229,255,252,0,3087.37207721,0.0,0,0
-4.5,180.0,12.0,2326.66231729,2574.00570369,3360.53110871,0.281637360481,0.311577733847,204,239,255,0,2574.00570369,0.0,0,0
-4.5,180.0,20.0,1671.69280906,1826.43996784,2759.30236678,0.267153038054,0.291883163932,182,222,255,0,1826.43996784,0.0,0,0
-4.5,180.0,30.0,1181.42945237,1276.97784504,2097.10530854,0.259340617525,0.280314852685,171,212,255,0,1276.97784504,0.0,0,0
-4.5,180.0,45.0,776.621803332,831.081617192,1451.34786113,0.253876686536,0.271679530897,163,206,255,0,831.081617192,0.0,0,0
-4.5,180.0,60.0,565.609119298,601.27270532,1084.65778892,0.251209934703,0.267049578743,159,202,255,0,601.27270532,0.0,0,0
-4.5,180.0,90.0,454.840718545,480.302749454,866.045228876,0.252522525449,0.266658762787,162,202,255,0,480.302749454,0.0,0,0
-4.0,0.0,0.0,18136.953027,17629.7138933,6609.19281855,0.428002007245,0.416032005061,255,197,110,0,17629.7138933,0.0,1,0
-4.0,0.0,0.5,18466.566875,18210.8395197,7080.34492386,0.422018186917,0.416174025651,255,201,114,0,18210.8395197,0.0,1,0
-4.0,0.0,1.0,18133.7409901,18169.527787,7469.90133413,0.414266111959,0.415083662911,255,206,121,0,18169.527787,0.0,1,0
-4.0,0.0,2.0,16639.9347373,17131.1522292,7981.96681569,0.398532160644,0.41029698854,255,217,137,0,17131.1522292,0.0,1,0
-4.0,0.0,3.0,14958.7444626,15692.0958729,8211.5790736,0.384915419319,0.403785871067,255,225,151,0,15692.0958729,0.0,1,0
-4.0,0.0,5.0,12099.0104791,12951.3443805,8107.16850235,0.364894879122,0.390600475165,255,237,176,0,12951.3443805,0.0,0,0
-4.0,0.0,8.0,9149.43505269,9896.77323621,7349.49786396,0.34662588679,0.374938756285,255,247,201,0,9896.77323621,0.0,0,0
-4.0,0.0,12.0,6667.76373482,7227.02661338,6130.54176976,0.332966449472,0.360894219922,255,254,221,0,7227.02661338,0.0,0,0
-4.0,0.0,20.0,3893.93895042,4198.86339773,4162.03662067,0.31774705162,0.342629014417,250,255,241,0,4198.86339773,0.0,0,0
-4.0,0.0,30.0,2211.22108189,2365.10614607,2712.63284515,0.303365783282,0.324477857245,240,250,255,0,2365.10614607,0.0,0,0
-4.0,0.0,45.0,1124.94353145,1193.90587486,1649.3389699,0.283490455793,0.300869253592,208,228,255,0,1193.90587486,0.0,0,0
-4.0,0.0,60.0,687.575820672,727.405832797,1146.25971418,0.268454129063,0.284005186698,186,215,255,0,727.405832797,0.0,0,0
-4.0,0.0,90.0,424.398934455,448.492236072,800.581942246,0.253603676818,0.268000861591,163,203,255,0,448.492236072,0.0,0,0
-4.0,90.0,0.0,1477.00807445,1476.13927895,1139.85747202,0.360861552197,0.360649288704,255,219,189,0,1476.13927895,0.0,1,0
-4.0,90.0,0.5,1652.49467864,1658.34995731,1230.36574444,0.363888598021,0.365177963231,255,219,184,0,1658.34995731,0.0,1,0
-4.0,90.0,1.0,1800.73864865,1827.86919364,1331.85101889,0.36301856321,0.368487925169,255,223,184,0,1827.86919364,0.0,1,0
-4.0,90.0,2.0,1982.49547015,2070.98388904,1554.09403618,0.353538925016,0.369319087424,255,234,194,0,2070.98388904,0.0,1,0
-4.0,90.0,3.0,2039.81094791,2180.1974461,1772.24856181,0.340407790078,0.363835773761,255,246,211,0,2180.1974461,0.0,1,0
-4.0,90.0,5.0,1967.0840512,2150.75788126,2080.96342305,0.317332766298,0.346963286941,245,255,237,0,2150.75788126,0.0,0,0
-4.0,90.0,8.0,1732.23231153,1905.39941953,2221.2372726,0.295659846713,0.325216252205,227,251,255,0,1905.39941953,0.0,0,0
-4.0,90.0,12.0,1443.22364805,1579.73164923,2122.37055609,0.280492176623,0.307022663724,203,234,255,0,1579.73164923,0.0,0,0
-4.0,90.0,20.0,1057.76298229,1143.81208437,1763.14914551,0.26679358404,0.288497263153,182,219,255,0,1143.81208437,0.0,0,0
-4.0,90.0,30.0,791.442529511,847.593056313,1406.29303403,0.259887397489,0.278325646299,172,211,255,0,847.593056313,0.0,0,0
-4.0,90.0,45.0,591.754740033,629.196510051,1091.01004609,0.255953566789,0.272148375101,167,206,255,0,629.196510051,0.0,0,0
-4.0,90.0,60.0,487.299518807,516.100731587,912.357799151,0.254363811194,0.269397657867,164,204,255,0,516.100731587,0.0,0,0
-4.0,90.0,90.0,424.398934459,448.492236077,800.581942255,0.253603676817,0.268000861591,163,203,255,0,448.492236077,0.0,0,0
-4.0,180.0,0.0,1759.2220595,1783.67347525,1346.81514048,0.359780399362,0.364780984749,255,224,189,0,1783.67347525,0.0,1,0
-4.0,180.0,0.5,2016.99855917,2039.27682542,1453.52175997,0.366074921861,0.370118313237,255,221,181,0,2039.27682542,0.0,1,0
-4.0,180.0,1.0,2267.44874295,2309.08035265,1580.38778567,0.368276653181,0.375038415684,255,222,177,0,2309.08035265,0.0,1,0
-4.0,180.0,2.0,2636.84430598,2759.3450587,1893.73451339,0.361710814829,0.378514934429,255,232,183,0,2759.3450587,0.0,1,0
-4.0,180.0,3.0,2819.37205948,3024.34673797,2235.53544112,0.348964394018,0.374334888922,255,243,198,0,3024.34673797,0.0,1,0
-4.0,180.0,5.0,2843.4743846,3131.93191571,2785.17447462,0.324576013583,0.357502772495,247,255,226,0,3131.93191571,0.0,0,0
-4.0,180.0,8.0,2577.00049459,2862.78293286,3122.85823618,0.300958582155,0.334334081154,231,255,250,0,2862.78293286,0.0,0,0
-4.0,180.0,12.0,2168.6229049,2399.01350237,3071.56883394,0.283880696541,0.314039671225,208,241,255,0,2399.01350237,0.0,0,0
-4.0,180.0,20.0,1564.2525393,1710.03233619,2542.34224995,0.268927766137,0.293990365776,185,223,255,0,1710.03233619,0.0,0,0
-4.0,180.0,30.0,1108.55437104,1199.22933156,1941.64075431,0.260871650333,0.282209824818,173,214,255,0,1199.22933156,0.0,0,0
-4.0,180.0,45.0,729.617554518,781.564917599,1347.22222117,0.255253413287,0.27342696415,165,207,255,0,781.564917599,0.0,0,0
-4.0,180.0,60.0,531.353409274,565.445936322,1007.74505288,0.252479068467,0.268678549491,161,203,255,0,565.445936322,0.0,0,0
-4.0,180.0,90.0,424.398934455,448.492236073,800.581942246,0.253603676818,0.268000861591,163,203,255,0,448.492236073,0.0,0,0
-3.5,0.0,0.0,16130.4172174,15458.049556,5342.38172456,0.436773534144,0.418567408676,255,192,101,0,15458.049556,0.0,1,0
-3.5,0.0,0.5,16519.1719502,16073.2840598,5762.74799369,0.430689195361,0.419063969995,255,196,106,0,16073.2840598,0.0,1,0
-3.5,0.0,1.0,16283.0102937,16113.8516,6122.68479388,0.422720714389,0.418329211677,255,202,113,0,16113.8516,0.0,1,0
-3.5,0.0,2.0,15002.8204311,15284.0002004,6625.75455525,0.406441987729,0.414059439718,255,212,128,0,15284.0002004,0.0,1,0
-3.5,0.0,3.0,13507.1565022,14041.2701365,6881.90471859,0.392303993883,0.407816874918,255,221,143,0,14041.2701365,0.0,1,0
-3.5,0.0,5.0,10935.1150068,11621.3498035,6894.16930117,0.371303210837,0.394604400012,255,233,168,0,11621.3498035,0.0,0,0
-3.5,0.0,8.0,8267.99500077,8891.23791678,6329.27288126,0.352001743814,0.378535697117,255,243,193,0,8891.23791678,0.0,0,0
-3.5,0.0,12.0,6020.1031297,6492.11768861,5329.45907282,0.337417954275,0.363873678276,255,250,214,0,6492.11768861,0.0,0,0
-3.5,0.0,20.0,3515.99610686,3775.11642794,3667.40560049,0.320845944995,0.344491507094,253,255,239,0,3775.11642794,0.0,0,0
-3.5,0.0,30.0,2003.39386355,2135.62230435,2424.51975332,0.305230882804,0.325376798418,243,251,255,0,2135.62230435,0.0,0,0
-3.5,0.0,45.0,1028.39996469,1089.51179673,1496.930521,0.284493730112,0.301399538793,210,229,255,0,1089.51179673,0.0,0,0
-3.5,0.0,60.0,632.603118615,668.81903217,1047.55278881,0.26931028848,0.284728040685,187,215,255,0,668.81903217,0.0,0,0
-3.5,0.0,90.0,394.319840452,416.861106783,737.542347027,0.254609614198,0.269164355135,165,204,255,0,416.861106783,0.0,0,0
-3.5,90.0,0.0,1318.63890991,1307.2176637,1004.82153588,0.36319356058,0.360047799414,255,216,186,0,1307.2176637,0.0,1,0
-3.5,90.0,0.5,1483.88113335,1476.42217967,1083.70539804,0.366933218835,0.365088773334,255,216,181,0,1476.42217967,0.0,1,0
-3.5,90.0,1.0,1626.02171846,1636.92504517,1173.39706575,0.366522925407,0.368980653468,255,220,181,0,1636.92504517,0.0,1,0
-3.5,90.0,2.0,1804.72814176,1872.6918491,1373.94326167,0.357275462393,0.370729990198,255,231,190,0,1872.6918491,0.0,1,0
-3.5,90.0,3.0,1866.24147811,1984.50764272,1575.43691407,0.343932453865,0.365727903532,255,243,206,0,1984.50764272,0.0,1,0
-3.5,90.0,5.0,1809.632484,1972.67945621,1868.66467058,0.320233582377,0.349086466301,248,255,234,0,1972.67945621,0.0,0,0
-3.5,90.0,8.0,1599.68852443,1756.94017589,2013.15425728,0.297905620593,0.327190165741,231,253,255,0,1756.94017589,0.0,0,0
-3.5,90.0,12.0,1335.89037574,1461.20152118,1935.33578822,0.282284371705,0.308763623746,205,236,255,0,1461.20152118,0.0,0,0
-3.5,90.0,20.0,981.312168832,1061.00424851,1616.55019907,0.268201132129,0.289981669119,184,220,255,0,1061.00424851,0.0,0,0
-3.5,90.0,30.0,735.25111739,787.524706473,1293.12510038,0.2611068845,0.279670601935,174,212,255,0,787.524706473,0.0,0,0
-3.5,90.0,45.0,549.49394735,584.423750171,1003.55112347,0.25707694164,0.27341860823,168,207,255,0,584.423750171,0.0,0,0
-3.5,90.0,60.0,452.792317006,479.715828285,840.329336245,0.255405428711,0.270592106316,166,205,255,0,479.715828285,0.0,0,0
-3.5,90.0,90.0,394.319840455,416.861106786,737.542347031,0.254609614198,0.269164355135,165,204,255,0,416.861106786,0.0,0,0
-3.5,180.0,0.0,1560.92070229,1569.41517083,1174.92432849,0.362561292279,0.364534336447,255,220,186,0,1569.41517083,0.0,1,0
-3.5,180.0,0.5,1797.28947172,1800.18752098,1265.13592529,0.369613930212,0.37020991622,255,217,177,0,1800.18752098,0.0,1,0
-3.5,180.0,1.0,2030.62230843,2048.23662577,1373.33415644,0.372441378116,0.375672062914,255,218,173,0,2048.23662577,0.0,1,0
-3.5,180.0,2.0,2381.39475612,2471.52539142,1646.99581169,0.366373160985,0.380239591854,255,228,177,0,2471.52539142,0.0,1,0
-3.5,180.0,3.0,2562.0462126,2730.75927527,1955.05406255,0.353490046927,0.376767686553,255,240,192,0,2730.75927527,0.0,1,0
-3.5,180.0,5.0,2605.04725216,2858.94133695,2469.53497733,0.328359426974,0.360362115648,250,255,223,0,2858.94133695,0.0,0,0
-3.5,180.0,8.0,2376.68340063,2636.00769878,2808.82061027,0.303864967394,0.337020232997,233,255,247,0,2636.00769878,0.0,0,0
-3.5,180.0,12.0,2009.34091325,2221.6538026,2790.43695505,0.286172536804,0.316410371379,211,243,255,0,2221.6538026,0.0,0,0
-3.5,180.0,20.0,1455.77235169,1591.76973587,2329.8739837,0.270719678819,0.296010149629,187,225,255,0,1591.76973587,0.0,0,0
-3.5,180.0,30.0,1034.86746616,1120.08887925,1788.88375804,0.262400969364,0.284009708778,175,215,255,0,1120.08887925,0.0,0,0
-3.5,180.0,45.0,682.187216222,731.244844905,1245.02613213,0.256610097519,0.275063511158,167,208,255,0,731.244844905,0.0,0,0
-3.5,180.0,60.0,496.971460268,529.223846183,932.637337715,0.253707973342,0.270173078726,163,205,255,0,529.223846183,0.0,0,0
-3.5,180.0,90.0,394.319840593,416.861106941,737.542347165,0.254609614218,0.269164355161,165,204,255,0,416.861106941,0.0,0,0
-3.0,0.0,0.0,14131.8955959,13319.2307648,4222.01643632,0.446179139419,0.420521286763,255,186,93,0,13319.2307648,0.0,1,0
-3.0,0.0,0.5,14572.4794442,13957.4378181,4588.73174306,0.440008269717,0.421437414789,255,191,97,0,13957.4378181,0.0,1,0
-3.0,0.0,1.0,14429.3080345,14072.0821079,4914.38070433,0.431811317496,0.421120978249,255,197,104,0,14072.0821079,0.0,1,0
-3.0,0.0,2.0,13365.0166687,13446.9970516,5403.64205756,0.414860922307,0.417405659667,255,207,120,0,13446.9970516,0.0,1,0
-3.0,0.0,3.0,12053.8031897,12395.2222607,5673.55226193,0.400158422856,0.411492747369,255,216,135,0,12395.2222607,0.0,1,0
-3.0,0.0,5.0,9772.93339301,10295.8361817,5778.6877342,0.378100378548,0.398330716196,255,228,160,0,10295.8361817,0.0,0,0
-3.0,0.0,8.0,7391.53600506,7891.79517753,5385.48739142,0.357617731202,0.381821300007,255,239,186,0,7891.79517753,0.0,0,0
-3.0,0.0,12.0,5379.83821306,5765.4665191,4586.34625224,0.341975436551,0.366488331378,255,246,208,0,5765.4665191,0.0,0,0
-3.0,0.0,20.0,3145.07399252,3359.18515096,3206.05520999,0.323890028483,0.345939897379,255,254,236,0,3359.18515096,0.0,0,0
-3.0,0.0,30.0,1800.18137974,1911.2623517,2153.06406958,0.306962057315,0.325903284052,246,252,255,0,1911.2623517,0.0,0,0
-3.0,0.0,45.0,933.431863861,986.750406367,1350.46941366,0.285396292262,0.301698408066,211,229,255,0,986.750406367,0.0,0,0
-3.0,0.0,60.0,578.171122223,610.697360418,951.566356161,0.270118534674,0.285314623621,188,216,255,0,610.697360418,0.0,0,0
-3.0,0.0,90.0,364.166849883,385.039031801,675.427251752,0.255621493938,0.270272411026,166,204,255,0,385.039031801,0.0,0,0
-3.0,90.0,0.0,1169.68580435,1149.98776617,886.784094232,0.364790658928,0.358647419178,255,214,185,0,1149.98776617,0.0,1,0
-3.0,90.0,0.5,1324.14821924,1305.71759386,955.056090328,0.369365987575,0.364224836421,255,213,179,0,1305.71759386,0.0,1,0
-3.0,90.0,1.0,1459.31088481,1456.17430494,1033.46468551,0.369544038519,0.368749756501,255,216,178,0,1456.17430494,0.0,1,0
-3.0,90.0,2.0,1633.22367401,1682.25429662,1212.1448136,0.36072432529,0.371553545158,255,228,186,0,1682.25429662,0.0,1,0
-3.0,90.0,3.0,1697.56281094,1794.71218975,1395.84016291,0.347283718595,0.367158327839,255,240,202,0,1794.71218975,0.0,1,0
-3.0,90.0,5.0,1655.29967857,1797.99433085,1670.48601024,0.323062206461,0.350911694872,251,255,233,0,1797.99433085,0.0,0,0
-3.0,90.0,8.0,1468.94132796,1610.16013946,1815.3449651,0.300124099469,0.328976966376,234,255,255,0,1610.16013946,0.0,0,0
-3.0,90.0,12.0,1229.58864086,1343.4762899,1755.47351826,0.284065546683,0.310376425143,208,237,255,0,1343.4762899,0.0,0,0
-3.0,90.0,20.0,905.215453068,978.31801714,1474.03868703,0.269604169524,0.291376617187,186,221,255,0,978.31801714,0.0,0,0
-3.0,90.0,30.0,679.081113335,727.276032563,1182.35172384,0.262324250237,0.280941608021,176,213,255,0,727.276032563,0.0,0,0
-3.0,90.0,45.0,507.219690677,539.477265936,917.77367855,0.258196626408,0.274617118872,170,208,255,0,539.477265936,0.0,0,0
-3.0,90.0,60.0,419.272237399,444.261932331,771.877219461,0.256371112596,0.271651484921,167,205,255,0,444.261932331,0.0,0,0
-3.0,90.0,90.0,364.166849885,385.039031804,675.427251755,0.255621493938,0.270272411026,166,204,255,0,385.039031804,0.0,0,0
-3.0,180.0,0.0,1370.38757583,1365.44066415,1020.62229537,0.364809163048,0.363492251874,255,217,184,0,1365.44066415,0.0,1,0
-3.0,180.0,0.5,1585.08554399,1571.23702991,1096.03366502,0.372754645879,0.369497977505,255,214,174,0,1571.23702991,0.0,1,0
-3.0,180.0,1.0,1800.36164796,1796.4126863,1186.45851234,0.376390133137,0.375564548897,255,214,169,0,1796.4126863,0.0,1,0
-3.0,180.0,2.0,2130.00045362,2189.22910086,1420.41861877,0.371102964733,0.381422176896,255,224,172,0,2189.22910086,0.0,1,0
-3.0,180.0,3.0,2305.98723363,2438.82078346,1692.46623883,0.358224170969,0.378859232418,255,236,186,0,2438.82078346,0.0,1,0
-3.0,180.0,5.0,2364.79121228,2583.29113278,2165.97481935,0.33241105007,0.363124876997,254,255,220,0,2583.29113278,0.0,0,0
-3.0,180.0,8.0,2173.38768792,2405.07264411,2500.96563358,0.30700055322,0.339727070499,236,255,244,0,2405.07264411,0.0,0,0
-3.0,180.0,12.0,1847.79098867,2041.09542698,2512.41771482,0.288658521922,0.318856187017,215,245,255,0,2041.09542698,0.0,0,0
-3.0,180.0,20.0,1344.88066427,1470.36145574,2117.69288436,0.272632958489,0.298070307927,190,227,255,0,1470.36145574,0.0,0,0
-3.0,180.0,30.0,959.366288998,1038.63640692,1635.67307549,0.264020883906,0.285836291474,178,217,255,0,1038.63640692,0.0,0,0
-3.0,180.0,45.0,633.627655381,679.491169085,1142.48913622,0.258032904896,0.27670995532,169,210,255,0,679.491169085,0.0,0,0
-3.0,180.0,60.0,461.904572736,492.114217721,857.501838336,0.254981679697,0.271658081006,165,206,255,0,492.114217721,0.0,0,0
-3.0,180.0,90.0,364.166849887,385.039031806,675.427251756,0.255621493939,0.270272411027,166,204,255,0,385.039031806,0.0,0,0
-2.5,0.0,0.0,12163.2922121,11242.6870098,3255.28761913,0.456215838679,0.421686151556,255,181,84,0,11242.6870098,0.0,1,0
-2.5,0.0,0.5,12646.4375537,11890.901154,3566.81879296,0.449984581585,0.42310114273,255,185,88,0,11890.901154,0.0,1,0
-2.5,0.0,1.0,12590.9123931,12069.947518,3854.30545291,0.441551442271,0.423281694633,255,191,95,0,12069.947518,0.0,1,0
-2.5,0.0,2.0,11729.9862529,11628.6871933,4306.48022269,0.4239985938,0.420336981768,255,202,111,0,11628.6871933,0.0,1,0
-2.5,0.0,3.0,10608.8502054,10769.5859458,4587.94190274,0.40856103163,0.414751180292,255,211,126,0,10769.5859458,0.0,1,0
-2.5,0.0,5.0,8622.16851198,8988.81077152,4768.16916633,0.385276880901,0.4016600896,255,223,152,0,8988.81077152,0.0,0,0
-2.5,0.0,8.0,6526.80745236,6908.27357934,4522.7059768,0.363452771172,0.384695150692,255,234,179,0,6908.27357934,0.0,0,0
-2.5,0.0,12.0,4751.1888836,5053.39738597,3902.67025849,0.346618513623,0.368665850502,255,242,202,0,5053.39738597,0.0,0,0
-2.5,0.0,20.0,2782.80749641,2953.78701857,2776.64649735,0.326879914756,0.346963866557,255,250,232,0,2953.78701857,0.0,0,0
-2.5,0.0,30.0,1601.74460102,1692.68092664,1895.69091373,0.308614386422,0.326135443348,248,252,255,0,1692.68092664,0.0,0,0
-2.5,0.0,45.0,839.75796282,885.552548644,1207.87857927,0.286295201858,0.301907760206,213,229,255,0,885.552548644,0.0,0,0
-2.5,0.0,60.0,523.916553376,552.803994487,856.552625891,0.270999753417,0.285941998261,190,216,255,0,552.803994487,0.0,0,0
-2.5,0.0,90.0,333.541117508,352.710288072,612.687672749,0.256779646615,0.271537205983,168,205,255,0,352.710288072,0.0,0,0
-2.5,90.0,0.0,1027.71705905,1002.0531574,779.00980099,0.365894464026,0.356757436033,255,211,185,0,1002.0531574,0.0,1,0
-2.5,90.0,0.5,1170.78923918,1143.79666671,837.41919646,0.371442685264,0.362879065727,255,210,178,0,1143.79666671,0.0,1,0
-2.5,90.0,1.0,1298.08584072,1283.19676135,904.94650561,0.372346681937,0.368075855521,255,213,175,0,1283.19676135,0.0,1,0
-2.5,90.0,2.0,1465.49773343,1497.31093292,1061.58633539,0.364153551726,0.372058640435,255,224,182,0,1497.31093292,0.0,1,0
-2.5,90.0,3.0,1531.35810157,1608.51680944,1226.40853054,0.350723475026,0.368394959002,255,237,197,0,1608.51680944,0.0,1,0
-2.5,90.0,5.0,1501.84349413,1624.58373107,1479.59787512,0.326060640448,0.352708397303,254,255,231,0,1624.58373107,0.0,0,0
-2.5,90.0,8.0,1338.02509553,1463.23503793,1621.50115569,0.302531610469,0.33084196552,237,255,253,0,1463.23503793,0.0,0,0
-2.5,90.0,12.0,1122.66657724,1225.05885947,1577.25498073,0.286031128271,0.312118464088,211,239,255,0,1225.05885947,0.0,0,0
-2.5,90.0,20.0,828.273388776,894.71065611,1331.36668215,0.271178218481,0.292929901006,189,222,255,0,894.71065611,0.0,0,0
-2.5,90.0,30.0,622.065288178,666.119185932,1070.77687502,0.263703043887,0.282378168755,178,214,255,0,666.119185932,0.0,0,0
-2.5,90.0,45.0,464.202166732,493.731040102,831.140469586,0.259465092383,0.27597021107,172,209,255,0,493.731040102,0.0,0,0
-2.5,90.0,60.0,383.967004174,406.898921595,699.838451413,0.25757421126,0.27295748763,169,206,255,0,406.898921595,0.0,0,0
-2.5,90.0,90.0,333.541117508,352.710288072,612.687672749,0.256779646615,0.271537205983,168,205,255,0,352.710288072,0.0,0,0
-2.5,180.0,0.0,1186.53367657,1170.76161573,877.674405707,0.366783552038,0.361908062523,255,214,182,0,1170.76161573,0.0,1,0
-2.5,180.0,0.5,1379.81636189,1352.05188744,939.958872224,0.375784675099,0.368223187715,255,210,172,0,1352.05188744,0.0,1,0
-2.5,180.0,1.0,1576.69761919,1554.0146091,1013.9119877,0.380419921571,0.374947046612,255,210,166,0,1554.0146091,0.0,1,0
-2.5,180.0,2.0,1883.46594943,1913.94149246,1209.4840418,0.37617470951,0.382261428813,255,219,167,0,1913.94149246,0.0,1,0
-2.5,180.0,3.0,2052.45484099,2150.46883671,1444.34228311,0.363442213495,0.380798221942,255,231,180,0,2150.46883671,0.0,1,0
-2.5,180.0,5.0,2122.67702516,2305.33957092,1871.10884151,0.336979640458,0.365977720838,255,252,215,0,2305.33957092,0.0,0,0
-2.5,180.0,8.0,1966.25182439,2169.28374953,2195.49149853,0.310573908766,0.342643259095,239,255,241,0,2169.28374953,0.0,0,0
-2.5,180.0,12.0,1680.01745188,1853.39285636,2223.34647436,0.291834016152,0.321950870317,221,248,255,0,1853.39285636,0.0,0,0
-2.5,180.0,20.0,1230.64484234,1344.97020803,1902.44449349,0.27481654281,0.300346655701,194,229,255,0,1344.97020803,0.0,0,0
-2.5,180.0,30.0,881.280262127,954.193084823,1479.24410146,0.265868894059,0.28786558724,181,218,255,0,954.193084823,0.0,0,0
-2.5,180.0,45.0,583.3504285,625.798448482,1037.48399302,0.259655432042,0.278549493706,172,211,255,0,625.798448482,0.0,0,0
-2.5,180.0,60.0,425.657257466,453.698929553,780.536029168,0.256436685054,0.273330355507,167,207,255,0,453.698929553,0.0,0,0
-2.5,180.0,90.0,333.541117511,352.710288076,612.687672741,0.256779646618,0.271537205986,168,205,255,0,352.710288076,0.0,0,0
-2.0,0.0,0.0,10256.9117352,9268.85737347,2446.70498162,0.466807319606,0.421839494969,255,174,75,0,9268.85737347,0.0,1,0
-2.0,0.0,0.5,10771.0376004,9912.36237491,2703.12035974,0.460566063103,0.423849389858,255,179,79,0,9912.36237491,0.0,1,0
-2.0,0.0,1.0,10800.2447062,10149.1562599,2956.66554436,0.451778409529,0.424543128225,255,185,86,0,10149.1562599,0.0,1,0
-2.0,0.0,2.0,10131.4137985,9872.24071426,3361.02523582,0.433620914454,0.422528398441,255,196,102,0,9872.24071426,0.0,1,0
-2.0,0.0,3.0,9194.98066741,9194.29525579,3636.14441048,0.417471291267,0.417440172151,255,205,117,0,9194.29525579,0.0,1,0
-2.0,0.0,5.0,7497.8965709,7720.88554522,3869.77246971,0.392795407174,0.404477222752,255,218,144,0,7720.88554522,0.0,0,0
-2.0,0.0,8.0,5684.44565029,5955.28105134,3745.47895779,0.369474791311,0.387078416966,255,229,172,0,5955.28105134,0.0,0,0
-2.0,0.0,12.0,4141.14043878,4365.56880218,3280.34914559,0.351329424439,0.370369659589,255,237,196,0,4365.56880218,0.0,0,0
-2.0,0.0,20.0,2432.34175767,2563.35248277,2378.58446567,0.329841311212,0.347607214879,255,246,227,0,2563.35248277,0.0,0,0
-2.0,0.0,30.0,1408.63691876,1480.91037564,1650.65925719,0.31025833357,0.32617687297,251,252,255,0,1480.91037564,0.0,0,0
-2.0,0.0,45.0,747.531238495,786.254211669,1067.79518485,0.287337331942,0.30222173439,214,229,255,0,786.254211669,0.0,0,0
-2.0,0.0,60.0,469.76235142,495.145948962,761.396426571,0.272120179066,0.286824186501,191,217,255,0,495.145948962,0.0,0,0
-2.0,0.0,90.0,302.259499098,319.727328674,548.37348169,0.258261918705,0.273187091265,170,206,255,0,319.727328674,0.0,0,0
-2.0,90.0,0.0,891.123322853,861.667254256,675.554153089,0.36696738802,0.354837286297,255,209,184,0,861.667254256,0.0,1,0
-2.0,90.0,0.5,1022.16407423,988.933777566,724.627087305,0.373635543407,0.361488745974,255,207,176,0,988.933777566,0.0,1,0
-2.0,90.0,1.0,1140.73819506,1116.35361122,781.664388895,0.375396419386,0.367371891498,255,210,173,0,1116.35361122,0.0,1,0
-2.0,90.0,2.0,1300.02449766,1316.36756199,916.265099273,0.368001886166,0.372628167062,255,221,178,0,1316.36756199,0.0,1,0
-2.0,90.0,3.0,1366.1760434,1424.51880619,1061.37703375,0.354660059514,0.369805873134,255,233,193,0,1424.51880619,0.0,1,0
-2.0,90.0,5.0,1347.94443433,1451.17543656,1290.7133987,0.329584201965,0.354825084765,255,253,227,0,1451.17543656,0.0,0,0
-2.0,90.0,8.0,1205.79383781,1315.06288399,1426.9857797,0.305431089855,0.333109257395,239,255,251,0,1315.06288399,0.0,0,0
-2.0,90.0,12.0,1014.16510865,1105.03492792,1396.75870103,0.288446248759,0.31429121056,215,241,255,0,1105.03492792,0.0,0,0
-2.0,90.0,20.0,749.80328909,809.548716775,1185.62743233,0.273154428284,0.294919774447,192,224,255,0,809.548716775,0.0,0,0
-2.0,90.0,30.0,563.7294523,603.628348548,956.277000592,0.265454988738,0.28424301021,181,215,255,0,603.628348548,0.0,0,0
-2.0,90.0,45.0,420.310065009,447.114938422,742.525376413,0.261070198356,0.27771970119,174,210,255,0,447.114938422,0.0,0,0
-2.0,90.0,60.0,347.928699549,368.808109197,626.036438601,0.259112028212,0.274661496218,172,208,255,0,368.808109197,0.0,0,0
-2.0,90.0,90.0,302.259499057,319.727328628,548.373481667,0.258261918695,0.273187091251,170,206,255,0,319.727328628,0.0,0,0
-2.0,180.0,0.0,1009.78498524,985.739355692,742.339175869,0.368822251015,0.360039625658,255,211,181,0,985.739355692,0.0,1,0
-2.0,180.0,0.5,1182.46941983,1143.66356204,792.855889459,0.379119473847,0.366677666777,255,206,170,0,1143.66356204,0.0,1,0
-2.0,180.0,1.0,1361.49506477,1323.13445489,851.937764287,0.384976434902,0.374129586308,255,205,162,0,1323.13445489,0.0,1,0
-2.0,180.0,2.0,1645.04990814,1649.73754784,1012.30293417,0.381939954616,0.383028308765,255,214,162,0,1649.73754784,0.0,1,0
-2.0,180.0,3.0,1805.60053766,1870.95436381,1211.3405716,0.369402444795,0.38277298975,255,226,174,0,1870.95436381,0.0,1,0
-2.0,180.0,5.0,1882.67419448,2029.85889044,1587.10655956,0.342326827971,0.369089435247,255,248,207,0,2029.85889044,0.0,0,0
-2.0,180.0,8.0,1756.87333066,1930.53692025,1893.45122339,0.314803250134,0.34592095309,242,255,238,0,1930.53692025,0.0,0,0
-2.0,180.0,12.0,1510.42281046,1662.78852532,1943.56288835,0.295190435282,0.324968124933,226,251,255,0,1662.78852532,0.0,0,0
-2.0,180.0,20.0,1113.19760555,1215.75620283,1683.52596568,0.277433823529,0.302993727393,198,231,255,0,1215.75620283,0.0,0,0
-2.0,180.0,30.0,800.542461581,866.710430747,1318.73275751,0.268099902498,0.290259409249,184,220,255,0,866.710430747,0.0,0,0
-2.0,180.0,45.0,531.21425449,570.046090395,929.127576077,0.261631902459,0.280757230926,175,213,255,0,570.046090395,0.0,0,0
-2.0,180.0,60.0,388.170446927,413.951870675,701.073998035,0.258230041471,0.275381110484,170,208,255,0,413.951870675,0.0,0,0
-2.0,180.0,90.0,302.25949903,319.727328598,548.373481635,0.258261918691,0.273187091247,170,206,255,0,319.727328598,0.0,0,0
-1.5,0.0,0.0,8457.45263848,7448.75449303,1795.6181735,0.477772912836,0.420790193366,255,167,67,0,7448.75449303,0.0,1,0
-1.5,0.0,0.5,8993.5992133,8077.20927544,2005.80746978,0.471446258228,0.423408915554,255,172,70,0,8077.20927544,0.0,1,0
-1.5,0.0,1.0,9083.61554013,8342.7455703,2207.3993741,0.462652865063,0.424918373476,255,178,77,0,8342.7455703,0.0,1,0
-1.5,0.0,2.0,8600.68648656,8216.87368655,2565.82685074,0.443714324848,0.423913203427,255,190,93,0,8216.87368655,0.0,1,0
-1.5,0.0,3.0,7842.31493902,7707.0847423,2826.67649129,0.426767655149,0.419408619659,255,199,109,0,7707.0847423,0.0,1,0
-1.5,0.0,5.0,6423.12467154,6521.11182733,3090.68717422,0.400570953906,0.40668181279,255,213,136,0,6521.11182733,0.0,0,0
-1.5,0.0,8.0,4881.2883583,5054.04181065,3060.12533359,0.375615026141,0.388908400299,255,224,166,0,5054.04181065,0.0,0,0
-1.5,0.0,12.0,3561.29559639,3716.46812669,2724.04822146,0.356065042628,0.371579484527,255,233,191,0,3716.46812669,0.0,0,0
-1.5,0.0,20.0,2099.61674902,2195.0858486,2014.37916679,0.332792762469,0.347924774249,255,243,223,0,2195.0858486,0.0,0,0
-1.5,0.0,30.0,1224.03896044,1279.60266137,1419.51277721,0.312003769401,0.326166786015,254,252,255,0,1279.60266137,0.0,0,0
-1.5,0.0,45.0,657.882519106,690.046709058,931.196091462,0.28865570201,0.302768216875,216,230,255,0,690.046709058,0.0,0,0
-1.5,0.0,60.0,416.321817213,438.314929868,666.934671334,0.273613063557,0.288067273454,194,218,255,0,438.314929868,0.0,0,0
-1.5,0.0,90.0,270.628451238,286.339122435,483.113621001,0.26019935042,0.275304585739,173,208,255,0,286.339122435,0.0,0,0
-1.5,90.0,0.0,759.867622819,728.276885097,574.018008014,0.368480959647,0.353161731663,255,206,183,0,728.276885097,0.0,1,0
-1.5,90.0,0.5,877.459213204,839.795281435,612.876276027,0.376570802056,0.360406931665,255,204,174,0,839.795281435,0.0,1,0
-1.5,90.0,1.0,987.494938548,955.510524597,661.410125982,0.379161813756,0.366880972678,255,206,169,0,955.510524597,0.0,1,0
-1.5,90.0,2.0,1137.24384368,1139.64008029,774.436345166,0.372705499054,0.373490810458,255,216,173,0,1139.64008029,0.0,1,0
-1.5,90.0,3.0,1202.59666615,1243.13763532,899.591657296,0.359485646832,0.371604337108,255,229,187,0,1243.13763532,0.0,1,0
-1.5,90.0,5.0,1194.29509248,1278.31263357,1103.63633451,0.333952345606,0.357445580314,255,249,220,0,1278.31263357,0.0,0,0
-1.5,90.0,8.0,1072.93331759,1166.14945526,1232.31612089,0.309078083629,0.335930698532,243,255,248,0,1166.14945526,0.0,0,0
-1.5,90.0,12.0,904.69114682,983.81801551,1214.80068724,0.291524594924,0.317022167685,220,243,255,0,983.81801551,0.0,0,0
-1.5,90.0,20.0,670.306915414,723.163385489,1037.72413971,0.275710944471,0.297451891716,196,226,255,0,723.163385489,0.0,0,0
-1.5,90.0,30.0,504.502544212,540.099463284,839.701820052,0.267739489161,0.286630773333,184,217,255,0,540.099463284,0.0,0,0
-1.5,90.0,45.0,375.893516082,399.886219002,652.599283066,0.263160905688,0.279958060095,177,212,255,0,399.886219002,0.0,0,0
-1.5,90.0,60.0,311.492488974,330.252185167,551.16180605,0.261120627767,0.276846668747,175,209,255,0,330.252185167,0.0,0,0
-1.5,90.0,90.0,270.628451237,286.339122434,483.113620996,0.260199350421,0.27530458574,173,208,255,0,286.339122434,0.0,0,0
-1.5,180.0,0.0,841.430802619,811.254737342,612.583069885,0.371448577428,0.358127391081,255,207,179,0,811.254737342,0.0,1,0
-1.5,180.0,0.5,995.668310514,948.533195758,654.101356735,0.383199481742,0.36505875018,255,201,166,0,948.533195758,0.0,1,0
-1.5,180.0,1.0,1158.28768533,1107.30594243,700.348691567,0.390529403685,0.373340349613,255,200,158,0,1107.30594243,0.0,1,0
-1.5,180.0,2.0,1420.59602381,1403.05631012,830.230387369,0.38879081026,0.383990515608,255,209,155,0,1403.05631012,0.0,1,0
-1.5,180.0,3.0,1572.55665365,1608.74109598,997.909947102,0.376281048409,0.384939254692,255,221,166,0,1608.74109598,0.0,1,0
-1.5,180.0,5.0,1654.02769351,1767.68928441,1324.98155672,0.34845855102,0.372403950137,255,243,199,0,1767.68928441,0.0,0,0
-1.5,180.0,8.0,1551.99043109,1696.41819875,1604.50578257,0.319805852566,0.349566890035,247,255,234,0,1696.41819875,0.0,0,0
-1.5,180.0,12.0,1341.08613881,1471.87567571,1669.16629396,0.29920745377,0.328387685512,233,254,255,0,1471.87567571,0.0,0,0
-1.5,180.0,20.0,994.530165408,1084.72542067,1465.08875694,0.280596372463,0.306044028371,203,233,255,0,1084.72542067,0.0,0,0
-1.5,180.0,30.0,718.34961012,777.331234381,1156.79103879,0.270822704906,0.293059179732,188,222,255,0,777.331234381,0.0,0,0
-1.5,180.0,45.0,477.912428241,512.861784834,819.013452643,0.264070994235,0.28338229647,178,215,255,0,512.861784834,0.0,0,0
-1.5,180.0,60.0,349.779259951,373.135338997,619.883062844,0.260485455034,0.277879050295,173,210,255,0,373.135338997,0.0,0,0
-1.5,180.0,90.0,270.628451236,286.339122433,483.113620994,0.260199350421,0.27530458574,173,208,255,0,286.339122433,0.0,0,0
-1.0,0.0,0.0,6827.620252,5846.18765526,1299.63388448,0.488614069015,0.418378502762,255,160,60,0,5846.18765526,0.0,1,0
-1.0,0.0,0.5,7356.67151969,6429.74504032,1453.57836933,0.482721388937,0.421899421236,255,165,62,0,6429.74504032,0.0,1,0
-1.0,0.0,1.0,7505.9595343,6721.32945904,1620.36721124,0.473632153386,0.42412135727,255,171,68,0,6721.32945904,0.0,1,0
-1.0,0.0,2.0,7186.92163791,6717.22919767,1923.62148541,0.454070319699,0.424395111418,255,183,84,0,6717.22919767,0.0,1,0
-1.0,0.0,3.0,6593.38351837,6356.34857888,2163.83418968,0.436255969848,0.420572382335,255,193,101,0,6356.34857888,0.0,1,0
-1.0,0.0,5.0,5432.89227464,5429.97279288,2439.08197627,0.40842834938,0.408208871604,255,207,129,0,5429.97279288,0.0,0,0
-1.0,0.0,8.0,4143.74564757,4235.15554749,2475.95658114,0.381741127613,0.390162232874,255,219,159,0,4235.15554749,0.0,0,0
-1.0,0.0,12.0,3030.21835246,3127.43517564,2242.00413009,0.360754982616,0.372328885641,255,228,185,0,3127.43517564,0.0,0,0
-1.0,0.0,20.0,1794.6181964,1860.14713699,1690.15506074,0.335761445273,0.348021485789,255,239,220,0,1860.14713699,0.0,0,0
-1.0,0.0,30.0,1053.87710813,1095.11819101,1207.80716675,0.313952673367,0.326238496943,255,250,253,0,1095.11819101,0.0,0,0
-1.0,0.0,45.0,573.200047669,599.354020505,801.563697691,0.290357575207,0.303606011186,219,231,255,0,599.354020505,0.0,0,0
-1.0,0.0,60.0,365.041806324,383.737078641,575.952405466,0.275559133359,0.289671634853,197,219,255,0,383.737078641,0.0,0,0
-1.0,0.0,90.0,239.560277415,253.411120576,419.147378809,0.262641536945,0.277826887267,177,210,255,0,253.411120576,0.0,0,0
-1.0,90.0,0.0,635.26705914,602.450119662,475.509808533,0.370801454703,0.351646410029,255,203,181,0,602.450119662,0.0,1,0
-1.0,90.0,0.5,740.363892742,699.56129676,506.634121964,0.380344892848,0.359383499202,255,200,171,0,699.56129676,0.0,1,0
-1.0,90.0,1.0,840.511954255,802.29856182,545.785907585,0.384041546065,0.366581318121,255,201,165,0,802.29856182,0.0,1,0
-1.0,90.0,2.0,979.967165063,969.706682716,638.750243132,0.378596061018,0.374632072897,255,212,168,0,969.706682716,0.0,1,0
-1.0,90.0,3.0,1043.78024305,1067.47889077,744.808632767,0.365460601202,0.373758250157,255,224,180,0,1067.47889077,0.0,1,0
-1.0,90.0,5.0,1044.21483377,1109.35325464,923.672195405,0.339334838187,0.360502642733,255,245,213,0,1109.35325464,0.0,0,0
-1.0,90.0,8.0,942.520802714,1019.55974969,1043.56989998,0.313582972353,0.339214345062,247,255,244,0,1019.55974969,0.0,0,0
-1.0,90.0,12.0,796.879673759,863.963078513,1037.28329831,0.295345606106,0.320208567842,226,246,255,0,863.963078513,0.0,0,0
-1.0,90.0,20.0,591.809158192,637.464534624,892.615856419,0.278906674669,0.300423052111,201,228,255,0,637.464534624,0.0,0,0
-1.0,90.0,30.0,445.972117284,477.016999852,725.046263306,0.270608339224,0.289445848987,188,219,255,0,477.016999852,0.0,0,0
-1.0,90.0,45.0,332.107065645,353.1175196,564.309679474,0.265784680758,0.282599308855,181,214,255,0,353.1175196,0.0,0,0
-1.0,90.0,60.0,275.696132462,292.20941368,477.791222203,0.263648259044,0.279439912722,178,211,255,0,292.20941368,0.0,0,0
-1.0,90.0,90.0,239.560277428,253.411120589,419.147378829,0.262641536946,0.277826887267,177,210,255,0,253.411120589,0.0,0,0
-1.0,180.0,0.0,683.960792481,649.42481738,489.393063044,0.375229753699,0.356282870232,255,202,176,0,649.42481738,0.0,1,0
-1.0,180.0,0.5,823.589041332,770.751079813,526.157132673,0.38839429754,0.363476575329,255,195,163,0,770.751079813,0.0,1,0
-1.0,180.0,1.0,971.760462297,911.263631183,562.179778107,0.397414904167,0.372673886939,255,194,152,0,911.263631183,0.0,1,0
-1.0,180.0,2.0,1216.32668045,1180.32490021,666.450256966,0.39708986019,0.385336486601,255,202,148,0,1180.32490021,0.0,1,0
-1.0,180.0,3.0,1361.91767763,1373.42203175,808.37677383,0.38431902893,0.387565438222,255,215,158,0,1373.42203175,0.0,1,0
-1.0,180.0,5.0,1448.20469234,1532.74997043,1097.83063245,0.35505783892,0.375785891998,255,237,191,0,1532.74997043,0.0,0,0
-1.0,180.0,8.0,1366.49215869,1484.10574595,1351.52366823,0.325191010063,0.353180106813,252,255,230,0,1484.10574595,0.0,0,0
-1.0,180.0,12.0,1182.45161767,1292.37757633,1417.79848532,0.303766944871,0.332006470384,238,255,252,0,1292.37757633,0.0,0,0
-1.0,180.0,20.0,879.695798423,957.36127997,1257.28431425,0.284291772238,0.309390968381,209,236,255,0,957.36127997,0.0,0,0
-1.0,180.0,30.0,637.786409596,689.298729045,1000.14429101,0.274053946495,0.296188558061,193,225,255,0,689.298729045,0.0,0,0
-1.0,180.0,45.0,425.444497311,456.292903258,711.689376117,0.266999716294,0.286359505146,183,217,255,0,456.292903258,0.0,0,0
-1.0,180.0,60.0,311.619420847,332.35352956,539.801344383,0.263242260132,0.280757515198,177,212,255,0,332.35352956,0.0,0,0
-1.0,180.0,90.0,239.560277462,253.411120626,419.147378876,0.262641536949,0.277826887272,177,210,255,0,253.411120626,0.0,0,0
-0.5,0.0,0.0,5425.91835278,4510.0439369,931.051565181,0.49930168722,0.415021458253,255,153,53,0,4510.0439369,0.0,1,0
-0.5,0.0,0.5,5943.6916184,5048.73613414,1049.08774632,0.493599964137,0.419277468407,255,158,54,0,5048.73613414,0.0,1,0
-0.5,0.0,1.0,6135.50183462,5349.48289009,1179.91472785,0.484449312654,0.422386526646,255,165,60,0,5349.48289009,0.0,1,0
-0.5,0.0,2.0,5958.75673127,5442.27174598,1433.06510365,0.46429120169,0.42404800243,255,177,76,0,5442.27174598,0.0,1,0
-0.5,0.0,3.0,5512.31274162,5208.35002832,1650.03628929,0.445594280099,0.421023096866,255,187,93,0,5208.35002832,0.0,1,0
-0.5,0.0,5.0,4579.99185289,4503.60141502,1922.2470032,0.416141951915,0.409201051813,255,202,123,0,4503.60141502,0.0,0,0
-0.5,0.0,8.0,3510.79943994,3540.66955532,2002.08273247,0.387781452575,0.391080722991,255,214,154,0,3540.66955532,0.0,0,0
-0.5,0.0,12.0,2575.23647744,2628.0236429,1843.53095466,0.365448109648,0.372939060479,255,223,181,0,2628.0236429,0.0,0,0
-0.5,0.0,20.0,1532.50504315,1574.81959568,1414.4797978,0.338914489697,0.348272380585,255,235,216,0,1574.81959568,0.0,0,0
-0.5,0.0,30.0,905.882999792,935.690245852,1022.64654554,0.316275658236,0.326682417575,255,247,250,0,935.690245852,0.0,0,0
-0.5,0.0,45.0,490.858227705,511.436463578,675.91023682,0.292490040689,0.304752092556,222,231,255,0,511.436463578,0.0,0,0
-0.5,0.0,60.0,318.582958211,334.295083599,493.004763897,0.278024032322,0.291735840641,200,221,255,0,334.295083599,0.0,0,0
-0.5,0.0,90.0,210.879934089,222.940723421,360.184631482,0.265590087387,0.280779897202,181,212,255,0,222.940723421,0.0,0,0
-0.5,90.0,0.0,520.133273859,486.554158917,382.906302378,0.374306000884,0.350141301452,255,199,178,0,486.554158917,0.0,1,0
-0.5,90.0,0.5,613.633086353,570.543146309,407.36453114,0.38555913886,0.358484783604,255,194,166,0,570.543146309,0.0,1,0
-0.5,90.0,1.0,704.564068466,661.351370121,438.491194617,0.390468564846,0.366520139059,255,196,160,0,661.351370121,0.0,1,0
-0.5,90.0,2.0,834.457272004,813.252427268,514.367070861,0.385951731007,0.376144102977,255,206,161,0,813.252427268,0.0,1,0
-0.5,90.0,3.0,896.764069079,905.425166273,603.783743097,0.372724081738,0.376323913187,255,218,172,0,905.425166273,0.0,1,0
-0.5,90.0,5.0,905.059235049,952.808768593,759.933303945,0.345732593389,0.363972913388,255,239,204,0,952.808768593,0.0,0,0
-0.5,90.0,8.0,821.330611105,883.141511152,871.132399886,0.318888479983,0.342887078959,252,255,241,0,883.141511152,0.0,0,0
-0.5,90.0,12.0,696.500330439,752.075285729,874.356212658,0.299836750177,0.323761238447,234,250,255,0,752.075285729,0.0,0,0
-0.5,90.0,20.0,518.629736152,557.306334437,758.718123061,0.282685280936,0.303766418961,207,231,255,0,557.306334437,0.0,0,0
-0.5,90.0,30.0,391.431634868,418.037461126,618.979592478,0.274025688166,0.292651366828,194,222,255,0,418.037461126,0.0,0,0
-0.5,90.0,45.0,291.695483946,309.830080258,483.122534054,0.268930987308,0.285650323598,186,216,255,0,309.830080258,0.0,0,0
-0.5,90.0,60.0,242.585460308,256.923653916,410.116109413,0.266687261967,0.282450010444,183,213,255,0,256.923653916,0.0,0,0
-0.5,90.0,90.0,210.879934113,222.940723447,360.184631514,0.26559008739,0.280779897205,181,212,255,0,222.940723447,0.0,0,0
-0.5,180.0,0.0,535.949252913,504.09447012,387.2862439,0.375490787225,0.353173044635,255,200,177,0,504.09447012,0.0,1,0
-0.5,180.0,0.5,669.180111659,613.456721433,411.116670766,0.395087071486,0.362187720961,255,189,158,0,613.456721433,0.0,1,0
-0.5,180.0,1.0,805.749882745,739.258121909,441.612709,0.405588181583,0.37211840027,255,187,146,0,739.258121909,0.0,1,0
-0.5,180.0,2.0,1035.70933609,984.839914726,524.089061352,0.407016325714,0.387025499858,255,195,139,0,984.839914726,0.0,1,0
-0.5,180.0,3.0,1177.77069205,1168.55348462,642.774897439,0.394021965431,0.390938358231,255,208,148,0,1168.55348462,0.0,1,0
-0.5,180.0,5.0,1272.48856616,1333.56880033,903.830642893,0.362543922416,0.379946253773,255,232,181,0,1333.56880033,0.0,0,0
-0.5,180.0,8.0,1212.72567306,1309.01334836,1149.37795692,0.330342421724,0.356570862788,255,254,225,0,1309.01334836,0.0,0,0
-0.5,180.0,12.0,1053.3147653,1145.97346384,1221.69050574,0.307898659106,0.334984094509,242,255,249,0,1145.97346384,0.0,0,0
-0.5,180.0,20.0,782.171737112,848.711366806,1084.94501607,0.288004874593,0.31250555238,215,239,255,0,848.711366806,0.0,0,0
-0.5,180.0,30.0,566.376711392,610.939112294,863.669117432,0.277501661076,0.299335433587,199,228,255,0,610.939112294,0.0,0,0
-0.5,180.0,45.0,380.901066619,408.129725458,620.56086631,0.270220857475,0.289537557228,188,219,255,0,408.129725458,0.0,0,0
-0.5,180.0,60.0,276.453745811,294.632476121,466.631625437,0.266405503685,0.283923493142,182,215,255,0,294.632476121,0.0,0,0
-0.5,180.0,90.0,210.879934113,222.940723448,360.184631516,0.265590087389,0.280779897206,181,212,255,0,222.940723448,0.0,0,0
0.0,0.0,0.0,4343.9825395,3511.66677487,681.699957164,0.508820993653,0.411329871038,255,146,48,0,3511.66677487,0.0,1,0
0.0,0.0,0.5,4839.80959739,4001.30406122,770.085386697,0.503559397176,0.416316844793,255,151,48,0,4001.30406122,0.0,1,0
0.0,0.0,1.0,5067.65062764,4307.63914973,873.423534317,0.494467010006,0.420310239806,255,158,52,0,4307.63914973,0.0,1,0
0.0,0.0,2.0,5014.8569668,4481.7821969,1088.72230096,0.473753965185,0.423394346227,255,171,68,0,4481.7821969,0.0,1,0
0.0,0.0,3.0,4685.28067748,4344.0213454,1282.67021288,0.454353500025,0.421259992374,255,182,86,0,4344.0213454,0.0,1,0
0.0,0.0,5.0,3931.2239043,3807.20221912,1542.18052885,0.423595574254,0.410232042125,255,196,116,0,3807.20221912,0.0,0,0
0.0,0.0,8.0,3032.27733557,3020.80989734,1646.08443602,0.39384461939,0.392355181471,255,210,148,0,3020.80989734,0.0,0,0
0.0,0.0,12.0,2232.53608065,2255.44861256,1540.46036348,0.37033365315,0.374134389772,255,219,175,0,2255.44861256,0.0,0,0
0.0,0.0,20.0,1335.41569506,1362.21005,1202.66830999,0.342388465129,0.349258294573,255,231,211,0,1362.21005,0.0,0,0
0.0,0.0,30.0,793.905557154,815.929708823,879.460093111,0.318927826003,0.327775370586,255,244,246,0,815.929708823,0.0,0,0
0.0,0.0,45.0,433.767863526,450.732729362,586.310915935,0.294917371073,0.306451728626,226,233,255,0,450.732729362,0.0,0,0
0.0,0.0,60.0,282.889121015,296.350105565,429.322285886,0.280487721888,0.293834438358,204,222,255,0,296.350105565,0.0,0,0
0.0,0.0,90.0,189.320626789,199.973917939,316.327597826,0.268303126236,0.283400854196,185,214,255,0,199.973917939,0.0,0,0
0.0,90.0,0.0,421.23675373,387.1605384,303.444924293,0.378863787962,0.34821536067,255,193,175,0,387.1605384,0.0,1,0
0.0,90.0,0.5,506.070606398,461.354472931,322.825313499,0.392226663298,0.357569720959,255,188,161,0,461.354472931,0.0,1,0
0.0,90.0,1.0,590.5223177,543.61481503,348.037003027,0.398416288244,0.366768520591,255,189,153,0,543.61481503,0.0,1,0
0.0,90.0,2.0,714.735791413,685.284772748,411.890884705,0.394465078224,0.378210962339,255,200,153,0,685.284772748,0.0,1,0
0.0,90.0,3.0,777.400475488,774.656433914,489.8647706,0.38072002619,0.37937617368,255,213,164,0,774.656433914,0.0,1,0
0.0,90.0,5.0,793.835395163,828.289481452,630.877822168,0.35234551454,0.367638033412,255,234,196,0,828.289481452,0.0,0,0
0.0,90.0,8.0,725.542247904,775.598618966,737.397937729,0.324114215225,0.346475396081,255,254,236,0,775.598618966,0.0,0,0
0.0,90.0,12.0,617.698430964,664.299967599,749.072646165,0.304124482778,0.327068799156,241,253,255,0,664.299967599,0.0,0,0
0.0,90.0,20.0,461.630808975,494.785640777,656.424364196,0.286222177032,0.306778968202,212,234,255,0,494.785640777,0.0,0,0
0.0,90.0,30.0,349.252981201,372.315248572,538.337865071,0.277205565264,0.295510316281,198,224,255,0,372.315248572,0.0,0,0
0.0,90.0,45.0,260.863995749,276.718243804,422.018929042,0.271846267268,0.288367972925,191,218,255,0,276.718243804,0.0,0,0
0.0,90.0,60.0,217.431322798,230.040854272,359.341383586,0.269493887313,0.285122691895,187,216,255,0,230.040854272,0.0,0,0
0.0,90.0,90.0,189.320626789,199.973917939,316.327597826,0.268303126236,0.283400854196,185,214,255,0,199.973917939,0.0,0,0
0.0,180.0,0.0,389.800939251,368.691418925,298.974855327,0.368617517663,0.348655177406,255,203,184,0,368.691418925,0.0,1,0
0.0,180.0,0.5,480.943551337,440.39662515,316.170337749,0.3886379516,0.355873037105,255,190,165,0,440.39662515,0.0,1,0
0.0,180.0,1.0,600.200046667,542.537870586,333.838400468,0.406480883828,0.367429616793,255,184,147,0,542.537870586,0.0,1,0
0.0,180.0,2.0,873.167249362,810.912972681,402.835082198,0.418400903758,0.388570140356,255,188,130,0,810.912972681,0.0,1,0
0.0,180.0,3.0,1012.11300692,983.968247536,495.911616985,0.406146028152,0.394851951148,255,201,137,0,983.968247536,0.0,1,0
0.0,180.0,5.0,1116.99152109,1156.46094846,721.303542964,0.372982478847,0.386161992372,255,225,169,0,1156.46094846,0.0,0,0
0.0,180.0,8.0,1082.91015909,1162.56566394,963.69248375,0.337442619262,0.362263849323,255,249,215,0,1162.56566394,0.0,0,0
0.0,180.0,12.0,951.809262049,1032.74932349,1061.15446085,0.312507858604,0.339082936494,245,255,245,0,1032.74932349,0.0,0,0
0.0,180.0,20.0,713.508215528,772.727533935,965.67549429,0.291000833471,0.315153142637,220,242,255,0,772.727533935,0.0,0,0
0.0,180.0,30.0,517.938546186,557.735378406,773.247807316,0.280130054857,0.301654401472,203,229,255,0,557.735378406,0.0,0,0
0.0,180.0,45.0,347.733197586,372.048419923,555.130192751,0.272750785417,0.29182286722,192,221,255,0,372.048419923,0.0,0,0
0.0,180.0,60.0,251.257843675,267.502119951,414.936010082,0.269100275411,0.286498097329,186,217,255,0,267.502119951,0.0,0,0
0.0,180.0,90.0,189.320626784,199.973917934,316.327597819,0.268303126236,0.283400854196,185,214,255,0,199.973917934,0.0,0,0
0.5,0.0,0.0,3677.06682497,2914.95610681,528.254611356,0.516421839274,0.409387989324,255,142,42,0,2914.95610681,0.0,1,0
0.5,0.0,0.5,4169.64526307,3380.97916456,599.470708084,0.511606943678,0.414839226814,255,147,41,0,3380.97916456,0.0,1,0
0.5,0.0,1.0,4423.38920474,3691.22509235,686.345781482,0.502603030266,0.419411639116,255,153,45,0,3691.22509235,0.0,1,0
0.5,0.0,2.0,4445.86914907,3908.88458007,872.850088613,0.481801043573,0.423607759638,255,167,61,0,3908.88458007,0.0,1,0
0.5,0.0,3.0,4192.34275586,3831.55732073,1048.11231418,0.462118279306,0.422349215994,255,177,79,0,3831.55732073,0.0,1,0
0.5,0.0,5.0,3553.91357786,3403.00017123,1295.44349683,0.430654353896,0.412367044933,255,193,110,0,3403.00017123,0.0,0,0
0.5,0.0,8.0,2762.17572803,2728.73545052,1416.73002664,0.399872495688,0.395031439744,255,206,142,0,2728.73545052,0.0,0,0
0.5,0.0,12.0,2044.86363458,2053.45252417,1352.02954586,0.375180538153,0.376756381239,255,216,170,0,2053.45252417,0.0,0,0
0.5,0.0,20.0,1232.3499434,1252.76376204,1080.98873262,0.345573343674,0.351297749798,255,229,207,0,1252.76376204,0.0,0,0
0.5,0.0,30.0,717.811100552,738.097089802,794.018666125,0.319037527147,0.328053815472,255,244,245,0,738.097089802,0.0,0,0
0.5,0.0,45.0,388.315827013,405.012367348,528.378608349,0.293798765518,0.306431325403,224,233,255,0,405.012367348,0.0,0,0
0.5,0.0,60.0,251.116319151,264.465108199,383.70619267,0.279239159486,0.29408289663,202,223,255,0,264.465108199,0.0,0,0
0.5,0.0,90.0,169.611041476,179.957196837,280.480446456,0.269203072043,0.285624271881,187,216,255,0,179.957196837,0.0,0,0
0.5,90.0,0.0,338.612346797,306.941638684,234.452174519,0.384784064235,0.348794875123,255,189,170,0,306.941638684,0.0,1,0
0.5,90.0,0.5,400.219802323,361.176665106,249.152956184,0.396041789715,0.357406235327,255,185,158,0,361.176665106,0.0,1,0
0.5,90.0,1.0,464.259205198,423.635371298,268.293209601,0.401543080442,0.366407063274,255,187,151,0,423.635371298,0.0,1,0
0.5,90.0,2.0,585.773292496,557.224245676,322.479447648,0.399715108572,0.38023404739,255,197,148,0,557.224245676,0.0,1,0
0.5,90.0,3.0,651.311949503,646.058947549,392.19480694,0.385490749465,0.382381665314,255,210,159,0,646.058947549,0.0,1,0
0.5,90.0,5.0,681.733459175,710.752488267,523.320753107,0.355846682747,0.370993841948,255,233,191,0,710.752488267,0.0,0,0
0.5,90.0,8.0,632.699428772,677.280973783,627.650613854,0.326532463309,0.349540737141,255,253,232,0,677.280973783,0.0,0,0
0.5,90.0,12.0,543.106359332,585.515392935,646.721028212,0.305916336442,0.329804136628,243,255,254,0,585.515392935,0.0,0,0
0.5,90.0,20.0,408.595950613,439.375004316,572.645265263,0.287618812741,0.309284800547,214,236,255,0,439.375004316,0.0,0,0
0.5,90.0,30.0,310.314762515,332.037396628,472.144214717,0.27843496829,0.297925955091,200,226,255,0,332.037396628,0.0,0,0
0.5,90.0,45.0,232.7179202,247.8734101,372.143039726,0.272907869531,0.290680684177,192,220,255,0,247.8734101,0.0,0,0
0.5,90.0,60.0,194.404845844,206.562852803,317.7847008,0.270475404317,0.28739083579,188,217,255,0,206.562852803,0.0,0,0
0.5,90.0,90.0,169.611041476,179.957196837,280.480446468,0.269203072037,0.285624271876,187,216,255,0,179.957196837,0.0,0,0
0.5,180.0,0.0,227.53410483,223.498777861,219.295717437,0.339436665519,0.333416741906,255,222,218,0,223.498777861,0.0,1,0
0.5,180.0,0.5,236.46527588,228.272197641,229.911813811,0.340409585373,0.328615031792,255,217,217,0,228.272197641,0.0,1,0
0.5,180.0,1.0,296.685983327,272.437093054,236.378741845,0.368324411707,0.338220332828,255,196,187,0,272.437093054,0.0,1,0
0.5,180.0,2.0,522.666597313,476.662907151,274.470878369,0.410320647063,0.374205341414,255,185,142,0,476.662907151,0.0,1,0
0.5,180.0,3.0,680.897340177,650.051231697,337.327499045,0.40814428262,0.38965447208,255,196,137,0,650.051231697,0.0,1,0
0.5,180.0,5.0,837.129294735,858.380416859,511.646692355,0.379279553201,0.388907834227,255,221,162,0,858.380416859,0.0,0,0
0.5,180.0,8.0,864.644912558,926.75529378,730.227223452,0.342891619255,0.36752268905,255,246,207,0,926.75529378,0.0,0,0
0.5,180.0,12.0,791.088886071,860.359839986,847.17537476,0.316609803697,0.344333443236,247,255,239,0,860.359839986,0.0,0,0
0.5,180.0,20.0,612.861440032,666.866686577,808.75784734,0.293447716517,0.319306279714,223,245,255,0,666.866686577,0.0,0,0
0.5,180.0,30.0,453.692315612,491.016363646,665.147112707,0.281821712154,0.305006427344,205,232,255,0,491.016363646,0.0,0,0
0.5,180.0,45.0,308.61668089,331.791298689,485.745329799,0.274044997533,0.294623561398,193,224,255,0,331.791298689,0.0,0,0
0.5,180.0,60.0,224.781819123,240.4246341,366.334796497,0.270319505134,0.289131337959,188,219,255,0,240.4246341,0.0,0,0
0.5,180.0,90.0,169.611041438,179.957196796,280.480446436,0.269203072024,0.285624271861,187,216,255,0,179.957196796,0.0,0,0
1.0,0.0,0.0,1148.6929984,873.477764175,273.322521736,0.500412267049,0.380518544814,255,134,79,0,873.477764175,0.0,1,0
1.0,0.0,0.5,1487.75030109,1176.69643607,310.857072277,0.500033071033,0.395487826265,255,142,69,0,1176.69643607,0.0,1,0
1.0,0.0,1.0,1645.19418986,1368.28318892,361.831696642,0.487420308215,0.4053801173,255,154,72,0,1368.28318892,0.0,1,0
1.0,0.0,2.0,1691.28162319,1534.21421809,487.726070578,0.455475504383,0.413176011159,255,177,90,0,1534.21421809,0.0,1,0
1.0,0.0,3.0,1929.90869083,1837.38878993,669.406069829,0.434987072908,0.414133774993,255,191,105,0,1837.38878993,0.0,1,0
1.0,0.0,5.0,1926.22501061,1933.95121888,949.448632119,0.400493815222,0.402100220812,255,210,139,0,1933.95121888,0.0,0,0
1.0,0.0,8.0,1642.78052422,1700.53889241,1121.9374415,0.367902805239,0.380837865869,255,227,176,0,1700.53889241,0.0,0,0
1.0,0.0,12.0,1283.13141681,1344.29968205,1101.20440029,0.344128949344,0.360533949311,255,238,207,0,1344.29968205,0.0,0,0
1.0,0.0,20.0,816.494495285,859.855788025,877.004502678,0.319773225314,0.336755312166,255,251,243,0,859.855788025,0.0,0,0
1.0,0.0,30.0,513.833567566,542.545346827,641.994388114,0.302544538829,0.319449997257,238,245,255,0,542.545346827,0.0,0,0
1.0,0.0,45.0,299.345093811,317.339010342,425.823446731,0.28713949703,0.304399723602,214,232,255,0,317.339010342,0.0,0,0
1.0,0.0,60.0,201.382188864,214.023822985,307.627213519,0.27852411452,0.296008282159,201,224,255,0,214.023822985,0.0,0,0
1.0,0.0,90.0,138.649596275,147.76730999,223.466983855,0.271923861416,0.289805802563,191,219,255,0,147.76730999,0.0,0,0
1.0,90.0,0.0,159.001744099,155.49821049,172.134646218,0.326737440855,0.319537924825,255,226,236,0,155.49821049,0.0,1,0
1.0,90.0,0.5,209.525080753,196.017892962,181.870216802,0.3566911403,0.333696784693,255,203,199,0,196.017892962,0.0,1,0
1.0,90.0,1.0,277.064908087,255.854769503,195.935082616,0.380137337663,0.351036699589,255,194,173,0,255.854769503,0.0,1,0
1.0,90.0,2.0,400.532696784,381.443356289,237.174232409,0.393006509922,0.374275866595,255,199,155,0,381.443356289,0.0,1,0
1.0,90.0,3.0,476.888669482,472.632939366,292.237334139,0.384042870941,0.380615691987,255,211,161,0,472.632939366,0.0,1,0
1.0,90.0,5.0,526.398333226,548.344521187,397.928792948,0.357444467794,0.372346763224,255,232,189,0,548.344521187,0.0,0,0
1.0,90.0,8.0,501.278032952,536.744604352,485.260488995,0.329077388371,0.35236036892,255,252,228,0,536.744604352,0.0,0,0
1.0,90.0,12.0,435.508949217,470.174774705,505.250204668,0.308667146202,0.33323656422,244,255,251,0,470.174774705,0.0,0,0
1.0,90.0,20.0,330.494509519,356.313649306,451.275141066,0.290395711413,0.31308222284,219,240,255,0,356.313649306,0.0,0,0
1.0,90.0,30.0,252.049327224,270.591763092,373.700506136,0.28119784714,0.301884643269,204,230,255,0,270.591763092,0.0,0,0
1.0,90.0,45.0,189.7172295,202.867968158,295.687606445,0.275642489967,0.294749359482,196,224,255,0,202.867968158,0.0,0,0
1.0,90.0,60.0,158.723766922,169.364811262,252.897468293,0.273197209959,0.291512700329,192,221,255,0,169.364811262,0.0,0,0
1.0,90.0,90.0,138.64959629,147.767310006,223.466983878,0.271923861416,0.289805802564,191,219,255,0,147.767310006,0.0,0,0
1.0,180.0,0.0,118.910275138,122.68441244,157.40546604,0.298020624954,0.307479612044,231,234,255,0,122.68441244,0.0,1,0
1.0,180.0,0.5,127.0154034,129.317674262,164.8425412,0.301573495026,0.307039791647,237,233,255,0,129.317674262,0.0,1,0
1.0,180.0,1.0,160.438006069,152.588690492,171.421261038,0.331176968656,0.314974370515,255,216,231,0,152.588690492,0.0,1,0
1.0,180.0,2.0,305.116938485,270.598159706,186.639862475,0.400229491808,0.354950349466,255,180,156,0,270.598159706,0.0,1,0
1.0,180.0,3.0,444.34836116,408.357265784,220.856000911,0.413901120933,0.380376175143,255,186,137,0,408.357265784,0.0,1,0
1.0,180.0,5.0,604.576697412,601.164350802,331.283905929,0.393342148273,0.391122049893,255,209,149,0,601.164350802,0.0,0,0
1.0,180.0,8.0,653.568533117,688.160826696,496.155682392,0.35560903871,0.374430832665,255,235,190,0,688.160826696,0.0,0,0
1.0,180.0,12.0,613.457631872,661.248515189,604.552359112,0.326436001145,0.351866713928,255,255,231,0,661.248515189,0.0,0,0
1.0,180.0,20.0,487.644179696,529.189205471,605.096318302,0.300656790891,0.3262713571,235,252,255,0,529.189205471,0.0,0,0
1.0,180.0,30.0,369.611434193,399.683328777,511.609194786,0.288555150411,0.312032238137,216,239,255,0,399.683328777,0.0,0,0
1.0,180.0,45.0,253.440101591,272.759882268,380.34517546,0.279566990112,0.300878427803,202,229,255,0,272.759882268,0.0,0,0
1.0,180.0,60.0,185.173190019,198.495210503,289.805086125,0.27495245721,0.294733518748,195,224,255,0,198.495210503,0.0,0,0
1.0,180.0,90.0,138.649596288,147.767310004,223.466983873,0.271923861417,0.289805802565,191,219,255,0,147.767310004,0.0,0,0
1.5,0.0,0.0,471.435898617,375.204337502,194.505589071,0.452804868646,0.360376354997,255,149,118,0,375.204337502,0.0,1,0
1.5,0.0,0.5,628.005557185,512.53671114,211.984462621,0.464320255427,0.378947564889,255,153,103,0,512.53671114,0.0,1,0
1.5,0.0,1.0,990.998048706,828.375809582,255.467728949,0.477625884695,0.3992477376,255,156,83,0,828.375809582,0.0,1,0
1.5,0.0,2.0,1483.43954043,1327.19312193,388.338060636,0.463724012779,0.414881296783,255,172,83,0,1327.19312193,0.0,1,0
1.5,0.0,3.0,1536.73468325,1453.75326815,521.321316132,0.437590588264,0.413961339413,255,189,103,0,1453.75326815,0.0,1,0
1.5,0.0,5.0,1509.09962077,1505.3263188,743.774205408,0.401548497301,0.400544478933,255,208,138,0,1505.3263188,0.0,0,0
1.5,0.0,8.0,1213.397026,1253.82856129,858.996715564,0.364797333287,0.376952725082,255,227,180,0,1253.82856129,0.0,0,0
1.5,0.0,12.0,939.487443885,981.112221904,825.535695887,0.342112576458,0.357270160676,255,238,210,0,981.112221904,0.0,0,0
1.5,0.0,20.0,599.162347918,628.721374109,650.494333925,0.318978570911,0.334715033599,255,251,245,0,628.721374109,0.0,0,0
1.5,0.0,30.0,381.927037093,401.895926028,475.295797847,0.303328843103,0.319188259668,239,245,255,0,401.895926028,0.0,0,0
1.5,0.0,45.0,226.293985298,238.997490717,314.809425375,0.29008296862,0.306367407461,218,233,255,0,238.997490717,0.0,0,0
1.5,0.0,60.0,153.410459258,162.330251541,226.649465122,0.282841515331,0.299286857962,207,227,255,0,162.330251541,0.0,0,0
1.5,0.0,90.0,105.642937807,112.095456065,164.024976763,0.276723609265,0.293625488161,198,222,255,0,112.095456065,0.0,0,0
1.5,90.0,0.0,113.036323958,110.462554523,127.276902607,0.322246660267,0.314909296703,255,228,242,0,110.462554523,0.0,1,0
1.5,90.0,0.5,145.904736065,136.230354209,134.025995823,0.350596778362,0.327350054487,255,205,207,0,136.230354209,0.0,1,0
1.5,90.0,1.0,191.406645101,175.270601446,143.185561188,0.375408133713,0.343760319024,255,193,179,0,175.270601446,0.0,1,0
1.5,90.0,2.0,280.869799294,263.001499261,169.423091756,0.393764206068,0.368713819754,255,194,156,0,263.001499261,0.0,1,0
1.5,90.0,3.0,341.080856819,331.933429249,206.015495169,0.388019682723,0.377613405523,255,205,158,0,331.933429249,0.0,1,0
1.5,90.0,5.0,385.698665638,395.435431718,280.191978799,0.363412031706,0.37258618308,255,225,183,0,395.435431718,0.0,0,0
1.5,90.0,8.0,373.110677271,394.600900597,345.41728704,0.335190910086,0.354497051543,255,245,219,0,394.600900597,0.0,0,0
1.5,90.0,12.0,326.955651268,349.600415514,363.375304203,0.314401181069,0.33617642978,251,255,248,0,349.600415514,0.0,0,0
1.5,90.0,20.0,249.801252813,267.393775634,327.784409173,0.295629978306,0.31645003858,227,243,255,0,267.393775634,0.0,0,0
1.5,90.0,30.0,191.142957193,203.999024304,272.775257402,0.286177607136,0.305425601291,212,233,255,0,203.999024304,0.0,0,0
1.5,90.0,45.0,144.325377495,153.553739649,216.691107723,0.280477514089,0.298411630188,204,226,255,0,153.553739649,0.0,0,0
1.5,90.0,60.0,120.755475785,128.25617465,185.312255885,0.278030921227,0.295300748551,200,224,255,0,128.25617465,0.0,0,0
1.5,90.0,90.0,105.642937806,112.095456064,164.024976763,0.276723609263,0.29362548816,198,222,255,0,112.095456064,0.0,0,0
1.5,180.0,0.0,81.5521975081,83.6130216524,111.745675477,0.294507002387,0.301949194746,226,229,255,0,83.6130216524,0.0,1,0
1.5,180.0,0.5,84.0802489176,86.4471298321,117.080833473,0.29234300463,0.300572536382,222,228,255,0,86.4471298321,0.0,1,0
1.5,180.0,1.0,89.7081735453,90.433239616,120.331934676,0.298556175418,0.3009692549,232,227,255,0,90.433239616,0.0,1,0
1.5,180.0,2.0,159.736592199,141.420658833,128.062016181,0.372156155144,0.329483482303,255,186,186,0,141.420658833,0.0,1,0
1.5,180.0,3.0,254.310288711,224.815820255,141.792912005,0.40957078157,0.362069469064,255,178,147,0,224.815820255,0.0,1,0
1.5,180.0,5.0,386.550591892,368.863156651,198.262075362,0.405327032733,0.386780441954,255,196,141,0,368.863156651,0.0,0,0
1.5,180.0,8.0,451.61568105,461.687187381,307.01715951,0.370079709182,0.378332877286,255,223,174,0,461.687187381,0.0,0,0
1.5,180.0,12.0,444.44198994,469.032836078,395.135914816,0.33962887211,0.358420438899,255,242,213,0,469.032836078,0.0,0,0
1.5,180.0,20.0,363.357849615,389.119567823,416.277398434,0.310893135738,0.332935156748,248,255,251,0,389.119567823,0.0,0,0
1.5,180.0,30.0,276.966242656,296.893205471,361.196524645,0.296202848515,0.317513832451,228,244,255,0,296.893205471,0.0,0,0
1.5,180.0,45.0,192.076967628,205.345191594,273.788685788,0.2861648751,0.305932469835,212,233,255,0,205.345191594,0.0,0,0
1.5,180.0,60.0,141.196029556,150.503861729,210.946809103,0.280905115754,0.299422758794,204,227,255,0,150.503861729,0.0,0,0
1.5,180.0,90.0,105.642937806,112.095456063,164.024976762,0.276723609263,0.29362548816,198,222,255,0,112.095456063,0.0,0,0
2.0,0.0,0.0,265.91424021,220.71715571,142.352712146,0.422767820045,0.350910544288,255,162,141,0,220.71715571,0.0,1,0
2.0,0.0,0.5,531.447602099,423.689617218,158.318491779,0.477295681187,0.380517709861,255,146,94,0,423.689617218,0.0,1,0
2.0,0.0,1.0,747.371803086,617.374105809,187.398778049,0.481509107606,0.397755512744,255,153,81,0,617.374105809,0.0,1,0
2.0,0.0,2.0,1015.77974328,904.050741798,275.28709063,0.462745027657,0.411846158858,255,171,86,0,904.050741798,0.0,1,0
2.0,0.0,3.0,1073.42919396,1010.73373797,375.185704005,0.436468900046,0.410976192316,255,188,106,0,1010.73373797,0.0,1,0
2.0,0.0,5.0,1011.88709786,1010.65252468,531.930067098,0.396124135654,0.395640836443,255,210,145,0,1010.65252468,0.0,0,0
2.0,0.0,8.0,824.87217439,851.335156906,611.651923935,0.360543233813,0.372109934193,255,228,186,0,851.335156906,0.0,0,0
2.0,0.0,12.0,640.238439986,667.057609962,587.477394781,0.337897093591,0.352051382089,255,239,216,0,667.057609962,0.0,0,0
2.0,0.0,20.0,413.337208127,432.203836618,460.697325573,0.316433215804,0.330876696351,255,251,249,0,432.203836618,0.0,0,0
2.0,0.0,30.0,264.225557182,277.507805906,335.565499526,0.301180781649,0.316320717753,236,242,255,0,277.507805906,0.0,0,0
2.0,0.0,45.0,160.163924989,168.399125943,221.691542155,0.291072399942,0.306038564801,220,233,255,0,168.399125943,0.0,0,0
2.0,0.0,60.0,109.730882498,115.374218946,158.990460935,0.285686410482,0.30037894276,212,228,255,0,115.374218946,0.0,0,0
2.0,0.0,90.0,76.8887359952,80.8188499059,114.646219372,0.282311957852,0.296742135932,207,225,255,0,80.8188499059,0.0,0,0
2.0,90.0,0.0,77.7801620768,75.724559209,90.1562905552,0.319214639589,0.310778317125,255,228,247,0,75.724559209,0.0,1,0
2.0,90.0,0.5,98.8989922185,91.8836029716,94.7443924973,0.346373535544,0.321803566506,255,205,212,0,91.8836029716,0.0,1,0
2.0,90.0,1.0,128.60837237,116.521663443,100.644001803,0.371943403434,0.33698789026,255,191,184,0,116.521663443,0.0,1,0
2.0,90.0,2.0,189.896781612,174.289713315,116.742997187,0.394853683806,0.362401799375,255,189,158,0,174.289713315,0.0,1,0
2.0,90.0,3.0,233.977254967,222.598519643,139.736558309,0.392373664019,0.373291826036,255,198,156,0,222.598519643,0.0,1,0
2.0,90.0,5.0,270.183652072,271.157881923,188.708160536,0.370089398154,0.371423868751,255,218,176,0,271.157881923,0.0,0,0
2.0,90.0,8.0,265.318657624,275.624630479,234.466471497,0.34216574442,0.355456746664,255,237,210,0,275.624630479,0.0,0,0
2.0,90.0,12.0,234.500590788,247.007731886,249.006376379,0.321007354256,0.338128352798,255,251,241,0,247.007731886,0.0,0,0
2.0,90.0,20.0,180.379954849,190.71810219,226.792273691,0.301694049189,0.318985092061,237,245,255,0,190.71810219,0.0,0,0
2.0,90.0,30.0,138.477213141,146.182647145,189.646003223,0.291957624383,0.308203331208,221,235,255,0,146.182647145,0.0,0,0
2.0,90.0,45.0,104.860230695,110.449143809,151.220577936,0.286089117675,0.301337293375,212,229,255,0,110.449143809,0.0,0,0
2.0,90.0,60.0,87.6780572275,92.23079081,129.213877075,0.283635107045,0.298363023218,209,226,255,0,92.23079081,0.0,0,0
2.0,90.0,90.0,76.8887360853,80.8188499991,114.646219421,0.282311957943,0.296742136021,207,225,255,0,80.8188499991,0.0,0,0
2.0,180.0,0.0,53.6183172639,54.5514754473,76.0720286927,0.291021424209,0.296086279606,220,223,255,0,54.5514754473,0.0,1,0
2.0,180.0,0.5,55.3139869505,56.4125319519,79.752476996,0.288877569527,0.294614726212,217,222,255,0,56.4125319519,0.0,1,0
2.0,180.0,1.0,56.0477383552,57.3241779312,81.922694272,0.286990706988,0.293526676273,214,221,255,0,57.3241779312,0.0,1,0
2.0,180.0,2.0,73.5850312609,69.2583761881,86.3378793464,0.321077834451,0.302199089448,255,218,245,0,69.2583761881,0.0,1,0
2.0,180.0,3.0,126.278848061,109.838257867,90.8911504815,0.386164097039,0.335888332219,255,179,172,0,109.838257867,0.0,1,0
2.0,180.0,5.0,223.344340142,203.921538257,115.677215011,0.41135865407,0.37558547246,255,185,140,0,203.921538257,0.0,0,0
2.0,180.0,8.0,285.836426467,282.160430427,178.19243771,0.383061548234,0.378135189646,255,210,162,0,282.160430427,0.0,0,0
2.0,180.0,12.0,294.11727027,302.932462495,241.281692414,0.350836508612,0.361351672378,255,231,199,0,302.932462495,0.0,0,0
2.0,180.0,20.0,252.144926573,265.38699441,269.802372089,0.320251421527,0.337070284814,255,251,243,0,265.38699441,0.0,0,0
2.0,180.0,30.0,195.897838414,207.184186904,241.485024417,0.303921583478,0.321431551596,240,247,255,0,207.184186904,0.0,0,0
2.0,180.0,45.0,138.700053069,146.487593135,187.240868071,0.293589503762,0.310073563954,224,237,255,0,146.487593135,0.0,0,0
2.0,180.0,60.0,102.654044934,108.235384864,146.024059399,0.287616041537,0.303253836406,215,230,255,0,108.235384864,0.0,0,0
2.0,180.0,90.0,76.8887360869,80.8188500009,114.646219423,0.282311957943,0.296742136022,207,225,255,0,80.8188500009,0.0,0,0
2.5,0.0,0.0,195.005855424,159.631632305,101.936865353,0.427106459458,0.349628995206,255,158,139,0,159.631632305,0.0,1,0
2.5,0.0,0.5,351.852299846,279.982465417,111.788775893,0.473159173121,0.376511030005,255,146,98,0,279.982465417,0.0,1,0
2.5,0.0,1.0,498.157916629,409.22771718,130.934488529,0.479772958177,0.394124806383,255,152,85,0,409.22771718,0.0,1,0
2.5,0.0,2.0,655.304280588,583.575746694,190.30315187,0.458516647934,0.408328166191,255,172,91,0,583.575746694,0.0,1,0
2.5,0.0,3.0,710.622393656,668.931738453,261.866970282,0.432931191527,0.407532069302,255,188,110,0,668.931738453,0.0,1,0
2.5,0.0,5.0,681.30514929,679.200200928,372.838012519,0.393058388739,0.391844002481,255,210,149,0,679.200200928,0.0,0,0
2.5,0.0,8.0,560.956018304,576.75972426,429.400672472,0.3579542738,0.368038850672,255,228,190,0,576.75972426,0.0,0,0
2.5,0.0,12.0,428.755446595,446.131790174,410.71213591,0.333506266187,0.347022408112,255,241,223,0,446.131790174,0.0,0,0
2.5,0.0,20.0,275.836748235,288.131830355,319.165803288,0.312338364234,0.326260460772,254,252,255,0,288.131830355,0.0,0,0
2.5,0.0,30.0,181.307595417,189.168639616,230.972448196,0.301451479524,0.314521662265,236,240,255,0,189.168639616,0.0,0,0
2.5,0.0,45.0,110.051658381,114.86095723,151.167282275,0.292628398911,0.305416369966,223,232,255,0,114.86095723,0.0,0,0
2.5,0.0,60.0,75.7086723939,78.8790915513,107.677819987,0.288671777893,0.300760360428,217,228,255,0,78.8790915513,0.0,0,0
2.5,0.0,90.0,53.213061302,55.3218668561,77.0409763222,0.286745531167,0.298109105334,214,226,255,0,55.3218668561,0.0,0,0
2.5,90.0,0.0,51.4243925814,49.8905891743,61.406919537,0.316026251985,0.306600333317,255,229,252,0,49.8905891743,0.0,1,0
2.5,90.0,0.5,64.2129857539,59.5122546474,64.4575794458,0.34122661041,0.316247012856,255,206,219,0,59.5122546474,0.0,1,0
2.5,90.0,1.0,82.3450979677,74.1455307807,68.2171557806,0.366454140164,0.329964228592,255,191,191,0,74.1455307807,0.0,1,0
2.5,90.0,2.0,121.357169854,109.656468634,77.9293970667,0.392814065661,0.354940736688,255,186,162,0,109.656468634,0.0,1,0
2.5,90.0,3.0,151.364728901,141.201030318,91.9355871793,0.393665016571,0.367231562751,255,193,157,0,141.201030318,0.0,1,0
2.5,90.0,5.0,178.68804253,175.755760051,122.986883133,0.374270125228,0.368128327965,255,211,173,0,175.755760051,0.0,0,0
2.5,90.0,8.0,178.584729091,182.236925288,153.588286217,0.347164226422,0.354264004069,255,230,205,0,182.236925288,0.0,0,0
2.5,90.0,12.0,159.510061236,165.416206903,164.425598816,0.325961893696,0.33803121654,255,243,234,0,165.416206903,0.0,0,0
2.5,90.0,20.0,123.720975618,129.071229415,151.044825086,0.306363622923,0.319612169734,244,245,255,0,129.071229415,0.0,0,0
2.5,90.0,30.0,95.355419255,99.4372100244,126.849892813,0.296463970729,0.309154428268,229,235,255,0,99.4372100244,0.0,0,0
2.5,90.0,45.0,72.43228075,75.4210873365,101.488412873,0.290493957616,0.302480743685,219,229,255,0,75.4210873365,0.0,0,0
2.5,90.0,60.0,60.6227441517,63.061819626,86.7678714768,0.288059124041,0.299648799738,216,227,255,0,63.061819626,0.0,0,0
2.5,90.0,90.0,53.2130613019,55.3218668561,77.0409763221,0.286745531167,0.298109105334,214,226,255,0,55.3218668561,0.0,0,0
2.5,180.0,0.0,33.6928439722,34.0236733909,49.7560694031,0.286814523283,0.289630749842,214,218,255,0,34.0236733909,0.0,1,0
2.5,180.0,0.5,34.8036034523,35.2181430331,52.215111833,0.284722660015,0.288113941389,211,217,255,0,35.2181430331,0.0,1,0
2.5,180.0,1.0,35.310732964,35.8255049948,53.6338848508,0.283006317289,0.287132080887,209,216,255,0,35.8255049948,0.0,1,0
2.5,180.0,2.0,36.2861086064,36.7969416553,56.0136570069,0.281076949011,0.285033928702,206,214,255,0,36.7969416553,0.0,1,0
2.5,180.0,3.0,54.1702961945,49.1590323632,58.4363745924,0.334868857487,0.303890326602,255,203,228,0,49.1590323632,0.0,1,0
2.5,180.0,5.0,114.24770099,100.556694453,67.5040677834,0.404691023727,0.35619440276,255,178,152,0,100.556694453,0.0,0,0
2.5,180.0,8.0,165.814463562,157.628455876,98.5606322917,0.392921962107,0.373524002891,255,198,156,0,157.628455876,0.0,0,0
2.5,180.0,12.0,182.794133958,182.946754993,139.245533765,0.36197831414,0.362280542135,255,219,187,0,182.946754993,0.0,0,0
2.5,180.0,20.0,164.212543578,169.535423365,165.956547917,0.328619291391,0.339271346012,255,241,230,0,169.535423365,0.0,0,0
2.5,180.0,30.0,131.697035053,137.006452108,154.057036838,0.311516869663,0.324075793104,253,250,255,0,137.006452108,0.0,0,0
2.5,180.0,45.0,94.1260062339,98.1545063848,122.444423672,0.299073874931,0.311873941549,233,238,255,0,98.1545063848,0.0,0,0
2.5,180.0,60.0,70.7450453778,73.6582971985,96.8910704868,0.293189736471,0.30526316902,223,232,255,0,73.6582971985,0.0,0,0
2.5,180.0,90.0,53.2130613016,55.3218668558,77.0409763214,0.286745531167,0.298109105334,214,226,255,0,55.3218668558,0.0,0,0
3.0,0.0,0.0,138.111630655,111.508214505,70.6105319651,0.431288349015,0.348212482233,255,154,136,0,111.508214505,0.0,1,0
3.0,0.0,0.5,233.727605938,185.181490791,76.8858358687,0.471419916927,0.373504202274,255,146,101,0,185.181490791,0.0,1,0
3.0,0.0,1.0,332.911368549,271.682074251,89.7098266128,0.479489847183,0.391301735451,255,151,86,0,271.682074251,0.0,1,0
3.0,0.0,2.0,435.124127355,386.798819034,130.817034728,0.4567081638,0.405985711422,255,172,94,0,386.798819034,0.0,1,0
3.0,0.0,3.0,479.154604523,449.818953312,181.301414,0.43156390685,0.405141937559,255,188,113,0,449.818953312,0.0,1,0
3.0,0.0,5.0,448.287803106,448.880761272,259.485847278,0.387572812232,0.388085461611,255,212,155,0,448.880761272,0.0,0,0
3.0,0.0,8.0,373.538098888,384.440376595,299.201280003,0.353334517569,0.363647123018,255,230,196,0,384.440376595,0.0,0,0
3.0,0.0,12.0,286.916294481,297.839094577,283.965606396,0.330274387268,0.342847814357,255,242,228,0,297.839094577,0.0,0,0
3.0,0.0,20.0,183.383274266,190.791703753,216.987161192,0.31020808354,0.322740059111,251,249,255,0,190.791703753,0.0,0,0
3.0,0.0,30.0,120.649883168,125.044550084,154.749374834,0.301290420108,0.312264910979,236,238,255,0,125.044550084,0.0,0,0
3.0,0.0,45.0,73.3758659603,75.863281091,99.8954392153,0.29452300084,0.304507223296,226,231,255,0,75.863281091,0.0,0,0
3.0,0.0,60.0,50.3583298141,51.9044095214,70.4535527359,0.291566760785,0.300518317635,221,228,255,0,51.9044095214,0.0,0,0
3.0,0.0,90.0,35.0693704837,36.0565175202,49.8055952099,0.289993718358,0.298156580585,219,225,255,0,36.0565175202,0.0,0,0
3.0,90.0,0.0,32.6718801261,31.6031071722,40.2488747766,0.31257819485,0.302353037333,253,228,255,0,31.6031071722,0.0,1,0
3.0,90.0,0.5,40.1189812294,37.1519762955,42.23114551,0.335717784127,0.310889727896,255,208,226,0,37.1519762955,0.0,1,0
3.0,90.0,1.0,50.6682047774,45.501460505,44.6013558209,0.359933489012,0.323230307973,255,192,198,0,45.501460505,0.0,1,0
3.0,90.0,2.0,74.0505988146,66.2027921403,50.4104540132,0.388383014236,0.347222579883,255,185,167,0,66.2027921403,0.0,1,0
3.0,90.0,3.0,93.1161952059,85.5456896565,58.7583568234,0.392199900669,0.360313379555,255,190,160,0,85.5456896565,0.0,1,0
3.0,90.0,5.0,112.179401395,108.443339479,77.7780490711,0.37593533655,0.363415054963,255,206,173,0,108.443339479,0.0,0,0
3.0,90.0,8.0,114.193603565,114.649953037,97.3351778751,0.350095182471,0.351494260412,255,224,202,0,114.649953037,0.0,0,0
3.0,90.0,12.0,103.181531204,105.441071504,104.830111942,0.329177341212,0.336385893552,255,238,230,0,105.441071504,0.0,0,0
3.0,90.0,20.0,80.7713035072,83.1745497046,96.9659320465,0.309573227699,0.318784180723,249,244,255,0,83.1745497046,0.0,0,0
3.0,90.0,30.0,62.4990875181,64.3911050898,81.6573795116,0.299687437657,0.30875979248,234,235,255,0,64.3911050898,0.0,0,0
3.0,90.0,45.0,47.6437794723,49.042092705,65.5607294304,0.293650400071,0.302268843964,224,229,255,0,49.042092705,0.0,0,0
3.0,90.0,60.0,39.9151234602,41.0563184133,56.0639231369,0.291276076487,0.299603816943,221,227,255,0,41.0563184133,0.0,0,0
3.0,90.0,90.0,35.0693704851,36.0565175218,49.8055952101,0.289993718362,0.298156580591,219,225,255,0,36.0565175218,0.0,0,0
3.0,180.0,0.0,20.2712821872,20.3625823913,31.3993105337,0.281415919202,0.282683393583,207,212,255,0,20.3625823913,0.0,1,0
3.0,180.0,0.5,20.9912773817,21.1207895272,32.9944156093,0.279486892182,0.28121127257,204,211,255,0,21.1207895272,0.0,1,0
3.0,180.0,1.0,21.3535634171,21.5356236476,33.9060728079,0.278058352202,0.280429074442,202,210,255,0,21.5356236476,0.0,1,0
3.0,180.0,2.0,21.7712254321,22.0687338431,35.4588379577,0.274546729481,0.278298468743,196,209,255,0,22.0687338431,0.0,1,0
3.0,180.0,3.0,23.2676447483,23.1812740062,36.9184048751,0.279097897537,0.27806187121,203,208,255,0,23.1812740062,0.0,1,0
3.0,180.0,5.0,49.075888428,43.0109482265,39.9377957253,0.371717667706,0.325779723459,255,184,187,0,43.0109482265,0.0,0,0
3.0,180.0,8.0,85.9838166996,78.9866734742,52.8498924151,0.394746422156,0.362622967306,255,190,158,0,78.9866734742,0.0,0,0
3.0,180.0,12.0,103.563665082,100.850696656,75.9085561005,0.369444160615,0.359766149103,255,210,180,0,100.850696656,0.0,0,0
3.0,180.0,20.0,100.764032251,101.843223124,96.7563809738,0.336594094994,0.340199044769,255,231,220,0,101.843223124,0.0,0,0
3.0,180.0,30.0,83.3050212156,85.2292322932,93.5976584257,0.317798091048,0.325138712278,255,243,247,0,85.2292322932,0.0,0,0
3.0,180.0,45.0,60.8088873044,62.5365904966,76.6136758899,0.304106544672,0.31274682525,241,239,255,0,62.5365904966,0.0,0,0
3.0,180.0,60.0,46.2270218089,47.523901246,61.6196161543,0.297527588204,0.305874598157,230,232,255,0,47.523901246,0.0,0,0
3.0,180.0,90.0,35.0693704853,36.056517522,49.8055952107,0.289993718361,0.298156580591,219,225,255,0,36.056517522,0.0,0,0
3.5,0.0,0.0,91.1486166413,73.3989283103,47.4520779686,0.42994706965,0.346221975772,255,154,138,0,73.3989283103,0.0,1,0
3.5,0.0,0.5,156.084974357,122.814920417,51.5895584647,0.472284282682,0.371615248879,255,144,101,0,122.814920417,0.0,1,0
3.5,0.0,1.0,217.101188052,176.931228277,60.2074109567,0.47794397367,0.389510601337,255,151,88,0,176.931228277,0.0,1,0
3.5,0.0,2.0,295.045477267,261.125856272,89.0697952905,0.457263903499,0.404694996344,255,171,94,0,261.125856272,0.0,1,0
3.5,0.0,3.0,317.075986522,298.658327762,124.575770873,0.428301589941,0.403423286742,255,189,116,0,298.658327762,0.0,1,0
3.5,0.0,5.0,307.009546557,306.196135176,180.53347966,0.386788962281,0.385764178044,255,212,157,0,306.196135176,0.0,0,0
3.5,0.0,8.0,250.114795523,257.131101431,206.813035934,0.350271922951,0.360097870901,255,231,200,0,257.131101431,0.0,0,0
3.5,0.0,12.0,189.506882384,196.298246802,193.33137919,0.327223166979,0.338949874448,255,242,232,0,196.298246802,0.0,0,0
3.5,0.0,20.0,120.144873656,124.241153509,144.204131942,0.309181462372,0.31972285092,249,245,255,0,124.241153509,0.0,0,0
3.5,0.0,30.0,77.7538140231,80.047922006,100.721734928,0.300761140701,0.309635027371,235,236,255,0,80.047922006,0.0,0,0
3.5,0.0,45.0,47.1793834771,48.2847617818,63.8266482917,0.296183994225,0.303123367682,228,230,255,0,48.2847617818,0.0,0,0
3.5,0.0,60.0,31.9443887919,32.600816471,44.4305342197,0.293133030742,0.299156643724,224,226,255,0,32.600816471,0.0,0,0
3.5,0.0,90.0,22.0527196711,22.4233451688,30.9284926878,0.292458710643,0.297373871076,223,224,255,0,22.4233451688,0.0,0,0
3.5,90.0,0.0,20.0005474613,19.3125458197,25.4639276232,0.308759914891,0.298138839208,247,224,255,0,19.3125458197,0.0,1,0
3.5,90.0,0.5,24.176524267,22.3965069589,26.6548519146,0.33015462458,0.305846707544,255,210,233,0,22.3965069589,0.0,1,0
3.5,90.0,1.0,30.1462386022,27.0678565572,28.1872415923,0.352994926647,0.316948862708,255,194,206,0,27.0678565572,0.0,1,0
3.5,90.0,2.0,43.5118283185,38.6429951893,31.6189980053,0.382441476781,0.339647510081,255,184,174,0,38.6429951893,0.0,1,0
3.5,90.0,3.0,54.9172817062,49.876703722,36.4835278147,0.388719198446,0.353040640206,255,188,165,0,49.876703722,0.0,1,0
3.5,90.0,5.0,67.261751117,64.0735523759,47.7320159662,0.375622706143,0.35781823601,255,203,175,0,64.0735523759,0.0,0,0
3.5,90.0,8.0,69.6755363907,68.9337781545,59.6642278998,0.351411164251,0.347670078945,255,220,201,0,68.9337781545,0.0,0,0
3.5,90.0,12.0,63.6932195826,64.1984883473,64.492701566,0.331072667216,0.333699017064,255,233,228,0,64.1984883473,0.0,0,0
3.5,90.0,20.0,50.3301490713,51.1811287053,59.9484526139,0.311719516374,0.31699005431,253,243,255,0,51.1811287053,0.0,0,0
3.5,90.0,30.0,39.1107119899,39.8198852829,50.6052493129,0.301929643576,0.307404369775,237,233,255,0,39.8198852829,0.0,0,0
3.5,90.0,45.0,29.9042702234,30.4332375572,40.7053282573,0.295956362628,0.301191442665,228,228,255,0,30.4332375572,0.0,0,0
3.5,90.0,60.0,25.0996868932,25.5297072565,34.8507307333,0.293631846322,0.298662493666,224,226,255,0,25.5297072565,0.0,0,0
3.5,90.0,90.0,22.0527196711,22.4233451687,30.9284926877,0.292458710643,0.297373871076,223,224,255,0,22.4233451687,0.0,0,0
3.5,180.0,0.0,11.7885456933,11.8131218416,19.2340754879,0.275203483387,0.275777213326,198,207,255,0,11.8131218416,0.0,1,0
3.5,180.0,0.5,12.2550418944,12.2938362047,20.2419207784,0.273606236136,0.274472358448,195,206,255,0,12.2938362047,0.0,1,0
3.5,180.0,1.0,12.5180187325,12.5820387164,20.8187587309,0.272611965506,0.274006164861,194,205,255,0,12.5820387164,0.0,1,0
3.5,180.0,2.0,12.8704185592,12.9967898635,21.8189424324,0.269898457486,0.272548520492,190,204,255,0,12.9967898635,0.0,1,0
3.5,180.0,3.0,13.0125947996,13.195009841,22.6371527207,0.266407195011,0.270141782943,185,203,255,0,13.195009841,0.0,1,0
3.5,180.0,5.0,18.6507146612,17.2692256761,23.9658764431,0.311437927441,0.288369210016,251,214,255,0,17.2692256761,0.0,0,0
3.5,180.0,8.0,39.2418809667,35.252323223,28.3221959632,0.381669470126,0.342866733037,255,187,174,0,35.252323223,0.0,0,0
3.5,180.0,12.0,53.7057552705,50.9418502423,39.5222650116,0.372517191527,0.353346022002,255,203,179,0,50.9418502423,0.0,0,0
3.5,180.0,20.0,56.8216056833,56.4037632893,53.3574748657,0.341101186497,0.338592870608,255,224,215,0,56.4037632893,0.0,0,0
3.5,180.0,30.0,49.2677463554,49.6413682623,54.0199260402,0.322160827946,0.324603934274,255,237,241,0,49.6413682623,0.0,0,0
3.5,180.0,45.0,37.2055695737,37.7333751714,45.753454231,0.308267711052,0.312640858012,247,238,255,0,37.7333751714,0.0,0,0
3.5,180.0,60.0,28.5049768952,28.9785564904,37.490507554,0.300134401076,0.305120812,234,231,255,0,28.9785564904,0.0,0,0
3.5,180.0,90.0,22.0527196717,22.4233451692,30.9284926868,0.29245871065,0.297373871082,223,224,255,0,22.4233451692,0.0,0,0
4.0,0.0,0.0,58.6098132869,47.220113648,31.0632752761,0.428142612929,0.344941259941,255,154,139,0,47.220113648,0.0,1,0
4.0,0.0,0.5,99.5216853128,78.5143528195,33.7777849817,0.46985453475,0.370676246079,255,145,103,0,78.5143528195,0.0,1,0
4.0,0.0,1.0,142.289776989,115.910576657,39.6984282509,0.477644708994,0.38909382549,255,151,89,0,115.910576657,0.0,1,0
4.0,0.0,2.0,196.497670044,174.07711902,59.9859329052,0.456376209017,0.404303296,255,171,95,0,174.07711902,0.0,1,0
4.0,0.0,3.0,218.010347313,204.371925824,85.4201953542,0.429321164903,0.402463435105,255,188,116,0,204.371925824,0.0,1,0
4.0,0.0,5.0,207.219871876,206.478300201,124.707382658,0.384876920481,0.383499572738,255,212,159,0,206.478300201,0.0,0,0
4.0,0.0,8.0,166.491399484,170.78684145,141.247074323,0.347926001354,0.356902416663,255,231,203,0,170.78684145,0.0,0,0
4.0,0.0,12.0,124.461362746,128.271798795,129.34128299,0.325751602932,0.335724622862,255,242,235,0,128.271798795,0.0,0,0
4.0,0.0,20.0,76.7250271096,78.8459196628,93.4318968816,0.308129120068,0.316646663571,247,242,255,0,78.8459196628,0.0,0,0
4.0,0.0,30.0,48.793318682,49.8292041475,63.6155566182,0.300751333152,0.307136304357,235,233,255,0,49.8292041475,0.0,0,0
4.0,0.0,45.0,28.8667622796,29.3262180378,39.3965483227,0.295797742666,0.300505786291,228,227,255,0,29.3262180378,0.0,0,0
4.0,0.0,60.0,19.4400257916,19.6484190069,27.0156163969,0.294082170445,0.297234672902,225,224,255,0,19.6484190069,0.0,0,0
4.0,0.0,90.0,13.1621052504,13.2590917466,18.4585696673,0.293274814659,0.29543584408,224,223,255,0,13.2590917466,0.0,0,0
4.0,90.0,0.0,11.8456194272,11.4447741737,15.6198089127,0.30443479247,0.294132989148,241,220,255,0,11.4447741737,0.0,1,0
4.0,90.0,0.5,14.1147418108,13.1265540553,16.3568024761,0.323746730878,0.301080885507,255,213,242,0,13.1265540553,0.0,1,0
4.0,90.0,1.0,17.3161857164,15.6211907817,17.2924399655,0.344739179546,0.310994383047,255,198,216,0,15.6211907817,0.0,1,0
4.0,90.0,2.0,24.5204425591,21.7783906099,19.2896469315,0.373852885773,0.33204597174,255,186,183,0,21.7783906099,0.0,1,0
4.0,90.0,3.0,30.8947934728,27.9260401056,22.0577571646,0.381989760071,0.345283465612,255,188,173,0,27.9260401056,0.0,1,0
4.0,90.0,5.0,38.2950448081,36.1473335728,28.4793730871,0.372079218065,0.351211799811,255,201,180,0,36.1473335728,0.0,0,0
4.0,90.0,8.0,40.328022239,39.4823199885,35.42928157,0.349949270139,0.342610628944,255,217,204,0,39.4823199885,0.0,0,0
4.0,90.0,12.0,37.3083509062,37.2130582019,38.3351157904,0.330582134615,0.329737764258,255,230,229,0,37.2130582019,0.0,0,0
4.0,90.0,20.0,29.7746305549,29.9764386074,35.7307233314,0.311835689059,0.313949265347,253,239,255,0,29.9764386074,0.0,0,0
4.0,90.0,30.0,23.2352839316,23.4283378877,30.1912379731,0.302326801381,0.304838730446,238,231,255,0,23.4283378877,0.0,0,0
4.0,90.0,45.0,17.8217335708,17.9661924871,24.3140723514,0.296524808534,0.298928371146,229,226,255,0,17.9661924871,0.0,0,0
4.0,90.0,60.0,14.9697879546,15.0842492947,20.8033845387,0.294348148771,0.296598780756,226,224,255,0,15.0842492947,0.0,0,0
4.0,90.0,90.0,13.1621052503,13.2590917465,18.4585696671,0.29327481466,0.295435844081,224,223,255,0,13.2590917465,0.0,0,0
4.0,180.0,0.0,6.71812484182,6.73154596363,11.5165820795,0.269088231734,0.269625802264,189,202,255,0,6.73154596363,0.0,1,0
4.0,180.0,0.5,7.02118865102,7.03751414102,12.141000792,0.267987331555,0.26861044891,187,201,255,0,7.03751414102,0.0,1,0
4.0,180.0,1.0,7.21151997535,7.23873506125,12.5034518662,0.267552066265,0.268561763595,187,201,255,0,7.23873506125,0.0,1,0
4.0,180.0,2.0,7.49332563313,7.55343642366,13.1427820545,0.265819326611,0.267951705563,184,201,255,0,7.55343642366,0.0,1,0
4.0,180.0,3.0,7.64165162702,7.73578551913,13.680344303,0.262981247911,0.266220789521,180,200,255,0,7.73578551913,0.0,1,0
4.0,180.0,5.0,8.10648835234,8.08494548684,14.3997101007,0.26499461309,0.264290394067,183,198,255,0,8.08494548684,0.0,0,0
4.0,180.0,8.0,15.3774968806,13.9845813072,15.6404399475,0.341703031691,0.310751084309,255,201,219,0,13.9845813072,0.0,0,0
4.0,180.0,12.0,24.4194065356,22.8604650503,20.1042058105,0.36239134643,0.339256185342,255,202,192,0,22.8604650503,0.0,0,0
4.0,180.0,20.0,29.6884344731,28.997623312,28.0039531618,0.342466613498,0.334497861925,255,219,214,0,28.997623312,0.0,0,0
4.0,180.0,30.0,27.0313759418,26.9235754304,29.6750148051,0.323225958079,0.321936940323,255,233,240,0,26.9235754304,0.0,0,0
4.0,180.0,45.0,21.2690460137,21.3435402726,26.0784205987,0.309633632963,0.310718116395,249,236,255,0,21.3435402726,0.0,0,0
4.0,180.0,60.0,16.5892615789,16.7109915317,21.8321423066,0.300898617834,0.303106574732,235,229,255,0,16.7109915317,0.0,0,0
4.0,180.0,90.0,13.1621052502,13.2590917464,18.458569667,0.293274814659,0.29543584408,224,223,255,0,13.2590917464,0.0,0,0
4.5,0.0,0.0,38.2839810706,30.6104021909,19.8796003291,0.431252260202,0.344812758793,255,152,137,0,30.6104021909,0.0,1,0
4.5,0.0,0.5,67.0338653997,52.3540035235,21.7174136932,0.475062762759,0.371027948442,255,142,100,0,52.3540035235,0.0,1,0
4.5,0.0,1.0,95.8955012124,77.6648795073,25.8121747175,0.480986467782,0.389546491677,255,149,86,0,77.6648795073,0.0,1,0
4.5,0.0,2.0,135.350060384,119.123857372,40.1899307173,0.459337177211,0.404270350738,255,169,93,0,119.123857372,0.0,1,0
4.5,0.0,3.0,147.607441485,138.237736698,58.2286686997,0.428999305882,0.401767637821,255,188,116,0,138.237736698,0.0,1,0
4.5,0.0,5.0,139.980767491,139.065144582,85.480175506,0.384007543659,0.381495726426,255,211,160,0,139.065144582,0.0,0,0
4.5,0.0,8.0,109.570285585,112.119685432,95.1578902478,0.345813555906,0.353859688319,255,231,206,0,112.119685432,0.0,0,0
4.5,0.0,12.0,80.1607655762,82.2118062184,84.8644943178,0.324226325917,0.332522171983,255,241,237,0,82.2118062184,0.0,0,0
4.5,0.0,20.0,47.6996508749,48.7306301587,59.0286163217,0.306831269785,0.313463114609,245,239,255,0,48.7306301587,0.0,0,0
4.5,0.0,30.0,29.4562501989,29.9013016634,39.018253163,0.299425760138,0.303949753252,233,230,255,0,29.9013016634,0.0,0,0
4.5,0.0,45.0,17.0108974757,17.166533094,23.5468694252,0.294692139656,0.297388328582,226,224,255,0,17.166533094,0.0,0,0
4.5,0.0,60.0,11.1568240515,11.224043448,15.868817511,0.291684076573,0.293441460888,222,221,255,0,11.224043448,0.0,0,0
4.5,0.0,90.0,7.42049151636,7.43137097566,10.6147143801,0.291381584326,0.291808789732,221,219,255,0,7.43137097566,0.0,0,0
4.5,90.0,0.0,6.84510836594,6.6352935059,9.35427826929,0.299768086246,0.290579656246,234,217,255,0,6.6352935059,0.0,1,0
4.5,90.0,0.5,8.02387087707,7.52317164632,9.80203499465,0.316535024652,0.296782856929,255,219,252,0,7.52317164632,0.0,1,0
4.5,90.0,1.0,9.64872439655,8.80083117634,10.3638151715,0.334869685403,0.305442610461,255,204,227,0,8.80083117634,0.0,1,0
4.5,90.0,2.0,13.2758350959,11.8997467285,11.5100626691,0.361880928609,0.324370660317,255,191,196,0,11.8997467285,0.0,1,0
4.5,90.0,3.0,16.5719418427,15.0512693956,13.0505321184,0.37095485172,0.336915339183,255,192,185,0,15.0512693956,0.0,1,0
4.5,90.0,5.0,20.6432035999,19.4720305636,16.5937108413,0.364020236986,0.343367886001,255,203,190,0,19.4720305636,0.0,0,0
4.5,90.0,8.0,22.0516387254,21.5115975771,20.4599535764,0.344432052934,0.335996966377,255,218,212,0,21.5115975771,0.0,0,0
4.5,90.0,12.0,20.6454403359,20.4948181068,22.0928383625,0.326497378414,0.324115362718,255,230,235,0,20.4948181068,0.0,0,0
4.5,90.0,20.0,16.6491215557,16.6715581267,20.5957941795,0.308794703421,0.309210839148,248,235,255,0,16.6715581267,0.0,0,0
4.5,90.0,30.0,13.0482135233,13.0824108975,17.394014016,0.299789130753,0.300574832264,234,227,255,0,13.0824108975,0.0,0,0
4.5,90.0,45.0,10.0396545693,10.0627783526,14.012006094,0.294293409445,0.294971239243,226,222,255,0,10.0627783526,0.0,0,0
4.5,90.0,60.0,8.43623589795,8.45128891822,11.9722909853,0.292317731894,0.292839322897,223,220,255,0,8.45128891822,0.0,0,0
4.5,90.0,90.0,7.42049151635,7.43137097565,10.6147143801,0.291381584326,0.291808789732,221,219,255,0,7.43137097565,0.0,0,0
4.5,180.0,0.0,3.8056848881,3.8177896101,6.79473438228,0.263949906652,0.264789450739,182,198,255,0,3.8177896101,0.0,1,0
4.5,180.0,0.5,4.00159992839,4.01200987724,7.17580518692,0.263446612681,0.264131954997,181,198,255,0,4.01200987724,0.0,1,0
4.5,180.0,1.0,4.13617493102,4.15059191757,7.40101260231,0.263655856711,0.264574851435,181,198,255,0,4.15059191757,0.0,1,0
4.5,180.0,2.0,4.34942364079,4.3812862089,7.8060141772,0.263016038347,0.264942814657,180,199,255,0,4.3812862089,0.0,1,0
4.5,180.0,3.0,4.47819341514,4.5313077254,8.15588963814,0.26088502574,0.263979293208,177,198,255,0,4.5313077254,0.0,1,0
4.5,180.0,5.0,4.5406126573,4.61638800686,8.65666957051,0.254894841854,0.259148617104,168,195,255,0,4.61638800686,0.0,0,0
4.5,180.0,8.0,6.0919104778,5.78682085992,9.01229039416,0.291604238222,0.27700037529,222,205,255,0,5.78682085992,0.0,0,0
4.5,180.0,12.0,10.1885816628,9.54084770123,10.3837993374,0.338342386458,0.316832439186,255,210,222,0,9.54084770123,0.0,0,0
4.5,180.0,20.0,14.0609422693,13.6352526166,14.1830603412,0.335749577997,0.325584887855,255,220,223,0,13.6352526166,0.0,0,0
4.5,180.0,30.0,13.78427388,13.6275799913,15.6292847213,0.32025811423,0.316617553273,255,232,245,0,13.6275799913,0.0,0,0
4.5,180.0,45.0,11.4615766755,11.4028960958,14.2572154162,0.308756881357,0.307176118667,248,233,255,0,11.4028960958,0.0,0,0
4.5,180.0,60.0,9.13635649268,9.13725828669,12.2160330335,0.299654379373,0.299683956429,234,226,255,0,9.13725828669,0.0,0,0
4.5,180.0,90.0,7.42049151621,7.43137097551,10.6147143797,0.291381584328,0.291808789733,221,219,255,0,7.43137097551,0.0,0,0
5.0,0.0,0.0,25.253447155,19.9228507728,12.4905362643,0.437919776745,0.34548195773,255,149,133,0,19.9228507728,0.0,1,0
5.0,0.0,0.5,44.9758220528,34.7862050097,13.7422955356,0.48100259756,0.372027774151,255,140,96,0,34.7862050097,0.0,1,0
5.0,0.0,1.0,65.5754007748,52.6255286046,16.5998887782,0.486461444901,0.390394727004,255,147,82,0,52.6255286046,0.0,1,0
5.0,0.0,2.0,92.6186744175,81.1029354914,26.7860292021,0.461920926445,0.404488007794,255,168,91,0,81.1029354914,0.0,1,0
5.0,0.0,3.0,101.073472764,94.1790372213,39.5291231635,0.430499913509,0.40113460307,255,186,115,0,94.1790372213,0.0,1,0
5.0,0.0,5.0,92.8912129857,92.26654803,58.0419535097,0.381954449112,0.37938592243,255,212,163,0,92.26654803,0.0,0,0
5.0,0.0,8.0,70.9304419623,72.4633101159,63.1891499304,0.343350980515,0.350771091951,255,231,210,0,72.4633101159,0.0,0,0
5.0,0.0,12.0,49.9559852845,51.2181860226,54.6497316829,0.320592568444,0.328692742511,255,243,243,0,51.2181860226,0.0,0,0
5.0,0.0,20.0,28.353096253,28.9713915333,36.4250316917,0.302434576848,0.309029760308,238,235,255,0,28.9713915333,0.0,0,0
5.0,0.0,30.0,17.0424139118,17.2682847123,23.3065253488,0.295786793196,0.299706989014,228,226,255,0,17.2682847123,0.0,0,0
5.0,0.0,45.0,9.60065921233,9.65466586602,13.6778891591,0.291519046489,0.293158930568,221,221,255,0,9.65466586602,0.0,0,0
5.0,0.0,60.0,6.19579921668,6.20481524374,9.0559985803,0.288759423723,0.289179621777,217,217,255,0,6.20481524374,0.0,0,0
5.0,0.0,90.0,4.03853760541,4.01998141904,5.92480287653,0.288811030312,0.287484007556,218,216,255,0,4.01998141904,0.0,0,0
5.0,90.0,0.0,3.90252779885,3.80078779517,5.50564885033,0.295445401136,0.287743055952,227,215,255,0,3.80078779517,0.0,1,0
5.0,90.0,0.5,4.50306489716,4.26608437515,5.77649831657,0.309581602995,0.293289408332,248,219,255,0,4.26608437515,0.0,1,0
5.0,90.0,1.0,5.30132610118,4.90781917548,6.11120583034,0.324829169815,0.300717744569,255,212,240,0,4.90781917548,0.0,1,0
5.0,90.0,2.0,7.03914744726,6.41168996884,6.76518398895,0.348196477745,0.317158843492,255,199,211,0,6.41168996884,0.0,1,0
5.0,90.0,3.0,8.63835018466,7.94692348552,7.61062168358,0.357017174126,0.328440976014,255,199,200,0,7.94692348552,0.0,1,0
5.0,90.0,5.0,10.7103689689,10.1732324599,9.51488527517,0.35233230763,0.334662463925,255,209,203,0,10.1732324599,0.0,0,0
5.0,90.0,8.0,11.5471489163,11.2948286599,11.5816526757,0.335442509457,0.328112653351,255,222,223,0,11.2948286599,0.0,0,0
5.0,90.0,12.0,11.0765228108,10.9565500889,12.444609996,0.321266450657,0.317786729521,255,232,243,0,10.9565500889,0.0,0,0
5.0,90.0,20.0,9.01126334762,8.97963080425,11.5717072657,0.304819701769,0.303749682831,241,230,255,0,8.97963080425,0.0,0,0
5.0,90.0,30.0,7.08585654086,7.0659045231,9.75268278706,0.296424237477,0.295589580211,229,222,255,0,7.0659045231,0.0,0,0
5.0,90.0,45.0,5.46564400316,5.44673893505,7.84988803511,0.291310364877,0.290302754011,221,218,255,0,5.44673893505,0.0,0,0
5.0,90.0,60.0,4.59176661312,4.57267572052,6.69272283332,0.28957046009,0.28836653162,219,216,255,0,4.57267572052,0.0,0,0
5.0,90.0,90.0,4.03853760541,4.01998141904,5.92480287654,0.288811030312,0.287484007556,218,216,255,0,4.01998141904,0.0,0,0
5.0,180.0,0.0,2.16491124938,2.17553457639,3.97586611775,0.260321073101,0.261598481534,176,196,255,0,2.17553457639,0.0,1,0
5.0,180.0,0.5,2.29095826312,2.29866348602,4.2058591283,0.260469927119,0.26134597051,177,196,255,0,2.29866348602,0.0,1,0
5.0,180.0,1.0,2.38397056188,2.39272677041,4.34512420045,0.261348081995,0.262308000855,178,197,255,0,2.39272677041,0.0,1,0
5.0,180.0,2.0,2.53820621817,2.55657722585,4.60048983889,0.261798315953,0.263693157609,178,198,255,0,2.55657722585,0.0,1,0
5.0,180.0,3.0,2.63945580041,2.67165105997,4.82717951006,0.260345358572,0.263520970147,176,198,255,0,2.67165105997,0.0,1,0
5.0,180.0,5.0,2.71047076949,2.76161034835,5.173656043,0.254606207963,0.259409969139,167,195,255,0,2.76161034835,0.0,0,0
5.0,180.0,8.0,2.8556961174,2.84547059908,5.34778944847,0.258458452976,0.257532979279,174,193,255,0,2.84547059908,0.0,0,0
5.0,180.0,12.0,4.19490069522,3.99521532759,5.62827367844,0.30357377277,0.289123075406,239,215,255,0,3.99521532759,0.0,0,0
5.0,180.0,20.0,6.32685052135,6.11530075131,7.12539477396,0.32333387673,0.312522619686,255,224,241,0,6.11530075131,0.0,0,0
5.0,180.0,30.0,6.64073796558,6.53679046902,8.00164898389,0.313550325131,0.308642320703,255,234,255,0,6.53679046902,0.0,0,0
5.0,180.0,45.0,5.75918910088,5.71814364769,7.54093377468,0.302824081987,0.300665869873,238,227,255,0,5.71814364769,0.0,0,0
5.0,180.0,60.0,4.77388326442,4.75353142696,6.61683601366,0.295701754863,0.294441130394,228,221,255,0,4.75353142696,0.0,0,0
5.0,180.0,90.0,4.03853760499,4.01998141864,5.92480287629,0.288811030304,0.28748400755,218,216,255,0,4.01998141864,0.0,0,0
5.5,0.0,0.0,16.6095010762,12.9226710999,7.74082471115,0.44561753718,0.346703302098,255,145,128,0,12.9226710999,0.0,1,0
5.5,0.0,0.5,30.54008389,23.3176462245,8.60035963408,0.488969227412,0.373332683058,255,136,90,0,23.3176462245,0.0,1,0
5.5,0.0,1.0,44.6321872721,35.5332183014,10.5960237919,0.49175280275,0.391501307878,255,145,78,0,35.5332183014,0.0,1,0
5.5,0.0,2.0,62.8183864855,54.827317019,17.7883215028,0.463830167361,0.404826756172,255,167,89,0,54.827317019,0.0,1,0
5.5,0.0,3.0,68.0303303386,63.286406843,26.6932848288,0.430544401381,0.400521473498,255,186,116,0,63.286406843,0.0,1,0
5.5,0.0,5.0,60.8831692068,60.5376613422,39.0571639473,0.379386403712,0.377233411548,255,213,166,0,60.5376613422,0.0,0,0
5.5,0.0,8.0,45.3180827905,46.2466990837,41.4087978236,0.340805165157,0.347788629808,255,232,213,0,46.2466990837,0.0,0,0
5.5,0.0,12.0,30.6292101617,31.414546083,34.606928369,0.316906292844,0.325031800949,255,245,249,0,31.414546083,0.0,0,0
5.5,0.0,20.0,16.7399680344,17.0593283079,22.0522412388,0.299722599581,0.305440620737,234,232,255,0,17.0593283079,0.0,0,0
5.5,0.0,30.0,9.54292534964,9.68401918898,13.6309945362,0.290429820565,0.294723876836,220,222,255,0,9.68401918898,0.0,0,0
5.5,0.0,45.0,5.23604657493,5.26253353528,7.77512868654,0.286534421292,0.287983878577,214,216,255,0,5.26253353528,0.0,0,0
5.5,0.0,60.0,3.3205143074,3.31885024445,5.05516632617,0.283937367136,0.283795073019,210,213,255,0,3.31885024445,0.0,0,0
5.5,0.0,90.0,2.09326257734,2.08188574433,3.23302919717,0.282561071466,0.281025358671,208,210,255,0,2.08188574433,0.0,0,0
5.5,90.0,0.0,2.22057972023,2.17366689831,3.21065987948,0.291993033814,0.285824276587,222,214,255,0,2.17366689831,0.0,1,0
5.5,90.0,0.5,2.52744579111,2.41968591837,3.37159251232,0.303826130512,0.290872236398,240,217,255,0,2.41968591837,0.0,1,0
5.5,90.0,1.0,2.917974975,2.74398421645,3.56955804105,0.316088341874,0.297240870308,255,220,252,0,2.74398421645,0.0,1,0
5.5,90.0,2.0,3.73255602109,3.46661443645,3.9429246381,0.334995886236,0.31112770145,255,209,226,0,3.46661443645,0.0,1,0
5.5,90.0,3.0,4.47735878846,4.19302336083,4.40513000764,0.342423205663,0.320677562034,255,208,217,0,4.19302336083,0.0,1,0
5.5,90.0,5.0,5.46748503763,5.25796876622,5.41205449975,0.338806024745,0.325822838774,255,217,220,0,5.25796876622,0.0,0,0
5.5,90.0,8.0,5.98029133606,5.86894384132,6.48320077915,0.32621367669,0.320139879678,255,227,236,0,5.86894384132,0.0,0,0
5.5,90.0,12.0,5.68891519298,5.65205230993,6.90510338927,0.311788506501,0.309768187536,252,235,255,0,5.65205230993,0.0,0,0
5.5,90.0,20.0,4.6614681304,4.65335729573,6.38547508495,0.296903115141,0.296386511357,229,223,255,0,4.65335729573,0.0,0,0
5.5,90.0,30.0,3.6736136599,3.66522204785,5.36003467602,0.289286649039,0.288625833407,218,217,255,0,3.66522204785,0.0,0,0
5.5,90.0,45.0,2.83112585417,2.82053378258,4.29050641676,0.284759461764,0.283694093159,212,213,255,0,2.82053378258,0.0,0,0
5.5,90.0,60.0,2.3822701625,2.37088930874,3.66079345256,0.283133288725,0.281780671964,209,211,255,0,2.37088930874,0.0,0,0
5.5,90.0,90.0,2.09326257733,2.08188574432,3.23302919718,0.282561071466,0.28102535867,208,210,255,0,2.08188574432,0.0,0,0
5.5,180.0,0.0,1.24494215074,1.25364767906,2.32196270649,0.258257148194,0.260063067381,173,195,255,0,1.25364767906,0.0,1,0
5.5,180.0,0.5,1.32585801131,1.3317505071,2.45964509722,0.259095622555,0.260247118304,174,195,255,0,1.3317505071,0.0,1,0
5.5,180.0,1.0,1.38917721188,1.39502299032,2.54547428932,0.260649541373,0.261746377295,177,196,255,0,1.39502299032,0.0,1,0
5.5,180.0,2.0,1.49738493604,1.50895827534,2.70628549118,0.26211837212,0.264144293968,179,198,255,0,1.50895827534,0.0,1,0
5.5,180.0,3.0,1.57210125918,1.59308204209,2.85292956999,0.261228277503,0.264714550254,177,199,255,0,1.59308204209,0.0,1,0
5.5,180.0,5.0,1.63272764864,1.66805793456,3.07985879902,0.255887579817,0.261424682938,169,197,255,0,1.66805793456,0.0,0,0
5.5,180.0,8.0,1.60665562112,1.63826692433,3.21788696403,0.248600182129,0.253491445466,158,191,255,0,1.63826692433,0.0,0,0
5.5,180.0,12.0,1.88915769358,1.85039507825,3.23267852654,0.270954535605,0.265394964548,192,198,255,0,1.85039507825,0.0,0,0
5.5,180.0,20.0,2.76442946641,2.69048080765,3.67708814028,0.302719004207,0.29462125217,238,221,255,0,2.69048080765,0.0,0,0
5.5,180.0,30.0,3.05814034037,3.01338542938,4.05157597903,0.302095189425,0.297674122434,237,224,255,0,3.01338542938,0.0,0,0
5.5,180.0,45.0,2.78959510351,2.76880508661,3.90590358509,0.294749108837,0.292552431999,226,220,255,0,2.76880508661,0.0,0,0
5.5,180.0,60.0,2.40135573655,2.38530188894,3.50302800776,0.289679952026,0.28774334691,219,216,255,0,2.38530188894,0.0,0,0
5.5,180.0,90.0,2.09326257746,2.08188574447,3.23302919743,0.282561071464,0.28102535867,208,210,255,0,2.08188574447,0.0,0,0
6.0,0.0,0.0,10.935373771,8.38402984491,4.75321644815,0.454266039256,0.34828073648,255,140,122,0,8.38402984491,0.0,1,0
6.0,0.0,0.5,20.655364115,15.5872164467,5.34531893163,0.496667645317,0.374801724458,255,133,85,0,15.5872164467,0.0,1,0
6.0,0.0,1.0,30.4719214711,24.0467878346,6.74064696681,0.497424774357,0.392540654976,255,142,73,0,24.0467878346,0.0,1,0
6.0,0.0,2.0,42.3285321306,36.8576306571,11.7894313258,0.465273489479,0.405137564819,255,166,88,0,36.8576306571,0.0,1,0
6.0,0.0,3.0,44.96824944,41.9268597655,17.9448769187,0.428922695456,0.399912870227,255,187,117,0,41.9268597655,0.0,1,0
6.0,0.0,5.0,39.537175253,39.3762665674,26.0521559903,0.376667937664,0.37513497173,255,214,169,0,39.3762665674,0.0,0,0
6.0,0.0,8.0,28.2926410533,28.9777950366,26.9221302856,0.336046782647,0.344184721812,255,235,220,0,28.9777950366,0.0,0,0
6.0,0.0,12.0,18.3626609722,18.914628815,21.6123763494,0.311814655726,0.321187570857,253,247,255,0,18.914628815,0.0,0,0
6.0,0.0,20.0,9.55111090758,9.76763407403,13.1464519756,0.294195378521,0.300864771801,225,228,255,0,9.76763407403,0.0,0,0
6.0,0.0,30.0,5.28762592462,5.36837142943,7.85048962061,0.285717431507,0.290080523483,213,218,255,0,5.36837142943,0.0,0,0
6.0,0.0,45.0,2.79310656157,2.81023209905,4.35132305139,0.280582770402,0.282303123938,205,212,255,0,2.81023209905,0.0,0,0
6.0,0.0,60.0,1.72244618146,1.72523978872,2.77824252631,0.276656916704,0.277105622028,200,208,255,0,1.72523978872,0.0,0,0
6.0,0.0,90.0,1.06274132704,1.05692085484,1.73884810989,0.275427884515,0.273919407988,198,205,255,0,1.05692085484,0.0,0,0
6.0,90.0,0.0,1.26925767765,1.24802229924,1.86431560644,0.289679331082,0.284832836693,219,213,255,0,1.24802229924,0.0,1,0
6.0,90.0,0.5,1.43111045948,1.38227573961,1.96018417441,0.299798755964,0.289568526586,234,216,255,0,1.38227573961,0.0,1,0
6.0,90.0,1.0,1.62731782932,1.55121274055,2.07732391245,0.309620031299,0.295139971201,248,221,255,0,1.55121274055,0.0,1,0
6.0,90.0,2.0,2.01342739556,1.90496493452,2.29201878857,0.324201950096,0.306737331575,255,218,240,0,1.90496493452,0.0,1,0
6.0,90.0,3.0,2.3562989309,2.24760814832,2.54617257932,0.329548626509,0.314347287815,255,218,233,0,2.24760814832,0.0,1,0
6.0,90.0,5.0,2.80981296138,2.74055701255,3.07586686719,0.325728705707,0.317700181786,255,226,237,0,2.74055701255,0.0,0,0
6.0,90.0,8.0,3.04092233612,3.01327029638,3.61658643399,0.314444401554,0.31158506214,255,236,254,0,3.01327029638,0.0,0,0
6.0,90.0,12.0,2.89415285464,2.89292281496,3.80791630038,0.301631607791,0.301503411781,237,228,255,0,2.89292281496,0.0,0,0
6.0,90.0,20.0,2.37743021528,2.3805722794,3.49109444199,0.288204906978,0.288585804928,217,217,255,0,2.3805722794,0.0,0,0
6.0,90.0,30.0,1.87096169267,1.86959365053,2.91049424412,0.281303224116,0.281097535958,207,211,255,0,1.86959365053,0.0,0,0
6.0,90.0,45.0,1.4354439756,1.43082131463,2.30931690497,0.277349276171,0.276456108832,201,207,255,0,1.43082131463,0.0,0,0
6.0,90.0,60.0,1.21196773581,1.2064585349,1.97568364014,0.275816436184,0.274562666701,199,205,255,0,1.2064585349,0.0,0,0
6.0,90.0,90.0,1.06274132704,1.05692085484,1.73884810993,0.275427884512,0.273919407986,198,205,255,0,1.05692085484,0.0,0,0
6.0,180.0,0.0,0.725946499156,0.732702174802,1.36041745139,0.257513114939,0.259909538203,172,195,255,0,0.732702174802,0.0,1,0
6.0,180.0,0.5,0.77823698765,0.782635920916,1.4427953503,0.259095519404,0.260560039747,174,196,255,0,0.782635920916,0.0,1,0
6.0,180.0,1.0,0.821229760197,0.825230654017,1.49577575569,0.261352016778,0.262625280022,178,197,255,0,0.825230654017,0.0,1,0
6.0,180.0,2.0,0.89603383148,0.90383064295,1.59740120735,0.2637514741,0.26604649963,181,200,255,0,0.90383064295,0.0,1,0
6.0,180.0,3.0,0.949087312335,0.963646492997,1.69281020264,0.263229989771,0.267267988095,180,201,255,0,0.963646492997,0.0,1,0
6.0,180.0,5.0,0.997223549875,1.02254787803,1.84646811205,0.257931134263,0.264481253028,172,199,255,0,1.02254787803,0.0,0,0
6.0,180.0,8.0,0.980093629399,1.0078900544,1.9532872832,0.248674510737,0.255727165891,158,193,255,0,1.0078900544,0.0,0,0
6.0,180.0,12.0,0.983867331053,0.989567078422,1.94069639785,0.251362915417,0.252819112885,163,190,255,0,0.989567078422,0.0,0,0
6.0,180.0,20.0,1.25381490176,1.2325855127,1.98027266695,0.280704425622,0.275951584152,206,206,255,0,1.2325855127,0.0,0,0
6.0,180.0,30.0,1.410817808,1.39217420536,2.07276484955,0.289353601434,0.285529866338,218,214,255,0,1.39217420536,0.0,0,0
6.0,180.0,45.0,1.33142149388,1.32161236014,2.00622323578,0.285758323316,0.283653023361,213,212,255,0,1.32161236014,0.0,0,0
6.0,180.0,60.0,1.17010479609,1.16374344264,1.82958791551,0.281043050197,0.279515140746,206,209,255,0,1.16374344264,0.0,0,0
6.0,180.0,90.0,1.06274132704,1.05692085485,1.7388481099,0.275427884514,0.273919407989,198,205,255,0,1.05692085485,0.0,0,0
