solar_depression_deg,relative_azimuth_deg,elevation_deg,wavelength_nm,bin_left_nm,bin_right_nm,solar_I_W_m2_sr_nm,total_I_W_m2_sr_nm
-5.0,0.0,0.0,390.0,380.0,400.0,0.0111997121554,0.0111997121554
-5.0,0.0,0.0,410.0,400.0,420.0,0.026825120512,0.026825120512
-5.0,0.0,0.0,430.0,420.0,440.0,0.0385598365907,0.0385598365907
-5.0,0.0,0.0,450.0,440.0,460.0,0.0652417228346,0.0652417228346
-5.0,0.0,0.0,470.0,460.0,480.0,0.0910063902757,0.0910063902757
-5.0,0.0,0.0,490.0,480.0,500.0,0.112348214695,0.112348214695
-5.0,0.0,0.0,510.0,500.0,520.0,0.129612743786,0.129612743786
-5.0,0.0,0.0,530.0,520.0,540.0,0.147403450533,0.147403450533
-5.0,0.0,0.0,550.0,540.0,560.0,0.164895941818,0.164895941818
-5.0,0.0,0.0,570.0,560.0,580.0,0.171680302449,0.171680302449
-5.0,0.0,0.0,590.0,580.0,600.0,0.193136944804,0.193136944804
-5.0,0.0,0.0,610.0,600.0,620.0,0.201045433224,0.201045433224
-5.0,0.0,0.0,630.0,620.0,640.0,0.229867618635,0.229867618635
-5.0,0.0,0.0,650.0,640.0,660.0,0.252269196455,0.252269196455
-5.0,0.0,0.0,670.0,660.0,680.0,0.27992466133,0.27992466133
-5.0,0.0,0.0,690.0,680.0,700.0,0.29503805949,0.29503805949
-5.0,0.0,0.0,710.0,700.0,720.0,0.301887999797,0.301887999797
-5.0,0.0,0.0,730.0,720.0,740.0,0.305666814423,0.305666814423
-5.0,0.0,0.0,750.0,740.0,760.0,0.304160858513,0.304160858513
-5.0,0.0,0.0,770.0,760.0,780.0,0.303764100833,0.303764100833
-5.0,0.0,0.5,390.0,380.0,400.0,0.0114236103179,0.0114236103179
-5.0,0.0,0.5,410.0,400.0,420.0,0.0277825415095,0.0277825415095
-5.0,0.0,0.5,430.0,420.0,440.0,0.0404595548183,0.0404595548183
-5.0,0.0,0.5,450.0,440.0,460.0,0.0691453933235,0.0691453933235
-5.0,0.0,0.5,470.0,460.0,480.0,0.097170403842,0.097170403842
-5.0,0.0,0.5,490.0,480.0,500.0,0.120611208809,0.120611208809
-5.0,0.0,0.5,510.0,500.0,520.0,0.139691272177,0.139691272177
-5.0,0.0,0.5,530.0,520.0,540.0,0.159300576496,0.159300576496
-5.0,0.0,0.5,550.0,540.0,560.0,0.178533108704,0.178533108704
-5.0,0.0,0.5,570.0,560.0,580.0,0.186057765325,0.186057765325
-5.0,0.0,0.5,590.0,580.0,600.0,0.209366418499,0.209366418499
-5.0,0.0,0.5,610.0,600.0,620.0,0.217820327312,0.217820327312
-5.0,0.0,0.5,630.0,620.0,640.0,0.248726371111,0.248726371111
-5.0,0.0,0.5,650.0,640.0,660.0,0.272392594919,0.272392594919
-5.0,0.0,0.5,670.0,660.0,680.0,0.301376364059,0.301376364059
-5.0,0.0,0.5,690.0,680.0,700.0,0.316472457884,0.316472457884
-5.0,0.0,0.5,710.0,700.0,720.0,0.322368464508,0.322368464508
-5.0,0.0,0.5,730.0,720.0,740.0,0.324692581561,0.324692581561
-5.0,0.0,0.5,750.0,740.0,760.0,0.32116480644,0.32116480644
-5.0,0.0,0.5,770.0,760.0,780.0,0.318611039854,0.318611039854
-5.0,0.0,1.0,390.0,380.0,400.0,0.0120145497521,0.0120145497521
-5.0,0.0,1.0,410.0,400.0,420.0,0.0295662631612,0.0295662631612
-5.0,0.0,1.0,430.0,420.0,440.0,0.0434341949257,0.0434341949257
-5.0,0.0,1.0,450.0,440.0,460.0,0.0746522528889,0.0746522528889
-5.0,0.0,1.0,470.0,460.0,480.0,0.105257109388,0.105257109388
-5.0,0.0,1.0,490.0,480.0,500.0,0.130848468239,0.130848468239
-5.0,0.0,1.0,510.0,500.0,520.0,0.151566303658,0.151566303658
-5.0,0.0,1.0,530.0,520.0,540.0,0.172657632931,0.172657632931
-5.0,0.0,1.0,550.0,540.0,560.0,0.193093554829,0.193093554829
-5.0,0.0,1.0,570.0,560.0,580.0,0.200607991625,0.200607991625
-5.0,0.0,1.0,590.0,580.0,600.0,0.224842899276,0.224842899276
-5.0,0.0,1.0,610.0,600.0,620.0,0.232790665045,0.232790665045
-5.0,0.0,1.0,630.0,620.0,640.0,0.264337765488,0.264337765488
-5.0,0.0,1.0,650.0,640.0,660.0,0.287664840469,0.287664840469
-5.0,0.0,1.0,670.0,660.0,680.0,0.316058377401,0.316058377401
-5.0,0.0,1.0,690.0,680.0,700.0,0.329388431262,0.329388431262
-5.0,0.0,1.0,710.0,700.0,720.0,0.332830348463,0.332830348463
-5.0,0.0,1.0,730.0,720.0,740.0,0.332399709365,0.332399709365
-5.0,0.0,1.0,750.0,740.0,760.0,0.325903211547,0.325903211547
-5.0,0.0,1.0,770.0,760.0,780.0,0.320396467838,0.320396467838
-5.0,0.0,2.0,390.0,380.0,400.0,0.0134577972212,0.0134577972212
-5.0,0.0,2.0,410.0,400.0,420.0,0.033853683799,0.033853683799
-5.0,0.0,2.0,430.0,420.0,440.0,0.0503766974246,0.0503766974246
-5.0,0.0,2.0,450.0,440.0,460.0,0.0869967007217,0.0869967007217
-5.0,0.0,2.0,470.0,460.0,480.0,0.122501248705,0.122501248705
-5.0,0.0,2.0,490.0,480.0,500.0,0.151422072255,0.151422072255
-5.0,0.0,2.0,510.0,500.0,520.0,0.173842972823,0.173842972823
-5.0,0.0,2.0,530.0,520.0,540.0,0.195800982136,0.195800982136
-5.0,0.0,2.0,550.0,540.0,560.0,0.216111212715,0.216111212715
-5.0,0.0,2.0,570.0,560.0,580.0,0.221264873749,0.221264873749
-5.0,0.0,2.0,590.0,580.0,600.0,0.24415917105,0.24415917105
-5.0,0.0,2.0,610.0,600.0,620.0,0.248681874704,0.248681874704
-5.0,0.0,2.0,630.0,620.0,640.0,0.27767034081,0.27767034081
-5.0,0.0,2.0,650.0,640.0,660.0,0.297035120448,0.297035120448
-5.0,0.0,2.0,670.0,660.0,680.0,0.320748481879,0.320748481879
-5.0,0.0,2.0,690.0,680.0,700.0,0.328531098553,0.328531098553
-5.0,0.0,2.0,710.0,700.0,720.0,0.326294577703,0.326294577703
-5.0,0.0,2.0,730.0,720.0,740.0,0.320375393342,0.320375393342
-5.0,0.0,2.0,750.0,740.0,760.0,0.308905784483,0.308905784483
-5.0,0.0,2.0,770.0,760.0,780.0,0.298764409223,0.298764409223
-5.0,0.0,3.0,390.0,380.0,400.0,0.0151494010785,0.0151494010785
-5.0,0.0,3.0,410.0,400.0,420.0,0.0386521555575,0.0386521555575
-5.0,0.0,3.0,430.0,420.0,440.0,0.0576261328172,0.0576261328172
-5.0,0.0,3.0,450.0,440.0,460.0,0.098832619113,0.098832619113
-5.0,0.0,3.0,470.0,460.0,480.0,0.137476732787,0.137476732787
-5.0,0.0,3.0,490.0,480.0,500.0,0.16736329757,0.16736329757
-5.0,0.0,3.0,510.0,500.0,520.0,0.188937092513,0.188937092513
-5.0,0.0,3.0,530.0,520.0,540.0,0.209094354992,0.209094354992
-5.0,0.0,3.0,550.0,540.0,560.0,0.226728615603,0.226728615603
-5.0,0.0,3.0,570.0,560.0,580.0,0.228086114958,0.228086114958
-5.0,0.0,3.0,590.0,580.0,600.0,0.247411714405,0.247411714405
-5.0,0.0,3.0,610.0,600.0,620.0,0.247835743116,0.247835743116
-5.0,0.0,3.0,630.0,620.0,640.0,0.272341598328,0.272341598328
-5.0,0.0,3.0,650.0,640.0,660.0,0.286902616522,0.286902616522
-5.0,0.0,3.0,670.0,660.0,680.0,0.305290625239,0.305290625239
-5.0,0.0,3.0,690.0,680.0,700.0,0.308345507393,0.308345507393
-5.0,0.0,3.0,710.0,700.0,720.0,0.30218443811,0.30218443811
-5.0,0.0,3.0,730.0,720.0,740.0,0.292959227777,0.292959227777
-5.0,0.0,3.0,750.0,740.0,760.0,0.279084756835,0.279084756835
-5.0,0.0,3.0,770.0,760.0,780.0,0.266854874419,0.266854874419
-5.0,0.0,5.0,390.0,380.0,400.0,0.0187254993567,0.0187254993567
-5.0,0.0,5.0,410.0,400.0,420.0,0.0475685304913,0.0475685304913
-5.0,0.0,5.0,430.0,420.0,440.0,0.0692111314034,0.0692111314034
-5.0,0.0,5.0,450.0,440.0,460.0,0.114765663487,0.114765663487
-5.0,0.0,5.0,470.0,460.0,480.0,0.153903297705,0.153903297705
-5.0,0.0,5.0,490.0,480.0,500.0,0.180670804238,0.180670804238
-5.0,0.0,5.0,510.0,500.0,520.0,0.196992212085,0.196992212085
-5.0,0.0,5.0,530.0,520.0,540.0,0.211006774012,0.211006774012
-5.0,0.0,5.0,550.0,540.0,560.0,0.221966502933,0.221966502933
-5.0,0.0,5.0,570.0,560.0,580.0,0.217099029674,0.217099029674
-5.0,0.0,5.0,590.0,580.0,600.0,0.229466504408,0.229466504408
-5.0,0.0,5.0,610.0,600.0,620.0,0.224407438518,0.224407438518
-5.0,0.0,5.0,630.0,620.0,640.0,0.241197816104,0.241197816104
-5.0,0.0,5.0,650.0,640.0,660.0,0.248936892817,0.248936892817
-5.0,0.0,5.0,670.0,660.0,680.0,0.259897327458,0.259897327458
-5.0,0.0,5.0,690.0,680.0,700.0,0.25790043632,0.25790043632
-5.0,0.0,5.0,710.0,700.0,720.0,0.248630590418,0.248630590418
-5.0,0.0,5.0,730.0,720.0,740.0,0.237385969462,0.237385969462
-5.0,0.0,5.0,750.0,740.0,760.0,0.222948595545,0.222948595545
-5.0,0.0,5.0,770.0,760.0,780.0,0.210372689785,0.210372689785
-5.0,0.0,8.0,390.0,380.0,400.0,0.0228290316087,0.0228290316087
-5.0,0.0,8.0,410.0,400.0,420.0,0.0552326784409,0.0552326784409
-5.0,0.0,8.0,430.0,420.0,440.0,0.0760058840414,0.0760058840414
-5.0,0.0,8.0,450.0,440.0,460.0,0.119503835243,0.119503835243
-5.0,0.0,8.0,470.0,460.0,480.0,0.152817032994,0.152817032994
-5.0,0.0,8.0,490.0,480.0,500.0,0.172085724481,0.172085724481
-5.0,0.0,8.0,510.0,500.0,520.0,0.180955816068,0.180955816068
-5.0,0.0,8.0,530.0,520.0,540.0,0.187794981849,0.187794981849
-5.0,0.0,8.0,550.0,540.0,560.0,0.192139676263,0.192139676263
-5.0,0.0,8.0,570.0,560.0,580.0,0.183377312021,0.183377312021
-5.0,0.0,8.0,590.0,580.0,600.0,0.189648805816,0.189648805816
-5.0,0.0,8.0,610.0,600.0,620.0,0.181897724813,0.181897724813
-5.0,0.0,8.0,630.0,620.0,640.0,0.192121274634,0.192121274634
-5.0,0.0,8.0,650.0,640.0,660.0,0.195187495491,0.195187495491
-5.0,0.0,8.0,670.0,660.0,680.0,0.200894616137,0.200894616137
-5.0,0.0,8.0,690.0,680.0,700.0,0.196783802689,0.196783802689
-5.0,0.0,8.0,710.0,700.0,720.0,0.18748182358,0.18748182358
-5.0,0.0,8.0,730.0,720.0,740.0,0.177078519519,0.177078519519
-5.0,0.0,8.0,750.0,740.0,760.0,0.164668982155,0.164668982155
-5.0,0.0,8.0,770.0,760.0,780.0,0.153971576249,0.153971576249
-5.0,0.0,12.0,390.0,380.0,400.0,0.025282728731,0.025282728731
-5.0,0.0,12.0,410.0,400.0,420.0,0.0568553956501,0.0568553956501
-5.0,0.0,12.0,430.0,420.0,440.0,0.0733931259472,0.0733931259472
-5.0,0.0,12.0,450.0,440.0,460.0,0.109489479293,0.109489479293
-5.0,0.0,12.0,470.0,460.0,480.0,0.13419408662,0.13419408662
-5.0,0.0,12.0,490.0,480.0,500.0,0.146004596923,0.146004596923
-5.0,0.0,12.0,510.0,500.0,520.0,0.149267279989,0.149267279989
-5.0,0.0,12.0,530.0,520.0,540.0,0.151335143761,0.151335143761
-5.0,0.0,12.0,550.0,540.0,560.0,0.151823391101,0.151823391101
-5.0,0.0,12.0,570.0,560.0,580.0,0.142504660431,0.142504660431
-5.0,0.0,12.0,590.0,580.0,600.0,0.145269706699,0.145269706699
-5.0,0.0,12.0,610.0,600.0,620.0,0.13760706141,0.13760706141
-5.0,0.0,12.0,630.0,620.0,640.0,0.143755408301,0.143755408301
-5.0,0.0,12.0,650.0,640.0,660.0,0.144648261343,0.144648261343
-5.0,0.0,12.0,670.0,660.0,680.0,0.147612507827,0.147612507827
-5.0,0.0,12.0,690.0,680.0,700.0,0.143498599304,0.143498599304
-5.0,0.0,12.0,710.0,700.0,720.0,0.135790423137,0.135790423137
-5.0,0.0,12.0,730.0,720.0,740.0,0.127475643995,0.127475643995
-5.0,0.0,12.0,750.0,740.0,760.0,0.117892202521,0.117892202521
-5.0,0.0,12.0,770.0,760.0,780.0,0.109685852584,0.109685852584
-5.0,0.0,20.0,390.0,380.0,400.0,0.023805196378,0.023805196378
-5.0,0.0,20.0,410.0,400.0,420.0,0.0480519481174,0.0480519481174
-5.0,0.0,20.0,430.0,420.0,440.0,0.0568868385522,0.0568868385522
-5.0,0.0,20.0,450.0,440.0,460.0,0.0793966854976,0.0793966854976
-5.0,0.0,20.0,470.0,460.0,480.0,0.0925119565951,0.0925119565951
-5.0,0.0,20.0,490.0,480.0,500.0,0.0968518166079,0.0968518166079
-5.0,0.0,20.0,510.0,500.0,520.0,0.0961346403831,0.0961346403831
-5.0,0.0,20.0,530.0,520.0,540.0,0.0952616131019,0.0952616131019
-5.0,0.0,20.0,550.0,540.0,560.0,0.0938614153249,0.0938614153249
-5.0,0.0,20.0,570.0,560.0,580.0,0.0868554969568,0.0868554969568
-5.0,0.0,20.0,590.0,580.0,600.0,0.0875239951896,0.0875239951896
-5.0,0.0,20.0,610.0,600.0,620.0,0.0821427141364,0.0821427141364
-5.0,0.0,20.0,630.0,620.0,640.0,0.0851594752414,0.0851594752414
-5.0,0.0,20.0,650.0,640.0,660.0,0.0851575413194,0.0851575413194
-5.0,0.0,20.0,670.0,660.0,680.0,0.0864626508079,0.0864626508079
-5.0,0.0,20.0,690.0,680.0,700.0,0.0837045365895,0.0837045365895
-5.0,0.0,20.0,710.0,700.0,720.0,0.0789388163777,0.0789388163777
-5.0,0.0,20.0,730.0,720.0,740.0,0.0738983668332,0.0738983668332
-5.0,0.0,20.0,750.0,740.0,760.0,0.0681866991973,0.0681866991973
-5.0,0.0,20.0,770.0,760.0,780.0,0.0633217514791,0.0633217514791
-5.0,0.0,30.0,390.0,380.0,400.0,0.0193941916074,0.0193941916074
-5.0,0.0,30.0,410.0,400.0,420.0,0.0357570458547,0.0357570458547
-5.0,0.0,30.0,430.0,420.0,440.0,0.0392418863533,0.0392418863533
-5.0,0.0,30.0,450.0,440.0,460.0,0.051565536795,0.051565536795
-5.0,0.0,30.0,470.0,460.0,480.0,0.0573598060285,0.0573598060285
-5.0,0.0,30.0,490.0,480.0,500.0,0.0579833551707,0.0579833551707
-5.0,0.0,30.0,510.0,500.0,520.0,0.056072003184,0.056072003184
-5.0,0.0,30.0,530.0,520.0,540.0,0.0545063406514,0.0545063406514
-5.0,0.0,30.0,550.0,540.0,560.0,0.052956008924,0.052956008924
-5.0,0.0,30.0,570.0,560.0,580.0,0.0485156647957,0.0485156647957
-5.0,0.0,30.0,590.0,580.0,600.0,0.0485417947193,0.0485417947193
-5.0,0.0,30.0,610.0,600.0,620.0,0.0453419359922,0.0453419359922
-5.0,0.0,30.0,630.0,620.0,640.0,0.0468641656035,0.0468641656035
-5.0,0.0,30.0,650.0,640.0,660.0,0.046787281651,0.046787281651
-5.0,0.0,30.0,670.0,660.0,680.0,0.0474794241484,0.0474794241484
-5.0,0.0,30.0,690.0,680.0,700.0,0.0459795603038,0.0459795603038
-5.0,0.0,30.0,710.0,700.0,720.0,0.0434037252567,0.0434037252567
-5.0,0.0,30.0,730.0,720.0,740.0,0.0406919840127,0.0406919840127
-5.0,0.0,30.0,750.0,740.0,760.0,0.0376165004682,0.0376165004682
-5.0,0.0,30.0,770.0,760.0,780.0,0.0350076615794,0.0350076615794
-5.0,0.0,45.0,390.0,380.0,400.0,0.0144376832174,0.0144376832174
-5.0,0.0,45.0,410.0,400.0,420.0,0.0245044521193,0.0245044521193
-5.0,0.0,45.0,430.0,420.0,440.0,0.0248837459226,0.0248837459226
-5.0,0.0,45.0,450.0,440.0,460.0,0.0305024510819,0.0305024510819
-5.0,0.0,45.0,470.0,460.0,480.0,0.0319602485198,0.0319602485198
-5.0,0.0,45.0,490.0,480.0,500.0,0.0307329662771,0.0307329662771
-5.0,0.0,45.0,510.0,500.0,520.0,0.0285321930311,0.0285321930311
-5.0,0.0,45.0,530.0,520.0,540.0,0.0268445928924,0.0268445928924
-5.0,0.0,45.0,550.0,540.0,560.0,0.0254169654683,0.0254169654683
-5.0,0.0,45.0,570.0,560.0,580.0,0.0228262947015,0.0228262947015
-5.0,0.0,45.0,590.0,580.0,600.0,0.0224918380935,0.0224918380935
-5.0,0.0,45.0,610.0,600.0,620.0,0.0207729116605,0.0207729116605
-5.0,0.0,45.0,630.0,620.0,640.0,0.0212953476608,0.0212953476608
-5.0,0.0,45.0,650.0,640.0,660.0,0.0211434990028,0.0211434990028
-5.0,0.0,45.0,670.0,660.0,680.0,0.021384172169,0.021384172169
-5.0,0.0,45.0,690.0,680.0,700.0,0.0206748899309,0.0206748899309
-5.0,0.0,45.0,710.0,700.0,720.0,0.0195121128213,0.0195121128213
-5.0,0.0,45.0,730.0,720.0,740.0,0.0183094593243,0.0183094593243
-5.0,0.0,45.0,750.0,740.0,760.0,0.0169562205445,0.0169562205445
-5.0,0.0,45.0,770.0,760.0,780.0,0.0158204402447,0.0158204402447
-5.0,0.0,60.0,390.0,380.0,400.0,0.0110368544499,0.0110368544499
-5.0,0.0,60.0,410.0,400.0,420.0,0.0178392311249,0.0178392311249
-5.0,0.0,60.0,430.0,420.0,440.0,0.0172512295638,0.0172512295638
-5.0,0.0,60.0,450.0,440.0,460.0,0.0201614586034,0.0201614586034
-5.0,0.0,60.0,470.0,460.0,480.0,0.0201921663349,0.0201921663349
-5.0,0.0,60.0,490.0,480.0,500.0,0.0186255364167,0.0186255364167
-5.0,0.0,60.0,510.0,500.0,520.0,0.0166578373666,0.0166578373666
-5.0,0.0,60.0,530.0,520.0,540.0,0.0151673185781,0.0151673185781
-5.0,0.0,60.0,550.0,540.0,560.0,0.0139591972325,0.0139591972325
-5.0,0.0,60.0,570.0,560.0,580.0,0.0122398448579,0.0122398448579
-5.0,0.0,60.0,590.0,580.0,600.0,0.0118181440621,0.0118181440621
-5.0,0.0,60.0,610.0,600.0,620.0,0.0107349880316,0.0107349880316
-5.0,0.0,60.0,630.0,620.0,640.0,0.0108551075826,0.0108551075826
-5.0,0.0,60.0,650.0,640.0,660.0,0.0106612048416,0.0106612048416
-5.0,0.0,60.0,670.0,660.0,680.0,0.0106922651129,0.0106922651129
-5.0,0.0,60.0,690.0,680.0,700.0,0.0102726222645,0.0102726222645
-5.0,0.0,60.0,710.0,700.0,720.0,0.0096511493824,0.0096511493824
-5.0,0.0,60.0,730.0,720.0,740.0,0.00902912168953,0.00902912168953
-5.0,0.0,60.0,750.0,740.0,760.0,0.00834744284037,0.00834744284037
-5.0,0.0,60.0,770.0,760.0,780.0,0.00778330277357,0.00778330277357
-5.0,0.0,90.0,390.0,380.0,400.0,0.00841845287923,0.00841845287923
-5.0,0.0,90.0,410.0,400.0,420.0,0.0131101778001,0.0131101778001
-5.0,0.0,90.0,430.0,420.0,440.0,0.0121952818285,0.0121952818285
-5.0,0.0,90.0,450.0,440.0,460.0,0.0136853762861,0.0136853762861
-5.0,0.0,90.0,470.0,460.0,480.0,0.0131419147431,0.0131419147431
-5.0,0.0,90.0,490.0,480.0,500.0,0.0116125427894,0.0116125427894
-5.0,0.0,90.0,510.0,500.0,520.0,0.00994639336357,0.00994639336357
-5.0,0.0,90.0,530.0,520.0,540.0,0.008677266238,0.008677266238
-5.0,0.0,90.0,550.0,540.0,560.0,0.0076607334076,0.0076607334076
-5.0,0.0,90.0,570.0,560.0,580.0,0.00645391468756,0.00645391468756
-5.0,0.0,90.0,590.0,580.0,600.0,0.0059995683739,0.0059995683739
-5.0,0.0,90.0,610.0,600.0,620.0,0.0052587336061,0.0052587336061
-5.0,0.0,90.0,630.0,620.0,640.0,0.00514382527344,0.00514382527344
-5.0,0.0,90.0,650.0,640.0,660.0,0.00489953234152,0.00489953234152
-5.0,0.0,90.0,670.0,660.0,680.0,0.00477796162003,0.00477796162003
-5.0,0.0,90.0,690.0,680.0,700.0,0.00447504989782,0.00447504989782
-5.0,0.0,90.0,710.0,700.0,720.0,0.00410892501837,0.00410892501837
-5.0,0.0,90.0,730.0,720.0,740.0,0.00376594774593,0.00376594774593
-5.0,0.0,90.0,750.0,740.0,760.0,0.00341865439463,0.00341865439463
-5.0,0.0,90.0,770.0,760.0,780.0,0.00313679389354,0.00313679389354
-5.0,90.0,0.0,390.0,380.0,400.0,0.0063217638655,0.0063217638655
-5.0,90.0,0.0,410.0,400.0,420.0,0.0113958217388,0.0113958217388
-5.0,90.0,0.0,430.0,420.0,440.0,0.0122238492744,0.0122238492744
-5.0,90.0,0.0,450.0,440.0,460.0,0.015742048752,0.015742048752
-5.0,90.0,0.0,470.0,460.0,480.0,0.0172661647167,0.0172661647167
-5.0,90.0,0.0,490.0,480.0,500.0,0.0173500155772,0.0173500155772
-5.0,90.0,0.0,510.0,500.0,520.0,0.0168238450885,0.0168238450885
-5.0,90.0,0.0,530.0,520.0,540.0,0.0165473333408,0.0165473333408
-5.0,90.0,0.0,550.0,540.0,560.0,0.0164679583503,0.0164679583503
-5.0,90.0,0.0,570.0,560.0,580.0,0.0155695250724,0.0155695250724
-5.0,90.0,0.0,590.0,580.0,600.0,0.0163100634315,0.0163100634315
-5.0,90.0,0.0,610.0,600.0,620.0,0.0160395173584,0.0160395173584
-5.0,90.0,0.0,630.0,620.0,640.0,0.0176558229373,0.0176558229373
-5.0,90.0,0.0,650.0,640.0,660.0,0.0188606526362,0.0188606526362
-5.0,90.0,0.0,670.0,660.0,680.0,0.0205514463436,0.0205514463436
-5.0,90.0,0.0,690.0,680.0,700.0,0.0214326506792,0.0214326506792
-5.0,90.0,0.0,710.0,700.0,720.0,0.0218404259715,0.0218404259715
-5.0,90.0,0.0,730.0,720.0,740.0,0.0221445462829,0.0221445462829
-5.0,90.0,0.0,750.0,740.0,760.0,0.0221630762982,0.0221630762982
-5.0,90.0,0.0,770.0,760.0,780.0,0.0223636091559,0.0223636091559
-5.0,90.0,0.5,390.0,380.0,400.0,0.00642641127666,0.00642641127666
-5.0,90.0,0.5,410.0,400.0,420.0,0.0116278189777,0.0116278189777
-5.0,90.0,0.5,430.0,420.0,440.0,0.0125278461202,0.0125278461202
-5.0,90.0,0.5,450.0,440.0,460.0,0.0162144127844,0.0162144127844
-5.0,90.0,0.5,470.0,460.0,480.0,0.017881382487,0.017881382487
-5.0,90.0,0.5,490.0,480.0,500.0,0.01807155301,0.01807155301
-5.0,90.0,0.5,510.0,500.0,520.0,0.0176263119936,0.0176263119936
-5.0,90.0,0.5,530.0,520.0,540.0,0.0174372064358,0.0174372064358
-5.0,90.0,0.5,550.0,540.0,560.0,0.0174506205491,0.0174506205491
-5.0,90.0,0.5,570.0,560.0,580.0,0.0165837786997,0.0165837786997
-5.0,90.0,0.5,590.0,580.0,600.0,0.0174553683576,0.0174553683576
-5.0,90.0,0.5,610.0,600.0,620.0,0.0172356362707,0.0172356362707
-5.0,90.0,0.5,630.0,620.0,640.0,0.0190404042391,0.0190404042391
-5.0,90.0,0.5,650.0,640.0,660.0,0.02039602656,0.02039602656
-5.0,90.0,0.5,670.0,660.0,680.0,0.0222645526198,0.0222645526198
-5.0,90.0,0.5,690.0,680.0,700.0,0.0232362131385,0.0232362131385
-5.0,90.0,0.5,710.0,700.0,720.0,0.0236687054121,0.0236687054121
-5.0,90.0,0.5,730.0,720.0,740.0,0.0239602974191,0.0239602974191
-5.0,90.0,0.5,750.0,740.0,760.0,0.0239131887812,0.0239131887812
-5.0,90.0,0.5,770.0,760.0,780.0,0.0240365198318,0.0240365198318
-5.0,90.0,1.0,390.0,380.0,400.0,0.00661027275609,0.00661027275609
-5.0,90.0,1.0,410.0,400.0,420.0,0.0120070751157,0.0120070751157
-5.0,90.0,1.0,430.0,420.0,440.0,0.0129961517418,0.0129961517418
-5.0,90.0,1.0,450.0,440.0,460.0,0.0169084158431,0.0169084158431
-5.0,90.0,1.0,470.0,460.0,480.0,0.0187521706077,0.0187521706077
-5.0,90.0,1.0,490.0,480.0,500.0,0.0190626971474,0.0190626971474
-5.0,90.0,1.0,510.0,500.0,520.0,0.0187006888311,0.0187006888311
-5.0,90.0,1.0,530.0,520.0,540.0,0.0185997645618,0.0185997645618
-5.0,90.0,1.0,550.0,540.0,560.0,0.0187021623593,0.0187021623593
-5.0,90.0,1.0,570.0,560.0,580.0,0.0178386520152,0.0178386520152
-5.0,90.0,1.0,590.0,580.0,600.0,0.0188276637706,0.0188276637706
-5.0,90.0,1.0,610.0,600.0,620.0,0.0186156276821,0.0186156276821
-5.0,90.0,1.0,630.0,620.0,640.0,0.0205721231807,0.0205721231807
-5.0,90.0,1.0,650.0,640.0,660.0,0.0220142506032,0.0220142506032
-5.0,90.0,1.0,670.0,660.0,680.0,0.0239722405648,0.0239722405648
-5.0,90.0,1.0,690.0,680.0,700.0,0.0249229958131,0.0249229958131
-5.0,90.0,1.0,710.0,700.0,720.0,0.025258075853,0.025258075853
-5.0,90.0,1.0,730.0,720.0,740.0,0.0254106929377,0.0254106929377
-5.0,90.0,1.0,750.0,740.0,760.0,0.025177943931,0.025177943931
-5.0,90.0,1.0,770.0,760.0,780.0,0.0251068938488,0.0251068938488
-5.0,90.0,2.0,390.0,380.0,400.0,0.0069827784071,0.0069827784071
-5.0,90.0,2.0,410.0,400.0,420.0,0.0128017329047,0.0128017329047
-5.0,90.0,2.0,430.0,420.0,440.0,0.0140149108704,0.0140149108704
-5.0,90.0,2.0,450.0,440.0,460.0,0.0184695552628,0.0184695552628
-5.0,90.0,2.0,470.0,460.0,480.0,0.020756172061,0.020756172061
-5.0,90.0,2.0,490.0,480.0,500.0,0.021362244154,0.021362244154
-5.0,90.0,2.0,510.0,500.0,520.0,0.0211727774448,0.0211727774448
-5.0,90.0,2.0,530.0,520.0,540.0,0.0212101583038,0.0212101583038
-5.0,90.0,2.0,550.0,540.0,560.0,0.0214073512605,0.0214073512605
-5.0,90.0,2.0,570.0,560.0,580.0,0.0204149009335,0.0204149009335
-5.0,90.0,2.0,590.0,580.0,600.0,0.021478627265,0.021478627265
-5.0,90.0,2.0,610.0,600.0,620.0,0.0210954229464,0.0210954229464
-5.0,90.0,2.0,630.0,620.0,640.0,0.0231084426486,0.0231084426486
-5.0,90.0,2.0,650.0,640.0,660.0,0.0244513907226,0.0244513907226
-5.0,90.0,2.0,670.0,660.0,680.0,0.026272139689,0.026272139689
-5.0,90.0,2.0,690.0,680.0,700.0,0.0269062419758,0.0269062419758
-5.0,90.0,2.0,710.0,700.0,720.0,0.0268277664919,0.0268277664919
-5.0,90.0,2.0,730.0,720.0,740.0,0.0265314398094,0.0265314398094
-5.0,90.0,2.0,750.0,740.0,760.0,0.0258274248703,0.0258274248703
-5.0,90.0,2.0,770.0,760.0,780.0,0.025298694051,0.025298694051
-5.0,90.0,3.0,390.0,380.0,400.0,0.00742293273523,0.00742293273523
-5.0,90.0,3.0,410.0,400.0,420.0,0.0137823805928,0.0137823805928
-5.0,90.0,3.0,430.0,420.0,440.0,0.0152992292665,0.0152992292665
-5.0,90.0,3.0,450.0,440.0,460.0,0.0204239193542,0.0204239193542
-5.0,90.0,3.0,470.0,460.0,480.0,0.0231827820976,0.0231827820976
-5.0,90.0,3.0,490.0,480.0,500.0,0.0239990969691,0.0239990969691
-5.0,90.0,3.0,510.0,500.0,520.0,0.0238141077133,0.0238141077133
-5.0,90.0,3.0,530.0,520.0,540.0,0.0237766165288,0.0237766165288
-5.0,90.0,3.0,550.0,540.0,560.0,0.0238290397236,0.0238290397236
-5.0,90.0,3.0,570.0,560.0,580.0,0.022491532154,0.022491532154
-5.0,90.0,3.0,590.0,580.0,600.0,0.0233757737831,0.0233757737831
-5.0,90.0,3.0,610.0,600.0,620.0,0.0226388216103,0.0226388216103
-5.0,90.0,3.0,630.0,620.0,640.0,0.024434219233,0.024434219233
-5.0,90.0,3.0,650.0,640.0,660.0,0.0254553115674,0.0254553115674
-5.0,90.0,3.0,670.0,660.0,680.0,0.0269185334885,0.0269185334885
-5.0,90.0,3.0,690.0,680.0,700.0,0.027130998444,0.027130998444
-5.0,90.0,3.0,710.0,700.0,720.0,0.0266275984081,0.0266275984081
-5.0,90.0,3.0,730.0,720.0,740.0,0.0259296256743,0.0259296256743
-5.0,90.0,3.0,750.0,740.0,760.0,0.0248662991905,0.0248662991905
-5.0,90.0,3.0,770.0,760.0,780.0,0.0240085185241,0.0240085185241
-5.0,90.0,5.0,390.0,380.0,400.0,0.00854299819146,0.00854299819146
-5.0,90.0,5.0,410.0,400.0,420.0,0.0162247443451,0.0162247443451
-5.0,90.0,5.0,430.0,420.0,440.0,0.0182877590264,0.0182877590264
-5.0,90.0,5.0,450.0,440.0,460.0,0.0245465901225,0.0245465901225
-5.0,90.0,5.0,470.0,460.0,480.0,0.0277415956856,0.0277415956856
-5.0,90.0,5.0,490.0,480.0,500.0,0.0283597243632,0.0283597243632
-5.0,90.0,5.0,510.0,500.0,520.0,0.0276188384397,0.0276188384397
-5.0,90.0,5.0,530.0,520.0,540.0,0.0269512124612,0.0269512124612
-5.0,90.0,5.0,550.0,540.0,560.0,0.0263329003285,0.0263329003285
-5.0,90.0,5.0,570.0,560.0,580.0,0.0242020539794,0.0242020539794
-5.0,90.0,5.0,590.0,580.0,600.0,0.0244796175775,0.0244796175775
-5.0,90.0,5.0,610.0,600.0,620.0,0.0230800314636,0.0230800314636
-5.0,90.0,5.0,630.0,620.0,640.0,0.0242577673216,0.0242577673216
-5.0,90.0,5.0,650.0,640.0,660.0,0.0246313930711,0.0246313930711
-5.0,90.0,5.0,670.0,660.0,680.0,0.0254160110291,0.0254160110291
-5.0,90.0,5.0,690.0,680.0,700.0,0.0250272646187,0.0250272646187
-5.0,90.0,5.0,710.0,700.0,720.0,0.0240289501637,0.0240289501637
-5.0,90.0,5.0,730.0,720.0,740.0,0.0229203989175,0.0229203989175
-5.0,90.0,5.0,750.0,740.0,760.0,0.0215593346947,0.0215593346947
-5.0,90.0,5.0,770.0,760.0,780.0,0.0204401115009,0.0204401115009
-5.0,90.0,8.0,390.0,380.0,400.0,0.0104056191894,0.0104056191894
-5.0,90.0,8.0,410.0,400.0,420.0,0.0196963657665,0.0196963657665
-5.0,90.0,8.0,430.0,420.0,440.0,0.0218222527151,0.0218222527151
-5.0,90.0,8.0,450.0,440.0,460.0,0.0285233863077,0.0285233863077
-5.0,90.0,8.0,470.0,460.0,480.0,0.0312311259217,0.0312311259217
-5.0,90.0,8.0,490.0,480.0,500.0,0.0308686537263,0.0308686537263
-5.0,90.0,8.0,510.0,500.0,520.0,0.0290672896904,0.0290672896904
-5.0,90.0,8.0,530.0,520.0,540.0,0.027461310226,0.027461310226
-5.0,90.0,8.0,550.0,540.0,560.0,0.0260112517594,0.0260112517594
-5.0,90.0,8.0,570.0,560.0,580.0,0.0232307090248,0.0232307090248
-5.0,90.0,8.0,590.0,580.0,600.0,0.0228522591501,0.0228522591501
-5.0,90.0,8.0,610.0,600.0,620.0,0.0210045757213,0.0210045757213
-5.0,90.0,8.0,630.0,620.0,640.0,0.021536916181,0.021536916181
-5.0,90.0,8.0,650.0,640.0,660.0,0.021375120356,0.021375120356
-5.0,90.0,8.0,670.0,660.0,680.0,0.0215992890009,0.0215992890009
-5.0,90.0,8.0,690.0,680.0,700.0,0.020865170092,0.020865170092
-5.0,90.0,8.0,710.0,700.0,720.0,0.019683901452,0.019683901452
-5.0,90.0,8.0,730.0,720.0,740.0,0.0184756283344,0.0184756283344
-5.0,90.0,8.0,750.0,740.0,760.0,0.0171245297361,0.0171245297361
-5.0,90.0,8.0,770.0,760.0,780.0,0.0160147817082,0.0160147817082
-5.0,90.0,12.0,390.0,380.0,400.0,0.0121368735574,0.0121368735574
-5.0,90.0,12.0,410.0,400.0,420.0,0.0221748000386,0.0221748000386
-5.0,90.0,12.0,430.0,420.0,440.0,0.0236255872955,0.0236255872955
-5.0,90.0,12.0,450.0,440.0,460.0,0.0297043436147,0.0297043436147
-5.0,90.0,12.0,470.0,460.0,480.0,0.0313586446982,0.0313586446982
-5.0,90.0,12.0,490.0,480.0,500.0,0.0299787407952,0.0299787407952
-5.0,90.0,12.0,510.0,500.0,520.0,0.0273994335209,0.0273994335209
-5.0,90.0,12.0,530.0,520.0,540.0,0.0252104182734,0.0252104182734
-5.0,90.0,12.0,550.0,540.0,560.0,0.0233108636993,0.0233108636993
-5.0,90.0,12.0,570.0,560.0,580.0,0.0203853145984,0.0203853145984
-5.0,90.0,12.0,590.0,580.0,600.0,0.0196503327753,0.0196503327753
-5.0,90.0,12.0,610.0,600.0,620.0,0.0177420124983,0.0177420124983
-5.0,90.0,12.0,630.0,620.0,640.0,0.0178765506502,0.0178765506502
-5.0,90.0,12.0,650.0,640.0,660.0,0.0174648520492,0.0174648520492
-5.0,90.0,12.0,670.0,660.0,680.0,0.0174004291021,0.0174004291021
-5.0,90.0,12.0,690.0,680.0,700.0,0.0165968458315,0.0165968458315
-5.0,90.0,12.0,710.0,700.0,720.0,0.0154786567312,0.0154786567312
-5.0,90.0,12.0,730.0,720.0,740.0,0.014378478584,0.014378478584
-5.0,90.0,12.0,750.0,740.0,760.0,0.013202906969,0.013202906969
-5.0,90.0,12.0,770.0,760.0,780.0,0.0122407866129,0.0122407866129
-5.0,90.0,20.0,390.0,380.0,400.0,0.0129663591347,0.0129663591347
-5.0,90.0,20.0,410.0,400.0,420.0,0.0223175144273,0.0223175144273
-5.0,90.0,20.0,430.0,420.0,440.0,0.0225343829626,0.0225343829626
-5.0,90.0,20.0,450.0,440.0,460.0,0.0270353626896,0.0270353626896
-5.0,90.0,20.0,470.0,460.0,480.0,0.0274123683456,0.0274123683456
-5.0,90.0,20.0,490.0,480.0,500.0,0.0253156171858,0.0253156171858
-5.0,90.0,20.0,510.0,500.0,520.0,0.0224661541205,0.0224661541205
-5.0,90.0,20.0,530.0,520.0,540.0,0.020160109346,0.020160109346
-5.0,90.0,20.0,550.0,540.0,560.0,0.0182300102286,0.0182300102286
-5.0,90.0,20.0,570.0,560.0,580.0,0.0156440760164,0.0156440760164
-5.0,90.0,20.0,590.0,580.0,600.0,0.0148066677921,0.0148066677921
-5.0,90.0,20.0,610.0,600.0,620.0,0.0131602996006,0.0131602996006
-5.0,90.0,20.0,630.0,620.0,640.0,0.0130553283318,0.0130553283318
-5.0,90.0,20.0,650.0,640.0,660.0,0.0125792996582,0.0125792996582
-5.0,90.0,20.0,670.0,660.0,680.0,0.0123804025696,0.0123804025696
-5.0,90.0,20.0,690.0,680.0,700.0,0.0116808122302,0.0116808122302
-5.0,90.0,20.0,710.0,700.0,720.0,0.0107882295081,0.0107882295081
-5.0,90.0,20.0,730.0,720.0,740.0,0.00993412827294,0.00993412827294
-5.0,90.0,20.0,750.0,740.0,760.0,0.00905083743841,0.00905083743841
-5.0,90.0,20.0,770.0,760.0,780.0,0.00833076013,0.00833076013
-5.0,90.0,30.0,390.0,380.0,400.0,0.0121676463816,0.0121676463816
-5.0,90.0,30.0,410.0,400.0,420.0,0.0201098579058,0.0201098579058
-5.0,90.0,30.0,430.0,420.0,440.0,0.019631272848,0.019631272848
-5.0,90.0,30.0,450.0,440.0,460.0,0.0229052532411,0.0229052532411
-5.0,90.0,30.0,470.0,460.0,480.0,0.0226965904926,0.0226965904926
-5.0,90.0,30.0,490.0,480.0,500.0,0.0205650765948,0.0205650765948
-5.0,90.0,30.0,510.0,500.0,520.0,0.0179651145094,0.0179651145094
-5.0,90.0,30.0,530.0,520.0,540.0,0.0159121582543,0.0159121582543
-5.0,90.0,30.0,550.0,540.0,560.0,0.0142249773055,0.0142249773055
-5.0,90.0,30.0,570.0,560.0,580.0,0.0120922294694,0.0120922294694
-5.0,90.0,30.0,590.0,580.0,600.0,0.0113397462451,0.0113397462451
-5.0,90.0,30.0,610.0,600.0,620.0,0.010000684498,0.010000684498
-5.0,90.0,30.0,630.0,620.0,640.0,0.00984384394036,0.00984384394036
-5.0,90.0,30.0,650.0,640.0,660.0,0.00942002294452,0.00942002294452
-5.0,90.0,30.0,670.0,660.0,680.0,0.00921555826623,0.00921555826623
-5.0,90.0,30.0,690.0,680.0,700.0,0.00864887837194,0.00864887837194
-5.0,90.0,30.0,710.0,700.0,720.0,0.00795044623574,0.00795044623574
-5.0,90.0,30.0,730.0,720.0,740.0,0.00729025825971,0.00729025825971
-5.0,90.0,30.0,750.0,740.0,760.0,0.00661722168153,0.00661722168153
-5.0,90.0,30.0,770.0,760.0,780.0,0.00606967209361,0.00606967209361
-5.0,90.0,45.0,390.0,380.0,400.0,0.010622968218,0.010622968218
-5.0,90.0,45.0,410.0,400.0,420.0,0.0170574408627,0.0170574408627
-5.0,90.0,45.0,430.0,420.0,440.0,0.0162690233565,0.0162690233565
-5.0,90.0,45.0,450.0,440.0,460.0,0.0186310271967,0.0186310271967
-5.0,90.0,45.0,470.0,460.0,480.0,0.0181853065105,0.0181853065105
-5.0,90.0,45.0,490.0,480.0,500.0,0.0162776406237,0.0162776406237
-5.0,90.0,45.0,510.0,500.0,520.0,0.0140801523477,0.0140801523477
-5.0,90.0,45.0,530.0,520.0,540.0,0.0123720189793,0.0123720189793
-5.0,90.0,45.0,550.0,540.0,560.0,0.0109840523006,0.0109840523006
-5.0,90.0,45.0,570.0,560.0,580.0,0.00928542524872,0.00928542524872
-5.0,90.0,45.0,590.0,580.0,600.0,0.00866010290497,0.00866010290497
-5.0,90.0,45.0,610.0,600.0,620.0,0.00760310385445,0.00760310385445
-5.0,90.0,45.0,630.0,620.0,640.0,0.00744973099186,0.00744973099186
-5.0,90.0,45.0,650.0,640.0,660.0,0.00710075148787,0.00710075148787
-5.0,90.0,45.0,670.0,660.0,680.0,0.0069229020574,0.0069229020574
-5.0,90.0,45.0,690.0,680.0,700.0,0.00647787731132,0.00647787731132
-5.0,90.0,45.0,710.0,700.0,720.0,0.00593917142886,0.00593917142886
-5.0,90.0,45.0,730.0,720.0,740.0,0.00543335645138,0.00543335645138
-5.0,90.0,45.0,750.0,740.0,760.0,0.00492165558512,0.00492165558512
-5.0,90.0,45.0,770.0,760.0,780.0,0.00450583709722,0.00450583709722
-5.0,90.0,60.0,390.0,380.0,400.0,0.0093766851339,0.0093766851339
-5.0,90.0,60.0,410.0,400.0,420.0,0.0147967416908,0.0147967416908
-5.0,90.0,60.0,430.0,420.0,440.0,0.0139193106734,0.0139193106734
-5.0,90.0,60.0,450.0,440.0,460.0,0.0157678933651,0.0157678933651
-5.0,90.0,60.0,470.0,460.0,480.0,0.015260392522,0.015260392522
-5.0,90.0,60.0,490.0,480.0,500.0,0.0135699185499,0.0135699185499
-5.0,90.0,60.0,510.0,500.0,520.0,0.0116798041468,0.0116798041468
-5.0,90.0,60.0,530.0,520.0,540.0,0.0102256662234,0.0102256662234
-5.0,90.0,60.0,550.0,540.0,560.0,0.00905201149972,0.00905201149972
-5.0,90.0,60.0,570.0,560.0,580.0,0.00763752270493,0.00763752270493
-5.0,90.0,60.0,590.0,580.0,600.0,0.00710921564185,0.00710921564185
-5.0,90.0,60.0,610.0,600.0,620.0,0.00623384180807,0.00623384180807
-5.0,90.0,60.0,630.0,620.0,640.0,0.00609975140962,0.00609975140962
-5.0,90.0,60.0,650.0,640.0,660.0,0.00580866621285,0.00580866621285
-5.0,90.0,60.0,670.0,660.0,680.0,0.00566025109281,0.00566025109281
-5.0,90.0,60.0,690.0,680.0,700.0,0.00529530138948,0.00529530138948
-5.0,90.0,60.0,710.0,700.0,720.0,0.00485507582874,0.00485507582874
-5.0,90.0,60.0,730.0,720.0,740.0,0.00444251176165,0.00444251176165
-5.0,90.0,60.0,750.0,740.0,760.0,0.00402558703946,0.00402558703946
-5.0,90.0,60.0,770.0,760.0,780.0,0.00368697665113,0.00368697665113
-5.0,90.0,90.0,390.0,380.0,400.0,0.00841845287924,0.00841845287924
-5.0,90.0,90.0,410.0,400.0,420.0,0.0131101778001,0.0131101778001
-5.0,90.0,90.0,430.0,420.0,440.0,0.0121952818285,0.0121952818285
-5.0,90.0,90.0,450.0,440.0,460.0,0.0136853762861,0.0136853762861
-5.0,90.0,90.0,470.0,460.0,480.0,0.0131419147431,0.0131419147431
-5.0,90.0,90.0,490.0,480.0,500.0,0.0116125427894,0.0116125427894
-5.0,90.0,90.0,510.0,500.0,520.0,0.00994639336358,0.00994639336358
-5.0,90.0,90.0,530.0,520.0,540.0,0.00867726623801,0.00867726623801
-5.0,90.0,90.0,550.0,540.0,560.0,0.00766073340761,0.00766073340761
-5.0,90.0,90.0,570.0,560.0,580.0,0.00645391468757,0.00645391468757
-5.0,90.0,90.0,590.0,580.0,600.0,0.0059995683739,0.0059995683739
-5.0,90.0,90.0,610.0,600.0,620.0,0.00525873360611,0.00525873360611
-5.0,90.0,90.0,630.0,620.0,640.0,0.00514382527345,0.00514382527345
-5.0,90.0,90.0,650.0,640.0,660.0,0.00489953234152,0.00489953234152
-5.0,90.0,90.0,670.0,660.0,680.0,0.00477796162004,0.00477796162004
-5.0,90.0,90.0,690.0,680.0,700.0,0.00447504989782,0.00447504989782
-5.0,90.0,90.0,710.0,700.0,720.0,0.00410892501838,0.00410892501838
-5.0,90.0,90.0,730.0,720.0,740.0,0.00376594774593,0.00376594774593
-5.0,90.0,90.0,750.0,740.0,760.0,0.00341865439463,0.00341865439463
-5.0,90.0,90.0,770.0,760.0,780.0,0.00313679389354,0.00313679389354
-5.0,180.0,0.0,390.0,380.0,400.0,0.006566016638,0.006566016638
-5.0,180.0,0.0,410.0,400.0,420.0,0.0119497166494,0.0119497166494
-5.0,180.0,0.0,430.0,420.0,440.0,0.0129165739625,0.0129165739625
-5.0,180.0,0.0,450.0,440.0,460.0,0.0166984623637,0.0166984623637
-5.0,180.0,0.0,470.0,460.0,480.0,0.0182982557035,0.0182982557035
-5.0,180.0,0.0,490.0,480.0,500.0,0.0182763078049,0.0182763078049
-5.0,180.0,0.0,510.0,500.0,520.0,0.0175258437093,0.0175258437093
-5.0,180.0,0.0,530.0,520.0,540.0,0.0169690560575,0.0169690560575
-5.0,180.0,0.0,550.0,540.0,560.0,0.0165833560745,0.0165833560745
-5.0,180.0,0.0,570.0,560.0,580.0,0.0153465834129,0.0153465834129
-5.0,180.0,0.0,590.0,580.0,600.0,0.0157514841175,0.0157514841175
-5.0,180.0,0.0,610.0,600.0,620.0,0.0151543426617,0.0151543426617
-5.0,180.0,0.0,630.0,620.0,640.0,0.0163611033349,0.0163611033349
-5.0,180.0,0.0,650.0,640.0,660.0,0.0171502577088,0.0171502577088
-5.0,180.0,0.0,670.0,660.0,680.0,0.0183502283784,0.0183502283784
-5.0,180.0,0.0,690.0,680.0,700.0,0.0188123066388,0.0188123066388
-5.0,180.0,0.0,710.0,700.0,720.0,0.018872008719,0.018872008719
-5.0,180.0,0.0,730.0,720.0,740.0,0.0188675961889,0.0188675961889
-5.0,180.0,0.0,750.0,740.0,760.0,0.0186480242211,0.0186480242211
-5.0,180.0,0.0,770.0,760.0,780.0,0.0186243061624,0.0186243061624
-5.0,180.0,0.5,390.0,380.0,400.0,0.00674931679214,0.00674931679214
-5.0,180.0,0.5,410.0,400.0,420.0,0.0123101242177,0.0123101242177
-5.0,180.0,0.5,430.0,420.0,440.0,0.0133438601246,0.0133438601246
-5.0,180.0,0.5,450.0,440.0,460.0,0.0173108717545,0.0173108717545
-5.0,180.0,0.5,470.0,460.0,480.0,0.0190465466276,0.0190465466276
-5.0,180.0,0.5,490.0,480.0,500.0,0.019111693146,0.019111693146
-5.0,180.0,0.5,510.0,500.0,520.0,0.0184210257071,0.0184210257071
-5.0,180.0,0.5,530.0,520.0,540.0,0.0179343939234,0.0179343939234
-5.0,180.0,0.5,550.0,540.0,560.0,0.0176278182702,0.0176278182702
-5.0,180.0,0.5,570.0,560.0,580.0,0.0164085942761,0.0164085942761
-5.0,180.0,0.5,590.0,580.0,600.0,0.0169447703417,0.0169447703417
-5.0,180.0,0.5,610.0,600.0,620.0,0.016399848245,0.016399848245
-5.0,180.0,0.5,630.0,620.0,640.0,0.017822222622,0.017822222622
-5.0,180.0,0.5,650.0,640.0,660.0,0.0188032038472,0.0188032038472
-5.0,180.0,0.5,670.0,660.0,680.0,0.0202397432306,0.0202397432306
-5.0,180.0,0.5,690.0,680.0,700.0,0.0208571620697,0.0208571620697
-5.0,180.0,0.5,710.0,700.0,720.0,0.0210091729961,0.0210091729961
-5.0,180.0,0.5,730.0,720.0,740.0,0.0210622867535,0.0210622867535
-5.0,180.0,0.5,750.0,740.0,760.0,0.0208401510271,0.0208401510271
-5.0,180.0,0.5,770.0,760.0,780.0,0.0208114542362,0.0208114542362
-5.0,180.0,1.0,390.0,380.0,400.0,0.00693786472451,0.00693786472451
-5.0,180.0,1.0,410.0,400.0,420.0,0.0126976400461,0.0126976400461
-5.0,180.0,1.0,430.0,420.0,440.0,0.0138241586622,0.0138241586622
-5.0,180.0,1.0,450.0,440.0,460.0,0.0180292485992,0.0180292485992
-5.0,180.0,1.0,470.0,460.0,480.0,0.0199602851734,0.0199602851734
-5.0,180.0,1.0,490.0,480.0,500.0,0.0201695555739,0.0201695555739
-5.0,180.0,1.0,510.0,500.0,520.0,0.0195892894567,0.0195892894567
-5.0,180.0,1.0,530.0,520.0,540.0,0.0192218997153,0.0192218997153
-5.0,180.0,1.0,550.0,540.0,560.0,0.019043584536,0.019043584536
-5.0,180.0,1.0,570.0,560.0,580.0,0.0178534486436,0.0178534486436
-5.0,180.0,1.0,590.0,580.0,600.0,0.0185708649825,0.0185708649825
-5.0,180.0,1.0,610.0,600.0,620.0,0.0180786310953,0.0180786310953
-5.0,180.0,1.0,630.0,620.0,640.0,0.0197654594572,0.0197654594572
-5.0,180.0,1.0,650.0,640.0,660.0,0.0209512441145,0.0209512441145
-5.0,180.0,1.0,670.0,660.0,680.0,0.0226165151179,0.0226165151179
-5.0,180.0,1.0,690.0,680.0,700.0,0.02332701734,0.02332701734
-5.0,180.0,1.0,710.0,700.0,720.0,0.0234710435801,0.0234710435801
-5.0,180.0,1.0,730.0,720.0,740.0,0.0234590902336,0.0234590902336
-5.0,180.0,1.0,750.0,740.0,760.0,0.0230969448552,0.0230969448552
-5.0,180.0,1.0,770.0,760.0,780.0,0.0229236488722,0.0229236488722
-5.0,180.0,2.0,390.0,380.0,400.0,0.00736686161306,0.00736686161306
-5.0,180.0,2.0,410.0,400.0,420.0,0.0136204558347,0.0136204558347
-5.0,180.0,2.0,430.0,420.0,440.0,0.0150310961832,0.0150310961832
-5.0,180.0,2.0,450.0,440.0,460.0,0.0199309615704,0.0199309615704
-5.0,180.0,2.0,470.0,460.0,480.0,0.022480112015,0.022480112015
-5.0,180.0,2.0,490.0,480.0,500.0,0.0231555669811,0.0231555669811
-5.0,180.0,2.0,510.0,500.0,520.0,0.0228960723471,0.0228960723471
-5.0,180.0,2.0,530.0,520.0,540.0,0.0228043843076,0.0228043843076
-5.0,180.0,2.0,550.0,540.0,560.0,0.0228620348591,0.0228620348591
-5.0,180.0,2.0,570.0,560.0,580.0,0.0215770224731,0.0215770224731
-5.0,180.0,2.0,590.0,580.0,600.0,0.0225542614019,0.0225542614019
-5.0,180.0,2.0,610.0,600.0,620.0,0.02195203314,0.02195203314
-5.0,180.0,2.0,630.0,620.0,640.0,0.0239727056678,0.0239727056678
-5.0,180.0,2.0,650.0,640.0,660.0,0.0252866266913,0.0252866266913
-5.0,180.0,2.0,670.0,660.0,680.0,0.0270617824767,0.0270617824767
-5.0,180.0,2.0,690.0,680.0,700.0,0.0275841003188,0.0275841003188
-5.0,180.0,2.0,710.0,700.0,720.0,0.0273580550991,0.0273580550991
-5.0,180.0,2.0,730.0,720.0,740.0,0.0268994684962,0.0268994684962
-5.0,180.0,2.0,750.0,740.0,760.0,0.0260114458211,0.0260114458211
-5.0,180.0,2.0,770.0,760.0,780.0,0.0253383299633,0.0253383299633
-5.0,180.0,3.0,390.0,380.0,400.0,0.00788456247397,0.00788456247397
-5.0,180.0,3.0,410.0,400.0,420.0,0.0148257221943,0.0148257221943
-5.0,180.0,3.0,430.0,420.0,440.0,0.0166942421447,0.0166942421447
-5.0,180.0,3.0,450.0,440.0,460.0,0.0225960056748,0.0225960056748
-5.0,180.0,3.0,470.0,460.0,480.0,0.0259503046565,0.0259503046565
-5.0,180.0,3.0,490.0,480.0,500.0,0.0270915012395,0.0270915012395
-5.0,180.0,3.0,510.0,500.0,520.0,0.0269928191146,0.0269928191146
-5.0,180.0,3.0,530.0,520.0,540.0,0.0269287727041,0.0269287727041
-5.0,180.0,3.0,550.0,540.0,560.0,0.0269197712415,0.0269197712415
-5.0,180.0,3.0,570.0,560.0,580.0,0.0252139087851,0.0252139087851
-5.0,180.0,3.0,590.0,580.0,600.0,0.0261106848029,0.0261106848029
-5.0,180.0,3.0,610.0,600.0,620.0,0.0251005902223,0.0251005902223
-5.0,180.0,3.0,630.0,620.0,640.0,0.0270535937719,0.0270535937719
-5.0,180.0,3.0,650.0,640.0,660.0,0.028117024928,0.028117024928
-5.0,180.0,3.0,670.0,660.0,680.0,0.0296123759676,0.0296123759676
-5.0,180.0,3.0,690.0,680.0,700.0,0.0296835421473,0.0296835421473
-5.0,180.0,3.0,710.0,700.0,720.0,0.0289441836416,0.0289441836416
-5.0,180.0,3.0,730.0,720.0,740.0,0.0279802735766,0.0279802735766
-5.0,180.0,3.0,750.0,740.0,760.0,0.0266086318371,0.0266086318371
-5.0,180.0,3.0,770.0,760.0,780.0,0.0255008984423,0.0255008984423
-5.0,180.0,5.0,390.0,380.0,400.0,0.00932710837601,0.00932710837601
-5.0,180.0,5.0,410.0,400.0,420.0,0.0182003042877,0.0182003042877
-5.0,180.0,5.0,430.0,420.0,440.0,0.0210935671016,0.0210935671016
-5.0,180.0,5.0,450.0,440.0,460.0,0.0290130913089,0.0290130913089
-5.0,180.0,5.0,470.0,460.0,480.0,0.0334188253905,0.0334188253905
-5.0,180.0,5.0,490.0,480.0,500.0,0.0346051318653,0.0346051318653
-5.0,180.0,5.0,510.0,500.0,520.0,0.0339144719634,0.0339144719634
-5.0,180.0,5.0,530.0,520.0,540.0,0.0330947157791,0.0330947157791
-5.0,180.0,5.0,550.0,540.0,560.0,0.0322572820935,0.0322572820935
-5.0,180.0,5.0,570.0,560.0,580.0,0.0294076608962,0.0294076608962
-5.0,180.0,5.0,590.0,580.0,600.0,0.0296120953475,0.0296120953475
-5.0,180.0,5.0,610.0,600.0,620.0,0.0276805753563,0.0276805753563
-5.0,180.0,5.0,630.0,620.0,640.0,0.0289919903607,0.0289919903607
-5.0,180.0,5.0,650.0,640.0,660.0,0.0292933490229,0.0292933490229
-5.0,180.0,5.0,670.0,660.0,680.0,0.0300206281142,0.0300206281142
-5.0,180.0,5.0,690.0,680.0,700.0,0.0293176049999,0.0293176049999
-5.0,180.0,5.0,710.0,700.0,720.0,0.0278874696475,0.0278874696475
-5.0,180.0,5.0,730.0,720.0,740.0,0.0263350524768,0.0263350524768
-5.0,180.0,5.0,750.0,740.0,760.0,0.0245020993088,0.0245020993088
-5.0,180.0,5.0,770.0,760.0,780.0,0.0229968229484,0.0229968229484
-5.0,180.0,8.0,390.0,380.0,400.0,0.0120640760062,0.0120640760062
-5.0,180.0,8.0,410.0,400.0,420.0,0.0236843080828,0.0236843080828
-5.0,180.0,8.0,430.0,420.0,440.0,0.0270651749055,0.0270651749055
-5.0,180.0,8.0,450.0,440.0,460.0,0.0362166269206,0.0362166269206
-5.0,180.0,8.0,470.0,460.0,480.0,0.0402957846183,0.0402957846183
-5.0,180.0,8.0,490.0,480.0,500.0,0.0401963330387,0.0401963330387
-5.0,180.0,8.0,510.0,500.0,520.0,0.0379585725482,0.0379585725482
-5.0,180.0,8.0,530.0,520.0,540.0,0.0357601698419,0.0357601698419
-5.0,180.0,8.0,550.0,540.0,560.0,0.0336973568555,0.0336973568555
-5.0,180.0,8.0,570.0,560.0,580.0,0.0297988097725,0.0297988097725
-5.0,180.0,8.0,590.0,580.0,600.0,0.0290963181233,0.0290963181233
-5.0,180.0,8.0,610.0,600.0,620.0,0.0264568352082,0.0264568352082
-5.0,180.0,8.0,630.0,620.0,640.0,0.026930732897,0.026930732897
-5.0,180.0,8.0,650.0,640.0,660.0,0.0264999694824,0.0264999694824
-5.0,180.0,8.0,670.0,660.0,680.0,0.0265089896461,0.0265089896461
-5.0,180.0,8.0,690.0,680.0,700.0,0.0253231417944,0.0253231417944
-5.0,180.0,8.0,710.0,700.0,720.0,0.0236068484299,0.0236068484299
-5.0,180.0,8.0,730.0,720.0,740.0,0.0218856137484,0.0218856137484
-5.0,180.0,8.0,750.0,740.0,760.0,0.0200259741756,0.0200259741756
-5.0,180.0,8.0,770.0,760.0,780.0,0.0185022138406,0.0185022138406
-5.0,180.0,12.0,390.0,380.0,400.0,0.0149209754349,0.0149209754349
-5.0,180.0,12.0,410.0,400.0,420.0,0.028172686483,0.028172686483
-5.0,180.0,12.0,430.0,420.0,440.0,0.0307783446111,0.0307783446111
-5.0,180.0,12.0,450.0,440.0,460.0,0.0393731855613,0.0393731855613
-5.0,180.0,12.0,470.0,460.0,480.0,0.042000100808,0.042000100808
-5.0,180.0,12.0,490.0,480.0,500.0,0.0403285645743,0.0403285645743
-5.0,180.0,12.0,510.0,500.0,520.0,0.0368237317179,0.0368237317179
-5.0,180.0,12.0,530.0,520.0,540.0,0.0336930993542,0.0336930993542
-5.0,180.0,12.0,550.0,540.0,560.0,0.0309127210262,0.0309127210262
-5.0,180.0,12.0,570.0,560.0,580.0,0.0267251824193,0.0267251824193
-5.0,180.0,12.0,590.0,580.0,600.0,0.0255002611101,0.0255002611101
-5.0,180.0,12.0,610.0,600.0,620.0,0.0227326066789,0.0227326066789
-5.0,180.0,12.0,630.0,620.0,640.0,0.0226628083476,0.0226628083476
-5.0,180.0,12.0,650.0,640.0,660.0,0.0218845748717,0.0218845748717
-5.0,180.0,12.0,670.0,660.0,680.0,0.0215285245306,0.0215285245306
-5.0,180.0,12.0,690.0,680.0,700.0,0.020260511122,0.020260511122
-5.0,180.0,12.0,710.0,700.0,720.0,0.0186359653416,0.0186359653416
-5.0,180.0,12.0,730.0,720.0,740.0,0.0170704434514,0.0170704434514
-5.0,180.0,12.0,750.0,740.0,760.0,0.0154540398717,0.0154540398717
-5.0,180.0,12.0,770.0,760.0,780.0,0.0141354211971,0.0141354211971
-5.0,180.0,20.0,390.0,380.0,400.0,0.0166070172955,0.0166070172955
-5.0,180.0,20.0,410.0,400.0,420.0,0.0292414724684,0.0292414724684
-5.0,180.0,20.0,430.0,420.0,440.0,0.0299929730749,0.0299929730749
-5.0,180.0,20.0,450.0,440.0,460.0,0.0363163622713,0.0363163622713
-5.0,180.0,20.0,470.0,460.0,480.0,0.0369536317199,0.0369536317199
-5.0,180.0,20.0,490.0,480.0,500.0,0.034083327749,0.034083327749
-5.0,180.0,20.0,510.0,500.0,520.0,0.0300824281751,0.0300824281751
-5.0,180.0,20.0,530.0,520.0,540.0,0.026753207454,0.026753207454
-5.0,180.0,20.0,550.0,540.0,560.0,0.0239257652703,0.0239257652703
-5.0,180.0,20.0,570.0,560.0,580.0,0.0202542095619,0.0202542095619
-5.0,180.0,20.0,590.0,580.0,600.0,0.0189111461915,0.0189111461915
-5.0,180.0,20.0,610.0,600.0,620.0,0.016554269849,0.016554269849
-5.0,180.0,20.0,630.0,620.0,640.0,0.0161857526993,0.0161857526993
-5.0,180.0,20.0,650.0,640.0,660.0,0.0153614006252,0.0153614006252
-5.0,180.0,20.0,670.0,660.0,680.0,0.0148834117685,0.0148834117685
-5.0,180.0,20.0,690.0,680.0,700.0,0.0138202272844,0.0138202272844
-5.0,180.0,20.0,710.0,700.0,720.0,0.0125616937119,0.0125616937119
-5.0,180.0,20.0,730.0,720.0,740.0,0.0113852623557,0.0113852623557
-5.0,180.0,20.0,750.0,740.0,760.0,0.010211908964,0.010211908964
-5.0,180.0,20.0,770.0,760.0,780.0,0.00925965632519,0.00925965632519
-5.0,180.0,30.0,390.0,380.0,400.0,0.0154107024445,0.0154107024445
-5.0,180.0,30.0,410.0,400.0,420.0,0.0258388437816,0.0258388437816
-5.0,180.0,30.0,430.0,420.0,440.0,0.025438942941,0.025438942941
-5.0,180.0,30.0,450.0,440.0,460.0,0.0297720623834,0.0297720623834
-5.0,180.0,30.0,470.0,460.0,480.0,0.0294503501844,0.0294503501844
-5.0,180.0,30.0,490.0,480.0,500.0,0.0265310011274,0.0265310011274
-5.0,180.0,30.0,510.0,500.0,520.0,0.0229643594465,0.0229643594465
-5.0,180.0,30.0,530.0,520.0,540.0,0.0200966408199,0.0200966408199
-5.0,180.0,30.0,550.0,540.0,560.0,0.0177170990649,0.0177170990649
-5.0,180.0,30.0,570.0,560.0,580.0,0.0148246641186,0.0148246641186
-5.0,180.0,30.0,590.0,580.0,600.0,0.0136770767484,0.0136770767484
-5.0,180.0,30.0,610.0,600.0,620.0,0.0118540204735,0.0118540204735
-5.0,180.0,30.0,630.0,620.0,640.0,0.0114681527774,0.0114681527774
-5.0,180.0,30.0,650.0,640.0,660.0,0.0107827648114,0.0107827648114
-5.0,180.0,30.0,670.0,660.0,680.0,0.0103626054617,0.0103626054617
-5.0,180.0,30.0,690.0,680.0,700.0,0.00955415546438,0.00955415546438
-5.0,180.0,30.0,710.0,700.0,720.0,0.0086299149457,0.0086299149457
-5.0,180.0,30.0,730.0,720.0,740.0,0.00777865002697,0.00777865002697
-5.0,180.0,30.0,750.0,740.0,760.0,0.00694363531651,0.00694363531651
-5.0,180.0,30.0,770.0,760.0,780.0,0.0062681955344,0.0062681955344
-5.0,180.0,45.0,390.0,380.0,400.0,0.0123878042414,0.0123878042414
-5.0,180.0,45.0,410.0,400.0,420.0,0.0199393133044,0.0199393133044
-5.0,180.0,45.0,430.0,420.0,440.0,0.0189933513248,0.0189933513248
-5.0,180.0,45.0,450.0,440.0,460.0,0.0216472728072,0.0216472728072
-5.0,180.0,45.0,470.0,460.0,480.0,0.0209634586924,0.0209634586924
-5.0,180.0,45.0,490.0,480.0,500.0,0.0185675644873,0.0185675644873
-5.0,180.0,45.0,510.0,500.0,520.0,0.0158576496897,0.0158576496897
-5.0,180.0,45.0,530.0,520.0,540.0,0.0137334748191,0.0137334748191
-5.0,180.0,45.0,550.0,540.0,560.0,0.0120010160294,0.0120010160294
-5.0,180.0,45.0,570.0,560.0,580.0,0.00997585307289,0.00997585307289
-5.0,180.0,45.0,590.0,580.0,600.0,0.00914182378084,0.00914182378084
-5.0,180.0,45.0,610.0,600.0,620.0,0.00788280770626,0.00788280770626
-5.0,180.0,45.0,630.0,620.0,640.0,0.00758387276123,0.00758387276123
-5.0,180.0,45.0,650.0,640.0,660.0,0.00709778369579,0.00709778369579
-5.0,180.0,45.0,670.0,660.0,680.0,0.00679593914053,0.00679593914053
-5.0,180.0,45.0,690.0,680.0,700.0,0.00624706534014,0.00624706534014
-5.0,180.0,45.0,710.0,700.0,720.0,0.00562916512902,0.00562916512902
-5.0,180.0,45.0,730.0,720.0,740.0,0.00506409251827,0.00506409251827
-5.0,180.0,45.0,750.0,740.0,760.0,0.00451376942566,0.00451376942566
-5.0,180.0,45.0,770.0,760.0,780.0,0.00406930737462,0.00406930737462
-5.0,180.0,60.0,390.0,380.0,400.0,0.0101890056189,0.0101890056189
-5.0,180.0,60.0,410.0,400.0,420.0,0.0160572951231,0.0160572951231
-5.0,180.0,60.0,430.0,420.0,440.0,0.0150375920302,0.0150375920302
-5.0,180.0,60.0,450.0,440.0,460.0,0.0169080301227,0.0169080301227
-5.0,180.0,60.0,470.0,460.0,480.0,0.0161996109647,0.0161996109647
-5.0,180.0,60.0,490.0,480.0,500.0,0.0142289258686,0.0142289258686
-5.0,180.0,60.0,510.0,500.0,520.0,0.0120753593408,0.0120753593408
-5.0,180.0,60.0,530.0,520.0,540.0,0.0104092961357,0.0104092961357
-5.0,180.0,60.0,550.0,540.0,560.0,0.00906450858919,0.00906450858919
-5.0,180.0,60.0,570.0,560.0,580.0,0.00751827175251,0.00751827175251
-5.0,180.0,60.0,590.0,580.0,600.0,0.0068775236504,0.0068775236504
-5.0,180.0,60.0,610.0,600.0,620.0,0.00592542836946,0.00592542836946
-5.0,180.0,60.0,630.0,620.0,640.0,0.00569717211607,0.00569717211607
-5.0,180.0,60.0,650.0,640.0,660.0,0.00533192379046,0.00533192379046
-5.0,180.0,60.0,670.0,660.0,680.0,0.00510786504655,0.00510786504655
-5.0,180.0,60.0,690.0,680.0,700.0,0.00469985947144,0.00469985947144
-5.0,180.0,60.0,710.0,700.0,720.0,0.00424054622469,0.00424054622469
-5.0,180.0,60.0,730.0,720.0,740.0,0.00382090503263,0.00382090503263
-5.0,180.0,60.0,750.0,740.0,760.0,0.00341184192381,0.00341184192381
-5.0,180.0,60.0,770.0,760.0,780.0,0.00308173212298,0.00308173212298
-5.0,180.0,90.0,390.0,380.0,400.0,0.00841845287924,0.00841845287924
-5.0,180.0,90.0,410.0,400.0,420.0,0.0131101778001,0.0131101778001
-5.0,180.0,90.0,430.0,420.0,440.0,0.0121952818285,0.0121952818285
-5.0,180.0,90.0,450.0,440.0,460.0,0.0136853762861,0.0136853762861
-5.0,180.0,90.0,470.0,460.0,480.0,0.0131419147431,0.0131419147431
-5.0,180.0,90.0,490.0,480.0,500.0,0.0116125427894,0.0116125427894
-5.0,180.0,90.0,510.0,500.0,520.0,0.00994639336358,0.00994639336358
-5.0,180.0,90.0,530.0,520.0,540.0,0.00867726623801,0.00867726623801
-5.0,180.0,90.0,550.0,540.0,560.0,0.00766073340761,0.00766073340761
-5.0,180.0,90.0,570.0,560.0,580.0,0.00645391468757,0.00645391468757
-5.0,180.0,90.0,590.0,580.0,600.0,0.0059995683739,0.0059995683739
-5.0,180.0,90.0,610.0,600.0,620.0,0.00525873360611,0.00525873360611
-5.0,180.0,90.0,630.0,620.0,640.0,0.00514382527345,0.00514382527345
-5.0,180.0,90.0,650.0,640.0,660.0,0.00489953234152,0.00489953234152
-5.0,180.0,90.0,670.0,660.0,680.0,0.00477796162004,0.00477796162004
-5.0,180.0,90.0,690.0,680.0,700.0,0.00447504989782,0.00447504989782
-5.0,180.0,90.0,710.0,700.0,720.0,0.00410892501838,0.00410892501838
-5.0,180.0,90.0,730.0,720.0,740.0,0.00376594774593,0.00376594774593
-5.0,180.0,90.0,750.0,740.0,760.0,0.00341865439463,0.00341865439463
-5.0,180.0,90.0,770.0,760.0,780.0,0.00313679389354,0.00313679389354
-2.0,0.0,0.0,390.0,380.0,400.0,0.004085076749,0.004085076749
-2.0,0.0,0.0,410.0,400.0,420.0,0.00790291720441,0.00790291720441
-2.0,0.0,0.0,430.0,420.0,440.0,0.00945957022823,0.00945957022823
-2.0,0.0,0.0,450.0,440.0,460.0,0.0142180882541,0.0142180882541
-2.0,0.0,0.0,470.0,460.0,480.0,0.0189102159995,0.0189102159995
-2.0,0.0,0.0,490.0,480.0,500.0,0.0235107060362,0.0235107060362
-2.0,0.0,0.0,510.0,500.0,520.0,0.0281647750789,0.0281647750789
-2.0,0.0,0.0,530.0,520.0,540.0,0.0336560040264,0.0336560040264
-2.0,0.0,0.0,550.0,540.0,560.0,0.0403968309849,0.0403968309849
-2.0,0.0,0.0,570.0,560.0,580.0,0.0445582248835,0.0445582248835
-2.0,0.0,0.0,590.0,580.0,600.0,0.0550484560032,0.0550484560032
-2.0,0.0,0.0,610.0,600.0,620.0,0.0618454272995,0.0618454272995
-2.0,0.0,0.0,630.0,620.0,640.0,0.0787777138758,0.0787777138758
-2.0,0.0,0.0,650.0,640.0,660.0,0.0954358421464,0.0954358421464
-2.0,0.0,0.0,670.0,660.0,680.0,0.115460172601,0.115460172601
-2.0,0.0,0.0,690.0,680.0,700.0,0.131268242002,0.131268242002
-2.0,0.0,0.0,710.0,700.0,720.0,0.14358521521,0.14358521521
-2.0,0.0,0.0,730.0,720.0,740.0,0.154173810005,0.154173810005
-2.0,0.0,0.0,750.0,740.0,760.0,0.161219319408,0.161219319408
-2.0,0.0,0.0,770.0,760.0,780.0,0.169055656666,0.169055656666
-2.0,0.0,0.5,390.0,380.0,400.0,0.00410372092195,0.00410372092195
-2.0,0.0,0.5,410.0,400.0,420.0,0.00800156820714,0.00800156820714
-2.0,0.0,0.5,430.0,420.0,440.0,0.00970003762246,0.00970003762246
-2.0,0.0,0.5,450.0,440.0,460.0,0.0148453031985,0.0148453031985
-2.0,0.0,0.5,470.0,460.0,480.0,0.0201695416369,0.0201695416369
-2.0,0.0,0.5,490.0,480.0,500.0,0.0256154743374,0.0256154743374
-2.0,0.0,0.5,510.0,500.0,520.0,0.0312684327847,0.0312684327847
-2.0,0.0,0.5,530.0,520.0,540.0,0.03794010641,0.03794010641
-2.0,0.0,0.5,550.0,540.0,560.0,0.0460750158452,0.0460750158452
-2.0,0.0,0.5,570.0,560.0,580.0,0.0512473127211,0.0512473127211
-2.0,0.0,0.5,590.0,580.0,600.0,0.0636656850736,0.0636656850736
-2.0,0.0,0.5,610.0,600.0,620.0,0.0717401173669,0.0717401173669
-2.0,0.0,0.5,630.0,620.0,640.0,0.0914657985264,0.0914657985264
-2.0,0.0,0.5,650.0,640.0,660.0,0.110689897578,0.110689897578
-2.0,0.0,0.5,670.0,660.0,680.0,0.133534199694,0.133534199694
-2.0,0.0,0.5,690.0,680.0,700.0,0.151141777799,0.151141777799
-2.0,0.0,0.5,710.0,700.0,720.0,0.164351378613,0.164351378613
-2.0,0.0,0.5,730.0,720.0,740.0,0.175208465957,0.175208465957
-2.0,0.0,0.5,750.0,740.0,760.0,0.181695066016,0.181695066016
-2.0,0.0,0.5,770.0,760.0,780.0,0.18876755685,0.18876755685
-2.0,0.0,1.0,390.0,380.0,400.0,0.00422341596863,0.00422341596863
-2.0,0.0,1.0,410.0,400.0,420.0,0.0083162290646,0.0083162290646
-2.0,0.0,1.0,430.0,420.0,440.0,0.0102515192973,0.0102515192973
-2.0,0.0,1.0,450.0,440.0,460.0,0.016046839577,0.016046839577
-2.0,0.0,1.0,470.0,460.0,480.0,0.0223255931301,0.0223255931301
-2.0,0.0,1.0,490.0,480.0,500.0,0.0289356896842,0.0289356896842
-2.0,0.0,1.0,510.0,500.0,520.0,0.0358420321675,0.0358420321675
-2.0,0.0,1.0,530.0,520.0,540.0,0.0438703942365,0.0438703942365
-2.0,0.0,1.0,550.0,540.0,560.0,0.0534645049761,0.0534645049761
-2.0,0.0,1.0,570.0,560.0,580.0,0.0594292903839,0.0594292903839
-2.0,0.0,1.0,590.0,580.0,600.0,0.0735528991134,0.0735528991134
-2.0,0.0,1.0,610.0,600.0,620.0,0.0823657440717,0.0823657440717
-2.0,0.0,1.0,630.0,620.0,640.0,0.104186660053,0.104186660053
-2.0,0.0,1.0,650.0,640.0,660.0,0.124917534717,0.124917534717
-2.0,0.0,1.0,670.0,660.0,680.0,0.149138793292,0.149138793292
-2.0,0.0,1.0,690.0,680.0,700.0,0.1669184289,0.1669184289
-2.0,0.0,1.0,710.0,700.0,720.0,0.179370795539,0.179370795539
-2.0,0.0,1.0,730.0,720.0,740.0,0.188890431828,0.188890431828
-2.0,0.0,1.0,750.0,740.0,760.0,0.193441897096,0.193441897096
-2.0,0.0,1.0,770.0,760.0,780.0,0.198452983635,0.198452983635
-2.0,0.0,2.0,390.0,380.0,400.0,0.00455055467565,0.00455055467565
-2.0,0.0,2.0,410.0,400.0,420.0,0.00921548910739,0.00921548910739
-2.0,0.0,2.0,430.0,420.0,440.0,0.0118687497843,0.0118687497843
-2.0,0.0,2.0,450.0,440.0,460.0,0.0195118514318,0.0195118514318
-2.0,0.0,2.0,470.0,460.0,480.0,0.0282413623849,0.0282413623849
-2.0,0.0,2.0,490.0,480.0,500.0,0.0374379651316,0.0374379651316
-2.0,0.0,2.0,510.0,500.0,520.0,0.046654133765,0.046654133765
-2.0,0.0,2.0,530.0,520.0,540.0,0.0567233458632,0.0567233458632
-2.0,0.0,2.0,550.0,540.0,560.0,0.0680812860671,0.0680812860671
-2.0,0.0,2.0,570.0,560.0,580.0,0.0741186333316,0.0741186333316
-2.0,0.0,2.0,590.0,580.0,600.0,0.0896024559418,0.0896024559418
-2.0,0.0,2.0,610.0,600.0,620.0,0.0978282436516,0.0978282436516
-2.0,0.0,2.0,630.0,620.0,640.0,0.120640116798,0.120640116798
-2.0,0.0,2.0,650.0,640.0,660.0,0.141000504294,0.141000504294
-2.0,0.0,2.0,670.0,660.0,680.0,0.164128787359,0.164128787359
-2.0,0.0,2.0,690.0,680.0,700.0,0.179183762771,0.179183762771
-2.0,0.0,2.0,710.0,700.0,720.0,0.187943941367,0.187943941367
-2.0,0.0,2.0,730.0,720.0,740.0,0.193330718864,0.193330718864
-2.0,0.0,2.0,750.0,740.0,760.0,0.193553181959,0.193553181959
-2.0,0.0,2.0,770.0,760.0,780.0,0.194313663694,0.194313663694
-2.0,0.0,3.0,390.0,380.0,400.0,0.00490266969518,0.00490266969518
-2.0,0.0,3.0,410.0,400.0,420.0,0.0103110319111,0.0103110319111
-2.0,0.0,3.0,430.0,420.0,440.0,0.0138829352381,0.0138829352381
-2.0,0.0,3.0,450.0,440.0,460.0,0.0235975430482,0.0235975430482
-2.0,0.0,3.0,470.0,460.0,480.0,0.0346007863719,0.0346007863719
-2.0,0.0,3.0,490.0,480.0,500.0,0.0456303641356,0.0456303641356
-2.0,0.0,3.0,510.0,500.0,520.0,0.0559027599915,0.0559027599915
-2.0,0.0,3.0,530.0,520.0,540.0,0.0663942242324,0.0663942242324
-2.0,0.0,3.0,550.0,540.0,560.0,0.0776481216324,0.0776481216324
-2.0,0.0,3.0,570.0,560.0,580.0,0.0823025778788,0.0823025778788
-2.0,0.0,3.0,590.0,580.0,600.0,0.0969860281415,0.0969860281415
-2.0,0.0,3.0,610.0,600.0,620.0,0.103309275403,0.103309275403
-2.0,0.0,3.0,630.0,620.0,640.0,0.124544466709,0.124544466709
-2.0,0.0,3.0,650.0,640.0,660.0,0.142495700146,0.142495700146
-2.0,0.0,3.0,670.0,660.0,680.0,0.16257816487,0.16257816487
-2.0,0.0,3.0,690.0,680.0,700.0,0.1741874917,0.1741874917
-2.0,0.0,3.0,710.0,700.0,720.0,0.179518676805,0.179518676805
-2.0,0.0,3.0,730.0,720.0,740.0,0.181651171153,0.181651171153
-2.0,0.0,3.0,750.0,740.0,760.0,0.179077288599,0.179077288599
-2.0,0.0,3.0,770.0,760.0,780.0,0.177224117264,0.177224117264
-2.0,0.0,5.0,390.0,380.0,400.0,0.00590662874376,0.00590662874376
-2.0,0.0,5.0,410.0,400.0,420.0,0.0131519578613,0.0131519578613
-2.0,0.0,5.0,430.0,420.0,440.0,0.0183240615057,0.0183240615057
-2.0,0.0,5.0,450.0,440.0,460.0,0.031118620318,0.031118620318
-2.0,0.0,5.0,470.0,460.0,480.0,0.0443491952637,0.0443491952637
-2.0,0.0,5.0,490.0,480.0,500.0,0.0560267681392,0.0560267681392
-2.0,0.0,5.0,510.0,500.0,520.0,0.0654240457972,0.0654240457972
-2.0,0.0,5.0,530.0,520.0,540.0,0.0740697135162,0.0740697135162
-2.0,0.0,5.0,550.0,540.0,560.0,0.0828260938692,0.0828260938692
-2.0,0.0,5.0,570.0,560.0,580.0,0.0842071227872,0.0842071227872
-2.0,0.0,5.0,590.0,580.0,600.0,0.0956360702869,0.0956360702869
-2.0,0.0,5.0,610.0,600.0,620.0,0.098489108706,0.098489108706
-2.0,0.0,5.0,630.0,620.0,640.0,0.11527052205,0.11527052205
-2.0,0.0,5.0,650.0,640.0,660.0,0.128387967505,0.128387967505
-2.0,0.0,5.0,670.0,660.0,680.0,0.142926745479,0.142926745479
-2.0,0.0,5.0,690.0,680.0,700.0,0.149729498007,0.149729498007
-2.0,0.0,5.0,710.0,700.0,720.0,0.151167080167,0.151167080167
-2.0,0.0,5.0,730.0,720.0,740.0,0.150098464518,0.150098464518
-2.0,0.0,5.0,750.0,740.0,760.0,0.145414337618,0.145414337618
-2.0,0.0,5.0,770.0,760.0,780.0,0.141634505373,0.141634505373
-2.0,0.0,8.0,390.0,380.0,400.0,0.00769314444115,0.00769314444115
-2.0,0.0,8.0,410.0,400.0,420.0,0.0171180219023,0.0171180219023
-2.0,0.0,8.0,430.0,420.0,440.0,0.0230214294687,0.0230214294687
-2.0,0.0,8.0,450.0,440.0,460.0,0.0369664587741,0.0369664587741
-2.0,0.0,8.0,470.0,460.0,480.0,0.0495145140352,0.0495145140352
-2.0,0.0,8.0,490.0,480.0,500.0,0.0589340350343,0.0589340350343
-2.0,0.0,8.0,510.0,500.0,520.0,0.065215053303,0.065215053303
-2.0,0.0,8.0,530.0,520.0,540.0,0.0704186884634,0.0704186884634
-2.0,0.0,8.0,550.0,540.0,560.0,0.0755941020195,0.0755941020195
-2.0,0.0,8.0,570.0,560.0,580.0,0.074158282785,0.074158282785
-2.0,0.0,8.0,590.0,580.0,600.0,0.0817188238245,0.0817188238245
-2.0,0.0,8.0,610.0,600.0,620.0,0.0819456441911,0.0819456441911
-2.0,0.0,8.0,630.0,620.0,640.0,0.0937646518752,0.0937646518752
-2.0,0.0,8.0,650.0,640.0,660.0,0.102368169612,0.102368169612
-2.0,0.0,8.0,670.0,660.0,680.0,0.111941721651,0.111941721651
-2.0,0.0,8.0,690.0,680.0,700.0,0.115404433206,0.115404433206
-2.0,0.0,8.0,710.0,700.0,720.0,0.114842137268,0.114842137268
-2.0,0.0,8.0,730.0,720.0,740.0,0.11255146783,0.11255146783
-2.0,0.0,8.0,750.0,740.0,760.0,0.107751648233,0.107751648233
-2.0,0.0,8.0,770.0,760.0,780.0,0.103832977863,0.103832977863
-2.0,0.0,12.0,390.0,380.0,400.0,0.00940919112966,0.00940919112966
-2.0,0.0,12.0,410.0,400.0,420.0,0.0197828982957,0.0197828982957
-2.0,0.0,12.0,430.0,420.0,440.0,0.0248639621358,0.0248639621358
-2.0,0.0,12.0,450.0,440.0,460.0,0.0373275726515,0.0373275726515
-2.0,0.0,12.0,470.0,460.0,480.0,0.0470693814813,0.0470693814813
-2.0,0.0,12.0,490.0,480.0,500.0,0.0532126952665,0.0532126952665
-2.0,0.0,12.0,510.0,500.0,520.0,0.0564073670743,0.0564073670743
-2.0,0.0,12.0,530.0,520.0,540.0,0.0587729183488,0.0587729183488
-2.0,0.0,12.0,550.0,540.0,560.0,0.0612649597583,0.0612649597583
-2.0,0.0,12.0,570.0,560.0,580.0,0.0586345778587,0.0586345778587
-2.0,0.0,12.0,590.0,580.0,600.0,0.0633203602347,0.0633203602347
-2.0,0.0,12.0,610.0,600.0,620.0,0.0624094772208,0.0624094772208
-2.0,0.0,12.0,630.0,620.0,640.0,0.0704022238591,0.0704022238591
-2.0,0.0,12.0,650.0,640.0,660.0,0.0759273748284,0.0759273748284
-2.0,0.0,12.0,670.0,660.0,680.0,0.0821462466546,0.0821462466546
-2.0,0.0,12.0,690.0,680.0,700.0,0.0838975802707,0.0838975802707
-2.0,0.0,12.0,710.0,700.0,720.0,0.0828016378742,0.0828016378742
-2.0,0.0,12.0,730.0,720.0,740.0,0.0805575717779,0.0805575717779
-2.0,0.0,12.0,750.0,740.0,760.0,0.0766185721738,0.0766185721738
-2.0,0.0,12.0,770.0,760.0,780.0,0.0734058274036,0.0734058274036
-2.0,0.0,20.0,390.0,380.0,400.0,0.010169645481,0.010169645481
-2.0,0.0,20.0,410.0,400.0,420.0,0.0194167035833,0.0194167035833
-2.0,0.0,20.0,430.0,420.0,440.0,0.0221981462392,0.0221981462392
-2.0,0.0,20.0,450.0,440.0,460.0,0.0305717567078,0.0305717567078
-2.0,0.0,20.0,470.0,460.0,480.0,0.0358008183052,0.0358008183052
-2.0,0.0,20.0,490.0,480.0,500.0,0.0380732455354,0.0380732455354
-2.0,0.0,20.0,510.0,500.0,520.0,0.038411832018,0.038411832018
-2.0,0.0,20.0,530.0,520.0,540.0,0.0384679206276,0.0384679206276
-2.0,0.0,20.0,550.0,540.0,560.0,0.0388630859486,0.0388630859486
-2.0,0.0,20.0,570.0,560.0,580.0,0.0362721034233,0.0362721034233
-2.0,0.0,20.0,590.0,580.0,600.0,0.0384166583196,0.0384166583196
-2.0,0.0,20.0,610.0,600.0,620.0,0.0372739115603,0.0372739115603
-2.0,0.0,20.0,630.0,620.0,640.0,0.041543998698,0.041543998698
-2.0,0.0,20.0,650.0,640.0,660.0,0.0443731334443,0.0443731334443
-2.0,0.0,20.0,670.0,660.0,680.0,0.047630859012,0.047630859012
-2.0,0.0,20.0,690.0,680.0,700.0,0.048334628791,0.048334628791
-2.0,0.0,20.0,710.0,700.0,720.0,0.0474533251281,0.0474533251281
-2.0,0.0,20.0,730.0,720.0,740.0,0.045969455834,0.045969455834
-2.0,0.0,20.0,750.0,740.0,760.0,0.0435675232151,0.0435675232151
-2.0,0.0,20.0,770.0,760.0,780.0,0.0416239271911,0.0416239271911
-2.0,0.0,30.0,390.0,380.0,400.0,0.00920668670855,0.00920668670855
-2.0,0.0,30.0,410.0,400.0,420.0,0.0163732464866,0.0163732464866
-2.0,0.0,30.0,430.0,420.0,440.0,0.0174540396858,0.0174540396858
-2.0,0.0,30.0,450.0,440.0,460.0,0.0224932245341,0.0224932245341
-2.0,0.0,30.0,470.0,460.0,480.0,0.0248028753123,0.0248028753123
-2.0,0.0,30.0,490.0,480.0,500.0,0.0250355576796,0.0250355576796
-2.0,0.0,30.0,510.0,500.0,520.0,0.0241757850229,0.0241757850229
-2.0,0.0,30.0,530.0,520.0,540.0,0.0233592739052,0.0233592739052
-2.0,0.0,30.0,550.0,540.0,560.0,0.0229393715642,0.0229393715642
-2.0,0.0,30.0,570.0,560.0,580.0,0.0209349197215,0.0209349197215
-2.0,0.0,30.0,590.0,580.0,600.0,0.0218044186932,0.0218044186932
-2.0,0.0,30.0,610.0,600.0,620.0,0.0208851518739,0.0208851518739
-2.0,0.0,30.0,630.0,620.0,640.0,0.0230685064583,0.0230685064583
-2.0,0.0,30.0,650.0,640.0,660.0,0.0244798434355,0.0244798434355
-2.0,0.0,30.0,670.0,660.0,680.0,0.0261566191431,0.0261566191431
-2.0,0.0,30.0,690.0,680.0,700.0,0.0264615068743,0.0264615068743
-2.0,0.0,30.0,710.0,700.0,720.0,0.0259304810843,0.0259304810843
-2.0,0.0,30.0,730.0,720.0,740.0,0.0250968334232,0.0250968334232
-2.0,0.0,30.0,750.0,740.0,760.0,0.0237815050817,0.0237815050817
-2.0,0.0,30.0,770.0,760.0,780.0,0.0227325276501,0.0227325276501
-2.0,0.0,45.0,390.0,380.0,400.0,0.00741313432939,0.00741313432939
-2.0,0.0,45.0,410.0,400.0,420.0,0.0124669455469,0.0124669455469
-2.0,0.0,45.0,430.0,420.0,440.0,0.0125509947679,0.0125509947679
-2.0,0.0,45.0,450.0,440.0,460.0,0.0152561111424,0.0152561111424
-2.0,0.0,45.0,470.0,460.0,480.0,0.0158726458932,0.0158726458932
-2.0,0.0,45.0,490.0,480.0,500.0,0.0151518342145,0.0151518342145
-2.0,0.0,45.0,510.0,500.0,520.0,0.0138931972236,0.0138931972236
-2.0,0.0,45.0,530.0,520.0,540.0,0.0128133163187,0.0128133163187
-2.0,0.0,45.0,550.0,540.0,560.0,0.0120871955067,0.0120871955067
-2.0,0.0,45.0,570.0,560.0,580.0,0.0106572433177,0.0106572433177
-2.0,0.0,45.0,590.0,580.0,600.0,0.0107961997354,0.0107961997354
-2.0,0.0,45.0,610.0,600.0,620.0,0.0101069937972,0.0101069937972
-2.0,0.0,45.0,630.0,620.0,640.0,0.0109713051475,0.0109713051475
-2.0,0.0,45.0,650.0,640.0,660.0,0.011485762471,0.011485762471
-2.0,0.0,45.0,670.0,660.0,680.0,0.0121444005981,0.0121444005981
-2.0,0.0,45.0,690.0,680.0,700.0,0.0121891515219,0.0121891515219
-2.0,0.0,45.0,710.0,700.0,720.0,0.0118761566766,0.0118761566766
-2.0,0.0,45.0,730.0,720.0,740.0,0.0114492587329,0.0114492587329
-2.0,0.0,45.0,750.0,740.0,760.0,0.010822447611,0.010822447611
-2.0,0.0,45.0,770.0,760.0,780.0,0.0103340191494,0.0103340191494
-2.0,0.0,60.0,390.0,380.0,400.0,0.00587283578362,0.00587283578362
-2.0,0.0,60.0,410.0,400.0,420.0,0.00955409638091,0.00955409638091
-2.0,0.0,60.0,430.0,420.0,440.0,0.0093058272742,0.0093058272742
-2.0,0.0,60.0,450.0,440.0,460.0,0.0109340713833,0.0109340713833
-2.0,0.0,60.0,470.0,460.0,480.0,0.010984628873,0.010984628873
-2.0,0.0,60.0,490.0,480.0,500.0,0.0101179474777,0.0101179474777
-2.0,0.0,60.0,510.0,500.0,520.0,0.00895188731036,0.00895188731036
-2.0,0.0,60.0,530.0,520.0,540.0,0.00797304932364,0.00797304932364
-2.0,0.0,60.0,550.0,540.0,560.0,0.0072789784186,0.0072789784186
-2.0,0.0,60.0,570.0,560.0,580.0,0.00622485840629,0.00622485840629
-2.0,0.0,60.0,590.0,580.0,600.0,0.00613980781718,0.00613980781718
-2.0,0.0,60.0,610.0,600.0,620.0,0.00561210423615,0.00561210423615
-2.0,0.0,60.0,630.0,620.0,640.0,0.00597233203293,0.00597233203293
-2.0,0.0,60.0,650.0,640.0,660.0,0.00614758052761,0.00614758052761
-2.0,0.0,60.0,670.0,660.0,680.0,0.00640753409355,0.00640753409355
-2.0,0.0,60.0,690.0,680.0,700.0,0.00635440960558,0.00635440960558
-2.0,0.0,60.0,710.0,700.0,720.0,0.0061303174666,0.0061303174666
-2.0,0.0,60.0,730.0,720.0,740.0,0.00586283995298,0.00586283995298
-2.0,0.0,60.0,750.0,740.0,760.0,0.00550655764013,0.00550655764013
-2.0,0.0,60.0,770.0,760.0,780.0,0.00523301119595,0.00523301119595
-2.0,0.0,90.0,390.0,380.0,400.0,0.0045892483776,0.0045892483776
-2.0,0.0,90.0,410.0,400.0,420.0,0.00727018103612,0.00727018103612
-2.0,0.0,90.0,430.0,420.0,440.0,0.00689700190186,0.00689700190186
-2.0,0.0,90.0,450.0,440.0,460.0,0.00788479100873,0.00788479100873
-2.0,0.0,90.0,470.0,460.0,480.0,0.00769337149522,0.00769337149522
-2.0,0.0,90.0,490.0,480.0,500.0,0.00686702144893,0.00686702144893
-2.0,0.0,90.0,510.0,500.0,520.0,0.0058734374028,0.0058734374028
-2.0,0.0,90.0,530.0,520.0,540.0,0.00504614254222,0.00504614254222
-2.0,0.0,90.0,550.0,540.0,560.0,0.00443986877986,0.00443986877986
-2.0,0.0,90.0,570.0,560.0,580.0,0.00365476956552,0.00365476956552
-2.0,0.0,90.0,590.0,580.0,600.0,0.003474969643,0.003474969643
-2.0,0.0,90.0,610.0,600.0,620.0,0.00306217687474,0.00306217687474
-2.0,0.0,90.0,630.0,620.0,640.0,0.00315053808616,0.00315053808616
-2.0,0.0,90.0,650.0,640.0,660.0,0.00314023426738,0.00314023426738
-2.0,0.0,90.0,670.0,660.0,680.0,0.00317429363141,0.00317429363141
-2.0,0.0,90.0,690.0,680.0,700.0,0.00305849529298,0.00305849529298
-2.0,0.0,90.0,710.0,700.0,720.0,0.00287236212482,0.00287236212482
-2.0,0.0,90.0,730.0,720.0,740.0,0.00267959910533,0.00267959910533
-2.0,0.0,90.0,750.0,740.0,760.0,0.00245975360897,0.00245975360897
-2.0,0.0,90.0,770.0,760.0,780.0,0.00229011108615,0.00229011108615
-2.0,90.0,0.0,390.0,380.0,400.0,0.00331696989122,0.00331696989122
-2.0,90.0,0.0,410.0,400.0,420.0,0.0059213889737,0.0059213889737
-2.0,90.0,0.0,430.0,420.0,440.0,0.00627533460176,0.00627533460176
-2.0,90.0,0.0,450.0,440.0,460.0,0.00794755872957,0.00794755872957
-2.0,90.0,0.0,470.0,460.0,480.0,0.00853435381513,0.00853435381513
-2.0,90.0,0.0,490.0,480.0,500.0,0.00834625515859,0.00834625515859
-2.0,90.0,0.0,510.0,500.0,520.0,0.00779937575011,0.00779937575011
-2.0,90.0,0.0,530.0,520.0,540.0,0.00731630313204,0.00731630313204
-2.0,90.0,0.0,550.0,540.0,560.0,0.00706398547426,0.00706398547426
-2.0,90.0,0.0,570.0,560.0,580.0,0.00639295643618,0.00639295643618
-2.0,90.0,0.0,590.0,580.0,600.0,0.00674973913419,0.00674973913419
-2.0,90.0,0.0,610.0,600.0,620.0,0.00661983349977,0.00661983349977
-2.0,90.0,0.0,630.0,620.0,640.0,0.00763359943821,0.00763359943821
-2.0,90.0,0.0,650.0,640.0,660.0,0.00853929632967,0.00853929632967
-2.0,90.0,0.0,670.0,660.0,680.0,0.00969567729135,0.00969567729135
-2.0,90.0,0.0,690.0,680.0,700.0,0.0104968244781,0.0104968244781
-2.0,90.0,0.0,710.0,700.0,720.0,0.0110749994919,0.0110749994919
-2.0,90.0,0.0,730.0,720.0,740.0,0.0115983855461,0.0115983855461
-2.0,90.0,0.0,750.0,740.0,760.0,0.0119357295755,0.0119357295755
-2.0,90.0,0.0,770.0,760.0,780.0,0.0124331803412,0.0124331803412
-2.0,90.0,0.5,390.0,380.0,400.0,0.00336434448208,0.00336434448208
-2.0,90.0,0.5,410.0,400.0,420.0,0.00602005168761,0.00602005168761
-2.0,90.0,0.5,430.0,420.0,440.0,0.00639747989915,0.00639747989915
-2.0,90.0,0.5,450.0,440.0,460.0,0.00812960533509,0.00812960533509
-2.0,90.0,0.5,470.0,460.0,480.0,0.00876687047981,0.00876687047981
-2.0,90.0,0.5,490.0,480.0,500.0,0.00861964456066,0.00861964456066
-2.0,90.0,0.5,510.0,500.0,520.0,0.00810885275364,0.00810885275364
-2.0,90.0,0.5,530.0,520.0,540.0,0.00766860708711,0.00766860708711
-2.0,90.0,0.5,550.0,540.0,560.0,0.00747409846223,0.00747409846223
-2.0,90.0,0.5,570.0,560.0,580.0,0.00683520731507,0.00683520731507
-2.0,90.0,0.5,590.0,580.0,600.0,0.00729606062686,0.00729606062686
-2.0,90.0,0.5,610.0,600.0,620.0,0.00723458357497,0.00723458357497
-2.0,90.0,0.5,630.0,620.0,640.0,0.00843124531609,0.00843124531609
-2.0,90.0,0.5,650.0,640.0,660.0,0.00952336205792,0.00952336205792
-2.0,90.0,0.5,670.0,660.0,680.0,0.0109030933231,0.0109030933231
-2.0,90.0,0.5,690.0,680.0,700.0,0.0118810120745,0.0118810120745
-2.0,90.0,0.5,710.0,700.0,720.0,0.0125912271207,0.0125912271207
-2.0,90.0,0.5,730.0,720.0,740.0,0.0132157319836,0.0132157319836
-2.0,90.0,0.5,750.0,740.0,760.0,0.0135991425429,0.0135991425429
-2.0,90.0,0.5,770.0,760.0,780.0,0.0141368727037,0.0141368727037
-2.0,90.0,1.0,390.0,380.0,400.0,0.00345680589155,0.00345680589155
-2.0,90.0,1.0,410.0,400.0,420.0,0.00620012174039,0.00620012174039
-2.0,90.0,1.0,430.0,420.0,440.0,0.00660809144656,0.00660809144656
-2.0,90.0,1.0,450.0,440.0,460.0,0.00842998952531,0.00842998952531
-2.0,90.0,1.0,470.0,460.0,480.0,0.00913919604149,0.00913919604149
-2.0,90.0,1.0,490.0,480.0,500.0,0.00904954761306,0.00904954761306
-2.0,90.0,1.0,510.0,500.0,520.0,0.00858981520323,0.00858981520323
-2.0,90.0,1.0,530.0,520.0,540.0,0.00820955656767,0.00820955656767
-2.0,90.0,1.0,550.0,540.0,560.0,0.00809356341192,0.00809356341192
-2.0,90.0,1.0,570.0,560.0,580.0,0.00748668459464,0.00748668459464
-2.0,90.0,1.0,590.0,580.0,600.0,0.00807683129355,0.00807683129355
-2.0,90.0,1.0,610.0,600.0,620.0,0.00807941562985,0.00807941562985
-2.0,90.0,1.0,630.0,620.0,640.0,0.00948185587987,0.00948185587987
-2.0,90.0,1.0,650.0,640.0,660.0,0.0107579506864,0.0107579506864
-2.0,90.0,1.0,670.0,660.0,680.0,0.0123374289537,0.0123374289537
-2.0,90.0,1.0,690.0,680.0,700.0,0.0134298988731,0.0134298988731
-2.0,90.0,1.0,710.0,700.0,720.0,0.0141816904493,0.0141816904493
-2.0,90.0,1.0,730.0,720.0,740.0,0.0147983760626,0.0147983760626
-2.0,90.0,1.0,750.0,740.0,760.0,0.0151090718668,0.0151090718668
-2.0,90.0,1.0,770.0,760.0,780.0,0.0155631410018,0.0155631410018
-2.0,90.0,2.0,390.0,380.0,400.0,0.00363148959561,0.00363148959561
-2.0,90.0,2.0,410.0,400.0,420.0,0.00654969950143,0.00654969950143
-2.0,90.0,2.0,430.0,420.0,440.0,0.00703980017943,0.00703980017943
-2.0,90.0,2.0,450.0,440.0,460.0,0.00909420054849,0.00909420054849
-2.0,90.0,2.0,470.0,460.0,480.0,0.010029490456,0.010029490456
-2.0,90.0,2.0,490.0,480.0,500.0,0.0101410982259,0.0101410982259
-2.0,90.0,2.0,510.0,500.0,520.0,0.0098476615885,0.0098476615885
-2.0,90.0,2.0,530.0,520.0,540.0,0.00962052295584,0.00962052295584
-2.0,90.0,2.0,550.0,540.0,560.0,0.00966498727281,0.00966498727281
-2.0,90.0,2.0,570.0,560.0,580.0,0.00905954842613,0.00905954842613
-2.0,90.0,2.0,590.0,580.0,600.0,0.00985362361274,0.00985362361274
-2.0,90.0,2.0,610.0,600.0,620.0,0.00987069486925,0.00987069486925
-2.0,90.0,2.0,630.0,620.0,640.0,0.0115506168669,0.0115506168669
-2.0,90.0,2.0,650.0,640.0,660.0,0.0130007618173,0.0130007618173
-2.0,90.0,2.0,670.0,660.0,680.0,0.0147249946691,0.0147249946691
-2.0,90.0,2.0,690.0,680.0,700.0,0.0157747744606,0.0157747744606
-2.0,90.0,2.0,710.0,700.0,720.0,0.0163507014467,0.0163507014467
-2.0,90.0,2.0,730.0,720.0,740.0,0.0167161577845,0.0167161577845
-2.0,90.0,2.0,750.0,740.0,760.0,0.0166999269597,0.0166999269597
-2.0,90.0,2.0,770.0,760.0,780.0,0.0168256911277,0.0168256911277
-2.0,90.0,3.0,390.0,380.0,400.0,0.0038300564673,0.0038300564673
-2.0,90.0,3.0,410.0,400.0,420.0,0.00697683737795,0.00697683737795
-2.0,90.0,3.0,430.0,420.0,440.0,0.00760914239233,0.00760914239233
-2.0,90.0,3.0,450.0,440.0,460.0,0.0100137428737,0.0100137428737
-2.0,90.0,3.0,470.0,460.0,480.0,0.0112679153711,0.0112679153711
-2.0,90.0,3.0,490.0,480.0,500.0,0.0116061836723,0.0116061836723
-2.0,90.0,3.0,510.0,500.0,520.0,0.0114296940697,0.0114296940697
-2.0,90.0,3.0,530.0,520.0,540.0,0.0112529304819,0.0112529304819
-2.0,90.0,3.0,550.0,540.0,560.0,0.0113211603436,0.0113211603436
-2.0,90.0,3.0,570.0,560.0,580.0,0.0105581330506,0.0105581330506
-2.0,90.0,3.0,590.0,580.0,600.0,0.0113795957177,0.0113795957177
-2.0,90.0,3.0,610.0,600.0,620.0,0.0112477988406,0.0112477988406
-2.0,90.0,3.0,630.0,620.0,640.0,0.0129652001724,0.0129652001724
-2.0,90.0,3.0,650.0,640.0,660.0,0.0143464714528,0.0143464714528
-2.0,90.0,3.0,670.0,660.0,680.0,0.0159539635908,0.0159539635908
-2.0,90.0,3.0,690.0,680.0,700.0,0.0167702757921,0.0167702757921
-2.0,90.0,3.0,710.0,700.0,720.0,0.0170536489196,0.0170536489196
-2.0,90.0,3.0,730.0,720.0,740.0,0.0171085994565,0.0171085994565
-2.0,90.0,3.0,750.0,740.0,760.0,0.0167792385191,0.0167792385191
-2.0,90.0,3.0,770.0,760.0,780.0,0.0166088373775,0.0166088373775
-2.0,90.0,5.0,390.0,380.0,400.0,0.00434054050268,0.00434054050268
-2.0,90.0,5.0,410.0,400.0,420.0,0.00812370585873,0.00812370585873
-2.0,90.0,5.0,430.0,420.0,440.0,0.00911068953222,0.00911068953222
-2.0,90.0,5.0,450.0,440.0,460.0,0.0122696559142,0.0122696559142
-2.0,90.0,5.0,470.0,460.0,480.0,0.0140004175956,0.0140004175956
-2.0,90.0,5.0,490.0,480.0,500.0,0.0144652588334,0.0144652588334
-2.0,90.0,5.0,510.0,500.0,520.0,0.0141406030585,0.0141406030585
-2.0,90.0,5.0,530.0,520.0,540.0,0.0136995995534,0.0136995995534
-2.0,90.0,5.0,550.0,540.0,560.0,0.0134792390566,0.0134792390566
-2.0,90.0,5.0,570.0,560.0,580.0,0.0122386716528,0.0122386716528
-2.0,90.0,5.0,590.0,580.0,600.0,0.012817926947,0.012817926947
-2.0,90.0,5.0,610.0,600.0,620.0,0.0122942820627,0.0122942820627
-2.0,90.0,5.0,630.0,620.0,640.0,0.0137545654057,0.0137545654057
-2.0,90.0,5.0,650.0,640.0,660.0,0.0147773903019,0.0147773903019
-2.0,90.0,5.0,670.0,660.0,680.0,0.0159679566243,0.0159679566243
-2.0,90.0,5.0,690.0,680.0,700.0,0.0163286984506,0.0163286984506
-2.0,90.0,5.0,710.0,700.0,720.0,0.0161749648485,0.0161749648485
-2.0,90.0,5.0,730.0,720.0,740.0,0.0158300431054,0.0158300431054
-2.0,90.0,5.0,750.0,740.0,760.0,0.0151677874991,0.0151677874991
-2.0,90.0,5.0,770.0,760.0,780.0,0.0146896895881,0.0146896895881
-2.0,90.0,8.0,390.0,380.0,400.0,0.00527360268169,0.00527360268169
-2.0,90.0,8.0,410.0,400.0,420.0,0.00998972856612,0.00998972856612
-2.0,90.0,8.0,430.0,420.0,440.0,0.0111933553544,0.0111933553544
-2.0,90.0,8.0,450.0,440.0,460.0,0.0148775891912,0.0148775891912
-2.0,90.0,8.0,470.0,460.0,480.0,0.016597457723,0.016597457723
-2.0,90.0,8.0,490.0,480.0,500.0,0.0166636278217,0.0166636278217
-2.0,90.0,8.0,510.0,500.0,520.0,0.0157789182595,0.0157789182595
-2.0,90.0,8.0,530.0,520.0,540.0,0.0147924133726,0.0147924133726
-2.0,90.0,8.0,550.0,540.0,560.0,0.0140815308533,0.0140815308533
-2.0,90.0,8.0,570.0,560.0,580.0,0.0123868031691,0.0123868031691
-2.0,90.0,8.0,590.0,580.0,600.0,0.0125747640654,0.0125747640654
-2.0,90.0,8.0,610.0,600.0,620.0,0.011715218137,0.011715218137
-2.0,90.0,8.0,630.0,620.0,640.0,0.0127419900408,0.0127419900408
-2.0,90.0,8.0,650.0,640.0,660.0,0.0133351344953,0.0133351344953
-2.0,90.0,8.0,670.0,660.0,680.0,0.0140648332003,0.0140648332003
-2.0,90.0,8.0,690.0,680.0,700.0,0.0140655788078,0.0140655788078
-2.0,90.0,8.0,710.0,700.0,720.0,0.0136502861301,0.0136502861301
-2.0,90.0,8.0,730.0,720.0,740.0,0.0131095869823,0.0131095869823
-2.0,90.0,8.0,750.0,740.0,760.0,0.0123458115576,0.0123458115576
-2.0,90.0,8.0,770.0,760.0,780.0,0.0117665814886,0.0117665814886
-2.0,90.0,12.0,390.0,380.0,400.0,0.00624822015744,0.00624822015744
-2.0,90.0,12.0,410.0,400.0,420.0,0.0115452935538,0.0115452935538
-2.0,90.0,12.0,430.0,420.0,440.0,0.0125304658111,0.0125304658111
-2.0,90.0,12.0,450.0,440.0,460.0,0.0160837781716,0.0160837781716
-2.0,90.0,12.0,470.0,460.0,480.0,0.0173240973202,0.0173240973202
-2.0,90.0,12.0,490.0,480.0,500.0,0.0168176484427,0.0168176484427
-2.0,90.0,12.0,510.0,500.0,520.0,0.0154359076561,0.0154359076561
-2.0,90.0,12.0,530.0,520.0,540.0,0.0140666139959,0.0140666139959
-2.0,90.0,12.0,550.0,540.0,560.0,0.0130418083318,0.0130418083318
-2.0,90.0,12.0,570.0,560.0,580.0,0.0112066384128,0.0112066384128
-2.0,90.0,12.0,590.0,580.0,600.0,0.0111194941346,0.0111194941346
-2.0,90.0,12.0,610.0,600.0,620.0,0.0101513276374,0.0101513276374
-2.0,90.0,12.0,630.0,620.0,640.0,0.0108234896662,0.0108234896662
-2.0,90.0,12.0,650.0,640.0,660.0,0.0111253600466,0.0111253600466
-2.0,90.0,12.0,670.0,660.0,680.0,0.0115458262902,0.0115458262902
-2.0,90.0,12.0,690.0,680.0,700.0,0.0113792280112,0.0113792280112
-2.0,90.0,12.0,710.0,700.0,720.0,0.0108983827071,0.0108983827071
-2.0,90.0,12.0,730.0,720.0,740.0,0.0103420643596,0.0103420643596
-2.0,90.0,12.0,750.0,740.0,760.0,0.00963462885456,0.00963462885456
-2.0,90.0,12.0,770.0,760.0,780.0,0.0090911329827,0.0090911329827
-2.0,90.0,20.0,390.0,380.0,400.0,0.00685850724245,0.00685850724245
-2.0,90.0,20.0,410.0,400.0,420.0,0.0119984373156,0.0119984373156
-2.0,90.0,20.0,430.0,420.0,440.0,0.0123675614115,0.0123675614115
-2.0,90.0,20.0,450.0,440.0,460.0,0.0151489378663,0.0151489378663
-2.0,90.0,20.0,470.0,460.0,480.0,0.0156529632381,0.0156529632381
-2.0,90.0,20.0,490.0,480.0,500.0,0.0146513849445,0.0146513849445
-2.0,90.0,20.0,510.0,500.0,520.0,0.013029482639,0.013029482639
-2.0,90.0,20.0,530.0,520.0,540.0,0.0115549135913,0.0115549135913
-2.0,90.0,20.0,550.0,540.0,560.0,0.0104526385245,0.0104526385245
-2.0,90.0,20.0,570.0,560.0,580.0,0.0087953465118,0.0087953465118
-2.0,90.0,20.0,590.0,580.0,600.0,0.00854845635996,0.00854845635996
-2.0,90.0,20.0,610.0,600.0,620.0,0.00766626565313,0.00766626565313
-2.0,90.0,20.0,630.0,620.0,640.0,0.00802985485566,0.00802985485566
-2.0,90.0,20.0,650.0,640.0,660.0,0.00812421952143,0.00812421952143
-2.0,90.0,20.0,670.0,660.0,680.0,0.00831392371418,0.00831392371418
-2.0,90.0,20.0,690.0,680.0,700.0,0.00809226964632,0.00809226964632
-2.0,90.0,20.0,710.0,700.0,720.0,0.00766397673265,0.00766397673265
-2.0,90.0,20.0,730.0,720.0,740.0,0.00719975629525,0.00719975629525
-2.0,90.0,20.0,750.0,740.0,760.0,0.0066468315019,0.0066468315019
-2.0,90.0,20.0,770.0,760.0,780.0,0.00621958325899,0.00621958325899
-2.0,90.0,30.0,390.0,380.0,400.0,0.00654835117655,0.00654835117655
-2.0,90.0,30.0,410.0,400.0,420.0,0.0110084572868,0.0110084572868
-2.0,90.0,30.0,430.0,420.0,440.0,0.0109667302486,0.0109667302486
-2.0,90.0,30.0,450.0,440.0,460.0,0.0130507063373,0.0130507063373
-2.0,90.0,30.0,470.0,460.0,480.0,0.0131602065215,0.0131602065215
-2.0,90.0,30.0,490.0,480.0,500.0,0.0120675503908,0.0120675503908
-2.0,90.0,30.0,510.0,500.0,520.0,0.0105483752294,0.0105483752294
-2.0,90.0,30.0,530.0,520.0,540.0,0.00922069170827,0.00922069170827
-2.0,90.0,30.0,550.0,540.0,560.0,0.00823462702965,0.00823462702965
-2.0,90.0,30.0,570.0,560.0,580.0,0.00685546122591,0.00685546122591
-2.0,90.0,30.0,590.0,580.0,600.0,0.00659259965551,0.00659259965551
-2.0,90.0,30.0,610.0,600.0,620.0,0.00585931332619,0.00585931332619
-2.0,90.0,30.0,630.0,620.0,640.0,0.00608157286314,0.00608157286314
-2.0,90.0,30.0,650.0,640.0,660.0,0.00610385608909,0.00610385608909
-2.0,90.0,30.0,670.0,660.0,680.0,0.00620257974338,0.00620257974338
-2.0,90.0,30.0,690.0,680.0,700.0,0.00599975173608,0.00599975173608
-2.0,90.0,30.0,710.0,700.0,720.0,0.00565072922682,0.00565072922682
-2.0,90.0,30.0,730.0,720.0,740.0,0.00528206427994,0.00528206427994
-2.0,90.0,30.0,750.0,740.0,760.0,0.00485474721136,0.00485474721136
-2.0,90.0,30.0,770.0,760.0,780.0,0.00452397400365,0.00452397400365
-2.0,90.0,45.0,390.0,380.0,400.0,0.00572179985235,0.00572179985235
-2.0,90.0,45.0,410.0,400.0,420.0,0.00934193937147,0.00934193937147
-2.0,90.0,45.0,430.0,420.0,440.0,0.00908660411845,0.00908660411845
-2.0,90.0,45.0,450.0,440.0,460.0,0.0106043276067,0.0106043276067
-2.0,90.0,45.0,470.0,460.0,480.0,0.0105240981745,0.0105240981745
-2.0,90.0,45.0,490.0,480.0,500.0,0.00952527758751,0.00952527758751
-2.0,90.0,45.0,510.0,500.0,520.0,0.00823859435946,0.00823859435946
-2.0,90.0,45.0,530.0,520.0,540.0,0.00714045015401,0.00714045015401
-2.0,90.0,45.0,550.0,540.0,560.0,0.0063288635054,0.0063288635054
-2.0,90.0,45.0,570.0,560.0,580.0,0.00523734669778,0.00523734669778
-2.0,90.0,45.0,590.0,580.0,600.0,0.00500504509871,0.00500504509871
-2.0,90.0,45.0,610.0,600.0,620.0,0.00442561164864,0.00442561164864
-2.0,90.0,45.0,630.0,620.0,640.0,0.00456852641388,0.00456852641388
-2.0,90.0,45.0,650.0,640.0,660.0,0.00456364752342,0.00456364752342
-2.0,90.0,45.0,670.0,660.0,680.0,0.0046186742529,0.0046186742529
-2.0,90.0,45.0,690.0,680.0,700.0,0.0044519095801,0.0044519095801
-2.0,90.0,45.0,710.0,700.0,720.0,0.00417993788234,0.00417993788234
-2.0,90.0,45.0,730.0,720.0,740.0,0.0038964999171,0.0038964999171
-2.0,90.0,45.0,750.0,740.0,760.0,0.00357261803121,0.00357261803121
-2.0,90.0,45.0,770.0,760.0,780.0,0.00332169907625,0.00332169907625
-2.0,90.0,60.0,390.0,380.0,400.0,0.00513538590769,0.00513538590769
-2.0,90.0,60.0,410.0,400.0,420.0,0.00824261142017,0.00824261142017
-2.0,90.0,60.0,430.0,420.0,440.0,0.00790617648512,0.00790617648512
-2.0,90.0,60.0,450.0,440.0,460.0,0.00912263636105,0.00912263636105
-2.0,90.0,60.0,470.0,460.0,480.0,0.00897072443479,0.00897072443479
-2.0,90.0,60.0,490.0,480.0,500.0,0.0080592293258,0.0080592293258
-2.0,90.0,60.0,510.0,500.0,520.0,0.00692939044975,0.00692939044975
-2.0,90.0,60.0,530.0,520.0,540.0,0.00597776223851,0.00597776223851
-2.0,90.0,60.0,550.0,540.0,560.0,0.00527746761139,0.00527746761139
-2.0,90.0,60.0,570.0,560.0,580.0,0.00435426004439,0.00435426004439
-2.0,90.0,60.0,590.0,580.0,600.0,0.00414906822067,0.00414906822067
-2.0,90.0,60.0,610.0,600.0,620.0,0.0036607084586,0.0036607084586
-2.0,90.0,60.0,630.0,620.0,640.0,0.00377068251968,0.00377068251968
-2.0,90.0,60.0,650.0,640.0,660.0,0.00376019208696,0.00376019208696
-2.0,90.0,60.0,670.0,660.0,680.0,0.00380055371804,0.00380055371804
-2.0,90.0,60.0,690.0,680.0,700.0,0.00365972043423,0.00365972043423
-2.0,90.0,60.0,710.0,700.0,720.0,0.00343362989191,0.00343362989191
-2.0,90.0,60.0,730.0,720.0,740.0,0.00319910562494,0.00319910562494
-2.0,90.0,60.0,750.0,740.0,760.0,0.00293215825582,0.00293215825582
-2.0,90.0,60.0,770.0,760.0,780.0,0.00272550204606,0.00272550204606
-2.0,90.0,90.0,390.0,380.0,400.0,0.00458924837757,0.00458924837757
-2.0,90.0,90.0,410.0,400.0,420.0,0.007270181036,0.007270181036
-2.0,90.0,90.0,430.0,420.0,440.0,0.00689700190167,0.00689700190167
-2.0,90.0,90.0,450.0,440.0,460.0,0.00788479100843,0.00788479100843
-2.0,90.0,90.0,470.0,460.0,480.0,0.00769337149488,0.00769337149488
-2.0,90.0,90.0,490.0,480.0,500.0,0.0068670214486,0.0068670214486
-2.0,90.0,90.0,510.0,500.0,520.0,0.00587343740252,0.00587343740252
-2.0,90.0,90.0,530.0,520.0,540.0,0.00504614254201,0.00504614254201
-2.0,90.0,90.0,550.0,540.0,560.0,0.00443986877973,0.00443986877973
-2.0,90.0,90.0,570.0,560.0,580.0,0.00365476956546,0.00365476956546
-2.0,90.0,90.0,590.0,580.0,600.0,0.00347496964301,0.00347496964301
-2.0,90.0,90.0,610.0,600.0,620.0,0.00306217687481,0.00306217687481
-2.0,90.0,90.0,630.0,620.0,640.0,0.00315053808629,0.00315053808629
-2.0,90.0,90.0,650.0,640.0,660.0,0.00314023426757,0.00314023426757
-2.0,90.0,90.0,670.0,660.0,680.0,0.00317429363167,0.00317429363167
-2.0,90.0,90.0,690.0,680.0,700.0,0.0030584952933,0.0030584952933
-2.0,90.0,90.0,710.0,700.0,720.0,0.00287236212519,0.00287236212519
-2.0,90.0,90.0,730.0,720.0,740.0,0.00267959910573,0.00267959910573
-2.0,90.0,90.0,750.0,740.0,760.0,0.00245975360939,0.00245975360939
-2.0,90.0,90.0,770.0,760.0,780.0,0.00229011108659,0.00229011108659
-2.0,180.0,0.0,390.0,380.0,400.0,0.0033855367439,0.0033855367439
-2.0,180.0,0.0,410.0,400.0,420.0,0.00612856357192,0.00612856357192
-2.0,180.0,0.0,430.0,420.0,440.0,0.00658592052429,0.00658592052429
-2.0,180.0,0.0,450.0,440.0,460.0,0.0084395068911,0.0084395068911
-2.0,180.0,0.0,470.0,460.0,480.0,0.00913588336289,0.00913588336289
-2.0,180.0,0.0,490.0,480.0,500.0,0.00896099081928,0.00896099081928
-2.0,180.0,0.0,510.0,500.0,520.0,0.00834372235132,0.00834372235132
-2.0,180.0,0.0,530.0,520.0,540.0,0.00774323484161,0.00774323484161
-2.0,180.0,0.0,550.0,540.0,560.0,0.00737589433997,0.00737589433997
-2.0,180.0,0.0,570.0,560.0,580.0,0.00653661735821,0.00653661735821
-2.0,180.0,0.0,590.0,580.0,600.0,0.00678331039106,0.00678331039106
-2.0,180.0,0.0,610.0,600.0,620.0,0.00650234871084,0.00650234871084
-2.0,180.0,0.0,630.0,620.0,640.0,0.00736681528798,0.00736681528798
-2.0,180.0,0.0,650.0,640.0,660.0,0.00808173444999,0.00808173444999
-2.0,180.0,0.0,670.0,660.0,680.0,0.00898417872019,0.00898417872019
-2.0,180.0,0.0,690.0,680.0,700.0,0.00951816211119,0.00951816211119
-2.0,180.0,0.0,710.0,700.0,720.0,0.00983193447922,0.00983193447922
-2.0,180.0,0.0,730.0,720.0,740.0,0.010092397619,0.010092397619
-2.0,180.0,0.0,750.0,740.0,760.0,0.0101927408263,0.0101927408263
-2.0,180.0,0.0,770.0,760.0,780.0,0.0104519869721,0.0104519869721
-2.0,180.0,0.5,390.0,380.0,400.0,0.00350066365111,0.00350066365111
-2.0,180.0,0.5,410.0,400.0,420.0,0.00633302132755,0.00633302132755
-2.0,180.0,0.5,430.0,420.0,440.0,0.00680407276051,0.00680407276051
-2.0,180.0,0.5,450.0,440.0,460.0,0.00872334104492,0.00872334104492
-2.0,180.0,0.5,470.0,460.0,480.0,0.00945704715659,0.00945704715659
-2.0,180.0,0.5,490.0,480.0,500.0,0.00930143897447,0.00930143897447
-2.0,180.0,0.5,510.0,500.0,520.0,0.00869796716627,0.00869796716627
-2.0,180.0,0.5,530.0,520.0,540.0,0.00812052760127,0.00812052760127
-2.0,180.0,0.5,550.0,540.0,560.0,0.00779287002101,0.00779287002101
-2.0,180.0,0.5,570.0,560.0,580.0,0.00696946230449,0.00696946230449
-2.0,180.0,0.5,590.0,580.0,600.0,0.00730689808873,0.00730689808873
-2.0,180.0,0.5,610.0,600.0,620.0,0.00708491269426,0.00708491269426
-2.0,180.0,0.5,630.0,620.0,640.0,0.00812906092733,0.00812906092733
-2.0,180.0,0.5,650.0,640.0,660.0,0.00903854556285,0.00903854556285
-2.0,180.0,0.5,670.0,660.0,680.0,0.0101840338798,0.0101840338798
-2.0,180.0,0.5,690.0,680.0,700.0,0.0109274597619,0.0109274597619
-2.0,180.0,0.5,710.0,700.0,720.0,0.0114158105872,0.0114158105872
-2.0,180.0,0.5,730.0,720.0,740.0,0.0118270985379,0.0118270985379
-2.0,180.0,0.5,750.0,740.0,760.0,0.0120231616827,0.0120231616827
-2.0,180.0,0.5,770.0,760.0,780.0,0.0123838556189,0.0123838556189
-2.0,180.0,1.0,390.0,380.0,400.0,0.00359135004683,0.00359135004683
-2.0,180.0,1.0,410.0,400.0,420.0,0.00650407800744,0.00650407800744
-2.0,180.0,1.0,430.0,420.0,440.0,0.00699956927621,0.00699956927621
-2.0,180.0,1.0,450.0,440.0,460.0,0.0089983881214,0.0089983881214
-2.0,180.0,1.0,470.0,460.0,480.0,0.00979708210434,0.00979708210434
-2.0,180.0,1.0,490.0,480.0,500.0,0.00969742295065,0.00969742295065
-2.0,180.0,1.0,510.0,500.0,520.0,0.00914826002292,0.00914826002292
-2.0,180.0,1.0,530.0,520.0,540.0,0.00863676549624,0.00863676549624
-2.0,180.0,1.0,550.0,540.0,560.0,0.00839949221845,0.00839949221845
-2.0,180.0,1.0,570.0,560.0,580.0,0.00762008264888,0.00762008264888
-2.0,180.0,1.0,590.0,580.0,600.0,0.00811401377003,0.00811401377003
-2.0,180.0,1.0,610.0,600.0,620.0,0.00798261815067,0.00798261815067
-2.0,180.0,1.0,630.0,620.0,640.0,0.00929716833142,0.00929716833142
-2.0,180.0,1.0,650.0,640.0,660.0,0.0104743944484,0.0104743944484
-2.0,180.0,1.0,670.0,660.0,680.0,0.0119245759266,0.0119245759266
-2.0,180.0,1.0,690.0,680.0,700.0,0.012884933542,0.012884933542
-2.0,180.0,1.0,710.0,700.0,720.0,0.0135077796956,0.0135077796956
-2.0,180.0,1.0,730.0,720.0,740.0,0.0139947361109,0.0139947361109
-2.0,180.0,1.0,750.0,740.0,760.0,0.0141777895709,0.0141777895709
-2.0,180.0,1.0,770.0,760.0,780.0,0.0145221696342,0.0145221696342
-2.0,180.0,2.0,390.0,380.0,400.0,0.00378531399331,0.00378531399331
-2.0,180.0,2.0,410.0,400.0,420.0,0.00687985997839,0.00687985997839
-2.0,180.0,2.0,430.0,420.0,440.0,0.00745498788496,0.00745498788496
-2.0,180.0,2.0,450.0,440.0,460.0,0.0097009422354,0.0097009422354
-2.0,180.0,2.0,470.0,460.0,480.0,0.0107613620016,0.0107613620016
-2.0,180.0,2.0,490.0,480.0,500.0,0.0109220588047,0.0109220588047
-2.0,180.0,2.0,510.0,500.0,520.0,0.0106096726158,0.0106096726158
-2.0,180.0,2.0,530.0,520.0,540.0,0.010322249749,0.010322249749
-2.0,180.0,2.0,550.0,540.0,560.0,0.0103342317541,0.0103342317541
-2.0,180.0,2.0,570.0,560.0,580.0,0.00959272036811,0.00959272036811
-2.0,180.0,2.0,590.0,580.0,600.0,0.0104275726133,0.0104275726133
-2.0,180.0,2.0,610.0,600.0,620.0,0.0103838487943,0.0103838487943
-2.0,180.0,2.0,630.0,620.0,640.0,0.012218172994,0.012218172994
-2.0,180.0,2.0,650.0,640.0,660.0,0.0138135020195,0.0138135020195
-2.0,180.0,2.0,670.0,660.0,680.0,0.0156730325358,0.0156730325358
-2.0,180.0,2.0,690.0,680.0,700.0,0.016778371251,0.016778371251
-2.0,180.0,2.0,710.0,700.0,720.0,0.0173427105379,0.0173427105379
-2.0,180.0,2.0,730.0,720.0,740.0,0.0176491058066,0.0176491058066
-2.0,180.0,2.0,750.0,740.0,760.0,0.0175080849964,0.0175080849964
-2.0,180.0,2.0,770.0,760.0,780.0,0.0175411652771,0.0175411652771
-2.0,180.0,3.0,390.0,380.0,400.0,0.00399737792729,0.00399737792729
-2.0,180.0,3.0,410.0,400.0,420.0,0.00733275453543,0.00733275453543
-2.0,180.0,3.0,430.0,420.0,440.0,0.00807756923779,0.00807756923779
-2.0,180.0,3.0,450.0,440.0,460.0,0.0107649383014,0.0107649383014
-2.0,180.0,3.0,470.0,460.0,480.0,0.0122876550675,0.0122876550675
-2.0,180.0,3.0,490.0,480.0,500.0,0.0128339205609,0.0128339205609
-2.0,180.0,3.0,510.0,500.0,520.0,0.0127695023032,0.0127695023032
-2.0,180.0,3.0,530.0,520.0,540.0,0.0126251598818,0.0126251598818
-2.0,180.0,3.0,550.0,540.0,560.0,0.0127545648011,0.0127545648011
-2.0,180.0,3.0,570.0,560.0,580.0,0.011838237138,0.011838237138
-2.0,180.0,3.0,590.0,580.0,600.0,0.0128265641147,0.0128265641147
-2.0,180.0,3.0,610.0,600.0,620.0,0.0126476537778,0.0126476537778
-2.0,180.0,3.0,630.0,620.0,640.0,0.0147207883364,0.0147207883364
-2.0,180.0,3.0,650.0,640.0,660.0,0.01640475645,0.01640475645
-2.0,180.0,3.0,670.0,660.0,680.0,0.0182963819993,0.0182963819993
-2.0,180.0,3.0,690.0,680.0,700.0,0.0192205606222,0.0192205606222
-2.0,180.0,3.0,710.0,700.0,720.0,0.0194778225587,0.0194778225587
-2.0,180.0,3.0,730.0,720.0,740.0,0.0194269640769,0.0194269640769
-2.0,180.0,3.0,750.0,740.0,760.0,0.0188878520946,0.0188878520946
-2.0,180.0,3.0,770.0,760.0,780.0,0.0185570521516,0.0185570521516
-2.0,180.0,5.0,390.0,380.0,400.0,0.00456117882539,0.00456117882539
-2.0,180.0,5.0,410.0,400.0,420.0,0.00868356748749,0.00868356748749
-2.0,180.0,5.0,430.0,420.0,440.0,0.00999357398426,0.00999357398426
-2.0,180.0,5.0,450.0,440.0,460.0,0.0138725199458,0.0138725199458
-2.0,180.0,5.0,470.0,460.0,480.0,0.0163106385638,0.0163106385638
-2.0,180.0,5.0,490.0,480.0,500.0,0.0172856486648,0.0172856486648
-2.0,180.0,5.0,510.0,500.0,520.0,0.0171917550961,0.0171917550961
-2.0,180.0,5.0,530.0,520.0,540.0,0.0167833255698,0.0167833255698
-2.0,180.0,5.0,550.0,540.0,560.0,0.0166133360281,0.0166133360281
-2.0,180.0,5.0,570.0,560.0,580.0,0.0150143432465,0.0150143432465
-2.0,180.0,5.0,590.0,580.0,600.0,0.0158093818837,0.0158093818837
-2.0,180.0,5.0,610.0,600.0,620.0,0.015114100857,0.015114100857
-2.0,180.0,5.0,630.0,620.0,640.0,0.017048846974,0.017048846974
-2.0,180.0,5.0,650.0,640.0,660.0,0.0184040871559,0.0184040871559
-2.0,180.0,5.0,670.0,660.0,680.0,0.0198903972817,0.0198903972817
-2.0,180.0,5.0,690.0,680.0,700.0,0.0202678903787,0.0202678903787
-2.0,180.0,5.0,710.0,700.0,720.0,0.019949008604,0.019949008604
-2.0,180.0,5.0,730.0,720.0,740.0,0.0193544774624,0.0193544774624
-2.0,180.0,5.0,750.0,740.0,760.0,0.0183355221092,0.0183355221092
-2.0,180.0,5.0,770.0,760.0,780.0,0.0175760676383,0.0175760676383
-2.0,180.0,8.0,390.0,380.0,400.0,0.00578196863297,0.00578196863297
-2.0,180.0,8.0,410.0,400.0,420.0,0.0113617090018,0.0113617090018
-2.0,180.0,8.0,430.0,420.0,440.0,0.0132504111257,0.0132504111257
-2.0,180.0,8.0,450.0,440.0,460.0,0.0182812192508,0.0182812192508
-2.0,180.0,8.0,470.0,460.0,480.0,0.0210414669994,0.0210414669994
-2.0,180.0,8.0,490.0,480.0,500.0,0.0216225366625,0.0216225366625
-2.0,180.0,8.0,510.0,500.0,520.0,0.0207601195347,0.0207601195347
-2.0,180.0,8.0,530.0,520.0,540.0,0.0195480571197,0.0195480571197
-2.0,180.0,8.0,550.0,540.0,560.0,0.0186556861473,0.0186556861473
-2.0,180.0,8.0,570.0,560.0,580.0,0.0162976084649,0.0162976084649
-2.0,180.0,8.0,590.0,580.0,600.0,0.0165672674249,0.0165672674249
-2.0,180.0,8.0,610.0,600.0,620.0,0.0153405838841,0.0153405838841
-2.0,180.0,8.0,630.0,620.0,640.0,0.016736360948,0.016736360948
-2.0,180.0,8.0,650.0,640.0,660.0,0.0175128614398,0.0175128614398
-2.0,180.0,8.0,670.0,660.0,680.0,0.0183956009978,0.0183956009978
-2.0,180.0,8.0,690.0,680.0,700.0,0.0182644053876,0.0182644053876
-2.0,180.0,8.0,710.0,700.0,720.0,0.0175567155751,0.0175567155751
-2.0,180.0,8.0,730.0,720.0,740.0,0.01667054479,0.01667054479
-2.0,180.0,8.0,750.0,740.0,760.0,0.0154901463952,0.0154901463952
-2.0,180.0,8.0,770.0,760.0,780.0,0.0145794221437,0.0145794221437
-2.0,180.0,12.0,390.0,380.0,400.0,0.00731357480338,0.00731357480338
-2.0,180.0,12.0,410.0,400.0,420.0,0.0140778565324,0.0140778565324
-2.0,180.0,12.0,430.0,420.0,440.0,0.0158708924117,0.0158708924117
-2.0,180.0,12.0,450.0,440.0,460.0,0.0210326027244,0.0210326027244
-2.0,180.0,12.0,470.0,460.0,480.0,0.0232222212479,0.0232222212479
-2.0,180.0,12.0,490.0,480.0,500.0,0.0229322026699,0.0229322026699
-2.0,180.0,12.0,510.0,500.0,520.0,0.0212373298474,0.0212373298474
-2.0,180.0,12.0,530.0,520.0,540.0,0.0193747887922,0.0193747887922
-2.0,180.0,12.0,550.0,540.0,560.0,0.0179474316888,0.0179474316888
-2.0,180.0,12.0,570.0,560.0,580.0,0.0152922538027,0.0152922538027
-2.0,180.0,12.0,590.0,580.0,600.0,0.0151333646304,0.0151333646304
-2.0,180.0,12.0,610.0,600.0,620.0,0.013697596991,0.013697596991
-2.0,180.0,12.0,630.0,620.0,640.0,0.0145754952289,0.0145754952289
-2.0,180.0,12.0,650.0,640.0,660.0,0.0149124724648,0.0149124724648
-2.0,180.0,12.0,670.0,660.0,680.0,0.0153562779102,0.0153562779102
-2.0,180.0,12.0,690.0,680.0,700.0,0.0149813472881,0.0149813472881
-2.0,180.0,12.0,710.0,700.0,720.0,0.0141776231441,0.0141776231441
-2.0,180.0,12.0,730.0,720.0,740.0,0.0132758740567,0.0132758740567
-2.0,180.0,12.0,750.0,740.0,760.0,0.012186244504,0.012186244504
-2.0,180.0,12.0,770.0,760.0,780.0,0.0113381692435,0.0113381692435
-2.0,180.0,20.0,390.0,380.0,400.0,0.00856062513174,0.00856062513174
-2.0,180.0,20.0,410.0,400.0,420.0,0.0154710228725,0.0154710228725
-2.0,180.0,20.0,430.0,420.0,440.0,0.0163962429717,0.0163962429717
-2.0,180.0,20.0,450.0,440.0,460.0,0.0205279904046,0.0205279904046
-2.0,180.0,20.0,470.0,460.0,480.0,0.0215479123443,0.0215479123443
-2.0,180.0,20.0,490.0,480.0,500.0,0.0203644844286,0.0203644844286
-2.0,180.0,20.0,510.0,500.0,520.0,0.0181717231691,0.0181717231691
-2.0,180.0,20.0,530.0,520.0,540.0,0.0160744978845,0.0160744978845
-2.0,180.0,20.0,550.0,540.0,560.0,0.0144729579895,0.0144729579895
-2.0,180.0,20.0,570.0,560.0,580.0,0.0120545771081,0.0120545771081
-2.0,180.0,20.0,590.0,580.0,600.0,0.0116320900538,0.0116320900538
-2.0,180.0,20.0,610.0,600.0,620.0,0.0103128970162,0.0103128970162
-2.0,180.0,20.0,630.0,620.0,640.0,0.0107197238149,0.0107197238149
-2.0,180.0,20.0,650.0,640.0,660.0,0.0107423201022,0.0107423201022
-2.0,180.0,20.0,670.0,660.0,680.0,0.0108649737915,0.0108649737915
-2.0,180.0,20.0,690.0,680.0,700.0,0.0104349876761,0.0104349876761
-2.0,180.0,20.0,710.0,700.0,720.0,0.00974024194225,0.00974024194225
-2.0,180.0,20.0,730.0,720.0,740.0,0.0090108596468,0.0090108596468
-2.0,180.0,20.0,750.0,740.0,760.0,0.00818512528778,0.00818512528778
-2.0,180.0,20.0,770.0,760.0,780.0,0.0075405532078,0.0075405532078
-2.0,180.0,30.0,390.0,380.0,400.0,0.00823497801545,0.00823497801545
-2.0,180.0,30.0,410.0,400.0,420.0,0.0141694931876,0.0141694931876
-2.0,180.0,30.0,430.0,420.0,440.0,0.01438755142,0.01438755142
-2.0,180.0,30.0,450.0,440.0,460.0,0.0173662705645,0.0173662705645
-2.0,180.0,30.0,470.0,460.0,480.0,0.0176734710166,0.0176734710166
-2.0,180.0,30.0,490.0,480.0,500.0,0.0162743486033,0.0162743486033
-2.0,180.0,30.0,510.0,500.0,520.0,0.0142142319829,0.0142142319829
-2.0,180.0,30.0,530.0,520.0,540.0,0.0123566973569,0.0123566973569
-2.0,180.0,30.0,550.0,540.0,560.0,0.0109504705144,0.0109504705144
-2.0,180.0,30.0,570.0,560.0,580.0,0.00900798437211,0.00900798437211
-2.0,180.0,30.0,590.0,580.0,600.0,0.00857200360017,0.00857200360017
-2.0,180.0,30.0,610.0,600.0,620.0,0.00751481047204,0.00751481047204
-2.0,180.0,30.0,630.0,620.0,640.0,0.00771128231859,0.00771128231859
-2.0,180.0,30.0,650.0,640.0,660.0,0.00764073905151,0.00764073905151
-2.0,180.0,30.0,670.0,660.0,680.0,0.00765350805298,0.00765350805298
-2.0,180.0,30.0,690.0,680.0,700.0,0.00728941760114,0.00728941760114
-2.0,180.0,30.0,710.0,700.0,720.0,0.00675474417478,0.00675474417478
-2.0,180.0,30.0,730.0,720.0,740.0,0.00620934018297,0.00620934018297
-2.0,180.0,30.0,750.0,740.0,760.0,0.00560979423651,0.00560979423651
-2.0,180.0,30.0,770.0,760.0,780.0,0.00514175865177,0.00514175865177
-2.0,180.0,45.0,390.0,380.0,400.0,0.00680940064321,0.00680940064321
-2.0,180.0,45.0,410.0,400.0,420.0,0.0112291305876,0.0112291305876
-2.0,180.0,45.0,430.0,420.0,440.0,0.0110037506779,0.0110037506779
-2.0,180.0,45.0,450.0,440.0,460.0,0.0128982336571,0.0128982336571
-2.0,180.0,45.0,470.0,460.0,480.0,0.0128154442514,0.0128154442514
-2.0,180.0,45.0,490.0,480.0,500.0,0.0115742849781,0.0115742849781
-2.0,180.0,45.0,510.0,500.0,520.0,0.00995591634856,0.00995591634856
-2.0,180.0,45.0,530.0,520.0,540.0,0.00855408314443,0.00855408314443
-2.0,180.0,45.0,550.0,540.0,560.0,0.00750305608209,0.00750305608209
-2.0,180.0,45.0,570.0,560.0,580.0,0.006127031604,0.006127031604
-2.0,180.0,45.0,590.0,580.0,600.0,0.00578091206573,0.00578091206573
-2.0,180.0,45.0,610.0,600.0,620.0,0.00503617389317,0.00503617389317
-2.0,180.0,45.0,630.0,620.0,640.0,0.00512843283136,0.00512843283136
-2.0,180.0,45.0,650.0,640.0,660.0,0.005049252114,0.005049252114
-2.0,180.0,45.0,670.0,660.0,680.0,0.00503204804541,0.00503204804541
-2.0,180.0,45.0,690.0,680.0,700.0,0.00477325780727,0.00477325780727
-2.0,180.0,45.0,710.0,700.0,720.0,0.00440879826959,0.00440879826959
-2.0,180.0,45.0,730.0,720.0,740.0,0.00404237040164,0.00404237040164
-2.0,180.0,45.0,750.0,740.0,760.0,0.00364504673603,0.00364504673603
-2.0,180.0,45.0,770.0,760.0,780.0,0.00333505693513,0.00333505693513
-2.0,180.0,60.0,390.0,380.0,400.0,0.00566725758432,0.00566725758432
-2.0,180.0,60.0,410.0,400.0,420.0,0.00913670759778,0.00913670759778
-2.0,180.0,60.0,430.0,420.0,440.0,0.00878471552761,0.00878471552761
-2.0,180.0,60.0,450.0,440.0,460.0,0.0101359587231,0.0101359587231
-2.0,180.0,60.0,470.0,460.0,480.0,0.00994128367262,0.00994128367262
-2.0,180.0,60.0,490.0,480.0,500.0,0.00888486204747,0.00888486204747
-2.0,180.0,60.0,510.0,500.0,520.0,0.00757984277959,0.00757984277959
-2.0,180.0,60.0,530.0,520.0,540.0,0.00647204379032,0.00647204379032
-2.0,180.0,60.0,550.0,540.0,560.0,0.00564774759745,0.00564774759745
-2.0,180.0,60.0,570.0,560.0,580.0,0.00459613665418,0.00459613665418
-2.0,180.0,60.0,590.0,580.0,600.0,0.00432118947237,0.00432118947237
-2.0,180.0,60.0,610.0,600.0,620.0,0.00375618018141,0.00375618018141
-2.0,180.0,60.0,630.0,620.0,640.0,0.00381538614616,0.00381538614616
-2.0,180.0,60.0,650.0,640.0,660.0,0.00375008381113,0.00375008381113
-2.0,180.0,60.0,670.0,660.0,680.0,0.00373389975884,0.00373389975884
-2.0,180.0,60.0,690.0,680.0,700.0,0.00354094938946,0.00354094938946
-2.0,180.0,60.0,710.0,700.0,720.0,0.00327146671743,0.00327146671743
-2.0,180.0,60.0,730.0,720.0,740.0,0.00300170230954,0.00300170230954
-2.0,180.0,60.0,750.0,740.0,760.0,0.00270972905221,0.00270972905221
-2.0,180.0,60.0,770.0,760.0,780.0,0.00248242333923,0.00248242333923
-2.0,180.0,90.0,390.0,380.0,400.0,0.00458924837756,0.00458924837756
-2.0,180.0,90.0,410.0,400.0,420.0,0.00727018103599,0.00727018103599
-2.0,180.0,90.0,430.0,420.0,440.0,0.00689700190166,0.00689700190166
-2.0,180.0,90.0,450.0,440.0,460.0,0.00788479100842,0.00788479100842
-2.0,180.0,90.0,470.0,460.0,480.0,0.00769337149487,0.00769337149487
-2.0,180.0,90.0,490.0,480.0,500.0,0.00686702144859,0.00686702144859
-2.0,180.0,90.0,510.0,500.0,520.0,0.00587343740252,0.00587343740252
-2.0,180.0,90.0,530.0,520.0,540.0,0.00504614254201,0.00504614254201
-2.0,180.0,90.0,550.0,540.0,560.0,0.00443986877972,0.00443986877972
-2.0,180.0,90.0,570.0,560.0,580.0,0.00365476956546,0.00365476956546
-2.0,180.0,90.0,590.0,580.0,600.0,0.00347496964301,0.00347496964301
-2.0,180.0,90.0,610.0,600.0,620.0,0.0030621768748,0.0030621768748
-2.0,180.0,90.0,630.0,620.0,640.0,0.00315053808629,0.00315053808629
-2.0,180.0,90.0,650.0,640.0,660.0,0.00314023426757,0.00314023426757
-2.0,180.0,90.0,670.0,660.0,680.0,0.00317429363167,0.00317429363167
-2.0,180.0,90.0,690.0,680.0,700.0,0.0030584952933,0.0030584952933
-2.0,180.0,90.0,710.0,700.0,720.0,0.00287236212519,0.00287236212519
-2.0,180.0,90.0,730.0,720.0,740.0,0.00267959910572,0.00267959910572
-2.0,180.0,90.0,750.0,740.0,760.0,0.00245975360939,0.00245975360939
-2.0,180.0,90.0,770.0,760.0,780.0,0.00229011108659,0.00229011108659
0.0,0.0,0.0,390.0,380.0,400.0,0.0020566888018,0.0020566888018
0.0,0.0,0.0,410.0,400.0,420.0,0.00387605100372,0.00387605100372
0.0,0.0,0.0,430.0,420.0,440.0,0.00435509557921,0.00435509557921
0.0,0.0,0.0,450.0,440.0,460.0,0.00588492033877,0.00588492033877
0.0,0.0,0.0,470.0,460.0,480.0,0.0068263508641,0.0068263508641
0.0,0.0,0.0,490.0,480.0,500.0,0.00734313374186,0.00734313374186
0.0,0.0,0.0,510.0,500.0,520.0,0.00770826297006,0.00770826297006
0.0,0.0,0.0,530.0,520.0,540.0,0.00830533957449,0.00830533957449
0.0,0.0,0.0,550.0,540.0,560.0,0.0094911359533,0.0094911359533
0.0,0.0,0.0,570.0,560.0,580.0,0.0102229673802,0.0102229673802
0.0,0.0,0.0,590.0,580.0,600.0,0.0131005084211,0.0131005084211
0.0,0.0,0.0,610.0,600.0,620.0,0.0153833676005,0.0153833676005
0.0,0.0,0.0,630.0,620.0,640.0,0.0212714746381,0.0212714746381
0.0,0.0,0.0,650.0,640.0,660.0,0.0280191735397,0.0280191735397
0.0,0.0,0.0,670.0,660.0,680.0,0.0367256466225,0.0367256466225
0.0,0.0,0.0,690.0,680.0,700.0,0.0450365304063,0.0450365304063
0.0,0.0,0.0,710.0,700.0,720.0,0.0528876843755,0.0528876843755
0.0,0.0,0.0,730.0,720.0,740.0,0.0606632341289,0.0606632341289
0.0,0.0,0.0,750.0,740.0,760.0,0.0673354896883,0.0673354896883
0.0,0.0,0.0,770.0,760.0,780.0,0.0748464202322,0.0748464202322
0.0,0.0,0.5,390.0,380.0,400.0,0.00203702561144,0.00203702561144
0.0,0.0,0.5,410.0,400.0,420.0,0.00385383067993,0.00385383067993
0.0,0.0,0.5,430.0,420.0,440.0,0.00435103453547,0.00435103453547
0.0,0.0,0.5,450.0,440.0,460.0,0.00592337003112,0.00592337003112
0.0,0.0,0.5,470.0,460.0,480.0,0.00695972062732,0.00695972062732
0.0,0.0,0.5,490.0,480.0,500.0,0.00764570779851,0.00764570779851
0.0,0.0,0.5,510.0,500.0,520.0,0.00827228385959,0.00827228385959
0.0,0.0,0.5,530.0,520.0,540.0,0.00925118229077,0.00925118229077
0.0,0.0,0.5,550.0,540.0,560.0,0.0109879395578,0.0109879395578
0.0,0.0,0.5,570.0,560.0,580.0,0.0122617516963,0.0122617516963
0.0,0.0,0.5,590.0,580.0,600.0,0.0161554487679,0.0161554487679
0.0,0.0,0.5,610.0,600.0,620.0,0.0193624152287,0.0193624152287
0.0,0.0,0.5,630.0,620.0,640.0,0.0271228138536,0.0271228138536
0.0,0.0,0.5,650.0,640.0,660.0,0.0359763801205,0.0359763801205
0.0,0.0,0.5,670.0,660.0,680.0,0.0472422348988,0.0472422348988
0.0,0.0,0.5,690.0,680.0,700.0,0.0577889882138,0.0577889882138
0.0,0.0,0.5,710.0,700.0,720.0,0.0674533470168,0.0674533470168
0.0,0.0,0.5,730.0,720.0,740.0,0.076680020177,0.076680020177
0.0,0.0,0.5,750.0,740.0,760.0,0.0841546918081,0.0841546918081
0.0,0.0,0.5,770.0,760.0,780.0,0.0923300541095,0.0923300541095
0.0,0.0,1.0,390.0,380.0,400.0,0.00208058990656,0.00208058990656
0.0,0.0,1.0,410.0,400.0,420.0,0.00394730432686,0.00394730432686
0.0,0.0,1.0,430.0,420.0,440.0,0.0044803011273,0.0044803011273
0.0,0.0,1.0,450.0,440.0,460.0,0.00616848828541,0.00616848828541
0.0,0.0,1.0,470.0,460.0,480.0,0.00740421560908,0.00740421560908
0.0,0.0,1.0,490.0,480.0,500.0,0.00840936986663,0.00840936986663
0.0,0.0,1.0,510.0,500.0,520.0,0.00948744246659,0.00948744246659
0.0,0.0,1.0,530.0,520.0,540.0,0.0110694336934,0.0110694336934
0.0,0.0,1.0,550.0,540.0,560.0,0.0136001921185,0.0136001921185
0.0,0.0,1.0,570.0,560.0,580.0,0.0155195177804,0.0155195177804
0.0,0.0,1.0,590.0,580.0,600.0,0.0206476354595,0.0206476354595
0.0,0.0,1.0,610.0,600.0,620.0,0.0247593166395,0.0247593166395
0.0,0.0,1.0,630.0,620.0,640.0,0.034465009725,0.034465009725
0.0,0.0,1.0,650.0,640.0,660.0,0.0452207700258,0.0452207700258
0.0,0.0,1.0,670.0,660.0,680.0,0.0585516089299,0.0585516089299
0.0,0.0,1.0,690.0,680.0,700.0,0.0704719206708,0.0704719206708
0.0,0.0,1.0,710.0,700.0,720.0,0.0808276038037,0.0808276038037
0.0,0.0,1.0,730.0,720.0,740.0,0.0902194385954,0.0902194385954
0.0,0.0,1.0,750.0,740.0,760.0,0.0971849851652,0.0971849851652
0.0,0.0,1.0,770.0,760.0,780.0,0.10466984896,0.10466984896
0.0,0.0,2.0,390.0,380.0,400.0,0.00219966866841,0.00219966866841
0.0,0.0,2.0,410.0,400.0,420.0,0.00421056958768,0.00421056958768
0.0,0.0,2.0,430.0,420.0,440.0,0.00488486301452,0.00488486301452
0.0,0.0,2.0,450.0,440.0,460.0,0.00702461538348,0.00702461538348
0.0,0.0,2.0,470.0,460.0,480.0,0.00900926710355,0.00900926710355
0.0,0.0,2.0,490.0,480.0,500.0,0.0110481520332,0.0110481520332
0.0,0.0,2.0,510.0,500.0,520.0,0.0133346546467,0.0133346546467
0.0,0.0,2.0,530.0,520.0,540.0,0.0162478007971,0.0162478007971
0.0,0.0,2.0,550.0,540.0,560.0,0.0202644293072,0.0202644293072
0.0,0.0,2.0,570.0,560.0,580.0,0.0229549635339,0.0229549635339
0.0,0.0,2.0,590.0,580.0,600.0,0.0298648706766,0.0298648706766
0.0,0.0,2.0,610.0,600.0,620.0,0.0347147322917,0.0347147322917
0.0,0.0,2.0,630.0,620.0,640.0,0.0466854082854,0.0466854082854
0.0,0.0,2.0,650.0,640.0,660.0,0.0590787582915,0.0590787582915
0.0,0.0,2.0,670.0,660.0,680.0,0.0737470584766,0.0737470584766
0.0,0.0,2.0,690.0,680.0,700.0,0.0856184943065,0.0856184943065
0.0,0.0,2.0,710.0,700.0,720.0,0.0948272546135,0.0948272546135
0.0,0.0,2.0,730.0,720.0,740.0,0.102354922166,0.102354922166
0.0,0.0,2.0,750.0,740.0,760.0,0.106780846767,0.106780846767
0.0,0.0,2.0,770.0,760.0,780.0,0.111587323395,0.111587323395
0.0,0.0,3.0,390.0,380.0,400.0,0.00233315940334,0.00233315940334
0.0,0.0,3.0,410.0,400.0,420.0,0.00456332389422,0.00456332389422
0.0,0.0,3.0,430.0,420.0,440.0,0.00550745462502,0.00550745462502
0.0,0.0,3.0,450.0,440.0,460.0,0.00836460991616,0.00836460991616
0.0,0.0,3.0,470.0,460.0,480.0,0.0113316180544,0.0113316180544
0.0,0.0,3.0,490.0,480.0,500.0,0.0144296742546,0.0144296742546
0.0,0.0,3.0,510.0,500.0,520.0,0.0176437144132,0.0176437144132
0.0,0.0,3.0,530.0,520.0,540.0,0.0213057380585,0.0213057380585
0.0,0.0,3.0,550.0,540.0,560.0,0.0259565905793,0.0259565905793
0.0,0.0,3.0,570.0,560.0,580.0,0.0284956782769,0.0284956782769
0.0,0.0,3.0,590.0,580.0,600.0,0.0358658961139,0.0358658961139
0.0,0.0,3.0,610.0,600.0,620.0,0.0403110626967,0.0403110626967
0.0,0.0,3.0,630.0,620.0,640.0,0.0525466729961,0.0525466729961
0.0,0.0,3.0,650.0,640.0,660.0,0.064562682164,0.064562682164
0.0,0.0,3.0,670.0,660.0,680.0,0.078386050399,0.078386050399
0.0,0.0,3.0,690.0,680.0,700.0,0.0886775436412,0.0886775436412
0.0,0.0,3.0,710.0,700.0,720.0,0.0958808818452,0.0958808818452
0.0,0.0,3.0,730.0,720.0,740.0,0.101210656641,0.101210656641
0.0,0.0,3.0,750.0,740.0,760.0,0.103424743829,0.103424743829
0.0,0.0,3.0,770.0,760.0,780.0,0.106047714274,0.106047714274
0.0,0.0,5.0,390.0,380.0,400.0,0.0027430340346,0.0027430340346
0.0,0.0,5.0,410.0,400.0,420.0,0.00568590056209,0.00568590056209
0.0,0.0,5.0,430.0,420.0,440.0,0.00730798449635,0.00730798449635
0.0,0.0,5.0,450.0,440.0,460.0,0.0116380786315,0.0116380786315
0.0,0.0,5.0,470.0,460.0,480.0,0.0160307617526,0.0160307617526
0.0,0.0,5.0,490.0,480.0,500.0,0.0201078205293,0.0201078205293
0.0,0.0,5.0,510.0,500.0,520.0,0.023671954112,0.023671954112
0.0,0.0,5.0,530.0,520.0,540.0,0.0271835103759,0.0271835103759
0.0,0.0,5.0,550.0,540.0,560.0,0.0313881070823,0.0313881070823
0.0,0.0,5.0,570.0,560.0,580.0,0.0326622090641,0.0326622090641
0.0,0.0,5.0,590.0,580.0,600.0,0.039171402219,0.039171402219
0.0,0.0,5.0,610.0,600.0,620.0,0.0420867392656,0.0420867392656
0.0,0.0,5.0,630.0,620.0,640.0,0.0527543659272,0.0527543659272
0.0,0.0,5.0,650.0,640.0,660.0,0.0625508719613,0.0625508719613
0.0,0.0,5.0,670.0,660.0,680.0,0.0735127045302,0.0735127045302
0.0,0.0,5.0,690.0,680.0,700.0,0.0807346711663,0.0807346711663
0.0,0.0,5.0,710.0,700.0,720.0,0.0849661103638,0.0849661103638
0.0,0.0,5.0,730.0,720.0,740.0,0.0875069328222,0.0875069328222
0.0,0.0,5.0,750.0,740.0,760.0,0.0874270319329,0.0874270319329
0.0,0.0,5.0,770.0,760.0,780.0,0.0878328623288,0.0878328623288
0.0,0.0,8.0,390.0,380.0,400.0,0.0036131013663,0.0036131013663
0.0,0.0,8.0,410.0,400.0,420.0,0.0076663967552,0.0076663967552
0.0,0.0,8.0,430.0,420.0,440.0,0.00981535123062,0.00981535123062
0.0,0.0,8.0,450.0,440.0,460.0,0.0151631423491,0.0151631423491
0.0,0.0,8.0,470.0,460.0,480.0,0.019884828317,0.019884828317
0.0,0.0,8.0,490.0,480.0,500.0,0.0235306377393,0.0235306377393
0.0,0.0,8.0,510.0,500.0,520.0,0.0260897592006,0.0260897592006
0.0,0.0,8.0,530.0,520.0,540.0,0.0282929907696,0.0282929907696
0.0,0.0,8.0,550.0,540.0,560.0,0.0310341865096,0.0310341865096
0.0,0.0,8.0,570.0,560.0,580.0,0.0308331863309,0.0308331863309
0.0,0.0,8.0,590.0,580.0,600.0,0.0355663372446,0.0355663372446
0.0,0.0,8.0,610.0,600.0,620.0,0.0369104894805,0.0369104894805
0.0,0.0,8.0,630.0,620.0,640.0,0.0449431950019,0.0449431950019
0.0,0.0,8.0,650.0,640.0,660.0,0.0519381318247,0.0519381318247
0.0,0.0,8.0,670.0,660.0,680.0,0.0596529984443,0.0596529984443
0.0,0.0,8.0,690.0,680.0,700.0,0.0641781260018,0.0641781260018
0.0,0.0,8.0,710.0,700.0,720.0,0.0663049498806,0.0663049498806
0.0,0.0,8.0,730.0,720.0,740.0,0.0671615674134,0.0671615674134
0.0,0.0,8.0,750.0,740.0,760.0,0.0660979419091,0.0660979419091
0.0,0.0,8.0,770.0,760.0,780.0,0.0655172879828,0.0655172879828
0.0,0.0,12.0,390.0,380.0,400.0,0.0045760626897,0.0045760626897
0.0,0.0,12.0,410.0,400.0,420.0,0.00934260046611,0.00934260046611
0.0,0.0,12.0,430.0,420.0,440.0,0.0113560344453,0.0113560344453
0.0,0.0,12.0,450.0,440.0,460.0,0.0165440869382,0.0165440869382
0.0,0.0,12.0,470.0,460.0,480.0,0.0204431869821,0.0204431869821
0.0,0.0,12.0,490.0,480.0,500.0,0.0228685904366,0.0228685904366
0.0,0.0,12.0,510.0,500.0,520.0,0.0240980173137,0.0240980173137
0.0,0.0,12.0,530.0,520.0,540.0,0.0249887177717,0.0249887177717
0.0,0.0,12.0,550.0,540.0,560.0,0.026390931926,0.026390931926
0.0,0.0,12.0,570.0,560.0,580.0,0.0253763372989,0.0253763372989
0.0,0.0,12.0,590.0,580.0,600.0,0.0285083377751,0.0285083377751
0.0,0.0,12.0,610.0,600.0,620.0,0.0289167885184,0.0289167885184
0.0,0.0,12.0,630.0,620.0,640.0,0.0345650562071,0.0345650562071
0.0,0.0,12.0,650.0,640.0,660.0,0.0393125717297,0.0393125717297
0.0,0.0,12.0,670.0,660.0,680.0,0.0445251332466,0.0445251332466
0.0,0.0,12.0,690.0,680.0,700.0,0.0473178905683,0.0473178905683
0.0,0.0,12.0,710.0,700.0,720.0,0.0483597242904,0.0483597242904
0.0,0.0,12.0,730.0,720.0,740.0,0.0485180892436,0.0485180892436
0.0,0.0,12.0,750.0,740.0,760.0,0.0473446395884,0.0473446395884
0.0,0.0,12.0,770.0,760.0,780.0,0.0465796212689,0.0465796212689
0.0,0.0,20.0,390.0,380.0,400.0,0.00518619522714,0.00518619522714
0.0,0.0,20.0,410.0,400.0,420.0,0.00979396264662,0.00979396264662
0.0,0.0,20.0,430.0,420.0,440.0,0.0110044824473,0.0110044824473
0.0,0.0,20.0,450.0,440.0,460.0,0.0148447973874,0.0148447973874
0.0,0.0,20.0,470.0,460.0,480.0,0.0170571273076,0.0170571273076
0.0,0.0,20.0,490.0,480.0,500.0,0.0178547065869,0.0178547065869
0.0,0.0,20.0,510.0,500.0,520.0,0.0177370181686,0.0177370181686
0.0,0.0,20.0,530.0,520.0,540.0,0.0174753623883,0.0174753623883
0.0,0.0,20.0,550.0,540.0,560.0,0.0176911517956,0.0176911517956
0.0,0.0,20.0,570.0,560.0,580.0,0.0164129434741,0.0164129434741
0.0,0.0,20.0,590.0,580.0,600.0,0.0179367802798,0.0179367802798
0.0,0.0,20.0,610.0,600.0,620.0,0.0177775882961,0.0177775882961
0.0,0.0,20.0,630.0,620.0,640.0,0.0208829115829,0.0208829115829
0.0,0.0,20.0,650.0,640.0,660.0,0.0234130505459,0.0234130505459
0.0,0.0,20.0,670.0,660.0,680.0,0.0262006264388,0.0262006264388
0.0,0.0,20.0,690.0,680.0,700.0,0.0275650160523,0.0275650160523
0.0,0.0,20.0,710.0,700.0,720.0,0.0279354335308,0.0279354335308
0.0,0.0,20.0,730.0,720.0,740.0,0.0278299102448,0.0278299102448
0.0,0.0,20.0,750.0,740.0,760.0,0.026995772387,0.026995772387
0.0,0.0,20.0,770.0,760.0,780.0,0.0264321071845,0.0264321071845
0.0,0.0,30.0,390.0,380.0,400.0,0.00483652393406,0.00483652393406
0.0,0.0,30.0,410.0,400.0,420.0,0.00863160720701,0.00863160720701
0.0,0.0,30.0,430.0,420.0,440.0,0.00918346415192,0.00918346415192
0.0,0.0,30.0,450.0,440.0,460.0,0.0117401424879,0.0117401424879
0.0,0.0,30.0,470.0,460.0,480.0,0.0127972749909,0.0127972749909
0.0,0.0,30.0,490.0,480.0,500.0,0.0127336762299,0.0127336762299
0.0,0.0,30.0,510.0,500.0,520.0,0.0120625367387,0.0120625367387
0.0,0.0,30.0,530.0,520.0,540.0,0.0113803845992,0.0113803845992
0.0,0.0,30.0,550.0,540.0,560.0,0.0111015264434,0.0111015264434
0.0,0.0,30.0,570.0,560.0,580.0,0.00997212336968,0.00997212336968
0.0,0.0,30.0,590.0,580.0,600.0,0.0106331711918,0.0106331711918
0.0,0.0,30.0,610.0,600.0,620.0,0.010323463223,0.010323463223
0.0,0.0,30.0,630.0,620.0,640.0,0.0119512431027,0.0119512431027
0.0,0.0,30.0,650.0,640.0,660.0,0.0132460793541,0.0132460793541
0.0,0.0,30.0,670.0,660.0,680.0,0.0146874919509,0.0146874919509
0.0,0.0,30.0,690.0,680.0,700.0,0.0153408503589,0.0153408503589
0.0,0.0,30.0,710.0,700.0,720.0,0.0154604361603,0.0154604361603
0.0,0.0,30.0,730.0,720.0,740.0,0.0153375758178,0.0153375758178
0.0,0.0,30.0,750.0,740.0,760.0,0.014831755434,0.014831755434
0.0,0.0,30.0,770.0,760.0,780.0,0.0144942537493,0.0144942537493
0.0,0.0,45.0,390.0,380.0,400.0,0.00392586394191,0.00392586394191
0.0,0.0,45.0,410.0,400.0,420.0,0.00669471600928,0.00669471600928
0.0,0.0,45.0,430.0,420.0,440.0,0.00682037463687,0.00682037463687
0.0,0.0,45.0,450.0,440.0,460.0,0.00834835362148,0.00834835362148
0.0,0.0,45.0,470.0,460.0,480.0,0.0087031422246,0.0087031422246
0.0,0.0,45.0,490.0,480.0,500.0,0.00827188886186,0.00827188886186
0.0,0.0,45.0,510.0,500.0,520.0,0.00747953977967,0.00747953977967
0.0,0.0,45.0,530.0,520.0,540.0,0.00673759809574,0.00673759809574
0.0,0.0,45.0,550.0,540.0,560.0,0.0062948080733,0.0062948080733
0.0,0.0,45.0,570.0,560.0,580.0,0.00542831193116,0.00542831193116
0.0,0.0,45.0,590.0,580.0,600.0,0.00559660667929,0.00559660667929
0.0,0.0,45.0,610.0,600.0,620.0,0.00527198432908,0.00527198432908
0.0,0.0,45.0,630.0,620.0,640.0,0.00596554904185,0.00596554904185
0.0,0.0,45.0,650.0,640.0,660.0,0.00648725557673,0.00648725557673
0.0,0.0,45.0,670.0,660.0,680.0,0.00707882961583,0.00707882961583
0.0,0.0,45.0,690.0,680.0,700.0,0.00729607044415,0.00729607044415
0.0,0.0,45.0,710.0,700.0,720.0,0.00727373241284,0.00727373241284
0.0,0.0,45.0,730.0,720.0,740.0,0.00715375782877,0.00715375782877
0.0,0.0,45.0,750.0,740.0,760.0,0.00687045121325,0.00687045121325
0.0,0.0,45.0,770.0,760.0,780.0,0.00668179761167,0.00668179761167
0.0,0.0,60.0,390.0,380.0,400.0,0.00316024396738,0.00316024396738
0.0,0.0,60.0,410.0,400.0,420.0,0.00524768328713,0.00524768328713
0.0,0.0,60.0,430.0,420.0,440.0,0.00521577509988,0.00521577509988
0.0,0.0,60.0,450.0,440.0,460.0,0.00623090853948,0.00623090853948
0.0,0.0,60.0,470.0,460.0,480.0,0.00633529047768,0.00633529047768
0.0,0.0,60.0,490.0,480.0,500.0,0.00586438992929,0.00586438992929
0.0,0.0,60.0,510.0,500.0,520.0,0.00515501058205,0.00515501058205
0.0,0.0,60.0,530.0,520.0,540.0,0.0045063111589,0.0045063111589
0.0,0.0,60.0,550.0,540.0,560.0,0.00408612500149,0.00408612500149
0.0,0.0,60.0,570.0,560.0,580.0,0.00341671962617,0.00341671962617
0.0,0.0,60.0,590.0,580.0,600.0,0.00342868457406,0.00342868457406
0.0,0.0,60.0,610.0,600.0,620.0,0.0031454150725,0.0031454150725
0.0,0.0,60.0,630.0,620.0,640.0,0.0034840738315,0.0034840738315
0.0,0.0,60.0,650.0,640.0,660.0,0.00371632251615,0.00371632251615
0.0,0.0,60.0,670.0,660.0,680.0,0.00398418319556,0.00398418319556
0.0,0.0,60.0,690.0,680.0,700.0,0.00404143781866,0.00404143781866
0.0,0.0,60.0,710.0,700.0,720.0,0.00397222750605,0.00397222750605
0.0,0.0,60.0,730.0,720.0,740.0,0.00385819732597,0.00385819732597
0.0,0.0,60.0,750.0,740.0,760.0,0.00366479405906,0.00366479405906
0.0,0.0,60.0,770.0,760.0,780.0,0.00353229865655,0.00353229865655
0.0,0.0,90.0,390.0,380.0,400.0,0.0024946157379,0.0024946157379
0.0,0.0,90.0,410.0,400.0,420.0,0.00404967625324,0.00404967625324
0.0,0.0,90.0,430.0,420.0,440.0,0.00394262336182,0.00394262336182
0.0,0.0,90.0,450.0,440.0,460.0,0.0046167599237,0.0046167599237
0.0,0.0,90.0,470.0,460.0,480.0,0.00459944114959,0.00459944114959
0.0,0.0,90.0,490.0,480.0,500.0,0.00416591064203,0.00416591064203
0.0,0.0,90.0,510.0,500.0,520.0,0.00357495632274,0.00357495632274
0.0,0.0,90.0,530.0,520.0,540.0,0.00304201992691,0.00304201992691
0.0,0.0,90.0,550.0,540.0,560.0,0.00268038166286,0.00268038166286
0.0,0.0,90.0,570.0,560.0,580.0,0.00217082792385,0.00217082792385
0.0,0.0,90.0,590.0,580.0,600.0,0.00211264971668,0.00211264971668
0.0,0.0,90.0,610.0,600.0,620.0,0.00187570247317,0.00187570247317
0.0,0.0,90.0,630.0,620.0,640.0,0.00201769719061,0.00201769719061
0.0,0.0,90.0,650.0,640.0,660.0,0.00209070177635,0.00209070177635
0.0,0.0,90.0,670.0,660.0,680.0,0.00217739857276,0.00217739857276
0.0,0.0,90.0,690.0,680.0,700.0,0.0021464171347,0.0021464171347
0.0,0.0,90.0,710.0,700.0,720.0,0.00205164575321,0.00205164575321
0.0,0.0,90.0,730.0,720.0,740.0,0.00193984129319,0.00193984129319
0.0,0.0,90.0,750.0,740.0,760.0,0.00179529566277,0.00179529566277
0.0,0.0,90.0,770.0,760.0,780.0,0.00168977044684,0.00168977044684
0.0,90.0,0.0,390.0,380.0,400.0,0.00164189035001,0.00164189035001
0.0,90.0,0.0,410.0,400.0,420.0,0.00295671398033,0.00295671398033
0.0,90.0,0.0,430.0,420.0,440.0,0.0031668540954,0.0031668540954
0.0,90.0,0.0,450.0,440.0,460.0,0.00404316904203,0.00404316904203
0.0,90.0,0.0,470.0,460.0,480.0,0.00435545146867,0.00435545146867
0.0,90.0,0.0,490.0,480.0,500.0,0.00423424136643,0.00423424136643
0.0,90.0,0.0,510.0,500.0,520.0,0.00387314995578,0.00387314995578
0.0,90.0,0.0,530.0,520.0,540.0,0.00349536868273,0.00349536868273
0.0,90.0,0.0,550.0,540.0,560.0,0.00327884958723,0.00327884958723
0.0,90.0,0.0,570.0,560.0,580.0,0.00282396569222,0.00282396569222
0.0,90.0,0.0,590.0,580.0,600.0,0.00296448037599,0.00296448037599
0.0,90.0,0.0,610.0,600.0,620.0,0.00284714824054,0.00284714824054
0.0,90.0,0.0,630.0,620.0,640.0,0.00335791999714,0.00335791999714
0.0,90.0,0.0,650.0,640.0,660.0,0.0038344701846,0.0038344701846
0.0,90.0,0.0,670.0,660.0,680.0,0.00442425871596,0.00442425871596
0.0,90.0,0.0,690.0,680.0,700.0,0.00485895585344,0.00485895585344
0.0,90.0,0.0,710.0,700.0,720.0,0.00520301195133,0.00520301195133
0.0,90.0,0.0,730.0,720.0,740.0,0.0055378828994,0.0055378828994
0.0,90.0,0.0,750.0,740.0,760.0,0.00579216546317,0.00579216546317
0.0,90.0,0.0,770.0,760.0,780.0,0.00617388386457,0.00617388386457
0.0,90.0,0.5,390.0,380.0,400.0,0.00166371123399,0.00166371123399
0.0,90.0,0.5,410.0,400.0,420.0,0.00300206385123,0.00300206385123
0.0,90.0,0.5,430.0,420.0,440.0,0.00322242388081,0.00322242388081
0.0,90.0,0.5,450.0,440.0,460.0,0.00412399011212,0.00412399011212
0.0,90.0,0.5,470.0,460.0,480.0,0.00445490587192,0.00445490587192
0.0,90.0,0.5,490.0,480.0,500.0,0.00434602685644,0.00434602685644
0.0,90.0,0.5,510.0,500.0,520.0,0.00399395551452,0.00399395551452
0.0,90.0,0.5,530.0,520.0,540.0,0.00362786541699,0.00362786541699
0.0,90.0,0.5,550.0,540.0,560.0,0.00343346325569,0.00343346325569
0.0,90.0,0.5,570.0,560.0,580.0,0.00299283589812,0.00299283589812
0.0,90.0,0.5,590.0,580.0,600.0,0.00318776423734,0.00318776423734
0.0,90.0,0.5,610.0,600.0,620.0,0.00311549915526,0.00311549915526
0.0,90.0,0.5,630.0,620.0,640.0,0.00374309767234,0.00374309767234
0.0,90.0,0.5,650.0,640.0,660.0,0.00435788748283,0.00435788748283
0.0,90.0,0.5,670.0,660.0,680.0,0.00512564195296,0.00512564195296
0.0,90.0,0.5,690.0,680.0,700.0,0.00573018078428,0.00573018078428
0.0,90.0,0.5,710.0,700.0,720.0,0.00623003350312,0.00623003350312
0.0,90.0,0.5,730.0,720.0,740.0,0.00670984003683,0.00670984003683
0.0,90.0,0.5,750.0,740.0,760.0,0.00707346423381,0.00707346423381
0.0,90.0,0.5,770.0,760.0,780.0,0.00756900828878,0.00756900828878
0.0,90.0,1.0,390.0,380.0,400.0,0.00171198740987,0.00171198740987
0.0,90.0,1.0,410.0,400.0,420.0,0.00309575305849,0.00309575305849
0.0,90.0,1.0,430.0,420.0,440.0,0.00333033083129,0.00333033083129
0.0,90.0,1.0,450.0,440.0,460.0,0.00427318847215,0.00427318847215
0.0,90.0,1.0,470.0,460.0,480.0,0.00463244067545,0.00463244067545
0.0,90.0,1.0,490.0,480.0,500.0,0.00454302933698,0.00454302933698
0.0,90.0,1.0,510.0,500.0,520.0,0.00420800107427,0.00420800107427
0.0,90.0,1.0,530.0,520.0,540.0,0.00386566872889,0.00386566872889
0.0,90.0,1.0,550.0,540.0,560.0,0.00371274666138,0.00371274666138
0.0,90.0,1.0,570.0,560.0,580.0,0.00329523477768,0.00329523477768
0.0,90.0,1.0,590.0,580.0,600.0,0.00357803904832,0.00357803904832
0.0,90.0,1.0,610.0,600.0,620.0,0.00356624407341,0.00356624407341
0.0,90.0,1.0,630.0,620.0,640.0,0.00436014176369,0.00436014176369
0.0,90.0,1.0,650.0,640.0,660.0,0.00515123472004,0.00515123472004
0.0,90.0,1.0,670.0,660.0,680.0,0.00612518540214,0.00612518540214
0.0,90.0,1.0,690.0,680.0,700.0,0.0068924475626,0.0068924475626
0.0,90.0,1.0,710.0,700.0,720.0,0.00750873628243,0.00750873628243
0.0,90.0,1.0,730.0,720.0,740.0,0.00806862137324,0.00806862137324
0.0,90.0,1.0,750.0,740.0,760.0,0.00845382769525,0.00845382769525
0.0,90.0,1.0,770.0,760.0,780.0,0.00896417946302,0.00896417946302
0.0,90.0,2.0,390.0,380.0,400.0,0.00179792697331,0.00179792697331
0.0,90.0,2.0,410.0,400.0,420.0,0.00326485771345,0.00326485771345
0.0,90.0,2.0,430.0,420.0,440.0,0.0035336996573,0.0035336996573
0.0,90.0,2.0,450.0,440.0,460.0,0.00457853321936,0.00457853321936
0.0,90.0,2.0,470.0,460.0,480.0,0.00503962779675,0.00503962779675
0.0,90.0,2.0,490.0,480.0,500.0,0.00505155954373,0.00505155954373
0.0,90.0,2.0,510.0,500.0,520.0,0.00481323381519,0.00481323381519
0.0,90.0,2.0,530.0,520.0,540.0,0.00456953340452,0.00456953340452
0.0,90.0,2.0,550.0,540.0,560.0,0.00454085037738,0.00454085037738
0.0,90.0,2.0,570.0,560.0,580.0,0.00415969696496,0.00415969696496
0.0,90.0,2.0,590.0,580.0,600.0,0.00463367078628,0.00463367078628
0.0,90.0,2.0,610.0,600.0,620.0,0.00470006129443,0.00470006129443
0.0,90.0,2.0,630.0,620.0,640.0,0.0057995350762,0.0057995350762
0.0,90.0,2.0,650.0,640.0,660.0,0.00685806540136,0.00685806540136
0.0,90.0,2.0,670.0,660.0,680.0,0.00810045686071,0.00810045686071
0.0,90.0,2.0,690.0,680.0,700.0,0.00899615922062,0.00899615922062
0.0,90.0,2.0,710.0,700.0,720.0,0.00962277308993,0.00962277308993
0.0,90.0,2.0,730.0,720.0,740.0,0.0101132363903,0.0101132363903
0.0,90.0,2.0,750.0,740.0,760.0,0.0103335892327,0.0103335892327
0.0,90.0,2.0,770.0,760.0,780.0,0.01067176855,0.01067176855
0.0,90.0,3.0,390.0,380.0,400.0,0.00189365341809,0.00189365341809
0.0,90.0,3.0,410.0,400.0,420.0,0.00346708685026,0.00346708685026
0.0,90.0,3.0,430.0,420.0,440.0,0.00380243225056,0.00380243225056
0.0,90.0,3.0,450.0,440.0,460.0,0.00502207670471,0.00502207670471
0.0,90.0,3.0,470.0,460.0,480.0,0.00566336448495,0.00566336448495
0.0,90.0,3.0,490.0,480.0,500.0,0.00582942644807,0.00582942644807
0.0,90.0,3.0,510.0,500.0,520.0,0.0056960339176,0.0056960339176
0.0,90.0,3.0,530.0,520.0,540.0,0.00551882996183,0.00551882996183
0.0,90.0,3.0,550.0,540.0,560.0,0.00555744120995,0.00555744120995
0.0,90.0,3.0,570.0,560.0,580.0,0.00511623890131,0.00511623890131
0.0,90.0,3.0,590.0,580.0,600.0,0.00568695618976,0.00568695618976
0.0,90.0,3.0,610.0,600.0,620.0,0.00571689013484,0.00571689013484
0.0,90.0,3.0,630.0,620.0,640.0,0.00696261395527,0.00696261395527
0.0,90.0,3.0,650.0,640.0,660.0,0.0080968910112,0.0080968910112
0.0,90.0,3.0,670.0,660.0,680.0,0.00938058653577,0.00938058653577
0.0,90.0,3.0,690.0,680.0,700.0,0.0102019007568,0.0102019007568
0.0,90.0,3.0,710.0,700.0,720.0,0.0106773014646,0.0106773014646
0.0,90.0,3.0,730.0,720.0,740.0,0.0109767664134,0.0109767664134
0.0,90.0,3.0,750.0,740.0,760.0,0.0109722552945,0.0109722552945
0.0,90.0,3.0,770.0,760.0,780.0,0.0110932092921,0.0110932092921
0.0,90.0,5.0,390.0,380.0,400.0,0.00213973840402,0.00213973840402
0.0,90.0,5.0,410.0,400.0,420.0,0.00403072158799,0.00403072158799
0.0,90.0,5.0,430.0,420.0,440.0,0.00457131330033,0.00457131330033
0.0,90.0,5.0,450.0,440.0,460.0,0.00624155306854,0.00624155306854
0.0,90.0,5.0,470.0,460.0,480.0,0.00723177603449,0.00723177603449
0.0,90.0,5.0,490.0,480.0,500.0,0.0075704450284,0.0075704450284
0.0,90.0,5.0,510.0,500.0,520.0,0.00743510825321,0.00743510825321
0.0,90.0,5.0,530.0,520.0,540.0,0.00715952463035,0.00715952463035
0.0,90.0,5.0,550.0,540.0,560.0,0.00709773567574,0.00709773567574
0.0,90.0,5.0,570.0,560.0,580.0,0.00638508008595,0.00638508008595
0.0,90.0,5.0,590.0,580.0,600.0,0.00690429981502,0.00690429981502
0.0,90.0,5.0,610.0,600.0,620.0,0.00673003843669,0.00673003843669
0.0,90.0,5.0,630.0,620.0,640.0,0.00794123493946,0.00794123493946
0.0,90.0,5.0,650.0,640.0,660.0,0.00894354403649,0.00894354403649
0.0,90.0,5.0,670.0,660.0,680.0,0.0100368855141,0.0100368855141
0.0,90.0,5.0,690.0,680.0,700.0,0.0105821485926,0.0105821485926
0.0,90.0,5.0,710.0,700.0,720.0,0.0107489848058,0.0107489848058
0.0,90.0,5.0,730.0,720.0,740.0,0.0107392010238,0.0107392010238
0.0,90.0,5.0,750.0,740.0,760.0,0.0104470405107,0.0104470405107
0.0,90.0,5.0,770.0,760.0,780.0,0.0102960503535,0.0102960503535
0.0,90.0,8.0,390.0,380.0,400.0,0.00262023349141,0.00262023349141
0.0,90.0,8.0,410.0,400.0,420.0,0.00504229997963,0.00504229997963
0.0,90.0,8.0,430.0,420.0,440.0,0.00577371013086,0.00577371013086
0.0,90.0,8.0,450.0,440.0,460.0,0.00785554643519,0.00785554643519
0.0,90.0,8.0,470.0,460.0,480.0,0.00896533157175,0.00896533157175
0.0,90.0,8.0,490.0,480.0,500.0,0.00916542386275,0.00916542386275
0.0,90.0,8.0,510.0,500.0,520.0,0.00874408787568,0.00874408787568
0.0,90.0,8.0,530.0,520.0,540.0,0.0081564230206,0.0081564230206
0.0,90.0,8.0,550.0,540.0,560.0,0.00781946160005,0.00781946160005
0.0,90.0,8.0,570.0,560.0,580.0,0.0068051355278,0.0068051355278
0.0,90.0,8.0,590.0,580.0,600.0,0.0071170729625,0.0071170729625
0.0,90.0,8.0,610.0,600.0,620.0,0.00672147667896,0.00672147667896
0.0,90.0,8.0,630.0,620.0,640.0,0.00769076914652,0.00769076914652
0.0,90.0,8.0,650.0,640.0,660.0,0.00841565582829,0.00841565582829
0.0,90.0,8.0,670.0,660.0,680.0,0.0091949438037,0.0091949438037
0.0,90.0,8.0,690.0,680.0,700.0,0.00945673908085,0.00945673908085
0.0,90.0,8.0,710.0,700.0,720.0,0.00938732054995,0.00938732054995
0.0,90.0,8.0,730.0,720.0,740.0,0.00918104704725,0.00918104704725
0.0,90.0,8.0,750.0,740.0,760.0,0.00875708478363,0.00875708478363
0.0,90.0,8.0,770.0,760.0,780.0,0.00847417520635,0.00847417520635
0.0,90.0,12.0,390.0,380.0,400.0,0.00316975608337,0.00316975608337
0.0,90.0,12.0,410.0,400.0,420.0,0.00598814916819,0.00598814916819
0.0,90.0,12.0,430.0,420.0,440.0,0.00667101380547,0.00667101380547
0.0,90.0,12.0,450.0,440.0,460.0,0.00878656072035,0.00878656072035
0.0,90.0,12.0,470.0,460.0,480.0,0.0096901310397,0.0096901310397
0.0,90.0,12.0,490.0,480.0,500.0,0.00957646515605,0.00957646515605
0.0,90.0,12.0,510.0,500.0,520.0,0.00884834225426,0.00884834225426
0.0,90.0,12.0,530.0,520.0,540.0,0.00801341756914,0.00801341756914
0.0,90.0,12.0,550.0,540.0,560.0,0.00746990540133,0.00746990540133
0.0,90.0,12.0,570.0,560.0,580.0,0.00633957161239,0.00633957161239
0.0,90.0,12.0,590.0,580.0,600.0,0.0064674305388,0.0064674305388
0.0,90.0,12.0,610.0,600.0,620.0,0.00597395773597,0.00597395773597
0.0,90.0,12.0,630.0,620.0,640.0,0.0066883285915,0.0066883285915
0.0,90.0,12.0,650.0,640.0,660.0,0.00717590283158,0.00717590283158
0.0,90.0,12.0,670.0,660.0,680.0,0.00770216772259,0.00770216772259
0.0,90.0,12.0,690.0,680.0,700.0,0.00779489416666,0.00779489416666
0.0,90.0,12.0,710.0,700.0,720.0,0.00762514313543,0.00762514313543
0.0,90.0,12.0,730.0,720.0,740.0,0.00735863975258,0.00735863975258
0.0,90.0,12.0,750.0,740.0,760.0,0.00693403854849,0.00693403854849
0.0,90.0,12.0,770.0,760.0,780.0,0.00663493790856,0.00663493790856
0.0,90.0,20.0,390.0,380.0,400.0,0.00358374357588,0.00358374357588
0.0,90.0,20.0,410.0,400.0,420.0,0.00642406366827,0.00642406366827
0.0,90.0,20.0,430.0,420.0,440.0,0.00680031265948,0.00680031265948
0.0,90.0,20.0,450.0,440.0,460.0,0.00854189586991,0.00854189586991
0.0,90.0,20.0,470.0,460.0,480.0,0.00902472985802,0.00902472985802
0.0,90.0,20.0,490.0,480.0,500.0,0.00858527564653,0.00858527564653
0.0,90.0,20.0,510.0,500.0,520.0,0.0076726904298,0.0076726904298
0.0,90.0,20.0,530.0,520.0,540.0,0.00675089877524,0.00675089877524
0.0,90.0,20.0,550.0,540.0,560.0,0.0061286696285,0.0061286696285
0.0,90.0,20.0,570.0,560.0,580.0,0.00508482428329,0.00508482428329
0.0,90.0,20.0,590.0,580.0,600.0,0.00507148555458,0.00507148555458
0.0,90.0,20.0,610.0,600.0,620.0,0.00459392215526,0.00459392215526
0.0,90.0,20.0,630.0,620.0,640.0,0.005043843558,0.005043843558
0.0,90.0,20.0,650.0,640.0,660.0,0.00531829700973,0.00531829700973
0.0,90.0,20.0,670.0,660.0,680.0,0.00562098429028,0.00562098429028
0.0,90.0,20.0,690.0,680.0,700.0,0.00561081148847,0.00561081148847
0.0,90.0,20.0,710.0,700.0,720.0,0.00542096359103,0.00542096359103
0.0,90.0,20.0,730.0,720.0,740.0,0.00517315479678,0.00517315479678
0.0,90.0,20.0,750.0,740.0,760.0,0.0048256086821,0.0048256086821
0.0,90.0,20.0,770.0,760.0,780.0,0.00457438440912,0.00457438440912
0.0,90.0,30.0,390.0,380.0,400.0,0.00348341928185,0.00348341928185
0.0,90.0,30.0,410.0,400.0,420.0,0.00599934340373,0.00599934340373
0.0,90.0,30.0,430.0,420.0,440.0,0.00613333017804,0.00613333017804
0.0,90.0,30.0,450.0,440.0,460.0,0.00747692123895,0.00747692123895
0.0,90.0,30.0,470.0,460.0,480.0,0.00769999561657,0.00769999561657
0.0,90.0,30.0,490.0,480.0,500.0,0.00716716211506,0.00716716211506
0.0,90.0,30.0,510.0,500.0,520.0,0.00628859129863,0.00628859129863
0.0,90.0,30.0,530.0,520.0,540.0,0.00544808344713,0.00544808344713
0.0,90.0,30.0,550.0,540.0,560.0,0.00487731506631,0.00487731506631
0.0,90.0,30.0,570.0,560.0,580.0,0.00399974668741,0.00399974668741
0.0,90.0,30.0,590.0,580.0,600.0,0.00394260222573,0.00394260222573
0.0,90.0,30.0,610.0,600.0,620.0,0.00353588777214,0.00353588777214
0.0,90.0,30.0,630.0,620.0,640.0,0.00384302212825,0.00384302212825
0.0,90.0,30.0,650.0,640.0,660.0,0.0040160666282,0.0040160666282
0.0,90.0,30.0,670.0,660.0,680.0,0.00421143040374,0.00421143040374
0.0,90.0,30.0,690.0,680.0,700.0,0.00417462399414,0.00417462399414
0.0,90.0,30.0,710.0,700.0,720.0,0.00400828881485,0.00400828881485
0.0,90.0,30.0,730.0,720.0,740.0,0.00380363127252,0.00380363127252
0.0,90.0,30.0,750.0,740.0,760.0,0.00353024613584,0.00353024613584
0.0,90.0,30.0,770.0,760.0,780.0,0.0033308204601,0.0033308204601
0.0,90.0,45.0,390.0,380.0,400.0,0.00307367365657,0.00307367365657
0.0,90.0,45.0,410.0,400.0,420.0,0.00513450427556,0.00513450427556
0.0,90.0,45.0,430.0,420.0,440.0,0.00511834436314,0.00511834436314
0.0,90.0,45.0,450.0,440.0,460.0,0.0061113160512,0.0061113160512
0.0,90.0,45.0,470.0,460.0,480.0,0.00618690233468,0.00618690233468
0.0,90.0,45.0,490.0,480.0,500.0,0.0056783400289,0.0056783400289
0.0,90.0,45.0,510.0,500.0,520.0,0.00492563426396,0.00492563426396
0.0,90.0,45.0,530.0,520.0,540.0,0.00422801242727,0.00422801242727
0.0,90.0,45.0,550.0,540.0,560.0,0.0037537794498,0.0037537794498
0.0,90.0,45.0,570.0,560.0,580.0,0.0030581230317,0.0030581230317
0.0,90.0,45.0,590.0,580.0,600.0,0.00299334629886,0.00299334629886
0.0,90.0,45.0,610.0,600.0,620.0,0.00266921788652,0.00266921788652
0.0,90.0,45.0,630.0,620.0,640.0,0.00288336481457,0.00288336481457
0.0,90.0,45.0,650.0,640.0,660.0,0.00299726769735,0.00299726769735
0.0,90.0,45.0,670.0,660.0,680.0,0.00312879834079,0.00312879834079
0.0,90.0,45.0,690.0,680.0,700.0,0.00308919845609,0.00308919845609
0.0,90.0,45.0,710.0,700.0,720.0,0.00295577504579,0.00295577504579
0.0,90.0,45.0,730.0,720.0,740.0,0.0027961649236,0.0027961649236
0.0,90.0,45.0,750.0,740.0,760.0,0.00258807507262,0.00258807507262
0.0,90.0,45.0,770.0,760.0,780.0,0.00243561527275,0.00243561527275
0.0,90.0,60.0,390.0,380.0,400.0,0.00278582697066,0.00278582697066
0.0,90.0,60.0,410.0,400.0,420.0,0.00457983247702,0.00457983247702
0.0,90.0,60.0,430.0,420.0,440.0,0.00450517067791,0.00450517067791
0.0,90.0,60.0,450.0,440.0,460.0,0.00532034417412,0.00532034417412
0.0,90.0,60.0,470.0,460.0,480.0,0.00533729313887,0.00533729313887
0.0,90.0,60.0,490.0,480.0,500.0,0.00486177516499,0.00486177516499
0.0,90.0,60.0,510.0,500.0,520.0,0.00419133524566,0.00419133524566
0.0,90.0,60.0,530.0,520.0,540.0,0.00357964239455,0.00357964239455
0.0,90.0,60.0,550.0,540.0,560.0,0.00316406824288,0.00316406824288
0.0,90.0,60.0,570.0,560.0,580.0,0.0025686079146,0.0025686079146
0.0,90.0,60.0,590.0,580.0,600.0,0.0025053013076,0.0025053013076
0.0,90.0,60.0,610.0,600.0,620.0,0.00222766645723,0.00222766645723
0.0,90.0,60.0,630.0,620.0,640.0,0.00239947299421,0.00239947299421
0.0,90.0,60.0,650.0,640.0,660.0,0.00248825581578,0.00248825581578
0.0,90.0,60.0,670.0,660.0,680.0,0.00259227546201,0.00259227546201
0.0,90.0,60.0,690.0,680.0,700.0,0.00255522481741,0.00255522481741
0.0,90.0,60.0,710.0,700.0,720.0,0.00244147078131,0.00244147078131
0.0,90.0,60.0,730.0,720.0,740.0,0.00230694241427,0.00230694241427
0.0,90.0,60.0,750.0,740.0,760.0,0.00213320111024,0.00213320111024
0.0,90.0,60.0,770.0,760.0,780.0,0.00200582703246,0.00200582703246
0.0,90.0,90.0,390.0,380.0,400.0,0.0024946157379,0.0024946157379
0.0,90.0,90.0,410.0,400.0,420.0,0.00404967625324,0.00404967625324
0.0,90.0,90.0,430.0,420.0,440.0,0.00394262336182,0.00394262336182
0.0,90.0,90.0,450.0,440.0,460.0,0.0046167599237,0.0046167599237
0.0,90.0,90.0,470.0,460.0,480.0,0.00459944114959,0.00459944114959
0.0,90.0,90.0,490.0,480.0,500.0,0.00416591064203,0.00416591064203
0.0,90.0,90.0,510.0,500.0,520.0,0.00357495632274,0.00357495632274
0.0,90.0,90.0,530.0,520.0,540.0,0.00304201992691,0.00304201992691
0.0,90.0,90.0,550.0,540.0,560.0,0.00268038166286,0.00268038166286
0.0,90.0,90.0,570.0,560.0,580.0,0.00217082792385,0.00217082792385
0.0,90.0,90.0,590.0,580.0,600.0,0.00211264971668,0.00211264971668
0.0,90.0,90.0,610.0,600.0,620.0,0.00187570247317,0.00187570247317
0.0,90.0,90.0,630.0,620.0,640.0,0.00201769719061,0.00201769719061
0.0,90.0,90.0,650.0,640.0,660.0,0.00209070177635,0.00209070177635
0.0,90.0,90.0,670.0,660.0,680.0,0.00217739857276,0.00217739857276
0.0,90.0,90.0,690.0,680.0,700.0,0.0021464171347,0.0021464171347
0.0,90.0,90.0,710.0,700.0,720.0,0.00205164575321,0.00205164575321
0.0,90.0,90.0,730.0,720.0,740.0,0.00193984129319,0.00193984129319
0.0,90.0,90.0,750.0,740.0,760.0,0.00179529566277,0.00179529566277
0.0,90.0,90.0,770.0,760.0,780.0,0.00168977044684,0.00168977044684
0.0,180.0,0.0,390.0,380.0,400.0,0.00160467936847,0.00160467936847
0.0,180.0,0.0,410.0,400.0,420.0,0.00291675280774,0.00291675280774
0.0,180.0,0.0,430.0,420.0,440.0,0.00315832247372,0.00315832247372
0.0,180.0,0.0,450.0,440.0,460.0,0.00407497094891,0.00407497094891
0.0,180.0,0.0,470.0,460.0,480.0,0.00442810530725,0.00442810530725
0.0,180.0,0.0,490.0,480.0,500.0,0.00432738032262,0.00432738032262
0.0,180.0,0.0,510.0,500.0,520.0,0.00395651678957,0.00395651678957
0.0,180.0,0.0,530.0,520.0,540.0,0.00354498405142,0.00354498405142
0.0,180.0,0.0,550.0,540.0,560.0,0.00330198085736,0.00330198085736
0.0,180.0,0.0,570.0,560.0,580.0,0.00279901138482,0.00279901138482
0.0,180.0,0.0,590.0,580.0,600.0,0.00291635798303,0.00291635798303
0.0,180.0,0.0,610.0,600.0,620.0,0.00275582881326,0.00275582881326
0.0,180.0,0.0,630.0,620.0,640.0,0.00322355652237,0.00322355652237
0.0,180.0,0.0,650.0,640.0,660.0,0.0036316645505,0.0036316645505
0.0,180.0,0.0,670.0,660.0,680.0,0.00410742507477,0.00410742507477
0.0,180.0,0.0,690.0,680.0,700.0,0.00439740185266,0.00439740185266
0.0,180.0,0.0,710.0,700.0,720.0,0.00457044174709,0.00457044174709
0.0,180.0,0.0,730.0,720.0,740.0,0.00470696200498,0.00470696200498
0.0,180.0,0.0,750.0,740.0,760.0,0.00475154096051,0.00475154096051
0.0,180.0,0.0,770.0,760.0,780.0,0.00489387923956,0.00489387923956
0.0,180.0,0.5,390.0,380.0,400.0,0.00167736213029,0.00167736213029
0.0,180.0,0.5,410.0,400.0,420.0,0.00304788783968,0.00304788783968
0.0,180.0,0.5,430.0,420.0,440.0,0.00329899850893,0.00329899850893
0.0,180.0,0.5,450.0,440.0,460.0,0.00425512883362,0.00425512883362
0.0,180.0,0.5,470.0,460.0,480.0,0.00462351497182,0.00462351497182
0.0,180.0,0.5,490.0,480.0,500.0,0.00452039436626,0.00452039436626
0.0,180.0,0.5,510.0,500.0,520.0,0.00413879247638,0.00413879247638
0.0,180.0,0.5,530.0,520.0,540.0,0.0037186053148,0.0037186053148
0.0,180.0,0.5,550.0,540.0,560.0,0.00347794289379,0.00347794289379
0.0,180.0,0.5,570.0,560.0,580.0,0.00296796516451,0.00296796516451
0.0,180.0,0.5,590.0,580.0,600.0,0.00311795983334,0.00311795983334
0.0,180.0,0.5,610.0,600.0,620.0,0.00298008079855,0.00298008079855
0.0,180.0,0.5,630.0,620.0,640.0,0.00353081046345,0.00353081046345
0.0,180.0,0.5,650.0,640.0,660.0,0.00403885871385,0.00403885871385
0.0,180.0,0.5,670.0,660.0,680.0,0.00464817774919,0.00464817774919
0.0,180.0,0.5,690.0,680.0,700.0,0.00507125409113,0.00507125409113
0.0,180.0,0.5,710.0,700.0,720.0,0.00537480964005,0.00537480964005
0.0,180.0,0.5,730.0,720.0,740.0,0.00564310263171,0.00564310263171
0.0,180.0,0.5,750.0,740.0,760.0,0.00580082178324,0.00580082178324
0.0,180.0,0.5,770.0,760.0,780.0,0.00607281286708,0.00607281286708
0.0,180.0,1.0,390.0,380.0,400.0,0.00172764131589,0.00172764131589
0.0,180.0,1.0,410.0,400.0,420.0,0.00314106486939,0.00314106486939
0.0,180.0,1.0,430.0,420.0,440.0,0.00340204238478,0.00340204238478
0.0,180.0,1.0,450.0,440.0,460.0,0.0043920456576,0.0043920456576
0.0,180.0,1.0,470.0,460.0,480.0,0.00477983247642,0.00477983247642
0.0,180.0,1.0,490.0,480.0,500.0,0.00468673419692,0.00468673419692
0.0,180.0,1.0,510.0,500.0,520.0,0.00431299415229,0.00431299415229
0.0,180.0,1.0,530.0,520.0,540.0,0.00390801051918,0.00390801051918
0.0,180.0,1.0,550.0,540.0,560.0,0.00370217853628,0.00370217853628
0.0,180.0,1.0,570.0,560.0,580.0,0.00321584524484,0.00321584524484
0.0,180.0,1.0,590.0,580.0,600.0,0.00345141862204,0.00345141862204
0.0,180.0,1.0,610.0,600.0,620.0,0.00338113529221,0.00338113529221
0.0,180.0,1.0,630.0,620.0,640.0,0.00410707613341,0.00410707613341
0.0,180.0,1.0,650.0,640.0,660.0,0.00481532218256,0.00481532218256
0.0,180.0,1.0,670.0,660.0,680.0,0.00567114400485,0.00567114400485
0.0,180.0,1.0,690.0,680.0,700.0,0.0063130346012,0.0063130346012
0.0,180.0,1.0,710.0,700.0,720.0,0.00679981321991,0.00679981321991
0.0,180.0,1.0,730.0,720.0,740.0,0.00722247744301,0.00722247744301
0.0,180.0,1.0,750.0,740.0,760.0,0.00747481714622,0.00747481714622
0.0,180.0,1.0,770.0,760.0,780.0,0.00784524741473,0.00784524741473
0.0,180.0,2.0,390.0,380.0,400.0,0.00181611148166,0.00181611148166
0.0,180.0,2.0,410.0,400.0,420.0,0.00330686097865,0.00330686097865
0.0,180.0,2.0,430.0,420.0,440.0,0.00359205732014,0.00359205732014
0.0,180.0,2.0,450.0,440.0,460.0,0.00466845420554,0.00466845420554
0.0,180.0,2.0,470.0,460.0,480.0,0.00515061634599,0.00515061634599
0.0,180.0,2.0,490.0,480.0,500.0,0.00517175717982,0.00517175717982
0.0,180.0,2.0,510.0,500.0,520.0,0.00493187952677,0.00493187952677
0.0,180.0,2.0,530.0,520.0,540.0,0.0046838708776,0.0046838708776
0.0,180.0,2.0,550.0,540.0,560.0,0.00468460929869,0.00468460929869
0.0,180.0,2.0,570.0,560.0,580.0,0.00430910045651,0.00430910045651
0.0,180.0,2.0,590.0,580.0,600.0,0.0048689848392,0.0048689848392
0.0,180.0,2.0,610.0,600.0,620.0,0.00498549722795,0.00498549722795
0.0,180.0,2.0,630.0,620.0,640.0,0.00625406967305,0.00625406967305
0.0,180.0,2.0,650.0,640.0,660.0,0.00749595617731,0.00749595617731
0.0,180.0,2.0,670.0,660.0,680.0,0.00893655480819,0.00893655480819
0.0,180.0,2.0,690.0,680.0,700.0,0.00997825756098,0.00997825756098
0.0,180.0,2.0,710.0,700.0,720.0,0.010694188054,0.010694188054
0.0,180.0,2.0,730.0,720.0,740.0,0.0112272381138,0.0112272381138
0.0,180.0,2.0,750.0,740.0,760.0,0.0114217341663,0.0114217341663
0.0,180.0,2.0,770.0,760.0,780.0,0.0117439709077,0.0117439709077
0.0,180.0,3.0,390.0,380.0,400.0,0.00191042460154,0.00191042460154
0.0,180.0,3.0,410.0,400.0,420.0,0.0034934050812,0.0034934050812
0.0,180.0,3.0,430.0,420.0,440.0,0.00383594151724,0.00383594151724
0.0,180.0,3.0,450.0,440.0,460.0,0.00509216248016,0.00509216248016
0.0,180.0,3.0,470.0,460.0,480.0,0.00580415073573,0.00580415073573
0.0,180.0,3.0,490.0,480.0,500.0,0.00607082181711,0.00607082181711
0.0,180.0,3.0,510.0,500.0,520.0,0.00604190486243,0.00604190486243
0.0,180.0,3.0,530.0,520.0,540.0,0.00595902059153,0.00595902059153
0.0,180.0,3.0,550.0,540.0,560.0,0.006130999742,0.006130999742
0.0,180.0,3.0,570.0,560.0,580.0,0.00572875362191,0.00572875362191
0.0,180.0,3.0,590.0,580.0,600.0,0.00650724061669,0.00650724061669
0.0,180.0,3.0,610.0,600.0,620.0,0.00662855436935,0.00662855436935
0.0,180.0,3.0,630.0,620.0,640.0,0.00822921145293,0.00822921145293
0.0,180.0,3.0,650.0,640.0,660.0,0.00971203997234,0.00971203997234
0.0,180.0,3.0,670.0,660.0,680.0,0.011356965678,0.011356965678
0.0,180.0,3.0,690.0,680.0,700.0,0.0124062031554,0.0124062031554
0.0,180.0,3.0,710.0,700.0,720.0,0.0129882721834,0.0129882721834
0.0,180.0,3.0,730.0,720.0,740.0,0.0133091823115,0.0133091823115
0.0,180.0,3.0,750.0,740.0,760.0,0.0132096241764,0.0132096241764
0.0,180.0,3.0,770.0,760.0,780.0,0.0132622824865,0.0132622824865
0.0,180.0,5.0,390.0,380.0,400.0,0.00214785532866,0.00214785532866
0.0,180.0,5.0,410.0,400.0,420.0,0.00406586508819,0.00406586508819
0.0,180.0,5.0,430.0,420.0,440.0,0.00470395751729,0.00470395751729
0.0,180.0,5.0,450.0,440.0,460.0,0.00663820648711,0.00663820648711
0.0,180.0,5.0,470.0,460.0,480.0,0.00800738100811,0.00800738100811
0.0,180.0,5.0,490.0,480.0,500.0,0.00872673407652,0.00872673407652
0.0,180.0,5.0,510.0,500.0,520.0,0.00886536893453,0.00886536893453
0.0,180.0,5.0,530.0,520.0,540.0,0.00874874792578,0.00874874792578
0.0,180.0,5.0,550.0,540.0,560.0,0.00887231287128,0.00887231287128
0.0,180.0,5.0,570.0,560.0,580.0,0.00807016521358,0.00807016521358
0.0,180.0,5.0,590.0,580.0,600.0,0.00888323448135,0.00888323448135
0.0,180.0,5.0,610.0,600.0,620.0,0.00872484661523,0.00872484661523
0.0,180.0,5.0,630.0,620.0,640.0,0.010452070244,0.010452070244
0.0,180.0,5.0,650.0,640.0,660.0,0.0118941758308,0.0118941758308
0.0,180.0,5.0,670.0,660.0,680.0,0.0134114056916,0.0134114056916
0.0,180.0,5.0,690.0,680.0,700.0,0.0141387555767,0.0141387555767
0.0,180.0,5.0,710.0,700.0,720.0,0.0143041574349,0.0143041574349
0.0,180.0,5.0,730.0,720.0,740.0,0.0141870569067,0.0141870569067
0.0,180.0,5.0,750.0,740.0,760.0,0.0136515615914,0.0136515615914
0.0,180.0,5.0,770.0,760.0,780.0,0.0133135514145,0.0133135514145
0.0,180.0,8.0,390.0,380.0,400.0,0.00273533679141,0.00273533679141
0.0,180.0,8.0,410.0,400.0,420.0,0.00546956788027,0.00546956788027
0.0,180.0,8.0,430.0,420.0,440.0,0.00658037343434,0.00658037343434
0.0,180.0,8.0,450.0,440.0,460.0,0.00942115929557,0.00942115929557
0.0,180.0,8.0,470.0,460.0,480.0,0.0112599427608,0.0112599427608
0.0,180.0,8.0,490.0,480.0,500.0,0.0119520486781,0.0119520486781
0.0,180.0,8.0,510.0,500.0,520.0,0.0117113155923,0.0117113155923
0.0,180.0,8.0,530.0,520.0,540.0,0.0110994312424,0.0110994312424
0.0,180.0,8.0,550.0,540.0,560.0,0.0107842714973,0.0107842714973
0.0,180.0,8.0,570.0,560.0,580.0,0.00941033502988,0.00941033502988
0.0,180.0,8.0,590.0,580.0,600.0,0.00993656247251,0.00993656247251
0.0,180.0,8.0,610.0,600.0,620.0,0.0093911456426,0.0093911456426
0.0,180.0,8.0,630.0,620.0,640.0,0.0108344335754,0.0108344335754
0.0,180.0,8.0,650.0,640.0,660.0,0.0119037762725,0.0119037762725
0.0,180.0,8.0,670.0,660.0,680.0,0.0129957801673,0.0129957801673
0.0,180.0,8.0,690.0,680.0,700.0,0.0133022955499,0.0133022955499
0.0,180.0,8.0,710.0,700.0,720.0,0.0131003752882,0.0131003752882
0.0,180.0,8.0,730.0,720.0,740.0,0.012678103968,0.012678103968
0.0,180.0,8.0,750.0,740.0,760.0,0.0119319949445,0.0119319949445
0.0,180.0,8.0,770.0,760.0,780.0,0.0113973219199,0.0113973219199
0.0,180.0,12.0,390.0,380.0,400.0,0.00361989870369,0.00361989870369
0.0,180.0,12.0,410.0,400.0,420.0,0.00719222800235,0.00719222800235
0.0,180.0,12.0,430.0,420.0,440.0,0.0084187057768,0.0084187057768
0.0,180.0,12.0,450.0,440.0,460.0,0.0115811620819,0.0115811620819
0.0,180.0,12.0,470.0,460.0,480.0,0.0132344654305,0.0132344654305
0.0,180.0,12.0,490.0,480.0,500.0,0.0134357536276,0.0134357536276
0.0,180.0,12.0,510.0,500.0,520.0,0.0126358940513,0.0126358940513
0.0,180.0,12.0,530.0,520.0,540.0,0.0115473250625,0.0115473250625
0.0,180.0,12.0,550.0,540.0,560.0,0.0108357798479,0.0108357798479
0.0,180.0,12.0,570.0,560.0,580.0,0.00917959593272,0.00917959593272
0.0,180.0,12.0,590.0,580.0,600.0,0.00939649331913,0.00939649331913
0.0,180.0,12.0,610.0,600.0,620.0,0.00864891509673,0.00864891509673
0.0,180.0,12.0,630.0,620.0,640.0,0.00970477920364,0.00970477920364
0.0,180.0,12.0,650.0,640.0,660.0,0.0104000751639,0.0104000751639
0.0,180.0,12.0,670.0,660.0,680.0,0.0111072314965,0.0111072314965
0.0,180.0,12.0,690.0,680.0,700.0,0.0111504167282,0.0111504167282
0.0,180.0,12.0,710.0,700.0,720.0,0.0107931680418,0.0107931680418
0.0,180.0,12.0,730.0,720.0,740.0,0.0102858390574,0.0102858390574
0.0,180.0,12.0,750.0,740.0,760.0,0.00955058913633,0.00955058913633
0.0,180.0,12.0,770.0,760.0,780.0,0.00900736357929,0.00900736357929
0.0,180.0,20.0,390.0,380.0,400.0,0.00450996535233,0.00450996535233
0.0,180.0,20.0,410.0,400.0,420.0,0.00840943888935,0.00840943888935
0.0,180.0,20.0,430.0,420.0,440.0,0.00921483344369,0.00921483344369
0.0,180.0,20.0,450.0,440.0,460.0,0.0119086367725,0.0119086367725
0.0,180.0,20.0,470.0,460.0,480.0,0.0128640115557,0.0128640115557
0.0,180.0,20.0,490.0,480.0,500.0,0.0124347908864,0.0124347908864
0.0,180.0,20.0,510.0,500.0,520.0,0.0112211477419,0.0112211477419
0.0,180.0,20.0,530.0,520.0,540.0,0.00990920120411,0.00990920120411
0.0,180.0,20.0,550.0,540.0,560.0,0.00900668819966,0.00900668819966
0.0,180.0,20.0,570.0,560.0,580.0,0.00743737108488,0.00743737108488
0.0,180.0,20.0,590.0,580.0,600.0,0.00740095645704,0.00740095645704
0.0,180.0,20.0,610.0,600.0,620.0,0.00665642037988,0.00665642037988
0.0,180.0,20.0,630.0,620.0,640.0,0.0072805378018,0.0072805378018
0.0,180.0,20.0,650.0,640.0,660.0,0.00762887825966,0.00762887825966
0.0,180.0,20.0,670.0,660.0,680.0,0.00799132530463,0.00799132530463
0.0,180.0,20.0,690.0,680.0,700.0,0.00788851836159,0.00788851836159
0.0,180.0,20.0,710.0,700.0,720.0,0.00752390756111,0.00752390756111
0.0,180.0,20.0,730.0,720.0,740.0,0.00707764219024,0.00707764219024
0.0,180.0,20.0,750.0,740.0,760.0,0.00649807930851,0.00649807930851
0.0,180.0,20.0,770.0,760.0,780.0,0.00606380774722,0.00606380774722
0.0,180.0,30.0,390.0,380.0,400.0,0.00447187054014,0.00447187054014
0.0,180.0,30.0,410.0,400.0,420.0,0.00791330878092,0.00791330878092
0.0,180.0,30.0,430.0,420.0,440.0,0.00827947637552,0.00827947637552
0.0,180.0,30.0,450.0,440.0,460.0,0.0102837615521,0.0102837615521
0.0,180.0,30.0,470.0,460.0,480.0,0.010741932814,0.010741932814
0.0,180.0,30.0,490.0,480.0,500.0,0.0100958022131,0.0100958022131
0.0,180.0,30.0,510.0,500.0,520.0,0.00890302170755,0.00890302170755
0.0,180.0,30.0,530.0,520.0,540.0,0.00771676950852,0.00771676950852
0.0,180.0,30.0,550.0,540.0,560.0,0.00689468758637,0.00689468758637
0.0,180.0,30.0,570.0,560.0,580.0,0.00561735369808,0.00561735369808
0.0,180.0,30.0,590.0,580.0,600.0,0.00550606839692,0.00550606839692
0.0,180.0,30.0,610.0,600.0,620.0,0.00489227494077,0.00489227494077
0.0,180.0,30.0,630.0,620.0,640.0,0.00527832761487,0.00527832761487
0.0,180.0,30.0,650.0,640.0,660.0,0.00546561648158,0.00546561648158
0.0,180.0,30.0,670.0,660.0,680.0,0.00566759744915,0.00566759744915
0.0,180.0,30.0,690.0,680.0,700.0,0.00554604406652,0.00554604406652
0.0,180.0,30.0,710.0,700.0,720.0,0.00524960177468,0.00524960177468
0.0,180.0,30.0,730.0,720.0,740.0,0.00490544018528,0.00490544018528
0.0,180.0,30.0,750.0,740.0,760.0,0.0044779838437,0.0044779838437
0.0,180.0,30.0,770.0,760.0,780.0,0.00415635593939,0.00415635593939
0.0,180.0,45.0,390.0,380.0,400.0,0.00378188201602,0.00378188201602
0.0,180.0,45.0,410.0,400.0,420.0,0.00640751224544,0.00640751224544
0.0,180.0,45.0,430.0,420.0,440.0,0.00646262636144,0.00646262636144
0.0,180.0,45.0,450.0,440.0,460.0,0.00778614636068,0.00778614636068
0.0,180.0,45.0,470.0,460.0,480.0,0.00793088360538,0.00793088360538
0.0,180.0,45.0,490.0,480.0,500.0,0.00730159344113,0.00730159344113
0.0,180.0,45.0,510.0,500.0,520.0,0.00633276056763,0.00633276056763
0.0,180.0,45.0,530.0,520.0,540.0,0.00541692153252,0.00541692153252
0.0,180.0,45.0,550.0,540.0,560.0,0.00478349026425,0.00478349026425
0.0,180.0,45.0,570.0,560.0,580.0,0.00386270631078,0.00386270631078
0.0,180.0,45.0,590.0,580.0,600.0,0.00374959679305,0.00374959679305
0.0,180.0,45.0,610.0,600.0,620.0,0.00330651178765,0.00330651178765
0.0,180.0,45.0,630.0,620.0,640.0,0.00353756967451,0.00353756967451
0.0,180.0,45.0,650.0,640.0,660.0,0.00363725097324,0.00363725097324
0.0,180.0,45.0,670.0,660.0,680.0,0.00374969925484,0.00374969925484
0.0,180.0,45.0,690.0,680.0,700.0,0.00365149791362,0.00365149791362
0.0,180.0,45.0,710.0,700.0,720.0,0.00344228753159,0.00344228753159
0.0,180.0,45.0,730.0,720.0,740.0,0.00320568394249,0.00320568394249
0.0,180.0,45.0,750.0,740.0,760.0,0.00291828607669,0.00291828607669
0.0,180.0,45.0,770.0,760.0,780.0,0.00270195226682,0.00270195226682
0.0,180.0,60.0,390.0,380.0,400.0,0.00312782106287,0.00312782106287
0.0,180.0,60.0,410.0,400.0,420.0,0.00517344375161,0.00517344375161
0.0,180.0,60.0,430.0,420.0,440.0,0.0051134754441,0.0051134754441
0.0,180.0,60.0,450.0,440.0,460.0,0.0060579734897,0.0060579734897
0.0,180.0,60.0,470.0,460.0,480.0,0.00608563064869,0.00608563064869
0.0,180.0,60.0,490.0,480.0,500.0,0.00553999197849,0.00553999197849
0.0,180.0,60.0,510.0,500.0,520.0,0.00476250637222,0.00476250637222
0.0,180.0,60.0,530.0,520.0,540.0,0.00404646111216,0.00404646111216
0.0,180.0,60.0,550.0,540.0,560.0,0.00355283516442,0.00355283516442
0.0,180.0,60.0,570.0,560.0,580.0,0.00285791647119,0.00285791647119
0.0,180.0,60.0,590.0,580.0,600.0,0.00276238345547,0.00276238345547
0.0,180.0,60.0,610.0,600.0,620.0,0.00242926010492,0.00242926010492
0.0,180.0,60.0,630.0,620.0,640.0,0.002590481862,0.002590481862
0.0,180.0,60.0,650.0,640.0,660.0,0.00265719903905,0.00265719903905
0.0,180.0,60.0,670.0,660.0,680.0,0.00273541985861,0.00273541985861
0.0,180.0,60.0,690.0,680.0,700.0,0.00266199930053,0.00266199930053
0.0,180.0,60.0,710.0,700.0,720.0,0.00250938633414,0.00250938633414
0.0,180.0,60.0,730.0,720.0,740.0,0.0023380695516,0.0023380695516
0.0,180.0,60.0,750.0,740.0,760.0,0.00213063785568,0.00213063785568
0.0,180.0,60.0,770.0,760.0,780.0,0.001975046178,0.001975046178
0.0,180.0,90.0,390.0,380.0,400.0,0.0024946157379,0.0024946157379
0.0,180.0,90.0,410.0,400.0,420.0,0.00404967625324,0.00404967625324
0.0,180.0,90.0,430.0,420.0,440.0,0.00394262336182,0.00394262336182
0.0,180.0,90.0,450.0,440.0,460.0,0.0046167599237,0.0046167599237
0.0,180.0,90.0,470.0,460.0,480.0,0.00459944114959,0.00459944114959
0.0,180.0,90.0,490.0,480.0,500.0,0.00416591064203,0.00416591064203
0.0,180.0,90.0,510.0,500.0,520.0,0.00357495632274,0.00357495632274
0.0,180.0,90.0,530.0,520.0,540.0,0.00304201992691,0.00304201992691
0.0,180.0,90.0,550.0,540.0,560.0,0.00268038166286,0.00268038166286
0.0,180.0,90.0,570.0,560.0,580.0,0.00217082792385,0.00217082792385
0.0,180.0,90.0,590.0,580.0,600.0,0.00211264971668,0.00211264971668
0.0,180.0,90.0,610.0,600.0,620.0,0.00187570247317,0.00187570247317
0.0,180.0,90.0,630.0,620.0,640.0,0.00201769719061,0.00201769719061
0.0,180.0,90.0,650.0,640.0,660.0,0.00209070177635,0.00209070177635
0.0,180.0,90.0,670.0,660.0,680.0,0.00217739857276,0.00217739857276
0.0,180.0,90.0,690.0,680.0,700.0,0.0021464171347,0.0021464171347
0.0,180.0,90.0,710.0,700.0,720.0,0.00205164575321,0.00205164575321
0.0,180.0,90.0,730.0,720.0,740.0,0.00193984129319,0.00193984129319
0.0,180.0,90.0,750.0,740.0,760.0,0.00179529566277,0.00179529566277
0.0,180.0,90.0,770.0,760.0,780.0,0.00168977044684,0.00168977044684
2.0,0.0,0.0,390.0,380.0,400.0,0.000750550588748,0.000750550588748
2.0,0.0,0.0,410.0,400.0,420.0,0.00140818480289,0.00140818480289
2.0,0.0,0.0,430.0,420.0,440.0,0.00156501149082,0.00156501149082
2.0,0.0,0.0,450.0,440.0,460.0,0.00206109404113,0.00206109404113
2.0,0.0,0.0,470.0,460.0,480.0,0.00227849577481,0.00227849577481
2.0,0.0,0.0,490.0,480.0,500.0,0.00225824518216,0.00225824518216
2.0,0.0,0.0,510.0,500.0,520.0,0.00208314292775,0.00208314292775
2.0,0.0,0.0,530.0,520.0,540.0,0.00187287162276,0.00187287162276
2.0,0.0,0.0,550.0,540.0,560.0,0.00176849174416,0.00176849174416
2.0,0.0,0.0,570.0,560.0,580.0,0.00150498628994,0.00150498628994
2.0,0.0,0.0,590.0,580.0,600.0,0.00161483042825,0.00161483042825
2.0,0.0,0.0,610.0,600.0,620.0,0.001555502668,0.001555502668
2.0,0.0,0.0,630.0,620.0,640.0,0.00189849528909,0.00189849528909
2.0,0.0,0.0,650.0,640.0,660.0,0.00222587517594,0.00222587517594
2.0,0.0,0.0,670.0,660.0,680.0,0.00261063216503,0.00261063216503
2.0,0.0,0.0,690.0,680.0,700.0,0.00289522448222,0.00289522448222
2.0,0.0,0.0,710.0,700.0,720.0,0.00312057928353,0.00312057928353
2.0,0.0,0.0,730.0,720.0,740.0,0.00334045102764,0.00334045102764
2.0,0.0,0.0,750.0,740.0,760.0,0.00351072961264,0.00351072961264
2.0,0.0,0.0,770.0,760.0,780.0,0.003785628635,0.003785628635
2.0,0.0,0.5,390.0,380.0,400.0,0.000736070121409,0.000736070121409
2.0,0.0,0.5,410.0,400.0,420.0,0.00138661150643,0.00138661150643
2.0,0.0,0.5,430.0,420.0,440.0,0.00154734942303,0.00154734942303
2.0,0.0,0.5,450.0,440.0,460.0,0.00204639039693,0.00204639039693
2.0,0.0,0.5,470.0,460.0,480.0,0.0022729833443,0.0022729833443
2.0,0.0,0.5,490.0,480.0,500.0,0.00226710945496,0.00226710945496
2.0,0.0,0.5,510.0,500.0,520.0,0.00211253555153,0.00211253555153
2.0,0.0,0.5,530.0,520.0,540.0,0.00193334497649,0.00193334497649
2.0,0.0,0.5,550.0,540.0,560.0,0.00188130346643,0.00188130346643
2.0,0.0,0.5,570.0,560.0,580.0,0.0016803262599,0.0016803262599
2.0,0.0,0.5,590.0,580.0,600.0,0.00192122604655,0.00192122604655
2.0,0.0,0.5,610.0,600.0,620.0,0.0020113910924,0.0020113910924
2.0,0.0,0.5,630.0,620.0,640.0,0.00267627680921,0.00267627680921
2.0,0.0,0.5,650.0,640.0,660.0,0.00343901610908,0.00343901610908
2.0,0.0,0.5,670.0,660.0,680.0,0.00442896201644,0.00442896201644
2.0,0.0,0.5,690.0,680.0,700.0,0.00537425669315,0.00537425669315
2.0,0.0,0.5,710.0,700.0,720.0,0.00628421457267,0.00628421457267
2.0,0.0,0.5,730.0,720.0,740.0,0.00720988763534,0.00720988763534
2.0,0.0,0.5,750.0,740.0,760.0,0.00801307348403,0.00801307348403
2.0,0.0,0.5,770.0,760.0,780.0,0.00897976409304,0.00897976409304
2.0,0.0,1.0,390.0,380.0,400.0,0.000752701733657,0.000752701733657
2.0,0.0,1.0,410.0,400.0,420.0,0.00142039090629,0.00142039090629
2.0,0.0,1.0,430.0,420.0,440.0,0.00158871796243,0.00158871796243
2.0,0.0,1.0,450.0,440.0,460.0,0.00210980243166,0.00210980243166
2.0,0.0,1.0,470.0,460.0,480.0,0.00236356359212,0.00236356359212
2.0,0.0,1.0,490.0,480.0,500.0,0.00239856744417,0.00239856744417
2.0,0.0,1.0,510.0,500.0,520.0,0.00230708878571,0.00230708878571
2.0,0.0,1.0,530.0,520.0,540.0,0.00222341862688,0.00222341862688
2.0,0.0,1.0,550.0,540.0,560.0,0.00231858457693,0.00231858457693
2.0,0.0,1.0,570.0,560.0,580.0,0.00225613565367,0.00225613565367
2.0,0.0,1.0,590.0,580.0,600.0,0.00278684340126,0.00278684340126
2.0,0.0,1.0,610.0,600.0,620.0,0.00313540312521,0.00313540312521
2.0,0.0,1.0,630.0,620.0,640.0,0.00436410539764,0.00436410539764
2.0,0.0,1.0,650.0,640.0,660.0,0.00577445952975,0.00577445952975
2.0,0.0,1.0,670.0,660.0,680.0,0.00755336184619,0.00755336184619
2.0,0.0,1.0,690.0,680.0,700.0,0.00919579881634,0.00919579881634
2.0,0.0,1.0,710.0,700.0,720.0,0.0106785932838,0.0106785932838
2.0,0.0,1.0,730.0,720.0,740.0,0.0120710435856,0.0120710435856
2.0,0.0,1.0,750.0,740.0,760.0,0.0131448447128,0.0131448447128
2.0,0.0,1.0,770.0,760.0,780.0,0.014366490966,0.014366490966
2.0,0.0,2.0,390.0,380.0,400.0,0.000792291096589,0.000792291096589
2.0,0.0,2.0,410.0,400.0,420.0,0.00150496007247,0.00150496007247
2.0,0.0,2.0,430.0,420.0,440.0,0.00170808781659,0.00170808781659
2.0,0.0,2.0,450.0,440.0,460.0,0.00233859624383,0.00233859624383
2.0,0.0,2.0,470.0,460.0,480.0,0.00276646385981,0.00276646385981
2.0,0.0,2.0,490.0,480.0,500.0,0.00304733021316,0.00304733021316
2.0,0.0,2.0,510.0,500.0,520.0,0.00325644074021,0.00325644074021
2.0,0.0,2.0,530.0,520.0,540.0,0.00352124816388,0.00352124816388
2.0,0.0,2.0,550.0,540.0,560.0,0.00405112067582,0.00405112067582
2.0,0.0,2.0,570.0,560.0,580.0,0.00425585036593,0.00425585036593
2.0,0.0,2.0,590.0,580.0,600.0,0.0054322351129,0.0054322351129
2.0,0.0,2.0,610.0,600.0,620.0,0.00617331813188,0.00617331813188
2.0,0.0,2.0,630.0,620.0,640.0,0.00843690819095,0.00843690819095
2.0,0.0,2.0,650.0,640.0,660.0,0.0108378387484,0.0108378387484
2.0,0.0,2.0,670.0,660.0,680.0,0.0136714198712,0.0136714198712
2.0,0.0,2.0,690.0,680.0,700.0,0.0159857716675,0.0159857716675
2.0,0.0,2.0,710.0,700.0,720.0,0.0177901485555,0.0177901485555
2.0,0.0,2.0,730.0,720.0,740.0,0.0192576085287,0.0192576085287
2.0,0.0,2.0,750.0,740.0,760.0,0.0200884051885,0.0200884051885
2.0,0.0,2.0,770.0,760.0,780.0,0.0210462782534,0.0210462782534
2.0,0.0,3.0,390.0,380.0,400.0,0.000841725126219,0.000841725126219
2.0,0.0,3.0,410.0,400.0,420.0,0.00163289978611,0.00163289978611
2.0,0.0,3.0,430.0,420.0,440.0,0.00192557258235,0.00192557258235
2.0,0.0,3.0,450.0,440.0,460.0,0.00278921421686,0.00278921421686
2.0,0.0,3.0,470.0,460.0,480.0,0.00352663535546,0.00352663535546
2.0,0.0,3.0,490.0,480.0,500.0,0.00413659211318,0.00413659211318
2.0,0.0,3.0,510.0,500.0,520.0,0.00463078572648,0.00463078572648
2.0,0.0,3.0,530.0,520.0,540.0,0.00512582418519,0.00512582418519
2.0,0.0,3.0,550.0,540.0,560.0,0.00588720065399,0.00588720065399
2.0,0.0,3.0,570.0,560.0,580.0,0.00607515868177,0.00607515868177
2.0,0.0,3.0,590.0,580.0,600.0,0.00752177400494,0.00752177400494
2.0,0.0,3.0,610.0,600.0,620.0,0.00825494978694,0.00825494978694
2.0,0.0,3.0,630.0,620.0,640.0,0.0108738086686,0.0108738086686
2.0,0.0,3.0,650.0,640.0,660.0,0.0134706986886,0.0134706986886
2.0,0.0,3.0,670.0,660.0,680.0,0.0164071193676,0.0164071193676
2.0,0.0,3.0,690.0,680.0,700.0,0.0185527624996,0.0185527624996
2.0,0.0,3.0,710.0,700.0,720.0,0.0200016640971,0.0200016640971
2.0,0.0,3.0,730.0,720.0,740.0,0.021012693326,0.021012693326
2.0,0.0,3.0,750.0,740.0,760.0,0.0213093440724,0.0213093440724
2.0,0.0,3.0,770.0,760.0,780.0,0.021746036401,0.021746036401
2.0,0.0,5.0,390.0,380.0,400.0,0.00101214299474,0.00101214299474
2.0,0.0,5.0,410.0,400.0,420.0,0.00210529978204,0.00210529978204
2.0,0.0,5.0,430.0,420.0,440.0,0.00267294726034,0.00267294726034
2.0,0.0,5.0,450.0,440.0,460.0,0.00411223278529,0.00411223278529
2.0,0.0,5.0,470.0,460.0,480.0,0.00537582379561,0.00537582379561
2.0,0.0,5.0,490.0,480.0,500.0,0.00632551961185,0.00632551961185
2.0,0.0,5.0,510.0,500.0,520.0,0.00692539444635,0.00692539444635
2.0,0.0,5.0,530.0,520.0,540.0,0.00736379200566,0.00736379200566
2.0,0.0,5.0,550.0,540.0,560.0,0.00803779863592,0.00803779863592
2.0,0.0,5.0,570.0,560.0,580.0,0.00785262461389,0.00785262461389
2.0,0.0,5.0,590.0,580.0,600.0,0.0092147446239,0.0092147446239
2.0,0.0,5.0,610.0,600.0,620.0,0.00960678305862,0.00960678305862
2.0,0.0,5.0,630.0,620.0,640.0,0.0120796794457,0.0120796794457
2.0,0.0,5.0,650.0,640.0,660.0,0.014336572248,0.014336572248
2.0,0.0,5.0,670.0,660.0,680.0,0.0167825656799,0.0167825656799
2.0,0.0,5.0,690.0,680.0,700.0,0.0182946942759,0.0182946942759
2.0,0.0,5.0,710.0,700.0,720.0,0.019067610857,0.019067610857
2.0,0.0,5.0,730.0,720.0,740.0,0.0194155520913,0.0194155520913
2.0,0.0,5.0,750.0,740.0,760.0,0.019127978313,0.019127978313
2.0,0.0,5.0,770.0,760.0,780.0,0.0190092752754,0.0190092752754
2.0,0.0,8.0,390.0,380.0,400.0,0.00139716083286,0.00139716083286
2.0,0.0,8.0,410.0,400.0,420.0,0.00298426863608,0.00298426863608
2.0,0.0,8.0,430.0,420.0,440.0,0.00377545611459,0.00377545611459
2.0,0.0,8.0,450.0,440.0,460.0,0.00564283855009,0.00564283855009
2.0,0.0,8.0,470.0,460.0,480.0,0.00704426488997,0.00704426488997
2.0,0.0,8.0,490.0,480.0,500.0,0.00784181551691,0.00784181551691
2.0,0.0,8.0,510.0,500.0,520.0,0.00809428511943,0.00809428511943
2.0,0.0,8.0,530.0,520.0,540.0,0.00811525490283,0.00811525490283
2.0,0.0,8.0,550.0,540.0,560.0,0.00838289240324,0.00838289240324
2.0,0.0,8.0,570.0,560.0,580.0,0.00777765808909,0.00777765808909
2.0,0.0,8.0,590.0,580.0,600.0,0.00873015683155,0.00873015683155
2.0,0.0,8.0,610.0,600.0,620.0,0.0087388056079,0.0087388056079
2.0,0.0,8.0,630.0,620.0,640.0,0.0106201780678,0.0106201780678
2.0,0.0,8.0,650.0,640.0,660.0,0.012224840308,0.012224840308
2.0,0.0,8.0,670.0,660.0,680.0,0.0139165978586,0.0139165978586
2.0,0.0,8.0,690.0,680.0,700.0,0.0147879135335,0.0147879135335
2.0,0.0,8.0,710.0,700.0,720.0,0.0150558956976,0.0150558956976
2.0,0.0,8.0,730.0,720.0,740.0,0.0150041193829,0.0150041193829
2.0,0.0,8.0,750.0,740.0,760.0,0.0144897093686,0.0144897093686
2.0,0.0,8.0,770.0,760.0,780.0,0.0141423874283,0.0141423874283
2.0,0.0,12.0,390.0,380.0,400.0,0.00180610074887,0.00180610074887
2.0,0.0,12.0,410.0,400.0,420.0,0.00369540607163,0.00369540607163
2.0,0.0,12.0,430.0,420.0,440.0,0.00443556503334,0.00443556503334
2.0,0.0,12.0,450.0,440.0,460.0,0.00627176891924,0.00627176891924
2.0,0.0,12.0,470.0,460.0,480.0,0.00741518622946,0.00741518622946
2.0,0.0,12.0,490.0,480.0,500.0,0.00784226645853,0.00784226645853
2.0,0.0,12.0,510.0,500.0,520.0,0.00771998126181,0.00771998126181
2.0,0.0,12.0,530.0,520.0,540.0,0.00741265725869,0.00741265725869
2.0,0.0,12.0,550.0,540.0,560.0,0.00737693615148,0.00737693615148
2.0,0.0,12.0,570.0,560.0,580.0,0.00661965287054,0.00661965287054
2.0,0.0,12.0,590.0,580.0,600.0,0.0072354925215,0.0072354925215
2.0,0.0,12.0,610.0,600.0,620.0,0.00707330491449,0.00707330491449
2.0,0.0,12.0,630.0,620.0,640.0,0.00843871825251,0.00843871825251
2.0,0.0,12.0,650.0,640.0,660.0,0.00955867201576,0.00955867201576
2.0,0.0,12.0,670.0,660.0,680.0,0.010726072667,0.010726072667
2.0,0.0,12.0,690.0,680.0,700.0,0.0112517089997,0.0112517089997
2.0,0.0,12.0,710.0,700.0,720.0,0.0113239684262,0.0113239684262
2.0,0.0,12.0,730.0,720.0,740.0,0.0111684037711,0.0111684037711
2.0,0.0,12.0,750.0,740.0,760.0,0.0106841848323,0.0106841848323
2.0,0.0,12.0,770.0,760.0,780.0,0.0103423613461,0.0103423613461
2.0,0.0,20.0,390.0,380.0,400.0,0.00202123971569,0.00202123971569
2.0,0.0,20.0,410.0,400.0,420.0,0.00382755225183,0.00382755225183
2.0,0.0,20.0,430.0,420.0,440.0,0.00427805288062,0.00427805288062
2.0,0.0,20.0,450.0,440.0,460.0,0.00567089420828,0.00567089420828
2.0,0.0,20.0,470.0,460.0,480.0,0.00632553891636,0.00632553891636
2.0,0.0,20.0,490.0,480.0,500.0,0.0063460326293,0.0063460326293
2.0,0.0,20.0,510.0,500.0,520.0,0.0059526543189,0.0059526543189
2.0,0.0,20.0,530.0,520.0,540.0,0.00546823783424,0.00546823783424
2.0,0.0,20.0,550.0,540.0,560.0,0.0052391631003,0.0052391631003
2.0,0.0,20.0,570.0,560.0,580.0,0.00454093542065,0.00454093542065
2.0,0.0,20.0,590.0,580.0,600.0,0.00483353728979,0.00483353728979
2.0,0.0,20.0,610.0,600.0,620.0,0.00461311109716,0.00461311109716
2.0,0.0,20.0,630.0,620.0,640.0,0.00540931810582,0.00540931810582
2.0,0.0,20.0,650.0,640.0,660.0,0.00603691361639,0.00603691361639
2.0,0.0,20.0,670.0,660.0,680.0,0.0066849947732,0.0066849947732
2.0,0.0,20.0,690.0,680.0,700.0,0.00693010543622,0.00693010543622
2.0,0.0,20.0,710.0,700.0,720.0,0.00690153114771,0.00690153114771
2.0,0.0,20.0,730.0,720.0,740.0,0.00674323112359,0.00674323112359
2.0,0.0,20.0,750.0,740.0,760.0,0.00639636962363,0.00639636962363
2.0,0.0,20.0,770.0,760.0,780.0,0.0061480321237,0.0061480321237
2.0,0.0,30.0,390.0,380.0,400.0,0.00183417293429,0.00183417293429
2.0,0.0,30.0,410.0,400.0,420.0,0.00329746949123,0.00329746949123
2.0,0.0,30.0,430.0,420.0,440.0,0.00352539254312,0.00352539254312
2.0,0.0,30.0,450.0,440.0,460.0,0.00449518059532,0.00449518059532
2.0,0.0,30.0,470.0,460.0,480.0,0.00484215540635,0.00484215540635
2.0,0.0,30.0,490.0,480.0,500.0,0.00470289659274,0.00470289659274
2.0,0.0,30.0,510.0,500.0,520.0,0.0042759624918,0.0042759624918
2.0,0.0,30.0,530.0,520.0,540.0,0.00380969778389,0.00380969778389
2.0,0.0,30.0,550.0,540.0,560.0,0.00354994777774,0.00354994777774
2.0,0.0,30.0,570.0,560.0,580.0,0.00299265239079,0.00299265239079
2.0,0.0,30.0,590.0,580.0,600.0,0.00311696632268,0.00311696632268
2.0,0.0,30.0,610.0,600.0,620.0,0.00291205733503,0.00291205733503
2.0,0.0,30.0,630.0,620.0,640.0,0.00336355476704,0.00336355476704
2.0,0.0,30.0,650.0,640.0,660.0,0.00370324241892,0.00370324241892
2.0,0.0,30.0,670.0,660.0,680.0,0.00404863341651,0.00404863341651
2.0,0.0,30.0,690.0,680.0,700.0,0.00414678726514,0.00414678726514
2.0,0.0,30.0,710.0,700.0,720.0,0.00408333327588,0.00408333327588
2.0,0.0,30.0,730.0,720.0,740.0,0.00394778429313,0.00394778429313
2.0,0.0,30.0,750.0,740.0,760.0,0.00370704737911,0.00370704737911
2.0,0.0,30.0,770.0,760.0,780.0,0.00353235096637,0.00353235096637
2.0,0.0,45.0,390.0,380.0,400.0,0.00141866274384,0.00141866274384
2.0,0.0,45.0,410.0,400.0,420.0,0.00244416792326,0.00244416792326
2.0,0.0,45.0,430.0,420.0,440.0,0.00252326693758,0.00252326693758
2.0,0.0,45.0,450.0,440.0,460.0,0.00312361530402,0.00312361530402
2.0,0.0,45.0,470.0,460.0,480.0,0.003278470077,0.003278470077
2.0,0.0,45.0,490.0,480.0,500.0,0.00310878287669,0.00310878287669
2.0,0.0,45.0,510.0,500.0,520.0,0.00276135310331,0.00276135310331
2.0,0.0,45.0,530.0,520.0,540.0,0.00240314474079,0.00240314474079
2.0,0.0,45.0,550.0,540.0,560.0,0.00219134556403,0.00219134556403
2.0,0.0,45.0,570.0,560.0,580.0,0.00180623782908,0.00180623782908
2.0,0.0,45.0,590.0,580.0,600.0,0.00184874120731,0.00184874120731
2.0,0.0,45.0,610.0,600.0,620.0,0.00169677203594,0.00169677203594
2.0,0.0,45.0,630.0,620.0,640.0,0.0019363055763,0.0019363055763
2.0,0.0,45.0,650.0,640.0,660.0,0.00210857914458,0.00210857914458
2.0,0.0,45.0,670.0,660.0,680.0,0.00228108675769,0.00228108675769
2.0,0.0,45.0,690.0,680.0,700.0,0.00231308240145,0.00231308240145
2.0,0.0,45.0,710.0,700.0,720.0,0.00225630071384,0.00225630071384
2.0,0.0,45.0,730.0,720.0,740.0,0.00216223381772,0.00216223381772
2.0,0.0,45.0,750.0,740.0,760.0,0.00201323825513,0.00201323825513
2.0,0.0,45.0,770.0,760.0,780.0,0.00190489539791,0.00190489539791
2.0,0.0,60.0,390.0,380.0,400.0,0.00113361358178,0.00113361358178
2.0,0.0,60.0,410.0,400.0,420.0,0.00190828904244,0.00190828904244
2.0,0.0,60.0,430.0,420.0,440.0,0.00193206775129,0.00193206775129
2.0,0.0,60.0,450.0,440.0,460.0,0.00235200296992,0.00235200296992
2.0,0.0,60.0,470.0,460.0,480.0,0.002432151427,0.002432151427
2.0,0.0,60.0,490.0,480.0,500.0,0.00227455122505,0.00227455122505
2.0,0.0,60.0,510.0,500.0,520.0,0.00199288874854,0.00199288874854
2.0,0.0,60.0,530.0,520.0,540.0,0.0017101565896,0.0017101565896
2.0,0.0,60.0,550.0,540.0,560.0,0.00153921553603,0.00153921553603
2.0,0.0,60.0,570.0,560.0,580.0,0.00125086219568,0.00125086219568
2.0,0.0,60.0,590.0,580.0,600.0,0.00126621582761,0.00126621582761
2.0,0.0,60.0,610.0,600.0,620.0,0.00114831217248,0.00114831217248
2.0,0.0,60.0,630.0,620.0,640.0,0.00129954628847,0.00129954628847
2.0,0.0,60.0,650.0,640.0,660.0,0.0014038299526,0.0014038299526
2.0,0.0,60.0,670.0,660.0,680.0,0.00150628186084,0.00150628186084
2.0,0.0,60.0,690.0,680.0,700.0,0.00151483789397,0.00151483789397
2.0,0.0,60.0,710.0,700.0,720.0,0.00146555146521,0.00146555146521
2.0,0.0,60.0,730.0,720.0,740.0,0.00139309084571,0.00139309084571
2.0,0.0,60.0,750.0,740.0,760.0,0.00128650224905,0.00128650224905
2.0,0.0,60.0,770.0,760.0,780.0,0.00120841316057,0.00120841316057
2.0,0.0,90.0,390.0,380.0,400.0,0.000872589492716,0.000872589492716
2.0,0.0,90.0,410.0,400.0,420.0,0.00143783292417,0.00143783292417
2.0,0.0,90.0,430.0,420.0,440.0,0.00143116210248,0.00143116210248
2.0,0.0,90.0,450.0,440.0,460.0,0.00171851941448,0.00171851941448
2.0,0.0,90.0,470.0,460.0,480.0,0.00175715123211,0.00175715123211
2.0,0.0,90.0,490.0,480.0,500.0,0.00162702132581,0.00162702132581
2.0,0.0,90.0,510.0,500.0,520.0,0.00141166543702,0.00141166543702
2.0,0.0,90.0,530.0,520.0,540.0,0.00119897704794,0.00119897704794
2.0,0.0,90.0,550.0,540.0,560.0,0.00106928076616,0.00106928076616
2.0,0.0,90.0,570.0,560.0,580.0,0.000859543123808,0.000859543123808
2.0,0.0,90.0,590.0,580.0,600.0,0.000863345748689,0.000863345748689
2.0,0.0,90.0,610.0,600.0,620.0,0.00077550110774,0.00077550110774
2.0,0.0,90.0,630.0,620.0,640.0,0.000872261442811,0.000872261442811
2.0,0.0,90.0,650.0,640.0,660.0,0.000936130775462,0.000936130775462
2.0,0.0,90.0,670.0,660.0,680.0,0.000997077274294,0.000997077274294
2.0,0.0,90.0,690.0,680.0,700.0,0.000994662318547,0.000994662318547
2.0,0.0,90.0,710.0,700.0,720.0,0.000953996360259,0.000953996360259
2.0,0.0,90.0,730.0,720.0,740.0,0.000898558552147,0.000898558552147
2.0,0.0,90.0,750.0,740.0,760.0,0.000821649599126,0.000821649599126
2.0,0.0,90.0,770.0,760.0,780.0,0.000764633133447,0.000764633133447
2.0,90.0,0.0,390.0,380.0,400.0,0.000565519047075,0.000565519047075
2.0,90.0,0.0,410.0,400.0,420.0,0.00100990485823,0.00100990485823
2.0,90.0,0.0,430.0,420.0,440.0,0.00107624305291,0.00107624305291
2.0,90.0,0.0,450.0,440.0,460.0,0.00136752615122,0.00136752615122
2.0,90.0,0.0,470.0,460.0,480.0,0.00146507304171,0.00146507304171
2.0,90.0,0.0,490.0,480.0,500.0,0.0014089627019,0.0014089627019
2.0,90.0,0.0,510.0,500.0,520.0,0.00125711265529,0.00125711265529
2.0,90.0,0.0,530.0,520.0,540.0,0.00108706565201,0.00108706565201
2.0,90.0,0.0,550.0,540.0,560.0,0.000993336742478,0.000993336742478
2.0,90.0,0.0,570.0,560.0,580.0,0.000809341703591,0.000809341703591
2.0,90.0,0.0,590.0,580.0,600.0,0.000847449311725,0.000847449311725
2.0,90.0,0.0,610.0,600.0,620.0,0.000786643385891,0.000786643385891
2.0,90.0,0.0,630.0,620.0,640.0,0.000941166438187,0.000941166438187
2.0,90.0,0.0,650.0,640.0,660.0,0.00107302622188,0.00107302622188
2.0,90.0,0.0,670.0,660.0,680.0,0.00120854260066,0.00120854260066
2.0,90.0,0.0,690.0,680.0,700.0,0.00127013264735,0.00127013264735
2.0,90.0,0.0,710.0,700.0,720.0,0.00128026771844,0.00128026771844
2.0,90.0,0.0,730.0,720.0,740.0,0.00126533315954,0.00126533315954
2.0,90.0,0.0,750.0,740.0,760.0,0.00121140101385,0.00121140101385
2.0,90.0,0.0,770.0,760.0,780.0,0.0011857803898,0.0011857803898
2.0,90.0,0.5,390.0,380.0,400.0,0.000573192522451,0.000573192522451
2.0,90.0,0.5,410.0,400.0,420.0,0.00102568711516,0.00102568711516
2.0,90.0,0.5,430.0,420.0,440.0,0.00109537792123,0.00109537792123
2.0,90.0,0.5,450.0,440.0,460.0,0.00139487859388,0.00139487859388
2.0,90.0,0.5,470.0,460.0,480.0,0.00149773165765,0.00149773165765
2.0,90.0,0.5,490.0,480.0,500.0,0.00144375269132,0.00144375269132
2.0,90.0,0.5,510.0,500.0,520.0,0.00129144433514,0.00129144433514
2.0,90.0,0.5,530.0,520.0,540.0,0.00112006026512,0.00112006026512
2.0,90.0,0.5,550.0,540.0,560.0,0.00102724408975,0.00102724408975
2.0,90.0,0.5,570.0,560.0,580.0,0.000841015531064,0.000841015531064
2.0,90.0,0.5,590.0,580.0,600.0,0.000886258912253,0.000886258912253
2.0,90.0,0.5,610.0,600.0,620.0,0.000829731742384,0.000829731742384
2.0,90.0,0.5,630.0,620.0,640.0,0.00100350803021,0.00100350803021
2.0,90.0,0.5,650.0,640.0,660.0,0.00115961591831,0.00115961591831
2.0,90.0,0.5,670.0,660.0,680.0,0.00132764571645,0.00132764571645
2.0,90.0,0.5,690.0,680.0,700.0,0.00142250622479,0.00142250622479
2.0,90.0,0.5,710.0,700.0,720.0,0.00146580267235,0.00146580267235
2.0,90.0,0.5,730.0,720.0,740.0,0.00148443389847,0.00148443389847
2.0,90.0,0.5,750.0,740.0,760.0,0.00145891843855,0.00145891843855
2.0,90.0,0.5,770.0,760.0,780.0,0.00146697922313,0.00146697922313
2.0,90.0,1.0,390.0,380.0,400.0,0.000590778980237,0.000590778980237
2.0,90.0,1.0,410.0,400.0,420.0,0.00105956495936,0.00105956495936
2.0,90.0,1.0,430.0,420.0,440.0,0.00113391130388,0.00113391130388
2.0,90.0,1.0,450.0,440.0,460.0,0.00144681478524,0.00144681478524
2.0,90.0,1.0,470.0,460.0,480.0,0.00155679589076,0.00155679589076
2.0,90.0,1.0,490.0,480.0,500.0,0.0015047256815,0.0015047256815
2.0,90.0,1.0,510.0,500.0,520.0,0.0013512339624,0.0013512339624
2.0,90.0,1.0,530.0,520.0,540.0,0.00117885658734,0.00117885658734
2.0,90.0,1.0,550.0,540.0,560.0,0.00109050802694,0.00109050802694
2.0,90.0,1.0,570.0,560.0,580.0,0.00090386435323,0.00090386435323
2.0,90.0,1.0,590.0,580.0,600.0,0.0009673721254,0.0009673721254
2.0,90.0,1.0,610.0,600.0,620.0,0.000923416022961,0.000923416022961
2.0,90.0,1.0,630.0,620.0,640.0,0.00114051076594,0.00114051076594
2.0,90.0,1.0,650.0,640.0,660.0,0.00134815811893,0.00134815811893
2.0,90.0,1.0,670.0,660.0,680.0,0.00158056098341,0.00158056098341
2.0,90.0,1.0,690.0,680.0,700.0,0.00173427786056,0.00173427786056
2.0,90.0,1.0,710.0,700.0,720.0,0.00182849404028,0.00182849404028
2.0,90.0,1.0,730.0,720.0,740.0,0.00189142266863,0.00189142266863
2.0,90.0,1.0,750.0,740.0,760.0,0.00189460553163,0.00189460553163
2.0,90.0,1.0,770.0,760.0,780.0,0.00193498282289,0.00193498282289
2.0,90.0,2.0,390.0,380.0,400.0,0.000621097688524,0.000621097688524
2.0,90.0,2.0,410.0,400.0,420.0,0.00111810814918,0.00111810814918
2.0,90.0,2.0,430.0,420.0,440.0,0.00120199830844,0.00120199830844
2.0,90.0,2.0,450.0,440.0,460.0,0.00154370850185,0.00154370850185
2.0,90.0,2.0,470.0,460.0,480.0,0.00167808980657,0.00167808980657
2.0,90.0,2.0,490.0,480.0,500.0,0.00164777842237,0.00164777842237
2.0,90.0,2.0,510.0,500.0,520.0,0.001514022197,0.001514022197
2.0,90.0,2.0,530.0,520.0,540.0,0.00136234658377,0.00136234658377
2.0,90.0,2.0,550.0,540.0,560.0,0.00130866111085,0.00130866111085
2.0,90.0,2.0,570.0,560.0,580.0,0.00113294826481,0.00113294826481
2.0,90.0,2.0,590.0,580.0,600.0,0.00126531168911,0.00126531168911
2.0,90.0,2.0,610.0,600.0,620.0,0.0012596111599,0.0012596111599
2.0,90.0,2.0,630.0,620.0,640.0,0.0016079949623,0.0016079949623
2.0,90.0,2.0,650.0,640.0,660.0,0.00195234571818,0.00195234571818
2.0,90.0,2.0,670.0,660.0,680.0,0.00233711207727,0.00233711207727
2.0,90.0,2.0,690.0,680.0,700.0,0.00260277662445,0.00260277662445
2.0,90.0,2.0,710.0,700.0,720.0,0.00276915943887,0.00276915943887
2.0,90.0,2.0,730.0,720.0,740.0,0.00287524487017,0.00287524487017
2.0,90.0,2.0,750.0,740.0,760.0,0.00287823653504,0.00287823653504
2.0,90.0,2.0,770.0,760.0,780.0,0.00292331479573,0.00292331479573
2.0,90.0,3.0,390.0,380.0,400.0,0.000654142313157,0.000654142313157
2.0,90.0,3.0,410.0,400.0,420.0,0.0011850730454,0.0011850730454
2.0,90.0,3.0,430.0,420.0,440.0,0.00128663210222,0.00128663210222
2.0,90.0,3.0,450.0,440.0,460.0,0.00167797157943,0.00167797157943
2.0,90.0,3.0,470.0,460.0,480.0,0.00186450395396,0.00186450395396
2.0,90.0,3.0,490.0,480.0,500.0,0.00188291017704,0.00188291017704
2.0,90.0,3.0,510.0,500.0,520.0,0.00178661469981,0.00178661469981
2.0,90.0,3.0,530.0,520.0,540.0,0.0016623431307,0.0016623431307
2.0,90.0,3.0,550.0,540.0,560.0,0.00164610710437,0.00164610710437
2.0,90.0,3.0,570.0,560.0,580.0,0.00146266287419,0.00146266287419
2.0,90.0,3.0,590.0,580.0,600.0,0.00165959853364,0.00165959853364
2.0,90.0,3.0,610.0,600.0,620.0,0.00166787962718,0.00166787962718
2.0,90.0,3.0,630.0,620.0,640.0,0.00212739122424,0.00212739122424
2.0,90.0,3.0,650.0,640.0,660.0,0.00256750284269,0.00256750284269
2.0,90.0,3.0,670.0,660.0,680.0,0.00304463823697,0.00304463823697
2.0,90.0,3.0,690.0,680.0,700.0,0.003350612563,0.003350612563
2.0,90.0,3.0,710.0,700.0,720.0,0.00351645929138,0.00351645929138
2.0,90.0,3.0,730.0,720.0,740.0,0.00359751970795,0.00359751970795
2.0,90.0,3.0,750.0,740.0,760.0,0.00354644313456,0.00354644313456
2.0,90.0,3.0,770.0,760.0,780.0,0.00354443404942,0.00354443404942
2.0,90.0,5.0,390.0,380.0,400.0,0.000734789239545,0.000734789239545
2.0,90.0,5.0,410.0,400.0,420.0,0.00136359284622,0.00136359284622
2.0,90.0,5.0,430.0,420.0,440.0,0.00152812318167,0.00152812318167
2.0,90.0,5.0,450.0,440.0,460.0,0.00206837827966,0.00206837827966
2.0,90.0,5.0,470.0,460.0,480.0,0.00238744503142,0.00238744503142
2.0,90.0,5.0,490.0,480.0,500.0,0.00249366798109,0.00249366798109
2.0,90.0,5.0,510.0,500.0,520.0,0.00242766693514,0.00242766693514
2.0,90.0,5.0,530.0,520.0,540.0,0.00229538265049,0.00229538265049
2.0,90.0,5.0,550.0,540.0,560.0,0.00228259584215,0.00228259584215
2.0,90.0,5.0,570.0,560.0,580.0,0.00202024143252,0.00202024143252
2.0,90.0,5.0,590.0,580.0,600.0,0.00225659789638,0.00225659789638
2.0,90.0,5.0,610.0,600.0,620.0,0.00222358143711,0.00222358143711
2.0,90.0,5.0,630.0,620.0,640.0,0.00276061812075,0.00276061812075
2.0,90.0,5.0,650.0,640.0,660.0,0.00323857716239,0.00323857716239
2.0,90.0,5.0,670.0,660.0,680.0,0.00373338122413,0.00373338122413
2.0,90.0,5.0,690.0,680.0,700.0,0.00399668512462,0.00399668512462
2.0,90.0,5.0,710.0,700.0,720.0,0.00408405021749,0.00408405021749
2.0,90.0,5.0,730.0,720.0,740.0,0.00407267956164,0.00407267956164
2.0,90.0,5.0,750.0,740.0,760.0,0.00391880363896,0.00391880363896
2.0,90.0,5.0,770.0,760.0,780.0,0.00382584707153,0.00382584707153
2.0,90.0,8.0,390.0,380.0,400.0,0.000890131831594,0.000890131831594
2.0,90.0,8.0,410.0,400.0,420.0,0.00169469225411,0.00169469225411
2.0,90.0,8.0,430.0,420.0,440.0,0.00193746074215,0.00193746074215
2.0,90.0,8.0,450.0,440.0,460.0,0.00265109470106,0.00265109470106
2.0,90.0,8.0,470.0,460.0,480.0,0.00306082976279,0.00306082976279
2.0,90.0,8.0,490.0,480.0,500.0,0.00316639415811,0.00316639415811
2.0,90.0,8.0,510.0,500.0,520.0,0.00303071380436,0.00303071380436
2.0,90.0,8.0,530.0,520.0,540.0,0.00280405228991,0.00280405228991
2.0,90.0,8.0,550.0,540.0,560.0,0.00271490716181,0.00271490716181
2.0,90.0,8.0,570.0,560.0,580.0,0.00233863034142,0.00233863034142
2.0,90.0,8.0,590.0,580.0,600.0,0.00253153217381,0.00253153217381
2.0,90.0,8.0,610.0,600.0,620.0,0.0024221643262,0.0024221643262
2.0,90.0,8.0,630.0,620.0,640.0,0.00291395108349,0.00291395108349
2.0,90.0,8.0,650.0,640.0,660.0,0.00331929217679,0.00331929217679
2.0,90.0,8.0,670.0,660.0,680.0,0.00372434216065,0.00372434216065
2.0,90.0,8.0,690.0,680.0,700.0,0.00388939885674,0.00388939885674
2.0,90.0,8.0,710.0,700.0,720.0,0.00388497717504,0.00388497717504
2.0,90.0,8.0,730.0,720.0,740.0,0.00379398956692,0.00379398956692
2.0,90.0,8.0,750.0,740.0,760.0,0.00358166122908,0.00358166122908
2.0,90.0,8.0,770.0,760.0,780.0,0.003434340531,0.003434340531
2.0,90.0,12.0,390.0,380.0,400.0,0.00107517902825,0.00107517902825
2.0,90.0,12.0,410.0,400.0,420.0,0.00202863134982,0.00202863134982
2.0,90.0,12.0,430.0,420.0,440.0,0.00227982871825,0.00227982871825
2.0,90.0,12.0,450.0,440.0,460.0,0.00304802935546,0.00304802935546
2.0,90.0,12.0,470.0,460.0,480.0,0.00342525717274,0.00342525717274
2.0,90.0,12.0,490.0,480.0,500.0,0.00344326606981,0.00344326606981
2.0,90.0,12.0,510.0,500.0,520.0,0.00320398638066,0.00320398638066
2.0,90.0,12.0,530.0,520.0,540.0,0.00288637474262,0.00288637474262
2.0,90.0,12.0,550.0,540.0,560.0,0.00272081774742,0.00272081774742
2.0,90.0,12.0,570.0,560.0,580.0,0.00228857614938,0.00228857614938
2.0,90.0,12.0,590.0,580.0,600.0,0.00241518634663,0.00241518634663
2.0,90.0,12.0,610.0,600.0,620.0,0.00226001400225,0.00226001400225
2.0,90.0,12.0,630.0,620.0,640.0,0.00265667682411,0.00265667682411
2.0,90.0,12.0,650.0,640.0,660.0,0.00296371335515,0.00296371335515
2.0,90.0,12.0,670.0,660.0,680.0,0.00326407803235,0.00326407803235
2.0,90.0,12.0,690.0,680.0,700.0,0.0033524855475,0.0033524855475
2.0,90.0,12.0,710.0,700.0,720.0,0.00329891327558,0.00329891327558
2.0,90.0,12.0,730.0,720.0,740.0,0.00317841015124,0.00317841015124
2.0,90.0,12.0,750.0,740.0,760.0,0.0029644354884,0.0029644354884
2.0,90.0,12.0,770.0,760.0,780.0,0.00281040817268,0.00281040817268
2.0,90.0,20.0,390.0,380.0,400.0,0.00122673939686,0.00122673939686
2.0,90.0,20.0,410.0,400.0,420.0,0.00221538941785,0.00221538941785
2.0,90.0,20.0,430.0,420.0,440.0,0.00238284006679,0.00238284006679
2.0,90.0,20.0,450.0,440.0,460.0,0.00305415780503,0.00305415780503
2.0,90.0,20.0,470.0,460.0,480.0,0.00329919661682,0.00329919661682
2.0,90.0,20.0,490.0,480.0,500.0,0.00319894073415,0.00319894073415
2.0,90.0,20.0,510.0,500.0,520.0,0.00288286068378,0.00288286068378
2.0,90.0,20.0,530.0,520.0,540.0,0.00252552277719,0.00252552277719
2.0,90.0,20.0,550.0,540.0,560.0,0.00231824404797,0.00231824404797
2.0,90.0,20.0,570.0,560.0,580.0,0.00190666746268,0.00190666746268
2.0,90.0,20.0,590.0,580.0,600.0,0.0019648932795,0.0019648932795
2.0,90.0,20.0,610.0,600.0,620.0,0.00180201403258,0.00180201403258
2.0,90.0,20.0,630.0,620.0,640.0,0.00207410290507,0.00207410290507
2.0,90.0,20.0,650.0,640.0,660.0,0.00227096169906,0.00227096169906
2.0,90.0,20.0,670.0,660.0,680.0,0.00246045118196,0.00246045118196
2.0,90.0,20.0,690.0,680.0,700.0,0.00249078372028,0.00249078372028
2.0,90.0,20.0,710.0,700.0,720.0,0.0024196104183,0.0024196104183
2.0,90.0,20.0,730.0,720.0,740.0,0.00230452860505,0.00230452860505
2.0,90.0,20.0,750.0,740.0,760.0,0.002127560559,0.002127560559
2.0,90.0,20.0,770.0,760.0,780.0,0.00199779491124,0.00199779491124
2.0,90.0,30.0,390.0,380.0,400.0,0.00120274445651,0.00120274445651
2.0,90.0,30.0,410.0,400.0,420.0,0.00209432833818,0.00209432833818
2.0,90.0,30.0,430.0,420.0,440.0,0.00218116603569,0.00218116603569
2.0,90.0,30.0,450.0,440.0,460.0,0.00271772155908,0.00271772155908
2.0,90.0,30.0,470.0,460.0,480.0,0.00286409886764,0.00286409886764
2.0,90.0,30.0,490.0,480.0,500.0,0.00271817414925,0.00271817414925
2.0,90.0,30.0,510.0,500.0,520.0,0.00240530131948,0.00240530131948
2.0,90.0,30.0,530.0,520.0,540.0,0.00207494345593,0.00207494345593
2.0,90.0,30.0,550.0,540.0,560.0,0.00187750587181,0.00187750587181
2.0,90.0,30.0,570.0,560.0,580.0,0.00152603900146,0.00152603900146
2.0,90.0,30.0,590.0,580.0,600.0,0.00155299627752,0.00155299627752
2.0,90.0,30.0,610.0,600.0,620.0,0.00140944132284,0.00140944132284
2.0,90.0,30.0,630.0,620.0,640.0,0.00160439930201,0.00160439930201
2.0,90.0,30.0,650.0,640.0,660.0,0.00173967445964,0.00173967445964
2.0,90.0,30.0,670.0,660.0,680.0,0.00186896441229,0.00186896441229
2.0,90.0,30.0,690.0,680.0,700.0,0.00187803224902,0.00187803224902
2.0,90.0,30.0,710.0,700.0,720.0,0.0018124353655,0.0018124353655
2.0,90.0,30.0,730.0,720.0,740.0,0.0017161787983,0.0017161787983
2.0,90.0,30.0,750.0,740.0,760.0,0.00157625702261,0.00157625702261
2.0,90.0,30.0,770.0,760.0,780.0,0.00147297549481,0.00147297549481
2.0,90.0,45.0,390.0,380.0,400.0,0.00107064630679,0.00107064630679
2.0,90.0,45.0,410.0,400.0,420.0,0.00181249839013,0.00181249839013
2.0,90.0,45.0,430.0,420.0,440.0,0.00184371434375,0.00184371434375
2.0,90.0,45.0,450.0,440.0,460.0,0.0022524707176,0.0022524707176
2.0,90.0,45.0,470.0,460.0,480.0,0.00233485407247,0.00233485407247
2.0,90.0,45.0,490.0,480.0,500.0,0.00218539978782,0.00218539978782
2.0,90.0,45.0,510.0,500.0,520.0,0.00191192122222,0.00191192122222
2.0,90.0,45.0,530.0,520.0,540.0,0.00163404023366,0.00163404023366
2.0,90.0,45.0,550.0,540.0,560.0,0.00146575786122,0.00146575786122
2.0,90.0,45.0,570.0,560.0,580.0,0.00118318063723,0.00118318063723
2.0,90.0,45.0,590.0,580.0,600.0,0.00119479710405,0.00119479710405
2.0,90.0,45.0,610.0,600.0,620.0,0.00107757844646,0.00107757844646
2.0,90.0,45.0,630.0,620.0,640.0,0.00121815135485,0.00121815135485
2.0,90.0,45.0,650.0,640.0,660.0,0.00131291782087,0.00131291782087
2.0,90.0,45.0,670.0,660.0,680.0,0.00140322051457,0.00140322051457
2.0,90.0,45.0,690.0,680.0,700.0,0.00140372783836,0.00140372783836
2.0,90.0,45.0,710.0,700.0,720.0,0.0013493844206,0.0013493844206
2.0,90.0,45.0,730.0,720.0,740.0,0.00127328943468,0.00127328943468
2.0,90.0,45.0,750.0,740.0,760.0,0.00116593440265,0.00116593440265
2.0,90.0,45.0,770.0,760.0,780.0,0.00108641126197,0.00108641126197
2.0,90.0,60.0,390.0,380.0,400.0,0.000972639097061,0.000972639097061
2.0,90.0,60.0,410.0,400.0,420.0,0.00162182970209,0.00162182970209
2.0,90.0,60.0,430.0,420.0,440.0,0.00162921875057,0.00162921875057
2.0,90.0,60.0,450.0,440.0,460.0,0.00196996325954,0.00196996325954
2.0,90.0,60.0,470.0,460.0,480.0,0.00202466578141,0.00202466578141
2.0,90.0,60.0,490.0,480.0,500.0,0.00188182062249,0.00188182062249
2.0,90.0,60.0,510.0,500.0,520.0,0.00163706589815,0.00163706589815
2.0,90.0,60.0,530.0,520.0,540.0,0.00139286639087,0.00139286639087
2.0,90.0,60.0,550.0,540.0,560.0,0.00124421587029,0.00124421587029
2.0,90.0,60.0,570.0,560.0,580.0,0.00100112910111,0.00100112910111
2.0,90.0,60.0,590.0,580.0,600.0,0.00100718928671,0.00100718928671
2.0,90.0,60.0,610.0,600.0,620.0,0.000905701480991,0.000905701480991
2.0,90.0,60.0,630.0,620.0,640.0,0.00102038752215,0.00102038752215
2.0,90.0,60.0,650.0,640.0,660.0,0.00109656326015,0.00109656326015
2.0,90.0,60.0,670.0,660.0,680.0,0.0011691176904,0.0011691176904
2.0,90.0,60.0,690.0,680.0,700.0,0.00116712565573,0.00116712565573
2.0,90.0,60.0,710.0,700.0,720.0,0.00111996947428,0.00111996947428
2.0,90.0,60.0,730.0,720.0,740.0,0.00105522407618,0.00105522407618
2.0,90.0,60.0,750.0,740.0,760.0,0.000965043658627,0.000965043658627
2.0,90.0,60.0,770.0,760.0,780.0,0.000898165052865,0.000898165052865
2.0,90.0,90.0,390.0,380.0,400.0,0.000872589506613,0.000872589506613
2.0,90.0,90.0,410.0,400.0,420.0,0.00143783294017,0.00143783294017
2.0,90.0,90.0,430.0,420.0,440.0,0.00143116211364,0.00143116211364
2.0,90.0,90.0,450.0,440.0,460.0,0.00171851942423,0.00171851942423
2.0,90.0,90.0,470.0,460.0,480.0,0.00175715123972,0.00175715123972
2.0,90.0,90.0,490.0,480.0,500.0,0.00162702133162,0.00162702133162
2.0,90.0,90.0,510.0,500.0,520.0,0.00141166544185,0.00141166544185
2.0,90.0,90.0,530.0,520.0,540.0,0.00119897705243,0.00119897705243
2.0,90.0,90.0,550.0,540.0,560.0,0.00106928076952,0.00106928076952
2.0,90.0,90.0,570.0,560.0,580.0,0.000859543126556,0.000859543126556
2.0,90.0,90.0,590.0,580.0,600.0,0.000863345749632,0.000863345749632
2.0,90.0,90.0,610.0,600.0,620.0,0.00077550110755,0.00077550110755
2.0,90.0,90.0,630.0,620.0,640.0,0.000872261441309,0.000872261441309
2.0,90.0,90.0,650.0,640.0,660.0,0.000936130773521,0.000936130773521
2.0,90.0,90.0,670.0,660.0,680.0,0.000997077272385,0.000997077272385
2.0,90.0,90.0,690.0,680.0,700.0,0.000994662316946,0.000994662316946
2.0,90.0,90.0,710.0,700.0,720.0,0.000953996359027,0.000953996359027
2.0,90.0,90.0,730.0,720.0,740.0,0.000898558551212,0.000898558551212
2.0,90.0,90.0,750.0,740.0,760.0,0.000821649598287,0.000821649598287
2.0,90.0,90.0,770.0,760.0,780.0,0.000764633132849,0.000764633132849
2.0,180.0,0.0,390.0,380.0,400.0,0.000516714022987,0.000516714022987
2.0,180.0,0.0,410.0,400.0,420.0,0.000917692426612,0.000917692426612
2.0,180.0,0.0,430.0,420.0,440.0,0.000975237042052,0.000975237042052
2.0,180.0,0.0,450.0,440.0,460.0,0.00123814292437,0.00123814292437
2.0,180.0,0.0,470.0,460.0,480.0,0.00132686934969,0.00132686934969
2.0,180.0,0.0,490.0,480.0,500.0,0.00127583161094,0.00127583161094
2.0,180.0,0.0,510.0,500.0,520.0,0.00113469629085,0.00113469629085
2.0,180.0,0.0,530.0,520.0,540.0,0.000973858500151,0.000973858500151
2.0,180.0,0.0,550.0,540.0,560.0,0.000886337302054,0.000886337302054
2.0,180.0,0.0,570.0,560.0,580.0,0.000714366078778,0.000714366078778
2.0,180.0,0.0,590.0,580.0,600.0,0.000749202796707,0.000749202796707
2.0,180.0,0.0,610.0,600.0,620.0,0.000691663368987,0.000691663368987
2.0,180.0,0.0,630.0,620.0,640.0,0.000832995267456,0.000832995267456
2.0,180.0,0.0,650.0,640.0,660.0,0.000953082035479,0.000953082035479
2.0,180.0,0.0,670.0,660.0,680.0,0.00107179373882,0.00107179373882
2.0,180.0,0.0,690.0,680.0,700.0,0.00111894044637,0.00111894044637
2.0,180.0,0.0,710.0,700.0,720.0,0.00111472917747,0.00111472917747
2.0,180.0,0.0,730.0,720.0,740.0,0.00108317117265,0.00108317117265
2.0,180.0,0.0,750.0,740.0,760.0,0.00101288085078,0.00101288085078
2.0,180.0,0.0,770.0,760.0,780.0,0.000966072472072,0.000966072472072
2.0,180.0,0.5,390.0,380.0,400.0,0.00054755889534,0.00054755889534
2.0,180.0,0.5,410.0,400.0,420.0,0.000972407433416,0.000972407433416
2.0,180.0,0.5,430.0,420.0,440.0,0.00103309534588,0.00103309534588
2.0,180.0,0.5,450.0,440.0,460.0,0.00131097380965,0.00131097380965
2.0,180.0,0.5,470.0,460.0,480.0,0.00140392889279,0.00140392889279
2.0,180.0,0.5,490.0,480.0,500.0,0.00134873605808,0.00134873605808
2.0,180.0,0.5,510.0,500.0,520.0,0.00119838642384,0.00119838642384
2.0,180.0,0.5,530.0,520.0,540.0,0.00102740911871,0.00102740911871
2.0,180.0,0.5,550.0,540.0,560.0,0.000933472710991,0.000933472710991
2.0,180.0,0.5,570.0,560.0,580.0,0.000751037973751,0.000751037973751
2.0,180.0,0.5,590.0,580.0,600.0,0.000785706904597,0.000785706904597
2.0,180.0,0.5,610.0,600.0,620.0,0.000723618891795,0.000723618891795
2.0,180.0,0.5,630.0,620.0,640.0,0.000869128531607,0.000869128531607
2.0,180.0,0.5,650.0,640.0,660.0,0.000991819763232,0.000991819763232
2.0,180.0,0.5,670.0,660.0,680.0,0.00111243673478,0.00111243673478
2.0,180.0,0.5,690.0,680.0,700.0,0.00115819804218,0.00115819804218
2.0,180.0,0.5,710.0,700.0,720.0,0.0011504477977,0.0011504477977
2.0,180.0,0.5,730.0,720.0,740.0,0.00111428405806,0.00111428405806
2.0,180.0,0.5,750.0,740.0,760.0,0.00103827082843,0.00103827082843
2.0,180.0,0.5,770.0,760.0,780.0,0.000986473373295,0.000986473373295
2.0,180.0,1.0,390.0,380.0,400.0,0.000564917281833,0.000564917281833
2.0,180.0,1.0,410.0,400.0,420.0,0.00100403835226,0.00100403835226
2.0,180.0,1.0,430.0,420.0,440.0,0.00106732407885,0.00106732407885
2.0,180.0,1.0,450.0,440.0,460.0,0.0013548958829,0.0013548958829
2.0,180.0,1.0,470.0,460.0,480.0,0.0014511359189,0.0014511359189
2.0,180.0,1.0,490.0,480.0,500.0,0.001393867658,0.001393867658
2.0,180.0,1.0,510.0,500.0,520.0,0.00123786192905,0.00123786192905
2.0,180.0,1.0,530.0,520.0,540.0,0.00106028295318,0.00106028295318
2.0,180.0,1.0,550.0,540.0,560.0,0.000962278140144,0.000962278140144
2.0,180.0,1.0,570.0,560.0,580.0,0.000772983816132,0.000772983816132
2.0,180.0,1.0,590.0,580.0,600.0,0.000807504062714,0.000807504062714
2.0,180.0,1.0,610.0,600.0,620.0,0.000742263035411,0.000742263035411
2.0,180.0,1.0,630.0,620.0,640.0,0.000889946747137,0.000889946747137
2.0,180.0,1.0,650.0,640.0,660.0,0.00101337195507,0.00101337195507
2.0,180.0,1.0,670.0,660.0,680.0,0.00113356928747,0.00113356928747
2.0,180.0,1.0,690.0,680.0,700.0,0.00117644442325,0.00117644442325
2.0,180.0,1.0,710.0,700.0,720.0,0.00116429006864,0.00116429006864
2.0,180.0,1.0,730.0,720.0,740.0,0.00112305429073,0.00112305429073
2.0,180.0,1.0,750.0,740.0,760.0,0.00104170204287,0.00104170204287
2.0,180.0,1.0,770.0,760.0,780.0,0.000984963990349,0.000984963990349
2.0,180.0,2.0,390.0,380.0,400.0,0.00059166195292,0.00059166195292
2.0,180.0,2.0,410.0,400.0,420.0,0.00105285024586,0.00105285024586
2.0,180.0,2.0,430.0,420.0,440.0,0.00111989518072,0.00111989518072
2.0,180.0,2.0,450.0,440.0,460.0,0.00142151281644,0.00142151281644
2.0,180.0,2.0,470.0,460.0,480.0,0.00152125204306,0.00152125204306
2.0,180.0,2.0,490.0,480.0,500.0,0.0014590195977,0.0014590195977
2.0,180.0,2.0,510.0,500.0,520.0,0.00129308704334,0.00129308704334
2.0,180.0,2.0,530.0,520.0,540.0,0.00110535098045,0.00110535098045
2.0,180.0,2.0,550.0,540.0,560.0,0.00100268778383,0.00100268778383
2.0,180.0,2.0,570.0,560.0,580.0,0.000806688992754,0.000806688992754
2.0,180.0,2.0,590.0,580.0,600.0,0.000847790819037,0.000847790819037
2.0,180.0,2.0,610.0,600.0,620.0,0.000787431260706,0.000787431260706
2.0,180.0,2.0,630.0,620.0,640.0,0.000959794919574,0.000959794919574
2.0,180.0,2.0,650.0,640.0,660.0,0.00111750073826,0.00111750073826
2.0,180.0,2.0,670.0,660.0,680.0,0.00128591621273,0.00128591621273
2.0,180.0,2.0,690.0,680.0,700.0,0.00138112253857,0.00138112253857
2.0,180.0,2.0,710.0,700.0,720.0,0.00142267030615,0.00142267030615
2.0,180.0,2.0,730.0,720.0,740.0,0.00143572702516,0.00143572702516
2.0,180.0,2.0,750.0,740.0,760.0,0.0013995504318,0.0013995504318
2.0,180.0,2.0,770.0,760.0,780.0,0.00139549619852,0.00139549619852
2.0,180.0,3.0,390.0,380.0,400.0,0.000621874278374,0.000621874278374
2.0,180.0,3.0,410.0,400.0,420.0,0.00110609562643,0.00110609562643
2.0,180.0,3.0,430.0,420.0,440.0,0.00117499681104,0.00117499681104
2.0,180.0,3.0,450.0,440.0,460.0,0.00148878609105,0.00148878609105
2.0,180.0,3.0,470.0,460.0,480.0,0.00159150398056,0.00159150398056
2.0,180.0,3.0,490.0,480.0,500.0,0.00152918834797,0.00152918834797
2.0,180.0,3.0,510.0,500.0,520.0,0.00136600716419,0.00136600716419
2.0,180.0,3.0,530.0,520.0,540.0,0.00118850339042,0.00118850339042
2.0,180.0,3.0,550.0,540.0,560.0,0.00111114583079,0.00111114583079
2.0,180.0,3.0,570.0,560.0,580.0,0.000934569002642,0.000934569002642
2.0,180.0,3.0,590.0,580.0,600.0,0.00103552379657,0.00103552379657
2.0,180.0,3.0,610.0,600.0,620.0,0.00102287256289,0.00102287256289
2.0,180.0,3.0,630.0,620.0,640.0,0.00132023160931,0.00132023160931
2.0,180.0,3.0,650.0,640.0,660.0,0.00162371957337,0.00162371957337
2.0,180.0,3.0,670.0,660.0,680.0,0.00196696779195,0.00196696779195
2.0,180.0,3.0,690.0,680.0,700.0,0.00221331586126,0.00221331586126
2.0,180.0,3.0,710.0,700.0,720.0,0.00237498791016,0.00237498791016
2.0,180.0,3.0,730.0,720.0,740.0,0.00248191278848,0.00248191278848
2.0,180.0,3.0,750.0,740.0,760.0,0.00249283294604,0.00249283294604
2.0,180.0,3.0,770.0,760.0,780.0,0.00254108152293,0.00254108152293
2.0,180.0,5.0,390.0,380.0,400.0,0.000679505842155,0.000679505842155
2.0,180.0,5.0,410.0,400.0,420.0,0.00120739340885,0.00120739340885
2.0,180.0,5.0,430.0,420.0,440.0,0.00128618306985,0.00128618306985
2.0,180.0,5.0,450.0,440.0,460.0,0.00165074773671,0.00165074773671
2.0,180.0,5.0,470.0,460.0,480.0,0.00181730911028,0.00181730911028
2.0,180.0,5.0,490.0,480.0,500.0,0.00183417678637,0.00183417678637
2.0,180.0,5.0,510.0,500.0,520.0,0.00175213279153,0.00175213279153
2.0,180.0,5.0,530.0,520.0,540.0,0.00165058398504,0.00165058398504
2.0,180.0,5.0,550.0,540.0,560.0,0.00167350278074,0.00167350278074
2.0,180.0,5.0,570.0,560.0,580.0,0.00151914342283,0.00151914342283
2.0,180.0,5.0,590.0,580.0,600.0,0.00177527319641,0.00177527319641
2.0,180.0,5.0,610.0,600.0,620.0,0.00182301239181,0.00182301239181
2.0,180.0,5.0,630.0,620.0,640.0,0.0023809996753,0.0023809996753
2.0,180.0,5.0,650.0,640.0,660.0,0.00292626756455,0.00292626756455
2.0,180.0,5.0,670.0,660.0,680.0,0.00351333243693,0.00351333243693
2.0,180.0,5.0,690.0,680.0,700.0,0.00389502567039,0.00389502567039
2.0,180.0,5.0,710.0,700.0,720.0,0.00410070212467,0.00410070212467
2.0,180.0,5.0,730.0,720.0,740.0,0.00419316508044,0.00419316508044
2.0,180.0,5.0,750.0,740.0,760.0,0.00411618301511,0.00411618301511
2.0,180.0,5.0,770.0,760.0,780.0,0.00409326884962,0.00409326884962
2.0,180.0,8.0,390.0,380.0,400.0,0.000781070394962,0.000781070394962
2.0,180.0,8.0,410.0,400.0,420.0,0.00142333601572,0.00142333601572
2.0,180.0,8.0,430.0,420.0,440.0,0.00158167297572,0.00158167297572
2.0,180.0,8.0,450.0,440.0,460.0,0.00214744530694,0.00214744530694
2.0,180.0,8.0,470.0,460.0,480.0,0.00251174734533,0.00251174734533
2.0,180.0,8.0,490.0,480.0,500.0,0.0026721423439,0.0026721423439
2.0,180.0,8.0,510.0,500.0,520.0,0.0026468593687,0.0026468593687
2.0,180.0,8.0,530.0,520.0,540.0,0.00253784992621,0.00253784992621
2.0,180.0,8.0,550.0,540.0,560.0,0.00257032352674,0.00257032352674
2.0,180.0,8.0,570.0,560.0,580.0,0.00229991750188,0.00229991750188
2.0,180.0,8.0,590.0,580.0,600.0,0.00261372137216,0.00261372137216
2.0,180.0,8.0,610.0,600.0,620.0,0.00259879019639,0.00259879019639
2.0,180.0,8.0,630.0,620.0,640.0,0.00326717463775,0.00326717463775
2.0,180.0,8.0,650.0,640.0,660.0,0.00386562076978,0.00386562076978
2.0,180.0,8.0,670.0,660.0,680.0,0.00447515855294,0.00447515855294
2.0,180.0,8.0,690.0,680.0,700.0,0.00479414795935,0.00479414795935
2.0,180.0,8.0,710.0,700.0,720.0,0.0048883371334,0.0048883371334
2.0,180.0,8.0,730.0,720.0,740.0,0.00485236497765,0.00485236497765
2.0,180.0,8.0,750.0,740.0,760.0,0.00463517429575,0.00463517429575
2.0,180.0,8.0,770.0,760.0,780.0,0.00449291769366,0.00449291769366
2.0,180.0,12.0,390.0,380.0,400.0,0.000967172096229,0.000967172096229
2.0,180.0,12.0,410.0,400.0,420.0,0.00182134729362,0.00182134729362
2.0,180.0,12.0,430.0,420.0,440.0,0.00208182034536,0.00208182034536
2.0,180.0,12.0,450.0,440.0,460.0,0.00287176849134,0.00287176849134
2.0,180.0,12.0,470.0,460.0,480.0,0.00335939385174,0.00335939385174
2.0,180.0,12.0,490.0,480.0,500.0,0.00352370024484,0.00352370024484
2.0,180.0,12.0,510.0,500.0,520.0,0.00340878535182,0.00340878535182
2.0,180.0,12.0,530.0,520.0,540.0,0.00317534838171,0.00317534838171
2.0,180.0,12.0,550.0,540.0,560.0,0.00310652938773,0.00310652938773
2.0,180.0,12.0,570.0,560.0,580.0,0.00268789248058,0.00268789248058
2.0,180.0,12.0,590.0,580.0,600.0,0.00294260173786,0.00294260173786
2.0,180.0,12.0,610.0,600.0,620.0,0.00282948370618,0.00282948370618
2.0,180.0,12.0,630.0,620.0,640.0,0.00343616658254,0.00343616658254
2.0,180.0,12.0,650.0,640.0,660.0,0.00393948129435,0.00393948129435
2.0,180.0,12.0,670.0,660.0,680.0,0.00443422186457,0.00443422186457
2.0,180.0,12.0,690.0,680.0,700.0,0.00463295653357,0.00463295653357
2.0,180.0,12.0,710.0,700.0,720.0,0.00461986994603,0.00461986994603
2.0,180.0,12.0,730.0,720.0,740.0,0.00449572575043,0.00449572575043
2.0,180.0,12.0,750.0,740.0,760.0,0.00422023115038,0.00422023115038
2.0,180.0,12.0,770.0,760.0,780.0,0.00402462571635,0.00402462571635
2.0,180.0,20.0,390.0,380.0,400.0,0.00125677662962,0.00125677662962
2.0,180.0,20.0,410.0,400.0,420.0,0.00233078304162,0.00233078304162
2.0,180.0,20.0,430.0,420.0,440.0,0.00259322317548,0.00259322317548
2.0,180.0,20.0,450.0,440.0,460.0,0.00344926141175,0.00344926141175
2.0,180.0,20.0,470.0,460.0,480.0,0.00386744265899,0.00386744265899
2.0,180.0,20.0,490.0,480.0,500.0,0.00388148383128,0.00388148383128
2.0,180.0,20.0,510.0,500.0,520.0,0.00360121770707,0.00360121770707
2.0,180.0,20.0,530.0,520.0,540.0,0.00322958682619,0.00322958682619
2.0,180.0,20.0,550.0,540.0,560.0,0.00303757141144,0.00303757141144
2.0,180.0,20.0,570.0,560.0,580.0,0.00254210505719,0.00254210505719
2.0,180.0,20.0,590.0,580.0,600.0,0.00268021962743,0.00268021962743
2.0,180.0,20.0,610.0,600.0,620.0,0.00249800372033,0.00249800372033
2.0,180.0,20.0,630.0,620.0,640.0,0.00293323926128,0.00293323926128
2.0,180.0,20.0,650.0,640.0,660.0,0.00326458749942,0.00326458749942
2.0,180.0,20.0,670.0,660.0,680.0,0.00358170604394,0.00358170604394
2.0,180.0,20.0,690.0,680.0,700.0,0.00366030233609,0.00366030233609
2.0,180.0,20.0,710.0,700.0,720.0,0.00358035990517,0.00358035990517
2.0,180.0,20.0,730.0,720.0,740.0,0.00342620542794,0.00342620542794
2.0,180.0,20.0,750.0,740.0,760.0,0.00317063050547,0.00317063050547
2.0,180.0,20.0,770.0,760.0,780.0,0.00298333354669,0.00298333354669
2.0,180.0,30.0,390.0,380.0,400.0,0.00133833488258,0.00133833488258
2.0,180.0,30.0,410.0,400.0,420.0,0.00239150984469,0.00239150984469
2.0,180.0,30.0,430.0,420.0,440.0,0.00256289634895,0.00256289634895
2.0,180.0,30.0,450.0,440.0,460.0,0.00328738139265,0.00328738139265
2.0,180.0,30.0,470.0,460.0,480.0,0.00356224822738,0.00356224822738
2.0,180.0,30.0,490.0,480.0,500.0,0.00346639908884,0.00346639908884
2.0,180.0,30.0,510.0,500.0,520.0,0.00313159746929,0.00313159746929
2.0,180.0,30.0,530.0,520.0,540.0,0.00274584336023,0.00274584336023
2.0,180.0,30.0,550.0,540.0,560.0,0.00252500967557,0.00252500967557
2.0,180.0,30.0,570.0,560.0,580.0,0.00207501701285,0.00207501701285
2.0,180.0,30.0,590.0,580.0,600.0,0.00214197312731,0.00214197312731
2.0,180.0,30.0,610.0,600.0,620.0,0.0019624870336,0.0019624870336
2.0,180.0,30.0,630.0,620.0,640.0,0.00226112129475,0.00226112129475
2.0,180.0,30.0,650.0,640.0,660.0,0.00247529978215,0.00247529978215
2.0,180.0,30.0,670.0,660.0,680.0,0.00267769924467,0.00267769924467
2.0,180.0,30.0,690.0,680.0,700.0,0.00270346432984,0.00270346432984
2.0,180.0,30.0,710.0,700.0,720.0,0.00261673049523,0.00261673049523
2.0,180.0,30.0,730.0,720.0,740.0,0.00248120669582,0.00248120669582
2.0,180.0,30.0,750.0,740.0,760.0,0.00227822022588,0.00227822022588
2.0,180.0,30.0,770.0,760.0,780.0,0.00212783566043,0.00212783566043
2.0,180.0,45.0,390.0,380.0,400.0,0.00122335427132,0.00122335427132
2.0,180.0,45.0,410.0,400.0,420.0,0.00210557603361,0.00210557603361
2.0,180.0,45.0,430.0,420.0,440.0,0.00217956373234,0.00217956373234
2.0,180.0,45.0,450.0,440.0,460.0,0.00270918022751,0.00270918022751
2.0,180.0,45.0,470.0,460.0,480.0,0.00285439458198,0.00285439458198
2.0,180.0,45.0,490.0,480.0,500.0,0.00271042227039,0.00271042227039
2.0,180.0,45.0,510.0,500.0,520.0,0.00239893742991,0.00239893742991
2.0,180.0,45.0,530.0,520.0,540.0,0.00206825916565,0.00206825916565
2.0,180.0,45.0,550.0,540.0,560.0,0.00187126809152,0.00187126809152
2.0,180.0,45.0,570.0,560.0,580.0,0.00151844404817,0.00151844404817
2.0,180.0,45.0,590.0,580.0,600.0,0.00154479881869,0.00154479881869
2.0,180.0,45.0,610.0,600.0,620.0,0.00139932757722,0.00139932757722
2.0,180.0,45.0,630.0,620.0,640.0,0.00159177421746,0.00159177421746
2.0,180.0,45.0,650.0,640.0,660.0,0.00172358991587,0.00172358991587
2.0,180.0,45.0,670.0,660.0,680.0,0.00184759424408,0.00184759424408
2.0,180.0,45.0,690.0,680.0,700.0,0.00185117613119,0.00185117613119
2.0,180.0,45.0,710.0,700.0,720.0,0.00178029492453,0.00178029492453
2.0,180.0,45.0,730.0,720.0,740.0,0.00167899016497,0.00167899016497
2.0,180.0,45.0,750.0,740.0,760.0,0.00153492693965,0.00153492693965
2.0,180.0,45.0,770.0,760.0,780.0,0.00142780038803,0.00142780038803
2.0,180.0,60.0,390.0,380.0,400.0,0.00104785904453,0.00104785904453
2.0,180.0,60.0,410.0,400.0,420.0,0.00176056221595,0.00176056221595
2.0,180.0,60.0,430.0,420.0,440.0,0.00178356425321,0.00178356425321
2.0,180.0,60.0,450.0,440.0,460.0,0.00217528426041,0.00217528426041
2.0,180.0,60.0,470.0,460.0,480.0,0.00225432684612,0.00225432684612
2.0,180.0,60.0,490.0,480.0,500.0,0.0021107645586,0.0021107645586
2.0,180.0,60.0,510.0,500.0,520.0,0.001846954713,0.001846954713
2.0,180.0,60.0,530.0,520.0,540.0,0.00157795857996,0.00157795857996
2.0,180.0,60.0,550.0,540.0,560.0,0.00141524636685,0.00141524636685
2.0,180.0,60.0,570.0,560.0,580.0,0.00114096237639,0.00114096237639
2.0,180.0,60.0,590.0,580.0,600.0,0.00115168533437,0.00115168533437
2.0,180.0,60.0,610.0,600.0,620.0,0.00103708531318,0.00103708531318
2.0,180.0,60.0,630.0,620.0,640.0,0.00117157047899,0.00117157047899
2.0,180.0,60.0,650.0,640.0,660.0,0.00126124364505,0.00126124364505
2.0,180.0,60.0,670.0,660.0,680.0,0.00134564859552,0.00134564859552
2.0,180.0,60.0,690.0,680.0,700.0,0.00134314042356,0.00134314042356
2.0,180.0,60.0,710.0,700.0,720.0,0.00128773345821,0.00128773345821
2.0,180.0,60.0,730.0,720.0,740.0,0.00121144637637,0.00121144637637
2.0,180.0,60.0,750.0,740.0,760.0,0.00110542794987,0.00110542794987
2.0,180.0,60.0,770.0,760.0,780.0,0.00102649749374,0.00102649749374
2.0,180.0,90.0,390.0,380.0,400.0,0.000872589506614,0.000872589506614
2.0,180.0,90.0,410.0,400.0,420.0,0.00143783294018,0.00143783294018
2.0,180.0,90.0,430.0,420.0,440.0,0.00143116211365,0.00143116211365
2.0,180.0,90.0,450.0,440.0,460.0,0.00171851942423,0.00171851942423
2.0,180.0,90.0,470.0,460.0,480.0,0.00175715123972,0.00175715123972
2.0,180.0,90.0,490.0,480.0,500.0,0.00162702133162,0.00162702133162
2.0,180.0,90.0,510.0,500.0,520.0,0.00141166544185,0.00141166544185
2.0,180.0,90.0,530.0,520.0,540.0,0.00119897705243,0.00119897705243
2.0,180.0,90.0,550.0,540.0,560.0,0.00106928076952,0.00106928076952
2.0,180.0,90.0,570.0,560.0,580.0,0.000859543126557,0.000859543126557
2.0,180.0,90.0,590.0,580.0,600.0,0.000863345749632,0.000863345749632
2.0,180.0,90.0,610.0,600.0,620.0,0.000775501107551,0.000775501107551
2.0,180.0,90.0,630.0,620.0,640.0,0.00087226144131,0.00087226144131
2.0,180.0,90.0,650.0,640.0,660.0,0.000936130773521,0.000936130773521
2.0,180.0,90.0,670.0,660.0,680.0,0.000997077272385,0.000997077272385
2.0,180.0,90.0,690.0,680.0,700.0,0.000994662316947,0.000994662316947
2.0,180.0,90.0,710.0,700.0,720.0,0.000953996359028,0.000953996359028
2.0,180.0,90.0,730.0,720.0,740.0,0.000898558551213,0.000898558551213
2.0,180.0,90.0,750.0,740.0,760.0,0.000821649598287,0.000821649598287
2.0,180.0,90.0,770.0,760.0,780.0,0.000764633132849,0.000764633132849
4.0,0.0,0.0,390.0,380.0,400.0,0.000189798721993,0.000189798721993
4.0,0.0,0.0,410.0,400.0,420.0,0.000357264649308,0.000357264649308
4.0,0.0,0.0,430.0,420.0,440.0,0.000397766442867,0.000397766442867
4.0,0.0,0.0,450.0,440.0,460.0,0.000522232140994,0.000522232140994
4.0,0.0,0.0,470.0,460.0,480.0,0.000572106523082,0.000572106523082
4.0,0.0,0.0,490.0,480.0,500.0,0.000556479522741,0.000556479522741
4.0,0.0,0.0,510.0,500.0,520.0,0.000495081813281,0.000495081813281
4.0,0.0,0.0,530.0,520.0,540.0,0.000420839128474,0.000420839128474
4.0,0.0,0.0,550.0,540.0,560.0,0.000382479066239,0.000382479066239
4.0,0.0,0.0,570.0,560.0,580.0,0.000305283680357,0.000305283680357
4.0,0.0,0.0,590.0,580.0,600.0,0.000326852287399,0.000326852287399
4.0,0.0,0.0,610.0,600.0,620.0,0.000306959594537,0.000306959594537
4.0,0.0,0.0,630.0,620.0,640.0,0.000388609907152,0.000388609907152
4.0,0.0,0.0,650.0,640.0,660.0,0.000470010052839,0.000470010052839
4.0,0.0,0.0,670.0,660.0,680.0,0.000560902383574,0.000560902383574
4.0,0.0,0.0,690.0,680.0,700.0,0.000625733486161,0.000625733486161
4.0,0.0,0.0,710.0,700.0,720.0,0.000672953062721,0.000672953062721
4.0,0.0,0.0,730.0,720.0,740.0,0.000714892909425,0.000714892909425
4.0,0.0,0.0,750.0,740.0,760.0,0.000741197370145,0.000741197370145
4.0,0.0,0.0,770.0,760.0,780.0,0.000795566425887,0.000795566425887
4.0,0.0,0.5,390.0,380.0,400.0,0.000183846255603,0.000183846255603
4.0,0.0,0.5,410.0,400.0,420.0,0.000347855529144,0.000347855529144
4.0,0.0,0.5,430.0,420.0,440.0,0.000389300696577,0.000389300696577
4.0,0.0,0.5,450.0,440.0,460.0,0.000513780858644,0.000513780858644
4.0,0.0,0.5,470.0,460.0,480.0,0.000565897903178,0.000565897903178
4.0,0.0,0.5,490.0,480.0,500.0,0.000553795744666,0.000553795744666
4.0,0.0,0.5,510.0,500.0,520.0,0.000496534540297,0.000496534540297
4.0,0.0,0.5,530.0,520.0,540.0,0.000426999430676,0.000426999430676
4.0,0.0,0.5,550.0,540.0,560.0,0.000395327771854,0.000395327771854
4.0,0.0,0.5,570.0,560.0,580.0,0.000325124424074,0.000325124424074
4.0,0.0,0.5,590.0,580.0,600.0,0.000362452434287,0.000362452434287
4.0,0.0,0.5,610.0,600.0,620.0,0.000360036004546,0.000360036004546
4.0,0.0,0.5,630.0,620.0,640.0,0.000483321585585,0.000483321585585
4.0,0.0,0.5,650.0,640.0,660.0,0.000623322359176,0.000623322359176
4.0,0.0,0.5,670.0,660.0,680.0,0.000796862802026,0.000796862802026
4.0,0.0,0.5,690.0,680.0,700.0,0.000953382990384,0.000953382990384
4.0,0.0,0.5,710.0,700.0,720.0,0.00109618096196,0.00109618096196
4.0,0.0,0.5,730.0,720.0,740.0,0.00123604641679,0.00123604641679
4.0,0.0,0.5,750.0,740.0,760.0,0.00134760797995,0.00134760797995
4.0,0.0,0.5,770.0,760.0,780.0,0.00149601799152,0.00149601799152
4.0,0.0,1.0,390.0,380.0,400.0,0.000188057306214,0.000188057306214
4.0,0.0,1.0,410.0,400.0,420.0,0.000356518582786,0.000356518582786
4.0,0.0,1.0,430.0,420.0,440.0,0.000399935427297,0.000399935427297
4.0,0.0,1.0,450.0,440.0,460.0,0.000529635685005,0.000529635685005
4.0,0.0,1.0,470.0,460.0,480.0,0.000586835248382,0.000586835248382
4.0,0.0,1.0,490.0,480.0,500.0,0.000580528548979,0.000580528548979
4.0,0.0,1.0,510.0,500.0,520.0,0.000530626244758,0.000530626244758
4.0,0.0,1.0,530.0,520.0,540.0,0.000471315293554,0.000471315293554
4.0,0.0,1.0,550.0,540.0,560.0,0.000457028440271,0.000457028440271
4.0,0.0,1.0,570.0,560.0,580.0,0.000400653748461,0.000400653748461
4.0,0.0,1.0,590.0,580.0,600.0,0.000476082881604,0.000476082881604
4.0,0.0,1.0,610.0,600.0,620.0,0.000506356413617,0.000506356413617
4.0,0.0,1.0,630.0,620.0,640.0,0.000712874187723,0.000712874187723
4.0,0.0,1.0,650.0,640.0,660.0,0.000953880513347,0.000953880513347
4.0,0.0,1.0,670.0,660.0,680.0,0.00125312601344,0.00125312601344
4.0,0.0,1.0,690.0,680.0,700.0,0.0015252317301,0.0015252317301
4.0,0.0,1.0,710.0,700.0,720.0,0.00176650841608,0.00176650841608
4.0,0.0,1.0,730.0,720.0,740.0,0.00198864763423,0.00198864763423
4.0,0.0,1.0,750.0,740.0,760.0,0.00214915276753,0.00214915276753
4.0,0.0,1.0,770.0,760.0,780.0,0.00234743578639,0.00234743578639
4.0,0.0,2.0,390.0,380.0,400.0,0.000198284818581,0.000198284818581
4.0,0.0,2.0,410.0,400.0,420.0,0.000378452087785,0.000378452087785
4.0,0.0,2.0,430.0,420.0,440.0,0.000430185196469,0.000430185196469
4.0,0.0,2.0,450.0,440.0,460.0,0.000583967557421,0.000583967557421
4.0,0.0,2.0,470.0,460.0,480.0,0.000674282846481,0.000674282846481
4.0,0.0,2.0,490.0,480.0,500.0,0.000708809029422,0.000708809029422
4.0,0.0,2.0,510.0,500.0,520.0,0.000701860573117,0.000701860573117
4.0,0.0,2.0,530.0,520.0,540.0,0.00068501909055,0.00068501909055
4.0,0.0,2.0,550.0,540.0,560.0,0.000726801912472,0.000726801912472
4.0,0.0,2.0,570.0,560.0,580.0,0.000691279528864,0.000691279528864
4.0,0.0,2.0,590.0,580.0,600.0,0.000860232952012,0.000860232952012
4.0,0.0,2.0,610.0,600.0,620.0,0.000939597772268,0.000939597772268
4.0,0.0,2.0,630.0,620.0,640.0,0.00131718916518,0.00131718916518
4.0,0.0,2.0,650.0,640.0,660.0,0.00173138774083,0.00173138774083
4.0,0.0,2.0,670.0,660.0,680.0,0.00221453860268,0.00221453860268
4.0,0.0,2.0,690.0,680.0,700.0,0.00260702386562,0.00260702386562
4.0,0.0,2.0,710.0,700.0,720.0,0.00290648093294,0.00290648093294
4.0,0.0,2.0,730.0,720.0,740.0,0.00313938663016,0.00313938663016
4.0,0.0,2.0,750.0,740.0,760.0,0.0032483548529,0.0032483548529
4.0,0.0,2.0,770.0,760.0,780.0,0.00339498407293,0.00339498407293
4.0,0.0,3.0,390.0,380.0,400.0,0.000211301256306,0.000211301256306
4.0,0.0,3.0,410.0,400.0,420.0,0.000412099429174,0.000412099429174
4.0,0.0,3.0,430.0,420.0,440.0,0.000485725681811,0.000485725681811
4.0,0.0,3.0,450.0,440.0,460.0,0.000693499248983,0.000693499248983
4.0,0.0,3.0,470.0,460.0,480.0,0.000849179220814,0.000849179220814
4.0,0.0,3.0,490.0,480.0,500.0,0.000945683904276,0.000945683904276
4.0,0.0,3.0,510.0,500.0,520.0,0.000982405660733,0.000982405660733
4.0,0.0,3.0,530.0,520.0,540.0,0.00098969618154,0.00098969618154
4.0,0.0,3.0,550.0,540.0,560.0,0.00106134376982,0.00106134376982
4.0,0.0,3.0,570.0,560.0,580.0,0.00100360432916,0.00100360432916
4.0,0.0,3.0,590.0,580.0,600.0,0.00122488819338,0.00122488819338
4.0,0.0,3.0,610.0,600.0,620.0,0.00130253247927,0.00130253247927
4.0,0.0,3.0,630.0,620.0,640.0,0.00177338577734,0.00177338577734
4.0,0.0,3.0,650.0,640.0,660.0,0.00226190064202,0.00226190064202
4.0,0.0,3.0,670.0,660.0,680.0,0.00280661761715,0.00280661761715
4.0,0.0,3.0,690.0,680.0,700.0,0.00320626722,0.00320626722
4.0,0.0,3.0,710.0,700.0,720.0,0.00347101767849,0.00347101767849
4.0,0.0,3.0,730.0,720.0,740.0,0.00364361997827,0.00364361997827
4.0,0.0,3.0,750.0,740.0,760.0,0.00366641338379,0.00366641338379
4.0,0.0,3.0,770.0,760.0,780.0,0.00373371150497,0.00373371150497
4.0,0.0,5.0,390.0,380.0,400.0,0.000256720008856,0.000256720008856
4.0,0.0,5.0,410.0,400.0,420.0,0.000535979271607,0.000535979271607
4.0,0.0,5.0,430.0,420.0,440.0,0.000676453994034,0.000676453994034
4.0,0.0,5.0,450.0,440.0,460.0,0.0010197203615,0.0010197203615
4.0,0.0,5.0,470.0,460.0,480.0,0.00128835226786,0.00128835226786
4.0,0.0,5.0,490.0,480.0,500.0,0.00144394532752,0.00144394532752
4.0,0.0,5.0,510.0,500.0,520.0,0.00147653432398,0.00147653432398
4.0,0.0,5.0,530.0,520.0,540.0,0.00143850849267,0.00143850849267
4.0,0.0,5.0,550.0,540.0,560.0,0.00147595719346,0.00147595719346
4.0,0.0,5.0,570.0,560.0,580.0,0.00132497631537,0.00132497631537
4.0,0.0,5.0,590.0,580.0,600.0,0.00153923202675,0.00153923202675
4.0,0.0,5.0,610.0,600.0,620.0,0.00155600267573,0.00155600267573
4.0,0.0,5.0,630.0,620.0,640.0,0.0020305888085,0.0020305888085
4.0,0.0,5.0,650.0,640.0,660.0,0.0024894809557,0.0024894809557
4.0,0.0,5.0,670.0,660.0,680.0,0.00297418302485,0.00297418302485
4.0,0.0,5.0,690.0,680.0,700.0,0.00327674442532,0.00327674442532
4.0,0.0,5.0,710.0,700.0,720.0,0.00342653700688,0.00342653700688
4.0,0.0,5.0,730.0,720.0,740.0,0.00347968771846,0.00347968771846
4.0,0.0,5.0,750.0,740.0,760.0,0.00339027148896,0.00339027148896
4.0,0.0,5.0,770.0,760.0,780.0,0.00335287669424,0.00335287669424
4.0,0.0,8.0,390.0,380.0,400.0,0.000355337239181,0.000355337239181
4.0,0.0,8.0,410.0,400.0,420.0,0.000754577937342,0.000754577937342
4.0,0.0,8.0,430.0,420.0,440.0,0.000941693707204,0.000941693707204
4.0,0.0,8.0,450.0,440.0,460.0,0.00137424574044,0.00137424574044
4.0,0.0,8.0,470.0,460.0,480.0,0.00165921499251,0.00165921499251
4.0,0.0,8.0,490.0,480.0,500.0,0.00176538717397,0.00176538717397
4.0,0.0,8.0,510.0,500.0,520.0,0.00170909484887,0.00170909484887
4.0,0.0,8.0,530.0,520.0,540.0,0.00157579301108,0.00157579301108
4.0,0.0,8.0,550.0,540.0,560.0,0.00153594748463,0.00153594748463
4.0,0.0,8.0,570.0,560.0,580.0,0.00131200118724,0.00131200118724
4.0,0.0,8.0,590.0,580.0,600.0,0.0014621244146,0.0014621244146
4.0,0.0,8.0,610.0,600.0,620.0,0.00142075236961,0.00142075236961
4.0,0.0,8.0,630.0,620.0,640.0,0.00179768797922,0.00179768797922
4.0,0.0,8.0,650.0,640.0,660.0,0.00214397661772,0.00214397661772
4.0,0.0,8.0,670.0,660.0,680.0,0.00249624136797,0.00249624136797
4.0,0.0,8.0,690.0,680.0,700.0,0.002684173395,0.002684173395
4.0,0.0,8.0,710.0,700.0,720.0,0.00274308025457,0.00274308025457
4.0,0.0,8.0,730.0,720.0,740.0,0.00272538727249,0.00272538727249
4.0,0.0,8.0,750.0,740.0,760.0,0.0025993737453,0.0025993737453
4.0,0.0,8.0,770.0,760.0,780.0,0.00252215301536,0.00252215301536
4.0,0.0,12.0,390.0,380.0,400.0,0.000446680861724,0.000446680861724
4.0,0.0,12.0,410.0,400.0,420.0,0.000900612827225,0.000900612827225
4.0,0.0,12.0,430.0,420.0,440.0,0.00106130251406,0.00106130251406
4.0,0.0,12.0,450.0,440.0,460.0,0.0014637335616,0.0014637335616
4.0,0.0,12.0,470.0,460.0,480.0,0.00167670680064,0.00167670680064
4.0,0.0,12.0,490.0,480.0,500.0,0.0017006825475,0.0017006825475
4.0,0.0,12.0,510.0,500.0,520.0,0.00157662084189,0.00157662084189
4.0,0.0,12.0,530.0,520.0,540.0,0.00139773093281,0.00139773093281
4.0,0.0,12.0,550.0,540.0,560.0,0.00131719222176,0.00131719222176
4.0,0.0,12.0,570.0,560.0,580.0,0.00109119580177,0.00109119580177
4.0,0.0,12.0,590.0,580.0,600.0,0.0011864464761,0.0011864464761
4.0,0.0,12.0,610.0,600.0,620.0,0.00112718361043,0.00112718361043
4.0,0.0,12.0,630.0,620.0,640.0,0.00140178527762,0.00140178527762
4.0,0.0,12.0,650.0,640.0,660.0,0.00164683113149,0.00164683113149
4.0,0.0,12.0,670.0,660.0,680.0,0.00189114187302,0.00189114187302
4.0,0.0,12.0,690.0,680.0,700.0,0.00200765261671,0.00200765261671
4.0,0.0,12.0,710.0,700.0,720.0,0.00202736256026,0.00202736256026
4.0,0.0,12.0,730.0,720.0,740.0,0.00199186858843,0.00199186858843
4.0,0.0,12.0,750.0,740.0,760.0,0.00187947984547,0.00187947984547
4.0,0.0,12.0,770.0,760.0,780.0,0.0018064130533,0.0018064130533
4.0,0.0,20.0,390.0,380.0,400.0,0.000466331813853,0.000466331813853
4.0,0.0,20.0,410.0,400.0,420.0,0.000865602140501,0.000865602140501
4.0,0.0,20.0,430.0,420.0,440.0,0.000948710899334,0.000948710899334
4.0,0.0,20.0,450.0,440.0,460.0,0.00122978737597,0.00122978737597
4.0,0.0,20.0,470.0,460.0,480.0,0.00133666780839,0.00133666780839
4.0,0.0,20.0,490.0,480.0,500.0,0.00129660537399,0.00129660537399
4.0,0.0,20.0,510.0,500.0,520.0,0.00115655514894,0.00115655514894
4.0,0.0,20.0,530.0,520.0,540.0,0.000991265163377,0.000991265163377
4.0,0.0,20.0,550.0,540.0,560.0,0.000908230308897,0.000908230308897
4.0,0.0,20.0,570.0,560.0,580.0,0.000733503572363,0.000733503572363
4.0,0.0,20.0,590.0,580.0,600.0,0.000781982072478,0.000781982072478
4.0,0.0,20.0,610.0,600.0,620.0,0.000729475866165,0.000729475866165
4.0,0.0,20.0,630.0,620.0,640.0,0.000895053663633,0.000895053663633
4.0,0.0,20.0,650.0,640.0,660.0,0.0010390556103,0.0010390556103
4.0,0.0,20.0,670.0,660.0,680.0,0.00117993237279,0.00117993237279
4.0,0.0,20.0,690.0,680.0,700.0,0.0012394340324,0.0012394340324
4.0,0.0,20.0,710.0,700.0,720.0,0.00123908522021,0.00123908522021
4.0,0.0,20.0,730.0,720.0,740.0,0.00120578548203,0.00120578548203
4.0,0.0,20.0,750.0,740.0,760.0,0.00112715388803,0.00112715388803
4.0,0.0,20.0,770.0,760.0,780.0,0.00107430940725,0.00107430940725
4.0,0.0,30.0,390.0,380.0,400.0,0.000399299041854,0.000399299041854
4.0,0.0,30.0,410.0,400.0,420.0,0.00070275841446,0.00070275841446
4.0,0.0,30.0,430.0,420.0,440.0,0.000737375734644,0.000737375734644
4.0,0.0,30.0,450.0,440.0,460.0,0.00092243617855,0.00092243617855
4.0,0.0,30.0,470.0,460.0,480.0,0.000973892767751,0.000973892767751
4.0,0.0,30.0,490.0,480.0,500.0,0.000922304545433,0.000922304545433
4.0,0.0,30.0,510.0,500.0,520.0,0.000806159152086,0.000806159152086
4.0,0.0,30.0,530.0,520.0,540.0,0.000678958381463,0.000678958381463
4.0,0.0,30.0,550.0,540.0,560.0,0.000613422550804,0.000613422550804
4.0,0.0,30.0,570.0,560.0,580.0,0.000489194376008,0.000489194376008
4.0,0.0,30.0,590.0,580.0,600.0,0.000516930194294,0.000516930194294
4.0,0.0,30.0,610.0,600.0,620.0,0.000478260523478,0.000478260523478
4.0,0.0,30.0,630.0,620.0,640.0,0.000583640309067,0.000583640309067
4.0,0.0,30.0,650.0,640.0,660.0,0.00067424608192,0.00067424608192
4.0,0.0,30.0,670.0,660.0,680.0,0.000762105639092,0.000762105639092
4.0,0.0,30.0,690.0,680.0,700.0,0.000796997612584,0.000796997612584
4.0,0.0,30.0,710.0,700.0,720.0,0.000793440026705,0.000793440026705
4.0,0.0,30.0,730.0,720.0,740.0,0.000769066480405,0.000769066480405
4.0,0.0,30.0,750.0,740.0,760.0,0.000716183207757,0.000716183207757
4.0,0.0,30.0,770.0,760.0,780.0,0.000680316230802,0.000680316230802
4.0,0.0,45.0,390.0,380.0,400.0,0.000292336616196,0.000292336616196
4.0,0.0,45.0,410.0,400.0,420.0,0.000491898361546,0.000491898361546
4.0,0.0,45.0,430.0,420.0,440.0,0.00049804517906,0.00049804517906
4.0,0.0,45.0,450.0,440.0,460.0,0.000605794444703,0.000605794444703
4.0,0.0,45.0,470.0,460.0,480.0,0.00062570087479,0.00062570087479
4.0,0.0,45.0,490.0,480.0,500.0,0.000582384919799,0.000582384919799
4.0,0.0,45.0,510.0,500.0,520.0,0.000501912780332,0.000501912780332
4.0,0.0,45.0,530.0,520.0,540.0,0.000417722271103,0.000417722271103
4.0,0.0,45.0,550.0,540.0,560.0,0.000374071018703,0.000374071018703
4.0,0.0,45.0,570.0,560.0,580.0,0.000295846108206,0.000295846108206
4.0,0.0,45.0,590.0,580.0,600.0,0.000311103593186,0.000311103593186
4.0,0.0,45.0,610.0,600.0,620.0,0.00028636461698,0.00028636461698
4.0,0.0,45.0,630.0,620.0,640.0,0.000348579711596,0.000348579711596
4.0,0.0,45.0,650.0,640.0,660.0,0.000401675500986,0.000401675500986
4.0,0.0,45.0,670.0,660.0,680.0,0.000452751466672,0.000452751466672
4.0,0.0,45.0,690.0,680.0,700.0,0.000472075397305,0.000472075397305
4.0,0.0,45.0,710.0,700.0,720.0,0.000468518863929,0.000468518863929
4.0,0.0,45.0,730.0,720.0,740.0,0.000452682344228,0.000452682344228
4.0,0.0,45.0,750.0,740.0,760.0,0.000420126370028,0.000420126370028
4.0,0.0,45.0,770.0,760.0,780.0,0.000397851852135,0.000397851852135
4.0,0.0,60.0,390.0,380.0,400.0,0.000228274499752,0.000228274499752
4.0,0.0,60.0,410.0,400.0,420.0,0.000374781010489,0.000374781010489
4.0,0.0,60.0,430.0,420.0,440.0,0.000371807657211,0.000371807657211
4.0,0.0,60.0,450.0,440.0,460.0,0.00044466686256,0.00044466686256
4.0,0.0,60.0,470.0,460.0,480.0,0.000452910911888,0.000452910911888
4.0,0.0,60.0,490.0,480.0,500.0,0.000416686775807,0.000416686775807
4.0,0.0,60.0,510.0,500.0,520.0,0.000355559075002,0.000355559075002
4.0,0.0,60.0,530.0,520.0,540.0,0.000293363524216,0.000293363524216
4.0,0.0,60.0,550.0,540.0,560.0,0.000261023854634,0.000261023854634
4.0,0.0,60.0,570.0,560.0,580.0,0.000205223144778,0.000205223144778
4.0,0.0,60.0,590.0,580.0,600.0,0.000215179613082,0.000215179613082
4.0,0.0,60.0,610.0,600.0,620.0,0.000197506611673,0.000197506611673
4.0,0.0,60.0,630.0,620.0,640.0,0.00024023667216,0.00024023667216
4.0,0.0,60.0,650.0,640.0,660.0,0.000276637043963,0.000276637043963
4.0,0.0,60.0,670.0,660.0,680.0,0.000311561262858,0.000311561262858
4.0,0.0,60.0,690.0,680.0,700.0,0.000324579723306,0.000324579723306
4.0,0.0,60.0,710.0,700.0,720.0,0.000321857399337,0.000321857399337
4.0,0.0,60.0,730.0,720.0,740.0,0.000310717887625,0.000310717887625
4.0,0.0,60.0,750.0,740.0,760.0,0.000288129047873,0.000288129047873
4.0,0.0,60.0,770.0,760.0,780.0,0.000272671129642,0.000272671129642
4.0,0.0,90.0,390.0,380.0,400.0,0.000170152579165,0.000170152579165
4.0,0.0,90.0,410.0,400.0,420.0,0.000272032916558,0.000272032916558
4.0,0.0,90.0,430.0,420.0,440.0,0.000264197566361,0.000264197566361
4.0,0.0,90.0,450.0,440.0,460.0,0.000310833256127,0.000310833256127
4.0,0.0,90.0,470.0,460.0,480.0,0.000312808421286,0.000312808421286
4.0,0.0,90.0,490.0,480.0,500.0,0.000285322032114,0.000285322032114
4.0,0.0,90.0,510.0,500.0,520.0,0.000241911734952,0.000241911734952
4.0,0.0,90.0,530.0,520.0,540.0,0.000198614297457,0.000198614297457
4.0,0.0,90.0,550.0,540.0,560.0,0.000176448455752,0.000176448455752
4.0,0.0,90.0,570.0,560.0,580.0,0.000138507639366,0.000138507639366
4.0,0.0,90.0,590.0,580.0,600.0,0.00014566733572,0.00014566733572
4.0,0.0,90.0,610.0,600.0,620.0,0.000133990693344,0.000133990693344
4.0,0.0,90.0,630.0,620.0,640.0,0.000163790390337,0.000163790390337
4.0,0.0,90.0,650.0,640.0,660.0,0.000189413423122,0.000189413423122
4.0,0.0,90.0,670.0,660.0,680.0,0.000214070221105,0.000214070221105
4.0,0.0,90.0,690.0,680.0,700.0,0.000223669998435,0.000223669998435
4.0,0.0,90.0,710.0,700.0,720.0,0.00022235895572,0.00022235895572
4.0,0.0,90.0,730.0,720.0,740.0,0.000215145143682,0.000215145143682
4.0,0.0,90.0,750.0,740.0,760.0,0.000199889462024,0.000199889462024
4.0,0.0,90.0,770.0,760.0,780.0,0.000189535388119,0.000189535388119
4.0,90.0,0.0,390.0,380.0,400.0,0.000126928023007,0.000126928023007
4.0,90.0,0.0,410.0,400.0,420.0,0.000222167128642,0.000222167128642
4.0,90.0,0.0,430.0,420.0,440.0,0.000232491746001,0.000232491746001
4.0,90.0,0.0,450.0,440.0,460.0,0.000289996781355,0.000289996781355
4.0,90.0,0.0,470.0,460.0,480.0,0.000304795434049,0.000304795434049
4.0,90.0,0.0,490.0,480.0,500.0,0.000286420661306,0.000286420661306
4.0,90.0,0.0,510.0,500.0,520.0,0.000246771693185,0.000246771693185
4.0,90.0,0.0,530.0,520.0,540.0,0.000203122025438,0.000203122025438
4.0,90.0,0.0,550.0,540.0,560.0,0.000181054507962,0.000181054507962
4.0,90.0,0.0,570.0,560.0,580.0,0.000140891463329,0.000140891463329
4.0,90.0,0.0,590.0,580.0,600.0,0.000150681337014,0.000150681337014
4.0,90.0,0.0,610.0,600.0,620.0,0.000139894936178,0.000139894936178
4.0,90.0,0.0,630.0,620.0,640.0,0.000178198657092,0.000178198657092
4.0,90.0,0.0,650.0,640.0,660.0,0.000215055117401,0.000215055117401
4.0,90.0,0.0,670.0,660.0,680.0,0.000252801503866,0.000252801503866
4.0,90.0,0.0,690.0,680.0,700.0,0.000273838324021,0.000273838324021
4.0,90.0,0.0,710.0,700.0,720.0,0.000281526623186,0.000281526623186
4.0,90.0,0.0,730.0,720.0,740.0,0.000281120391006,0.000281120391006
4.0,90.0,0.0,750.0,740.0,760.0,0.000268614289904,0.000268614289904
4.0,90.0,0.0,770.0,760.0,780.0,0.000263298702724,0.000263298702724
4.0,90.0,0.5,390.0,380.0,400.0,0.000128703249159,0.000128703249159
4.0,90.0,0.5,410.0,400.0,420.0,0.000225765708009,0.000225765708009
4.0,90.0,0.5,430.0,420.0,440.0,0.000236798042652,0.000236798042652
4.0,90.0,0.5,450.0,440.0,460.0,0.000296063177688,0.000296063177688
4.0,90.0,0.5,470.0,460.0,480.0,0.000311913852505,0.000311913852505
4.0,90.0,0.5,490.0,480.0,500.0,0.000293817605734,0.000293817605734
4.0,90.0,0.5,510.0,500.0,520.0,0.000253769683729,0.000253769683729
4.0,90.0,0.5,530.0,520.0,540.0,0.00020942055009,0.00020942055009
4.0,90.0,0.5,550.0,540.0,560.0,0.000187184399933,0.000187184399933
4.0,90.0,0.5,570.0,560.0,580.0,0.000146119761915,0.000146119761915
4.0,90.0,0.5,590.0,580.0,600.0,0.000156880094273,0.000156880094273
4.0,90.0,0.5,610.0,600.0,620.0,0.000146366216429,0.000146366216429
4.0,90.0,0.5,630.0,620.0,640.0,0.000187691096595,0.000187691096595
4.0,90.0,0.5,650.0,640.0,660.0,0.000228485604935,0.000228485604935
4.0,90.0,0.5,670.0,660.0,680.0,0.000271544384305,0.000271544384305
4.0,90.0,0.5,690.0,680.0,700.0,0.000298095604164,0.000298095604164
4.0,90.0,0.5,710.0,700.0,720.0,0.000311344633919,0.000311344633919
4.0,90.0,0.5,730.0,720.0,740.0,0.000316570254546,0.000316570254546
4.0,90.0,0.5,750.0,740.0,760.0,0.000308591847874,0.000308591847874
4.0,90.0,0.5,770.0,760.0,780.0,0.000309137643834,0.000309137643834
4.0,90.0,1.0,390.0,380.0,400.0,0.000133184055721,0.000133184055721
4.0,90.0,1.0,410.0,400.0,420.0,0.00023436806327,0.00023436806327
4.0,90.0,1.0,430.0,420.0,440.0,0.000246512997582,0.000246512997582
4.0,90.0,1.0,450.0,440.0,460.0,0.000308967728998,0.000308967728998
4.0,90.0,1.0,470.0,460.0,480.0,0.000326221211268,0.000326221211268
4.0,90.0,1.0,490.0,480.0,500.0,0.000307945070618,0.000307945070618
4.0,90.0,1.0,510.0,500.0,520.0,0.000266595637204,0.000266595637204
4.0,90.0,1.0,530.0,520.0,540.0,0.000220643692175,0.000220643692175
4.0,90.0,1.0,550.0,540.0,560.0,0.000197970496618,0.000197970496618
4.0,90.0,1.0,570.0,560.0,580.0,0.00015535468565,0.00015535468565
4.0,90.0,1.0,590.0,580.0,600.0,0.000168061698052,0.000168061698052
4.0,90.0,1.0,610.0,600.0,620.0,0.000158368677322,0.000158368677322
4.0,90.0,1.0,630.0,620.0,640.0,0.000205817408511,0.000205817408511
4.0,90.0,1.0,650.0,640.0,660.0,0.000254605006086,0.000254605006086
4.0,90.0,1.0,670.0,660.0,680.0,0.000308122945499,0.000308122945499
4.0,90.0,1.0,690.0,680.0,700.0,0.000344917416943,0.000344917416943
4.0,90.0,1.0,710.0,700.0,720.0,0.000367575443037,0.000367575443037
4.0,90.0,1.0,730.0,720.0,740.0,0.000381277902168,0.000381277902168
4.0,90.0,1.0,750.0,740.0,760.0,0.000378784941651,0.000378784941651
4.0,90.0,1.0,770.0,760.0,780.0,0.000386192921648,0.000386192921648
4.0,90.0,2.0,390.0,380.0,400.0,0.000140480210356,0.000140480210356
4.0,90.0,2.0,410.0,400.0,420.0,0.000248246320587,0.000248246320587
4.0,90.0,2.0,430.0,420.0,440.0,0.000262238457162,0.000262238457162
4.0,90.0,2.0,450.0,440.0,460.0,0.000330263253631,0.000330263253631
4.0,90.0,2.0,470.0,460.0,480.0,0.000350800942838,0.000350800942838
4.0,90.0,2.0,490.0,480.0,500.0,0.000333827005521,0.000333827005521
4.0,90.0,2.0,510.0,500.0,520.0,0.000292176960387,0.000292176960387
4.0,90.0,2.0,530.0,520.0,540.0,0.00024531198917,0.00024531198917
4.0,90.0,2.0,550.0,540.0,560.0,0.000224405657991,0.000224405657991
4.0,90.0,2.0,570.0,560.0,580.0,0.000180214218433,0.000180214218433
4.0,90.0,2.0,590.0,580.0,600.0,0.000200815301722,0.000200815301722
4.0,90.0,2.0,610.0,600.0,620.0,0.000195295656289,0.000195295656289
4.0,90.0,2.0,630.0,620.0,640.0,0.000262685761627,0.000262685761627
4.0,90.0,2.0,650.0,640.0,660.0,0.000335714498276,0.000335714498276
4.0,90.0,2.0,670.0,660.0,680.0,0.000418325289119,0.000418325289119
4.0,90.0,2.0,690.0,680.0,700.0,0.000480110026892,0.000480110026892
4.0,90.0,2.0,710.0,700.0,720.0,0.000522099568164,0.000522099568164
4.0,90.0,2.0,730.0,720.0,740.0,0.000549945379368,0.000549945379368
4.0,90.0,2.0,750.0,740.0,760.0,0.000552236563559,0.000552236563559
4.0,90.0,2.0,770.0,760.0,780.0,0.00056653062006,0.00056653062006
4.0,90.0,3.0,390.0,380.0,400.0,0.000148312793659,0.000148312793659
4.0,90.0,3.0,410.0,400.0,420.0,0.000263463614948,0.000263463614948
4.0,90.0,3.0,430.0,420.0,440.0,0.000280089142763,0.000280089142763
4.0,90.0,3.0,450.0,440.0,460.0,0.000355690092659,0.000355690092659
4.0,90.0,3.0,470.0,460.0,480.0,0.000382043141619,0.000382043141619
4.0,90.0,3.0,490.0,480.0,500.0,0.000368860826723,0.000368860826723
4.0,90.0,3.0,510.0,500.0,520.0,0.000328539672007,0.000328539672007
4.0,90.0,3.0,530.0,520.0,540.0,0.000281344337159,0.000281344337159
4.0,90.0,3.0,550.0,540.0,560.0,0.000263274603743,0.000263274603743
4.0,90.0,3.0,570.0,560.0,580.0,0.00021619172978,0.00021619172978
4.0,90.0,3.0,590.0,580.0,600.0,0.000246514082174,0.000246514082174
4.0,90.0,3.0,610.0,600.0,620.0,0.000244335355514,0.000244335355514
4.0,90.0,3.0,630.0,620.0,640.0,0.000333410910168,0.000333410910168
4.0,90.0,3.0,650.0,640.0,660.0,0.000429709731804,0.000429709731804
4.0,90.0,3.0,670.0,660.0,680.0,0.000537269645409,0.000537269645409
4.0,90.0,3.0,690.0,680.0,700.0,0.000616204666607,0.000616204666607
4.0,90.0,3.0,710.0,700.0,720.0,0.000667497379673,0.000667497379673
4.0,90.0,3.0,730.0,720.0,740.0,0.00069866982468,0.00069866982468
4.0,90.0,3.0,750.0,740.0,760.0,0.000696055859315,0.000696055859315
4.0,90.0,3.0,770.0,760.0,780.0,0.000707190642476,0.000707190642476
4.0,90.0,5.0,390.0,380.0,400.0,0.000165912066149,0.000165912066149
4.0,90.0,5.0,410.0,400.0,420.0,0.000298980262017,0.000298980262017
4.0,90.0,5.0,430.0,420.0,440.0,0.000323339877455,0.000323339877455
4.0,90.0,5.0,450.0,440.0,460.0,0.00041897962528,0.00041897962528
4.0,90.0,5.0,470.0,460.0,480.0,0.000460363916841,0.000460363916841
4.0,90.0,5.0,490.0,480.0,500.0,0.000455169247316,0.000455169247316
4.0,90.0,5.0,510.0,500.0,520.0,0.000414682828488,0.000414682828488
4.0,90.0,5.0,530.0,520.0,540.0,0.000362286512362,0.000362286512362
4.0,90.0,5.0,550.0,540.0,560.0,0.00034499071082,0.00034499071082
4.0,90.0,5.0,570.0,560.0,580.0,0.000286830426588,0.000286830426588
4.0,90.0,5.0,590.0,580.0,600.0,0.000328967200958,0.000328967200958
4.0,90.0,5.0,610.0,600.0,620.0,0.000325933312924,0.000325933312924
4.0,90.0,5.0,630.0,620.0,640.0,0.000440295871539,0.000440295871539
4.0,90.0,5.0,650.0,640.0,660.0,0.000558784665759,0.000558784665759
4.0,90.0,5.0,670.0,660.0,680.0,0.000686032093436,0.000686032093436
4.0,90.0,5.0,690.0,680.0,700.0,0.000771510876146,0.000771510876146
4.0,90.0,5.0,710.0,700.0,720.0,0.000818988274409,0.000818988274409
4.0,90.0,5.0,730.0,720.0,740.0,0.000840094608314,0.000840094608314
4.0,90.0,5.0,750.0,740.0,760.0,0.000820898883533,0.000820898883533
4.0,90.0,5.0,770.0,760.0,780.0,0.000817698892931,0.000817698892931
4.0,90.0,8.0,390.0,380.0,400.0,0.000195410244885,0.000195410244885
4.0,90.0,8.0,410.0,400.0,420.0,0.000356573272483,0.000356573272483
4.0,90.0,8.0,430.0,420.0,440.0,0.000389660623918,0.000389660623918
4.0,90.0,8.0,450.0,440.0,460.0,0.000508855471806,0.000508855471806
4.0,90.0,8.0,470.0,460.0,480.0,0.000561664722648,0.000561664722648
4.0,90.0,8.0,490.0,480.0,500.0,0.00055574733819,0.00055574733819
4.0,90.0,8.0,510.0,500.0,520.0,0.000504865681243,0.000504865681243
4.0,90.0,8.0,530.0,520.0,540.0,0.000438637310722,0.000438637310722
4.0,90.0,8.0,550.0,540.0,560.0,0.000413639341487,0.000413639341487
4.0,90.0,8.0,570.0,560.0,580.0,0.000340139971843,0.000340139971843
4.0,90.0,8.0,590.0,580.0,600.0,0.000382712331439,0.000382712331439
4.0,90.0,8.0,610.0,600.0,620.0,0.0003719531562,0.0003719531562
4.0,90.0,8.0,630.0,620.0,640.0,0.000489078390393,0.000489078390393
4.0,90.0,8.0,650.0,640.0,660.0,0.000604125251272,0.000604125251272
4.0,90.0,8.0,670.0,660.0,680.0,0.000722985364743,0.000722985364743
4.0,90.0,8.0,690.0,680.0,700.0,0.000793980075003,0.000793980075003
4.0,90.0,8.0,710.0,700.0,720.0,0.000824524820197,0.000824524820197
4.0,90.0,8.0,730.0,720.0,740.0,0.00082887203236,0.00082887203236
4.0,90.0,8.0,750.0,740.0,760.0,0.000795447371587,0.000795447371587
4.0,90.0,8.0,770.0,760.0,780.0,0.00077847472014,0.00077847472014
4.0,90.0,12.0,390.0,380.0,400.0,0.000227458777664,0.000227458777664
4.0,90.0,12.0,410.0,400.0,420.0,0.000410791964727,0.000410791964727
4.0,90.0,12.0,430.0,420.0,440.0,0.000442932619311,0.000442932619311
4.0,90.0,12.0,450.0,440.0,460.0,0.000569565432849,0.000569565432849
4.0,90.0,12.0,470.0,460.0,480.0,0.000618218561003,0.000618218561003
4.0,90.0,12.0,490.0,480.0,500.0,0.00060110782658,0.00060110782658
4.0,90.0,12.0,510.0,500.0,520.0,0.000536837812612,0.000536837812612
4.0,90.0,12.0,530.0,520.0,540.0,0.00045912023126,0.00045912023126
4.0,90.0,12.0,550.0,540.0,560.0,0.000425350549963,0.000425350549963
4.0,90.0,12.0,570.0,560.0,580.0,0.000344460383422,0.000344460383422
4.0,90.0,12.0,590.0,580.0,600.0,0.000379305443694,0.000379305443694
4.0,90.0,12.0,610.0,600.0,620.0,0.000361799414679,0.000361799414679
4.0,90.0,12.0,630.0,620.0,640.0,0.000464408771261,0.000464408771261
4.0,90.0,12.0,650.0,640.0,660.0,0.000560968975,0.000560968975
4.0,90.0,12.0,670.0,660.0,680.0,0.000658079933369,0.000658079933369
4.0,90.0,12.0,690.0,680.0,700.0,0.000709980528468,0.000709980528468
4.0,90.0,12.0,710.0,700.0,720.0,0.000725689219085,0.000725689219085
4.0,90.0,12.0,730.0,720.0,740.0,0.000719258830811,0.000719258830811
4.0,90.0,12.0,750.0,740.0,760.0,0.000681824515258,0.000681824515258
4.0,90.0,12.0,770.0,760.0,780.0,0.000659364779655,0.000659364779655
4.0,90.0,20.0,390.0,380.0,400.0,0.000250279064226,0.000250279064226
4.0,90.0,20.0,410.0,400.0,420.0,0.000435384230076,0.000435384230076
4.0,90.0,20.0,430.0,420.0,440.0,0.00045318936839,0.00045318936839
4.0,90.0,20.0,450.0,440.0,460.0,0.000564115473861,0.000564115473861
4.0,90.0,20.0,470.0,460.0,480.0,0.000594330664345,0.000594330664345
4.0,90.0,20.0,490.0,480.0,500.0,0.000562500696112,0.000562500696112
4.0,90.0,20.0,510.0,500.0,520.0,0.000490705690741,0.000490705690741
4.0,90.0,20.0,530.0,520.0,540.0,0.000411452038884,0.000411452038884
4.0,90.0,20.0,550.0,540.0,560.0,0.000373377596635,0.000373377596635
4.0,90.0,20.0,570.0,560.0,580.0,0.00029740884684,0.00029740884684
4.0,90.0,20.0,590.0,580.0,600.0,0.000320141107218,0.000320141107218
4.0,90.0,20.0,610.0,600.0,620.0,0.000299715089671,0.000299715089671
4.0,90.0,20.0,630.0,620.0,640.0,0.000375685027403,0.000375685027403
4.0,90.0,20.0,650.0,640.0,660.0,0.000444188353287,0.000444188353287
4.0,90.0,20.0,670.0,660.0,680.0,0.000511468978771,0.000511468978771
4.0,90.0,20.0,690.0,680.0,700.0,0.000542909217617,0.000542909217617
4.0,90.0,20.0,710.0,700.0,720.0,0.000547047544775,0.000547047544775
4.0,90.0,20.0,730.0,720.0,740.0,0.000535423696906,0.000535423696906
4.0,90.0,20.0,750.0,740.0,760.0,0.00050213609354,0.00050213609354
4.0,90.0,20.0,770.0,760.0,780.0,0.000480562503453,0.000480562503453
4.0,90.0,30.0,390.0,380.0,400.0,0.00024127788395,0.00024127788395
4.0,90.0,30.0,410.0,400.0,420.0,0.000406649952259,0.000406649952259
4.0,90.0,30.0,430.0,420.0,440.0,0.000411934122181,0.000411934122181
4.0,90.0,30.0,450.0,440.0,460.0,0.000500945550402,0.000500945550402
4.0,90.0,30.0,470.0,460.0,480.0,0.00051725356286,0.00051725356286
4.0,90.0,30.0,490.0,480.0,500.0,0.000481136703051,0.000481136703051
4.0,90.0,30.0,510.0,500.0,520.0,0.000413708378145,0.000413708378145
4.0,90.0,30.0,530.0,520.0,540.0,0.000342850166456,0.000342850166456
4.0,90.0,30.0,550.0,540.0,560.0,0.00030742576531,0.00030742576531
4.0,90.0,30.0,570.0,560.0,580.0,0.000242627652957,0.000242627652957
4.0,90.0,30.0,590.0,580.0,600.0,0.000257892726039,0.000257892726039
4.0,90.0,30.0,610.0,600.0,620.0,0.000239004611189,0.000239004611189
4.0,90.0,30.0,630.0,620.0,640.0,0.000295740264181,0.000295740264181
4.0,90.0,30.0,650.0,640.0,660.0,0.000345674099478,0.000345674099478
4.0,90.0,30.0,670.0,660.0,680.0,0.000394123039426,0.000394123039426
4.0,90.0,30.0,690.0,680.0,700.0,0.000414794769975,0.000414794769975
4.0,90.0,30.0,710.0,700.0,720.0,0.00041485701017,0.00041485701017
4.0,90.0,30.0,730.0,720.0,740.0,0.000403409200992,0.000403409200992
4.0,90.0,30.0,750.0,740.0,760.0,0.0003762516353,0.0003762516353
4.0,90.0,30.0,770.0,760.0,780.0,0.000358165990802,0.000358165990802
4.0,90.0,45.0,390.0,380.0,400.0,0.00021318158946,0.00021318158946
4.0,90.0,45.0,410.0,400.0,420.0,0.000350696764429,0.000350696764429
4.0,90.0,45.0,430.0,420.0,440.0,0.000348281967799,0.000348281967799
4.0,90.0,45.0,450.0,440.0,460.0,0.000416686727602,0.000416686727602
4.0,90.0,45.0,470.0,460.0,480.0,0.00042444169127,0.00042444169127
4.0,90.0,45.0,490.0,480.0,500.0,0.000390355168181,0.000390355168181
4.0,90.0,45.0,510.0,500.0,520.0,0.000332594557499,0.000332594557499
4.0,90.0,45.0,530.0,520.0,540.0,0.000273658904369,0.000273658904369
4.0,90.0,45.0,550.0,540.0,560.0,0.00024357789765,0.00024357789765
4.0,90.0,45.0,570.0,560.0,580.0,0.000191184932303,0.000191184932303
4.0,90.0,45.0,590.0,580.0,600.0,0.0002016006783,0.0002016006783
4.0,90.0,45.0,610.0,600.0,620.0,0.000185670311186,0.000185670311186
4.0,90.0,45.0,630.0,620.0,640.0,0.000227854759822,0.000227854759822
4.0,90.0,45.0,650.0,640.0,660.0,0.000264389139152,0.000264389139152
4.0,90.0,45.0,670.0,660.0,680.0,0.000299574452235,0.000299574452235
4.0,90.0,45.0,690.0,680.0,700.0,0.000313606419474,0.000313606419474
4.0,90.0,45.0,710.0,700.0,720.0,0.000312203136877,0.000312203136877
4.0,90.0,45.0,730.0,720.0,740.0,0.000302367410714,0.000302367410714
4.0,90.0,45.0,750.0,740.0,760.0,0.000281060348863,0.000281060348863
4.0,90.0,45.0,770.0,760.0,780.0,0.000266667887736,0.000266667887736
4.0,90.0,60.0,390.0,380.0,400.0,0.000192053690192,0.000192053690192
4.0,90.0,60.0,410.0,400.0,420.0,0.000311329995388,0.000311329995388
4.0,90.0,60.0,430.0,420.0,440.0,0.000305559943182,0.000305559943182
4.0,90.0,60.0,450.0,440.0,460.0,0.000362170341862,0.000362170341862
4.0,90.0,60.0,470.0,460.0,480.0,0.000366199309769,0.000366199309769
4.0,90.0,60.0,490.0,480.0,500.0,0.000334872012361,0.000334872012361
4.0,90.0,60.0,510.0,500.0,520.0,0.000284139651388,0.000284139651388
4.0,90.0,60.0,530.0,520.0,540.0,0.00023313514573,0.00023313514573
4.0,90.0,60.0,550.0,540.0,560.0,0.000206908257781,0.000206908257781
4.0,90.0,60.0,570.0,560.0,580.0,0.000162122070484,0.000162122070484
4.0,90.0,60.0,590.0,580.0,600.0,0.000170387368286,0.000170387368286
4.0,90.0,60.0,610.0,600.0,620.0,0.000156557526504,0.000156557526504
4.0,90.0,60.0,630.0,620.0,640.0,0.000191424124556,0.000191424124556
4.0,90.0,60.0,650.0,640.0,660.0,0.000221416153766,0.000221416153766
4.0,90.0,60.0,670.0,660.0,680.0,0.000250238062489,0.000250238062489
4.0,90.0,60.0,690.0,680.0,700.0,0.000261410344504,0.000261410344504
4.0,90.0,60.0,710.0,700.0,720.0,0.000259792277181,0.000259792277181
4.0,90.0,60.0,730.0,720.0,740.0,0.000251252111945,0.000251252111945
4.0,90.0,60.0,750.0,740.0,760.0,0.000233295284101,0.000233295284101
4.0,90.0,60.0,770.0,760.0,780.0,0.000221107236083,0.000221107236083
4.0,90.0,90.0,390.0,380.0,400.0,0.000170152579164,0.000170152579164
4.0,90.0,90.0,410.0,400.0,420.0,0.000272032916556,0.000272032916556
4.0,90.0,90.0,430.0,420.0,440.0,0.00026419756636,0.00026419756636
4.0,90.0,90.0,450.0,440.0,460.0,0.000310833256125,0.000310833256125
4.0,90.0,90.0,470.0,460.0,480.0,0.000312808421285,0.000312808421285
4.0,90.0,90.0,490.0,480.0,500.0,0.000285322032113,0.000285322032113
4.0,90.0,90.0,510.0,500.0,520.0,0.000241911734951,0.000241911734951
4.0,90.0,90.0,530.0,520.0,540.0,0.000198614297457,0.000198614297457
4.0,90.0,90.0,550.0,540.0,560.0,0.000176448455752,0.000176448455752
4.0,90.0,90.0,570.0,560.0,580.0,0.000138507639366,0.000138507639366
4.0,90.0,90.0,590.0,580.0,600.0,0.000145667335719,0.000145667335719
4.0,90.0,90.0,610.0,600.0,620.0,0.000133990693344,0.000133990693344
4.0,90.0,90.0,630.0,620.0,640.0,0.000163790390337,0.000163790390337
4.0,90.0,90.0,650.0,640.0,660.0,0.000189413423122,0.000189413423122
4.0,90.0,90.0,670.0,660.0,680.0,0.000214070221105,0.000214070221105
4.0,90.0,90.0,690.0,680.0,700.0,0.000223669998434,0.000223669998434
4.0,90.0,90.0,710.0,700.0,720.0,0.000222358955719,0.000222358955719
4.0,90.0,90.0,730.0,720.0,740.0,0.000215145143681,0.000215145143681
4.0,90.0,90.0,750.0,740.0,760.0,0.000199889462024,0.000199889462024
4.0,90.0,90.0,770.0,760.0,780.0,0.000189535388118,0.000189535388118
4.0,180.0,0.0,390.0,380.0,400.0,0.000107645936259,0.000107645936259
4.0,180.0,0.0,410.0,400.0,420.0,0.000183297519405,0.000183297519405
4.0,180.0,0.0,430.0,420.0,440.0,0.000186665419067,0.000186665419067
4.0,180.0,0.0,450.0,440.0,460.0,0.000226967933928,0.000226967933928
4.0,180.0,0.0,470.0,460.0,480.0,0.000233122384216,0.000233122384216
4.0,180.0,0.0,490.0,480.0,500.0,0.000214572675057,0.000214572675057
4.0,180.0,0.0,510.0,500.0,520.0,0.000181222820869,0.000181222820869
4.0,180.0,0.0,530.0,520.0,540.0,0.000146187289527,0.000146187289527
4.0,180.0,0.0,550.0,540.0,560.0,0.000128449711821,0.000128449711821
4.0,180.0,0.0,570.0,560.0,580.0,9.82946016197e-05,9.82946016197e-05
4.0,180.0,0.0,590.0,580.0,600.0,0.000104711774766,0.000104711774766
4.0,180.0,0.0,610.0,600.0,620.0,9.64870359559e-05,9.64870359559e-05
4.0,180.0,0.0,630.0,620.0,640.0,0.000123267765455,0.000123267765455
4.0,180.0,0.0,650.0,640.0,660.0,0.000148874835851,0.000148874835851
4.0,180.0,0.0,670.0,660.0,680.0,0.000174486034497,0.000174486034497
4.0,180.0,0.0,690.0,680.0,700.0,0.000187763556005,0.000187763556005
4.0,180.0,0.0,710.0,700.0,720.0,0.000191092703221,0.000191092703221
4.0,180.0,0.0,730.0,720.0,740.0,0.000188210956534,0.000188210956534
4.0,180.0,0.0,750.0,740.0,760.0,0.000176596579567,0.000176596579567
4.0,180.0,0.0,770.0,760.0,780.0,0.000169629427815,0.000169629427815
4.0,180.0,0.5,390.0,380.0,400.0,0.000116043455783,0.000116043455783
4.0,180.0,0.5,410.0,400.0,420.0,0.000197312299762,0.000197312299762
4.0,180.0,0.5,430.0,420.0,440.0,0.000200630223061,0.000200630223061
4.0,180.0,0.5,450.0,440.0,460.0,0.000243542511381,0.000243542511381
4.0,180.0,0.5,470.0,460.0,480.0,0.000249688894829,0.000249688894829
4.0,180.0,0.5,490.0,480.0,500.0,0.000229359270708,0.000229359270708
4.0,180.0,0.5,510.0,500.0,520.0,0.000193291904663,0.000193291904663
4.0,180.0,0.5,530.0,520.0,540.0,0.000155560202492,0.000155560202492
4.0,180.0,0.5,550.0,540.0,560.0,0.000136319219074,0.000136319219074
4.0,180.0,0.5,570.0,560.0,580.0,0.000104022792198,0.000104022792198
4.0,180.0,0.5,590.0,580.0,600.0,0.000110446021228,0.000110446021228
4.0,180.0,0.5,610.0,600.0,620.0,0.000101422460731,0.000101422460731
4.0,180.0,0.5,630.0,620.0,640.0,0.000129078524788,0.000129078524788
4.0,180.0,0.5,650.0,640.0,660.0,0.000155289848061,0.000155289848061
4.0,180.0,0.5,670.0,660.0,680.0,0.000181299900126,0.000181299900126
4.0,180.0,0.5,690.0,680.0,700.0,0.000194335442802,0.000194335442802
4.0,180.0,0.5,710.0,700.0,720.0,0.000196999538659,0.000196999538659
4.0,180.0,0.5,730.0,720.0,740.0,0.000193246870817,0.000193246870817
4.0,180.0,0.5,750.0,740.0,760.0,0.0001805728575,0.0001805728575
4.0,180.0,0.5,770.0,760.0,780.0,0.00017271598411,0.00017271598411
4.0,180.0,1.0,390.0,380.0,400.0,0.000118779434503,0.000118779434503
4.0,180.0,1.0,410.0,400.0,420.0,0.000202108868258,0.000202108868258
4.0,180.0,1.0,430.0,420.0,440.0,0.000205597927393,0.000205597927393
4.0,180.0,1.0,450.0,440.0,460.0,0.000249610304924,0.000249610304924
4.0,180.0,1.0,470.0,460.0,480.0,0.000255872478799,0.000255872478799
4.0,180.0,1.0,490.0,480.0,500.0,0.00023493049248,0.00023493049248
4.0,180.0,1.0,510.0,500.0,520.0,0.00019782209897,0.00019782209897
4.0,180.0,1.0,530.0,520.0,540.0,0.00015900858864,0.00015900858864
4.0,180.0,1.0,550.0,540.0,560.0,0.000139139434763,0.000139139434763
4.0,180.0,1.0,570.0,560.0,580.0,0.000105973210829,0.000105973210829
4.0,180.0,1.0,590.0,580.0,600.0,0.00011231643312,0.00011231643312
4.0,180.0,1.0,610.0,600.0,620.0,0.000102915260812,0.000102915260812
4.0,180.0,1.0,630.0,620.0,640.0,0.000130724115699,0.000130724115699
4.0,180.0,1.0,650.0,640.0,660.0,0.000156929555999,0.000156929555999
4.0,180.0,1.0,670.0,660.0,680.0,0.000182762656606,0.000182762656606
4.0,180.0,1.0,690.0,680.0,700.0,0.000195361169604,0.000195361169604
4.0,180.0,1.0,710.0,700.0,720.0,0.000197434840664,0.000197434840664
4.0,180.0,1.0,730.0,720.0,740.0,0.000193031427416,0.000193031427416
4.0,180.0,1.0,750.0,740.0,760.0,0.000179725643258,0.000179725643258
4.0,180.0,1.0,770.0,760.0,780.0,0.000171268277211,0.000171268277211
4.0,180.0,2.0,390.0,380.0,400.0,0.000124217182844,0.000124217182844
4.0,180.0,2.0,410.0,400.0,420.0,0.000211640679731,0.000211640679731
4.0,180.0,2.0,430.0,420.0,440.0,0.000215433279629,0.000215433279629
4.0,180.0,2.0,450.0,440.0,460.0,0.000261525363884,0.000261525363884
4.0,180.0,2.0,470.0,460.0,480.0,0.000267844610131,0.000267844610131
4.0,180.0,2.0,490.0,480.0,500.0,0.000245483564899,0.000245483564899
4.0,180.0,2.0,510.0,500.0,520.0,0.000206132571384,0.000206132571384
4.0,180.0,2.0,530.0,520.0,540.0,0.000165055256371,0.000165055256371
4.0,180.0,2.0,550.0,540.0,560.0,0.00014379416529,0.00014379416529
4.0,180.0,2.0,570.0,560.0,580.0,0.000108930941416,0.000108930941416
4.0,180.0,2.0,590.0,580.0,600.0,0.000114845069605,0.000114845069605
4.0,180.0,2.0,610.0,600.0,620.0,0.000104604020316,0.000104604020316
4.0,180.0,2.0,630.0,620.0,640.0,0.000132117356398,0.000132117356398
4.0,180.0,2.0,650.0,640.0,660.0,0.000157638253235,0.000157638253235
4.0,180.0,2.0,670.0,660.0,680.0,0.000182381523001,0.000182381523001
4.0,180.0,2.0,690.0,680.0,700.0,0.000193589003509,0.000193589003509
4.0,180.0,2.0,710.0,700.0,720.0,0.000194207588597,0.000194207588597
4.0,180.0,2.0,730.0,720.0,740.0,0.000188433750757,0.000188433750757
4.0,180.0,2.0,750.0,740.0,760.0,0.000174080807959,0.000174080807959
4.0,180.0,2.0,770.0,760.0,780.0,0.000164589461655,0.000164589461655
4.0,180.0,3.0,390.0,380.0,400.0,0.000130596520135,0.000130596520135
4.0,180.0,3.0,410.0,400.0,420.0,0.000222622767603,0.000222622767603
4.0,180.0,3.0,430.0,420.0,440.0,0.000226509445683,0.000226509445683
4.0,180.0,3.0,450.0,440.0,460.0,0.000274547386137,0.000274547386137
4.0,180.0,3.0,470.0,460.0,480.0,0.000280424782033,0.000280424782033
4.0,180.0,3.0,490.0,480.0,500.0,0.000256025953586,0.000256025953586
4.0,180.0,3.0,510.0,500.0,520.0,0.000213920366181,0.000213920366181
4.0,180.0,3.0,530.0,520.0,540.0,0.00017027720421,0.00017027720421
4.0,180.0,3.0,550.0,540.0,560.0,0.000147383216965,0.000147383216965
4.0,180.0,3.0,570.0,560.0,580.0,0.000110862732456,0.000110862732456
4.0,180.0,3.0,590.0,580.0,600.0,0.000116057778995,0.000116057778995
4.0,180.0,3.0,610.0,600.0,620.0,0.000104936456568,0.000104936456568
4.0,180.0,3.0,630.0,620.0,640.0,0.000131585867251,0.000131585867251
4.0,180.0,3.0,650.0,640.0,660.0,0.000155859739469,0.000155859739469
4.0,180.0,3.0,670.0,660.0,680.0,0.000178991390393,0.000178991390393
4.0,180.0,3.0,690.0,680.0,700.0,0.000188580836633,0.000188580836633
4.0,180.0,3.0,710.0,700.0,720.0,0.000187786812967,0.000187786812967
4.0,180.0,3.0,730.0,720.0,740.0,0.000180877196522,0.000180877196522
4.0,180.0,3.0,750.0,740.0,760.0,0.000165913540493,0.000165913540493
4.0,180.0,3.0,770.0,760.0,780.0,0.000155773468111,0.000155773468111
4.0,180.0,5.0,390.0,380.0,400.0,0.000142371716106,0.000142371716106
4.0,180.0,5.0,410.0,400.0,420.0,0.000241926606583,0.000241926606583
4.0,180.0,5.0,430.0,420.0,440.0,0.000244663457824,0.000244663457824
4.0,180.0,5.0,450.0,440.0,460.0,0.000293953196653,0.000293953196653
4.0,180.0,5.0,470.0,460.0,480.0,0.000296932319906,0.000296932319906
4.0,180.0,5.0,490.0,480.0,500.0,0.000267666132881,0.000267666132881
4.0,180.0,5.0,510.0,500.0,520.0,0.000220632512667,0.000220632512667
4.0,180.0,5.0,530.0,520.0,540.0,0.000173246930274,0.000173246930274
4.0,180.0,5.0,550.0,540.0,560.0,0.00014799368075,0.00014799368075
4.0,180.0,5.0,570.0,560.0,580.0,0.000109978640091,0.000109978640091
4.0,180.0,5.0,590.0,580.0,600.0,0.000113924436461,0.000113924436461
4.0,180.0,5.0,610.0,600.0,620.0,0.000102103207809,0.000102103207809
4.0,180.0,5.0,630.0,620.0,640.0,0.000127393875778,0.000127393875778
4.0,180.0,5.0,650.0,640.0,660.0,0.000150642481712,0.000150642481712
4.0,180.0,5.0,670.0,660.0,680.0,0.000173234910848,0.000173234910848
4.0,180.0,5.0,690.0,680.0,700.0,0.000183282983508,0.000183282983508
4.0,180.0,5.0,710.0,700.0,720.0,0.000183760186339,0.000183760186339
4.0,180.0,5.0,730.0,720.0,740.0,0.000178618548153,0.000178618548153
4.0,180.0,5.0,750.0,740.0,760.0,0.000165566723115,0.000165566723115
4.0,180.0,5.0,770.0,760.0,780.0,0.000157568028191,0.000157568028191
4.0,180.0,8.0,390.0,380.0,400.0,0.000157318715503,0.000157318715503
4.0,180.0,8.0,410.0,400.0,420.0,0.000263822431977,0.000263822431977
4.0,180.0,8.0,430.0,420.0,440.0,0.000263072169164,0.000263072169164
4.0,180.0,8.0,450.0,440.0,460.0,0.000312416153471,0.000312416153471
4.0,180.0,8.0,470.0,460.0,480.0,0.000314012027458,0.000314012027458
4.0,180.0,8.0,490.0,480.0,500.0,0.000284713022474,0.000284713022474
4.0,180.0,8.0,510.0,500.0,520.0,0.000239280922982,0.000239280922982
4.0,180.0,8.0,530.0,520.0,540.0,0.000194256466431,0.000194256466431
4.0,180.0,8.0,550.0,540.0,560.0,0.000174142148648,0.000174142148648
4.0,180.0,8.0,570.0,560.0,580.0,0.000136821300734,0.000136821300734
4.0,180.0,8.0,590.0,580.0,600.0,0.000152120237779,0.000152120237779
4.0,180.0,8.0,610.0,600.0,620.0,0.000146423157602,0.000146423157602
4.0,180.0,8.0,630.0,620.0,640.0,0.000198180038032,0.000198180038032
4.0,180.0,8.0,650.0,640.0,660.0,0.000253305543826,0.000253305543826
4.0,180.0,8.0,670.0,660.0,680.0,0.000313224591103,0.000313224591103
4.0,180.0,8.0,690.0,680.0,700.0,0.000354496339518,0.000354496339518
4.0,180.0,8.0,710.0,700.0,720.0,0.00037830160346,0.00037830160346
4.0,180.0,8.0,730.0,720.0,740.0,0.000389531170389,0.000389531170389
4.0,180.0,8.0,750.0,740.0,760.0,0.000380830998792,0.000380830998792
4.0,180.0,8.0,770.0,760.0,780.0,0.000380604405449,0.000380604405449
4.0,180.0,12.0,390.0,380.0,400.0,0.000172653723069,0.000172653723069
4.0,180.0,12.0,410.0,400.0,420.0,0.000288597257064,0.000288597257064
4.0,180.0,12.0,430.0,420.0,440.0,0.000290031240548,0.000290031240548
4.0,180.0,12.0,450.0,440.0,460.0,0.000351994607108,0.000351994607108
4.0,180.0,12.0,470.0,460.0,480.0,0.000366787093167,0.000366787093167
4.0,180.0,12.0,490.0,480.0,500.0,0.000348635970648,0.000348635970648
4.0,180.0,12.0,510.0,500.0,520.0,0.000308762629904,0.000308762629904
4.0,180.0,12.0,530.0,520.0,540.0,0.000264171592854,0.000264171592854
4.0,180.0,12.0,550.0,540.0,560.0,0.000249087743203,0.000249087743203
4.0,180.0,12.0,570.0,560.0,580.0,0.000204461330989,0.000204461330989
4.0,180.0,12.0,590.0,580.0,600.0,0.000234756344393,0.000234756344393
4.0,180.0,12.0,610.0,600.0,620.0,0.000231280316976,0.000231280316976
4.0,180.0,12.0,630.0,620.0,640.0,0.000313895057924,0.000313895057924
4.0,180.0,12.0,650.0,640.0,660.0,0.00039852382767,0.00039852382767
4.0,180.0,12.0,670.0,660.0,680.0,0.000487474650592,0.000487474650592
4.0,180.0,12.0,690.0,680.0,700.0,0.000544754509057,0.000544754509057
4.0,180.0,12.0,710.0,700.0,720.0,0.000573649798803,0.000573649798803
4.0,180.0,12.0,730.0,720.0,740.0,0.000583028582345,0.000583028582345
4.0,180.0,12.0,750.0,740.0,760.0,0.000563731193986,0.000563731193986
4.0,180.0,12.0,770.0,760.0,780.0,0.00055601688397,0.00055601688397
4.0,180.0,20.0,390.0,380.0,400.0,0.000202716876835,0.000202716876835
4.0,180.0,20.0,410.0,400.0,420.0,0.000343509233378,0.000343509233378
4.0,180.0,20.0,430.0,420.0,440.0,0.000352876327279,0.000352876327279
4.0,180.0,20.0,450.0,440.0,460.0,0.000439380851503,0.000439380851503
4.0,180.0,20.0,470.0,460.0,480.0,0.00046890387013,0.00046890387013
4.0,180.0,20.0,490.0,480.0,500.0,0.000453646592464,0.000453646592464
4.0,180.0,20.0,510.0,500.0,520.0,0.000405977594743,0.000405977594743
4.0,180.0,20.0,530.0,520.0,540.0,0.000349082913189,0.000349082913189
4.0,180.0,20.0,550.0,540.0,560.0,0.000327567195992,0.000327567195992
4.0,180.0,20.0,570.0,560.0,580.0,0.000267690259994,0.000267690259994
4.0,180.0,20.0,590.0,580.0,600.0,0.000300517073079,0.000300517073079
4.0,180.0,20.0,610.0,600.0,620.0,0.000290467713393,0.000290467713393
4.0,180.0,20.0,630.0,620.0,640.0,0.000380087188181,0.000380087188181
4.0,180.0,20.0,650.0,640.0,660.0,0.000466017257656,0.000466017257656
4.0,180.0,20.0,670.0,660.0,680.0,0.000552796090972,0.000552796090972
4.0,180.0,20.0,690.0,680.0,700.0,0.000601439082539,0.000601439082539
4.0,180.0,20.0,710.0,700.0,720.0,0.000618738377422,0.000618738377422
4.0,180.0,20.0,730.0,720.0,740.0,0.00061629303299,0.00061629303299
4.0,180.0,20.0,750.0,740.0,760.0,0.000586224805737,0.000586224805737
4.0,180.0,20.0,770.0,760.0,780.0,0.000568706894249,0.000568706894249
4.0,180.0,30.0,390.0,380.0,400.0,0.000220061632191,0.000220061632191
4.0,180.0,30.0,410.0,400.0,420.0,0.000369988393813,0.000369988393813
4.0,180.0,30.0,430.0,420.0,440.0,0.000377154663327,0.000377154663327
4.0,180.0,30.0,450.0,440.0,460.0,0.000465239698031,0.000465239698031
4.0,180.0,30.0,470.0,460.0,480.0,0.000490555974789,0.000490555974789
4.0,180.0,30.0,490.0,480.0,500.0,0.00046784321146,0.00046784321146
4.0,180.0,30.0,510.0,500.0,520.0,0.000412620421276,0.000412620421276
4.0,180.0,30.0,530.0,520.0,540.0,0.000350147268978,0.000350147268978
4.0,180.0,30.0,550.0,540.0,560.0,0.000322960555948,0.000322960555948
4.0,180.0,30.0,570.0,560.0,580.0,0.000260642507781,0.000260642507781
4.0,180.0,30.0,590.0,580.0,600.0,0.00028603136679,0.00028603136679
4.0,180.0,30.0,610.0,600.0,620.0,0.000271748215981,0.000271748215981
4.0,180.0,30.0,630.0,620.0,640.0,0.000346649526186,0.000346649526186
4.0,180.0,30.0,650.0,640.0,660.0,0.000415655600897,0.000415655600897
4.0,180.0,30.0,670.0,660.0,680.0,0.000483989755344,0.000483989755344
4.0,180.0,30.0,690.0,680.0,700.0,0.000518459343719,0.000518459343719
4.0,180.0,30.0,710.0,700.0,720.0,0.000526423101517,0.000526423101517
4.0,180.0,30.0,730.0,720.0,740.0,0.000518584509286,0.000518584509286
4.0,180.0,30.0,750.0,740.0,760.0,0.000488978433818,0.000488978433818
4.0,180.0,30.0,770.0,760.0,780.0,0.000470282899729,0.000470282899729
4.0,180.0,45.0,390.0,380.0,400.0,0.000213161312626,0.000213161312626
4.0,180.0,45.0,410.0,400.0,420.0,0.000350965943534,0.000350965943534
4.0,180.0,45.0,430.0,420.0,440.0,0.000350595697429,0.000350595697429
4.0,180.0,45.0,450.0,440.0,460.0,0.00042388316072,0.00042388316072
4.0,180.0,45.0,470.0,460.0,480.0,0.000438033369498,0.000438033369498
4.0,180.0,45.0,490.0,480.0,500.0,0.000409621018613,0.000409621018613
4.0,180.0,45.0,510.0,500.0,520.0,0.000354885222826,0.000354885222826
4.0,180.0,45.0,530.0,520.0,540.0,0.000296547150826,0.000296547150826
4.0,180.0,45.0,550.0,540.0,560.0,0.000268727195457,0.000268727195457
4.0,180.0,45.0,570.0,560.0,580.0,0.000213888336669,0.000213888336669
4.0,180.0,45.0,590.0,580.0,600.0,0.000229954964172,0.000229954964172
4.0,180.0,45.0,610.0,600.0,620.0,0.000214915451641,0.000214915451641
4.0,180.0,45.0,630.0,620.0,640.0,0.000268515978792,0.000268515978792
4.0,180.0,45.0,650.0,640.0,660.0,0.000316219180563,0.000316219180563
4.0,180.0,45.0,670.0,660.0,680.0,0.000362614994665,0.000362614994665
4.0,180.0,45.0,690.0,680.0,700.0,0.00038334673283,0.00038334673283
4.0,180.0,45.0,710.0,700.0,720.0,0.00038475843655,0.00038475843655
4.0,180.0,45.0,730.0,720.0,740.0,0.000375172971207,0.000375172971207
4.0,180.0,45.0,750.0,740.0,760.0,0.000350616173068,0.000350616173068
4.0,180.0,45.0,770.0,760.0,780.0,0.000334342504869,0.000334342504869
4.0,180.0,60.0,390.0,380.0,400.0,0.000192205272615,0.000192205272615
4.0,180.0,60.0,410.0,400.0,420.0,0.000311418976745,0.000311418976745
4.0,180.0,60.0,430.0,420.0,440.0,0.00030645133184,0.00030645133184
4.0,180.0,60.0,450.0,440.0,460.0,0.000365243179616,0.000365243179616
4.0,180.0,60.0,470.0,460.0,480.0,0.000372257950694,0.000372257950694
4.0,180.0,60.0,490.0,480.0,500.0,0.000343612477326,0.000343612477326
4.0,180.0,60.0,510.0,500.0,520.0,0.00029429787986,0.00029429787986
4.0,180.0,60.0,530.0,520.0,540.0,0.000243532014063,0.000243532014063
4.0,180.0,60.0,550.0,540.0,560.0,0.000218264541378,0.000218264541378
4.0,180.0,60.0,570.0,560.0,580.0,0.000172238457452,0.000172238457452
4.0,180.0,60.0,590.0,580.0,600.0,0.000182892968999,0.000182892968999
4.0,180.0,60.0,610.0,600.0,620.0,0.000169262775335,0.000169262775335
4.0,180.0,60.0,630.0,620.0,640.0,0.000208939744818,0.000208939744818
4.0,180.0,60.0,650.0,640.0,660.0,0.000243542560559,0.000243542560559
4.0,180.0,60.0,670.0,660.0,680.0,0.000276880919664,0.000276880919664
4.0,180.0,60.0,690.0,680.0,700.0,0.000290568122484,0.000290568122484
4.0,180.0,60.0,710.0,700.0,720.0,0.000289783032594,0.000289783032594
4.0,180.0,60.0,730.0,720.0,740.0,0.000280985861608,0.000280985861608
4.0,180.0,60.0,750.0,740.0,760.0,0.000261321372141,0.000261321372141
4.0,180.0,60.0,770.0,760.0,780.0,0.000248046086161,0.000248046086161
4.0,180.0,90.0,390.0,380.0,400.0,0.000170152579165,0.000170152579165
4.0,180.0,90.0,410.0,400.0,420.0,0.000272032916558,0.000272032916558
4.0,180.0,90.0,430.0,420.0,440.0,0.000264197566361,0.000264197566361
4.0,180.0,90.0,450.0,440.0,460.0,0.000310833256126,0.000310833256126
4.0,180.0,90.0,470.0,460.0,480.0,0.000312808421284,0.000312808421284
4.0,180.0,90.0,490.0,480.0,500.0,0.000285322032112,0.000285322032112
4.0,180.0,90.0,510.0,500.0,520.0,0.00024191173495,0.00024191173495
4.0,180.0,90.0,530.0,520.0,540.0,0.000198614297455,0.000198614297455
4.0,180.0,90.0,550.0,540.0,560.0,0.00017644845575,0.00017644845575
4.0,180.0,90.0,570.0,560.0,580.0,0.000138507639365,0.000138507639365
4.0,180.0,90.0,590.0,580.0,600.0,0.000145667335718,0.000145667335718
4.0,180.0,90.0,610.0,600.0,620.0,0.000133990693343,0.000133990693343
4.0,180.0,90.0,630.0,620.0,640.0,0.000163790390335,0.000163790390335
4.0,180.0,90.0,650.0,640.0,660.0,0.00018941342312,0.00018941342312
4.0,180.0,90.0,670.0,660.0,680.0,0.000214070221103,0.000214070221103
4.0,180.0,90.0,690.0,680.0,700.0,0.000223669998432,0.000223669998432
4.0,180.0,90.0,710.0,700.0,720.0,0.000222358955717,0.000222358955717
4.0,180.0,90.0,730.0,720.0,740.0,0.000215145143679,0.000215145143679
4.0,180.0,90.0,750.0,740.0,760.0,0.000199889462022,0.000199889462022
4.0,180.0,90.0,770.0,760.0,780.0,0.000189535388116,0.000189535388116
6.0,0.0,0.0,390.0,380.0,400.0,3.22022290084e-05,3.22022290084e-05
6.0,0.0,0.0,410.0,400.0,420.0,6.07694595212e-05,6.07694595212e-05
6.0,0.0,0.0,430.0,420.0,440.0,6.76796553225e-05,6.76796553225e-05
6.0,0.0,0.0,450.0,440.0,460.0,8.85817292578e-05,8.85817292578e-05
6.0,0.0,0.0,470.0,460.0,480.0,9.63370272549e-05,9.63370272549e-05
6.0,0.0,0.0,490.0,480.0,500.0,9.24030932953e-05,9.24030932953e-05
6.0,0.0,0.0,510.0,500.0,520.0,8.00351288977e-05,8.00351288977e-05
6.0,0.0,0.0,530.0,520.0,540.0,6.52095663417e-05,6.52095663417e-05
6.0,0.0,0.0,550.0,540.0,560.0,5.74630906501e-05,5.74630906501e-05
6.0,0.0,0.0,570.0,560.0,580.0,4.36146256092e-05,4.36146256092e-05
6.0,0.0,0.0,590.0,580.0,600.0,4.66372056421e-05,4.66372056421e-05
6.0,0.0,0.0,610.0,600.0,620.0,4.31084455902e-05,4.31084455902e-05
6.0,0.0,0.0,630.0,620.0,640.0,5.7187986859e-05,5.7187986859e-05
6.0,0.0,0.0,650.0,640.0,660.0,7.2808596525e-05,7.2808596525e-05
6.0,0.0,0.0,670.0,660.0,680.0,9.07725862311e-05,9.07725862311e-05
6.0,0.0,0.0,690.0,680.0,700.0,0.000104895605622,0.000104895605622
6.0,0.0,0.0,710.0,700.0,720.0,0.000115965652332,0.000115965652332
6.0,0.0,0.0,730.0,720.0,740.0,0.000125706919088,0.000125706919088
6.0,0.0,0.0,750.0,740.0,760.0,0.000131565242947,0.000131565242947
6.0,0.0,0.0,770.0,760.0,780.0,0.000143283753195,0.000143283753195
6.0,0.0,0.5,390.0,380.0,400.0,3.08770388513e-05,3.08770388513e-05
6.0,0.0,0.5,410.0,400.0,420.0,5.8629981342e-05,5.8629981342e-05
6.0,0.0,0.5,430.0,420.0,440.0,6.5699114288e-05,6.5699114288e-05
6.0,0.0,0.5,450.0,440.0,460.0,8.65258268624e-05,8.65258268624e-05
6.0,0.0,0.5,470.0,460.0,480.0,9.47222853915e-05,9.47222853915e-05
6.0,0.0,0.5,490.0,480.0,500.0,9.15494434971e-05,9.15494434971e-05
6.0,0.0,0.5,510.0,500.0,520.0,8.00970694936e-05,8.00970694936e-05
6.0,0.0,0.5,530.0,520.0,540.0,6.62557799787e-05,6.62557799787e-05
6.0,0.0,0.5,550.0,540.0,560.0,5.97998927726e-05,5.97998927726e-05
6.0,0.0,0.5,570.0,560.0,580.0,4.71627873898e-05,4.71627873898e-05
6.0,0.0,0.5,590.0,580.0,600.0,5.31755448463e-05,5.31755448463e-05
6.0,0.0,0.5,610.0,600.0,620.0,5.28611613356e-05,5.28611613356e-05
6.0,0.0,0.5,630.0,620.0,640.0,7.56948662797e-05,7.56948662797e-05
6.0,0.0,0.5,650.0,640.0,660.0,0.00010445775433,0.00010445775433
6.0,0.0,0.5,670.0,660.0,680.0,0.000141534501616,0.000141534501616
6.0,0.0,0.5,690.0,680.0,700.0,0.000177532609293,0.000177532609293
6.0,0.0,0.5,710.0,700.0,720.0,0.000211835970283,0.000211835970283
6.0,0.0,0.5,730.0,720.0,740.0,0.000245494303818,0.000245494303818
6.0,0.0,0.5,750.0,740.0,760.0,0.000271694416143,0.000271694416143
6.0,0.0,0.5,770.0,760.0,780.0,0.000306984119595,0.000306984119595
6.0,0.0,1.0,390.0,380.0,400.0,3.16052977058e-05,3.16052977058e-05
6.0,0.0,1.0,410.0,400.0,420.0,6.01536618038e-05,6.01536618038e-05
6.0,0.0,1.0,430.0,420.0,440.0,6.7603958051e-05,6.7603958051e-05
6.0,0.0,1.0,450.0,440.0,460.0,8.94406086142e-05,8.94406086142e-05
6.0,0.0,1.0,470.0,460.0,480.0,9.87230470894e-05,9.87230470894e-05
6.0,0.0,1.0,490.0,480.0,500.0,9.68812036813e-05,9.68812036813e-05
6.0,0.0,1.0,510.0,500.0,520.0,8.70611850318e-05,8.70611850318e-05
6.0,0.0,1.0,530.0,520.0,540.0,7.52110073249e-05,7.52110073249e-05
6.0,0.0,1.0,550.0,540.0,560.0,7.21838034317e-05,7.21838034317e-05
6.0,0.0,1.0,570.0,560.0,580.0,6.1673870561e-05,6.1673870561e-05
6.0,0.0,1.0,590.0,580.0,600.0,7.55183056704e-05,7.55183056704e-05
6.0,0.0,1.0,610.0,600.0,620.0,8.1515004535e-05,8.1515004535e-05
6.0,0.0,1.0,630.0,620.0,640.0,0.000123712694119,0.000123712694119
6.0,0.0,1.0,650.0,640.0,660.0,0.000177827109113,0.000177827109113
6.0,0.0,1.0,670.0,660.0,680.0,0.000247430386014,0.000247430386014
6.0,0.0,1.0,690.0,680.0,700.0,0.000314661985638,0.000314661985638
6.0,0.0,1.0,710.0,700.0,720.0,0.000376394558516,0.000376394558516
6.0,0.0,1.0,730.0,720.0,740.0,0.000433171760304,0.000433171760304
6.0,0.0,1.0,750.0,740.0,760.0,0.000472567519735,0.000472567519735
6.0,0.0,1.0,770.0,760.0,780.0,0.000522907555116,0.000522907555116
6.0,0.0,2.0,390.0,380.0,400.0,3.34265828392e-05,3.34265828392e-05
6.0,0.0,2.0,410.0,400.0,420.0,6.42254132312e-05,6.42254132312e-05
6.0,0.0,2.0,430.0,420.0,440.0,7.36028546127e-05,7.36028546127e-05
6.0,0.0,2.0,450.0,440.0,460.0,0.000101024587001,0.000101024587001
6.0,0.0,2.0,470.0,460.0,480.0,0.000118401002929,0.000118401002929
6.0,0.0,2.0,490.0,480.0,500.0,0.000126434125099,0.000126434125099
6.0,0.0,2.0,510.0,500.0,520.0,0.000126044203757,0.000126044203757
6.0,0.0,2.0,530.0,520.0,540.0,0.000121744745873,0.000121744745873
6.0,0.0,2.0,550.0,540.0,560.0,0.000129379322625,0.000129379322625
6.0,0.0,2.0,570.0,560.0,580.0,0.000119772258587,0.000119772258587
6.0,0.0,2.0,590.0,580.0,600.0,0.000153842977113,0.000153842977113
6.0,0.0,2.0,610.0,600.0,620.0,0.000169214840386,0.000169214840386
6.0,0.0,2.0,630.0,620.0,640.0,0.000255157256113,0.000255157256113
6.0,0.0,2.0,650.0,640.0,660.0,0.000358714096142,0.000358714096142
6.0,0.0,2.0,670.0,660.0,680.0,0.000483342037725,0.000483342037725
6.0,0.0,2.0,690.0,680.0,700.0,0.000591410236117,0.000591410236117
6.0,0.0,2.0,710.0,700.0,720.0,0.000677801645668,0.000677801645668
6.0,0.0,2.0,730.0,720.0,740.0,0.00074538622924,0.00074538622924
6.0,0.0,2.0,750.0,740.0,760.0,0.000775358056448,0.000775358056448
6.0,0.0,2.0,770.0,760.0,780.0,0.000819026542837,0.000819026542837
6.0,0.0,3.0,390.0,380.0,400.0,3.5947046753e-05,3.5947046753e-05
6.0,0.0,3.0,410.0,400.0,420.0,7.13218328731e-05,7.13218328731e-05
6.0,0.0,3.0,430.0,420.0,440.0,8.6137762953e-05,8.6137762953e-05
6.0,0.0,3.0,450.0,440.0,460.0,0.000126662964419,0.000126662964419
6.0,0.0,3.0,470.0,460.0,480.0,0.000159777443166,0.000159777443166
6.0,0.0,3.0,490.0,480.0,500.0,0.000181876661018,0.000181876661018
6.0,0.0,3.0,510.0,500.0,520.0,0.000189405771428,0.000189405771428
6.0,0.0,3.0,530.0,520.0,540.0,0.000186476601331,0.000186476601331
6.0,0.0,3.0,550.0,540.0,560.0,0.000197726798532,0.000197726798532
6.0,0.0,3.0,570.0,560.0,580.0,0.000179288141781,0.000179288141781
6.0,0.0,3.0,590.0,580.0,600.0,0.000224056082141,0.000224056082141
6.0,0.0,3.0,610.0,600.0,620.0,0.000237992186856,0.000237992186856
6.0,0.0,3.0,630.0,620.0,640.0,0.000347723789082,0.000347723789082
6.0,0.0,3.0,650.0,640.0,660.0,0.000473817784353,0.000473817784353
6.0,0.0,3.0,670.0,660.0,680.0,0.000618995451446,0.000618995451446
6.0,0.0,3.0,690.0,680.0,700.0,0.000734875261084,0.000734875261084
6.0,0.0,3.0,710.0,700.0,720.0,0.000817998400947,0.000817998400947
6.0,0.0,3.0,730.0,720.0,740.0,0.000874627957475,0.000874627957475
6.0,0.0,3.0,750.0,740.0,760.0,0.000885102950766,0.000885102950766
6.0,0.0,3.0,770.0,760.0,780.0,0.000911995177628,0.000911995177628
6.0,0.0,5.0,390.0,380.0,400.0,4.56188421515e-05,4.56188421515e-05
6.0,0.0,5.0,410.0,400.0,420.0,9.85005669767e-05,9.85005669767e-05
6.0,0.0,5.0,430.0,420.0,440.0,0.000128284283158,0.000128284283158
6.0,0.0,5.0,450.0,440.0,460.0,0.000198074147444,0.000198074147444
6.0,0.0,5.0,470.0,460.0,480.0,0.000253824412804,0.000253824412804
6.0,0.0,5.0,490.0,480.0,500.0,0.000284839793379,0.000284839793379
6.0,0.0,5.0,510.0,500.0,520.0,0.000285842594872,0.000285842594872
6.0,0.0,5.0,530.0,520.0,540.0,0.000267048788381,0.000267048788381
6.0,0.0,5.0,550.0,540.0,560.0,0.000266858985105,0.000266858985105
6.0,0.0,5.0,570.0,560.0,580.0,0.000226931181543,0.000226931181543
6.0,0.0,5.0,590.0,580.0,600.0,0.000267463701478,0.000267463701478
6.0,0.0,5.0,610.0,600.0,620.0,0.00026816274448,0.00026816274448
6.0,0.0,5.0,630.0,620.0,640.0,0.000374422766185,0.000374422766185
6.0,0.0,5.0,650.0,640.0,660.0,0.000490153836822,0.000490153836822
6.0,0.0,5.0,670.0,660.0,680.0,0.000616966886888,0.000616966886888
6.0,0.0,5.0,690.0,680.0,700.0,0.000707359576039,0.000707359576039
6.0,0.0,5.0,710.0,700.0,720.0,0.000761919509229,0.000761919509229
6.0,0.0,5.0,730.0,720.0,740.0,0.000789702892634,0.000789702892634
6.0,0.0,5.0,750.0,740.0,760.0,0.00077526572806,0.00077526572806
6.0,0.0,5.0,770.0,760.0,780.0,0.000777766442749,0.000777766442749
6.0,0.0,8.0,390.0,380.0,400.0,6.47333538205e-05,6.47333538205e-05
6.0,0.0,8.0,410.0,400.0,420.0,0.000139214106561,0.000139214106561
6.0,0.0,8.0,430.0,420.0,440.0,0.000174826905849,0.000174826905849
6.0,0.0,8.0,450.0,440.0,460.0,0.000255171655286,0.000255171655286
6.0,0.0,8.0,470.0,460.0,480.0,0.000306354397964,0.000306354397964
6.0,0.0,8.0,490.0,480.0,500.0,0.000321541158263,0.000321541158263
6.0,0.0,8.0,510.0,500.0,520.0,0.000302475493825,0.000302475493825
6.0,0.0,8.0,530.0,520.0,540.0,0.000265892459006,0.000265892459006
6.0,0.0,8.0,550.0,540.0,560.0,0.000250903862615,0.000250903862615
6.0,0.0,8.0,570.0,560.0,580.0,0.000202364374347,0.000202364374347
6.0,0.0,8.0,590.0,580.0,600.0,0.000227292876465,0.000227292876465
6.0,0.0,8.0,610.0,600.0,620.0,0.000218171167032,0.000218171167032
6.0,0.0,8.0,630.0,620.0,640.0,0.000294228904125,0.000294228904125
6.0,0.0,8.0,650.0,640.0,660.0,0.000374150925694,0.000374150925694
6.0,0.0,8.0,670.0,660.0,680.0,0.000458973150104,0.000458973150104
6.0,0.0,8.0,690.0,680.0,700.0,0.000514034371502,0.000514034371502
6.0,0.0,8.0,710.0,700.0,720.0,0.000541878274751,0.000541878274751
6.0,0.0,8.0,730.0,720.0,740.0,0.000550500913672,0.000550500913672
6.0,0.0,8.0,750.0,740.0,760.0,0.000530150889419,0.000530150889419
6.0,0.0,8.0,770.0,760.0,780.0,0.000523024242814,0.000523024242814
6.0,0.0,12.0,390.0,380.0,400.0,7.76501355366e-05,7.76501355366e-05
6.0,0.0,12.0,410.0,400.0,420.0,0.000155174828649,0.000155174828649
6.0,0.0,12.0,430.0,420.0,440.0,0.000180828547296,0.000180828547296
6.0,0.0,12.0,450.0,440.0,460.0,0.000246120234101,0.000246120234101
6.0,0.0,12.0,470.0,460.0,480.0,0.000277581344483,0.000277581344483
6.0,0.0,12.0,490.0,480.0,500.0,0.000275860756941,0.000275860756941
6.0,0.0,12.0,510.0,500.0,520.0,0.000247586653638,0.000247586653638
6.0,0.0,12.0,530.0,520.0,540.0,0.000208991162004,0.000208991162004
6.0,0.0,12.0,550.0,540.0,560.0,0.000190095643552,0.000190095643552
6.0,0.0,12.0,570.0,560.0,580.0,0.000148450700328,0.000148450700328
6.0,0.0,12.0,590.0,580.0,600.0,0.000161783182393,0.000161783182393
6.0,0.0,12.0,610.0,600.0,620.0,0.000151214774577,0.000151214774577
6.0,0.0,12.0,630.0,620.0,640.0,0.000199489986988,0.000199489986988
6.0,0.0,12.0,650.0,640.0,660.0,0.000249046239307,0.000249046239307
6.0,0.0,12.0,670.0,660.0,680.0,0.000300586060304,0.000300586060304
6.0,0.0,12.0,690.0,680.0,700.0,0.000331747287427,0.000331747287427
6.0,0.0,12.0,710.0,700.0,720.0,0.000345059700262,0.000345059700262
6.0,0.0,12.0,730.0,720.0,740.0,0.000346230021356,0.000346230021356
6.0,0.0,12.0,750.0,740.0,760.0,0.000329519917178,0.000329519917178
6.0,0.0,12.0,770.0,760.0,780.0,0.000321706908891,0.000321706908891
6.0,0.0,20.0,390.0,380.0,400.0,7.27388785781e-05,7.27388785781e-05
6.0,0.0,20.0,410.0,400.0,420.0,0.000131805316385,0.000131805316385
6.0,0.0,20.0,430.0,420.0,440.0,0.00014110361133,0.00014110361133
6.0,0.0,20.0,450.0,440.0,460.0,0.000178721124203,0.000178721124203
6.0,0.0,20.0,470.0,460.0,480.0,0.000189764305094,0.000189764305094
6.0,0.0,20.0,490.0,480.0,500.0,0.000179341636524,0.000179341636524
6.0,0.0,20.0,510.0,500.0,520.0,0.000154389079048,0.000154389079048
6.0,0.0,20.0,530.0,520.0,540.0,0.000125860814158,0.000125860814158
6.0,0.0,20.0,550.0,540.0,560.0,0.000111065340013,0.000111065340013
6.0,0.0,20.0,570.0,560.0,580.0,8.44875648438e-05,8.44875648438e-05
6.0,0.0,20.0,590.0,580.0,600.0,8.99794165085e-05,8.99794165085e-05
6.0,0.0,20.0,610.0,600.0,620.0,8.24188034387e-05,8.24188034387e-05
6.0,0.0,20.0,630.0,620.0,640.0,0.000106966397809,0.000106966397809
6.0,0.0,20.0,650.0,640.0,660.0,0.000131651942889,0.000131651942889
6.0,0.0,20.0,670.0,660.0,680.0,0.000156888627987,0.000156888627987
6.0,0.0,20.0,690.0,680.0,700.0,0.000171182240442,0.000171182240442
6.0,0.0,20.0,710.0,700.0,720.0,0.000176220814031,0.000176220814031
6.0,0.0,20.0,730.0,720.0,740.0,0.000175169404,0.000175169404
6.0,0.0,20.0,750.0,740.0,760.0,0.0001652911951,0.0001652911951
6.0,0.0,20.0,770.0,760.0,780.0,0.000160128359699,0.000160128359699
6.0,0.0,30.0,390.0,380.0,400.0,5.73328189073e-05,5.73328189073e-05
6.0,0.0,30.0,410.0,400.0,420.0,9.79172301569e-05,9.79172301569e-05
6.0,0.0,30.0,430.0,420.0,440.0,9.98008257335e-05,9.98008257335e-05
6.0,0.0,30.0,450.0,440.0,460.0,0.00012135629348,0.00012135629348
6.0,0.0,30.0,470.0,460.0,480.0,0.000124560533773,0.000124560533773
6.0,0.0,30.0,490.0,480.0,500.0,0.000114432027878,0.000114432027878
6.0,0.0,30.0,510.0,500.0,520.0,9.61812570787e-05,9.61812570787e-05
6.0,0.0,30.0,530.0,520.0,540.0,7.68048399424e-05,7.68048399424e-05
6.0,0.0,30.0,550.0,540.0,560.0,6.65988342802e-05,6.65988342802e-05
6.0,0.0,30.0,570.0,560.0,580.0,4.98389529899e-05,4.98389529899e-05
6.0,0.0,30.0,590.0,580.0,600.0,5.2415054079e-05,5.2415054079e-05
6.0,0.0,30.0,610.0,600.0,620.0,4.74273882916e-05,4.74273882916e-05
6.0,0.0,30.0,630.0,620.0,640.0,6.10157301075e-05,6.10157301075e-05
6.0,0.0,30.0,650.0,640.0,660.0,7.44684797824e-05,7.44684797824e-05
6.0,0.0,30.0,670.0,660.0,680.0,8.80188593097e-05,8.80188593097e-05
6.0,0.0,30.0,690.0,680.0,700.0,9.52825575668e-05,9.52825575668e-05
6.0,0.0,30.0,710.0,700.0,720.0,9.73483154802e-05,9.73483154802e-05
6.0,0.0,30.0,730.0,720.0,740.0,9.60686068721e-05,9.60686068721e-05
6.0,0.0,30.0,750.0,740.0,760.0,9.00114246122e-05,9.00114246122e-05
6.0,0.0,30.0,770.0,760.0,780.0,8.66318298884e-05,8.66318298884e-05
6.0,0.0,45.0,390.0,380.0,400.0,3.88075891321e-05,3.88075891321e-05
6.0,0.0,45.0,410.0,400.0,420.0,6.29626268068e-05,6.29626268068e-05
6.0,0.0,45.0,430.0,420.0,440.0,6.1546614231e-05,6.1546614231e-05
6.0,0.0,45.0,450.0,440.0,460.0,7.23460431994e-05,7.23460431994e-05
6.0,0.0,45.0,470.0,460.0,480.0,7.22608536143e-05,7.22608536143e-05
6.0,0.0,45.0,490.0,480.0,500.0,6.49495079069e-05,6.49495079069e-05
6.0,0.0,45.0,510.0,500.0,520.0,5.36301083756e-05,5.36301083756e-05
6.0,0.0,45.0,530.0,520.0,540.0,4.22002878648e-05,4.22002878648e-05
6.0,0.0,45.0,550.0,540.0,560.0,3.61989191603e-05,3.61989191603e-05
6.0,0.0,45.0,570.0,560.0,580.0,2.68225262395e-05,2.68225262395e-05
6.0,0.0,45.0,590.0,580.0,600.0,2.80790478927e-05,2.80790478927e-05
6.0,0.0,45.0,610.0,600.0,620.0,2.52907407182e-05,2.52907407182e-05
6.0,0.0,45.0,630.0,620.0,640.0,3.25003238683e-05,3.25003238683e-05
6.0,0.0,45.0,650.0,640.0,660.0,3.96027848362e-05,3.96027848362e-05
6.0,0.0,45.0,670.0,660.0,680.0,4.67205966166e-05,4.67205966166e-05
6.0,0.0,45.0,690.0,680.0,700.0,5.04814458497e-05,5.04814458497e-05
6.0,0.0,45.0,710.0,700.0,720.0,5.14872374075e-05,5.14872374075e-05
6.0,0.0,45.0,730.0,720.0,740.0,5.07333687228e-05,5.07333687228e-05
6.0,0.0,45.0,750.0,740.0,760.0,4.74737271327e-05,4.74737271327e-05
6.0,0.0,45.0,770.0,760.0,780.0,4.56389489368e-05,4.56389489368e-05
6.0,0.0,60.0,390.0,380.0,400.0,2.94679384058e-05,2.94679384058e-05
6.0,0.0,60.0,410.0,400.0,420.0,4.64998969259e-05,4.64998969259e-05
6.0,0.0,60.0,430.0,420.0,440.0,4.43790725401e-05,4.43790725401e-05
6.0,0.0,60.0,450.0,440.0,460.0,5.10935835281e-05,5.10935835281e-05
6.0,0.0,60.0,470.0,460.0,480.0,5.01222241703e-05,5.01222241703e-05
6.0,0.0,60.0,490.0,480.0,500.0,4.43479246006e-05,4.43479246006e-05
6.0,0.0,60.0,510.0,500.0,520.0,3.61098103036e-05,3.61098103036e-05
6.0,0.0,60.0,530.0,520.0,540.0,2.80556579014e-05,2.80556579014e-05
6.0,0.0,60.0,550.0,540.0,560.0,2.38222059114e-05,2.38222059114e-05
6.0,0.0,60.0,570.0,560.0,580.0,1.74776513563e-05,1.74776513563e-05
6.0,0.0,60.0,590.0,580.0,600.0,1.81887987263e-05,1.81887987263e-05
6.0,0.0,60.0,610.0,600.0,620.0,1.6283645036e-05,1.6283645036e-05
6.0,0.0,60.0,630.0,620.0,640.0,2.08659945423e-05,2.08659945423e-05
6.0,0.0,60.0,650.0,640.0,660.0,2.5352746429e-05,2.5352746429e-05
6.0,0.0,60.0,670.0,660.0,680.0,2.9817956748e-05,2.9817956748e-05
6.0,0.0,60.0,690.0,680.0,700.0,3.21182084626e-05,3.21182084626e-05
6.0,0.0,60.0,710.0,700.0,720.0,3.2657565397e-05,3.2657565397e-05
6.0,0.0,60.0,730.0,720.0,740.0,3.20824181703e-05,3.20824181703e-05
6.0,0.0,60.0,750.0,740.0,760.0,2.99299141495e-05,2.99299141495e-05
6.0,0.0,60.0,770.0,760.0,780.0,2.86951000292e-05,2.86951000292e-05
6.0,0.0,90.0,390.0,380.0,400.0,2.08448783902e-05,2.08448783902e-05
6.0,0.0,90.0,410.0,400.0,420.0,3.16403817505e-05,3.16403817505e-05
6.0,0.0,90.0,430.0,420.0,440.0,2.91999858374e-05,2.91999858374e-05
6.0,0.0,90.0,450.0,440.0,460.0,3.26862440687e-05,3.26862440687e-05
6.0,0.0,90.0,470.0,460.0,480.0,3.1351773479e-05,3.1351773479e-05
6.0,0.0,90.0,490.0,480.0,500.0,2.72617163685e-05,2.72617163685e-05
6.0,0.0,90.0,510.0,500.0,520.0,2.19012826571e-05,2.19012826571e-05
6.0,0.0,90.0,530.0,520.0,540.0,1.68363531086e-05,1.68363531086e-05
6.0,0.0,90.0,550.0,540.0,560.0,1.42173356022e-05,1.42173356022e-05
6.0,0.0,90.0,570.0,560.0,580.0,1.03727948281e-05,1.03727948281e-05
6.0,0.0,90.0,590.0,580.0,600.0,1.08241278989e-05,1.08241278989e-05
6.0,0.0,90.0,610.0,600.0,620.0,9.70457904224e-06,9.70457904224e-06
6.0,0.0,90.0,630.0,620.0,640.0,1.2524545678e-05,1.2524545678e-05
6.0,0.0,90.0,650.0,640.0,660.0,1.53046102777e-05,1.53046102777e-05
6.0,0.0,90.0,670.0,660.0,680.0,1.80804210885e-05,1.80804210885e-05
6.0,0.0,90.0,690.0,680.0,700.0,1.95484115982e-05,1.95484115982e-05
6.0,0.0,90.0,710.0,700.0,720.0,1.99433096124e-05,1.99433096124e-05
6.0,0.0,90.0,730.0,720.0,740.0,1.96522503736e-05,1.96522503736e-05
6.0,0.0,90.0,750.0,740.0,760.0,1.83846754333e-05,1.83846754333e-05
6.0,0.0,90.0,770.0,760.0,780.0,1.76755262942e-05,1.76755262942e-05
6.0,90.0,0.0,390.0,380.0,400.0,1.83864970519e-05,1.83864970519e-05
6.0,90.0,0.0,410.0,400.0,420.0,3.11782221279e-05,3.11782221279e-05
6.0,90.0,0.0,430.0,420.0,440.0,3.15972633088e-05,3.15972633088e-05
6.0,90.0,0.0,450.0,440.0,460.0,3.81603055867e-05,3.81603055867e-05
6.0,90.0,0.0,470.0,460.0,480.0,3.88181268172e-05,3.88181268172e-05
6.0,90.0,0.0,490.0,480.0,500.0,3.52209041145e-05,3.52209041145e-05
6.0,90.0,0.0,510.0,500.0,520.0,2.90641799487e-05,2.90641799487e-05
6.0,90.0,0.0,530.0,520.0,540.0,2.26386581598e-05,2.26386581598e-05
6.0,90.0,0.0,550.0,540.0,560.0,1.93076300854e-05,1.93076300854e-05
6.0,90.0,0.0,570.0,560.0,580.0,1.41218080664e-05,1.41218080664e-05
6.0,90.0,0.0,590.0,580.0,600.0,1.49199707207e-05,1.49199707207e-05
6.0,90.0,0.0,610.0,600.0,620.0,1.3508288661e-05,1.3508288661e-05
6.0,90.0,0.0,630.0,620.0,640.0,1.79399511184e-05,1.79399511184e-05
6.0,90.0,0.0,650.0,640.0,660.0,2.26970482395e-05,2.26970482395e-05
6.0,90.0,0.0,670.0,660.0,680.0,2.77631857394e-05,2.77631857394e-05
6.0,90.0,0.0,690.0,680.0,700.0,3.10269159612e-05,3.10269159612e-05
6.0,90.0,0.0,710.0,700.0,720.0,3.26535293447e-05,3.26535293447e-05
6.0,90.0,0.0,730.0,720.0,740.0,3.31242309353e-05,3.31242309353e-05
6.0,90.0,0.0,750.0,740.0,760.0,3.1779915004e-05,3.1779915004e-05
6.0,90.0,0.0,770.0,760.0,780.0,3.14587360758e-05,3.14587360758e-05
6.0,90.0,0.5,390.0,380.0,400.0,1.86512284052e-05,1.86512284052e-05
6.0,90.0,0.5,410.0,400.0,420.0,3.17050727605e-05,3.17050727605e-05
6.0,90.0,0.5,430.0,420.0,440.0,3.22168778104e-05,3.22168778104e-05
6.0,90.0,0.5,450.0,440.0,460.0,3.90180155897e-05,3.90180155897e-05
6.0,90.0,0.5,470.0,460.0,480.0,3.98056520631e-05,3.98056520631e-05
6.0,90.0,0.5,490.0,480.0,500.0,3.62231935558e-05,3.62231935558e-05
6.0,90.0,0.5,510.0,500.0,520.0,2.9979875063e-05,2.9979875063e-05
6.0,90.0,0.5,530.0,520.0,540.0,2.34214956473e-05,2.34214956473e-05
6.0,90.0,0.5,550.0,540.0,560.0,2.00338006731e-05,2.00338006731e-05
6.0,90.0,0.5,570.0,560.0,580.0,1.46960625427e-05,1.46960625427e-05
6.0,90.0,0.5,590.0,580.0,600.0,1.55718410942e-05,1.55718410942e-05
6.0,90.0,0.5,610.0,600.0,620.0,1.41412977092e-05,1.41412977092e-05
6.0,90.0,0.5,630.0,620.0,640.0,1.88507679684e-05,1.88507679684e-05
6.0,90.0,0.5,650.0,640.0,660.0,2.39612920675e-05,2.39612920675e-05
6.0,90.0,0.5,670.0,660.0,680.0,2.94783606155e-05,2.94783606155e-05
6.0,90.0,0.5,690.0,680.0,700.0,3.31704776715e-05,3.31704776715e-05
6.0,90.0,0.5,710.0,700.0,720.0,3.51896532922e-05,3.51896532922e-05
6.0,90.0,0.5,730.0,720.0,740.0,3.60205948454e-05,3.60205948454e-05
6.0,90.0,0.5,750.0,740.0,760.0,3.48912271366e-05,3.48912271366e-05
6.0,90.0,0.5,770.0,760.0,780.0,3.49205199577e-05,3.49205199577e-05
6.0,90.0,1.0,390.0,380.0,400.0,1.94543578174e-05,1.94543578174e-05
6.0,90.0,1.0,410.0,400.0,420.0,3.32474105039e-05,3.32474105039e-05
6.0,90.0,1.0,430.0,420.0,440.0,3.39495653113e-05,3.39495653113e-05
6.0,90.0,1.0,450.0,440.0,460.0,4.12934728013e-05,4.12934728013e-05
6.0,90.0,1.0,470.0,460.0,480.0,4.22815057066e-05,4.22815057066e-05
6.0,90.0,1.0,490.0,480.0,500.0,3.85957230759e-05,3.85957230759e-05
6.0,90.0,1.0,510.0,500.0,520.0,3.20303901517e-05,3.20303901517e-05
6.0,90.0,1.0,530.0,520.0,540.0,2.50855099219e-05,2.50855099219e-05
6.0,90.0,1.0,550.0,540.0,560.0,2.15008917096e-05,2.15008917096e-05
6.0,90.0,1.0,570.0,560.0,580.0,1.58036749578e-05,1.58036749578e-05
6.0,90.0,1.0,590.0,580.0,600.0,1.67766589115e-05,1.67766589115e-05
6.0,90.0,1.0,610.0,600.0,620.0,1.52691959327e-05,1.52691959327e-05
6.0,90.0,1.0,630.0,620.0,640.0,2.04381922731e-05,2.04381922731e-05
6.0,90.0,1.0,650.0,640.0,660.0,2.61356200894e-05,2.61356200894e-05
6.0,90.0,1.0,670.0,660.0,680.0,3.23966467569e-05,3.23966467569e-05
6.0,90.0,1.0,690.0,680.0,700.0,3.67727212078e-05,3.67727212078e-05
6.0,90.0,1.0,710.0,700.0,720.0,3.93821607433e-05,3.93821607433e-05
6.0,90.0,1.0,730.0,720.0,740.0,4.07068502549e-05,4.07068502549e-05
6.0,90.0,1.0,750.0,740.0,760.0,3.97912209258e-05,3.97912209258e-05
6.0,90.0,1.0,770.0,760.0,780.0,4.02137673968e-05,4.02137673968e-05
6.0,90.0,2.0,390.0,380.0,400.0,2.06570854143e-05,2.06570854143e-05
6.0,90.0,2.0,410.0,400.0,420.0,3.55092031862e-05,3.55092031862e-05
6.0,90.0,2.0,430.0,420.0,440.0,3.64648889801e-05,3.64648889801e-05
6.0,90.0,2.0,450.0,440.0,460.0,4.45950192721e-05,4.45950192721e-05
6.0,90.0,2.0,470.0,460.0,480.0,4.59046608973e-05,4.59046608973e-05
6.0,90.0,2.0,490.0,480.0,500.0,4.21272599655e-05,4.21272599655e-05
6.0,90.0,2.0,510.0,500.0,520.0,3.51527926073e-05,3.51527926073e-05
6.0,90.0,2.0,530.0,520.0,540.0,2.76793640887e-05,2.76793640887e-05
6.0,90.0,2.0,550.0,540.0,560.0,2.38679274009e-05,2.38679274009e-05
6.0,90.0,2.0,570.0,560.0,580.0,1.76303072103e-05,1.76303072103e-05
6.0,90.0,2.0,590.0,580.0,600.0,1.88887752621e-05,1.88887752621e-05
6.0,90.0,2.0,610.0,600.0,620.0,1.7338666796e-05,1.7338666796e-05
6.0,90.0,2.0,630.0,620.0,640.0,2.3609602909e-05,2.3609602909e-05
6.0,90.0,2.0,650.0,640.0,660.0,3.07731193123e-05,3.07731193123e-05
6.0,90.0,2.0,670.0,660.0,680.0,3.88703491553e-05,3.88703491553e-05
6.0,90.0,2.0,690.0,680.0,700.0,4.49020695933e-05,4.49020695933e-05
6.0,90.0,2.0,710.0,700.0,720.0,4.88445422292e-05,4.88445422292e-05
6.0,90.0,2.0,730.0,720.0,740.0,5.11525936084e-05,5.11525936084e-05
6.0,90.0,2.0,750.0,740.0,760.0,5.04812002251e-05,5.04812002251e-05
6.0,90.0,2.0,770.0,760.0,780.0,5.14619809076e-05,5.14619809076e-05
6.0,90.0,3.0,390.0,380.0,400.0,2.19423271588e-05,2.19423271588e-05
6.0,90.0,3.0,410.0,400.0,420.0,3.79419511995e-05,3.79419511995e-05
6.0,90.0,3.0,430.0,420.0,440.0,3.9186791303e-05,3.9186791303e-05
6.0,90.0,3.0,450.0,440.0,460.0,4.81910541103e-05,4.81910541103e-05
6.0,90.0,3.0,470.0,460.0,480.0,4.98836919946e-05,4.98836919946e-05
6.0,90.0,3.0,490.0,480.0,500.0,4.60443815271e-05,4.60443815271e-05
6.0,90.0,3.0,510.0,500.0,520.0,3.86446513811e-05,3.86446513811e-05
6.0,90.0,3.0,530.0,520.0,540.0,3.05858830132e-05,3.05858830132e-05
6.0,90.0,3.0,550.0,540.0,560.0,2.65354795684e-05,2.65354795684e-05
6.0,90.0,3.0,570.0,560.0,580.0,1.96718011379e-05,1.96718011379e-05
6.0,90.0,3.0,590.0,580.0,600.0,2.12733678908e-05,2.12733678908e-05
6.0,90.0,3.0,610.0,600.0,620.0,1.96607574462e-05,1.96607574462e-05
6.0,90.0,3.0,630.0,620.0,640.0,2.71496069172e-05,2.71496069172e-05
6.0,90.0,3.0,650.0,640.0,660.0,3.58198835976e-05,3.58198835976e-05
6.0,90.0,3.0,670.0,660.0,680.0,4.56497512141e-05,4.56497512141e-05
6.0,90.0,3.0,690.0,680.0,700.0,5.30393639965e-05,5.30393639965e-05
6.0,90.0,3.0,710.0,700.0,720.0,5.78706153715e-05,5.78706153715e-05
6.0,90.0,3.0,730.0,720.0,740.0,6.06420879362e-05,6.06420879362e-05
6.0,90.0,3.0,750.0,740.0,760.0,5.97503688637e-05,5.97503688637e-05
6.0,90.0,3.0,770.0,760.0,780.0,6.07514041053e-05,6.07514041053e-05
6.0,90.0,5.0,390.0,380.0,400.0,2.46761771812e-05,2.46761771812e-05
6.0,90.0,5.0,410.0,400.0,420.0,4.30681147382e-05,4.30681147382e-05
6.0,90.0,5.0,430.0,420.0,440.0,4.48345274585e-05,4.48345274585e-05
6.0,90.0,5.0,450.0,440.0,460.0,5.55195510951e-05,5.55195510951e-05
6.0,90.0,5.0,470.0,460.0,480.0,5.78465098139e-05,5.78465098139e-05
6.0,90.0,5.0,490.0,480.0,500.0,5.3738953129e-05,5.3738953129e-05
6.0,90.0,5.0,510.0,500.0,520.0,4.53633066578e-05,4.53633066578e-05
6.0,90.0,5.0,530.0,520.0,540.0,3.60517296783e-05,3.60517296783e-05
6.0,90.0,5.0,550.0,540.0,560.0,3.14458481696e-05,3.14458481696e-05
6.0,90.0,5.0,570.0,560.0,580.0,2.33425682319e-05,2.33425682319e-05
6.0,90.0,5.0,590.0,580.0,600.0,2.54413880467e-05,2.54413880467e-05
6.0,90.0,5.0,610.0,600.0,620.0,2.3589096001e-05,2.3589096001e-05
6.0,90.0,5.0,630.0,620.0,640.0,3.27923503802e-05,3.27923503802e-05
6.0,90.0,5.0,650.0,640.0,660.0,4.33049970435e-05,4.33049970435e-05
6.0,90.0,5.0,670.0,660.0,680.0,5.49742458361e-05,5.49742458361e-05
6.0,90.0,5.0,690.0,680.0,700.0,6.34179435234e-05,6.34179435234e-05
6.0,90.0,5.0,710.0,700.0,720.0,6.85560292652e-05,6.85560292652e-05
6.0,90.0,5.0,730.0,720.0,740.0,7.10870019317e-05,7.10870019317e-05
6.0,90.0,5.0,750.0,740.0,760.0,6.92892558862e-05,6.92892558862e-05
6.0,90.0,5.0,770.0,760.0,780.0,6.96142083713e-05,6.96142083713e-05
6.0,90.0,8.0,390.0,380.0,400.0,2.86058524532e-05,2.86058524532e-05
6.0,90.0,8.0,410.0,400.0,420.0,4.99096337709e-05,4.99096337709e-05
6.0,90.0,8.0,430.0,420.0,440.0,5.17993530312e-05,5.17993530312e-05
6.0,90.0,8.0,450.0,440.0,460.0,6.38694325534e-05,6.38694325534e-05
6.0,90.0,8.0,470.0,460.0,480.0,6.62473736755e-05,6.62473736755e-05
6.0,90.0,8.0,490.0,480.0,500.0,6.12794217255e-05,6.12794217255e-05
6.0,90.0,8.0,510.0,500.0,520.0,5.15177355565e-05,5.15177355565e-05
6.0,90.0,8.0,530.0,520.0,540.0,4.07846554029e-05,4.07846554029e-05
6.0,90.0,8.0,550.0,540.0,560.0,3.54523639856e-05,3.54523639856e-05
6.0,90.0,8.0,570.0,560.0,580.0,2.62158548225e-05,2.62158548225e-05
6.0,90.0,8.0,590.0,580.0,600.0,2.84342610684e-05,2.84342610684e-05
6.0,90.0,8.0,610.0,600.0,620.0,2.62033899243e-05,2.62033899243e-05
6.0,90.0,8.0,630.0,620.0,640.0,3.5976925128e-05,3.5976925128e-05
6.0,90.0,8.0,650.0,640.0,660.0,4.67455332393e-05,4.67455332393e-05
6.0,90.0,8.0,670.0,660.0,680.0,5.83199255301e-05,5.83199255301e-05
6.0,90.0,8.0,690.0,680.0,700.0,6.61265558473e-05,6.61265558473e-05
6.0,90.0,8.0,710.0,700.0,720.0,7.03094924057e-05,7.03094924057e-05
6.0,90.0,8.0,730.0,720.0,740.0,7.17856936512e-05,7.17856936512e-05
6.0,90.0,8.0,750.0,740.0,760.0,6.90389206478e-05,6.90389206478e-05
6.0,90.0,8.0,770.0,760.0,780.0,6.83826975883e-05,6.83826975883e-05
6.0,90.0,12.0,390.0,380.0,400.0,3.21606186928e-05,3.21606186928e-05
6.0,90.0,12.0,410.0,400.0,420.0,5.51448864444e-05,5.51448864444e-05
6.0,90.0,12.0,430.0,420.0,440.0,5.62425359876e-05,5.62425359876e-05
6.0,90.0,12.0,450.0,440.0,460.0,6.82253046189e-05,6.82253046189e-05
6.0,90.0,12.0,470.0,460.0,480.0,6.97345669156e-05,6.97345669156e-05
6.0,90.0,12.0,490.0,480.0,500.0,6.36798665053e-05,6.36798665053e-05
6.0,90.0,12.0,510.0,500.0,520.0,5.29659079566e-05,5.29659079566e-05
6.0,90.0,12.0,530.0,520.0,540.0,4.15902070697e-05,4.15902070697e-05
6.0,90.0,12.0,550.0,540.0,560.0,3.58530711116e-05,3.58530711116e-05
6.0,90.0,12.0,570.0,560.0,580.0,2.63680945789e-05,2.63680945789e-05
6.0,90.0,12.0,590.0,580.0,600.0,2.82800102355e-05,2.82800102355e-05
6.0,90.0,12.0,610.0,600.0,620.0,2.5821240463e-05,2.5821240463e-05
6.0,90.0,12.0,630.0,620.0,640.0,3.4803087265e-05,3.4803087265e-05
6.0,90.0,12.0,650.0,640.0,660.0,4.4357813285e-05,4.4357813285e-05
6.0,90.0,12.0,670.0,660.0,680.0,5.43580816207e-05,5.43580816207e-05
6.0,90.0,12.0,690.0,680.0,700.0,6.06422136171e-05,6.06422136171e-05
6.0,90.0,12.0,710.0,700.0,720.0,6.35458050035e-05,6.35458050035e-05
6.0,90.0,12.0,730.0,720.0,740.0,6.40489277786e-05,6.40489277786e-05
6.0,90.0,12.0,750.0,740.0,760.0,6.09517669644e-05,6.09517669644e-05
6.0,90.0,12.0,770.0,760.0,780.0,5.9704776142e-05,5.9704776142e-05
6.0,90.0,20.0,390.0,380.0,400.0,3.3783352196e-05,3.3783352196e-05
6.0,90.0,20.0,410.0,400.0,420.0,5.58305241661e-05,5.58305241661e-05
6.0,90.0,20.0,430.0,420.0,440.0,5.51431093578e-05,5.51431093578e-05
6.0,90.0,20.0,450.0,440.0,460.0,6.50808175032e-05,6.50808175032e-05
6.0,90.0,20.0,470.0,460.0,480.0,6.49866911329e-05,6.49866911329e-05
6.0,90.0,20.0,490.0,480.0,500.0,5.81919204913e-05,5.81919204913e-05
6.0,90.0,20.0,510.0,500.0,520.0,4.76541532462e-05,4.76541532462e-05
6.0,90.0,20.0,530.0,520.0,540.0,3.70016341468e-05,3.70016341468e-05
6.0,90.0,20.0,550.0,540.0,560.0,3.15286851923e-05,3.15286851923e-05
6.0,90.0,20.0,570.0,560.0,580.0,2.30323863136e-05,2.30323863136e-05
6.0,90.0,20.0,590.0,580.0,600.0,2.43301832866e-05,2.43301832866e-05
6.0,90.0,20.0,610.0,600.0,620.0,2.19643246723e-05,2.19643246723e-05
6.0,90.0,20.0,630.0,620.0,640.0,2.89539210139e-05,2.89539210139e-05
6.0,90.0,20.0,650.0,640.0,660.0,3.61166194748e-05,3.61166194748e-05
6.0,90.0,20.0,670.0,660.0,680.0,4.34238070411e-05,4.34238070411e-05
6.0,90.0,20.0,690.0,680.0,700.0,4.76440644967e-05,4.76440644967e-05
6.0,90.0,20.0,710.0,700.0,720.0,4.92042150569e-05,4.92042150569e-05
6.0,90.0,20.0,730.0,720.0,740.0,4.89728610482e-05,4.89728610482e-05
6.0,90.0,20.0,750.0,740.0,760.0,4.61375841066e-05,4.61375841066e-05
6.0,90.0,20.0,770.0,760.0,780.0,4.47177257331e-05,4.47177257331e-05
6.0,90.0,30.0,390.0,380.0,400.0,3.16924280838e-05,3.16924280838e-05
6.0,90.0,30.0,410.0,400.0,420.0,5.0890222129e-05,5.0890222129e-05
6.0,90.0,30.0,430.0,420.0,440.0,4.90926840027e-05,4.90926840027e-05
6.0,90.0,30.0,450.0,440.0,460.0,5.68315999446e-05,5.68315999446e-05
6.0,90.0,30.0,470.0,460.0,480.0,5.5852453705e-05,5.5852453705e-05
6.0,90.0,30.0,490.0,480.0,500.0,4.93631888763e-05,4.93631888763e-05
6.0,90.0,30.0,510.0,500.0,520.0,4.00163208446e-05,4.00163208446e-05
6.0,90.0,30.0,530.0,520.0,540.0,3.0849433685e-05,3.0849433685e-05
6.0,90.0,30.0,550.0,540.0,560.0,2.60923727805e-05,2.60923727805e-05
6.0,90.0,30.0,570.0,560.0,580.0,1.89827267484e-05,1.89827267484e-05
6.0,90.0,30.0,590.0,580.0,600.0,1.98638169101e-05,1.98638169101e-05
6.0,90.0,30.0,610.0,600.0,620.0,1.7810650744e-05,1.7810650744e-05
6.0,90.0,30.0,630.0,620.0,640.0,2.31718838322e-05,2.31718838322e-05
6.0,90.0,30.0,650.0,640.0,660.0,2.85490567469e-05,2.85490567469e-05
6.0,90.0,30.0,670.0,660.0,680.0,3.39595303847e-05,3.39595303847e-05
6.0,90.0,30.0,690.0,680.0,700.0,3.69179735914e-05,3.69179735914e-05
6.0,90.0,30.0,710.0,700.0,720.0,3.78242151999e-05,3.78242151999e-05
6.0,90.0,30.0,730.0,720.0,740.0,3.73896597552e-05,3.73896597552e-05
6.0,90.0,30.0,750.0,740.0,760.0,3.50344814454e-05,3.50344814454e-05
6.0,90.0,30.0,770.0,760.0,780.0,3.37636819144e-05,3.37636819144e-05
6.0,90.0,45.0,390.0,380.0,400.0,2.76374821519e-05,2.76374821519e-05
6.0,90.0,45.0,410.0,400.0,420.0,4.34046044436e-05,4.34046044436e-05
6.0,90.0,45.0,430.0,420.0,440.0,4.11388675309e-05,4.11388675309e-05
6.0,90.0,45.0,450.0,440.0,460.0,4.69579111868e-05,4.69579111868e-05
6.0,90.0,45.0,470.0,460.0,480.0,4.56286867787e-05,4.56286867787e-05
6.0,90.0,45.0,490.0,480.0,500.0,3.9962897245e-05,3.9962897245e-05
6.0,90.0,45.0,510.0,500.0,520.0,3.21748870274e-05,3.21748870274e-05
6.0,90.0,45.0,530.0,520.0,540.0,2.46888229751e-05,2.46888229751e-05
6.0,90.0,45.0,550.0,540.0,560.0,2.07811326349e-05,2.07811326349e-05
6.0,90.0,45.0,570.0,560.0,580.0,1.50808333823e-05,1.50808333823e-05
6.0,90.0,45.0,590.0,580.0,600.0,1.56832074815e-05,1.56832074815e-05
6.0,90.0,45.0,610.0,600.0,620.0,1.40010913506e-05,1.40010913506e-05
6.0,90.0,45.0,630.0,620.0,640.0,1.80586332428e-05,1.80586332428e-05
6.0,90.0,45.0,650.0,640.0,660.0,2.20701547294e-05,2.20701547294e-05
6.0,90.0,45.0,670.0,660.0,680.0,2.60710791082e-05,2.60710791082e-05
6.0,90.0,45.0,690.0,680.0,700.0,2.81744558936e-05,2.81744558936e-05
6.0,90.0,45.0,710.0,700.0,720.0,2.87190932401e-05,2.87190932401e-05
6.0,90.0,45.0,730.0,720.0,740.0,2.82656880641e-05,2.82656880641e-05
6.0,90.0,45.0,750.0,740.0,760.0,2.63947552969e-05,2.63947552969e-05
6.0,90.0,45.0,770.0,760.0,780.0,2.53456602572e-05,2.53456602572e-05
6.0,90.0,60.0,390.0,380.0,400.0,2.43784968397e-05,2.43784968397e-05
6.0,90.0,60.0,410.0,400.0,420.0,3.77681957922e-05,3.77681957922e-05
6.0,90.0,60.0,430.0,420.0,440.0,3.54280013992e-05,3.54280013992e-05
6.0,90.0,60.0,450.0,440.0,460.0,4.01312166211e-05,4.01312166211e-05
6.0,90.0,60.0,470.0,460.0,480.0,3.87823096393e-05,3.87823096393e-05
6.0,90.0,60.0,490.0,480.0,500.0,3.38421644148e-05,3.38421644148e-05
6.0,90.0,60.0,510.0,500.0,520.0,2.71927537915e-05,2.71927537915e-05
6.0,90.0,60.0,530.0,520.0,540.0,2.08552214701e-05,2.08552214701e-05
6.0,90.0,60.0,550.0,540.0,560.0,1.75434141436e-05,1.75434141436e-05
6.0,90.0,60.0,570.0,560.0,580.0,1.27396642574e-05,1.27396642574e-05
6.0,90.0,60.0,590.0,580.0,600.0,1.32279652681e-05,1.32279652681e-05
6.0,90.0,60.0,610.0,600.0,620.0,1.18019182916e-05,1.18019182916e-05
6.0,90.0,60.0,630.0,620.0,640.0,1.51742133772e-05,1.51742133772e-05
6.0,90.0,60.0,650.0,640.0,660.0,1.84897072397e-05,1.84897072397e-05
6.0,90.0,60.0,670.0,660.0,680.0,2.17880264628e-05,2.17880264628e-05
6.0,90.0,60.0,690.0,680.0,700.0,2.3499506909e-05,2.3499506909e-05
6.0,90.0,60.0,710.0,700.0,720.0,2.39161171954e-05,2.39161171954e-05
6.0,90.0,60.0,730.0,720.0,740.0,2.3509746255e-05,2.3509746255e-05
6.0,90.0,60.0,750.0,740.0,760.0,2.19367945634e-05,2.19367945634e-05
6.0,90.0,60.0,770.0,760.0,780.0,2.10447810355e-05,2.10447810355e-05
6.0,90.0,90.0,390.0,380.0,400.0,2.08448783902e-05,2.08448783902e-05
6.0,90.0,90.0,410.0,400.0,420.0,3.16403817505e-05,3.16403817505e-05
6.0,90.0,90.0,430.0,420.0,440.0,2.91999858374e-05,2.91999858374e-05
6.0,90.0,90.0,450.0,440.0,460.0,3.26862440687e-05,3.26862440687e-05
6.0,90.0,90.0,470.0,460.0,480.0,3.1351773479e-05,3.1351773479e-05
6.0,90.0,90.0,490.0,480.0,500.0,2.72617163685e-05,2.72617163685e-05
6.0,90.0,90.0,510.0,500.0,520.0,2.19012826571e-05,2.19012826571e-05
6.0,90.0,90.0,530.0,520.0,540.0,1.68363531086e-05,1.68363531086e-05
6.0,90.0,90.0,550.0,540.0,560.0,1.42173356022e-05,1.42173356022e-05
6.0,90.0,90.0,570.0,560.0,580.0,1.03727948281e-05,1.03727948281e-05
6.0,90.0,90.0,590.0,580.0,600.0,1.08241278989e-05,1.08241278989e-05
6.0,90.0,90.0,610.0,600.0,620.0,9.70457904224e-06,9.70457904224e-06
6.0,90.0,90.0,630.0,620.0,640.0,1.2524545678e-05,1.2524545678e-05
6.0,90.0,90.0,650.0,640.0,660.0,1.53046102777e-05,1.53046102777e-05
6.0,90.0,90.0,670.0,660.0,680.0,1.80804210885e-05,1.80804210885e-05
6.0,90.0,90.0,690.0,680.0,700.0,1.95484115982e-05,1.95484115982e-05
6.0,90.0,90.0,710.0,700.0,720.0,1.99433096124e-05,1.99433096124e-05
6.0,90.0,90.0,730.0,720.0,740.0,1.96522503736e-05,1.96522503736e-05
6.0,90.0,90.0,750.0,740.0,760.0,1.83846754333e-05,1.83846754333e-05
6.0,90.0,90.0,770.0,760.0,780.0,1.76755262942e-05,1.76755262942e-05
6.0,180.0,0.0,390.0,380.0,400.0,1.50781539097e-05,1.50781539097e-05
6.0,180.0,0.0,410.0,400.0,420.0,2.46538672188e-05,2.46538672188e-05
6.0,180.0,0.0,430.0,420.0,440.0,2.39753556953e-05,2.39753556953e-05
6.0,180.0,0.0,450.0,440.0,460.0,2.76979841597e-05,2.76979841597e-05
6.0,180.0,0.0,470.0,460.0,480.0,2.69111034468e-05,2.69111034468e-05
6.0,180.0,0.0,490.0,480.0,500.0,2.33198508822e-05,2.33198508822e-05
6.0,180.0,0.0,510.0,500.0,520.0,1.83990033007e-05,1.83990033007e-05
6.0,180.0,0.0,530.0,520.0,540.0,1.37249976826e-05,1.37249976826e-05
6.0,180.0,0.0,550.0,540.0,560.0,1.12240726778e-05,1.12240726778e-05
6.0,180.0,0.0,570.0,560.0,580.0,7.8861136126e-06,7.8861136126e-06
6.0,180.0,0.0,590.0,580.0,600.0,8.02383264418e-06,8.02383264418e-06
6.0,180.0,0.0,610.0,600.0,620.0,7.01158663915e-06,7.01158663915e-06
6.0,180.0,0.0,630.0,620.0,640.0,9.04219968485e-06,9.04219968485e-06
6.0,180.0,0.0,650.0,640.0,660.0,1.11461255383e-05,1.11461255383e-05
6.0,180.0,0.0,670.0,660.0,680.0,1.33069179529e-05,1.33069179529e-05
6.0,180.0,0.0,690.0,680.0,700.0,1.45275851733e-05,1.45275851733e-05
6.0,180.0,0.0,710.0,700.0,720.0,1.49412321822e-05,1.49412321822e-05
6.0,180.0,0.0,730.0,720.0,740.0,1.48095053049e-05,1.48095053049e-05
6.0,180.0,0.0,750.0,740.0,760.0,1.387022444e-05,1.387022444e-05
6.0,180.0,0.0,770.0,760.0,780.0,1.34061533664e-05,1.34061533664e-05
6.0,180.0,0.5,390.0,380.0,400.0,1.64811416841e-05,1.64811416841e-05
6.0,180.0,0.5,410.0,400.0,420.0,2.68653077806e-05,2.68653077806e-05
6.0,180.0,0.5,430.0,420.0,440.0,2.60469863665e-05,2.60469863665e-05
6.0,180.0,0.5,450.0,440.0,460.0,3.00002341294e-05,3.00002341294e-05
6.0,180.0,0.5,470.0,460.0,480.0,2.90590375438e-05,2.90590375438e-05
6.0,180.0,0.5,490.0,480.0,500.0,2.51031380504e-05,2.51031380504e-05
6.0,180.0,0.5,510.0,500.0,520.0,1.97434938005e-05,1.97434938005e-05
6.0,180.0,0.5,530.0,520.0,540.0,1.46803658752e-05,1.46803658752e-05
6.0,180.0,0.5,550.0,540.0,560.0,1.19654576678e-05,1.19654576678e-05
6.0,180.0,0.5,570.0,560.0,580.0,8.37813341713e-06,8.37813341713e-06
6.0,180.0,0.5,590.0,580.0,600.0,8.49379245271e-06,8.49379245271e-06
6.0,180.0,0.5,610.0,600.0,620.0,7.3945144071e-06,7.3945144071e-06
6.0,180.0,0.5,630.0,620.0,640.0,9.49824121892e-06,9.49824121892e-06
6.0,180.0,0.5,650.0,640.0,660.0,1.16610026717e-05,1.16610026717e-05
6.0,180.0,0.5,670.0,660.0,680.0,1.38650649555e-05,1.38650649555e-05
6.0,180.0,0.5,690.0,680.0,700.0,1.50750620126e-05,1.50750620126e-05
6.0,180.0,0.5,710.0,700.0,720.0,1.54403190698e-05,1.54403190698e-05
6.0,180.0,0.5,730.0,720.0,740.0,1.52402160271e-05,1.52402160271e-05
6.0,180.0,0.5,750.0,740.0,760.0,1.42128130993e-05,1.42128130993e-05
6.0,180.0,0.5,770.0,760.0,780.0,1.3678354617e-05,1.3678354617e-05
6.0,180.0,1.0,390.0,380.0,400.0,1.68835589692e-05,1.68835589692e-05
6.0,180.0,1.0,410.0,400.0,420.0,2.75388161214e-05,2.75388161214e-05
6.0,180.0,1.0,430.0,420.0,440.0,2.6709020933e-05,2.6709020933e-05
6.0,180.0,1.0,450.0,440.0,460.0,3.07640276174e-05,3.07640276174e-05
6.0,180.0,1.0,470.0,460.0,480.0,2.97914531584e-05,2.97914531584e-05
6.0,180.0,1.0,490.0,480.0,500.0,2.5722080158e-05,2.5722080158e-05
6.0,180.0,1.0,510.0,500.0,520.0,2.02136128092e-05,2.02136128092e-05
6.0,180.0,1.0,530.0,520.0,540.0,1.50131842737e-05,1.50131842737e-05
6.0,180.0,1.0,550.0,540.0,560.0,1.22192632594e-05,1.22192632594e-05
6.0,180.0,1.0,570.0,560.0,580.0,8.54125702711e-06,8.54125702711e-06
6.0,180.0,1.0,590.0,580.0,600.0,8.64114978739e-06,8.64114978739e-06
6.0,180.0,1.0,610.0,600.0,620.0,7.50521830856e-06,7.50521830856e-06
6.0,180.0,1.0,630.0,620.0,640.0,9.61646707638e-06,9.61646707638e-06
6.0,180.0,1.0,650.0,640.0,660.0,1.17760499242e-05,1.17760499242e-05
6.0,180.0,1.0,670.0,660.0,680.0,1.39641976167e-05,1.39641976167e-05
6.0,180.0,1.0,690.0,680.0,700.0,1.51392043301e-05,1.51392043301e-05
6.0,180.0,1.0,710.0,700.0,720.0,1.54584321444e-05,1.54584321444e-05
6.0,180.0,1.0,730.0,720.0,740.0,1.52083293025e-05,1.52083293025e-05
6.0,180.0,1.0,750.0,740.0,760.0,1.41338117621e-05,1.41338117621e-05
6.0,180.0,1.0,770.0,760.0,780.0,1.35541973806e-05,1.35541973806e-05
6.0,180.0,2.0,390.0,380.0,400.0,1.76778637312e-05,1.76778637312e-05
6.0,180.0,2.0,410.0,400.0,420.0,2.8874024014e-05,2.8874024014e-05
6.0,180.0,2.0,430.0,420.0,440.0,2.80240460905e-05,2.80240460905e-05
6.0,180.0,2.0,450.0,440.0,460.0,3.22804216922e-05,3.22804216922e-05
6.0,180.0,2.0,470.0,460.0,480.0,3.1239981742e-05,3.1239981742e-05
6.0,180.0,2.0,490.0,480.0,500.0,2.69356554929e-05,2.69356554929e-05
6.0,180.0,2.0,510.0,500.0,520.0,2.11213532855e-05,2.11213532855e-05
6.0,180.0,2.0,530.0,520.0,540.0,1.56405006314e-05,1.56405006314e-05
6.0,180.0,2.0,550.0,540.0,560.0,1.26806845642e-05,1.26806845642e-05
6.0,180.0,2.0,570.0,560.0,580.0,8.82308858152e-06,8.82308858152e-06
6.0,180.0,2.0,590.0,580.0,600.0,8.87688305205e-06,8.87688305205e-06
6.0,180.0,2.0,610.0,600.0,620.0,7.66305242104e-06,7.66305242104e-06
6.0,180.0,2.0,630.0,620.0,640.0,9.75544709692e-06,9.75544709692e-06
6.0,180.0,2.0,650.0,640.0,660.0,1.18681583516e-05,1.18681583516e-05
6.0,180.0,2.0,670.0,660.0,680.0,1.39784856754e-05,1.39784856754e-05
6.0,180.0,2.0,690.0,680.0,700.0,1.50487061708e-05,1.50487061708e-05
6.0,180.0,2.0,710.0,700.0,720.0,1.52551636398e-05,1.52551636398e-05
6.0,180.0,2.0,730.0,720.0,740.0,1.48974154659e-05,1.48974154659e-05
6.0,180.0,2.0,750.0,740.0,760.0,1.37402872246e-05,1.37402872246e-05
6.0,180.0,2.0,770.0,760.0,780.0,1.30780952601e-05,1.30780952601e-05
6.0,180.0,3.0,390.0,380.0,400.0,1.84945181084e-05,1.84945181084e-05
6.0,180.0,3.0,410.0,400.0,420.0,3.0244060468e-05,3.0244060468e-05
6.0,180.0,3.0,430.0,420.0,440.0,2.93639413272e-05,2.93639413272e-05
6.0,180.0,3.0,450.0,440.0,460.0,3.38037548346e-05,3.38037548346e-05
6.0,180.0,3.0,470.0,460.0,480.0,3.26613377018e-05,3.26613377018e-05
6.0,180.0,3.0,490.0,480.0,500.0,2.80855604285e-05,2.80855604285e-05
6.0,180.0,3.0,510.0,500.0,520.0,2.19405160585e-05,2.19405160585e-05
6.0,180.0,3.0,530.0,520.0,540.0,1.61704276367e-05,1.61704276367e-05
6.0,180.0,3.0,550.0,540.0,560.0,1.30363906703e-05,1.30363906703e-05
6.0,180.0,3.0,570.0,560.0,580.0,9.01382714616e-06,9.01382714616e-06
6.0,180.0,3.0,590.0,580.0,600.0,9.00468308321e-06,9.00468308321e-06
6.0,180.0,3.0,610.0,600.0,620.0,7.71636579938e-06,7.71636579938e-06
6.0,180.0,3.0,630.0,620.0,640.0,9.74923354856e-06,9.74923354856e-06
6.0,180.0,3.0,650.0,640.0,660.0,1.17727659704e-05,1.17727659704e-05
6.0,180.0,3.0,670.0,660.0,680.0,1.37643876241e-05,1.37643876241e-05
6.0,180.0,3.0,690.0,680.0,700.0,1.47102815607e-05,1.47102815607e-05
6.0,180.0,3.0,710.0,700.0,720.0,1.48046773422e-05,1.48046773422e-05
6.0,180.0,3.0,730.0,720.0,740.0,1.43550252427e-05,1.43550252427e-05
6.0,180.0,3.0,750.0,740.0,760.0,1.31479945108e-05,1.31479945108e-05
6.0,180.0,3.0,770.0,760.0,780.0,1.2430299705e-05,1.2430299705e-05
6.0,180.0,5.0,390.0,380.0,400.0,2.02304042467e-05,2.02304042467e-05
6.0,180.0,5.0,410.0,400.0,420.0,3.30622186805e-05,3.30622186805e-05
6.0,180.0,5.0,430.0,420.0,440.0,3.19954636975e-05,3.19954636975e-05
6.0,180.0,5.0,450.0,440.0,460.0,3.66192765382e-05,3.66192765382e-05
6.0,180.0,5.0,470.0,460.0,480.0,3.50945841786e-05,3.50945841786e-05
6.0,180.0,5.0,490.0,480.0,500.0,2.98736645639e-05,2.98736645639e-05
6.0,180.0,5.0,510.0,500.0,520.0,2.3065978774e-05,2.3065978774e-05
6.0,180.0,5.0,530.0,520.0,540.0,1.67840389704e-05,1.67840389704e-05
6.0,180.0,5.0,550.0,540.0,560.0,1.33475019349e-05,1.33475019349e-05
6.0,180.0,5.0,570.0,560.0,580.0,9.10233341955e-06,9.10233341955e-06
6.0,180.0,5.0,590.0,580.0,600.0,8.96185144762e-06,8.96185144762e-06
6.0,180.0,5.0,610.0,600.0,620.0,7.57176616362e-06,7.57176616362e-06
6.0,180.0,5.0,630.0,620.0,640.0,9.43144503837e-06,9.43144503837e-06
6.0,180.0,5.0,650.0,640.0,660.0,1.12357791506e-05,1.12357791506e-05
6.0,180.0,5.0,670.0,660.0,680.0,1.29677810072e-05,1.29677810072e-05
6.0,180.0,5.0,690.0,680.0,700.0,1.36887145427e-05,1.36887145427e-05
6.0,180.0,5.0,710.0,700.0,720.0,1.36149983154e-05,1.36149983154e-05
6.0,180.0,5.0,730.0,720.0,740.0,1.30540467861e-05,1.30540467861e-05
6.0,180.0,5.0,750.0,740.0,760.0,1.18297825776e-05,1.18297825776e-05
6.0,180.0,5.0,770.0,760.0,780.0,1.1071364626e-05,1.1071364626e-05
6.0,180.0,8.0,390.0,380.0,400.0,2.24928940265e-05,2.24928940265e-05
6.0,180.0,8.0,410.0,400.0,420.0,3.63438853953e-05,3.63438853953e-05
6.0,180.0,8.0,430.0,420.0,440.0,3.4678081058e-05,3.4678081058e-05
6.0,180.0,8.0,450.0,440.0,460.0,3.90622156991e-05,3.90622156991e-05
6.0,180.0,8.0,470.0,460.0,480.0,3.68054698166e-05,3.68054698166e-05
6.0,180.0,8.0,490.0,480.0,500.0,3.07882533522e-05,3.07882533522e-05
6.0,180.0,8.0,510.0,500.0,520.0,2.3362300498e-05,2.3362300498e-05
6.0,180.0,8.0,530.0,520.0,540.0,1.67148621675e-05,1.67148621675e-05
6.0,180.0,8.0,550.0,540.0,560.0,1.30744458493e-05,1.30744458493e-05
6.0,180.0,8.0,570.0,560.0,580.0,8.77981574178e-06,8.77981574178e-06
6.0,180.0,8.0,590.0,580.0,600.0,8.50977743224e-06,8.50977743224e-06
6.0,180.0,8.0,610.0,600.0,620.0,7.08645143583e-06,7.08645143583e-06
6.0,180.0,8.0,630.0,620.0,640.0,8.6951863018e-06,8.6951863018e-06
6.0,180.0,8.0,650.0,640.0,660.0,1.02119393665e-05,1.02119393665e-05
6.0,180.0,8.0,670.0,660.0,680.0,1.1629776557e-05,1.1629776557e-05
6.0,180.0,8.0,690.0,680.0,700.0,1.2124345332e-05,1.2124345332e-05
6.0,180.0,8.0,710.0,700.0,720.0,1.19198954784e-05,1.19198954784e-05
6.0,180.0,8.0,730.0,720.0,740.0,1.13062083743e-05,1.13062083743e-05
6.0,180.0,8.0,750.0,740.0,760.0,1.01450391395e-05,1.01450391395e-05
6.0,180.0,8.0,770.0,760.0,780.0,9.4054044004e-06,9.4054044004e-06
6.0,180.0,12.0,390.0,380.0,400.0,2.42084008523e-05,2.42084008523e-05
6.0,180.0,12.0,410.0,400.0,420.0,3.82284867035e-05,3.82284867035e-05
6.0,180.0,12.0,430.0,420.0,440.0,3.56718616159e-05,3.56718616159e-05
6.0,180.0,12.0,450.0,440.0,460.0,3.93638077924e-05,3.93638077924e-05
6.0,180.0,12.0,470.0,460.0,480.0,3.6428889535e-05,3.6428889535e-05
6.0,180.0,12.0,490.0,480.0,500.0,3.00310399453e-05,3.00310399453e-05
6.0,180.0,12.0,510.0,500.0,520.0,2.25502817676e-05,2.25502817676e-05
6.0,180.0,12.0,530.0,520.0,540.0,1.60411744306e-05,1.60411744306e-05
6.0,180.0,12.0,550.0,540.0,560.0,1.25387493598e-05,1.25387493598e-05
6.0,180.0,12.0,570.0,560.0,580.0,8.45234700001e-06,8.45234700001e-06
6.0,180.0,12.0,590.0,580.0,600.0,8.27311411667e-06,8.27311411667e-06
6.0,180.0,12.0,610.0,600.0,620.0,6.9835886107e-06,6.9835886107e-06
6.0,180.0,12.0,630.0,620.0,640.0,8.72876848847e-06,8.72876848847e-06
6.0,180.0,12.0,650.0,640.0,660.0,1.04589855694e-05,1.04589855694e-05
6.0,180.0,12.0,670.0,660.0,680.0,1.21714914759e-05,1.21714914759e-05
6.0,180.0,12.0,690.0,680.0,700.0,1.29878602008e-05,1.29878602008e-05
6.0,180.0,12.0,710.0,700.0,720.0,1.30899840988e-05,1.30899840988e-05
6.0,180.0,12.0,730.0,720.0,740.0,1.27463364566e-05,1.27463364566e-05
6.0,180.0,12.0,750.0,740.0,760.0,1.17585781432e-05,1.17585781432e-05
6.0,180.0,12.0,770.0,760.0,780.0,1.12099051364e-05,1.12099051364e-05
6.0,180.0,20.0,390.0,380.0,400.0,2.48505973973e-05,2.48505973973e-05
6.0,180.0,20.0,410.0,400.0,420.0,3.81849912553e-05,3.81849912553e-05
6.0,180.0,20.0,430.0,420.0,440.0,3.50425509221e-05,3.50425509221e-05
6.0,180.0,20.0,450.0,440.0,460.0,3.85015648368e-05,3.85015648368e-05
6.0,180.0,20.0,470.0,460.0,480.0,3.59621448171e-05,3.59621448171e-05
6.0,180.0,20.0,490.0,480.0,500.0,3.03391311957e-05,3.03391311957e-05
6.0,180.0,20.0,510.0,500.0,520.0,2.36064360746e-05,2.36064360746e-05
6.0,180.0,20.0,530.0,520.0,540.0,1.75668132836e-05,1.75668132836e-05
6.0,180.0,20.0,550.0,540.0,560.0,1.45246571607e-05,1.45246571607e-05
6.0,180.0,20.0,570.0,560.0,580.0,1.03538597553e-05,1.03538597553e-05
6.0,180.0,20.0,590.0,580.0,600.0,1.08701632633e-05,1.08701632633e-05
6.0,180.0,20.0,610.0,600.0,620.0,9.78054094826e-06,9.78054094826e-06
6.0,180.0,20.0,630.0,620.0,640.0,1.30667559662e-05,1.30667559662e-05
6.0,180.0,20.0,650.0,640.0,660.0,1.65404787565e-05,1.65404787565e-05
6.0,180.0,20.0,670.0,660.0,680.0,2.01679191954e-05,2.01679191954e-05
6.0,180.0,20.0,690.0,680.0,700.0,2.24252301339e-05,2.24252301339e-05
6.0,180.0,20.0,710.0,700.0,720.0,2.34572476026e-05,2.34572476026e-05
6.0,180.0,20.0,730.0,720.0,740.0,2.36324101623e-05,2.36324101623e-05
6.0,180.0,20.0,750.0,740.0,760.0,2.25119630824e-05,2.25119630824e-05
6.0,180.0,20.0,770.0,760.0,780.0,2.20728629997e-05,2.20728629997e-05
6.0,180.0,30.0,390.0,380.0,400.0,2.46482327905e-05,2.46482327905e-05
6.0,180.0,30.0,410.0,400.0,420.0,3.77221718471e-05,3.77221718471e-05
6.0,180.0,30.0,430.0,420.0,440.0,3.48299067033e-05,3.48299067033e-05
6.0,180.0,30.0,450.0,440.0,460.0,3.88378177611e-05,3.88378177611e-05
6.0,180.0,30.0,470.0,460.0,480.0,3.70684829279e-05,3.70684829279e-05
6.0,180.0,30.0,490.0,480.0,500.0,3.2094337402e-05,3.2094337402e-05
6.0,180.0,30.0,510.0,500.0,520.0,2.56709998512e-05,2.56709998512e-05
6.0,180.0,30.0,530.0,520.0,540.0,1.96247686697e-05,1.96247686697e-05
6.0,180.0,30.0,550.0,540.0,560.0,1.66419499322e-05,1.66419499322e-05
6.0,180.0,30.0,570.0,560.0,580.0,1.21182263768e-05,1.21182263768e-05
6.0,180.0,30.0,590.0,580.0,600.0,1.29492470789e-05,1.29492470789e-05
6.0,180.0,30.0,610.0,600.0,620.0,1.1803217676e-05,1.1803217676e-05
6.0,180.0,30.0,630.0,620.0,640.0,1.58387496032e-05,1.58387496032e-05
6.0,180.0,30.0,650.0,640.0,660.0,2.0034482978e-05,2.0034482978e-05
6.0,180.0,30.0,670.0,660.0,680.0,2.43615922648e-05,2.43615922648e-05
6.0,180.0,30.0,690.0,680.0,700.0,2.69956363681e-05,2.69956363681e-05
6.0,180.0,30.0,710.0,700.0,720.0,2.81361197134e-05,2.81361197134e-05
6.0,180.0,30.0,730.0,720.0,740.0,2.82479844399e-05,2.82479844399e-05
6.0,180.0,30.0,750.0,740.0,760.0,2.68379288593e-05,2.68379288593e-05
6.0,180.0,30.0,770.0,760.0,780.0,2.62162932163e-05,2.62162932163e-05
6.0,180.0,45.0,390.0,380.0,400.0,2.37567584553e-05,2.37567584553e-05
6.0,180.0,45.0,410.0,400.0,420.0,3.62335388936e-05,3.62335388936e-05
6.0,180.0,45.0,430.0,420.0,440.0,3.35034455333e-05,3.35034455333e-05
6.0,180.0,45.0,450.0,440.0,460.0,3.75312333655e-05,3.75312333655e-05
6.0,180.0,45.0,470.0,460.0,480.0,3.60418013376e-05,3.60418013376e-05
6.0,180.0,45.0,490.0,480.0,500.0,3.14068270345e-05,3.14068270345e-05
6.0,180.0,45.0,510.0,500.0,520.0,2.52822965409e-05,2.52822965409e-05
6.0,180.0,45.0,530.0,520.0,540.0,1.94508995337e-05,1.94508995337e-05
6.0,180.0,45.0,550.0,540.0,560.0,1.65387099542e-05,1.65387099542e-05
6.0,180.0,45.0,570.0,560.0,580.0,1.20894533574e-05,1.20894533574e-05
6.0,180.0,45.0,590.0,580.0,600.0,1.2850181616e-05,1.2850181616e-05
6.0,180.0,45.0,610.0,600.0,620.0,1.16693965595e-05,1.16693965595e-05
6.0,180.0,45.0,630.0,620.0,640.0,1.54569937764e-05,1.54569937764e-05
6.0,180.0,45.0,650.0,640.0,660.0,1.93089617904e-05,1.93089617904e-05
6.0,180.0,45.0,670.0,660.0,680.0,2.32265278899e-05,2.32265278899e-05
6.0,180.0,45.0,690.0,680.0,700.0,2.54982976501e-05,2.54982976501e-05
6.0,180.0,45.0,710.0,700.0,720.0,2.63600741593e-05,2.63600741593e-05
6.0,180.0,45.0,730.0,720.0,740.0,2.62788725634e-05,2.62788725634e-05
6.0,180.0,45.0,750.0,740.0,760.0,2.48265764995e-05,2.48265764995e-05
6.0,180.0,45.0,770.0,760.0,780.0,2.41062224765e-05,2.41062224765e-05
6.0,180.0,60.0,390.0,380.0,400.0,2.20324034151e-05,2.20324034151e-05
6.0,180.0,60.0,410.0,400.0,420.0,3.3495373974e-05,3.3495373974e-05
6.0,180.0,60.0,430.0,420.0,440.0,3.09489426771e-05,3.09489426771e-05
6.0,180.0,60.0,450.0,440.0,460.0,3.46894015334e-05,3.46894015334e-05
6.0,180.0,60.0,470.0,460.0,480.0,3.33380834106e-05,3.33380834106e-05
6.0,180.0,60.0,490.0,480.0,500.0,2.90627170761e-05,2.90627170761e-05
6.0,180.0,60.0,510.0,500.0,520.0,2.34027281714e-05,2.34027281714e-05
6.0,180.0,60.0,530.0,520.0,540.0,1.80161160857e-05,1.80161160857e-05
6.0,180.0,60.0,550.0,540.0,560.0,1.52838885106e-05,1.52838885106e-05
6.0,180.0,60.0,570.0,560.0,580.0,1.11688109918e-05,1.11688109918e-05
6.0,180.0,60.0,590.0,580.0,600.0,1.17793991039e-05,1.17793991039e-05
6.0,180.0,60.0,610.0,600.0,620.0,1.06389452409e-05,1.06389452409e-05
6.0,180.0,60.0,630.0,620.0,640.0,1.3928319981e-05,1.3928319981e-05
6.0,180.0,60.0,650.0,640.0,660.0,1.72240377343e-05,1.72240377343e-05
6.0,180.0,60.0,670.0,660.0,680.0,2.05456737729e-05,2.05456737729e-05
6.0,180.0,60.0,690.0,680.0,700.0,2.23955582108e-05,2.23955582108e-05
6.0,180.0,60.0,710.0,700.0,720.0,2.30104062081e-05,2.30104062081e-05
6.0,180.0,60.0,730.0,720.0,740.0,2.28167584712e-05,2.28167584712e-05
6.0,180.0,60.0,750.0,740.0,760.0,2.14599390652e-05,2.14599390652e-05
6.0,180.0,60.0,770.0,760.0,780.0,2.07430461693e-05,2.07430461693e-05
6.0,180.0,90.0,390.0,380.0,400.0,2.08448783902e-05,2.08448783902e-05
6.0,180.0,90.0,410.0,400.0,420.0,3.16403817505e-05,3.16403817505e-05
6.0,180.0,90.0,430.0,420.0,440.0,2.91999858374e-05,2.91999858374e-05
6.0,180.0,90.0,450.0,440.0,460.0,3.26862440687e-05,3.26862440687e-05
6.0,180.0,90.0,470.0,460.0,480.0,3.1351773479e-05,3.1351773479e-05
6.0,180.0,90.0,490.0,480.0,500.0,2.72617163685e-05,2.72617163685e-05
6.0,180.0,90.0,510.0,500.0,520.0,2.19012826571e-05,2.19012826571e-05
6.0,180.0,90.0,530.0,520.0,540.0,1.68363531086e-05,1.68363531086e-05
6.0,180.0,90.0,550.0,540.0,560.0,1.42173356022e-05,1.42173356022e-05
6.0,180.0,90.0,570.0,560.0,580.0,1.03727948281e-05,1.03727948281e-05
6.0,180.0,90.0,590.0,580.0,600.0,1.08241278989e-05,1.08241278989e-05
6.0,180.0,90.0,610.0,600.0,620.0,9.70457904224e-06,9.70457904224e-06
6.0,180.0,90.0,630.0,620.0,640.0,1.2524545678e-05,1.2524545678e-05
6.0,180.0,90.0,650.0,640.0,660.0,1.53046102777e-05,1.53046102777e-05
6.0,180.0,90.0,670.0,660.0,680.0,1.80804210885e-05,1.80804210885e-05
6.0,180.0,90.0,690.0,680.0,700.0,1.95484115982e-05,1.95484115982e-05
6.0,180.0,90.0,710.0,700.0,720.0,1.99433096124e-05,1.99433096124e-05
6.0,180.0,90.0,730.0,720.0,740.0,1.96522503736e-05,1.96522503736e-05
6.0,180.0,90.0,750.0,740.0,760.0,1.83846754333e-05,1.83846754333e-05
6.0,180.0,90.0,770.0,760.0,780.0,1.76755262942e-05,1.76755262942e-05
9.0,0.0,0.0,390.0,380.0,400.0,1.00338656824e-06,1.00338656824e-06
9.0,0.0,0.0,410.0,400.0,420.0,1.89259939999e-06,1.89259939999e-06
9.0,0.0,0.0,430.0,420.0,440.0,2.09435028508e-06,2.09435028508e-06
9.0,0.0,0.0,450.0,440.0,460.0,2.71171980172e-06,2.71171980172e-06
9.0,0.0,0.0,470.0,460.0,480.0,2.90659332489e-06,2.90659332489e-06
9.0,0.0,0.0,490.0,480.0,500.0,2.73769164353e-06,2.73769164353e-06
9.0,0.0,0.0,510.0,500.0,520.0,2.31651205615e-06,2.31651205615e-06
9.0,0.0,0.0,530.0,520.0,540.0,1.83321772045e-06,1.83321772045e-06
9.0,0.0,0.0,550.0,540.0,560.0,1.57024511056e-06,1.57024511056e-06
9.0,0.0,0.0,570.0,560.0,580.0,1.15415345356e-06,1.15415345356e-06
9.0,0.0,0.0,590.0,580.0,600.0,1.21495249283e-06,1.21495249283e-06
9.0,0.0,0.0,610.0,600.0,620.0,1.11428596478e-06,1.11428596478e-06
9.0,0.0,0.0,630.0,620.0,640.0,1.54779049402e-06,1.54779049402e-06
9.0,0.0,0.0,650.0,640.0,660.0,2.14554985569e-06,2.14554985569e-06
9.0,0.0,0.0,670.0,660.0,680.0,2.99713670899e-06,2.99713670899e-06
9.0,0.0,0.0,690.0,680.0,700.0,3.96441467873e-06,3.96441467873e-06
9.0,0.0,0.0,710.0,700.0,720.0,5.0827257295e-06,5.0827257295e-06
9.0,0.0,0.0,730.0,720.0,740.0,6.40699416154e-06,6.40699416154e-06
9.0,0.0,0.0,750.0,740.0,760.0,7.71190954797e-06,7.71190954797e-06
9.0,0.0,0.0,770.0,760.0,780.0,9.63516751963e-06,9.63516751963e-06
9.0,0.0,0.5,390.0,380.0,400.0,9.86661789585e-07,9.86661789585e-07
9.0,0.0,0.5,410.0,400.0,420.0,1.87003923539e-06,1.87003923539e-06
9.0,0.0,0.5,430.0,420.0,440.0,2.08008468915e-06,2.08008468915e-06
9.0,0.0,0.5,450.0,440.0,460.0,2.7092273526e-06,2.7092273526e-06
9.0,0.0,0.5,470.0,460.0,480.0,2.92682355545e-06,2.92682355545e-06
9.0,0.0,0.5,490.0,480.0,500.0,2.79132378243e-06,2.79132378243e-06
9.0,0.0,0.5,510.0,500.0,520.0,2.41410667019e-06,2.41410667019e-06
9.0,0.0,0.5,530.0,520.0,540.0,1.98471205793e-06,1.98471205793e-06
9.0,0.0,0.5,550.0,540.0,560.0,1.81363929048e-06,1.81363929048e-06
9.0,0.0,0.5,570.0,560.0,580.0,1.46599076253e-06,1.46599076253e-06
9.0,0.0,0.5,590.0,580.0,600.0,1.77752173731e-06,1.77752173731e-06
9.0,0.0,0.5,610.0,600.0,620.0,1.92731284985e-06,1.92731284985e-06
9.0,0.0,0.5,630.0,620.0,640.0,3.23751141208e-06,3.23751141208e-06
9.0,0.0,0.5,650.0,640.0,660.0,5.32262715976e-06,5.32262715976e-06
9.0,0.0,0.5,670.0,660.0,680.0,8.5044984608e-06,8.5044984608e-06
9.0,0.0,0.5,690.0,680.0,700.0,1.23331233632e-05,1.23331233632e-05
9.0,0.0,0.5,710.0,700.0,720.0,1.6633404844e-05,1.6633404844e-05
9.0,0.0,0.5,730.0,720.0,740.0,2.12849320872e-05,2.12849320872e-05
9.0,0.0,0.5,750.0,740.0,760.0,2.52853509673e-05,2.52853509673e-05
9.0,0.0,0.5,770.0,760.0,780.0,3.05922455017e-05,3.05922455017e-05
9.0,0.0,1.0,390.0,380.0,400.0,1.01243348171e-06,1.01243348171e-06
9.0,0.0,1.0,410.0,400.0,420.0,1.92528183661e-06,1.92528183661e-06
9.0,0.0,1.0,430.0,420.0,440.0,2.15353401235e-06,2.15353401235e-06
9.0,0.0,1.0,450.0,440.0,460.0,2.83821874025e-06,2.83821874025e-06
9.0,0.0,1.0,470.0,460.0,480.0,3.14499942424e-06,3.14499942424e-06
9.0,0.0,1.0,490.0,480.0,500.0,3.14987100712e-06,3.14987100712e-06
9.0,0.0,1.0,510.0,500.0,520.0,2.95218854686e-06,2.95218854686e-06
9.0,0.0,1.0,530.0,520.0,540.0,2.71020118295e-06,2.71020118295e-06
9.0,0.0,1.0,550.0,540.0,560.0,2.83258479569e-06,2.83258479569e-06
9.0,0.0,1.0,570.0,560.0,580.0,2.60102291364e-06,2.60102291364e-06
9.0,0.0,1.0,590.0,580.0,600.0,3.5688198071e-06,3.5688198071e-06
9.0,0.0,1.0,610.0,600.0,620.0,4.19382160317e-06,4.19382160317e-06
9.0,0.0,1.0,630.0,620.0,640.0,7.41889061912e-06,7.41889061912e-06
9.0,0.0,1.0,650.0,640.0,660.0,1.23587862415e-05,1.23587862415e-05
9.0,0.0,1.0,670.0,660.0,680.0,1.94903779171e-05,1.94903779171e-05
9.0,0.0,1.0,690.0,680.0,700.0,2.74575924541e-05,2.74575924541e-05
9.0,0.0,1.0,710.0,700.0,720.0,3.56494023762e-05,3.56494023762e-05
9.0,0.0,1.0,730.0,720.0,740.0,4.37079056224e-05,4.37079056224e-05
9.0,0.0,1.0,750.0,740.0,760.0,4.9622982494e-05,4.9622982494e-05
9.0,0.0,1.0,770.0,760.0,780.0,5.74351610216e-05,5.74351610216e-05
9.0,0.0,2.0,390.0,380.0,400.0,1.08113432076e-06,1.08113432076e-06
9.0,0.0,2.0,410.0,400.0,420.0,2.11163961081e-06,2.11163961081e-06
9.0,0.0,2.0,430.0,420.0,440.0,2.50768124603e-06,2.50768124603e-06
9.0,0.0,2.0,450.0,440.0,460.0,3.68627251243e-06,3.68627251243e-06
9.0,0.0,2.0,470.0,460.0,480.0,4.78917029089e-06,4.78917029089e-06
9.0,0.0,2.0,490.0,480.0,500.0,5.77479790457e-06,5.77479790457e-06
9.0,0.0,2.0,510.0,500.0,520.0,6.43461585293e-06,6.43461585293e-06
9.0,0.0,2.0,530.0,520.0,540.0,6.70923883602e-06,6.70923883602e-06
9.0,0.0,2.0,550.0,540.0,560.0,7.5677225138e-06,7.5677225138e-06
9.0,0.0,2.0,570.0,560.0,580.0,7.06380326207e-06,7.06380326207e-06
9.0,0.0,2.0,590.0,580.0,600.0,9.54121345321e-06,9.54121345321e-06
9.0,0.0,2.0,610.0,600.0,620.0,1.06603336296e-05,1.06603336296e-05
9.0,0.0,2.0,630.0,620.0,640.0,1.77273982537e-05,1.77273982537e-05
9.0,0.0,2.0,650.0,640.0,660.0,2.75327210599e-05,2.75327210599e-05
9.0,0.0,2.0,670.0,660.0,680.0,4.03817986881e-05,4.03817986881e-05
9.0,0.0,2.0,690.0,680.0,700.0,5.29464372428e-05,5.29464372428e-05
9.0,0.0,2.0,710.0,700.0,720.0,6.4125087324e-05,6.4125087324e-05
9.0,0.0,2.0,730.0,720.0,740.0,7.35538054752e-05,7.35538054752e-05
9.0,0.0,2.0,750.0,740.0,760.0,7.83158796323e-05,7.83158796323e-05
9.0,0.0,2.0,770.0,760.0,780.0,8.54579712556e-05,8.54579712556e-05
9.0,0.0,3.0,390.0,380.0,400.0,1.21789788757e-06,1.21789788757e-06
9.0,0.0,3.0,410.0,400.0,420.0,2.60214838556e-06,2.60214838556e-06
9.0,0.0,3.0,430.0,420.0,440.0,3.50564476256e-06,3.50564476256e-06
9.0,0.0,3.0,450.0,440.0,460.0,5.86099168907e-06,5.86099168907e-06
9.0,0.0,3.0,470.0,460.0,480.0,8.36202228498e-06,8.36202228498e-06
9.0,0.0,3.0,490.0,480.0,500.0,1.0515926186e-05,1.0515926186e-05
9.0,0.0,3.0,510.0,500.0,520.0,1.16783578582e-05,1.16783578582e-05
9.0,0.0,3.0,530.0,520.0,540.0,1.17843689324e-05,1.17843689324e-05
9.0,0.0,3.0,550.0,540.0,560.0,1.26387538426e-05,1.26387538426e-05
9.0,0.0,3.0,570.0,560.0,580.0,1.11542346524e-05,1.11542346524e-05
9.0,0.0,3.0,590.0,580.0,600.0,1.41218381866e-05,1.41218381866e-05
9.0,0.0,3.0,610.0,600.0,620.0,1.48310782571e-05,1.48310782571e-05
9.0,0.0,3.0,630.0,620.0,640.0,2.31310496e-05,2.31310496e-05
9.0,0.0,3.0,650.0,640.0,660.0,3.39056074891e-05,3.39056074891e-05
9.0,0.0,3.0,670.0,660.0,680.0,4.7211848083e-05,4.7211848083e-05
9.0,0.0,3.0,690.0,680.0,700.0,5.90567497426e-05,5.90567497426e-05
9.0,0.0,3.0,710.0,700.0,720.0,6.85196959187e-05,6.85196959187e-05
9.0,0.0,3.0,730.0,720.0,740.0,7.55570322838e-05,7.55570322838e-05
9.0,0.0,3.0,750.0,740.0,760.0,7.75628537763e-05,7.75628537763e-05
9.0,0.0,3.0,770.0,760.0,780.0,8.18528436603e-05,8.18528436603e-05
9.0,0.0,5.0,390.0,380.0,400.0,1.8822202716e-06,1.8822202716e-06
9.0,0.0,5.0,410.0,400.0,420.0,4.5905437219e-06,4.5905437219e-06
9.0,0.0,5.0,430.0,420.0,440.0,6.62219817661e-06,6.62219817661e-06
9.0,0.0,5.0,450.0,440.0,460.0,1.10378931675e-05,1.10378931675e-05
9.0,0.0,5.0,470.0,460.0,480.0,1.49044720821e-05,1.49044720821e-05
9.0,0.0,5.0,490.0,480.0,500.0,1.72640128469e-05,1.72640128469e-05
9.0,0.0,5.0,510.0,500.0,520.0,1.75253835127e-05,1.75253835127e-05
9.0,0.0,5.0,530.0,520.0,540.0,1.62257474749e-05,1.62257474749e-05
9.0,0.0,5.0,550.0,540.0,560.0,1.59567273984e-05,1.59567273984e-05
9.0,0.0,5.0,570.0,560.0,580.0,1.30803913469e-05,1.30803913469e-05
9.0,0.0,5.0,590.0,580.0,600.0,1.52040169599e-05,1.52040169599e-05
9.0,0.0,5.0,610.0,600.0,620.0,1.48444160392e-05,1.48444160392e-05
9.0,0.0,5.0,630.0,620.0,640.0,2.1320010411e-05,2.1320010411e-05
9.0,0.0,5.0,650.0,640.0,660.0,2.90534121459e-05,2.90534121459e-05
9.0,0.0,5.0,670.0,660.0,680.0,3.79627253423e-05,3.79627253423e-05
9.0,0.0,5.0,690.0,680.0,700.0,4.48911392481e-05,4.48911392481e-05
9.0,0.0,5.0,710.0,700.0,720.0,4.95303482702e-05,4.95303482702e-05
9.0,0.0,5.0,730.0,720.0,740.0,5.21988745012e-05,5.21988745012e-05
9.0,0.0,5.0,750.0,740.0,760.0,5.14495462189e-05,5.14495462189e-05
9.0,0.0,5.0,770.0,760.0,780.0,5.22630448287e-05,5.22630448287e-05
9.0,0.0,8.0,390.0,380.0,400.0,2.89809362591e-06,2.89809362591e-06
9.0,0.0,8.0,410.0,400.0,420.0,6.59103916795e-06,6.59103916795e-06
9.0,0.0,8.0,430.0,420.0,440.0,8.57525857292e-06,8.57525857292e-06
9.0,0.0,8.0,450.0,440.0,460.0,1.27756240765e-05,1.27756240765e-05
9.0,0.0,8.0,470.0,460.0,480.0,1.54846778166e-05,1.54846778166e-05
9.0,0.0,8.0,490.0,480.0,500.0,1.62674874844e-05,1.62674874844e-05
9.0,0.0,8.0,510.0,500.0,520.0,1.51811789176e-05,1.51811789176e-05
9.0,0.0,8.0,530.0,520.0,540.0,1.31031975985e-05,1.31031975985e-05
9.0,0.0,8.0,550.0,540.0,560.0,1.20891249517e-05,1.20891249517e-05
9.0,0.0,8.0,570.0,560.0,580.0,9.42251919469e-06,9.42251919469e-06
9.0,0.0,8.0,590.0,580.0,600.0,1.03688253043e-05,1.03688253043e-05
9.0,0.0,8.0,610.0,600.0,620.0,9.68828113873e-06,9.68828113873e-06
9.0,0.0,8.0,630.0,620.0,640.0,1.32293806534e-05,1.32293806534e-05
9.0,0.0,8.0,650.0,640.0,660.0,1.7230557667e-05,1.7230557667e-05
9.0,0.0,8.0,670.0,660.0,680.0,2.16535872492e-05,2.16535872492e-05
9.0,0.0,8.0,690.0,680.0,700.0,2.47643280326e-05,2.47643280326e-05
9.0,0.0,8.0,710.0,700.0,720.0,2.65534977532e-05,2.65534977532e-05
9.0,0.0,8.0,730.0,720.0,740.0,2.73124684222e-05,2.73124684222e-05
9.0,0.0,8.0,750.0,740.0,760.0,2.63986308728e-05,2.63986308728e-05
9.0,0.0,8.0,770.0,760.0,780.0,2.63152988801e-05,2.63152988801e-05
9.0,0.0,12.0,390.0,380.0,400.0,2.96158123839e-06,2.96158123839e-06
9.0,0.0,12.0,410.0,400.0,420.0,6.00409990217e-06,6.00409990217e-06
9.0,0.0,12.0,430.0,420.0,440.0,7.04330018222e-06,7.04330018222e-06
9.0,0.0,12.0,450.0,440.0,460.0,9.59308428511e-06,9.59308428511e-06
9.0,0.0,12.0,470.0,460.0,480.0,1.07723872112e-05,1.07723872112e-05
9.0,0.0,12.0,490.0,480.0,500.0,1.06077845745e-05,1.06077845745e-05
9.0,0.0,12.0,510.0,500.0,520.0,9.37202445986e-06,9.37202445986e-06
9.0,0.0,12.0,530.0,520.0,540.0,7.72125338984e-06,7.72125338984e-06
9.0,0.0,12.0,550.0,540.0,560.0,6.8471176662e-06,6.8471176662e-06
9.0,0.0,12.0,570.0,560.0,580.0,5.15443462146e-06,5.15443462146e-06
9.0,0.0,12.0,590.0,580.0,600.0,5.51000413637e-06,5.51000413637e-06
9.0,0.0,12.0,610.0,600.0,620.0,5.01521732543e-06,5.01521732543e-06
9.0,0.0,12.0,630.0,620.0,640.0,6.67954870458e-06,6.67954870458e-06
9.0,0.0,12.0,650.0,640.0,660.0,8.48009350995e-06,8.48009350995e-06
9.0,0.0,12.0,670.0,660.0,680.0,1.03957100481e-05,1.03957100481e-05
9.0,0.0,12.0,690.0,680.0,700.0,1.16157273619e-05,1.16157273619e-05
9.0,0.0,12.0,710.0,700.0,720.0,1.21899829422e-05,1.21899829422e-05
9.0,0.0,12.0,730.0,720.0,740.0,1.22943409116e-05,1.22943409116e-05
9.0,0.0,12.0,750.0,740.0,760.0,1.16790736329e-05,1.16790736329e-05
9.0,0.0,12.0,770.0,760.0,780.0,1.14437391855e-05,1.14437391855e-05
9.0,0.0,20.0,390.0,380.0,400.0,2.02973504714e-06,2.02973504714e-06
9.0,0.0,20.0,410.0,400.0,420.0,3.62532271748e-06,3.62532271748e-06
9.0,0.0,20.0,430.0,420.0,440.0,3.82706324812e-06,3.82706324812e-06
9.0,0.0,20.0,450.0,440.0,460.0,4.77783929854e-06,4.77783929854e-06
9.0,0.0,20.0,470.0,460.0,480.0,4.99495686681e-06,4.99495686681e-06
9.0,0.0,20.0,490.0,480.0,500.0,4.63677642588e-06,4.63677642588e-06
9.0,0.0,20.0,510.0,500.0,520.0,3.89887935959e-06,3.89887935959e-06
9.0,0.0,20.0,530.0,520.0,540.0,3.07900990561e-06,3.07900990561e-06
9.0,0.0,20.0,550.0,540.0,560.0,2.64160604874e-06,2.64160604874e-06
9.0,0.0,20.0,570.0,560.0,580.0,1.92850783204e-06,1.92850783204e-06
9.0,0.0,20.0,590.0,580.0,600.0,2.02520949512e-06,2.02520949512e-06
9.0,0.0,20.0,610.0,600.0,620.0,1.81168754273e-06,1.81168754273e-06
9.0,0.0,20.0,630.0,620.0,640.0,2.38707761186e-06,2.38707761186e-06
9.0,0.0,20.0,650.0,640.0,660.0,2.9900430654e-06,2.9900430654e-06
9.0,0.0,20.0,670.0,660.0,680.0,3.61260900401e-06,3.61260900401e-06
9.0,0.0,20.0,690.0,680.0,700.0,3.97980002668e-06,3.97980002668e-06
9.0,0.0,20.0,710.0,700.0,720.0,4.12180173885e-06,4.12180173885e-06
9.0,0.0,20.0,730.0,720.0,740.0,4.1078630525e-06,4.1078630525e-06
9.0,0.0,20.0,750.0,740.0,760.0,3.86354387706e-06,3.86354387706e-06
9.0,0.0,20.0,770.0,760.0,780.0,3.74762575948e-06,3.74762575948e-06
9.0,0.0,30.0,390.0,380.0,400.0,1.38083410638e-06,1.38083410638e-06
9.0,0.0,30.0,410.0,400.0,420.0,2.28397994515e-06,2.28397994515e-06
9.0,0.0,30.0,430.0,420.0,440.0,2.25616207206e-06,2.25616207206e-06
9.0,0.0,30.0,450.0,440.0,460.0,2.65900776111e-06,2.65900776111e-06
9.0,0.0,30.0,470.0,460.0,480.0,2.64458893934e-06,2.64458893934e-06
9.0,0.0,30.0,490.0,480.0,500.0,2.35126087017e-06,2.35126087017e-06
9.0,0.0,30.0,510.0,500.0,520.0,1.90455126324e-06,1.90455126324e-06
9.0,0.0,30.0,530.0,520.0,540.0,1.45651719915e-06,1.45651719915e-06
9.0,0.0,30.0,550.0,540.0,560.0,1.21774176203e-06,1.21774176203e-06
9.0,0.0,30.0,570.0,560.0,580.0,8.69567261884e-07,8.69567261884e-07
9.0,0.0,30.0,590.0,580.0,600.0,8.99052827365e-07,8.99052827365e-07
9.0,0.0,30.0,610.0,600.0,620.0,7.93669403017e-07,7.93669403017e-07
9.0,0.0,30.0,630.0,620.0,640.0,1.0358100577e-06,1.0358100577e-06
9.0,0.0,30.0,650.0,640.0,660.0,1.28568650958e-06,1.28568650958e-06
9.0,0.0,30.0,670.0,660.0,680.0,1.54000459966e-06,1.54000459966e-06
9.0,0.0,30.0,690.0,680.0,700.0,1.68302728224e-06,1.68302728224e-06
9.0,0.0,30.0,710.0,700.0,720.0,1.73047782201e-06,1.73047782201e-06
9.0,0.0,30.0,730.0,720.0,740.0,1.71351659498e-06,1.71351659498e-06
9.0,0.0,30.0,750.0,740.0,760.0,1.60290000713e-06,1.60290000713e-06
9.0,0.0,30.0,770.0,760.0,780.0,1.54665295023e-06,1.54665295023e-06
9.0,0.0,45.0,390.0,380.0,400.0,8.71608824502e-07,8.71608824502e-07
9.0,0.0,45.0,410.0,400.0,420.0,1.34309635164e-06,1.34309635164e-06
9.0,0.0,45.0,430.0,420.0,440.0,1.2461201368e-06,1.2461201368e-06
9.0,0.0,45.0,450.0,440.0,460.0,1.38938354852e-06,1.38938354852e-06
9.0,0.0,45.0,470.0,460.0,480.0,1.3159486451e-06,1.3159486451e-06
9.0,0.0,45.0,490.0,480.0,500.0,1.1209250563e-06,1.1209250563e-06
9.0,0.0,45.0,510.0,500.0,520.0,8.74690149525e-07,8.74690149525e-07
9.0,0.0,45.0,530.0,520.0,540.0,6.47860144032e-07,6.47860144032e-07
9.0,0.0,45.0,550.0,540.0,560.0,5.27625532344e-07,5.27625532344e-07
9.0,0.0,45.0,570.0,560.0,580.0,3.68729318168e-07,3.68729318168e-07
9.0,0.0,45.0,590.0,580.0,600.0,3.74853641682e-07,3.74853641682e-07
9.0,0.0,45.0,610.0,600.0,620.0,3.26456597547e-07,3.26456597547e-07
9.0,0.0,45.0,630.0,620.0,640.0,4.21633503642e-07,4.21633503642e-07
9.0,0.0,45.0,650.0,640.0,660.0,5.18852665718e-07,5.18852665718e-07
9.0,0.0,45.0,670.0,660.0,680.0,6.16842644077e-07,6.16842644077e-07
9.0,0.0,45.0,690.0,680.0,700.0,6.69657247389e-07,6.69657247389e-07
9.0,0.0,45.0,710.0,700.0,720.0,6.84453342671e-07,6.84453342671e-07
9.0,0.0,45.0,730.0,720.0,740.0,6.74156965591e-07,6.74156965591e-07
9.0,0.0,45.0,750.0,740.0,760.0,6.27730419863e-07,6.27730419863e-07
9.0,0.0,45.0,770.0,760.0,780.0,6.03116127082e-07,6.03116127082e-07
9.0,0.0,60.0,390.0,380.0,400.0,6.79561496178e-07,6.79561496178e-07
9.0,0.0,60.0,410.0,400.0,420.0,1.01133290864e-06,1.01133290864e-06
9.0,0.0,60.0,430.0,420.0,440.0,9.07699295818e-07,9.07699295818e-07
9.0,0.0,60.0,450.0,440.0,460.0,9.80303615405e-07,9.80303615405e-07
9.0,0.0,60.0,470.0,460.0,480.0,9.00333003865e-07,9.00333003865e-07
9.0,0.0,60.0,490.0,480.0,500.0,7.44446069256e-07,7.44446069256e-07
9.0,0.0,60.0,510.0,500.0,520.0,5.64626240167e-07,5.64626240167e-07
9.0,0.0,60.0,530.0,520.0,540.0,4.07211269221e-07,4.07211269221e-07
9.0,0.0,60.0,550.0,540.0,560.0,3.23323078747e-07,3.23323078747e-07
9.0,0.0,60.0,570.0,560.0,580.0,2.20983303015e-07,2.20983303015e-07
9.0,0.0,60.0,590.0,580.0,600.0,2.19491680949e-07,2.19491680949e-07
9.0,0.0,60.0,610.0,600.0,620.0,1.87340281976e-07,1.87340281976e-07
9.0,0.0,60.0,630.0,620.0,640.0,2.37512089013e-07,2.37512089013e-07
9.0,0.0,60.0,650.0,640.0,660.0,2.88046219936e-07,2.88046219936e-07
9.0,0.0,60.0,670.0,660.0,680.0,3.38201071747e-07,3.38201071747e-07
9.0,0.0,60.0,690.0,680.0,700.0,3.62986679481e-07,3.62986679481e-07
9.0,0.0,60.0,710.0,700.0,720.0,3.67008302244e-07,3.67008302244e-07
9.0,0.0,60.0,730.0,720.0,740.0,3.57713309279e-07,3.57713309279e-07
9.0,0.0,60.0,750.0,740.0,760.0,3.29578994995e-07,3.29578994995e-07
9.0,0.0,60.0,770.0,760.0,780.0,3.13658169847e-07,3.13658169847e-07
9.0,0.0,90.0,390.0,380.0,400.0,4.84873034284e-07,4.84873034284e-07
9.0,0.0,90.0,410.0,400.0,420.0,6.76369384524e-07,6.76369384524e-07
9.0,0.0,90.0,430.0,420.0,440.0,5.69256616216e-07,5.69256616216e-07
9.0,0.0,90.0,450.0,440.0,460.0,5.77571564487e-07,5.77571564487e-07
9.0,0.0,90.0,470.0,460.0,480.0,4.99944838883e-07,4.99944838883e-07
9.0,0.0,90.0,490.0,480.0,500.0,3.91325748722e-07,3.91325748722e-07
9.0,0.0,90.0,510.0,500.0,520.0,2.82513722472e-07,2.82513722472e-07
9.0,0.0,90.0,530.0,520.0,540.0,1.95219926446e-07,1.95219926446e-07
9.0,0.0,90.0,550.0,540.0,560.0,1.4954410232e-07,1.4954410232e-07
9.0,0.0,90.0,570.0,560.0,580.0,9.93742985721e-08,9.93742985721e-08
9.0,0.0,90.0,590.0,580.0,600.0,9.64970425882e-08,9.64970425882e-08
9.0,0.0,90.0,610.0,600.0,620.0,8.10462208169e-08,8.10462208169e-08
9.0,0.0,90.0,630.0,620.0,640.0,1.01553026979e-07,1.01553026979e-07
9.0,0.0,90.0,650.0,640.0,660.0,1.22210715159e-07,1.22210715159e-07
9.0,0.0,90.0,670.0,660.0,680.0,1.42767288762e-07,1.42767288762e-07
9.0,0.0,90.0,690.0,680.0,700.0,1.52757928803e-07,1.52757928803e-07
9.0,0.0,90.0,710.0,700.0,720.0,1.5421309606e-07,1.5421309606e-07
9.0,0.0,90.0,730.0,720.0,740.0,1.50268270619e-07,1.50268270619e-07
9.0,0.0,90.0,750.0,740.0,760.0,1.3858010684e-07,1.3858010684e-07
9.0,0.0,90.0,770.0,760.0,780.0,1.32074792531e-07,1.32074792531e-07
9.0,90.0,0.0,390.0,380.0,400.0,5.22985163033e-07,5.22985163033e-07
9.0,90.0,0.0,410.0,400.0,420.0,8.60293530253e-07,8.60293530253e-07
9.0,90.0,0.0,430.0,420.0,440.0,8.42209339536e-07,8.42209339536e-07
9.0,90.0,0.0,450.0,440.0,460.0,9.79846962413e-07,9.79846962413e-07
9.0,90.0,0.0,470.0,460.0,480.0,9.58315897414e-07,9.58315897414e-07
9.0,90.0,0.0,490.0,480.0,500.0,8.35086218833e-07,8.35086218833e-07
9.0,90.0,0.0,510.0,500.0,520.0,6.61407266079e-07,6.61407266079e-07
9.0,90.0,0.0,530.0,520.0,540.0,4.94508226696e-07,4.94508226696e-07
9.0,90.0,0.0,550.0,540.0,560.0,4.03624052016e-07,4.03624052016e-07
9.0,90.0,0.0,570.0,560.0,580.0,2.83204815244e-07,2.83204815244e-07
9.0,90.0,0.0,590.0,580.0,600.0,2.84837256037e-07,2.84837256037e-07
9.0,90.0,0.0,610.0,600.0,620.0,2.46519000404e-07,2.46519000404e-07
9.0,90.0,0.0,630.0,620.0,640.0,3.17061606881e-07,3.17061606881e-07
9.0,90.0,0.0,650.0,640.0,660.0,3.95294305336e-07,3.95294305336e-07
9.0,90.0,0.0,670.0,660.0,680.0,4.80410095635e-07,4.80410095635e-07
9.0,90.0,0.0,690.0,680.0,700.0,5.34950413761e-07,5.34950413761e-07
9.0,90.0,0.0,710.0,700.0,720.0,5.61262238496e-07,5.61262238496e-07
9.0,90.0,0.0,730.0,720.0,740.0,5.66942099982e-07,5.66942099982e-07
9.0,90.0,0.0,750.0,740.0,760.0,5.38869802521e-07,5.38869802521e-07
9.0,90.0,0.0,770.0,760.0,780.0,5.31522643791e-07,5.31522643791e-07
9.0,90.0,0.5,390.0,380.0,400.0,5.31260646472e-07,5.31260646472e-07
9.0,90.0,0.5,410.0,400.0,420.0,8.766402419e-07,8.766402419e-07
9.0,90.0,0.5,430.0,420.0,440.0,8.61275153793e-07,8.61275153793e-07
9.0,90.0,0.5,450.0,440.0,460.0,1.00599970258e-06,1.00599970258e-06
9.0,90.0,0.5,470.0,460.0,480.0,9.88113524606e-07,9.88113524606e-07
9.0,90.0,0.5,490.0,480.0,500.0,8.64960287632e-07,8.64960287632e-07
9.0,90.0,0.5,510.0,500.0,520.0,6.8828785343e-07,6.8828785343e-07
9.0,90.0,0.5,530.0,520.0,540.0,5.17059557407e-07,5.17059557407e-07
9.0,90.0,0.5,550.0,540.0,560.0,4.24022000773e-07,4.24022000773e-07
9.0,90.0,0.5,570.0,560.0,580.0,2.98880574242e-07,2.98880574242e-07
9.0,90.0,0.5,590.0,580.0,600.0,3.0189174277e-07,3.0189174277e-07
9.0,90.0,0.5,610.0,600.0,620.0,2.6231134542e-07,2.6231134542e-07
9.0,90.0,0.5,630.0,620.0,640.0,3.38620433595e-07,3.38620433595e-07
9.0,90.0,0.5,650.0,640.0,660.0,4.23637296278e-07,4.23637296278e-07
9.0,90.0,0.5,670.0,660.0,680.0,5.16475817138e-07,5.16475817138e-07
9.0,90.0,0.5,690.0,680.0,700.0,5.76677968843e-07,5.76677968843e-07
9.0,90.0,0.5,710.0,700.0,720.0,6.06398789633e-07,6.06398789633e-07
9.0,90.0,0.5,730.0,720.0,740.0,6.1357756092e-07,6.1357756092e-07
9.0,90.0,0.5,750.0,740.0,760.0,5.83798751769e-07,5.83798751769e-07
9.0,90.0,0.5,770.0,760.0,780.0,5.76223518853e-07,5.76223518853e-07
9.0,90.0,1.0,390.0,380.0,400.0,5.6359702e-07,5.6359702e-07
9.0,90.0,1.0,410.0,400.0,420.0,9.39325045902e-07,9.39325045902e-07
9.0,90.0,1.0,430.0,420.0,440.0,9.31709453281e-07,9.31709453281e-07
9.0,90.0,1.0,450.0,440.0,460.0,1.09786332948e-06,1.09786332948e-06
9.0,90.0,1.0,470.0,460.0,480.0,1.08675654113e-06,1.08675654113e-06
9.0,90.0,1.0,490.0,480.0,500.0,9.57653936378e-07,9.57653936378e-07
9.0,90.0,1.0,510.0,500.0,520.0,7.66234227248e-07,7.66234227248e-07
9.0,90.0,1.0,530.0,520.0,540.0,5.78080946681e-07,5.78080946681e-07
9.0,90.0,1.0,550.0,540.0,560.0,4.75424290397e-07,4.75424290397e-07
9.0,90.0,1.0,570.0,560.0,580.0,3.35681928566e-07,3.35681928566e-07
9.0,90.0,1.0,590.0,580.0,600.0,3.39133500364e-07,3.39133500364e-07
9.0,90.0,1.0,610.0,600.0,620.0,2.94435114439e-07,2.94435114439e-07
9.0,90.0,1.0,630.0,620.0,640.0,3.79499769888e-07,3.79499769888e-07
9.0,90.0,1.0,650.0,640.0,660.0,4.73845062366e-07,4.73845062366e-07
9.0,90.0,1.0,670.0,660.0,680.0,5.76285755818e-07,5.76285755818e-07
9.0,90.0,1.0,690.0,680.0,700.0,6.41595642918e-07,6.41595642918e-07
9.0,90.0,1.0,710.0,700.0,720.0,6.72407076076e-07,6.72407076076e-07
9.0,90.0,1.0,730.0,720.0,740.0,6.77809033115e-07,6.77809033115e-07
9.0,90.0,1.0,750.0,740.0,760.0,6.42181746604e-07,6.42181746604e-07
9.0,90.0,1.0,770.0,760.0,780.0,6.31122925084e-07,6.31122925084e-07
9.0,90.0,2.0,390.0,380.0,400.0,6.07035522395e-07,6.07035522395e-07
9.0,90.0,2.0,410.0,400.0,420.0,1.02117522062e-06,1.02117522062e-06
9.0,90.0,2.0,430.0,420.0,440.0,1.0220610736e-06,1.0220610736e-06
9.0,90.0,2.0,450.0,440.0,460.0,1.21439347477e-06,1.21439347477e-06
9.0,90.0,2.0,470.0,460.0,480.0,1.21083159256e-06,1.21083159256e-06
9.0,90.0,2.0,490.0,480.0,500.0,1.07317434981e-06,1.07317434981e-06
9.0,90.0,2.0,510.0,500.0,520.0,8.62103590124e-07,8.62103590124e-07
9.0,90.0,2.0,530.0,520.0,540.0,6.5167088393e-07,6.5167088393e-07
9.0,90.0,2.0,550.0,540.0,560.0,5.3594301332e-07,5.3594301332e-07
9.0,90.0,2.0,570.0,560.0,580.0,3.7755033863e-07,3.7755033863e-07
9.0,90.0,2.0,590.0,580.0,600.0,3.80241247415e-07,3.80241247415e-07
9.0,90.0,2.0,610.0,600.0,620.0,3.28538327975e-07,3.28538327975e-07
9.0,90.0,2.0,630.0,620.0,640.0,4.21827082047e-07,4.21827082047e-07
9.0,90.0,2.0,650.0,640.0,660.0,5.24500376407e-07,5.24500376407e-07
9.0,90.0,2.0,670.0,660.0,680.0,6.34849796467e-07,6.34849796467e-07
9.0,90.0,2.0,690.0,680.0,700.0,7.0302626062e-07,7.0302626062e-07
9.0,90.0,2.0,710.0,700.0,720.0,7.32517648598e-07,7.32517648598e-07
9.0,90.0,2.0,730.0,720.0,740.0,7.33843392515e-07,7.33843392515e-07
9.0,90.0,2.0,750.0,740.0,760.0,6.90662753687e-07,6.90662753687e-07
9.0,90.0,2.0,770.0,760.0,780.0,6.74439262919e-07,6.74439262919e-07
9.0,90.0,3.0,390.0,380.0,400.0,6.53396101702e-07,6.53396101702e-07
9.0,90.0,3.0,410.0,400.0,420.0,1.10820045718e-06,1.10820045718e-06
9.0,90.0,3.0,430.0,420.0,440.0,1.11694011932e-06,1.11694011932e-06
9.0,90.0,3.0,450.0,440.0,460.0,1.33399642152e-06,1.33399642152e-06
9.0,90.0,3.0,470.0,460.0,480.0,1.33396406306e-06,1.33396406306e-06
9.0,90.0,3.0,490.0,480.0,500.0,1.18290802258e-06,1.18290802258e-06
9.0,90.0,3.0,510.0,500.0,520.0,9.4846990494e-07,9.4846990494e-07
9.0,90.0,3.0,530.0,520.0,540.0,7.14004657331e-07,7.14004657331e-07
9.0,90.0,3.0,550.0,540.0,560.0,5.83932114748e-07,5.83932114748e-07
9.0,90.0,3.0,570.0,560.0,580.0,4.08333723465e-07,4.08333723465e-07
9.0,90.0,3.0,590.0,580.0,600.0,4.08478033415e-07,4.08478033415e-07
9.0,90.0,3.0,610.0,600.0,620.0,3.5026598259e-07,3.5026598259e-07
9.0,90.0,3.0,630.0,620.0,640.0,4.47319315114e-07,4.47319315114e-07
9.0,90.0,3.0,650.0,640.0,660.0,5.53264475011e-07,5.53264475011e-07
9.0,90.0,3.0,670.0,660.0,680.0,6.65973109805e-07,6.65973109805e-07
9.0,90.0,3.0,690.0,680.0,700.0,7.333203865e-07,7.333203865e-07
9.0,90.0,3.0,710.0,700.0,720.0,7.59742523178e-07,7.59742523178e-07
9.0,90.0,3.0,730.0,720.0,740.0,7.56843924482e-07,7.56843924482e-07
9.0,90.0,3.0,750.0,740.0,760.0,7.08384001913e-07,7.08384001913e-07
9.0,90.0,3.0,770.0,760.0,780.0,6.88140472441e-07,6.88140472441e-07
9.0,90.0,5.0,390.0,380.0,400.0,7.48644434205e-07,7.48644434205e-07
9.0,90.0,5.0,410.0,400.0,420.0,1.27891955884e-06,1.27891955884e-06
9.0,90.0,5.0,430.0,420.0,440.0,1.29141732299e-06,1.29141732299e-06
9.0,90.0,5.0,450.0,440.0,460.0,1.53725655554e-06,1.53725655554e-06
9.0,90.0,5.0,470.0,460.0,480.0,1.52537080708e-06,1.52537080708e-06
9.0,90.0,5.0,490.0,480.0,500.0,1.33772923615e-06,1.33772923615e-06
9.0,90.0,5.0,510.0,500.0,520.0,1.05829628345e-06,1.05829628345e-06
9.0,90.0,5.0,530.0,520.0,540.0,7.84846645309e-07,7.84846645309e-07
9.0,90.0,5.0,550.0,540.0,560.0,6.32366660911e-07,6.32366660911e-07
9.0,90.0,5.0,570.0,560.0,580.0,4.35358759863e-07,4.35358759863e-07
9.0,90.0,5.0,590.0,580.0,600.0,4.30163182316e-07,4.30163182316e-07
9.0,90.0,5.0,610.0,600.0,620.0,3.64416816134e-07,3.64416816134e-07
9.0,90.0,5.0,630.0,620.0,640.0,4.61626416937e-07,4.61626416937e-07
9.0,90.0,5.0,650.0,640.0,660.0,5.66326401608e-07,5.66326401608e-07
9.0,90.0,5.0,670.0,660.0,680.0,6.75971238924e-07,6.75971238924e-07
9.0,90.0,5.0,690.0,680.0,700.0,7.3810491463e-07,7.3810491463e-07
9.0,90.0,5.0,710.0,700.0,720.0,7.58508810275e-07,7.58508810275e-07
9.0,90.0,5.0,730.0,720.0,740.0,7.49833510386e-07,7.49833510386e-07
9.0,90.0,5.0,750.0,740.0,760.0,6.96992180497e-07,6.96992180497e-07
9.0,90.0,5.0,770.0,760.0,780.0,6.72454991719e-07,6.72454991719e-07
9.0,90.0,8.0,390.0,380.0,400.0,8.68575502581e-07,8.68575502581e-07
9.0,90.0,8.0,410.0,400.0,420.0,1.46512166415e-06,1.46512166415e-06
9.0,90.0,8.0,430.0,420.0,440.0,1.45297828397e-06,1.45297828397e-06
9.0,90.0,8.0,450.0,440.0,460.0,1.6936950502e-06,1.6936950502e-06
9.0,90.0,8.0,470.0,460.0,480.0,1.64421971178e-06,1.64421971178e-06
9.0,90.0,8.0,490.0,480.0,500.0,1.41138581978e-06,1.41138581978e-06
9.0,90.0,8.0,510.0,500.0,520.0,1.09434725625e-06,1.09434725625e-06
9.0,90.0,8.0,530.0,520.0,540.0,7.9685002848e-07,7.9685002848e-07
9.0,90.0,8.0,550.0,540.0,560.0,6.31950828619e-07,6.31950828619e-07
9.0,90.0,8.0,570.0,560.0,580.0,4.28955702475e-07,4.28955702475e-07
9.0,90.0,8.0,590.0,580.0,600.0,4.19438437275e-07,4.19438437275e-07
9.0,90.0,8.0,610.0,600.0,620.0,3.52155670209e-07,3.52155670209e-07
9.0,90.0,8.0,630.0,620.0,640.0,4.4294176823e-07,4.4294176823e-07
9.0,90.0,8.0,650.0,640.0,660.0,5.39102634458e-07,5.39102634458e-07
9.0,90.0,8.0,670.0,660.0,680.0,6.38138931638e-07,6.38138931638e-07
9.0,90.0,8.0,690.0,680.0,700.0,6.91132514917e-07,6.91132514917e-07
9.0,90.0,8.0,710.0,700.0,720.0,7.04786833323e-07,7.04786833323e-07
9.0,90.0,8.0,730.0,720.0,740.0,6.91845591806e-07,6.91845591806e-07
9.0,90.0,8.0,750.0,740.0,760.0,6.39408825512e-07,6.39408825512e-07
9.0,90.0,8.0,770.0,760.0,780.0,6.1304398563e-07,6.1304398563e-07
9.0,90.0,12.0,390.0,380.0,400.0,9.53051014093e-07,9.53051014093e-07
9.0,90.0,12.0,410.0,400.0,420.0,1.56135064369e-06,1.56135064369e-06
9.0,90.0,12.0,430.0,420.0,440.0,1.505054963e-06,1.505054963e-06
9.0,90.0,12.0,450.0,440.0,460.0,1.7092033865e-06,1.7092033865e-06
9.0,90.0,12.0,470.0,460.0,480.0,1.62135697726e-06,1.62135697726e-06
9.0,90.0,12.0,490.0,480.0,500.0,1.36426945143e-06,1.36426945143e-06
9.0,90.0,12.0,510.0,500.0,520.0,1.04022076056e-06,1.04022076056e-06
9.0,90.0,12.0,530.0,520.0,540.0,7.47107588399e-07,7.47107588399e-07
9.0,90.0,12.0,550.0,540.0,560.0,5.85972836964e-07,5.85972836964e-07
9.0,90.0,12.0,570.0,560.0,580.0,3.94308875901e-07,3.94308875901e-07
9.0,90.0,12.0,590.0,580.0,600.0,3.82943786307e-07,3.82943786307e-07
9.0,90.0,12.0,610.0,600.0,620.0,3.19840693174e-07,3.19840693174e-07
9.0,90.0,12.0,630.0,620.0,640.0,3.99792297592e-07,3.99792297592e-07
9.0,90.0,12.0,650.0,640.0,660.0,4.83005487788e-07,4.83005487788e-07
9.0,90.0,12.0,670.0,660.0,680.0,5.6741398227e-07,5.6741398227e-07
9.0,90.0,12.0,690.0,680.0,700.0,6.10077530926e-07,6.10077530926e-07
9.0,90.0,12.0,710.0,700.0,720.0,6.17936793643e-07,6.17936793643e-07
9.0,90.0,12.0,730.0,720.0,740.0,6.02909643089e-07,6.02909643089e-07
9.0,90.0,12.0,750.0,740.0,760.0,5.54532470011e-07,5.54532470011e-07
9.0,90.0,12.0,770.0,760.0,780.0,5.28760066698e-07,5.28760066698e-07
9.0,90.0,20.0,390.0,380.0,400.0,9.55852980559e-07,9.55852980559e-07
9.0,90.0,20.0,410.0,400.0,420.0,1.49864950176e-06,1.49864950176e-06
9.0,90.0,20.0,430.0,420.0,440.0,1.39211025701e-06,1.39211025701e-06
9.0,90.0,20.0,450.0,440.0,460.0,1.53323114935e-06,1.53323114935e-06
9.0,90.0,20.0,470.0,460.0,480.0,1.41842971151e-06,1.41842971151e-06
9.0,90.0,20.0,490.0,480.0,500.0,1.16954004451e-06,1.16954004451e-06
9.0,90.0,20.0,510.0,500.0,520.0,8.77509455719e-07,8.77509455719e-07
9.0,90.0,20.0,530.0,520.0,540.0,6.2250675446e-07,6.2250675446e-07
9.0,90.0,20.0,550.0,540.0,560.0,4.83476012898e-07,4.83476012898e-07
9.0,90.0,20.0,570.0,560.0,580.0,3.23101098556e-07,3.23101098556e-07
9.0,90.0,20.0,590.0,580.0,600.0,3.11709921184e-07,3.11709921184e-07
9.0,90.0,20.0,610.0,600.0,620.0,2.59084469394e-07,2.59084469394e-07
9.0,90.0,20.0,630.0,620.0,640.0,3.21250188142e-07,3.21250188142e-07
9.0,90.0,20.0,650.0,640.0,660.0,3.84563225196e-07,3.84563225196e-07
9.0,90.0,20.0,670.0,660.0,680.0,4.47679348254e-07,4.47679348254e-07
9.0,90.0,20.0,690.0,680.0,700.0,4.7724598205e-07,4.7724598205e-07
9.0,90.0,20.0,710.0,700.0,720.0,4.79605502867e-07,4.79605502867e-07
9.0,90.0,20.0,730.0,720.0,740.0,4.64639432055e-07,4.64639432055e-07
9.0,90.0,20.0,750.0,740.0,760.0,4.24916630789e-07,4.24916630789e-07
9.0,90.0,20.0,770.0,760.0,780.0,4.02580098435e-07,4.02580098435e-07
9.0,90.0,30.0,390.0,380.0,400.0,8.66525560892e-07,8.66525560892e-07
9.0,90.0,30.0,410.0,400.0,420.0,1.31820309011e-06,1.31820309011e-06
9.0,90.0,30.0,430.0,420.0,440.0,1.19563630372e-06,1.19563630372e-06
9.0,90.0,30.0,450.0,440.0,460.0,1.29233784588e-06,1.29233784588e-06
9.0,90.0,30.0,470.0,460.0,480.0,1.17802843621e-06,1.17802843621e-06
9.0,90.0,30.0,490.0,480.0,500.0,9.60108236163e-07,9.60108236163e-07
9.0,90.0,30.0,510.0,500.0,520.0,7.13952903328e-07,7.13952903328e-07
9.0,90.0,30.0,530.0,520.0,540.0,5.03119691688e-07,5.03119691688e-07
9.0,90.0,30.0,550.0,540.0,560.0,3.88674663639e-07,3.88674663639e-07
9.0,90.0,30.0,570.0,560.0,580.0,2.58831784184e-07,2.58831784184e-07
9.0,90.0,30.0,590.0,580.0,600.0,2.48709763983e-07,2.48709763983e-07
9.0,90.0,30.0,610.0,600.0,620.0,2.06121593715e-07,2.06121593715e-07
9.0,90.0,30.0,630.0,620.0,640.0,2.54212273176e-07,2.54212273176e-07
9.0,90.0,30.0,650.0,640.0,660.0,3.02525772841e-07,3.02525772841e-07
9.0,90.0,30.0,670.0,660.0,680.0,3.50186841296e-07,3.50186841296e-07
9.0,90.0,30.0,690.0,680.0,700.0,3.71360638187e-07,3.71360638187e-07
9.0,90.0,30.0,710.0,700.0,720.0,3.71409423351e-07,3.71409423351e-07
9.0,90.0,30.0,730.0,720.0,740.0,3.58269130724e-07,3.58269130724e-07
9.0,90.0,30.0,750.0,740.0,760.0,3.26482547095e-07,3.26482547095e-07
9.0,90.0,30.0,770.0,760.0,780.0,3.08117978675e-07,3.08117978675e-07
9.0,90.0,45.0,390.0,380.0,400.0,7.3634760107e-07,7.3634760107e-07
9.0,90.0,45.0,410.0,400.0,420.0,1.09403978693e-06,1.09403978693e-06
9.0,90.0,45.0,430.0,420.0,440.0,9.74237446884e-07,9.74237446884e-07
9.0,90.0,45.0,450.0,440.0,460.0,1.03804028726e-06,1.03804028726e-06
9.0,90.0,45.0,470.0,460.0,480.0,9.3569092227e-07,9.3569092227e-07
9.0,90.0,45.0,490.0,480.0,500.0,7.55979540316e-07,7.55979540316e-07
9.0,90.0,45.0,510.0,500.0,520.0,5.58427249049e-07,5.58427249049e-07
9.0,90.0,45.0,530.0,520.0,540.0,3.91601055588e-07,3.91601055588e-07
9.0,90.0,45.0,550.0,540.0,560.0,3.01380599253e-07,3.01380599253e-07
9.0,90.0,45.0,570.0,560.0,580.0,2.00214683908e-07,2.00214683908e-07
9.0,90.0,45.0,590.0,580.0,600.0,1.91893136423e-07,1.91893136423e-07
9.0,90.0,45.0,610.0,600.0,620.0,1.58757639456e-07,1.58757639456e-07
9.0,90.0,45.0,630.0,620.0,640.0,1.95138184246e-07,1.95138184246e-07
9.0,90.0,45.0,650.0,640.0,660.0,2.31354458663e-07,2.31354458663e-07
9.0,90.0,45.0,670.0,660.0,680.0,2.6684168273e-07,2.6684168273e-07
9.0,90.0,45.0,690.0,680.0,700.0,2.82046692819e-07,2.82046692819e-07
9.0,90.0,45.0,710.0,700.0,720.0,2.81249006559e-07,2.81249006559e-07
9.0,90.0,45.0,730.0,720.0,740.0,2.70590098119e-07,2.70590098119e-07
9.0,90.0,45.0,750.0,740.0,760.0,2.46075966546e-07,2.46075966546e-07
9.0,90.0,45.0,770.0,760.0,780.0,2.31697128989e-07,2.31697128989e-07
9.0,90.0,60.0,390.0,380.0,400.0,6.24235119343e-07,6.24235119343e-07
9.0,90.0,60.0,410.0,400.0,420.0,9.12011480202e-07,9.12011480202e-07
9.0,90.0,60.0,430.0,420.0,440.0,8.01609418928e-07,8.01609418928e-07
9.0,90.0,60.0,450.0,440.0,460.0,8.45682807913e-07,8.45682807913e-07
9.0,90.0,60.0,470.0,460.0,480.0,7.56793811355e-07,7.56793811355e-07
9.0,90.0,60.0,490.0,480.0,500.0,6.08394402862e-07,6.08394402862e-07
9.0,90.0,60.0,510.0,500.0,520.0,4.48023747168e-07,4.48023747168e-07
9.0,90.0,60.0,530.0,520.0,540.0,3.13703410089e-07,3.13703410089e-07
9.0,90.0,60.0,550.0,540.0,560.0,2.41416697256e-07,2.41416697256e-07
9.0,90.0,60.0,570.0,560.0,580.0,1.60504307532e-07,1.60504307532e-07
9.0,90.0,60.0,590.0,580.0,600.0,1.54173481194e-07,1.54173481194e-07
9.0,90.0,60.0,610.0,600.0,620.0,1.27871247123e-07,1.27871247123e-07
9.0,90.0,60.0,630.0,620.0,640.0,1.57548718282e-07,1.57548718282e-07
9.0,90.0,60.0,650.0,640.0,660.0,1.87069779166e-07,1.87069779166e-07
9.0,90.0,60.0,670.0,660.0,680.0,2.16007437243e-07,2.16007437243e-07
9.0,90.0,60.0,690.0,680.0,700.0,2.28554477452e-07,2.28554477452e-07
9.0,90.0,60.0,710.0,700.0,720.0,2.28152854435e-07,2.28152854435e-07
9.0,90.0,60.0,730.0,720.0,740.0,2.19762366166e-07,2.19762366166e-07
9.0,90.0,60.0,750.0,740.0,760.0,2.00143835487e-07,2.00143835487e-07
9.0,90.0,60.0,770.0,760.0,780.0,1.88649537814e-07,1.88649537814e-07
9.0,90.0,90.0,390.0,380.0,400.0,4.84805848593e-07,4.84805848593e-07
9.0,90.0,90.0,410.0,400.0,420.0,6.76270973305e-07,6.76270973305e-07
9.0,90.0,90.0,430.0,420.0,440.0,5.69173734306e-07,5.69173734306e-07
9.0,90.0,90.0,450.0,440.0,460.0,5.7748876674e-07,5.7748876674e-07
9.0,90.0,90.0,470.0,460.0,480.0,4.99873796218e-07,4.99873796218e-07
9.0,90.0,90.0,490.0,480.0,500.0,3.91268208329e-07,3.91268208329e-07
9.0,90.0,90.0,510.0,500.0,520.0,2.82466794121e-07,2.82466794121e-07
9.0,90.0,90.0,530.0,520.0,540.0,1.95180761997e-07,1.95180761997e-07
9.0,90.0,90.0,550.0,540.0,560.0,1.49511826597e-07,1.49511826597e-07
9.0,90.0,90.0,570.0,560.0,580.0,9.93497588625e-08,9.93497588625e-08
9.0,90.0,90.0,590.0,580.0,600.0,9.64751917071e-08,9.64751917071e-08
9.0,90.0,90.0,610.0,600.0,620.0,8.10283075267e-08,8.10283075267e-08
9.0,90.0,90.0,630.0,620.0,640.0,1.01535970918e-07,1.01535970918e-07
9.0,90.0,90.0,650.0,640.0,660.0,1.22196107525e-07,1.22196107525e-07
9.0,90.0,90.0,670.0,660.0,680.0,1.42755346167e-07,1.42755346167e-07
9.0,90.0,90.0,690.0,680.0,700.0,1.52749023487e-07,1.52749023487e-07
9.0,90.0,90.0,710.0,700.0,720.0,1.54206800972e-07,1.54206800972e-07
9.0,90.0,90.0,730.0,720.0,740.0,1.50263832122e-07,1.50263832122e-07
9.0,90.0,90.0,750.0,740.0,760.0,1.38576579362e-07,1.38576579362e-07
9.0,90.0,90.0,770.0,760.0,780.0,1.32072376034e-07,1.32072376034e-07
9.0,180.0,0.0,390.0,380.0,400.0,4.69471528509e-07,4.69471528509e-07
9.0,180.0,0.0,410.0,400.0,420.0,7.50016504814e-07,7.50016504814e-07
9.0,180.0,0.0,430.0,420.0,440.0,7.09006219166e-07,7.09006219166e-07
9.0,180.0,0.0,450.0,440.0,460.0,7.9265357939e-07,7.9265357939e-07
9.0,180.0,0.0,470.0,460.0,480.0,7.42123068148e-07,7.42123068148e-07
9.0,180.0,0.0,490.0,480.0,500.0,6.17313458635e-07,6.17313458635e-07
9.0,180.0,0.0,510.0,500.0,520.0,4.65761459798e-07,4.65761459798e-07
9.0,180.0,0.0,530.0,520.0,540.0,3.31274917144e-07,3.31274917144e-07
9.0,180.0,0.0,550.0,540.0,560.0,2.5729496337e-07,2.5729496337e-07
9.0,180.0,0.0,570.0,560.0,580.0,1.71722030995e-07,1.71722030995e-07
9.0,180.0,0.0,590.0,580.0,600.0,1.6492976536e-07,1.6492976536e-07
9.0,180.0,0.0,610.0,600.0,620.0,1.36439805431e-07,1.36439805431e-07
9.0,180.0,0.0,630.0,620.0,640.0,1.6864864937e-07,1.6864864937e-07
9.0,180.0,0.0,650.0,640.0,660.0,2.02432589836e-07,2.02432589836e-07
9.0,180.0,0.0,670.0,660.0,680.0,2.37215619111e-07,2.37215619111e-07
9.0,180.0,0.0,690.0,680.0,700.0,2.55127712944e-07,2.55127712944e-07
9.0,180.0,0.0,710.0,700.0,720.0,2.59011940267e-07,2.59011940267e-07
9.0,180.0,0.0,730.0,720.0,740.0,2.53637900267e-07,2.53637900267e-07
9.0,180.0,0.0,750.0,740.0,760.0,2.34140387313e-07,2.34140387313e-07
9.0,180.0,0.0,770.0,760.0,780.0,2.24716567202e-07,2.24716567202e-07
9.0,180.0,0.5,390.0,380.0,400.0,4.96074518532e-07,4.96074518532e-07
9.0,180.0,0.5,410.0,400.0,420.0,7.92214561446e-07,7.92214561446e-07
9.0,180.0,0.5,430.0,420.0,440.0,7.48616223884e-07,7.48616223884e-07
9.0,180.0,0.5,450.0,440.0,460.0,8.36632418139e-07,8.36632418139e-07
9.0,180.0,0.5,470.0,460.0,480.0,7.83018783364e-07,7.83018783364e-07
9.0,180.0,0.5,490.0,480.0,500.0,6.51097837813e-07,6.51097837813e-07
9.0,180.0,0.5,510.0,500.0,520.0,4.91068196884e-07,4.91068196884e-07
9.0,180.0,0.5,530.0,520.0,540.0,3.49131884269e-07,3.49131884269e-07
9.0,180.0,0.5,550.0,540.0,560.0,2.71023020269e-07,2.71023020269e-07
9.0,180.0,0.5,570.0,560.0,580.0,1.80775637103e-07,1.80775637103e-07
9.0,180.0,0.5,590.0,580.0,600.0,1.73471128457e-07,1.73471128457e-07
9.0,180.0,0.5,610.0,600.0,620.0,1.43353788406e-07,1.43353788406e-07
9.0,180.0,0.5,630.0,620.0,640.0,1.76952612604e-07,1.76952612604e-07
9.0,180.0,0.5,650.0,640.0,660.0,2.12071500042e-07,2.12071500042e-07
9.0,180.0,0.5,670.0,660.0,680.0,2.48068619478e-07,2.48068619478e-07
9.0,180.0,0.5,690.0,680.0,700.0,2.662467832e-07,2.662467832e-07
9.0,180.0,0.5,710.0,700.0,720.0,2.69648935706e-07,2.69648935706e-07
9.0,180.0,0.5,730.0,720.0,740.0,2.63321993088e-07,2.63321993088e-07
9.0,180.0,0.5,750.0,740.0,760.0,2.42309119255e-07,2.42309119255e-07
9.0,180.0,0.5,770.0,760.0,780.0,2.31745884808e-07,2.31745884808e-07
9.0,180.0,1.0,390.0,380.0,400.0,5.10111731239e-07,5.10111731239e-07
9.0,180.0,1.0,410.0,400.0,420.0,8.16312359491e-07,8.16312359491e-07
9.0,180.0,1.0,430.0,420.0,440.0,7.72836874405e-07,7.72836874405e-07
9.0,180.0,1.0,450.0,440.0,460.0,8.65163837502e-07,8.65163837502e-07
9.0,180.0,1.0,470.0,460.0,480.0,8.10936176716e-07,8.10936176716e-07
9.0,180.0,1.0,490.0,480.0,500.0,6.7517911193e-07,6.7517911193e-07
9.0,180.0,1.0,510.0,500.0,520.0,5.09759065755e-07,5.09759065755e-07
9.0,180.0,1.0,530.0,520.0,540.0,3.62691633302e-07,3.62691633302e-07
9.0,180.0,1.0,550.0,540.0,560.0,2.81662185862e-07,2.81662185862e-07
9.0,180.0,1.0,570.0,560.0,580.0,1.87877520235e-07,1.87877520235e-07
9.0,180.0,1.0,590.0,580.0,600.0,1.80203053705e-07,1.80203053705e-07
9.0,180.0,1.0,610.0,600.0,620.0,1.48779984646e-07,1.48779984646e-07
9.0,180.0,1.0,630.0,620.0,640.0,1.83391744165e-07,1.83391744165e-07
9.0,180.0,1.0,650.0,640.0,660.0,2.19387496449e-07,2.19387496449e-07
9.0,180.0,1.0,670.0,660.0,680.0,2.56043149025e-07,2.56043149025e-07
9.0,180.0,1.0,690.0,680.0,700.0,2.74051079436e-07,2.74051079436e-07
9.0,180.0,1.0,710.0,700.0,720.0,2.76660622454e-07,2.76660622454e-07
9.0,180.0,1.0,730.0,720.0,740.0,2.69178743277e-07,2.69178743277e-07
9.0,180.0,1.0,750.0,740.0,760.0,2.46681272661e-07,2.46681272661e-07
9.0,180.0,1.0,770.0,760.0,780.0,2.34884794583e-07,2.34884794583e-07
9.0,180.0,2.0,390.0,380.0,400.0,5.40319288309e-07,5.40319288309e-07
9.0,180.0,2.0,410.0,400.0,420.0,8.68359197141e-07,8.68359197141e-07
9.0,180.0,2.0,430.0,420.0,440.0,8.25242925379e-07,8.25242925379e-07
9.0,180.0,2.0,450.0,440.0,460.0,9.26857115472e-07,9.26857115472e-07
9.0,180.0,2.0,470.0,460.0,480.0,8.71061799731e-07,8.71061799731e-07
9.0,180.0,2.0,490.0,480.0,500.0,7.26613854404e-07,7.26613854404e-07
9.0,180.0,2.0,510.0,500.0,520.0,5.49141334713e-07,5.49141334713e-07
9.0,180.0,2.0,530.0,520.0,540.0,3.90705400413e-07,3.90705400413e-07
9.0,180.0,2.0,550.0,540.0,560.0,3.03075785739e-07,3.03075785739e-07
9.0,180.0,2.0,570.0,560.0,580.0,2.01704672142e-07,2.01704672142e-07
9.0,180.0,2.0,590.0,580.0,600.0,1.92784904917e-07,1.92784904917e-07
9.0,180.0,2.0,610.0,600.0,620.0,1.58428409788e-07,1.58428409788e-07
9.0,180.0,2.0,630.0,620.0,640.0,1.94162488519e-07,1.94162488519e-07
9.0,180.0,2.0,650.0,640.0,660.0,2.30739409355e-07,2.30739409355e-07
9.0,180.0,2.0,670.0,660.0,680.0,2.67296543285e-07,2.67296543285e-07
9.0,180.0,2.0,690.0,680.0,700.0,2.83760351435e-07,2.83760351435e-07
9.0,180.0,2.0,710.0,700.0,720.0,2.8393385676e-07,2.8393385676e-07
9.0,180.0,2.0,730.0,720.0,740.0,2.73662153415e-07,2.73662153415e-07
9.0,180.0,2.0,750.0,740.0,760.0,2.48314923765e-07,2.48314923765e-07
9.0,180.0,2.0,770.0,760.0,780.0,2.34048868206e-07,2.34048868206e-07
9.0,180.0,3.0,390.0,380.0,400.0,5.72842106182e-07,5.72842106182e-07
9.0,180.0,3.0,410.0,400.0,420.0,9.2442052223e-07,9.2442052223e-07
9.0,180.0,3.0,430.0,420.0,440.0,8.81392473136e-07,8.81392473136e-07
9.0,180.0,3.0,450.0,440.0,460.0,9.92157956324e-07,9.92157956324e-07
9.0,180.0,3.0,470.0,460.0,480.0,9.33459677429e-07,9.33459677429e-07
9.0,180.0,3.0,490.0,480.0,500.0,7.78536363382e-07,7.78536363382e-07
9.0,180.0,3.0,510.0,500.0,520.0,5.87503538056e-07,5.87503538056e-07
9.0,180.0,3.0,530.0,520.0,540.0,4.16826627496e-07,4.16826627496e-07
9.0,180.0,3.0,550.0,540.0,560.0,3.22025781259e-07,3.22025781259e-07
9.0,180.0,3.0,570.0,560.0,580.0,2.13213899873e-07,2.13213899873e-07
9.0,180.0,3.0,590.0,580.0,600.0,2.02499773603e-07,2.02499773603e-07
9.0,180.0,3.0,610.0,600.0,620.0,1.65225530119e-07,1.65225530119e-07
9.0,180.0,3.0,630.0,620.0,640.0,2.00873921331e-07,2.00873921331e-07
9.0,180.0,3.0,650.0,640.0,660.0,2.3670024113e-07,2.3670024113e-07
9.0,180.0,3.0,670.0,660.0,680.0,2.71792603739e-07,2.71792603739e-07
9.0,180.0,3.0,690.0,680.0,700.0,2.85921225053e-07,2.85921225053e-07
9.0,180.0,3.0,710.0,700.0,720.0,2.834542723e-07,2.834542723e-07
9.0,180.0,3.0,730.0,720.0,740.0,2.70650714433e-07,2.70650714433e-07
9.0,180.0,3.0,750.0,740.0,760.0,2.43281789035e-07,2.43281789035e-07
9.0,180.0,3.0,770.0,760.0,780.0,2.27180750455e-07,2.27180750455e-07
9.0,180.0,5.0,390.0,380.0,400.0,6.4216467518e-07,6.4216467518e-07
9.0,180.0,5.0,410.0,400.0,420.0,1.04088239526e-06,1.04088239526e-06
9.0,180.0,5.0,430.0,420.0,440.0,9.9360786833e-07,9.9360786833e-07
9.0,180.0,5.0,450.0,440.0,460.0,1.11627052311e-06,1.11627052311e-06
9.0,180.0,5.0,470.0,460.0,480.0,1.04510468633e-06,1.04510468633e-06
9.0,180.0,5.0,490.0,480.0,500.0,8.65158459839e-07,8.65158459839e-07
9.0,180.0,5.0,510.0,500.0,520.0,6.46589792526e-07,6.46589792526e-07
9.0,180.0,5.0,530.0,520.0,540.0,4.53544413475e-07,4.53544413475e-07
9.0,180.0,5.0,550.0,540.0,560.0,3.4591245444e-07,3.4591245444e-07
9.0,180.0,5.0,570.0,560.0,580.0,2.2590985578e-07,2.2590985578e-07
9.0,180.0,5.0,590.0,580.0,600.0,2.11363425589e-07,2.11363425589e-07
9.0,180.0,5.0,610.0,600.0,620.0,1.69835780675e-07,1.69835780675e-07
9.0,180.0,5.0,630.0,620.0,640.0,2.03167066847e-07,2.03167066847e-07
9.0,180.0,5.0,650.0,640.0,660.0,2.35596073647e-07,2.35596073647e-07
9.0,180.0,5.0,670.0,660.0,680.0,2.66293437485e-07,2.66293437485e-07
9.0,180.0,5.0,690.0,680.0,700.0,2.75837222494e-07,2.75837222494e-07
9.0,180.0,5.0,710.0,700.0,720.0,2.6935221967e-07,2.6935221967e-07
9.0,180.0,5.0,730.0,720.0,740.0,2.53422070131e-07,2.53422070131e-07
9.0,180.0,5.0,750.0,740.0,760.0,2.24553602456e-07,2.24553602456e-07
9.0,180.0,5.0,770.0,760.0,780.0,2.06811445036e-07,2.06811445036e-07
9.0,180.0,8.0,390.0,380.0,400.0,7.4097200099e-07,7.4097200099e-07
9.0,180.0,8.0,410.0,400.0,420.0,1.19187547551e-06,1.19187547551e-06
9.0,180.0,8.0,430.0,420.0,440.0,1.12383274077e-06,1.12383274077e-06
9.0,180.0,8.0,450.0,440.0,460.0,1.2431524914e-06,1.2431524914e-06
9.0,180.0,8.0,470.0,460.0,480.0,1.14365121715e-06,1.14365121715e-06
9.0,180.0,8.0,490.0,480.0,500.0,9.29154869131e-07,9.29154869131e-07
9.0,180.0,8.0,510.0,500.0,520.0,6.81170320823e-07,6.81170320823e-07
9.0,180.0,8.0,530.0,520.0,540.0,4.68695950188e-07,4.68695950188e-07
9.0,180.0,8.0,550.0,540.0,560.0,3.5066406819e-07,3.5066406819e-07
9.0,180.0,8.0,570.0,560.0,580.0,2.2482626196e-07,2.2482626196e-07
9.0,180.0,8.0,590.0,580.0,600.0,2.06413843225e-07,2.06413843225e-07
9.0,180.0,8.0,610.0,600.0,620.0,1.62906832222e-07,1.62906832222e-07
9.0,180.0,8.0,630.0,620.0,640.0,1.91346839981e-07,1.91346839981e-07
9.0,180.0,8.0,650.0,640.0,660.0,2.1808205293e-07,2.1808205293e-07
9.0,180.0,8.0,670.0,660.0,680.0,2.42508751464e-07,2.42508751464e-07
9.0,180.0,8.0,690.0,680.0,700.0,2.47356330916e-07,2.47356330916e-07
9.0,180.0,8.0,710.0,700.0,720.0,2.38038095327e-07,2.38038095327e-07
9.0,180.0,8.0,730.0,720.0,740.0,2.20879576282e-07,2.20879576282e-07
9.0,180.0,8.0,750.0,740.0,760.0,1.93164654409e-07,1.93164654409e-07
9.0,180.0,8.0,770.0,760.0,780.0,1.75700231513e-07,1.75700231513e-07
9.0,180.0,12.0,390.0,380.0,400.0,8.1719428933e-07,8.1719428933e-07
9.0,180.0,12.0,410.0,400.0,420.0,1.27907802217e-06,1.27907802217e-06
9.0,180.0,12.0,430.0,420.0,440.0,1.17390660311e-06,1.17390660311e-06
9.0,180.0,12.0,450.0,440.0,460.0,1.26554267033e-06,1.26554267033e-06
9.0,180.0,12.0,470.0,460.0,480.0,1.13661415723e-06,1.13661415723e-06
9.0,180.0,12.0,490.0,480.0,500.0,9.03167374217e-07,9.03167374217e-07
9.0,180.0,12.0,510.0,500.0,520.0,6.48782178046e-07,6.48782178046e-07
9.0,180.0,12.0,530.0,520.0,540.0,4.38204719894e-07,4.38204719894e-07
9.0,180.0,12.0,550.0,540.0,560.0,3.22287504237e-07,3.22287504237e-07
9.0,180.0,12.0,570.0,560.0,580.0,2.03454575778e-07,2.03454575778e-07
9.0,180.0,12.0,590.0,580.0,600.0,1.84057791874e-07,1.84057791874e-07
9.0,180.0,12.0,610.0,600.0,620.0,1.43326629094e-07,1.43326629094e-07
9.0,180.0,12.0,630.0,620.0,640.0,1.66188165321e-07,1.66188165321e-07
9.0,180.0,12.0,650.0,640.0,660.0,1.8716571745e-07,1.8716571745e-07
9.0,180.0,12.0,670.0,660.0,680.0,2.0585664499e-07,2.0585664499e-07
9.0,180.0,12.0,690.0,680.0,700.0,2.07850510506e-07,2.07850510506e-07
9.0,180.0,12.0,710.0,700.0,720.0,1.9814481366e-07,1.9814481366e-07
9.0,180.0,12.0,730.0,720.0,740.0,1.82257795727e-07,1.82257795727e-07
9.0,180.0,12.0,750.0,740.0,760.0,1.58095888648e-07,1.58095888648e-07
9.0,180.0,12.0,770.0,760.0,780.0,1.42703348915e-07,1.42703348915e-07
9.0,180.0,20.0,390.0,380.0,400.0,8.22218376625e-07,8.22218376625e-07
9.0,180.0,20.0,410.0,400.0,420.0,1.22710404183e-06,1.22710404183e-06
9.0,180.0,20.0,430.0,420.0,440.0,1.08041699146e-06,1.08041699146e-06
9.0,180.0,20.0,450.0,440.0,460.0,1.12376555184e-06,1.12376555184e-06
9.0,180.0,20.0,470.0,460.0,480.0,9.78636684869e-07,9.78636684869e-07
9.0,180.0,20.0,490.0,480.0,500.0,7.57238050775e-07,7.57238050775e-07
9.0,180.0,20.0,510.0,500.0,520.0,5.31627867898e-07,5.31627867898e-07
9.0,180.0,20.0,530.0,520.0,540.0,3.5203518534e-07,3.5203518534e-07
9.0,180.0,20.0,550.0,540.0,560.0,2.544403117e-07,2.544403117e-07
9.0,180.0,20.0,570.0,560.0,580.0,1.58212599377e-07,1.58212599377e-07
9.0,180.0,20.0,590.0,580.0,600.0,1.4117930192e-07,1.4117930192e-07
9.0,180.0,20.0,610.0,600.0,620.0,1.08624793041e-07,1.08624793041e-07
9.0,180.0,20.0,630.0,620.0,640.0,1.24568768529e-07,1.24568768529e-07
9.0,180.0,20.0,650.0,640.0,660.0,1.38907512866e-07,1.38907512866e-07
9.0,180.0,20.0,670.0,660.0,680.0,1.51419475555e-07,1.51419475555e-07
9.0,180.0,20.0,690.0,680.0,700.0,1.51657415327e-07,1.51657415327e-07
9.0,180.0,20.0,710.0,700.0,720.0,1.43522488573e-07,1.43522488573e-07
9.0,180.0,20.0,730.0,720.0,740.0,1.31140925578e-07,1.31140925578e-07
9.0,180.0,20.0,750.0,740.0,760.0,1.13073585091e-07,1.13073585091e-07
9.0,180.0,20.0,770.0,760.0,780.0,1.01492385155e-07,1.01492385155e-07
9.0,180.0,30.0,390.0,380.0,400.0,7.45797578185e-07,7.45797578185e-07
9.0,180.0,30.0,410.0,400.0,420.0,1.07504278038e-06,1.07504278038e-06
9.0,180.0,30.0,430.0,420.0,440.0,9.19754602136e-07,9.19754602136e-07
9.0,180.0,30.0,450.0,440.0,460.0,9.34272827721e-07,9.34272827721e-07
9.0,180.0,30.0,470.0,460.0,480.0,7.97888673562e-07,7.97888673562e-07
9.0,180.0,30.0,490.0,480.0,500.0,6.07558592404e-07,6.07558592404e-07
9.0,180.0,30.0,510.0,500.0,520.0,4.21040974696e-07,4.21040974696e-07
9.0,180.0,30.0,530.0,520.0,540.0,2.75968857758e-07,2.75968857758e-07
9.0,180.0,30.0,550.0,540.0,560.0,1.97911896563e-07,1.97911896563e-07
9.0,180.0,30.0,570.0,560.0,580.0,1.22402009435e-07,1.22402009435e-07
9.0,180.0,30.0,590.0,580.0,600.0,1.08881667249e-07,1.08881667249e-07
9.0,180.0,30.0,610.0,600.0,620.0,8.36998674137e-08,8.36998674137e-08
9.0,180.0,30.0,630.0,620.0,640.0,9.60426321519e-08,9.60426321519e-08
9.0,180.0,30.0,650.0,640.0,660.0,1.07256391452e-07,1.07256391452e-07
9.0,180.0,30.0,670.0,660.0,680.0,1.17201455331e-07,1.17201455331e-07
9.0,180.0,30.0,690.0,680.0,700.0,1.17792020398e-07,1.17792020398e-07
9.0,180.0,30.0,710.0,700.0,720.0,1.11977163438e-07,1.11977163438e-07
9.0,180.0,30.0,730.0,720.0,740.0,1.02891823797e-07,1.02891823797e-07
9.0,180.0,30.0,750.0,740.0,760.0,8.9348308702e-08,8.9348308702e-08
9.0,180.0,30.0,770.0,760.0,780.0,8.07721096025e-08,8.07721096025e-08
9.0,180.0,45.0,390.0,380.0,400.0,6.37288351769e-07,6.37288351769e-07
9.0,180.0,45.0,410.0,400.0,420.0,8.94894988537e-07,8.94894988537e-07
9.0,180.0,45.0,430.0,420.0,440.0,7.49928548276e-07,7.49928548276e-07
9.0,180.0,45.0,450.0,440.0,460.0,7.49761008593e-07,7.49761008593e-07
9.0,180.0,45.0,470.0,460.0,480.0,6.33118935685e-07,6.33118935685e-07
9.0,180.0,45.0,490.0,480.0,500.0,4.78899757547e-07,4.78899757547e-07
9.0,180.0,45.0,510.0,500.0,520.0,3.31326748496e-07,3.31326748496e-07
9.0,180.0,45.0,530.0,520.0,540.0,2.17968327341e-07,2.17968327341e-07
9.0,180.0,45.0,550.0,540.0,560.0,1.57798162391e-07,1.57798162391e-07
9.0,180.0,45.0,570.0,560.0,580.0,9.90536641084e-08,9.90536641084e-08
9.0,180.0,45.0,590.0,580.0,600.0,9.0042182638e-08,9.0042182638e-08
9.0,180.0,45.0,610.0,600.0,620.0,7.10841788515e-08,7.10841788515e-08
9.0,180.0,45.0,630.0,620.0,640.0,8.39510794541e-08,8.39510794541e-08
9.0,180.0,45.0,650.0,640.0,660.0,9.63561647492e-08,9.63561647492e-08
9.0,180.0,45.0,670.0,660.0,680.0,1.08186717834e-07,1.08186717834e-07
9.0,180.0,45.0,690.0,680.0,700.0,1.11795577554e-07,1.11795577554e-07
9.0,180.0,45.0,710.0,700.0,720.0,1.0938313888e-07,1.0938313888e-07
9.0,180.0,45.0,730.0,720.0,740.0,1.0358314395e-07,1.0358314395e-07
9.0,180.0,45.0,750.0,740.0,760.0,9.295987098e-08,9.295987098e-08
9.0,180.0,45.0,770.0,760.0,780.0,8.66344767704e-08,8.66344767704e-08
9.0,180.0,60.0,390.0,380.0,400.0,5.3554610996e-07,5.3554610996e-07
9.0,180.0,60.0,410.0,400.0,420.0,7.43334201516e-07,7.43334201516e-07
9.0,180.0,60.0,430.0,420.0,440.0,6.19525637033e-07,6.19525637033e-07
9.0,180.0,60.0,450.0,440.0,460.0,6.19600155699e-07,6.19600155699e-07
9.0,180.0,60.0,470.0,460.0,480.0,5.26325769705e-07,5.26325769705e-07
9.0,180.0,60.0,490.0,480.0,500.0,4.02655959763e-07,4.02655959763e-07
9.0,180.0,60.0,510.0,500.0,520.0,2.83174143356e-07,2.83174143356e-07
9.0,180.0,60.0,530.0,520.0,540.0,1.90200112596e-07,1.90200112596e-07
9.0,180.0,60.0,550.0,540.0,560.0,1.41256343596e-07,1.41256343596e-07
9.0,180.0,60.0,570.0,560.0,580.0,9.11269852293e-08,9.11269852293e-08
9.0,180.0,60.0,590.0,580.0,600.0,8.55956695508e-08,8.55956695508e-08
9.0,180.0,60.0,610.0,600.0,620.0,6.97820285375e-08,6.97820285375e-08
9.0,180.0,60.0,630.0,620.0,640.0,8.50609304662e-08,8.50609304662e-08
9.0,180.0,60.0,650.0,640.0,660.0,1.0022389696e-07,1.0022389696e-07
9.0,180.0,60.0,670.0,660.0,680.0,1.15090853473e-07,1.15090853473e-07
9.0,180.0,60.0,690.0,680.0,700.0,1.21337727992e-07,1.21337727992e-07
9.0,180.0,60.0,710.0,700.0,720.0,1.20892900157e-07,1.20892900157e-07
9.0,180.0,60.0,730.0,720.0,740.0,1.16398570705e-07,1.16398570705e-07
9.0,180.0,60.0,750.0,740.0,760.0,1.06121655976e-07,1.06121655976e-07
9.0,180.0,60.0,770.0,760.0,780.0,1.00191130083e-07,1.00191130083e-07
9.0,180.0,90.0,390.0,380.0,400.0,4.84805848593e-07,4.84805848593e-07
9.0,180.0,90.0,410.0,400.0,420.0,6.76270973304e-07,6.76270973304e-07
9.0,180.0,90.0,430.0,420.0,440.0,5.69173734302e-07,5.69173734302e-07
9.0,180.0,90.0,450.0,440.0,460.0,5.77488766727e-07,5.77488766727e-07
9.0,180.0,90.0,470.0,460.0,480.0,4.99873796191e-07,4.99873796191e-07
9.0,180.0,90.0,490.0,480.0,500.0,3.91268208287e-07,3.91268208287e-07
9.0,180.0,90.0,510.0,500.0,520.0,2.82466794064e-07,2.82466794064e-07
9.0,180.0,90.0,530.0,520.0,540.0,1.95180761926e-07,1.95180761926e-07
9.0,180.0,90.0,550.0,540.0,560.0,1.49511826512e-07,1.49511826512e-07
9.0,180.0,90.0,570.0,560.0,580.0,9.93497587743e-08,9.93497587743e-08
9.0,180.0,90.0,590.0,580.0,600.0,9.64751916058e-08,9.64751916058e-08
9.0,180.0,90.0,610.0,600.0,620.0,8.10283074227e-08,8.10283074227e-08
9.0,180.0,90.0,630.0,620.0,640.0,1.01535970801e-07,1.01535970801e-07
9.0,180.0,90.0,650.0,640.0,660.0,1.22196107408e-07,1.22196107408e-07
9.0,180.0,90.0,670.0,660.0,680.0,1.42755346055e-07,1.42755346055e-07
9.0,180.0,90.0,690.0,680.0,700.0,1.5274902339e-07,1.5274902339e-07
9.0,180.0,90.0,710.0,700.0,720.0,1.54206800893e-07,1.54206800893e-07
9.0,180.0,90.0,730.0,720.0,740.0,1.50263832058e-07,1.50263832058e-07
9.0,180.0,90.0,750.0,740.0,760.0,1.38576579306e-07,1.38576579306e-07
9.0,180.0,90.0,770.0,760.0,780.0,1.32072375991e-07,1.32072375991e-07
12.0,0.0,0.0,390.0,380.0,400.0,2.58744745305e-08,2.58744745305e-08
12.0,0.0,0.0,410.0,400.0,420.0,4.75839332185e-08,4.75839332185e-08
12.0,0.0,0.0,430.0,420.0,440.0,5.17744959942e-08,5.17744959942e-08
12.0,0.0,0.0,450.0,440.0,460.0,6.63567797338e-08,6.63567797338e-08
12.0,0.0,0.0,470.0,460.0,480.0,7.07791813712e-08,7.07791813712e-08
12.0,0.0,0.0,490.0,480.0,500.0,6.65173993823e-08,6.65173993823e-08
12.0,0.0,0.0,510.0,500.0,520.0,5.60703143351e-08,5.60703143351e-08
12.0,0.0,0.0,530.0,520.0,540.0,4.40298864084e-08,4.40298864084e-08
12.0,0.0,0.0,550.0,540.0,560.0,3.80132530938e-08,3.80132530938e-08
12.0,0.0,0.0,570.0,560.0,580.0,2.80325793568e-08,2.80325793568e-08
12.0,0.0,0.0,590.0,580.0,600.0,3.1300211695e-08,3.1300211695e-08
12.0,0.0,0.0,610.0,600.0,620.0,3.07382231548e-08,3.07382231548e-08
12.0,0.0,0.0,630.0,620.0,640.0,4.88856197044e-08,4.88856197044e-08
12.0,0.0,0.0,650.0,640.0,660.0,7.9112442642e-08,7.9112442642e-08
12.0,0.0,0.0,670.0,660.0,680.0,1.29795255719e-07,1.29795255719e-07
12.0,0.0,0.0,690.0,680.0,700.0,2.00169573118e-07,2.00169573118e-07
12.0,0.0,0.0,710.0,700.0,720.0,2.93775314386e-07,2.93775314386e-07
12.0,0.0,0.0,730.0,720.0,740.0,4.13680222878e-07,4.13680222878e-07
12.0,0.0,0.0,750.0,740.0,760.0,5.40129649116e-07,5.40129649116e-07
12.0,0.0,0.0,770.0,760.0,780.0,7.24163687741e-07,7.24163687741e-07
12.0,0.0,0.5,390.0,380.0,400.0,2.35361883528e-08,2.35361883528e-08
12.0,0.0,0.5,410.0,400.0,420.0,4.37965765324e-08,4.37965765324e-08
12.0,0.0,0.5,430.0,420.0,440.0,4.82604834332e-08,4.82604834332e-08
12.0,0.0,0.5,450.0,440.0,460.0,6.27774077761e-08,6.27774077761e-08
12.0,0.0,0.5,470.0,460.0,480.0,6.83909641624e-08,6.83909641624e-08
12.0,0.0,0.5,490.0,480.0,500.0,6.66625366583e-08,6.66625366583e-08
12.0,0.0,0.5,510.0,500.0,520.0,6.00656152499e-08,6.00656152499e-08
12.0,0.0,0.5,530.0,520.0,540.0,5.28249693381e-08,5.28249693381e-08
12.0,0.0,0.5,550.0,540.0,560.0,5.41840024157e-08,5.41840024157e-08
12.0,0.0,0.5,570.0,560.0,580.0,4.96967263045e-08,4.96967263045e-08
12.0,0.0,0.5,590.0,580.0,600.0,7.13831056941e-08,7.13831056941e-08
12.0,0.0,0.5,610.0,600.0,620.0,8.86214307241e-08,8.86214307241e-08
12.0,0.0,0.5,630.0,620.0,640.0,1.72109444022e-07,1.72109444022e-07
12.0,0.0,0.5,650.0,640.0,660.0,3.17763349971e-07,3.17763349971e-07
12.0,0.0,0.5,670.0,660.0,680.0,5.5473724954e-07,5.5473724954e-07
12.0,0.0,0.5,690.0,680.0,700.0,8.59855168026e-07,8.59855168026e-07
12.0,0.0,0.5,710.0,700.0,720.0,1.21864059554e-06,1.21864059554e-06
12.0,0.0,0.5,730.0,720.0,740.0,1.6162838662e-06,1.6162838662e-06
12.0,0.0,0.5,750.0,740.0,760.0,1.95980529208e-06,1.95980529208e-06
12.0,0.0,0.5,770.0,760.0,780.0,2.42515960643e-06,2.42515960643e-06
12.0,0.0,1.0,390.0,380.0,400.0,2.42089680901e-08,2.42089680901e-08
12.0,0.0,1.0,410.0,400.0,420.0,4.5360079748e-08,4.5360079748e-08
12.0,0.0,1.0,430.0,420.0,440.0,5.07234005625e-08,5.07234005625e-08
12.0,0.0,1.0,450.0,440.0,460.0,6.84129624384e-08,6.84129624384e-08
12.0,0.0,1.0,470.0,460.0,480.0,8.068980628e-08,8.068980628e-08
12.0,0.0,1.0,490.0,480.0,500.0,9.05270752603e-08,9.05270752603e-08
12.0,0.0,1.0,510.0,500.0,520.0,9.90240976058e-08,9.90240976058e-08
12.0,0.0,1.0,530.0,520.0,540.0,1.07141785231e-07,1.07141785231e-07
12.0,0.0,1.0,550.0,540.0,560.0,1.31102042561e-07,1.31102042561e-07
12.0,0.0,1.0,570.0,560.0,580.0,1.34584843337e-07,1.34584843337e-07
12.0,0.0,1.0,590.0,580.0,600.0,2.03654622621e-07,2.03654622621e-07
12.0,0.0,1.0,610.0,600.0,620.0,2.52820381568e-07,2.52820381568e-07
12.0,0.0,1.0,630.0,620.0,640.0,4.74474680499e-07,4.74474680499e-07
12.0,0.0,1.0,650.0,640.0,660.0,8.3011275314e-07,8.3011275314e-07
12.0,0.0,1.0,670.0,660.0,680.0,1.36105545308e-06,1.36105545308e-06
12.0,0.0,1.0,690.0,680.0,700.0,1.97589474019e-06,1.97589474019e-06
12.0,0.0,1.0,710.0,700.0,720.0,2.62426808184e-06,2.62426808184e-06
12.0,0.0,1.0,730.0,720.0,740.0,3.26932509292e-06,3.26932509292e-06
12.0,0.0,1.0,750.0,740.0,760.0,3.73608535605e-06,3.73608535605e-06
12.0,0.0,1.0,770.0,760.0,780.0,4.37070712231e-06,4.37070712231e-06
12.0,0.0,2.0,390.0,380.0,400.0,2.65504449049e-08,2.65504449049e-08
12.0,0.0,2.0,410.0,400.0,420.0,5.3772498881e-08,5.3772498881e-08
12.0,0.0,2.0,430.0,420.0,440.0,7.11635728246e-08,7.11635728246e-08
12.0,0.0,2.0,450.0,440.0,460.0,1.24655381158e-07,1.24655381158e-07
12.0,0.0,2.0,470.0,460.0,480.0,1.96955332442e-07,1.96955332442e-07
12.0,0.0,2.0,490.0,480.0,500.0,2.80887091977e-07,2.80887091977e-07
12.0,0.0,2.0,510.0,500.0,520.0,3.52873661096e-07,3.52873661096e-07
12.0,0.0,2.0,530.0,520.0,540.0,3.96939895944e-07,3.96939895944e-07
12.0,0.0,2.0,550.0,540.0,560.0,4.7005149083e-07,4.7005149083e-07
12.0,0.0,2.0,570.0,560.0,580.0,4.49034795643e-07,4.49034795643e-07
12.0,0.0,2.0,590.0,580.0,600.0,6.16733395991e-07,6.16733395991e-07
12.0,0.0,2.0,610.0,600.0,620.0,6.91660273177e-07,6.91660273177e-07
12.0,0.0,2.0,630.0,620.0,640.0,1.16417816839e-06,1.16417816839e-06
12.0,0.0,2.0,650.0,640.0,660.0,1.83443639047e-06,1.83443639047e-06
12.0,0.0,2.0,670.0,660.0,680.0,2.72776967648e-06,2.72776967648e-06
12.0,0.0,2.0,690.0,680.0,700.0,3.6183029047e-06,3.6183029047e-06
12.0,0.0,2.0,710.0,700.0,720.0,4.42298558145e-06,4.42298558145e-06
12.0,0.0,2.0,730.0,720.0,740.0,5.10672291618e-06,5.10672291618e-06
12.0,0.0,2.0,750.0,740.0,760.0,5.44633836636e-06,5.44633836636e-06
12.0,0.0,2.0,770.0,760.0,780.0,5.97309641308e-06,5.97309641308e-06
12.0,0.0,3.0,390.0,380.0,400.0,3.311463274e-08,3.311463274e-08
12.0,0.0,3.0,410.0,400.0,420.0,8.13469825238e-08,8.13469825238e-08
12.0,0.0,3.0,430.0,420.0,440.0,1.31503527308e-07,1.31503527308e-07
12.0,0.0,3.0,450.0,440.0,460.0,2.59826474542e-07,2.59826474542e-07
12.0,0.0,3.0,470.0,460.0,480.0,4.20017366613e-07,4.20017366613e-07
12.0,0.0,3.0,490.0,480.0,500.0,5.7411005305e-07,5.7411005305e-07
12.0,0.0,3.0,510.0,500.0,520.0,6.70627021293e-07,6.70627021293e-07
12.0,0.0,3.0,530.0,520.0,540.0,6.95210106955e-07,6.95210106955e-07
12.0,0.0,3.0,550.0,540.0,560.0,7.58025219729e-07,7.58025219729e-07
12.0,0.0,3.0,570.0,560.0,580.0,6.70900082503e-07,6.70900082503e-07
12.0,0.0,3.0,590.0,580.0,600.0,8.5525446347e-07,8.5525446347e-07
12.0,0.0,3.0,610.0,600.0,620.0,8.97226932774e-07,8.97226932774e-07
12.0,0.0,3.0,630.0,620.0,640.0,1.41358108289e-06,1.41358108289e-06
12.0,0.0,3.0,650.0,640.0,660.0,2.09539729571e-06,2.09539729571e-06
12.0,0.0,3.0,670.0,660.0,680.0,2.94722884769e-06,2.94722884769e-06
12.0,0.0,3.0,690.0,680.0,700.0,3.71740434867e-06,3.71740434867e-06
12.0,0.0,3.0,710.0,700.0,720.0,4.34176673322e-06,4.34176673322e-06
12.0,0.0,3.0,730.0,720.0,740.0,4.81096808158e-06,4.81096808158e-06
12.0,0.0,3.0,750.0,740.0,760.0,4.94662994081e-06,4.94662994081e-06
12.0,0.0,3.0,770.0,760.0,780.0,5.2416096984e-06,5.2416096984e-06
12.0,0.0,5.0,390.0,380.0,400.0,5.88971322463e-08,5.88971322463e-08
12.0,0.0,5.0,410.0,400.0,420.0,1.58975904236e-07,1.58975904236e-07
12.0,0.0,5.0,430.0,420.0,440.0,2.50101891041e-07,2.50101891041e-07
12.0,0.0,5.0,450.0,440.0,460.0,4.45746935928e-07,4.45746935928e-07
12.0,0.0,5.0,470.0,460.0,480.0,6.32722633297e-07,6.32722633297e-07
12.0,0.0,5.0,490.0,480.0,500.0,7.59483480976e-07,7.59483480976e-07
12.0,0.0,5.0,510.0,500.0,520.0,7.88058456577e-07,7.88058456577e-07
12.0,0.0,5.0,530.0,520.0,540.0,7.36151097646e-07,7.36151097646e-07
12.0,0.0,5.0,550.0,540.0,560.0,7.31395211935e-07,7.31395211935e-07
12.0,0.0,5.0,570.0,560.0,580.0,5.97311563679e-07,5.97311563679e-07
12.0,0.0,5.0,590.0,580.0,600.0,7.07099147103e-07,7.07099147103e-07
12.0,0.0,5.0,610.0,600.0,620.0,6.95348898165e-07,6.95348898165e-07
12.0,0.0,5.0,630.0,620.0,640.0,1.02785638845e-06,1.02785638845e-06
12.0,0.0,5.0,650.0,640.0,660.0,1.43387391844e-06,1.43387391844e-06
12.0,0.0,5.0,670.0,660.0,680.0,1.90653048896e-06,1.90653048896e-06
12.0,0.0,5.0,690.0,680.0,700.0,2.28462384258e-06,2.28462384258e-06
12.0,0.0,5.0,710.0,700.0,720.0,2.54721064192e-06,2.54721064192e-06
12.0,0.0,5.0,730.0,720.0,740.0,2.70672905032e-06,2.70672905032e-06
12.0,0.0,5.0,750.0,740.0,760.0,2.68289918128e-06,2.68289918128e-06
12.0,0.0,5.0,770.0,760.0,780.0,2.74369593315e-06,2.74369593315e-06
12.0,0.0,8.0,390.0,380.0,400.0,6.81398099719e-08,6.81398099719e-08
12.0,0.0,8.0,410.0,400.0,420.0,1.55974819557e-07,1.55974819557e-07
12.0,0.0,8.0,430.0,420.0,440.0,2.06881650827e-07,2.06881650827e-07
12.0,0.0,8.0,450.0,440.0,460.0,3.16085574806e-07,3.16085574806e-07
12.0,0.0,8.0,470.0,460.0,480.0,3.93680165103e-07,3.93680165103e-07
12.0,0.0,8.0,490.0,480.0,500.0,4.24047345957e-07,4.24047345957e-07
12.0,0.0,8.0,510.0,500.0,520.0,4.02588946103e-07,4.02588946103e-07
12.0,0.0,8.0,530.0,520.0,540.0,3.49470049299e-07,3.49470049299e-07
12.0,0.0,8.0,550.0,540.0,560.0,3.26942490895e-07,3.26942490895e-07
12.0,0.0,8.0,570.0,560.0,580.0,2.53391016915e-07,2.53391016915e-07
12.0,0.0,8.0,590.0,580.0,600.0,2.88170758296e-07,2.88170758296e-07
12.0,0.0,8.0,610.0,600.0,620.0,2.7329744676e-07,2.7329744676e-07
12.0,0.0,8.0,630.0,620.0,640.0,3.90836543542e-07,3.90836543542e-07
12.0,0.0,8.0,650.0,640.0,660.0,5.26203011844e-07,5.26203011844e-07
12.0,0.0,8.0,670.0,660.0,680.0,6.75608441678e-07,6.75608441678e-07
12.0,0.0,8.0,690.0,680.0,700.0,7.83521196559e-07,7.83521196559e-07
12.0,0.0,8.0,710.0,700.0,720.0,8.47769686039e-07,8.47769686039e-07
12.0,0.0,8.0,730.0,720.0,740.0,8.76837728729e-07,8.76837728729e-07
12.0,0.0,8.0,750.0,740.0,760.0,8.49282559819e-07,8.49282559819e-07
12.0,0.0,8.0,770.0,760.0,780.0,8.4855037374e-07,8.4855037374e-07
12.0,0.0,12.0,390.0,380.0,400.0,4.78362291821e-08,4.78362291821e-08
12.0,0.0,12.0,410.0,400.0,420.0,9.15496450991e-08,9.15496450991e-08
12.0,0.0,12.0,430.0,420.0,440.0,1.0379578574e-07,1.0379578574e-07
12.0,0.0,12.0,450.0,440.0,460.0,1.38909825943e-07,1.38909825943e-07
12.0,0.0,12.0,470.0,460.0,480.0,1.55118257052e-07,1.55118257052e-07
12.0,0.0,12.0,490.0,480.0,500.0,1.52768443617e-07,1.52768443617e-07
12.0,0.0,12.0,510.0,500.0,520.0,1.34584158848e-07,1.34584158848e-07
12.0,0.0,12.0,530.0,520.0,540.0,1.09575064328e-07,1.09575064328e-07
12.0,0.0,12.0,550.0,540.0,560.0,9.79585972398e-08,9.79585972398e-08
12.0,0.0,12.0,570.0,560.0,580.0,7.26642005342e-08,7.26642005342e-08
12.0,0.0,12.0,590.0,580.0,600.0,8.14779887455e-08,8.14779887455e-08
12.0,0.0,12.0,610.0,600.0,620.0,7.60220765078e-08,7.60220765078e-08
12.0,0.0,12.0,630.0,620.0,640.0,1.08530849842e-07,1.08530849842e-07
12.0,0.0,12.0,650.0,640.0,660.0,1.44870114814e-07,1.44870114814e-07
12.0,0.0,12.0,670.0,660.0,680.0,1.83816971566e-07,1.83816971566e-07
12.0,0.0,12.0,690.0,680.0,700.0,2.10614125723e-07,2.10614125723e-07
12.0,0.0,12.0,710.0,700.0,720.0,2.25357728475e-07,2.25357728475e-07
12.0,0.0,12.0,730.0,720.0,740.0,2.30852484979e-07,2.30852484979e-07
12.0,0.0,12.0,750.0,740.0,760.0,2.22010156667e-07,2.22010156667e-07
12.0,0.0,12.0,770.0,760.0,780.0,2.20151885112e-07,2.20151885112e-07
12.0,0.0,20.0,390.0,380.0,400.0,3.31365169786e-08,3.31365169786e-08
12.0,0.0,20.0,410.0,400.0,420.0,5.36865689661e-08,5.36865689661e-08
12.0,0.0,20.0,430.0,420.0,440.0,5.16900016054e-08,5.16900016054e-08
12.0,0.0,20.0,450.0,440.0,460.0,5.9198046309e-08,5.9198046309e-08
12.0,0.0,20.0,470.0,460.0,480.0,5.71624092283e-08,5.71624092283e-08
12.0,0.0,20.0,490.0,480.0,500.0,4.93149047608e-08,4.93149047608e-08
12.0,0.0,20.0,510.0,500.0,520.0,3.86625225779e-08,3.86625225779e-08
12.0,0.0,20.0,530.0,520.0,540.0,2.85276775418e-08,2.85276775418e-08
12.0,0.0,20.0,550.0,540.0,560.0,2.32936315939e-08,2.32936315939e-08
12.0,0.0,20.0,570.0,560.0,580.0,1.61493518802e-08,1.61493518802e-08
12.0,0.0,20.0,590.0,580.0,600.0,1.67123035126e-08,1.67123035126e-08
12.0,0.0,20.0,610.0,600.0,620.0,1.46787932442e-08,1.46787932442e-08
12.0,0.0,20.0,630.0,620.0,640.0,1.96057103942e-08,1.96057103942e-08
12.0,0.0,20.0,650.0,640.0,660.0,2.48492819872e-08,2.48492819872e-08
12.0,0.0,20.0,670.0,660.0,680.0,3.02279397035e-08,3.02279397035e-08
12.0,0.0,20.0,690.0,680.0,700.0,3.34012483137e-08,3.34012483137e-08
12.0,0.0,20.0,710.0,700.0,720.0,3.46097379541e-08,3.46097379541e-08
12.0,0.0,20.0,730.0,720.0,740.0,3.44466717411e-08,3.44466717411e-08
12.0,0.0,20.0,750.0,740.0,760.0,3.22884560231e-08,3.22884560231e-08
12.0,0.0,20.0,770.0,760.0,780.0,3.12618393974e-08,3.12618393974e-08
12.0,0.0,30.0,390.0,380.0,400.0,2.71580550746e-08,2.71580550746e-08
12.0,0.0,30.0,410.0,400.0,420.0,4.21852592429e-08,4.21852592429e-08
12.0,0.0,30.0,430.0,420.0,440.0,3.90627053833e-08,3.90627053833e-08
12.0,0.0,30.0,450.0,440.0,460.0,4.29927402894e-08,4.29927402894e-08
12.0,0.0,30.0,470.0,460.0,480.0,3.97450118117e-08,3.97450118117e-08
12.0,0.0,30.0,490.0,480.0,500.0,3.26419541523e-08,3.26419541523e-08
12.0,0.0,30.0,510.0,500.0,520.0,2.42090834662e-08,2.42090834662e-08
12.0,0.0,30.0,530.0,520.0,540.0,1.68016389789e-08,1.68016389789e-08
12.0,0.0,30.0,550.0,540.0,560.0,1.2834031029e-08,1.2834031029e-08
12.0,0.0,30.0,570.0,560.0,580.0,8.31475702317e-09,8.31475702317e-09
12.0,0.0,30.0,590.0,580.0,600.0,7.99910027991e-09,7.99910027991e-09
12.0,0.0,30.0,610.0,600.0,620.0,6.54908507893e-09,6.54908507893e-09
12.0,0.0,30.0,630.0,620.0,640.0,8.21011805477e-09,8.21011805477e-09
12.0,0.0,30.0,650.0,640.0,660.0,9.87880820223e-09,9.87880820223e-09
12.0,0.0,30.0,670.0,660.0,680.0,1.14762216495e-08,1.14762216495e-08
12.0,0.0,30.0,690.0,680.0,700.0,1.21451302777e-08,1.21451302777e-08
12.0,0.0,30.0,710.0,700.0,720.0,1.20713968827e-08,1.20713968827e-08
12.0,0.0,30.0,730.0,720.0,740.0,1.1532722119e-08,1.1532722119e-08
12.0,0.0,30.0,750.0,740.0,760.0,1.03640757839e-08,1.03640757839e-08
12.0,0.0,30.0,770.0,760.0,780.0,9.66457322288e-09,9.66457322288e-09
12.0,0.0,45.0,390.0,380.0,400.0,1.85700069789e-08,1.85700069789e-08
12.0,0.0,45.0,410.0,400.0,420.0,2.75228699185e-08,2.75228699185e-08
12.0,0.0,45.0,430.0,420.0,440.0,2.44987386187e-08,2.44987386187e-08
12.0,0.0,45.0,450.0,440.0,460.0,2.60752345368e-08,2.60752345368e-08
12.0,0.0,45.0,470.0,460.0,480.0,2.34216181773e-08,2.34216181773e-08
12.0,0.0,45.0,490.0,480.0,500.0,1.87537092934e-08,1.87537092934e-08
12.0,0.0,45.0,510.0,500.0,520.0,1.35883478842e-08,1.35883478842e-08
12.0,0.0,45.0,530.0,520.0,540.0,9.22043371159e-09,9.22043371159e-09
12.0,0.0,45.0,550.0,540.0,560.0,6.88815045811e-09,6.88815045811e-09
12.0,0.0,45.0,570.0,560.0,580.0,4.35847876832e-09,4.35847876832e-09
12.0,0.0,45.0,590.0,580.0,600.0,4.09745596907e-09,4.09745596907e-09
12.0,0.0,45.0,610.0,600.0,620.0,3.27243694613e-09,3.27243694613e-09
12.0,0.0,45.0,630.0,620.0,640.0,4.01619153731e-09,4.01619153731e-09
12.0,0.0,45.0,650.0,640.0,660.0,4.73899717498e-09,4.73899717498e-09
12.0,0.0,45.0,670.0,660.0,680.0,5.40139305686e-09,5.40139305686e-09
12.0,0.0,45.0,690.0,680.0,700.0,5.608084603e-09,5.608084603e-09
12.0,0.0,45.0,710.0,700.0,720.0,5.46674121477e-09,5.46674121477e-09
12.0,0.0,45.0,730.0,720.0,740.0,5.11884209473e-09,5.11884209473e-09
12.0,0.0,45.0,750.0,740.0,760.0,4.5002884901e-09,4.5002884901e-09
12.0,0.0,45.0,770.0,760.0,780.0,4.11178009942e-09,4.11178009942e-09
12.0,0.0,60.0,390.0,380.0,400.0,1.45505031105e-08,1.45505031105e-08
12.0,0.0,60.0,410.0,400.0,420.0,2.11001352989e-08,2.11001352989e-08
12.0,0.0,60.0,430.0,420.0,440.0,1.84375395926e-08,1.84375395926e-08
12.0,0.0,60.0,450.0,440.0,460.0,1.93181276331e-08,1.93181276331e-08
12.0,0.0,60.0,470.0,460.0,480.0,1.71225641336e-08,1.71225641336e-08
12.0,0.0,60.0,490.0,480.0,500.0,1.35560131968e-08,1.35560131968e-08
12.0,0.0,60.0,510.0,500.0,520.0,9.72859757367e-09,9.72859757367e-09
12.0,0.0,60.0,530.0,520.0,540.0,6.54810079855e-09,6.54810079855e-09
12.0,0.0,60.0,550.0,540.0,560.0,4.85902729888e-09,4.85902729888e-09
12.0,0.0,60.0,570.0,560.0,580.0,3.05719717217e-09,3.05719717217e-09
12.0,0.0,60.0,590.0,580.0,600.0,2.8612483015e-09,2.8612483015e-09
12.0,0.0,60.0,610.0,600.0,620.0,2.27665553576e-09,2.27665553576e-09
12.0,0.0,60.0,630.0,620.0,640.0,2.78607888558e-09,2.78607888558e-09
12.0,0.0,60.0,650.0,640.0,660.0,3.27986771387e-09,3.27986771387e-09
12.0,0.0,60.0,670.0,660.0,680.0,3.73142390794e-09,3.73142390794e-09
12.0,0.0,60.0,690.0,680.0,700.0,3.86874813802e-09,3.86874813802e-09
12.0,0.0,60.0,710.0,700.0,720.0,3.7673692741e-09,3.7673692741e-09
12.0,0.0,60.0,730.0,720.0,740.0,3.52518201861e-09,3.52518201861e-09
12.0,0.0,60.0,750.0,740.0,760.0,3.0979838346e-09,3.0979838346e-09
12.0,0.0,60.0,770.0,760.0,780.0,2.83012486462e-09,2.83012486462e-09
12.0,0.0,90.0,390.0,380.0,400.0,1.00779415366e-08,1.00779415366e-08
12.0,0.0,90.0,410.0,400.0,420.0,1.38548247346e-08,1.38548247346e-08
12.0,0.0,90.0,430.0,420.0,440.0,1.1492310776e-08,1.1492310776e-08
12.0,0.0,90.0,450.0,440.0,460.0,1.14522825163e-08,1.14522825163e-08
12.0,0.0,90.0,470.0,460.0,480.0,9.67927041294e-09,9.67927041294e-09
12.0,0.0,90.0,490.0,480.0,500.0,7.32889371264e-09,7.32889371264e-09
12.0,0.0,90.0,510.0,500.0,520.0,5.04638851837e-09,5.04638851837e-09
12.0,0.0,90.0,530.0,520.0,540.0,3.27015848549e-09,3.27015848549e-09
12.0,0.0,90.0,550.0,540.0,560.0,2.34579598894e-09,2.34579598894e-09
12.0,0.0,90.0,570.0,560.0,580.0,1.43170362767e-09,1.43170362767e-09
12.0,0.0,90.0,590.0,580.0,600.0,1.30550430468e-09,1.30550430468e-09
12.0,0.0,90.0,610.0,600.0,620.0,1.01530697374e-09,1.01530697374e-09
12.0,0.0,90.0,630.0,620.0,640.0,1.21912053727e-09,1.21912053727e-09
12.0,0.0,90.0,650.0,640.0,660.0,1.41227888892e-09,1.41227888892e-09
12.0,0.0,90.0,670.0,660.0,680.0,1.58521080419e-09,1.58521080419e-09
12.0,0.0,90.0,690.0,680.0,700.0,1.62548475752e-09,1.62548475752e-09
12.0,0.0,90.0,710.0,700.0,720.0,1.56896407886e-09,1.56896407886e-09
12.0,0.0,90.0,730.0,720.0,740.0,1.45810640901e-09,1.45810640901e-09
12.0,0.0,90.0,750.0,740.0,760.0,1.27494529795e-09,1.27494529795e-09
12.0,0.0,90.0,770.0,760.0,780.0,1.16077140819e-09,1.16077140819e-09
12.0,90.0,0.0,390.0,380.0,400.0,1.11269793176e-08,1.11269793176e-08
12.0,90.0,0.0,410.0,400.0,420.0,1.79549106192e-08,1.79549106192e-08
12.0,90.0,0.0,430.0,420.0,440.0,1.73392137893e-08,1.73392137893e-08
12.0,90.0,0.0,450.0,440.0,460.0,1.99745483565e-08,1.99745483565e-08
12.0,90.0,0.0,470.0,460.0,480.0,1.93971900351e-08,1.93971900351e-08
12.0,90.0,0.0,490.0,480.0,500.0,1.67896573701e-08,1.67896573701e-08
12.0,90.0,0.0,510.0,500.0,520.0,1.31562779394e-08,1.31562779394e-08
12.0,90.0,0.0,530.0,520.0,540.0,9.66111540745e-09,9.66111540745e-09
12.0,90.0,0.0,550.0,540.0,560.0,7.82481702593e-09,7.82481702593e-09
12.0,90.0,0.0,570.0,560.0,580.0,5.36947969436e-09,5.36947969436e-09
12.0,90.0,0.0,590.0,580.0,600.0,5.49327099973e-09,5.49327099973e-09
12.0,90.0,0.0,610.0,600.0,620.0,4.77434086777e-09,4.77434086777e-09
12.0,90.0,0.0,630.0,620.0,640.0,6.39471378067e-09,6.39471378067e-09
12.0,90.0,0.0,650.0,640.0,660.0,8.23205356551e-09,8.23205356551e-09
12.0,90.0,0.0,670.0,660.0,680.0,1.02310691346e-08,1.02310691346e-08
12.0,90.0,0.0,690.0,680.0,700.0,1.15767462225e-08,1.15767462225e-08
12.0,90.0,0.0,710.0,700.0,720.0,1.22912343769e-08,1.22912343769e-08
12.0,90.0,0.0,730.0,720.0,740.0,1.25259773245e-08,1.25259773245e-08
12.0,90.0,0.0,750.0,740.0,760.0,1.19741657083e-08,1.19741657083e-08
12.0,90.0,0.0,770.0,760.0,780.0,1.18844286237e-08,1.18844286237e-08
12.0,90.0,0.5,390.0,380.0,400.0,1.13072626404e-08,1.13072626404e-08
12.0,90.0,0.5,410.0,400.0,420.0,1.83063764203e-08,1.83063764203e-08
12.0,90.0,0.5,430.0,420.0,440.0,1.77472387444e-08,1.77472387444e-08
12.0,90.0,0.5,450.0,440.0,460.0,2.05347826453e-08,2.05347826453e-08
12.0,90.0,0.5,470.0,460.0,480.0,2.00384881179e-08,2.00384881179e-08
12.0,90.0,0.5,490.0,480.0,500.0,1.74358915286e-08,1.74358915286e-08
12.0,90.0,0.5,510.0,500.0,520.0,1.37378977569e-08,1.37378977569e-08
12.0,90.0,0.5,530.0,520.0,540.0,1.01448710012e-08,1.01448710012e-08
12.0,90.0,0.5,550.0,540.0,560.0,8.26325779665e-09,8.26325779665e-09
12.0,90.0,0.5,570.0,560.0,580.0,5.70133327327e-09,5.70133327327e-09
12.0,90.0,0.5,590.0,580.0,600.0,5.86421174589e-09,5.86421174589e-09
12.0,90.0,0.5,610.0,600.0,620.0,5.12163648522e-09,5.12163648522e-09
12.0,90.0,0.5,630.0,620.0,640.0,6.8916792207e-09,6.8916792207e-09
12.0,90.0,0.5,650.0,640.0,660.0,8.90744526157e-09,8.90744526157e-09
12.0,90.0,0.5,670.0,660.0,680.0,1.11060787358e-08,1.11060787358e-08
12.0,90.0,0.5,690.0,680.0,700.0,1.25954663513e-08,1.25954663513e-08
12.0,90.0,0.5,710.0,700.0,720.0,1.3389462812e-08,1.3389462812e-08
12.0,90.0,0.5,730.0,720.0,740.0,1.36470753279e-08,1.36470753279e-08
12.0,90.0,0.5,750.0,740.0,760.0,1.30321617399e-08,1.30321617399e-08
12.0,90.0,0.5,770.0,760.0,780.0,1.2907924124e-08,1.2907924124e-08
12.0,90.0,1.0,390.0,380.0,400.0,1.20674914657e-08,1.20674914657e-08
12.0,90.0,1.0,410.0,400.0,420.0,1.97493201827e-08,1.97493201827e-08
12.0,90.0,1.0,430.0,420.0,440.0,1.93479918004e-08,1.93479918004e-08
12.0,90.0,1.0,450.0,440.0,460.0,2.26082885814e-08,2.26082885814e-08
12.0,90.0,1.0,470.0,460.0,480.0,2.22591341194e-08,2.22591341194e-08
12.0,90.0,1.0,490.0,480.0,500.0,1.95190871872e-08,1.95190871872e-08
12.0,90.0,1.0,510.0,500.0,520.0,1.54787959254e-08,1.54787959254e-08
12.0,90.0,1.0,530.0,520.0,540.0,1.14875567884e-08,1.14875567884e-08
12.0,90.0,1.0,550.0,540.0,560.0,9.39023849624e-09,9.39023849624e-09
12.0,90.0,1.0,570.0,560.0,580.0,6.49137532445e-09,6.49137532445e-09
12.0,90.0,1.0,590.0,580.0,600.0,6.68157276809e-09,6.68157276809e-09
12.0,90.0,1.0,610.0,600.0,620.0,5.83038913645e-09,5.83038913645e-09
12.0,90.0,1.0,630.0,620.0,640.0,7.83022968399e-09,7.83022968399e-09
12.0,90.0,1.0,650.0,640.0,660.0,1.0087586952e-08,1.0087586952e-08
12.0,90.0,1.0,670.0,660.0,680.0,1.25205834763e-08,1.25205834763e-08
12.0,90.0,1.0,690.0,680.0,700.0,1.41188278308e-08,1.41188278308e-08
12.0,90.0,1.0,710.0,700.0,720.0,1.49078001156e-08,1.49078001156e-08
12.0,90.0,1.0,730.0,720.0,740.0,1.50784747427e-08,1.50784747427e-08
12.0,90.0,1.0,750.0,740.0,760.0,1.42773701371e-08,1.42773701371e-08
12.0,90.0,1.0,770.0,760.0,780.0,1.40139400229e-08,1.40139400229e-08
12.0,90.0,2.0,390.0,380.0,400.0,1.30411875484e-08,1.30411875484e-08
12.0,90.0,2.0,410.0,400.0,420.0,2.15543301609e-08,2.15543301609e-08
12.0,90.0,2.0,430.0,420.0,440.0,2.13242722048e-08,2.13242722048e-08
12.0,90.0,2.0,450.0,440.0,460.0,2.51506422306e-08,2.51506422306e-08
12.0,90.0,2.0,470.0,460.0,480.0,2.49689035416e-08,2.49689035416e-08
12.0,90.0,2.0,490.0,480.0,500.0,2.20443498506e-08,2.20443498506e-08
12.0,90.0,2.0,510.0,500.0,520.0,1.75638957665e-08,1.75638957665e-08
12.0,90.0,2.0,530.0,520.0,540.0,1.30638219338e-08,1.30638219338e-08
12.0,90.0,2.0,550.0,540.0,560.0,1.06769505788e-08,1.06769505788e-08
12.0,90.0,2.0,570.0,560.0,580.0,7.35888960707e-09,7.35888960707e-09
12.0,90.0,2.0,590.0,580.0,600.0,7.53807705682e-09,7.53807705682e-09
12.0,90.0,2.0,610.0,600.0,620.0,6.52981692938e-09,6.52981692938e-09
12.0,90.0,2.0,630.0,620.0,640.0,8.69346781517e-09,8.69346781517e-09
12.0,90.0,2.0,650.0,640.0,660.0,1.10830291417e-08,1.10830291417e-08
12.0,90.0,2.0,670.0,660.0,680.0,1.35917292705e-08,1.35917292705e-08
12.0,90.0,2.0,690.0,680.0,700.0,1.5124495846e-08,1.5124495846e-08
12.0,90.0,2.0,710.0,700.0,720.0,1.57436581895e-08,1.57436581895e-08
12.0,90.0,2.0,730.0,720.0,740.0,1.56873193776e-08,1.56873193776e-08
12.0,90.0,2.0,750.0,740.0,760.0,1.46255434027e-08,1.46255434027e-08
12.0,90.0,2.0,770.0,760.0,780.0,1.41326782578e-08,1.41326782578e-08
12.0,90.0,3.0,390.0,380.0,400.0,1.4065811297e-08,1.4065811297e-08
12.0,90.0,3.0,410.0,400.0,420.0,2.34471917093e-08,2.34471917093e-08
12.0,90.0,3.0,430.0,420.0,440.0,2.3373318149e-08,2.3373318149e-08
12.0,90.0,3.0,450.0,440.0,460.0,2.77292522544e-08,2.77292522544e-08
12.0,90.0,3.0,470.0,460.0,480.0,2.76254048088e-08,2.76254048088e-08
12.0,90.0,3.0,490.0,480.0,500.0,2.44077947307e-08,2.44077947307e-08
12.0,90.0,3.0,510.0,500.0,520.0,1.9404461011e-08,1.9404461011e-08
12.0,90.0,3.0,530.0,520.0,540.0,1.43607717165e-08,1.43607717165e-08
12.0,90.0,3.0,550.0,540.0,560.0,1.16528032804e-08,1.16528032804e-08
12.0,90.0,3.0,570.0,560.0,580.0,7.95711993673e-09,7.95711993673e-09
12.0,90.0,3.0,590.0,580.0,600.0,8.06649662321e-09,8.06649662321e-09
12.0,90.0,3.0,610.0,600.0,620.0,6.90630429083e-09,6.90630429083e-09
12.0,90.0,3.0,630.0,620.0,640.0,9.08304514112e-09,9.08304514112e-09
12.0,90.0,3.0,650.0,640.0,660.0,1.14326732585e-08,1.14326732585e-08
12.0,90.0,3.0,670.0,660.0,680.0,1.38377569172e-08,1.38377569172e-08
12.0,90.0,3.0,690.0,680.0,700.0,1.51956862667e-08,1.51956862667e-08
12.0,90.0,3.0,710.0,700.0,720.0,1.56104264599e-08,1.56104264599e-08
12.0,90.0,3.0,730.0,720.0,740.0,1.53534603861e-08,1.53534603861e-08
12.0,90.0,3.0,750.0,740.0,760.0,1.4133051357e-08,1.4133051357e-08
12.0,90.0,3.0,770.0,760.0,780.0,1.3489070185e-08,1.3489070185e-08
12.0,90.0,5.0,390.0,380.0,400.0,1.61231307334e-08,1.61231307334e-08
12.0,90.0,5.0,410.0,400.0,420.0,2.70875960265e-08,2.70875960265e-08
12.0,90.0,5.0,430.0,420.0,440.0,2.70780277275e-08,2.70780277275e-08
12.0,90.0,5.0,450.0,440.0,460.0,3.20407920894e-08,3.20407920894e-08
12.0,90.0,5.0,470.0,460.0,480.0,3.16753373584e-08,3.16753373584e-08
12.0,90.0,5.0,490.0,480.0,500.0,2.76485667672e-08,2.76485667672e-08
12.0,90.0,5.0,510.0,500.0,520.0,2.16393974113e-08,2.16393974113e-08
12.0,90.0,5.0,530.0,520.0,540.0,1.57259200504e-08,1.57259200504e-08
12.0,90.0,5.0,550.0,540.0,560.0,1.25126926167e-08,1.25126926167e-08
12.0,90.0,5.0,570.0,560.0,580.0,8.37044635918e-09,8.37044635918e-09
12.0,90.0,5.0,590.0,580.0,600.0,8.3113259186e-09,8.3113259186e-09
12.0,90.0,5.0,610.0,600.0,620.0,6.96963149867e-09,6.96963149867e-09
12.0,90.0,5.0,630.0,620.0,640.0,8.97976364931e-09,8.97976364931e-09
12.0,90.0,5.0,650.0,640.0,660.0,1.10777479008e-08,1.10777479008e-08
12.0,90.0,5.0,670.0,660.0,680.0,1.31495038757e-08,1.31495038757e-08
12.0,90.0,5.0,690.0,680.0,700.0,1.41718204843e-08,1.41718204843e-08
12.0,90.0,5.0,710.0,700.0,720.0,1.4299766038e-08,1.4299766038e-08
12.0,90.0,5.0,730.0,720.0,740.0,1.38258280964e-08,1.38258280964e-08
12.0,90.0,5.0,750.0,740.0,760.0,1.25217105771e-08,1.25217105771e-08
12.0,90.0,5.0,770.0,760.0,780.0,1.1767927676e-08,1.1767927676e-08
12.0,90.0,8.0,390.0,380.0,400.0,1.86343158473e-08,1.86343158473e-08
12.0,90.0,8.0,410.0,400.0,420.0,3.09577340866e-08,3.09577340866e-08
12.0,90.0,8.0,430.0,420.0,440.0,3.04286717868e-08,3.04286717868e-08
12.0,90.0,8.0,450.0,440.0,460.0,3.52673950451e-08,3.52673950451e-08
12.0,90.0,8.0,470.0,460.0,480.0,3.40760418748e-08,3.40760418748e-08
12.0,90.0,8.0,490.0,480.0,500.0,2.90434503266e-08,2.90434503266e-08
12.0,90.0,8.0,510.0,500.0,520.0,2.21951721593e-08,2.21951721593e-08
12.0,90.0,8.0,530.0,520.0,540.0,1.57595345487e-08,1.57595345487e-08
12.0,90.0,8.0,550.0,540.0,560.0,1.22627483924e-08,1.22627483924e-08
12.0,90.0,8.0,570.0,560.0,580.0,8.03242068354e-09,8.03242068354e-09
12.0,90.0,8.0,590.0,580.0,600.0,7.81555896001e-09,7.81555896001e-09
12.0,90.0,8.0,610.0,600.0,620.0,6.43077119972e-09,6.43077119972e-09
12.0,90.0,8.0,630.0,620.0,640.0,8.13437275893e-09,8.13437275893e-09
12.0,90.0,8.0,650.0,640.0,660.0,9.86294778927e-09,9.86294778927e-09
12.0,90.0,8.0,670.0,660.0,680.0,1.15199768842e-08,1.15199768842e-08
12.0,90.0,8.0,690.0,680.0,700.0,1.22298235526e-08,1.22298235526e-08
12.0,90.0,8.0,710.0,700.0,720.0,1.21676215066e-08,1.21676215066e-08
12.0,90.0,8.0,730.0,720.0,740.0,1.16104907218e-08,1.16104907218e-08
12.0,90.0,8.0,750.0,740.0,760.0,1.03870433429e-08,1.03870433429e-08
12.0,90.0,8.0,770.0,760.0,780.0,9.64939967894e-09,9.64939967894e-09
12.0,90.0,12.0,390.0,380.0,400.0,2.03334780413e-08,2.03334780413e-08
12.0,90.0,12.0,410.0,400.0,420.0,3.28715925773e-08,3.28715925773e-08
12.0,90.0,12.0,430.0,420.0,440.0,3.14366092376e-08,3.14366092376e-08
12.0,90.0,12.0,450.0,440.0,460.0,3.54925331466e-08,3.54925331466e-08
12.0,90.0,12.0,470.0,460.0,480.0,3.34666928391e-08,3.34666928391e-08
12.0,90.0,12.0,490.0,480.0,500.0,2.78928059228e-08,2.78928059228e-08
12.0,90.0,12.0,510.0,500.0,520.0,2.08876250011e-08,2.08876250011e-08
12.0,90.0,12.0,530.0,520.0,540.0,1.45625728847e-08,1.45625728847e-08
12.0,90.0,12.0,550.0,540.0,560.0,1.11436300501e-08,1.11436300501e-08
12.0,90.0,12.0,570.0,560.0,580.0,7.19104499478e-09,7.19104499478e-09
12.0,90.0,12.0,590.0,580.0,600.0,6.89790212078e-09,6.89790212078e-09
12.0,90.0,12.0,610.0,600.0,620.0,5.60315828023e-09,5.60315828023e-09
12.0,90.0,12.0,630.0,620.0,640.0,6.99938524349e-09,6.99938524349e-09
12.0,90.0,12.0,650.0,640.0,660.0,8.38949028248e-09,8.38949028248e-09
12.0,90.0,12.0,670.0,660.0,680.0,9.69570457135e-09,9.69570457135e-09
12.0,90.0,12.0,690.0,680.0,700.0,1.01931203542e-08,1.01931203542e-08
12.0,90.0,12.0,710.0,700.0,720.0,1.00500216701e-08,1.00500216701e-08
12.0,90.0,12.0,730.0,720.0,740.0,9.50971832936e-09,9.50971832936e-09
12.0,90.0,12.0,750.0,740.0,760.0,8.44172886843e-09,8.44172886843e-09
12.0,90.0,12.0,770.0,760.0,780.0,7.78481867928e-09,7.78481867928e-09
12.0,90.0,20.0,390.0,380.0,400.0,2.02503138223e-08,2.02503138223e-08
12.0,90.0,20.0,410.0,400.0,420.0,3.13997171621e-08,3.13997171621e-08
12.0,90.0,20.0,430.0,420.0,440.0,2.89633763976e-08,2.89633763976e-08
12.0,90.0,20.0,450.0,440.0,460.0,3.17029957109e-08,3.17029957109e-08
12.0,90.0,20.0,470.0,460.0,480.0,2.91122176134e-08,2.91122176134e-08
12.0,90.0,20.0,490.0,480.0,500.0,2.37187907189e-08,2.37187907189e-08
12.0,90.0,20.0,510.0,500.0,520.0,1.74189823005e-08,1.74189823005e-08
12.0,90.0,20.0,530.0,520.0,540.0,1.19420584754e-08,1.19420584754e-08
12.0,90.0,20.0,550.0,540.0,560.0,9.0025574204e-09,9.0025574204e-09
12.0,90.0,20.0,570.0,560.0,580.0,5.73442280991e-09,5.73442280991e-09
12.0,90.0,20.0,590.0,580.0,600.0,5.4327684993e-09,5.4327684993e-09
12.0,90.0,20.0,610.0,600.0,620.0,4.3647781766e-09,4.3647781766e-09
12.0,90.0,20.0,630.0,620.0,640.0,5.39379868228e-09,5.39379868228e-09
12.0,90.0,20.0,650.0,640.0,660.0,6.40146328789e-09,6.40146328789e-09
12.0,90.0,20.0,670.0,660.0,680.0,7.33172866288e-09,7.33172866288e-09
12.0,90.0,20.0,690.0,680.0,700.0,7.64428859573e-09,7.64428859573e-09
12.0,90.0,20.0,710.0,700.0,720.0,7.47945487197e-09,7.47945487197e-09
12.0,90.0,20.0,730.0,720.0,740.0,7.02714212387e-09,7.02714212387e-09
12.0,90.0,20.0,750.0,740.0,760.0,6.19686583935e-09,6.19686583935e-09
12.0,90.0,20.0,770.0,760.0,780.0,5.67883178394e-09,5.67883178394e-09
12.0,90.0,30.0,390.0,380.0,400.0,1.82519174961e-08,1.82519174961e-08
12.0,90.0,30.0,410.0,400.0,420.0,2.74852571483e-08,2.74852571483e-08
12.0,90.0,30.0,430.0,420.0,440.0,2.47585665536e-08,2.47585665536e-08
12.0,90.0,30.0,450.0,440.0,460.0,2.65825282203e-08,2.65825282203e-08
12.0,90.0,30.0,470.0,460.0,480.0,2.40268224262e-08,2.40268224262e-08
12.0,90.0,30.0,490.0,480.0,500.0,1.93203103403e-08,1.93203103403e-08
12.0,90.0,30.0,510.0,500.0,520.0,1.40342207099e-08,1.40342207099e-08
12.0,90.0,30.0,530.0,520.0,540.0,9.53332022197e-09,9.53332022197e-09
12.0,90.0,30.0,550.0,540.0,560.0,7.12863788683e-09,7.12863788683e-09
12.0,90.0,30.0,570.0,560.0,580.0,4.50948610021e-09,4.50948610021e-09
12.0,90.0,30.0,590.0,580.0,600.0,4.24391697146e-09,4.24391697146e-09
12.0,90.0,30.0,610.0,600.0,620.0,3.38983133662e-09,3.38983133662e-09
12.0,90.0,30.0,630.0,620.0,640.0,4.1648509171e-09,4.1648509171e-09
12.0,90.0,30.0,650.0,640.0,660.0,4.91703275545e-09,4.91703275545e-09
12.0,90.0,30.0,670.0,660.0,680.0,5.6047940042e-09,5.6047940042e-09
12.0,90.0,30.0,690.0,680.0,700.0,5.8182761507e-09,5.8182761507e-09
12.0,90.0,30.0,710.0,700.0,720.0,5.66990124628e-09,5.66990124628e-09
12.0,90.0,30.0,730.0,720.0,740.0,5.30708618338e-09,5.30708618338e-09
12.0,90.0,30.0,750.0,740.0,760.0,4.66376731153e-09,4.66376731153e-09
12.0,90.0,30.0,770.0,760.0,780.0,4.25972349859e-09,4.25972349859e-09
12.0,90.0,45.0,390.0,380.0,400.0,1.54033623265e-08,1.54033623265e-08
12.0,90.0,45.0,410.0,400.0,420.0,2.26525171826e-08,2.26525171826e-08
12.0,90.0,45.0,430.0,420.0,440.0,2.00202875535e-08,2.00202875535e-08
12.0,90.0,45.0,450.0,440.0,460.0,2.11657360771e-08,2.11657360771e-08
12.0,90.0,45.0,470.0,460.0,480.0,1.88901763129e-08,1.88901763129e-08
12.0,90.0,45.0,490.0,480.0,500.0,1.50312901109e-08,1.50312901109e-08
12.0,90.0,45.0,510.0,500.0,520.0,1.08235127118e-08,1.08235127118e-08
12.0,90.0,45.0,530.0,520.0,540.0,7.29846872246e-09,7.29846872246e-09
12.0,90.0,45.0,550.0,540.0,560.0,5.42234305215e-09,5.42234305215e-09
12.0,90.0,45.0,570.0,560.0,580.0,3.41139960539e-09,3.41139960539e-09
12.0,90.0,45.0,590.0,580.0,600.0,3.1936188962e-09,3.1936188962e-09
12.0,90.0,45.0,610.0,600.0,620.0,2.53928476746e-09,2.53928476746e-09
12.0,90.0,45.0,630.0,620.0,640.0,3.10576652966e-09,3.10576652966e-09
12.0,90.0,45.0,650.0,640.0,660.0,3.65185378148e-09,3.65185378148e-09
12.0,90.0,45.0,670.0,660.0,680.0,4.1475906512e-09,4.1475906512e-09
12.0,90.0,45.0,690.0,680.0,700.0,4.29149332588e-09,4.29149332588e-09
12.0,90.0,45.0,710.0,700.0,720.0,4.16958488611e-09,4.16958488611e-09
12.0,90.0,45.0,730.0,720.0,740.0,3.89209662886e-09,3.89209662886e-09
12.0,90.0,45.0,750.0,740.0,760.0,3.41171455619e-09,3.41171455619e-09
12.0,90.0,45.0,770.0,760.0,780.0,3.10878178249e-09,3.10878178249e-09
12.0,90.0,60.0,390.0,380.0,400.0,1.30865651631e-08,1.30865651631e-08
12.0,90.0,60.0,410.0,400.0,420.0,1.89184882931e-08,1.89184882931e-08
12.0,90.0,60.0,430.0,420.0,440.0,1.64872173285e-08,1.64872173285e-08
12.0,90.0,60.0,450.0,440.0,460.0,1.72312477876e-08,1.72312477876e-08
12.0,90.0,60.0,470.0,460.0,480.0,1.52344237934e-08,1.52344237934e-08
12.0,90.0,60.0,490.0,480.0,500.0,1.20290396785e-08,1.20290396785e-08
12.0,90.0,60.0,510.0,500.0,520.0,8.6072706304e-09,8.6072706304e-09
12.0,90.0,60.0,530.0,520.0,540.0,5.77437421675e-09,5.77437421675e-09
12.0,90.0,60.0,550.0,540.0,560.0,4.27186943804e-09,4.27186943804e-09
12.0,90.0,60.0,570.0,560.0,580.0,2.67847545643e-09,2.67847545643e-09
12.0,90.0,60.0,590.0,580.0,600.0,2.50031908749e-09,2.50031908749e-09
12.0,90.0,60.0,610.0,600.0,620.0,1.98358214097e-09,1.98358214097e-09
12.0,90.0,60.0,630.0,620.0,640.0,2.42164599988e-09,2.42164599988e-09
12.0,90.0,60.0,650.0,640.0,660.0,2.84340355865e-09,2.84340355865e-09
12.0,90.0,60.0,670.0,660.0,680.0,3.22594729193e-09,3.22594729193e-09
12.0,90.0,60.0,690.0,680.0,700.0,3.33530953501e-09,3.33530953501e-09
12.0,90.0,60.0,710.0,700.0,720.0,3.23889495832e-09,3.23889495832e-09
12.0,90.0,60.0,730.0,720.0,740.0,3.02244271958e-09,3.02244271958e-09
12.0,90.0,60.0,750.0,740.0,760.0,2.64912082674e-09,2.64912082674e-09
12.0,90.0,60.0,770.0,760.0,780.0,2.4139704123e-09,2.4139704123e-09
12.0,90.0,90.0,390.0,380.0,400.0,1.00779415366e-08,1.00779415366e-08
12.0,90.0,90.0,410.0,400.0,420.0,1.38548247346e-08,1.38548247346e-08
12.0,90.0,90.0,430.0,420.0,440.0,1.1492310776e-08,1.1492310776e-08
12.0,90.0,90.0,450.0,440.0,460.0,1.14522825163e-08,1.14522825163e-08
12.0,90.0,90.0,470.0,460.0,480.0,9.67927041294e-09,9.67927041294e-09
12.0,90.0,90.0,490.0,480.0,500.0,7.32889371264e-09,7.32889371264e-09
12.0,90.0,90.0,510.0,500.0,520.0,5.04638851837e-09,5.04638851837e-09
12.0,90.0,90.0,530.0,520.0,540.0,3.27015848549e-09,3.27015848549e-09
12.0,90.0,90.0,550.0,540.0,560.0,2.34579598894e-09,2.34579598894e-09
12.0,90.0,90.0,570.0,560.0,580.0,1.43170362767e-09,1.43170362767e-09
12.0,90.0,90.0,590.0,580.0,600.0,1.30550430468e-09,1.30550430468e-09
12.0,90.0,90.0,610.0,600.0,620.0,1.01530697374e-09,1.01530697374e-09
12.0,90.0,90.0,630.0,620.0,640.0,1.21912053727e-09,1.21912053727e-09
12.0,90.0,90.0,650.0,640.0,660.0,1.41227888892e-09,1.41227888892e-09
12.0,90.0,90.0,670.0,660.0,680.0,1.58521080419e-09,1.58521080419e-09
12.0,90.0,90.0,690.0,680.0,700.0,1.62548475752e-09,1.62548475752e-09
12.0,90.0,90.0,710.0,700.0,720.0,1.56896407886e-09,1.56896407886e-09
12.0,90.0,90.0,730.0,720.0,740.0,1.45810640901e-09,1.45810640901e-09
12.0,90.0,90.0,750.0,740.0,760.0,1.27494529795e-09,1.27494529795e-09
12.0,90.0,90.0,770.0,760.0,780.0,1.16077140819e-09,1.16077140819e-09
12.0,180.0,0.0,390.0,380.0,400.0,7.51091193829e-09,7.51091193829e-09
12.0,180.0,0.0,410.0,400.0,420.0,1.17041705127e-08,1.17041705127e-08
12.0,180.0,0.0,430.0,420.0,440.0,1.08538947442e-08,1.08538947442e-08
12.0,180.0,0.0,450.0,440.0,460.0,1.19391003442e-08,1.19391003442e-08
12.0,180.0,0.0,470.0,460.0,480.0,1.10141762962e-08,1.10141762962e-08
12.0,180.0,0.0,490.0,480.0,500.0,9.01379088006e-09,9.01379088006e-09
12.0,180.0,0.0,510.0,500.0,520.0,6.64650851546e-09,6.64650851546e-09
12.0,180.0,0.0,530.0,520.0,540.0,4.57255848908e-09,4.57255848908e-09
12.0,180.0,0.0,550.0,540.0,560.0,3.47254148573e-09,3.47254148573e-09
12.0,180.0,0.0,570.0,560.0,580.0,2.22493973489e-09,2.22493973489e-09
12.0,180.0,0.0,590.0,580.0,600.0,2.14615007313e-09,2.14615007313e-09
12.0,180.0,0.0,610.0,600.0,620.0,1.75471561055e-09,1.75471561055e-09
12.0,180.0,0.0,630.0,620.0,640.0,2.23394295267e-09,2.23394295267e-09
12.0,180.0,0.0,650.0,640.0,660.0,2.73284842729e-09,2.73284842729e-09
12.0,180.0,0.0,670.0,660.0,680.0,3.22708561173e-09,3.22708561173e-09
12.0,180.0,0.0,690.0,680.0,700.0,3.47253852875e-09,3.47253852875e-09
12.0,180.0,0.0,710.0,700.0,720.0,3.51171025194e-09,3.51171025194e-09
12.0,180.0,0.0,730.0,720.0,740.0,3.41556533856e-09,3.41556533856e-09
12.0,180.0,0.0,750.0,740.0,760.0,3.12270405954e-09,3.12270405954e-09
12.0,180.0,0.0,770.0,760.0,780.0,2.97265934628e-09,2.97265934628e-09
12.0,180.0,0.5,390.0,380.0,400.0,9.1451907374e-09,9.1451907374e-09
12.0,180.0,0.5,410.0,400.0,420.0,1.41262699043e-08,1.41262699043e-08
12.0,180.0,0.5,430.0,420.0,440.0,1.29819495383e-08,1.29819495383e-08
12.0,180.0,0.5,450.0,440.0,460.0,1.41522810794e-08,1.41522810794e-08
12.0,180.0,0.5,470.0,460.0,480.0,1.29423396978e-08,1.29423396978e-08
12.0,180.0,0.5,490.0,480.0,500.0,1.05043901046e-08,1.05043901046e-08
12.0,180.0,0.5,510.0,500.0,520.0,7.6872517498e-09,7.6872517498e-09
12.0,180.0,0.5,530.0,520.0,540.0,5.25284300879e-09,5.25284300879e-09
12.0,180.0,0.5,550.0,540.0,560.0,3.96082889091e-09,3.96082889091e-09
12.0,180.0,0.5,570.0,560.0,580.0,2.52242006968e-09,2.52242006968e-09
12.0,180.0,0.5,590.0,580.0,600.0,2.41466129002e-09,2.41466129002e-09
12.0,180.0,0.5,610.0,600.0,620.0,1.96139145765e-09,1.96139145765e-09
12.0,180.0,0.5,630.0,620.0,640.0,2.4791567485e-09,2.4791567485e-09
12.0,180.0,0.5,650.0,640.0,660.0,3.01400711264e-09,3.01400711264e-09
12.0,180.0,0.5,670.0,660.0,680.0,3.53963130479e-09,3.53963130479e-09
12.0,180.0,0.5,690.0,680.0,700.0,3.78982142771e-09,3.78982142771e-09
12.0,180.0,0.5,710.0,700.0,720.0,3.81456997409e-09,3.81456997409e-09
12.0,180.0,0.5,730.0,720.0,740.0,3.69340414119e-09,3.69340414119e-09
12.0,180.0,0.5,750.0,740.0,760.0,3.36183954464e-09,3.36183954464e-09
12.0,180.0,0.5,770.0,760.0,780.0,3.18638715345e-09,3.18638715345e-09
12.0,180.0,1.0,390.0,380.0,400.0,9.37885734412e-09,9.37885734412e-09
12.0,180.0,1.0,410.0,400.0,420.0,1.44885992156e-08,1.44885992156e-08
12.0,180.0,1.0,430.0,420.0,440.0,1.33147424545e-08,1.33147424545e-08
12.0,180.0,1.0,450.0,440.0,460.0,1.45136810154e-08,1.45136810154e-08
12.0,180.0,1.0,470.0,460.0,480.0,1.32707916586e-08,1.32707916586e-08
12.0,180.0,1.0,490.0,480.0,500.0,1.07686016422e-08,1.07686016422e-08
12.0,180.0,1.0,510.0,500.0,520.0,7.87782612518e-09,7.87782612518e-09
12.0,180.0,1.0,530.0,520.0,540.0,5.37997318312e-09,5.37997318312e-09
12.0,180.0,1.0,550.0,540.0,560.0,4.05480971846e-09,4.05480971846e-09
12.0,180.0,1.0,570.0,560.0,580.0,2.57997801228e-09,2.57997801228e-09
12.0,180.0,1.0,590.0,580.0,600.0,2.46963440305e-09,2.46963440305e-09
12.0,180.0,1.0,610.0,600.0,620.0,2.00515011209e-09,2.00515011209e-09
12.0,180.0,1.0,630.0,620.0,640.0,2.53551534022e-09,2.53551534022e-09
12.0,180.0,1.0,650.0,640.0,660.0,3.08276852023e-09,3.08276852023e-09
12.0,180.0,1.0,670.0,660.0,680.0,3.61912693549e-09,3.61912693549e-09
12.0,180.0,1.0,690.0,680.0,700.0,3.87208715092e-09,3.87208715092e-09
12.0,180.0,1.0,710.0,700.0,720.0,3.89310207089e-09,3.89310207089e-09
12.0,180.0,1.0,730.0,720.0,740.0,3.76399634433e-09,3.76399634433e-09
12.0,180.0,1.0,750.0,740.0,760.0,3.41989297413e-09,3.41989297413e-09
12.0,180.0,1.0,770.0,760.0,780.0,3.2347812898e-09,3.2347812898e-09
12.0,180.0,2.0,390.0,380.0,400.0,9.77577231479e-09,9.77577231479e-09
12.0,180.0,2.0,410.0,400.0,420.0,1.51114061425e-08,1.51114061425e-08
12.0,180.0,2.0,430.0,420.0,440.0,1.38923513407e-08,1.38923513407e-08
12.0,180.0,2.0,450.0,440.0,460.0,1.5146187574e-08,1.5146187574e-08
12.0,180.0,2.0,470.0,460.0,480.0,1.38496988183e-08,1.38496988183e-08
12.0,180.0,2.0,490.0,480.0,500.0,1.12363854896e-08,1.12363854896e-08
12.0,180.0,2.0,510.0,500.0,520.0,8.21496447778e-09,8.21496447778e-09
12.0,180.0,2.0,530.0,520.0,540.0,5.60284711229e-09,5.60284711229e-09
12.0,180.0,2.0,550.0,540.0,560.0,4.21776826105e-09,4.21776826105e-09
12.0,180.0,2.0,570.0,560.0,580.0,2.67725533359e-09,2.67725533359e-09
12.0,180.0,2.0,590.0,580.0,600.0,2.56107346031e-09,2.56107346031e-09
12.0,180.0,2.0,610.0,600.0,620.0,2.07560075962e-09,2.07560075962e-09
12.0,180.0,2.0,630.0,620.0,640.0,2.62374247679e-09,2.62374247679e-09
12.0,180.0,2.0,650.0,640.0,660.0,3.18561765844e-09,3.18561765844e-09
12.0,180.0,2.0,670.0,660.0,680.0,3.73055024109e-09,3.73055024109e-09
12.0,180.0,2.0,690.0,680.0,700.0,3.97774434477e-09,3.97774434477e-09
12.0,180.0,2.0,710.0,700.0,720.0,3.9827557879e-09,3.9827557879e-09
12.0,180.0,2.0,730.0,720.0,740.0,3.83225580982e-09,3.83225580982e-09
12.0,180.0,2.0,750.0,740.0,760.0,3.46321140338e-09,3.46321140338e-09
12.0,180.0,2.0,770.0,760.0,780.0,3.25710871577e-09,3.25710871577e-09
12.0,180.0,3.0,390.0,380.0,400.0,1.01617550218e-08,1.01617550218e-08
12.0,180.0,3.0,410.0,400.0,420.0,1.57145961125e-08,1.57145961125e-08
12.0,180.0,3.0,430.0,420.0,440.0,1.44494954143e-08,1.44494954143e-08
12.0,180.0,3.0,450.0,440.0,460.0,1.57529650529e-08,1.57529650529e-08
12.0,180.0,3.0,470.0,460.0,480.0,1.44002201356e-08,1.44002201356e-08
12.0,180.0,3.0,490.0,480.0,500.0,1.16748175534e-08,1.16748175534e-08
12.0,180.0,3.0,510.0,500.0,520.0,8.52370596236e-09,8.52370596236e-09
12.0,180.0,3.0,530.0,520.0,540.0,5.80006426743e-09,5.80006426743e-09
12.0,180.0,3.0,550.0,540.0,560.0,4.35607023689e-09,4.35607023689e-09
12.0,180.0,3.0,570.0,560.0,580.0,2.7550763842e-09,2.7550763842e-09
12.0,180.0,3.0,590.0,580.0,600.0,2.62985843215e-09,2.62985843215e-09
12.0,180.0,3.0,610.0,600.0,620.0,2.12424282027e-09,2.12424282027e-09
12.0,180.0,3.0,630.0,620.0,640.0,2.67909200203e-09,2.67909200203e-09
12.0,180.0,3.0,650.0,640.0,660.0,3.24210605757e-09,3.24210605757e-09
12.0,180.0,3.0,670.0,660.0,680.0,3.78077695289e-09,3.78077695289e-09
12.0,180.0,3.0,690.0,680.0,700.0,4.01181175223e-09,4.01181175223e-09
12.0,180.0,3.0,710.0,700.0,720.0,3.9956206691e-09,3.9956206691e-09
12.0,180.0,3.0,730.0,720.0,740.0,3.82304492033e-09,3.82304492033e-09
12.0,180.0,3.0,750.0,740.0,760.0,3.43460947269e-09,3.43460947269e-09
12.0,180.0,3.0,770.0,760.0,780.0,3.21106664794e-09,3.21106664794e-09
12.0,180.0,5.0,390.0,380.0,400.0,1.09087754956e-08,1.09087754956e-08
12.0,180.0,5.0,410.0,400.0,420.0,1.68611838758e-08,1.68611838758e-08
12.0,180.0,5.0,430.0,420.0,440.0,1.54835301471e-08,1.54835301471e-08
12.0,180.0,5.0,450.0,440.0,460.0,1.68435046334e-08,1.68435046334e-08
12.0,180.0,5.0,470.0,460.0,480.0,1.53488577689e-08,1.53488577689e-08
12.0,180.0,5.0,490.0,480.0,500.0,1.23906965371e-08,1.23906965371e-08
12.0,180.0,5.0,510.0,500.0,520.0,8.99478789298e-09,8.99478789298e-09
12.0,180.0,5.0,530.0,520.0,540.0,6.0764321657e-09,6.0764321657e-09
12.0,180.0,5.0,550.0,540.0,560.0,4.5303760952e-09,4.5303760952e-09
12.0,180.0,5.0,570.0,560.0,580.0,2.83986670967e-09,2.83986670967e-09
12.0,180.0,5.0,590.0,580.0,600.0,2.691446665e-09,2.691446665e-09
12.0,180.0,5.0,610.0,600.0,620.0,2.15548703935e-09,2.15548703935e-09
12.0,180.0,5.0,630.0,620.0,640.0,2.69789609675e-09,2.69789609675e-09
12.0,180.0,5.0,650.0,640.0,660.0,3.23672781263e-09,3.23672781263e-09
12.0,180.0,5.0,670.0,660.0,680.0,3.73916684805e-09,3.73916684805e-09
12.0,180.0,5.0,690.0,680.0,700.0,3.92896227504e-09,3.92896227504e-09
12.0,180.0,5.0,710.0,700.0,720.0,3.8742873034e-09,3.8742873034e-09
12.0,180.0,5.0,730.0,720.0,740.0,3.67009908714e-09,3.67009908714e-09
12.0,180.0,5.0,750.0,740.0,760.0,3.26461992262e-09,3.26461992262e-09
12.0,180.0,5.0,770.0,760.0,780.0,3.02266411104e-09,3.02266411104e-09
12.0,180.0,8.0,390.0,380.0,400.0,1.18737775431e-08,1.18737775431e-08
12.0,180.0,8.0,410.0,400.0,420.0,1.82445422988e-08,1.82445422988e-08
12.0,180.0,8.0,430.0,420.0,440.0,1.66311839148e-08,1.66311839148e-08
12.0,180.0,8.0,450.0,440.0,460.0,1.79363162729e-08,1.79363162729e-08
12.0,180.0,8.0,470.0,460.0,480.0,1.61865034752e-08,1.61865034752e-08
12.0,180.0,8.0,490.0,480.0,500.0,1.29279366442e-08,1.29279366442e-08
12.0,180.0,8.0,510.0,500.0,520.0,9.276983687e-09,9.276983687e-09
12.0,180.0,8.0,530.0,520.0,540.0,6.19141263377e-09,6.19141263377e-09
12.0,180.0,8.0,550.0,540.0,560.0,4.56153083511e-09,4.56153083511e-09
12.0,180.0,8.0,570.0,560.0,580.0,2.82491868676e-09,2.82491868676e-09
12.0,180.0,8.0,590.0,580.0,600.0,2.6464530815e-09,2.6464530815e-09
12.0,180.0,8.0,610.0,600.0,620.0,2.09468859189e-09,2.09468859189e-09
12.0,180.0,8.0,630.0,620.0,640.0,2.59063302094e-09,2.59063302094e-09
12.0,180.0,8.0,650.0,640.0,660.0,3.07101712642e-09,3.07101712642e-09
12.0,180.0,8.0,670.0,660.0,680.0,3.50627973598e-09,3.50627973598e-09
12.0,180.0,8.0,690.0,680.0,700.0,3.64249408712e-09,3.64249408712e-09
12.0,180.0,8.0,710.0,700.0,720.0,3.55253174338e-09,3.55253174338e-09
12.0,180.0,8.0,730.0,720.0,740.0,3.32994803505e-09,3.32994803505e-09
12.0,180.0,8.0,750.0,740.0,760.0,2.93227180115e-09,2.93227180115e-09
12.0,180.0,8.0,770.0,760.0,780.0,2.68878581819e-09,2.68878581819e-09
12.0,180.0,12.0,390.0,380.0,400.0,1.27532960635e-08,1.27532960635e-08
12.0,180.0,12.0,410.0,400.0,420.0,1.9321023746e-08,1.9321023746e-08
12.0,180.0,12.0,430.0,420.0,440.0,1.73618202258e-08,1.73618202258e-08
12.0,180.0,12.0,450.0,440.0,460.0,1.84583059473e-08,1.84583059473e-08
12.0,180.0,12.0,470.0,460.0,480.0,1.64247110825e-08,1.64247110825e-08
12.0,180.0,12.0,490.0,480.0,500.0,1.29393344032e-08,1.29393344032e-08
12.0,180.0,12.0,510.0,500.0,520.0,9.16342740873e-09,9.16342740873e-09
12.0,180.0,12.0,530.0,520.0,540.0,6.04010729532e-09,6.04010729532e-09
12.0,180.0,12.0,550.0,540.0,560.0,4.39710518433e-09,4.39710518433e-09
12.0,180.0,12.0,570.0,560.0,580.0,2.69361686312e-09,2.69361686312e-09
12.0,180.0,12.0,590.0,580.0,600.0,2.49392389431e-09,2.49392389431e-09
12.0,180.0,12.0,610.0,600.0,620.0,1.95259996671e-09,1.95259996671e-09
12.0,180.0,12.0,630.0,620.0,640.0,2.38575892346e-09,2.38575892346e-09
12.0,180.0,12.0,650.0,640.0,660.0,2.79610090277e-09,2.79610090277e-09
12.0,180.0,12.0,670.0,660.0,680.0,3.15890203569e-09,3.15890203569e-09
12.0,180.0,12.0,690.0,680.0,700.0,3.24954383474e-09,3.24954383474e-09
12.0,180.0,12.0,710.0,700.0,720.0,3.14025393096e-09,3.14025393096e-09
12.0,180.0,12.0,730.0,720.0,740.0,2.91815537683e-09,2.91815537683e-09
12.0,180.0,12.0,750.0,740.0,760.0,2.54890045714e-09,2.54890045714e-09
12.0,180.0,12.0,770.0,760.0,780.0,2.31921648004e-09,2.31921648004e-09
12.0,180.0,20.0,390.0,380.0,400.0,1.30286541626e-08,1.30286541626e-08
12.0,180.0,20.0,410.0,400.0,420.0,1.91173771779e-08,1.91173771779e-08
12.0,180.0,20.0,430.0,420.0,440.0,1.66986792202e-08,1.66986792202e-08
12.0,180.0,20.0,450.0,440.0,460.0,1.73145664957e-08,1.73145664957e-08
12.0,180.0,20.0,470.0,460.0,480.0,1.50710304553e-08,1.50710304553e-08
12.0,180.0,20.0,490.0,480.0,500.0,1.16455154953e-08,1.16455154953e-08
12.0,180.0,20.0,510.0,500.0,520.0,8.1113784562e-09,8.1113784562e-09
12.0,180.0,20.0,530.0,520.0,540.0,5.27320738708e-09,5.27320738708e-09
12.0,180.0,20.0,550.0,540.0,560.0,3.78862502772e-09,3.78862502772e-09
12.0,180.0,20.0,570.0,560.0,580.0,2.29736549534e-09,2.29736549534e-09
12.0,180.0,20.0,590.0,580.0,600.0,2.09894546984e-09,2.09894546984e-09
12.0,180.0,20.0,610.0,600.0,620.0,1.6255060067e-09,1.6255060067e-09
12.0,180.0,20.0,630.0,620.0,640.0,1.95860190451e-09,1.95860190451e-09
12.0,180.0,20.0,650.0,640.0,660.0,2.26777473121e-09,2.26777473121e-09
12.0,180.0,20.0,670.0,660.0,680.0,2.5354623023e-09,2.5354623023e-09
12.0,180.0,20.0,690.0,680.0,700.0,2.58438820656e-09,2.58438820656e-09
12.0,180.0,20.0,710.0,700.0,720.0,2.47692994776e-09,2.47692994776e-09
12.0,180.0,20.0,730.0,720.0,740.0,2.28447179361e-09,2.28447179361e-09
12.0,180.0,20.0,750.0,740.0,760.0,1.98172893018e-09,1.98172893018e-09
12.0,180.0,20.0,770.0,760.0,780.0,1.79131443512e-09,1.79131443512e-09
12.0,180.0,30.0,390.0,380.0,400.0,1.25581988067e-08,1.25581988067e-08
12.0,180.0,30.0,410.0,400.0,420.0,1.79450263247e-08,1.79450263247e-08
12.0,180.0,30.0,430.0,420.0,440.0,1.53203583331e-08,1.53203583331e-08
12.0,180.0,30.0,450.0,440.0,460.0,1.55769603536e-08,1.55769603536e-08
12.0,180.0,30.0,470.0,460.0,480.0,1.33326398857e-08,1.33326398857e-08
12.0,180.0,30.0,490.0,480.0,500.0,1.01559167036e-08,1.01559167036e-08
12.0,180.0,30.0,510.0,500.0,520.0,6.99066456759e-09,6.99066456759e-09
12.0,180.0,30.0,530.0,520.0,540.0,4.50210026728e-09,4.50210026728e-09
12.0,180.0,30.0,550.0,540.0,560.0,3.20548420886e-09,3.20548420886e-09
12.0,180.0,30.0,570.0,560.0,580.0,1.93121162828e-09,1.93121162828e-09
12.0,180.0,30.0,590.0,580.0,600.0,1.74790231385e-09,1.74790231385e-09
12.0,180.0,30.0,610.0,600.0,620.0,1.34377735899e-09,1.34377735899e-09
12.0,180.0,30.0,630.0,620.0,640.0,1.60325582833e-09,1.60325582833e-09
12.0,180.0,30.0,650.0,640.0,660.0,1.84104994945e-09,1.84104994945e-09
12.0,180.0,30.0,670.0,660.0,680.0,2.04436202897e-09,2.04436202897e-09
12.0,180.0,30.0,690.0,680.0,700.0,2.07169932848e-09,2.07169932848e-09
12.0,180.0,30.0,710.0,700.0,720.0,1.97541374407e-09,1.97541374407e-09
12.0,180.0,30.0,730.0,720.0,740.0,1.81358393386e-09,1.81358393386e-09
12.0,180.0,30.0,750.0,740.0,760.0,1.56676794293e-09,1.56676794293e-09
12.0,180.0,30.0,770.0,760.0,780.0,1.41066823239e-09,1.41066823239e-09
12.0,180.0,45.0,390.0,380.0,400.0,1.16019219421e-08,1.16019219421e-08
12.0,180.0,45.0,410.0,400.0,420.0,1.61964697151e-08,1.61964697151e-08
12.0,180.0,45.0,430.0,420.0,440.0,1.35568411638e-08,1.35568411638e-08
12.0,180.0,45.0,450.0,440.0,460.0,1.35556732739e-08,1.35556732739e-08
12.0,180.0,45.0,470.0,460.0,480.0,1.14399974244e-08,1.14399974244e-08
12.0,180.0,45.0,490.0,480.0,500.0,8.61163822868e-09,8.61163822868e-09
12.0,180.0,45.0,510.0,500.0,520.0,5.87095619707e-09,5.87095619707e-09
12.0,180.0,45.0,530.0,520.0,540.0,3.75286836272e-09,3.75286836272e-09
12.0,180.0,45.0,550.0,540.0,560.0,2.65285710764e-09,2.65285710764e-09
12.0,180.0,45.0,570.0,560.0,580.0,1.59037599363e-09,1.59037599363e-09
12.0,180.0,45.0,590.0,580.0,600.0,1.42858506153e-09,1.42858506153e-09
12.0,180.0,45.0,610.0,600.0,620.0,1.0920240208e-09,1.0920240208e-09
12.0,180.0,45.0,630.0,620.0,640.0,1.29259992532e-09,1.29259992532e-09
12.0,180.0,45.0,650.0,640.0,660.0,1.47462123687e-09,1.47462123687e-09
12.0,180.0,45.0,670.0,660.0,680.0,1.62878621046e-09,1.62878621046e-09
12.0,180.0,45.0,690.0,680.0,700.0,1.64321269672e-09,1.64321269672e-09
12.0,180.0,45.0,710.0,700.0,720.0,1.56079570732e-09,1.56079570732e-09
12.0,180.0,45.0,730.0,720.0,740.0,1.42804654193e-09,1.42804654193e-09
12.0,180.0,45.0,750.0,740.0,760.0,1.2299747761e-09,1.2299747761e-09
12.0,180.0,45.0,770.0,760.0,780.0,1.10424960207e-09,1.10424960207e-09
12.0,180.0,60.0,390.0,380.0,400.0,1.03562511833e-08,1.03562511833e-08
12.0,180.0,60.0,410.0,400.0,420.0,1.42540297464e-08,1.42540297464e-08
12.0,180.0,60.0,430.0,420.0,440.0,1.18137991977e-08,1.18137991977e-08
12.0,180.0,60.0,450.0,440.0,460.0,1.17420386071e-08,1.17420386071e-08
12.0,180.0,60.0,470.0,460.0,480.0,9.88327035976e-09,9.88327035976e-09
12.0,180.0,60.0,490.0,480.0,500.0,7.4423344822e-09,7.4423344822e-09
12.0,180.0,60.0,510.0,500.0,520.0,5.08961334585e-09,5.08961334585e-09
12.0,180.0,60.0,530.0,520.0,540.0,3.27172858492e-09,3.27172858492e-09
12.0,180.0,60.0,550.0,540.0,560.0,2.32819549182e-09,2.32819549182e-09
12.0,180.0,60.0,570.0,560.0,580.0,1.40804853979e-09,1.40804853979e-09
12.0,180.0,60.0,590.0,580.0,600.0,1.27460698435e-09,1.27460698435e-09
12.0,180.0,60.0,610.0,600.0,620.0,9.83352277527e-10,9.83352277527e-10
12.0,180.0,60.0,630.0,620.0,640.0,1.17338472811e-09,1.17338472811e-09
12.0,180.0,60.0,650.0,640.0,660.0,1.35047799969e-09,1.35047799969e-09
12.0,180.0,60.0,670.0,660.0,680.0,1.50575030695e-09,1.50575030695e-09
12.0,180.0,60.0,690.0,680.0,700.0,1.53382230018e-09,1.53382230018e-09
12.0,180.0,60.0,710.0,700.0,720.0,1.47104747303e-09,1.47104747303e-09
12.0,180.0,60.0,730.0,720.0,740.0,1.35880990189e-09,1.35880990189e-09
12.0,180.0,60.0,750.0,740.0,760.0,1.18129022847e-09,1.18129022847e-09
12.0,180.0,60.0,770.0,760.0,780.0,1.06988729711e-09,1.06988729711e-09
12.0,180.0,90.0,390.0,380.0,400.0,1.00779415366e-08,1.00779415366e-08
12.0,180.0,90.0,410.0,400.0,420.0,1.38548247346e-08,1.38548247346e-08
12.0,180.0,90.0,430.0,420.0,440.0,1.1492310776e-08,1.1492310776e-08
12.0,180.0,90.0,450.0,440.0,460.0,1.14522825163e-08,1.14522825163e-08
12.0,180.0,90.0,470.0,460.0,480.0,9.67927041294e-09,9.67927041294e-09
12.0,180.0,90.0,490.0,480.0,500.0,7.32889371264e-09,7.32889371264e-09
12.0,180.0,90.0,510.0,500.0,520.0,5.04638851837e-09,5.04638851837e-09
12.0,180.0,90.0,530.0,520.0,540.0,3.27015848549e-09,3.27015848549e-09
12.0,180.0,90.0,550.0,540.0,560.0,2.34579598894e-09,2.34579598894e-09
12.0,180.0,90.0,570.0,560.0,580.0,1.43170362767e-09,1.43170362767e-09
12.0,180.0,90.0,590.0,580.0,600.0,1.30550430468e-09,1.30550430468e-09
12.0,180.0,90.0,610.0,600.0,620.0,1.01530697374e-09,1.01530697374e-09
12.0,180.0,90.0,630.0,620.0,640.0,1.21912053727e-09,1.21912053727e-09
12.0,180.0,90.0,650.0,640.0,660.0,1.41227888892e-09,1.41227888892e-09
12.0,180.0,90.0,670.0,660.0,680.0,1.58521080419e-09,1.58521080419e-09
12.0,180.0,90.0,690.0,680.0,700.0,1.62548475752e-09,1.62548475752e-09
12.0,180.0,90.0,710.0,700.0,720.0,1.56896407886e-09,1.56896407886e-09
12.0,180.0,90.0,730.0,720.0,740.0,1.45810640901e-09,1.45810640901e-09
12.0,180.0,90.0,750.0,740.0,760.0,1.27494529795e-09,1.27494529795e-09
12.0,180.0,90.0,770.0,760.0,780.0,1.16077140819e-09,1.16077140819e-09
15.0,0.0,0.0,390.0,380.0,400.0,8.4609329935e-11,8.4609329935e-11
15.0,0.0,0.0,410.0,400.0,420.0,1.38528177995e-10,1.38528177995e-10
15.0,0.0,0.0,430.0,420.0,440.0,1.34754996632e-10,1.34754996632e-10
15.0,0.0,0.0,450.0,440.0,460.0,1.54332050299e-10,1.54332050299e-10
15.0,0.0,0.0,470.0,460.0,480.0,1.47332341369e-10,1.47332341369e-10
15.0,0.0,0.0,490.0,480.0,500.0,1.2498453405e-10,1.2498453405e-10
15.0,0.0,0.0,510.0,500.0,520.0,9.86073734377e-11,9.86073734377e-11
15.0,0.0,0.0,530.0,520.0,540.0,8.11072857729e-11,8.11072857729e-11
15.0,0.0,0.0,550.0,540.0,560.0,9.32004753344e-11,9.32004753344e-11
15.0,0.0,0.0,570.0,560.0,580.0,1.08398697836e-10,1.08398697836e-10
15.0,0.0,0.0,590.0,580.0,600.0,2.17661960562e-10,2.17661960562e-10
15.0,0.0,0.0,610.0,600.0,620.0,3.64176269074e-10,3.64176269074e-10
15.0,0.0,0.0,630.0,620.0,640.0,9.42714239709e-10,9.42714239709e-10
15.0,0.0,0.0,650.0,640.0,660.0,2.21870505737e-09,2.21870505737e-09
15.0,0.0,0.0,670.0,660.0,680.0,4.75903334871e-09,4.75903334871e-09
15.0,0.0,0.0,690.0,680.0,700.0,8.81159669181e-09,8.81159669181e-09
15.0,0.0,0.0,710.0,700.0,720.0,1.45971189925e-08,1.45971189925e-08
15.0,0.0,0.0,730.0,720.0,740.0,2.22371704781e-08,2.22371704781e-08
15.0,0.0,0.0,750.0,740.0,760.0,3.04922562246e-08,3.04922562246e-08
15.0,0.0,0.0,770.0,760.0,780.0,4.22887999149e-08,4.22887999149e-08
15.0,0.0,0.5,390.0,380.0,400.0,8.22457467125e-11,8.22457467125e-11
15.0,0.0,0.5,410.0,400.0,420.0,1.35409594667e-10,1.35409594667e-10
15.0,0.0,0.5,430.0,420.0,440.0,1.33714754294e-10,1.33714754294e-10
15.0,0.0,0.5,450.0,440.0,460.0,1.62879861955e-10,1.62879861955e-10
15.0,0.0,0.5,470.0,460.0,480.0,1.91866279171e-10,1.91866279171e-10
15.0,0.0,0.5,490.0,480.0,500.0,2.61558486038e-10,2.61558486038e-10
15.0,0.0,0.5,510.0,500.0,520.0,4.03477104153e-10,4.03477104153e-10
15.0,0.0,0.5,530.0,520.0,540.0,6.2133818607e-10,6.2133818607e-10
15.0,0.0,0.5,550.0,540.0,560.0,1.03701608076e-09,1.03701608076e-09
15.0,0.0,0.5,570.0,560.0,580.0,1.34453019107e-09,1.34453019107e-09
15.0,0.0,0.5,590.0,580.0,600.0,2.53156669558e-09,2.53156669558e-09
15.0,0.0,0.5,610.0,600.0,620.0,3.72367927142e-09,3.72367927142e-09
15.0,0.0,0.5,630.0,620.0,640.0,8.30689136381e-09,8.30689136381e-09
15.0,0.0,0.5,650.0,640.0,660.0,1.68379097358e-08,1.68379097358e-08
15.0,0.0,0.5,670.0,660.0,680.0,3.12890471967e-08,3.12890471967e-08
15.0,0.0,0.5,690.0,680.0,700.0,5.06252898597e-08,5.06252898597e-08
15.0,0.0,0.5,710.0,700.0,720.0,7.39729644624e-08,7.39729644624e-08
15.0,0.0,0.5,730.0,720.0,740.0,1.00319858743e-07,1.00319858743e-07
15.0,0.0,0.5,750.0,740.0,760.0,1.2356788709e-07,1.2356788709e-07
15.0,0.0,0.5,770.0,760.0,780.0,1.55099933781e-07,1.55099933781e-07
15.0,0.0,1.0,390.0,380.0,400.0,8.42934965547e-11,8.42934965547e-11
15.0,0.0,1.0,410.0,400.0,420.0,1.43741515046e-10,1.43741515046e-10
15.0,0.0,1.0,430.0,420.0,440.0,1.66777591911e-10,1.66777591911e-10
15.0,0.0,1.0,450.0,440.0,460.0,3.10228465114e-10,3.10228465114e-10
15.0,0.0,1.0,470.0,460.0,480.0,6.46382003968e-10,6.46382003968e-10
15.0,0.0,1.0,490.0,480.0,500.0,1.29852353764e-09,1.29852353764e-09
15.0,0.0,1.0,510.0,500.0,520.0,2.225406321e-09,2.225406321e-09
15.0,0.0,1.0,530.0,520.0,540.0,3.23520907652e-09,3.23520907652e-09
15.0,0.0,1.0,550.0,540.0,560.0,4.80897690497e-09,4.80897690497e-09
15.0,0.0,1.0,570.0,560.0,580.0,5.48862632182e-09,5.48862632182e-09
15.0,0.0,1.0,590.0,580.0,600.0,9.1316521127e-09,9.1316521127e-09
15.0,0.0,1.0,610.0,600.0,620.0,1.19634049767e-08,1.19634049767e-08
15.0,0.0,1.0,630.0,620.0,640.0,2.39769591258e-08,2.39769591258e-08
15.0,0.0,1.0,650.0,640.0,660.0,4.39867296299e-08,4.39867296299e-08
15.0,0.0,1.0,670.0,660.0,680.0,7.45093092381e-08,7.45093092381e-08
15.0,0.0,1.0,690.0,680.0,700.0,1.10659508057e-07,1.10659508057e-07
15.0,0.0,1.0,710.0,700.0,720.0,1.49382040263e-07,1.49382040263e-07
15.0,0.0,1.0,730.0,720.0,740.0,1.88280017271e-07,1.88280017271e-07
15.0,0.0,1.0,750.0,740.0,760.0,2.16756412461e-07,2.16756412461e-07
15.0,0.0,1.0,770.0,760.0,780.0,2.55421426696e-07,2.55421426696e-07
15.0,0.0,2.0,390.0,380.0,400.0,1.08742641642e-10,1.08742641642e-10
15.0,0.0,2.0,410.0,400.0,420.0,3.11693636254e-10,3.11693636254e-10
15.0,0.0,2.0,430.0,420.0,440.0,7.23645934816e-10,7.23645934816e-10
15.0,0.0,2.0,450.0,440.0,460.0,2.07290806486e-09,2.07290806486e-09
15.0,0.0,2.0,470.0,460.0,480.0,4.55659453486e-09,4.55659453486e-09
15.0,0.0,2.0,490.0,480.0,500.0,7.94928247702e-09,7.94928247702e-09
15.0,0.0,2.0,510.0,500.0,520.0,1.12351473564e-08,1.12351473564e-08
15.0,0.0,2.0,530.0,520.0,540.0,1.34788653102e-08,1.34788653102e-08
15.0,0.0,2.0,550.0,540.0,560.0,1.67820215602e-08,1.67820215602e-08
15.0,0.0,2.0,570.0,560.0,580.0,1.63161880665e-08,1.63161880665e-08
15.0,0.0,2.0,590.0,580.0,600.0,2.35443358143e-08,2.35443358143e-08
15.0,0.0,2.0,610.0,600.0,620.0,2.71314732143e-08,2.71314732143e-08
15.0,0.0,2.0,630.0,620.0,640.0,4.83958682247e-08,4.83958682247e-08
15.0,0.0,2.0,650.0,640.0,660.0,7.96784641505e-08,7.96784641505e-08
15.0,0.0,2.0,670.0,660.0,680.0,1.22160830219e-07,1.22160830219e-07
15.0,0.0,2.0,690.0,680.0,700.0,1.65614664466e-07,1.65614664466e-07
15.0,0.0,2.0,710.0,700.0,720.0,2.05696771295e-07,2.05696771295e-07
15.0,0.0,2.0,730.0,720.0,740.0,2.40285264481e-07,2.40285264481e-07
15.0,0.0,2.0,750.0,740.0,760.0,2.58247610358e-07,2.58247610358e-07
15.0,0.0,2.0,770.0,760.0,780.0,2.85364442211e-07,2.85364442211e-07
15.0,0.0,3.0,390.0,380.0,400.0,2.08652320648e-10,2.08652320648e-10
15.0,0.0,3.0,410.0,400.0,420.0,8.09933094637e-10,8.09933094637e-10
15.0,0.0,3.0,430.0,420.0,440.0,1.88828274391e-09,1.88828274391e-09
15.0,0.0,3.0,450.0,440.0,460.0,4.72707633616e-09,4.72707633616e-09
15.0,0.0,3.0,470.0,460.0,480.0,8.87724514871e-09,8.87724514871e-09
15.0,0.0,3.0,490.0,480.0,500.0,1.33828417649e-08,1.33828417649e-08
15.0,0.0,3.0,510.0,500.0,520.0,1.66316745401e-08,1.66316745401e-08
15.0,0.0,3.0,530.0,520.0,540.0,1.78263388765e-08,1.78263388765e-08
15.0,0.0,3.0,550.0,540.0,560.0,2.01515697168e-08,2.01515697168e-08
15.0,0.0,3.0,570.0,560.0,580.0,1.7952974754e-08,1.7952974754e-08
15.0,0.0,3.0,590.0,580.0,600.0,2.41522448711e-08,2.41522448711e-08
15.0,0.0,3.0,610.0,600.0,620.0,2.60912645137e-08,2.60912645137e-08
15.0,0.0,3.0,630.0,620.0,640.0,4.40255996078e-08,4.40255996078e-08
15.0,0.0,3.0,650.0,640.0,660.0,6.86396648939e-08,6.86396648939e-08
15.0,0.0,3.0,670.0,660.0,680.0,9.99382395415e-08,9.99382395415e-08
15.0,0.0,3.0,690.0,680.0,700.0,1.2917003736e-07,1.2917003736e-07
15.0,0.0,3.0,710.0,700.0,720.0,1.53571251396e-07,1.53571251396e-07
15.0,0.0,3.0,730.0,720.0,740.0,1.72402783489e-07,1.72402783489e-07
15.0,0.0,3.0,750.0,740.0,760.0,1.78829853862e-07,1.78829853862e-07
15.0,0.0,3.0,770.0,760.0,780.0,1.91063352889e-07,1.91063352889e-07
15.0,0.0,5.0,390.0,380.0,400.0,2.57649830804e-10,2.57649830804e-10
15.0,0.0,5.0,410.0,400.0,420.0,8.55595782033e-10,8.55595782033e-10
15.0,0.0,5.0,430.0,420.0,440.0,1.6576720675e-09,1.6576720675e-09
15.0,0.0,5.0,450.0,440.0,460.0,3.51164345797e-09,3.51164345797e-09
15.0,0.0,5.0,470.0,460.0,480.0,5.72264280235e-09,5.72264280235e-09
15.0,0.0,5.0,490.0,480.0,500.0,7.63065047536e-09,7.63065047536e-09
15.0,0.0,5.0,510.0,500.0,520.0,8.47997996696e-09,8.47997996696e-09
15.0,0.0,5.0,530.0,520.0,540.0,8.17820150164e-09,8.17820150164e-09
15.0,0.0,5.0,550.0,540.0,560.0,8.5665142998e-09,8.5665142998e-09
15.0,0.0,5.0,570.0,560.0,580.0,7.01805874552e-09,7.01805874552e-09
15.0,0.0,5.0,590.0,580.0,600.0,9.16715495509e-09,9.16715495509e-09
15.0,0.0,5.0,610.0,600.0,620.0,9.50376717322e-09,9.50376717322e-09
15.0,0.0,5.0,630.0,620.0,640.0,1.57923042442e-08,1.57923042442e-08
15.0,0.0,5.0,650.0,640.0,660.0,2.39174461327e-08,2.39174461327e-08
15.0,0.0,5.0,670.0,660.0,680.0,3.360960282e-08,3.360960282e-08
15.0,0.0,5.0,690.0,680.0,700.0,4.18929400637e-08,4.18929400637e-08
15.0,0.0,5.0,710.0,700.0,720.0,4.81073398193e-08,4.81073398193e-08
15.0,0.0,5.0,730.0,720.0,740.0,5.22994548387e-08,5.22994548387e-08
15.0,0.0,5.0,750.0,740.0,760.0,5.27314595991e-08,5.27314595991e-08
15.0,0.0,5.0,770.0,760.0,780.0,5.48087775826e-08,5.48087775826e-08
15.0,0.0,8.0,390.0,380.0,400.0,1.15454264769e-10,1.15454264769e-10
15.0,0.0,8.0,410.0,400.0,420.0,1.93989271084e-10,1.93989271084e-10
15.0,0.0,8.0,430.0,420.0,440.0,1.99057926746e-10,1.99057926746e-10
15.0,0.0,8.0,450.0,440.0,460.0,2.60773755483e-10,2.60773755483e-10
15.0,0.0,8.0,470.0,460.0,480.0,3.26229320863e-10,3.26229320863e-10
15.0,0.0,8.0,490.0,480.0,500.0,4.09945426854e-10,4.09945426854e-10
15.0,0.0,8.0,510.0,500.0,520.0,4.91683111093e-10,4.91683111093e-10
15.0,0.0,8.0,530.0,520.0,540.0,5.46552560881e-10,5.46552560881e-10
15.0,0.0,8.0,550.0,540.0,560.0,6.50688365671e-10,6.50688365671e-10
15.0,0.0,8.0,570.0,560.0,580.0,6.14128519849e-10,6.14128519849e-10
15.0,0.0,8.0,590.0,580.0,600.0,8.50206789457e-10,8.50206789457e-10
15.0,0.0,8.0,610.0,600.0,620.0,9.41899851018e-10,9.41899851018e-10
15.0,0.0,8.0,630.0,620.0,640.0,1.55390962739e-09,1.55390962739e-09
15.0,0.0,8.0,650.0,640.0,660.0,2.33240507149e-09,2.33240507149e-09
15.0,0.0,8.0,670.0,660.0,680.0,3.26644078039e-09,3.26644078039e-09
15.0,0.0,8.0,690.0,680.0,700.0,4.07441032425e-09,4.07441032425e-09
15.0,0.0,8.0,710.0,700.0,720.0,4.6952235255e-09,4.6952235255e-09
15.0,0.0,8.0,730.0,720.0,740.0,5.13474696257e-09,5.13474696257e-09
15.0,0.0,8.0,750.0,740.0,760.0,5.23485159365e-09,5.23485159365e-09
15.0,0.0,8.0,770.0,760.0,780.0,5.46408875539e-09,5.46408875539e-09
15.0,0.0,12.0,390.0,380.0,400.0,1.07151643813e-10,1.07151643813e-10
15.0,0.0,12.0,410.0,400.0,420.0,1.65836050593e-10,1.65836050593e-10
15.0,0.0,12.0,430.0,420.0,440.0,1.5168972876e-10,1.5168972876e-10
15.0,0.0,12.0,450.0,440.0,460.0,1.62727143318e-10,1.62727143318e-10
15.0,0.0,12.0,470.0,460.0,480.0,1.44772422292e-10,1.44772422292e-10
15.0,0.0,12.0,490.0,480.0,500.0,1.12654043913e-10,1.12654043913e-10
15.0,0.0,12.0,510.0,500.0,520.0,7.73544177306e-11,7.73544177306e-11
15.0,0.0,12.0,530.0,520.0,540.0,4.83683893949e-11,4.83683893949e-11
15.0,0.0,12.0,550.0,540.0,560.0,3.39991683637e-11,3.39991683637e-11
15.0,0.0,12.0,570.0,560.0,580.0,1.94668313301e-11,1.94668313301e-11
15.0,0.0,12.0,590.0,580.0,600.0,1.81752033485e-11,1.81752033485e-11
15.0,0.0,12.0,610.0,600.0,620.0,1.39525812397e-11,1.39525812397e-11
15.0,0.0,12.0,630.0,620.0,640.0,1.77203314564e-11,1.77203314564e-11
15.0,0.0,12.0,650.0,640.0,660.0,2.11541962907e-11,2.11541962907e-11
15.0,0.0,12.0,670.0,660.0,680.0,2.39451115794e-11,2.39451115794e-11
15.0,0.0,12.0,690.0,680.0,700.0,2.44639896214e-11,2.44639896214e-11
15.0,0.0,12.0,710.0,700.0,720.0,2.33822332803e-11,2.33822332803e-11
15.0,0.0,12.0,730.0,720.0,740.0,2.14566327885e-11,2.14566327885e-11
15.0,0.0,12.0,750.0,740.0,760.0,1.84956977267e-11,1.84956977267e-11
15.0,0.0,12.0,770.0,760.0,780.0,1.66680539262e-11,1.66680539262e-11
15.0,0.0,20.0,390.0,380.0,400.0,8.80421501095e-11,8.80421501095e-11
15.0,0.0,20.0,410.0,400.0,420.0,1.27332290438e-10,1.27332290438e-10
15.0,0.0,20.0,430.0,420.0,440.0,1.0969283258e-10,1.0969283258e-10
15.0,0.0,20.0,450.0,440.0,460.0,1.1164117746e-10,1.1164117746e-10
15.0,0.0,20.0,470.0,460.0,480.0,9.4843460975e-11,9.4843460975e-11
15.0,0.0,20.0,490.0,480.0,500.0,7.08725572201e-11,7.08725572201e-11
15.0,0.0,20.0,510.0,500.0,520.0,4.69745320231e-11,4.69745320231e-11
15.0,0.0,20.0,530.0,520.0,540.0,2.84828621679e-11,2.84828621679e-11
15.0,0.0,20.0,550.0,540.0,560.0,1.94643614408e-11,1.94643614408e-11
15.0,0.0,20.0,570.0,560.0,580.0,1.08789545279e-11,1.08789545279e-11
15.0,0.0,20.0,590.0,580.0,600.0,9.9159724038e-12,9.9159724038e-12
15.0,0.0,20.0,610.0,600.0,620.0,7.45818540444e-12,7.45818540444e-12
15.0,0.0,20.0,630.0,620.0,640.0,9.27238540459e-12,9.27238540459e-12
15.0,0.0,20.0,650.0,640.0,660.0,1.0856253641e-11,1.0856253641e-11
15.0,0.0,20.0,670.0,660.0,680.0,1.20819440949e-11,1.20819440949e-11
15.0,0.0,20.0,690.0,680.0,700.0,1.21677234295e-11,1.21677234295e-11
15.0,0.0,20.0,710.0,700.0,720.0,1.14938644623e-11,1.14938644623e-11
15.0,0.0,20.0,730.0,720.0,740.0,1.04519841498e-11,1.04519841498e-11
15.0,0.0,20.0,750.0,740.0,760.0,8.9557305637e-12,8.9557305637e-12
15.0,0.0,20.0,770.0,760.0,780.0,8.03393735181e-12,8.03393735181e-12
15.0,0.0,30.0,390.0,380.0,400.0,7.21056516139e-11,7.21056516139e-11
15.0,0.0,30.0,410.0,400.0,420.0,1.00992772702e-10,1.00992772702e-10
15.0,0.0,30.0,430.0,420.0,440.0,8.47662415034e-11,8.47662415034e-11
15.0,0.0,30.0,450.0,440.0,460.0,8.44498353116e-11,8.44498353116e-11
15.0,0.0,30.0,470.0,460.0,480.0,7.04845784715e-11,7.04845784715e-11
15.0,0.0,30.0,490.0,480.0,500.0,5.18927019285e-11,5.18927019285e-11
15.0,0.0,30.0,510.0,500.0,520.0,3.39640202581e-11,3.39640202581e-11
15.0,0.0,30.0,530.0,520.0,540.0,2.03735407307e-11,2.03735407307e-11
15.0,0.0,30.0,550.0,540.0,560.0,1.37923642589e-11,1.37923642589e-11
15.0,0.0,30.0,570.0,560.0,580.0,7.64624248865e-12,7.64624248865e-12
15.0,0.0,30.0,590.0,580.0,600.0,6.91865915064e-12,6.91865915064e-12
15.0,0.0,30.0,610.0,600.0,620.0,5.1707333356e-12,5.1707333356e-12
15.0,0.0,30.0,630.0,620.0,640.0,6.38976597077e-12,6.38976597077e-12
15.0,0.0,30.0,650.0,640.0,660.0,7.4397807675e-12,7.4397807675e-12
15.0,0.0,30.0,670.0,660.0,680.0,8.23879388224e-12,8.23879388224e-12
15.0,0.0,30.0,690.0,680.0,700.0,8.26136635038e-12,8.26136635038e-12
15.0,0.0,30.0,710.0,700.0,720.0,7.77470323208e-12,7.77470323208e-12
15.0,0.0,30.0,730.0,720.0,740.0,7.04758568052e-12,7.04758568052e-12
15.0,0.0,30.0,750.0,740.0,760.0,6.02312871145e-12,6.02312871145e-12
15.0,0.0,30.0,770.0,760.0,780.0,5.39104421977e-12,5.39104421977e-12
15.0,0.0,45.0,390.0,380.0,400.0,5.19677697062e-11,5.19677697062e-11
15.0,0.0,45.0,410.0,400.0,420.0,6.98822233199e-11,6.98822233199e-11
15.0,0.0,45.0,430.0,420.0,440.0,5.6680149529e-11,5.6680149529e-11
15.0,0.0,45.0,450.0,440.0,460.0,5.48627953996e-11,5.48627953996e-11
15.0,0.0,45.0,470.0,460.0,480.0,4.46883663085e-11,4.46883663085e-11
15.0,0.0,45.0,490.0,480.0,500.0,3.22278131118e-11,3.22278131118e-11
15.0,0.0,45.0,510.0,500.0,520.0,2.07255592133e-11,2.07255592133e-11
15.0,0.0,45.0,530.0,520.0,540.0,1.22474737499e-11,1.22474737499e-11
15.0,0.0,45.0,550.0,540.0,560.0,8.18493640779e-12,8.18493640779e-12
15.0,0.0,45.0,570.0,560.0,580.0,4.48798709803e-12,4.48798709803e-12
15.0,0.0,45.0,590.0,580.0,600.0,4.02175090611e-12,4.02175090611e-12
15.0,0.0,45.0,610.0,600.0,620.0,2.9808384722e-12,2.9808384722e-12
15.0,0.0,45.0,630.0,620.0,640.0,3.65641109077e-12,3.65641109077e-12
15.0,0.0,45.0,650.0,640.0,660.0,4.22986890266e-12,4.22986890266e-12
15.0,0.0,45.0,670.0,660.0,680.0,4.65769058887e-12,4.65769058887e-12
15.0,0.0,45.0,690.0,680.0,700.0,4.64709441753e-12,4.64709441753e-12
15.0,0.0,45.0,710.0,700.0,720.0,4.35379259173e-12,4.35379259173e-12
15.0,0.0,45.0,730.0,720.0,740.0,3.93070025579e-12,3.93070025579e-12
15.0,0.0,45.0,750.0,740.0,760.0,3.34700690769e-12,3.34700690769e-12
15.0,0.0,45.0,770.0,760.0,780.0,2.98569248236e-12,2.98569248236e-12
15.0,0.0,60.0,390.0,380.0,400.0,4.1083182419e-11,4.1083182419e-11
15.0,0.0,60.0,410.0,400.0,420.0,5.39618582559e-11,5.39618582559e-11
15.0,0.0,60.0,430.0,420.0,440.0,4.29039076703e-11,4.29039076703e-11
15.0,0.0,60.0,450.0,440.0,460.0,4.08379263781e-11,4.08379263781e-11
15.0,0.0,60.0,470.0,460.0,480.0,3.28025990188e-11,3.28025990188e-11
15.0,0.0,60.0,490.0,480.0,500.0,2.33834633332e-11,2.33834633332e-11
15.0,0.0,60.0,510.0,500.0,520.0,1.48951508903e-11,1.48951508903e-11
15.0,0.0,60.0,530.0,520.0,540.0,8.73419433171e-12,8.73419433171e-12
15.0,0.0,60.0,550.0,540.0,560.0,5.80015923602e-12,5.80015923602e-12
15.0,0.0,60.0,570.0,560.0,580.0,3.16459123709e-12,3.16459123709e-12
15.0,0.0,60.0,590.0,580.0,600.0,2.82404523644e-12,2.82404523644e-12
15.0,0.0,60.0,610.0,600.0,620.0,2.08648966141e-12,2.08648966141e-12
15.0,0.0,60.0,630.0,620.0,640.0,2.55257110016e-12,2.55257110016e-12
15.0,0.0,60.0,650.0,640.0,660.0,2.94692359084e-12,2.94692359084e-12
15.0,0.0,60.0,670.0,660.0,680.0,3.24006625062e-12,3.24006625062e-12
15.0,0.0,60.0,690.0,680.0,700.0,3.22907747081e-12,3.22907747081e-12
15.0,0.0,60.0,710.0,700.0,720.0,3.02280075777e-12,3.02280075777e-12
15.0,0.0,60.0,730.0,720.0,740.0,2.72743618498e-12,2.72743618498e-12
15.0,0.0,60.0,750.0,740.0,760.0,2.32144220157e-12,2.32144220157e-12
15.0,0.0,60.0,770.0,760.0,780.0,2.07016678545e-12,2.07016678545e-12
15.0,0.0,90.0,390.0,380.0,400.0,2.99693691959e-11,2.99693691959e-11
15.0,0.0,90.0,410.0,400.0,420.0,3.74070012856e-11,3.74070012856e-11
15.0,0.0,90.0,430.0,420.0,440.0,2.83538615005e-11,2.83538615005e-11
15.0,0.0,90.0,450.0,440.0,460.0,2.5830273245e-11,2.5830273245e-11
15.0,0.0,90.0,470.0,460.0,480.0,1.99452058902e-11,1.99452058902e-11
15.0,0.0,90.0,490.0,480.0,500.0,1.37292429581e-11,1.37292429581e-11
15.0,0.0,90.0,510.0,500.0,520.0,8.48198780449e-12,8.48198780449e-12
15.0,0.0,90.0,530.0,520.0,540.0,4.84439214682e-12,4.84439214682e-12
15.0,0.0,90.0,550.0,540.0,560.0,3.14583856405e-12,3.14583856405e-12
15.0,0.0,90.0,570.0,560.0,580.0,1.68479828557e-12,1.68479828557e-12
15.0,0.0,90.0,590.0,580.0,600.0,1.48045384188e-12,1.48045384188e-12
15.0,0.0,90.0,610.0,600.0,620.0,1.08033503065e-12,1.08033503065e-12
15.0,0.0,90.0,630.0,620.0,640.0,1.30871810784e-12,1.30871810784e-12
15.0,0.0,90.0,650.0,640.0,660.0,1.49932250942e-12,1.49932250942e-12
15.0,0.0,90.0,670.0,660.0,680.0,1.63843438615e-12,1.63843438615e-12
15.0,0.0,90.0,690.0,680.0,700.0,1.62484438269e-12,1.62484438269e-12
15.0,0.0,90.0,710.0,700.0,720.0,1.51481925018e-12,1.51481925018e-12
15.0,0.0,90.0,730.0,720.0,740.0,1.36192976479e-12,1.36192976479e-12
15.0,0.0,90.0,750.0,740.0,760.0,1.1553477003e-12,1.1553477003e-12
15.0,0.0,90.0,770.0,760.0,780.0,1.02707966861e-12,1.02707966861e-12
15.0,90.0,0.0,390.0,380.0,400.0,3.87161095673e-11,3.87161095673e-11
15.0,90.0,0.0,410.0,400.0,420.0,5.65662297913e-11,5.65662297913e-11
15.0,90.0,0.0,430.0,420.0,440.0,4.97225573663e-11,4.97225573663e-11
15.0,90.0,0.0,450.0,440.0,460.0,5.209560362e-11,5.209560362e-11
15.0,90.0,0.0,470.0,460.0,480.0,4.59316048505e-11,4.59316048505e-11
15.0,90.0,0.0,490.0,480.0,500.0,3.58789563085e-11,3.58789563085e-11
15.0,90.0,0.0,510.0,500.0,520.0,2.5015850849e-11,2.5015850849e-11
15.0,90.0,0.0,530.0,520.0,540.0,1.60392820561e-11,1.60392820561e-11
15.0,90.0,0.0,550.0,540.0,560.0,1.16336227074e-11,1.16336227074e-11
15.0,90.0,0.0,570.0,560.0,580.0,6.91847632381e-12,6.91847632381e-12
15.0,90.0,0.0,590.0,580.0,600.0,6.72022247807e-12,6.72022247807e-12
15.0,90.0,0.0,610.0,600.0,620.0,5.38510706502e-12,5.38510706502e-12
15.0,90.0,0.0,630.0,620.0,640.0,7.1338086483e-12,7.1338086483e-12
15.0,90.0,0.0,650.0,640.0,660.0,8.88555573407e-12,8.88555573407e-12
15.0,90.0,0.0,670.0,660.0,680.0,1.04945136361e-11,1.04945136361e-11
15.0,90.0,0.0,690.0,680.0,700.0,1.11816731321e-11,1.11816731321e-11
15.0,90.0,0.0,710.0,700.0,720.0,1.11341938916e-11,1.11341938916e-11
15.0,90.0,0.0,730.0,720.0,740.0,1.06300122328e-11,1.06300122328e-11
15.0,90.0,0.0,750.0,740.0,760.0,9.51791353643e-12,9.51791353643e-12
15.0,90.0,0.0,770.0,760.0,780.0,8.89729338814e-12,8.89729338814e-12
15.0,90.0,0.5,390.0,380.0,400.0,3.93095670413e-11,3.93095670413e-11
15.0,90.0,0.5,410.0,400.0,420.0,5.75750510487e-11,5.75750510487e-11
15.0,90.0,0.5,430.0,420.0,440.0,5.07465818914e-11,5.07465818914e-11
15.0,90.0,0.5,450.0,440.0,460.0,5.33220601968e-11,5.33220601968e-11
15.0,90.0,0.5,470.0,460.0,480.0,4.71528941174e-11,4.71528941174e-11
15.0,90.0,0.5,490.0,480.0,500.0,3.69424772703e-11,3.69424772703e-11
15.0,90.0,0.5,510.0,500.0,520.0,2.58309897278e-11,2.58309897278e-11
15.0,90.0,0.5,530.0,520.0,540.0,1.66055983255e-11,1.66055983255e-11
15.0,90.0,0.5,550.0,540.0,560.0,1.2073745661e-11,1.2073745661e-11
15.0,90.0,0.5,570.0,560.0,580.0,7.19500279903e-12,7.19500279903e-12
15.0,90.0,0.5,590.0,580.0,600.0,7.00270869171e-12,7.00270869171e-12
15.0,90.0,0.5,610.0,600.0,620.0,5.62083162872e-12,5.62083162872e-12
15.0,90.0,0.5,630.0,620.0,640.0,7.45933567714e-12,7.45933567714e-12
15.0,90.0,0.5,650.0,640.0,660.0,9.30718553784e-12,9.30718553784e-12
15.0,90.0,0.5,670.0,660.0,680.0,1.10124204648e-11,1.10124204648e-11
15.0,90.0,0.5,690.0,680.0,700.0,1.17575460145e-11,1.17575460145e-11
15.0,90.0,0.5,710.0,700.0,720.0,1.17367150057e-11,1.17367150057e-11
15.0,90.0,0.5,730.0,720.0,740.0,1.12402103973e-11,1.12402103973e-11
15.0,90.0,0.5,750.0,740.0,760.0,1.01043039163e-11,1.01043039163e-11
15.0,90.0,0.5,770.0,760.0,780.0,9.4910181215e-12,9.4910181215e-12
15.0,90.0,1.0,390.0,380.0,400.0,4.24552247521e-11,4.24552247521e-11
15.0,90.0,1.0,410.0,400.0,420.0,6.28411782689e-11,6.28411782689e-11
15.0,90.0,1.0,430.0,420.0,440.0,5.59182220253e-11,5.59182220253e-11
15.0,90.0,1.0,450.0,440.0,460.0,5.92407112776e-11,5.92407112776e-11
15.0,90.0,1.0,470.0,460.0,480.0,5.27372631875e-11,5.27372631875e-11
15.0,90.0,1.0,490.0,480.0,500.0,4.15264753433e-11,4.15264753433e-11
15.0,90.0,1.0,510.0,500.0,520.0,2.91348660793e-11,2.91348660793e-11
15.0,90.0,1.0,530.0,520.0,540.0,1.87625665369e-11,1.87625665369e-11
15.0,90.0,1.0,550.0,540.0,560.0,1.36463265154e-11,1.36463265154e-11
15.0,90.0,1.0,570.0,560.0,580.0,8.1232483491e-12,8.1232483491e-12
15.0,90.0,1.0,590.0,580.0,600.0,7.89021060225e-12,7.89021060225e-12
15.0,90.0,1.0,610.0,600.0,620.0,6.31457291651e-12,6.31457291651e-12
15.0,90.0,1.0,630.0,620.0,640.0,8.35185940507e-12,8.35185940507e-12
15.0,90.0,1.0,650.0,640.0,660.0,1.03819234589e-11,1.03819234589e-11
15.0,90.0,1.0,670.0,660.0,680.0,1.2236173577e-11,1.2236173577e-11
15.0,90.0,1.0,690.0,680.0,700.0,1.30135343789e-11,1.30135343789e-11
15.0,90.0,1.0,710.0,700.0,720.0,1.29428071827e-11,1.29428071827e-11
15.0,90.0,1.0,730.0,720.0,740.0,1.23539417474e-11,1.23539417474e-11
15.0,90.0,1.0,750.0,740.0,760.0,1.10735245411e-11,1.10735245411e-11
15.0,90.0,1.0,770.0,760.0,780.0,1.03749583479e-11,1.03749583479e-11
15.0,90.0,2.0,390.0,380.0,400.0,4.59782338394e-11,4.59782338394e-11
15.0,90.0,2.0,410.0,400.0,420.0,6.85328012529e-11,6.85328012529e-11
15.0,90.0,2.0,430.0,420.0,440.0,6.13497973088e-11,6.13497973088e-11
15.0,90.0,2.0,450.0,440.0,460.0,6.53044071947e-11,6.53044071947e-11
15.0,90.0,2.0,470.0,460.0,480.0,5.83250290429e-11,5.83250290429e-11
15.0,90.0,2.0,490.0,480.0,500.0,4.60004903645e-11,4.60004903645e-11
15.0,90.0,2.0,510.0,500.0,520.0,3.22682420554e-11,3.22682420554e-11
15.0,90.0,2.0,530.0,520.0,540.0,2.07387634816e-11,2.07387634816e-11
15.0,90.0,2.0,550.0,540.0,560.0,1.50310136837e-11,1.50310136837e-11
15.0,90.0,2.0,570.0,560.0,580.0,8.9022718861e-12,8.9022718861e-12
15.0,90.0,2.0,590.0,580.0,600.0,8.59789921315e-12,8.59789921315e-12
15.0,90.0,2.0,610.0,600.0,620.0,6.83599603305e-12,6.83599603305e-12
15.0,90.0,2.0,630.0,620.0,640.0,8.98284303022e-12,8.98284303022e-12
15.0,90.0,2.0,650.0,640.0,660.0,1.10912446681e-11,1.10912446681e-11
15.0,90.0,2.0,670.0,660.0,680.0,1.29830656668e-11,1.29830656668e-11
15.0,90.0,2.0,690.0,680.0,700.0,1.37147145212e-11,1.37147145212e-11
15.0,90.0,2.0,710.0,700.0,720.0,1.35509865859e-11,1.35509865859e-11
15.0,90.0,2.0,730.0,720.0,740.0,1.28536284764e-11,1.28536284764e-11
15.0,90.0,2.0,750.0,740.0,760.0,1.14536199582e-11,1.14536199582e-11
15.0,90.0,2.0,770.0,760.0,780.0,1.06691236049e-11,1.06691236049e-11
15.0,90.0,3.0,390.0,380.0,400.0,4.94825214203e-11,4.94825214203e-11
15.0,90.0,3.0,410.0,400.0,420.0,7.41055728986e-11,7.41055728986e-11
15.0,90.0,3.0,430.0,420.0,440.0,6.65535794376e-11,6.65535794376e-11
15.0,90.0,3.0,450.0,440.0,460.0,7.09466647986e-11,7.09466647986e-11
15.0,90.0,3.0,470.0,460.0,480.0,6.33320604265e-11,6.33320604265e-11
15.0,90.0,3.0,490.0,480.0,500.0,4.98249218219e-11,4.98249218219e-11
15.0,90.0,3.0,510.0,500.0,520.0,3.47964693738e-11,3.47964693738e-11
15.0,90.0,3.0,530.0,520.0,540.0,2.22259349413e-11,2.22259349413e-11
15.0,90.0,3.0,550.0,540.0,560.0,1.59907967563e-11,1.59907967563e-11
15.0,90.0,3.0,570.0,560.0,580.0,9.39091648239e-12,9.39091648239e-12
15.0,90.0,3.0,590.0,580.0,600.0,8.99189472387e-12,8.99189472387e-12
15.0,90.0,3.0,610.0,600.0,620.0,7.08516013832e-12,7.08516013832e-12
15.0,90.0,3.0,630.0,620.0,640.0,9.22942346037e-12,9.22942346037e-12
15.0,90.0,3.0,650.0,640.0,660.0,1.12971662978e-11,1.12971662978e-11
15.0,90.0,3.0,670.0,660.0,680.0,1.31112007987e-11,1.31112007987e-11
15.0,90.0,3.0,690.0,680.0,700.0,1.37347368213e-11,1.37347368213e-11
15.0,90.0,3.0,710.0,700.0,720.0,1.34615503951e-11,1.34615503951e-11
15.0,90.0,3.0,730.0,720.0,740.0,1.26700126757e-11,1.26700126757e-11
15.0,90.0,3.0,750.0,740.0,760.0,1.12065840951e-11,1.12065840951e-11
15.0,90.0,3.0,770.0,760.0,780.0,1.03636137363e-11,1.03636137363e-11
15.0,90.0,5.0,390.0,380.0,400.0,5.58520469967e-11,5.58520469967e-11
15.0,90.0,5.0,410.0,400.0,420.0,8.37116772306e-11,8.37116772306e-11
15.0,90.0,5.0,430.0,420.0,440.0,7.49387825275e-11,7.49387825275e-11
15.0,90.0,5.0,450.0,440.0,460.0,7.93240313797e-11,7.93240313797e-11
15.0,90.0,5.0,470.0,460.0,480.0,7.0077697278e-11,7.0077697278e-11
15.0,90.0,5.0,490.0,480.0,500.0,5.4412540587e-11,5.4412540587e-11
15.0,90.0,5.0,510.0,500.0,520.0,3.74248272643e-11,3.74248272643e-11
15.0,90.0,5.0,530.0,520.0,540.0,2.35079651783e-11,2.35079651783e-11
15.0,90.0,5.0,550.0,540.0,560.0,1.66235373039e-11,1.66235373039e-11
15.0,90.0,5.0,570.0,560.0,580.0,9.59214544687e-12,9.59214544687e-12
15.0,90.0,5.0,590.0,580.0,600.0,9.03002256926e-12,9.03002256926e-12
15.0,90.0,5.0,610.0,600.0,620.0,6.99850182333e-12,6.99850182333e-12
15.0,90.0,5.0,630.0,620.0,640.0,8.97422674139e-12,8.97422674139e-12
15.0,90.0,5.0,650.0,640.0,660.0,1.08197672597e-11,1.08197672597e-11
15.0,90.0,5.0,670.0,660.0,680.0,1.23765223026e-11,1.23765223026e-11
15.0,90.0,5.0,690.0,680.0,700.0,1.27878579679e-11,1.27878579679e-11
15.0,90.0,5.0,710.0,700.0,720.0,1.23713616412e-11,1.23713616412e-11
15.0,90.0,5.0,730.0,720.0,740.0,1.15018097392e-11,1.15018097392e-11
15.0,90.0,5.0,750.0,740.0,760.0,1.00568772196e-11,1.00568772196e-11
15.0,90.0,5.0,770.0,760.0,780.0,9.19812095459e-12,9.19812095459e-12
15.0,90.0,8.0,390.0,380.0,400.0,6.24816850227e-11,6.24816850227e-11
15.0,90.0,8.0,410.0,400.0,420.0,9.22788412727e-11,9.22788412727e-11
15.0,90.0,8.0,430.0,420.0,440.0,8.11179995241e-11,8.11179995241e-11
15.0,90.0,8.0,450.0,440.0,460.0,8.41367075863e-11,8.41367075863e-11
15.0,90.0,8.0,470.0,460.0,480.0,7.27569062218e-11,7.27569062218e-11
15.0,90.0,8.0,490.0,480.0,500.0,5.52817804114e-11,5.52817804114e-11
15.0,90.0,8.0,510.0,500.0,520.0,3.72168918246e-11,3.72168918246e-11
15.0,90.0,8.0,530.0,520.0,540.0,2.28972458771e-11,2.28972458771e-11
15.0,90.0,8.0,550.0,540.0,560.0,1.58752518452e-11,1.58752518452e-11
15.0,90.0,8.0,570.0,560.0,580.0,8.99174202643e-12,8.99174202643e-12
15.0,90.0,8.0,590.0,580.0,600.0,8.3182856942e-12,8.3182856942e-12
15.0,90.0,8.0,610.0,600.0,620.0,6.34333456149e-12,6.34333456149e-12
15.0,90.0,8.0,630.0,620.0,640.0,8.00950063477e-12,8.00950063477e-12
15.0,90.0,8.0,650.0,640.0,660.0,9.51775201247e-12,9.51775201247e-12
15.0,90.0,8.0,670.0,660.0,680.0,1.07410897562e-11,1.07410897562e-11
15.0,90.0,8.0,690.0,680.0,700.0,1.09598250149e-11,1.09598250149e-11
15.0,90.0,8.0,710.0,700.0,720.0,1.04805317606e-11,1.04805317606e-11
15.0,90.0,8.0,730.0,720.0,740.0,9.63998225718e-12,9.63998225718e-12
15.0,90.0,8.0,750.0,740.0,760.0,8.34660383404e-12,8.34660383404e-12
15.0,90.0,8.0,770.0,760.0,780.0,7.56324353307e-12,7.56324353307e-12
15.0,90.0,12.0,390.0,380.0,400.0,6.57937667471e-11,6.57937667471e-11
15.0,90.0,12.0,410.0,400.0,420.0,9.46990632661e-11,9.46990632661e-11
15.0,90.0,12.0,430.0,420.0,440.0,8.11801549874e-11,8.11801549874e-11
15.0,90.0,12.0,450.0,440.0,460.0,8.22271680759e-11,8.22271680759e-11
15.0,90.0,12.0,470.0,460.0,480.0,6.95578933794e-11,6.95578933794e-11
15.0,90.0,12.0,490.0,480.0,500.0,5.17919458133e-11,5.17919458133e-11
15.0,90.0,12.0,510.0,500.0,520.0,3.42280410384e-11,3.42280410384e-11
15.0,90.0,12.0,530.0,520.0,540.0,2.07068437888e-11,2.07068437888e-11
15.0,90.0,12.0,550.0,540.0,560.0,1.41369686954e-11,1.41369686954e-11
15.0,90.0,12.0,570.0,560.0,580.0,7.89666018638e-12,7.89666018638e-12
15.0,90.0,12.0,590.0,580.0,600.0,7.21051189452e-12,7.21051189452e-12
15.0,90.0,12.0,610.0,600.0,620.0,5.43425303701e-12,5.43425303701e-12
15.0,90.0,12.0,630.0,620.0,640.0,6.7839825421e-12,6.7839825421e-12
15.0,90.0,12.0,650.0,640.0,660.0,7.97691243852e-12,7.97691243852e-12
15.0,90.0,12.0,670.0,660.0,680.0,8.91556127963e-12,8.91556127963e-12
15.0,90.0,12.0,690.0,680.0,700.0,9.01711583555e-12,9.01711583555e-12
15.0,90.0,12.0,710.0,700.0,720.0,8.55361416498e-12,8.55361416498e-12
15.0,90.0,12.0,730.0,720.0,740.0,7.81021007894e-12,7.81021007894e-12
15.0,90.0,12.0,750.0,740.0,760.0,6.71803191302e-12,6.71803191302e-12
15.0,90.0,12.0,770.0,760.0,780.0,6.05009955547e-12,6.05009955547e-12
15.0,90.0,20.0,390.0,380.0,400.0,6.28555787435e-11,6.28555787435e-11
15.0,90.0,20.0,410.0,400.0,420.0,8.71362442784e-11,8.71362442784e-11
15.0,90.0,20.0,430.0,420.0,440.0,7.23045772326e-11,7.23045772326e-11
15.0,90.0,20.0,450.0,440.0,460.0,7.120828968e-11,7.120828968e-11
15.0,90.0,20.0,470.0,460.0,480.0,5.87904718235e-11,5.87904718235e-11
15.0,90.0,20.0,490.0,480.0,500.0,4.28581817841e-11,4.28581817841e-11
15.0,90.0,20.0,510.0,500.0,520.0,2.78048548755e-11,2.78048548755e-11
15.0,90.0,20.0,530.0,520.0,540.0,1.65502796018e-11,1.65502796018e-11
15.0,90.0,20.0,550.0,540.0,560.0,1.11356260617e-11,1.11356260617e-11
15.0,90.0,20.0,570.0,560.0,580.0,6.14089776317e-12,6.14089776317e-12
15.0,90.0,20.0,590.0,580.0,600.0,5.53975065973e-12,5.53975065973e-12
15.0,90.0,20.0,610.0,600.0,620.0,4.13041353501e-12,4.13041353501e-12
15.0,90.0,20.0,630.0,620.0,640.0,5.10216126135e-12,5.10216126135e-12
15.0,90.0,20.0,650.0,640.0,660.0,5.94140672932e-12,5.94140672932e-12
15.0,90.0,20.0,670.0,660.0,680.0,6.58229689087e-12,6.58229689087e-12
15.0,90.0,20.0,690.0,680.0,700.0,6.60449494112e-12,6.60449494112e-12
15.0,90.0,20.0,710.0,700.0,720.0,6.22021212684e-12,6.22021212684e-12
15.0,90.0,20.0,730.0,720.0,740.0,5.64313589527e-12,5.64313589527e-12
15.0,90.0,20.0,750.0,740.0,760.0,4.82648118492e-12,4.82648118492e-12
15.0,90.0,20.0,770.0,760.0,780.0,4.32368026623e-12,4.32368026623e-12
15.0,90.0,30.0,390.0,380.0,400.0,5.50990369348e-11,5.50990369348e-11
15.0,90.0,30.0,410.0,400.0,420.0,7.43694752597e-11,7.43694752597e-11
15.0,90.0,30.0,430.0,420.0,440.0,6.03751478097e-11,6.03751478097e-11
15.0,90.0,30.0,450.0,440.0,460.0,5.83960919313e-11,5.83960919313e-11
15.0,90.0,30.0,470.0,460.0,480.0,4.74921551933e-11,4.74921551933e-11
15.0,90.0,30.0,490.0,480.0,500.0,3.41840921172e-11,3.41840921172e-11
15.0,90.0,30.0,510.0,500.0,520.0,2.19381831906e-11,2.19381831906e-11
15.0,90.0,30.0,530.0,520.0,540.0,1.29371193105e-11,1.29371193105e-11
15.0,90.0,30.0,550.0,540.0,560.0,8.63285209798e-12,8.63285209798e-12
15.0,90.0,30.0,570.0,560.0,580.0,4.72671607787e-12,4.72671607787e-12
15.0,90.0,30.0,590.0,580.0,600.0,4.23526885592e-12,4.23526885592e-12
15.0,90.0,30.0,610.0,600.0,620.0,3.13912483618e-12,3.13912483618e-12
15.0,90.0,30.0,630.0,620.0,640.0,3.85516563219e-12,3.85516563219e-12
15.0,90.0,30.0,650.0,640.0,660.0,4.46555874422e-12,4.46555874422e-12
15.0,90.0,30.0,670.0,660.0,680.0,4.92370676752e-12,4.92370676752e-12
15.0,90.0,30.0,690.0,680.0,700.0,4.91922368399e-12,4.91922368399e-12
15.0,90.0,30.0,710.0,700.0,720.0,4.6152932799e-12,4.6152932799e-12
15.0,90.0,30.0,730.0,720.0,740.0,4.17284527992e-12,4.17284527992e-12
15.0,90.0,30.0,750.0,740.0,760.0,3.55831223071e-12,3.55831223071e-12
15.0,90.0,30.0,770.0,760.0,780.0,3.17881598731e-12,3.17881598731e-12
15.0,90.0,45.0,390.0,380.0,400.0,4.52591421023e-11,4.52591421023e-11
15.0,90.0,45.0,410.0,400.0,420.0,5.97101718346e-11,5.97101718346e-11
15.0,90.0,45.0,430.0,420.0,440.0,4.75850518472e-11,4.75850518472e-11
15.0,90.0,45.0,450.0,440.0,460.0,4.53332679704e-11,4.53332679704e-11
15.0,90.0,45.0,470.0,460.0,480.0,3.64098109893e-11,3.64098109893e-11
15.0,90.0,45.0,490.0,480.0,500.0,2.59344322451e-11,2.59344322451e-11
15.0,90.0,45.0,510.0,500.0,520.0,1.64978942623e-11,1.64978942623e-11
15.0,90.0,45.0,530.0,520.0,540.0,9.65664361229e-12,9.65664361229e-12
15.0,90.0,45.0,550.0,540.0,560.0,6.40191762276e-12,6.40191762276e-12
15.0,90.0,45.0,570.0,560.0,580.0,3.48582354152e-12,3.48582354152e-12
15.0,90.0,45.0,590.0,580.0,600.0,3.10731952772e-12,3.10731952772e-12
15.0,90.0,45.0,610.0,600.0,620.0,2.29290038405e-12,2.29290038405e-12
15.0,90.0,45.0,630.0,620.0,640.0,2.80393399907e-12,2.80393399907e-12
15.0,90.0,45.0,650.0,640.0,660.0,3.23553171916e-12,3.23553171916e-12
15.0,90.0,45.0,670.0,660.0,680.0,3.5554409413e-12,3.5554409413e-12
15.0,90.0,45.0,690.0,680.0,700.0,3.54154654293e-12,3.54154654293e-12
15.0,90.0,45.0,710.0,700.0,720.0,3.31385101159e-12,3.31385101159e-12
15.0,90.0,45.0,730.0,720.0,740.0,2.98902036332e-12,2.98902036332e-12
15.0,90.0,45.0,750.0,740.0,760.0,2.54345745866e-12,2.54345745866e-12
15.0,90.0,45.0,770.0,760.0,780.0,2.26774722876e-12,2.26774722876e-12
15.0,90.0,60.0,390.0,380.0,400.0,3.8724547044e-11,3.8724547044e-11
15.0,90.0,60.0,410.0,400.0,420.0,5.03765045989e-11,5.03765045989e-11
15.0,90.0,60.0,430.0,420.0,440.0,3.96930374322e-11,3.96930374322e-11
15.0,90.0,60.0,450.0,440.0,460.0,3.74663596056e-11,3.74663596056e-11
15.0,90.0,60.0,470.0,460.0,480.0,2.98637914739e-11,2.98637914739e-11
15.0,90.0,60.0,490.0,480.0,500.0,2.11386768699e-11,2.11386768699e-11
15.0,90.0,60.0,510.0,500.0,520.0,1.33775926228e-11,1.33775926228e-11
15.0,90.0,60.0,530.0,520.0,540.0,7.79687999651e-12,7.79687999651e-12
15.0,90.0,60.0,550.0,540.0,560.0,5.14996768685e-12,5.14996768685e-12
15.0,90.0,60.0,570.0,560.0,580.0,2.79578811346e-12,2.79578811346e-12
15.0,90.0,60.0,590.0,580.0,600.0,2.48511652094e-12,2.48511652094e-12
15.0,90.0,60.0,610.0,600.0,620.0,1.8295427625e-12,1.8295427625e-12
15.0,90.0,60.0,630.0,620.0,640.0,2.23217660902e-12,2.23217660902e-12
15.0,90.0,60.0,650.0,640.0,660.0,2.57081759617e-12,2.57081759617e-12
15.0,90.0,60.0,670.0,660.0,680.0,2.82060565534e-12,2.82060565534e-12
15.0,90.0,60.0,690.0,680.0,700.0,2.80610630922e-12,2.80610630922e-12
15.0,90.0,60.0,710.0,700.0,720.0,2.62318217844e-12,2.62318217844e-12
15.0,90.0,60.0,730.0,720.0,740.0,2.36438926182e-12,2.36438926182e-12
15.0,90.0,60.0,750.0,740.0,760.0,2.01102700978e-12,2.01102700978e-12
15.0,90.0,60.0,770.0,760.0,780.0,1.79249503226e-12,1.79249503226e-12
15.0,90.0,90.0,390.0,380.0,400.0,2.99693691959e-11,2.99693691959e-11
15.0,90.0,90.0,410.0,400.0,420.0,3.74070012856e-11,3.74070012856e-11
15.0,90.0,90.0,430.0,420.0,440.0,2.83538615005e-11,2.83538615005e-11
15.0,90.0,90.0,450.0,440.0,460.0,2.5830273245e-11,2.5830273245e-11
15.0,90.0,90.0,470.0,460.0,480.0,1.99452058902e-11,1.99452058902e-11
15.0,90.0,90.0,490.0,480.0,500.0,1.37292429581e-11,1.37292429581e-11
15.0,90.0,90.0,510.0,500.0,520.0,8.48198780449e-12,8.48198780449e-12
15.0,90.0,90.0,530.0,520.0,540.0,4.84439214682e-12,4.84439214682e-12
15.0,90.0,90.0,550.0,540.0,560.0,3.14583856405e-12,3.14583856405e-12
15.0,90.0,90.0,570.0,560.0,580.0,1.68479828557e-12,1.68479828557e-12
15.0,90.0,90.0,590.0,580.0,600.0,1.48045384188e-12,1.48045384188e-12
15.0,90.0,90.0,610.0,600.0,620.0,1.08033503065e-12,1.08033503065e-12
15.0,90.0,90.0,630.0,620.0,640.0,1.30871810784e-12,1.30871810784e-12
15.0,90.0,90.0,650.0,640.0,660.0,1.49932250942e-12,1.49932250942e-12
15.0,90.0,90.0,670.0,660.0,680.0,1.63843438615e-12,1.63843438615e-12
15.0,90.0,90.0,690.0,680.0,700.0,1.62484438269e-12,1.62484438269e-12
15.0,90.0,90.0,710.0,700.0,720.0,1.51481925018e-12,1.51481925018e-12
15.0,90.0,90.0,730.0,720.0,740.0,1.36192976479e-12,1.36192976479e-12
15.0,90.0,90.0,750.0,740.0,760.0,1.1553477003e-12,1.1553477003e-12
15.0,90.0,90.0,770.0,760.0,780.0,1.02707966861e-12,1.02707966861e-12
15.0,180.0,0.0,390.0,380.0,400.0,3.2245501876e-11,3.2245501876e-11
15.0,180.0,0.0,410.0,400.0,420.0,4.56216404522e-11,4.56216404522e-11
15.0,180.0,0.0,430.0,420.0,440.0,3.86904408199e-11,3.86904408199e-11
15.0,180.0,0.0,450.0,440.0,460.0,3.89828252354e-11,3.89828252354e-11
15.0,180.0,0.0,470.0,460.0,480.0,3.29673403874e-11,3.29673403874e-11
15.0,180.0,0.0,490.0,480.0,500.0,2.46525135107e-11,2.46525135107e-11
15.0,180.0,0.0,510.0,500.0,520.0,1.64337490051e-11,1.64337490051e-11
15.0,180.0,0.0,530.0,520.0,540.0,1.00690969742e-11,1.00690969742e-11
15.0,180.0,0.0,550.0,540.0,560.0,6.98001541783e-12,6.98001541783e-12
15.0,180.0,0.0,570.0,560.0,580.0,3.97103516148e-12,3.97103516148e-12
15.0,180.0,0.0,590.0,580.0,600.0,3.69306111326e-12,3.69306111326e-12
15.0,180.0,0.0,610.0,600.0,620.0,2.8386155738e-12,2.8386155738e-12
15.0,180.0,0.0,630.0,620.0,640.0,3.61210198167e-12,3.61210198167e-12
15.0,180.0,0.0,650.0,640.0,660.0,4.33045599496e-12,4.33045599496e-12
15.0,180.0,0.0,670.0,660.0,680.0,4.93262879048e-12,4.93262879048e-12
15.0,180.0,0.0,690.0,680.0,700.0,5.07796375966e-12,5.07796375966e-12
15.0,180.0,0.0,710.0,700.0,720.0,4.89358699876e-12,4.89358699876e-12
15.0,180.0,0.0,730.0,720.0,740.0,4.5279726699e-12,4.5279726699e-12
15.0,180.0,0.0,750.0,740.0,760.0,3.93387641779e-12,3.93387641779e-12
15.0,180.0,0.0,770.0,760.0,780.0,3.57038339632e-12,3.57038339632e-12
15.0,180.0,0.5,390.0,380.0,400.0,3.44071979886e-11,3.44071979886e-11
15.0,180.0,0.5,410.0,400.0,420.0,4.8598293909e-11,4.8598293909e-11
15.0,180.0,0.5,430.0,420.0,440.0,4.11417505619e-11,4.11417505619e-11
15.0,180.0,0.5,450.0,440.0,460.0,4.13743934015e-11,4.13743934015e-11
15.0,180.0,0.5,470.0,460.0,480.0,3.49187249345e-11,3.49187249345e-11
15.0,180.0,0.5,490.0,480.0,500.0,2.60540062118e-11,2.60540062118e-11
15.0,180.0,0.5,510.0,500.0,520.0,1.73258066885e-11,1.73258066885e-11
15.0,180.0,0.5,530.0,520.0,540.0,1.05871582425e-11,1.05871582425e-11
15.0,180.0,0.5,550.0,540.0,560.0,7.31776022586e-12,7.31776022586e-12
15.0,180.0,0.5,570.0,560.0,580.0,4.14982446733e-12,4.14982446733e-12
15.0,180.0,0.5,590.0,580.0,600.0,3.8463863977e-12,3.8463863977e-12
15.0,180.0,0.5,610.0,600.0,620.0,2.9458367799e-12,2.9458367799e-12
15.0,180.0,0.5,630.0,620.0,640.0,3.73478607314e-12,3.73478607314e-12
15.0,180.0,0.5,650.0,640.0,660.0,4.46061142834e-12,4.46061142834e-12
15.0,180.0,0.5,670.0,660.0,680.0,5.06150695007e-12,5.06150695007e-12
15.0,180.0,0.5,690.0,680.0,700.0,5.19116127104e-12,5.19116127104e-12
15.0,180.0,0.5,710.0,700.0,720.0,4.98499813519e-12,4.98499813519e-12
15.0,180.0,0.5,730.0,720.0,740.0,4.59787413553e-12,4.59787413553e-12
15.0,180.0,0.5,750.0,740.0,760.0,3.98403067088e-12,3.98403067088e-12
15.0,180.0,0.5,770.0,760.0,780.0,3.60845576442e-12,3.60845576442e-12
15.0,180.0,1.0,390.0,380.0,400.0,3.52880002723e-11,3.52880002723e-11
15.0,180.0,1.0,410.0,400.0,420.0,4.98907141566e-11,4.98907141566e-11
15.0,180.0,1.0,430.0,420.0,440.0,4.22627150755e-11,4.22627150755e-11
15.0,180.0,1.0,450.0,440.0,460.0,4.25130049359e-11,4.25130049359e-11
15.0,180.0,1.0,470.0,460.0,480.0,3.58747159962e-11,3.58747159962e-11
15.0,180.0,1.0,490.0,480.0,500.0,2.67518950337e-11,2.67518950337e-11
15.0,180.0,1.0,510.0,500.0,520.0,1.77711995375e-11,1.77711995375e-11
15.0,180.0,1.0,530.0,520.0,540.0,1.08425452294e-11,1.08425452294e-11
15.0,180.0,1.0,550.0,540.0,560.0,7.47964551734e-12,7.47964551734e-12
15.0,180.0,1.0,570.0,560.0,580.0,4.23136412431e-12,4.23136412431e-12
15.0,180.0,1.0,590.0,580.0,600.0,3.91158658963e-12,3.91158658963e-12
15.0,180.0,1.0,610.0,600.0,620.0,2.98689935072e-12,2.98689935072e-12
15.0,180.0,1.0,630.0,620.0,640.0,3.77529017549e-12,3.77529017549e-12
15.0,180.0,1.0,650.0,640.0,660.0,4.49471322916e-12,4.49471322916e-12
15.0,180.0,1.0,670.0,660.0,680.0,5.08404558432e-12,5.08404558432e-12
15.0,180.0,1.0,690.0,680.0,700.0,5.19843454377e-12,5.19843454377e-12
15.0,180.0,1.0,710.0,700.0,720.0,4.97815759509e-12,4.97815759509e-12
15.0,180.0,1.0,730.0,720.0,740.0,4.58072561984e-12,4.58072561984e-12
15.0,180.0,1.0,750.0,740.0,760.0,3.96208577589e-12,3.96208577589e-12
15.0,180.0,1.0,770.0,760.0,780.0,3.58416624538e-12,3.58416624538e-12
15.0,180.0,2.0,390.0,380.0,400.0,3.70854256948e-11,3.70854256948e-11
15.0,180.0,2.0,410.0,400.0,420.0,5.25056546719e-11,5.25056546719e-11
15.0,180.0,2.0,430.0,420.0,440.0,4.45006828772e-11,4.45006828772e-11
15.0,180.0,2.0,450.0,440.0,460.0,4.4743719273e-11,4.4743719273e-11
15.0,180.0,2.0,470.0,460.0,480.0,3.77009113672e-11,3.77009113672e-11
15.0,180.0,2.0,490.0,480.0,500.0,2.80420560274e-11,2.80420560274e-11
15.0,180.0,2.0,510.0,500.0,520.0,1.85608050373e-11,1.85608050373e-11
15.0,180.0,2.0,530.0,520.0,540.0,1.12717673875e-11,1.12717673875e-11
15.0,180.0,2.0,550.0,540.0,560.0,7.73371514833e-12,7.73371514833e-12
15.0,180.0,2.0,570.0,560.0,580.0,4.34819360526e-12,4.34819360526e-12
15.0,180.0,2.0,590.0,580.0,600.0,3.99373851421e-12,3.99373851421e-12
15.0,180.0,2.0,610.0,600.0,620.0,3.02917191964e-12,3.02917191964e-12
15.0,180.0,2.0,630.0,620.0,640.0,3.80319912607e-12,3.80319912607e-12
15.0,180.0,2.0,650.0,640.0,660.0,4.49828414986e-12,4.49828414986e-12
15.0,180.0,2.0,670.0,660.0,680.0,5.05649135392e-12,5.05649135392e-12
15.0,180.0,2.0,690.0,680.0,700.0,5.14105830581e-12,5.14105830581e-12
15.0,180.0,2.0,710.0,700.0,720.0,4.89916464419e-12,4.89916464419e-12
15.0,180.0,2.0,730.0,720.0,740.0,4.49025353606e-12,4.49025353606e-12
15.0,180.0,2.0,750.0,740.0,760.0,3.87298358353e-12,3.87298358353e-12
15.0,180.0,2.0,770.0,760.0,780.0,3.49698438165e-12,3.49698438165e-12
15.0,180.0,3.0,390.0,380.0,400.0,3.88882300205e-11,3.88882300205e-11
15.0,180.0,3.0,410.0,400.0,420.0,5.50784300373e-11,5.50784300373e-11
15.0,180.0,3.0,430.0,420.0,440.0,4.66446772637e-11,4.66446772637e-11
15.0,180.0,3.0,450.0,440.0,460.0,4.68075920953e-11,4.68075920953e-11
15.0,180.0,3.0,470.0,460.0,480.0,3.93177313419e-11,3.93177313419e-11
15.0,180.0,3.0,490.0,480.0,500.0,2.91232269449e-11,2.91232269449e-11
15.0,180.0,3.0,510.0,500.0,520.0,1.91782901814e-11,1.91782901814e-11
15.0,180.0,3.0,530.0,520.0,540.0,1.15785916204e-11,1.15785916204e-11
15.0,180.0,3.0,550.0,540.0,560.0,7.89410572066e-12,7.89410572066e-12
15.0,180.0,3.0,570.0,560.0,580.0,4.40903270542e-12,4.40903270542e-12
15.0,180.0,3.0,590.0,580.0,600.0,4.02299898114e-12,4.02299898114e-12
15.0,180.0,3.0,610.0,600.0,620.0,3.03191392603e-12,3.03191392603e-12
15.0,180.0,3.0,630.0,620.0,640.0,3.78346411791e-12,3.78346411791e-12
15.0,180.0,3.0,650.0,640.0,660.0,4.4496458174e-12,4.4496458174e-12
15.0,180.0,3.0,670.0,660.0,680.0,4.97652321067e-12,4.97652321067e-12
15.0,180.0,3.0,690.0,680.0,700.0,5.03780108968e-12,5.03780108968e-12
15.0,180.0,3.0,710.0,700.0,720.0,4.7838020469e-12,4.7838020469e-12
15.0,180.0,3.0,730.0,720.0,740.0,4.37278241707e-12,4.37278241707e-12
15.0,180.0,3.0,750.0,740.0,760.0,3.76511489767e-12,3.76511489767e-12
15.0,180.0,3.0,770.0,760.0,780.0,3.39565635272e-12,3.39565635272e-12
15.0,180.0,5.0,390.0,380.0,400.0,4.22694124417e-11,4.22694124417e-11
15.0,180.0,5.0,410.0,400.0,420.0,5.96809501391e-11,5.96809501391e-11
15.0,180.0,5.0,430.0,420.0,440.0,5.02606737733e-11,5.02606737733e-11
15.0,180.0,5.0,450.0,440.0,460.0,5.00493590607e-11,5.00493590607e-11
15.0,180.0,5.0,470.0,460.0,480.0,4.16480239737e-11,4.16480239737e-11
15.0,180.0,5.0,490.0,480.0,500.0,3.05226917866e-11,3.05226917866e-11
15.0,180.0,5.0,510.0,500.0,520.0,1.98700659912e-11,1.98700659912e-11
15.0,180.0,5.0,530.0,520.0,540.0,1.18540213558e-11,1.18540213558e-11
15.0,180.0,5.0,550.0,540.0,560.0,7.98646037754e-12,7.98646037754e-12
15.0,180.0,5.0,570.0,560.0,580.0,4.40981253289e-12,4.40981253289e-12
15.0,180.0,5.0,590.0,580.0,600.0,3.98049704204e-12,3.98049704204e-12
15.0,180.0,5.0,610.0,600.0,620.0,2.97088876447e-12,2.97088876447e-12
15.0,180.0,5.0,630.0,620.0,640.0,3.67433798049e-12,3.67433798049e-12
15.0,180.0,5.0,650.0,640.0,660.0,4.28750535825e-12,4.28750535825e-12
15.0,180.0,5.0,670.0,660.0,680.0,4.76342235684e-12,4.76342235684e-12
15.0,180.0,5.0,690.0,680.0,700.0,4.79608951441e-12,4.79608951441e-12
15.0,180.0,5.0,710.0,700.0,720.0,4.53524500583e-12,4.53524500583e-12
15.0,180.0,5.0,730.0,720.0,740.0,4.13298358264e-12,4.13298358264e-12
15.0,180.0,5.0,750.0,740.0,760.0,3.55187861482e-12,3.55187861482e-12
15.0,180.0,5.0,770.0,760.0,780.0,3.19869543889e-12,3.19869543889e-12
15.0,180.0,8.0,390.0,380.0,400.0,4.61850475308e-11,4.61850475308e-11
15.0,180.0,8.0,410.0,400.0,420.0,6.44179067573e-11,6.44179067573e-11
15.0,180.0,8.0,430.0,420.0,440.0,5.34806518041e-11,5.34806518041e-11
15.0,180.0,8.0,450.0,440.0,460.0,5.24426353053e-11,5.24426353053e-11
15.0,180.0,8.0,470.0,460.0,480.0,4.29569335182e-11,4.29569335182e-11
15.0,180.0,8.0,490.0,480.0,500.0,3.09935865474e-11,3.09935865474e-11
15.0,180.0,8.0,510.0,500.0,520.0,1.98735470179e-11,1.98735470179e-11
15.0,180.0,8.0,530.0,520.0,540.0,1.16874811647e-11,1.16874811647e-11
15.0,180.0,8.0,550.0,540.0,560.0,7.7705484714e-12,7.7705484714e-12
15.0,180.0,8.0,570.0,560.0,580.0,4.23976481175e-12,4.23976481175e-12
15.0,180.0,8.0,590.0,580.0,600.0,3.78642613856e-12,3.78642613856e-12
15.0,180.0,8.0,610.0,600.0,620.0,2.80057638639e-12,2.80057638639e-12
15.0,180.0,8.0,630.0,620.0,640.0,3.43598941623e-12,3.43598941623e-12
15.0,180.0,8.0,650.0,640.0,660.0,3.98208986806e-12,3.98208986806e-12
15.0,180.0,8.0,670.0,660.0,680.0,4.39907842191e-12,4.39907842191e-12
15.0,180.0,8.0,690.0,680.0,700.0,4.40881949435e-12,4.40881949435e-12
15.0,180.0,8.0,710.0,700.0,720.0,4.15357016626e-12,4.15357016626e-12
15.0,180.0,8.0,730.0,720.0,740.0,3.77392400295e-12,3.77392400295e-12
15.0,180.0,8.0,750.0,740.0,760.0,3.23577617706e-12,3.23577617706e-12
15.0,180.0,8.0,770.0,760.0,780.0,2.90747132704e-12,2.90747132704e-12
15.0,180.0,12.0,390.0,380.0,400.0,4.88948384749e-11,4.88948384749e-11
15.0,180.0,12.0,410.0,400.0,420.0,6.68210374338e-11,6.68210374338e-11
15.0,180.0,12.0,430.0,420.0,440.0,5.43749116556e-11,5.43749116556e-11
15.0,180.0,12.0,450.0,440.0,460.0,5.23160494507e-11,5.23160494507e-11
15.0,180.0,12.0,470.0,460.0,480.0,4.21046114407e-11,4.21046114407e-11
15.0,180.0,12.0,490.0,480.0,500.0,2.98919282871e-11,2.98919282871e-11
15.0,180.0,12.0,510.0,500.0,520.0,1.88877108707e-11,1.88877108707e-11
15.0,180.0,12.0,530.0,520.0,540.0,1.09615016631e-11,1.09615016631e-11
15.0,180.0,12.0,550.0,540.0,560.0,7.20250158055e-12,7.20250158055e-12
15.0,180.0,12.0,570.0,560.0,580.0,3.88921633464e-12,3.88921633464e-12
15.0,180.0,12.0,590.0,580.0,600.0,3.4423682263e-12,3.4423682263e-12
15.0,180.0,12.0,610.0,600.0,620.0,2.52667858728e-12,2.52667858728e-12
15.0,180.0,12.0,630.0,620.0,640.0,3.07967249889e-12,3.07967249889e-12
15.0,180.0,12.0,650.0,640.0,660.0,3.5489482187e-12,3.5489482187e-12
15.0,180.0,12.0,670.0,660.0,680.0,3.90125955013e-12,3.90125955013e-12
15.0,180.0,12.0,690.0,680.0,700.0,3.89299959209e-12,3.89299959209e-12
15.0,180.0,12.0,710.0,700.0,720.0,3.653512686e-12,3.653512686e-12
15.0,180.0,12.0,730.0,720.0,740.0,3.30798345872e-12,3.30798345872e-12
15.0,180.0,12.0,750.0,740.0,760.0,2.82711970715e-12,2.82711970715e-12
15.0,180.0,12.0,770.0,760.0,780.0,2.53210743839e-12,2.53210743839e-12
15.0,180.0,20.0,390.0,380.0,400.0,4.79723350221e-11,4.79723350221e-11
15.0,180.0,20.0,410.0,400.0,420.0,6.32557105074e-11,6.32557105074e-11
15.0,180.0,20.0,430.0,420.0,440.0,4.99112699945e-11,4.99112699945e-11
15.0,180.0,20.0,450.0,440.0,460.0,4.67754386346e-11,4.67754386346e-11
15.0,180.0,20.0,470.0,460.0,480.0,3.68139039394e-11,3.68139039394e-11
15.0,180.0,20.0,490.0,480.0,500.0,2.56439808833e-11,2.56439808833e-11
15.0,180.0,20.0,510.0,500.0,520.0,1.59431187029e-11,1.59431187029e-11
15.0,180.0,20.0,530.0,520.0,540.0,9.12509715625e-12,9.12509715625e-12
15.0,180.0,20.0,550.0,540.0,560.0,5.92495991046e-12,5.92495991046e-12
15.0,180.0,20.0,570.0,560.0,580.0,3.16666143349e-12,3.16666143349e-12
15.0,180.0,20.0,590.0,580.0,600.0,2.7781744726e-12,2.7781744726e-12
15.0,180.0,20.0,610.0,600.0,620.0,2.02342573279e-12,2.02342573279e-12
15.0,180.0,20.0,630.0,620.0,640.0,2.44967924642e-12,2.44967924642e-12
15.0,180.0,20.0,650.0,640.0,660.0,2.80574949349e-12,2.80574949349e-12
15.0,180.0,20.0,670.0,660.0,680.0,3.06665686717e-12,3.06665686717e-12
15.0,180.0,20.0,690.0,680.0,700.0,3.0433919887e-12,3.0433919887e-12
15.0,180.0,20.0,710.0,700.0,720.0,2.84085490447e-12,2.84085490447e-12
15.0,180.0,20.0,730.0,720.0,740.0,2.55847433628e-12,2.55847433628e-12
15.0,180.0,20.0,750.0,740.0,760.0,2.17480589345e-12,2.17480589345e-12
15.0,180.0,20.0,770.0,760.0,780.0,1.9373756311e-12,1.9373756311e-12
15.0,180.0,30.0,390.0,380.0,400.0,4.30438142099e-11,4.30438142099e-11
15.0,180.0,30.0,410.0,400.0,420.0,5.52221496572e-11,5.52221496572e-11
15.0,180.0,30.0,430.0,420.0,440.0,4.26153114789e-11,4.26153114789e-11
15.0,180.0,30.0,450.0,440.0,460.0,3.92287766232e-11,3.92287766232e-11
15.0,180.0,30.0,470.0,460.0,480.0,3.04320534267e-11,3.04320534267e-11
15.0,180.0,30.0,490.0,480.0,500.0,2.09531460589e-11,2.09531460589e-11
15.0,180.0,30.0,510.0,500.0,520.0,1.29049586329e-11,1.29049586329e-11
15.0,180.0,30.0,530.0,520.0,540.0,7.33019347079e-12,7.33019347079e-12
15.0,180.0,30.0,550.0,540.0,560.0,4.72947329635e-12,4.72947329635e-12
15.0,180.0,30.0,570.0,560.0,580.0,2.51447378545e-12,2.51447378545e-12
15.0,180.0,30.0,590.0,580.0,600.0,2.19560639864e-12,2.19560639864e-12
15.0,180.0,30.0,610.0,600.0,620.0,1.59245789531e-12,1.59245789531e-12
15.0,180.0,30.0,630.0,620.0,640.0,1.92032295798e-12,1.92032295798e-12
15.0,180.0,30.0,650.0,640.0,660.0,2.19128498622e-12,2.19128498622e-12
15.0,180.0,30.0,670.0,660.0,680.0,2.38635446966e-12,2.38635446966e-12
15.0,180.0,30.0,690.0,680.0,700.0,2.3596156485e-12,2.3596156485e-12
15.0,180.0,30.0,710.0,700.0,720.0,2.1943850299e-12,2.1943850299e-12
15.0,180.0,30.0,730.0,720.0,740.0,1.96869351513e-12,1.96869351513e-12
15.0,180.0,30.0,750.0,740.0,760.0,1.6668249447e-12,1.6668249447e-12
15.0,180.0,30.0,770.0,760.0,780.0,1.47890638856e-12,1.47890638856e-12
15.0,180.0,45.0,390.0,380.0,400.0,3.67014746603e-11,3.67014746603e-11
15.0,180.0,45.0,410.0,400.0,420.0,4.61037307151e-11,4.61037307151e-11
15.0,180.0,45.0,430.0,420.0,440.0,3.49874035147e-11,3.49874035147e-11
15.0,180.0,45.0,450.0,440.0,460.0,3.17821135997e-11,3.17821135997e-11
15.0,180.0,45.0,470.0,460.0,480.0,2.43973202614e-11,2.43973202614e-11
15.0,180.0,45.0,490.0,480.0,500.0,1.66587928464e-11,1.66587928464e-11
15.0,180.0,45.0,510.0,500.0,520.0,1.01928152737e-11,1.01928152737e-11
15.0,180.0,45.0,530.0,520.0,540.0,5.75962298573e-12,5.75962298573e-12
15.0,180.0,45.0,550.0,540.0,560.0,3.70020946883e-12,3.70020946883e-12
15.0,180.0,45.0,570.0,560.0,580.0,1.96040773894e-12,1.96040773894e-12
15.0,180.0,45.0,590.0,580.0,600.0,1.70624519697e-12,1.70624519697e-12
15.0,180.0,45.0,610.0,600.0,620.0,1.23397008547e-12,1.23397008547e-12
15.0,180.0,45.0,630.0,620.0,640.0,1.48377734059e-12,1.48377734059e-12
15.0,180.0,45.0,650.0,640.0,660.0,1.6885343886e-12,1.6885343886e-12
15.0,180.0,45.0,670.0,660.0,680.0,1.8339120654e-12,1.8339120654e-12
15.0,180.0,45.0,690.0,680.0,700.0,1.8084371113e-12,1.8084371113e-12
15.0,180.0,45.0,710.0,700.0,720.0,1.67710657038e-12,1.67710657038e-12
15.0,180.0,45.0,730.0,720.0,740.0,1.50027253929e-12,1.50027253929e-12
15.0,180.0,45.0,750.0,740.0,760.0,1.26641640351e-12,1.26641640351e-12
15.0,180.0,45.0,770.0,760.0,780.0,1.12023459488e-12,1.12023459488e-12
15.0,180.0,60.0,390.0,380.0,400.0,3.22920367343e-11,3.22920367343e-11
15.0,180.0,60.0,410.0,400.0,420.0,4.02588006651e-11,4.02588006651e-11
15.0,180.0,60.0,430.0,420.0,440.0,3.04375294268e-11,3.04375294268e-11
15.0,180.0,60.0,450.0,440.0,460.0,2.7630532064e-11,2.7630532064e-11
15.0,180.0,60.0,470.0,460.0,480.0,2.12464702055e-11,2.12464702055e-11
15.0,180.0,60.0,490.0,480.0,500.0,1.45582685273e-11,1.45582685273e-11
15.0,180.0,60.0,510.0,500.0,520.0,8.95101508618e-12,8.95101508618e-12
15.0,180.0,60.0,530.0,520.0,540.0,5.08728726862e-12,5.08728726862e-12
15.0,180.0,60.0,550.0,540.0,560.0,3.28794316322e-12,3.28794316322e-12
15.0,180.0,60.0,570.0,560.0,580.0,1.75277261988e-12,1.75277261988e-12
15.0,180.0,60.0,590.0,580.0,600.0,1.53374769087e-12,1.53374769087e-12
15.0,180.0,60.0,610.0,600.0,620.0,1.11476764777e-12,1.11476764777e-12
15.0,180.0,60.0,630.0,620.0,640.0,1.34579069607e-12,1.34579069607e-12
15.0,180.0,60.0,650.0,640.0,660.0,1.53684897304e-12,1.53684897304e-12
15.0,180.0,60.0,670.0,660.0,680.0,1.67423350571e-12,1.67423350571e-12
15.0,180.0,60.0,690.0,680.0,700.0,1.65527232208e-12,1.65527232208e-12
15.0,180.0,60.0,710.0,700.0,720.0,1.53846471729e-12,1.53846471729e-12
15.0,180.0,60.0,730.0,720.0,740.0,1.37887568402e-12,1.37887568402e-12
15.0,180.0,60.0,750.0,740.0,760.0,1.16591036685e-12,1.16591036685e-12
15.0,180.0,60.0,770.0,760.0,780.0,1.03303290637e-12,1.03303290637e-12
15.0,180.0,90.0,390.0,380.0,400.0,2.99693691959e-11,2.99693691959e-11
15.0,180.0,90.0,410.0,400.0,420.0,3.74070012856e-11,3.74070012856e-11
15.0,180.0,90.0,430.0,420.0,440.0,2.83538615005e-11,2.83538615005e-11
15.0,180.0,90.0,450.0,440.0,460.0,2.5830273245e-11,2.5830273245e-11
15.0,180.0,90.0,470.0,460.0,480.0,1.99452058902e-11,1.99452058902e-11
15.0,180.0,90.0,490.0,480.0,500.0,1.37292429581e-11,1.37292429581e-11
15.0,180.0,90.0,510.0,500.0,520.0,8.48198780449e-12,8.48198780449e-12
15.0,180.0,90.0,530.0,520.0,540.0,4.84439214682e-12,4.84439214682e-12
15.0,180.0,90.0,550.0,540.0,560.0,3.14583856405e-12,3.14583856405e-12
15.0,180.0,90.0,570.0,560.0,580.0,1.68479828557e-12,1.68479828557e-12
15.0,180.0,90.0,590.0,580.0,600.0,1.48045384188e-12,1.48045384188e-12
15.0,180.0,90.0,610.0,600.0,620.0,1.08033503065e-12,1.08033503065e-12
15.0,180.0,90.0,630.0,620.0,640.0,1.30871810784e-12,1.30871810784e-12
15.0,180.0,90.0,650.0,640.0,660.0,1.49932250942e-12,1.49932250942e-12
15.0,180.0,90.0,670.0,660.0,680.0,1.63843438615e-12,1.63843438615e-12
15.0,180.0,90.0,690.0,680.0,700.0,1.62484438269e-12,1.62484438269e-12
15.0,180.0,90.0,710.0,700.0,720.0,1.51481925018e-12,1.51481925018e-12
15.0,180.0,90.0,730.0,720.0,740.0,1.36192976479e-12,1.36192976479e-12
15.0,180.0,90.0,750.0,740.0,760.0,1.1553477003e-12,1.1553477003e-12
15.0,180.0,90.0,770.0,760.0,780.0,1.02707966861e-12,1.02707966861e-12
18.0,0.0,0.0,390.0,380.0,400.0,3.57022027663e-13,3.57022027663e-13
18.0,0.0,0.0,410.0,400.0,420.0,5.17165194519e-13,5.17165194519e-13
18.0,0.0,0.0,430.0,420.0,440.0,4.46933554836e-13,4.46933554836e-13
18.0,0.0,0.0,450.0,440.0,460.0,4.57422577069e-13,4.57422577069e-13
18.0,0.0,0.0,470.0,460.0,480.0,4.01187763642e-13,4.01187763642e-13
18.0,0.0,0.0,490.0,480.0,500.0,3.51332137033e-13,3.51332137033e-13
18.0,0.0,0.0,510.0,500.0,520.0,3.88152271272e-13,3.88152271272e-13
18.0,0.0,0.0,530.0,520.0,540.0,5.91046166409e-13,5.91046166409e-13
18.0,0.0,0.0,550.0,540.0,560.0,1.19993578587e-12,1.19993578587e-12
18.0,0.0,0.0,570.0,560.0,580.0,1.92203971676e-12,1.92203971676e-12
18.0,0.0,0.0,590.0,580.0,600.0,4.74576366472e-12,4.74576366472e-12
18.0,0.0,0.0,610.0,600.0,620.0,8.77071600367e-12,8.77071600367e-12
18.0,0.0,0.0,630.0,620.0,640.0,2.54562744712e-11,2.54562744712e-11
18.0,0.0,0.0,650.0,640.0,660.0,6.47540355273e-11,6.47540355273e-11
18.0,0.0,0.0,670.0,660.0,680.0,1.4630561255e-10,1.4630561255e-10
18.0,0.0,0.0,690.0,680.0,700.0,2.81144003616e-10,2.81144003616e-10
18.0,0.0,0.0,710.0,700.0,720.0,4.79101100934e-10,4.79101100934e-10
18.0,0.0,0.0,730.0,720.0,740.0,7.46472511623e-10,7.46472511623e-10
18.0,0.0,0.0,750.0,740.0,760.0,1.0419270815e-09,1.0419270815e-09
18.0,0.0,0.0,770.0,760.0,780.0,1.46980239337e-09,1.46980239337e-09
18.0,0.0,0.5,390.0,380.0,400.0,2.80190876063e-13,2.80190876063e-13
18.0,0.0,0.5,410.0,400.0,420.0,4.16451845871e-13,4.16451845871e-13
18.0,0.0,0.5,430.0,420.0,440.0,3.86974210693e-13,3.86974210693e-13
18.0,0.0,0.5,450.0,440.0,460.0,5.40054310016e-13,5.40054310016e-13
18.0,0.0,0.5,470.0,460.0,480.0,1.05870223021e-12,1.05870223021e-12
18.0,0.0,0.5,490.0,480.0,500.0,2.5589740474e-12,2.5589740474e-12
18.0,0.0,0.5,510.0,500.0,520.0,5.50668948758e-12,5.50668948758e-12
18.0,0.0,0.5,530.0,520.0,540.0,9.70193708888e-12,9.70193708888e-12
18.0,0.0,0.5,550.0,540.0,560.0,1.75133379748e-11,1.75133379748e-11
18.0,0.0,0.5,570.0,560.0,580.0,2.28530775579e-11,2.28530775579e-11
18.0,0.0,0.5,590.0,580.0,600.0,4.68994166579e-11,4.68994166579e-11
18.0,0.0,0.5,610.0,600.0,620.0,7.19518850899e-11,7.19518850899e-11
18.0,0.0,0.5,630.0,620.0,640.0,1.78604485829e-10,1.78604485829e-10
18.0,0.0,0.5,650.0,640.0,660.0,3.90255854243e-10,3.90255854243e-10
18.0,0.0,0.5,670.0,660.0,680.0,7.62281631217e-10,7.62281631217e-10
18.0,0.0,0.5,690.0,680.0,700.0,1.27724507624e-09,1.27724507624e-09
18.0,0.0,0.5,710.0,700.0,720.0,1.91504243707e-09,1.91504243707e-09
18.0,0.0,0.5,730.0,720.0,740.0,2.64849252119e-09,2.64849252119e-09
18.0,0.0,0.5,750.0,740.0,760.0,3.30887950952e-09,3.30887950952e-09
18.0,0.0,0.5,770.0,760.0,780.0,4.21091026202e-09,4.21091026202e-09
18.0,0.0,1.0,390.0,380.0,400.0,2.88030293844e-13,2.88030293844e-13
18.0,0.0,1.0,410.0,400.0,420.0,4.59787166935e-13,4.59787166935e-13
18.0,0.0,1.0,430.0,420.0,440.0,6.16703555177e-13,6.16703555177e-13
18.0,0.0,1.0,450.0,440.0,460.0,1.76735629876e-12,1.76735629876e-12
18.0,0.0,1.0,470.0,460.0,480.0,5.35388377101e-12,5.35388377101e-12
18.0,0.0,1.0,490.0,480.0,500.0,1.32615970684e-11,1.32615970684e-11
18.0,0.0,1.0,510.0,500.0,520.0,2.52275449314e-11,2.52275449314e-11
18.0,0.0,1.0,530.0,520.0,540.0,3.81695354432e-11,3.81695354432e-11
18.0,0.0,1.0,550.0,540.0,560.0,5.99675696041e-11,5.99675696041e-11
18.0,0.0,1.0,570.0,560.0,580.0,6.83265714365e-11,6.83265714365e-11
18.0,0.0,1.0,590.0,580.0,600.0,1.26064582705e-10,1.26064582705e-10
18.0,0.0,1.0,610.0,600.0,620.0,1.74275585022e-10,1.74275585022e-10
18.0,0.0,1.0,630.0,620.0,640.0,3.96425973945e-10,3.96425973945e-10
18.0,0.0,1.0,650.0,640.0,660.0,7.953158541e-10,7.953158541e-10
18.0,0.0,1.0,670.0,660.0,680.0,1.43091681448e-09,1.43091681448e-09
18.0,0.0,1.0,690.0,680.0,700.0,2.2186618931e-09,2.2186618931e-09
18.0,0.0,1.0,710.0,700.0,720.0,3.09376193827e-09,3.09376193827e-09
18.0,0.0,1.0,730.0,720.0,740.0,3.99914277076e-09,3.99914277076e-09
18.0,0.0,1.0,750.0,740.0,760.0,4.69267676909e-09,4.69267676909e-09
18.0,0.0,1.0,770.0,760.0,780.0,5.63341886189e-09,5.63341886189e-09
18.0,0.0,2.0,390.0,380.0,400.0,3.0994841979e-13,3.0994841979e-13
18.0,0.0,2.0,410.0,400.0,420.0,5.27330848629e-13,5.27330848629e-13
18.0,0.0,2.0,430.0,420.0,440.0,8.77342526163e-13,8.77342526163e-13
18.0,0.0,2.0,450.0,440.0,460.0,3.06459359882e-12,3.06459359882e-12
18.0,0.0,2.0,470.0,460.0,480.0,9.70582284635e-12,9.70582284635e-12
18.0,0.0,2.0,490.0,480.0,500.0,2.34946075085e-11,2.34946075085e-11
18.0,0.0,2.0,510.0,500.0,520.0,4.28388594135e-11,4.28388594135e-11
18.0,0.0,2.0,530.0,520.0,540.0,6.18765790966e-11,6.18765790966e-11
18.0,0.0,2.0,550.0,540.0,560.0,9.10761055127e-11,9.10761055127e-11
18.0,0.0,2.0,570.0,560.0,580.0,9.8131733821e-11,9.8131733821e-11
18.0,0.0,2.0,590.0,580.0,600.0,1.650256592e-10,1.650256592e-10
18.0,0.0,2.0,610.0,600.0,620.0,2.1064907593e-10,2.1064907593e-10
18.0,0.0,2.0,630.0,620.0,640.0,4.29750620174e-10,4.29750620174e-10
18.0,0.0,2.0,650.0,640.0,660.0,7.7924852148e-10,7.7924852148e-10
18.0,0.0,2.0,670.0,660.0,680.0,1.28045348557e-09,1.28045348557e-09
18.0,0.0,2.0,690.0,680.0,700.0,1.82963702906e-09,1.82963702906e-09
18.0,0.0,2.0,710.0,700.0,720.0,2.3691135316e-09,2.3691135316e-09
18.0,0.0,2.0,730.0,720.0,740.0,2.86319070838e-09,2.86319070838e-09
18.0,0.0,2.0,750.0,740.0,760.0,3.16504730189e-09,3.16504730189e-09
18.0,0.0,2.0,770.0,760.0,780.0,3.58419263653e-09,3.58419263653e-09
18.0,0.0,3.0,390.0,380.0,400.0,3.35711675738e-13,3.35711675738e-13
18.0,0.0,3.0,410.0,400.0,420.0,5.31934966235e-13,5.31934966235e-13
18.0,0.0,3.0,430.0,420.0,440.0,5.39655647695e-13,5.39655647695e-13
18.0,0.0,3.0,450.0,440.0,460.0,7.86491048835e-13,7.86491048835e-13
18.0,0.0,3.0,470.0,460.0,480.0,1.4324253113e-12,1.4324253113e-12
18.0,0.0,3.0,490.0,480.0,500.0,3.15551179001e-12,3.15551179001e-12
18.0,0.0,3.0,510.0,500.0,520.0,6.39620949364e-12,6.39620949364e-12
18.0,0.0,3.0,530.0,520.0,540.0,1.07884671425e-11,1.07884671425e-11
18.0,0.0,3.0,550.0,540.0,560.0,1.80149157602e-11,1.80149157602e-11
18.0,0.0,3.0,570.0,560.0,580.0,2.20638682732e-11,2.20638682732e-11
18.0,0.0,3.0,590.0,580.0,600.0,3.92113261886e-11,3.92113261886e-11
18.0,0.0,3.0,610.0,600.0,620.0,5.31510954112e-11,5.31510954112e-11
18.0,0.0,3.0,630.0,620.0,640.0,1.08560922108e-10,1.08560922108e-10
18.0,0.0,3.0,650.0,640.0,660.0,1.96750795061e-10,1.96750795061e-10
18.0,0.0,3.0,670.0,660.0,680.0,3.24428342767e-10,3.24428342767e-10
18.0,0.0,3.0,690.0,680.0,700.0,4.66420796919e-10,4.66420796919e-10
18.0,0.0,3.0,710.0,700.0,720.0,6.08603458631e-10,6.08603458631e-10
18.0,0.0,3.0,730.0,720.0,740.0,7.42142438495e-10,7.42142438495e-10
18.0,0.0,3.0,750.0,740.0,760.0,8.30521596719e-10,8.30521596719e-10
18.0,0.0,3.0,770.0,760.0,780.0,9.46727217092e-10,9.46727217092e-10
18.0,0.0,5.0,390.0,380.0,400.0,3.94063764708e-13,3.94063764708e-13
18.0,0.0,5.0,410.0,400.0,420.0,6.26340538547e-13,6.26340538547e-13
18.0,0.0,5.0,430.0,420.0,440.0,6.01514113922e-13,6.01514113922e-13
18.0,0.0,5.0,450.0,440.0,460.0,6.8569607046e-13,6.8569607046e-13
18.0,0.0,5.0,470.0,460.0,480.0,6.51521715664e-13,6.51521715664e-13
18.0,0.0,5.0,490.0,480.0,500.0,5.39416216772e-13,5.39416216772e-13
18.0,0.0,5.0,510.0,500.0,520.0,3.88540203961e-13,3.88540203961e-13
18.0,0.0,5.0,530.0,520.0,540.0,2.49634557602e-13,2.49634557602e-13
18.0,0.0,5.0,550.0,540.0,560.0,1.81402565376e-13,1.81402565376e-13
18.0,0.0,5.0,570.0,560.0,580.0,1.04259031505e-13,1.04259031505e-13
18.0,0.0,5.0,590.0,580.0,600.0,1.02535063075e-13,1.02535063075e-13
18.0,0.0,5.0,610.0,600.0,620.0,8.08276645989e-14,8.08276645989e-14
18.0,0.0,5.0,630.0,620.0,640.0,1.11989128856e-13,1.11989128856e-13
18.0,0.0,5.0,650.0,640.0,660.0,1.45165774013e-13,1.45165774013e-13
18.0,0.0,5.0,670.0,660.0,680.0,1.75692099474e-13,1.75692099474e-13
18.0,0.0,5.0,690.0,680.0,700.0,1.88954202527e-13,1.88954202527e-13
18.0,0.0,5.0,710.0,700.0,720.0,1.87404241436e-13,1.87404241436e-13
18.0,0.0,5.0,730.0,720.0,740.0,1.75994231362e-13,1.75994231362e-13
18.0,0.0,5.0,750.0,740.0,760.0,1.52513372003e-13,1.52513372003e-13
18.0,0.0,5.0,770.0,760.0,780.0,1.38365584041e-13,1.38365584041e-13
18.0,0.0,8.0,390.0,380.0,400.0,4.21876193371e-13,4.21876193371e-13
18.0,0.0,8.0,410.0,400.0,420.0,6.21386526785e-13,6.21386526785e-13
18.0,0.0,8.0,430.0,420.0,440.0,5.41521286209e-13,5.41521286209e-13
18.0,0.0,8.0,450.0,440.0,460.0,5.52765204247e-13,5.52765204247e-13
18.0,0.0,8.0,470.0,460.0,480.0,4.67770362904e-13,4.67770362904e-13
18.0,0.0,8.0,490.0,480.0,500.0,3.45310625479e-13,3.45310625479e-13
18.0,0.0,8.0,510.0,500.0,520.0,2.23369839606e-13,2.23369839606e-13
18.0,0.0,8.0,530.0,520.0,540.0,1.30308611022e-13,1.30308611022e-13
18.0,0.0,8.0,550.0,540.0,560.0,8.62756948609e-14,8.62756948609e-14
18.0,0.0,8.0,570.0,560.0,580.0,4.58428327458e-14,4.58428327458e-14
18.0,0.0,8.0,590.0,580.0,600.0,4.12937784247e-14,4.12937784247e-14
18.0,0.0,8.0,610.0,600.0,620.0,3.0207838726e-14,3.0207838726e-14
18.0,0.0,8.0,630.0,620.0,640.0,3.82467541871e-14,3.82467541871e-14
18.0,0.0,8.0,650.0,640.0,660.0,4.55114547427e-14,4.55114547427e-14
18.0,0.0,8.0,670.0,660.0,680.0,5.10012176345e-14,5.10012176345e-14
18.0,0.0,8.0,690.0,680.0,700.0,5.12299353148e-14,5.12299353148e-14
18.0,0.0,8.0,710.0,700.0,720.0,4.78331219735e-14,4.78331219735e-14
18.0,0.0,8.0,730.0,720.0,740.0,4.26018791986e-14,4.26018791986e-14
18.0,0.0,8.0,750.0,740.0,760.0,3.53114756929e-14,3.53114756929e-14
18.0,0.0,8.0,770.0,760.0,780.0,3.0669283799e-14,3.0669283799e-14
18.0,0.0,12.0,390.0,380.0,400.0,4.01865596256e-13,4.01865596256e-13
18.0,0.0,12.0,410.0,400.0,420.0,5.50713090111e-13,5.50713090111e-13
18.0,0.0,12.0,430.0,420.0,440.0,4.46545143139e-13,4.46545143139e-13
18.0,0.0,12.0,450.0,440.0,460.0,4.24924977607e-13,4.24924977607e-13
18.0,0.0,12.0,470.0,460.0,480.0,3.36284891932e-13,3.36284891932e-13
18.0,0.0,12.0,490.0,480.0,500.0,2.33120446721e-13,2.33120446721e-13
18.0,0.0,12.0,510.0,500.0,520.0,1.4246341743e-13,1.4246341743e-13
18.0,0.0,12.0,530.0,520.0,540.0,7.91278597228e-14,7.91278597228e-14
18.0,0.0,12.0,550.0,540.0,560.0,4.99267874378e-14,4.99267874378e-14
18.0,0.0,12.0,570.0,560.0,580.0,2.55481565813e-14,2.55481565813e-14
18.0,0.0,12.0,590.0,580.0,600.0,2.18951229263e-14,2.18951229263e-14
18.0,0.0,12.0,610.0,600.0,620.0,1.53782881886e-14,1.53782881886e-14
18.0,0.0,12.0,630.0,620.0,640.0,1.83631190865e-14,1.83631190865e-14
18.0,0.0,12.0,650.0,640.0,660.0,2.06428821331e-14,2.06428821331e-14
18.0,0.0,12.0,670.0,660.0,680.0,2.19684442753e-14,2.19684442753e-14
18.0,0.0,12.0,690.0,680.0,700.0,2.10755281888e-14,2.10755281888e-14
18.0,0.0,12.0,710.0,700.0,720.0,1.88996486241e-14,1.88996486241e-14
18.0,0.0,12.0,730.0,720.0,740.0,1.62595150495e-14,1.62595150495e-14
18.0,0.0,12.0,750.0,740.0,760.0,1.31136586463e-14,1.31136586463e-14
18.0,0.0,12.0,770.0,760.0,780.0,1.10873011959e-14,1.10873011959e-14
18.0,0.0,20.0,390.0,380.0,400.0,3.27318089443e-13,3.27318089443e-13
18.0,0.0,20.0,410.0,400.0,420.0,4.18680237099e-13,4.18680237099e-13
18.0,0.0,20.0,430.0,420.0,440.0,3.19620176981e-13,3.19620176981e-13
18.0,0.0,20.0,450.0,440.0,460.0,2.88475922295e-13,2.88475922295e-13
18.0,0.0,20.0,470.0,460.0,480.0,2.17932339551e-13,2.17932339551e-13
18.0,0.0,20.0,490.0,480.0,500.0,1.45011921029e-13,1.45011921029e-13
18.0,0.0,20.0,510.0,500.0,520.0,8.55070047448e-14,8.55070047448e-14
18.0,0.0,20.0,530.0,520.0,540.0,4.60578586871e-14,4.60578586871e-14
18.0,0.0,20.0,550.0,540.0,560.0,2.82445626984e-14,2.82445626984e-14
18.0,0.0,20.0,570.0,560.0,580.0,1.41193371046e-14,1.41193371046e-14
18.0,0.0,20.0,590.0,580.0,600.0,1.17858530409e-14,1.17858530409e-14
18.0,0.0,20.0,610.0,600.0,620.0,8.09637857533e-15,8.09637857533e-15
18.0,0.0,20.0,630.0,620.0,640.0,9.40809429286e-15,9.40809429286e-15
18.0,0.0,20.0,650.0,640.0,660.0,1.03069520177e-14,1.03069520177e-14
18.0,0.0,20.0,670.0,660.0,680.0,1.07153666973e-14,1.07153666973e-14
18.0,0.0,20.0,690.0,680.0,700.0,1.00666257097e-14,1.00666257097e-14
18.0,0.0,20.0,710.0,700.0,720.0,8.86074162653e-15,8.86074162653e-15
18.0,0.0,20.0,730.0,720.0,740.0,7.49987728294e-15,7.49987728294e-15
18.0,0.0,20.0,750.0,740.0,760.0,5.96844646347e-15,5.96844646347e-15
18.0,0.0,20.0,770.0,760.0,780.0,4.9818032648e-15,4.9818032648e-15
18.0,0.0,30.0,390.0,380.0,400.0,2.34713740107e-13,2.34713740107e-13
18.0,0.0,30.0,410.0,400.0,420.0,2.85666787199e-13,2.85666787199e-13
18.0,0.0,30.0,430.0,420.0,440.0,2.09216861985e-13,2.09216861985e-13
18.0,0.0,30.0,450.0,440.0,460.0,1.82324853234e-13,1.82324853234e-13
18.0,0.0,30.0,470.0,460.0,480.0,1.33703159581e-13,1.33703159581e-13
18.0,0.0,30.0,490.0,480.0,500.0,8.67277743936e-14,8.67277743936e-14
18.0,0.0,30.0,510.0,500.0,520.0,5.00323044386e-14,5.00323044386e-14
18.0,0.0,30.0,530.0,520.0,540.0,2.64473397498e-14,2.64473397498e-14
18.0,0.0,30.0,550.0,540.0,560.0,1.59505549326e-14,1.59505549326e-14
18.0,0.0,30.0,570.0,560.0,580.0,7.86081345638e-15,7.86081345638e-15
18.0,0.0,30.0,590.0,580.0,600.0,6.47383103372e-15,6.47383103372e-15
18.0,0.0,30.0,610.0,600.0,620.0,4.39589389814e-15,4.39589389814e-15
18.0,0.0,30.0,630.0,620.0,640.0,5.05083323185e-15,5.05083323185e-15
18.0,0.0,30.0,650.0,640.0,660.0,5.47798698761e-15,5.47798698761e-15
18.0,0.0,30.0,670.0,660.0,680.0,5.64461184291e-15,5.64461184291e-15
18.0,0.0,30.0,690.0,680.0,700.0,5.26140750971e-15,5.26140750971e-15
18.0,0.0,30.0,710.0,700.0,720.0,4.59917867133e-15,4.59917867133e-15
18.0,0.0,30.0,730.0,720.0,740.0,3.86917286212e-15,3.86917286212e-15
18.0,0.0,30.0,750.0,740.0,760.0,3.0629206861e-15,3.0629206861e-15
18.0,0.0,30.0,770.0,760.0,780.0,2.54432816834e-15,2.54432816834e-15
18.0,0.0,45.0,390.0,380.0,400.0,1.61743389989e-13,1.61743389989e-13
18.0,0.0,45.0,410.0,400.0,420.0,1.90869369947e-13,1.90869369947e-13
18.0,0.0,45.0,430.0,420.0,440.0,1.36331039885e-13,1.36331039885e-13
18.0,0.0,45.0,450.0,440.0,460.0,1.16380885697e-13,1.16380885697e-13
18.0,0.0,45.0,470.0,460.0,480.0,8.39059496939e-14,8.39059496939e-14
18.0,0.0,45.0,490.0,480.0,500.0,5.36620842265e-14,5.36620842265e-14
18.0,0.0,45.0,510.0,500.0,520.0,3.05956876323e-14,3.05956876323e-14
18.0,0.0,45.0,530.0,520.0,540.0,1.60171223186e-14,1.60171223186e-14
18.0,0.0,45.0,550.0,540.0,560.0,9.57976989578e-15,9.57976989578e-15
18.0,0.0,45.0,570.0,560.0,580.0,4.68962708729e-15,4.68962708729e-15
18.0,0.0,45.0,590.0,580.0,600.0,3.8373101337e-15,3.8373101337e-15
18.0,0.0,45.0,610.0,600.0,620.0,2.59210335077e-15,2.59210335077e-15
18.0,0.0,45.0,630.0,620.0,640.0,2.96263090062e-15,2.96263090062e-15
18.0,0.0,45.0,650.0,640.0,660.0,3.1986807815e-15,3.1986807815e-15
18.0,0.0,45.0,670.0,660.0,680.0,3.28353409384e-15,3.28353409384e-15
18.0,0.0,45.0,690.0,680.0,700.0,3.05106100356e-15,3.05106100356e-15
18.0,0.0,45.0,710.0,700.0,720.0,2.66020720794e-15,2.66020720794e-15
18.0,0.0,45.0,730.0,720.0,740.0,2.23334663276e-15,2.23334663276e-15
18.0,0.0,45.0,750.0,740.0,760.0,1.76520097244e-15,1.76520097244e-15
18.0,0.0,45.0,770.0,760.0,780.0,1.46434136368e-15,1.46434136368e-15
18.0,0.0,60.0,390.0,380.0,400.0,1.16349679672e-13,1.16349679672e-13
18.0,0.0,60.0,410.0,400.0,420.0,1.33901115527e-13,1.33901115527e-13
18.0,0.0,60.0,430.0,420.0,440.0,9.36593271595e-14,9.36593271595e-14
18.0,0.0,60.0,450.0,440.0,460.0,7.85563924496e-14,7.85563924496e-14
18.0,0.0,60.0,470.0,460.0,480.0,5.58123253985e-14,5.58123253985e-14
18.0,0.0,60.0,490.0,480.0,500.0,3.52615113567e-14,3.52615113567e-14
18.0,0.0,60.0,510.0,500.0,520.0,1.99020576715e-14,1.99020576715e-14
18.0,0.0,60.0,530.0,520.0,540.0,1.03328442485e-14,1.03328442485e-14
18.0,0.0,60.0,550.0,540.0,560.0,6.13742061756e-15,6.13742061756e-15
18.0,0.0,60.0,570.0,560.0,580.0,2.98809211623e-15,2.98809211623e-15
18.0,0.0,60.0,590.0,580.0,600.0,2.43309165661e-15,2.43309165661e-15
18.0,0.0,60.0,610.0,600.0,620.0,1.63730535793e-15,1.63730535793e-15
18.0,0.0,60.0,630.0,620.0,640.0,1.86481402669e-15,1.86481402669e-15
18.0,0.0,60.0,650.0,640.0,660.0,2.00775905529e-15,2.00775905529e-15
18.0,0.0,60.0,670.0,660.0,680.0,2.05657451224e-15,2.05657451224e-15
18.0,0.0,60.0,690.0,680.0,700.0,1.907933645e-15,1.907933645e-15
18.0,0.0,60.0,710.0,700.0,720.0,1.66169644352e-15,1.66169644352e-15
18.0,0.0,60.0,730.0,720.0,740.0,1.39413712922e-15,1.39413712922e-15
18.0,0.0,60.0,750.0,740.0,760.0,1.10163137724e-15,1.10163137724e-15
18.0,0.0,60.0,770.0,760.0,780.0,9.13873518148e-16,9.13873518148e-16
18.0,0.0,90.0,390.0,380.0,400.0,7.28535178361e-14,7.28535178361e-14
18.0,0.0,90.0,410.0,400.0,420.0,7.98744829935e-14,7.98744829935e-14
18.0,0.0,90.0,430.0,420.0,440.0,5.3450226122e-14,5.3450226122e-14
18.0,0.0,90.0,450.0,440.0,460.0,4.30434740689e-14,4.30434740689e-14
18.0,0.0,90.0,470.0,460.0,480.0,2.94896648661e-14,2.94896648661e-14
18.0,0.0,90.0,490.0,480.0,500.0,1.80355796669e-14,1.80355796669e-14
18.0,0.0,90.0,510.0,500.0,520.0,9.88991714271e-15,9.88991714271e-15
18.0,0.0,90.0,530.0,520.0,540.0,5.00617312481e-15,5.00617312481e-15
18.0,0.0,90.0,550.0,540.0,560.0,2.90864434981e-15,2.90864434981e-15
18.0,0.0,90.0,570.0,560.0,580.0,1.38965712572e-15,1.38965712572e-15
18.0,0.0,90.0,590.0,580.0,600.0,1.11273944209e-15,1.11273944209e-15
18.0,0.0,90.0,610.0,600.0,620.0,7.3820492532e-16,7.3820492532e-16
18.0,0.0,90.0,630.0,620.0,640.0,8.30253008406e-16,8.30253008406e-16
18.0,0.0,90.0,650.0,640.0,660.0,8.84304125037e-16,8.84304125037e-16
18.0,0.0,90.0,670.0,660.0,680.0,8.97521497471e-16,8.97521497471e-16
18.0,0.0,90.0,690.0,680.0,700.0,8.2625961203e-16,8.2625961203e-16
18.0,0.0,90.0,710.0,700.0,720.0,7.15049636818e-16,7.15049636818e-16
18.0,0.0,90.0,730.0,720.0,740.0,5.9682610024e-16,5.9682610024e-16
18.0,0.0,90.0,750.0,740.0,760.0,4.69697321516e-16,4.69697321516e-16
18.0,0.0,90.0,770.0,760.0,780.0,3.88456110425e-16,3.88456110425e-16
18.0,90.0,0.0,390.0,380.0,400.0,9.31993506843e-14,9.31993506843e-14
18.0,90.0,0.0,410.0,400.0,420.0,1.18725161731e-13,1.18725161731e-13
18.0,90.0,0.0,430.0,420.0,440.0,9.1445581087e-14,9.1445581087e-14
18.0,90.0,0.0,450.0,440.0,460.0,8.39292168072e-14,8.39292168072e-14
18.0,90.0,0.0,470.0,460.0,480.0,6.50856487544e-14,6.50856487544e-14
18.0,90.0,0.0,490.0,480.0,500.0,4.47786047822e-14,4.47786047822e-14
18.0,90.0,0.0,510.0,500.0,520.0,2.74834650396e-14,2.74834650396e-14
18.0,90.0,0.0,530.0,520.0,540.0,1.55083372374e-14,1.55083372374e-14
18.0,90.0,0.0,550.0,540.0,560.0,1.00011140482e-14,1.00011140482e-14
18.0,90.0,0.0,570.0,560.0,580.0,5.29347122764e-15,5.29347122764e-15
18.0,90.0,0.0,590.0,580.0,600.0,4.672820012e-15,4.672820012e-15
18.0,90.0,0.0,610.0,600.0,620.0,3.41475946954e-15,3.41475946954e-15
18.0,90.0,0.0,630.0,620.0,640.0,4.21689392067e-15,4.21689392067e-15
18.0,90.0,0.0,650.0,640.0,660.0,4.92608144258e-15,4.92608144258e-15
18.0,90.0,0.0,670.0,660.0,680.0,5.47839126776e-15,5.47839126776e-15
18.0,90.0,0.0,690.0,680.0,700.0,5.52141100623e-15,5.52141100623e-15
18.0,90.0,0.0,710.0,700.0,720.0,5.22650700397e-15,5.22650700397e-15
18.0,90.0,0.0,730.0,720.0,740.0,4.7672781719e-15,4.7672781719e-15
18.0,90.0,0.0,750.0,740.0,760.0,4.09665017656e-15,4.09665017656e-15
18.0,90.0,0.0,770.0,760.0,780.0,3.69335742159e-15,3.69335742159e-15
18.0,90.0,0.5,390.0,380.0,400.0,9.46245054876e-14,9.46245054876e-14
18.0,90.0,0.5,410.0,400.0,420.0,1.20821108027e-13,1.20821108027e-13
18.0,90.0,0.5,430.0,420.0,440.0,9.32986258843e-14,9.32986258843e-14
18.0,90.0,0.5,450.0,440.0,460.0,8.58695753833e-14,8.58695753833e-14
18.0,90.0,0.5,470.0,460.0,480.0,6.67861904346e-14,6.67861904346e-14
18.0,90.0,0.5,490.0,480.0,500.0,4.60884311026e-14,4.60884311026e-14
18.0,90.0,0.5,510.0,500.0,520.0,2.83741917328e-14,2.83741917328e-14
18.0,90.0,0.5,530.0,520.0,540.0,1.60590121702e-14,1.60590121702e-14
18.0,90.0,0.5,550.0,540.0,560.0,1.03872298453e-14,1.03872298453e-14
18.0,90.0,0.5,570.0,560.0,580.0,5.51268774184e-15,5.51268774184e-15
18.0,90.0,0.5,590.0,580.0,600.0,4.88038164618e-15,4.88038164618e-15
18.0,90.0,0.5,610.0,600.0,620.0,3.57524095471e-15,3.57524095471e-15
18.0,90.0,0.5,630.0,620.0,640.0,4.42674313655e-15,4.42674313655e-15
18.0,90.0,0.5,650.0,640.0,660.0,5.18280869866e-15,5.18280869866e-15
18.0,90.0,0.5,670.0,660.0,680.0,5.77337566022e-15,5.77337566022e-15
18.0,90.0,0.5,690.0,680.0,700.0,5.82386462451e-15,5.82386462451e-15
18.0,90.0,0.5,710.0,700.0,720.0,5.51280511318e-15,5.51280511318e-15
18.0,90.0,0.5,730.0,720.0,740.0,5.0233618189e-15,5.0233618189e-15
18.0,90.0,0.5,750.0,740.0,760.0,4.30736781672e-15,4.30736781672e-15
18.0,90.0,0.5,770.0,760.0,780.0,3.87125330014e-15,3.87125330014e-15
18.0,90.0,1.0,390.0,380.0,400.0,1.02678150206e-13,1.02678150206e-13
18.0,90.0,1.0,410.0,400.0,420.0,1.32466649712e-13,1.32466649712e-13
18.0,90.0,1.0,430.0,420.0,440.0,1.03214373692e-13,1.03214373692e-13
18.0,90.0,1.0,450.0,440.0,460.0,9.57358868756e-14,9.57358868756e-14
18.0,90.0,1.0,470.0,460.0,480.0,7.49231360616e-14,7.49231360616e-14
18.0,90.0,1.0,490.0,480.0,500.0,5.19523791893e-14,5.19523791893e-14
18.0,90.0,1.0,510.0,500.0,520.0,3.20950651889e-14,3.20950651889e-14
18.0,90.0,1.0,530.0,520.0,540.0,1.82036168793e-14,1.82036168793e-14
18.0,90.0,1.0,550.0,540.0,560.0,1.17854423347e-14,1.17854423347e-14
18.0,90.0,1.0,570.0,560.0,580.0,6.25211062642e-15,6.25211062642e-15
18.0,90.0,1.0,590.0,580.0,600.0,5.52902435501e-15,5.52902435501e-15
18.0,90.0,1.0,610.0,600.0,620.0,4.04105536034e-15,4.04105536034e-15
18.0,90.0,1.0,630.0,620.0,640.0,4.9892647459e-15,4.9892647459e-15
18.0,90.0,1.0,650.0,640.0,660.0,5.81920961353e-15,5.81920961353e-15
18.0,90.0,1.0,670.0,660.0,680.0,6.45127855377e-15,6.45127855377e-15
18.0,90.0,1.0,690.0,680.0,700.0,6.47006260371e-15,6.47006260371e-15
18.0,90.0,1.0,710.0,700.0,720.0,6.08317021659e-15,6.08317021659e-15
18.0,90.0,1.0,730.0,720.0,740.0,5.50061486249e-15,5.50061486249e-15
18.0,90.0,1.0,750.0,740.0,760.0,4.67624702246e-15,4.67624702246e-15
18.0,90.0,1.0,770.0,760.0,780.0,4.16435223863e-15,4.16435223863e-15
18.0,90.0,2.0,390.0,380.0,400.0,1.11358901011e-13,1.11358901011e-13
18.0,90.0,2.0,410.0,400.0,420.0,1.44628477839e-13,1.44628477839e-13
18.0,90.0,2.0,430.0,420.0,440.0,1.13337391113e-13,1.13337391113e-13
18.0,90.0,2.0,450.0,440.0,460.0,1.0564359267e-13,1.0564359267e-13
18.0,90.0,2.0,470.0,460.0,480.0,8.29900219171e-14,8.29900219171e-14
18.0,90.0,2.0,490.0,480.0,500.0,5.76968534467e-14,5.76968534467e-14
18.0,90.0,2.0,510.0,500.0,520.0,3.56883891252e-14,3.56883891252e-14
18.0,90.0,2.0,530.0,520.0,540.0,2.02341999966e-14,2.02341999966e-14
18.0,90.0,2.0,550.0,540.0,560.0,1.30775902701e-14,1.30775902701e-14
18.0,90.0,2.0,570.0,560.0,580.0,6.91142747045e-15,6.91142747045e-15
18.0,90.0,2.0,590.0,580.0,600.0,6.08541552539e-15,6.08541552539e-15
18.0,90.0,2.0,610.0,600.0,620.0,4.41924497568e-15,4.41924497568e-15
18.0,90.0,2.0,630.0,620.0,640.0,5.41880831989e-15,5.41880831989e-15
18.0,90.0,2.0,650.0,640.0,660.0,6.2672726446e-15,6.2672726446e-15
18.0,90.0,2.0,670.0,660.0,680.0,6.87911169316e-15,6.87911169316e-15
18.0,90.0,2.0,690.0,680.0,700.0,6.82100843042e-15,6.82100843042e-15
18.0,90.0,2.0,710.0,700.0,720.0,6.33270055704e-15,6.33270055704e-15
18.0,90.0,2.0,730.0,720.0,740.0,5.64857120964e-15,5.64857120964e-15
18.0,90.0,2.0,750.0,740.0,760.0,4.73254112122e-15,4.73254112122e-15
18.0,90.0,2.0,770.0,760.0,780.0,4.15203365639e-15,4.15203365639e-15
18.0,90.0,3.0,390.0,380.0,400.0,1.19912609075e-13,1.19912609075e-13
18.0,90.0,3.0,410.0,400.0,420.0,1.5646387374e-13,1.5646387374e-13
18.0,90.0,3.0,430.0,420.0,440.0,1.23027578403e-13,1.23027578403e-13
18.0,90.0,3.0,450.0,440.0,460.0,1.14920150894e-13,1.14920150894e-13
18.0,90.0,3.0,470.0,460.0,480.0,9.03205218792e-14,9.03205218792e-14
18.0,90.0,3.0,490.0,480.0,500.0,6.27162003247e-14,6.27162003247e-14
18.0,90.0,3.0,510.0,500.0,520.0,3.86745523825e-14,3.86745523825e-14
18.0,90.0,3.0,530.0,520.0,540.0,2.18192591377e-14,2.18192591377e-14
18.0,90.0,3.0,550.0,540.0,560.0,1.40136362776e-14,1.40136362776e-14
18.0,90.0,3.0,570.0,560.0,580.0,7.34662785342e-15,7.34662785342e-15
18.0,90.0,3.0,590.0,580.0,600.0,6.414577661e-15,6.414577661e-15
18.0,90.0,3.0,610.0,600.0,620.0,4.61300523389e-15,4.61300523389e-15
18.0,90.0,3.0,630.0,620.0,640.0,5.60107577034e-15,5.60107577034e-15
18.0,90.0,3.0,650.0,640.0,660.0,6.4098491926e-15,6.4098491926e-15
18.0,90.0,3.0,670.0,660.0,680.0,6.95698314059e-15,6.95698314059e-15
18.0,90.0,3.0,690.0,680.0,700.0,6.81798099793e-15,6.81798099793e-15
18.0,90.0,3.0,710.0,700.0,720.0,6.25449776668e-15,6.25449776668e-15
18.0,90.0,3.0,730.0,720.0,740.0,5.51164416491e-15,5.51164416491e-15
18.0,90.0,3.0,750.0,740.0,760.0,4.56201131381e-15,4.56201131381e-15
18.0,90.0,3.0,770.0,760.0,780.0,3.95503728279e-15,3.95503728279e-15
18.0,90.0,5.0,390.0,380.0,400.0,1.35348650705e-13,1.35348650705e-13
18.0,90.0,5.0,410.0,400.0,420.0,1.76853170334e-13,1.76853170334e-13
18.0,90.0,5.0,430.0,420.0,440.0,1.38755341978e-13,1.38755341978e-13
18.0,90.0,5.0,450.0,440.0,460.0,1.28915199963e-13,1.28915199963e-13
18.0,90.0,5.0,470.0,460.0,480.0,1.00446645842e-13,1.00446645842e-13
18.0,90.0,5.0,490.0,480.0,500.0,6.89549649535e-14,6.89549649535e-14
18.0,90.0,5.0,510.0,500.0,520.0,4.19379916225e-14,4.19379916225e-14
18.0,90.0,5.0,530.0,520.0,540.0,2.32901878249e-14,2.32901878249e-14
18.0,90.0,5.0,550.0,540.0,560.0,1.47106462249e-14,1.47106462249e-14
18.0,90.0,5.0,570.0,560.0,580.0,7.57486458409e-15,7.57486458409e-15
18.0,90.0,5.0,590.0,580.0,600.0,6.49915909258e-15,6.49915909258e-15
18.0,90.0,5.0,610.0,600.0,620.0,4.58977178711e-15,4.58977178711e-15
18.0,90.0,5.0,630.0,620.0,640.0,5.47569160913e-15,5.47569160913e-15
18.0,90.0,5.0,650.0,640.0,660.0,6.15671830245e-15,6.15671830245e-15
18.0,90.0,5.0,670.0,660.0,680.0,6.56588671316e-15,6.56588671316e-15
18.0,90.0,5.0,690.0,680.0,700.0,6.32431918325e-15,6.32431918325e-15
18.0,90.0,5.0,710.0,700.0,720.0,5.70440350808e-15,5.70440350808e-15
18.0,90.0,5.0,730.0,720.0,740.0,4.94510828795e-15,4.94510828795e-15
18.0,90.0,5.0,750.0,740.0,760.0,4.02872558469e-15,4.02872558469e-15
18.0,90.0,5.0,770.0,760.0,780.0,3.44014277243e-15,3.44014277243e-15
18.0,90.0,8.0,390.0,380.0,400.0,1.51380876114e-13,1.51380876114e-13
18.0,90.0,8.0,410.0,400.0,420.0,1.95176896777e-13,1.95176896777e-13
18.0,90.0,8.0,430.0,420.0,440.0,1.5058060725e-13,1.5058060725e-13
18.0,90.0,8.0,450.0,440.0,460.0,1.37292569116e-13,1.37292569116e-13
18.0,90.0,8.0,470.0,460.0,480.0,1.04830665481e-13,1.04830665481e-13
18.0,90.0,8.0,490.0,480.0,500.0,7.04794764298e-14,7.04794764298e-14
18.0,90.0,8.0,510.0,500.0,520.0,4.19760665549e-14,4.19760665549e-14
18.0,90.0,8.0,530.0,520.0,540.0,2.28343281574e-14,2.28343281574e-14
18.0,90.0,8.0,550.0,540.0,560.0,1.41382195054e-14,1.41382195054e-14
18.0,90.0,8.0,570.0,560.0,580.0,7.14078334379e-15,7.14078334379e-15
18.0,90.0,8.0,590.0,580.0,600.0,6.01590512875e-15,6.01590512875e-15
18.0,90.0,8.0,610.0,600.0,620.0,4.17447461865e-15,4.17447461865e-15
18.0,90.0,8.0,630.0,620.0,640.0,4.89704843045e-15,4.89704843045e-15
18.0,90.0,8.0,650.0,640.0,660.0,5.41788916355e-15,5.41788916355e-15
18.0,90.0,8.0,670.0,660.0,680.0,5.68973463976e-15,5.68973463976e-15
18.0,90.0,8.0,690.0,680.0,700.0,5.4010242579e-15,5.4010242579e-15
18.0,90.0,8.0,710.0,700.0,720.0,4.80487136941e-15,4.80487136941e-15
18.0,90.0,8.0,730.0,720.0,740.0,4.11147110525e-15,4.11147110525e-15
18.0,90.0,8.0,750.0,740.0,760.0,3.30888001488e-15,3.30888001488e-15
18.0,90.0,8.0,770.0,760.0,780.0,2.79300091204e-15,2.79300091204e-15
18.0,90.0,12.0,390.0,380.0,400.0,1.59405636132e-13,1.59405636132e-13
18.0,90.0,12.0,410.0,400.0,420.0,2.005338122e-13,2.005338122e-13
18.0,90.0,12.0,430.0,420.0,440.0,1.51005686752e-13,1.51005686752e-13
18.0,90.0,12.0,450.0,440.0,460.0,1.34546248949e-13,1.34546248949e-13
18.0,90.0,12.0,470.0,460.0,480.0,1.00530201632e-13,1.00530201632e-13
18.0,90.0,12.0,490.0,480.0,500.0,6.62392999253e-14,6.62392999253e-14
18.0,90.0,12.0,510.0,500.0,520.0,3.87231612579e-14,3.87231612579e-14
18.0,90.0,12.0,530.0,520.0,540.0,2.07075652339e-14,2.07075652339e-14
18.0,90.0,12.0,550.0,540.0,560.0,1.26206702945e-14,1.26206702945e-14
18.0,90.0,12.0,570.0,560.0,580.0,6.28253865776e-15,6.28253865776e-15
18.0,90.0,12.0,590.0,580.0,600.0,5.22125357194e-15,5.22125357194e-15
18.0,90.0,12.0,610.0,600.0,620.0,3.57772623873e-15,3.57772623873e-15
18.0,90.0,12.0,630.0,620.0,640.0,4.14638458968e-15,4.14638458968e-15
18.0,90.0,12.0,650.0,640.0,660.0,4.53555580945e-15,4.53555580945e-15
18.0,90.0,12.0,670.0,660.0,680.0,4.71306701512e-15,4.71306701512e-15
18.0,90.0,12.0,690.0,680.0,700.0,4.43022514884e-15,4.43022514884e-15
18.0,90.0,12.0,710.0,700.0,720.0,3.9054568932e-15,3.9054568932e-15
18.0,90.0,12.0,730.0,720.0,740.0,3.31366962223e-15,3.31366962223e-15
18.0,90.0,12.0,750.0,740.0,760.0,2.64601249483e-15,2.64601249483e-15
18.0,90.0,12.0,770.0,760.0,780.0,2.21704249775e-15,2.21704249775e-15
18.0,90.0,20.0,390.0,380.0,400.0,1.52215673873e-13,1.52215673873e-13
18.0,90.0,20.0,410.0,400.0,420.0,1.84586248219e-13,1.84586248219e-13
18.0,90.0,20.0,430.0,420.0,440.0,1.34594114193e-13,1.34594114193e-13
18.0,90.0,20.0,450.0,440.0,460.0,1.16617865901e-13,1.16617865901e-13
18.0,90.0,20.0,470.0,460.0,480.0,8.50273564844e-14,8.50273564844e-14
18.0,90.0,20.0,490.0,480.0,500.0,5.48337179618e-14,5.48337179618e-14
18.0,90.0,20.0,510.0,500.0,520.0,3.14554263344e-14,3.14554263344e-14
18.0,90.0,20.0,530.0,520.0,540.0,1.65429292901e-14,1.65429292901e-14
18.0,90.0,20.0,550.0,540.0,560.0,9.931964771e-15,9.931964771e-15
18.0,90.0,20.0,570.0,560.0,580.0,4.87833105934e-15,4.87833105934e-15
18.0,90.0,20.0,590.0,580.0,600.0,4.00346768438e-15,4.00346768438e-15
18.0,90.0,20.0,610.0,600.0,620.0,2.712242194e-15,2.712242194e-15
18.0,90.0,20.0,630.0,620.0,640.0,3.10881950831e-15,3.10881950831e-15
18.0,90.0,20.0,650.0,640.0,660.0,3.36612125957e-15,3.36612125957e-15
18.0,90.0,20.0,670.0,660.0,680.0,3.46533525872e-15,3.46533525872e-15
18.0,90.0,20.0,690.0,680.0,700.0,3.22955660476e-15,3.22955660476e-15
18.0,90.0,20.0,710.0,700.0,720.0,2.82462762711e-15,2.82462762711e-15
18.0,90.0,20.0,730.0,720.0,740.0,2.3792442991e-15,2.3792442991e-15
18.0,90.0,20.0,750.0,740.0,760.0,1.88722386144e-15,1.88722386144e-15
18.0,90.0,20.0,770.0,760.0,780.0,1.5713364446e-15,1.5713364446e-15
18.0,90.0,30.0,390.0,380.0,400.0,1.33133961114e-13,1.33133961114e-13
18.0,90.0,30.0,410.0,400.0,420.0,1.57200590312e-13,1.57200590312e-13
18.0,90.0,30.0,430.0,420.0,440.0,1.12127564437e-13,1.12127564437e-13
18.0,90.0,30.0,450.0,440.0,460.0,9.53911799705e-14,9.53911799705e-14
18.0,90.0,30.0,470.0,460.0,480.0,6.84876153656e-14,6.84876153656e-14
18.0,90.0,30.0,490.0,480.0,500.0,4.35926738075e-14,4.35926738075e-14
18.0,90.0,30.0,510.0,500.0,520.0,2.47281687795e-14,2.47281687795e-14
18.0,90.0,30.0,530.0,520.0,540.0,1.28798329803e-14,1.28798329803e-14
18.0,90.0,30.0,550.0,540.0,560.0,7.66656977156e-15,7.66656977156e-15
18.0,90.0,30.0,570.0,560.0,580.0,3.73743766059e-15,3.73743766059e-15
18.0,90.0,30.0,590.0,580.0,600.0,3.04560351084e-15,3.04560351084e-15
18.0,90.0,30.0,610.0,600.0,620.0,2.05039726965e-15,2.05039726965e-15
18.0,90.0,30.0,630.0,620.0,640.0,2.33594189446e-15,2.33594189446e-15
18.0,90.0,30.0,650.0,640.0,660.0,2.51524907474e-15,2.51524907474e-15
18.0,90.0,30.0,670.0,660.0,680.0,2.57633313175e-15,2.57633313175e-15
18.0,90.0,30.0,690.0,680.0,700.0,2.39000926746e-15,2.39000926746e-15
18.0,90.0,30.0,710.0,700.0,720.0,2.08155399017e-15,2.08155399017e-15
18.0,90.0,30.0,730.0,720.0,740.0,1.74657162761e-15,1.74657162761e-15
18.0,90.0,30.0,750.0,740.0,760.0,1.38050023252e-15,1.38050023252e-15
18.0,90.0,30.0,770.0,760.0,780.0,1.14561287899e-15,1.14561287899e-15
18.0,90.0,45.0,390.0,380.0,400.0,9.03685530673e-14,9.03685530673e-14
18.0,90.0,45.0,410.0,400.0,420.0,1.00646102988e-13,1.00646102988e-13
18.0,90.0,45.0,430.0,420.0,440.0,6.81859101152e-14,6.81859101152e-14
18.0,90.0,45.0,450.0,440.0,460.0,5.54336296806e-14,5.54336296806e-14
18.0,90.0,45.0,470.0,460.0,480.0,3.82611041362e-14,3.82611041362e-14
18.0,90.0,45.0,490.0,480.0,500.0,2.35339246567e-14,2.35339246567e-14
18.0,90.0,45.0,510.0,500.0,520.0,1.29604286107e-14,1.29604286107e-14
18.0,90.0,45.0,530.0,520.0,540.0,6.58124580109e-15,6.58124580109e-15
18.0,90.0,45.0,550.0,540.0,560.0,3.8332335206e-15,3.8332335206e-15
18.0,90.0,45.0,570.0,560.0,580.0,1.83464257644e-15,1.83464257644e-15
18.0,90.0,45.0,590.0,580.0,600.0,1.47110737518e-15,1.47110737518e-15
18.0,90.0,45.0,610.0,600.0,620.0,9.76820381498e-16,9.76820381498e-16
18.0,90.0,45.0,630.0,620.0,640.0,1.09935393297e-15,1.09935393297e-15
18.0,90.0,45.0,650.0,640.0,660.0,1.17129028271e-15,1.17129028271e-15
18.0,90.0,45.0,670.0,660.0,680.0,1.18881079832e-15,1.18881079832e-15
18.0,90.0,45.0,690.0,680.0,700.0,1.0942064109e-15,1.0942064109e-15
18.0,90.0,45.0,710.0,700.0,720.0,9.46616883403e-16,9.46616883403e-16
18.0,90.0,45.0,730.0,720.0,740.0,7.89783653257e-16,7.89783653257e-16
18.0,90.0,45.0,750.0,740.0,760.0,6.21276677259e-16,6.21276677259e-16
18.0,90.0,45.0,770.0,760.0,780.0,5.13620958946e-16,5.13620958946e-16
18.0,90.0,60.0,390.0,380.0,400.0,9.37224483606e-14,9.37224483606e-14
18.0,90.0,60.0,410.0,400.0,420.0,1.0663192757e-13,1.0663192757e-13
18.0,90.0,60.0,430.0,420.0,440.0,7.37970118597e-14,7.37970118597e-14
18.0,90.0,60.0,450.0,440.0,460.0,6.12560485977e-14,6.12560485977e-14
18.0,90.0,60.0,470.0,460.0,480.0,4.30977755602e-14,4.30977755602e-14
18.0,90.0,60.0,490.0,480.0,500.0,2.6975492127e-14,2.6975492127e-14
18.0,90.0,60.0,510.0,500.0,520.0,1.50901743978e-14,1.50901743978e-14
18.0,90.0,60.0,530.0,520.0,540.0,7.76900429291e-15,7.76900429291e-15
18.0,90.0,60.0,550.0,540.0,560.0,4.57849232733e-15,4.57849232733e-15
18.0,90.0,60.0,570.0,560.0,580.0,2.21336119883e-15,2.21336119883e-15
18.0,90.0,60.0,590.0,580.0,600.0,1.79003382048e-15,1.79003382048e-15
18.0,90.0,60.0,610.0,600.0,620.0,1.19736836097e-15,1.19736836097e-15
18.0,90.0,60.0,630.0,620.0,640.0,1.35601397895e-15,1.35601397895e-15
18.0,90.0,60.0,650.0,640.0,660.0,1.4525677366e-15,1.4525677366e-15
18.0,90.0,60.0,670.0,660.0,680.0,1.481225721e-15,1.481225721e-15
18.0,90.0,60.0,690.0,680.0,700.0,1.36882163804e-15,1.36882163804e-15
18.0,90.0,60.0,710.0,700.0,720.0,1.1881937224e-15,1.1881937224e-15
18.0,90.0,60.0,730.0,720.0,740.0,9.94101138906e-16,9.94101138906e-16
18.0,90.0,60.0,750.0,740.0,760.0,7.83786692526e-16,7.83786692526e-16
18.0,90.0,60.0,770.0,760.0,780.0,6.48983396753e-16,6.48983396753e-16
18.0,90.0,90.0,390.0,380.0,400.0,7.28535178361e-14,7.28535178361e-14
18.0,90.0,90.0,410.0,400.0,420.0,7.98744829935e-14,7.98744829935e-14
18.0,90.0,90.0,430.0,420.0,440.0,5.3450226122e-14,5.3450226122e-14
18.0,90.0,90.0,450.0,440.0,460.0,4.30434740689e-14,4.30434740689e-14
18.0,90.0,90.0,470.0,460.0,480.0,2.94896648661e-14,2.94896648661e-14
18.0,90.0,90.0,490.0,480.0,500.0,1.80355796669e-14,1.80355796669e-14
18.0,90.0,90.0,510.0,500.0,520.0,9.88991714271e-15,9.88991714271e-15
18.0,90.0,90.0,530.0,520.0,540.0,5.00617312481e-15,5.00617312481e-15
18.0,90.0,90.0,550.0,540.0,560.0,2.90864434981e-15,2.90864434981e-15
18.0,90.0,90.0,570.0,560.0,580.0,1.38965712572e-15,1.38965712572e-15
18.0,90.0,90.0,590.0,580.0,600.0,1.11273944209e-15,1.11273944209e-15
18.0,90.0,90.0,610.0,600.0,620.0,7.3820492532e-16,7.3820492532e-16
18.0,90.0,90.0,630.0,620.0,640.0,8.30253008406e-16,8.30253008406e-16
18.0,90.0,90.0,650.0,640.0,660.0,8.84304125037e-16,8.84304125037e-16
18.0,90.0,90.0,670.0,660.0,680.0,8.97521497471e-16,8.97521497471e-16
18.0,90.0,90.0,690.0,680.0,700.0,8.2625961203e-16,8.2625961203e-16
18.0,90.0,90.0,710.0,700.0,720.0,7.15049636818e-16,7.15049636818e-16
18.0,90.0,90.0,730.0,720.0,740.0,5.9682610024e-16,5.9682610024e-16
18.0,90.0,90.0,750.0,740.0,760.0,4.69697321516e-16,4.69697321516e-16
18.0,90.0,90.0,770.0,760.0,780.0,3.88456110425e-16,3.88456110425e-16
18.0,180.0,0.0,390.0,380.0,400.0,3.12069647902e-14,3.12069647902e-14
18.0,180.0,0.0,410.0,400.0,420.0,3.63218523585e-14,3.63218523585e-14
18.0,180.0,0.0,430.0,420.0,440.0,2.55459691826e-14,2.55459691826e-14
18.0,180.0,0.0,450.0,440.0,460.0,2.1261065757e-14,2.1261065757e-14
18.0,180.0,0.0,470.0,460.0,480.0,1.49438349008e-14,1.49438349008e-14
18.0,180.0,0.0,490.0,480.0,500.0,9.28689739767e-15,9.28689739767e-15
18.0,180.0,0.0,510.0,500.0,520.0,5.12323823864e-15,5.12323823864e-15
18.0,180.0,0.0,530.0,520.0,540.0,2.58584244286e-15,2.58584244286e-15
18.0,180.0,0.0,550.0,540.0,560.0,1.49580429005e-15,1.49580429005e-15
18.0,180.0,0.0,570.0,560.0,580.0,7.08779558736e-16,7.08779558736e-16
18.0,180.0,0.0,590.0,580.0,600.0,5.6464917394e-16,5.6464917394e-16
18.0,180.0,0.0,610.0,600.0,620.0,3.72261661248e-16,3.72261661248e-16
18.0,180.0,0.0,630.0,620.0,640.0,4.20616837036e-16,4.20616837036e-16
18.0,180.0,0.0,650.0,640.0,660.0,4.50273567863e-16,4.50273567863e-16
18.0,180.0,0.0,670.0,660.0,680.0,4.57766819564e-16,4.57766819564e-16
18.0,180.0,0.0,690.0,680.0,700.0,4.21044909156e-16,4.21044909156e-16
18.0,180.0,0.0,710.0,700.0,720.0,3.63178539493e-16,3.63178539493e-16
18.0,180.0,0.0,730.0,720.0,740.0,3.01485272934e-16,3.01485272934e-16
18.0,180.0,0.0,750.0,740.0,760.0,2.35331376933e-16,2.35331376933e-16
18.0,180.0,0.0,770.0,760.0,780.0,1.93154801918e-16,1.93154801918e-16
18.0,180.0,0.5,390.0,380.0,400.0,5.41701738385e-14,5.41701738385e-14
18.0,180.0,0.5,410.0,400.0,420.0,6.40619570468e-14,6.40619570468e-14
18.0,180.0,0.5,430.0,420.0,440.0,4.56970071101e-14,4.56970071101e-14
18.0,180.0,0.5,450.0,440.0,460.0,3.86684027232e-14,3.86684027232e-14
18.0,180.0,0.5,470.0,460.0,480.0,2.76029676872e-14,2.76029676872e-14
18.0,180.0,0.5,490.0,480.0,500.0,1.74384349851e-14,1.74384349851e-14
18.0,180.0,0.5,510.0,500.0,520.0,9.80117049812e-15,9.80117049812e-15
18.0,180.0,0.5,530.0,520.0,540.0,5.05235659959e-15,5.05235659959e-15
18.0,180.0,0.5,550.0,540.0,560.0,2.97893232122e-15,2.97893232122e-15
18.0,180.0,0.5,570.0,560.0,580.0,1.44080784106e-15,1.44080784106e-15
18.0,180.0,0.5,590.0,580.0,600.0,1.16571977224e-15,1.16571977224e-15
18.0,180.0,0.5,610.0,600.0,620.0,7.81132273328e-16,7.81132273328e-16
18.0,180.0,0.5,630.0,620.0,640.0,8.89628864088e-16,8.89628864088e-16
18.0,180.0,0.5,650.0,640.0,660.0,9.59658872172e-16,9.59658872172e-16
18.0,180.0,0.5,670.0,660.0,680.0,9.85190089391e-16,9.85190089391e-16
18.0,180.0,0.5,690.0,680.0,700.0,9.1664120922e-16,9.1664120922e-16
18.0,180.0,0.5,710.0,700.0,720.0,8.01192162737e-16,8.01192162737e-16
18.0,180.0,0.5,730.0,720.0,740.0,6.75092034528e-16,6.75092034528e-16
18.0,180.0,0.5,750.0,740.0,760.0,5.36092942634e-16,5.36092942634e-16
18.0,180.0,0.5,770.0,760.0,780.0,4.47549106681e-16,4.47549106681e-16
18.0,180.0,1.0,390.0,380.0,400.0,5.66247763943e-14,5.66247763943e-14
18.0,180.0,1.0,410.0,400.0,420.0,6.69540336996e-14,6.69540336996e-14
18.0,180.0,1.0,430.0,420.0,440.0,4.77462085565e-14,4.77462085565e-14
18.0,180.0,1.0,450.0,440.0,460.0,4.03909380846e-14,4.03909380846e-14
18.0,180.0,1.0,470.0,460.0,480.0,2.88205419142e-14,2.88205419142e-14
18.0,180.0,1.0,490.0,480.0,500.0,1.81983815545e-14,1.81983815545e-14
18.0,180.0,1.0,510.0,500.0,520.0,1.02219820482e-14,1.02219820482e-14
18.0,180.0,1.0,530.0,520.0,540.0,5.26524349892e-15,5.26524349892e-15
18.0,180.0,1.0,550.0,540.0,560.0,3.10166469423e-15,3.10166469423e-15
18.0,180.0,1.0,570.0,560.0,580.0,1.49841989811e-15,1.49841989811e-15
18.0,180.0,1.0,590.0,580.0,600.0,1.21097754932e-15,1.21097754932e-15
18.0,180.0,1.0,610.0,600.0,620.0,8.10328972623e-16,8.10328972623e-16
18.0,180.0,1.0,630.0,620.0,640.0,9.21610291303e-16,9.21610291303e-16
18.0,180.0,1.0,650.0,640.0,660.0,9.92617481267e-16,9.92617481267e-16
18.0,180.0,1.0,670.0,660.0,680.0,1.01730254524e-15,1.01730254524e-15
18.0,180.0,1.0,690.0,680.0,700.0,9.44791653624e-16,9.44791653624e-16
18.0,180.0,1.0,710.0,700.0,720.0,8.24204576815e-16,8.24204576815e-16
18.0,180.0,1.0,730.0,720.0,740.0,6.93091105892e-16,6.93091105892e-16
18.0,180.0,1.0,750.0,740.0,760.0,5.49255049597e-16,5.49255049597e-16
18.0,180.0,1.0,770.0,760.0,780.0,4.57601954966e-16,4.57601954966e-16
18.0,180.0,2.0,390.0,380.0,400.0,5.88789794127e-14,5.88789794127e-14
18.0,180.0,2.0,410.0,400.0,420.0,6.96289962971e-14,6.96289962971e-14
18.0,180.0,2.0,430.0,420.0,440.0,4.96440728386e-14,4.96440728386e-14
18.0,180.0,2.0,450.0,440.0,460.0,4.19752832794e-14,4.19752832794e-14
18.0,180.0,2.0,470.0,460.0,480.0,2.99240897685e-14,2.99240897685e-14
18.0,180.0,2.0,490.0,480.0,500.0,1.88699001586e-14,1.88699001586e-14
18.0,180.0,2.0,510.0,500.0,520.0,1.0579229462e-14,1.0579229462e-14
18.0,180.0,2.0,530.0,520.0,540.0,5.43566316845e-15,5.43566316845e-15
18.0,180.0,2.0,550.0,540.0,560.0,3.19321010147e-15,3.19321010147e-15
18.0,180.0,2.0,570.0,560.0,580.0,1.53720857843e-15,1.53720857843e-15
18.0,180.0,2.0,590.0,580.0,600.0,1.23841877379e-15,1.23841877379e-15
18.0,180.0,2.0,610.0,600.0,620.0,8.25528525e-16,8.25528525e-16
18.0,180.0,2.0,630.0,620.0,640.0,9.35687270827e-16,9.35687270827e-16
18.0,180.0,2.0,650.0,640.0,660.0,1.00397629403e-15,1.00397629403e-15
18.0,180.0,2.0,670.0,660.0,680.0,1.02473827047e-15,1.02473827047e-15
18.0,180.0,2.0,690.0,680.0,700.0,9.47582682938e-16,9.47582682938e-16
18.0,180.0,2.0,710.0,700.0,720.0,8.22955549645e-16,8.22955549645e-16
18.0,180.0,2.0,730.0,720.0,740.0,6.88922517115e-16,6.88922517115e-16
18.0,180.0,2.0,750.0,740.0,760.0,5.43492400005e-16,5.43492400005e-16
18.0,180.0,2.0,770.0,760.0,780.0,4.50842550202e-16,4.50842550202e-16
18.0,180.0,3.0,390.0,380.0,400.0,6.09361031425e-14,6.09361031425e-14
18.0,180.0,3.0,410.0,400.0,420.0,7.20737162963e-14,7.20737162963e-14
18.0,180.0,3.0,430.0,420.0,440.0,5.13696786536e-14,5.13696786536e-14
18.0,180.0,3.0,450.0,440.0,460.0,4.33985955466e-14,4.33985955466e-14
18.0,180.0,3.0,470.0,460.0,480.0,3.08945462824e-14,3.08945462824e-14
18.0,180.0,3.0,490.0,480.0,500.0,1.94421211771e-14,1.94421211771e-14
18.0,180.0,3.0,510.0,500.0,520.0,1.08706740181e-14,1.08706740181e-14
18.0,180.0,3.0,530.0,520.0,540.0,5.56676144497e-15,5.56676144497e-15
18.0,180.0,3.0,550.0,540.0,560.0,3.25853507601e-15,3.25853507601e-15
18.0,180.0,3.0,570.0,560.0,580.0,1.56201305736e-15,1.56201305736e-15
18.0,180.0,3.0,590.0,580.0,600.0,1.25366190317e-15,1.25366190317e-15
18.0,180.0,3.0,610.0,600.0,620.0,8.32126325111e-16,8.32126325111e-16
18.0,180.0,3.0,630.0,620.0,640.0,9.39543701882e-16,9.39543701882e-16
18.0,180.0,3.0,650.0,640.0,660.0,1.00405543112e-15,1.00405543112e-15
18.0,180.0,3.0,670.0,660.0,680.0,1.02059265254e-15,1.02059265254e-15
18.0,180.0,3.0,690.0,680.0,700.0,9.39838370878e-16,9.39838370878e-16
18.0,180.0,3.0,710.0,700.0,720.0,8.12904528531e-16,8.12904528531e-16
18.0,180.0,3.0,730.0,720.0,740.0,6.77826509117e-16,6.77826509117e-16
18.0,180.0,3.0,750.0,740.0,760.0,5.32722523558e-16,5.32722523558e-16
18.0,180.0,3.0,770.0,760.0,780.0,4.40357787278e-16,4.40357787278e-16
18.0,180.0,5.0,390.0,380.0,400.0,6.48134581719e-14,6.48134581719e-14
18.0,180.0,5.0,410.0,400.0,420.0,7.65351048129e-14,7.65351048129e-14
18.0,180.0,5.0,430.0,420.0,440.0,5.43784178223e-14,5.43784178223e-14
18.0,180.0,5.0,450.0,440.0,460.0,4.57414064674e-14,4.57414064674e-14
18.0,180.0,5.0,470.0,460.0,480.0,3.23794696869e-14,3.23794696869e-14
18.0,180.0,5.0,490.0,480.0,500.0,2.02413077926e-14,2.02413077926e-14
18.0,180.0,5.0,510.0,500.0,520.0,1.12324551695e-14,1.12324551695e-14
18.0,180.0,5.0,530.0,520.0,540.0,5.70483908454e-15,5.70483908454e-15
18.0,180.0,5.0,550.0,540.0,560.0,3.31203757356e-15,3.31203757356e-15
18.0,180.0,5.0,570.0,560.0,580.0,1.57376719128e-15,1.57376719128e-15
18.0,180.0,5.0,590.0,580.0,600.0,1.25342644258e-15,1.25342644258e-15
18.0,180.0,5.0,610.0,600.0,620.0,8.25332538135e-16,8.25332538135e-16
18.0,180.0,5.0,630.0,620.0,640.0,9.25216987944e-16,9.25216987944e-16
18.0,180.0,5.0,650.0,640.0,660.0,9.81748139798e-16,9.81748139798e-16
18.0,180.0,5.0,670.0,660.0,680.0,9.91079324616e-16,9.91079324616e-16
18.0,180.0,5.0,690.0,680.0,700.0,9.06683576636e-16,9.06683576636e-16
18.0,180.0,5.0,710.0,700.0,720.0,7.79401519149e-16,7.79401519149e-16
18.0,180.0,5.0,730.0,720.0,740.0,6.46178924316e-16,6.46178924316e-16
18.0,180.0,5.0,750.0,740.0,760.0,5.05185827353e-16,5.05185827353e-16
18.0,180.0,5.0,770.0,760.0,780.0,4.1561371804e-16,4.1561371804e-16
18.0,180.0,8.0,390.0,380.0,400.0,6.9329120899e-14,6.9329120899e-14
18.0,180.0,8.0,410.0,400.0,420.0,8.11639322837e-14,8.11639322837e-14
18.0,180.0,8.0,430.0,420.0,440.0,5.70713520864e-14,5.70713520864e-14
18.0,180.0,8.0,450.0,440.0,460.0,4.74727692085e-14,4.74727692085e-14
18.0,180.0,8.0,470.0,460.0,480.0,3.32088375917e-14,3.32088375917e-14
18.0,180.0,8.0,490.0,480.0,500.0,2.05115234938e-14,2.05115234938e-14
18.0,180.0,8.0,510.0,500.0,520.0,1.12472917292e-14,1.12472917292e-14
18.0,180.0,8.0,530.0,520.0,540.0,5.64626645597e-15,5.64626645597e-15
18.0,180.0,8.0,550.0,540.0,560.0,3.24274304773e-15,3.24274304773e-15
18.0,180.0,8.0,570.0,560.0,580.0,1.52467935102e-15,1.52467935102e-15
18.0,180.0,8.0,590.0,580.0,600.0,1.20338454481e-15,1.20338454481e-15
18.0,180.0,8.0,610.0,600.0,620.0,7.85484979058e-16,7.85484979058e-16
18.0,180.0,8.0,630.0,620.0,640.0,8.73716028096e-16,8.73716028096e-16
18.0,180.0,8.0,650.0,640.0,660.0,9.2033991376e-16,9.2033991376e-16
18.0,180.0,8.0,670.0,660.0,680.0,9.22868654291e-16,9.22868654291e-16
18.0,180.0,8.0,690.0,680.0,700.0,8.39140444278e-16,8.39140444278e-16
18.0,180.0,8.0,710.0,700.0,720.0,7.17396386896e-16,7.17396386896e-16
18.0,180.0,8.0,730.0,720.0,740.0,5.91882392339e-16,5.91882392339e-16
18.0,180.0,8.0,750.0,740.0,760.0,4.60762135405e-16,4.60762135405e-16
18.0,180.0,8.0,770.0,760.0,780.0,3.77645791267e-16,3.77645791267e-16
18.0,180.0,12.0,390.0,380.0,400.0,7.24274640935e-14,7.24274640935e-14
18.0,180.0,12.0,410.0,400.0,420.0,8.34574777439e-14,8.34574777439e-14
18.0,180.0,12.0,430.0,420.0,440.0,5.7759798898e-14,5.7759798898e-14
18.0,180.0,12.0,450.0,440.0,460.0,4.73315047999e-14,4.73315047999e-14
18.0,180.0,12.0,470.0,460.0,480.0,3.26436571749e-14,3.26436571749e-14
18.0,180.0,12.0,490.0,480.0,500.0,1.98997884168e-14,1.98997884168e-14
18.0,180.0,12.0,510.0,500.0,520.0,1.0782030523e-14,1.0782030523e-14
18.0,180.0,12.0,530.0,520.0,540.0,5.35449433858e-15,5.35449433858e-15
18.0,180.0,12.0,550.0,540.0,560.0,3.0456566072e-15,3.0456566072e-15
18.0,180.0,12.0,570.0,560.0,580.0,1.41949807556e-15,1.41949807556e-15
18.0,180.0,12.0,590.0,580.0,600.0,1.11186805366e-15,1.11186805366e-15
18.0,180.0,12.0,610.0,600.0,620.0,7.20725581906e-16,7.20725581906e-16
18.0,180.0,12.0,630.0,620.0,640.0,7.96570624208e-16,7.96570624208e-16
18.0,180.0,12.0,650.0,640.0,660.0,8.34207296545e-16,8.34207296545e-16
18.0,180.0,12.0,670.0,660.0,680.0,8.32217007782e-16,8.32217007782e-16
18.0,180.0,12.0,690.0,680.0,700.0,7.53318429716e-16,7.53318429716e-16
18.0,180.0,12.0,710.0,700.0,720.0,6.41521065692e-16,6.41521065692e-16
18.0,180.0,12.0,730.0,720.0,740.0,5.27514457108e-16,5.27514457108e-16
18.0,180.0,12.0,750.0,740.0,760.0,4.09497218765e-16,4.09497218765e-16
18.0,180.0,12.0,770.0,760.0,780.0,3.34805908119e-16,3.34805908119e-16
18.0,180.0,20.0,390.0,380.0,400.0,7.24503791326e-14,7.24503791326e-14
18.0,180.0,20.0,410.0,400.0,420.0,8.12651858435e-14,8.12651858435e-14
18.0,180.0,20.0,430.0,420.0,440.0,5.49309632851e-14,5.49309632851e-14
18.0,180.0,20.0,450.0,440.0,460.0,4.41256190534e-14,4.41256190534e-14
18.0,180.0,20.0,470.0,460.0,480.0,2.99158665249e-14,2.99158665249e-14
18.0,180.0,20.0,490.0,480.0,500.0,1.79756798752e-14,1.79756798752e-14
18.0,180.0,20.0,510.0,500.0,520.0,9.62409375994e-15,9.62409375994e-15
18.0,180.0,20.0,530.0,520.0,540.0,4.73352018499e-15,4.73352018499e-15
18.0,180.0,20.0,550.0,540.0,560.0,2.67080283103e-15,2.67080283103e-15
18.0,180.0,20.0,570.0,560.0,580.0,1.23676335159e-15,1.23676335159e-15
18.0,180.0,20.0,590.0,580.0,600.0,9.63248421546e-16,9.63248421546e-16
18.0,180.0,20.0,610.0,600.0,620.0,6.21538726582e-16,6.21538726582e-16
18.0,180.0,20.0,630.0,620.0,640.0,6.8376022395e-16,6.8376022395e-16
18.0,180.0,20.0,650.0,640.0,660.0,7.13241274161e-16,7.13241274161e-16
18.0,180.0,20.0,670.0,660.0,680.0,7.09339211065e-16,7.09339211065e-16
18.0,180.0,20.0,690.0,680.0,700.0,6.40556239798e-16,6.40556239798e-16
18.0,180.0,20.0,710.0,700.0,720.0,5.44511189e-16,5.44511189e-16
18.0,180.0,20.0,730.0,720.0,740.0,4.47151352413e-16,4.47151352413e-16
18.0,180.0,20.0,750.0,740.0,760.0,3.46801580732e-16,3.46801580732e-16
18.0,180.0,20.0,770.0,760.0,780.0,2.83322343338e-16,2.83322343338e-16
18.0,180.0,30.0,390.0,380.0,400.0,6.81226402199e-14,6.81226402199e-14
18.0,180.0,30.0,410.0,400.0,420.0,7.47849958196e-14,7.47849958196e-14
18.0,180.0,30.0,430.0,420.0,440.0,4.97184415918e-14,4.97184415918e-14
18.0,180.0,30.0,450.0,440.0,460.0,3.94574096813e-14,3.94574096813e-14
18.0,180.0,30.0,470.0,460.0,480.0,2.65169615707e-14,2.65169615707e-14
18.0,180.0,30.0,490.0,480.0,500.0,1.58406273465e-14,1.58406273465e-14
18.0,180.0,30.0,510.0,500.0,520.0,8.45380675567e-15,8.45380675567e-15
18.0,180.0,30.0,530.0,520.0,540.0,4.15396332023e-15,4.15396332023e-15
18.0,180.0,30.0,550.0,540.0,560.0,2.34432860611e-15,2.34432860611e-15
18.0,180.0,30.0,570.0,560.0,580.0,1.08746921206e-15,1.08746921206e-15
18.0,180.0,30.0,590.0,580.0,600.0,8.48380195009e-16,8.48380195009e-16
18.0,180.0,30.0,610.0,600.0,620.0,5.48821678978e-16,5.48821678978e-16
18.0,180.0,30.0,630.0,620.0,640.0,6.04818996112e-16,6.04818996112e-16
18.0,180.0,30.0,650.0,640.0,660.0,6.32208337344e-16,6.32208337344e-16
18.0,180.0,30.0,670.0,660.0,680.0,6.30336289612e-16,6.30336289612e-16
18.0,180.0,30.0,690.0,680.0,700.0,5.70789394526e-16,5.70789394526e-16
18.0,180.0,30.0,710.0,700.0,720.0,4.86590656402e-16,4.86590656402e-16
18.0,180.0,30.0,730.0,720.0,740.0,4.00710333896e-16,4.00710333896e-16
18.0,180.0,30.0,750.0,740.0,760.0,3.11624345273e-16,3.11624345273e-16
18.0,180.0,30.0,770.0,760.0,780.0,2.5517188544e-16,2.5517188544e-16
18.0,180.0,45.0,390.0,380.0,400.0,6.31155454611e-14,6.31155454611e-14
18.0,180.0,45.0,410.0,400.0,420.0,6.83175170008e-14,6.83175170008e-14
18.0,180.0,45.0,430.0,420.0,440.0,4.49542123942e-14,4.49542123942e-14
18.0,180.0,45.0,450.0,440.0,460.0,3.54384411905e-14,3.54384411905e-14
18.0,180.0,45.0,470.0,460.0,480.0,2.37169308532e-14,2.37169308532e-14
18.0,180.0,45.0,490.0,480.0,500.0,1.41409105558e-14,1.41409105558e-14
18.0,180.0,45.0,510.0,500.0,520.0,7.5475317752e-15,7.5475317752e-15
18.0,180.0,45.0,530.0,520.0,540.0,3.71531689117e-15,3.71531689117e-15
18.0,180.0,45.0,550.0,540.0,560.0,2.10173020163e-15,2.10173020163e-15
18.0,180.0,45.0,570.0,560.0,580.0,9.78229811105e-16,9.78229811105e-16
18.0,180.0,45.0,590.0,580.0,600.0,7.65227095839e-16,7.65227095839e-16
18.0,180.0,45.0,610.0,600.0,620.0,4.96600624565e-16,4.96600624565e-16
18.0,180.0,45.0,630.0,620.0,640.0,5.48330422019e-16,5.48330422019e-16
18.0,180.0,45.0,650.0,640.0,660.0,5.74274964557e-16,5.74274964557e-16
18.0,180.0,45.0,670.0,660.0,680.0,5.73763510994e-16,5.73763510994e-16
18.0,180.0,45.0,690.0,680.0,700.0,5.20623570711e-16,5.20623570711e-16
18.0,180.0,45.0,710.0,700.0,720.0,4.44666663166e-16,4.44666663166e-16
18.0,180.0,45.0,730.0,720.0,740.0,3.66793540864e-16,3.66793540864e-16
18.0,180.0,45.0,750.0,740.0,760.0,2.85647322311e-16,2.85647322311e-16
18.0,180.0,45.0,770.0,760.0,780.0,2.34121914e-16,2.34121914e-16
18.0,180.0,60.0,390.0,380.0,400.0,6.22495471374e-14,6.22495471374e-14
18.0,180.0,60.0,410.0,400.0,420.0,6.7119992872e-14,6.7119992872e-14
18.0,180.0,60.0,430.0,420.0,440.0,4.40751790847e-14,4.40751790847e-14
18.0,180.0,60.0,450.0,440.0,460.0,3.47386254688e-14,3.47386254688e-14
18.0,180.0,60.0,470.0,460.0,480.0,2.32702700683e-14,2.32702700683e-14
18.0,180.0,60.0,490.0,480.0,500.0,1.3902230771e-14,1.3902230771e-14
18.0,180.0,60.0,510.0,500.0,520.0,7.4420346034e-15,7.4420346034e-15
18.0,180.0,60.0,530.0,520.0,540.0,3.67696588635e-15,3.67696588635e-15
18.0,180.0,60.0,550.0,540.0,560.0,2.08748415958e-15,2.08748415958e-15
18.0,180.0,60.0,570.0,560.0,580.0,9.75383742907e-16,9.75383742907e-16
18.0,180.0,60.0,590.0,580.0,600.0,7.65147957425e-16,7.65147957425e-16
18.0,180.0,60.0,610.0,600.0,620.0,4.97918218125e-16,4.97918218125e-16
18.0,180.0,60.0,630.0,620.0,640.0,5.50509221764e-16,5.50509221764e-16
18.0,180.0,60.0,650.0,640.0,660.0,5.77135738675e-16,5.77135738675e-16
18.0,180.0,60.0,670.0,660.0,680.0,5.77116103755e-16,5.77116103755e-16
18.0,180.0,60.0,690.0,680.0,700.0,5.23996143615e-16,5.23996143615e-16
18.0,180.0,60.0,710.0,700.0,720.0,4.47708281967e-16,4.47708281967e-16
18.0,180.0,60.0,730.0,720.0,740.0,3.69326816299e-16,3.69326816299e-16
18.0,180.0,60.0,750.0,740.0,760.0,2.87560675526e-16,2.87560675526e-16
18.0,180.0,60.0,770.0,760.0,780.0,2.35554581079e-16,2.35554581079e-16
18.0,180.0,90.0,390.0,380.0,400.0,7.28535178361e-14,7.28535178361e-14
18.0,180.0,90.0,410.0,400.0,420.0,7.98744829935e-14,7.98744829935e-14
18.0,180.0,90.0,430.0,420.0,440.0,5.3450226122e-14,5.3450226122e-14
18.0,180.0,90.0,450.0,440.0,460.0,4.30434740689e-14,4.30434740689e-14
18.0,180.0,90.0,470.0,460.0,480.0,2.94896648661e-14,2.94896648661e-14
18.0,180.0,90.0,490.0,480.0,500.0,1.80355796669e-14,1.80355796669e-14
18.0,180.0,90.0,510.0,500.0,520.0,9.88991714271e-15,9.88991714271e-15
18.0,180.0,90.0,530.0,520.0,540.0,5.00617312481e-15,5.00617312481e-15
18.0,180.0,90.0,550.0,540.0,560.0,2.90864434981e-15,2.90864434981e-15
18.0,180.0,90.0,570.0,560.0,580.0,1.38965712572e-15,1.38965712572e-15
18.0,180.0,90.0,590.0,580.0,600.0,1.11273944209e-15,1.11273944209e-15
18.0,180.0,90.0,610.0,600.0,620.0,7.3820492532e-16,7.3820492532e-16
18.0,180.0,90.0,630.0,620.0,640.0,8.30253008406e-16,8.30253008406e-16
18.0,180.0,90.0,650.0,640.0,660.0,8.84304125037e-16,8.84304125037e-16
18.0,180.0,90.0,670.0,660.0,680.0,8.97521497471e-16,8.97521497471e-16
18.0,180.0,90.0,690.0,680.0,700.0,8.2625961203e-16,8.2625961203e-16
18.0,180.0,90.0,710.0,700.0,720.0,7.15049636818e-16,7.15049636818e-16
18.0,180.0,90.0,730.0,720.0,740.0,5.9682610024e-16,5.9682610024e-16
18.0,180.0,90.0,750.0,740.0,760.0,4.69697321516e-16,4.69697321516e-16
18.0,180.0,90.0,770.0,760.0,780.0,3.88456110425e-16,3.88456110425e-16
