solar_depression_deg,relative_azimuth_deg,elevation_deg,wavelength_nm,bin_left_nm,bin_right_nm,solar_I_W_m2_sr_nm,total_I_W_m2_sr_nm
-5.0,0.0,0.0,390.0,380.0,400.0,0.0042983559694,0.0042983559694
-5.0,0.0,0.0,410.0,400.0,420.0,0.00851719515234,0.00851719515234
-5.0,0.0,0.0,430.0,420.0,440.0,0.0103373223816,0.0103373223816
-5.0,0.0,0.0,450.0,440.0,460.0,0.0153577451616,0.0153577451616
-5.0,0.0,0.0,470.0,460.0,480.0,0.0196169790858,0.0196169790858
-5.0,0.0,0.0,490.0,480.0,500.0,0.0230083838692,0.0230083838692
-5.0,0.0,0.0,510.0,500.0,520.0,0.0259837597798,0.0259837597798
-5.0,0.0,0.0,530.0,520.0,540.0,0.0296081449049,0.0296081449049
-5.0,0.0,0.0,550.0,540.0,560.0,0.0337696690223,0.0337696690223
-5.0,0.0,0.0,570.0,560.0,580.0,0.0363181998813,0.0363181998813
-5.0,0.0,0.0,590.0,580.0,600.0,0.042604487202,0.042604487202
-5.0,0.0,0.0,610.0,600.0,620.0,0.0465401359082,0.0465401359082
-5.0,0.0,0.0,630.0,620.0,640.0,0.0560974827559,0.0560974827559
-5.0,0.0,0.0,650.0,640.0,660.0,0.0651136300699,0.0651136300699
-5.0,0.0,0.0,670.0,660.0,680.0,0.07654767998,0.07654767998
-5.0,0.0,0.0,690.0,680.0,700.0,0.0856343285035,0.0856343285035
-5.0,0.0,0.0,710.0,700.0,720.0,0.0931745077273,0.0931745077273
-5.0,0.0,0.0,730.0,720.0,740.0,0.100434231103,0.100434231103
-5.0,0.0,0.0,750.0,740.0,760.0,0.106613330516,0.106613330516
-5.0,0.0,0.0,770.0,760.0,780.0,0.113800241183,0.113800241183
-5.0,0.0,0.5,390.0,380.0,400.0,0.00414799874439,0.00414799874439
-5.0,0.0,0.5,410.0,400.0,420.0,0.00827917653866,0.00827917653866
-5.0,0.0,0.5,430.0,420.0,440.0,0.0101680186472,0.0101680186472
-5.0,0.0,0.5,450.0,440.0,460.0,0.0153284429183,0.0153284429183
-5.0,0.0,0.5,470.0,460.0,480.0,0.0198890469841,0.0198890469841
-5.0,0.0,0.5,490.0,480.0,500.0,0.0236845901101,0.0236845901101
-5.0,0.0,0.5,510.0,500.0,520.0,0.0271095968582,0.0271095968582
-5.0,0.0,0.5,530.0,520.0,540.0,0.0312412213847,0.0312412213847
-5.0,0.0,0.5,550.0,540.0,560.0,0.035986021697,0.035986021697
-5.0,0.0,0.5,570.0,560.0,580.0,0.038992494847,0.038992494847
-5.0,0.0,0.5,590.0,580.0,600.0,0.0460965277287,0.0460965277287
-5.0,0.0,0.5,610.0,600.0,620.0,0.0506852235705,0.0506852235705
-5.0,0.0,0.5,630.0,620.0,640.0,0.0615782807663,0.0615782807663
-5.0,0.0,0.5,650.0,640.0,660.0,0.0720663065842,0.0720663065842
-5.0,0.0,0.5,670.0,660.0,680.0,0.0855221531869,0.0855221531869
-5.0,0.0,0.5,690.0,680.0,700.0,0.096747813391,0.096747813391
-5.0,0.0,0.5,710.0,700.0,720.0,0.106704289793,0.106704289793
-5.0,0.0,0.5,730.0,720.0,740.0,0.116866141775,0.116866141775
-5.0,0.0,0.5,750.0,740.0,760.0,0.126321360692,0.126321360692
-5.0,0.0,0.5,770.0,760.0,780.0,0.137610683805,0.137610683805
-5.0,0.0,1.0,390.0,380.0,400.0,0.00418573823142,0.00418573823142
-5.0,0.0,1.0,410.0,400.0,420.0,0.00842978391524,0.00842978391524
-5.0,0.0,1.0,430.0,420.0,440.0,0.0105031654447,0.0105031654447
-5.0,0.0,1.0,450.0,440.0,460.0,0.0161105209289,0.0161105209289
-5.0,0.0,1.0,470.0,460.0,480.0,0.0212726271266,0.0212726271266
-5.0,0.0,1.0,490.0,480.0,500.0,0.0257308854478,0.0257308854478
-5.0,0.0,1.0,510.0,500.0,520.0,0.0298406388307,0.0298406388307
-5.0,0.0,1.0,530.0,520.0,540.0,0.0347671025886,0.0347671025886
-5.0,0.0,1.0,550.0,540.0,560.0,0.0404277412226,0.0404277412226
-5.0,0.0,1.0,570.0,560.0,580.0,0.0442119774404,0.0442119774404
-5.0,0.0,1.0,590.0,580.0,600.0,0.0528007106844,0.0528007106844
-5.0,0.0,1.0,610.0,600.0,620.0,0.0587787572195,0.0587787572195
-5.0,0.0,1.0,630.0,620.0,640.0,0.0725027775291,0.0725027775291
-5.0,0.0,1.0,650.0,640.0,660.0,0.0864288264599,0.0864288264599
-5.0,0.0,1.0,670.0,660.0,680.0,0.104851385323,0.104851385323
-5.0,0.0,1.0,690.0,680.0,700.0,0.121628884445,0.121628884445
-5.0,0.0,1.0,710.0,700.0,720.0,0.137891939756,0.137891939756
-5.0,0.0,1.0,730.0,720.0,740.0,0.155493031306,0.155493031306
-5.0,0.0,1.0,750.0,740.0,760.0,0.17308851153,0.17308851153
-5.0,0.0,1.0,770.0,760.0,780.0,0.194054736408,0.194054736408
-5.0,0.0,2.0,390.0,380.0,400.0,0.00458717421622,0.00458717421622
-5.0,0.0,2.0,410.0,400.0,420.0,0.00962602339619,0.00962602339619
-5.0,0.0,2.0,430.0,420.0,440.0,0.0125391286886,0.0125391286886
-5.0,0.0,2.0,450.0,440.0,460.0,0.0200987302422,0.0200987302422
-5.0,0.0,2.0,470.0,460.0,480.0,0.0277173495324,0.0277173495324
-5.0,0.0,2.0,490.0,480.0,500.0,0.0350953323405,0.0350953323405
-5.0,0.0,2.0,510.0,500.0,520.0,0.0428599856059,0.0428599856059
-5.0,0.0,2.0,530.0,520.0,540.0,0.052994616159,0.052994616159
-5.0,0.0,2.0,550.0,540.0,560.0,0.0659546389084,0.0659546389084
-5.0,0.0,2.0,570.0,560.0,580.0,0.0778011436918,0.0778011436918
-5.0,0.0,2.0,590.0,580.0,600.0,0.100646349211,0.100646349211
-5.0,0.0,2.0,610.0,600.0,620.0,0.121603032874,0.121603032874
-5.0,0.0,2.0,630.0,620.0,640.0,0.162418956127,0.162418956127
-5.0,0.0,2.0,650.0,640.0,660.0,0.208736341874,0.208736341874
-5.0,0.0,2.0,670.0,660.0,680.0,0.271156442966,0.271156442966
-5.0,0.0,2.0,690.0,680.0,700.0,0.333908899572,0.333908899572
-5.0,0.0,2.0,710.0,700.0,720.0,0.397836733558,0.397836733558
-5.0,0.0,2.0,730.0,720.0,740.0,0.466891258387,0.466891258387
-5.0,0.0,2.0,750.0,740.0,760.0,0.535603619285,0.535603619285
-5.0,0.0,2.0,770.0,760.0,780.0,0.613052939932,0.613052939932
-5.0,0.0,3.0,390.0,380.0,400.0,0.00558449195387,0.00558449195387
-5.0,0.0,3.0,410.0,400.0,420.0,0.0135453377176,0.0135453377176
-5.0,0.0,3.0,430.0,420.0,440.0,0.0211262163864,0.0211262163864
-5.0,0.0,3.0,450.0,440.0,460.0,0.0409554076428,0.0409554076428
-5.0,0.0,3.0,470.0,460.0,480.0,0.0676437402752,0.0676437402752
-5.0,0.0,3.0,490.0,480.0,500.0,0.100449735635,0.100449735635
-5.0,0.0,3.0,510.0,500.0,520.0,0.140060172557,0.140060172557
-5.0,0.0,3.0,530.0,520.0,540.0,0.192222760633,0.192222760633
-5.0,0.0,3.0,550.0,540.0,560.0,0.258056548823,0.258056548823
-5.0,0.0,3.0,570.0,560.0,580.0,0.32013878567,0.32013878567
-5.0,0.0,3.0,590.0,580.0,600.0,0.425484324579,0.425484324579
-5.0,0.0,3.0,610.0,600.0,620.0,0.5186484579,0.5186484579
-5.0,0.0,3.0,630.0,620.0,640.0,0.688157732586,0.688157732586
-5.0,0.0,3.0,650.0,640.0,660.0,0.868887965969,0.868887965969
-5.0,0.0,3.0,670.0,660.0,680.0,1.09998964093,1.09998964093
-5.0,0.0,3.0,690.0,680.0,700.0,1.31239705076,1.31239705076
-5.0,0.0,3.0,710.0,700.0,720.0,1.50915150013,1.50915150013
-5.0,0.0,3.0,730.0,720.0,740.0,1.7051933175,1.7051933175
-5.0,0.0,3.0,750.0,740.0,760.0,1.88122768689,1.88122768689
-5.0,0.0,3.0,770.0,760.0,780.0,2.07012584275,2.07012584275
-5.0,0.0,5.0,390.0,380.0,400.0,0.050360119124,0.050360119124
-5.0,0.0,5.0,410.0,400.0,420.0,0.171115154203,0.171115154203
-5.0,0.0,5.0,430.0,420.0,440.0,0.307490399001,0.307490399001
-5.0,0.0,5.0,450.0,440.0,460.0,0.603980483026,0.603980483026
-5.0,0.0,5.0,470.0,460.0,480.0,0.939100397413,0.939100397413
-5.0,0.0,5.0,490.0,480.0,500.0,1.26381413615,1.26381413615
-5.0,0.0,5.0,510.0,500.0,520.0,1.5696984312,1.5696984312
-5.0,0.0,5.0,530.0,520.0,540.0,1.90766539669,1.90766539669
-5.0,0.0,5.0,550.0,540.0,560.0,2.26901967678,2.26901967678
-5.0,0.0,5.0,570.0,560.0,580.0,2.50315935179,2.50315935179
-5.0,0.0,5.0,590.0,580.0,600.0,2.97390770906,2.97390770906
-5.0,0.0,5.0,610.0,600.0,620.0,3.26200239012,3.26200239012
-5.0,0.0,5.0,630.0,620.0,640.0,3.91924206865,3.91924206865
-5.0,0.0,5.0,650.0,640.0,660.0,4.51027370809,4.51027370809
-5.0,0.0,5.0,670.0,660.0,680.0,5.23719016029,5.23719016029
-5.0,0.0,5.0,690.0,680.0,700.0,5.76537808585,5.76537808585
-5.0,0.0,5.0,710.0,700.0,720.0,6.14891238201,6.14891238201
-5.0,0.0,5.0,730.0,720.0,740.0,6.47756520593,6.47756520593
-5.0,0.0,5.0,750.0,740.0,760.0,6.69464945878,6.69464945878
-5.0,0.0,5.0,770.0,760.0,780.0,6.93147166849,6.93147166849
-5.0,0.0,8.0,390.0,380.0,400.0,0.00796470698418,0.00796470698418
-5.0,0.0,8.0,410.0,400.0,420.0,0.0188309075834,0.0188309075834
-5.0,0.0,8.0,430.0,420.0,440.0,0.026895323179,0.026895323179
-5.0,0.0,8.0,450.0,440.0,460.0,0.0458437615699,0.0458437615699
-5.0,0.0,8.0,470.0,460.0,480.0,0.0655765129088,0.0655765129088
-5.0,0.0,8.0,490.0,480.0,500.0,0.0846118165828,0.0846118165828
-5.0,0.0,8.0,510.0,500.0,520.0,0.10394712242,0.10394712242
-5.0,0.0,8.0,530.0,520.0,540.0,0.128048374367,0.128048374367
-5.0,0.0,8.0,550.0,540.0,560.0,0.157499234156,0.157499234156
-5.0,0.0,8.0,570.0,560.0,580.0,0.182441456104,0.182441456104
-5.0,0.0,8.0,590.0,580.0,600.0,0.230449463468,0.230449463468
-5.0,0.0,8.0,610.0,600.0,620.0,0.270840415826,0.270840415826
-5.0,0.0,8.0,630.0,620.0,640.0,0.350779387405,0.350779387405
-5.0,0.0,8.0,650.0,640.0,660.0,0.436424845787,0.436424845787
-5.0,0.0,8.0,670.0,660.0,680.0,0.548433505847,0.548433505847
-5.0,0.0,8.0,690.0,680.0,700.0,0.653233251706,0.653233251706
-5.0,0.0,8.0,710.0,700.0,720.0,0.75306826171,0.75306826171
-5.0,0.0,8.0,730.0,720.0,740.0,0.855878206071,0.855878206071
-5.0,0.0,8.0,750.0,740.0,760.0,0.95196830364,0.95196830364
-5.0,0.0,8.0,770.0,760.0,780.0,1.057961731,1.057961731
-5.0,0.0,12.0,390.0,380.0,400.0,0.0107041348422,0.0107041348422
-5.0,0.0,12.0,410.0,400.0,420.0,0.0245122629038,0.0245122629038
-5.0,0.0,12.0,430.0,420.0,440.0,0.0330280901105,0.0330280901105
-5.0,0.0,12.0,450.0,440.0,460.0,0.052208467235,0.052208467235
-5.0,0.0,12.0,470.0,460.0,480.0,0.0684100522626,0.0684100522626
-5.0,0.0,12.0,490.0,480.0,500.0,0.0800018005163,0.0800018005163
-5.0,0.0,12.0,510.0,500.0,520.0,0.0882028839721,0.0882028839721
-5.0,0.0,12.0,530.0,520.0,540.0,0.0966384416651,0.0966384416651
-5.0,0.0,12.0,550.0,540.0,560.0,0.104950754428,0.104950754428
-5.0,0.0,12.0,570.0,560.0,580.0,0.106725745831,0.106725745831
-5.0,0.0,12.0,590.0,580.0,600.0,0.11806426635,0.11806426635
-5.0,0.0,12.0,610.0,600.0,620.0,0.121394346012,0.121394346012
-5.0,0.0,12.0,630.0,620.0,640.0,0.137833573777,0.137833573777
-5.0,0.0,12.0,650.0,640.0,660.0,0.150752347785,0.150752347785
-5.0,0.0,12.0,670.0,660.0,680.0,0.167229778445,0.167229778445
-5.0,0.0,12.0,690.0,680.0,700.0,0.176699805434,0.176699805434
-5.0,0.0,12.0,710.0,700.0,720.0,0.181717889274,0.181717889274
-5.0,0.0,12.0,730.0,720.0,740.0,0.185351143092,0.185351143092
-5.0,0.0,12.0,750.0,740.0,760.0,0.186164927413,0.186164927413
-5.0,0.0,12.0,770.0,760.0,780.0,0.187994383409,0.187994383409
-5.0,0.0,20.0,390.0,380.0,400.0,0.0134516033609,0.0134516033609
-5.0,0.0,20.0,410.0,400.0,420.0,0.0285455986267,0.0285455986267
-5.0,0.0,20.0,430.0,420.0,440.0,0.0358191107467,0.0358191107467
-5.0,0.0,20.0,450.0,440.0,460.0,0.0531974944457,0.0531974944457
-5.0,0.0,20.0,470.0,460.0,480.0,0.0660711350552,0.0660711350552
-5.0,0.0,20.0,490.0,480.0,500.0,0.0737738344399,0.0737738344399
-5.0,0.0,20.0,510.0,500.0,520.0,0.0780973842603,0.0780973842603
-5.0,0.0,20.0,530.0,520.0,540.0,0.082504181604,0.082504181604
-5.0,0.0,20.0,550.0,540.0,560.0,0.0866604542707,0.0866604542707
-5.0,0.0,20.0,570.0,560.0,580.0,0.0854208708575,0.0854208708575
-5.0,0.0,20.0,590.0,580.0,600.0,0.0917455266367,0.0917455266367
-5.0,0.0,20.0,610.0,600.0,620.0,0.0916821939445,0.0916821939445
-5.0,0.0,20.0,630.0,620.0,640.0,0.101250639274,0.101250639274
-5.0,0.0,20.0,650.0,640.0,660.0,0.107777302472,0.107777302472
-5.0,0.0,20.0,670.0,660.0,680.0,0.116381314389,0.116381314389
-5.0,0.0,20.0,690.0,680.0,700.0,0.119738145226,0.119738145226
-5.0,0.0,20.0,710.0,700.0,720.0,0.119929936183,0.119929936183
-5.0,0.0,20.0,730.0,720.0,740.0,0.119164205623,0.119164205623
-5.0,0.0,20.0,750.0,740.0,760.0,0.11662285223,0.11662285223
-5.0,0.0,20.0,770.0,760.0,780.0,0.114826307656,0.114826307656
-5.0,0.0,30.0,390.0,380.0,400.0,0.0127427020247,0.0127427020247
-5.0,0.0,30.0,410.0,400.0,420.0,0.024457056459,0.024457056459
-5.0,0.0,30.0,430.0,420.0,440.0,0.0281360405691,0.0281360405691
-5.0,0.0,30.0,450.0,440.0,460.0,0.0389303661206,0.0389303661206
-5.0,0.0,30.0,470.0,460.0,480.0,0.0457221998445,0.0457221998445
-5.0,0.0,30.0,490.0,480.0,500.0,0.0488718278428,0.0488718278428
-5.0,0.0,30.0,510.0,500.0,520.0,0.0500031762856,0.0500031762856
-5.0,0.0,30.0,530.0,520.0,540.0,0.0514293165792,0.0514293165792
-5.0,0.0,30.0,550.0,540.0,560.0,0.0528917925932,0.0528917925932
-5.0,0.0,30.0,570.0,560.0,580.0,0.0512570540365,0.0512570540365
-5.0,0.0,30.0,590.0,580.0,600.0,0.0543110745687,0.0543110745687
-5.0,0.0,30.0,610.0,600.0,620.0,0.0536731089485,0.0536731089485
-5.0,0.0,30.0,630.0,620.0,640.0,0.0587417156907,0.0587417156907
-5.0,0.0,30.0,650.0,640.0,660.0,0.062055167044,0.062055167044
-5.0,0.0,30.0,670.0,660.0,680.0,0.0665748321655,0.0665748321655
-5.0,0.0,30.0,690.0,680.0,700.0,0.0681038818065,0.0681038818065
-5.0,0.0,30.0,710.0,700.0,720.0,0.0678617553289,0.0678617553289
-5.0,0.0,30.0,730.0,720.0,740.0,0.0671074446475,0.0671074446475
-5.0,0.0,30.0,750.0,740.0,760.0,0.0653840973838,0.0653840973838
-5.0,0.0,30.0,770.0,760.0,780.0,0.0641001880332,0.0641001880332
-5.0,0.0,45.0,390.0,380.0,400.0,0.0107963816494,0.0107963816494
-5.0,0.0,45.0,410.0,400.0,420.0,0.0188626972387,0.0188626972387
-5.0,0.0,45.0,430.0,420.0,440.0,0.0198177126503,0.0198177126503
-5.0,0.0,45.0,450.0,440.0,460.0,0.0252386776203,0.0252386776203
-5.0,0.0,45.0,470.0,460.0,480.0,0.02756363755,0.02756363755
-5.0,0.0,45.0,490.0,480.0,500.0,0.0276889908337,0.0276889908337
-5.0,0.0,45.0,510.0,500.0,520.0,0.0268893743057,0.0268893743057
-5.0,0.0,45.0,530.0,520.0,540.0,0.0264791251926,0.0264791251926
-5.0,0.0,45.0,550.0,540.0,560.0,0.0262699404009,0.0262699404009
-5.0,0.0,45.0,570.0,560.0,580.0,0.0247097068788,0.0247097068788
-5.0,0.0,45.0,590.0,580.0,600.0,0.0255529957577,0.0255529957577
-5.0,0.0,45.0,610.0,600.0,620.0,0.0247500929011,0.0247500929011
-5.0,0.0,45.0,630.0,620.0,640.0,0.0266559294939,0.0266559294939
-5.0,0.0,45.0,650.0,640.0,660.0,0.027791098165,0.027791098165
-5.0,0.0,45.0,670.0,660.0,680.0,0.0294936183179,0.0294936183179
-5.0,0.0,45.0,690.0,680.0,700.0,0.0299008949723,0.0299008949723
-5.0,0.0,45.0,710.0,700.0,720.0,0.0295719444928,0.0295719444928
-5.0,0.0,45.0,730.0,720.0,740.0,0.0290614085627,0.0290614085627
-5.0,0.0,45.0,750.0,740.0,760.0,0.0281674856256,0.0281674856256
-5.0,0.0,45.0,770.0,760.0,780.0,0.0274966907855,0.0274966907855
-5.0,0.0,60.0,390.0,380.0,400.0,0.00885367602966,0.00885367602966
-5.0,0.0,60.0,410.0,400.0,420.0,0.0145236250137,0.0145236250137
-5.0,0.0,60.0,430.0,420.0,440.0,0.0142875858065,0.0142875858065
-5.0,0.0,60.0,450.0,440.0,460.0,0.0170308063271,0.0170308063271
-5.0,0.0,60.0,470.0,460.0,480.0,0.0174445830638,0.0174445830638
-5.0,0.0,60.0,490.0,480.0,500.0,0.0165005388748,0.0165005388748
-5.0,0.0,60.0,510.0,500.0,520.0,0.0151672925993,0.0151672925993
-5.0,0.0,60.0,530.0,520.0,540.0,0.0142205057289,0.0142205057289
-5.0,0.0,60.0,550.0,540.0,560.0,0.0135108587173,0.0135108587173
-5.0,0.0,60.0,570.0,560.0,580.0,0.0122421122037,0.0122421122037
-5.0,0.0,60.0,590.0,580.0,600.0,0.0122562530377,0.0122562530377
-5.0,0.0,60.0,610.0,600.0,620.0,0.0115506662533,0.0115506662533
-5.0,0.0,60.0,630.0,620.0,640.0,0.0121542489405,0.0121542489405
-5.0,0.0,60.0,650.0,640.0,660.0,0.0124298279507,0.0124298279507
-5.0,0.0,60.0,670.0,660.0,680.0,0.0129834017562,0.0129834017562
-5.0,0.0,60.0,690.0,680.0,700.0,0.0129927729166,0.0129927729166
-5.0,0.0,60.0,710.0,700.0,720.0,0.0127152540075,0.0127152540075
-5.0,0.0,60.0,730.0,720.0,740.0,0.0123904485565,0.0123904485565
-5.0,0.0,60.0,750.0,740.0,760.0,0.0119290487582,0.0119290487582
-5.0,0.0,60.0,770.0,760.0,780.0,0.0115848614434,0.0115848614434
-5.0,0.0,90.0,390.0,380.0,400.0,0.00722610804977,0.00722610804977
-5.0,0.0,90.0,410.0,400.0,420.0,0.0114104997592,0.0114104997592
-5.0,0.0,90.0,430.0,420.0,440.0,0.0107743932976,0.0107743932976
-5.0,0.0,90.0,450.0,440.0,460.0,0.0122906990479,0.0122906990479
-5.0,0.0,90.0,470.0,460.0,480.0,0.0120168428769,0.0120168428769
-5.0,0.0,90.0,490.0,480.0,500.0,0.010828067506,0.010828067506
-5.0,0.0,90.0,510.0,500.0,520.0,0.00947007713695,0.00947007713695
-5.0,0.0,90.0,530.0,520.0,540.0,0.0084445260165,0.0084445260165
-5.0,0.0,90.0,550.0,540.0,560.0,0.00763349209501,0.00763349209501
-5.0,0.0,90.0,570.0,560.0,580.0,0.00658710607779,0.00658710607779
-5.0,0.0,90.0,590.0,580.0,600.0,0.00629001116085,0.00629001116085
-5.0,0.0,90.0,610.0,600.0,620.0,0.00566451568059,0.00566451568059
-5.0,0.0,90.0,630.0,620.0,640.0,0.00570882149586,0.00570882149586
-5.0,0.0,90.0,650.0,640.0,660.0,0.00560544713393,0.00560544713393
-5.0,0.0,90.0,670.0,660.0,680.0,0.00563552769553,0.00563552769553
-5.0,0.0,90.0,690.0,680.0,700.0,0.00544170501652,0.00544170501652
-5.0,0.0,90.0,710.0,700.0,720.0,0.0051508893772,0.0051508893772
-5.0,0.0,90.0,730.0,720.0,740.0,0.00486667986367,0.00486667986367
-5.0,0.0,90.0,750.0,740.0,760.0,0.00455323905145,0.00455323905145
-5.0,0.0,90.0,770.0,760.0,780.0,0.00430716456337,0.00430716456337
-5.0,90.0,0.0,390.0,380.0,400.0,0.00306114020463,0.00306114020463
-5.0,90.0,0.0,410.0,400.0,420.0,0.00529666725126,0.00529666725126
-5.0,90.0,0.0,430.0,420.0,440.0,0.00546703933578,0.00546703933578
-5.0,90.0,0.0,450.0,440.0,460.0,0.00678468360403,0.00678468360403
-5.0,90.0,0.0,470.0,460.0,480.0,0.00717509511024,0.00717509511024
-5.0,90.0,0.0,490.0,480.0,500.0,0.00694865330242,0.00694865330242
-5.0,90.0,0.0,510.0,500.0,520.0,0.00648682240136,0.00648682240136
-5.0,90.0,0.0,530.0,520.0,540.0,0.00613083874029,0.00613083874029
-5.0,90.0,0.0,550.0,540.0,560.0,0.00585445403579,0.00585445403579
-5.0,90.0,0.0,570.0,560.0,580.0,0.00529969134461,0.00529969134461
-5.0,90.0,0.0,590.0,580.0,600.0,0.00531440421255,0.00531440421255
-5.0,90.0,0.0,610.0,600.0,620.0,0.0049965579589,0.0049965579589
-5.0,90.0,0.0,630.0,620.0,640.0,0.00526310490795,0.00526310490795
-5.0,90.0,0.0,650.0,640.0,660.0,0.00537853086351,0.00537853086351
-5.0,90.0,0.0,670.0,660.0,680.0,0.00560528668657,0.00560528668657
-5.0,90.0,0.0,690.0,680.0,700.0,0.00559006322136,0.00559006322136
-5.0,90.0,0.0,710.0,700.0,720.0,0.00544702717486,0.00544702717486
-5.0,90.0,0.0,730.0,720.0,740.0,0.00528318421803,0.00528318421803
-5.0,90.0,0.0,750.0,740.0,760.0,0.00506051235733,0.00506051235733
-5.0,90.0,0.0,770.0,760.0,780.0,0.00489432174582,0.00489432174582
-5.0,90.0,0.5,390.0,380.0,400.0,0.00306330883554,0.00306330883554
-5.0,90.0,0.5,410.0,400.0,420.0,0.00529995931305,0.00529995931305
-5.0,90.0,0.5,430.0,420.0,440.0,0.00547016219742,0.00547016219742
-5.0,90.0,0.5,450.0,440.0,460.0,0.00678851071072,0.00678851071072
-5.0,90.0,0.5,470.0,460.0,480.0,0.00717940881838,0.00717940881838
-5.0,90.0,0.5,490.0,480.0,500.0,0.00695340067009,0.00695340067009
-5.0,90.0,0.5,510.0,500.0,520.0,0.00649205728378,0.00649205728378
-5.0,90.0,0.5,530.0,520.0,540.0,0.00613680680173,0.00613680680173
-5.0,90.0,0.5,550.0,540.0,560.0,0.00586135101258,0.00586135101258
-5.0,90.0,0.5,570.0,560.0,580.0,0.0053072383589,0.0053072383589
-5.0,90.0,0.5,590.0,580.0,600.0,0.0053234623127,0.0053234623127
-5.0,90.0,0.5,610.0,600.0,620.0,0.00500666618516,0.00500666618516
-5.0,90.0,0.5,630.0,620.0,640.0,0.00527558585241,0.00527558585241
-5.0,90.0,0.5,650.0,640.0,660.0,0.00539332738154,0.00539332738154
-5.0,90.0,0.5,670.0,660.0,680.0,0.00562301810095,0.00562301810095
-5.0,90.0,0.5,690.0,680.0,700.0,0.00561024011107,0.00561024011107
-5.0,90.0,0.5,710.0,700.0,720.0,0.00546927045946,0.00546927045946
-5.0,90.0,0.5,730.0,720.0,740.0,0.0053074189813,0.0053074189813
-5.0,90.0,0.5,750.0,740.0,760.0,0.00508643046004,0.00508643046004
-5.0,90.0,0.5,770.0,760.0,780.0,0.00492212536171,0.00492212536171
-5.0,90.0,1.0,390.0,380.0,400.0,0.00311670456027,0.00311670456027
-5.0,90.0,1.0,410.0,400.0,420.0,0.00539978071674,0.00539978071674
-5.0,90.0,1.0,430.0,420.0,440.0,0.00558337293087,0.00558337293087
-5.0,90.0,1.0,450.0,440.0,460.0,0.00694470552303,0.00694470552303
-5.0,90.0,1.0,470.0,460.0,480.0,0.00736400263617,0.00736400263617
-5.0,90.0,1.0,490.0,480.0,500.0,0.00715324214248,0.00715324214248
-5.0,90.0,1.0,510.0,500.0,520.0,0.00669985904893,0.00669985904893
-5.0,90.0,1.0,530.0,520.0,540.0,0.00635441547899,0.00635441547899
-5.0,90.0,1.0,550.0,540.0,560.0,0.00608970864479,0.00608970864479
-5.0,90.0,1.0,570.0,560.0,580.0,0.00553283623666,0.00553283623666
-5.0,90.0,1.0,590.0,580.0,600.0,0.00556802156065,0.00556802156065
-5.0,90.0,1.0,610.0,600.0,620.0,0.00525353136481,0.00525353136481
-5.0,90.0,1.0,630.0,620.0,640.0,0.00555245077858,0.00555245077858
-5.0,90.0,1.0,650.0,640.0,660.0,0.00569272947119,0.00569272947119
-5.0,90.0,1.0,670.0,660.0,680.0,0.00595133351375,0.00595133351375
-5.0,90.0,1.0,690.0,680.0,700.0,0.0059530730401,0.0059530730401
-5.0,90.0,1.0,710.0,700.0,720.0,0.00581750713672,0.00581750713672
-5.0,90.0,1.0,730.0,720.0,740.0,0.00565808967499,0.00565808967499
-5.0,90.0,1.0,750.0,740.0,760.0,0.00543393708674,0.00543393708674
-5.0,90.0,1.0,770.0,760.0,780.0,0.00526853603122,0.00526853603122
-5.0,90.0,2.0,390.0,380.0,400.0,0.00321350783064,0.00321350783064
-5.0,90.0,2.0,410.0,400.0,420.0,0.00557866656255,0.00557866656255
-5.0,90.0,2.0,430.0,420.0,440.0,0.00578238022276,0.00578238022276
-5.0,90.0,2.0,450.0,440.0,460.0,0.00721268591008,0.00721268591008
-5.0,90.0,2.0,470.0,460.0,480.0,0.00767259336664,0.00767259336664
-5.0,90.0,2.0,490.0,480.0,500.0,0.00747906674263,0.00747906674263
-5.0,90.0,2.0,510.0,500.0,520.0,0.00703113683831,0.00703113683831
-5.0,90.0,2.0,530.0,520.0,540.0,0.00669480957994,0.00669480957994
-5.0,90.0,2.0,550.0,540.0,560.0,0.0064417920318,0.0064417920318
-5.0,90.0,2.0,570.0,560.0,580.0,0.00587696039788,0.00587696039788
-5.0,90.0,2.0,590.0,580.0,600.0,0.00593890558361,0.00593890558361
-5.0,90.0,2.0,610.0,600.0,620.0,0.00562688228851,0.00562688228851
-5.0,90.0,2.0,630.0,620.0,640.0,0.00597164967648,0.00597164967648
-5.0,90.0,2.0,650.0,640.0,660.0,0.00614769898563,0.00614769898563
-5.0,90.0,2.0,670.0,660.0,680.0,0.00645313755526,0.00645313755526
-5.0,90.0,2.0,690.0,680.0,700.0,0.00648113416289,0.00648113416289
-5.0,90.0,2.0,710.0,700.0,720.0,0.00635899840877,0.00635899840877
-5.0,90.0,2.0,730.0,720.0,740.0,0.00620933328628,0.00620933328628
-5.0,90.0,2.0,750.0,740.0,760.0,0.00598685873954,0.00598685873954
-5.0,90.0,2.0,770.0,760.0,780.0,0.00582698765355,0.00582698765355
-5.0,90.0,3.0,390.0,380.0,400.0,0.00333854821381,0.00333854821381
-5.0,90.0,3.0,410.0,400.0,420.0,0.00581235872624,0.00581235872624
-5.0,90.0,3.0,430.0,420.0,440.0,0.00604470426794,0.00604470426794
-5.0,90.0,3.0,450.0,440.0,460.0,0.00756835225993,0.00756835225993
-5.0,90.0,3.0,470.0,460.0,480.0,0.00808433327019,0.00808433327019
-5.0,90.0,3.0,490.0,480.0,500.0,0.00791567480334,0.00791567480334
-5.0,90.0,3.0,510.0,500.0,520.0,0.00747674672742,0.00747674672742
-5.0,90.0,3.0,530.0,520.0,540.0,0.00715431353757,0.00715431353757
-5.0,90.0,3.0,550.0,540.0,560.0,0.00691886150756,0.00691886150756
-5.0,90.0,3.0,570.0,560.0,580.0,0.00634494775784,0.00634494775784
-5.0,90.0,3.0,590.0,580.0,600.0,0.00644537094953,0.00644537094953
-5.0,90.0,3.0,610.0,600.0,620.0,0.00613869554144,0.00613869554144
-5.0,90.0,3.0,630.0,620.0,640.0,0.00654869088551,0.00654869088551
-5.0,90.0,3.0,650.0,640.0,660.0,0.00677637141038,0.00677637141038
-5.0,90.0,3.0,670.0,660.0,680.0,0.00714885691098,0.00714885691098
-5.0,90.0,3.0,690.0,680.0,700.0,0.00721534883516,0.00721534883516
-5.0,90.0,3.0,710.0,700.0,720.0,0.00711364791099,0.00711364791099
-5.0,90.0,3.0,730.0,720.0,740.0,0.0069789170556,0.0069789170556
-5.0,90.0,3.0,750.0,740.0,760.0,0.00675962833478,0.00675962833478
-5.0,90.0,3.0,770.0,760.0,780.0,0.00660782979275,0.00660782979275
-5.0,90.0,5.0,390.0,380.0,400.0,0.00364106142918,0.00364106142918
-5.0,90.0,5.0,410.0,400.0,420.0,0.00639230837218,0.00639230837218
-5.0,90.0,5.0,430.0,420.0,440.0,0.00671021305449,0.00671021305449
-5.0,90.0,5.0,450.0,440.0,460.0,0.00848625120732,0.00848625120732
-5.0,90.0,5.0,470.0,460.0,480.0,0.00915944725181,0.00915944725181
-5.0,90.0,5.0,490.0,480.0,500.0,0.0090629751943,0.0090629751943
-5.0,90.0,5.0,510.0,500.0,520.0,0.00864941368751,0.00864941368751
-5.0,90.0,5.0,530.0,520.0,540.0,0.0083600500375,0.0083600500375
-5.0,90.0,5.0,550.0,540.0,560.0,0.00816277837855,0.00816277837855
-5.0,90.0,5.0,570.0,560.0,580.0,0.00755356770835,0.00755356770835
-5.0,90.0,5.0,590.0,580.0,600.0,0.0077380575355,0.0077380575355
-5.0,90.0,5.0,610.0,600.0,620.0,0.00742674154433,0.00742674154433
-5.0,90.0,5.0,630.0,620.0,640.0,0.00797826832963,0.00797826832963
-5.0,90.0,5.0,650.0,640.0,660.0,0.00830715012494,0.00830715012494
-5.0,90.0,5.0,670.0,660.0,680.0,0.00881163127129,0.00881163127129
-5.0,90.0,5.0,690.0,680.0,700.0,0.00893594122408,0.00893594122408
-5.0,90.0,5.0,710.0,700.0,720.0,0.00884628386878,0.00884628386878
-5.0,90.0,5.0,730.0,720.0,740.0,0.00870901777293,0.00870901777293
-5.0,90.0,5.0,750.0,740.0,760.0,0.00845996210316,0.00845996210316
-5.0,90.0,5.0,770.0,760.0,780.0,0.00828888338191,0.00828888338191
-5.0,90.0,8.0,390.0,380.0,400.0,0.00424781958042,0.00424781958042
-5.0,90.0,8.0,410.0,400.0,420.0,0.00757977201226,0.00757977201226
-5.0,90.0,8.0,430.0,420.0,440.0,0.00807361695694,0.00807361695694
-5.0,90.0,8.0,450.0,440.0,460.0,0.0103367740597,0.0103367740597
-5.0,90.0,8.0,470.0,460.0,480.0,0.0112663519882,0.0112663519882
-5.0,90.0,8.0,490.0,480.0,500.0,0.0112299545403,0.0112299545403
-5.0,90.0,8.0,510.0,500.0,520.0,0.0107725514284,0.0107725514284
-5.0,90.0,8.0,530.0,520.0,540.0,0.0104457695663,0.0104457695663
-5.0,90.0,8.0,550.0,540.0,560.0,0.0102141374251,0.0102141374251
-5.0,90.0,8.0,570.0,560.0,580.0,0.00945253705733,0.00945253705733
-5.0,90.0,8.0,590.0,580.0,600.0,0.00967029827859,0.00967029827859
-5.0,90.0,8.0,610.0,600.0,620.0,0.00925914831526,0.00925914831526
-5.0,90.0,8.0,630.0,620.0,640.0,0.00991186210098,0.00991186210098
-5.0,90.0,8.0,650.0,640.0,660.0,0.0102766406221,0.0102766406221
-5.0,90.0,8.0,670.0,660.0,680.0,0.0108481373676,0.0108481373676
-5.0,90.0,8.0,690.0,680.0,700.0,0.0109435481158,0.0109435481158
-5.0,90.0,8.0,710.0,700.0,720.0,0.0107737598434,0.0107737598434
-5.0,90.0,8.0,730.0,720.0,740.0,0.0105454752355,0.0105454752355
-5.0,90.0,8.0,750.0,740.0,760.0,0.0101835779785,0.0101835779785
-5.0,90.0,8.0,770.0,760.0,780.0,0.00991694083398,0.00991694083398
-5.0,90.0,12.0,390.0,380.0,400.0,0.00526734906823,0.00526734906823
-5.0,90.0,12.0,410.0,400.0,420.0,0.00945707758297,0.00945707758297
-5.0,90.0,12.0,430.0,420.0,440.0,0.0100768225694,0.0100768225694
-5.0,90.0,12.0,450.0,440.0,460.0,0.0128504475515,0.0128504475515
-5.0,90.0,12.0,470.0,460.0,480.0,0.0139091243731,0.0139091243731
-5.0,90.0,12.0,490.0,480.0,500.0,0.0137421785498,0.0137421785498
-5.0,90.0,12.0,510.0,500.0,520.0,0.0130523948192,0.0130523948192
-5.0,90.0,12.0,530.0,520.0,540.0,0.0125255659032,0.0125255659032
-5.0,90.0,12.0,550.0,540.0,560.0,0.0121149738947,0.0121149738947
-5.0,90.0,12.0,570.0,560.0,580.0,0.0110920460014,0.0110920460014
-5.0,90.0,12.0,590.0,580.0,600.0,0.0112201016422,0.0112201016422
-5.0,90.0,12.0,610.0,600.0,620.0,0.0106265148879,0.0106265148879
-5.0,90.0,12.0,630.0,620.0,640.0,0.0112480593428,0.0112480593428
-5.0,90.0,12.0,650.0,640.0,660.0,0.0115356541105,0.0115356541105
-5.0,90.0,12.0,670.0,660.0,680.0,0.0120506717568,0.0120506717568
-5.0,90.0,12.0,690.0,680.0,700.0,0.0120358859387,0.0120358859387
-5.0,90.0,12.0,710.0,700.0,720.0,0.0117367313917,0.0117367313917
-5.0,90.0,12.0,730.0,720.0,740.0,0.0113839414226,0.0113839414226
-5.0,90.0,12.0,750.0,740.0,760.0,0.0108985289778,0.0108985289778
-5.0,90.0,12.0,770.0,760.0,780.0,0.0105247766083,0.0105247766083
-5.0,90.0,20.0,390.0,380.0,400.0,0.00694842702728,0.00694842702728
-5.0,90.0,20.0,410.0,400.0,420.0,0.0121576807627,0.0121576807627
-5.0,90.0,20.0,430.0,420.0,440.0,0.0125962453658,0.0125962453658
-5.0,90.0,20.0,450.0,440.0,460.0,0.0156201698311,0.0156201698311
-5.0,90.0,20.0,470.0,460.0,480.0,0.0164613780924,0.0164613780924
-5.0,90.0,20.0,490.0,480.0,500.0,0.0158642549526,0.0158642549526
-5.0,90.0,20.0,510.0,500.0,520.0,0.0147290668172,0.0147290668172
-5.0,90.0,20.0,530.0,520.0,540.0,0.0138462446247,0.0138462446247
-5.0,90.0,20.0,550.0,540.0,560.0,0.0131360943443,0.0131360943443
-5.0,90.0,20.0,570.0,560.0,580.0,0.0118203146963,0.0118203146963
-5.0,90.0,20.0,590.0,580.0,600.0,0.0117534377448,0.0117534377448
-5.0,90.0,20.0,610.0,600.0,620.0,0.0109603870639,0.0109603870639
-5.0,90.0,20.0,630.0,620.0,640.0,0.011424073925,0.011424073925
-5.0,90.0,20.0,650.0,640.0,660.0,0.0115508717942,0.0115508717942
-5.0,90.0,20.0,670.0,660.0,680.0,0.0119097400209,0.0119097400209
-5.0,90.0,20.0,690.0,680.0,700.0,0.0117519506096,0.0117519506096
-5.0,90.0,20.0,710.0,700.0,720.0,0.0113319485053,0.0113319485053
-5.0,90.0,20.0,730.0,720.0,740.0,0.0108767131745,0.0108767131745
-5.0,90.0,20.0,750.0,740.0,760.0,0.0103117071059,0.0103117071059
-5.0,90.0,20.0,770.0,760.0,780.0,0.00986605036094,0.00986605036094
-5.0,90.0,30.0,390.0,380.0,400.0,0.00780788639414,0.00780788639414
-5.0,90.0,30.0,410.0,400.0,420.0,0.0132313069003,0.0132313069003
-5.0,90.0,30.0,430.0,420.0,440.0,0.0133231351596,0.0133231351596
-5.0,90.0,30.0,450.0,440.0,460.0,0.016114957512,0.016114957512
-5.0,90.0,30.0,470.0,460.0,480.0,0.0166202618459,0.0166202618459
-5.0,90.0,30.0,490.0,480.0,500.0,0.0157218939887,0.0157218939887
-5.0,90.0,30.0,510.0,500.0,520.0,0.0143653980229,0.0143653980229
-5.0,90.0,30.0,530.0,520.0,540.0,0.0133202270239,0.0133202270239
-5.0,90.0,30.0,550.0,540.0,560.0,0.0124817349909,0.0124817349909
-5.0,90.0,30.0,570.0,560.0,580.0,0.0111126305141,0.0111126305141
-5.0,90.0,30.0,590.0,580.0,600.0,0.0109358824547,0.0109358824547
-5.0,90.0,30.0,610.0,600.0,620.0,0.0101060219229,0.0101060219229
-5.0,90.0,30.0,630.0,620.0,640.0,0.0104396995491,0.0104396995491
-5.0,90.0,30.0,650.0,640.0,660.0,0.0104707515171,0.0104707515171
-5.0,90.0,30.0,670.0,660.0,680.0,0.0107174837531,0.0107174837531
-5.0,90.0,30.0,690.0,680.0,700.0,0.0105051517782,0.0105051517782
-5.0,90.0,30.0,710.0,700.0,720.0,0.0100681409577,0.0100681409577
-5.0,90.0,30.0,730.0,720.0,740.0,0.00960910199672,0.00960910199672
-5.0,90.0,30.0,750.0,740.0,760.0,0.00906219221687,0.00906219221687
-5.0,90.0,30.0,770.0,760.0,780.0,0.00862741880386,0.00862741880386
-5.0,90.0,45.0,390.0,380.0,400.0,0.00784731873814,0.00784731873814
-5.0,90.0,45.0,410.0,400.0,420.0,0.0129430914522,0.0129430914522
-5.0,90.0,45.0,430.0,420.0,440.0,0.012739670257,0.012739670257
-5.0,90.0,45.0,450.0,440.0,460.0,0.0151192720967,0.0151192720967
-5.0,90.0,45.0,470.0,460.0,480.0,0.0153484729905,0.0153484729905
-5.0,90.0,45.0,490.0,480.0,500.0,0.0143285673884,0.0143285673884
-5.0,90.0,45.0,510.0,500.0,520.0,0.0129495571032,0.0129495571032
-5.0,90.0,45.0,530.0,520.0,540.0,0.0118982587275,0.0118982587275
-5.0,90.0,45.0,550.0,540.0,560.0,0.0110599405968,0.0110599405968
-5.0,90.0,45.0,570.0,560.0,580.0,0.00978074351272,0.00978074351272
-5.0,90.0,45.0,590.0,580.0,600.0,0.00956257146366,0.00956257146366
-5.0,90.0,45.0,610.0,600.0,620.0,0.00878761121983,0.00878761121983
-5.0,90.0,45.0,630.0,620.0,640.0,0.00902777542834,0.00902777542834
-5.0,90.0,45.0,650.0,640.0,660.0,0.009010078046,0.009010078046
-5.0,90.0,45.0,670.0,660.0,680.0,0.00918198292077,0.00918198292077
-5.0,90.0,45.0,690.0,680.0,700.0,0.00896447074322,0.00896447074322
-5.0,90.0,45.0,710.0,700.0,720.0,0.00856022943119,0.00856022943119
-5.0,90.0,45.0,730.0,720.0,740.0,0.00814268074115,0.00814268074115
-5.0,90.0,45.0,750.0,740.0,760.0,0.00765553205097,0.00765553205097
-5.0,90.0,45.0,770.0,760.0,780.0,0.00726702239694,0.00726702239694
-5.0,90.0,60.0,390.0,380.0,400.0,0.00754541278165,0.00754541278165
-5.0,90.0,60.0,410.0,400.0,420.0,0.0121588447183,0.0121588447183
-5.0,90.0,60.0,430.0,420.0,440.0,0.0117230483275,0.0117230483275
-5.0,90.0,60.0,450.0,440.0,460.0,0.0136613639998,0.0136613639998
-5.0,90.0,60.0,470.0,460.0,480.0,0.0136478794417,0.0136478794417
-5.0,90.0,60.0,490.0,480.0,500.0,0.0125634723788,0.0125634723788
-5.0,90.0,60.0,510.0,500.0,520.0,0.0112174324091,0.0112174324091
-5.0,90.0,60.0,530.0,520.0,540.0,0.0102002219691,0.0102002219691
-5.0,90.0,60.0,550.0,540.0,560.0,0.00939379484729,0.00939379484729
-5.0,90.0,60.0,570.0,560.0,580.0,0.0082430518046,0.0082430518046
-5.0,90.0,60.0,590.0,580.0,600.0,0.00799907883245,0.00799907883245
-5.0,90.0,60.0,610.0,600.0,620.0,0.00730534651513,0.00730534651513
-5.0,90.0,60.0,630.0,620.0,640.0,0.00746021599586,0.00746021599586
-5.0,90.0,60.0,650.0,640.0,660.0,0.00740823785455,0.00740823785455
-5.0,90.0,60.0,670.0,660.0,680.0,0.00751827254531,0.00751827254531
-5.0,90.0,60.0,690.0,680.0,700.0,0.0073153629014,0.0073153629014
-5.0,90.0,60.0,710.0,700.0,720.0,0.00696616001188,0.00696616001188
-5.0,90.0,60.0,730.0,720.0,740.0,0.00661192871165,0.00661192871165
-5.0,90.0,60.0,750.0,740.0,760.0,0.00620604191557,0.00620604191557
-5.0,90.0,60.0,770.0,760.0,780.0,0.0058835353749,0.0058835353749
-5.0,90.0,90.0,390.0,380.0,400.0,0.00722610804978,0.00722610804978
-5.0,90.0,90.0,410.0,400.0,420.0,0.0114104997592,0.0114104997592
-5.0,90.0,90.0,430.0,420.0,440.0,0.0107743932976,0.0107743932976
-5.0,90.0,90.0,450.0,440.0,460.0,0.0122906990479,0.0122906990479
-5.0,90.0,90.0,470.0,460.0,480.0,0.0120168428769,0.0120168428769
-5.0,90.0,90.0,490.0,480.0,500.0,0.010828067506,0.010828067506
-5.0,90.0,90.0,510.0,500.0,520.0,0.00947007713696,0.00947007713696
-5.0,90.0,90.0,530.0,520.0,540.0,0.00844452601651,0.00844452601651
-5.0,90.0,90.0,550.0,540.0,560.0,0.00763349209502,0.00763349209502
-5.0,90.0,90.0,570.0,560.0,580.0,0.0065871060778,0.0065871060778
-5.0,90.0,90.0,590.0,580.0,600.0,0.00629001116086,0.00629001116086
-5.0,90.0,90.0,610.0,600.0,620.0,0.00566451568059,0.00566451568059
-5.0,90.0,90.0,630.0,620.0,640.0,0.00570882149586,0.00570882149586
-5.0,90.0,90.0,650.0,640.0,660.0,0.00560544713393,0.00560544713393
-5.0,90.0,90.0,670.0,660.0,680.0,0.00563552769553,0.00563552769553
-5.0,90.0,90.0,690.0,680.0,700.0,0.00544170501652,0.00544170501652
-5.0,90.0,90.0,710.0,700.0,720.0,0.0051508893772,0.0051508893772
-5.0,90.0,90.0,730.0,720.0,740.0,0.00486667986367,0.00486667986367
-5.0,90.0,90.0,750.0,740.0,760.0,0.00455323905145,0.00455323905145
-5.0,90.0,90.0,770.0,760.0,780.0,0.00430716456337,0.00430716456337
-5.0,180.0,0.0,390.0,380.0,400.0,0.00362170487283,0.00362170487283
-5.0,180.0,0.0,410.0,400.0,420.0,0.00621161849082,0.00621161849082
-5.0,180.0,0.0,430.0,420.0,440.0,0.00633790263233,0.00633790263233
-5.0,180.0,0.0,450.0,440.0,460.0,0.00775680677694,0.00775680677694
-5.0,180.0,0.0,470.0,460.0,480.0,0.00807462321418,0.00807462321418
-5.0,180.0,0.0,490.0,480.0,500.0,0.00768619522729,0.00768619522729
-5.0,180.0,0.0,510.0,500.0,520.0,0.00704504392966,0.00704504392966
-5.0,180.0,0.0,530.0,520.0,540.0,0.00653406547694,0.00653406547694
-5.0,180.0,0.0,550.0,540.0,560.0,0.00613138440856,0.00613138440856
-5.0,180.0,0.0,570.0,560.0,580.0,0.00545837782333,0.00545837782333
-5.0,180.0,0.0,590.0,580.0,600.0,0.00540504416858,0.00540504416858
-5.0,180.0,0.0,610.0,600.0,620.0,0.00502952239523,0.00502952239523
-5.0,180.0,0.0,630.0,620.0,640.0,0.00526975943259,0.00526975943259
-5.0,180.0,0.0,650.0,640.0,660.0,0.00537778449713,0.00537778449713
-5.0,180.0,0.0,670.0,660.0,680.0,0.00561910184225,0.00561910184225
-5.0,180.0,0.0,690.0,680.0,700.0,0.00564111075672,0.00564111075672
-5.0,180.0,0.0,710.0,700.0,720.0,0.00555972575729,0.00555972575729
-5.0,180.0,0.0,730.0,720.0,740.0,0.005480349529,0.005480349529
-5.0,180.0,0.0,750.0,740.0,760.0,0.00536231157351,0.00536231157351
-5.0,180.0,0.0,770.0,760.0,780.0,0.00532126939543,0.00532126939543
-5.0,180.0,0.5,390.0,380.0,400.0,0.00370866712538,0.00370866712538
-5.0,180.0,0.5,410.0,400.0,420.0,0.00635487010162,0.00635487010162
-5.0,180.0,0.5,430.0,420.0,440.0,0.00647845685427,0.00647845685427
-5.0,180.0,0.5,450.0,440.0,460.0,0.00792345733022,0.00792345733022
-5.0,180.0,0.5,470.0,460.0,480.0,0.00824447402987,0.00824447402987
-5.0,180.0,0.5,490.0,480.0,500.0,0.00784684415681,0.00784684415681
-5.0,180.0,0.5,510.0,500.0,520.0,0.00719407732444,0.00719407732444
-5.0,180.0,0.5,530.0,520.0,540.0,0.00667645861469,0.00667645861469
-5.0,180.0,0.5,550.0,540.0,560.0,0.0062678602443,0.0062678602443
-5.0,180.0,0.5,570.0,560.0,580.0,0.00558392082031,0.00558392082031
-5.0,180.0,0.5,590.0,580.0,600.0,0.00552743066137,0.00552743066137
-5.0,180.0,0.5,610.0,600.0,620.0,0.00514148787888,0.00514148787888
-5.0,180.0,0.5,630.0,620.0,640.0,0.00537878410337,0.00537878410337
-5.0,180.0,0.5,650.0,640.0,660.0,0.00547810355131,0.00547810355131
-5.0,180.0,0.5,670.0,660.0,680.0,0.00570921616602,0.00570921616602
-5.0,180.0,0.5,690.0,680.0,700.0,0.00571492848701,0.00571492848701
-5.0,180.0,0.5,710.0,700.0,720.0,0.00561305365712,0.00561305365712
-5.0,180.0,0.5,730.0,720.0,740.0,0.00551216270091,0.00551216270091
-5.0,180.0,0.5,750.0,740.0,760.0,0.00537237207549,0.00537237207549
-5.0,180.0,0.5,770.0,760.0,780.0,0.0053088332255,0.0053088332255
-5.0,180.0,1.0,390.0,380.0,400.0,0.00377617630893,0.00377617630893
-5.0,180.0,1.0,410.0,400.0,420.0,0.00646838349122,0.00646838349122
-5.0,180.0,1.0,430.0,420.0,440.0,0.00659207243732,0.00659207243732
-5.0,180.0,1.0,450.0,440.0,460.0,0.00806009353066,0.00806009353066
-5.0,180.0,1.0,470.0,460.0,480.0,0.00838448036861,0.00838448036861
-5.0,180.0,1.0,490.0,480.0,500.0,0.00797842298664,0.00797842298664
-5.0,180.0,1.0,510.0,500.0,520.0,0.00731358796231,0.00731358796231
-5.0,180.0,1.0,530.0,520.0,540.0,0.00678677909718,0.00678677909718
-5.0,180.0,1.0,550.0,540.0,560.0,0.00637085692974,0.00637085692974
-5.0,180.0,1.0,570.0,560.0,580.0,0.00567517122513,0.00567517122513
-5.0,180.0,1.0,590.0,580.0,600.0,0.00561648141483,0.00561648141483
-5.0,180.0,1.0,610.0,600.0,620.0,0.00522228067799,0.00522228067799
-5.0,180.0,1.0,630.0,620.0,640.0,0.0054598540988,0.0054598540988
-5.0,180.0,1.0,650.0,640.0,660.0,0.00555479866461,0.00555479866461
-5.0,180.0,1.0,670.0,660.0,680.0,0.00577960456724,0.00577960456724
-5.0,180.0,1.0,690.0,680.0,700.0,0.00577444556375,0.00577444556375
-5.0,180.0,1.0,710.0,700.0,720.0,0.00565607421347,0.00565607421347
-5.0,180.0,1.0,730.0,720.0,740.0,0.00553602169786,0.00553602169786
-5.0,180.0,1.0,750.0,740.0,760.0,0.00537402570955,0.00537402570955
-5.0,180.0,1.0,770.0,760.0,780.0,0.00528813273967,0.00528813273967
-5.0,180.0,2.0,390.0,380.0,400.0,0.0039348557373,0.0039348557373
-5.0,180.0,2.0,410.0,400.0,420.0,0.00674053251293,0.00674053251293
-5.0,180.0,2.0,430.0,420.0,440.0,0.00687021031374,0.00687021031374
-5.0,180.0,2.0,450.0,440.0,460.0,0.00840199618741,0.00840199618741
-5.0,180.0,2.0,470.0,460.0,480.0,0.00874306212871,0.00874306212871
-5.0,180.0,2.0,490.0,480.0,500.0,0.00832296158469,0.00832296158469
-5.0,180.0,2.0,510.0,500.0,520.0,0.00763351372045,0.00763351372045
-5.0,180.0,2.0,530.0,520.0,540.0,0.00708822542521,0.00708822542521
-5.0,180.0,2.0,550.0,540.0,560.0,0.00665861776334,0.00665861776334
-5.0,180.0,2.0,570.0,560.0,580.0,0.00593629429192,0.00593629429192
-5.0,180.0,2.0,590.0,580.0,600.0,0.00588066771464,0.00588066771464
-5.0,180.0,2.0,610.0,600.0,620.0,0.00547393726801,0.00547393726801
-5.0,180.0,2.0,630.0,620.0,640.0,0.00572837669712,0.00572837669712
-5.0,180.0,2.0,650.0,640.0,660.0,0.00583249946496,0.00583249946496
-5.0,180.0,2.0,670.0,660.0,680.0,0.00607214391807,0.00607214391807
-5.0,180.0,2.0,690.0,680.0,700.0,0.00606821133136,0.00606821133136
-5.0,180.0,2.0,710.0,700.0,720.0,0.00594213371143,0.00594213371143
-5.0,180.0,2.0,730.0,720.0,740.0,0.00580834270641,0.00580834270641
-5.0,180.0,2.0,750.0,740.0,760.0,0.00562332123097,0.00562332123097
-5.0,180.0,2.0,770.0,760.0,780.0,0.0055157279004,0.0055157279004
-5.0,180.0,3.0,390.0,380.0,400.0,0.00411831462623,0.00411831462623
-5.0,180.0,3.0,410.0,400.0,420.0,0.00706384532106,0.00706384532106
-5.0,180.0,3.0,430.0,420.0,440.0,0.00720972731372,0.00720972731372
-5.0,180.0,3.0,450.0,440.0,460.0,0.00883019374732,0.00883019374732
-5.0,180.0,3.0,470.0,460.0,480.0,0.00920268099965,0.00920268099965
-5.0,180.0,3.0,490.0,480.0,500.0,0.00877450894849,0.00877450894849
-5.0,180.0,3.0,510.0,500.0,520.0,0.00806087943694,0.00806087943694
-5.0,180.0,3.0,530.0,520.0,540.0,0.0074981017395,0.0074981017395
-5.0,180.0,3.0,550.0,540.0,560.0,0.00705618478116,0.00705618478116
-5.0,180.0,3.0,570.0,560.0,580.0,0.00630256588986,0.00630256588986
-5.0,180.0,3.0,590.0,580.0,600.0,0.00625652397278,0.00625652397278
-5.0,180.0,3.0,610.0,600.0,620.0,0.00583654672903,0.00583654672903
-5.0,180.0,3.0,630.0,620.0,640.0,0.00612311419085,0.00612311419085
-5.0,180.0,3.0,650.0,640.0,660.0,0.00625070563334,0.00625070563334
-5.0,180.0,3.0,670.0,660.0,680.0,0.00652634112783,0.00652634112783
-5.0,180.0,3.0,690.0,680.0,700.0,0.00653803419021,0.00653803419021
-5.0,180.0,3.0,710.0,700.0,720.0,0.00641877127385,0.00641877127385
-5.0,180.0,3.0,730.0,720.0,740.0,0.00629014635428,0.00629014635428
-5.0,180.0,3.0,750.0,740.0,760.0,0.00610125903197,0.00610125903197
-5.0,180.0,3.0,770.0,760.0,780.0,0.00599135840842,0.00599135840842
-5.0,180.0,5.0,390.0,380.0,400.0,0.00452787199561,0.00452787199561
-5.0,180.0,5.0,410.0,400.0,420.0,0.0078110899207,0.0078110899207
-5.0,180.0,5.0,430.0,420.0,440.0,0.0080249892052,0.0080249892052
-5.0,180.0,5.0,450.0,440.0,460.0,0.00989987707899,0.00989987707899
-5.0,180.0,5.0,470.0,460.0,480.0,0.0103960945198,0.0103960945198
-5.0,180.0,5.0,490.0,480.0,500.0,0.00998924422,0.00998924422
-5.0,180.0,5.0,510.0,500.0,520.0,0.00924642684169,0.00924642684169
-5.0,180.0,5.0,530.0,520.0,540.0,0.00866250769877,0.00866250769877
-5.0,180.0,5.0,550.0,540.0,560.0,0.00820699368985,0.00820699368985
-5.0,180.0,5.0,570.0,560.0,580.0,0.00737366637251,0.00737366637251
-5.0,180.0,5.0,590.0,580.0,600.0,0.00736166297301,0.00736166297301
-5.0,180.0,5.0,610.0,600.0,620.0,0.00689741010206,0.00689741010206
-5.0,180.0,5.0,630.0,620.0,640.0,0.00726735466989,0.00726735466989
-5.0,180.0,5.0,650.0,640.0,660.0,0.00744263960497,0.00744263960497
-5.0,180.0,5.0,670.0,660.0,680.0,0.00778571844909,0.00778571844909
-5.0,180.0,5.0,690.0,680.0,700.0,0.00780815249121,0.00780815249121
-5.0,180.0,5.0,710.0,700.0,720.0,0.00766394832409,0.00766394832409
-5.0,180.0,5.0,730.0,720.0,740.0,0.00750224809708,0.00750224809708
-5.0,180.0,5.0,750.0,740.0,760.0,0.00726515072052,0.00726515072052
-5.0,180.0,5.0,770.0,760.0,780.0,0.00711716856006,0.00711716856006
-5.0,180.0,8.0,390.0,380.0,400.0,0.00533107374371,0.00533107374371
-5.0,180.0,8.0,410.0,400.0,420.0,0.00936744657087,0.00936744657087
-5.0,180.0,8.0,430.0,420.0,440.0,0.00979230094676,0.00979230094676
-5.0,180.0,8.0,450.0,440.0,460.0,0.0122645346932,0.0122645346932
-5.0,180.0,8.0,470.0,460.0,480.0,0.0130396742847,0.0130396742847
-5.0,180.0,8.0,490.0,480.0,500.0,0.0126479876353,0.0126479876353
-5.0,180.0,8.0,510.0,500.0,520.0,0.0117831077806,0.0117831077806
-5.0,180.0,8.0,530.0,520.0,540.0,0.01107922189,0.01107922189
-5.0,180.0,8.0,550.0,540.0,560.0,0.0105099847863,0.0105099847863
-5.0,180.0,8.0,570.0,560.0,580.0,0.0094316141856,0.0094316141856
-5.0,180.0,8.0,590.0,580.0,600.0,0.00938894610634,0.00938894610634
-5.0,180.0,8.0,610.0,600.0,620.0,0.00875254102198,0.00875254102198
-5.0,180.0,8.0,630.0,620.0,640.0,0.00916198265069,0.00916198265069
-5.0,180.0,8.0,650.0,640.0,660.0,0.00930641733805,0.00930641733805
-5.0,180.0,8.0,670.0,660.0,680.0,0.009640739063,0.009640739063
-5.0,180.0,8.0,690.0,680.0,700.0,0.00956200314163,0.00956200314163
-5.0,180.0,8.0,710.0,700.0,720.0,0.00927463943768,0.00927463943768
-5.0,180.0,8.0,730.0,720.0,740.0,0.00896352807346,0.00896352807346
-5.0,180.0,8.0,750.0,740.0,760.0,0.00856340127339,0.00856340127339
-5.0,180.0,8.0,770.0,760.0,780.0,0.00827175390948,0.00827175390948
-5.0,180.0,12.0,390.0,380.0,400.0,0.00674599708274,0.00674599708274
-5.0,180.0,12.0,410.0,400.0,420.0,0.0120094755654,0.0120094755654
-5.0,180.0,12.0,430.0,420.0,440.0,0.0126296718244,0.0126296718244
-5.0,180.0,12.0,450.0,440.0,460.0,0.0158204790743,0.0158204790743
-5.0,180.0,12.0,470.0,460.0,480.0,0.0167474874311,0.0167474874311
-5.0,180.0,12.0,490.0,480.0,500.0,0.0161218022631,0.0161218022631
-5.0,180.0,12.0,510.0,500.0,520.0,0.0148728810758,0.0148728810758
-5.0,180.0,12.0,530.0,520.0,540.0,0.0138285382853,0.0138285382853
-5.0,180.0,12.0,550.0,540.0,560.0,0.0129534683935,0.0129534683935
-5.0,180.0,12.0,570.0,560.0,580.0,0.0114729483006,0.0114729483006
-5.0,180.0,12.0,590.0,580.0,600.0,0.0112546973419,0.0112546973419
-5.0,180.0,12.0,610.0,600.0,620.0,0.0103384836249,0.0103384836249
-5.0,180.0,12.0,630.0,620.0,640.0,0.0106499309562,0.0106499309562
-5.0,180.0,12.0,650.0,640.0,660.0,0.0106444615039,0.0106444615039
-5.0,180.0,12.0,670.0,660.0,680.0,0.0108527394287,0.0108527394287
-5.0,180.0,12.0,690.0,680.0,700.0,0.010597495936,0.010597495936
-5.0,180.0,12.0,710.0,700.0,720.0,0.0101209648952,0.0101209648952
-5.0,180.0,12.0,730.0,720.0,740.0,0.00963748565295,0.00963748565295
-5.0,180.0,12.0,750.0,740.0,760.0,0.00907506461921,0.00907506461921
-5.0,180.0,12.0,770.0,760.0,780.0,0.00864156372628,0.00864156372628
-5.0,180.0,20.0,390.0,380.0,400.0,0.0091891810455,0.0091891810455
-5.0,180.0,20.0,410.0,400.0,420.0,0.016010509087,0.016010509087
-5.0,180.0,20.0,430.0,420.0,440.0,0.0164037048891,0.0164037048891
-5.0,180.0,20.0,450.0,440.0,460.0,0.0199838730804,0.0199838730804
-5.0,180.0,20.0,470.0,460.0,480.0,0.0205714164711,0.0205714164711
-5.0,180.0,20.0,490.0,480.0,500.0,0.0192725185414,0.0192725185414
-5.0,180.0,20.0,510.0,500.0,520.0,0.0173279677214,0.0173279677214
-5.0,180.0,20.0,530.0,520.0,540.0,0.0157294696435,0.0157294696435
-5.0,180.0,20.0,550.0,540.0,560.0,0.0143922003814,0.0143922003814
-5.0,180.0,20.0,570.0,560.0,580.0,0.0124756089662,0.0124756089662
-5.0,180.0,20.0,590.0,580.0,600.0,0.0119639281464,0.0119639281464
-5.0,180.0,20.0,610.0,600.0,620.0,0.0107621794289,0.0107621794289
-5.0,180.0,20.0,630.0,620.0,640.0,0.0108435479255,0.0108435479255
-5.0,180.0,20.0,650.0,640.0,660.0,0.0106129969354,0.0106129969354
-5.0,180.0,20.0,670.0,660.0,680.0,0.0106092810791,0.0106092810791
-5.0,180.0,20.0,690.0,680.0,700.0,0.01016804899,0.01016804899
-5.0,180.0,20.0,710.0,700.0,720.0,0.00954182332848,0.00954182332848
-5.0,180.0,20.0,730.0,720.0,740.0,0.00893294985241,0.00893294985241
-5.0,180.0,20.0,750.0,740.0,760.0,0.00827815559381,0.00827815559381
-5.0,180.0,20.0,770.0,760.0,780.0,0.00776196576497,0.00776196576497
-5.0,180.0,30.0,390.0,380.0,400.0,0.0103284749761,0.0103284749761
-5.0,180.0,30.0,410.0,400.0,420.0,0.0174045244612,0.0174045244612
-5.0,180.0,30.0,430.0,420.0,440.0,0.0172948870965,0.0172948870965
-5.0,180.0,30.0,450.0,440.0,460.0,0.020499197587,0.020499197587
-5.0,180.0,30.0,470.0,460.0,480.0,0.0205926455684,0.0205926455684
-5.0,180.0,30.0,490.0,480.0,500.0,0.0188793341637,0.0188793341637
-5.0,180.0,30.0,510.0,500.0,520.0,0.0166548565814,0.0166548565814
-5.0,180.0,30.0,530.0,520.0,540.0,0.0148699450306,0.0148699450306
-5.0,180.0,30.0,550.0,540.0,560.0,0.0133996645197,0.0133996645197
-5.0,180.0,30.0,570.0,560.0,580.0,0.0114647033241,0.0114647033241
-5.0,180.0,30.0,590.0,580.0,600.0,0.0108512647394,0.0108512647394
-5.0,180.0,30.0,610.0,600.0,620.0,0.00965246228212,0.00965246228212
-5.0,180.0,30.0,630.0,620.0,640.0,0.00961589535812,0.00961589535812
-5.0,180.0,30.0,650.0,640.0,660.0,0.00931864832919,0.00931864832919
-5.0,180.0,30.0,670.0,660.0,680.0,0.00923681636092,0.00923681636092
-5.0,180.0,30.0,690.0,680.0,700.0,0.00879010392335,0.00879010392335
-5.0,180.0,30.0,710.0,700.0,720.0,0.00820057572678,0.00820057572678
-5.0,180.0,30.0,730.0,720.0,740.0,0.00764022952025,0.00764022952025
-5.0,180.0,30.0,750.0,740.0,760.0,0.00705527006006,0.00705527006006
-5.0,180.0,30.0,770.0,760.0,780.0,0.00659550206025,0.00659550206025
-5.0,180.0,45.0,390.0,380.0,400.0,0.0098562132774,0.0098562132774
-5.0,180.0,45.0,410.0,400.0,420.0,0.0160031384838,0.0160031384838
-5.0,180.0,45.0,430.0,420.0,440.0,0.0154047049004,0.0154047049004
-5.0,180.0,45.0,450.0,440.0,460.0,0.0177722303548,0.0177722303548
-5.0,180.0,45.0,470.0,460.0,480.0,0.0174486521576,0.0174486521576
-5.0,180.0,45.0,490.0,480.0,500.0,0.0156884834826,0.0156884834826
-5.0,180.0,45.0,510.0,500.0,520.0,0.013614189758,0.013614189758
-5.0,180.0,45.0,530.0,520.0,540.0,0.0119870715179,0.0119870715179
-5.0,180.0,45.0,550.0,540.0,560.0,0.010665376798,0.010665376798
-5.0,180.0,45.0,570.0,560.0,580.0,0.00902671653909,0.00902671653909
-5.0,180.0,45.0,590.0,580.0,600.0,0.00844660240754,0.00844660240754
-5.0,180.0,45.0,610.0,600.0,620.0,0.00743689950109,0.00743689950109
-5.0,180.0,45.0,630.0,620.0,640.0,0.00732720097411,0.00732720097411
-5.0,180.0,45.0,650.0,640.0,660.0,0.00702590674378,0.00702590674378
-5.0,180.0,45.0,670.0,660.0,680.0,0.00689319290112,0.00689319290112
-5.0,180.0,45.0,690.0,680.0,700.0,0.00649395045177,0.00649395045177
-5.0,180.0,45.0,710.0,700.0,720.0,0.00599748656593,0.00599748656593
-5.0,180.0,45.0,730.0,720.0,740.0,0.00553096044562,0.00553096044562
-5.0,180.0,45.0,750.0,740.0,760.0,0.00505398781532,0.00505398781532
-5.0,180.0,45.0,770.0,760.0,780.0,0.00467384275319,0.00467384275319
-5.0,180.0,60.0,390.0,380.0,400.0,0.00870571272057,0.00870571272057
-5.0,180.0,60.0,410.0,400.0,420.0,0.0138951433899,0.0138951433899
-5.0,180.0,60.0,430.0,420.0,440.0,0.0131894960708,0.0131894960708
-5.0,180.0,60.0,450.0,440.0,460.0,0.0150445889428,0.0150445889428
-5.0,180.0,60.0,470.0,460.0,480.0,0.0146361032211,0.0146361032211
-5.0,180.0,60.0,490.0,480.0,500.0,0.0130639877267,0.0130639877267
-5.0,180.0,60.0,510.0,500.0,520.0,0.0112724471491,0.0112724471491
-5.0,180.0,60.0,530.0,520.0,540.0,0.00988260748191,0.00988260748191
-5.0,180.0,60.0,550.0,540.0,560.0,0.0087633340455,0.0087633340455
-5.0,180.0,60.0,570.0,560.0,580.0,0.00739990386486,0.00739990386486
-5.0,180.0,60.0,590.0,580.0,600.0,0.00691079004686,0.00691079004686
-5.0,180.0,60.0,610.0,600.0,620.0,0.00607762369951,0.00607762369951
-5.0,180.0,60.0,630.0,620.0,640.0,0.00598208544013,0.00598208544013
-5.0,180.0,60.0,650.0,640.0,660.0,0.00573349707571,0.00573349707571
-5.0,180.0,60.0,670.0,660.0,680.0,0.00562522566635,0.00562522566635
-5.0,180.0,60.0,690.0,680.0,700.0,0.00530114233106,0.00530114233106
-5.0,180.0,60.0,710.0,700.0,720.0,0.0048988116977,0.0048988116977
-5.0,180.0,60.0,730.0,720.0,740.0,0.0045211872994,0.0045211872994
-5.0,180.0,60.0,750.0,740.0,760.0,0.00413474646185,0.00413474646185
-5.0,180.0,60.0,770.0,760.0,780.0,0.00382712102302,0.00382712102302
-5.0,180.0,90.0,390.0,380.0,400.0,0.00722610804978,0.00722610804978
-5.0,180.0,90.0,410.0,400.0,420.0,0.0114104997592,0.0114104997592
-5.0,180.0,90.0,430.0,420.0,440.0,0.0107743932976,0.0107743932976
-5.0,180.0,90.0,450.0,440.0,460.0,0.0122906990479,0.0122906990479
-5.0,180.0,90.0,470.0,460.0,480.0,0.0120168428769,0.0120168428769
-5.0,180.0,90.0,490.0,480.0,500.0,0.010828067506,0.010828067506
-5.0,180.0,90.0,510.0,500.0,520.0,0.00947007713696,0.00947007713696
-5.0,180.0,90.0,530.0,520.0,540.0,0.00844452601651,0.00844452601651
-5.0,180.0,90.0,550.0,540.0,560.0,0.00763349209502,0.00763349209502
-5.0,180.0,90.0,570.0,560.0,580.0,0.0065871060778,0.0065871060778
-5.0,180.0,90.0,590.0,580.0,600.0,0.00629001116086,0.00629001116086
-5.0,180.0,90.0,610.0,600.0,620.0,0.00566451568059,0.00566451568059
-5.0,180.0,90.0,630.0,620.0,640.0,0.00570882149586,0.00570882149586
-5.0,180.0,90.0,650.0,640.0,660.0,0.00560544713393,0.00560544713393
-5.0,180.0,90.0,670.0,660.0,680.0,0.00563552769553,0.00563552769553
-5.0,180.0,90.0,690.0,680.0,700.0,0.00544170501652,0.00544170501652
-5.0,180.0,90.0,710.0,700.0,720.0,0.0051508893772,0.0051508893772
-5.0,180.0,90.0,730.0,720.0,740.0,0.00486667986367,0.00486667986367
-5.0,180.0,90.0,750.0,740.0,760.0,0.00455323905145,0.00455323905145
-5.0,180.0,90.0,770.0,760.0,780.0,0.00430716456337,0.00430716456337
-2.0,0.0,0.0,390.0,380.0,400.0,0.00196184129989,0.00196184129989
-2.0,0.0,0.0,410.0,400.0,420.0,0.00359465337483,0.00359465337483
-2.0,0.0,0.0,430.0,420.0,440.0,0.00398410435415,0.00398410435415
-2.0,0.0,0.0,450.0,440.0,460.0,0.00537319006232,0.00537319006232
-2.0,0.0,0.0,470.0,460.0,480.0,0.00624277789237,0.00624277789237
-2.0,0.0,0.0,490.0,480.0,500.0,0.00669900557794,0.00669900557794
-2.0,0.0,0.0,510.0,500.0,520.0,0.00696574820597,0.00696574820597
-2.0,0.0,0.0,530.0,520.0,540.0,0.00737255387967,0.00737255387967
-2.0,0.0,0.0,550.0,540.0,560.0,0.00810296052774,0.00810296052774
-2.0,0.0,0.0,570.0,560.0,580.0,0.00847935967097,0.00847935967097
-2.0,0.0,0.0,590.0,580.0,600.0,0.0103718086999,0.0103718086999
-2.0,0.0,0.0,610.0,600.0,620.0,0.0119302213529,0.0119302213529
-2.0,0.0,0.0,630.0,620.0,640.0,0.0160812924529,0.0160812924529
-2.0,0.0,0.0,650.0,640.0,660.0,0.021091586604,0.021091586604
-2.0,0.0,0.0,670.0,660.0,680.0,0.028083648667,0.028083648667
-2.0,0.0,0.0,690.0,680.0,700.0,0.0355519288988,0.0355519288988
-2.0,0.0,0.0,710.0,700.0,720.0,0.0436318122353,0.0436318122353
-2.0,0.0,0.0,730.0,720.0,740.0,0.0527636690739,0.0527636690739
-2.0,0.0,0.0,750.0,740.0,760.0,0.0622195823743,0.0622195823743
-2.0,0.0,0.0,770.0,760.0,780.0,0.0735168446023,0.0735168446023
-2.0,0.0,0.5,390.0,380.0,400.0,0.00192547204093,0.00192547204093
-2.0,0.0,0.5,410.0,400.0,420.0,0.00353361764195,0.00353361764195
-2.0,0.0,0.5,430.0,420.0,440.0,0.00392953348944,0.00392953348944
-2.0,0.0,0.5,450.0,440.0,460.0,0.00533768314047,0.00533768314047
-2.0,0.0,0.5,470.0,460.0,480.0,0.00628833008368,0.00628833008368
-2.0,0.0,0.5,490.0,480.0,500.0,0.00690907099941,0.00690907099941
-2.0,0.0,0.5,510.0,500.0,520.0,0.00744220533218,0.00744220533218
-2.0,0.0,0.5,530.0,520.0,540.0,0.00825634902813,0.00825634902813
-2.0,0.0,0.5,550.0,540.0,560.0,0.00959728152925,0.00959728152925
-2.0,0.0,0.5,570.0,560.0,580.0,0.0106630628013,0.0106630628013
-2.0,0.0,0.5,590.0,580.0,600.0,0.0138121793663,0.0138121793663
-2.0,0.0,0.5,610.0,600.0,620.0,0.0167100190994,0.0167100190994
-2.0,0.0,0.5,630.0,620.0,640.0,0.0234523462955,0.0234523462955
-2.0,0.0,0.5,650.0,640.0,660.0,0.0317040496866,0.0317040496866
-2.0,0.0,0.5,670.0,660.0,680.0,0.0431071420042,0.0431071420042
-2.0,0.0,0.5,690.0,680.0,700.0,0.0552783274769,0.0552783274769
-2.0,0.0,0.5,710.0,700.0,720.0,0.0682766752494,0.0682766752494
-2.0,0.0,0.5,730.0,720.0,740.0,0.0826779769633,0.0826779769633
-2.0,0.0,0.5,750.0,740.0,760.0,0.0972602806537,0.0972602806537
-2.0,0.0,0.5,770.0,760.0,780.0,0.114345057213,0.114345057213
-2.0,0.0,1.0,390.0,380.0,400.0,0.00194158165138,0.00194158165138
-2.0,0.0,1.0,410.0,400.0,420.0,0.00357936973308,0.00357936973308
-2.0,0.0,1.0,430.0,420.0,440.0,0.00402296934308,0.00402296934308
-2.0,0.0,1.0,450.0,440.0,460.0,0.00558358198179,0.00558358198179
-2.0,0.0,1.0,470.0,460.0,480.0,0.00682478658831,0.00682478658831
-2.0,0.0,1.0,490.0,480.0,500.0,0.00791232844124,0.00791232844124
-2.0,0.0,1.0,510.0,500.0,520.0,0.00911971103141,0.00911971103141
-2.0,0.0,1.0,530.0,520.0,540.0,0.0109000055203,0.0109000055203
-2.0,0.0,1.0,550.0,540.0,560.0,0.0136058132118,0.0136058132118
-2.0,0.0,1.0,570.0,560.0,580.0,0.0160847667927,0.0160847667927
-2.0,0.0,1.0,590.0,580.0,600.0,0.0218263122575,0.0218263122575
-2.0,0.0,1.0,610.0,600.0,620.0,0.0272970636423,0.0272970636423
-2.0,0.0,1.0,630.0,620.0,640.0,0.0390719907322,0.0390719907322
-2.0,0.0,1.0,650.0,640.0,660.0,0.0533658900442,0.0533658900442
-2.0,0.0,1.0,670.0,660.0,680.0,0.072803114332,0.072803114332
-2.0,0.0,1.0,690.0,680.0,700.0,0.0931978812929,0.0931978812929
-2.0,0.0,1.0,710.0,700.0,720.0,0.114497911214,0.114497911214
-2.0,0.0,1.0,730.0,720.0,740.0,0.137577287772,0.137577287772
-2.0,0.0,1.0,750.0,740.0,760.0,0.160346084301,0.160346084301
-2.0,0.0,1.0,770.0,760.0,780.0,0.186585319416,0.186585319416
-2.0,0.0,2.0,390.0,380.0,400.0,0.00205490721235,0.00205490721235
-2.0,0.0,2.0,410.0,400.0,420.0,0.00388851296575,0.00388851296575
-2.0,0.0,2.0,430.0,420.0,440.0,0.00462316707402,0.00462316707402
-2.0,0.0,2.0,450.0,440.0,460.0,0.00705769439697,0.00705769439697
-2.0,0.0,2.0,470.0,460.0,480.0,0.0098082917621,0.0098082917621
-2.0,0.0,2.0,490.0,480.0,500.0,0.013103857377,0.013103857377
-2.0,0.0,2.0,510.0,500.0,520.0,0.0172452537506,0.0172452537506
-2.0,0.0,2.0,530.0,520.0,540.0,0.02296705179,0.02296705179
-2.0,0.0,2.0,550.0,540.0,560.0,0.0309604349584,0.0309604349584
-2.0,0.0,2.0,570.0,560.0,580.0,0.0384739339929,0.0384739339929
-2.0,0.0,2.0,590.0,580.0,600.0,0.0535580292393,0.0535580292393
-2.0,0.0,2.0,610.0,600.0,620.0,0.0676800907249,0.0676800907249
-2.0,0.0,2.0,630.0,620.0,640.0,0.0967032638135,0.0967032638135
-2.0,0.0,2.0,650.0,640.0,660.0,0.130956498318,0.130956498318
-2.0,0.0,2.0,670.0,660.0,680.0,0.176391888826,0.176391888826
-2.0,0.0,2.0,690.0,680.0,700.0,0.222389573682,0.222389573682
-2.0,0.0,2.0,710.0,700.0,720.0,0.268652735857,0.268652735857
-2.0,0.0,2.0,730.0,720.0,740.0,0.317241828373,0.317241828373
-2.0,0.0,2.0,750.0,740.0,760.0,0.363347522333,0.363347522333
-2.0,0.0,2.0,770.0,760.0,780.0,0.415570655421,0.415570655421
-2.0,0.0,3.0,390.0,380.0,400.0,0.00213447553871,0.00213447553871
-2.0,0.0,3.0,410.0,400.0,420.0,0.00406716454076,0.00406716454076
-2.0,0.0,3.0,430.0,420.0,440.0,0.00489697406078,0.00489697406078
-2.0,0.0,3.0,450.0,440.0,460.0,0.00762309068571,0.00762309068571
-2.0,0.0,3.0,470.0,460.0,480.0,0.0108532894845,0.0108532894845
-2.0,0.0,3.0,490.0,480.0,500.0,0.0148594463619,0.0148594463619
-2.0,0.0,3.0,510.0,500.0,520.0,0.0199782699537,0.0199782699537
-2.0,0.0,3.0,530.0,520.0,540.0,0.0270615164791,0.0270615164791
-2.0,0.0,3.0,550.0,540.0,560.0,0.0369446030801,0.0369446030801
-2.0,0.0,3.0,570.0,560.0,580.0,0.0463371379665,0.0463371379665
-2.0,0.0,3.0,590.0,580.0,600.0,0.0649332944501,0.0649332944501
-2.0,0.0,3.0,610.0,600.0,620.0,0.0824473916515,0.0824473916515
-2.0,0.0,3.0,630.0,620.0,640.0,0.118210593889,0.118210593889
-2.0,0.0,3.0,650.0,640.0,660.0,0.16048003889,0.16048003889
-2.0,0.0,3.0,670.0,660.0,680.0,0.216546873093,0.216546873093
-2.0,0.0,3.0,690.0,680.0,700.0,0.273352308194,0.273352308194
-2.0,0.0,3.0,710.0,700.0,720.0,0.330489617903,0.330489617903
-2.0,0.0,3.0,730.0,720.0,740.0,0.390474191436,0.390474191436
-2.0,0.0,3.0,750.0,740.0,760.0,0.447367671428,0.447367671428
-2.0,0.0,3.0,770.0,760.0,780.0,0.511799710971,0.511799710971
-2.0,0.0,5.0,390.0,380.0,400.0,0.00235220294516,0.00235220294516
-2.0,0.0,5.0,410.0,400.0,420.0,0.00440725852578,0.00440725852578
-2.0,0.0,5.0,430.0,420.0,440.0,0.00504509787191,0.00504509787191
-2.0,0.0,5.0,450.0,440.0,460.0,0.00710788712313,0.00710788712313
-2.0,0.0,5.0,470.0,460.0,480.0,0.00871743001542,0.00871743001542
-2.0,0.0,5.0,490.0,480.0,500.0,0.00995097387375,0.00995097387375
-2.0,0.0,5.0,510.0,500.0,520.0,0.0110471013588,0.0110471013588
-2.0,0.0,5.0,530.0,520.0,540.0,0.0124761250543,0.0124761250543
-2.0,0.0,5.0,550.0,540.0,560.0,0.014559360589,0.014559360589
-2.0,0.0,5.0,570.0,560.0,580.0,0.0160464604333,0.0160464604333
-2.0,0.0,5.0,590.0,580.0,600.0,0.0204612332657,0.0204612332657
-2.0,0.0,5.0,610.0,600.0,620.0,0.0242850059605,0.0242850059605
-2.0,0.0,5.0,630.0,620.0,640.0,0.0334794767765,0.0334794767765
-2.0,0.0,5.0,650.0,640.0,660.0,0.0445864077913,0.0445864077913
-2.0,0.0,5.0,670.0,660.0,680.0,0.0599586310132,0.0599586310132
-2.0,0.0,5.0,690.0,680.0,700.0,0.0763715961877,0.0763715961877
-2.0,0.0,5.0,710.0,700.0,720.0,0.0940679181687,0.0940679181687
-2.0,0.0,5.0,730.0,720.0,740.0,0.11401484171,0.11401484171
-2.0,0.0,5.0,750.0,740.0,760.0,0.134644618332,0.134644618332
-2.0,0.0,5.0,770.0,760.0,780.0,0.159333062429,0.159333062429
-2.0,0.0,8.0,390.0,380.0,400.0,0.00288513744928,0.00288513744928
-2.0,0.0,8.0,410.0,400.0,420.0,0.00569056234805,0.00569056234805
-2.0,0.0,8.0,430.0,420.0,440.0,0.00691188339148,0.00691188339148
-2.0,0.0,8.0,450.0,440.0,460.0,0.0103135736763,0.0103135736763
-2.0,0.0,8.0,470.0,460.0,480.0,0.0132368487117,0.0132368487117
-2.0,0.0,8.0,490.0,480.0,500.0,0.0155108862321,0.0155108862321
-2.0,0.0,8.0,510.0,500.0,520.0,0.0172680856471,0.0172680856471
-2.0,0.0,8.0,530.0,520.0,540.0,0.01907173148,0.01907173148
-2.0,0.0,8.0,550.0,540.0,560.0,0.021228033036,0.021228033036
-2.0,0.0,8.0,570.0,560.0,580.0,0.0217870157586,0.0217870157586
-2.0,0.0,8.0,590.0,580.0,600.0,0.0253644692186,0.0253644692186
-2.0,0.0,8.0,610.0,600.0,620.0,0.0270031990869,0.0270031990869
-2.0,0.0,8.0,630.0,620.0,640.0,0.0330185642035,0.0330185642035
-2.0,0.0,8.0,650.0,640.0,660.0,0.0386460697245,0.0386460697245
-2.0,0.0,8.0,670.0,660.0,680.0,0.0454035945458,0.0454035945458
-2.0,0.0,8.0,690.0,680.0,700.0,0.0503828861626,0.0503828861626
-2.0,0.0,8.0,710.0,700.0,720.0,0.0540534365339,0.0540534365339
-2.0,0.0,8.0,730.0,720.0,740.0,0.0571810385602,0.0571810385602
-2.0,0.0,8.0,750.0,740.0,760.0,0.0591535197189,0.0591535197189
-2.0,0.0,8.0,770.0,760.0,780.0,0.0616673026811,0.0616673026811
-2.0,0.0,12.0,390.0,380.0,400.0,0.00385910655444,0.00385910655444
-2.0,0.0,12.0,410.0,400.0,420.0,0.00785461163207,0.00785461163207
-2.0,0.0,12.0,430.0,420.0,440.0,0.00974847517742,0.00974847517742
-2.0,0.0,12.0,450.0,440.0,460.0,0.0146857224594,0.0146857224594
-2.0,0.0,12.0,470.0,460.0,480.0,0.0188148844063,0.0188148844063
-2.0,0.0,12.0,490.0,480.0,500.0,0.0218134432851,0.0218134432851
-2.0,0.0,12.0,510.0,500.0,520.0,0.0238762199811,0.0238762199811
-2.0,0.0,12.0,530.0,520.0,540.0,0.0258177348371,0.0258177348371
-2.0,0.0,12.0,550.0,540.0,560.0,0.0280635420066,0.0280635420066
-2.0,0.0,12.0,570.0,560.0,580.0,0.028078923662,0.028078923662
-2.0,0.0,12.0,590.0,580.0,600.0,0.0318508143011,0.0318508143011
-2.0,0.0,12.0,610.0,600.0,620.0,0.0330176682801,0.0330176682801
-2.0,0.0,12.0,630.0,620.0,640.0,0.0393206004284,0.0393206004284
-2.0,0.0,12.0,650.0,640.0,660.0,0.0448173922306,0.0448173922306
-2.0,0.0,12.0,670.0,660.0,680.0,0.05127179709,0.05127179709
-2.0,0.0,12.0,690.0,680.0,700.0,0.0553998527481,0.0553998527481
-2.0,0.0,12.0,710.0,700.0,720.0,0.0578747199578,0.0578747199578
-2.0,0.0,12.0,730.0,720.0,740.0,0.0596206132108,0.0596206132108
-2.0,0.0,12.0,750.0,740.0,760.0,0.0600591231692,0.0600591231692
-2.0,0.0,12.0,770.0,760.0,780.0,0.0609784659839,0.0609784659839
-2.0,0.0,20.0,390.0,380.0,400.0,0.00532486426362,0.00532486426362
-2.0,0.0,20.0,410.0,400.0,420.0,0.0103485348975,0.0103485348975
-2.0,0.0,20.0,430.0,420.0,440.0,0.0121482803061,0.0121482803061
-2.0,0.0,20.0,450.0,440.0,460.0,0.0172641478665,0.0172641478665
-2.0,0.0,20.0,470.0,460.0,480.0,0.0209142812175,0.0209142812175
-2.0,0.0,20.0,490.0,480.0,500.0,0.0230392933828,0.0230392933828
-2.0,0.0,20.0,510.0,500.0,520.0,0.024095311594,0.024095311594
-2.0,0.0,20.0,530.0,520.0,540.0,0.0250270380776,0.0250270380776
-2.0,0.0,20.0,550.0,540.0,560.0,0.0262635109548,0.0262635109548
-2.0,0.0,20.0,570.0,560.0,580.0,0.0254680838739,0.0254680838739
-2.0,0.0,20.0,590.0,580.0,600.0,0.0281142652572,0.0281142652572
-2.0,0.0,20.0,610.0,600.0,620.0,0.0284380338007,0.0284380338007
-2.0,0.0,20.0,630.0,620.0,640.0,0.0331456677157,0.0331456677157
-2.0,0.0,20.0,650.0,640.0,660.0,0.03704433798,0.03704433798
-2.0,0.0,20.0,670.0,660.0,680.0,0.0416154326978,0.0416154326978
-2.0,0.0,20.0,690.0,680.0,700.0,0.0442066027326,0.0442066027326
-2.0,0.0,20.0,710.0,700.0,720.0,0.0454421594291,0.0454421594291
-2.0,0.0,20.0,730.0,720.0,740.0,0.0460979459647,0.0460979459647
-2.0,0.0,20.0,750.0,740.0,760.0,0.0457516158988,0.0457516158988
-2.0,0.0,20.0,770.0,760.0,780.0,0.0457912047225,0.0457912047225
-2.0,0.0,30.0,390.0,380.0,400.0,0.00582824445191,0.00582824445191
-2.0,0.0,30.0,410.0,400.0,420.0,0.0105785718058,0.0105785718058
-2.0,0.0,30.0,430.0,420.0,440.0,0.0115498791031,0.0115498791031
-2.0,0.0,30.0,450.0,440.0,460.0,0.0152742145289,0.0152742145289
-2.0,0.0,30.0,470.0,460.0,480.0,0.0173013376163,0.0173013376163
-2.0,0.0,30.0,490.0,480.0,500.0,0.0179505479775,0.0179505479775
-2.0,0.0,30.0,510.0,500.0,520.0,0.0178251308221,0.0178251308221
-2.0,0.0,30.0,530.0,520.0,540.0,0.0177181643434,0.0177181643434
-2.0,0.0,30.0,550.0,540.0,560.0,0.0179270402306,0.0179270402306
-2.0,0.0,30.0,570.0,560.0,580.0,0.0168619926991,0.0168619926991
-2.0,0.0,30.0,590.0,580.0,600.0,0.0181616591832,0.0181616591832
-2.0,0.0,30.0,610.0,600.0,620.0,0.0179983389371,0.0179983389371
-2.0,0.0,30.0,630.0,620.0,640.0,0.0206396985223,0.0206396985223
-2.0,0.0,30.0,650.0,640.0,660.0,0.0227603934203,0.0227603934203
-2.0,0.0,30.0,670.0,660.0,680.0,0.0252844094473,0.0252844094473
-2.0,0.0,30.0,690.0,680.0,700.0,0.0266066683979,0.0266066683979
-2.0,0.0,30.0,710.0,700.0,720.0,0.0271324793224,0.0271324793224
-2.0,0.0,30.0,730.0,720.0,740.0,0.0273370159778,0.0273370159778
-2.0,0.0,30.0,750.0,740.0,760.0,0.0269712568638,0.0269712568638
-2.0,0.0,30.0,770.0,760.0,780.0,0.0268597392744,0.0268597392744
-2.0,0.0,45.0,390.0,380.0,400.0,0.00548733696522,0.00548733696522
-2.0,0.0,45.0,410.0,400.0,420.0,0.00941444551265,0.00941444551265
-2.0,0.0,45.0,430.0,420.0,440.0,0.00967983361763,0.00967983361763
-2.0,0.0,45.0,450.0,440.0,460.0,0.0120226864453,0.0120226864453
-2.0,0.0,45.0,470.0,460.0,480.0,0.0127834037774,0.0127834037774
-2.0,0.0,45.0,490.0,480.0,500.0,0.012471008514,0.012471008514
-2.0,0.0,45.0,510.0,500.0,520.0,0.0116845035461,0.0116845035461
-2.0,0.0,45.0,530.0,520.0,540.0,0.0110088690325,0.0110088690325
-2.0,0.0,45.0,550.0,540.0,560.0,0.0106173392226,0.0106173392226
-2.0,0.0,45.0,570.0,560.0,580.0,0.0095684392252,0.0095684392252
-2.0,0.0,45.0,590.0,580.0,600.0,0.00993475422737,0.00993475422737
-2.0,0.0,45.0,610.0,600.0,620.0,0.00953431309847,0.00953431309847
-2.0,0.0,45.0,630.0,620.0,640.0,0.0106451523347,0.0106451523347
-2.0,0.0,45.0,650.0,640.0,660.0,0.011473683242,0.011473683242
-2.0,0.0,45.0,670.0,660.0,680.0,0.0124976920865,0.0124976920865
-2.0,0.0,45.0,690.0,680.0,700.0,0.0129303078014,0.0129303078014
-2.0,0.0,45.0,710.0,700.0,720.0,0.0129948177313,0.0129948177313
-2.0,0.0,45.0,730.0,720.0,740.0,0.0129296032375,0.0129296032375
-2.0,0.0,45.0,750.0,740.0,760.0,0.0126190960505,0.0126190960505
-2.0,0.0,45.0,770.0,760.0,780.0,0.0124529198444,0.0124529198444
-2.0,0.0,60.0,390.0,380.0,400.0,0.00475606601694,0.00475606601694
-2.0,0.0,60.0,410.0,400.0,420.0,0.00783965968561,0.00783965968561
-2.0,0.0,60.0,430.0,420.0,440.0,0.00773170601616,0.00773170601616
-2.0,0.0,60.0,450.0,440.0,460.0,0.00919171838622,0.00919171838622
-2.0,0.0,60.0,470.0,460.0,480.0,0.00933794821406,0.00933794821406
-2.0,0.0,60.0,490.0,480.0,500.0,0.00869471443131,0.00869471443131
-2.0,0.0,60.0,510.0,500.0,520.0,0.00777428666861,0.00777428666861
-2.0,0.0,60.0,530.0,520.0,540.0,0.00699658940411,0.00699658940411
-2.0,0.0,60.0,550.0,540.0,560.0,0.00646032088126,0.00646032088126
-2.0,0.0,60.0,570.0,560.0,580.0,0.00558787527078,0.00558787527078
-2.0,0.0,60.0,590.0,580.0,600.0,0.00559075996926,0.00559075996926
-2.0,0.0,60.0,610.0,600.0,620.0,0.00518676345744,0.00518676345744
-2.0,0.0,60.0,630.0,620.0,640.0,0.00562296820841,0.00562296820841
-2.0,0.0,60.0,650.0,640.0,660.0,0.005904827703,0.005904827703
-2.0,0.0,60.0,670.0,660.0,680.0,0.00628562229525,0.00628562229525
-2.0,0.0,60.0,690.0,680.0,700.0,0.00637323153034,0.00637323153034
-2.0,0.0,60.0,710.0,700.0,720.0,0.00629301754196,0.00629301754196
-2.0,0.0,60.0,730.0,720.0,740.0,0.00616645517977,0.00616645517977
-2.0,0.0,60.0,750.0,740.0,760.0,0.00593920369916,0.00593920369916
-2.0,0.0,60.0,770.0,760.0,780.0,0.00579609428526,0.00579609428526
-2.0,0.0,90.0,390.0,380.0,400.0,0.00398354678392,0.00398354678392
-2.0,0.0,90.0,410.0,400.0,420.0,0.00638261662641,0.00638261662641
-2.0,0.0,90.0,430.0,420.0,440.0,0.00611388969543,0.00611388969543
-2.0,0.0,90.0,450.0,440.0,460.0,0.00704756222979,0.00704756222979
-2.0,0.0,90.0,470.0,460.0,480.0,0.00692676359245,0.00692676359245
-2.0,0.0,90.0,490.0,480.0,500.0,0.00622412106986,0.00622412106986
-2.0,0.0,90.0,510.0,500.0,520.0,0.00535695768605,0.00535695768605
-2.0,0.0,90.0,530.0,520.0,540.0,0.00462999644684,0.00462999644684
-2.0,0.0,90.0,550.0,540.0,560.0,0.00410064763061,0.00410064763061
-2.0,0.0,90.0,570.0,560.0,580.0,0.00339735611302,0.00339735611302
-2.0,0.0,90.0,590.0,580.0,600.0,0.00325770929771,0.00325770929771
-2.0,0.0,90.0,610.0,600.0,620.0,0.00289578631991,0.00289578631991
-2.0,0.0,90.0,630.0,620.0,640.0,0.00301322633256,0.00301322633256
-2.0,0.0,90.0,650.0,640.0,660.0,0.00304036639756,0.00304036639756
-2.0,0.0,90.0,670.0,660.0,680.0,0.00311321339723,0.00311321339723
-2.0,0.0,90.0,690.0,680.0,700.0,0.00304051036453,0.00304051036453
-2.0,0.0,90.0,710.0,700.0,720.0,0.00289634029535,0.00289634029535
-2.0,0.0,90.0,730.0,720.0,740.0,0.00274265835968,0.00274265835968
-2.0,0.0,90.0,750.0,740.0,760.0,0.0025571136168,0.0025571136168
-2.0,0.0,90.0,770.0,760.0,780.0,0.00242099855622,0.00242099855622
-2.0,90.0,0.0,390.0,380.0,400.0,0.00169059810621,0.00169059810621
-2.0,90.0,0.0,410.0,400.0,420.0,0.0029344652387,0.0029344652387
-2.0,90.0,0.0,430.0,420.0,440.0,0.00303906524731,0.00303906524731
-2.0,90.0,0.0,450.0,440.0,460.0,0.00377351030535,0.00377351030535
-2.0,90.0,0.0,470.0,460.0,480.0,0.0039771968784,0.0039771968784
-2.0,90.0,0.0,490.0,480.0,500.0,0.00381284842338,0.00381284842338
-2.0,90.0,0.0,510.0,500.0,520.0,0.00348116531795,0.00348116531795
-2.0,90.0,0.0,530.0,520.0,540.0,0.00317237616575,0.00317237616575
-2.0,90.0,0.0,550.0,540.0,560.0,0.00295544679185,0.00295544679185
-2.0,90.0,0.0,570.0,560.0,580.0,0.00255909599378,0.00255909599378
-2.0,90.0,0.0,590.0,580.0,600.0,0.00256947802199,0.00256947802199
-2.0,90.0,0.0,610.0,600.0,620.0,0.00237784263779,0.00237784263779
-2.0,90.0,0.0,630.0,620.0,640.0,0.00258008599333,0.00258008599333
-2.0,90.0,0.0,650.0,640.0,660.0,0.00270319373605,0.00270319373605
-2.0,90.0,0.0,670.0,660.0,680.0,0.00286159266829,0.00286159266829
-2.0,90.0,0.0,690.0,680.0,700.0,0.00287760719797,0.00287760719797
-2.0,90.0,0.0,710.0,700.0,720.0,0.00281165935586,0.00281165935586
-2.0,90.0,0.0,730.0,720.0,740.0,0.00272181629708,0.00272181629708
-2.0,90.0,0.0,750.0,740.0,760.0,0.00258538450408,0.00258538450408
-2.0,90.0,0.0,770.0,760.0,780.0,0.00248896617004,0.00248896617004
-2.0,90.0,0.5,390.0,380.0,400.0,0.00169231379477,0.00169231379477
-2.0,90.0,0.5,410.0,400.0,420.0,0.00293705749764,0.00293705749764
-2.0,90.0,0.5,430.0,420.0,440.0,0.00304140133206,0.00304140133206
-2.0,90.0,0.5,450.0,440.0,460.0,0.00377606101329,0.00377606101329
-2.0,90.0,0.5,470.0,460.0,480.0,0.00397960543916,0.00397960543916
-2.0,90.0,0.5,490.0,480.0,500.0,0.00381497635672,0.00381497635672
-2.0,90.0,0.5,510.0,500.0,520.0,0.00348300881353,0.00348300881353
-2.0,90.0,0.5,530.0,520.0,540.0,0.00317402763362,0.00317402763362
-2.0,90.0,0.5,550.0,540.0,560.0,0.00295700114698,0.00295700114698
-2.0,90.0,0.5,570.0,560.0,580.0,0.00256049910191,0.00256049910191
-2.0,90.0,0.5,590.0,580.0,600.0,0.00257097144079,0.00257097144079
-2.0,90.0,0.5,610.0,600.0,620.0,0.00237933996225,0.00237933996225
-2.0,90.0,0.5,630.0,620.0,640.0,0.00258186218865,0.00258186218865
-2.0,90.0,0.5,650.0,640.0,660.0,0.00270525224113,0.00270525224113
-2.0,90.0,0.5,670.0,660.0,680.0,0.0028640236577,0.0028640236577
-2.0,90.0,0.5,690.0,680.0,700.0,0.0028803520173,0.0028803520173
-2.0,90.0,0.5,710.0,700.0,720.0,0.00281468710268,0.00281468710268
-2.0,90.0,0.5,730.0,720.0,740.0,0.00272513328661,0.00272513328661
-2.0,90.0,0.5,750.0,740.0,760.0,0.00258895902711,0.00258895902711
-2.0,90.0,0.5,770.0,760.0,780.0,0.00249286579723,0.00249286579723
-2.0,90.0,1.0,390.0,380.0,400.0,0.00172117837294,0.00172117837294
-2.0,90.0,1.0,410.0,400.0,420.0,0.00298969831239,0.00298969831239
-2.0,90.0,1.0,430.0,420.0,440.0,0.00309933759076,0.00309933759076
-2.0,90.0,1.0,450.0,440.0,460.0,0.0038534554281,0.0038534554281
-2.0,90.0,1.0,470.0,460.0,480.0,0.00406828351008,0.00406828351008
-2.0,90.0,1.0,490.0,480.0,500.0,0.00390814441353,0.00390814441353
-2.0,90.0,1.0,510.0,500.0,520.0,0.00357670167631,0.00357670167631
-2.0,90.0,1.0,530.0,520.0,540.0,0.00326833090371,0.00326833090371
-2.0,90.0,1.0,550.0,540.0,560.0,0.00305366794209,0.00305366794209
-2.0,90.0,1.0,570.0,560.0,580.0,0.00265248901916,0.00265248901916
-2.0,90.0,1.0,590.0,580.0,600.0,0.00267141389772,0.00267141389772
-2.0,90.0,1.0,610.0,600.0,620.0,0.00248007936531,0.00248007936531
-2.0,90.0,1.0,630.0,620.0,640.0,0.00269904343363,0.00269904343363
-2.0,90.0,1.0,650.0,640.0,660.0,0.00283622050871,0.00283622050871
-2.0,90.0,1.0,670.0,660.0,680.0,0.00301127694936,0.00301127694936
-2.0,90.0,1.0,690.0,680.0,700.0,0.00303698038177,0.00303698038177
-2.0,90.0,1.0,710.0,700.0,720.0,0.00297593755698,0.00297593755698
-2.0,90.0,1.0,730.0,720.0,740.0,0.0028889751134,0.0028889751134
-2.0,90.0,1.0,750.0,740.0,760.0,0.00275177968402,0.00275177968402
-2.0,90.0,1.0,770.0,760.0,780.0,0.00265615237323,0.00265615237323
-2.0,90.0,2.0,390.0,380.0,400.0,0.00177413610036,0.00177413610036
-2.0,90.0,2.0,410.0,400.0,420.0,0.00308607049961,0.00308607049961
-2.0,90.0,2.0,430.0,420.0,440.0,0.00320457119223,0.00320457119223
-2.0,90.0,2.0,450.0,440.0,460.0,0.00399201709369,0.00399201709369
-2.0,90.0,2.0,470.0,460.0,480.0,0.00422388786703,0.00422388786703
-2.0,90.0,2.0,490.0,480.0,500.0,0.00406772476849,0.00406772476849
-2.0,90.0,2.0,510.0,500.0,520.0,0.00373296287406,0.00373296287406
-2.0,90.0,2.0,530.0,520.0,540.0,0.00342136853068,0.00342136853068
-2.0,90.0,2.0,550.0,540.0,560.0,0.0032067448249,0.0032067448249
-2.0,90.0,2.0,570.0,560.0,580.0,0.00279483677536,0.00279483677536
-2.0,90.0,2.0,590.0,580.0,600.0,0.00282428656699,0.00282428656699
-2.0,90.0,2.0,610.0,600.0,620.0,0.00263122111004,0.00263122111004
-2.0,90.0,2.0,630.0,620.0,640.0,0.00287343954361,0.00287343954361
-2.0,90.0,2.0,650.0,640.0,660.0,0.00303013048452,0.00303013048452
-2.0,90.0,2.0,670.0,660.0,680.0,0.00322874508234,0.00322874508234
-2.0,90.0,2.0,690.0,680.0,700.0,0.00326832583704,0.00326832583704
-2.0,90.0,2.0,710.0,700.0,720.0,0.003214806562,0.003214806562
-2.0,90.0,2.0,730.0,720.0,740.0,0.00313302284733,0.00313302284733
-2.0,90.0,2.0,750.0,740.0,760.0,0.00299624094732,0.00299624094732
-2.0,90.0,2.0,770.0,760.0,780.0,0.00290391317914,0.00290391317914
-2.0,90.0,3.0,390.0,380.0,400.0,0.00184148975693,0.00184148975693
-2.0,90.0,3.0,410.0,400.0,420.0,0.00321003649317,0.00321003649317
-2.0,90.0,3.0,430.0,420.0,440.0,0.00334126724377,0.00334126724377
-2.0,90.0,3.0,450.0,440.0,460.0,0.00417347192531,0.00417347192531
-2.0,90.0,3.0,470.0,460.0,480.0,0.00442905234978,0.00442905234978
-2.0,90.0,3.0,490.0,480.0,500.0,0.00427938601038,0.00427938601038
-2.0,90.0,3.0,510.0,500.0,520.0,0.00394138073352,0.00394138073352
-2.0,90.0,3.0,530.0,520.0,540.0,0.00362662438452,0.00362662438452
-2.0,90.0,3.0,550.0,540.0,560.0,0.00341339947648,0.00341339947648
-2.0,90.0,3.0,570.0,560.0,580.0,0.00298833929786,0.00298833929786
-2.0,90.0,3.0,590.0,580.0,600.0,0.00303397228196,0.00303397228196
-2.0,90.0,3.0,610.0,600.0,620.0,0.0028404942323,0.0028404942323
-2.0,90.0,3.0,630.0,620.0,640.0,0.00311766145845,0.00311766145845
-2.0,90.0,3.0,650.0,640.0,660.0,0.00330489589645,0.00330489589645
-2.0,90.0,3.0,670.0,660.0,680.0,0.00354059700456,0.00354059700456
-2.0,90.0,3.0,690.0,680.0,700.0,0.00360407262373,0.00360407262373
-2.0,90.0,3.0,710.0,700.0,720.0,0.00356560666835,0.00356560666835
-2.0,90.0,3.0,730.0,720.0,740.0,0.00349557647966,0.00349557647966
-2.0,90.0,3.0,750.0,740.0,760.0,0.00336340640715,0.00336340640715
-2.0,90.0,3.0,770.0,760.0,780.0,0.00327991658801,0.00327991658801
-2.0,90.0,5.0,390.0,380.0,400.0,0.00200074789265,0.00200074789265
-2.0,90.0,5.0,410.0,400.0,420.0,0.00351007105619,0.00351007105619
-2.0,90.0,5.0,430.0,420.0,440.0,0.00368011252435,0.00368011252435
-2.0,90.0,5.0,450.0,440.0,460.0,0.00463384951374,0.00463384951374
-2.0,90.0,5.0,470.0,460.0,480.0,0.00496086904459,0.00496086904459
-2.0,90.0,5.0,490.0,480.0,500.0,0.00483833319927,0.00483833319927
-2.0,90.0,5.0,510.0,500.0,520.0,0.00450005863116,0.00450005863116
-2.0,90.0,5.0,530.0,520.0,540.0,0.00418282617482,0.00418282617482
-2.0,90.0,5.0,550.0,540.0,560.0,0.00397767208233,0.00397767208233
-2.0,90.0,5.0,570.0,560.0,580.0,0.00351845366759,0.00351845366759
-2.0,90.0,5.0,590.0,580.0,600.0,0.00360934091788,0.00360934091788
-2.0,90.0,5.0,610.0,600.0,620.0,0.00341347511031,0.00341347511031
-2.0,90.0,5.0,630.0,620.0,640.0,0.00378390407844,0.00378390407844
-2.0,90.0,5.0,650.0,640.0,660.0,0.00404953913921,0.00404953913921
-2.0,90.0,5.0,670.0,660.0,680.0,0.00437792264888,0.00437792264888
-2.0,90.0,5.0,690.0,680.0,700.0,0.00449513160563,0.00449513160563
-2.0,90.0,5.0,710.0,700.0,720.0,0.0044840279457,0.0044840279457
-2.0,90.0,5.0,730.0,720.0,740.0,0.00443037421446,0.00443037421446
-2.0,90.0,5.0,750.0,740.0,760.0,0.00429439941465,0.00429439941465
-2.0,90.0,5.0,770.0,760.0,780.0,0.0042165536415,0.0042165536415
-2.0,90.0,8.0,390.0,380.0,400.0,0.00231148615642,0.00231148615642
-2.0,90.0,8.0,410.0,400.0,420.0,0.00411677288508,0.00411677288508
-2.0,90.0,8.0,430.0,420.0,440.0,0.00438030466342,0.00438030466342
-2.0,90.0,8.0,450.0,440.0,460.0,0.00559180037504,0.00559180037504
-2.0,90.0,8.0,470.0,460.0,480.0,0.00606038941301,0.00606038941301
-2.0,90.0,8.0,490.0,480.0,500.0,0.00597381439196,0.00597381439196
-2.0,90.0,8.0,510.0,500.0,520.0,0.00560563438236,0.00560563438236
-2.0,90.0,8.0,530.0,520.0,540.0,0.00524814039829,0.00524814039829
-2.0,90.0,8.0,550.0,540.0,560.0,0.0050191085751,0.0050191085751
-2.0,90.0,8.0,570.0,560.0,580.0,0.00445828152873,0.00445828152873
-2.0,90.0,8.0,590.0,580.0,600.0,0.00458710018415,0.00458710018415
-2.0,90.0,8.0,610.0,600.0,620.0,0.00434562912889,0.00434562912889
-2.0,90.0,8.0,630.0,620.0,640.0,0.00482023410764,0.00482023410764
-2.0,90.0,8.0,650.0,640.0,660.0,0.00515651136311,0.00515651136311
-2.0,90.0,8.0,670.0,660.0,680.0,0.00556759228191,0.00556759228191
-2.0,90.0,8.0,690.0,680.0,700.0,0.00570552284926,0.00570552284926
-2.0,90.0,8.0,710.0,700.0,720.0,0.00567734659318,0.00567734659318
-2.0,90.0,8.0,730.0,720.0,740.0,0.00559294063211,0.00559294063211
-2.0,90.0,8.0,750.0,740.0,760.0,0.0054035280502,0.0054035280502
-2.0,90.0,8.0,770.0,760.0,780.0,0.00528614934359,0.00528614934359
-2.0,90.0,12.0,390.0,380.0,400.0,0.00284247482658,0.00284247482658
-2.0,90.0,12.0,410.0,400.0,420.0,0.00511321940405,0.00511321940405
-2.0,90.0,12.0,430.0,420.0,440.0,0.00546851523356,0.00546851523356
-2.0,90.0,12.0,450.0,440.0,460.0,0.00698798682651,0.00698798682651
-2.0,90.0,12.0,470.0,460.0,480.0,0.00755665957858,0.00755665957858
-2.0,90.0,12.0,490.0,480.0,500.0,0.00741451278298,0.00741451278298
-2.0,90.0,12.0,510.0,500.0,520.0,0.00691440068549,0.00691440068549
-2.0,90.0,12.0,530.0,520.0,540.0,0.00642681442343,0.00642681442343
-2.0,90.0,12.0,550.0,540.0,560.0,0.00609648324499,0.00609648324499
-2.0,90.0,12.0,570.0,560.0,580.0,0.00536991670516,0.00536991670516
-2.0,90.0,12.0,590.0,580.0,600.0,0.00547431598327,0.00547431598327
-2.0,90.0,12.0,610.0,600.0,620.0,0.00513876676515,0.00513876676515
-2.0,90.0,12.0,630.0,620.0,640.0,0.00564446945536,0.00564446945536
-2.0,90.0,12.0,650.0,640.0,660.0,0.00598006092075,0.00598006092075
-2.0,90.0,12.0,670.0,660.0,680.0,0.00639614267079,0.00639614267079
-2.0,90.0,12.0,690.0,680.0,700.0,0.00649493287373,0.00649493287373
-2.0,90.0,12.0,710.0,700.0,720.0,0.00640603016163,0.00640603016163
-2.0,90.0,12.0,730.0,720.0,740.0,0.00625725079615,0.00625725079615
-2.0,90.0,12.0,750.0,740.0,760.0,0.00599617075626,0.00599617075626
-2.0,90.0,12.0,770.0,760.0,780.0,0.0058193786191,0.0058193786191
-2.0,90.0,20.0,390.0,380.0,400.0,0.00376245666644,0.00376245666644
-2.0,90.0,20.0,410.0,400.0,420.0,0.00663821657098,0.00663821657098
-2.0,90.0,20.0,430.0,420.0,440.0,0.00694069478334,0.00694069478334
-2.0,90.0,20.0,450.0,440.0,460.0,0.00866117413118,0.00866117413118
-2.0,90.0,20.0,470.0,460.0,480.0,0.00914805179319,0.00914805179319
-2.0,90.0,20.0,490.0,480.0,500.0,0.00877568062639,0.00877568062639
-2.0,90.0,20.0,510.0,500.0,520.0,0.00801313086371,0.00801313086371
-2.0,90.0,20.0,530.0,520.0,540.0,0.00730519365383,0.00730519365383
-2.0,90.0,20.0,550.0,540.0,560.0,0.00680287418494,0.00680287418494
-2.0,90.0,20.0,570.0,560.0,580.0,0.00589311940071,0.00589311940071
-2.0,90.0,20.0,590.0,580.0,600.0,0.00590730394388,0.00590730394388
-2.0,90.0,20.0,610.0,600.0,620.0,0.00546121393291,0.00546121393291
-2.0,90.0,20.0,630.0,620.0,640.0,0.00590649604037,0.00590649604037
-2.0,90.0,20.0,650.0,640.0,660.0,0.00616850128053,0.00616850128053
-2.0,90.0,20.0,670.0,660.0,680.0,0.00651098865497,0.00651098865497
-2.0,90.0,20.0,690.0,680.0,700.0,0.00653105910551,0.00653105910551
-2.0,90.0,20.0,710.0,700.0,720.0,0.00636862874938,0.00636862874938
-2.0,90.0,20.0,730.0,720.0,740.0,0.00615482448859,0.00615482448859
-2.0,90.0,20.0,750.0,740.0,760.0,0.0058397555215,0.0058397555215
-2.0,90.0,20.0,770.0,760.0,780.0,0.00561414210064,0.00561414210064
-2.0,90.0,30.0,390.0,380.0,400.0,0.00426636015795,0.00426636015795
-2.0,90.0,30.0,410.0,400.0,420.0,0.00730778353712,0.00730778353712
-2.0,90.0,30.0,430.0,420.0,440.0,0.00743711805989,0.00743711805989
-2.0,90.0,30.0,450.0,440.0,460.0,0.00905938393394,0.00905938393394
-2.0,90.0,30.0,470.0,460.0,480.0,0.00936686404329,0.00936686404329
-2.0,90.0,30.0,490.0,480.0,500.0,0.00881923128509,0.00881923128509
-2.0,90.0,30.0,510.0,500.0,520.0,0.00792330148467,0.00792330148467
-2.0,90.0,30.0,530.0,520.0,540.0,0.00712270258432,0.00712270258432
-2.0,90.0,30.0,550.0,540.0,560.0,0.00654872149745,0.00654872149745
-2.0,90.0,30.0,570.0,560.0,580.0,0.00561110591228,0.00561110591228
-2.0,90.0,30.0,590.0,580.0,600.0,0.00556356653188,0.00556356653188
-2.0,90.0,30.0,610.0,600.0,620.0,0.00509476754002,0.00509476754002
-2.0,90.0,30.0,630.0,620.0,640.0,0.00545762270931,0.00545762270931
-2.0,90.0,30.0,650.0,640.0,660.0,0.00565061829343,0.00565061829343
-2.0,90.0,30.0,670.0,660.0,680.0,0.00591809633566,0.00591809633566
-2.0,90.0,30.0,690.0,680.0,700.0,0.00589449951356,0.00589449951356
-2.0,90.0,30.0,710.0,700.0,720.0,0.00571073322009,0.00571073322009
-2.0,90.0,30.0,730.0,720.0,740.0,0.00548607504682,0.00548607504682
-2.0,90.0,30.0,750.0,740.0,760.0,0.00517656574018,0.00517656574018
-2.0,90.0,30.0,770.0,760.0,780.0,0.0049505115157,0.0049505115157
-2.0,90.0,45.0,390.0,380.0,400.0,0.0042747813331,0.0042747813331
-2.0,90.0,45.0,410.0,400.0,420.0,0.00712323627639,0.00712323627639
-2.0,90.0,45.0,430.0,420.0,440.0,0.00708077060729,0.00708077060729
-2.0,90.0,45.0,450.0,440.0,460.0,0.00845530327755,0.00845530327755
-2.0,90.0,45.0,470.0,460.0,480.0,0.00859686055959,0.00859686055959
-2.0,90.0,45.0,490.0,480.0,500.0,0.00798128373013,0.00798128373013
-2.0,90.0,45.0,510.0,500.0,520.0,0.00708770686854,0.00708770686854
-2.0,90.0,45.0,530.0,520.0,540.0,0.00631123608087,0.00631123608087
-2.0,90.0,45.0,550.0,540.0,560.0,0.00575350212867,0.00575350212867
-2.0,90.0,45.0,570.0,560.0,580.0,0.00489613040592,0.00489613040592
-2.0,90.0,45.0,590.0,580.0,600.0,0.00482001429598,0.00482001429598
-2.0,90.0,45.0,610.0,600.0,620.0,0.00438784994169,0.00438784994169
-2.0,90.0,45.0,630.0,620.0,640.0,0.00467080669961,0.00467080669961
-2.0,90.0,45.0,650.0,640.0,660.0,0.00480923646292,0.00480923646292
-2.0,90.0,45.0,670.0,660.0,680.0,0.00501261916911,0.00501261916911
-2.0,90.0,45.0,690.0,680.0,700.0,0.00497137639085,0.00497137639085
-2.0,90.0,45.0,710.0,700.0,720.0,0.00479800859049,0.00479800859049
-2.0,90.0,45.0,730.0,720.0,740.0,0.00459332792971,0.00459332792971
-2.0,90.0,45.0,750.0,740.0,760.0,0.00432065702124,0.00432065702124
-2.0,90.0,45.0,770.0,760.0,780.0,0.00411965349866,0.00411965349866
-2.0,90.0,60.0,390.0,380.0,400.0,0.00418576530895,0.00418576530895
-2.0,90.0,60.0,410.0,400.0,420.0,0.00683357209437,0.00683357209437
-2.0,90.0,60.0,430.0,420.0,440.0,0.00666981744807,0.00666981744807
-2.0,90.0,60.0,450.0,440.0,460.0,0.00783588872088,0.00783588872088
-2.0,90.0,60.0,470.0,460.0,480.0,0.00785209164441,0.00785209164441
-2.0,90.0,60.0,490.0,480.0,500.0,0.00719577808242,0.00719577808242
-2.0,90.0,60.0,510.0,500.0,520.0,0.00631675371361,0.00631675371361
-2.0,90.0,60.0,530.0,520.0,540.0,0.00556740164955,0.00556740164955
-2.0,90.0,60.0,550.0,540.0,560.0,0.00502798380813,0.00502798380813
-2.0,90.0,60.0,570.0,560.0,580.0,0.00424377285671,0.00424377285671
-2.0,90.0,60.0,590.0,580.0,600.0,0.00414513313167,0.00414513313167
-2.0,90.0,60.0,610.0,600.0,620.0,0.00374788010861,0.00374788010861
-2.0,90.0,60.0,630.0,620.0,640.0,0.00396404315213,0.00396404315213
-2.0,90.0,60.0,650.0,640.0,660.0,0.00405887768696,0.00405887768696
-2.0,90.0,60.0,670.0,660.0,680.0,0.00421032589307,0.00421032589307
-2.0,90.0,60.0,690.0,680.0,700.0,0.00415856500389,0.00415856500389
-2.0,90.0,60.0,710.0,700.0,720.0,0.00399952492507,0.00399952492507
-2.0,90.0,60.0,730.0,720.0,740.0,0.0038175993359,0.0038175993359
-2.0,90.0,60.0,750.0,740.0,760.0,0.0035821548267,0.0035821548267
-2.0,90.0,60.0,770.0,760.0,780.0,0.00340849582626,0.00340849582626
-2.0,90.0,90.0,390.0,380.0,400.0,0.00398354678391,0.00398354678391
-2.0,90.0,90.0,410.0,400.0,420.0,0.00638261662635,0.00638261662635
-2.0,90.0,90.0,430.0,420.0,440.0,0.0061138896953,0.0061138896953
-2.0,90.0,90.0,450.0,440.0,460.0,0.00704756222956,0.00704756222956
-2.0,90.0,90.0,470.0,460.0,480.0,0.00692676359214,0.00692676359214
-2.0,90.0,90.0,490.0,480.0,500.0,0.0062241210695,0.0062241210695
-2.0,90.0,90.0,510.0,500.0,520.0,0.00535695768568,0.00535695768568
-2.0,90.0,90.0,530.0,520.0,540.0,0.00462999644649,0.00462999644649
-2.0,90.0,90.0,550.0,540.0,560.0,0.00410064763027,0.00410064763027
-2.0,90.0,90.0,570.0,560.0,580.0,0.00339735611273,0.00339735611273
-2.0,90.0,90.0,590.0,580.0,600.0,0.00325770929743,0.00325770929743
-2.0,90.0,90.0,610.0,600.0,620.0,0.00289578631967,0.00289578631967
-2.0,90.0,90.0,630.0,620.0,640.0,0.00301322633233,0.00301322633233
-2.0,90.0,90.0,650.0,640.0,660.0,0.00304036639735,0.00304036639735
-2.0,90.0,90.0,670.0,660.0,680.0,0.00311321339705,0.00311321339705
-2.0,90.0,90.0,690.0,680.0,700.0,0.00304051036439,0.00304051036439
-2.0,90.0,90.0,710.0,700.0,720.0,0.00289634029526,0.00289634029526
-2.0,90.0,90.0,730.0,720.0,740.0,0.00274265835964,0.00274265835964
-2.0,90.0,90.0,750.0,740.0,760.0,0.00255711361681,0.00255711361681
-2.0,90.0,90.0,770.0,760.0,780.0,0.00242099855627,0.00242099855627
-2.0,180.0,0.0,390.0,380.0,400.0,0.00199856491429,0.00199856491429
-2.0,180.0,0.0,410.0,400.0,420.0,0.00346408390145,0.00346408390145
-2.0,180.0,0.0,430.0,420.0,440.0,0.00357737672582,0.00357737672582
-2.0,180.0,0.0,450.0,440.0,460.0,0.00442102789862,0.00442102789862
-2.0,180.0,0.0,470.0,460.0,480.0,0.00462776058068,0.00462776058068
-2.0,180.0,0.0,490.0,480.0,500.0,0.00439465938211,0.00439465938211
-2.0,180.0,0.0,510.0,500.0,520.0,0.00396121152879,0.00396121152879
-2.0,180.0,0.0,530.0,520.0,540.0,0.00355132825224,0.00355132825224
-2.0,180.0,0.0,550.0,540.0,560.0,0.0032561653322,0.0032561653322
-2.0,180.0,0.0,570.0,560.0,580.0,0.00276499377381,0.00276499377381
-2.0,180.0,0.0,590.0,580.0,600.0,0.0027388927083,0.0027388927083
-2.0,180.0,0.0,610.0,600.0,620.0,0.00249441176513,0.00249441176513
-2.0,180.0,0.0,630.0,620.0,640.0,0.00268206888803,0.00268206888803
-2.0,180.0,0.0,650.0,640.0,660.0,0.00278460251479,0.00278460251479
-2.0,180.0,0.0,670.0,660.0,680.0,0.00291925892368,0.00291925892368
-2.0,180.0,0.0,690.0,680.0,700.0,0.00290671355897,0.00290671355897
-2.0,180.0,0.0,710.0,700.0,720.0,0.00281272162272,0.00281272162272
-2.0,180.0,0.0,730.0,720.0,740.0,0.00269819838009,0.00269819838009
-2.0,180.0,0.0,750.0,740.0,760.0,0.00254071253679,0.00254071253679
-2.0,180.0,0.0,770.0,760.0,780.0,0.00242968177359,0.00242968177359
-2.0,180.0,0.5,390.0,380.0,400.0,0.00207508123063,0.00207508123063
-2.0,180.0,0.5,410.0,400.0,420.0,0.00359017681989,0.00359017681989
-2.0,180.0,0.5,430.0,420.0,440.0,0.00370041517064,0.00370041517064
-2.0,180.0,0.5,450.0,440.0,460.0,0.00456474293304,0.00456474293304
-2.0,180.0,0.5,470.0,460.0,480.0,0.00477053403753,0.00477053403753
-2.0,180.0,0.5,490.0,480.0,500.0,0.00452476375351,0.00452476375351
-2.0,180.0,0.5,510.0,500.0,520.0,0.00407626169438,0.00407626169438
-2.0,180.0,0.5,530.0,520.0,540.0,0.00365531570628,0.00365531570628
-2.0,180.0,0.5,550.0,540.0,560.0,0.00335079656892,0.00335079656892
-2.0,180.0,0.5,570.0,560.0,580.0,0.00284774016181,0.00284774016181
-2.0,180.0,0.5,590.0,580.0,600.0,0.00281775296563,0.00281775296563
-2.0,180.0,0.5,610.0,600.0,620.0,0.00256592832774,0.00256592832774
-2.0,180.0,0.5,630.0,620.0,640.0,0.00275364953065,0.00275364953065
-2.0,180.0,0.5,650.0,640.0,660.0,0.00285481527463,0.00285481527463
-2.0,180.0,0.5,670.0,660.0,680.0,0.00299071881348,0.00299071881348
-2.0,180.0,0.5,690.0,680.0,700.0,0.00297767984874,0.00297767984874
-2.0,180.0,0.5,710.0,700.0,720.0,0.00288284938248,0.00288284938248
-2.0,180.0,0.5,730.0,720.0,740.0,0.00276840027592,0.00276840027592
-2.0,180.0,0.5,750.0,740.0,760.0,0.00261127201813,0.00261127201813
-2.0,180.0,0.5,770.0,760.0,780.0,0.00250188076425,0.00250188076425
-2.0,180.0,1.0,390.0,380.0,400.0,0.00212121031611,0.00212121031611
-2.0,180.0,1.0,410.0,400.0,420.0,0.00366713697848,0.00366713697848
-2.0,180.0,1.0,430.0,420.0,440.0,0.00377685348771,0.00377685348771
-2.0,180.0,1.0,450.0,440.0,460.0,0.004655807465,0.004655807465
-2.0,180.0,1.0,470.0,460.0,480.0,0.00486275905216,0.00486275905216
-2.0,180.0,1.0,490.0,480.0,500.0,0.00460993852361,0.00460993852361
-2.0,180.0,1.0,510.0,500.0,520.0,0.00415144633697,0.00415144633697
-2.0,180.0,1.0,530.0,520.0,540.0,0.00372184527489,0.00372184527489
-2.0,180.0,1.0,550.0,540.0,560.0,0.00341088453002,0.00341088453002
-2.0,180.0,1.0,570.0,560.0,580.0,0.00289847503394,0.00289847503394
-2.0,180.0,1.0,590.0,580.0,600.0,0.002867141804,0.002867141804
-2.0,180.0,1.0,610.0,600.0,620.0,0.00261059352914,0.00261059352914
-2.0,180.0,1.0,630.0,620.0,640.0,0.0028010014101,0.0028010014101
-2.0,180.0,1.0,650.0,640.0,660.0,0.00290380350827,0.00290380350827
-2.0,180.0,1.0,670.0,660.0,680.0,0.00304268590608,0.00304268590608
-2.0,180.0,1.0,690.0,680.0,700.0,0.0030309521673,0.0030309521673
-2.0,180.0,1.0,710.0,700.0,720.0,0.00293690784593,0.00293690784593
-2.0,180.0,1.0,730.0,720.0,740.0,0.00282372744752,0.00282372744752
-2.0,180.0,1.0,750.0,740.0,760.0,0.00266786906558,0.00266786906558
-2.0,180.0,1.0,770.0,760.0,780.0,0.00256149218519,0.00256149218519
-2.0,180.0,2.0,390.0,380.0,400.0,0.00222469380867,0.00222469380867
-2.0,180.0,2.0,410.0,400.0,420.0,0.00384460819266,0.00384460819266
-2.0,180.0,2.0,430.0,420.0,440.0,0.00395835455992,0.00395835455992
-2.0,180.0,2.0,450.0,440.0,460.0,0.00487841589716,0.00487841589716
-2.0,180.0,2.0,470.0,460.0,480.0,0.00509452852678,0.00509452852678
-2.0,180.0,2.0,490.0,480.0,500.0,0.0048293870718,0.0048293870718
-2.0,180.0,2.0,510.0,500.0,520.0,0.00434911819694,0.00434911819694
-2.0,180.0,2.0,530.0,520.0,540.0,0.00389934499115,0.00389934499115
-2.0,180.0,2.0,550.0,540.0,560.0,0.00357379408929,0.00357379408929
-2.0,180.0,2.0,570.0,560.0,580.0,0.00303718331345,0.00303718331345
-2.0,180.0,2.0,590.0,580.0,600.0,0.00300468045612,0.00300468045612
-2.0,180.0,2.0,610.0,600.0,620.0,0.00273624454903,0.00273624454903
-2.0,180.0,2.0,630.0,620.0,640.0,0.00293666004621,0.00293666004621
-2.0,180.0,2.0,650.0,640.0,660.0,0.00304587347014,0.00304587347014
-2.0,180.0,2.0,670.0,660.0,680.0,0.00319395413131,0.00319395413131
-2.0,180.0,2.0,690.0,680.0,700.0,0.00318522398848,0.00318522398848
-2.0,180.0,2.0,710.0,700.0,720.0,0.00309167755691,0.00309167755691
-2.0,180.0,2.0,730.0,720.0,740.0,0.00297960372392,0.00297960372392
-2.0,180.0,2.0,750.0,740.0,760.0,0.00282433905743,0.00282433905743
-2.0,180.0,2.0,770.0,760.0,780.0,0.00272342843378,0.00272342843378
-2.0,180.0,3.0,390.0,380.0,400.0,0.00233911446322,0.00233911446322
-2.0,180.0,3.0,410.0,400.0,420.0,0.00404441245125,0.00404441245125
-2.0,180.0,3.0,430.0,420.0,440.0,0.00416655883595,0.00416655883595
-2.0,180.0,3.0,450.0,440.0,460.0,0.00513862432019,0.00513862432019
-2.0,180.0,3.0,470.0,460.0,480.0,0.00537058847865,0.00537058847865
-2.0,180.0,3.0,490.0,480.0,500.0,0.00509575476872,0.00509575476872
-2.0,180.0,3.0,510.0,500.0,520.0,0.00459363846339,0.00459363846339
-2.0,180.0,3.0,530.0,520.0,540.0,0.00412315844503,0.00412315844503
-2.0,180.0,3.0,550.0,540.0,560.0,0.00378374110961,0.00378374110961
-2.0,180.0,3.0,570.0,560.0,580.0,0.003219917731,0.003219917731
-2.0,180.0,3.0,590.0,580.0,600.0,0.00319094188865,0.00319094188865
-2.0,180.0,3.0,610.0,600.0,620.0,0.00291106677097,0.00291106677097
-2.0,180.0,3.0,630.0,620.0,640.0,0.0031314231995,0.0031314231995
-2.0,180.0,3.0,650.0,640.0,660.0,0.00325594203808,0.00325594203808
-2.0,180.0,3.0,670.0,660.0,680.0,0.0034230142296,0.0034230142296
-2.0,180.0,3.0,690.0,680.0,700.0,0.00342260973942,0.00342260973942
-2.0,180.0,3.0,710.0,700.0,720.0,0.0033311495963,0.0033311495963
-2.0,180.0,3.0,730.0,720.0,740.0,0.00321931112157,0.00321931112157
-2.0,180.0,3.0,750.0,740.0,760.0,0.00306019512364,0.00306019512364
-2.0,180.0,3.0,770.0,760.0,780.0,0.0029593375266,0.0029593375266
-2.0,180.0,5.0,390.0,380.0,400.0,0.00258426267884,0.00258426267884
-2.0,180.0,5.0,410.0,400.0,420.0,0.00448432996604,0.00448432996604
-2.0,180.0,5.0,430.0,420.0,440.0,0.00464021833232,0.00464021833232
-2.0,180.0,5.0,450.0,440.0,460.0,0.00575308052838,0.00575308052838
-2.0,180.0,5.0,470.0,460.0,480.0,0.00604934248173,0.00604934248173
-2.0,180.0,5.0,490.0,480.0,500.0,0.00577842417706,0.00577842417706
-2.0,180.0,5.0,510.0,500.0,520.0,0.00524605564909,0.00524605564909
-2.0,180.0,5.0,530.0,520.0,540.0,0.00474289133474,0.00474289133474
-2.0,180.0,5.0,550.0,540.0,560.0,0.00438644098703,0.00438644098703
-2.0,180.0,5.0,570.0,560.0,580.0,0.00376055875816,0.00376055875816
-2.0,180.0,5.0,590.0,580.0,600.0,0.00376013368755,0.00376013368755
-2.0,180.0,5.0,610.0,600.0,620.0,0.00345926151068,0.00345926151068
-2.0,180.0,5.0,630.0,620.0,640.0,0.00375853441429,0.00375853441429
-2.0,180.0,5.0,650.0,640.0,660.0,0.003945988581,0.003945988581
-2.0,180.0,5.0,670.0,660.0,680.0,0.00418559892168,0.00418559892168
-2.0,180.0,5.0,690.0,680.0,700.0,0.00421881267019,0.00421881267019
-2.0,180.0,5.0,710.0,700.0,720.0,0.00413465533282,0.00413465533282
-2.0,180.0,5.0,730.0,720.0,740.0,0.00401795043584,0.00401795043584
-2.0,180.0,5.0,750.0,740.0,760.0,0.00383363417032,0.00383363417032
-2.0,180.0,5.0,770.0,760.0,780.0,0.00371585133926,0.00371585133926
-2.0,180.0,8.0,390.0,380.0,400.0,0.00301691665035,0.00301691665035
-2.0,180.0,8.0,410.0,400.0,420.0,0.00531414124354,0.00531414124354
-2.0,180.0,8.0,430.0,420.0,440.0,0.0055883406748,0.0055883406748
-2.0,180.0,8.0,450.0,440.0,460.0,0.00704103589203,0.00704103589203
-2.0,180.0,8.0,470.0,460.0,480.0,0.00751623308913,0.00751623308913
-2.0,180.0,8.0,490.0,480.0,500.0,0.00727664248223,0.00727664248223
-2.0,180.0,8.0,510.0,500.0,520.0,0.00668068771025,0.00668068771025
-2.0,180.0,8.0,530.0,520.0,540.0,0.00609352893947,0.00609352893947
-2.0,180.0,8.0,550.0,540.0,560.0,0.00567776462483,0.00567776462483
-2.0,180.0,8.0,570.0,560.0,580.0,0.00489159736102,0.00489159736102
-2.0,180.0,8.0,590.0,580.0,600.0,0.00491563060204,0.00491563060204
-2.0,180.0,8.0,610.0,600.0,620.0,0.00453431742602,0.00453431742602
-2.0,180.0,8.0,630.0,620.0,640.0,0.00493928953039,0.00493928953039
-2.0,180.0,8.0,650.0,640.0,660.0,0.00518916591246,0.00518916591246
-2.0,180.0,8.0,670.0,660.0,680.0,0.00549804290782,0.00549804290782
-2.0,180.0,8.0,690.0,680.0,700.0,0.00552690347388,0.00552690347388
-2.0,180.0,8.0,710.0,700.0,720.0,0.00539529267965,0.00539529267965
-2.0,180.0,8.0,730.0,720.0,740.0,0.00521646197103,0.00521646197103
-2.0,180.0,8.0,750.0,740.0,760.0,0.00494714217993,0.00494714217993
-2.0,180.0,8.0,770.0,760.0,780.0,0.00476194890005,0.00476194890005
-2.0,180.0,12.0,390.0,380.0,400.0,0.00375270351172,0.00375270351172
-2.0,180.0,12.0,410.0,400.0,420.0,0.00672220553665,0.00672220553665
-2.0,180.0,12.0,430.0,420.0,440.0,0.00715365231367,0.00715365231367
-2.0,180.0,12.0,450.0,440.0,460.0,0.00907476623494,0.00907476623494
-2.0,180.0,12.0,470.0,460.0,480.0,0.00970924977495,0.00970924977495
-2.0,180.0,12.0,490.0,480.0,500.0,0.00938665604272,0.00938665604272
-2.0,180.0,12.0,510.0,500.0,520.0,0.00858211906574,0.00858211906574
-2.0,180.0,12.0,530.0,520.0,540.0,0.00778053913312,0.00778053913312
-2.0,180.0,12.0,550.0,540.0,560.0,0.00719441384858,0.00719441384858
-2.0,180.0,12.0,570.0,560.0,580.0,0.00614573754388,0.00614573754388
-2.0,180.0,12.0,590.0,580.0,600.0,0.00611414769298,0.00611414769298
-2.0,180.0,12.0,610.0,600.0,620.0,0.00558096727904,0.00558096727904
-2.0,180.0,12.0,630.0,620.0,640.0,0.00600613150982,0.00600613150982
-2.0,180.0,12.0,650.0,640.0,660.0,0.00623090384795,0.00623090384795
-2.0,180.0,12.0,670.0,660.0,680.0,0.00651815280778,0.00651815280778
-2.0,180.0,12.0,690.0,680.0,700.0,0.00646949124927,0.00646949124927
-2.0,180.0,12.0,710.0,700.0,720.0,0.00623620408428,0.00623620408428
-2.0,180.0,12.0,730.0,720.0,740.0,0.00595444209043,0.00595444209043
-2.0,180.0,12.0,750.0,740.0,760.0,0.00557814872958,0.00557814872958
-2.0,180.0,12.0,770.0,760.0,780.0,0.00530338323419,0.00530338323419
-2.0,180.0,20.0,390.0,380.0,400.0,0.00509608691508,0.00509608691508
-2.0,180.0,20.0,410.0,400.0,420.0,0.0090170663113,0.0090170663113
-2.0,180.0,20.0,430.0,420.0,440.0,0.00942198340168,0.00942198340168
-2.0,180.0,20.0,450.0,440.0,460.0,0.0116958180071,0.0116958180071
-2.0,180.0,20.0,470.0,460.0,480.0,0.0122265104367,0.0122265104367
-2.0,180.0,20.0,490.0,480.0,500.0,0.0115472978817,0.0115472978817
-2.0,180.0,20.0,510.0,500.0,520.0,0.0103232967412,0.0103232967412
-2.0,180.0,20.0,530.0,520.0,540.0,0.00916533131528,0.00916533131528
-2.0,180.0,20.0,550.0,540.0,560.0,0.00829916680138,0.00829916680138
-2.0,180.0,20.0,570.0,560.0,580.0,0.00695750775309,0.00695750775309
-2.0,180.0,20.0,590.0,580.0,600.0,0.0067771473088,0.0067771473088
-2.0,180.0,20.0,610.0,600.0,620.0,0.00606890284373,0.00606890284373
-2.0,180.0,20.0,630.0,620.0,640.0,0.0063923319837,0.0063923319837
-2.0,180.0,20.0,650.0,640.0,660.0,0.00649784609923,0.00649784609923
-2.0,180.0,20.0,670.0,660.0,680.0,0.00666980254589,0.00666980254589
-2.0,180.0,20.0,690.0,680.0,700.0,0.0065038068217,0.0065038068217
-2.0,180.0,20.0,710.0,700.0,720.0,0.00616610611616,0.00616610611616
-2.0,180.0,20.0,730.0,720.0,740.0,0.00579650029085,0.00579650029085
-2.0,180.0,20.0,750.0,740.0,760.0,0.0053518140039,0.0053518140039
-2.0,180.0,20.0,770.0,760.0,780.0,0.00501657620839,0.00501657620839
-2.0,180.0,30.0,390.0,380.0,400.0,0.00580743413817,0.00580743413817
-2.0,180.0,30.0,410.0,400.0,420.0,0.00997249521518,0.00997249521518
-2.0,180.0,30.0,430.0,420.0,440.0,0.0101264225006,0.0101264225006
-2.0,180.0,30.0,450.0,440.0,460.0,0.0122418987651,0.0122418987651
-2.0,180.0,30.0,470.0,460.0,480.0,0.0124927666113,0.0124927666113
-2.0,180.0,30.0,490.0,480.0,500.0,0.0115460967597,0.0115460967597
-2.0,180.0,30.0,510.0,500.0,520.0,0.0101270365659,0.0101270365659
-2.0,180.0,30.0,530.0,520.0,540.0,0.00884272099625,0.00884272099625
-2.0,180.0,30.0,550.0,540.0,560.0,0.00788097609818,0.00788097609818
-2.0,180.0,30.0,570.0,560.0,580.0,0.00651836457498,0.00651836457498
-2.0,180.0,30.0,590.0,580.0,600.0,0.00625543850075,0.00625543850075
-2.0,180.0,30.0,610.0,600.0,620.0,0.00552978765183,0.00552978765183
-2.0,180.0,30.0,630.0,620.0,640.0,0.00574145664692,0.00574145664692
-2.0,180.0,30.0,650.0,640.0,660.0,0.00576011137941,0.00576011137941
-2.0,180.0,30.0,670.0,660.0,680.0,0.00584328435964,0.00584328435964
-2.0,180.0,30.0,690.0,680.0,700.0,0.0056376668078,0.0056376668078
-2.0,180.0,30.0,710.0,700.0,720.0,0.00529372845435,0.00529372845435
-2.0,180.0,30.0,730.0,720.0,740.0,0.00493320622535,0.00493320622535
-2.0,180.0,30.0,750.0,740.0,760.0,0.0045196530849,0.0045196530849
-2.0,180.0,30.0,770.0,760.0,780.0,0.00420600336997,0.00420600336997
-2.0,180.0,45.0,390.0,380.0,400.0,0.00563456126908,0.00563456126908
-2.0,180.0,45.0,410.0,400.0,420.0,0.00932710283246,0.00932710283246
-2.0,180.0,45.0,430.0,420.0,440.0,0.00916998337702,0.00916998337702
-2.0,180.0,45.0,450.0,440.0,460.0,0.0107802017656,0.0107802017656
-2.0,180.0,45.0,470.0,460.0,480.0,0.0107414462948,0.0107414462948
-2.0,180.0,45.0,490.0,480.0,500.0,0.00972970776502,0.00972970776502
-2.0,180.0,45.0,510.0,500.0,520.0,0.00839455166024,0.00839455166024
-2.0,180.0,45.0,530.0,520.0,540.0,0.00723465892499,0.00723465892499
-2.0,180.0,45.0,550.0,540.0,560.0,0.00637218876918,0.00637218876918
-2.0,180.0,45.0,570.0,560.0,580.0,0.00522456245944,0.00522456245944
-2.0,180.0,45.0,590.0,580.0,600.0,0.00496297648425,0.00496297648425
-2.0,180.0,45.0,610.0,600.0,620.0,0.00435322316252,0.00435322316252
-2.0,180.0,45.0,630.0,620.0,640.0,0.00447742213755,0.00447742213755
-2.0,180.0,45.0,650.0,640.0,660.0,0.00445578831658,0.00445578831658
-2.0,180.0,45.0,670.0,660.0,680.0,0.00448981529097,0.00448981529097
-2.0,180.0,45.0,690.0,680.0,700.0,0.00430731717379,0.00430731717379
-2.0,180.0,45.0,710.0,700.0,720.0,0.00402485203411,0.00402485203411
-2.0,180.0,45.0,730.0,720.0,740.0,0.00373464858101,0.00373464858101
-2.0,180.0,45.0,750.0,740.0,760.0,0.00340865847792,0.00340865847792
-2.0,180.0,45.0,770.0,760.0,780.0,0.00315978225363,0.00315978225363
-2.0,180.0,60.0,390.0,380.0,400.0,0.00500472556779,0.00500472556779
-2.0,180.0,60.0,410.0,400.0,420.0,0.00814347269804,0.00814347269804
-2.0,180.0,60.0,430.0,420.0,440.0,0.00789060085003,0.00789060085003
-2.0,180.0,60.0,450.0,440.0,460.0,0.00916347791352,0.00916347791352
-2.0,180.0,60.0,470.0,460.0,480.0,0.00903796344153,0.00903796344153
-2.0,180.0,60.0,490.0,480.0,500.0,0.00811816161436,0.00811816161436
-2.0,180.0,60.0,510.0,500.0,520.0,0.00695700612978,0.00695700612978
-2.0,180.0,60.0,530.0,520.0,540.0,0.005964245706,0.005964245706
-2.0,180.0,60.0,550.0,540.0,560.0,0.00522965321076,0.00522965321076
-2.0,180.0,60.0,570.0,560.0,580.0,0.00427417542518,0.00427417542518
-2.0,180.0,60.0,590.0,580.0,600.0,0.00404648378557,0.00404648378557
-2.0,180.0,60.0,610.0,600.0,620.0,0.00354113658425,0.00354113658425
-2.0,180.0,60.0,630.0,620.0,640.0,0.00363265233745,0.00363265233745
-2.0,180.0,60.0,650.0,640.0,660.0,0.00360808525398,0.00360808525398
-2.0,180.0,60.0,670.0,660.0,680.0,0.00363103428658,0.00363103428658
-2.0,180.0,60.0,690.0,680.0,700.0,0.00348097100381,0.00348097100381
-2.0,180.0,60.0,710.0,700.0,720.0,0.00325182737357,0.00325182737357
-2.0,180.0,60.0,730.0,720.0,740.0,0.00301771093231,0.00301771093231
-2.0,180.0,60.0,750.0,740.0,760.0,0.00275555054598,0.00275555054598
-2.0,180.0,60.0,770.0,760.0,780.0,0.00255579388524,0.00255579388524
-2.0,180.0,90.0,390.0,380.0,400.0,0.0039835467839,0.0039835467839
-2.0,180.0,90.0,410.0,400.0,420.0,0.00638261662634,0.00638261662634
-2.0,180.0,90.0,430.0,420.0,440.0,0.00611388969529,0.00611388969529
-2.0,180.0,90.0,450.0,440.0,460.0,0.00704756222956,0.00704756222956
-2.0,180.0,90.0,470.0,460.0,480.0,0.00692676359213,0.00692676359213
-2.0,180.0,90.0,490.0,480.0,500.0,0.0062241210695,0.0062241210695
-2.0,180.0,90.0,510.0,500.0,520.0,0.00535695768568,0.00535695768568
-2.0,180.0,90.0,530.0,520.0,540.0,0.00462999644648,0.00462999644648
-2.0,180.0,90.0,550.0,540.0,560.0,0.00410064763027,0.00410064763027
-2.0,180.0,90.0,570.0,560.0,580.0,0.00339735611273,0.00339735611273
-2.0,180.0,90.0,590.0,580.0,600.0,0.00325770929743,0.00325770929743
-2.0,180.0,90.0,610.0,600.0,620.0,0.00289578631967,0.00289578631967
-2.0,180.0,90.0,630.0,620.0,640.0,0.00301322633233,0.00301322633233
-2.0,180.0,90.0,650.0,640.0,660.0,0.00304036639735,0.00304036639735
-2.0,180.0,90.0,670.0,660.0,680.0,0.00311321339705,0.00311321339705
-2.0,180.0,90.0,690.0,680.0,700.0,0.00304051036439,0.00304051036439
-2.0,180.0,90.0,710.0,700.0,720.0,0.00289634029526,0.00289634029526
-2.0,180.0,90.0,730.0,720.0,740.0,0.00274265835964,0.00274265835964
-2.0,180.0,90.0,750.0,740.0,760.0,0.00255711361681,0.00255711361681
-2.0,180.0,90.0,770.0,760.0,780.0,0.00242099855627,0.00242099855627
0.0,0.0,0.0,390.0,380.0,400.0,0.000990623664111,0.000990623664111
0.0,0.0,0.0,410.0,400.0,420.0,0.00181204461292,0.00181204461292
0.0,0.0,0.0,430.0,420.0,440.0,0.00199388602914,0.00199388602914
0.0,0.0,0.0,450.0,440.0,460.0,0.00264683103122,0.00264683103122
0.0,0.0,0.0,470.0,460.0,480.0,0.00299820857629,0.00299820857629
0.0,0.0,0.0,490.0,480.0,500.0,0.00309637250336,0.00309637250336
0.0,0.0,0.0,510.0,500.0,520.0,0.00303810454612,0.00303810454612
0.0,0.0,0.0,530.0,520.0,540.0,0.00296183490981,0.00296183490981
0.0,0.0,0.0,550.0,540.0,560.0,0.00298207953366,0.00298207953366
0.0,0.0,0.0,570.0,560.0,580.0,0.00276221748791,0.00276221748791
0.0,0.0,0.0,590.0,580.0,600.0,0.00304601839958,0.00304601839958
0.0,0.0,0.0,610.0,600.0,620.0,0.00306492093816,0.00306492093816
0.0,0.0,0.0,630.0,620.0,640.0,0.00370214546578,0.00370214546578
0.0,0.0,0.0,650.0,640.0,660.0,0.00430623226066,0.00430623226066
0.0,0.0,0.0,670.0,660.0,680.0,0.00504360946631,0.00504360946631
0.0,0.0,0.0,690.0,680.0,700.0,0.00560789740015,0.00560789740015
0.0,0.0,0.0,710.0,700.0,720.0,0.00607020696022,0.00607020696022
0.0,0.0,0.0,730.0,720.0,740.0,0.0065286790942,0.0065286790942
0.0,0.0,0.0,750.0,740.0,760.0,0.00691099028727,0.00691099028727
0.0,0.0,0.0,770.0,760.0,780.0,0.0074622135046,0.0074622135046
0.0,0.0,0.5,390.0,380.0,400.0,0.000956424858686,0.000956424858686
0.0,0.0,0.5,410.0,400.0,420.0,0.00174848929477,0.00174848929477
0.0,0.0,0.5,430.0,420.0,440.0,0.00192230174814,0.00192230174814
0.0,0.0,0.5,450.0,440.0,460.0,0.00254849551734,0.00254849551734
0.0,0.0,0.5,470.0,460.0,480.0,0.00288192356045,0.00288192356045
0.0,0.0,0.5,490.0,480.0,500.0,0.00297004216203,0.00297004216203
0.0,0.0,0.5,510.0,500.0,520.0,0.0029066236137,0.0029066236137
0.0,0.0,0.5,530.0,520.0,540.0,0.00282534413844,0.00282534413844
0.0,0.0,0.5,550.0,540.0,560.0,0.00283915465634,0.00283915465634
0.0,0.0,0.5,570.0,560.0,580.0,0.00262409404418,0.00262409404418
0.0,0.0,0.5,590.0,580.0,600.0,0.00289438658463,0.00289438658463
0.0,0.0,0.5,610.0,600.0,620.0,0.00291318989786,0.00291318989786
0.0,0.0,0.5,630.0,620.0,640.0,0.00352816133113,0.00352816133113
0.0,0.0,0.5,650.0,640.0,660.0,0.00411747494138,0.00411747494138
0.0,0.0,0.5,670.0,660.0,680.0,0.00484184043101,0.00484184043101
0.0,0.0,0.5,690.0,680.0,700.0,0.00540989103402,0.00540989103402
0.0,0.0,0.5,710.0,700.0,720.0,0.00589045423199,0.00589045423199
0.0,0.0,0.5,730.0,720.0,740.0,0.00637927823017,0.00637927823017
0.0,0.0,0.5,750.0,740.0,760.0,0.00680573824999,0.00680573824999
0.0,0.0,0.5,770.0,760.0,780.0,0.00741242439493,0.00741242439493
0.0,0.0,1.0,390.0,380.0,400.0,0.000959074742553,0.000959074742553
0.0,0.0,1.0,410.0,400.0,420.0,0.00175347254174,0.00175347254174
0.0,0.0,1.0,430.0,420.0,440.0,0.00192791498111,0.00192791498111
0.0,0.0,1.0,450.0,440.0,460.0,0.0025560579013,0.0025560579013
0.0,0.0,1.0,470.0,460.0,480.0,0.0028905829991,0.0028905829991
0.0,0.0,1.0,490.0,480.0,500.0,0.00297911194027,0.00297911194027
0.0,0.0,1.0,510.0,500.0,520.0,0.0029157770087,0.0029157770087
0.0,0.0,1.0,530.0,520.0,540.0,0.00283497239958,0.00283497239958
0.0,0.0,1.0,550.0,540.0,560.0,0.00285089120902,0.00285089120902
0.0,0.0,1.0,570.0,560.0,580.0,0.00263831758907,0.00263831758907
0.0,0.0,1.0,590.0,580.0,600.0,0.00291691604816,0.00291691604816
0.0,0.0,1.0,610.0,600.0,620.0,0.00294635320523,0.00294635320523
0.0,0.0,1.0,630.0,620.0,640.0,0.00358685445466,0.00358685445466
0.0,0.0,1.0,650.0,640.0,660.0,0.0042156718513,0.0042156718513
0.0,0.0,1.0,670.0,660.0,680.0,0.00500376668733,0.00500376668733
0.0,0.0,1.0,690.0,680.0,700.0,0.00565734845555,0.00565734845555
0.0,0.0,1.0,710.0,700.0,720.0,0.00624915875499,0.00624915875499
0.0,0.0,1.0,730.0,720.0,740.0,0.00688195181597,0.00688195181597
0.0,0.0,1.0,750.0,740.0,760.0,0.00748070496888,0.00748070496888
0.0,0.0,1.0,770.0,760.0,780.0,0.00831092102863,0.00831092102863
0.0,0.0,2.0,390.0,380.0,400.0,0.00100085097085,0.00100085097085
0.0,0.0,2.0,410.0,400.0,420.0,0.00182934338447,0.00182934338447
0.0,0.0,2.0,430.0,420.0,440.0,0.00201060221506,0.00201060221506
0.0,0.0,2.0,450.0,440.0,460.0,0.00266469105024,0.00266469105024
0.0,0.0,2.0,470.0,460.0,480.0,0.00301246007264,0.00301246007264
0.0,0.0,2.0,490.0,480.0,500.0,0.00310419192806,0.00310419192806
0.0,0.0,2.0,510.0,500.0,520.0,0.00303853321859,0.00303853321859
0.0,0.0,2.0,530.0,520.0,540.0,0.00295627970507,0.00295627970507
0.0,0.0,2.0,550.0,540.0,560.0,0.00297766626663,0.00297766626663
0.0,0.0,2.0,570.0,560.0,580.0,0.00276454543896,0.00276454543896
0.0,0.0,2.0,590.0,580.0,600.0,0.00307352082659,0.00307352082659
0.0,0.0,2.0,610.0,600.0,620.0,0.00313281269201,0.00313281269201
0.0,0.0,2.0,630.0,620.0,640.0,0.00386457557672,0.00386457557672
0.0,0.0,2.0,650.0,640.0,660.0,0.00462706638059,0.00462706638059
0.0,0.0,2.0,670.0,660.0,680.0,0.00562953533028,0.00562953533028
0.0,0.0,2.0,690.0,680.0,700.0,0.00656631004416,0.00656631004416
0.0,0.0,2.0,710.0,700.0,720.0,0.00752809380218,0.00752809380218
0.0,0.0,2.0,730.0,720.0,740.0,0.00864648679865,0.00864648679865
0.0,0.0,2.0,750.0,740.0,760.0,0.00983495335969,0.00983495335969
0.0,0.0,2.0,770.0,760.0,780.0,0.0114452516255,0.0114452516255
0.0,0.0,3.0,390.0,380.0,400.0,0.00104391154499,0.00104391154499
0.0,0.0,3.0,410.0,400.0,420.0,0.00191061091544,0.00191061091544
0.0,0.0,3.0,430.0,420.0,440.0,0.00210316120636,0.00210316120636
0.0,0.0,3.0,450.0,440.0,460.0,0.00279276234659,0.00279276234659
0.0,0.0,3.0,470.0,460.0,480.0,0.00316533432796,0.00316533432796
0.0,0.0,3.0,490.0,480.0,500.0,0.00327290417972,0.00327290417972
0.0,0.0,3.0,510.0,500.0,520.0,0.00321791436726,0.00321791436726
0.0,0.0,3.0,530.0,520.0,540.0,0.00314798728027,0.00314798728027
0.0,0.0,3.0,550.0,540.0,560.0,0.00319030563182,0.00319030563182
0.0,0.0,3.0,570.0,560.0,580.0,0.00298107204267,0.00298107204267
0.0,0.0,3.0,590.0,580.0,600.0,0.00333307868592,0.00333307868592
0.0,0.0,3.0,610.0,600.0,620.0,0.00341185602153,0.00341185602153
0.0,0.0,3.0,630.0,620.0,640.0,0.00421675085307,0.00421675085307
0.0,0.0,3.0,650.0,640.0,660.0,0.00504353232472,0.00504353232472
0.0,0.0,3.0,670.0,660.0,680.0,0.00610948289447,0.00610948289447
0.0,0.0,3.0,690.0,680.0,700.0,0.00707162217634,0.00707162217634
0.0,0.0,3.0,710.0,700.0,720.0,0.0080232836692,0.0080232836692
0.0,0.0,3.0,730.0,720.0,740.0,0.00910467642479,0.00910467642479
0.0,0.0,3.0,750.0,740.0,760.0,0.0102274479876,0.0102274479876
0.0,0.0,3.0,770.0,760.0,780.0,0.0117678780807,0.0117678780807
0.0,0.0,5.0,390.0,380.0,400.0,0.00114913446714,0.00114913446714
0.0,0.0,5.0,410.0,400.0,420.0,0.00212176309041,0.00212176309041
0.0,0.0,5.0,430.0,420.0,440.0,0.00236584472022,0.00236584472022
0.0,0.0,5.0,450.0,440.0,460.0,0.00320081229901,0.00320081229901
0.0,0.0,5.0,470.0,460.0,480.0,0.00372196881465,0.00372196881465
0.0,0.0,5.0,490.0,480.0,500.0,0.00397692343434,0.00397692343434
0.0,0.0,5.0,510.0,500.0,520.0,0.00406708826084,0.00406708826084
0.0,0.0,5.0,530.0,520.0,540.0,0.00415920364905,0.00415920364905
0.0,0.0,5.0,550.0,540.0,560.0,0.00441245924797,0.00441245924797
0.0,0.0,5.0,570.0,560.0,580.0,0.00431638847442,0.00431638847442
0.0,0.0,5.0,590.0,580.0,600.0,0.0050225942345,0.0050225942345
0.0,0.0,5.0,610.0,600.0,620.0,0.00532029377542,0.00532029377542
0.0,0.0,5.0,630.0,620.0,640.0,0.00672959617426,0.00672959617426
0.0,0.0,5.0,650.0,640.0,660.0,0.00814708379193,0.00814708379193
0.0,0.0,5.0,670.0,660.0,680.0,0.00986053241229,0.00986053241229
0.0,0.0,5.0,690.0,680.0,700.0,0.0112357823978,0.0112357823978
0.0,0.0,5.0,710.0,700.0,720.0,0.012350189213,0.012350189213
0.0,0.0,5.0,730.0,720.0,740.0,0.0133606862918,0.0133606862918
0.0,0.0,5.0,750.0,740.0,760.0,0.0140918221141,0.0140918221141
0.0,0.0,5.0,770.0,760.0,780.0,0.0150330108018,0.0150330108018
0.0,0.0,8.0,390.0,380.0,400.0,0.00138089498193,0.00138089498193
0.0,0.0,8.0,410.0,400.0,420.0,0.00263685770182,0.00263685770182
0.0,0.0,8.0,430.0,420.0,440.0,0.00306648661077,0.00306648661077
0.0,0.0,8.0,450.0,440.0,460.0,0.00435859481998,0.00435859481998
0.0,0.0,8.0,470.0,460.0,480.0,0.00534442743498,0.00534442743498
0.0,0.0,8.0,490.0,480.0,500.0,0.00601707081055,0.00601707081055
0.0,0.0,8.0,510.0,500.0,520.0,0.00645322165275,0.00645322165275
0.0,0.0,8.0,530.0,520.0,540.0,0.00686905142688,0.00686905142688
0.0,0.0,8.0,550.0,540.0,560.0,0.00750833800958,0.00750833800958
0.0,0.0,8.0,570.0,560.0,580.0,0.00750229177916,0.00750229177916
0.0,0.0,8.0,590.0,580.0,600.0,0.00882675176379,0.00882675176379
0.0,0.0,8.0,610.0,600.0,620.0,0.00939197203496,0.00939197203496
0.0,0.0,8.0,630.0,620.0,640.0,0.0118493241016,0.0118493241016
0.0,0.0,8.0,650.0,640.0,660.0,0.014243483549,0.014243483549
0.0,0.0,8.0,670.0,660.0,680.0,0.0170553229432,0.0170553229432
0.0,0.0,8.0,690.0,680.0,700.0,0.0191671827879,0.0191671827879
0.0,0.0,8.0,710.0,700.0,720.0,0.0207203039185,0.0207203039185
0.0,0.0,8.0,730.0,720.0,740.0,0.0219892079137,0.0219892079137
0.0,0.0,8.0,750.0,740.0,760.0,0.0226935480001,0.0226935480001
0.0,0.0,8.0,770.0,760.0,780.0,0.023626153694,0.023626153694
0.0,0.0,12.0,390.0,380.0,400.0,0.00182729329685,0.00182729329685
0.0,0.0,12.0,410.0,400.0,420.0,0.00358045511481,0.00358045511481
0.0,0.0,12.0,430.0,420.0,440.0,0.0042516458579,0.0042516458579
0.0,0.0,12.0,450.0,440.0,460.0,0.00613445693256,0.00613445693256
0.0,0.0,12.0,470.0,460.0,480.0,0.00758375720259,0.00758375720259
0.0,0.0,12.0,490.0,480.0,500.0,0.00854910426202,0.00854910426202
0.0,0.0,12.0,510.0,500.0,520.0,0.00912392773169,0.00912392773169
0.0,0.0,12.0,530.0,520.0,540.0,0.00961585979025,0.00961585979025
0.0,0.0,12.0,550.0,540.0,560.0,0.0103671507362,0.0103671507362
0.0,0.0,12.0,570.0,560.0,580.0,0.0101920915516,0.0101920915516
0.0,0.0,12.0,590.0,580.0,600.0,0.0117816540456,0.0117816540456
0.0,0.0,12.0,610.0,600.0,620.0,0.012308076822,0.012308076822
0.0,0.0,12.0,630.0,620.0,640.0,0.0152447810522,0.0152447810522
0.0,0.0,12.0,650.0,640.0,660.0,0.0179919549801,0.0179919549801
0.0,0.0,12.0,670.0,660.0,680.0,0.0211575809223,0.0211575809223
0.0,0.0,12.0,690.0,680.0,700.0,0.0233588890773,0.0233588890773
0.0,0.0,12.0,710.0,700.0,720.0,0.0248159714761,0.0248159714761
0.0,0.0,12.0,730.0,720.0,740.0,0.0258915784934,0.0258915784934
0.0,0.0,12.0,750.0,740.0,760.0,0.026279449409,0.026279449409
0.0,0.0,12.0,770.0,760.0,780.0,0.0269187226153,0.0269187226153
0.0,0.0,20.0,390.0,380.0,400.0,0.00261578015391,0.00261578015391
0.0,0.0,20.0,410.0,400.0,420.0,0.00496890903777,0.00496890903777
0.0,0.0,20.0,430.0,420.0,440.0,0.00566434204286,0.00566434204286
0.0,0.0,20.0,450.0,440.0,460.0,0.00779441458865,0.00779441458865
0.0,0.0,20.0,470.0,460.0,480.0,0.00916131955907,0.00916131955907
0.0,0.0,20.0,490.0,480.0,500.0,0.00981825629966,0.00981825629966
0.0,0.0,20.0,510.0,500.0,520.0,0.00998237279284,0.00998237279284
0.0,0.0,20.0,530.0,520.0,540.0,0.010056031511,0.010056031511
0.0,0.0,20.0,550.0,540.0,560.0,0.010413042495,0.010413042495
0.0,0.0,20.0,570.0,560.0,580.0,0.00986990019723,0.00986990019723
0.0,0.0,20.0,590.0,580.0,600.0,0.011060208085,0.011060208085
0.0,0.0,20.0,610.0,600.0,620.0,0.0112357255542,0.0112357255542
0.0,0.0,20.0,630.0,620.0,640.0,0.0135907857098,0.0135907857098
0.0,0.0,20.0,650.0,640.0,660.0,0.0157029411505,0.0157029411505
0.0,0.0,20.0,670.0,660.0,680.0,0.0181134889181,0.0181134889181
0.0,0.0,20.0,690.0,680.0,700.0,0.0196502617307,0.0196502617307
0.0,0.0,20.0,710.0,700.0,720.0,0.0205435303601,0.0205435303601
0.0,0.0,20.0,730.0,720.0,740.0,0.0211209729538,0.0211209729538
0.0,0.0,20.0,750.0,740.0,760.0,0.0211480993653,0.0211480993653
0.0,0.0,20.0,770.0,760.0,780.0,0.0213955094429,0.0213955094429
0.0,0.0,30.0,390.0,380.0,400.0,0.00298739641028,0.00298739641028
0.0,0.0,30.0,410.0,400.0,420.0,0.00540490533266,0.00540490533266
0.0,0.0,30.0,430.0,420.0,440.0,0.00584570011507,0.00584570011507
0.0,0.0,30.0,450.0,440.0,460.0,0.00760613618966,0.00760613618966
0.0,0.0,30.0,470.0,460.0,480.0,0.00843936872929,0.00843936872929
0.0,0.0,30.0,490.0,480.0,500.0,0.00854205420703,0.00854205420703
0.0,0.0,30.0,510.0,500.0,520.0,0.00822143461092,0.00822143461092
0.0,0.0,30.0,530.0,520.0,540.0,0.00786973198908,0.00786973198908
0.0,0.0,30.0,550.0,540.0,560.0,0.00779069857581,0.00779069857581
0.0,0.0,30.0,570.0,560.0,580.0,0.00709302869806,0.00709302869806
0.0,0.0,30.0,590.0,580.0,600.0,0.00769432734296,0.00769432734296
0.0,0.0,30.0,610.0,600.0,620.0,0.00759767615631,0.00759767615631
0.0,0.0,30.0,630.0,620.0,640.0,0.00899001762372,0.00899001762372
0.0,0.0,30.0,650.0,640.0,660.0,0.0101954158142,0.0101954158142
0.0,0.0,30.0,670.0,660.0,680.0,0.0115736065376,0.0115736065376
0.0,0.0,30.0,690.0,680.0,700.0,0.0123838764926,0.0123838764926
0.0,0.0,30.0,710.0,700.0,720.0,0.0127947703502,0.0127947703502
0.0,0.0,30.0,730.0,720.0,740.0,0.0130221151139,0.0130221151139
0.0,0.0,30.0,750.0,740.0,760.0,0.0129255541002,0.0129255541002
0.0,0.0,30.0,770.0,760.0,780.0,0.0129830438674,0.0129830438674
0.0,0.0,45.0,390.0,380.0,400.0,0.00287211788537,0.00287211788537
0.0,0.0,45.0,410.0,400.0,420.0,0.00496593455313,0.00496593455313
0.0,0.0,45.0,430.0,420.0,440.0,0.0051304142206,0.0051304142206
0.0,0.0,45.0,450.0,440.0,460.0,0.00636458139302,0.00636458139302
0.0,0.0,45.0,470.0,460.0,480.0,0.00671785471616,0.00671785471616
0.0,0.0,45.0,490.0,480.0,500.0,0.00645625831394,0.00645625831394
0.0,0.0,45.0,510.0,500.0,520.0,0.00589367522301,0.00589367522301
0.0,0.0,45.0,530.0,520.0,540.0,0.00535073787143,0.00535073787143
0.0,0.0,45.0,550.0,540.0,560.0,0.00503672720986,0.00503672720986
0.0,0.0,45.0,570.0,560.0,580.0,0.00436919228537,0.00436919228537
0.0,0.0,45.0,590.0,580.0,600.0,0.0045433653922,0.0045433653922
0.0,0.0,45.0,610.0,600.0,620.0,0.00431415305249,0.00431415305249
0.0,0.0,45.0,630.0,620.0,640.0,0.00494113794822,0.00494113794822
0.0,0.0,45.0,650.0,640.0,660.0,0.00544415509793,0.00544415509793
0.0,0.0,45.0,670.0,660.0,680.0,0.00602260573699,0.00602260573699
0.0,0.0,45.0,690.0,680.0,700.0,0.00629798746912,0.00629798746912
0.0,0.0,45.0,710.0,700.0,720.0,0.00637616906394,0.00637616906394
0.0,0.0,45.0,730.0,720.0,740.0,0.00637471988479,0.00637471988479
0.0,0.0,45.0,750.0,740.0,760.0,0.00622878652622,0.00622878652622
0.0,0.0,45.0,770.0,760.0,780.0,0.00617393244441,0.00617393244441
0.0,0.0,60.0,390.0,380.0,400.0,0.00253451406757,0.00253451406757
0.0,0.0,60.0,410.0,400.0,420.0,0.00425693804502,0.00425693804502
0.0,0.0,60.0,430.0,420.0,440.0,0.00427460660911,0.00427460660911
0.0,0.0,60.0,450.0,440.0,460.0,0.00515112199577,0.00515112199577
0.0,0.0,60.0,470.0,460.0,480.0,0.00527453015386,0.00527453015386
0.0,0.0,60.0,490.0,480.0,500.0,0.00490898047438,0.00490898047438
0.0,0.0,60.0,510.0,500.0,520.0,0.00433066935595,0.00433066935595
0.0,0.0,60.0,530.0,520.0,540.0,0.00379198895478,0.00379198895478
0.0,0.0,60.0,550.0,540.0,560.0,0.00344358874763,0.00344358874763
0.0,0.0,60.0,570.0,560.0,580.0,0.00287815547903,0.00287815547903
0.0,0.0,60.0,590.0,580.0,600.0,0.00289631909669,0.00289631909669
0.0,0.0,60.0,610.0,600.0,620.0,0.0026617349762,0.0026617349762
0.0,0.0,60.0,630.0,620.0,640.0,0.00296773062973,0.00296773062973
0.0,0.0,60.0,650.0,640.0,660.0,0.00318898133547,0.00318898133547
0.0,0.0,60.0,670.0,660.0,680.0,0.00344506052186,0.00344506052186
0.0,0.0,60.0,690.0,680.0,700.0,0.00352299201275,0.00352299201275
0.0,0.0,60.0,710.0,700.0,720.0,0.00349313020273,0.00349313020273
0.0,0.0,60.0,730.0,720.0,740.0,0.00342558349558,0.00342558349558
0.0,0.0,60.0,750.0,740.0,760.0,0.00328749833565,0.00328749833565
0.0,0.0,60.0,770.0,760.0,780.0,0.00320766626167,0.00320766626167
0.0,0.0,90.0,390.0,380.0,400.0,0.00215072993799,0.00215072993799
0.0,0.0,90.0,410.0,400.0,420.0,0.00352233164613,0.00352233164613
0.0,0.0,90.0,430.0,420.0,440.0,0.00345210736031,0.00345210736031
0.0,0.0,90.0,450.0,440.0,460.0,0.00406019305054,0.00406019305054
0.0,0.0,90.0,470.0,460.0,480.0,0.00405461507691,0.00405461507691
0.0,0.0,90.0,490.0,480.0,500.0,0.00367457049284,0.00367457049284
0.0,0.0,90.0,510.0,500.0,520.0,0.00314935176127,0.00314935176127
0.0,0.0,90.0,530.0,520.0,540.0,0.0026716122208,0.0026716122208
0.0,0.0,90.0,550.0,540.0,560.0,0.00234748293658,0.00234748293658
0.0,0.0,90.0,570.0,560.0,580.0,0.00189243863262,0.00189243863262
0.0,0.0,90.0,590.0,580.0,600.0,0.00184014623095,0.00184014623095
0.0,0.0,90.0,610.0,600.0,620.0,0.00163043851307,0.00163043851307
0.0,0.0,90.0,630.0,620.0,640.0,0.00175905279476,0.00175905279476
0.0,0.0,90.0,650.0,640.0,660.0,0.00182902354158,0.00182902354158
0.0,0.0,90.0,670.0,660.0,680.0,0.00191106795664,0.00191106795664
0.0,0.0,90.0,690.0,680.0,700.0,0.00188971402806,0.00188971402806
0.0,0.0,90.0,710.0,700.0,720.0,0.00181186429178,0.00181186429178
0.0,0.0,90.0,730.0,720.0,740.0,0.00171869574193,0.00171869574193
0.0,0.0,90.0,750.0,740.0,760.0,0.00159572722287,0.00159572722287
0.0,0.0,90.0,770.0,760.0,780.0,0.00150895951908,0.00150895951908
0.0,90.0,0.0,390.0,380.0,400.0,0.000859511306779,0.000859511306779
0.0,90.0,0.0,410.0,400.0,420.0,0.00150566068293,0.00150566068293
0.0,90.0,0.0,430.0,420.0,440.0,0.00157718867789,0.00157718867789
0.0,90.0,0.0,450.0,440.0,460.0,0.00197820267222,0.00197820267222
0.0,90.0,0.0,470.0,460.0,480.0,0.00210049973782,0.00210049973782
0.0,90.0,0.0,490.0,480.0,500.0,0.00201642315455,0.00201642315455
0.0,90.0,0.0,510.0,500.0,520.0,0.00182172164753,0.00182172164753
0.0,90.0,0.0,530.0,520.0,540.0,0.0016202833394,0.0016202833394
0.0,90.0,0.0,550.0,540.0,560.0,0.00149238254535,0.00149238254535
0.0,90.0,0.0,570.0,560.0,580.0,0.00125340163643,0.00125340163643
0.0,90.0,0.0,590.0,580.0,600.0,0.00127610905978,0.00127610905978
0.0,90.0,0.0,610.0,600.0,620.0,0.00117699666872,0.00117699666872
0.0,90.0,0.0,630.0,620.0,640.0,0.00132730208036,0.00132730208036
0.0,90.0,0.0,650.0,640.0,660.0,0.00143686357171,0.00143686357171
0.0,90.0,0.0,670.0,660.0,680.0,0.00155599577291,0.00155599577291
0.0,90.0,0.0,690.0,680.0,700.0,0.00158784703546,0.00158784703546
0.0,90.0,0.0,710.0,700.0,720.0,0.00156486241387,0.00156486241387
0.0,90.0,0.0,730.0,720.0,740.0,0.00152018876836,0.00152018876836
0.0,90.0,0.0,750.0,740.0,760.0,0.00143984489044,0.00143984489044
0.0,90.0,0.0,770.0,760.0,780.0,0.00138626159972,0.00138626159972
0.0,90.0,0.5,390.0,380.0,400.0,0.000860599013726,0.000860599013726
0.0,90.0,0.5,410.0,400.0,420.0,0.00150733108728,0.00150733108728
0.0,90.0,0.5,430.0,420.0,440.0,0.00157871045151,0.00157871045151
0.0,90.0,0.5,450.0,440.0,460.0,0.00197986092481,0.00197986092481
0.0,90.0,0.5,470.0,460.0,480.0,0.00210203473442,0.00210203473442
0.0,90.0,0.5,490.0,480.0,500.0,0.0020177194905,0.0020177194905
0.0,90.0,0.5,510.0,500.0,520.0,0.00182276036095,0.00182276036095
0.0,90.0,0.5,530.0,520.0,540.0,0.00162111254453,0.00162111254453
0.0,90.0,0.5,550.0,540.0,560.0,0.00149307428818,0.00149307428818
0.0,90.0,0.5,570.0,560.0,580.0,0.00125393339069,0.00125393339069
0.0,90.0,0.5,590.0,580.0,600.0,0.0012766121299,0.0012766121299
0.0,90.0,0.5,610.0,600.0,620.0,0.00117743287295,0.00117743287295
0.0,90.0,0.5,630.0,620.0,640.0,0.00132777707663,0.00132777707663
0.0,90.0,0.5,650.0,640.0,660.0,0.00143736855559,0.00143736855559
0.0,90.0,0.5,670.0,660.0,680.0,0.00155653868163,0.00155653868163
0.0,90.0,0.5,690.0,680.0,700.0,0.00158840217749,0.00158840217749
0.0,90.0,0.5,710.0,700.0,720.0,0.00156541542916,0.00156541542916
0.0,90.0,0.5,730.0,720.0,740.0,0.00152073544952,0.00152073544952
0.0,90.0,0.5,750.0,740.0,760.0,0.00144037454602,0.00144037454602
0.0,90.0,0.5,770.0,760.0,780.0,0.00138678748232,0.00138678748232
0.0,90.0,1.0,390.0,380.0,400.0,0.000875750970177,0.000875750970177
0.0,90.0,1.0,410.0,400.0,420.0,0.00153511617455,0.00153511617455
0.0,90.0,1.0,430.0,420.0,440.0,0.00160930570133,0.00160930570133
0.0,90.0,1.0,450.0,440.0,460.0,0.00202046472673,0.00202046472673
0.0,90.0,1.0,470.0,460.0,480.0,0.00214798130094,0.00214798130094
0.0,90.0,1.0,490.0,480.0,500.0,0.00206509230635,0.00206509230635
0.0,90.0,1.0,510.0,500.0,520.0,0.00186909679728,0.00186909679728
0.0,90.0,1.0,530.0,520.0,540.0,0.00166608266333,0.00166608266333
0.0,90.0,1.0,550.0,540.0,560.0,0.00153816190313,0.00153816190313
0.0,90.0,1.0,570.0,560.0,580.0,0.00129539426581,0.00129539426581
0.0,90.0,1.0,590.0,580.0,600.0,0.00132209060025,0.00132209060025
0.0,90.0,1.0,610.0,600.0,620.0,0.0012227299115,0.0012227299115
0.0,90.0,1.0,630.0,620.0,640.0,0.00138194321718,0.00138194321718
0.0,90.0,1.0,650.0,640.0,660.0,0.00149937687882,0.00149937687882
0.0,90.0,1.0,670.0,660.0,680.0,0.00162746661009,0.00162746661009
0.0,90.0,1.0,690.0,680.0,700.0,0.00166474935864,0.00166474935864
0.0,90.0,1.0,710.0,700.0,720.0,0.00164464515978,0.00164464515978
0.0,90.0,1.0,730.0,720.0,740.0,0.00160161614026,0.00160161614026
0.0,90.0,1.0,750.0,740.0,760.0,0.00152077318392,0.00152077318392
0.0,90.0,1.0,770.0,760.0,780.0,0.00146763045658,0.00146763045658
0.0,90.0,2.0,390.0,380.0,400.0,0.000903219261377,0.000903219261377
0.0,90.0,2.0,410.0,400.0,420.0,0.00158534747439,0.00158534747439
0.0,90.0,2.0,430.0,420.0,440.0,0.00166437791099,0.00166437791099
0.0,90.0,2.0,450.0,440.0,460.0,0.00209299673149,0.00209299673149
0.0,90.0,2.0,470.0,460.0,480.0,0.00222910831766,0.00222910831766
0.0,90.0,2.0,490.0,480.0,500.0,0.00214741714972,0.00214741714972
0.0,90.0,2.0,510.0,500.0,520.0,0.00194798461864,0.00194798461864
0.0,90.0,2.0,530.0,520.0,540.0,0.00174079201772,0.00174079201772
0.0,90.0,2.0,550.0,540.0,560.0,0.00161138324858,0.00161138324858
0.0,90.0,2.0,570.0,560.0,580.0,0.00136104172475,0.00136104172475
0.0,90.0,2.0,590.0,580.0,600.0,0.00139293737684,0.00139293737684
0.0,90.0,2.0,610.0,600.0,620.0,0.0012920855484,0.0012920855484
0.0,90.0,2.0,630.0,620.0,640.0,0.00146423388037,0.00146423388037
0.0,90.0,2.0,650.0,640.0,660.0,0.00159298060571,0.00159298060571
0.0,90.0,2.0,670.0,660.0,680.0,0.00173393089212,0.00173393089212
0.0,90.0,2.0,690.0,680.0,700.0,0.00177882839189,0.00177882839189
0.0,90.0,2.0,710.0,700.0,720.0,0.00176267654728,0.00176267654728
0.0,90.0,2.0,730.0,720.0,740.0,0.00172195025259,0.00172195025259
0.0,90.0,2.0,750.0,740.0,760.0,0.00164042104711,0.00164042104711
0.0,90.0,2.0,770.0,760.0,780.0,0.00158833489015,0.00158833489015
0.0,90.0,3.0,390.0,380.0,400.0,0.00093774178616,0.00093774178616
0.0,90.0,3.0,410.0,400.0,420.0,0.00164919167326,0.00164919167326
0.0,90.0,3.0,430.0,420.0,440.0,0.00173510850116,0.00173510850116
0.0,90.0,3.0,450.0,440.0,460.0,0.0021870232274,0.0021870232274
0.0,90.0,3.0,470.0,460.0,480.0,0.00233515735679,0.00233515735679
0.0,90.0,3.0,490.0,480.0,500.0,0.00225584950019,0.00225584950019
0.0,90.0,3.0,510.0,500.0,520.0,0.00205262252516,0.00205262252516
0.0,90.0,3.0,530.0,520.0,540.0,0.00184055321086,0.00184055321086
0.0,90.0,3.0,550.0,540.0,560.0,0.00170991760605,0.00170991760605
0.0,90.0,3.0,570.0,560.0,580.0,0.00145006746112,0.00145006746112
0.0,90.0,3.0,590.0,580.0,600.0,0.00149004207599,0.00149004207599
0.0,90.0,3.0,610.0,600.0,620.0,0.00138819232185,0.00138819232185
0.0,90.0,3.0,630.0,620.0,640.0,0.00157988144069,0.00157988144069
0.0,90.0,3.0,650.0,640.0,660.0,0.00172650172314,0.00172650172314
0.0,90.0,3.0,670.0,660.0,680.0,0.00188816094857,0.00188816094857
0.0,90.0,3.0,690.0,680.0,700.0,0.00194674482131,0.00194674482131
0.0,90.0,3.0,710.0,700.0,720.0,0.00193928513227,0.00193928513227
0.0,90.0,3.0,730.0,720.0,740.0,0.00190503617176,0.00190503617176
0.0,90.0,3.0,750.0,740.0,760.0,0.00182554019934,0.00182554019934
0.0,90.0,3.0,770.0,760.0,780.0,0.00177829261375,0.00177829261375
0.0,90.0,5.0,390.0,380.0,400.0,0.00101847108684,0.00101847108684
0.0,90.0,5.0,410.0,400.0,420.0,0.00180197284731,0.00180197284731
0.0,90.0,5.0,430.0,420.0,440.0,0.00190870784844,0.00190870784844
0.0,90.0,5.0,450.0,440.0,460.0,0.00242404646151,0.00242404646151
0.0,90.0,5.0,470.0,460.0,480.0,0.00260978048036,0.00260978048036
0.0,90.0,5.0,490.0,480.0,500.0,0.00254395976985,0.00254395976985
0.0,90.0,5.0,510.0,500.0,520.0,0.0023371780002,0.0023371780002
0.0,90.0,5.0,530.0,520.0,540.0,0.00211722231111,0.00211722231111
0.0,90.0,5.0,550.0,540.0,560.0,0.00198778461983,0.00198778461983
0.0,90.0,5.0,570.0,560.0,580.0,0.00170414051049,0.00170414051049
0.0,90.0,5.0,590.0,580.0,600.0,0.00177013506073,0.00177013506073
0.0,90.0,5.0,610.0,600.0,620.0,0.00166712396047,0.00166712396047
0.0,90.0,5.0,630.0,620.0,640.0,0.00191723148282,0.00191723148282
0.0,90.0,5.0,650.0,640.0,660.0,0.00211658824454,0.00211658824454
0.0,90.0,5.0,670.0,660.0,680.0,0.00233794375598,0.00233794375598
0.0,90.0,5.0,690.0,680.0,700.0,0.00243415224562,0.00243415224562
0.0,90.0,5.0,710.0,700.0,720.0,0.00244824745454,0.00244824745454
0.0,90.0,5.0,730.0,720.0,740.0,0.00242772893598,0.00242772893598
0.0,90.0,5.0,750.0,740.0,760.0,0.0023480541749,0.0023480541749
0.0,90.0,5.0,770.0,760.0,780.0,0.002307624823,0.002307624823
0.0,90.0,8.0,390.0,380.0,400.0,0.00117520865805,0.00117520865805
0.0,90.0,8.0,410.0,400.0,420.0,0.00211254100564,0.00211254100564
0.0,90.0,8.0,430.0,420.0,440.0,0.00227420688682,0.00227420688682
0.0,90.0,8.0,450.0,440.0,460.0,0.00293402282093,0.00293402282093
0.0,90.0,8.0,470.0,460.0,480.0,0.0032054023057,0.0032054023057
0.0,90.0,8.0,490.0,480.0,500.0,0.00316604218929,0.00316604218929
0.0,90.0,8.0,510.0,500.0,520.0,0.00294253409722,0.00294253409722
0.0,90.0,8.0,530.0,520.0,540.0,0.00269233716819,0.00269233716819
0.0,90.0,8.0,550.0,540.0,560.0,0.00254861601906,0.00254861601906
0.0,90.0,8.0,570.0,560.0,580.0,0.00219971443934,0.00219971443934
0.0,90.0,8.0,590.0,580.0,600.0,0.00229634537495,0.00229634537495
0.0,90.0,8.0,610.0,600.0,620.0,0.00217073865938,0.00217073865938
0.0,90.0,8.0,630.0,620.0,640.0,0.00250149160526,0.00250149160526
0.0,90.0,8.0,650.0,640.0,660.0,0.0027639694801,0.0027639694801
0.0,90.0,8.0,670.0,660.0,680.0,0.00305298107687,0.00305298107687
0.0,90.0,8.0,690.0,680.0,700.0,0.00317644997925,0.00317644997925
0.0,90.0,8.0,710.0,700.0,720.0,0.00319103568816,0.00319103568816
0.0,90.0,8.0,730.0,720.0,740.0,0.00315913157048,0.00315913157048
0.0,90.0,8.0,750.0,740.0,760.0,0.00304960212821,0.00304960212821
0.0,90.0,8.0,770.0,760.0,780.0,0.0029899360624,0.0029899360624
0.0,90.0,12.0,390.0,380.0,400.0,0.00145120975835,0.00145120975835
0.0,90.0,12.0,410.0,400.0,420.0,0.00264537511722,0.00264537511722
0.0,90.0,12.0,430.0,420.0,440.0,0.00287430692541,0.00287430692541
0.0,90.0,12.0,450.0,440.0,460.0,0.00372616226474,0.00372616226474
0.0,90.0,12.0,470.0,460.0,480.0,0.00407503806738,0.00407503806738
0.0,90.0,12.0,490.0,480.0,500.0,0.00401732926903,0.00401732926903
0.0,90.0,12.0,510.0,500.0,520.0,0.00371883407587,0.00371883407587
0.0,90.0,12.0,530.0,520.0,540.0,0.00338436417039,0.00338436417039
0.0,90.0,12.0,550.0,540.0,560.0,0.00318158660778,0.00318158660778
0.0,90.0,12.0,570.0,560.0,580.0,0.00272588050263,0.00272588050263
0.0,90.0,12.0,590.0,580.0,600.0,0.00282028480119,0.00282028480119
0.0,90.0,12.0,610.0,600.0,620.0,0.00264236039292,0.00264236039292
0.0,90.0,12.0,630.0,620.0,640.0,0.00301429843968,0.00301429843968
0.0,90.0,12.0,650.0,640.0,660.0,0.00329718507908,0.00329718507908
0.0,90.0,12.0,670.0,660.0,680.0,0.00360652064279,0.00360652064279
0.0,90.0,12.0,690.0,680.0,700.0,0.00371722757404,0.00371722757404
0.0,90.0,12.0,710.0,700.0,720.0,0.00370072152291,0.00370072152291
0.0,90.0,12.0,730.0,720.0,740.0,0.00363215149215,0.00363215149215
0.0,90.0,12.0,750.0,740.0,760.0,0.00347753851275,0.00347753851275
0.0,90.0,12.0,770.0,760.0,780.0,0.00338217687078,0.00338217687078
0.0,90.0,20.0,390.0,380.0,400.0,0.00195670518613,0.00195670518613
0.0,90.0,20.0,410.0,400.0,420.0,0.00351480748187,0.00351480748187
0.0,90.0,20.0,430.0,420.0,440.0,0.00374659004852,0.00374659004852
0.0,90.0,20.0,450.0,440.0,460.0,0.00475409094308,0.00475409094308
0.0,90.0,20.0,470.0,460.0,480.0,0.00508510887876,0.00508510887876
0.0,90.0,20.0,490.0,480.0,500.0,0.00490444709432,0.00490444709432
0.0,90.0,20.0,510.0,500.0,520.0,0.0044465401887,0.0044465401887
0.0,90.0,20.0,530.0,520.0,540.0,0.00396917583502,0.00396917583502
0.0,90.0,20.0,550.0,540.0,560.0,0.00366117986943,0.00366117986943
0.0,90.0,20.0,570.0,560.0,580.0,0.00308365792466,0.00308365792466
0.0,90.0,20.0,590.0,580.0,600.0,0.00313332245262,0.00313332245262
0.0,90.0,20.0,610.0,600.0,620.0,0.00288833582843,0.00288833582843
0.0,90.0,20.0,630.0,620.0,640.0,0.00323914997696,0.00323914997696
0.0,90.0,20.0,650.0,640.0,660.0,0.00348757142082,0.00348757142082
0.0,90.0,20.0,670.0,660.0,680.0,0.00375997114919,0.00375997114919
0.0,90.0,20.0,690.0,680.0,700.0,0.00382421958663,0.00382421958663
0.0,90.0,20.0,710.0,700.0,720.0,0.00376079069113,0.00376079069113
0.0,90.0,20.0,730.0,720.0,740.0,0.00364937689434,0.00364937689434
0.0,90.0,20.0,750.0,740.0,760.0,0.00345758849303,0.00345758849303
0.0,90.0,20.0,770.0,760.0,780.0,0.00332926767232,0.00332926767232
0.0,90.0,30.0,390.0,380.0,400.0,0.00225633123564,0.00225633123564
0.0,90.0,30.0,410.0,400.0,420.0,0.0039401371507,0.0039401371507
0.0,90.0,30.0,430.0,420.0,440.0,0.00409048214091,0.00409048214091
0.0,90.0,30.0,450.0,440.0,460.0,0.00506687698914,0.00506687698914
0.0,90.0,30.0,470.0,460.0,480.0,0.00530333447826,0.00530333447826
0.0,90.0,30.0,490.0,480.0,500.0,0.00501698803883,0.00501698803883
0.0,90.0,30.0,510.0,500.0,520.0,0.00447208031326,0.00447208031326
0.0,90.0,30.0,530.0,520.0,540.0,0.00393347929702,0.00393347929702
0.0,90.0,30.0,550.0,540.0,560.0,0.0035786881396,0.0035786881396
0.0,90.0,30.0,570.0,560.0,580.0,0.00297891993627,0.00297891993627
0.0,90.0,30.0,590.0,580.0,600.0,0.00299029163962,0.00299029163962
0.0,90.0,30.0,610.0,600.0,620.0,0.00272761866948,0.00272761866948
0.0,90.0,30.0,630.0,620.0,640.0,0.00302559800463,0.00302559800463
0.0,90.0,30.0,650.0,640.0,660.0,0.00322561496786,0.00322561496786
0.0,90.0,30.0,670.0,660.0,680.0,0.00344698362776,0.00344698362776
0.0,90.0,30.0,690.0,680.0,700.0,0.00347811248919,0.00347811248919
0.0,90.0,30.0,710.0,700.0,720.0,0.00339579314194,0.00339579314194
0.0,90.0,30.0,730.0,720.0,740.0,0.00327351129082,0.00327351129082
0.0,90.0,30.0,750.0,740.0,760.0,0.00308289433424,0.00308289433424
0.0,90.0,30.0,770.0,760.0,780.0,0.00295158750858,0.00295158750858
0.0,90.0,45.0,390.0,380.0,400.0,0.00228439330974,0.00228439330974
0.0,90.0,45.0,410.0,400.0,420.0,0.00387490298144,0.00387490298144
0.0,90.0,45.0,430.0,420.0,440.0,0.00392281683544,0.00392281683544
0.0,90.0,45.0,450.0,440.0,460.0,0.00475552747973,0.00475552747973
0.0,90.0,45.0,470.0,460.0,480.0,0.00488670080948,0.00488670080948
0.0,90.0,45.0,490.0,480.0,500.0,0.00455136678721,0.00455136678721
0.0,90.0,45.0,510.0,500.0,520.0,0.00400481969651,0.00400481969651
0.0,90.0,45.0,530.0,520.0,540.0,0.00348523869564,0.00348523869564
0.0,90.0,45.0,550.0,540.0,560.0,0.00314030141304,0.00314030141304
0.0,90.0,45.0,570.0,560.0,580.0,0.00259390333415,0.00259390333415
0.0,90.0,45.0,590.0,580.0,600.0,0.00258210786577,0.00258210786577
0.0,90.0,45.0,610.0,600.0,620.0,0.00233930302499,0.00233930302499
0.0,90.0,45.0,630.0,620.0,640.0,0.00257556456096,0.00257556456096
0.0,90.0,45.0,650.0,640.0,660.0,0.00272800557872,0.00272800557872
0.0,90.0,45.0,670.0,660.0,680.0,0.00289899530432,0.00289899530432
0.0,90.0,45.0,690.0,680.0,700.0,0.00291106904506,0.00291106904506
0.0,90.0,45.0,710.0,700.0,720.0,0.00283014316166,0.00283014316166
0.0,90.0,45.0,730.0,720.0,740.0,0.00271802624843,0.00271802624843
0.0,90.0,45.0,750.0,740.0,760.0,0.00255136189768,0.00255136189768
0.0,90.0,45.0,770.0,760.0,780.0,0.00243510278727,0.00243510278727
0.0,90.0,60.0,390.0,380.0,400.0,0.00225800547801,0.00225800547801
0.0,90.0,60.0,410.0,400.0,420.0,0.00376373329043,0.00376373329043
0.0,90.0,60.0,430.0,420.0,440.0,0.00375118969672,0.00375118969672
0.0,90.0,60.0,450.0,440.0,460.0,0.00448434268418,0.00448434268418
0.0,90.0,60.0,470.0,460.0,480.0,0.00455050856694,0.00455050856694
0.0,90.0,60.0,490.0,480.0,500.0,0.00419049185896,0.00419049185896
0.0,90.0,60.0,510.0,500.0,520.0,0.00364985308008,0.00364985308008
0.0,90.0,60.0,530.0,520.0,540.0,0.00314721203873,0.00314721203873
0.0,90.0,60.0,550.0,540.0,560.0,0.00281123436053,0.00281123436053
0.0,90.0,60.0,570.0,560.0,580.0,0.00230411091106,0.00230411091106
0.0,90.0,60.0,590.0,580.0,600.0,0.00227613568338,0.00227613568338
0.0,90.0,60.0,610.0,600.0,620.0,0.00204807995619,0.00204807995619
0.0,90.0,60.0,630.0,620.0,640.0,0.00224020694331,0.00224020694331
0.0,90.0,60.0,650.0,640.0,660.0,0.00235899780393,0.00235899780393
0.0,90.0,60.0,670.0,660.0,680.0,0.00249390741109,0.00249390741109
0.0,90.0,60.0,690.0,680.0,700.0,0.00249278493234,0.00249278493234
0.0,90.0,60.0,710.0,700.0,720.0,0.00241359482429,0.00241359482429
0.0,90.0,60.0,730.0,720.0,740.0,0.00230961597501,0.00230961597501
0.0,90.0,60.0,750.0,740.0,760.0,0.00216112831172,0.00216112831172
0.0,90.0,60.0,770.0,760.0,780.0,0.00205690731579,0.00205690731579
0.0,90.0,90.0,390.0,380.0,400.0,0.00215072993799,0.00215072993799
0.0,90.0,90.0,410.0,400.0,420.0,0.00352233164613,0.00352233164613
0.0,90.0,90.0,430.0,420.0,440.0,0.00345210736031,0.00345210736031
0.0,90.0,90.0,450.0,440.0,460.0,0.00406019305054,0.00406019305054
0.0,90.0,90.0,470.0,460.0,480.0,0.00405461507691,0.00405461507691
0.0,90.0,90.0,490.0,480.0,500.0,0.00367457049284,0.00367457049284
0.0,90.0,90.0,510.0,500.0,520.0,0.00314935176127,0.00314935176127
0.0,90.0,90.0,530.0,520.0,540.0,0.0026716122208,0.0026716122208
0.0,90.0,90.0,550.0,540.0,560.0,0.00234748293658,0.00234748293658
0.0,90.0,90.0,570.0,560.0,580.0,0.00189243863262,0.00189243863262
0.0,90.0,90.0,590.0,580.0,600.0,0.00184014623095,0.00184014623095
0.0,90.0,90.0,610.0,600.0,620.0,0.00163043851307,0.00163043851307
0.0,90.0,90.0,630.0,620.0,640.0,0.00175905279476,0.00175905279476
0.0,90.0,90.0,650.0,640.0,660.0,0.00182902354158,0.00182902354158
0.0,90.0,90.0,670.0,660.0,680.0,0.00191106795664,0.00191106795664
0.0,90.0,90.0,690.0,680.0,700.0,0.00188971402806,0.00188971402806
0.0,90.0,90.0,710.0,700.0,720.0,0.00181186429178,0.00181186429178
0.0,90.0,90.0,730.0,720.0,740.0,0.00171869574193,0.00171869574193
0.0,90.0,90.0,750.0,740.0,760.0,0.00159572722287,0.00159572722287
0.0,90.0,90.0,770.0,760.0,780.0,0.00150895951908,0.00150895951908
0.0,180.0,0.0,390.0,380.0,400.0,0.000991263858574,0.000991263858574
0.0,180.0,0.0,410.0,400.0,420.0,0.00172979623779,0.00172979623779
0.0,180.0,0.0,430.0,420.0,440.0,0.0018050834894,0.0018050834894
0.0,180.0,0.0,450.0,440.0,460.0,0.00225466112341,0.00225466112341
0.0,180.0,0.0,470.0,460.0,480.0,0.00238229396316,0.00238229396316
0.0,180.0,0.0,490.0,480.0,500.0,0.00227172455284,0.00227172455284
0.0,180.0,0.0,510.0,500.0,520.0,0.00203186298789,0.00203186298789
0.0,180.0,0.0,530.0,520.0,540.0,0.00178177604539,0.00178177604539
0.0,180.0,0.0,550.0,540.0,560.0,0.00162110609009,0.00162110609009
0.0,180.0,0.0,570.0,560.0,580.0,0.00133770788574,0.00133770788574
0.0,180.0,0.0,590.0,580.0,600.0,0.00135158836692,0.00135158836692
0.0,180.0,0.0,610.0,600.0,620.0,0.00123156751259,0.00123156751259
0.0,180.0,0.0,630.0,620.0,640.0,0.00138725919635,0.00138725919635
0.0,180.0,0.0,650.0,640.0,660.0,0.00149882654583,0.00149882654583
0.0,180.0,0.0,670.0,660.0,680.0,0.00161627884469,0.00161627884469
0.0,180.0,0.0,690.0,680.0,700.0,0.00163938834645,0.00163938834645
0.0,180.0,0.0,710.0,700.0,720.0,0.00160358306494,0.00160358306494
0.0,180.0,0.0,730.0,720.0,740.0,0.00154443254192,0.00154443254192
0.0,180.0,0.0,750.0,740.0,760.0,0.00144782795955,0.00144782795955
0.0,180.0,0.0,770.0,760.0,780.0,0.00138173836092,0.00138173836092
0.0,180.0,0.5,390.0,380.0,400.0,0.00104345470927,0.00104345470927
0.0,180.0,0.5,410.0,400.0,420.0,0.00182067303777,0.00182067303777
0.0,180.0,0.5,430.0,420.0,440.0,0.00189922764282,0.00189922764282
0.0,180.0,0.5,450.0,440.0,460.0,0.00237123283898,0.00237123283898
0.0,180.0,0.5,470.0,460.0,480.0,0.00250440863273,0.00250440863273
0.0,180.0,0.5,490.0,480.0,500.0,0.00238778156622,0.00238778156622
0.0,180.0,0.5,510.0,500.0,520.0,0.00213678143346,0.00213678143346
0.0,180.0,0.5,530.0,520.0,540.0,0.0018763382605,0.0018763382605
0.0,180.0,0.5,550.0,540.0,560.0,0.00170781053577,0.00170781053577
0.0,180.0,0.5,570.0,560.0,580.0,0.00141156980291,0.00141156980291
0.0,180.0,0.5,590.0,580.0,600.0,0.00142424793982,0.00142424793982
0.0,180.0,0.5,610.0,600.0,620.0,0.00129750606291,0.00129750606291
0.0,180.0,0.5,630.0,620.0,640.0,0.00145712408101,0.00145712408101
0.0,180.0,0.5,650.0,640.0,660.0,0.00157019771442,0.00157019771442
0.0,180.0,0.5,670.0,660.0,680.0,0.00169001765391,0.00169001765391
0.0,180.0,0.5,690.0,680.0,700.0,0.00171192164029,0.00171192164029
0.0,180.0,0.5,710.0,700.0,720.0,0.00167309385819,0.00167309385819
0.0,180.0,0.5,730.0,720.0,740.0,0.00161063230437,0.00161063230437
0.0,180.0,0.5,750.0,740.0,760.0,0.00150992334342,0.00150992334342
0.0,180.0,0.5,770.0,760.0,780.0,0.00144079041806,0.00144079041806
0.0,180.0,1.0,390.0,380.0,400.0,0.00107767530028,0.00107767530028
0.0,180.0,1.0,410.0,400.0,420.0,0.00187899256016,0.00187899256016
0.0,180.0,1.0,430.0,420.0,440.0,0.00195859781089,0.00195859781089
0.0,180.0,1.0,450.0,440.0,460.0,0.002443639723,0.002443639723
0.0,180.0,1.0,470.0,460.0,480.0,0.00257923231657,0.00257923231657
0.0,180.0,1.0,490.0,480.0,500.0,0.00245773291557,0.00245773291557
0.0,180.0,1.0,510.0,500.0,520.0,0.00219829435016,0.00219829435016
0.0,180.0,1.0,530.0,520.0,540.0,0.00192953359643,0.00192953359643
0.0,180.0,1.0,550.0,540.0,560.0,0.00175551775177,0.00175551775177
0.0,180.0,1.0,570.0,560.0,580.0,0.00145048366203,0.00145048366203
0.0,180.0,1.0,590.0,580.0,600.0,0.00146298585597,0.00146298585597
0.0,180.0,1.0,610.0,600.0,620.0,0.00133235772864,0.00133235772864
0.0,180.0,1.0,630.0,620.0,640.0,0.00149579909846,0.00149579909846
0.0,180.0,1.0,650.0,640.0,660.0,0.00161142622171,0.00161142622171
0.0,180.0,1.0,670.0,660.0,680.0,0.00173394339229,0.00173394339229
0.0,180.0,1.0,690.0,680.0,700.0,0.0017559912412,0.0017559912412
0.0,180.0,1.0,710.0,700.0,720.0,0.00171577744046,0.00171577744046
0.0,180.0,1.0,730.0,720.0,740.0,0.00165136150691,0.00165136150691
0.0,180.0,1.0,750.0,740.0,760.0,0.00154778245298,0.00154778245298
0.0,180.0,1.0,770.0,760.0,780.0,0.0014766286246,0.0014766286246
0.0,180.0,2.0,390.0,380.0,400.0,0.00112629631521,0.00112629631521
0.0,180.0,2.0,410.0,400.0,420.0,0.00196387066535,0.00196387066535
0.0,180.0,2.0,430.0,420.0,440.0,0.00204719719293,0.00204719719293
0.0,180.0,2.0,450.0,440.0,460.0,0.00255447813592,0.00255447813592
0.0,180.0,2.0,470.0,460.0,480.0,0.00269668456053,0.00269668456053
0.0,180.0,2.0,490.0,480.0,500.0,0.00257027667412,0.00257027667412
0.0,180.0,2.0,510.0,500.0,520.0,0.00229966436292,0.00229966436292
0.0,180.0,2.0,530.0,520.0,540.0,0.00201924759962,0.00201924759962
0.0,180.0,2.0,550.0,540.0,560.0,0.00183768327393,0.00183768327393
0.0,180.0,2.0,570.0,560.0,580.0,0.00151887485383,0.00151887485383
0.0,180.0,2.0,590.0,580.0,600.0,0.00153233409688,0.00153233409688
0.0,180.0,2.0,610.0,600.0,620.0,0.00139590654149,0.00139590654149
0.0,180.0,2.0,630.0,620.0,640.0,0.00156762182645,0.00156762182645
0.0,180.0,2.0,650.0,640.0,660.0,0.0016894680385,0.0016894680385
0.0,180.0,2.0,670.0,660.0,680.0,0.00181879988157,0.00181879988157
0.0,180.0,2.0,690.0,680.0,700.0,0.00184301718673,0.00184301718673
0.0,180.0,2.0,710.0,700.0,720.0,0.00180212450111,0.00180212450111
0.0,180.0,2.0,730.0,720.0,740.0,0.00173598739948,0.00173598739948
0.0,180.0,2.0,750.0,740.0,760.0,0.00162883865077,0.00162883865077
0.0,180.0,2.0,770.0,760.0,780.0,0.00155596577608,0.00155596577608
0.0,180.0,3.0,390.0,380.0,400.0,0.00118758027991,0.00118758027991
0.0,180.0,3.0,410.0,400.0,420.0,0.00207113601375,0.00207113601375
0.0,180.0,3.0,430.0,420.0,440.0,0.00215958569325,0.00215958569325
0.0,180.0,3.0,450.0,440.0,460.0,0.0026957038477,0.0026957038477
0.0,180.0,3.0,470.0,460.0,480.0,0.00284712393384,0.00284712393384
0.0,180.0,3.0,490.0,480.0,500.0,0.00271529182599,0.00271529182599
0.0,180.0,3.0,510.0,500.0,520.0,0.00243113549692,0.00243113549692
0.0,180.0,3.0,530.0,520.0,540.0,0.00213646388215,0.00213646388215
0.0,180.0,3.0,550.0,540.0,560.0,0.00194634203664,0.00194634203664
0.0,180.0,3.0,570.0,560.0,580.0,0.00161052067221,0.00161052067221
0.0,180.0,3.0,590.0,580.0,600.0,0.00162735138424,0.00162735138424
0.0,180.0,3.0,610.0,600.0,620.0,0.00148508983853,0.00148508983853
0.0,180.0,3.0,630.0,620.0,640.0,0.00167173723122,0.00167173723122
0.0,180.0,3.0,650.0,640.0,660.0,0.00180663642598,0.00180663642598
0.0,180.0,3.0,670.0,660.0,680.0,0.00195100783257,0.00195100783257
0.0,180.0,3.0,690.0,680.0,700.0,0.0019839646575,0.0019839646575
0.0,180.0,3.0,710.0,700.0,720.0,0.00194769977198,0.00194769977198
0.0,180.0,3.0,730.0,720.0,740.0,0.00188460452785,0.00188460452785
0.0,180.0,3.0,750.0,740.0,760.0,0.00177708565008,0.00177708565008
0.0,180.0,3.0,770.0,760.0,780.0,0.00170705757694,0.00170705757694
0.0,180.0,5.0,390.0,380.0,400.0,0.00131848681813,0.00131848681813
0.0,180.0,5.0,410.0,400.0,420.0,0.00230498145467,0.00230498145467
0.0,180.0,5.0,430.0,420.0,440.0,0.0024113834025,0.0024113834025
0.0,180.0,5.0,450.0,440.0,460.0,0.00302331411816,0.00302331411816
0.0,180.0,5.0,470.0,460.0,480.0,0.00321095613845,0.00321095613845
0.0,180.0,5.0,490.0,480.0,500.0,0.0030827270344,0.0030827270344
0.0,180.0,5.0,510.0,500.0,520.0,0.00278086774503,0.00278086774503
0.0,180.0,5.0,530.0,520.0,540.0,0.00246373752976,0.00246373752976
0.0,180.0,5.0,550.0,540.0,560.0,0.00226504861097,0.00226504861097
0.0,180.0,5.0,570.0,560.0,580.0,0.00189165957488,0.00189165957488
0.0,180.0,5.0,590.0,580.0,600.0,0.00193233060231,0.00193233060231
0.0,180.0,5.0,610.0,600.0,620.0,0.00178246561497,0.00178246561497
0.0,180.0,5.0,630.0,620.0,640.0,0.00203110053678,0.00203110053678
0.0,180.0,5.0,650.0,640.0,660.0,0.00222180598863,0.00222180598863
0.0,180.0,5.0,670.0,660.0,680.0,0.00242787472764,0.00242787472764
0.0,180.0,5.0,690.0,680.0,700.0,0.00249728594579,0.00249728594579
0.0,180.0,5.0,710.0,700.0,720.0,0.00247890288912,0.00247890288912
0.0,180.0,5.0,730.0,720.0,740.0,0.00242401687056,0.00242401687056
0.0,180.0,5.0,750.0,740.0,760.0,0.00230859286176,0.00230859286176
0.0,180.0,5.0,770.0,760.0,780.0,0.00223882792459,0.00223882792459
0.0,180.0,8.0,390.0,380.0,400.0,0.00154027469613,0.00154027469613
0.0,180.0,8.0,410.0,400.0,420.0,0.00273322805032,0.00273322805032
0.0,180.0,8.0,430.0,420.0,440.0,0.00291087334025,0.00291087334025
0.0,180.0,8.0,450.0,440.0,460.0,0.00372087393355,0.00372087393355
0.0,180.0,8.0,470.0,460.0,480.0,0.00402930893803,0.00402930893803
0.0,180.0,8.0,490.0,480.0,500.0,0.00393995813124,0.00393995813124
0.0,180.0,8.0,510.0,500.0,520.0,0.00361283303605,0.00361283303605
0.0,180.0,8.0,530.0,520.0,540.0,0.00324633066355,0.00324633066355
0.0,180.0,8.0,550.0,540.0,560.0,0.00302197272395,0.00302197272395
0.0,180.0,8.0,570.0,560.0,580.0,0.0025488480884,0.0025488480884
0.0,180.0,8.0,590.0,580.0,600.0,0.00262723586817,0.00262723586817
0.0,180.0,8.0,610.0,600.0,620.0,0.00243938979324,0.00243938979324
0.0,180.0,8.0,630.0,620.0,640.0,0.00279415137693,0.00279415137693
0.0,180.0,8.0,650.0,640.0,660.0,0.00306550441452,0.00306550441452
0.0,180.0,8.0,670.0,660.0,680.0,0.0033533788558,0.0033533788558
0.0,180.0,8.0,690.0,680.0,700.0,0.00344774428066,0.00344774428066
0.0,180.0,8.0,710.0,700.0,720.0,0.00341674128406,0.00341674128406
0.0,180.0,8.0,730.0,720.0,740.0,0.00333201051704,0.00333201051704
0.0,180.0,8.0,750.0,740.0,760.0,0.0031620249414,0.0031620249414
0.0,180.0,8.0,770.0,760.0,780.0,0.00305229157996,0.00305229157996
0.0,180.0,12.0,390.0,380.0,400.0,0.00192624149102,0.00192624149102
0.0,180.0,12.0,410.0,400.0,420.0,0.0034988146739,0.0034988146739
0.0,180.0,12.0,430.0,420.0,440.0,0.00379780780778,0.00379780780778
0.0,180.0,12.0,450.0,440.0,460.0,0.00492000576307,0.00492000576307
0.0,180.0,12.0,470.0,460.0,480.0,0.00536920280522,0.00536920280522
0.0,180.0,12.0,490.0,480.0,500.0,0.00526553264713,0.00526553264713
0.0,180.0,12.0,510.0,500.0,520.0,0.00482523458371,0.00482523458371
0.0,180.0,12.0,530.0,520.0,540.0,0.00432246448586,0.00432246448586
0.0,180.0,12.0,550.0,540.0,560.0,0.00400068437538,0.00400068437538
0.0,180.0,12.0,570.0,560.0,580.0,0.0033518860744,0.0033518860744
0.0,180.0,12.0,590.0,580.0,600.0,0.00342137431172,0.00342137431172
0.0,180.0,12.0,610.0,600.0,620.0,0.00314504395052,0.00314504395052
0.0,180.0,12.0,630.0,620.0,640.0,0.00355603641643,0.00355603641643
0.0,180.0,12.0,650.0,640.0,660.0,0.00384928252047,0.00384928252047
0.0,180.0,12.0,670.0,660.0,680.0,0.00415521543922,0.00415521543922
0.0,180.0,12.0,690.0,680.0,700.0,0.00421725169739,0.00421725169739
0.0,180.0,12.0,710.0,700.0,720.0,0.00412731999768,0.00412731999768
0.0,180.0,12.0,730.0,720.0,740.0,0.00397661913232,0.00397661913232
0.0,180.0,12.0,750.0,740.0,760.0,0.00373079926152,0.00373079926152
0.0,180.0,12.0,770.0,760.0,780.0,0.00356006818917,0.00356006818917
0.0,180.0,20.0,390.0,380.0,400.0,0.00269255537202,0.00269255537202
0.0,180.0,20.0,410.0,400.0,420.0,0.00486492432957,0.00486492432957
0.0,180.0,20.0,430.0,420.0,440.0,0.00520845668166,0.00520845668166
0.0,180.0,20.0,450.0,440.0,460.0,0.00661888903881,0.00661888903881
0.0,180.0,20.0,470.0,460.0,480.0,0.00706457370904,0.00706457370904
0.0,180.0,20.0,490.0,480.0,500.0,0.00676980020829,0.00676980020829
0.0,180.0,20.0,510.0,500.0,520.0,0.00606685795563,0.00606685795563
0.0,180.0,20.0,530.0,520.0,540.0,0.00532373728569,0.00532373728569
0.0,180.0,20.0,550.0,540.0,560.0,0.00482247768684,0.00482247768684
0.0,180.0,20.0,570.0,560.0,580.0,0.0039651076049,0.0039651076049
0.0,180.0,20.0,590.0,580.0,600.0,0.00395618075021,0.00395618075021
0.0,180.0,20.0,610.0,600.0,620.0,0.00356425700322,0.00356425700322
0.0,180.0,20.0,630.0,620.0,640.0,0.00393576316181,0.00393576316181
0.0,180.0,20.0,650.0,640.0,660.0,0.0041668805391,0.0041668805391
0.0,180.0,20.0,670.0,660.0,680.0,0.00440780790143,0.00440780790143
0.0,180.0,20.0,690.0,680.0,700.0,0.00439121366327,0.00439121366327
0.0,180.0,20.0,710.0,700.0,720.0,0.00422445080983,0.00422445080983
0.0,180.0,20.0,730.0,720.0,740.0,0.00400605019985,0.00400605019985
0.0,180.0,20.0,750.0,740.0,760.0,0.00370421730765,0.00370421730765
0.0,180.0,20.0,770.0,760.0,780.0,0.00348500847564,0.00348500847564
0.0,180.0,30.0,390.0,380.0,400.0,0.00314280259011,0.00314280259011
0.0,180.0,30.0,410.0,400.0,420.0,0.00551368043964,0.00551368043964
0.0,180.0,30.0,430.0,420.0,440.0,0.00573417013598,0.00573417013598
0.0,180.0,30.0,450.0,440.0,460.0,0.00709061832427,0.00709061832427
0.0,180.0,30.0,470.0,460.0,480.0,0.00738056746155,0.00738056746155
0.0,180.0,30.0,490.0,480.0,500.0,0.0069147406588,0.0069147406588
0.0,180.0,30.0,510.0,500.0,520.0,0.00607550633709,0.00607550633709
0.0,180.0,30.0,530.0,520.0,540.0,0.0052412617276,0.0052412617276
0.0,180.0,30.0,550.0,540.0,560.0,0.00466965558443,0.00466965558443
0.0,180.0,30.0,570.0,560.0,580.0,0.00378664650227,0.00378664650227
0.0,180.0,30.0,590.0,580.0,600.0,0.00371798205935,0.00371798205935
0.0,180.0,30.0,610.0,600.0,620.0,0.0033040765657,0.0033040765657
0.0,180.0,30.0,630.0,620.0,640.0,0.00359176990556,0.00359176990556
0.0,180.0,30.0,650.0,640.0,660.0,0.00374892822321,0.00374892822321
0.0,180.0,30.0,670.0,660.0,680.0,0.00391556800384,0.00391556800384
0.0,180.0,30.0,690.0,680.0,700.0,0.00385635950238,0.00385635950238
0.0,180.0,30.0,710.0,700.0,720.0,0.00367140162657,0.00367140162657
0.0,180.0,30.0,730.0,720.0,740.0,0.00344856072602,0.00344856072602
0.0,180.0,30.0,750.0,740.0,760.0,0.00316135556878,0.00316135556878
0.0,180.0,30.0,770.0,760.0,780.0,0.00294975939183,0.00294975939183
0.0,180.0,45.0,390.0,380.0,400.0,0.00310578450756,0.00310578450756
0.0,180.0,45.0,410.0,400.0,420.0,0.00526294108049,0.00526294108049
0.0,180.0,45.0,430.0,420.0,440.0,0.00530697638095,0.00530697638095
0.0,180.0,45.0,450.0,440.0,460.0,0.00638765557714,0.00638765557714
0.0,180.0,45.0,470.0,460.0,480.0,0.00649532263244,0.00649532263244
0.0,180.0,45.0,490.0,480.0,500.0,0.00596476042584,0.00596476042584
0.0,180.0,45.0,510.0,500.0,520.0,0.0051534489541,0.0051534489541
0.0,180.0,45.0,530.0,520.0,540.0,0.00438442215306,0.00438442215306
0.0,180.0,45.0,550.0,540.0,560.0,0.00385666184695,0.00385666184695
0.0,180.0,45.0,570.0,560.0,580.0,0.00309589329862,0.00309589329862
0.0,180.0,45.0,590.0,580.0,600.0,0.00300579244894,0.00300579244894
0.0,180.0,45.0,610.0,600.0,620.0,0.00264703881441,0.00264703881441
0.0,180.0,45.0,630.0,620.0,640.0,0.00284831846072,0.00284831846072
0.0,180.0,45.0,650.0,640.0,660.0,0.00294672864885,0.00294672864885
0.0,180.0,45.0,670.0,660.0,680.0,0.00305458119209,0.00305458119209
0.0,180.0,45.0,690.0,680.0,700.0,0.00298893383719,0.00298893383719
0.0,180.0,45.0,710.0,700.0,720.0,0.00282958705531,0.00282958705531
0.0,180.0,45.0,730.0,720.0,740.0,0.00264482375883,0.00264482375883
0.0,180.0,45.0,750.0,740.0,760.0,0.00241440181817,0.00241440181817
0.0,180.0,45.0,770.0,760.0,780.0,0.00224394774638,0.00224394774638
0.0,180.0,60.0,390.0,380.0,400.0,0.00275476923634,0.00275476923634
0.0,180.0,60.0,410.0,400.0,420.0,0.00457921812815,0.00457921812815
0.0,180.0,60.0,430.0,420.0,440.0,0.00454118457105,0.00454118457105
0.0,180.0,60.0,450.0,440.0,460.0,0.00538827654373,0.00538827654373
0.0,180.0,60.0,470.0,460.0,480.0,0.00541276109592,0.00541276109592
0.0,180.0,60.0,490.0,480.0,500.0,0.00492027690332,0.00492027690332
0.0,180.0,60.0,510.0,500.0,520.0,0.00421661957152,0.00421661957152
0.0,180.0,60.0,530.0,520.0,540.0,0.00356534778024,0.00356534778024
0.0,180.0,60.0,550.0,540.0,560.0,0.0031185709275,0.0031185709275
0.0,180.0,60.0,570.0,560.0,580.0,0.00249420869964,0.00249420869964
0.0,180.0,60.0,590.0,580.0,600.0,0.00240967730585,0.00240967730585
0.0,180.0,60.0,610.0,600.0,620.0,0.00211513100096,0.00211513100096
0.0,180.0,60.0,630.0,620.0,640.0,0.00226547341993,0.00226547341993
0.0,180.0,60.0,650.0,640.0,660.0,0.00233510556791,0.00233510556791
0.0,180.0,60.0,670.0,660.0,680.0,0.00241423641923,0.00241423641923
0.0,180.0,60.0,690.0,680.0,700.0,0.00235835106645,0.00235835106645
0.0,180.0,60.0,710.0,700.0,720.0,0.00223060246395,0.00223060246395
0.0,180.0,60.0,730.0,720.0,740.0,0.00208453688606,0.00208453688606
0.0,180.0,60.0,750.0,740.0,760.0,0.00190395875601,0.00190395875601
0.0,180.0,60.0,770.0,760.0,780.0,0.00177082635707,0.00177082635707
0.0,180.0,90.0,390.0,380.0,400.0,0.00215072993799,0.00215072993799
0.0,180.0,90.0,410.0,400.0,420.0,0.00352233164613,0.00352233164613
0.0,180.0,90.0,430.0,420.0,440.0,0.00345210736031,0.00345210736031
0.0,180.0,90.0,450.0,440.0,460.0,0.00406019305054,0.00406019305054
0.0,180.0,90.0,470.0,460.0,480.0,0.00405461507691,0.00405461507691
0.0,180.0,90.0,490.0,480.0,500.0,0.00367457049284,0.00367457049284
0.0,180.0,90.0,510.0,500.0,520.0,0.00314935176127,0.00314935176127
0.0,180.0,90.0,530.0,520.0,540.0,0.0026716122208,0.0026716122208
0.0,180.0,90.0,550.0,540.0,560.0,0.00234748293658,0.00234748293658
0.0,180.0,90.0,570.0,560.0,580.0,0.00189243863262,0.00189243863262
0.0,180.0,90.0,590.0,580.0,600.0,0.00184014623095,0.00184014623095
0.0,180.0,90.0,610.0,600.0,620.0,0.00163043851307,0.00163043851307
0.0,180.0,90.0,630.0,620.0,640.0,0.00175905279476,0.00175905279476
0.0,180.0,90.0,650.0,640.0,660.0,0.00182902354158,0.00182902354158
0.0,180.0,90.0,670.0,660.0,680.0,0.00191106795664,0.00191106795664
0.0,180.0,90.0,690.0,680.0,700.0,0.00188971402806,0.00188971402806
0.0,180.0,90.0,710.0,700.0,720.0,0.00181186429178,0.00181186429178
0.0,180.0,90.0,730.0,720.0,740.0,0.00171869574193,0.00171869574193
0.0,180.0,90.0,750.0,740.0,760.0,0.00159572722287,0.00159572722287
0.0,180.0,90.0,770.0,760.0,780.0,0.00150895951908,0.00150895951908
2.0,0.0,0.0,390.0,380.0,400.0,0.000361149162462,0.000361149162462
2.0,0.0,0.0,410.0,400.0,420.0,0.000655657426191,0.000655657426191
2.0,0.0,0.0,430.0,420.0,440.0,0.000712321404311,0.000712321404311
2.0,0.0,0.0,450.0,440.0,460.0,0.000924810176084,0.000924810176084
2.0,0.0,0.0,470.0,460.0,480.0,0.00101441517184,0.00101441517184
2.0,0.0,0.0,490.0,480.0,500.0,0.00100220045065,0.00100220045065
2.0,0.0,0.0,510.0,500.0,520.0,0.000924437060907,0.000924437060907
2.0,0.0,0.0,530.0,520.0,540.0,0.000832538640984,0.000832538640984
2.0,0.0,0.0,550.0,540.0,560.0,0.000788428018629,0.000788428018629
2.0,0.0,0.0,570.0,560.0,580.0,0.000672342919205,0.000672342919205
2.0,0.0,0.0,590.0,580.0,600.0,0.000722613095494,0.000722613095494
2.0,0.0,0.0,610.0,600.0,620.0,0.000694414137754,0.000694414137754
2.0,0.0,0.0,630.0,620.0,640.0,0.000843050603303,0.000843050603303
2.0,0.0,0.0,650.0,640.0,660.0,0.000976721356606,0.000976721356606
2.0,0.0,0.0,670.0,660.0,680.0,0.00112140190677,0.00112140190677
2.0,0.0,0.0,690.0,680.0,700.0,0.00120391526017,0.00120391526017
2.0,0.0,0.0,710.0,700.0,720.0,0.00124067883826,0.00124067883826
2.0,0.0,0.0,730.0,720.0,740.0,0.00125340598472,0.00125340598472
2.0,0.0,0.0,750.0,740.0,760.0,0.00122691294695,0.00122691294695
2.0,0.0,0.0,770.0,760.0,780.0,0.00122103859975,0.00122103859975
2.0,0.0,0.5,390.0,380.0,400.0,0.000343920243533,0.000343920243533
2.0,0.0,0.5,410.0,400.0,420.0,0.000623997226152,0.000623997226152
2.0,0.0,0.5,430.0,420.0,440.0,0.000677499177854,0.000677499177854
2.0,0.0,0.5,450.0,440.0,460.0,0.000878872194064,0.000878872194064
2.0,0.0,0.5,470.0,460.0,480.0,0.000962958837982,0.000962958837982
2.0,0.0,0.5,490.0,480.0,500.0,0.000949853433902,0.000949853433902
2.0,0.0,0.5,510.0,500.0,520.0,0.000874026771469,0.000874026771469
2.0,0.0,0.5,530.0,520.0,540.0,0.000784532842308,0.000784532842308
2.0,0.0,0.5,550.0,540.0,560.0,0.000741089602295,0.000741089602295
2.0,0.0,0.5,570.0,560.0,580.0,0.000629715540665,0.000629715540665
2.0,0.0,0.5,590.0,580.0,600.0,0.000676106047095,0.000676106047095
2.0,0.0,0.5,610.0,600.0,620.0,0.0006484665866,0.0006484665866
2.0,0.0,0.5,630.0,620.0,640.0,0.000787677774518,0.000787677774518
2.0,0.0,0.5,650.0,640.0,660.0,0.000912875965973,0.000912875965973
2.0,0.0,0.5,670.0,660.0,680.0,0.00104793032236,0.00104793032236
2.0,0.0,0.5,690.0,680.0,700.0,0.0011243865978,0.0011243865978
2.0,0.0,0.5,710.0,700.0,720.0,0.00115768417848,0.00115768417848
2.0,0.0,0.5,730.0,720.0,740.0,0.00116822476503,0.00116822476503
2.0,0.0,0.5,750.0,740.0,760.0,0.00114185355223,0.00114185355223
2.0,0.0,0.5,770.0,760.0,780.0,0.00113502781758,0.00113502781758
2.0,0.0,1.0,390.0,380.0,400.0,0.000345901096826,0.000345901096826
2.0,0.0,1.0,410.0,400.0,420.0,0.000627412167072,0.000627412167072
2.0,0.0,1.0,430.0,420.0,440.0,0.000681027032108,0.000681027032108
2.0,0.0,1.0,450.0,440.0,460.0,0.000883228907179,0.000883228907179
2.0,0.0,1.0,470.0,460.0,480.0,0.000967494233415,0.000967494233415
2.0,0.0,1.0,490.0,480.0,500.0,0.000954065010567,0.000954065010567
2.0,0.0,1.0,510.0,500.0,520.0,0.000877588013684,0.000877588013684
2.0,0.0,1.0,530.0,520.0,540.0,0.000787374113827,0.000787374113827
2.0,0.0,1.0,550.0,540.0,560.0,0.000743521442117,0.000743521442117
2.0,0.0,1.0,570.0,560.0,580.0,0.000631490775557,0.000631490775557
2.0,0.0,1.0,590.0,580.0,600.0,0.00067793514331,0.00067793514331
2.0,0.0,1.0,610.0,600.0,620.0,0.000650079149015,0.000650079149015
2.0,0.0,1.0,630.0,620.0,640.0,0.000789733243269,0.000789733243269
2.0,0.0,1.0,650.0,640.0,660.0,0.000915359385809,0.000915359385809
2.0,0.0,1.0,670.0,660.0,680.0,0.00105084026057,0.00105084026057
2.0,0.0,1.0,690.0,680.0,700.0,0.00112752394413,0.00112752394413
2.0,0.0,1.0,710.0,700.0,720.0,0.00116089532489,0.00116089532489
2.0,0.0,1.0,730.0,720.0,740.0,0.00117142193477,0.00117142193477
2.0,0.0,1.0,750.0,740.0,760.0,0.00114490266715,0.00114490266715
2.0,0.0,1.0,770.0,760.0,780.0,0.0011380359845,0.0011380359845
2.0,0.0,2.0,390.0,380.0,400.0,0.000357459912328,0.000357459912328
2.0,0.0,2.0,410.0,400.0,420.0,0.00064870260441,0.00064870260441
2.0,0.0,2.0,430.0,420.0,440.0,0.000704510775044,0.000704510775044
2.0,0.0,2.0,450.0,440.0,460.0,0.000914208647229,0.000914208647229
2.0,0.0,2.0,470.0,460.0,480.0,0.00100204075381,0.00100204075381
2.0,0.0,2.0,490.0,480.0,500.0,0.00098877273358,0.00098877273358
2.0,0.0,2.0,510.0,500.0,520.0,0.000910136860204,0.000910136860204
2.0,0.0,2.0,530.0,520.0,540.0,0.000817205734131,0.000817205734131
2.0,0.0,2.0,550.0,540.0,560.0,0.000772441085992,0.000772441085992
2.0,0.0,2.0,570.0,560.0,580.0,0.000656837840133,0.000656837840133
2.0,0.0,2.0,590.0,580.0,600.0,0.000706269670433,0.000706269670433
2.0,0.0,2.0,610.0,600.0,620.0,0.000678595239118,0.000678595239118
2.0,0.0,2.0,630.0,620.0,640.0,0.000826357544055,0.000826357544055
2.0,0.0,2.0,650.0,640.0,660.0,0.000960544218312,0.000960544218312
2.0,0.0,2.0,670.0,660.0,680.0,0.00110647975971,0.00110647975971
2.0,0.0,2.0,690.0,680.0,700.0,0.00119207511836,0.00119207511836
2.0,0.0,2.0,710.0,700.0,720.0,0.00123332224169,0.00123332224169
2.0,0.0,2.0,730.0,720.0,740.0,0.00125163047305,0.00125163047305
2.0,0.0,2.0,750.0,740.0,760.0,0.00123153489224,0.00123153489224
2.0,0.0,2.0,770.0,760.0,780.0,0.00123338912113,0.00123338912113
2.0,0.0,3.0,390.0,380.0,400.0,0.000372731641708,0.000372731641708
2.0,0.0,3.0,410.0,400.0,420.0,0.000677460901682,0.000677460901682
2.0,0.0,3.0,430.0,420.0,440.0,0.000736971426914,0.000736971426914
2.0,0.0,3.0,450.0,440.0,460.0,0.000958162905397,0.000958162905397
2.0,0.0,3.0,470.0,460.0,480.0,0.00105267608974,0.00105267608974
2.0,0.0,3.0,490.0,480.0,500.0,0.00104189794128,0.00104189794128
2.0,0.0,3.0,510.0,500.0,520.0,0.000963001118443,0.000963001118443
2.0,0.0,3.0,530.0,520.0,540.0,0.000869657615767,0.000869657615767
2.0,0.0,3.0,550.0,540.0,560.0,0.000828246628261,0.000828246628261
2.0,0.0,3.0,570.0,560.0,580.0,0.000711575808935,0.000711575808935
2.0,0.0,3.0,590.0,580.0,600.0,0.000774075336542,0.000774075336542
2.0,0.0,3.0,610.0,600.0,620.0,0.000754652210832,0.000754652210832
2.0,0.0,3.0,630.0,620.0,640.0,0.000932405621533,0.000932405621533
2.0,0.0,3.0,650.0,640.0,660.0,0.00110137596473,0.00110137596473
2.0,0.0,3.0,670.0,660.0,680.0,0.00129176656829,0.00129176656829
2.0,0.0,3.0,690.0,680.0,700.0,0.00141968446174,0.00141968446174
2.0,0.0,3.0,710.0,700.0,720.0,0.00150097715909,0.00150097715909
2.0,0.0,3.0,730.0,720.0,740.0,0.00155901962282,0.00155901962282
2.0,0.0,3.0,750.0,740.0,760.0,0.0015725937522,0.0015725937522
2.0,0.0,3.0,770.0,760.0,780.0,0.00161438643142,0.00161438643142
2.0,0.0,5.0,390.0,380.0,400.0,0.00041023840575,0.00041023840575
2.0,0.0,5.0,410.0,400.0,420.0,0.000752085310056,0.000752085310056
2.0,0.0,5.0,430.0,420.0,440.0,0.000827418218543,0.000827418218543
2.0,0.0,5.0,450.0,440.0,460.0,0.00109194882913,0.00109194882913
2.0,0.0,5.0,470.0,460.0,480.0,0.00122345303013,0.00122345303013
2.0,0.0,5.0,490.0,480.0,500.0,0.00124205057535,0.00124205057535
2.0,0.0,5.0,510.0,500.0,520.0,0.00118566003762,0.00118566003762
2.0,0.0,5.0,530.0,520.0,540.0,0.00111462117814,0.00111462117814
2.0,0.0,5.0,550.0,540.0,560.0,0.00110974771284,0.00110974771284
2.0,0.0,5.0,570.0,560.0,580.0,0.0010040420161,0.0010040420161
2.0,0.0,5.0,590.0,580.0,600.0,0.0011430718196,0.0011430718196
2.0,0.0,5.0,610.0,600.0,620.0,0.00116959205004,0.00116959205004
2.0,0.0,5.0,630.0,620.0,640.0,0.00149749123374,0.00149749123374
2.0,0.0,5.0,650.0,640.0,660.0,0.001827712641,0.001827712641
2.0,0.0,5.0,670.0,660.0,680.0,0.00221165896165,0.00221165896165
2.0,0.0,5.0,690.0,680.0,700.0,0.00250318536182,0.00250318536182
2.0,0.0,5.0,710.0,700.0,720.0,0.00271930884645,0.00271930884645
2.0,0.0,5.0,730.0,720.0,740.0,0.00289483878988,0.00289483878988
2.0,0.0,5.0,750.0,740.0,760.0,0.00298683434249,0.00298683434249
2.0,0.0,5.0,770.0,760.0,780.0,0.00312112676771,0.00312112676771
2.0,0.0,8.0,390.0,380.0,400.0,0.000496935153135,0.000496935153135
2.0,0.0,8.0,410.0,400.0,420.0,0.000940930825023,0.000940930825023
2.0,0.0,8.0,430.0,420.0,440.0,0.00107232234874,0.00107232234874
2.0,0.0,8.0,450.0,440.0,460.0,0.00146920242479,0.00146920242479
2.0,0.0,8.0,470.0,460.0,480.0,0.0017111986439,0.0017111986439
2.0,0.0,8.0,490.0,480.0,500.0,0.00180660625611,0.00180660625611
2.0,0.0,8.0,510.0,500.0,520.0,0.00179331782377,0.00179331782377
2.0,0.0,8.0,530.0,520.0,540.0,0.00175118441742,0.00175118441742
2.0,0.0,8.0,550.0,540.0,560.0,0.00179739557441,0.00179739557441
2.0,0.0,8.0,570.0,560.0,580.0,0.0016714884391,0.0016714884391
2.0,0.0,8.0,590.0,580.0,600.0,0.00192643663486,0.00192643663486
2.0,0.0,8.0,610.0,600.0,620.0,0.0019889622469,0.0019889622469
2.0,0.0,8.0,630.0,620.0,640.0,0.00253640739425,0.00253640739425
2.0,0.0,8.0,650.0,640.0,660.0,0.0030735053781,0.0030735053781
2.0,0.0,8.0,670.0,660.0,680.0,0.00368663056769,0.00368663056769
2.0,0.0,8.0,690.0,680.0,700.0,0.00413063105819,0.00413063105819
2.0,0.0,8.0,710.0,700.0,720.0,0.00443694543521,0.00443694543521
2.0,0.0,8.0,730.0,720.0,740.0,0.00466614148581,0.00466614148581
2.0,0.0,8.0,750.0,740.0,760.0,0.0047539958335,0.0047539958335
2.0,0.0,8.0,770.0,760.0,780.0,0.00489916572111,0.00489916572111
2.0,0.0,12.0,390.0,380.0,400.0,0.000671925218747,0.000671925218747
2.0,0.0,12.0,410.0,400.0,420.0,0.0013019336826,0.0013019336826
2.0,0.0,12.0,430.0,420.0,440.0,0.00150535333027,0.00150535333027
2.0,0.0,12.0,450.0,440.0,460.0,0.00207723782443,0.00207723782443
2.0,0.0,12.0,470.0,460.0,480.0,0.00242152665309,0.00242152665309
2.0,0.0,12.0,490.0,480.0,500.0,0.00254572093978,0.00254572093978
2.0,0.0,12.0,510.0,500.0,520.0,0.00250626751289,0.00250626751289
2.0,0.0,12.0,530.0,520.0,540.0,0.00241933019733,0.00241933019733
2.0,0.0,12.0,550.0,540.0,560.0,0.0024450760445,0.0024450760445
2.0,0.0,12.0,570.0,560.0,580.0,0.00223555660045,0.00223555660045
2.0,0.0,12.0,590.0,580.0,600.0,0.00252570603838,0.00252570603838
2.0,0.0,12.0,610.0,600.0,620.0,0.00255654516084,0.00255654516084
2.0,0.0,12.0,630.0,620.0,640.0,0.00319332364953,0.00319332364953
2.0,0.0,12.0,650.0,640.0,660.0,0.00379317934176,0.00379317934176
2.0,0.0,12.0,670.0,660.0,680.0,0.00446453026024,0.00446453026024
2.0,0.0,12.0,690.0,680.0,700.0,0.00491321215681,0.00491321215681
2.0,0.0,12.0,710.0,700.0,720.0,0.00518855733454,0.00518855733454
2.0,0.0,12.0,730.0,720.0,740.0,0.00536976340745,0.00536976340745
2.0,0.0,12.0,750.0,740.0,760.0,0.00538898003835,0.00538898003835
2.0,0.0,12.0,770.0,760.0,780.0,0.00547540277712,0.00547540277712
2.0,0.0,20.0,390.0,380.0,400.0,0.000980632952057,0.000980632952057
2.0,0.0,20.0,410.0,400.0,420.0,0.0018484472546,0.0018484472546
2.0,0.0,20.0,430.0,420.0,440.0,0.00206682909089,0.00206682909089
2.0,0.0,20.0,450.0,440.0,460.0,0.00274785075405,0.00274785075405
2.0,0.0,20.0,470.0,460.0,480.0,0.00307845763211,0.00307845763211
2.0,0.0,20.0,490.0,480.0,500.0,0.00310444540015,0.00310444540015
2.0,0.0,20.0,510.0,500.0,520.0,0.00292761373247,0.00292761373247
2.0,0.0,20.0,530.0,520.0,540.0,0.00270432654033,0.00270432654033
2.0,0.0,20.0,550.0,540.0,560.0,0.00261882411975,0.00261882411975
2.0,0.0,20.0,570.0,560.0,580.0,0.00229507626281,0.00229507626281
2.0,0.0,20.0,590.0,580.0,600.0,0.00249909097185,0.00249909097185
2.0,0.0,20.0,610.0,600.0,620.0,0.00244197230465,0.00244197230465
2.0,0.0,20.0,630.0,620.0,640.0,0.00296340567589,0.00296340567589
2.0,0.0,20.0,650.0,640.0,660.0,0.00342873902665,0.00342873902665
2.0,0.0,20.0,670.0,660.0,680.0,0.00393831278993,0.00393831278993
2.0,0.0,20.0,690.0,680.0,700.0,0.0042372269141,0.0042372269141
2.0,0.0,20.0,710.0,700.0,720.0,0.00438222692148,0.00438222692148
2.0,0.0,20.0,730.0,720.0,740.0,0.00444902831848,0.00444902831848
2.0,0.0,20.0,750.0,740.0,760.0,0.00438621297105,0.00438621297105
2.0,0.0,20.0,770.0,760.0,780.0,0.0043870939538,0.0043870939538
2.0,0.0,30.0,390.0,380.0,400.0,0.00111369894735,0.00111369894735
2.0,0.0,30.0,410.0,400.0,420.0,0.00201776548568,0.00201776548568
2.0,0.0,30.0,430.0,420.0,440.0,0.00217409301614,0.00217409301614
2.0,0.0,30.0,450.0,440.0,460.0,0.00278991561956,0.00278991561956
2.0,0.0,30.0,470.0,460.0,480.0,0.00301892406922,0.00301892406922
2.0,0.0,30.0,490.0,480.0,500.0,0.00293990340525,0.00293990340525
2.0,0.0,30.0,510.0,500.0,520.0,0.00267452441667,0.00267452441667
2.0,0.0,30.0,530.0,520.0,540.0,0.00237976416259,0.00237976416259
2.0,0.0,30.0,550.0,540.0,560.0,0.00222217925894,0.00222217925894
2.0,0.0,30.0,570.0,560.0,580.0,0.00187536671842,0.00187536671842
2.0,0.0,30.0,590.0,580.0,600.0,0.00197834291235,0.00197834291235
2.0,0.0,30.0,610.0,600.0,620.0,0.00187280061715,0.00187280061715
2.0,0.0,30.0,630.0,620.0,640.0,0.00221855213094,0.00221855213094
2.0,0.0,30.0,650.0,640.0,660.0,0.00251060387938,0.00251060387938
2.0,0.0,30.0,670.0,660.0,680.0,0.002823360878,0.002823360878
2.0,0.0,30.0,690.0,680.0,700.0,0.00297716150898,0.00297716150898
2.0,0.0,30.0,710.0,700.0,720.0,0.00302106078419,0.00302106078419
2.0,0.0,30.0,730.0,720.0,740.0,0.00301274609427,0.00301274609427
2.0,0.0,30.0,750.0,740.0,760.0,0.00291985267827,0.00291985267827
2.0,0.0,30.0,770.0,760.0,780.0,0.00287699885306,0.00287699885306
2.0,0.0,45.0,390.0,380.0,400.0,0.00104029281193,0.00104029281193
2.0,0.0,45.0,410.0,400.0,420.0,0.00180442348082,0.00180442348082
2.0,0.0,45.0,430.0,420.0,440.0,0.00187172118631,0.00187172118631
2.0,0.0,45.0,450.0,440.0,460.0,0.0023213084803,0.0023213084803
2.0,0.0,45.0,470.0,460.0,480.0,0.0024332220023,0.0024332220023
2.0,0.0,45.0,490.0,480.0,500.0,0.00229716172249,0.00229716172249
2.0,0.0,45.0,510.0,500.0,520.0,0.00202453545447,0.00202453545447
2.0,0.0,45.0,530.0,520.0,540.0,0.00174214232027,0.00174214232027
2.0,0.0,45.0,550.0,540.0,560.0,0.00157418907727,0.00157418907727
2.0,0.0,45.0,570.0,560.0,580.0,0.00128202488278,0.00128202488278
2.0,0.0,45.0,590.0,580.0,600.0,0.00131201850121,0.00131201850121
2.0,0.0,45.0,610.0,600.0,620.0,0.00120291500659,0.00120291500659
2.0,0.0,45.0,630.0,620.0,640.0,0.00139048402716,0.00139048402716
2.0,0.0,45.0,650.0,640.0,660.0,0.00153716936677,0.00153716936677
2.0,0.0,45.0,670.0,660.0,680.0,0.00168904471079,0.00168904471079
2.0,0.0,45.0,690.0,680.0,700.0,0.0017408054408,0.0017408054408
2.0,0.0,45.0,710.0,700.0,720.0,0.00172748237918,0.00172748237918
2.0,0.0,45.0,730.0,720.0,740.0,0.00168587334577,0.00168587334577
2.0,0.0,45.0,750.0,740.0,760.0,0.00159948294782,0.00159948294782
2.0,0.0,45.0,770.0,760.0,780.0,0.00154652029222,0.00154652029222
2.0,0.0,60.0,390.0,380.0,400.0,0.000912247951948,0.000912247951948
2.0,0.0,60.0,410.0,400.0,420.0,0.00155033430487,0.00155033430487
2.0,0.0,60.0,430.0,420.0,440.0,0.00158018252856,0.00158018252856
2.0,0.0,60.0,450.0,440.0,460.0,0.00192960318737,0.00192960318737
2.0,0.0,60.0,470.0,460.0,480.0,0.0019942483718,0.0019942483718
2.0,0.0,60.0,490.0,480.0,500.0,0.00185747282287,0.00185747282287
2.0,0.0,60.0,510.0,500.0,520.0,0.0016147601301,0.0016147601301
2.0,0.0,60.0,530.0,520.0,540.0,0.00136954308109,0.00136954308109
2.0,0.0,60.0,550.0,540.0,560.0,0.0012202070234,0.0012202070234
2.0,0.0,60.0,570.0,560.0,580.0,0.000978110910483,0.000978110910483
2.0,0.0,60.0,590.0,580.0,600.0,0.000987703027545,0.000987703027545
2.0,0.0,60.0,610.0,600.0,620.0,0.000892077725377,0.000892077725377
2.0,0.0,60.0,630.0,620.0,640.0,0.00101933845441,0.00101933845441
2.0,0.0,60.0,650.0,640.0,660.0,0.00111377132048,0.00111377132048
2.0,0.0,60.0,670.0,660.0,680.0,0.0012087258727,0.0012087258727
2.0,0.0,60.0,690.0,680.0,700.0,0.00122958068092,0.00122958068092
2.0,0.0,60.0,710.0,700.0,720.0,0.00120363263944,0.00120363263944
2.0,0.0,60.0,730.0,720.0,740.0,0.00115815628785,0.00115815628785
2.0,0.0,60.0,750.0,740.0,760.0,0.00108258455851,0.00108258455851
2.0,0.0,60.0,770.0,760.0,780.0,0.00103203491253,0.00103203491253
2.0,0.0,90.0,390.0,380.0,400.0,0.000766521289642,0.000766521289642
2.0,0.0,90.0,410.0,400.0,420.0,0.00127096988136,0.00127096988136
2.0,0.0,90.0,430.0,420.0,440.0,0.00126811026369,0.00126811026369
2.0,0.0,90.0,450.0,440.0,460.0,0.00151985983911,0.00151985983911
2.0,0.0,90.0,470.0,460.0,480.0,0.00154476248186,0.00154476248186
2.0,0.0,90.0,490.0,480.0,500.0,0.00141644831082,0.00141644831082
2.0,0.0,90.0,510.0,500.0,520.0,0.00121207969334,0.00121207969334
2.0,0.0,90.0,530.0,520.0,540.0,0.00101107397639,0.00101107397639
2.0,0.0,90.0,550.0,540.0,560.0,0.000887154001078,0.000887154001078
2.0,0.0,90.0,570.0,560.0,580.0,0.000698808949575,0.000698808949575
2.0,0.0,90.0,590.0,580.0,600.0,0.000696192409062,0.000696192409062
2.0,0.0,90.0,610.0,600.0,620.0,0.000618920725985,0.000618920725985
2.0,0.0,90.0,630.0,620.0,640.0,0.000699271808342,0.000699271808342
2.0,0.0,90.0,650.0,640.0,660.0,0.000755093882042,0.000755093882042
2.0,0.0,90.0,670.0,660.0,680.0,0.000808837744089,0.000808837744089
2.0,0.0,90.0,690.0,680.0,700.0,0.000811117424243,0.000811117424243
2.0,0.0,90.0,710.0,700.0,720.0,0.000781848572589,0.000781848572589
2.0,0.0,90.0,730.0,720.0,740.0,0.000739990954239,0.000739990954239
2.0,0.0,90.0,750.0,740.0,760.0,0.000679356291621,0.000679356291621
2.0,0.0,90.0,770.0,760.0,780.0,0.00063634285419,0.00063634285419
2.0,90.0,0.0,390.0,380.0,400.0,0.000305087870994,0.000305087870994
2.0,90.0,0.0,410.0,400.0,420.0,0.000531214640124,0.000531214640124
2.0,90.0,0.0,430.0,420.0,440.0,0.000554616958805,0.000554616958805
2.0,90.0,0.0,450.0,440.0,460.0,0.000692950176479,0.000692950176479
2.0,90.0,0.0,470.0,460.0,480.0,0.000731747589219,0.000731747589219
2.0,90.0,0.0,490.0,480.0,500.0,0.000694470151261,0.000694470151261
2.0,90.0,0.0,510.0,500.0,520.0,0.000611683424856,0.000611683424856
2.0,90.0,0.0,530.0,520.0,540.0,0.000521691651763,0.000521691651763
2.0,90.0,0.0,550.0,540.0,560.0,0.000469940439868,0.000469940439868
2.0,90.0,0.0,570.0,560.0,580.0,0.000376809818316,0.000376809818316
2.0,90.0,0.0,590.0,580.0,600.0,0.000389243270918,0.000389243270918
2.0,90.0,0.0,610.0,600.0,620.0,0.000356152076698,0.000356152076698
2.0,90.0,0.0,630.0,620.0,640.0,0.000422120828485,0.000422120828485
2.0,90.0,0.0,650.0,640.0,660.0,0.000477097465591,0.000477097465591
2.0,90.0,0.0,670.0,660.0,680.0,0.000532295445516,0.000532295445516
2.0,90.0,0.0,690.0,680.0,700.0,0.000553414395281,0.000553414395281
2.0,90.0,0.0,710.0,700.0,720.0,0.000550793117551,0.000550793117551
2.0,90.0,0.0,730.0,720.0,740.0,0.00053624290059,0.00053624290059
2.0,90.0,0.0,750.0,740.0,760.0,0.000504054540402,0.000504054540402
2.0,90.0,0.0,770.0,760.0,780.0,0.00048364748839,0.00048364748839
2.0,90.0,0.5,390.0,380.0,400.0,0.000305589954369,0.000305589954369
2.0,90.0,0.5,410.0,400.0,420.0,0.000532003483317,0.000532003483317
2.0,90.0,0.5,430.0,420.0,440.0,0.000555355310007,0.000555355310007
2.0,90.0,0.5,450.0,440.0,460.0,0.000693776290248,0.000693776290248
2.0,90.0,0.5,470.0,460.0,480.0,0.000732530669703,0.000732530669703
2.0,90.0,0.5,490.0,480.0,500.0,0.000695141795645,0.000695141795645
2.0,90.0,0.5,510.0,500.0,520.0,0.000612222094228,0.000612222094228
2.0,90.0,0.5,530.0,520.0,540.0,0.000522114485453,0.000522114485453
2.0,90.0,0.5,550.0,540.0,560.0,0.000470292604132,0.000470292604132
2.0,90.0,0.5,570.0,560.0,580.0,0.000377073769116,0.000377073769116
2.0,90.0,0.5,590.0,580.0,600.0,0.000389498453648,0.000389498453648
2.0,90.0,0.5,610.0,600.0,620.0,0.000356372953222,0.000356372953222
2.0,90.0,0.5,630.0,620.0,640.0,0.000422370680717,0.000422370680717
2.0,90.0,0.5,650.0,640.0,660.0,0.000477370227694,0.000477370227694
2.0,90.0,0.5,670.0,660.0,680.0,0.000532591981786,0.000532591981786
2.0,90.0,0.5,690.0,680.0,700.0,0.000553716906606,0.000553716906606
2.0,90.0,0.5,710.0,700.0,720.0,0.000551090083797,0.000551090083797
2.0,90.0,0.5,730.0,720.0,740.0,0.000536529216102,0.000536529216102
2.0,90.0,0.5,750.0,740.0,760.0,0.000504321634635,0.000504321634635
2.0,90.0,0.5,770.0,760.0,780.0,0.000483902624666,0.000483902624666
2.0,90.0,1.0,390.0,380.0,400.0,0.000311344214102,0.000311344214102
2.0,90.0,1.0,410.0,400.0,420.0,0.000542578753107,0.000542578753107
2.0,90.0,1.0,430.0,420.0,440.0,0.000566959917365,0.000566959917365
2.0,90.0,1.0,450.0,440.0,460.0,0.000708972128233,0.000708972128233
2.0,90.0,1.0,470.0,460.0,480.0,0.000749321314386,0.000749321314386
2.0,90.0,1.0,490.0,480.0,500.0,0.000711831066095,0.000711831066095
2.0,90.0,1.0,510.0,500.0,520.0,0.000627679487426,0.000627679487426
2.0,90.0,1.0,530.0,520.0,540.0,0.000536066499993,0.000536066499993
2.0,90.0,1.0,550.0,540.0,560.0,0.000483542627749,0.000483542627749
2.0,90.0,1.0,570.0,560.0,580.0,0.000388378377878,0.000388378377878
2.0,90.0,1.0,590.0,580.0,600.0,0.000401704571725,0.000401704571725
2.0,90.0,1.0,610.0,600.0,620.0,0.000368132290096,0.000368132290096
2.0,90.0,1.0,630.0,620.0,640.0,0.000436746633134,0.000436746633134
2.0,90.0,1.0,650.0,640.0,660.0,0.000494131614537,0.000494131614537
2.0,90.0,1.0,670.0,660.0,680.0,0.000551933071544,0.000551933071544
2.0,90.0,1.0,690.0,680.0,700.0,0.00057456251535,0.00057456251535
2.0,90.0,1.0,710.0,700.0,720.0,0.000572636363543,0.000572636363543
2.0,90.0,1.0,730.0,720.0,740.0,0.000558344751458,0.000558344751458
2.0,90.0,1.0,750.0,740.0,760.0,0.000525704080271,0.000525704080271
2.0,90.0,1.0,770.0,760.0,780.0,0.000505216422063,0.000505216422063
2.0,90.0,2.0,390.0,380.0,400.0,0.000321503548596,0.000321503548596
2.0,90.0,2.0,410.0,400.0,420.0,0.000561062538505,0.000561062538505
2.0,90.0,2.0,430.0,420.0,440.0,0.000587101398629,0.000587101398629
2.0,90.0,2.0,450.0,440.0,460.0,0.000735214618933,0.000735214618933
2.0,90.0,2.0,470.0,460.0,480.0,0.000778199701242,0.000778199701242
2.0,90.0,2.0,490.0,480.0,500.0,0.000740402792993,0.000740402792993
2.0,90.0,2.0,510.0,500.0,520.0,0.000653950167612,0.000653950167612
2.0,90.0,2.0,530.0,520.0,540.0,0.000559520234694,0.000559520234694
2.0,90.0,2.0,550.0,540.0,560.0,0.000505621980897,0.000505621980897
2.0,90.0,2.0,570.0,560.0,580.0,0.000406956061339,0.000406956061339
2.0,90.0,2.0,590.0,580.0,600.0,0.000421689169757,0.000421689169757
2.0,90.0,2.0,610.0,600.0,620.0,0.000387233733856,0.000387233733856
2.0,90.0,2.0,630.0,620.0,640.0,0.000460175243203,0.000460175243203
2.0,90.0,2.0,650.0,640.0,660.0,0.000521527421079,0.000521527421079
2.0,90.0,2.0,670.0,660.0,680.0,0.000583586768321,0.000583586768321
2.0,90.0,2.0,690.0,680.0,700.0,0.000608680620014,0.000608680620014
2.0,90.0,2.0,710.0,700.0,720.0,0.000607875542845,0.000607875542845
2.0,90.0,2.0,730.0,720.0,740.0,0.000593978924708,0.000593978924708
2.0,90.0,2.0,750.0,740.0,760.0,0.000560550262982,0.000560550262982
2.0,90.0,2.0,770.0,760.0,780.0,0.000539940668677,0.000539940668677
2.0,90.0,3.0,390.0,380.0,400.0,0.000334086989707,0.000334086989707
2.0,90.0,3.0,410.0,400.0,420.0,0.000584177883129,0.000584177883129
2.0,90.0,3.0,430.0,420.0,440.0,0.000612530981982,0.000612530981982
2.0,90.0,3.0,450.0,440.0,460.0,0.000768654879553,0.000768654879553
2.0,90.0,3.0,470.0,460.0,480.0,0.000815334952497,0.000815334952497
2.0,90.0,3.0,490.0,480.0,500.0,0.000777478031151,0.000777478031151
2.0,90.0,3.0,510.0,500.0,520.0,0.000688350199853,0.000688350199853
2.0,90.0,3.0,530.0,520.0,540.0,0.000590516737833,0.000590516737833
2.0,90.0,3.0,550.0,540.0,560.0,0.000535126348917,0.000535126348917
2.0,90.0,3.0,570.0,560.0,580.0,0.000432064467153,0.000432064467153
2.0,90.0,3.0,590.0,580.0,600.0,0.000449107926815,0.000449107926815
2.0,90.0,3.0,610.0,600.0,620.0,0.000413847151325,0.000413847151325
2.0,90.0,3.0,630.0,620.0,640.0,0.00049342993311,0.00049342993311
2.0,90.0,3.0,650.0,640.0,660.0,0.00056116318924,0.00056116318924
2.0,90.0,3.0,670.0,660.0,680.0,0.000630275591337,0.000630275591337
2.0,90.0,3.0,690.0,680.0,700.0,0.000659990830988,0.000659990830988
2.0,90.0,3.0,710.0,700.0,720.0,0.000661911913794,0.000661911913794
2.0,90.0,3.0,730.0,720.0,740.0,0.000649683629634,0.000649683629634
2.0,90.0,3.0,750.0,740.0,760.0,0.000616059671895,0.000616059671895
2.0,90.0,3.0,770.0,760.0,780.0,0.000596292862313,0.000596292862313
2.0,90.0,5.0,390.0,380.0,400.0,0.000363106290538,0.000363106290538
2.0,90.0,5.0,410.0,400.0,420.0,0.000638545328156,0.000638545328156
2.0,90.0,5.0,430.0,420.0,440.0,0.000673713956598,0.000673713956598
2.0,90.0,5.0,450.0,440.0,460.0,0.000851235168819,0.000851235168819
2.0,90.0,5.0,470.0,460.0,480.0,0.00090976398499,0.00090976398499
2.0,90.0,5.0,490.0,480.0,500.0,0.000874782182892,0.000874782182892
2.0,90.0,5.0,510.0,500.0,520.0,0.000781633077294,0.000781633077294
2.0,90.0,5.0,530.0,520.0,540.0,0.000677354306111,0.000677354306111
2.0,90.0,5.0,550.0,540.0,560.0,0.000620466142659,0.000620466142659
2.0,90.0,5.0,570.0,560.0,580.0,0.000506854646764,0.000506854646764
2.0,90.0,5.0,590.0,580.0,600.0,0.000532942187438,0.000532942187438
2.0,90.0,5.0,610.0,600.0,620.0,0.000497011680949,0.000497011680949
2.0,90.0,5.0,630.0,620.0,640.0,0.000599013401488,0.000599013401488
2.0,90.0,5.0,650.0,640.0,660.0,0.00068836557904,0.00068836557904
2.0,90.0,5.0,670.0,660.0,680.0,0.00078109143304,0.00078109143304
2.0,90.0,5.0,690.0,680.0,700.0,0.00082620494033,0.00082620494033
2.0,90.0,5.0,710.0,700.0,720.0,0.000836886784262,0.000836886784262
2.0,90.0,5.0,730.0,720.0,740.0,0.000829477667258,0.000829477667258
2.0,90.0,5.0,750.0,740.0,760.0,0.000794234039609,0.000794234039609
2.0,90.0,5.0,770.0,760.0,780.0,0.000775703530607,0.000775703530607
2.0,90.0,8.0,390.0,380.0,400.0,0.00041777044101,0.00041777044101
2.0,90.0,8.0,410.0,400.0,420.0,0.00074581519782,0.00074581519782
2.0,90.0,8.0,430.0,420.0,440.0,0.000799728736384,0.000799728736384
2.0,90.0,8.0,450.0,440.0,460.0,0.00102761461193,0.00102761461193
2.0,90.0,8.0,470.0,460.0,480.0,0.00111704346453,0.00111704346453
2.0,90.0,8.0,490.0,480.0,500.0,0.00109208178077,0.00109208178077
2.0,90.0,8.0,510.0,500.0,520.0,0.000991551606748,0.000991551606748
2.0,90.0,8.0,530.0,520.0,540.0,0.000872644566559,0.000872644566559
2.0,90.0,8.0,550.0,540.0,560.0,0.000810488467992,0.000810488467992
2.0,90.0,8.0,570.0,560.0,580.0,0.000670854814255,0.000670854814255
2.0,90.0,8.0,590.0,580.0,600.0,0.000712028770669,0.000712028770669
2.0,90.0,8.0,610.0,600.0,620.0,0.000669570590327,0.000669570590327
2.0,90.0,8.0,630.0,620.0,640.0,0.000809825169494,0.000809825169494
2.0,90.0,8.0,650.0,640.0,660.0,0.000932203709757,0.000932203709757
2.0,90.0,8.0,670.0,660.0,680.0,0.00105852826156,0.00105852826156
2.0,90.0,8.0,690.0,680.0,700.0,0.0011196688135,0.0011196688135
2.0,90.0,8.0,710.0,700.0,720.0,0.00113351185743,0.00113351185743
2.0,90.0,8.0,730.0,720.0,740.0,0.00112234112135,0.00112234112135
2.0,90.0,8.0,750.0,740.0,760.0,0.00107344906327,0.00107344906327
2.0,90.0,8.0,770.0,760.0,780.0,0.00104615907768,0.00104615907768
2.0,90.0,12.0,390.0,380.0,400.0,0.000512264973802,0.000512264973802
2.0,90.0,12.0,410.0,400.0,420.0,0.000929444191494,0.000929444191494
2.0,90.0,12.0,430.0,420.0,440.0,0.00101009821436,0.00101009821436
2.0,90.0,12.0,450.0,440.0,460.0,0.00131142156531,0.00131142156531
2.0,90.0,12.0,470.0,460.0,480.0,0.00143589370636,0.00143589370636
2.0,90.0,12.0,490.0,480.0,500.0,0.00141006491174,0.00141006491174
2.0,90.0,12.0,510.0,500.0,520.0,0.00128331860044,0.00128331860044
2.0,90.0,12.0,530.0,520.0,540.0,0.00113060053342,0.00113060053342
2.0,90.0,12.0,550.0,540.0,560.0,0.00104826881483,0.00104826881483
2.0,90.0,12.0,570.0,560.0,580.0,0.000865930634344,0.000865930634344
2.0,90.0,12.0,590.0,580.0,600.0,0.000912843026823,0.000912843026823
2.0,90.0,12.0,610.0,600.0,620.0,0.000852688838413,0.000852688838413
2.0,90.0,12.0,630.0,620.0,640.0,0.0010197922167,0.0010197922167
2.0,90.0,12.0,650.0,640.0,660.0,0.00116044366628,0.00116044366628
2.0,90.0,12.0,670.0,660.0,680.0,0.00130317337595,0.00130317337595
2.0,90.0,12.0,690.0,680.0,700.0,0.00136398790285,0.00136398790285
2.0,90.0,12.0,710.0,700.0,720.0,0.0013670897408,0.0013670897408
2.0,90.0,12.0,730.0,720.0,740.0,0.00134084492424,0.00134084492424
2.0,90.0,12.0,750.0,740.0,760.0,0.00127127210533,0.00127127210533
2.0,90.0,12.0,770.0,760.0,780.0,0.00122800250187,0.00122800250187
2.0,90.0,20.0,390.0,380.0,400.0,0.000687531939519,0.000687531939519
2.0,90.0,20.0,410.0,400.0,420.0,0.00123795778565,0.00123795778565
2.0,90.0,20.0,430.0,420.0,440.0,0.00132999063271,0.00132999063271
2.0,90.0,20.0,450.0,440.0,460.0,0.00170260142881,0.00170260142881
2.0,90.0,20.0,470.0,460.0,480.0,0.00183519980479,0.00183519980479
2.0,90.0,20.0,490.0,480.0,500.0,0.0017730040564,0.0017730040564
2.0,90.0,20.0,510.0,500.0,520.0,0.00158825348831,0.00158825348831
2.0,90.0,20.0,530.0,520.0,540.0,0.00137878677126,0.00137878677126
2.0,90.0,20.0,550.0,540.0,560.0,0.00125799127834,0.00125799127834
2.0,90.0,20.0,570.0,560.0,580.0,0.00102470671028,0.00102470671028
2.0,90.0,20.0,590.0,580.0,600.0,0.00106061025674,0.00106061025674
2.0,90.0,20.0,610.0,600.0,620.0,0.000974852228764,0.000974852228764
2.0,90.0,20.0,630.0,620.0,640.0,0.00114290577643,0.00114290577643
2.0,90.0,20.0,650.0,640.0,660.0,0.0012764679514,0.0012764679514
2.0,90.0,20.0,670.0,660.0,680.0,0.00140935493015,0.00140935493015
2.0,90.0,20.0,690.0,680.0,700.0,0.00145254009391,0.00145254009391
2.0,90.0,20.0,710.0,700.0,720.0,0.00143544803431,0.00143544803431
2.0,90.0,20.0,730.0,720.0,740.0,0.00138982970573,0.00138982970573
2.0,90.0,20.0,750.0,740.0,760.0,0.00130248909141,0.00130248909141
2.0,90.0,20.0,770.0,760.0,780.0,0.00124401110202,0.00124401110202
2.0,90.0,30.0,390.0,380.0,400.0,0.000794528001311,0.000794528001311
2.0,90.0,30.0,410.0,400.0,420.0,0.00139708061499,0.00139708061499
2.0,90.0,30.0,430.0,420.0,440.0,0.00146772546266,0.00146772546266
2.0,90.0,30.0,450.0,440.0,460.0,0.00184033248694,0.00184033248694
2.0,90.0,30.0,470.0,460.0,480.0,0.00194614216173,0.00194614216173
2.0,90.0,30.0,490.0,480.0,500.0,0.0018478520674,0.0018478520674
2.0,90.0,30.0,510.0,500.0,520.0,0.00163011191612,0.00163011191612
2.0,90.0,30.0,530.0,520.0,540.0,0.0013963910806,0.0013963910806
2.0,90.0,30.0,550.0,540.0,560.0,0.00125731534061,0.00125731534061
2.0,90.0,30.0,570.0,560.0,580.0,0.00101285313192,0.00101285313192
2.0,90.0,30.0,590.0,580.0,600.0,0.00103463860806,0.00103463860806
2.0,90.0,30.0,610.0,600.0,620.0,0.000940352416772,0.000940352416772
2.0,90.0,30.0,630.0,620.0,640.0,0.00108816272072,0.00108816272072
2.0,90.0,30.0,650.0,640.0,660.0,0.00120094935492,0.00120094935492
2.0,90.0,30.0,670.0,660.0,680.0,0.00131200529644,0.00131200529644
2.0,90.0,30.0,690.0,680.0,700.0,0.00133946038457,0.00133946038457
2.0,90.0,30.0,710.0,700.0,720.0,0.00131244936416,0.00131244936416
2.0,90.0,30.0,730.0,720.0,740.0,0.00126098412488,0.00126098412488
2.0,90.0,30.0,750.0,740.0,760.0,0.00117366369747,0.00117366369747
2.0,90.0,30.0,770.0,760.0,780.0,0.00111361420142,0.00111361420142
2.0,90.0,45.0,390.0,380.0,400.0,0.000810314229418,0.000810314229418
2.0,90.0,45.0,410.0,400.0,420.0,0.00138912143548,0.00138912143548
2.0,90.0,45.0,430.0,420.0,440.0,0.00142749925576,0.00142749925576
2.0,90.0,45.0,450.0,440.0,460.0,0.00175596710745,0.00175596710745
2.0,90.0,45.0,470.0,460.0,480.0,0.00182630462298,0.00182630462298
2.0,90.0,45.0,490.0,480.0,500.0,0.00170932540299,0.00170932540299
2.0,90.0,45.0,510.0,500.0,520.0,0.00148972880713,0.00148972880713
2.0,90.0,45.0,530.0,520.0,540.0,0.00126333883788,0.00126333883788
2.0,90.0,45.0,550.0,540.0,560.0,0.00112646384529,0.00112646384529
2.0,90.0,45.0,570.0,560.0,580.0,0.000900388070965,0.000900388070965
2.0,90.0,45.0,590.0,580.0,600.0,0.000911130688119,0.000911130688119
2.0,90.0,45.0,610.0,600.0,620.0,0.000821712878444,0.000821712878444
2.0,90.0,45.0,630.0,620.0,640.0,0.000942215374646,0.000942215374646
2.0,90.0,45.0,650.0,640.0,660.0,0.00103143870322,0.00103143870322
2.0,90.0,45.0,670.0,660.0,680.0,0.001118879573,0.001118879573
2.0,90.0,45.0,690.0,680.0,700.0,0.0011352503891,0.0011352503891
2.0,90.0,45.0,710.0,700.0,720.0,0.00110629649724,0.00110629649724
2.0,90.0,45.0,730.0,720.0,740.0,0.00105778138907,0.00105778138907
2.0,90.0,45.0,750.0,740.0,760.0,0.000980389607836,0.000980389607836
2.0,90.0,45.0,770.0,760.0,780.0,0.000926487959539,0.000926487959539
2.0,90.0,60.0,390.0,380.0,400.0,0.000800523978324,0.000800523978324
2.0,90.0,60.0,410.0,400.0,420.0,0.0013500613951,0.0013500613951
2.0,90.0,60.0,430.0,420.0,440.0,0.00136756082176,0.00136756082176
2.0,90.0,60.0,450.0,440.0,460.0,0.00166120783748,0.00166120783748
2.0,90.0,60.0,470.0,460.0,480.0,0.00170879614957,0.00170879614957
2.0,90.0,60.0,490.0,480.0,500.0,0.00158399260758,0.00158399260758
2.0,90.0,60.0,510.0,500.0,520.0,0.00136910479134,0.00136910479134
2.0,90.0,60.0,530.0,520.0,540.0,0.00115287499252,0.00115287499252
2.0,90.0,60.0,550.0,540.0,560.0,0.00102091801506,0.00102091801506
2.0,90.0,60.0,570.0,560.0,580.0,0.000811348731476,0.000811348731476
2.0,90.0,60.0,590.0,580.0,600.0,0.000815555688943,0.000815555688943
2.0,90.0,60.0,610.0,600.0,620.0,0.000731336236304,0.000731336236304
2.0,90.0,60.0,630.0,620.0,640.0,0.000833156754695,0.000833156754695
2.0,90.0,60.0,650.0,640.0,660.0,0.000906701357325,0.000906701357325
2.0,90.0,60.0,670.0,660.0,680.0,0.000978454772015,0.000978454772015
2.0,90.0,60.0,690.0,680.0,700.0,0.00098818284793,0.00098818284793
2.0,90.0,60.0,710.0,700.0,720.0,0.000959003446234,0.000959003446234
2.0,90.0,60.0,730.0,720.0,740.0,0.000913570714524,0.000913570714524
2.0,90.0,60.0,750.0,740.0,760.0,0.000843994313458,0.000843994313458
2.0,90.0,60.0,770.0,760.0,780.0,0.000795164675214,0.000795164675214
2.0,90.0,90.0,390.0,380.0,400.0,0.000766521299032,0.000766521299032
2.0,90.0,90.0,410.0,400.0,420.0,0.00127096989225,0.00127096989225
2.0,90.0,90.0,430.0,420.0,440.0,0.00126811027139,0.00126811027139
2.0,90.0,90.0,450.0,440.0,460.0,0.001519859846,0.001519859846
2.0,90.0,90.0,470.0,460.0,480.0,0.00154476248747,0.00154476248747
2.0,90.0,90.0,490.0,480.0,500.0,0.0014164483154,0.0014164483154
2.0,90.0,90.0,510.0,500.0,520.0,0.00121207969756,0.00121207969756
2.0,90.0,90.0,530.0,520.0,540.0,0.00101107398087,0.00101107398087
2.0,90.0,90.0,550.0,540.0,560.0,0.000887154005172,0.000887154005172
2.0,90.0,90.0,570.0,560.0,580.0,0.000698808953717,0.000698808953717
2.0,90.0,90.0,590.0,580.0,600.0,0.000696192412084,0.000696192412084
2.0,90.0,90.0,610.0,600.0,620.0,0.000618920728332,0.000618920728332
2.0,90.0,90.0,630.0,620.0,640.0,0.000699271809473,0.000699271809473
2.0,90.0,90.0,650.0,640.0,660.0,0.000755093882411,0.000755093882411
2.0,90.0,90.0,670.0,660.0,680.0,0.000808837744082,0.000808837744082
2.0,90.0,90.0,690.0,680.0,700.0,0.000811117424075,0.000811117424075
2.0,90.0,90.0,710.0,700.0,720.0,0.000781848572382,0.000781848572382
2.0,90.0,90.0,730.0,720.0,740.0,0.000739990954041,0.000739990954041
2.0,90.0,90.0,750.0,740.0,760.0,0.000679356291414,0.000679356291414
2.0,90.0,90.0,770.0,760.0,780.0,0.00063634285403,0.00063634285403
2.0,180.0,0.0,390.0,380.0,400.0,0.000340948575768,0.000340948575768
2.0,180.0,0.0,410.0,400.0,420.0,0.000586037238549,0.000586037238549
2.0,180.0,0.0,430.0,420.0,440.0,0.000604446478793,0.000604446478793
2.0,180.0,0.0,450.0,440.0,460.0,0.000746960410593,0.000746960410593
2.0,180.0,0.0,470.0,460.0,480.0,0.000781189927519,0.000781189927519
2.0,180.0,0.0,490.0,480.0,500.0,0.000734598403266,0.000734598403266
2.0,180.0,0.0,510.0,500.0,520.0,0.00064024437936,0.00064024437936
2.0,180.0,0.0,530.0,520.0,540.0,0.000539093656216,0.000539093656216
2.0,180.0,0.0,550.0,540.0,560.0,0.00048141323213,0.00048141323213
2.0,180.0,0.0,570.0,560.0,580.0,0.000381076724358,0.000381076724358
2.0,180.0,0.0,590.0,580.0,600.0,0.000393287014125,0.000393287014125
2.0,180.0,0.0,610.0,600.0,620.0,0.000358067695973,0.000358067695973
2.0,180.0,0.0,630.0,620.0,640.0,0.000427461174548,0.000427461174548
2.0,180.0,0.0,650.0,640.0,660.0,0.00048636586819,0.00048636586819
2.0,180.0,0.0,670.0,660.0,680.0,0.000545027687271,0.000545027687271
2.0,180.0,0.0,690.0,680.0,700.0,0.000567981555792,0.000567981555792
2.0,180.0,0.0,710.0,700.0,720.0,0.000565617722931,0.000565617722931
2.0,180.0,0.0,730.0,720.0,740.0,0.000550104759529,0.000550104759529
2.0,180.0,0.0,750.0,740.0,760.0,0.00051533222138,0.00051533222138
2.0,180.0,0.0,770.0,760.0,780.0,0.00049335029538,0.00049335029538
2.0,180.0,0.5,390.0,380.0,400.0,0.000365331039047,0.000365331039047
2.0,180.0,0.5,410.0,400.0,420.0,0.000628911095518,0.000628911095518
2.0,180.0,0.5,430.0,420.0,440.0,0.000649607220438,0.000649607220438
2.0,180.0,0.5,450.0,440.0,460.0,0.000803937992257,0.000803937992257
2.0,180.0,0.5,470.0,460.0,480.0,0.000841988176954,0.000841988176954
2.0,180.0,0.5,490.0,480.0,500.0,0.000793029300397,0.000793029300397
2.0,180.0,0.5,510.0,500.0,520.0,0.000692649608977,0.000692649608977
2.0,180.0,0.5,530.0,520.0,540.0,0.000584849371823,0.000584849371823
2.0,180.0,0.5,550.0,540.0,560.0,0.000523034520816,0.000523034520816
2.0,180.0,0.5,570.0,560.0,580.0,0.000415046515524,0.000415046515524
2.0,180.0,0.5,590.0,580.0,600.0,0.000427961067442,0.000427961067442
2.0,180.0,0.5,610.0,600.0,620.0,0.00038968015348,0.00038968015348
2.0,180.0,0.5,630.0,620.0,640.0,0.000463760822779,0.000463760822779
2.0,180.0,0.5,650.0,640.0,660.0,0.000526119710167,0.000526119710167
2.0,180.0,0.5,670.0,660.0,680.0,0.000588217367529,0.000588217367529
2.0,180.0,0.5,690.0,680.0,700.0,0.000611936254868,0.000611936254868
2.0,180.0,0.5,710.0,700.0,720.0,0.000608643102697,0.000608643102697
2.0,180.0,0.5,730.0,720.0,740.0,0.000591492939855,0.000591492939855
2.0,180.0,0.5,750.0,740.0,760.0,0.000554011868444,0.000554011868444
2.0,180.0,0.5,770.0,760.0,780.0,0.000530169366154,0.000530169366154
2.0,180.0,1.0,390.0,380.0,400.0,0.00037875100128,0.00037875100128
2.0,180.0,1.0,410.0,400.0,420.0,0.00065197410132,0.00065197410132
2.0,180.0,1.0,430.0,420.0,440.0,0.000673346113051,0.000673346113051
2.0,180.0,1.0,450.0,440.0,460.0,0.000833212706618,0.000833212706618
2.0,180.0,1.0,470.0,460.0,480.0,0.000872547399615,0.000872547399615
2.0,180.0,1.0,490.0,480.0,500.0,0.000821758963554,0.000821758963554
2.0,180.0,1.0,510.0,500.0,520.0,0.00071778123823,0.00071778123823
2.0,180.0,1.0,530.0,520.0,540.0,0.000606178596038,0.000606178596038
2.0,180.0,1.0,550.0,540.0,560.0,0.000542072943437,0.000542072943437
2.0,180.0,1.0,570.0,560.0,580.0,0.00043019786684,0.00043019786684
2.0,180.0,1.0,590.0,580.0,600.0,0.000443388406073,0.000443388406073
2.0,180.0,1.0,610.0,600.0,620.0,0.000403618713219,0.000403618713219
2.0,180.0,1.0,630.0,620.0,640.0,0.000480008998843,0.000480008998843
2.0,180.0,1.0,650.0,640.0,660.0,0.000544203854179,0.000544203854179
2.0,180.0,1.0,670.0,660.0,680.0,0.00060811700526,0.00060811700526
2.0,180.0,1.0,690.0,680.0,700.0,0.000632370737356,0.000632370737356
2.0,180.0,1.0,710.0,700.0,720.0,0.000628752189708,0.000628752189708
2.0,180.0,1.0,730.0,720.0,740.0,0.000610864242996,0.000610864242996
2.0,180.0,1.0,750.0,740.0,760.0,0.000572037249196,0.000572037249196
2.0,180.0,1.0,770.0,760.0,780.0,0.000547292233946,0.000547292233946
2.0,180.0,2.0,390.0,380.0,400.0,0.000391772463611,0.000391772463611
2.0,180.0,2.0,410.0,400.0,420.0,0.000675110647554,0.000675110647554
2.0,180.0,2.0,430.0,420.0,440.0,0.000697984093209,0.000697984093209
2.0,180.0,2.0,450.0,440.0,460.0,0.000864614087272,0.000864614087272
2.0,180.0,2.0,470.0,460.0,480.0,0.000906365322478,0.000906365322478
2.0,180.0,2.0,490.0,480.0,500.0,0.000854458009943,0.000854458009943
2.0,180.0,2.0,510.0,500.0,520.0,0.000747022205194,0.000747022205194
2.0,180.0,2.0,530.0,520.0,540.0,0.000631383706335,0.000631383706335
2.0,180.0,2.0,550.0,540.0,560.0,0.000565054399959,0.000565054399959
2.0,180.0,2.0,570.0,560.0,580.0,0.000448718392391,0.000448718392391
2.0,180.0,2.0,590.0,580.0,600.0,0.000462838934143,0.000462838934143
2.0,180.0,2.0,610.0,600.0,620.0,0.000421591812864,0.000421591812864
2.0,180.0,2.0,630.0,620.0,640.0,0.000501816611303,0.000501816611303
2.0,180.0,2.0,650.0,640.0,660.0,0.000569395318521,0.000569395318521
2.0,180.0,2.0,670.0,660.0,680.0,0.000636730568245,0.000636730568245
2.0,180.0,2.0,690.0,680.0,700.0,0.000662544530842,0.000662544530842
2.0,180.0,2.0,710.0,700.0,720.0,0.000659110309624,0.000659110309624
2.0,180.0,2.0,730.0,720.0,740.0,0.000640641577077,0.000640641577077
2.0,180.0,2.0,750.0,740.0,760.0,0.000600112295844,0.000600112295844
2.0,180.0,2.0,770.0,760.0,780.0,0.000574327346179,0.000574327346179
2.0,180.0,3.0,390.0,380.0,400.0,0.00041429653336,0.00041429653336
2.0,180.0,3.0,410.0,400.0,420.0,0.000714089380663,0.000714089380663
2.0,180.0,3.0,430.0,420.0,440.0,0.000738459361514,0.000738459361514
2.0,180.0,3.0,450.0,440.0,460.0,0.000914998776006,0.000914998776006
2.0,180.0,3.0,470.0,460.0,480.0,0.000959468725179,0.000959468725179
2.0,180.0,3.0,490.0,480.0,500.0,0.000904804018701,0.000904804018701
2.0,180.0,3.0,510.0,500.0,520.0,0.000791241006527,0.000791241006527
2.0,180.0,3.0,530.0,520.0,540.0,0.000668875603009,0.000668875603009
2.0,180.0,3.0,550.0,540.0,560.0,0.000598786130027,0.000598786130027
2.0,180.0,3.0,570.0,560.0,580.0,0.000475572315679,0.000475572315679
2.0,180.0,3.0,590.0,580.0,600.0,0.000490849213312,0.000490849213312
2.0,180.0,3.0,610.0,600.0,620.0,0.000447332175038,0.000447332175038
2.0,180.0,3.0,630.0,620.0,640.0,0.000533072971328,0.000533072971328
2.0,180.0,3.0,650.0,640.0,660.0,0.000605631826167,0.000605631826167
2.0,180.0,3.0,670.0,660.0,680.0,0.000678130072714,0.000678130072714
2.0,180.0,3.0,690.0,680.0,700.0,0.000706556386413,0.000706556386413
2.0,180.0,3.0,710.0,700.0,720.0,0.000703860601062,0.000703860601062
2.0,180.0,3.0,730.0,720.0,740.0,0.000685109998368,0.000685109998368
2.0,180.0,3.0,750.0,740.0,760.0,0.000642683444205,0.000642683444205
2.0,180.0,3.0,770.0,760.0,780.0,0.000616085000053,0.000616085000053
2.0,180.0,5.0,390.0,380.0,400.0,0.000459389459517,0.000459389459517
2.0,180.0,5.0,410.0,400.0,420.0,0.000792714071582,0.000792714071582
2.0,180.0,5.0,430.0,420.0,440.0,0.000820748433158,0.000820748433158
2.0,180.0,5.0,450.0,440.0,460.0,0.0010183569726,0.0010183569726
2.0,180.0,5.0,470.0,460.0,480.0,0.00106964912304,0.00106964912304
2.0,180.0,5.0,490.0,480.0,500.0,0.00101088994148,0.00101088994148
2.0,180.0,5.0,510.0,500.0,520.0,0.000886400170484,0.000886400170484
2.0,180.0,5.0,530.0,520.0,540.0,0.000751831201948,0.000751831201948
2.0,180.0,5.0,550.0,540.0,560.0,0.000676064043368,0.000676064043368
2.0,180.0,5.0,570.0,560.0,580.0,0.000539764968176,0.000539764968176
2.0,180.0,5.0,590.0,580.0,600.0,0.000561039376031,0.000561039376031
2.0,180.0,5.0,610.0,600.0,620.0,0.000515299206268,0.000515299206268
2.0,180.0,5.0,630.0,620.0,640.0,0.000619860049209,0.000619860049209
2.0,180.0,5.0,650.0,640.0,660.0,0.00071135113711,0.00071135113711
2.0,180.0,5.0,670.0,660.0,680.0,0.000804922406584,0.000804922406584
2.0,180.0,5.0,690.0,680.0,700.0,0.000847824766666,0.000847824766666
2.0,180.0,5.0,710.0,700.0,720.0,0.000854057605104,0.000854057605104
2.0,180.0,5.0,730.0,720.0,740.0,0.000840746723533,0.000840746723533
2.0,180.0,5.0,750.0,740.0,760.0,0.000797683649039,0.000797683649039
2.0,180.0,5.0,770.0,760.0,780.0,0.000773393670692,0.000773393670692
2.0,180.0,8.0,390.0,380.0,400.0,0.000531826207354,0.000531826207354
2.0,180.0,8.0,410.0,400.0,420.0,0.000921807793788,0.000921807793788
2.0,180.0,8.0,430.0,420.0,440.0,0.000960656519599,0.000960656519599
2.0,180.0,8.0,450.0,440.0,460.0,0.00120289726261,0.00120289726261
2.0,180.0,8.0,470.0,460.0,480.0,0.00127862724548,0.00127862724548
2.0,180.0,8.0,490.0,480.0,500.0,0.00122581806689,0.00122581806689
2.0,180.0,8.0,510.0,500.0,520.0,0.00109209610679,0.00109209610679
2.0,180.0,8.0,530.0,520.0,540.0,0.000942240955581,0.000942240955581
2.0,180.0,8.0,550.0,540.0,560.0,0.000863484806535,0.000863484806535
2.0,180.0,8.0,570.0,560.0,580.0,0.00070262112232,0.00070262112232
2.0,180.0,8.0,590.0,580.0,600.0,0.000744746368207,0.000744746368207
2.0,180.0,8.0,610.0,600.0,620.0,0.000696573597878,0.000696573597878
2.0,180.0,8.0,630.0,620.0,640.0,0.00085111722181,0.00085111722181
2.0,180.0,8.0,650.0,640.0,660.0,0.000989554297768,0.000989554297768
2.0,180.0,8.0,670.0,660.0,680.0,0.00113199730928,0.00113199730928
2.0,180.0,8.0,690.0,680.0,700.0,0.00120323038821,0.00120323038821
2.0,180.0,8.0,710.0,700.0,720.0,0.0012212567654,0.0012212567654
2.0,180.0,8.0,730.0,720.0,740.0,0.00120965144479,0.00120965144479
2.0,180.0,8.0,750.0,740.0,760.0,0.00115364024373,0.00115364024373
2.0,180.0,8.0,770.0,760.0,780.0,0.00112242772393,0.00112242772393
2.0,180.0,12.0,390.0,380.0,400.0,0.000637656053374,0.000637656053374
2.0,180.0,12.0,410.0,400.0,420.0,0.00112255273383,0.00112255273383
2.0,180.0,12.0,430.0,420.0,440.0,0.00119143681986,0.00119143681986
2.0,180.0,12.0,450.0,440.0,460.0,0.00152128333017,0.00152128333017
2.0,180.0,12.0,470.0,460.0,480.0,0.00164827577207,0.00164827577207
2.0,180.0,12.0,490.0,480.0,500.0,0.00160774117931,0.00160774117931
2.0,180.0,12.0,510.0,500.0,520.0,0.00145359486229,0.00145359486229
2.0,180.0,12.0,530.0,520.0,540.0,0.00126980972396,0.00126980972396
2.0,180.0,12.0,550.0,540.0,560.0,0.00117486452368,0.00117486452368
2.0,180.0,12.0,570.0,560.0,580.0,0.000963331869399,0.000963331869399
2.0,180.0,12.0,590.0,580.0,600.0,0.0010232619994,0.0010232619994
2.0,180.0,12.0,610.0,600.0,620.0,0.000957372240973,0.000957372240973
2.0,180.0,12.0,630.0,620.0,640.0,0.00116228693084,0.00116228693084
2.0,180.0,12.0,650.0,640.0,660.0,0.00133971770064,0.00133971770064
2.0,180.0,12.0,670.0,660.0,680.0,0.00151817468697,0.00151817468697
2.0,180.0,12.0,690.0,680.0,700.0,0.00159809020897,0.00159809020897
2.0,180.0,12.0,710.0,700.0,720.0,0.00160627482434,0.00160627482434
2.0,180.0,12.0,730.0,720.0,740.0,0.00157580223173,0.00157580223173
2.0,180.0,12.0,750.0,740.0,760.0,0.00148942010175,0.00148942010175
2.0,180.0,12.0,770.0,760.0,780.0,0.00143518074213,0.00143518074213
2.0,180.0,20.0,390.0,380.0,400.0,0.000856733522934,0.000856733522934
2.0,180.0,20.0,410.0,400.0,420.0,0.00152623336975,0.00152623336975
2.0,180.0,20.0,430.0,420.0,440.0,0.00163260950452,0.00163260950452
2.0,180.0,20.0,450.0,440.0,460.0,0.00209054570177,0.00209054570177
2.0,180.0,20.0,470.0,460.0,480.0,0.00226023201487,0.00226023201487
2.0,180.0,20.0,490.0,480.0,500.0,0.00219113019435,0.00219113019435
2.0,180.0,20.0,510.0,500.0,520.0,0.00196480751322,0.00196480751322
2.0,180.0,20.0,530.0,520.0,540.0,0.00170139258469,0.00170139258469
2.0,180.0,20.0,550.0,540.0,560.0,0.00155389987352,0.00155389987352
2.0,180.0,20.0,570.0,560.0,580.0,0.00125973853155,0.00125973853155
2.0,180.0,20.0,590.0,580.0,600.0,0.00131152022757,0.00131152022757
2.0,180.0,20.0,610.0,600.0,620.0,0.00120549576524,0.00120549576524
2.0,180.0,20.0,630.0,620.0,640.0,0.00142664779752,0.00142664779752
2.0,180.0,20.0,650.0,640.0,660.0,0.00160450784967,0.00160450784967
2.0,180.0,20.0,670.0,660.0,680.0,0.00177785816285,0.00177785816285
2.0,180.0,20.0,690.0,680.0,700.0,0.00183359520515,0.00183359520515
2.0,180.0,20.0,710.0,700.0,720.0,0.00180895806378,0.00180895806378
2.0,180.0,20.0,730.0,720.0,740.0,0.00174478417124,0.00174478417124
2.0,180.0,20.0,750.0,740.0,760.0,0.00162460329088,0.00162460329088
2.0,180.0,20.0,770.0,760.0,780.0,0.00154222281411,0.00154222281411
2.0,180.0,30.0,390.0,380.0,400.0,0.00101702087376,0.00101702087376
2.0,180.0,30.0,410.0,400.0,420.0,0.00178454117126,0.00178454117126
2.0,180.0,30.0,430.0,420.0,440.0,0.0018763691481,0.0018763691481
2.0,180.0,30.0,450.0,440.0,460.0,0.00235874847445,0.00235874847445
2.0,180.0,30.0,470.0,460.0,480.0,0.00250229989272,0.00250229989272
2.0,180.0,30.0,490.0,480.0,500.0,0.0023813618023,0.0023813618023
2.0,180.0,30.0,510.0,500.0,520.0,0.00209990327263,0.00209990327263
2.0,180.0,30.0,530.0,520.0,540.0,0.00179209143197,0.00179209143197
2.0,180.0,30.0,550.0,540.0,560.0,0.00161068113245,0.00161068113245
2.0,180.0,30.0,570.0,560.0,580.0,0.00128892521621,0.00128892521621
2.0,180.0,30.0,590.0,580.0,600.0,0.00131770663666,0.00131770663666
2.0,180.0,30.0,610.0,600.0,620.0,0.00119299789563,0.00119299789563
2.0,180.0,30.0,630.0,620.0,640.0,0.00138473957159,0.00138473957159
2.0,180.0,30.0,650.0,640.0,660.0,0.00153005046189,0.00153005046189
2.0,180.0,30.0,670.0,660.0,680.0,0.00166911306096,0.00166911306096
2.0,180.0,30.0,690.0,680.0,700.0,0.00169781315434,0.00169781315434
2.0,180.0,30.0,710.0,700.0,720.0,0.00165444268083,0.00165444268083
2.0,180.0,30.0,730.0,720.0,740.0,0.00157819884587,0.00157819884587
2.0,180.0,30.0,750.0,740.0,760.0,0.00145534434476,0.00145534434476
2.0,180.0,30.0,770.0,760.0,780.0,0.00136854195511,0.00136854195511
2.0,180.0,45.0,390.0,380.0,400.0,0.00104877520611,0.00104877520611
2.0,180.0,45.0,410.0,400.0,420.0,0.00179516233205,0.00179516233205
2.0,180.0,45.0,430.0,420.0,440.0,0.00184300560911,0.00184300560911
2.0,180.0,45.0,450.0,440.0,460.0,0.0022651862744,0.0022651862744
2.0,180.0,45.0,470.0,460.0,480.0,0.00235315488044,0.00235315488044
2.0,180.0,45.0,490.0,480.0,500.0,0.00219716002186,0.00219716002186
2.0,180.0,45.0,510.0,500.0,520.0,0.00190562121435,0.00190562121435
2.0,180.0,45.0,530.0,520.0,540.0,0.00160350914271,0.00160350914271
2.0,180.0,45.0,550.0,540.0,560.0,0.00142048991324,0.00142048991324
2.0,180.0,45.0,570.0,560.0,580.0,0.00112348691035,0.00112348691035
2.0,180.0,45.0,590.0,580.0,600.0,0.00113169907086,0.00113169907086
2.0,180.0,45.0,610.0,600.0,620.0,0.00101214042109,0.00101214042109
2.0,180.0,45.0,630.0,620.0,640.0,0.0011577904387,0.0011577904387
2.0,180.0,45.0,650.0,640.0,660.0,0.00126270410593,0.00126270410593
2.0,180.0,45.0,670.0,660.0,680.0,0.00136188735479,0.00136188735479
2.0,180.0,45.0,690.0,680.0,700.0,0.00137151677997,0.00137151677997
2.0,180.0,45.0,710.0,700.0,720.0,0.00132466558586,0.00132466558586
2.0,180.0,45.0,730.0,720.0,740.0,0.00125367262551,0.00125367262551
2.0,180.0,45.0,750.0,740.0,760.0,0.00114813725744,0.00114813725744
2.0,180.0,45.0,770.0,760.0,780.0,0.00107256384626,0.00107256384626
2.0,180.0,60.0,390.0,380.0,400.0,0.000956179901182,0.000956179901182
2.0,180.0,60.0,410.0,400.0,420.0,0.00160529365724,0.00160529365724
2.0,180.0,60.0,430.0,420.0,440.0,0.00161897934678,0.00161897934678
2.0,180.0,60.0,450.0,440.0,460.0,0.00195804620006,0.00195804620006
2.0,180.0,60.0,470.0,460.0,480.0,0.00200506192163,0.00200506192163
2.0,180.0,60.0,490.0,480.0,500.0,0.00184901058344,0.00184901058344
2.0,180.0,60.0,510.0,500.0,520.0,0.00158756891607,0.00158756891607
2.0,180.0,60.0,530.0,520.0,540.0,0.00132555539438,0.00132555539438
2.0,180.0,60.0,550.0,540.0,560.0,0.00116497226157,0.00116497226157
2.0,180.0,60.0,570.0,560.0,580.0,0.000916437729854,0.000916437729854
2.0,180.0,60.0,590.0,580.0,600.0,0.000915571131679,0.000915571131679
2.0,180.0,60.0,610.0,600.0,620.0,0.000814007859746,0.000814007859746
2.0,180.0,60.0,630.0,620.0,640.0,0.000923349862433,0.000923349862433
2.0,180.0,60.0,650.0,640.0,660.0,0.000999797484071,0.000999797484071
2.0,180.0,60.0,670.0,660.0,680.0,0.001072104597,0.001072104597
2.0,180.0,60.0,690.0,680.0,700.0,0.00107471587249,0.00107471587249
2.0,180.0,60.0,710.0,700.0,720.0,0.00103423596136,0.00103423596136
2.0,180.0,60.0,730.0,720.0,740.0,0.000976104131211,0.000976104131211
2.0,180.0,60.0,750.0,740.0,760.0,0.000892320239874,0.000892320239874
2.0,180.0,60.0,770.0,760.0,780.0,0.000832188298229,0.000832188298229
2.0,180.0,90.0,390.0,380.0,400.0,0.000766521299033,0.000766521299033
2.0,180.0,90.0,410.0,400.0,420.0,0.00127096989225,0.00127096989225
2.0,180.0,90.0,430.0,420.0,440.0,0.00126811027139,0.00126811027139
2.0,180.0,90.0,450.0,440.0,460.0,0.001519859846,0.001519859846
2.0,180.0,90.0,470.0,460.0,480.0,0.00154476248747,0.00154476248747
2.0,180.0,90.0,490.0,480.0,500.0,0.0014164483154,0.0014164483154
2.0,180.0,90.0,510.0,500.0,520.0,0.00121207969756,0.00121207969756
2.0,180.0,90.0,530.0,520.0,540.0,0.00101107398087,0.00101107398087
2.0,180.0,90.0,550.0,540.0,560.0,0.000887154005173,0.000887154005173
2.0,180.0,90.0,570.0,560.0,580.0,0.000698808953717,0.000698808953717
2.0,180.0,90.0,590.0,580.0,600.0,0.000696192412084,0.000696192412084
2.0,180.0,90.0,610.0,600.0,620.0,0.000618920728332,0.000618920728332
2.0,180.0,90.0,630.0,620.0,640.0,0.000699271809474,0.000699271809474
2.0,180.0,90.0,650.0,640.0,660.0,0.000755093882411,0.000755093882411
2.0,180.0,90.0,670.0,660.0,680.0,0.000808837744082,0.000808837744082
2.0,180.0,90.0,690.0,680.0,700.0,0.000811117424076,0.000811117424076
2.0,180.0,90.0,710.0,700.0,720.0,0.000781848572382,0.000781848572382
2.0,180.0,90.0,730.0,720.0,740.0,0.000739990954041,0.000739990954041
2.0,180.0,90.0,750.0,740.0,760.0,0.000679356291414,0.000679356291414
2.0,180.0,90.0,770.0,760.0,780.0,0.00063634285403,0.00063634285403
4.0,0.0,0.0,390.0,380.0,400.0,9.01509262311e-05,9.01509262311e-05
4.0,0.0,0.0,410.0,400.0,420.0,0.000163887413403,0.000163887413403
4.0,0.0,0.0,430.0,420.0,440.0,0.000178142170966,0.000178142170966
4.0,0.0,0.0,450.0,440.0,460.0,0.000230255380073,0.000230255380073
4.0,0.0,0.0,470.0,460.0,480.0,0.000249743406806,0.000249743406806
4.0,0.0,0.0,490.0,480.0,500.0,0.000241278484532,0.000241278484532
4.0,0.0,0.0,510.0,500.0,520.0,0.000213411263669,0.000213411263669
4.0,0.0,0.0,530.0,520.0,540.0,0.000180185658317,0.000180185658317
4.0,0.0,0.0,550.0,540.0,560.0,0.000162449227621,0.000162449227621
4.0,0.0,0.0,570.0,560.0,580.0,0.000128130014266,0.000128130014266
4.0,0.0,0.0,590.0,580.0,600.0,0.000135531696585,0.000135531696585
4.0,0.0,0.0,610.0,600.0,620.0,0.000125054487953,0.000125054487953
4.0,0.0,0.0,630.0,620.0,640.0,0.000155744290495,0.000155744290495
4.0,0.0,0.0,650.0,640.0,660.0,0.000184387333108,0.000184387333108
4.0,0.0,0.0,670.0,660.0,680.0,0.000213500039436,0.000213500039436
4.0,0.0,0.0,690.0,680.0,700.0,0.000228452911482,0.000228452911482
4.0,0.0,0.0,710.0,700.0,720.0,0.000232400862559,0.000232400862559
4.0,0.0,0.0,730.0,720.0,740.0,0.000229833513498,0.000229833513498
4.0,0.0,0.0,750.0,740.0,760.0,0.000217680795625,0.000217680795625
4.0,0.0,0.0,770.0,760.0,780.0,0.00021104000891,0.00021104000891
4.0,0.0,0.5,390.0,380.0,400.0,8.39622495209e-05,8.39622495209e-05
4.0,0.0,0.5,410.0,400.0,420.0,0.000152555939814,0.000152555939814
4.0,0.0,0.5,430.0,420.0,440.0,0.000165748471699,0.000165748471699
4.0,0.0,0.5,450.0,440.0,460.0,0.000214133779705,0.000214133779705
4.0,0.0,0.5,470.0,460.0,480.0,0.000232127393189,0.000232127393189
4.0,0.0,0.5,490.0,480.0,500.0,0.000224083134949,0.000224083134949
4.0,0.0,0.5,510.0,500.0,520.0,0.00019794272855,0.00019794272855
4.0,0.0,0.5,530.0,520.0,540.0,0.000166801936593,0.000166801936593
4.0,0.0,0.5,550.0,540.0,560.0,0.000150175289741,0.000150175289741
4.0,0.0,0.5,570.0,560.0,580.0,0.000118191514681,0.000118191514681
4.0,0.0,0.5,590.0,580.0,600.0,0.000124995227267,0.000124995227267
4.0,0.0,0.5,610.0,600.0,620.0,0.000115232514181,0.000115232514181
4.0,0.0,0.5,630.0,620.0,640.0,0.000143729966992,0.000143729966992
4.0,0.0,0.5,650.0,640.0,660.0,0.000170445644513,0.000170445644513
4.0,0.0,0.5,670.0,660.0,680.0,0.000197617067568,0.000197617067568
4.0,0.0,0.5,690.0,680.0,700.0,0.00021165377527,0.00021165377527
4.0,0.0,0.5,710.0,700.0,720.0,0.000215433259257,0.000215433259257
4.0,0.0,0.5,730.0,720.0,740.0,0.000213098836905,0.000213098836905
4.0,0.0,0.5,750.0,740.0,760.0,0.000201768129903,0.000201768129903
4.0,0.0,0.5,770.0,760.0,780.0,0.000195604343141,0.000195604343141
4.0,0.0,1.0,390.0,380.0,400.0,8.42105535616e-05,8.42105535616e-05
4.0,0.0,1.0,410.0,400.0,420.0,0.000152978072036,0.000152978072036
4.0,0.0,1.0,430.0,420.0,440.0,0.000166183244013,0.000166183244013
4.0,0.0,1.0,450.0,440.0,460.0,0.000214675632321,0.000214675632321
4.0,0.0,1.0,470.0,460.0,480.0,0.000232702659639,0.000232702659639
4.0,0.0,1.0,490.0,480.0,500.0,0.000224629584805,0.000224629584805
4.0,0.0,1.0,510.0,500.0,520.0,0.000198410646626,0.000198410646626
4.0,0.0,1.0,530.0,520.0,540.0,0.000167174475485,0.000167174475485
4.0,0.0,1.0,550.0,540.0,560.0,0.000150505157575,0.000150505157575
4.0,0.0,1.0,570.0,560.0,580.0,0.000118435497849,0.000118435497849
4.0,0.0,1.0,590.0,580.0,600.0,0.000125271344472,0.000125271344472
4.0,0.0,1.0,610.0,600.0,620.0,0.000115492939369,0.000115492939369
4.0,0.0,1.0,630.0,620.0,640.0,0.000144106914778,0.000144106914778
4.0,0.0,1.0,650.0,640.0,660.0,0.00017095493787,0.00017095493787
4.0,0.0,1.0,670.0,660.0,680.0,0.000198268695102,0.000198268695102
4.0,0.0,1.0,690.0,680.0,700.0,0.000212405187321,0.000212405187321
4.0,0.0,1.0,710.0,700.0,720.0,0.000216241989304,0.000216241989304
4.0,0.0,1.0,730.0,720.0,740.0,0.000213931876634,0.000213931876634
4.0,0.0,1.0,750.0,740.0,760.0,0.000202574952837,0.000202574952837
4.0,0.0,1.0,770.0,760.0,780.0,0.00019640935657,0.00019640935657
4.0,0.0,2.0,390.0,380.0,400.0,8.69239880661e-05,8.69239880661e-05
4.0,0.0,2.0,410.0,400.0,420.0,0.000158022615382,0.000158022615382
4.0,0.0,2.0,430.0,420.0,440.0,0.000171796140695,0.000171796140695
4.0,0.0,2.0,450.0,440.0,460.0,0.000222109731797,0.000222109731797
4.0,0.0,2.0,470.0,460.0,480.0,0.000240970131134,0.000240970131134
4.0,0.0,2.0,490.0,480.0,500.0,0.000232818626969,0.000232818626969
4.0,0.0,2.0,510.0,500.0,520.0,0.000205830612117,0.000205830612117
4.0,0.0,2.0,530.0,520.0,540.0,0.000173587057115,0.000173587057115
4.0,0.0,2.0,550.0,540.0,560.0,0.000156438540476,0.000156438540476
4.0,0.0,2.0,570.0,560.0,580.0,0.000123237284381,0.000123237284381
4.0,0.0,2.0,590.0,580.0,600.0,0.000130521143386,0.000130521143386
4.0,0.0,2.0,610.0,600.0,620.0,0.000120505280814,0.000120505280814
4.0,0.0,2.0,630.0,620.0,640.0,0.00015061125304,0.00015061125304
4.0,0.0,2.0,650.0,640.0,660.0,0.000178994882866,0.000178994882866
4.0,0.0,2.0,670.0,660.0,680.0,0.000208010730861,0.000208010730861
4.0,0.0,2.0,690.0,680.0,700.0,0.000223350565772,0.000223350565772
4.0,0.0,2.0,710.0,700.0,720.0,0.000227984930616,0.000227984930616
4.0,0.0,2.0,730.0,720.0,740.0,0.000226241679346,0.000226241679346
4.0,0.0,2.0,750.0,740.0,760.0,0.000215013239392,0.000215013239392
4.0,0.0,2.0,770.0,760.0,780.0,0.000209326459031,0.000209326459031
4.0,0.0,3.0,390.0,380.0,400.0,9.06298910828e-05,9.06298910828e-05
4.0,0.0,3.0,410.0,400.0,420.0,0.000165059603079,0.000165059603079
4.0,0.0,3.0,430.0,420.0,440.0,0.0001797878385,0.0001797878385
4.0,0.0,3.0,450.0,440.0,460.0,0.00023291403631,0.00023291403631
4.0,0.0,3.0,470.0,460.0,480.0,0.000253253953599,0.000253253953599
4.0,0.0,3.0,490.0,480.0,500.0,0.000245301868348,0.000245301868348
4.0,0.0,3.0,510.0,500.0,520.0,0.000217506299536,0.000217506299536
4.0,0.0,3.0,530.0,520.0,540.0,0.000184092953422,0.000184092953422
4.0,0.0,3.0,550.0,540.0,560.0,0.000166625184371,0.000166625184371
4.0,0.0,3.0,570.0,560.0,580.0,0.00013198099965,0.00013198099965
4.0,0.0,3.0,590.0,580.0,600.0,0.000140640522324,0.000140640522324
4.0,0.0,3.0,610.0,600.0,620.0,0.000130823244722,0.000130823244722
4.0,0.0,3.0,630.0,620.0,640.0,0.000164725693791,0.000164725693791
4.0,0.0,3.0,650.0,640.0,660.0,0.000197352009906,0.000197352009906
4.0,0.0,3.0,670.0,660.0,680.0,0.000231417480726,0.000231417480726
4.0,0.0,3.0,690.0,680.0,700.0,0.000251005448536,0.000251005448536
4.0,0.0,3.0,710.0,700.0,720.0,0.000259126127643,0.000259126127643
4.0,0.0,3.0,730.0,720.0,740.0,0.000260401122703,0.000260401122703
4.0,0.0,3.0,750.0,740.0,760.0,0.000251031672377,0.000251031672377
4.0,0.0,3.0,770.0,760.0,780.0,0.000248006360969,0.000248006360969
4.0,0.0,5.0,390.0,380.0,400.0,9.99088856281e-05,9.99088856281e-05
4.0,0.0,5.0,410.0,400.0,420.0,0.000183625334165,0.000183625334165
4.0,0.0,5.0,430.0,420.0,440.0,0.000202190062631,0.000202190062631
4.0,0.0,5.0,450.0,440.0,460.0,0.000265298695655,0.000265298695655
4.0,0.0,5.0,470.0,460.0,480.0,0.000292764171616,0.000292764171616
4.0,0.0,5.0,490.0,480.0,500.0,0.000288419722032,0.000288419722032
4.0,0.0,5.0,510.0,500.0,520.0,0.000260753965259,0.000260753965259
4.0,0.0,5.0,530.0,520.0,540.0,0.000225664976414,0.000225664976414
4.0,0.0,5.0,550.0,540.0,560.0,0.000209184154434,0.000209184154434
4.0,0.0,5.0,570.0,560.0,580.0,0.000170209060452,0.000170209060452
4.0,0.0,5.0,590.0,580.0,600.0,0.000185956458418,0.000185956458418
4.0,0.0,5.0,610.0,600.0,620.0,0.00017764253128,0.00017764253128
4.0,0.0,5.0,630.0,620.0,640.0,0.000228380521073,0.000228380521073
4.0,0.0,5.0,650.0,640.0,660.0,0.000278895678542,0.000278895678542
4.0,0.0,5.0,670.0,660.0,680.0,0.000333180083037,0.000333180083037
4.0,0.0,5.0,690.0,680.0,700.0,0.000368042642593,0.000368042642593
4.0,0.0,5.0,710.0,700.0,720.0,0.000386798432985,0.000386798432985
4.0,0.0,5.0,730.0,720.0,740.0,0.000395510147472,0.000395510147472
4.0,0.0,5.0,750.0,740.0,760.0,0.000387960206788,0.000387960206788
4.0,0.0,5.0,770.0,760.0,780.0,0.000388982142812,0.000388982142812
4.0,0.0,8.0,390.0,380.0,400.0,0.000121836513503,0.000121836513503
4.0,0.0,8.0,410.0,400.0,420.0,0.000230960161132,0.000230960161132
4.0,0.0,8.0,430.0,420.0,440.0,0.000262226211569,0.000262226211569
4.0,0.0,8.0,450.0,440.0,460.0,0.00035423431427,0.00035423431427
4.0,0.0,8.0,470.0,460.0,480.0,0.000401517462909,0.000401517462909
4.0,0.0,8.0,490.0,480.0,500.0,0.000405228672121,0.000405228672121
4.0,0.0,8.0,510.0,500.0,520.0,0.000374384214378,0.000374384214378
4.0,0.0,8.0,530.0,520.0,540.0,0.000330326946828,0.000330326946828
4.0,0.0,8.0,550.0,540.0,560.0,0.000310917947345,0.000310917947345
4.0,0.0,8.0,570.0,560.0,580.0,0.000256284619242,0.000256284619242
4.0,0.0,8.0,590.0,580.0,600.0,0.00028181894226,0.00028181894226
4.0,0.0,8.0,610.0,600.0,620.0,0.000270312253903,0.000270312253903
4.0,0.0,8.0,630.0,620.0,640.0,0.000346674913328,0.000346674913328
4.0,0.0,8.0,650.0,640.0,660.0,0.000421269931293,0.000421269931293
4.0,0.0,8.0,670.0,660.0,680.0,0.000500070916826,0.000500070916826
4.0,0.0,8.0,690.0,680.0,700.0,0.000548260559023,0.000548260559023
4.0,0.0,8.0,710.0,700.0,720.0,0.000571295551318,0.000571295551318
4.0,0.0,8.0,730.0,720.0,740.0,0.000578645808639,0.000578645808639
4.0,0.0,8.0,750.0,740.0,760.0,0.000561789474355,0.000561789474355
4.0,0.0,8.0,770.0,760.0,780.0,0.000556900278651,0.000556900278651
4.0,0.0,12.0,390.0,380.0,400.0,0.000164617174719,0.000164617174719
4.0,0.0,12.0,410.0,400.0,420.0,0.000317212424481,0.000317212424481
4.0,0.0,12.0,430.0,420.0,440.0,0.000362855469565,0.000362855469565
4.0,0.0,12.0,450.0,440.0,460.0,0.00049055374261,0.00049055374261
4.0,0.0,12.0,470.0,460.0,480.0,0.000553792840554,0.000553792840554
4.0,0.0,12.0,490.0,480.0,500.0,0.000554737325315,0.000554737325315
4.0,0.0,12.0,510.0,500.0,520.0,0.000507419382921,0.000507419382921
4.0,0.0,12.0,530.0,520.0,540.0,0.000442428315876,0.000442428315876
4.0,0.0,12.0,550.0,540.0,560.0,0.000410875255322,0.000410875255322
4.0,0.0,12.0,570.0,560.0,580.0,0.000333771059952,0.000333771059952
4.0,0.0,12.0,590.0,580.0,600.0,0.000361305978194,0.000361305978194
4.0,0.0,12.0,610.0,600.0,620.0,0.000340942308592,0.000340942308592
4.0,0.0,12.0,630.0,620.0,640.0,0.000430148313577,0.000430148313577
4.0,0.0,12.0,650.0,640.0,660.0,0.000514330056174,0.000514330056174
4.0,0.0,12.0,670.0,660.0,680.0,0.000600885334324,0.000600885334324
4.0,0.0,12.0,690.0,680.0,700.0,0.000648506991842,0.000648506991842
4.0,0.0,12.0,710.0,700.0,720.0,0.000665334340659,0.000665334340659
4.0,0.0,12.0,730.0,720.0,740.0,0.000663634992889,0.000663634992889
4.0,0.0,12.0,750.0,740.0,760.0,0.00063451700373,0.00063451700373
4.0,0.0,12.0,770.0,760.0,780.0,0.000619812857086,0.000619812857086
4.0,0.0,20.0,390.0,380.0,400.0,0.000230820619145,0.000230820619145
4.0,0.0,20.0,410.0,400.0,420.0,0.000429833244985,0.000429833244985
4.0,0.0,20.0,430.0,420.0,440.0,0.000474369003784,0.000474369003784
4.0,0.0,20.0,450.0,440.0,460.0,0.000619310874042,0.000619310874042
4.0,0.0,20.0,470.0,460.0,480.0,0.000676474853963,0.000676474853963
4.0,0.0,20.0,490.0,480.0,500.0,0.000656965495807,0.000656965495807
4.0,0.0,20.0,510.0,500.0,520.0,0.000583555814717,0.000583555814717
4.0,0.0,20.0,530.0,520.0,540.0,0.000494730505492,0.000494730505492
4.0,0.0,20.0,550.0,540.0,560.0,0.000447622469362,0.000447622469362
4.0,0.0,20.0,570.0,560.0,580.0,0.000354471394392,0.000354471394392
4.0,0.0,20.0,590.0,580.0,600.0,0.000375088113719,0.000375088113719
4.0,0.0,20.0,610.0,600.0,620.0,0.000346130294611,0.000346130294611
4.0,0.0,20.0,630.0,620.0,640.0,0.00042836983048,0.00042836983048
4.0,0.0,20.0,650.0,640.0,660.0,0.000502988020269,0.000502988020269
4.0,0.0,20.0,670.0,660.0,680.0,0.000577405801168,0.000577405801168
4.0,0.0,20.0,690.0,680.0,700.0,0.000612627898774,0.000612627898774
4.0,0.0,20.0,710.0,700.0,720.0,0.000618177448571,0.000618177448571
4.0,0.0,20.0,730.0,720.0,740.0,0.000606706794854,0.000606706794854
4.0,0.0,20.0,750.0,740.0,760.0,0.000570870616096,0.000570870616096
4.0,0.0,20.0,770.0,760.0,780.0,0.000549318978095,0.000549318978095
4.0,0.0,30.0,390.0,380.0,400.0,0.000250113304876,0.000250113304876
4.0,0.0,30.0,410.0,400.0,420.0,0.000447300402889,0.000447300402889
4.0,0.0,30.0,430.0,420.0,440.0,0.00047667820501,0.00047667820501
4.0,0.0,30.0,450.0,440.0,460.0,0.000603889002192,0.000603889002192
4.0,0.0,30.0,470.0,460.0,480.0,0.000642707010237,0.000642707010237
4.0,0.0,30.0,490.0,480.0,500.0,0.00061006795975,0.00061006795975
4.0,0.0,30.0,510.0,500.0,520.0,0.00053081734645,0.00053081734645
4.0,0.0,30.0,530.0,520.0,540.0,0.000441484067237,0.000441484067237
4.0,0.0,30.0,550.0,540.0,560.0,0.000392729382694,0.000392729382694
4.0,0.0,30.0,570.0,560.0,580.0,0.000305927637363,0.000305927637363
4.0,0.0,30.0,590.0,580.0,600.0,0.000319400511677,0.000319400511677
4.0,0.0,30.0,610.0,600.0,620.0,0.000290863766199,0.000290863766199
4.0,0.0,30.0,630.0,620.0,640.0,0.000356266928093,0.000356266928093
4.0,0.0,30.0,650.0,640.0,660.0,0.000414270441903,0.000414270441903
4.0,0.0,30.0,670.0,660.0,680.0,0.000471060002893,0.000471060002893
4.0,0.0,30.0,690.0,680.0,700.0,0.000495167348068,0.000495167348068
4.0,0.0,30.0,710.0,700.0,720.0,0.000495131987339,0.000495131987339
4.0,0.0,30.0,730.0,720.0,740.0,0.000481648948522,0.000481648948522
4.0,0.0,30.0,750.0,740.0,760.0,0.000449210586511,0.000449210586511
4.0,0.0,30.0,770.0,760.0,780.0,0.000428716917138,0.000428716917138
4.0,0.0,45.0,390.0,380.0,400.0,0.000222682979087,0.000222682979087
4.0,0.0,45.0,410.0,400.0,420.0,0.000380398938278,0.000380398938278
4.0,0.0,45.0,430.0,420.0,440.0,0.000390185171542,0.000390185171542
4.0,0.0,45.0,450.0,440.0,460.0,0.000478900630696,0.000478900630696
4.0,0.0,45.0,470.0,460.0,480.0,0.00049646215213,0.00049646215213
4.0,0.0,45.0,490.0,480.0,500.0,0.000460911311251,0.000460911311251
4.0,0.0,45.0,510.0,500.0,520.0,0.000393332238375,0.000393332238375
4.0,0.0,45.0,530.0,520.0,540.0,0.000321458515876,0.000321458515876
4.0,0.0,45.0,550.0,540.0,560.0,0.000281873041917,0.000281873041917
4.0,0.0,45.0,570.0,560.0,580.0,0.000216532941371,0.000216532941371
4.0,0.0,45.0,590.0,580.0,600.0,0.00022390284606,0.00022390284606
4.0,0.0,45.0,610.0,600.0,620.0,0.000201923364607,0.000201923364607
4.0,0.0,45.0,630.0,620.0,640.0,0.00024582804549,0.00024582804549
4.0,0.0,45.0,650.0,640.0,660.0,0.00028420447347,0.00028420447347
4.0,0.0,45.0,670.0,660.0,680.0,0.00032127317669,0.00032127317669
4.0,0.0,45.0,690.0,680.0,700.0,0.000335725900825,0.000335725900825
4.0,0.0,45.0,710.0,700.0,720.0,0.00033372916781,0.00033372916781
4.0,0.0,45.0,730.0,720.0,740.0,0.000322745398566,0.000322745398566
4.0,0.0,45.0,750.0,740.0,760.0,0.000299210029764,0.000299210029764
4.0,0.0,45.0,770.0,760.0,780.0,0.000283999387202,0.000283999387202
4.0,0.0,60.0,390.0,380.0,400.0,0.000191355882273,0.000191355882273
4.0,0.0,60.0,410.0,400.0,420.0,0.000319962991282,0.000319962991282
4.0,0.0,60.0,430.0,420.0,440.0,0.000322327323565,0.000322327323565
4.0,0.0,60.0,450.0,440.0,460.0,0.000389614097126,0.000389614097126
4.0,0.0,60.0,470.0,460.0,480.0,0.000398676526132,0.000398676526132
4.0,0.0,60.0,490.0,480.0,500.0,0.000365967579358,0.000365967579358
4.0,0.0,60.0,510.0,500.0,520.0,0.00030914474375,0.00030914474375
4.0,0.0,60.0,530.0,520.0,540.0,0.00025027126497,0.00025027126497
4.0,0.0,60.0,550.0,540.0,560.0,0.000217724631612,0.000217724631612
4.0,0.0,60.0,570.0,560.0,580.0,0.000165943524885,0.000165943524885
4.0,0.0,60.0,590.0,580.0,600.0,0.00017070038529,0.00017070038529
4.0,0.0,60.0,610.0,600.0,620.0,0.000153121328937,0.000153121328937
4.0,0.0,60.0,630.0,620.0,640.0,0.000185869633929,0.000185869633929
4.0,0.0,60.0,650.0,640.0,660.0,0.000214296103356,0.000214296103356
4.0,0.0,60.0,670.0,660.0,680.0,0.000241559299888,0.000241559299888
4.0,0.0,60.0,690.0,680.0,700.0,0.000251692974053,0.000251692974053
4.0,0.0,60.0,710.0,700.0,720.0,0.000249461928356,0.000249461928356
4.0,0.0,60.0,730.0,720.0,740.0,0.000240541126066,0.000240541126066
4.0,0.0,60.0,750.0,740.0,760.0,0.000222318146131,0.000222318146131
4.0,0.0,60.0,770.0,760.0,780.0,0.000210439429041,0.000210439429041
4.0,0.0,90.0,390.0,380.0,400.0,0.000158422037347,0.000158422037347
4.0,0.0,90.0,410.0,400.0,420.0,0.000256714238599,0.000256714238599
4.0,0.0,90.0,430.0,420.0,440.0,0.000251619957218,0.000251619957218
4.0,0.0,90.0,450.0,440.0,460.0,0.000297092007746,0.000297092007746
4.0,0.0,90.0,470.0,460.0,480.0,0.000298062436403,0.000298062436403
4.0,0.0,90.0,490.0,480.0,500.0,0.000269070148848,0.000269070148848
4.0,0.0,90.0,510.0,500.0,520.0,0.000223938555161,0.000223938555161
4.0,0.0,90.0,530.0,520.0,540.0,0.000178815533919,0.000178815533919
4.0,0.0,90.0,550.0,540.0,560.0,0.000154013579791,0.000154013579791
4.0,0.0,90.0,570.0,560.0,580.0,0.000116171654255,0.000116171654255
4.0,0.0,90.0,590.0,580.0,600.0,0.000119040969095,0.000119040969095
4.0,0.0,90.0,610.0,600.0,620.0,0.000106272772456,0.000106272772456
4.0,0.0,90.0,630.0,620.0,640.0,0.000129073601497,0.000129073601497
4.0,0.0,90.0,650.0,640.0,660.0,0.000148861783237,0.000148861783237
4.0,0.0,90.0,670.0,660.0,680.0,0.000167738476307,0.000167738476307
4.0,0.0,90.0,690.0,680.0,700.0,0.000174626082505,0.000174626082505
4.0,0.0,90.0,710.0,700.0,720.0,0.000172876109902,0.000172876109902
4.0,0.0,90.0,730.0,720.0,740.0,0.000166462107558,0.000166462107558
4.0,0.0,90.0,750.0,740.0,760.0,0.000153576485075,0.000153576485075
4.0,0.0,90.0,770.0,760.0,780.0,0.000145181839063,0.000145181839063
4.0,90.0,0.0,390.0,380.0,400.0,6.9953048221e-05,6.9953048221e-05
4.0,90.0,0.0,410.0,400.0,420.0,0.000119724570169,0.000119724570169
4.0,90.0,0.0,430.0,420.0,440.0,0.000123094773016,0.000123094773016
4.0,90.0,0.0,450.0,440.0,460.0,0.000151358433477,0.000151358433477
4.0,90.0,0.0,470.0,460.0,480.0,0.000157095573879,0.000157095573879
4.0,90.0,0.0,490.0,480.0,500.0,0.000145799853045,0.000145799853045
4.0,90.0,0.0,510.0,500.0,520.0,0.000123924376944,0.000123924376944
4.0,90.0,0.0,530.0,520.0,540.0,0.000100327836468,0.000100327836468
4.0,90.0,0.0,550.0,540.0,560.0,8.76692449595e-05,8.76692449595e-05
4.0,90.0,0.0,570.0,560.0,580.0,6.6582727371e-05,6.6582727371e-05
4.0,90.0,0.0,590.0,580.0,600.0,6.96207054926e-05,6.96207054926e-05
4.0,90.0,0.0,610.0,600.0,620.0,6.30684637836e-05,6.30684637836e-05
4.0,90.0,0.0,630.0,620.0,640.0,7.90739190725e-05,7.90739190725e-05
4.0,90.0,0.0,650.0,640.0,660.0,9.41371591721e-05,9.41371591721e-05
4.0,90.0,0.0,670.0,660.0,680.0,0.000109158009212,0.000109158009212
4.0,90.0,0.0,690.0,680.0,700.0,0.000116553015604,0.000116553015604
4.0,90.0,0.0,710.0,700.0,720.0,0.000117970794364,0.000117970794364
4.0,90.0,0.0,730.0,720.0,740.0,0.000115783088089,0.000115783088089
4.0,90.0,0.0,750.0,740.0,760.0,0.000108411442967,0.000108411442967
4.0,90.0,0.0,770.0,760.0,780.0,0.000104145419911,0.000104145419911
4.0,90.0,0.5,390.0,380.0,400.0,7.00977086994e-05,7.00977086994e-05
4.0,90.0,0.5,410.0,400.0,420.0,0.000119953355567,0.000119953355567
4.0,90.0,0.5,430.0,420.0,440.0,0.000123311205286,0.000123311205286
4.0,90.0,0.5,450.0,440.0,460.0,0.000151603162114,0.000151603162114
4.0,90.0,0.5,470.0,460.0,480.0,0.000157329529188,0.000157329529188
4.0,90.0,0.5,490.0,480.0,500.0,0.000146000793292,0.000146000793292
4.0,90.0,0.5,510.0,500.0,520.0,0.000124083500611,0.000124083500611
4.0,90.0,0.5,530.0,520.0,540.0,0.000100449057313,0.000100449057313
4.0,90.0,0.5,550.0,540.0,560.0,8.77688404037e-05,8.77688404037e-05
4.0,90.0,0.5,570.0,560.0,580.0,6.66547106859e-05,6.66547106859e-05
4.0,90.0,0.5,590.0,580.0,600.0,6.96914179356e-05,6.96914179356e-05
4.0,90.0,0.5,610.0,600.0,620.0,6.31293351427e-05,6.31293351427e-05
4.0,90.0,0.5,630.0,620.0,640.0,7.91459026925e-05,7.91459026925e-05
4.0,90.0,0.5,650.0,640.0,660.0,9.4218772389e-05,9.4218772389e-05
4.0,90.0,0.5,670.0,660.0,680.0,0.000109248945663,0.000109248945663
4.0,90.0,0.5,690.0,680.0,700.0,0.000116647022657,0.000116647022657
4.0,90.0,0.5,710.0,700.0,720.0,0.000118063487824,0.000118063487824
4.0,90.0,0.5,730.0,720.0,740.0,0.00011587216973,0.00011587216973
4.0,90.0,0.5,750.0,740.0,760.0,0.000108493504836,0.000108493504836
4.0,90.0,0.5,770.0,760.0,780.0,0.000104223122887,0.000104223122887
4.0,90.0,1.0,390.0,380.0,400.0,7.16004895974e-05,7.16004895974e-05
4.0,90.0,1.0,410.0,400.0,420.0,0.000122742353751,0.000122742353751
4.0,90.0,1.0,430.0,420.0,440.0,0.000126393432431,0.000126393432431
4.0,90.0,1.0,450.0,440.0,460.0,0.00015564140756,0.00015564140756
4.0,90.0,1.0,470.0,460.0,480.0,0.000161758426192,0.000161758426192
4.0,90.0,1.0,490.0,480.0,500.0,0.000150318259851,0.000150318259851
4.0,90.0,1.0,510.0,500.0,520.0,0.000127928953965,0.000127928953965
4.0,90.0,1.0,530.0,520.0,540.0,0.000103712514121,0.000103712514121
4.0,90.0,1.0,550.0,540.0,560.0,9.07252838514e-05,9.07252838514e-05
4.0,90.0,1.0,570.0,560.0,580.0,6.89936479445e-05,6.89936479445e-05
4.0,90.0,1.0,590.0,580.0,600.0,7.21790637388e-05,7.21790637388e-05
4.0,90.0,1.0,610.0,600.0,620.0,6.54336446377e-05,6.54336446377e-05
4.0,90.0,1.0,630.0,620.0,640.0,8.20375171923e-05,8.20375171923e-05
4.0,90.0,1.0,650.0,640.0,660.0,9.76682819189e-05,9.76682819189e-05
4.0,90.0,1.0,670.0,660.0,680.0,0.000113269740036,0.000113269740036
4.0,90.0,1.0,690.0,680.0,700.0,0.000120974029296,0.000120974029296
4.0,90.0,1.0,710.0,700.0,720.0,0.000122486998216,0.000122486998216
4.0,90.0,1.0,730.0,720.0,740.0,0.00012026425201,0.00012026425201
4.0,90.0,1.0,750.0,740.0,760.0,0.000112665184919,0.000112665184919
4.0,90.0,1.0,770.0,760.0,780.0,0.000108279379901,0.000108279379901
4.0,90.0,2.0,390.0,380.0,400.0,7.41130698169e-05,7.41130698169e-05
4.0,90.0,2.0,410.0,400.0,420.0,0.000127285793395,0.000127285793395
4.0,90.0,2.0,430.0,420.0,440.0,0.000131312897202,0.000131312897202
4.0,90.0,2.0,450.0,440.0,460.0,0.00016198868214,0.00016198868214
4.0,90.0,2.0,470.0,460.0,480.0,0.000168644437509,0.000168644437509
4.0,90.0,2.0,490.0,480.0,500.0,0.000156979085422,0.000156979085422
4.0,90.0,2.0,510.0,500.0,520.0,0.000133820502401,0.000133820502401
4.0,90.0,2.0,530.0,520.0,540.0,0.00010867580773,0.00010867580773
4.0,90.0,2.0,550.0,540.0,560.0,9.52131600952e-05,9.52131600952e-05
4.0,90.0,2.0,570.0,560.0,580.0,7.25274092504e-05,7.25274092504e-05
4.0,90.0,2.0,590.0,580.0,600.0,7.59667552064e-05,7.59667552064e-05
4.0,90.0,2.0,610.0,600.0,620.0,6.89583125616e-05,6.89583125616e-05
4.0,90.0,2.0,630.0,620.0,640.0,8.65324891812e-05,8.65324891812e-05
4.0,90.0,2.0,650.0,640.0,660.0,0.000103114020807,0.000103114020807
4.0,90.0,2.0,670.0,660.0,680.0,0.000119704712492,0.000119704712492
4.0,90.0,2.0,690.0,680.0,700.0,0.000127984503345,0.000127984503345
4.0,90.0,2.0,710.0,700.0,720.0,0.000129734807642,0.000129734807642
4.0,90.0,2.0,730.0,720.0,740.0,0.000127536298472,0.000127536298472
4.0,90.0,2.0,750.0,740.0,760.0,0.000119635839763,0.000119635839763
4.0,90.0,2.0,770.0,760.0,780.0,0.000115129401442,0.000115129401442
4.0,90.0,3.0,390.0,380.0,400.0,7.71774732952e-05,7.71774732952e-05
4.0,90.0,3.0,410.0,400.0,420.0,0.000132863714307,0.000132863714307
4.0,90.0,3.0,430.0,420.0,440.0,0.000137392533563,0.000137392533563
4.0,90.0,3.0,450.0,440.0,460.0,0.000169884492137,0.000169884492137
4.0,90.0,3.0,470.0,460.0,480.0,0.000177267311382,0.000177267311382
4.0,90.0,3.0,490.0,480.0,500.0,0.000165375966449,0.000165375966449
4.0,90.0,3.0,510.0,500.0,520.0,0.000141296335985,0.000141296335985
4.0,90.0,3.0,530.0,520.0,540.0,0.000115013598837,0.000115013598837
4.0,90.0,3.0,550.0,540.0,560.0,0.000100991256342,0.000100991256342
4.0,90.0,3.0,570.0,560.0,580.0,7.7112513661e-05,7.7112513661e-05
4.0,90.0,3.0,590.0,580.0,600.0,8.09458321501e-05,8.09458321501e-05
4.0,90.0,3.0,610.0,600.0,620.0,7.36523855511e-05,7.36523855511e-05
4.0,90.0,3.0,630.0,620.0,640.0,9.263367931e-05,9.263367931e-05
4.0,90.0,3.0,650.0,640.0,660.0,0.000110657907671,0.000110657907671
4.0,90.0,3.0,670.0,660.0,680.0,0.000128809898853,0.000128809898853
4.0,90.0,3.0,690.0,680.0,700.0,0.000138124067512,0.000138124067512
4.0,90.0,3.0,710.0,700.0,720.0,0.000140457542425,0.000140457542425
4.0,90.0,3.0,730.0,720.0,740.0,0.000138546254046,0.000138546254046
4.0,90.0,3.0,750.0,740.0,760.0,0.000130435074999,0.000130435074999
4.0,90.0,3.0,770.0,760.0,780.0,0.000125998899656,0.000125998899656
4.0,90.0,5.0,390.0,380.0,400.0,8.41558328023e-05,8.41558328023e-05
4.0,90.0,5.0,410.0,400.0,420.0,0.00014574199568,0.00014574199568
4.0,90.0,5.0,430.0,420.0,440.0,0.000151633294219,0.000151633294219
4.0,90.0,5.0,450.0,440.0,460.0,0.000188669984229,0.000188669984229
4.0,90.0,5.0,470.0,460.0,480.0,0.000198138993366,0.000198138993366
4.0,90.0,5.0,490.0,480.0,500.0,0.000186086612146,0.000186086612146
4.0,90.0,5.0,510.0,500.0,520.0,0.000160098845924,0.000160098845924
4.0,90.0,5.0,530.0,520.0,540.0,0.000131265103918,0.000131265103918
4.0,90.0,5.0,550.0,540.0,560.0,0.000116148127964,0.000116148127964
4.0,90.0,5.0,570.0,560.0,580.0,8.93900023603e-05,8.93900023603e-05
4.0,90.0,5.0,590.0,580.0,600.0,9.4663050176e-05,9.4663050176e-05
4.0,90.0,5.0,610.0,600.0,620.0,8.69146725662e-05,8.69146725662e-05
4.0,90.0,5.0,630.0,620.0,640.0,0.000110401331996,0.000110401331996
4.0,90.0,5.0,650.0,640.0,660.0,0.000133216540925,0.000133216540925
4.0,90.0,5.0,670.0,660.0,680.0,0.000156644896892,0.000156644896892
4.0,90.0,5.0,690.0,680.0,700.0,0.000169683674403,0.000169683674403
4.0,90.0,5.0,710.0,700.0,720.0,0.000174310654219,0.000174310654219
4.0,90.0,5.0,730.0,720.0,740.0,0.000173682437959,0.000173682437959
4.0,90.0,5.0,750.0,740.0,760.0,0.00016515915363,0.00016515915363
4.0,90.0,5.0,770.0,760.0,780.0,0.00016111901878,0.00016111901878
4.0,90.0,8.0,390.0,380.0,400.0,9.66861971119e-05,9.66861971119e-05
4.0,90.0,8.0,410.0,400.0,420.0,0.000169463694718,0.000169463694718
4.0,90.0,8.0,430.0,420.0,440.0,0.000178475759577,0.000178475759577
4.0,90.0,8.0,450.0,440.0,460.0,0.000224815809841,0.000224815809841
4.0,90.0,8.0,470.0,460.0,480.0,0.000239026390326,0.000239026390326
4.0,90.0,8.0,490.0,480.0,500.0,0.000227245240317,0.000227245240317
4.0,90.0,8.0,510.0,500.0,520.0,0.000197827994762,0.000197827994762
4.0,90.0,8.0,530.0,520.0,540.0,0.000164035910013,0.000164035910013
4.0,90.0,8.0,550.0,540.0,560.0,0.000146809295303,0.000146809295303
4.0,90.0,8.0,570.0,560.0,580.0,0.000114181368671,0.000114181368671
4.0,90.0,8.0,590.0,580.0,600.0,0.00012226091207,0.00012226091207
4.0,90.0,8.0,610.0,600.0,620.0,0.000113357624351,0.000113357624351
4.0,90.0,8.0,630.0,620.0,640.0,0.000145267175091,0.000145267175091
4.0,90.0,8.0,650.0,640.0,660.0,0.000176517316185,0.000176517316185
4.0,90.0,8.0,670.0,660.0,680.0,0.000208713473484,0.000208713473484
4.0,90.0,8.0,690.0,680.0,700.0,0.000227088508622,0.000227088508622
4.0,90.0,8.0,710.0,700.0,720.0,0.000234105913287,0.000234105913287
4.0,90.0,8.0,730.0,720.0,740.0,0.000233914845945,0.000233914845945
4.0,90.0,8.0,750.0,740.0,760.0,0.000222961310198,0.000222961310198
4.0,90.0,8.0,770.0,760.0,780.0,0.000217808152834,0.000217808152834
4.0,90.0,12.0,390.0,380.0,400.0,0.000116521683173,0.000116521683173
4.0,90.0,12.0,410.0,400.0,420.0,0.000206409406924,0.000206409406924
4.0,90.0,12.0,430.0,420.0,440.0,0.000219309549343,0.000219309549343
4.0,90.0,12.0,450.0,440.0,460.0,0.000278251559381,0.000278251559381
4.0,90.0,12.0,470.0,460.0,480.0,0.000297555448004,0.000297555448004
4.0,90.0,12.0,490.0,480.0,500.0,0.000284150229646,0.000284150229646
4.0,90.0,12.0,510.0,500.0,520.0,0.000248170298619,0.000248170298619
4.0,90.0,12.0,530.0,520.0,540.0,0.000206276070026,0.000206276070026
4.0,90.0,12.0,550.0,540.0,560.0,0.000184885094861,0.000184885094861
4.0,90.0,12.0,570.0,560.0,580.0,0.000143934507713,0.000143934507713
4.0,90.0,12.0,590.0,580.0,600.0,0.000153926403961,0.000153926403961
4.0,90.0,12.0,610.0,600.0,620.0,0.000142447163651,0.000142447163651
4.0,90.0,12.0,630.0,620.0,640.0,0.000181546099239,0.000181546099239
4.0,90.0,12.0,650.0,640.0,660.0,0.000219102277717,0.000219102277717
4.0,90.0,12.0,670.0,660.0,680.0,0.000257193823136,0.000257193823136
4.0,90.0,12.0,690.0,680.0,700.0,0.000277788558253,0.000277788558253
4.0,90.0,12.0,710.0,700.0,720.0,0.000284293825511,0.000284293825511
4.0,90.0,12.0,730.0,720.0,740.0,0.000282054803814,0.000282054803814
4.0,90.0,12.0,750.0,740.0,760.0,0.00026709233438,0.00026709233438
4.0,90.0,12.0,770.0,760.0,780.0,0.000259095432219,0.000259095432219
4.0,90.0,20.0,390.0,380.0,400.0,0.0001504701265,0.0001504701265
4.0,90.0,20.0,410.0,400.0,420.0,0.000264155783567,0.000264155783567
4.0,90.0,20.0,430.0,420.0,440.0,0.0002777180899,0.0002777180899
4.0,90.0,20.0,450.0,440.0,460.0,0.000348417490545,0.000348417490545
4.0,90.0,20.0,470.0,460.0,480.0,0.00036832801975,0.00036832801975
4.0,90.0,20.0,490.0,480.0,500.0,0.000347737538657,0.000347737538657
4.0,90.0,20.0,510.0,500.0,520.0,0.000300446431452,0.000300446431452
4.0,90.0,20.0,530.0,520.0,540.0,0.000247330308086,0.000247330308086
4.0,90.0,20.0,550.0,540.0,560.0,0.000219356501996,0.000219356501996
4.0,90.0,20.0,570.0,560.0,580.0,0.00016927223626,0.00016927223626
4.0,90.0,20.0,590.0,580.0,600.0,0.000178639203451,0.000178639203451
4.0,90.0,20.0,610.0,600.0,620.0,0.000163386497633,0.000163386497633
4.0,90.0,20.0,630.0,620.0,640.0,0.000204752994076,0.000204752994076
4.0,90.0,20.0,650.0,640.0,660.0,0.00024304757564,0.00024304757564
4.0,90.0,20.0,670.0,660.0,680.0,0.000280938063695,0.000280938063695
4.0,90.0,20.0,690.0,680.0,700.0,0.000299147856036,0.000299147856036
4.0,90.0,20.0,710.0,700.0,720.0,0.000302157366819,0.000302157366819
4.0,90.0,20.0,730.0,720.0,740.0,0.000296178479724,0.000296178479724
4.0,90.0,20.0,750.0,740.0,760.0,0.000277470276691,0.000277470276691
4.0,90.0,20.0,770.0,760.0,780.0,0.000266269495592,0.000266269495592
4.0,90.0,30.0,390.0,380.0,400.0,0.000169492217961,0.000169492217961
4.0,90.0,30.0,410.0,400.0,420.0,0.000291291227326,0.000291291227326
4.0,90.0,30.0,430.0,420.0,440.0,0.000300423324998,0.000300423324998
4.0,90.0,30.0,450.0,440.0,460.0,0.000370478956623,0.000370478956623
4.0,90.0,30.0,470.0,460.0,480.0,0.000385656556993,0.000385656556993
4.0,90.0,30.0,490.0,480.0,500.0,0.000359115439522,0.000359115439522
4.0,90.0,30.0,510.0,500.0,520.0,0.000306590598796,0.000306590598796
4.0,90.0,30.0,530.0,520.0,540.0,0.000249861197146,0.000249861197146
4.0,90.0,30.0,550.0,540.0,560.0,0.000219335826581,0.000219335826581
4.0,90.0,30.0,570.0,560.0,580.0,0.000167870108573,0.000167870108573
4.0,90.0,30.0,590.0,580.0,600.0,0.000175164866528,0.000175164866528
4.0,90.0,30.0,610.0,600.0,620.0,0.000158686735852,0.000158686735852
4.0,90.0,30.0,630.0,620.0,640.0,0.000196349995434,0.000196349995434
4.0,90.0,30.0,650.0,640.0,660.0,0.000230312892135,0.000230312892135
4.0,90.0,30.0,670.0,660.0,680.0,0.000263384742974,0.000263384742974
4.0,90.0,30.0,690.0,680.0,700.0,0.000277772276077,0.000277772276077
4.0,90.0,30.0,710.0,700.0,720.0,0.000278137967253,0.000278137967253
4.0,90.0,30.0,730.0,720.0,740.0,0.000270502154231,0.000270502154231
4.0,90.0,30.0,750.0,740.0,760.0,0.000251676551072,0.000251676551072
4.0,90.0,30.0,770.0,760.0,780.0,0.000239878060309,0.000239878060309
4.0,90.0,45.0,390.0,380.0,400.0,0.000170474961281,0.000170474961281
4.0,90.0,45.0,410.0,400.0,420.0,0.000286893610731,0.000286893610731
4.0,90.0,45.0,430.0,420.0,440.0,0.000290670456688,0.000290670456688
4.0,90.0,45.0,450.0,440.0,460.0,0.000353065095733,0.000353065095733
4.0,90.0,45.0,470.0,460.0,480.0,0.000362771496398,0.000362771496398
4.0,90.0,45.0,490.0,480.0,500.0,0.000334033993963,0.000334033993963
4.0,90.0,45.0,510.0,500.0,520.0,0.000282503486018,0.000282503486018
4.0,90.0,45.0,530.0,520.0,540.0,0.00022846412308,0.00022846412308
4.0,90.0,45.0,550.0,540.0,560.0,0.000198995824943,0.000198995824943
4.0,90.0,45.0,570.0,560.0,580.0,0.000151383138062,0.000151383138062
4.0,90.0,45.0,590.0,580.0,600.0,0.000156636150663,0.000156636150663
4.0,90.0,45.0,610.0,600.0,620.0,0.000140920897358,0.000140920897358
4.0,90.0,45.0,630.0,620.0,640.0,0.000172766756402,0.000172766756402
4.0,90.0,45.0,650.0,640.0,660.0,0.000200938187929,0.000200938187929
4.0,90.0,45.0,670.0,660.0,680.0,0.000228073552186,0.000228073552186
4.0,90.0,45.0,690.0,680.0,700.0,0.000238934336932,0.000238934336932
4.0,90.0,45.0,710.0,700.0,720.0,0.000237826179034,0.000237826179034
4.0,90.0,45.0,730.0,720.0,740.0,0.00023006570605,0.00023006570605
4.0,90.0,45.0,750.0,740.0,760.0,0.000213063571861,0.000213063571861
4.0,90.0,45.0,770.0,760.0,780.0,0.0002021491945,0.0002021491945
4.0,90.0,60.0,390.0,380.0,400.0,0.000166696967753,0.000166696967753
4.0,90.0,60.0,410.0,400.0,420.0,0.000275835181967,0.000275835181967
4.0,90.0,60.0,430.0,420.0,440.0,0.000275422168993,0.000275422168993
4.0,90.0,60.0,450.0,440.0,460.0,0.000330410247835,0.000330410247835
4.0,90.0,60.0,470.0,460.0,480.0,0.000335929434786,0.000335929434786
4.0,90.0,60.0,490.0,480.0,500.0,0.000306596446899,0.000306596446899
4.0,90.0,60.0,510.0,500.0,520.0,0.000257465934993,0.000257465934993
4.0,90.0,60.0,530.0,520.0,540.0,0.000207084086544,0.000207084086544
4.0,90.0,60.0,550.0,540.0,560.0,0.00017940228308,0.00017940228308
4.0,90.0,60.0,570.0,560.0,580.0,0.000135958796213,0.000135958796213
4.0,90.0,60.0,590.0,580.0,600.0,0.000139876077685,0.000139876077685
4.0,90.0,60.0,610.0,600.0,620.0,0.00012529348374,0.00012529348374
4.0,90.0,60.0,630.0,620.0,640.0,0.000152667056925,0.000152667056925
4.0,90.0,60.0,650.0,640.0,660.0,0.000176592167624,0.000176592167624
4.0,90.0,60.0,670.0,660.0,680.0,0.000199509371621,0.000199509371621
4.0,90.0,60.0,690.0,680.0,700.0,0.000208182513941,0.000208182513941
4.0,90.0,60.0,710.0,700.0,720.0,0.000206512825539,0.000206512825539
4.0,90.0,60.0,730.0,720.0,740.0,0.000199195260762,0.000199195260762
4.0,90.0,60.0,750.0,740.0,760.0,0.000184041253259,0.000184041253259
4.0,90.0,60.0,770.0,760.0,780.0,0.000174210685482,0.000174210685482
4.0,90.0,90.0,390.0,380.0,400.0,0.000158422037347,0.000158422037347
4.0,90.0,90.0,410.0,400.0,420.0,0.000256714238597,0.000256714238597
4.0,90.0,90.0,430.0,420.0,440.0,0.000251619957216,0.000251619957216
4.0,90.0,90.0,450.0,440.0,460.0,0.000297092007745,0.000297092007745
4.0,90.0,90.0,470.0,460.0,480.0,0.000298062436402,0.000298062436402
4.0,90.0,90.0,490.0,480.0,500.0,0.000269070148847,0.000269070148847
4.0,90.0,90.0,510.0,500.0,520.0,0.00022393855516,0.00022393855516
4.0,90.0,90.0,530.0,520.0,540.0,0.000178815533919,0.000178815533919
4.0,90.0,90.0,550.0,540.0,560.0,0.000154013579791,0.000154013579791
4.0,90.0,90.0,570.0,560.0,580.0,0.000116171654255,0.000116171654255
4.0,90.0,90.0,590.0,580.0,600.0,0.000119040969094,0.000119040969094
4.0,90.0,90.0,610.0,600.0,620.0,0.000106272772456,0.000106272772456
4.0,90.0,90.0,630.0,620.0,640.0,0.000129073601497,0.000129073601497
4.0,90.0,90.0,650.0,640.0,660.0,0.000148861783237,0.000148861783237
4.0,90.0,90.0,670.0,660.0,680.0,0.000167738476306,0.000167738476306
4.0,90.0,90.0,690.0,680.0,700.0,0.000174626082505,0.000174626082505
4.0,90.0,90.0,710.0,700.0,720.0,0.000172876109902,0.000172876109902
4.0,90.0,90.0,730.0,720.0,740.0,0.000166462107558,0.000166462107558
4.0,90.0,90.0,750.0,740.0,760.0,0.000153576485075,0.000153576485075
4.0,90.0,90.0,770.0,760.0,780.0,0.000145181839063,0.000145181839063
4.0,180.0,0.0,390.0,380.0,400.0,7.47785881756e-05,7.47785881756e-05
4.0,180.0,0.0,410.0,400.0,420.0,0.00012466293795,0.00012466293795
4.0,180.0,0.0,430.0,420.0,440.0,0.000124815133613,0.000124815133613
4.0,180.0,0.0,450.0,440.0,460.0,0.000149641124132,0.000149641124132
4.0,180.0,0.0,470.0,460.0,480.0,0.00015176443483,0.00015176443483
4.0,180.0,0.0,490.0,480.0,500.0,0.000137934672675,0.000137934672675
4.0,180.0,0.0,510.0,500.0,520.0,0.000114955940411,0.000114955940411
4.0,180.0,0.0,530.0,520.0,540.0,9.13016118632e-05,9.13016118632e-05
4.0,180.0,0.0,550.0,540.0,560.0,7.86429736306e-05,7.86429736306e-05
4.0,180.0,0.0,570.0,560.0,580.0,5.88207555708e-05,5.88207555708e-05
4.0,180.0,0.0,590.0,580.0,600.0,6.12039450109e-05,6.12039450109e-05
4.0,180.0,0.0,610.0,600.0,620.0,5.51112194329e-05,5.51112194329e-05
4.0,180.0,0.0,630.0,620.0,640.0,6.93854379052e-05,6.93854379052e-05
4.0,180.0,0.0,650.0,640.0,660.0,8.29866523552e-05,8.29866523552e-05
4.0,180.0,0.0,670.0,660.0,680.0,9.65869865616e-05,9.65869865616e-05
4.0,180.0,0.0,690.0,680.0,700.0,0.000103431477,0.000103431477
4.0,180.0,0.0,710.0,700.0,720.0,0.000104926799609,0.000104926799609
4.0,180.0,0.0,730.0,720.0,740.0,0.000103158714477,0.000103158714477
4.0,180.0,0.0,750.0,740.0,760.0,9.66624784489e-05,9.66624784489e-05
4.0,180.0,0.0,770.0,760.0,780.0,9.3019339948e-05,9.3019339948e-05
4.0,180.0,0.5,390.0,380.0,400.0,8.26262667668e-05,8.26262667668e-05
4.0,180.0,0.5,410.0,400.0,420.0,0.000138014750749,0.000138014750749
4.0,180.0,0.5,430.0,420.0,440.0,0.000138447777199,0.000138447777199
4.0,180.0,0.5,450.0,440.0,460.0,0.000166304135197,0.000166304135197
4.0,180.0,0.5,470.0,460.0,480.0,0.000168992764158,0.000168992764158
4.0,180.0,0.5,490.0,480.0,500.0,0.000153909252336,0.000153909252336
4.0,180.0,0.5,510.0,500.0,520.0,0.000128571804193,0.000128571804193
4.0,180.0,0.5,530.0,520.0,540.0,0.000102396373477,0.000102396373477
4.0,180.0,0.5,550.0,540.0,560.0,8.83999669291e-05,8.83999669291e-05
4.0,180.0,0.5,570.0,560.0,580.0,6.6303091333e-05,6.6303091333e-05
4.0,180.0,0.5,590.0,580.0,600.0,6.90690540306e-05,6.90690540306e-05
4.0,180.0,0.5,610.0,600.0,620.0,6.2288948782e-05,6.2288948782e-05
4.0,180.0,0.5,630.0,620.0,640.0,7.83753252787e-05,7.83753252787e-05
4.0,180.0,0.5,650.0,640.0,660.0,9.36566745517e-05,9.36566745517e-05
4.0,180.0,0.5,670.0,660.0,680.0,0.000108926665391,0.000108926665391
4.0,180.0,0.5,690.0,680.0,700.0,0.000116585703309,0.000116585703309
4.0,180.0,0.5,710.0,700.0,720.0,0.000118234131114,0.000118234131114
4.0,180.0,0.5,730.0,720.0,740.0,0.00011622799538,0.00011622799538
4.0,180.0,0.5,750.0,740.0,760.0,0.000108933811828,0.000108933811828
4.0,180.0,0.5,770.0,760.0,780.0,0.000104821132479,0.000104821132479
4.0,180.0,1.0,390.0,380.0,400.0,8.42963711461e-05,8.42963711461e-05
4.0,180.0,1.0,410.0,400.0,420.0,0.000140860453866,0.000140860453866
4.0,180.0,1.0,430.0,420.0,440.0,0.000141354974825,0.000141354974825
4.0,180.0,1.0,450.0,440.0,460.0,0.000169857188205,0.000169857188205
4.0,180.0,1.0,470.0,460.0,480.0,0.000172664006735,0.000172664006735
4.0,180.0,1.0,490.0,480.0,500.0,0.000157307958586,0.000157307958586
4.0,180.0,1.0,510.0,500.0,520.0,0.000131456025024,0.000131456025024
4.0,180.0,1.0,530.0,520.0,540.0,0.00010472829036,0.00010472829036
4.0,180.0,1.0,550.0,540.0,560.0,9.04436226499e-05,9.04436226499e-05
4.0,180.0,1.0,570.0,560.0,580.0,6.7857057536e-05,6.7857057536e-05
4.0,180.0,1.0,590.0,580.0,600.0,7.07125954373e-05,7.07125954373e-05
4.0,180.0,1.0,610.0,600.0,620.0,6.37912425115e-05,6.37912425115e-05
4.0,180.0,1.0,630.0,620.0,640.0,8.02896230219e-05,8.02896230219e-05
4.0,180.0,1.0,650.0,640.0,660.0,9.59675664364e-05,9.59675664364e-05
4.0,180.0,1.0,670.0,660.0,680.0,0.000111637397141,0.000111637397141
4.0,180.0,1.0,690.0,680.0,700.0,0.00011950906747,0.00011950906747
4.0,180.0,1.0,710.0,700.0,720.0,0.000121219187305,0.000121219187305
4.0,180.0,1.0,730.0,720.0,740.0,0.000119180736824,0.000119180736824
4.0,180.0,1.0,750.0,740.0,760.0,0.000111717725842,0.000111717725842
4.0,180.0,1.0,770.0,760.0,780.0,0.000107513093137,0.000107513093137
4.0,180.0,2.0,390.0,380.0,400.0,8.70225421984e-05,8.70225421984e-05
4.0,180.0,2.0,410.0,400.0,420.0,0.000145575034173,0.000145575034173
4.0,180.0,2.0,430.0,420.0,440.0,0.000146236865061,0.000146236865061
4.0,180.0,2.0,450.0,440.0,460.0,0.000175896885253,0.000175896885253
4.0,180.0,2.0,470.0,460.0,480.0,0.000178973326087,0.000178973326087
4.0,180.0,2.0,490.0,480.0,500.0,0.000163203746489,0.000163203746489
4.0,180.0,2.0,510.0,500.0,520.0,0.000136490710033,0.000136490710033
4.0,180.0,2.0,530.0,520.0,540.0,0.000108809714591,0.000108809714591
4.0,180.0,2.0,550.0,540.0,560.0,9.40402115003e-05,9.40402115003e-05
4.0,180.0,2.0,570.0,560.0,580.0,7.05933769638e-05,7.05933769638e-05
4.0,180.0,2.0,590.0,580.0,600.0,7.36417452754e-05,7.36417452754e-05
4.0,180.0,2.0,610.0,600.0,620.0,6.64886816966e-05,6.64886816966e-05
4.0,180.0,2.0,630.0,620.0,640.0,8.37932786489e-05,8.37932786489e-05
4.0,180.0,2.0,650.0,640.0,660.0,0.000100272328025,0.000100272328025
4.0,180.0,2.0,670.0,660.0,680.0,0.000116760792965,0.000116760792965
4.0,180.0,2.0,690.0,680.0,700.0,0.000125099467849,0.000125099467849
4.0,180.0,2.0,710.0,700.0,720.0,0.000126981406223,0.000126981406223
4.0,180.0,2.0,730.0,720.0,740.0,0.00012492196983,0.00012492196983
4.0,180.0,2.0,750.0,740.0,760.0,0.000117155547377,0.000117155547377
4.0,180.0,2.0,770.0,760.0,780.0,0.00011279735311,0.00011279735311
4.0,180.0,3.0,390.0,380.0,400.0,9.17404584612e-05,9.17404584612e-05
4.0,180.0,3.0,410.0,400.0,420.0,0.000153605523338,0.000153605523338
4.0,180.0,3.0,430.0,420.0,440.0,0.000154426691637,0.000154426691637
4.0,180.0,3.0,450.0,440.0,460.0,0.000185883394345,0.000185883394345
4.0,180.0,3.0,470.0,460.0,480.0,0.000189263187508,0.000189263187508
4.0,180.0,3.0,490.0,480.0,500.0,0.000172697231527,0.000172697231527
4.0,180.0,3.0,510.0,500.0,520.0,0.000144508596208,0.000144508596208
4.0,180.0,3.0,530.0,520.0,540.0,0.000115250838662,0.000115250838662
4.0,180.0,3.0,550.0,540.0,560.0,9.9656548723e-05,9.9656548723e-05
4.0,180.0,3.0,570.0,560.0,580.0,7.48317133494e-05,7.48317133494e-05
4.0,180.0,3.0,590.0,580.0,600.0,7.81178207527e-05,7.81178207527e-05
4.0,180.0,3.0,610.0,600.0,620.0,7.05641037528e-05,7.05641037528e-05
4.0,180.0,3.0,630.0,620.0,640.0,8.90041953162e-05,8.90041953162e-05
4.0,180.0,3.0,650.0,640.0,660.0,0.000106582585247,0.000106582585247
4.0,180.0,3.0,670.0,660.0,680.0,0.000124173634766,0.000124173634766
4.0,180.0,3.0,690.0,680.0,700.0,0.000133091383278,0.000133091383278
4.0,180.0,3.0,710.0,700.0,720.0,0.000135126442447,0.000135126442447
4.0,180.0,3.0,730.0,720.0,740.0,0.000132949908801,0.000132949908801
4.0,180.0,3.0,750.0,740.0,760.0,0.00012468082784,0.00012468082784
4.0,180.0,3.0,770.0,760.0,780.0,0.000120032259322,0.000120032259322
4.0,180.0,5.0,390.0,380.0,400.0,0.00010074713934,0.00010074713934
4.0,180.0,5.0,410.0,400.0,420.0,0.000168893014367,0.000168893014367
4.0,180.0,5.0,430.0,420.0,440.0,0.000169956950836,0.000169956950836
4.0,180.0,5.0,450.0,440.0,460.0,0.00020471510289,0.00020471510289
4.0,180.0,5.0,470.0,460.0,480.0,0.000208518835611,0.000208518835611
4.0,180.0,5.0,490.0,480.0,500.0,0.00019029059486,0.00019029059486
4.0,180.0,5.0,510.0,500.0,520.0,0.000159195170091,0.000159195170091
4.0,180.0,5.0,530.0,520.0,540.0,0.000126893621825,0.000126893621825
4.0,180.0,5.0,550.0,540.0,560.0,0.000109649458972,0.000109649458972
4.0,180.0,5.0,570.0,560.0,580.0,8.22459948151e-05,8.22459948151e-05
4.0,180.0,5.0,590.0,580.0,600.0,8.57902399551e-05,8.57902399551e-05
4.0,180.0,5.0,610.0,600.0,620.0,7.74032040288e-05,7.74032040288e-05
4.0,180.0,5.0,630.0,620.0,640.0,9.7551731359e-05,9.7551731359e-05
4.0,180.0,5.0,650.0,640.0,660.0,0.000116699505877,0.000116699505877
4.0,180.0,5.0,670.0,660.0,680.0,0.000135785380351,0.000135785380351
4.0,180.0,5.0,690.0,680.0,700.0,0.000145314934589,0.000145314934589
4.0,180.0,5.0,710.0,700.0,720.0,0.000147282108172,0.000147282108172
4.0,180.0,5.0,730.0,720.0,740.0,0.000144632153657,0.000144632153657
4.0,180.0,5.0,750.0,740.0,760.0,0.000135349272368,0.000135349272368
4.0,180.0,5.0,770.0,760.0,780.0,0.000130024252019,0.000130024252019
4.0,180.0,8.0,390.0,380.0,400.0,0.000116527685314,0.000116527685314
4.0,180.0,8.0,410.0,400.0,420.0,0.000195241712366,0.000195241712366
4.0,180.0,8.0,430.0,420.0,440.0,0.000196229048239,0.000196229048239
4.0,180.0,8.0,450.0,440.0,460.0,0.000235950068792,0.000235950068792
4.0,180.0,8.0,470.0,460.0,480.0,0.000239854384006,0.000239854384006
4.0,180.0,8.0,490.0,480.0,500.0,0.000218451689863,0.000218451689863
4.0,180.0,8.0,510.0,500.0,520.0,0.000182410961834,0.000182410961834
4.0,180.0,8.0,530.0,520.0,540.0,0.000145148486166,0.000145148486166
4.0,180.0,8.0,550.0,540.0,560.0,0.000125291002852,0.000125291002852
4.0,180.0,8.0,570.0,560.0,580.0,9.38632788579e-05,9.38632788579e-05
4.0,180.0,8.0,590.0,580.0,600.0,9.79993896597e-05,9.79993896597e-05
4.0,180.0,8.0,610.0,600.0,620.0,8.84995858145e-05,8.84995858145e-05
4.0,180.0,8.0,630.0,620.0,640.0,0.000112017986458,0.000112017986458
4.0,180.0,8.0,650.0,640.0,660.0,0.000134720112748,0.000134720112748
4.0,180.0,8.0,670.0,660.0,680.0,0.000157677105972,0.000157677105972
4.0,180.0,8.0,690.0,680.0,700.0,0.000169821191658,0.000169821191658
4.0,180.0,8.0,710.0,700.0,720.0,0.000173303098741,0.000173303098741
4.0,180.0,8.0,730.0,720.0,740.0,0.000171419021801,0.000171419021801
4.0,180.0,8.0,750.0,740.0,760.0,0.000161588842789,0.000161588842789
4.0,180.0,8.0,770.0,760.0,780.0,0.000156516043023,0.000156516043023
4.0,180.0,12.0,390.0,380.0,400.0,0.0001357729834,0.0001357729834
4.0,180.0,12.0,410.0,400.0,420.0,0.000227084905298,0.000227084905298
4.0,180.0,12.0,430.0,420.0,440.0,0.000228069250975,0.000228069250975
4.0,180.0,12.0,450.0,440.0,460.0,0.000274552314352,0.000274552314352
4.0,180.0,12.0,470.0,460.0,480.0,0.000280085506115,0.000280085506115
4.0,180.0,12.0,490.0,480.0,500.0,0.000256598917749,0.000256598917749
4.0,180.0,12.0,510.0,500.0,520.0,0.000215868539654,0.000215868539654
4.0,180.0,12.0,530.0,520.0,540.0,0.000173182166942,0.000173182166942
4.0,180.0,12.0,550.0,540.0,560.0,0.000151101602746,0.000151101602746
4.0,180.0,12.0,570.0,560.0,580.0,0.000114279491522,0.000114279491522
4.0,180.0,12.0,590.0,580.0,600.0,0.000121125963691,0.000121125963691
4.0,180.0,12.0,610.0,600.0,620.0,0.000110840242895,0.000110840242895
4.0,180.0,12.0,630.0,620.0,640.0,0.000142732498073,0.000142732498073
4.0,180.0,12.0,650.0,640.0,660.0,0.000174279991631,0.000174279991631
4.0,180.0,12.0,670.0,660.0,680.0,0.000206646899755,0.000206646899755
4.0,180.0,12.0,690.0,680.0,700.0,0.000225103015346,0.000225103015346
4.0,180.0,12.0,710.0,700.0,720.0,0.000232045728258,0.000232045728258
4.0,180.0,12.0,730.0,720.0,740.0,0.000231605020938,0.000231605020938
4.0,180.0,12.0,750.0,740.0,760.0,0.000220133060005,0.000220133060005
4.0,180.0,12.0,770.0,760.0,780.0,0.000214793700221,0.000214793700221
4.0,180.0,20.0,390.0,380.0,400.0,0.000168125546196,0.000168125546196
4.0,180.0,20.0,410.0,400.0,420.0,0.000282069028551,0.000282069028551
4.0,180.0,20.0,430.0,420.0,440.0,0.0002851759193,0.0002851759193
4.0,180.0,20.0,450.0,440.0,460.0,0.000346610575799,0.000346610575799
4.0,180.0,20.0,470.0,460.0,480.0,0.000357700517131,0.000357700517131
4.0,180.0,20.0,490.0,480.0,500.0,0.000331705871696,0.000331705871696
4.0,180.0,20.0,510.0,500.0,520.0,0.00028231949367,0.00028231949367
4.0,180.0,20.0,530.0,520.0,540.0,0.000228987475244,0.000228987475244
4.0,180.0,20.0,550.0,540.0,560.0,0.000201860554968,0.000201860554968
4.0,180.0,20.0,570.0,560.0,580.0,0.000154109452734,0.000154109452734
4.0,180.0,20.0,590.0,580.0,600.0,0.000164327309931,0.000164327309931
4.0,180.0,20.0,610.0,600.0,620.0,0.000151042705833,0.000151042705833
4.0,180.0,20.0,630.0,620.0,640.0,0.000193843247079,0.000193843247079
4.0,180.0,20.0,650.0,640.0,660.0,0.000235079165429,0.000235079165429
4.0,180.0,20.0,670.0,660.0,680.0,0.00027651227,0.00027651227
4.0,180.0,20.0,690.0,680.0,700.0,0.000298707776178,0.000298707776178
4.0,180.0,20.0,710.0,700.0,720.0,0.000305387970127,0.000305387970127
4.0,180.0,20.0,730.0,720.0,740.0,0.000302413481989,0.000302413481989
4.0,180.0,20.0,750.0,740.0,760.0,0.000285520372526,0.000285520372526
4.0,180.0,20.0,770.0,760.0,780.0,0.000276390569124,0.000276390569124
4.0,180.0,30.0,390.0,380.0,400.0,0.000193754330657,0.000193754330657
4.0,180.0,30.0,410.0,400.0,420.0,0.000323788721454,0.000323788721454
4.0,180.0,30.0,430.0,420.0,440.0,0.000326393810287,0.000326393810287
4.0,180.0,30.0,450.0,440.0,460.0,0.000395630311813,0.000395630311813
4.0,180.0,30.0,470.0,460.0,480.0,0.000407004973519,0.000407004973519
4.0,180.0,30.0,490.0,480.0,500.0,0.000376024886897,0.000376024886897
4.0,180.0,30.0,510.0,500.0,520.0,0.000318892143761,0.000318892143761
4.0,180.0,30.0,530.0,520.0,540.0,0.000257977750495,0.000257977750495
4.0,180.0,30.0,550.0,540.0,560.0,0.000226304490016,0.000226304490016
4.0,180.0,30.0,570.0,560.0,580.0,0.000172344177759,0.000172344177759
4.0,180.0,30.0,590.0,580.0,600.0,0.000181839188614,0.000181839188614
4.0,180.0,30.0,610.0,600.0,620.0,0.000165759792301,0.000165759792301
4.0,180.0,30.0,630.0,620.0,640.0,0.000209139799137,0.000209139799137
4.0,180.0,30.0,650.0,640.0,660.0,0.000249483671418,0.000249483671418
4.0,180.0,30.0,670.0,660.0,680.0,0.000289167716777,0.000289167716777
4.0,180.0,30.0,690.0,680.0,700.0,0.000308318050798,0.000308318050798
4.0,180.0,30.0,710.0,700.0,720.0,0.000311552301681,0.000311552301681
4.0,180.0,30.0,730.0,720.0,740.0,0.000305329836794,0.000305329836794
4.0,180.0,30.0,750.0,740.0,760.0,0.000285770193431,0.000285770193431
4.0,180.0,30.0,770.0,760.0,780.0,0.000274137461372,0.000274137461372
4.0,180.0,45.0,390.0,380.0,400.0,0.000202893090982,0.000202893090982
4.0,180.0,45.0,410.0,400.0,420.0,0.000334465407165,0.000334465407165
4.0,180.0,45.0,430.0,420.0,440.0,0.000332856299494,0.000332856299494
4.0,180.0,45.0,450.0,440.0,460.0,0.000398498234632,0.000398498234632
4.0,180.0,45.0,470.0,460.0,480.0,0.000405005517142,0.000405005517142
4.0,180.0,45.0,490.0,480.0,500.0,0.000369848473987,0.000369848473987
4.0,180.0,45.0,510.0,500.0,520.0,0.000310465183137,0.000310465183137
4.0,180.0,45.0,530.0,520.0,540.0,0.000249119081193,0.000249119081193
4.0,180.0,45.0,550.0,540.0,560.0,0.000216394784497,0.000216394784497
4.0,180.0,45.0,570.0,560.0,580.0,0.000163713585289,0.000163713585289
4.0,180.0,45.0,590.0,580.0,600.0,0.000170404551459,0.000170404551459
4.0,180.0,45.0,610.0,600.0,620.0,0.000153710059845,0.000153710059845
4.0,180.0,45.0,630.0,620.0,640.0,0.00019067126871,0.00019067126871
4.0,180.0,45.0,650.0,640.0,660.0,0.000223967803549,0.000223967803549
4.0,180.0,45.0,670.0,660.0,680.0,0.000256149128156,0.000256149128156
4.0,180.0,45.0,690.0,680.0,700.0,0.000269946357719,0.000269946357719
4.0,180.0,45.0,710.0,700.0,720.0,0.000269980064417,0.000269980064417
4.0,180.0,45.0,730.0,720.0,740.0,0.00026217873785,0.00026217873785
4.0,180.0,45.0,750.0,740.0,760.0,0.000243470760763,0.000243470760763
4.0,180.0,45.0,770.0,760.0,780.0,0.00023172558152,0.00023172558152
4.0,180.0,60.0,390.0,380.0,400.0,0.000191019213513,0.000191019213513
4.0,180.0,60.0,410.0,400.0,420.0,0.000311422407682,0.000311422407682
4.0,180.0,60.0,430.0,420.0,440.0,0.000306785855943,0.000306785855943
4.0,180.0,60.0,450.0,440.0,460.0,0.000363791493017,0.000363791493017
4.0,180.0,60.0,470.0,460.0,480.0,0.00036637382337,0.00036637382337
4.0,180.0,60.0,490.0,480.0,500.0,0.000331765293952,0.000331765293952
4.0,180.0,60.0,510.0,500.0,520.0,0.000276568531793,0.000276568531793
4.0,180.0,60.0,530.0,520.0,540.0,0.000220796070528,0.000220796070528
4.0,180.0,60.0,550.0,540.0,560.0,0.000190516820801,0.000190516820801
4.0,180.0,60.0,570.0,560.0,580.0,0.000143571652027,0.000143571652027
4.0,180.0,60.0,590.0,580.0,600.0,0.000147985331543,0.000147985331543
4.0,180.0,60.0,610.0,600.0,620.0,0.000132542002614,0.000132542002614
4.0,180.0,60.0,630.0,620.0,640.0,0.000162458479505,0.000162458479505
4.0,180.0,60.0,650.0,640.0,660.0,0.000188845547585,0.000188845547585
4.0,180.0,60.0,670.0,660.0,680.0,0.000214114510621,0.000214114510621
4.0,180.0,60.0,690.0,680.0,700.0,0.000224004013162,0.000224004013162
4.0,180.0,60.0,710.0,700.0,720.0,0.000222634109706,0.000222634109706
4.0,180.0,60.0,730.0,720.0,740.0,0.000215041356696,0.000215041356696
4.0,180.0,60.0,750.0,740.0,760.0,0.000198816839938,0.000198816839938
4.0,180.0,60.0,770.0,760.0,780.0,0.000188387499712,0.000188387499712
4.0,180.0,90.0,390.0,380.0,400.0,0.000158422037347,0.000158422037347
4.0,180.0,90.0,410.0,400.0,420.0,0.000256714238599,0.000256714238599
4.0,180.0,90.0,430.0,420.0,440.0,0.000251619957217,0.000251619957217
4.0,180.0,90.0,450.0,440.0,460.0,0.000297092007746,0.000297092007746
4.0,180.0,90.0,470.0,460.0,480.0,0.000298062436401,0.000298062436401
4.0,180.0,90.0,490.0,480.0,500.0,0.000269070148846,0.000269070148846
4.0,180.0,90.0,510.0,500.0,520.0,0.000223938555159,0.000223938555159
4.0,180.0,90.0,530.0,520.0,540.0,0.000178815533918,0.000178815533918
4.0,180.0,90.0,550.0,540.0,560.0,0.00015401357979,0.00015401357979
4.0,180.0,90.0,570.0,560.0,580.0,0.000116171654254,0.000116171654254
4.0,180.0,90.0,590.0,580.0,600.0,0.000119040969093,0.000119040969093
4.0,180.0,90.0,610.0,600.0,620.0,0.000106272772455,0.000106272772455
4.0,180.0,90.0,630.0,620.0,640.0,0.000129073601496,0.000129073601496
4.0,180.0,90.0,650.0,640.0,660.0,0.000148861783236,0.000148861783236
4.0,180.0,90.0,670.0,660.0,680.0,0.000167738476305,0.000167738476305
4.0,180.0,90.0,690.0,680.0,700.0,0.000174626082503,0.000174626082503
4.0,180.0,90.0,710.0,700.0,720.0,0.0001728761099,0.0001728761099
4.0,180.0,90.0,730.0,720.0,740.0,0.000166462107556,0.000166462107556
4.0,180.0,90.0,750.0,740.0,760.0,0.000153576485074,0.000153576485074
4.0,180.0,90.0,770.0,760.0,780.0,0.000145181839061,0.000145181839061
6.0,0.0,0.0,390.0,380.0,400.0,1.47542939464e-05,1.47542939464e-05
6.0,0.0,0.0,410.0,400.0,420.0,2.68860149678e-05,2.68860149678e-05
6.0,0.0,0.0,430.0,420.0,440.0,2.9280162697e-05,2.9280162697e-05
6.0,0.0,0.0,450.0,440.0,460.0,3.78234175446e-05,3.78234175446e-05
6.0,0.0,0.0,470.0,460.0,480.0,4.08450986914e-05,4.08450986914e-05
6.0,0.0,0.0,490.0,480.0,500.0,3.90311268219e-05,3.90311268219e-05
6.0,0.0,0.0,510.0,500.0,520.0,3.37133678448e-05,3.37133678448e-05
6.0,0.0,0.0,530.0,520.0,540.0,2.73657083994e-05,2.73657083994e-05
6.0,0.0,0.0,550.0,540.0,560.0,2.39543217952e-05,2.39543217952e-05
6.0,0.0,0.0,570.0,560.0,580.0,1.79833358097e-05,1.79833358097e-05
6.0,0.0,0.0,590.0,580.0,600.0,1.89239805358e-05,1.89239805358e-05
6.0,0.0,0.0,610.0,600.0,620.0,1.70927268971e-05,1.70927268971e-05
6.0,0.0,0.0,630.0,620.0,640.0,2.20834496407e-05,2.20834496407e-05
6.0,0.0,0.0,650.0,640.0,660.0,2.72298366872e-05,2.72298366872e-05
6.0,0.0,0.0,670.0,660.0,680.0,3.25751534329e-05,3.25751534329e-05
6.0,0.0,0.0,690.0,680.0,700.0,3.56859099792e-05,3.56859099792e-05
6.0,0.0,0.0,710.0,700.0,720.0,3.68575214233e-05,3.68575214233e-05
6.0,0.0,0.0,730.0,720.0,740.0,3.67116953102e-05,3.67116953102e-05
6.0,0.0,0.0,750.0,740.0,760.0,3.45973057082e-05,3.45973057082e-05
6.0,0.0,0.0,770.0,760.0,780.0,3.3592926147e-05,3.3592926147e-05
6.0,0.0,0.5,390.0,380.0,400.0,1.34893446299e-05,1.34893446299e-05
6.0,0.0,0.5,410.0,400.0,420.0,2.45683986766e-05,2.45683986766e-05
6.0,0.0,0.5,430.0,420.0,440.0,2.67416964119e-05,2.67416964119e-05
6.0,0.0,0.5,450.0,440.0,460.0,3.45254692825e-05,3.45254692825e-05
6.0,0.0,0.5,470.0,460.0,480.0,3.72630226435e-05,3.72630226435e-05
6.0,0.0,0.5,490.0,480.0,500.0,3.55870940259e-05,3.55870940259e-05
6.0,0.0,0.5,510.0,500.0,520.0,3.07166888566e-05,3.07166888566e-05
6.0,0.0,0.5,530.0,520.0,540.0,2.49115814259e-05,2.49115814259e-05
6.0,0.0,0.5,550.0,540.0,560.0,2.17884005338e-05,2.17884005338e-05
6.0,0.0,0.5,570.0,560.0,580.0,1.63413973254e-05,1.63413973254e-05
6.0,0.0,0.5,590.0,580.0,600.0,1.71850228422e-05,1.71850228422e-05
6.0,0.0,0.5,610.0,600.0,620.0,1.55104831985e-05,1.55104831985e-05
6.0,0.0,0.5,630.0,620.0,640.0,2.00420851229e-05,2.00420851229e-05
6.0,0.0,0.5,650.0,640.0,660.0,2.47259370181e-05,2.47259370181e-05
6.0,0.0,0.5,670.0,660.0,680.0,2.9597256517e-05,2.9597256517e-05
6.0,0.0,0.5,690.0,680.0,700.0,3.24406645823e-05,3.24406645823e-05
6.0,0.0,0.5,710.0,700.0,720.0,3.35198283652e-05,3.35198283652e-05
6.0,0.0,0.5,730.0,720.0,740.0,3.33967918498e-05,3.33967918498e-05
6.0,0.0,0.5,750.0,740.0,760.0,3.14741141058e-05,3.14741141058e-05
6.0,0.0,0.5,770.0,760.0,780.0,3.05673614746e-05,3.05673614746e-05
6.0,0.0,1.0,390.0,380.0,400.0,1.34924373282e-05,1.34924373282e-05
6.0,0.0,1.0,410.0,400.0,420.0,2.45707879373e-05,2.45707879373e-05
6.0,0.0,1.0,430.0,420.0,440.0,2.67420820989e-05,2.67420820989e-05
6.0,0.0,1.0,450.0,440.0,460.0,3.45251739149e-05,3.45251739149e-05
6.0,0.0,1.0,470.0,460.0,480.0,3.72637498345e-05,3.72637498345e-05
6.0,0.0,1.0,490.0,480.0,500.0,3.55899435336e-05,3.55899435336e-05
6.0,0.0,1.0,510.0,500.0,520.0,3.07212519972e-05,3.07212519972e-05
6.0,0.0,1.0,530.0,520.0,540.0,2.4916745482e-05,2.4916745482e-05
6.0,0.0,1.0,550.0,540.0,560.0,2.1794948518e-05,2.1794948518e-05
6.0,0.0,1.0,570.0,560.0,580.0,1.63472909659e-05,1.63472909659e-05
6.0,0.0,1.0,590.0,580.0,600.0,1.71940581816e-05,1.71940581816e-05
6.0,0.0,1.0,610.0,600.0,620.0,1.55206517754e-05,1.55206517754e-05
6.0,0.0,1.0,630.0,620.0,640.0,2.00611411812e-05,2.00611411812e-05
6.0,0.0,1.0,650.0,640.0,660.0,2.47574471104e-05,2.47574471104e-05
6.0,0.0,1.0,670.0,660.0,680.0,2.9644033176e-05,2.9644033176e-05
6.0,0.0,1.0,690.0,680.0,700.0,3.25010021514e-05,3.25010021514e-05
6.0,0.0,1.0,710.0,700.0,720.0,3.3590730519e-05,3.3590730519e-05
6.0,0.0,1.0,730.0,720.0,740.0,3.34749566243e-05,3.34749566243e-05
6.0,0.0,1.0,750.0,740.0,760.0,3.15535402545e-05,3.15535402545e-05
6.0,0.0,1.0,770.0,760.0,780.0,3.06505673365e-05,3.06505673365e-05
6.0,0.0,2.0,390.0,380.0,400.0,1.39116233814e-05,1.39116233814e-05
6.0,0.0,2.0,410.0,400.0,420.0,2.53582280498e-05,2.53582280498e-05
6.0,0.0,2.0,430.0,420.0,440.0,2.76263854784e-05,2.76263854784e-05
6.0,0.0,2.0,450.0,440.0,460.0,3.5703630657e-05,3.5703630657e-05
6.0,0.0,2.0,470.0,460.0,480.0,3.85767578176e-05,3.85767578176e-05
6.0,0.0,2.0,490.0,480.0,500.0,3.68839961188e-05,3.68839961188e-05
6.0,0.0,2.0,510.0,500.0,520.0,3.18733482017e-05,3.18733482017e-05
6.0,0.0,2.0,530.0,520.0,540.0,2.58800447234e-05,2.58800447234e-05
6.0,0.0,2.0,550.0,540.0,560.0,2.26650242026e-05,2.26650242026e-05
6.0,0.0,2.0,570.0,560.0,580.0,1.70213091908e-05,1.70213091908e-05
6.0,0.0,2.0,590.0,580.0,600.0,1.79303376478e-05,1.79303376478e-05
6.0,0.0,2.0,610.0,600.0,620.0,1.62119876887e-05,1.62119876887e-05
6.0,0.0,2.0,630.0,620.0,640.0,2.09961342917e-05,2.09961342917e-05
6.0,0.0,2.0,650.0,640.0,660.0,2.59670792101e-05,2.59670792101e-05
6.0,0.0,2.0,670.0,660.0,680.0,3.11656781096e-05,3.11656781096e-05
6.0,0.0,2.0,690.0,680.0,700.0,3.42588782113e-05,3.42588782113e-05
6.0,0.0,2.0,710.0,700.0,720.0,3.55124379515e-05,3.55124379515e-05
6.0,0.0,2.0,730.0,720.0,740.0,3.55088254774e-05,3.55088254774e-05
6.0,0.0,2.0,750.0,740.0,760.0,3.36002873128e-05,3.36002873128e-05
6.0,0.0,2.0,770.0,760.0,780.0,3.27784250885e-05,3.27784250885e-05
6.0,0.0,3.0,390.0,380.0,400.0,1.45101974004e-05,1.45101974004e-05
6.0,0.0,3.0,410.0,400.0,420.0,2.650717784e-05,2.650717784e-05
6.0,0.0,3.0,430.0,420.0,440.0,2.89439684345e-05,2.89439684345e-05
6.0,0.0,3.0,450.0,440.0,460.0,3.74979832266e-05,3.74979832266e-05
6.0,0.0,3.0,470.0,460.0,480.0,4.06253868385e-05,4.06253868385e-05
6.0,0.0,3.0,490.0,480.0,500.0,3.89628209742e-05,3.89628209742e-05
6.0,0.0,3.0,510.0,500.0,520.0,3.37915525385e-05,3.37915525385e-05
6.0,0.0,3.0,530.0,520.0,540.0,2.755562078e-05,2.755562078e-05
6.0,0.0,3.0,550.0,540.0,560.0,2.42584710739e-05,2.42584710739e-05
6.0,0.0,3.0,570.0,560.0,580.0,1.83316637468e-05,1.83316637468e-05
6.0,0.0,3.0,590.0,580.0,600.0,1.94571597523e-05,1.94571597523e-05
6.0,0.0,3.0,610.0,600.0,620.0,1.77483643461e-05,1.77483643461e-05
6.0,0.0,3.0,630.0,620.0,640.0,2.32116096646e-05,2.32116096646e-05
6.0,0.0,3.0,650.0,640.0,660.0,2.90090184249e-05,2.90090184249e-05
6.0,0.0,3.0,670.0,660.0,680.0,3.52135709454e-05,3.52135709454e-05
6.0,0.0,3.0,690.0,680.0,700.0,3.91891914e-05,3.91891914e-05
6.0,0.0,3.0,710.0,700.0,720.0,4.11725999349e-05,4.11725999349e-05
6.0,0.0,3.0,730.0,720.0,740.0,4.17716777229e-05,4.17716777229e-05
6.0,0.0,3.0,750.0,740.0,760.0,4.01621702632e-05,4.01621702632e-05
6.0,0.0,3.0,770.0,760.0,780.0,3.98234629137e-05,3.98234629137e-05
6.0,0.0,5.0,390.0,380.0,400.0,1.60751702001e-05,1.60751702001e-05
6.0,0.0,5.0,410.0,400.0,420.0,2.97122101232e-05,2.97122101232e-05
6.0,0.0,5.0,430.0,420.0,440.0,3.29023386461e-05,3.29023386461e-05
6.0,0.0,5.0,450.0,440.0,460.0,4.33360459935e-05,4.33360459935e-05
6.0,0.0,5.0,470.0,460.0,480.0,4.78507818968e-05,4.78507818968e-05
6.0,0.0,5.0,490.0,480.0,500.0,4.6882661029e-05,4.6882661029e-05
6.0,0.0,5.0,510.0,500.0,520.0,4.16266334214e-05,4.16266334214e-05
6.0,0.0,5.0,530.0,520.0,540.0,3.48157391069e-05,3.48157391069e-05
6.0,0.0,5.0,550.0,540.0,560.0,3.14944504331e-05,3.14944504331e-05
6.0,0.0,5.0,570.0,560.0,580.0,2.44754571867e-05,2.44754571867e-05
6.0,0.0,5.0,590.0,580.0,600.0,2.67627142738e-05,2.67627142738e-05
6.0,0.0,5.0,610.0,600.0,620.0,2.51432869349e-05,2.51432869349e-05
6.0,0.0,5.0,630.0,620.0,640.0,3.38282452757e-05,3.38282452757e-05
6.0,0.0,5.0,650.0,640.0,660.0,4.33792267391e-05,4.33792267391e-05
6.0,0.0,5.0,670.0,660.0,680.0,5.39291133949e-05,5.39291133949e-05
6.0,0.0,5.0,690.0,680.0,700.0,6.13776519715e-05,6.13776519715e-05
6.0,0.0,5.0,710.0,700.0,720.0,6.58594235936e-05,6.58594235936e-05
6.0,0.0,5.0,730.0,720.0,740.0,6.81537580984e-05,6.81537580984e-05
6.0,0.0,5.0,750.0,740.0,760.0,6.6774439459e-05,6.6774439459e-05
6.0,0.0,5.0,770.0,760.0,780.0,6.73080608408e-05,6.73080608408e-05
6.0,0.0,8.0,390.0,380.0,400.0,2.00496762626e-05,2.00496762626e-05
6.0,0.0,8.0,410.0,400.0,420.0,3.83983543909e-05,3.83983543909e-05
6.0,0.0,8.0,430.0,420.0,440.0,4.39740799404e-05,4.39740799404e-05
6.0,0.0,8.0,450.0,440.0,460.0,5.97084607342e-05,5.97084607342e-05
6.0,0.0,8.0,470.0,460.0,480.0,6.77101279829e-05,6.77101279829e-05
6.0,0.0,8.0,490.0,480.0,500.0,6.78606738695e-05,6.78606738695e-05
6.0,0.0,8.0,510.0,500.0,520.0,6.13888000039e-05,6.13888000039e-05
6.0,0.0,8.0,530.0,520.0,540.0,5.21042918555e-05,5.21042918555e-05
6.0,0.0,8.0,550.0,540.0,560.0,4.76449512039e-05,4.76449512039e-05
6.0,0.0,8.0,570.0,560.0,580.0,3.72776116801e-05,3.72776116801e-05
6.0,0.0,8.0,590.0,580.0,600.0,4.09120409478e-05,4.09120409478e-05
6.0,0.0,8.0,610.0,600.0,620.0,3.844475729e-05,3.844475729e-05
6.0,0.0,8.0,630.0,620.0,640.0,5.16062531557e-05,5.16062531557e-05
6.0,0.0,8.0,650.0,640.0,660.0,6.58568438144e-05,6.58568438144e-05
6.0,0.0,8.0,670.0,660.0,680.0,8.13278486139e-05,8.13278486139e-05
6.0,0.0,8.0,690.0,680.0,700.0,9.18178739902e-05,9.18178739902e-05
6.0,0.0,8.0,710.0,700.0,720.0,9.76273536958e-05,9.76273536958e-05
6.0,0.0,8.0,730.0,720.0,740.0,0.000100024803521,0.000100024803521
6.0,0.0,8.0,750.0,740.0,760.0,9.69536028204e-05,9.69536028204e-05
6.0,0.0,8.0,770.0,760.0,780.0,9.66420933986e-05,9.66420933986e-05
6.0,0.0,12.0,390.0,380.0,400.0,2.7387295551e-05,2.7387295551e-05
6.0,0.0,12.0,410.0,400.0,420.0,5.28408902293e-05,5.28408902293e-05
6.0,0.0,12.0,430.0,420.0,440.0,6.03660969996e-05,6.03660969996e-05
6.0,0.0,12.0,450.0,440.0,460.0,8.1246363641e-05,8.1246363641e-05
6.0,0.0,12.0,470.0,460.0,480.0,9.09692730645e-05,9.09692730645e-05
6.0,0.0,12.0,490.0,480.0,500.0,8.98150417257e-05,8.98150417257e-05
6.0,0.0,12.0,510.0,500.0,520.0,7.99502183833e-05,7.99502183833e-05
6.0,0.0,12.0,530.0,520.0,540.0,6.67318801096e-05,6.67318801096e-05
6.0,0.0,12.0,550.0,540.0,560.0,5.99309096255e-05,5.99309096255e-05
6.0,0.0,12.0,570.0,560.0,580.0,4.60512902458e-05,4.60512902458e-05
6.0,0.0,12.0,590.0,580.0,600.0,4.9561883858e-05,4.9561883858e-05
6.0,0.0,12.0,610.0,600.0,620.0,4.5690232847e-05,4.5690232847e-05
6.0,0.0,12.0,630.0,620.0,640.0,6.01704297972e-05,6.01704297972e-05
6.0,0.0,12.0,650.0,640.0,660.0,7.54015839719e-05,7.54015839719e-05
6.0,0.0,12.0,670.0,660.0,680.0,9.15092742285e-05,9.15092742285e-05
6.0,0.0,12.0,690.0,680.0,700.0,0.000101601065868,0.000101601065868
6.0,0.0,12.0,710.0,700.0,720.0,0.00010630700992,0.00010630700992
6.0,0.0,12.0,730.0,720.0,740.0,0.00010724679516,0.00010724679516
6.0,0.0,12.0,750.0,740.0,760.0,0.000102411617963,0.000102411617963
6.0,0.0,12.0,770.0,760.0,780.0,0.000100640336129,0.000100640336129
6.0,0.0,20.0,390.0,380.0,400.0,3.64593289536e-05,3.64593289536e-05
6.0,0.0,20.0,410.0,400.0,420.0,6.70132598607e-05,6.70132598607e-05
6.0,0.0,20.0,430.0,420.0,440.0,7.29947896845e-05,7.29947896845e-05
6.0,0.0,20.0,450.0,440.0,460.0,9.39839679783e-05,9.39839679783e-05
6.0,0.0,20.0,470.0,460.0,480.0,0.000101072345055,0.000101072345055
6.0,0.0,20.0,490.0,480.0,500.0,9.62228248826e-05,9.62228248826e-05
6.0,0.0,20.0,510.0,500.0,520.0,8.28926087394e-05,8.28926087394e-05
6.0,0.0,20.0,530.0,520.0,540.0,6.71574470925e-05,6.71574470925e-05
6.0,0.0,20.0,550.0,540.0,560.0,5.86443229695e-05,5.86443229695e-05
6.0,0.0,20.0,570.0,560.0,580.0,4.39056458301e-05,4.39056458301e-05
6.0,0.0,20.0,590.0,580.0,600.0,4.60857449517e-05,4.60857449517e-05
6.0,0.0,20.0,610.0,600.0,620.0,4.15071310179e-05,4.15071310179e-05
6.0,0.0,20.0,630.0,620.0,640.0,5.34867553979e-05,5.34867553979e-05
6.0,0.0,20.0,650.0,640.0,660.0,6.56792564852e-05,6.56792564852e-05
6.0,0.0,20.0,670.0,660.0,680.0,7.82059694307e-05,7.82059694307e-05
6.0,0.0,20.0,690.0,680.0,700.0,8.52882136344e-05,8.52882136344e-05
6.0,0.0,20.0,710.0,700.0,720.0,8.77436742991e-05,8.77436742991e-05
6.0,0.0,20.0,730.0,720.0,740.0,8.71217012632e-05,8.71217012632e-05
6.0,0.0,20.0,750.0,740.0,760.0,8.19534430054e-05,8.19534430054e-05
6.0,0.0,20.0,770.0,760.0,780.0,7.9402355286e-05,7.9402355286e-05
6.0,0.0,30.0,390.0,380.0,400.0,3.71459656095e-05,3.71459656095e-05
6.0,0.0,30.0,410.0,400.0,420.0,6.52519884928e-05,6.52519884928e-05
6.0,0.0,30.0,430.0,420.0,440.0,6.83696851736e-05,6.83696851736e-05
6.0,0.0,30.0,450.0,440.0,460.0,8.51534094499e-05,8.51534094499e-05
6.0,0.0,30.0,470.0,460.0,480.0,8.89959843516e-05,8.89959843516e-05
6.0,0.0,30.0,490.0,480.0,500.0,8.26415858003e-05,8.26415858003e-05
6.0,0.0,30.0,510.0,500.0,520.0,6.96376529565e-05,6.96376529565e-05
6.0,0.0,30.0,530.0,520.0,540.0,5.5300871632e-05,5.5300871632e-05
6.0,0.0,30.0,550.0,540.0,560.0,4.74343653702e-05,4.74343653702e-05
6.0,0.0,30.0,570.0,560.0,580.0,3.49170210688e-05,3.49170210688e-05
6.0,0.0,30.0,590.0,580.0,600.0,3.61326536891e-05,3.61326536891e-05
6.0,0.0,30.0,610.0,600.0,620.0,3.21028540478e-05,3.21028540478e-05
6.0,0.0,30.0,630.0,620.0,640.0,4.09033878265e-05,4.09033878265e-05
6.0,0.0,30.0,650.0,640.0,660.0,4.96870250815e-05,4.96870250815e-05
6.0,0.0,30.0,670.0,660.0,680.0,5.85515533953e-05,5.85515533953e-05
6.0,0.0,30.0,690.0,680.0,700.0,6.32229585344e-05,6.32229585344e-05
6.0,0.0,30.0,710.0,700.0,720.0,6.44309701508e-05,6.44309701508e-05
6.0,0.0,30.0,730.0,720.0,740.0,6.34018753291e-05,6.34018753291e-05
6.0,0.0,30.0,750.0,740.0,760.0,5.91312328764e-05,5.91312328764e-05
6.0,0.0,30.0,770.0,760.0,780.0,5.68287599989e-05,5.68287599989e-05
6.0,0.0,45.0,390.0,380.0,400.0,3.083398604e-05,3.083398604e-05
6.0,0.0,45.0,410.0,400.0,420.0,5.14107166452e-05,5.14107166452e-05
6.0,0.0,45.0,430.0,420.0,440.0,5.15584923361e-05,5.15584923361e-05
6.0,0.0,45.0,450.0,440.0,460.0,6.19099889348e-05,6.19099889348e-05
6.0,0.0,45.0,470.0,460.0,480.0,6.27640447331e-05,6.27640447331e-05
6.0,0.0,45.0,490.0,480.0,500.0,5.6810966537e-05,5.6810966537e-05
6.0,0.0,45.0,510.0,500.0,520.0,4.68298961899e-05,4.68298961899e-05
6.0,0.0,45.0,530.0,520.0,540.0,3.64698177569e-05,3.64698177569e-05
6.0,0.0,45.0,550.0,540.0,560.0,3.07832334409e-05,3.07832334409e-05
6.0,0.0,45.0,570.0,560.0,580.0,2.23123459165e-05,2.23123459165e-05
6.0,0.0,45.0,590.0,580.0,600.0,2.28559578084e-05,2.28559578084e-05
6.0,0.0,45.0,610.0,600.0,620.0,2.01036978522e-05,2.01036978522e-05
6.0,0.0,45.0,630.0,620.0,640.0,2.5468489702e-05,2.5468489702e-05
6.0,0.0,45.0,650.0,640.0,660.0,3.07608233466e-05,3.07608233466e-05
6.0,0.0,45.0,670.0,660.0,680.0,3.60386909041e-05,3.60386909041e-05
6.0,0.0,45.0,690.0,680.0,700.0,3.86944960956e-05,3.86944960956e-05
6.0,0.0,45.0,710.0,700.0,720.0,3.92225929368e-05,3.92225929368e-05
6.0,0.0,45.0,730.0,720.0,740.0,3.84025632561e-05,3.84025632561e-05
6.0,0.0,45.0,750.0,740.0,760.0,3.56470852968e-05,3.56470852968e-05
6.0,0.0,45.0,770.0,760.0,780.0,3.41138962911e-05,3.41138962911e-05
6.0,0.0,60.0,390.0,380.0,400.0,2.58344708056e-05,2.58344708056e-05
6.0,0.0,60.0,410.0,400.0,420.0,4.20551318446e-05,4.20551318446e-05
6.0,0.0,60.0,430.0,420.0,440.0,4.13192891464e-05,4.13192891464e-05
6.0,0.0,60.0,450.0,440.0,460.0,4.87454027361e-05,4.87454027361e-05
6.0,0.0,60.0,470.0,460.0,480.0,4.86682661284e-05,4.86682661284e-05
6.0,0.0,60.0,490.0,480.0,500.0,4.34659263593e-05,4.34659263593e-05
6.0,0.0,60.0,510.0,500.0,520.0,3.53995162787e-05,3.53995162787e-05
6.0,0.0,60.0,530.0,520.0,540.0,2.72623188625e-05,2.72623188625e-05
6.0,0.0,60.0,550.0,540.0,560.0,2.27973150753e-05,2.27973150753e-05
6.0,0.0,60.0,570.0,560.0,580.0,1.63727392415e-05,1.63727392415e-05
6.0,0.0,60.0,590.0,580.0,600.0,1.66678483401e-05,1.66678483401e-05
6.0,0.0,60.0,610.0,600.0,620.0,1.45691838713e-05,1.45691838713e-05
6.0,0.0,60.0,630.0,620.0,640.0,1.83885253654e-05,1.83885253654e-05
6.0,0.0,60.0,650.0,640.0,660.0,2.2129890672e-05,2.2129890672e-05
6.0,0.0,60.0,670.0,660.0,680.0,2.58324527187e-05,2.58324527187e-05
6.0,0.0,60.0,690.0,680.0,700.0,2.76355664452e-05,2.76355664452e-05
6.0,0.0,60.0,710.0,700.0,720.0,2.79129040996e-05,2.79129040996e-05
6.0,0.0,60.0,730.0,720.0,740.0,2.72342786901e-05,2.72342786901e-05
6.0,0.0,60.0,750.0,740.0,760.0,2.51924489231e-05,2.51924489231e-05
6.0,0.0,60.0,770.0,760.0,780.0,2.40329907545e-05,2.40329907545e-05
6.0,0.0,90.0,390.0,380.0,400.0,2.05830166525e-05,2.05830166525e-05
6.0,0.0,90.0,410.0,400.0,420.0,3.19828191587e-05,3.19828191587e-05
6.0,0.0,90.0,430.0,420.0,440.0,3.01128482331e-05,3.01128482331e-05
6.0,0.0,90.0,450.0,440.0,460.0,3.42027363875e-05,3.42027363875e-05
6.0,0.0,90.0,470.0,460.0,480.0,3.30442075699e-05,3.30442075699e-05
6.0,0.0,90.0,490.0,480.0,500.0,2.86910781148e-05,2.86910781148e-05
6.0,0.0,90.0,510.0,500.0,520.0,2.27984786266e-05,2.27984786266e-05
6.0,0.0,90.0,530.0,520.0,540.0,1.71738752114e-05,1.71738752114e-05
6.0,0.0,90.0,550.0,540.0,560.0,1.41206916095e-05,1.41206916095e-05
6.0,0.0,90.0,570.0,560.0,580.0,9.97097463443e-06,9.97097463443e-06
6.0,0.0,90.0,590.0,580.0,600.0,1.00780252458e-05,1.00780252458e-05
6.0,0.0,90.0,610.0,600.0,620.0,8.7404833586e-06,8.7404833586e-06
6.0,0.0,90.0,630.0,620.0,640.0,1.10366999584e-05,1.10366999584e-05
6.0,0.0,90.0,650.0,640.0,660.0,1.32809317029e-05,1.32809317029e-05
6.0,0.0,90.0,670.0,660.0,680.0,1.54897028507e-05,1.54897028507e-05
6.0,0.0,90.0,690.0,680.0,700.0,1.65528502164e-05,1.65528502164e-05
6.0,0.0,90.0,710.0,700.0,720.0,1.6702075264e-05,1.6702075264e-05
6.0,0.0,90.0,730.0,720.0,740.0,1.62833602111e-05,1.62833602111e-05
6.0,0.0,90.0,750.0,740.0,760.0,1.50534208088e-05,1.50534208088e-05
6.0,0.0,90.0,770.0,760.0,780.0,1.43607806231e-05,1.43607806231e-05
6.0,90.0,0.0,390.0,380.0,400.0,1.01181447097e-05,1.01181447097e-05
6.0,90.0,0.0,410.0,400.0,420.0,1.68124017045e-05,1.68124017045e-05
6.0,90.0,0.0,430.0,420.0,440.0,1.67924996414e-05,1.67924996414e-05
6.0,90.0,0.0,450.0,440.0,460.0,2.00590397529e-05,2.00590397529e-05
6.0,90.0,0.0,470.0,460.0,480.0,2.02123092426e-05,2.02123092426e-05
6.0,90.0,0.0,490.0,480.0,500.0,1.81593291294e-05,1.81593291294e-05
6.0,90.0,0.0,510.0,500.0,520.0,1.48142916605e-05,1.48142916605e-05
6.0,90.0,0.0,530.0,520.0,540.0,1.13718703672e-05,1.13718703672e-05
6.0,90.0,0.0,550.0,540.0,560.0,9.51528013853e-06,9.51528013853e-06
6.0,90.0,0.0,570.0,560.0,580.0,6.79976867795e-06,6.79976867795e-06
6.0,90.0,0.0,590.0,580.0,600.0,6.99332138061e-06,6.99332138061e-06
6.0,90.0,0.0,610.0,600.0,620.0,6.14932193965e-06,6.14932193965e-06
6.0,90.0,0.0,630.0,620.0,640.0,7.95706783879e-06,7.95706783879e-06
6.0,90.0,0.0,650.0,640.0,660.0,9.83518363837e-06,9.83518363837e-06
6.0,90.0,0.0,670.0,660.0,680.0,1.17663949468e-05,1.17663949468e-05
6.0,90.0,0.0,690.0,680.0,700.0,1.28647747369e-05,1.28647747369e-05
6.0,90.0,0.0,710.0,700.0,720.0,1.32423147355e-05,1.32423147355e-05
6.0,90.0,0.0,730.0,720.0,740.0,1.31313108993e-05,1.31313108993e-05
6.0,90.0,0.0,750.0,740.0,760.0,1.22926595554e-05,1.22926595554e-05
6.0,90.0,0.0,770.0,760.0,780.0,1.18912219183e-05,1.18912219183e-05
6.0,90.0,0.5,390.0,380.0,400.0,1.01431763544e-05,1.01431763544e-05
6.0,90.0,0.5,410.0,400.0,420.0,1.68513608496e-05,1.68513608496e-05
6.0,90.0,0.5,430.0,420.0,440.0,1.68289778343e-05,1.68289778343e-05
6.0,90.0,0.5,450.0,440.0,460.0,2.00999947069e-05,2.00999947069e-05
6.0,90.0,0.5,470.0,460.0,480.0,2.02512120898e-05,2.02512120898e-05
6.0,90.0,0.5,490.0,480.0,500.0,1.81924074707e-05,1.81924074707e-05
6.0,90.0,0.5,510.0,500.0,520.0,1.48399561242e-05,1.48399561242e-05
6.0,90.0,0.5,530.0,520.0,540.0,1.13907430019e-05,1.13907430019e-05
6.0,90.0,0.5,550.0,540.0,560.0,9.5303988713e-06,9.5303988713e-06
6.0,90.0,0.5,570.0,560.0,580.0,6.81020512946e-06,6.81020512946e-06
6.0,90.0,0.5,590.0,580.0,600.0,7.00357202178e-06,7.00357202178e-06
6.0,90.0,0.5,610.0,600.0,620.0,6.15799058224e-06,6.15799058224e-06
6.0,90.0,0.5,630.0,620.0,640.0,7.96771375768e-06,7.96771375768e-06
6.0,90.0,0.5,650.0,640.0,660.0,9.84771061672e-06,9.84771061672e-06
6.0,90.0,0.5,670.0,660.0,680.0,1.17807248463e-05,1.17807248463e-05
6.0,90.0,0.5,690.0,680.0,700.0,1.28798257574e-05,1.28798257574e-05
6.0,90.0,0.5,710.0,700.0,720.0,1.32572749608e-05,1.32572749608e-05
6.0,90.0,0.5,730.0,720.0,740.0,1.31456927402e-05,1.31456927402e-05
6.0,90.0,0.5,750.0,740.0,760.0,1.23057828426e-05,1.23057828426e-05
6.0,90.0,0.5,770.0,760.0,780.0,1.19035896686e-05,1.19035896686e-05
6.0,90.0,1.0,390.0,380.0,400.0,1.04082361285e-05,1.04082361285e-05
6.0,90.0,1.0,410.0,400.0,420.0,1.73489495686e-05,1.73489495686e-05
6.0,90.0,1.0,430.0,420.0,440.0,1.73833512283e-05,1.73833512283e-05
6.0,90.0,1.0,450.0,440.0,460.0,2.08287157865e-05,2.08287157865e-05
6.0,90.0,1.0,470.0,460.0,480.0,2.10486832508e-05,2.10486832508e-05
6.0,90.0,1.0,490.0,480.0,500.0,1.89621891812e-05,1.89621891812e-05
6.0,90.0,1.0,510.0,500.0,520.0,1.55101298174e-05,1.55101298174e-05
6.0,90.0,1.0,530.0,520.0,540.0,1.19381559188e-05,1.19381559188e-05
6.0,90.0,1.0,550.0,540.0,560.0,1.00117353456e-05,1.00117353456e-05
6.0,90.0,1.0,570.0,560.0,580.0,7.17290336174e-06,7.17290336174e-06
6.0,90.0,1.0,590.0,580.0,600.0,7.38612789499e-06,7.38612789499e-06
6.0,90.0,1.0,610.0,600.0,620.0,6.50412118656e-06,6.50412118656e-06
6.0,90.0,1.0,630.0,620.0,640.0,8.41577094454e-06,8.41577094454e-06
6.0,90.0,1.0,650.0,640.0,660.0,1.0401564811e-05,1.0401564811e-05
6.0,90.0,1.0,670.0,660.0,680.0,1.24449084535e-05,1.24449084535e-05
6.0,90.0,1.0,690.0,680.0,700.0,1.36090275744e-05,1.36090275744e-05
6.0,90.0,1.0,710.0,700.0,720.0,1.40119938632e-05,1.40119938632e-05
6.0,90.0,1.0,730.0,720.0,740.0,1.38986306058e-05,1.38986306058e-05
6.0,90.0,1.0,750.0,740.0,760.0,1.30160978839e-05,1.30160978839e-05
6.0,90.0,1.0,770.0,760.0,780.0,1.25940011991e-05,1.25940011991e-05
6.0,90.0,2.0,390.0,380.0,400.0,1.08178637638e-05,1.08178637638e-05
6.0,90.0,2.0,410.0,400.0,420.0,1.80845549438e-05,1.80845549438e-05
6.0,90.0,2.0,430.0,420.0,440.0,1.81736547349e-05,1.81736547349e-05
6.0,90.0,2.0,450.0,440.0,460.0,2.18380957792e-05,2.18380957792e-05
6.0,90.0,2.0,470.0,460.0,480.0,2.21290530246e-05,2.21290530246e-05
6.0,90.0,2.0,490.0,480.0,500.0,1.99874021041e-05,1.99874021041e-05
6.0,90.0,2.0,510.0,500.0,520.0,1.639017379e-05,1.639017379e-05
6.0,90.0,2.0,530.0,520.0,540.0,1.26479395081e-05,1.26479395081e-05
6.0,90.0,2.0,550.0,540.0,560.0,1.0631097991e-05,1.0631097991e-05
6.0,90.0,2.0,570.0,560.0,580.0,7.63542589406e-06,7.63542589406e-06
6.0,90.0,2.0,590.0,580.0,600.0,7.87494680496e-06,7.87494680496e-06
6.0,90.0,2.0,610.0,600.0,620.0,6.94656015316e-06,6.94656015316e-06
6.0,90.0,2.0,630.0,620.0,640.0,8.99520827972e-06,8.99520827972e-06
6.0,90.0,2.0,650.0,640.0,660.0,1.11263650277e-05,1.11263650277e-05
6.0,90.0,2.0,670.0,660.0,680.0,1.33235942979e-05,1.33235942979e-05
6.0,90.0,2.0,690.0,680.0,700.0,1.45835470427e-05,1.45835470427e-05
6.0,90.0,2.0,710.0,700.0,720.0,1.50303592732e-05,1.50303592732e-05
6.0,90.0,2.0,730.0,720.0,740.0,1.49240606619e-05,1.49240606619e-05
6.0,90.0,2.0,750.0,740.0,760.0,1.39916791249e-05,1.39916791249e-05
6.0,90.0,2.0,770.0,760.0,780.0,1.35515118675e-05,1.35515118675e-05
6.0,90.0,3.0,390.0,380.0,400.0,1.13115672146e-05,1.13115672146e-05
6.0,90.0,3.0,410.0,400.0,420.0,1.89741444687e-05,1.89741444687e-05
6.0,90.0,3.0,430.0,420.0,440.0,1.91323068789e-05,1.91323068789e-05
6.0,90.0,3.0,450.0,440.0,460.0,2.30660640399e-05,2.30660640399e-05
6.0,90.0,3.0,470.0,460.0,480.0,2.34473212461e-05,2.34473212461e-05
6.0,90.0,3.0,490.0,480.0,500.0,2.12422742924e-05,2.12422742924e-05
6.0,90.0,3.0,510.0,500.0,520.0,1.74705882364e-05,1.74705882364e-05
6.0,90.0,3.0,530.0,520.0,540.0,1.35216235766e-05,1.35216235766e-05
6.0,90.0,3.0,550.0,540.0,560.0,1.13962733136e-05,1.13962733136e-05
6.0,90.0,3.0,570.0,560.0,580.0,8.20835104607e-06,8.20835104607e-06
6.0,90.0,3.0,590.0,580.0,600.0,8.48433036957e-06,8.48433036957e-06
6.0,90.0,3.0,610.0,600.0,620.0,7.50126155131e-06,7.50126155131e-06
6.0,90.0,3.0,630.0,620.0,640.0,9.72967414242e-06,9.72967414242e-06
6.0,90.0,3.0,650.0,640.0,660.0,1.20561797956e-05,1.20561797956e-05
6.0,90.0,3.0,670.0,660.0,680.0,1.44649102188e-05,1.44649102188e-05
6.0,90.0,3.0,690.0,680.0,700.0,1.58656399855e-05,1.58656399855e-05
6.0,90.0,3.0,710.0,700.0,720.0,1.63879047874e-05,1.63879047874e-05
6.0,90.0,3.0,730.0,720.0,740.0,1.6309548316e-05,1.6309548316e-05
6.0,90.0,3.0,750.0,740.0,760.0,1.53272357127e-05,1.53272357127e-05
6.0,90.0,3.0,770.0,760.0,780.0,1.48815650829e-05,1.48815650829e-05
6.0,90.0,5.0,390.0,380.0,400.0,1.24308857333e-05,1.24308857333e-05
6.0,90.0,5.0,410.0,400.0,420.0,2.10103394396e-05,2.10103394396e-05
6.0,90.0,5.0,430.0,420.0,440.0,2.13445941289e-05,2.13445941289e-05
6.0,90.0,5.0,450.0,440.0,460.0,2.59204244317e-05,2.59204244317e-05
6.0,90.0,5.0,470.0,460.0,480.0,2.65323099803e-05,2.65323099803e-05
6.0,90.0,5.0,490.0,480.0,500.0,2.41977730016e-05,2.41977730016e-05
6.0,90.0,5.0,510.0,500.0,520.0,2.00293678624e-05,2.00293678624e-05
6.0,90.0,5.0,530.0,520.0,540.0,1.55988348784e-05,1.55988348784e-05
6.0,90.0,5.0,550.0,540.0,560.0,1.32246963386e-05,1.32246963386e-05
6.0,90.0,5.0,570.0,560.0,580.0,9.57929143883e-06,9.57929143883e-06
6.0,90.0,5.0,590.0,580.0,600.0,9.95617973068e-06,9.95617973068e-06
6.0,90.0,5.0,610.0,600.0,620.0,8.84953472131e-06,8.84953472131e-06
6.0,90.0,5.0,630.0,620.0,640.0,1.15461558449e-05,1.15461558449e-05
6.0,90.0,5.0,650.0,640.0,660.0,1.4395365944e-05,1.4395365944e-05
6.0,90.0,5.0,670.0,660.0,680.0,1.73798993436e-05,1.73798993436e-05
6.0,90.0,5.0,690.0,680.0,700.0,1.91835238654e-05,1.91835238654e-05
6.0,90.0,5.0,710.0,700.0,720.0,1.99410521399e-05,1.99410521399e-05
6.0,90.0,5.0,730.0,720.0,740.0,1.99706106731e-05,1.99706106731e-05
6.0,90.0,5.0,750.0,740.0,760.0,1.88820412702e-05,1.88820412702e-05
6.0,90.0,5.0,770.0,760.0,780.0,1.8447464941e-05,1.8447464941e-05
6.0,90.0,8.0,390.0,380.0,400.0,1.43869026162e-05,1.43869026162e-05
6.0,90.0,8.0,410.0,400.0,420.0,2.45939603934e-05,2.45939603934e-05
6.0,90.0,8.0,430.0,420.0,440.0,2.52459848682e-05,2.52459848682e-05
6.0,90.0,8.0,450.0,440.0,460.0,3.09479358234e-05,3.09479358234e-05
6.0,90.0,8.0,470.0,460.0,480.0,3.19492510131e-05,3.19492510131e-05
6.0,90.0,8.0,490.0,480.0,500.0,2.93637595343e-05,2.93637595343e-05
6.0,90.0,8.0,510.0,500.0,520.0,2.44723094517e-05,2.44723094517e-05
6.0,90.0,8.0,530.0,520.0,540.0,1.91712890924e-05,1.91712890924e-05
6.0,90.0,8.0,550.0,540.0,560.0,1.63435053888e-05,1.63435053888e-05
6.0,90.0,8.0,570.0,560.0,580.0,1.18869925975e-05,1.18869925975e-05
6.0,90.0,8.0,590.0,580.0,600.0,1.24229289549e-05,1.24229289549e-05
6.0,90.0,8.0,610.0,600.0,620.0,1.10890533658e-05,1.10890533658e-05
6.0,90.0,8.0,630.0,620.0,640.0,1.45552932242e-05,1.45552932242e-05
6.0,90.0,8.0,650.0,640.0,660.0,1.82391497684e-05,1.82391497684e-05
6.0,90.0,8.0,670.0,660.0,680.0,2.21098252522e-05,2.21098252522e-05
6.0,90.0,8.0,690.0,680.0,700.0,2.44841284269e-05,2.44841284269e-05
6.0,90.0,8.0,710.0,700.0,720.0,2.55194163271e-05,2.55194163271e-05
6.0,90.0,8.0,730.0,720.0,740.0,2.56132549047e-05,2.56132549047e-05
6.0,90.0,8.0,750.0,740.0,760.0,2.42606941394e-05,2.42606941394e-05
6.0,90.0,8.0,770.0,760.0,780.0,2.37370664161e-05,2.37370664161e-05
6.0,90.0,12.0,390.0,380.0,400.0,1.72425169584e-05,1.72425169584e-05
6.0,90.0,12.0,410.0,400.0,420.0,2.96537643272e-05,2.96537643272e-05
6.0,90.0,12.0,430.0,420.0,440.0,3.0558317953e-05,3.0558317953e-05
6.0,90.0,12.0,450.0,440.0,460.0,3.75482421173e-05,3.75482421173e-05
6.0,90.0,12.0,470.0,460.0,480.0,3.88128593311e-05,3.88128593311e-05
6.0,90.0,12.0,490.0,480.0,500.0,3.56900846707e-05,3.56900846707e-05
6.0,90.0,12.0,510.0,500.0,520.0,2.97405915335e-05,2.97405915335e-05
6.0,90.0,12.0,530.0,520.0,540.0,2.32822009794e-05,2.32822009794e-05
6.0,90.0,12.0,550.0,540.0,560.0,1.98286297897e-05,1.98286297897e-05
6.0,90.0,12.0,570.0,560.0,580.0,1.43970521998e-05,1.43970521998e-05
6.0,90.0,12.0,590.0,580.0,600.0,1.50253286831e-05,1.50253286831e-05
6.0,90.0,12.0,610.0,600.0,620.0,1.33838343495e-05,1.33838343495e-05
6.0,90.0,12.0,630.0,620.0,640.0,1.75178613851e-05,1.75178613851e-05
6.0,90.0,12.0,650.0,640.0,660.0,2.18590502116e-05,2.18590502116e-05
6.0,90.0,12.0,670.0,660.0,680.0,2.63672335626e-05,2.63672335626e-05
6.0,90.0,12.0,690.0,680.0,700.0,2.90465230144e-05,2.90465230144e-05
6.0,90.0,12.0,710.0,700.0,720.0,3.01156689507e-05,3.01156689507e-05
6.0,90.0,12.0,730.0,720.0,740.0,3.0071030539e-05,3.0071030539e-05
6.0,90.0,12.0,750.0,740.0,760.0,2.83497788311e-05,2.83497788311e-05
6.0,90.0,12.0,770.0,760.0,780.0,2.75966198585e-05,2.75966198585e-05
6.0,90.0,20.0,390.0,380.0,400.0,2.16186584122e-05,2.16186584122e-05
6.0,90.0,20.0,410.0,400.0,420.0,3.67093878554e-05,3.67093878554e-05
6.0,90.0,20.0,430.0,420.0,440.0,3.73374214281e-05,3.73374214281e-05
6.0,90.0,20.0,450.0,440.0,460.0,4.53013107906e-05,4.53013107906e-05
6.0,90.0,20.0,470.0,460.0,480.0,4.6273194898e-05,4.6273194898e-05
6.0,90.0,20.0,490.0,480.0,500.0,4.20847255869e-05,4.20847255869e-05
6.0,90.0,20.0,510.0,500.0,520.0,3.47252311485e-05,3.47252311485e-05
6.0,90.0,20.0,530.0,520.0,540.0,2.69528727504e-05,2.69528727504e-05
6.0,90.0,20.0,550.0,540.0,560.0,2.27571146453e-05,2.27571146453e-05
6.0,90.0,20.0,570.0,560.0,580.0,1.64032964889e-05,1.64032964889e-05
6.0,90.0,20.0,590.0,580.0,600.0,1.69561627251e-05,1.69561627251e-05
6.0,90.0,20.0,610.0,600.0,620.0,1.49750096087e-05,1.49750096087e-05
6.0,90.0,20.0,630.0,620.0,640.0,1.93556678114e-05,1.93556678114e-05
6.0,90.0,20.0,650.0,640.0,660.0,2.38347931647e-05,2.38347931647e-05
6.0,90.0,20.0,670.0,660.0,680.0,2.83867717357e-05,2.83867717357e-05
6.0,90.0,20.0,690.0,680.0,700.0,3.09003342869e-05,3.09003342869e-05
6.0,90.0,20.0,710.0,700.0,720.0,3.16845932618e-05,3.16845932618e-05
6.0,90.0,20.0,730.0,720.0,740.0,3.13171079774e-05,3.13171079774e-05
6.0,90.0,20.0,750.0,740.0,760.0,2.92640879028e-05,2.92640879028e-05
6.0,90.0,20.0,770.0,760.0,780.0,2.82256855971e-05,2.82256855971e-05
6.0,90.0,30.0,390.0,380.0,400.0,2.37157517048e-05,2.37157517048e-05
6.0,90.0,30.0,410.0,400.0,420.0,3.94453490762e-05,3.94453490762e-05
6.0,90.0,30.0,430.0,420.0,440.0,3.94037390548e-05,3.94037390548e-05
6.0,90.0,30.0,450.0,440.0,460.0,4.70690991168e-05,4.70690991168e-05
6.0,90.0,30.0,470.0,460.0,480.0,4.74331319976e-05,4.74331319976e-05
6.0,90.0,30.0,490.0,480.0,500.0,4.2636917999e-05,4.2636917999e-05
6.0,90.0,30.0,510.0,500.0,520.0,3.48343579934e-05,3.48343579934e-05
6.0,90.0,30.0,530.0,520.0,540.0,2.68197309157e-05,2.68197309157e-05
6.0,90.0,30.0,550.0,540.0,560.0,2.24640950735e-05,2.24640950735e-05
6.0,90.0,30.0,570.0,560.0,580.0,1.60924344547e-05,1.60924344547e-05
6.0,90.0,30.0,590.0,580.0,600.0,1.64918292951e-05,1.64918292951e-05
6.0,90.0,30.0,610.0,600.0,620.0,1.44605904891e-05,1.44605904891e-05
6.0,90.0,30.0,630.0,620.0,640.0,1.84931393143e-05,1.84931393143e-05
6.0,90.0,30.0,650.0,640.0,660.0,2.25354216587e-05,2.25354216587e-05
6.0,90.0,30.0,670.0,660.0,680.0,2.65826772202e-05,2.65826772202e-05
6.0,90.0,30.0,690.0,680.0,700.0,2.8685591961e-05,2.8685591961e-05
6.0,90.0,30.0,710.0,700.0,720.0,2.91824024962e-05,2.91824024962e-05
6.0,90.0,30.0,730.0,720.0,740.0,2.86395186166e-05,2.86395186166e-05
6.0,90.0,30.0,750.0,740.0,760.0,2.65992223628e-05,2.65992223628e-05
6.0,90.0,30.0,770.0,760.0,780.0,2.54957060561e-05,2.54957060561e-05
6.0,90.0,45.0,390.0,380.0,400.0,2.34868143929e-05,2.34868143929e-05
6.0,90.0,45.0,410.0,400.0,420.0,3.82962358935e-05,3.82962358935e-05
6.0,90.0,45.0,430.0,420.0,440.0,3.76287132583e-05,3.76287132583e-05
6.0,90.0,45.0,450.0,440.0,460.0,4.43322828693e-05,4.43322828693e-05
6.0,90.0,45.0,470.0,460.0,480.0,4.41575199076e-05,4.41575199076e-05
6.0,90.0,45.0,490.0,480.0,500.0,3.93029813846e-05,3.93029813846e-05
6.0,90.0,45.0,510.0,500.0,520.0,3.18500032205e-05,3.18500032205e-05
6.0,90.0,45.0,530.0,520.0,540.0,2.43624338022e-05,2.43624338022e-05
6.0,90.0,45.0,550.0,540.0,560.0,2.02760636408e-05,2.02760636408e-05
6.0,90.0,45.0,570.0,560.0,580.0,1.44553420241e-05,1.44553420241e-05
6.0,90.0,45.0,590.0,580.0,600.0,1.47147905005e-05,1.47147905005e-05
6.0,90.0,45.0,610.0,600.0,620.0,1.28318640246e-05,1.28318640246e-05
6.0,90.0,45.0,630.0,620.0,640.0,1.62789172252e-05,1.62789172252e-05
6.0,90.0,45.0,650.0,640.0,660.0,1.96838217504e-05,1.96838217504e-05
6.0,90.0,45.0,670.0,660.0,680.0,2.30566228671e-05,2.30566228671e-05
6.0,90.0,45.0,690.0,680.0,700.0,2.47246236591e-05,2.47246236591e-05
6.0,90.0,45.0,710.0,700.0,720.0,2.50111787574e-05,2.50111787574e-05
6.0,90.0,45.0,730.0,720.0,740.0,2.44222814052e-05,2.44222814052e-05
6.0,90.0,45.0,750.0,740.0,760.0,2.25851064892e-05,2.25851064892e-05
6.0,90.0,45.0,770.0,760.0,780.0,2.15535787461e-05,2.15535787461e-05
6.0,90.0,60.0,390.0,380.0,400.0,2.24416875067e-05,2.24416875067e-05
6.0,90.0,60.0,410.0,400.0,420.0,3.6006882582e-05,3.6006882582e-05
6.0,90.0,60.0,430.0,420.0,440.0,3.49076949868e-05,3.49076949868e-05
6.0,90.0,60.0,450.0,440.0,460.0,4.06752309546e-05,4.06752309546e-05
6.0,90.0,60.0,470.0,460.0,480.0,4.01510836964e-05,4.01510836964e-05
6.0,90.0,60.0,490.0,480.0,500.0,3.54785721696e-05,3.54785721696e-05
6.0,90.0,60.0,510.0,500.0,520.0,2.85919307549e-05,2.85919307549e-05
6.0,90.0,60.0,530.0,520.0,540.0,2.17840774006e-05,2.17840774006e-05
6.0,90.0,60.0,550.0,540.0,560.0,1.80618387343e-05,1.80618387343e-05
6.0,90.0,60.0,570.0,560.0,580.0,1.2847164048e-05,1.2847164048e-05
6.0,90.0,60.0,590.0,580.0,600.0,1.30258573204e-05,1.30258573204e-05
6.0,90.0,60.0,610.0,600.0,620.0,1.13271270219e-05,1.13271270219e-05
6.0,90.0,60.0,630.0,620.0,640.0,1.43001235296e-05,1.43001235296e-05
6.0,90.0,60.0,650.0,640.0,660.0,1.72118739965e-05,1.72118739965e-05
6.0,90.0,60.0,670.0,660.0,680.0,2.00812704448e-05,2.00812704448e-05
6.0,90.0,60.0,690.0,680.0,700.0,2.14616175518e-05,2.14616175518e-05
6.0,90.0,60.0,710.0,700.0,720.0,2.16487408436e-05,2.16487408436e-05
6.0,90.0,60.0,730.0,720.0,740.0,2.10895763017e-05,2.10895763017e-05
6.0,90.0,60.0,750.0,740.0,760.0,1.94697076459e-05,1.94697076459e-05
6.0,90.0,60.0,770.0,760.0,780.0,1.85468155941e-05,1.85468155941e-05
6.0,90.0,90.0,390.0,380.0,400.0,2.05830166525e-05,2.05830166525e-05
6.0,90.0,90.0,410.0,400.0,420.0,3.19828191587e-05,3.19828191587e-05
6.0,90.0,90.0,430.0,420.0,440.0,3.01128482331e-05,3.01128482331e-05
6.0,90.0,90.0,450.0,440.0,460.0,3.42027363875e-05,3.42027363875e-05
6.0,90.0,90.0,470.0,460.0,480.0,3.30442075699e-05,3.30442075699e-05
6.0,90.0,90.0,490.0,480.0,500.0,2.86910781148e-05,2.86910781148e-05
6.0,90.0,90.0,510.0,500.0,520.0,2.27984786266e-05,2.27984786266e-05
6.0,90.0,90.0,530.0,520.0,540.0,1.71738752114e-05,1.71738752114e-05
6.0,90.0,90.0,550.0,540.0,560.0,1.41206916095e-05,1.41206916095e-05
6.0,90.0,90.0,570.0,560.0,580.0,9.97097463443e-06,9.97097463443e-06
6.0,90.0,90.0,590.0,580.0,600.0,1.00780252458e-05,1.00780252458e-05
6.0,90.0,90.0,610.0,600.0,620.0,8.7404833586e-06,8.7404833586e-06
6.0,90.0,90.0,630.0,620.0,640.0,1.10366999584e-05,1.10366999584e-05
6.0,90.0,90.0,650.0,640.0,660.0,1.32809317029e-05,1.32809317029e-05
6.0,90.0,90.0,670.0,660.0,680.0,1.54897028507e-05,1.54897028507e-05
6.0,90.0,90.0,690.0,680.0,700.0,1.65528502164e-05,1.65528502164e-05
6.0,90.0,90.0,710.0,700.0,720.0,1.6702075264e-05,1.6702075264e-05
6.0,90.0,90.0,730.0,720.0,740.0,1.62833602111e-05,1.62833602111e-05
6.0,90.0,90.0,750.0,740.0,760.0,1.50534208088e-05,1.50534208088e-05
6.0,90.0,90.0,770.0,760.0,780.0,1.43607806231e-05,1.43607806231e-05
6.0,180.0,0.0,390.0,380.0,400.0,1.03621829443e-05,1.03621829443e-05
6.0,180.0,0.0,410.0,400.0,420.0,1.66454816328e-05,1.66454816328e-05
6.0,180.0,0.0,430.0,420.0,440.0,1.60504414979e-05,1.60504414979e-05
6.0,180.0,0.0,450.0,440.0,460.0,1.85116945163e-05,1.85116945163e-05
6.0,180.0,0.0,470.0,460.0,480.0,1.80327961954e-05,1.80327961954e-05
6.0,180.0,0.0,490.0,480.0,500.0,1.56931212353e-05,1.56931212353e-05
6.0,180.0,0.0,510.0,500.0,520.0,1.24318062967e-05,1.24318062967e-05
6.0,180.0,0.0,530.0,520.0,540.0,9.29187584605e-06,9.29187584605e-06
6.0,180.0,0.0,550.0,540.0,560.0,7.58770030133e-06,7.58770030133e-06
6.0,180.0,0.0,570.0,560.0,580.0,5.30648750809e-06,5.30648750809e-06
6.0,180.0,0.0,590.0,580.0,600.0,5.34840040616e-06,5.34840040616e-06
6.0,180.0,0.0,610.0,600.0,620.0,4.62056762782e-06,4.62056762782e-06
6.0,180.0,0.0,630.0,620.0,640.0,5.88386348298e-06,5.88386348298e-06
6.0,180.0,0.0,650.0,640.0,660.0,7.1731811244e-06,7.1731811244e-06
6.0,180.0,0.0,670.0,660.0,680.0,8.48122017549e-06,8.48122017549e-06
6.0,180.0,0.0,690.0,680.0,700.0,9.18002869741e-06,9.18002869741e-06
6.0,180.0,0.0,710.0,700.0,720.0,9.36811772246e-06,9.36811772246e-06
6.0,180.0,0.0,730.0,720.0,740.0,9.22236500208e-06,9.22236500208e-06
6.0,180.0,0.0,750.0,740.0,760.0,8.5806375839e-06,8.5806375839e-06
6.0,180.0,0.0,770.0,760.0,780.0,8.25916754776e-06,8.25916754776e-06
6.0,180.0,0.5,390.0,380.0,400.0,1.17245790087e-05,1.17245790087e-05
6.0,180.0,0.5,410.0,400.0,420.0,1.88581340291e-05,1.88581340291e-05
6.0,180.0,0.5,430.0,420.0,440.0,1.82063852266e-05,1.82063852266e-05
6.0,180.0,0.5,450.0,440.0,460.0,2.10233024579e-05,2.10233024579e-05
6.0,180.0,0.5,470.0,460.0,480.0,2.05035126062e-05,2.05035126062e-05
6.0,180.0,0.5,490.0,480.0,500.0,1.78642957941e-05,1.78642957941e-05
6.0,180.0,0.5,510.0,500.0,520.0,1.41689023361e-05,1.41689023361e-05
6.0,180.0,0.5,530.0,520.0,540.0,1.06033552661e-05,1.06033552661e-05
6.0,180.0,0.5,550.0,540.0,560.0,8.66930929693e-06,8.66930929693e-06
6.0,180.0,0.5,570.0,560.0,580.0,6.07008570914e-06,6.07008570914e-06
6.0,180.0,0.5,590.0,580.0,600.0,6.12556722923e-06,6.12556722923e-06
6.0,180.0,0.5,610.0,600.0,620.0,5.29801676368e-06,5.29801676368e-06
6.0,180.0,0.5,630.0,620.0,640.0,6.75161448274e-06,6.75161448274e-06
6.0,180.0,0.5,650.0,640.0,660.0,8.23407561776e-06,8.23407561776e-06
6.0,180.0,0.5,670.0,660.0,680.0,9.73764881516e-06,9.73764881516e-06
6.0,180.0,0.5,690.0,680.0,700.0,1.05419661778e-05,1.05419661778e-05
6.0,180.0,0.5,710.0,700.0,720.0,1.07602061943e-05,1.07602061943e-05
6.0,180.0,0.5,730.0,720.0,740.0,1.059543237e-05,1.059543237e-05
6.0,180.0,0.5,750.0,740.0,760.0,9.86184547476e-06,9.86184547476e-06
6.0,180.0,0.5,770.0,760.0,780.0,9.49445426412e-06,9.49445426412e-06
6.0,180.0,1.0,390.0,380.0,400.0,1.19851079886e-05,1.19851079886e-05
6.0,180.0,1.0,410.0,400.0,420.0,1.92803988824e-05,1.92803988824e-05
6.0,180.0,1.0,430.0,420.0,440.0,1.86158121027e-05,1.86158121027e-05
6.0,180.0,1.0,450.0,440.0,460.0,2.14968676471e-05,2.14968676471e-05
6.0,180.0,1.0,470.0,460.0,480.0,2.09652397516e-05,2.09652397516e-05
6.0,180.0,1.0,490.0,480.0,500.0,1.8265971401e-05,1.8265971401e-05
6.0,180.0,1.0,510.0,500.0,520.0,1.4486614236e-05,1.4486614236e-05
6.0,180.0,1.0,530.0,520.0,540.0,1.08402227057e-05,1.08402227057e-05
6.0,180.0,1.0,550.0,540.0,560.0,8.86233035862e-06,8.86233035862e-06
6.0,180.0,1.0,570.0,560.0,580.0,6.20455551895e-06,6.20455551895e-06
6.0,180.0,1.0,590.0,580.0,600.0,6.26118710728e-06,6.26118710728e-06
6.0,180.0,1.0,610.0,600.0,620.0,5.41509275242e-06,5.41509275242e-06
6.0,180.0,1.0,630.0,620.0,640.0,6.90118947901e-06,6.90118947901e-06
6.0,180.0,1.0,650.0,640.0,660.0,8.41680271839e-06,8.41680271839e-06
6.0,180.0,1.0,670.0,660.0,680.0,9.95396011707e-06,9.95396011707e-06
6.0,180.0,1.0,690.0,680.0,700.0,1.07763449401e-05,1.07763449401e-05
6.0,180.0,1.0,710.0,700.0,720.0,1.09996485644e-05,1.09996485644e-05
6.0,180.0,1.0,730.0,720.0,740.0,1.08314333683e-05,1.08314333683e-05
6.0,180.0,1.0,750.0,740.0,760.0,1.00817203712e-05,1.00817203712e-05
6.0,180.0,1.0,770.0,760.0,780.0,9.7064114845e-06,9.7064114845e-06
6.0,180.0,2.0,390.0,380.0,400.0,1.23781644879e-05,1.23781644879e-05
6.0,180.0,2.0,410.0,400.0,420.0,1.99259255377e-05,1.99259255377e-05
6.0,180.0,2.0,430.0,420.0,440.0,1.92472325385e-05,1.92472325385e-05
6.0,180.0,2.0,450.0,440.0,460.0,2.22308785973e-05,2.22308785973e-05
6.0,180.0,2.0,470.0,460.0,480.0,2.1682223029e-05,2.1682223029e-05
6.0,180.0,2.0,490.0,480.0,500.0,1.88892887293e-05,1.88892887293e-05
6.0,180.0,2.0,510.0,500.0,520.0,1.497805528e-05,1.497805528e-05
6.0,180.0,2.0,530.0,520.0,540.0,1.12046299181e-05,1.12046299181e-05
6.0,180.0,2.0,550.0,540.0,560.0,9.15750291651e-06,9.15750291651e-06
6.0,180.0,2.0,570.0,560.0,580.0,6.40849382345e-06,6.40849382345e-06
6.0,180.0,2.0,590.0,580.0,600.0,6.46587259454e-06,6.46587259454e-06
6.0,180.0,2.0,610.0,600.0,620.0,5.59068380398e-06,5.59068380398e-06
6.0,180.0,2.0,630.0,620.0,640.0,7.12579632423e-06,7.12579632423e-06
6.0,180.0,2.0,650.0,640.0,660.0,8.69202079705e-06,8.69202079705e-06
6.0,180.0,2.0,670.0,660.0,680.0,1.02807312713e-05,1.02807312713e-05
6.0,180.0,2.0,690.0,680.0,700.0,1.11312949302e-05,1.11312949302e-05
6.0,180.0,2.0,710.0,700.0,720.0,1.13629763246e-05,1.13629763246e-05
6.0,180.0,2.0,730.0,720.0,740.0,1.11899595964e-05,1.11899595964e-05
6.0,180.0,2.0,750.0,740.0,760.0,1.0415643201e-05,1.0415643201e-05
6.0,180.0,2.0,770.0,760.0,780.0,1.00285676513e-05,1.00285676513e-05
6.0,180.0,3.0,390.0,380.0,400.0,1.28031419964e-05,1.28031419964e-05
6.0,180.0,3.0,410.0,400.0,420.0,2.06284233834e-05,2.06284233834e-05
6.0,180.0,3.0,430.0,420.0,440.0,1.99369809632e-05,1.99369809632e-05
6.0,180.0,3.0,450.0,440.0,460.0,2.30337541856e-05,2.30337541856e-05
6.0,180.0,3.0,470.0,460.0,480.0,2.24657995506e-05,2.24657995506e-05
6.0,180.0,3.0,490.0,480.0,500.0,1.95686295241e-05,1.95686295241e-05
6.0,180.0,3.0,510.0,500.0,520.0,1.55112037627e-05,1.55112037627e-05
6.0,180.0,3.0,530.0,520.0,540.0,1.15974451625e-05,1.15974451625e-05
6.0,180.0,3.0,550.0,540.0,560.0,9.47329394737e-06,9.47329394737e-06
6.0,180.0,3.0,570.0,560.0,580.0,6.62460473801e-06,6.62460473801e-06
6.0,180.0,3.0,590.0,580.0,600.0,6.68091452145e-06,6.68091452145e-06
6.0,180.0,3.0,610.0,600.0,620.0,5.77327697274e-06,5.77327697274e-06
6.0,180.0,3.0,630.0,620.0,640.0,7.3577802101e-06,7.3577802101e-06
6.0,180.0,3.0,650.0,640.0,660.0,8.97445438139e-06,8.97445438139e-06
6.0,180.0,3.0,670.0,660.0,680.0,1.06136949682e-05,1.06136949682e-05
6.0,180.0,3.0,690.0,680.0,700.0,1.14900873229e-05,1.14900873229e-05
6.0,180.0,3.0,710.0,700.0,720.0,1.17269943601e-05,1.17269943601e-05
6.0,180.0,3.0,730.0,720.0,740.0,1.15456022005e-05,1.15456022005e-05
6.0,180.0,3.0,750.0,740.0,760.0,1.07430953746e-05,1.07430953746e-05
6.0,180.0,3.0,770.0,760.0,780.0,1.03408884077e-05,1.03408884077e-05
6.0,180.0,5.0,390.0,380.0,400.0,1.39535723902e-05,1.39535723902e-05
6.0,180.0,5.0,410.0,400.0,420.0,2.25123453821e-05,2.25123453821e-05
6.0,180.0,5.0,430.0,420.0,440.0,2.17693966684e-05,2.17693966684e-05
6.0,180.0,5.0,450.0,440.0,460.0,2.51459826245e-05,2.51459826245e-05
6.0,180.0,5.0,470.0,460.0,480.0,2.4505828361e-05,2.4505828361e-05
6.0,180.0,5.0,490.0,480.0,500.0,2.13172192452e-05,2.13172192452e-05
6.0,180.0,5.0,510.0,500.0,520.0,1.68664673834e-05,1.68664673834e-05
6.0,180.0,5.0,530.0,520.0,540.0,1.25824205269e-05,1.25824205269e-05
6.0,180.0,5.0,550.0,540.0,560.0,1.0253129757e-05,1.0253129757e-05
6.0,180.0,5.0,570.0,560.0,580.0,7.14950666665e-06,7.14950666665e-06
6.0,180.0,5.0,590.0,580.0,600.0,7.19361592774e-06,7.19361592774e-06
6.0,180.0,5.0,610.0,600.0,620.0,6.19995934968e-06,6.19995934968e-06
6.0,180.0,5.0,630.0,620.0,640.0,7.88829770223e-06,7.88829770223e-06
6.0,180.0,5.0,650.0,640.0,660.0,9.60578178457e-06,9.60578178457e-06
6.0,180.0,5.0,670.0,660.0,680.0,1.13402031502e-05,1.13402031502e-05
6.0,180.0,5.0,690.0,680.0,700.0,1.22532529768e-05,1.22532529768e-05
6.0,180.0,5.0,710.0,700.0,720.0,1.24808927726e-05,1.24808927726e-05
6.0,180.0,5.0,730.0,720.0,740.0,1.22617857078e-05,1.22617857078e-05
6.0,180.0,5.0,750.0,740.0,760.0,1.13834016193e-05,1.13834016193e-05
6.0,180.0,5.0,770.0,760.0,780.0,1.09331387128e-05,1.09331387128e-05
6.0,180.0,8.0,390.0,380.0,400.0,1.60621007777e-05,1.60621007777e-05
6.0,180.0,8.0,410.0,400.0,420.0,2.5911947435e-05,2.5911947435e-05
6.0,180.0,8.0,430.0,420.0,440.0,2.50260854293e-05,2.50260854293e-05
6.0,180.0,8.0,450.0,440.0,460.0,2.88427480804e-05,2.88427480804e-05
6.0,180.0,8.0,470.0,460.0,480.0,2.8019625235e-05,2.8019625235e-05
6.0,180.0,8.0,490.0,480.0,500.0,2.42785344136e-05,2.42785344136e-05
6.0,180.0,8.0,510.0,500.0,520.0,1.91215402243e-05,1.91215402243e-05
6.0,180.0,8.0,530.0,520.0,540.0,1.41922607562e-05,1.41922607562e-05
6.0,180.0,8.0,550.0,540.0,560.0,1.15020924839e-05,1.15020924839e-05
6.0,180.0,8.0,570.0,560.0,580.0,7.97408490273e-06,7.97408490273e-06
6.0,180.0,8.0,590.0,580.0,600.0,7.97765593025e-06,7.97765593025e-06
6.0,180.0,8.0,610.0,600.0,620.0,6.83515682171e-06,6.83515682171e-06
6.0,180.0,8.0,630.0,620.0,640.0,8.6488110363e-06,8.6488110363e-06
6.0,180.0,8.0,650.0,640.0,660.0,1.04744438958e-05,1.04744438958e-05
6.0,180.0,8.0,670.0,660.0,680.0,1.22972452193e-05,1.22972452193e-05
6.0,180.0,8.0,690.0,680.0,700.0,1.32131848629e-05,1.32131848629e-05
6.0,180.0,8.0,710.0,700.0,720.0,1.33838500924e-05,1.33838500924e-05
6.0,180.0,8.0,730.0,720.0,740.0,1.30758258879e-05,1.30758258879e-05
6.0,180.0,8.0,750.0,740.0,760.0,1.20721529266e-05,1.20721529266e-05
6.0,180.0,8.0,770.0,760.0,780.0,1.15318034005e-05,1.15318034005e-05
6.0,180.0,12.0,390.0,380.0,400.0,1.8838897487e-05,1.8838897487e-05
6.0,180.0,12.0,410.0,400.0,420.0,3.01996188788e-05,3.01996188788e-05
6.0,180.0,12.0,430.0,420.0,440.0,2.89519345732e-05,2.89519345732e-05
6.0,180.0,12.0,450.0,440.0,460.0,3.31002670752e-05,3.31002670752e-05
6.0,180.0,12.0,470.0,460.0,480.0,3.18885830201e-05,3.18885830201e-05
6.0,180.0,12.0,490.0,480.0,500.0,2.74004234117e-05,2.74004234117e-05
6.0,180.0,12.0,510.0,500.0,520.0,2.14026953978e-05,2.14026953978e-05
6.0,180.0,12.0,530.0,520.0,540.0,1.57589820094e-05,1.57589820094e-05
6.0,180.0,12.0,550.0,540.0,560.0,1.26752903682e-05,1.26752903682e-05
6.0,180.0,12.0,570.0,560.0,580.0,8.72385483271e-06,8.72385483271e-06
6.0,180.0,12.0,590.0,580.0,600.0,8.67170942071e-06,8.67170942071e-06
6.0,180.0,12.0,610.0,600.0,620.0,7.38472112147e-06,7.38472112147e-06
6.0,180.0,12.0,630.0,620.0,640.0,9.2963212991e-06,9.2963212991e-06
6.0,180.0,12.0,650.0,640.0,660.0,1.12045673646e-05,1.12045673646e-05
6.0,180.0,12.0,670.0,660.0,680.0,1.30946944637e-05,1.30946944637e-05
6.0,180.0,12.0,690.0,680.0,700.0,1.40108072391e-05,1.40108072391e-05
6.0,180.0,12.0,710.0,700.0,720.0,1.41378489361e-05,1.41378489361e-05
6.0,180.0,12.0,730.0,720.0,740.0,1.37653852309e-05,1.37653852309e-05
6.0,180.0,12.0,750.0,740.0,760.0,1.26714224034e-05,1.26714224034e-05
6.0,180.0,12.0,770.0,760.0,780.0,1.20723704277e-05,1.20723704277e-05
6.0,180.0,20.0,390.0,380.0,400.0,2.23584463291e-05,2.23584463291e-05
6.0,180.0,20.0,410.0,400.0,420.0,3.52774551778e-05,3.52774551778e-05
6.0,180.0,20.0,430.0,420.0,440.0,3.33574274731e-05,3.33574274731e-05
6.0,180.0,20.0,450.0,440.0,460.0,3.77246747693e-05,3.77246747693e-05
6.0,180.0,20.0,470.0,460.0,480.0,3.60692717155e-05,3.60692717155e-05
6.0,180.0,20.0,490.0,480.0,500.0,3.08584087125e-05,3.08584087125e-05
6.0,180.0,20.0,510.0,500.0,520.0,2.40637434006e-05,2.40637434006e-05
6.0,180.0,20.0,530.0,520.0,540.0,1.77223195114e-05,1.77223195114e-05
6.0,180.0,20.0,550.0,540.0,560.0,1.43007112281e-05,1.43007112281e-05
6.0,180.0,20.0,570.0,560.0,580.0,9.87077673498e-06,9.87077673498e-06
6.0,180.0,20.0,590.0,580.0,600.0,9.90295536987e-06,9.90295536987e-06
6.0,180.0,20.0,610.0,600.0,620.0,8.50374810003e-06,8.50374810003e-06
6.0,180.0,20.0,630.0,620.0,640.0,1.0847041482e-05,1.0847041482e-05
6.0,180.0,20.0,650.0,640.0,660.0,1.32207209691e-05,1.32207209691e-05
6.0,180.0,20.0,670.0,660.0,680.0,1.56015605759e-05,1.56015605759e-05
6.0,180.0,20.0,690.0,680.0,700.0,1.6844547548e-05,1.6844547548e-05
6.0,180.0,20.0,710.0,700.0,720.0,1.71486121626e-05,1.71486121626e-05
6.0,180.0,20.0,730.0,720.0,740.0,1.68457505564e-05,1.68457505564e-05
6.0,180.0,20.0,750.0,740.0,760.0,1.5651595824e-05,1.5651595824e-05
6.0,180.0,20.0,770.0,760.0,780.0,1.50439060091e-05,1.50439060091e-05
6.0,180.0,30.0,390.0,380.0,400.0,2.43249645586e-05,2.43249645586e-05
6.0,180.0,30.0,410.0,400.0,420.0,3.80351723059e-05,3.80351723059e-05
6.0,180.0,30.0,430.0,420.0,440.0,3.5795157975e-05,3.5795157975e-05
6.0,180.0,30.0,450.0,440.0,460.0,4.04466558388e-05,4.04466558388e-05
6.0,180.0,30.0,470.0,460.0,480.0,3.87650318363e-05,3.87650318363e-05
6.0,180.0,30.0,490.0,480.0,500.0,3.33260354751e-05,3.33260354751e-05
6.0,180.0,30.0,510.0,500.0,520.0,2.61535689138e-05,2.61535689138e-05
6.0,180.0,30.0,530.0,520.0,540.0,1.93959503087e-05,1.93959503087e-05
6.0,180.0,30.0,550.0,540.0,560.0,1.57810236721e-05,1.57810236721e-05
6.0,180.0,30.0,570.0,560.0,580.0,1.09685338501e-05,1.09685338501e-05
6.0,180.0,30.0,590.0,580.0,600.0,1.11152194009e-05,1.11152194009e-05
6.0,180.0,30.0,610.0,600.0,620.0,9.62305236111e-06,9.62305236111e-06
6.0,180.0,30.0,630.0,620.0,640.0,1.23732872441e-05,1.23732872441e-05
6.0,180.0,30.0,650.0,640.0,660.0,1.51520186693e-05,1.51520186693e-05
6.0,180.0,30.0,670.0,660.0,680.0,1.79335169979e-05,1.79335169979e-05
6.0,180.0,30.0,690.0,680.0,700.0,1.9404556199e-05,1.9404556199e-05
6.0,180.0,30.0,710.0,700.0,720.0,1.97918546504e-05,1.97918546504e-05
6.0,180.0,30.0,730.0,720.0,740.0,1.9477192248e-05,1.9477192248e-05
6.0,180.0,30.0,750.0,740.0,760.0,1.81366735539e-05,1.81366735539e-05
6.0,180.0,30.0,770.0,760.0,780.0,1.7454748031e-05,1.7454748031e-05
6.0,180.0,45.0,390.0,380.0,400.0,2.49728910557e-05,2.49728910557e-05
6.0,180.0,45.0,410.0,400.0,420.0,3.87610875333e-05,3.87610875333e-05
6.0,180.0,45.0,430.0,420.0,440.0,3.63227254686e-05,3.63227254686e-05
6.0,180.0,45.0,450.0,440.0,460.0,4.09662870244e-05,4.09662870244e-05
6.0,180.0,45.0,470.0,460.0,480.0,3.92581682872e-05,3.92581682872e-05
6.0,180.0,45.0,490.0,480.0,500.0,3.37874970327e-05,3.37874970327e-05
6.0,180.0,45.0,510.0,500.0,520.0,2.65736455704e-05,2.65736455704e-05
6.0,180.0,45.0,530.0,520.0,540.0,1.97695757837e-05,1.97695757837e-05
6.0,180.0,45.0,550.0,540.0,560.0,1.61252460989e-05,1.61252460989e-05
6.0,180.0,45.0,570.0,560.0,580.0,1.12452783149e-05,1.12452783149e-05
6.0,180.0,45.0,590.0,580.0,600.0,1.13971884011e-05,1.13971884011e-05
6.0,180.0,45.0,610.0,600.0,620.0,9.87267173095e-06,9.87267173095e-06
6.0,180.0,45.0,630.0,620.0,640.0,1.26379256425e-05,1.26379256425e-05
6.0,180.0,45.0,650.0,640.0,660.0,1.53925362139e-05,1.53925362139e-05
6.0,180.0,45.0,670.0,660.0,680.0,1.81241267305e-05,1.81241267305e-05
6.0,180.0,45.0,690.0,680.0,700.0,1.95188252662e-05,1.95188252662e-05
6.0,180.0,45.0,710.0,700.0,720.0,1.98247916096e-05,1.98247916096e-05
6.0,180.0,45.0,730.0,720.0,740.0,1.94374255774e-05,1.94374255774e-05
6.0,180.0,45.0,750.0,740.0,760.0,1.80479978956e-05,1.80479978956e-05
6.0,180.0,45.0,770.0,760.0,780.0,1.73099050606e-05,1.73099050606e-05
6.0,180.0,60.0,390.0,380.0,400.0,2.38471063117e-05,2.38471063117e-05
6.0,180.0,60.0,410.0,400.0,420.0,3.6945839682e-05,3.6945839682e-05
6.0,180.0,60.0,430.0,420.0,440.0,3.4640095478e-05,3.4640095478e-05
6.0,180.0,60.0,450.0,440.0,460.0,3.91506607476e-05,3.91506607476e-05
6.0,180.0,60.0,470.0,460.0,480.0,3.76277080446e-05,3.76277080446e-05
6.0,180.0,60.0,490.0,480.0,500.0,3.24931073402e-05,3.24931073402e-05
6.0,180.0,60.0,510.0,500.0,520.0,2.56574430977e-05,2.56574430977e-05
6.0,180.0,60.0,530.0,520.0,540.0,1.91806014425e-05,1.91806014425e-05
6.0,180.0,60.0,550.0,540.0,560.0,1.56913864508e-05,1.56913864508e-05
6.0,180.0,60.0,570.0,560.0,580.0,1.09946652441e-05,1.09946652441e-05
6.0,180.0,60.0,590.0,580.0,600.0,1.11241831592e-05,1.11241831592e-05
6.0,180.0,60.0,610.0,600.0,620.0,9.63436025453e-06,9.63436025453e-06
6.0,180.0,60.0,630.0,620.0,640.0,1.22499814419e-05,1.22499814419e-05
6.0,180.0,60.0,650.0,640.0,660.0,1.48272603429e-05,1.48272603429e-05
6.0,180.0,60.0,670.0,660.0,680.0,1.73676496082e-05,1.73676496082e-05
6.0,180.0,60.0,690.0,680.0,700.0,1.86204629335e-05,1.86204629335e-05
6.0,180.0,60.0,710.0,700.0,720.0,1.88374553779e-05,1.88374553779e-05
6.0,180.0,60.0,730.0,720.0,740.0,1.84040239758e-05,1.84040239758e-05
6.0,180.0,60.0,750.0,740.0,760.0,1.70383997066e-05,1.70383997066e-05
6.0,180.0,60.0,770.0,760.0,780.0,1.62868538465e-05,1.62868538465e-05
6.0,180.0,90.0,390.0,380.0,400.0,2.05830166525e-05,2.05830166525e-05
6.0,180.0,90.0,410.0,400.0,420.0,3.19828191587e-05,3.19828191587e-05
6.0,180.0,90.0,430.0,420.0,440.0,3.01128482331e-05,3.01128482331e-05
6.0,180.0,90.0,450.0,440.0,460.0,3.42027363875e-05,3.42027363875e-05
6.0,180.0,90.0,470.0,460.0,480.0,3.30442075699e-05,3.30442075699e-05
6.0,180.0,90.0,490.0,480.0,500.0,2.86910781148e-05,2.86910781148e-05
6.0,180.0,90.0,510.0,500.0,520.0,2.27984786266e-05,2.27984786266e-05
6.0,180.0,90.0,530.0,520.0,540.0,1.71738752114e-05,1.71738752114e-05
6.0,180.0,90.0,550.0,540.0,560.0,1.41206916095e-05,1.41206916095e-05
6.0,180.0,90.0,570.0,560.0,580.0,9.97097463443e-06,9.97097463443e-06
6.0,180.0,90.0,590.0,580.0,600.0,1.00780252458e-05,1.00780252458e-05
6.0,180.0,90.0,610.0,600.0,620.0,8.7404833586e-06,8.7404833586e-06
6.0,180.0,90.0,630.0,620.0,640.0,1.10366999584e-05,1.10366999584e-05
6.0,180.0,90.0,650.0,640.0,660.0,1.32809317029e-05,1.32809317029e-05
6.0,180.0,90.0,670.0,660.0,680.0,1.54897028507e-05,1.54897028507e-05
6.0,180.0,90.0,690.0,680.0,700.0,1.65528502164e-05,1.65528502164e-05
6.0,180.0,90.0,710.0,700.0,720.0,1.6702075264e-05,1.6702075264e-05
6.0,180.0,90.0,730.0,720.0,740.0,1.62833602111e-05,1.62833602111e-05
6.0,180.0,90.0,750.0,740.0,760.0,1.50534208088e-05,1.50534208088e-05
6.0,180.0,90.0,770.0,760.0,780.0,1.43607806231e-05,1.43607806231e-05
9.0,0.0,0.0,390.0,380.0,400.0,4.41657102785e-07,4.41657102785e-07
9.0,0.0,0.0,410.0,400.0,420.0,8.10655403637e-07,8.10655403637e-07
9.0,0.0,0.0,430.0,420.0,440.0,8.85158842515e-07,8.85158842515e-07
9.0,0.0,0.0,450.0,440.0,460.0,1.14129015697e-06,1.14129015697e-06
9.0,0.0,0.0,470.0,460.0,480.0,1.22489130093e-06,1.22489130093e-06
9.0,0.0,0.0,490.0,480.0,500.0,1.15838888578e-06,1.15838888578e-06
9.0,0.0,0.0,510.0,500.0,520.0,9.84595028682e-07,9.84595028682e-07
9.0,0.0,0.0,530.0,520.0,540.0,7.81855030611e-07,7.81855030611e-07
9.0,0.0,0.0,550.0,540.0,560.0,6.6922572783e-07,6.6922572783e-07
9.0,0.0,0.0,570.0,560.0,580.0,4.88960825148e-07,4.88960825148e-07
9.0,0.0,0.0,590.0,580.0,600.0,5.03558832597e-07,5.03558832597e-07
9.0,0.0,0.0,610.0,600.0,620.0,4.43930830646e-07,4.43930830646e-07
9.0,0.0,0.0,630.0,620.0,640.0,5.72615688934e-07,5.72615688934e-07
9.0,0.0,0.0,650.0,640.0,660.0,7.13498190877e-07,7.13498190877e-07
9.0,0.0,0.0,670.0,660.0,680.0,8.64774382836e-07,8.64774382836e-07
9.0,0.0,0.0,690.0,680.0,700.0,9.58355104285e-07,9.58355104285e-07
9.0,0.0,0.0,710.0,700.0,720.0,9.98561810988e-07,9.98561810988e-07
9.0,0.0,0.0,730.0,720.0,740.0,9.99820939562e-07,9.99820939562e-07
9.0,0.0,0.0,750.0,740.0,760.0,9.40318998907e-07,9.40318998907e-07
9.0,0.0,0.0,770.0,760.0,780.0,9.16617553182e-07,9.16617553182e-07
9.0,0.0,0.5,390.0,380.0,400.0,4.20432695379e-07,4.20432695379e-07
9.0,0.0,0.5,410.0,400.0,420.0,7.71190072032e-07,7.71190072032e-07
9.0,0.0,0.5,430.0,420.0,440.0,8.41619355766e-07,8.41619355766e-07
9.0,0.0,0.5,450.0,440.0,460.0,1.08469922703e-06,1.08469922703e-06
9.0,0.0,0.5,470.0,460.0,480.0,1.16377681863e-06,1.16377681863e-06
9.0,0.0,0.5,490.0,480.0,500.0,1.10030073559e-06,1.10030073559e-06
9.0,0.0,0.5,510.0,500.0,520.0,9.34996173012e-07,9.34996173012e-07
9.0,0.0,0.5,530.0,520.0,540.0,7.42283521091e-07,7.42283521091e-07
9.0,0.0,0.5,550.0,540.0,560.0,6.35246713462e-07,6.35246713462e-07
9.0,0.0,0.5,570.0,560.0,580.0,4.64025421003e-07,4.64025421003e-07
9.0,0.0,0.5,590.0,580.0,600.0,4.77879399865e-07,4.77879399865e-07
9.0,0.0,0.5,610.0,600.0,620.0,4.21265174989e-07,4.21265174989e-07
9.0,0.0,0.5,630.0,620.0,640.0,5.43469327807e-07,5.43469327807e-07
9.0,0.0,0.5,650.0,640.0,660.0,6.77269522641e-07,6.77269522641e-07
9.0,0.0,0.5,670.0,660.0,680.0,8.20931989822e-07,8.20931989822e-07
9.0,0.0,0.5,690.0,680.0,700.0,9.09813876841e-07,9.09813876841e-07
9.0,0.0,0.5,710.0,700.0,720.0,9.48014243793e-07,9.48014243793e-07
9.0,0.0,0.5,730.0,720.0,740.0,9.49224253213e-07,9.49224253213e-07
9.0,0.0,0.5,750.0,740.0,760.0,8.92731850642e-07,8.92731850642e-07
9.0,0.0,0.5,770.0,760.0,780.0,8.70233755499e-07,8.70233755499e-07
9.0,0.0,1.0,390.0,380.0,400.0,4.22048821137e-07,4.22048821137e-07
9.0,0.0,1.0,410.0,400.0,420.0,7.74112243055e-07,7.74112243055e-07
9.0,0.0,1.0,430.0,420.0,440.0,8.44816407834e-07,8.44816407834e-07
9.0,0.0,1.0,450.0,440.0,460.0,1.08889366543e-06,1.08889366543e-06
9.0,0.0,1.0,470.0,460.0,480.0,1.16840983356e-06,1.16840983356e-06
9.0,0.0,1.0,490.0,480.0,500.0,1.10483709638e-06,1.10483709638e-06
9.0,0.0,1.0,510.0,500.0,520.0,9.38998380298e-07,9.38998380298e-07
9.0,0.0,1.0,530.0,520.0,540.0,7.45578510337e-07,7.45578510337e-07
9.0,0.0,1.0,550.0,540.0,560.0,6.38182405557e-07,6.38182405557e-07
9.0,0.0,1.0,570.0,560.0,580.0,4.66244355926e-07,4.66244355926e-07
9.0,0.0,1.0,590.0,580.0,600.0,4.80274440967e-07,4.80274440967e-07
9.0,0.0,1.0,610.0,600.0,620.0,4.23460771443e-07,4.23460771443e-07
9.0,0.0,1.0,630.0,620.0,640.0,5.46446529255e-07,5.46446529255e-07
9.0,0.0,1.0,650.0,640.0,660.0,6.8114892878e-07,6.8114892878e-07
9.0,0.0,1.0,670.0,660.0,680.0,8.25822353629e-07,8.25822353629e-07
9.0,0.0,1.0,690.0,680.0,700.0,9.1543039783e-07,9.1543039783e-07
9.0,0.0,1.0,710.0,700.0,720.0,9.5406913032e-07,9.5406913032e-07
9.0,0.0,1.0,730.0,720.0,740.0,9.55484729922e-07,9.55484729922e-07
9.0,0.0,1.0,750.0,740.0,760.0,8.9880574089e-07,8.9880574089e-07
9.0,0.0,1.0,770.0,760.0,780.0,8.76344731657e-07,8.76344731657e-07
9.0,0.0,2.0,390.0,380.0,400.0,4.35421723415e-07,4.35421723415e-07
9.0,0.0,2.0,410.0,400.0,420.0,7.99680109116e-07,7.99680109116e-07
9.0,0.0,2.0,430.0,420.0,440.0,8.73828184738e-07,8.73828184738e-07
9.0,0.0,2.0,450.0,440.0,460.0,1.1276994945e-06,1.1276994945e-06
9.0,0.0,2.0,470.0,460.0,480.0,1.21156748468e-06,1.21156748468e-06
9.0,0.0,2.0,490.0,480.0,500.0,1.14710376109e-06,1.14710376109e-06
9.0,0.0,2.0,510.0,500.0,520.0,9.76219084723e-07,9.76219084723e-07
9.0,0.0,2.0,530.0,520.0,540.0,7.76236008081e-07,7.76236008081e-07
9.0,0.0,2.0,550.0,540.0,560.0,6.65500144527e-07,6.65500144527e-07
9.0,0.0,2.0,570.0,560.0,580.0,4.8708269998e-07,4.8708269998e-07
9.0,0.0,2.0,590.0,580.0,600.0,5.0291619714e-07,5.0291619714e-07
9.0,0.0,2.0,610.0,600.0,620.0,4.44652762588e-07,4.44652762588e-07
9.0,0.0,2.0,630.0,620.0,640.0,5.75976983199e-07,5.75976983199e-07
9.0,0.0,2.0,650.0,640.0,660.0,7.21349988457e-07,7.21349988457e-07
9.0,0.0,2.0,670.0,660.0,680.0,8.79603088985e-07,8.79603088985e-07
9.0,0.0,2.0,690.0,680.0,700.0,9.81865239655e-07,9.81865239655e-07
9.0,0.0,2.0,710.0,700.0,720.0,1.03193918754e-06,1.03193918754e-06
9.0,0.0,2.0,730.0,720.0,740.0,1.04382683186e-06,1.04382683186e-06
9.0,0.0,2.0,750.0,740.0,760.0,9.93446382754e-07,9.93446382754e-07
9.0,0.0,2.0,770.0,760.0,780.0,9.81884999496e-07,9.81884999496e-07
9.0,0.0,3.0,390.0,380.0,400.0,4.54466582566e-07,4.54466582566e-07
9.0,0.0,3.0,410.0,400.0,420.0,8.37002657929e-07,8.37002657929e-07
9.0,0.0,3.0,430.0,420.0,440.0,9.17377079678e-07,9.17377079678e-07
9.0,0.0,3.0,450.0,440.0,460.0,1.18805946905e-06,1.18805946905e-06
9.0,0.0,3.0,470.0,460.0,480.0,1.28194566849e-06,1.28194566849e-06
9.0,0.0,3.0,490.0,480.0,500.0,1.22040786946e-06,1.22040786946e-06
9.0,0.0,3.0,510.0,500.0,520.0,1.04585637096e-06,1.04585637096e-06
9.0,0.0,3.0,530.0,520.0,540.0,8.3881789582e-07,8.3881789582e-07
9.0,0.0,3.0,550.0,540.0,560.0,7.27052424639e-07,7.27052424639e-07
9.0,0.0,3.0,570.0,560.0,580.0,5.38946072486e-07,5.38946072486e-07
9.0,0.0,3.0,590.0,580.0,600.0,5.66020655055e-07,5.66020655055e-07
9.0,0.0,3.0,610.0,600.0,620.0,5.10283852688e-07,5.10283852688e-07
9.0,0.0,3.0,630.0,620.0,640.0,6.78053239188e-07,6.78053239188e-07
9.0,0.0,3.0,650.0,640.0,660.0,8.73934111889e-07,8.73934111889e-07
9.0,0.0,3.0,670.0,660.0,680.0,1.09963996808e-06,1.09963996808e-06
9.0,0.0,3.0,690.0,680.0,700.0,1.26969639686e-06,1.26969639686e-06
9.0,0.0,3.0,710.0,700.0,720.0,1.38330266362e-06,1.38330266362e-06
9.0,0.0,3.0,730.0,720.0,740.0,1.45278458272e-06,1.45278458272e-06
9.0,0.0,3.0,750.0,740.0,760.0,1.43702434437e-06,1.43702434437e-06
9.0,0.0,3.0,770.0,760.0,780.0,1.47726487362e-06,1.47726487362e-06
9.0,0.0,5.0,390.0,380.0,400.0,5.10168992979e-07,5.10168992979e-07
9.0,0.0,5.0,410.0,400.0,420.0,9.60079324012e-07,9.60079324012e-07
9.0,0.0,5.0,430.0,420.0,440.0,1.0812114375e-06,1.0812114375e-06
9.0,0.0,5.0,450.0,440.0,460.0,1.44687222411e-06,1.44687222411e-06
9.0,0.0,5.0,470.0,460.0,480.0,1.62165020598e-06,1.62165020598e-06
9.0,0.0,5.0,490.0,480.0,500.0,1.61065197171e-06,1.61065197171e-06
9.0,0.0,5.0,510.0,500.0,520.0,1.44470891978e-06,1.44470891978e-06
9.0,0.0,5.0,530.0,520.0,540.0,1.2148179067e-06,1.2148179067e-06
9.0,0.0,5.0,550.0,540.0,560.0,1.10551187231e-06,1.10551187231e-06
9.0,0.0,5.0,570.0,560.0,580.0,8.58893425326e-07,8.58893425326e-07
9.0,0.0,5.0,590.0,580.0,600.0,9.4763348177e-07,9.4763348177e-07
9.0,0.0,5.0,610.0,600.0,620.0,8.9421795131e-07,8.9421795131e-07
9.0,0.0,5.0,630.0,620.0,640.0,1.24273101762e-06,1.24273101762e-06
9.0,0.0,5.0,650.0,640.0,660.0,1.66455409835e-06,1.66455409835e-06
9.0,0.0,5.0,670.0,660.0,680.0,2.16346466468e-06,2.16346466468e-06
9.0,0.0,5.0,690.0,680.0,700.0,2.5662771383e-06,2.5662771383e-06
9.0,0.0,5.0,710.0,700.0,720.0,2.8578363029e-06,2.8578363029e-06
9.0,0.0,5.0,730.0,720.0,740.0,3.05332192093e-06,3.05332192093e-06
9.0,0.0,5.0,750.0,740.0,760.0,3.0599367955e-06,3.0599367955e-06
9.0,0.0,5.0,770.0,760.0,780.0,3.1714855049e-06,3.1714855049e-06
9.0,0.0,8.0,390.0,380.0,400.0,6.8530961571e-07,6.8530961571e-07
9.0,0.0,8.0,410.0,400.0,420.0,1.36131007386e-06,1.36131007386e-06
9.0,0.0,8.0,430.0,420.0,440.0,1.60601264534e-06,1.60601264534e-06
9.0,0.0,8.0,450.0,440.0,460.0,2.23136668299e-06,2.23136668299e-06
9.0,0.0,8.0,470.0,460.0,480.0,2.57322285841e-06,2.57322285841e-06
9.0,0.0,8.0,490.0,480.0,500.0,2.60791599119e-06,2.60791599119e-06
9.0,0.0,8.0,510.0,500.0,520.0,2.370444882e-06,2.370444882e-06
9.0,0.0,8.0,530.0,520.0,540.0,2.00805614012e-06,2.00805614012e-06
9.0,0.0,8.0,550.0,540.0,560.0,1.82808964188e-06,1.82808964188e-06
9.0,0.0,8.0,570.0,560.0,580.0,1.41543120158e-06,1.41543120158e-06
9.0,0.0,8.0,590.0,580.0,600.0,1.54415439061e-06,1.54415439061e-06
9.0,0.0,8.0,610.0,600.0,620.0,1.43718177e-06,1.43718177e-06
9.0,0.0,8.0,630.0,620.0,640.0,1.95219270698e-06,1.95219270698e-06
9.0,0.0,8.0,650.0,640.0,660.0,2.54580243362e-06,2.54580243362e-06
9.0,0.0,8.0,670.0,660.0,680.0,3.21714302529e-06,3.21714302529e-06
9.0,0.0,8.0,690.0,680.0,700.0,3.70926655585e-06,3.70926655585e-06
9.0,0.0,8.0,710.0,700.0,720.0,4.01595562931e-06,4.01595562931e-06
9.0,0.0,8.0,730.0,720.0,740.0,4.17441642619e-06,4.17441642619e-06
9.0,0.0,8.0,750.0,740.0,760.0,4.07682016619e-06,4.07682016619e-06
9.0,0.0,8.0,770.0,760.0,780.0,4.11454291054e-06,4.11454291054e-06
9.0,0.0,12.0,390.0,380.0,400.0,9.47133528821e-07,9.47133528821e-07
9.0,0.0,12.0,410.0,400.0,420.0,1.86079950282e-06,1.86079950282e-06
9.0,0.0,12.0,430.0,420.0,440.0,2.14830048775e-06,2.14830048775e-06
9.0,0.0,12.0,450.0,440.0,460.0,2.90431378458e-06,2.90431378458e-06
9.0,0.0,12.0,470.0,460.0,480.0,3.25016126351e-06,3.25016126351e-06
9.0,0.0,12.0,490.0,480.0,500.0,3.19318250813e-06,3.19318250813e-06
9.0,0.0,12.0,510.0,500.0,520.0,2.81345659989e-06,2.81345659989e-06
9.0,0.0,12.0,530.0,520.0,540.0,2.31081117967e-06,2.31081117967e-06
9.0,0.0,12.0,550.0,540.0,560.0,2.04123416912e-06,2.04123416912e-06
9.0,0.0,12.0,570.0,560.0,580.0,1.53374516372e-06,1.53374516372e-06
9.0,0.0,12.0,590.0,580.0,600.0,1.62794151184e-06,1.62794151184e-06
9.0,0.0,12.0,610.0,600.0,620.0,1.47478861374e-06,1.47478861374e-06
9.0,0.0,12.0,630.0,620.0,640.0,1.95198950154e-06,1.95198950154e-06
9.0,0.0,12.0,650.0,640.0,660.0,2.478062562e-06,2.478062562e-06
9.0,0.0,12.0,670.0,660.0,680.0,3.04890903325e-06,3.04890903325e-06
9.0,0.0,12.0,690.0,680.0,700.0,3.42544286734e-06,3.42544286734e-06
9.0,0.0,12.0,710.0,700.0,720.0,3.61796856072e-06,3.61796856072e-06
9.0,0.0,12.0,730.0,720.0,740.0,3.6736667338e-06,3.6736667338e-06
9.0,0.0,12.0,750.0,740.0,760.0,3.51089699417e-06,3.51089699417e-06
9.0,0.0,12.0,770.0,760.0,780.0,3.46850782034e-06,3.46850782034e-06
9.0,0.0,20.0,390.0,380.0,400.0,1.07783679077e-06,1.07783679077e-06
9.0,0.0,20.0,410.0,400.0,420.0,1.97590726344e-06,1.97590726344e-06
9.0,0.0,20.0,430.0,420.0,440.0,2.14196921523e-06,2.14196921523e-06
9.0,0.0,20.0,450.0,440.0,460.0,2.73747274643e-06,2.73747274643e-06
9.0,0.0,20.0,470.0,460.0,480.0,2.913973622e-06,2.913973622e-06
9.0,0.0,20.0,490.0,480.0,500.0,2.73675315416e-06,2.73675315416e-06
9.0,0.0,20.0,510.0,500.0,520.0,2.31336205878e-06,2.31336205878e-06
9.0,0.0,20.0,530.0,520.0,540.0,1.82724584832e-06,1.82724584832e-06
9.0,0.0,20.0,550.0,540.0,560.0,1.55887500594e-06,1.55887500594e-06
9.0,0.0,20.0,570.0,560.0,580.0,1.1314519464e-06,1.1314519464e-06
9.0,0.0,20.0,590.0,580.0,600.0,1.1691638723e-06,1.1691638723e-06
9.0,0.0,20.0,610.0,600.0,620.0,1.03097369927e-06,1.03097369927e-06
9.0,0.0,20.0,630.0,620.0,640.0,1.33607986399e-06,1.33607986399e-06
9.0,0.0,20.0,650.0,640.0,660.0,1.65950179641e-06,1.65950179641e-06
9.0,0.0,20.0,670.0,660.0,680.0,1.99691260925e-06,1.99691260925e-06
9.0,0.0,20.0,690.0,680.0,700.0,2.19493207169e-06,2.19493207169e-06
9.0,0.0,20.0,710.0,700.0,720.0,2.26955378677e-06,2.26955378677e-06
9.0,0.0,20.0,730.0,720.0,740.0,2.25797351032e-06,2.25797351032e-06
9.0,0.0,20.0,750.0,740.0,760.0,2.11655973658e-06,2.11655973658e-06
9.0,0.0,20.0,770.0,760.0,780.0,2.05235381005e-06,2.05235381005e-06
9.0,0.0,30.0,390.0,380.0,400.0,9.9227810559e-07,9.9227810559e-07
9.0,0.0,30.0,410.0,400.0,420.0,1.72727209372e-06,1.72727209372e-06
9.0,0.0,30.0,430.0,420.0,440.0,1.79125594794e-06,1.79125594794e-06
9.0,0.0,30.0,450.0,440.0,460.0,2.20321055396e-06,2.20321055396e-06
9.0,0.0,30.0,470.0,460.0,480.0,2.26794019066e-06,2.26794019066e-06
9.0,0.0,30.0,490.0,480.0,500.0,2.06734872134e-06,2.06734872134e-06
9.0,0.0,30.0,510.0,500.0,520.0,1.70074950784e-06,1.70074950784e-06
9.0,0.0,30.0,530.0,520.0,540.0,1.31031280031e-06,1.31031280031e-06
9.0,0.0,30.0,550.0,540.0,560.0,1.09325451228e-06,1.09325451228e-06
9.0,0.0,30.0,570.0,560.0,580.0,7.77233226702e-07,7.77233226702e-07
9.0,0.0,30.0,590.0,580.0,600.0,7.88537123837e-07,7.88537123837e-07
9.0,0.0,30.0,610.0,600.0,620.0,6.83423956982e-07,6.83423956982e-07
9.0,0.0,30.0,630.0,620.0,640.0,8.72522687589e-07,8.72522687589e-07
9.0,0.0,30.0,650.0,640.0,660.0,1.06918870253e-06,1.06918870253e-06
9.0,0.0,30.0,670.0,660.0,680.0,1.27035998489e-06,1.27035998489e-06
9.0,0.0,30.0,690.0,680.0,700.0,1.37945004499e-06,1.37945004499e-06
9.0,0.0,30.0,710.0,700.0,720.0,1.4096379901e-06,1.4096379901e-06
9.0,0.0,30.0,730.0,720.0,740.0,1.38645232631e-06,1.38645232631e-06
9.0,0.0,30.0,750.0,740.0,760.0,1.28493827579e-06,1.28493827579e-06
9.0,0.0,30.0,770.0,760.0,780.0,1.23284797343e-06,1.23284797343e-06
9.0,0.0,45.0,390.0,380.0,400.0,7.66311821278e-07,7.66311821278e-07
9.0,0.0,45.0,410.0,400.0,420.0,1.24827382986e-06,1.24827382986e-06
9.0,0.0,45.0,430.0,420.0,440.0,1.22302230424e-06,1.22302230424e-06
9.0,0.0,45.0,450.0,440.0,460.0,1.43316814915e-06,1.43316814915e-06
9.0,0.0,45.0,470.0,460.0,480.0,1.41556855403e-06,1.41556855403e-06
9.0,0.0,45.0,490.0,480.0,500.0,1.24531628884e-06,1.24531628884e-06
9.0,0.0,45.0,510.0,500.0,520.0,9.932178914e-07,9.932178914e-07
9.0,0.0,45.0,530.0,520.0,540.0,7.44554953862e-07,7.44554953862e-07
9.0,0.0,45.0,550.0,540.0,560.0,6.06828996647e-07,6.06828996647e-07
9.0,0.0,45.0,570.0,560.0,580.0,4.2241123885e-07,4.2241123885e-07
9.0,0.0,45.0,590.0,580.0,600.0,4.21182006033e-07,4.21182006033e-07
9.0,0.0,45.0,610.0,600.0,620.0,3.59314934895e-07,3.59314934895e-07
9.0,0.0,45.0,630.0,620.0,640.0,4.5308481111e-07,4.5308481111e-07
9.0,0.0,45.0,650.0,640.0,660.0,5.49242329904e-07,5.49242329904e-07
9.0,0.0,45.0,670.0,660.0,680.0,6.46145291056e-07,6.46145291056e-07
9.0,0.0,45.0,690.0,680.0,700.0,6.95144181954e-07,6.95144181954e-07
9.0,0.0,45.0,710.0,700.0,720.0,7.04148979966e-07,7.04148979966e-07
9.0,0.0,45.0,730.0,720.0,740.0,6.86814287381e-07,6.86814287381e-07
9.0,0.0,45.0,750.0,740.0,760.0,6.31396327619e-07,6.31396327619e-07
9.0,0.0,45.0,770.0,760.0,780.0,6.01376466685e-07,6.01376466685e-07
9.0,0.0,60.0,390.0,380.0,400.0,6.4439356533e-07,6.4439356533e-07
9.0,0.0,60.0,410.0,400.0,420.0,1.01641962897e-06,1.01641962897e-06
9.0,0.0,60.0,430.0,420.0,440.0,9.67526492812e-07,9.67526492812e-07
9.0,0.0,60.0,450.0,440.0,460.0,1.1049974663e-06,1.1049974663e-06
9.0,0.0,60.0,470.0,460.0,480.0,1.06676925442e-06,1.06676925442e-06
9.0,0.0,60.0,490.0,480.0,500.0,9.19562316008e-07,9.19562316008e-07
9.0,0.0,60.0,510.0,500.0,520.0,7.20214559167e-07,7.20214559167e-07
9.0,0.0,60.0,530.0,520.0,540.0,5.31278881417e-07,5.31278881417e-07
9.0,0.0,60.0,550.0,540.0,560.0,4.26728646165e-07,4.26728646165e-07
9.0,0.0,60.0,570.0,560.0,580.0,2.93362989167e-07,2.93362989167e-07
9.0,0.0,60.0,590.0,580.0,600.0,2.88789721038e-07,2.88789721038e-07
9.0,0.0,60.0,610.0,600.0,620.0,2.4364798555e-07,2.4364798555e-07
9.0,0.0,60.0,630.0,620.0,640.0,3.04000074922e-07,3.04000074922e-07
9.0,0.0,60.0,650.0,640.0,660.0,3.65459848063e-07,3.65459848063e-07
9.0,0.0,60.0,670.0,660.0,680.0,4.26932621365e-07,4.26932621365e-07
9.0,0.0,60.0,690.0,680.0,700.0,4.56403526381e-07,4.56403526381e-07
9.0,0.0,60.0,710.0,700.0,720.0,4.59554282822e-07,4.59554282822e-07
9.0,0.0,60.0,730.0,720.0,740.0,4.45643807061e-07,4.45643807061e-07
9.0,0.0,60.0,750.0,740.0,760.0,4.07245274795e-07,4.07245274795e-07
9.0,0.0,60.0,770.0,760.0,780.0,3.85832599724e-07,3.85832599724e-07
9.0,0.0,90.0,390.0,380.0,400.0,5.07268215155e-07,5.07268215155e-07
9.0,0.0,90.0,410.0,400.0,420.0,7.34367049891e-07,7.34367049891e-07
9.0,0.0,90.0,430.0,420.0,440.0,6.42380297563e-07,6.42380297563e-07
9.0,0.0,90.0,450.0,440.0,460.0,6.76818137776e-07,6.76818137776e-07
9.0,0.0,90.0,470.0,460.0,480.0,6.0628274687e-07,6.0628274687e-07
9.0,0.0,90.0,490.0,480.0,500.0,4.88181969094e-07,4.88181969094e-07
9.0,0.0,90.0,510.0,500.0,520.0,3.59598750701e-07,3.59598750701e-07
9.0,0.0,90.0,530.0,520.0,540.0,2.51115646714e-07,2.51115646714e-07
9.0,0.0,90.0,550.0,540.0,560.0,1.92415915371e-07,1.92415915371e-07
9.0,0.0,90.0,570.0,560.0,580.0,1.26840892946e-07,1.26840892946e-07
9.0,0.0,90.0,590.0,580.0,600.0,1.20891269872e-07,1.20891269872e-07
9.0,0.0,90.0,610.0,600.0,620.0,9.91730143791e-08,9.91730143791e-08
9.0,0.0,90.0,630.0,620.0,640.0,1.21363753677e-07,1.21363753677e-07
9.0,0.0,90.0,650.0,640.0,660.0,1.43488963913e-07,1.43488963913e-07
9.0,0.0,90.0,670.0,660.0,680.0,1.6517712404e-07,1.6517712404e-07
9.0,0.0,90.0,690.0,680.0,700.0,1.74339434797e-07,1.74339434797e-07
9.0,0.0,90.0,710.0,700.0,720.0,1.73644540054e-07,1.73644540054e-07
9.0,0.0,90.0,730.0,720.0,740.0,1.66888851392e-07,1.66888851392e-07
9.0,0.0,90.0,750.0,740.0,760.0,1.51445447728e-07,1.51445447728e-07
9.0,0.0,90.0,770.0,760.0,780.0,1.42672572366e-07,1.42672572366e-07
9.0,90.0,0.0,390.0,380.0,400.0,2.8423967859e-07,2.8423967859e-07
9.0,90.0,0.0,410.0,400.0,420.0,4.56503531158e-07,4.56503531158e-07
9.0,90.0,0.0,430.0,420.0,440.0,4.39837134736e-07,4.39837134736e-07
9.0,90.0,0.0,450.0,440.0,460.0,5.05953700992e-07,5.05953700992e-07
9.0,90.0,0.0,470.0,460.0,480.0,4.90210716468e-07,4.90210716468e-07
9.0,90.0,0.0,490.0,480.0,500.0,4.23043211552e-07,4.23043211552e-07
9.0,90.0,0.0,510.0,500.0,520.0,3.31252129985e-07,3.31252129985e-07
9.0,90.0,0.0,530.0,520.0,540.0,2.44167743734e-07,2.44167743734e-07
9.0,90.0,0.0,550.0,540.0,560.0,1.95878903002e-07,1.95878903002e-07
9.0,90.0,0.0,570.0,560.0,580.0,1.34752375903e-07,1.34752375903e-07
9.0,90.0,0.0,590.0,580.0,600.0,1.32225290472e-07,1.32225290472e-07
9.0,90.0,0.0,610.0,600.0,620.0,1.11452726131e-07,1.11452726131e-07
9.0,90.0,0.0,630.0,620.0,640.0,1.38859095506e-07,1.38859095506e-07
9.0,90.0,0.0,650.0,640.0,660.0,1.67566274846e-07,1.67566274846e-07
9.0,90.0,0.0,670.0,660.0,680.0,1.97121136763e-07,1.97121136763e-07
9.0,90.0,0.0,690.0,680.0,700.0,2.12460192215e-07,2.12460192215e-07
9.0,90.0,0.0,710.0,700.0,720.0,2.15688097145e-07,2.15688097145e-07
9.0,90.0,0.0,730.0,720.0,740.0,2.10848226637e-07,2.10848226637e-07
9.0,90.0,0.0,750.0,740.0,760.0,1.93934335063e-07,1.93934335063e-07
9.0,90.0,0.0,770.0,760.0,780.0,1.85282982255e-07,1.85282982255e-07
9.0,90.0,0.5,390.0,380.0,400.0,2.85133749125e-07,2.85133749125e-07
9.0,90.0,0.5,410.0,400.0,420.0,4.57818534154e-07,4.57818534154e-07
9.0,90.0,0.5,430.0,420.0,440.0,4.4100256775e-07,4.4100256775e-07
9.0,90.0,0.5,450.0,440.0,460.0,5.07194062908e-07,5.07194062908e-07
9.0,90.0,0.5,470.0,460.0,480.0,4.91328684078e-07,4.91328684078e-07
9.0,90.0,0.5,490.0,480.0,500.0,4.23944643046e-07,4.23944643046e-07
9.0,90.0,0.5,510.0,500.0,520.0,3.3191319087e-07,3.3191319087e-07
9.0,90.0,0.5,530.0,520.0,540.0,2.44624595416e-07,2.44624595416e-07
9.0,90.0,0.5,550.0,540.0,560.0,1.96223812159e-07,1.96223812159e-07
9.0,90.0,0.5,570.0,560.0,580.0,1.34974648828e-07,1.34974648828e-07
9.0,90.0,0.5,590.0,580.0,600.0,1.32433405122e-07,1.32433405122e-07
9.0,90.0,0.5,610.0,600.0,620.0,1.1161927212e-07,1.1161927212e-07
9.0,90.0,0.5,630.0,620.0,640.0,1.39060414473e-07,1.39060414473e-07
9.0,90.0,0.5,650.0,640.0,660.0,1.6780168129e-07,1.6780168129e-07
9.0,90.0,0.5,670.0,660.0,680.0,1.97388468303e-07,1.97388468303e-07
9.0,90.0,0.5,690.0,680.0,700.0,2.12737979255e-07,2.12737979255e-07
9.0,90.0,0.5,710.0,700.0,720.0,2.15960741641e-07,2.15960741641e-07
9.0,90.0,0.5,730.0,720.0,740.0,2.11105896191e-07,2.11105896191e-07
9.0,90.0,0.5,750.0,740.0,760.0,1.94163847235e-07,1.94163847235e-07
9.0,90.0,0.5,770.0,760.0,780.0,1.85495313784e-07,1.85495313784e-07
9.0,90.0,1.0,390.0,380.0,400.0,2.95753019561e-07,2.95753019561e-07
9.0,90.0,1.0,410.0,400.0,420.0,4.78158092059e-07,4.78158092059e-07
9.0,90.0,1.0,430.0,420.0,440.0,4.63900437382e-07,4.63900437382e-07
9.0,90.0,1.0,450.0,440.0,460.0,5.37365883824e-07,5.37365883824e-07
9.0,90.0,1.0,470.0,460.0,480.0,5.24209252846e-07,5.24209252846e-07
9.0,90.0,1.0,490.0,480.0,500.0,4.55368469399e-07,4.55368469399e-07
9.0,90.0,1.0,510.0,500.0,520.0,3.58827132814e-07,3.58827132814e-07
9.0,90.0,1.0,530.0,520.0,540.0,2.66117489679e-07,2.66117489679e-07
9.0,90.0,1.0,550.0,540.0,560.0,2.14682280698e-07,2.14682280698e-07
9.0,90.0,1.0,570.0,560.0,580.0,1.48498676647e-07,1.48498676647e-07
9.0,90.0,1.0,590.0,580.0,600.0,1.4636355046e-07,1.4636355046e-07
9.0,90.0,1.0,610.0,600.0,620.0,1.23896848525e-07,1.23896848525e-07
9.0,90.0,1.0,630.0,620.0,640.0,1.54861055144e-07,1.54861055144e-07
9.0,90.0,1.0,650.0,640.0,660.0,1.87445797269e-07,1.87445797269e-07
9.0,90.0,1.0,670.0,660.0,680.0,2.21144500061e-07,2.21144500061e-07
9.0,90.0,1.0,690.0,680.0,700.0,2.39006958295e-07,2.39006958295e-07
9.0,90.0,1.0,710.0,700.0,720.0,2.4328025055e-07,2.4328025055e-07
9.0,90.0,1.0,730.0,720.0,740.0,2.38402702341e-07,2.38402702341e-07
9.0,90.0,1.0,750.0,740.0,760.0,2.19782280749e-07,2.19782280749e-07
9.0,90.0,1.0,770.0,760.0,780.0,2.10407923357e-07,2.10407923357e-07
9.0,90.0,2.0,390.0,380.0,400.0,3.10312303701e-07,3.10312303701e-07
9.0,90.0,2.0,410.0,400.0,420.0,5.04426706217e-07,5.04426706217e-07
9.0,90.0,2.0,430.0,420.0,440.0,4.92123265623e-07,4.92123265623e-07
9.0,90.0,2.0,450.0,440.0,460.0,5.73239794872e-07,5.73239794872e-07
9.0,90.0,2.0,470.0,460.0,480.0,5.62243195651e-07,5.62243195651e-07
9.0,90.0,2.0,490.0,480.0,500.0,4.90962895311e-07,4.90962895311e-07
9.0,90.0,2.0,510.0,500.0,520.0,3.88822270193e-07,3.88822270193e-07
9.0,90.0,2.0,530.0,520.0,540.0,2.89771899585e-07,2.89771899585e-07
9.0,90.0,2.0,550.0,540.0,560.0,2.34816996573e-07,2.34816996573e-07
9.0,90.0,2.0,570.0,560.0,580.0,1.63147789092e-07,1.63147789092e-07
9.0,90.0,2.0,590.0,580.0,600.0,1.61402004876e-07,1.61402004876e-07
9.0,90.0,2.0,610.0,600.0,620.0,1.37120876058e-07,1.37120876058e-07
9.0,90.0,2.0,630.0,620.0,640.0,1.71888237971e-07,1.71888237971e-07
9.0,90.0,2.0,650.0,640.0,660.0,2.08640946812e-07,2.08640946812e-07
9.0,90.0,2.0,670.0,660.0,680.0,2.46821166284e-07,2.46821166284e-07
9.0,90.0,2.0,690.0,680.0,700.0,2.67462729612e-07,2.67462729612e-07
9.0,90.0,2.0,710.0,700.0,720.0,2.72951675038e-07,2.72951675038e-07
9.0,90.0,2.0,730.0,720.0,740.0,2.68138743072e-07,2.68138743072e-07
9.0,90.0,2.0,750.0,740.0,760.0,2.47780790976e-07,2.47780790976e-07
9.0,90.0,2.0,770.0,760.0,780.0,2.37733469896e-07,2.37733469896e-07
9.0,90.0,3.0,390.0,380.0,400.0,3.27672251244e-07,3.27672251244e-07
9.0,90.0,3.0,410.0,400.0,420.0,5.3582831333e-07,5.3582831333e-07
9.0,90.0,3.0,430.0,420.0,440.0,5.25918728864e-07,5.25918728864e-07
9.0,90.0,3.0,450.0,440.0,460.0,6.16254438733e-07,6.16254438733e-07
9.0,90.0,3.0,470.0,460.0,480.0,6.07905705235e-07,6.07905705235e-07
9.0,90.0,3.0,490.0,480.0,500.0,5.33755879687e-07,5.33755879687e-07
9.0,90.0,3.0,510.0,500.0,520.0,4.24938117209e-07,4.24938117209e-07
9.0,90.0,3.0,530.0,520.0,540.0,3.1830077698e-07,3.1830077698e-07
9.0,90.0,3.0,550.0,540.0,560.0,2.59146789044e-07,2.59146789044e-07
9.0,90.0,3.0,570.0,560.0,580.0,1.80883813461e-07,1.80883813461e-07
9.0,90.0,3.0,590.0,580.0,600.0,1.79649092465e-07,1.79649092465e-07
9.0,90.0,3.0,610.0,600.0,620.0,1.53201282862e-07,1.53201282862e-07
9.0,90.0,3.0,630.0,620.0,640.0,1.92645824199e-07,1.92645824199e-07
9.0,90.0,3.0,650.0,640.0,660.0,2.34548614172e-07,2.34548614172e-07
9.0,90.0,3.0,670.0,660.0,680.0,2.7829095786e-07,2.7829095786e-07
9.0,90.0,3.0,690.0,680.0,700.0,3.0242905979e-07,3.0242905979e-07
9.0,90.0,3.0,710.0,700.0,720.0,3.09500830762e-07,3.09500830762e-07
9.0,90.0,3.0,730.0,720.0,740.0,3.04850742171e-07,3.04850742171e-07
9.0,90.0,3.0,750.0,740.0,760.0,2.82416707376e-07,2.82416707376e-07
9.0,90.0,3.0,770.0,760.0,780.0,2.71602974805e-07,2.71602974805e-07
9.0,90.0,5.0,390.0,380.0,400.0,3.67184816162e-07,3.67184816162e-07
9.0,90.0,5.0,410.0,400.0,420.0,6.07887729076e-07,6.07887729076e-07
9.0,90.0,5.0,430.0,420.0,440.0,6.03867450501e-07,6.03867450501e-07
9.0,90.0,5.0,450.0,440.0,460.0,7.15721631038e-07,7.15721631038e-07
9.0,90.0,5.0,470.0,460.0,480.0,7.13550203842e-07,7.13550203842e-07
9.0,90.0,5.0,490.0,480.0,500.0,6.3264611216e-07,6.3264611216e-07
9.0,90.0,5.0,510.0,500.0,520.0,5.08173720471e-07,5.08173720471e-07
9.0,90.0,5.0,530.0,520.0,540.0,3.83781465472e-07,3.83781465472e-07
9.0,90.0,5.0,550.0,540.0,560.0,3.14710229538e-07,3.14710229538e-07
9.0,90.0,5.0,570.0,560.0,580.0,2.21131261423e-07,2.21131261423e-07
9.0,90.0,5.0,590.0,580.0,600.0,2.20798698701e-07,2.20798698701e-07
9.0,90.0,5.0,610.0,600.0,620.0,1.89202607344e-07,1.89202607344e-07
9.0,90.0,5.0,630.0,620.0,640.0,2.38830209971e-07,2.38830209971e-07
9.0,90.0,5.0,650.0,640.0,660.0,2.91811300355e-07,2.91811300355e-07
9.0,90.0,5.0,670.0,660.0,680.0,3.47346145925e-07,3.47346145925e-07
9.0,90.0,5.0,690.0,680.0,700.0,3.78558970718e-07,3.78558970718e-07
9.0,90.0,5.0,710.0,700.0,720.0,3.88416863211e-07,3.88416863211e-07
9.0,90.0,5.0,730.0,720.0,740.0,3.83431756289e-07,3.83431756289e-07
9.0,90.0,5.0,750.0,740.0,760.0,3.55886671188e-07,3.55886671188e-07
9.0,90.0,5.0,770.0,760.0,780.0,3.42800724798e-07,3.42800724798e-07
9.0,90.0,8.0,390.0,380.0,400.0,4.35691138485e-07,4.35691138485e-07
9.0,90.0,8.0,410.0,400.0,420.0,7.31990125898e-07,7.31990125898e-07
9.0,90.0,8.0,430.0,420.0,440.0,7.36147500008e-07,7.36147500008e-07
9.0,90.0,8.0,450.0,440.0,460.0,8.81174257836e-07,8.81174257836e-07
9.0,90.0,8.0,470.0,460.0,480.0,8.8524468933e-07,8.8524468933e-07
9.0,90.0,8.0,490.0,480.0,500.0,7.89377330846e-07,7.89377330846e-07
9.0,90.0,8.0,510.0,500.0,520.0,6.36668676957e-07,6.36668676957e-07
9.0,90.0,8.0,530.0,520.0,540.0,4.82162261005e-07,4.82162261005e-07
9.0,90.0,8.0,550.0,540.0,560.0,3.95983855223e-07,3.95983855223e-07
9.0,90.0,8.0,570.0,560.0,580.0,2.78403442062e-07,2.78403442062e-07
9.0,90.0,8.0,590.0,580.0,600.0,2.77903852914e-07,2.77903852914e-07
9.0,90.0,8.0,610.0,600.0,620.0,2.37913743126e-07,2.37913743126e-07
9.0,90.0,8.0,630.0,620.0,640.0,2.9992637225e-07,2.9992637225e-07
9.0,90.0,8.0,650.0,640.0,660.0,3.65841381924e-07,3.65841381924e-07
9.0,90.0,8.0,670.0,660.0,680.0,4.34551180761e-07,4.34551180761e-07
9.0,90.0,8.0,690.0,680.0,700.0,4.72454696861e-07,4.72454696861e-07
9.0,90.0,8.0,710.0,700.0,720.0,4.83488795807e-07,4.83488795807e-07
9.0,90.0,8.0,730.0,720.0,740.0,4.75940308526e-07,4.75940308526e-07
9.0,90.0,8.0,750.0,740.0,760.0,4.40473610953e-07,4.40473610953e-07
9.0,90.0,8.0,770.0,760.0,780.0,4.22979362136e-07,4.22979362136e-07
9.0,90.0,12.0,390.0,380.0,400.0,5.29612041873e-07,5.29612041873e-07
9.0,90.0,12.0,410.0,400.0,420.0,8.93065005242e-07,8.93065005242e-07
9.0,90.0,12.0,430.0,420.0,440.0,8.98443152467e-07,8.98443152467e-07
9.0,90.0,12.0,450.0,440.0,460.0,1.07332926708e-06,1.07332926708e-06
9.0,90.0,12.0,470.0,460.0,480.0,1.07450957776e-06,1.07450957776e-06
9.0,90.0,12.0,490.0,480.0,500.0,9.53858932553e-07,9.53858932553e-07
9.0,90.0,12.0,510.0,500.0,520.0,7.65427478977e-07,7.65427478977e-07
9.0,90.0,12.0,530.0,520.0,540.0,5.76542531586e-07,5.76542531586e-07
9.0,90.0,12.0,550.0,540.0,560.0,4.70821158885e-07,4.70821158885e-07
9.0,90.0,12.0,570.0,560.0,580.0,3.29106902309e-07,3.29106902309e-07
9.0,90.0,12.0,590.0,580.0,600.0,3.26645850662e-07,3.26645850662e-07
9.0,90.0,12.0,610.0,600.0,620.0,2.78048575673e-07,2.78048575673e-07
9.0,90.0,12.0,630.0,620.0,640.0,3.48551639792e-07,3.48551639792e-07
9.0,90.0,12.0,650.0,640.0,660.0,4.22673449262e-07,4.22673449262e-07
9.0,90.0,12.0,670.0,660.0,680.0,4.99076968713e-07,4.99076968713e-07
9.0,90.0,12.0,690.0,680.0,700.0,5.39407266539e-07,5.39407266539e-07
9.0,90.0,12.0,710.0,700.0,720.0,5.48826496775e-07,5.48826496775e-07
9.0,90.0,12.0,730.0,720.0,740.0,5.37243094066e-07,5.37243094066e-07
9.0,90.0,12.0,750.0,740.0,760.0,4.94600442604e-07,4.94600442604e-07
9.0,90.0,12.0,770.0,760.0,780.0,4.72455533851e-07,4.72455533851e-07
9.0,90.0,20.0,390.0,380.0,400.0,6.57289025313e-07,6.57289025313e-07
9.0,90.0,20.0,410.0,400.0,420.0,1.08883058276e-06,1.08883058276e-06
9.0,90.0,20.0,430.0,420.0,440.0,1.07621095009e-06,1.07621095009e-06
9.0,90.0,20.0,450.0,440.0,460.0,1.26439983972e-06,1.26439983972e-06
9.0,90.0,20.0,470.0,460.0,480.0,1.24636019367e-06,1.24636019367e-06
9.0,90.0,20.0,490.0,480.0,500.0,1.09081264242e-06,1.09081264242e-06
9.0,90.0,20.0,510.0,500.0,520.0,8.64034704856e-07,8.64034704856e-07
9.0,90.0,20.0,530.0,520.0,540.0,6.43147034402e-07,6.43147034402e-07
9.0,90.0,20.0,550.0,540.0,560.0,5.19430732725e-07,5.19430732725e-07
9.0,90.0,20.0,570.0,560.0,580.0,3.59396723832e-07,3.59396723832e-07
9.0,90.0,20.0,590.0,580.0,600.0,3.53246289795e-07,3.53246289795e-07
9.0,90.0,20.0,610.0,600.0,620.0,2.97967772912e-07,2.97967772912e-07
9.0,90.0,20.0,630.0,620.0,640.0,3.70080517232e-07,3.70080517232e-07
9.0,90.0,20.0,650.0,640.0,660.0,4.4462476058e-07,4.4462476058e-07
9.0,90.0,20.0,670.0,660.0,680.0,5.20250868623e-07,5.20250868623e-07
9.0,90.0,20.0,690.0,680.0,700.0,5.57418438644e-07,5.57418438644e-07
9.0,90.0,20.0,710.0,700.0,720.0,5.62485752935e-07,5.62485752935e-07
9.0,90.0,20.0,730.0,720.0,740.0,5.46339106643e-07,5.46339106643e-07
9.0,90.0,20.0,750.0,740.0,760.0,4.99393528677e-07,4.99393528677e-07
9.0,90.0,20.0,770.0,760.0,780.0,4.73657553612e-07,4.73657553612e-07
9.0,90.0,30.0,390.0,380.0,400.0,7.05544139674e-07,7.05544139674e-07
9.0,90.0,30.0,410.0,400.0,420.0,1.14252617241e-06,1.14252617241e-06
9.0,90.0,30.0,430.0,420.0,440.0,1.1076710074e-06,1.1076710074e-06
9.0,90.0,30.0,450.0,440.0,460.0,1.28019712133e-06,1.28019712133e-06
9.0,90.0,30.0,470.0,460.0,480.0,1.24438883358e-06,1.24438883358e-06
9.0,90.0,30.0,490.0,480.0,500.0,1.07601739782e-06,1.07601739782e-06
9.0,90.0,30.0,510.0,500.0,520.0,8.43421796016e-07,8.43421796016e-07
9.0,90.0,30.0,530.0,520.0,540.0,6.22069201141e-07,6.22069201141e-07
9.0,90.0,30.0,550.0,540.0,560.0,4.9824617948e-07,4.9824617948e-07
9.0,90.0,30.0,570.0,560.0,580.0,3.42198837771e-07,3.42198837771e-07
9.0,90.0,30.0,590.0,580.0,600.0,3.33968916982e-07,3.33968916982e-07
9.0,90.0,30.0,610.0,600.0,620.0,2.79902680142e-07,2.79902680142e-07
9.0,90.0,30.0,630.0,620.0,640.0,3.45329233583e-07,3.45329233583e-07
9.0,90.0,30.0,650.0,640.0,660.0,4.12159500155e-07,4.12159500155e-07
9.0,90.0,30.0,670.0,660.0,680.0,4.79232661638e-07,4.79232661638e-07
9.0,90.0,30.0,690.0,680.0,700.0,5.10429174926e-07,5.10429174926e-07
9.0,90.0,30.0,710.0,700.0,720.0,5.12212774503e-07,5.12212774503e-07
9.0,90.0,30.0,730.0,720.0,740.0,4.94937045609e-07,4.94937045609e-07
9.0,90.0,30.0,750.0,740.0,760.0,4.50284552212e-07,4.50284552212e-07
9.0,90.0,30.0,770.0,760.0,780.0,4.25099644567e-07,4.25099644567e-07
9.0,90.0,45.0,390.0,380.0,400.0,6.8330817758e-07,6.8330817758e-07
9.0,90.0,45.0,410.0,400.0,420.0,1.08249679986e-06,1.08249679986e-06
9.0,90.0,45.0,430.0,420.0,440.0,1.03064488197e-06,1.03064488197e-06
9.0,90.0,45.0,450.0,440.0,460.0,1.17342097992e-06,1.17342097992e-06
9.0,90.0,45.0,470.0,460.0,480.0,1.12633737536e-06,1.12633737536e-06
9.0,90.0,45.0,490.0,480.0,500.0,9.6359492335e-07,9.6359492335e-07
9.0,90.0,45.0,510.0,500.0,520.0,7.48422456432e-07,7.48422456432e-07
9.0,90.0,45.0,530.0,520.0,540.0,5.47653818817e-07,5.47653818817e-07
9.0,90.0,45.0,550.0,540.0,560.0,4.35575484169e-07,4.35575484169e-07
9.0,90.0,45.0,570.0,560.0,580.0,2.9731129021e-07,2.9731129021e-07
9.0,90.0,45.0,590.0,580.0,600.0,2.88508880475e-07,2.88508880475e-07
9.0,90.0,45.0,610.0,600.0,620.0,2.40565381887e-07,2.40565381887e-07
9.0,90.0,45.0,630.0,620.0,640.0,2.95270036143e-07,2.95270036143e-07
9.0,90.0,45.0,650.0,640.0,660.0,3.50634409253e-07,3.50634409253e-07
9.0,90.0,45.0,670.0,660.0,680.0,4.0574385231e-07,4.0574385231e-07
9.0,90.0,45.0,690.0,680.0,700.0,4.30224943952e-07,4.30224943952e-07
9.0,90.0,45.0,710.0,700.0,720.0,4.29938210394e-07,4.29938210394e-07
9.0,90.0,45.0,730.0,720.0,740.0,4.13849292205e-07,4.13849292205e-07
9.0,90.0,45.0,750.0,740.0,760.0,3.75222552181e-07,3.75222552181e-07
9.0,90.0,45.0,770.0,760.0,780.0,3.53046687824e-07,3.53046687824e-07
9.0,90.0,60.0,390.0,380.0,400.0,6.21219193324e-07,6.21219193324e-07
9.0,90.0,60.0,410.0,400.0,420.0,9.64728429777e-07,9.64728429777e-07
9.0,90.0,60.0,430.0,420.0,440.0,9.0357618449e-07,9.0357618449e-07
9.0,90.0,60.0,450.0,440.0,460.0,1.01509111055e-06,1.01509111055e-06
9.0,90.0,60.0,470.0,460.0,480.0,9.63874604828e-07,9.63874604828e-07
9.0,90.0,60.0,490.0,480.0,500.0,8.17394973653e-07,8.17394973653e-07
9.0,90.0,60.0,510.0,500.0,520.0,6.30287730305e-07,6.30287730305e-07
9.0,90.0,60.0,530.0,520.0,540.0,4.5837310498e-07,4.5837310498e-07
9.0,90.0,60.0,550.0,540.0,560.0,3.62798041101e-07,3.62798041101e-07
9.0,90.0,60.0,570.0,560.0,580.0,2.46497173247e-07,2.46497173247e-07
9.0,90.0,60.0,590.0,580.0,600.0,2.38616334921e-07,2.38616334921e-07
9.0,90.0,60.0,610.0,600.0,620.0,1.98493405696e-07,1.98493405696e-07
9.0,90.0,60.0,630.0,620.0,640.0,2.43436287929e-07,2.43436287929e-07
9.0,90.0,60.0,650.0,640.0,660.0,2.88736607355e-07,2.88736607355e-07
9.0,90.0,60.0,670.0,660.0,680.0,3.33640055861e-07,3.33640055861e-07
9.0,90.0,60.0,690.0,680.0,700.0,3.5326762073e-07,3.5326762073e-07
9.0,90.0,60.0,710.0,700.0,720.0,3.52572961725e-07,3.52572961725e-07
9.0,90.0,60.0,730.0,720.0,740.0,3.39006569915e-07,3.39006569915e-07
9.0,90.0,60.0,750.0,740.0,760.0,3.0712476801e-07,3.0712476801e-07
9.0,90.0,60.0,770.0,760.0,780.0,2.88745873982e-07,2.88745873982e-07
9.0,90.0,90.0,390.0,380.0,400.0,5.07222838262e-07,5.07222838262e-07
9.0,90.0,90.0,410.0,400.0,420.0,7.34300241774e-07,7.34300241774e-07
9.0,90.0,90.0,430.0,420.0,440.0,6.423236963e-07,6.423236963e-07
9.0,90.0,90.0,450.0,440.0,460.0,6.76761221699e-07,6.76761221699e-07
9.0,90.0,90.0,470.0,460.0,480.0,6.06233568643e-07,6.06233568643e-07
9.0,90.0,90.0,490.0,480.0,500.0,4.88141846778e-07,4.88141846778e-07
9.0,90.0,90.0,510.0,500.0,520.0,3.59565783928e-07,3.59565783928e-07
9.0,90.0,90.0,530.0,520.0,540.0,2.51087926669e-07,2.51087926669e-07
9.0,90.0,90.0,550.0,540.0,560.0,1.92392899287e-07,1.92392899287e-07
9.0,90.0,90.0,570.0,560.0,580.0,1.26823263148e-07,1.26823263148e-07
9.0,90.0,90.0,590.0,580.0,600.0,1.20875456601e-07,1.20875456601e-07
9.0,90.0,90.0,610.0,600.0,620.0,9.9159957961e-08,9.9159957961e-08
9.0,90.0,90.0,630.0,620.0,640.0,1.21351235257e-07,1.21351235257e-07
9.0,90.0,90.0,650.0,640.0,660.0,1.43478169966e-07,1.43478169966e-07
9.0,90.0,90.0,670.0,660.0,680.0,1.65168241737e-07,1.65168241737e-07
9.0,90.0,90.0,690.0,680.0,700.0,1.74332769765e-07,1.74332769765e-07
9.0,90.0,90.0,710.0,700.0,720.0,1.73639800004e-07,1.73639800004e-07
9.0,90.0,90.0,730.0,720.0,740.0,1.66885489863e-07,1.66885489863e-07
9.0,90.0,90.0,750.0,740.0,760.0,1.51442761338e-07,1.51442761338e-07
9.0,90.0,90.0,770.0,760.0,780.0,1.42670722253e-07,1.42670722253e-07
9.0,180.0,0.0,390.0,380.0,400.0,3.04170237587e-07,3.04170237587e-07
9.0,180.0,0.0,410.0,400.0,420.0,4.69793534836e-07,4.69793534836e-07
9.0,180.0,0.0,430.0,420.0,440.0,4.35457351252e-07,4.35457351252e-07
9.0,180.0,0.0,450.0,440.0,460.0,4.82808922449e-07,4.82808922449e-07
9.0,180.0,0.0,470.0,460.0,480.0,4.52174757535e-07,4.52174757535e-07
9.0,180.0,0.0,490.0,480.0,500.0,3.78426602944e-07,3.78426602944e-07
9.0,180.0,0.0,510.0,500.0,520.0,2.8831948681e-07,2.8831948681e-07
9.0,180.0,0.0,530.0,520.0,540.0,2.07419354073e-07,2.07419354073e-07
9.0,180.0,0.0,550.0,540.0,560.0,1.63015098973e-07,1.63015098973e-07
9.0,180.0,0.0,570.0,560.0,580.0,1.10118949093e-07,1.10118949093e-07
9.0,180.0,0.0,590.0,580.0,600.0,1.06618137508e-07,1.06618137508e-07
9.0,180.0,0.0,610.0,600.0,620.0,8.88565165734e-08,8.88565165734e-08
9.0,180.0,0.0,630.0,620.0,640.0,1.09940203626e-07,1.09940203626e-07
9.0,180.0,0.0,650.0,640.0,660.0,1.31970241408e-07,1.31970241408e-07
9.0,180.0,0.0,670.0,660.0,680.0,1.54637935109e-07,1.54637935109e-07
9.0,180.0,0.0,690.0,680.0,700.0,1.66223101621e-07,1.66223101621e-07
9.0,180.0,0.0,710.0,700.0,720.0,1.68484323064e-07,1.68484323064e-07
9.0,180.0,0.0,730.0,720.0,740.0,1.64629135028e-07,1.64629135028e-07
9.0,180.0,0.0,750.0,740.0,760.0,1.51497358685e-07,1.51497358685e-07
9.0,180.0,0.0,770.0,760.0,780.0,1.44949234157e-07,1.44949234157e-07
9.0,180.0,0.5,390.0,380.0,400.0,3.2440334474e-07,3.2440334474e-07
9.0,180.0,0.5,410.0,400.0,420.0,5.01035239307e-07,5.01035239307e-07
9.0,180.0,0.5,430.0,420.0,440.0,4.64377273957e-07,4.64377273957e-07
9.0,180.0,0.5,450.0,440.0,460.0,5.14809414075e-07,5.14809414075e-07
9.0,180.0,0.5,470.0,460.0,480.0,4.82072080152e-07,4.82072080152e-07
9.0,180.0,0.5,490.0,480.0,500.0,4.03385380594e-07,4.03385380594e-07
9.0,180.0,0.5,510.0,500.0,520.0,3.0729344933e-07,3.0729344933e-07
9.0,180.0,0.5,530.0,520.0,540.0,2.21048289716e-07,2.21048289716e-07
9.0,180.0,0.5,550.0,540.0,560.0,1.73704895343e-07,1.73704895343e-07
9.0,180.0,0.5,570.0,560.0,580.0,1.17334232059e-07,1.17334232059e-07
9.0,180.0,0.5,590.0,580.0,600.0,1.13582490153e-07,1.13582490153e-07
9.0,180.0,0.5,610.0,600.0,620.0,9.46490820399e-08,9.46490820399e-08
9.0,180.0,0.5,630.0,620.0,640.0,1.17076183943e-07,1.17076183943e-07
9.0,180.0,0.5,650.0,640.0,660.0,1.40504318529e-07,1.40504318529e-07
9.0,180.0,0.5,670.0,660.0,680.0,1.64608484578e-07,1.64608484578e-07
9.0,180.0,0.5,690.0,680.0,700.0,1.76915664317e-07,1.76915664317e-07
9.0,180.0,0.5,710.0,700.0,720.0,1.79301781281e-07,1.79301781281e-07
9.0,180.0,0.5,730.0,720.0,740.0,1.75182735776e-07,1.75182735776e-07
9.0,180.0,0.5,750.0,740.0,760.0,1.6119796783e-07,1.6119796783e-07
9.0,180.0,0.5,770.0,760.0,780.0,1.54219942887e-07,1.54219942887e-07
9.0,180.0,1.0,390.0,380.0,400.0,3.29803215754e-07,3.29803215754e-07
9.0,180.0,1.0,410.0,400.0,420.0,5.09479357069e-07,5.09479357069e-07
9.0,180.0,1.0,430.0,420.0,440.0,4.72255209754e-07,4.72255209754e-07
9.0,180.0,1.0,450.0,440.0,460.0,5.23558015731e-07,5.23558015731e-07
9.0,180.0,1.0,470.0,460.0,480.0,4.90245388834e-07,4.90245388834e-07
9.0,180.0,1.0,490.0,480.0,500.0,4.1018949331e-07,4.1018949331e-07
9.0,180.0,1.0,510.0,500.0,520.0,3.12438969065e-07,3.12438969065e-07
9.0,180.0,1.0,530.0,520.0,540.0,2.2471967902e-07,2.2471967902e-07
9.0,180.0,1.0,550.0,540.0,560.0,1.76562963426e-07,1.76562963426e-07
9.0,180.0,1.0,570.0,560.0,580.0,1.19248080406e-07,1.19248080406e-07
9.0,180.0,1.0,590.0,580.0,600.0,1.15415712426e-07,1.15415712426e-07
9.0,180.0,1.0,610.0,600.0,620.0,9.61624859911e-08,9.61624859911e-08
9.0,180.0,1.0,630.0,620.0,640.0,1.18928409262e-07,1.18928409262e-07
9.0,180.0,1.0,650.0,640.0,660.0,1.42707271909e-07,1.42707271909e-07
9.0,180.0,1.0,670.0,660.0,680.0,1.67170437308e-07,1.67170437308e-07
9.0,180.0,1.0,690.0,680.0,700.0,1.79653183139e-07,1.79653183139e-07
9.0,180.0,1.0,710.0,700.0,720.0,1.8206366544e-07,1.8206366544e-07
9.0,180.0,1.0,730.0,720.0,740.0,1.77871824621e-07,1.77871824621e-07
9.0,180.0,1.0,750.0,740.0,760.0,1.63666472964e-07,1.63666472964e-07
9.0,180.0,1.0,770.0,760.0,780.0,1.56578169138e-07,1.56578169138e-07
9.0,180.0,2.0,390.0,380.0,400.0,3.40603442902e-07,3.40603442902e-07
9.0,180.0,2.0,410.0,400.0,420.0,5.26789621806e-07,5.26789621806e-07
9.0,180.0,2.0,430.0,420.0,440.0,4.88720824524e-07,4.88720824524e-07
9.0,180.0,2.0,450.0,440.0,460.0,5.42113240705e-07,5.42113240705e-07
9.0,180.0,2.0,470.0,460.0,480.0,5.07762728014e-07,5.07762728014e-07
9.0,180.0,2.0,490.0,480.0,500.0,4.24873710602e-07,4.24873710602e-07
9.0,180.0,2.0,510.0,500.0,520.0,3.2358558346e-07,3.2358558346e-07
9.0,180.0,2.0,530.0,520.0,540.0,2.32683090587e-07,2.32683090587e-07
9.0,180.0,2.0,550.0,540.0,560.0,1.82757874237e-07,1.82757874237e-07
9.0,180.0,2.0,570.0,560.0,580.0,1.23386313487e-07,1.23386313487e-07
9.0,180.0,2.0,590.0,580.0,600.0,1.19367316926e-07,1.19367316926e-07
9.0,180.0,2.0,610.0,600.0,620.0,9.94107088418e-08,9.94107088418e-08
9.0,180.0,2.0,630.0,620.0,640.0,1.22888175397e-07,1.22888175397e-07
9.0,180.0,2.0,650.0,640.0,660.0,1.47397944862e-07,1.47397944862e-07
9.0,180.0,2.0,670.0,660.0,680.0,1.72602464711e-07,1.72602464711e-07
9.0,180.0,2.0,690.0,680.0,700.0,1.85432730811e-07,1.85432730811e-07
9.0,180.0,2.0,710.0,700.0,720.0,1.87871061245e-07,1.87871061245e-07
9.0,180.0,2.0,730.0,720.0,740.0,1.83503719358e-07,1.83503719358e-07
9.0,180.0,2.0,750.0,740.0,760.0,1.68816407245e-07,1.68816407245e-07
9.0,180.0,2.0,770.0,760.0,780.0,1.61481383862e-07,1.61481383862e-07
9.0,180.0,3.0,390.0,380.0,400.0,3.53279363191e-07,3.53279363191e-07
9.0,180.0,3.0,410.0,400.0,420.0,5.47337146518e-07,5.47337146518e-07
9.0,180.0,3.0,430.0,420.0,440.0,5.08423215389e-07,5.08423215389e-07
9.0,180.0,3.0,450.0,440.0,460.0,5.64427436724e-07,5.64427436724e-07
9.0,180.0,3.0,470.0,460.0,480.0,5.28876302532e-07,5.28876302532e-07
9.0,180.0,3.0,490.0,480.0,500.0,4.42568217759e-07,4.42568217759e-07
9.0,180.0,3.0,510.0,500.0,520.0,3.36982841753e-07,3.36982841753e-07
9.0,180.0,3.0,530.0,520.0,540.0,2.42209918086e-07,2.42209918086e-07
9.0,180.0,3.0,550.0,540.0,560.0,1.90119573077e-07,1.90119573077e-07
9.0,180.0,3.0,570.0,560.0,580.0,1.28261961609e-07,1.28261961609e-07
9.0,180.0,3.0,590.0,580.0,600.0,1.23976349392e-07,1.23976349392e-07
9.0,180.0,3.0,610.0,600.0,620.0,1.03154448279e-07,1.03154448279e-07
9.0,180.0,3.0,630.0,620.0,640.0,1.27394059559e-07,1.27394059559e-07
9.0,180.0,3.0,650.0,640.0,660.0,1.52661805679e-07,1.52661805679e-07
9.0,180.0,3.0,670.0,660.0,680.0,1.7860605606e-07,1.7860605606e-07
9.0,180.0,3.0,690.0,680.0,700.0,1.91716176584e-07,1.91716176584e-07
9.0,180.0,3.0,710.0,700.0,720.0,1.94076175417e-07,1.94076175417e-07
9.0,180.0,3.0,730.0,720.0,740.0,1.89411240308e-07,1.89411240308e-07
9.0,180.0,3.0,750.0,740.0,760.0,1.74114203158e-07,1.74114203158e-07
9.0,180.0,3.0,770.0,760.0,780.0,1.66424695121e-07,1.66424695121e-07
9.0,180.0,5.0,390.0,380.0,400.0,3.82461541106e-07,3.82461541106e-07
9.0,180.0,5.0,410.0,400.0,420.0,5.95117349572e-07,5.95117349572e-07
9.0,180.0,5.0,430.0,420.0,440.0,5.54503924233e-07,5.54503924233e-07
9.0,180.0,5.0,450.0,440.0,460.0,6.16712534936e-07,6.16712534936e-07
9.0,180.0,5.0,470.0,460.0,480.0,5.78254877115e-07,5.78254877115e-07
9.0,180.0,5.0,490.0,480.0,500.0,4.83724800612e-07,4.83724800612e-07
9.0,180.0,5.0,510.0,500.0,520.0,3.67866716666e-07,3.67866716666e-07
9.0,180.0,5.0,530.0,520.0,540.0,2.63902285628e-07,2.63902285628e-07
9.0,180.0,5.0,550.0,540.0,560.0,2.06616881084e-07,2.06616881084e-07
9.0,180.0,5.0,570.0,560.0,580.0,1.38979295883e-07,1.38979295883e-07
9.0,180.0,5.0,590.0,580.0,600.0,1.33874324226e-07,1.33874324226e-07
9.0,180.0,5.0,610.0,600.0,620.0,1.10979445001e-07,1.10979445001e-07
9.0,180.0,5.0,630.0,620.0,640.0,1.3652388438e-07,1.3652388438e-07
9.0,180.0,5.0,650.0,640.0,660.0,1.62964142393e-07,1.62964142393e-07
9.0,180.0,5.0,670.0,660.0,680.0,1.89910561481e-07,1.89910561481e-07
9.0,180.0,5.0,690.0,680.0,700.0,2.03050725336e-07,2.03050725336e-07
9.0,180.0,5.0,710.0,700.0,720.0,2.04753577335e-07,2.04753577335e-07
9.0,180.0,5.0,730.0,720.0,740.0,1.99059975221e-07,1.99059975221e-07
9.0,180.0,5.0,750.0,740.0,760.0,1.82283382251e-07,1.82283382251e-07
9.0,180.0,5.0,770.0,760.0,780.0,1.73582016305e-07,1.73582016305e-07
9.0,180.0,8.0,390.0,380.0,400.0,4.33780257465e-07,4.33780257465e-07
9.0,180.0,8.0,410.0,400.0,420.0,6.79253167645e-07,6.79253167645e-07
9.0,180.0,8.0,430.0,420.0,440.0,6.35039972386e-07,6.35039972386e-07
9.0,180.0,8.0,450.0,440.0,460.0,7.06735313249e-07,7.06735313249e-07
9.0,180.0,8.0,470.0,460.0,480.0,6.61473662645e-07,6.61473662645e-07
9.0,180.0,8.0,490.0,480.0,500.0,5.51223569097e-07,5.51223569097e-07
9.0,180.0,8.0,510.0,500.0,520.0,4.16893457002e-07,4.16893457002e-07
9.0,180.0,8.0,530.0,520.0,540.0,2.97063549585e-07,2.97063549585e-07
9.0,180.0,8.0,550.0,540.0,560.0,2.307614589e-07,2.307614589e-07
9.0,180.0,8.0,570.0,560.0,580.0,1.53919290186e-07,1.53919290186e-07
9.0,180.0,8.0,590.0,580.0,600.0,1.46900107056e-07,1.46900107056e-07
9.0,180.0,8.0,610.0,600.0,620.0,1.2062927329e-07,1.2062927329e-07
9.0,180.0,8.0,630.0,620.0,640.0,1.46942751224e-07,1.46942751224e-07
9.0,180.0,8.0,650.0,640.0,660.0,1.7371776849e-07,1.7371776849e-07
9.0,180.0,8.0,670.0,660.0,680.0,2.005392334e-07,2.005392334e-07
9.0,180.0,8.0,690.0,680.0,700.0,2.12448931795e-07,2.12448931795e-07
9.0,180.0,8.0,710.0,700.0,720.0,2.12328515491e-07,2.12328515491e-07
9.0,180.0,8.0,730.0,720.0,740.0,2.04643267987e-07,2.04643267987e-07
9.0,180.0,8.0,750.0,740.0,760.0,1.85832479063e-07,1.85832479063e-07
9.0,180.0,8.0,770.0,760.0,780.0,1.7554629001e-07,1.7554629001e-07
9.0,180.0,12.0,390.0,380.0,400.0,5.26009276102e-07,5.26009276102e-07
9.0,180.0,12.0,410.0,400.0,420.0,8.18020267036e-07,8.18020267036e-07
9.0,180.0,12.0,430.0,420.0,440.0,7.57784429559e-07,7.57784429559e-07
9.0,180.0,12.0,450.0,440.0,460.0,8.34242055039e-07,8.34242055039e-07
9.0,180.0,12.0,470.0,460.0,480.0,7.7147446626e-07,7.7147446626e-07
9.0,180.0,12.0,490.0,480.0,500.0,6.34690418793e-07,6.34690418793e-07
9.0,180.0,12.0,510.0,500.0,520.0,4.73642239624e-07,4.73642239624e-07
9.0,180.0,12.0,530.0,520.0,540.0,3.32933352851e-07,3.32933352851e-07
9.0,180.0,12.0,550.0,540.0,560.0,2.55090001506e-07,2.55090001506e-07
9.0,180.0,12.0,570.0,560.0,580.0,1.67826142409e-07,1.67826142409e-07
9.0,180.0,12.0,590.0,580.0,600.0,1.58038545096e-07,1.58038545096e-07
9.0,180.0,12.0,610.0,600.0,620.0,1.28071236213e-07,1.28071236213e-07
9.0,180.0,12.0,630.0,620.0,640.0,1.54064580703e-07,1.54064580703e-07
9.0,180.0,12.0,650.0,640.0,660.0,1.79947933383e-07,1.79947933383e-07
9.0,180.0,12.0,670.0,660.0,680.0,2.05307972586e-07,2.05307972586e-07
9.0,180.0,12.0,690.0,680.0,700.0,2.15054422523e-07,2.15054422523e-07
9.0,180.0,12.0,710.0,700.0,720.0,2.12623799039e-07,2.12623799039e-07
9.0,180.0,12.0,730.0,720.0,740.0,2.0281608026e-07,2.0281608026e-07
9.0,180.0,12.0,750.0,740.0,760.0,1.82361967525e-07,1.82361967525e-07
9.0,180.0,12.0,770.0,760.0,780.0,1.70652516446e-07,1.70652516446e-07
9.0,180.0,20.0,390.0,380.0,400.0,6.47620655069e-07,6.47620655069e-07
9.0,180.0,20.0,410.0,400.0,420.0,9.80778919292e-07,9.80778919292e-07
9.0,180.0,20.0,430.0,420.0,440.0,8.84985176553e-07,8.84985176553e-07
9.0,180.0,20.0,450.0,440.0,460.0,9.49913881028e-07,9.49913881028e-07
9.0,180.0,20.0,470.0,460.0,480.0,8.5755322835e-07,8.5755322835e-07
9.0,180.0,20.0,490.0,480.0,500.0,6.89643857101e-07,6.89643857101e-07
9.0,180.0,20.0,510.0,500.0,520.0,5.03724033183e-07,5.03724033183e-07
9.0,180.0,20.0,530.0,520.0,540.0,3.46983553848e-07,3.46983553848e-07
9.0,180.0,20.0,550.0,540.0,560.0,2.60808779839e-07,2.60808779839e-07
9.0,180.0,20.0,570.0,560.0,580.0,1.68487970037e-07,1.68487970037e-07
9.0,180.0,20.0,590.0,580.0,600.0,1.55999051475e-07,1.55999051475e-07
9.0,180.0,20.0,610.0,600.0,620.0,1.24393024146e-07,1.24393024146e-07
9.0,180.0,20.0,630.0,620.0,640.0,1.47460472278e-07,1.47460472278e-07
9.0,180.0,20.0,650.0,640.0,660.0,1.69853908601e-07,1.69853908601e-07
9.0,180.0,20.0,670.0,660.0,680.0,1.91222375445e-07,1.91222375445e-07
9.0,180.0,20.0,690.0,680.0,700.0,1.97764719226e-07,1.97764719226e-07
9.0,180.0,20.0,710.0,700.0,720.0,1.93185364605e-07,1.93185364605e-07
9.0,180.0,20.0,730.0,720.0,740.0,1.82169669653e-07,1.82169669653e-07
9.0,180.0,20.0,750.0,740.0,760.0,1.62023283459e-07,1.62023283459e-07
9.0,180.0,20.0,770.0,760.0,780.0,1.50053172757e-07,1.50053172757e-07
9.0,180.0,30.0,390.0,380.0,400.0,6.89420472779e-07,6.89420472779e-07
9.0,180.0,30.0,410.0,400.0,420.0,1.01748475677e-06,1.01748475677e-06
9.0,180.0,30.0,430.0,420.0,440.0,8.96990939714e-07,8.96990939714e-07
9.0,180.0,30.0,450.0,440.0,460.0,9.42981109435e-07,9.42981109435e-07
9.0,180.0,30.0,470.0,460.0,480.0,8.356424036e-07,8.356424036e-07
9.0,180.0,30.0,490.0,480.0,500.0,6.60966698589e-07,6.60966698589e-07
9.0,180.0,30.0,510.0,500.0,520.0,4.75647274361e-07,4.75647274361e-07
9.0,180.0,30.0,530.0,520.0,540.0,3.23279640138e-07,3.23279640138e-07
9.0,180.0,30.0,550.0,540.0,560.0,2.40057606228e-07,2.40057606228e-07
9.0,180.0,30.0,570.0,560.0,580.0,1.53367040984e-07,1.53367040984e-07
9.0,180.0,30.0,590.0,580.0,600.0,1.40610870239e-07,1.40610870239e-07
9.0,180.0,30.0,610.0,600.0,620.0,1.11116901503e-07,1.11116901503e-07
9.0,180.0,30.0,630.0,620.0,640.0,1.30703691163e-07,1.30703691163e-07
9.0,180.0,30.0,650.0,640.0,660.0,1.49472401441e-07,1.49472401441e-07
9.0,180.0,30.0,670.0,660.0,680.0,1.67143809327e-07,1.67143809327e-07
9.0,180.0,30.0,690.0,680.0,700.0,1.71779223733e-07,1.71779223733e-07
9.0,180.0,30.0,710.0,700.0,720.0,1.66835167681e-07,1.66835167681e-07
9.0,180.0,30.0,730.0,720.0,740.0,1.56487646065e-07,1.56487646065e-07
9.0,180.0,30.0,750.0,740.0,760.0,1.38515503487e-07,1.38515503487e-07
9.0,180.0,30.0,770.0,760.0,780.0,1.27703894828e-07,1.27703894828e-07
9.0,180.0,45.0,390.0,380.0,400.0,6.677822303e-07,6.677822303e-07
9.0,180.0,45.0,410.0,400.0,420.0,9.64239535784e-07,9.64239535784e-07
9.0,180.0,45.0,430.0,420.0,440.0,8.34276204687e-07,8.34276204687e-07
9.0,180.0,45.0,450.0,440.0,460.0,8.63243114708e-07,8.63243114708e-07
9.0,180.0,45.0,470.0,460.0,480.0,7.54916578165e-07,7.54916578165e-07
9.0,180.0,45.0,490.0,480.0,500.0,5.90680957584e-07,5.90680957584e-07
9.0,180.0,45.0,510.0,500.0,520.0,4.21423832053e-07,4.21423832053e-07
9.0,180.0,45.0,530.0,520.0,540.0,2.84543580141e-07,2.84543580141e-07
9.0,180.0,45.0,550.0,540.0,560.0,2.10309564871e-07,2.10309564871e-07
9.0,180.0,45.0,570.0,560.0,580.0,1.33927863201e-07,1.33927863201e-07
9.0,180.0,45.0,590.0,580.0,600.0,1.22680179749e-07,1.22680179749e-07
9.0,180.0,45.0,610.0,600.0,620.0,9.69762583613e-08,9.69762583613e-08
9.0,180.0,45.0,630.0,620.0,640.0,1.14277273287e-07,1.14277273287e-07
9.0,180.0,45.0,650.0,640.0,660.0,1.30898202245e-07,1.30898202245e-07
9.0,180.0,45.0,670.0,660.0,680.0,1.46610847935e-07,1.46610847935e-07
9.0,180.0,45.0,690.0,680.0,700.0,1.50967842001e-07,1.50967842001e-07
9.0,180.0,45.0,710.0,700.0,720.0,1.46978394992e-07,1.46978394992e-07
9.0,180.0,45.0,730.0,720.0,740.0,1.38276507912e-07,1.38276507912e-07
9.0,180.0,45.0,750.0,740.0,760.0,1.22888457642e-07,1.22888457642e-07
9.0,180.0,45.0,770.0,760.0,780.0,1.1371466205e-07,1.1371466205e-07
9.0,180.0,60.0,390.0,380.0,400.0,6.01342239635e-07,6.01342239635e-07
9.0,180.0,60.0,410.0,400.0,420.0,8.61894176952e-07,8.61894176952e-07
9.0,180.0,60.0,430.0,420.0,440.0,7.43787051592e-07,7.43787051592e-07
9.0,180.0,60.0,450.0,440.0,460.0,7.70922055292e-07,7.70922055292e-07
9.0,180.0,60.0,470.0,460.0,480.0,6.77858062611e-07,6.77858062611e-07
9.0,180.0,60.0,490.0,480.0,500.0,5.34937025216e-07,5.34937025216e-07
9.0,180.0,60.0,510.0,500.0,520.0,3.8585081965e-07,3.8585081965e-07
9.0,180.0,60.0,530.0,520.0,540.0,2.63816569624e-07,2.63816569624e-07
9.0,180.0,60.0,550.0,540.0,560.0,1.97813936088e-07,1.97813936088e-07
9.0,180.0,60.0,570.0,560.0,580.0,1.2778859469e-07,1.2778859469e-07
9.0,180.0,60.0,590.0,580.0,600.0,1.19109875693e-07,1.19109875693e-07
9.0,180.0,60.0,610.0,600.0,620.0,9.57388810824e-08,9.57388810824e-08
9.0,180.0,60.0,630.0,620.0,640.0,1.1485224832e-07,1.1485224832e-07
9.0,180.0,60.0,650.0,640.0,660.0,1.33602261685e-07,1.33602261685e-07
9.0,180.0,60.0,670.0,660.0,680.0,1.51682339476e-07,1.51682339476e-07
9.0,180.0,60.0,690.0,680.0,700.0,1.58128078776e-07,1.58128078776e-07
9.0,180.0,60.0,710.0,700.0,720.0,1.55721456937e-07,1.55721456937e-07
9.0,180.0,60.0,730.0,720.0,740.0,1.48082675888e-07,1.48082675888e-07
9.0,180.0,60.0,750.0,740.0,760.0,1.32987386341e-07,1.32987386341e-07
9.0,180.0,60.0,770.0,760.0,780.0,1.24173860466e-07,1.24173860466e-07
9.0,180.0,90.0,390.0,380.0,400.0,5.07222838262e-07,5.07222838262e-07
9.0,180.0,90.0,410.0,400.0,420.0,7.34300241773e-07,7.34300241773e-07
9.0,180.0,90.0,430.0,420.0,440.0,6.42323696299e-07,6.42323696299e-07
9.0,180.0,90.0,450.0,440.0,460.0,6.76761221695e-07,6.76761221695e-07
9.0,180.0,90.0,470.0,460.0,480.0,6.06233568633e-07,6.06233568633e-07
9.0,180.0,90.0,490.0,480.0,500.0,4.88141846762e-07,4.88141846762e-07
9.0,180.0,90.0,510.0,500.0,520.0,3.59565783906e-07,3.59565783906e-07
9.0,180.0,90.0,530.0,520.0,540.0,2.5108792664e-07,2.5108792664e-07
9.0,180.0,90.0,550.0,540.0,560.0,1.92392899251e-07,1.92392899251e-07
9.0,180.0,90.0,570.0,560.0,580.0,1.2682326311e-07,1.2682326311e-07
9.0,180.0,90.0,590.0,580.0,600.0,1.20875456556e-07,1.20875456556e-07
9.0,180.0,90.0,610.0,600.0,620.0,9.91599579134e-08,9.91599579134e-08
9.0,180.0,90.0,630.0,620.0,640.0,1.21351235202e-07,1.21351235202e-07
9.0,180.0,90.0,650.0,640.0,660.0,1.4347816991e-07,1.4347816991e-07
9.0,180.0,90.0,670.0,660.0,680.0,1.65168241682e-07,1.65168241682e-07
9.0,180.0,90.0,690.0,680.0,700.0,1.74332769716e-07,1.74332769716e-07
9.0,180.0,90.0,710.0,700.0,720.0,1.73639799963e-07,1.73639799963e-07
9.0,180.0,90.0,730.0,720.0,740.0,1.66885489828e-07,1.66885489828e-07
9.0,180.0,90.0,750.0,740.0,760.0,1.51442761308e-07,1.51442761308e-07
9.0,180.0,90.0,770.0,760.0,780.0,1.42670722229e-07,1.42670722229e-07
12.0,0.0,0.0,390.0,380.0,400.0,1.24922601807e-08,1.24922601807e-08
12.0,0.0,0.0,410.0,400.0,420.0,2.24893088879e-08,2.24893088879e-08
12.0,0.0,0.0,430.0,420.0,440.0,2.41973879862e-08,2.41973879862e-08
12.0,0.0,0.0,450.0,440.0,460.0,3.08507271335e-08,3.08507271335e-08
12.0,0.0,0.0,470.0,460.0,480.0,3.28247051777e-08,3.28247051777e-08
12.0,0.0,0.0,490.0,480.0,500.0,3.07828008214e-08,3.07828008214e-08
12.0,0.0,0.0,510.0,500.0,520.0,2.58468904679e-08,2.58468904679e-08
12.0,0.0,0.0,530.0,520.0,540.0,2.01347959103e-08,2.01347959103e-08
12.0,0.0,0.0,550.0,540.0,560.0,1.70487104892e-08,1.70487104892e-08
12.0,0.0,0.0,570.0,560.0,580.0,1.21563248585e-08,1.21563248585e-08
12.0,0.0,0.0,590.0,580.0,600.0,1.26449417529e-08,1.26449417529e-08
12.0,0.0,0.0,610.0,600.0,620.0,1.11279527513e-08,1.11279527513e-08
12.0,0.0,0.0,630.0,620.0,640.0,1.48212622809e-08,1.48212622809e-08
12.0,0.0,0.0,650.0,640.0,660.0,1.8943206247e-08,1.8943206247e-08
12.0,0.0,0.0,670.0,660.0,680.0,2.33551378188e-08,2.33551378188e-08
12.0,0.0,0.0,690.0,680.0,700.0,2.61817240863e-08,2.61817240863e-08
12.0,0.0,0.0,710.0,700.0,720.0,2.74955210748e-08,2.74955210748e-08
12.0,0.0,0.0,730.0,720.0,740.0,2.76757508278e-08,2.76757508278e-08
12.0,0.0,0.0,750.0,740.0,760.0,2.60935460575e-08,2.60935460575e-08
12.0,0.0,0.0,770.0,760.0,780.0,2.55281127723e-08,2.55281127723e-08
12.0,0.0,0.5,390.0,380.0,400.0,1.04223865827e-08,1.04223865827e-08
12.0,0.0,0.5,410.0,400.0,420.0,1.87388655693e-08,1.87388655693e-08
12.0,0.0,0.5,430.0,420.0,440.0,2.01426272942e-08,2.01426272942e-08
12.0,0.0,0.5,450.0,440.0,460.0,2.56618128524e-08,2.56618128524e-08
12.0,0.0,0.5,470.0,460.0,480.0,2.72874560645e-08,2.72874560645e-08
12.0,0.0,0.5,490.0,480.0,500.0,2.55742398578e-08,2.55742398578e-08
12.0,0.0,0.5,510.0,500.0,520.0,2.14538747143e-08,2.14538747143e-08
12.0,0.0,0.5,530.0,520.0,540.0,1.66891199485e-08,1.66891199485e-08
12.0,0.0,0.5,550.0,540.0,560.0,1.41207267511e-08,1.41207267511e-08
12.0,0.0,0.5,570.0,560.0,580.0,1.00517328613e-08,1.00517328613e-08
12.0,0.0,0.5,590.0,580.0,600.0,1.04640486601e-08,1.04640486601e-08
12.0,0.0,0.5,610.0,600.0,620.0,9.20826053723e-09,9.20826053723e-09
12.0,0.0,0.5,630.0,620.0,640.0,1.22912789859e-08,1.22912789859e-08
12.0,0.0,0.5,650.0,640.0,660.0,1.57354411737e-08,1.57354411737e-08
12.0,0.0,0.5,670.0,660.0,680.0,1.94204524257e-08,1.94204524257e-08
12.0,0.0,0.5,690.0,680.0,700.0,2.1785111087e-08,2.1785111087e-08
12.0,0.0,0.5,710.0,700.0,720.0,2.28878680488e-08,2.28878680488e-08
12.0,0.0,0.5,730.0,720.0,740.0,2.30436931636e-08,2.30436931636e-08
12.0,0.0,0.5,750.0,740.0,760.0,2.1728175697e-08,2.1728175697e-08
12.0,0.0,0.5,770.0,760.0,780.0,2.12603498707e-08,2.12603498707e-08
12.0,0.0,1.0,390.0,380.0,400.0,1.03032257419e-08,1.03032257419e-08
12.0,0.0,1.0,410.0,400.0,420.0,1.85292523355e-08,1.85292523355e-08
12.0,0.0,1.0,430.0,420.0,440.0,1.99230254521e-08,1.99230254521e-08
12.0,0.0,1.0,450.0,440.0,460.0,2.53900599207e-08,2.53900599207e-08
12.0,0.0,1.0,470.0,460.0,480.0,2.70075528184e-08,2.70075528184e-08
12.0,0.0,1.0,490.0,480.0,500.0,2.53202451116e-08,2.53202451116e-08
12.0,0.0,1.0,510.0,500.0,520.0,2.12469593399e-08,2.12469593399e-08
12.0,0.0,1.0,530.0,520.0,540.0,1.6531854053e-08,1.6531854053e-08
12.0,0.0,1.0,550.0,540.0,560.0,1.39919093134e-08,1.39919093134e-08
12.0,0.0,1.0,570.0,560.0,580.0,9.9618180989e-09,9.9618180989e-09
12.0,0.0,1.0,590.0,580.0,600.0,1.03755105385e-08,1.03755105385e-08
12.0,0.0,1.0,610.0,600.0,620.0,9.13369838233e-09,9.13369838233e-09
12.0,0.0,1.0,630.0,620.0,640.0,1.21996202778e-08,1.21996202778e-08
12.0,0.0,1.0,650.0,640.0,660.0,1.56270280733e-08,1.56270280733e-08
12.0,0.0,1.0,670.0,660.0,680.0,1.92961675206e-08,1.92961675206e-08
12.0,0.0,1.0,690.0,680.0,700.0,2.16554697807e-08,2.16554697807e-08
12.0,0.0,1.0,710.0,700.0,720.0,2.27617340113e-08,2.27617340113e-08
12.0,0.0,1.0,730.0,720.0,740.0,2.29268555315e-08,2.29268555315e-08
12.0,0.0,1.0,750.0,740.0,760.0,2.16279064448e-08,2.16279064448e-08
12.0,0.0,1.0,770.0,760.0,780.0,2.11731720827e-08,2.11731720827e-08
12.0,0.0,2.0,390.0,380.0,400.0,1.05875572938e-08,1.05875572938e-08
12.0,0.0,2.0,410.0,400.0,420.0,1.90790279076e-08,1.90790279076e-08
12.0,0.0,2.0,430.0,420.0,440.0,2.05542145918e-08,2.05542145918e-08
12.0,0.0,2.0,450.0,440.0,460.0,2.62449306215e-08,2.62449306215e-08
12.0,0.0,2.0,470.0,460.0,480.0,2.79717098867e-08,2.79717098867e-08
12.0,0.0,2.0,490.0,480.0,500.0,2.62787845659e-08,2.62787845659e-08
12.0,0.0,2.0,510.0,500.0,520.0,2.21026964858e-08,2.21026964858e-08
12.0,0.0,2.0,530.0,520.0,540.0,1.72446644418e-08,1.72446644418e-08
12.0,0.0,2.0,550.0,540.0,560.0,1.46451589502e-08,1.46451589502e-08
12.0,0.0,2.0,570.0,560.0,580.0,1.04713680751e-08,1.04713680751e-08
12.0,0.0,2.0,590.0,580.0,600.0,1.09684544462e-08,1.09684544462e-08
12.0,0.0,2.0,610.0,600.0,620.0,9.72532084778e-09,9.72532084778e-09
12.0,0.0,2.0,630.0,620.0,640.0,1.31137858399e-08,1.31137858399e-08
12.0,0.0,2.0,650.0,640.0,660.0,1.70011026048e-08,1.70011026048e-08
12.0,0.0,2.0,670.0,660.0,680.0,2.13099609748e-08,2.13099609748e-08
12.0,0.0,2.0,690.0,680.0,700.0,2.43599621229e-08,2.43599621229e-08
12.0,0.0,2.0,710.0,700.0,720.0,2.61808713373e-08,2.61808713373e-08
12.0,0.0,2.0,730.0,720.0,740.0,2.70742516287e-08,2.70742516287e-08
12.0,0.0,2.0,750.0,740.0,760.0,2.63288767881e-08,2.63288767881e-08
12.0,0.0,2.0,770.0,760.0,780.0,2.66933172301e-08,2.66933172301e-08
12.0,0.0,3.0,390.0,380.0,400.0,1.10623406828e-08,1.10623406828e-08
12.0,0.0,3.0,410.0,400.0,420.0,2.00189963796e-08,2.00189963796e-08
12.0,0.0,3.0,430.0,420.0,440.0,2.16794661029e-08,2.16794661029e-08
12.0,0.0,3.0,450.0,440.0,460.0,2.7875009517e-08,2.7875009517e-08
12.0,0.0,3.0,470.0,460.0,480.0,2.99958052615e-08,2.99958052615e-08
12.0,0.0,3.0,490.0,480.0,500.0,2.85546442313e-08,2.85546442313e-08
12.0,0.0,3.0,510.0,500.0,520.0,2.44450780626e-08,2.44450780626e-08
12.0,0.0,3.0,530.0,520.0,540.0,1.9513367148e-08,1.9513367148e-08
12.0,0.0,3.0,550.0,540.0,560.0,1.70573392053e-08,1.70573392053e-08
12.0,0.0,3.0,570.0,560.0,580.0,1.26279307365e-08,1.26279307365e-08
12.0,0.0,3.0,590.0,580.0,600.0,1.37920078052e-08,1.37920078052e-08
12.0,0.0,3.0,610.0,600.0,620.0,1.2821388194e-08,1.2821388194e-08
12.0,0.0,3.0,630.0,620.0,640.0,1.82335978759e-08,1.82335978759e-08
12.0,0.0,3.0,650.0,640.0,660.0,2.5032390016e-08,2.5032390016e-08
12.0,0.0,3.0,670.0,660.0,680.0,3.33268600568e-08,3.33268600568e-08
12.0,0.0,3.0,690.0,680.0,700.0,4.05314347744e-08,4.05314347744e-08
12.0,0.0,3.0,710.0,700.0,720.0,4.63587571233e-08,4.63587571233e-08
12.0,0.0,3.0,730.0,720.0,740.0,5.09538632706e-08,5.09538632706e-08
12.0,0.0,3.0,750.0,740.0,760.0,5.25240383408e-08,5.25240383408e-08
12.0,0.0,3.0,770.0,760.0,780.0,5.62622944633e-08,5.62622944633e-08
12.0,0.0,5.0,390.0,380.0,400.0,1.26300917658e-08,1.26300917658e-08
12.0,0.0,5.0,410.0,400.0,420.0,2.37198252195e-08,2.37198252195e-08
12.0,0.0,5.0,430.0,420.0,440.0,2.69834982392e-08,2.69834982392e-08
12.0,0.0,5.0,450.0,440.0,460.0,3.68616778179e-08,3.68616778179e-08
12.0,0.0,5.0,470.0,460.0,480.0,4.25251302351e-08,4.25251302351e-08
12.0,0.0,5.0,490.0,480.0,500.0,4.36531991388e-08,4.36531991388e-08
12.0,0.0,5.0,510.0,500.0,520.0,4.03931548986e-08,4.03931548986e-08
12.0,0.0,5.0,530.0,520.0,540.0,3.48129917233e-08,3.48129917233e-08
12.0,0.0,5.0,550.0,540.0,560.0,3.27279447965e-08,3.27279447965e-08
12.0,0.0,5.0,570.0,560.0,580.0,2.58768918517e-08,2.58768918517e-08
12.0,0.0,5.0,590.0,580.0,600.0,2.997066301e-08,2.997066301e-08
12.0,0.0,5.0,610.0,600.0,620.0,2.92551304278e-08,2.92551304278e-08
12.0,0.0,5.0,630.0,620.0,640.0,4.31982658002e-08,4.31982658002e-08
12.0,0.0,5.0,650.0,640.0,660.0,6.08427640146e-08,6.08427640146e-08
12.0,0.0,5.0,670.0,660.0,680.0,8.22798627872e-08,8.22798627872e-08
12.0,0.0,5.0,690.0,680.0,700.0,1.00792345838e-07,1.00792345838e-07
12.0,0.0,5.0,710.0,700.0,720.0,1.15295067026e-07,1.15295067026e-07
12.0,0.0,5.0,730.0,720.0,740.0,1.25991915373e-07,1.25991915373e-07
12.0,0.0,5.0,750.0,740.0,760.0,1.28590686665e-07,1.28590686665e-07
12.0,0.0,5.0,770.0,760.0,780.0,1.35660505204e-07,1.35660505204e-07
12.0,0.0,8.0,390.0,380.0,400.0,1.66967073692e-08,1.66967073692e-08
12.0,0.0,8.0,410.0,400.0,420.0,3.2830335731e-08,3.2830335731e-08
12.0,0.0,8.0,430.0,420.0,440.0,3.86977407837e-08,3.86977407837e-08
12.0,0.0,8.0,450.0,440.0,460.0,5.40777901529e-08,5.40777901529e-08
12.0,0.0,8.0,470.0,460.0,480.0,6.29969198606e-08,6.29969198606e-08
12.0,0.0,8.0,490.0,480.0,500.0,6.45362991691e-08,6.45362991691e-08
12.0,0.0,8.0,510.0,500.0,520.0,5.90058394438e-08,5.90058394438e-08
12.0,0.0,8.0,530.0,520.0,540.0,4.98316002357e-08,4.98316002357e-08
12.0,0.0,8.0,550.0,540.0,560.0,4.5654558349e-08,4.5654558349e-08
12.0,0.0,8.0,570.0,560.0,580.0,3.4961626188e-08,3.4961626188e-08
12.0,0.0,8.0,590.0,580.0,600.0,3.9272263223e-08,3.9272263223e-08
12.0,0.0,8.0,610.0,600.0,620.0,3.70530113926e-08,3.70530113926e-08
12.0,0.0,8.0,630.0,620.0,640.0,5.28938655703e-08,5.28938655703e-08
12.0,0.0,8.0,650.0,640.0,660.0,7.17040180738e-08,7.17040180738e-08
12.0,0.0,8.0,670.0,660.0,680.0,9.31585124622e-08,9.31585124622e-08
12.0,0.0,8.0,690.0,680.0,700.0,1.09637421949e-07,1.09637421949e-07
12.0,0.0,8.0,710.0,700.0,720.0,1.20600197285e-07,1.20600197285e-07
12.0,0.0,8.0,730.0,720.0,740.0,1.26934700521e-07,1.26934700521e-07
12.0,0.0,8.0,750.0,740.0,760.0,1.25110322847e-07,1.25110322847e-07
12.0,0.0,8.0,770.0,760.0,780.0,1.27465724033e-07,1.27465724033e-07
12.0,0.0,12.0,390.0,380.0,400.0,1.96246035594e-08,1.96246035594e-08
12.0,0.0,12.0,410.0,400.0,420.0,3.69833933653e-08,3.69833933653e-08
12.0,0.0,12.0,430.0,420.0,440.0,4.14573475453e-08,4.14573475453e-08
12.0,0.0,12.0,450.0,440.0,460.0,5.48817868524e-08,5.48817868524e-08
12.0,0.0,12.0,470.0,460.0,480.0,6.04942959979e-08,6.04942959979e-08
12.0,0.0,12.0,490.0,480.0,500.0,5.86369169316e-08,5.86369169316e-08
12.0,0.0,12.0,510.0,500.0,520.0,5.0721311965e-08,5.0721311965e-08
12.0,0.0,12.0,530.0,520.0,540.0,4.05050851837e-08,4.05050851837e-08
12.0,0.0,12.0,550.0,540.0,560.0,3.5277032715e-08,3.5277032715e-08
12.0,0.0,12.0,570.0,560.0,580.0,2.56153256571e-08,2.56153256571e-08
12.0,0.0,12.0,590.0,580.0,600.0,2.77004821381e-08,2.77004821381e-08
12.0,0.0,12.0,610.0,600.0,620.0,2.51120952036e-08,2.51120952036e-08
12.0,0.0,12.0,630.0,620.0,640.0,3.48725056095e-08,3.48725056095e-08
12.0,0.0,12.0,650.0,640.0,660.0,4.58935423211e-08,4.58935423211e-08
12.0,0.0,12.0,670.0,660.0,680.0,5.78056517904e-08,5.78056517904e-08
12.0,0.0,12.0,690.0,680.0,700.0,6.59588484392e-08,6.59588484392e-08
12.0,0.0,12.0,710.0,700.0,720.0,7.0399289243e-08,7.0399289243e-08
12.0,0.0,12.0,730.0,720.0,740.0,7.1984712104e-08,7.1984712104e-08
12.0,0.0,12.0,750.0,740.0,760.0,6.90334351255e-08,6.90334351255e-08
12.0,0.0,12.0,770.0,760.0,780.0,6.85230000737e-08,6.85230000737e-08
12.0,0.0,20.0,390.0,380.0,400.0,2.14018085412e-08,2.14018085412e-08
12.0,0.0,20.0,410.0,400.0,420.0,3.73601000871e-08,3.73601000871e-08
12.0,0.0,20.0,430.0,420.0,440.0,3.8835063931e-08,3.8835063931e-08
12.0,0.0,20.0,450.0,440.0,460.0,4.7834229568e-08,4.7834229568e-08
12.0,0.0,20.0,470.0,460.0,480.0,4.92624451537e-08,4.92624451537e-08
12.0,0.0,20.0,490.0,480.0,500.0,4.4815801729e-08,4.4815801729e-08
12.0,0.0,20.0,510.0,500.0,520.0,3.65747187e-08,3.65747187e-08
12.0,0.0,20.0,530.0,520.0,540.0,2.77266634e-08,2.77266634e-08
12.0,0.0,20.0,550.0,540.0,560.0,2.29336306138e-08,2.29336306138e-08
12.0,0.0,20.0,570.0,560.0,580.0,1.59618151912e-08,1.59618151912e-08
12.0,0.0,20.0,590.0,580.0,600.0,1.63404728296e-08,1.63404728296e-08
12.0,0.0,20.0,610.0,600.0,620.0,1.41362519228e-08,1.41362519228e-08
12.0,0.0,20.0,630.0,620.0,640.0,1.85945688564e-08,1.85945688564e-08
12.0,0.0,20.0,650.0,640.0,660.0,2.3394682933e-08,2.3394682933e-08
12.0,0.0,20.0,670.0,660.0,680.0,2.833974391e-08,2.833974391e-08
12.0,0.0,20.0,690.0,680.0,700.0,3.11981148305e-08,3.11981148305e-08
12.0,0.0,20.0,710.0,700.0,720.0,3.21828790988e-08,3.21828790988e-08
12.0,0.0,20.0,730.0,720.0,740.0,3.18402147121e-08,3.18402147121e-08
12.0,0.0,20.0,750.0,740.0,760.0,2.95511191028e-08,2.95511191028e-08
12.0,0.0,20.0,770.0,760.0,780.0,2.84460331492e-08,2.84460331492e-08
12.0,0.0,30.0,390.0,380.0,400.0,2.15252203074e-08,2.15252203074e-08
12.0,0.0,30.0,410.0,400.0,420.0,3.62786029681e-08,3.62786029681e-08
12.0,0.0,30.0,430.0,420.0,440.0,3.65425189426e-08,3.65425189426e-08
12.0,0.0,30.0,450.0,440.0,460.0,4.37165297006e-08,4.37165297006e-08
12.0,0.0,30.0,470.0,460.0,480.0,4.37866150495e-08,4.37866150495e-08
12.0,0.0,30.0,490.0,480.0,500.0,3.87715254787e-08,3.87715254787e-08
12.0,0.0,30.0,510.0,500.0,520.0,3.08150892495e-08,3.08150892495e-08
12.0,0.0,30.0,530.0,520.0,540.0,2.27636542534e-08,2.27636542534e-08
12.0,0.0,30.0,550.0,540.0,560.0,1.83533833404e-08,1.83533833404e-08
12.0,0.0,30.0,570.0,560.0,580.0,1.24683920071e-08,1.24683920071e-08
12.0,0.0,30.0,590.0,580.0,600.0,1.24437833501e-08,1.24437833501e-08
12.0,0.0,30.0,610.0,600.0,620.0,1.05094793449e-08,1.05094793449e-08
12.0,0.0,30.0,630.0,620.0,640.0,1.3510579529e-08,1.3510579529e-08
12.0,0.0,30.0,650.0,640.0,660.0,1.66731068894e-08,1.66731068894e-08
12.0,0.0,30.0,670.0,660.0,680.0,1.9852405539e-08,1.9852405539e-08
12.0,0.0,30.0,690.0,680.0,700.0,2.15035063309e-08,2.15035063309e-08
12.0,0.0,30.0,710.0,700.0,720.0,2.18366321001e-08,2.18366321001e-08
12.0,0.0,30.0,730.0,720.0,740.0,2.12704079095e-08,2.12704079095e-08
12.0,0.0,30.0,750.0,740.0,760.0,1.94231475156e-08,1.94231475156e-08
12.0,0.0,30.0,770.0,760.0,780.0,1.84226301947e-08,1.84226301947e-08
12.0,0.0,45.0,390.0,380.0,400.0,1.73859474015e-08,1.73859474015e-08
12.0,0.0,45.0,410.0,400.0,420.0,2.77480758415e-08,2.77480758415e-08
12.0,0.0,45.0,430.0,420.0,440.0,2.66690740923e-08,2.66690740923e-08
12.0,0.0,45.0,450.0,440.0,460.0,3.06439368139e-08,3.06439368139e-08
12.0,0.0,45.0,470.0,460.0,480.0,2.96458308477e-08,2.96458308477e-08
12.0,0.0,45.0,490.0,480.0,500.0,2.5470711784e-08,2.5470711784e-08
12.0,0.0,45.0,510.0,500.0,520.0,1.9715044425e-08,1.9715044425e-08
12.0,0.0,45.0,530.0,520.0,540.0,1.42247730076e-08,1.42247730076e-08
12.0,0.0,45.0,550.0,540.0,560.0,1.12324418962e-08,1.12324418962e-08
12.0,0.0,45.0,570.0,560.0,580.0,7.48649634393e-09,7.48649634393e-09
12.0,0.0,45.0,590.0,580.0,600.0,7.34882876995e-09,7.34882876995e-09
12.0,0.0,45.0,610.0,600.0,620.0,6.11140999213e-09,6.11140999213e-09
12.0,0.0,45.0,630.0,620.0,640.0,7.75343616275e-09,7.75343616275e-09
12.0,0.0,45.0,650.0,640.0,660.0,9.45345160456e-09,9.45345160456e-09
12.0,0.0,45.0,670.0,660.0,680.0,1.11305176623e-08,1.11305176623e-08
12.0,0.0,45.0,690.0,680.0,700.0,1.19305142807e-08,1.19305142807e-08
12.0,0.0,45.0,710.0,700.0,720.0,1.19967097213e-08,1.19967097213e-08
12.0,0.0,45.0,730.0,720.0,740.0,1.15773652335e-08,1.15773652335e-08
12.0,0.0,45.0,750.0,740.0,760.0,1.04774184574e-08,1.04774184574e-08
12.0,0.0,45.0,770.0,760.0,780.0,9.85549431091e-09,9.85549431091e-09
12.0,0.0,60.0,390.0,380.0,400.0,1.44981714037e-08,1.44981714037e-08
12.0,0.0,60.0,410.0,400.0,420.0,2.2525569939e-08,2.2525569939e-08
12.0,0.0,60.0,430.0,420.0,440.0,2.11468702727e-08,2.11468702727e-08
12.0,0.0,60.0,450.0,440.0,460.0,2.38082041343e-08,2.38082041343e-08
12.0,0.0,60.0,470.0,460.0,480.0,2.26310987915e-08,2.26310987915e-08
12.0,0.0,60.0,490.0,480.0,500.0,1.91513131261e-08,1.91513131261e-08
12.0,0.0,60.0,510.0,500.0,520.0,1.4631241973e-08,1.4631241973e-08
12.0,0.0,60.0,530.0,520.0,540.0,1.04385348123e-08,1.04385348123e-08
12.0,0.0,60.0,550.0,540.0,560.0,8.16308947981e-09,8.16308947981e-09
12.0,0.0,60.0,570.0,560.0,580.0,5.39537196946e-09,5.39537196946e-09
12.0,0.0,60.0,590.0,580.0,600.0,5.25746125771e-09,5.25746125771e-09
12.0,0.0,60.0,610.0,600.0,620.0,4.34447300923e-09,4.34447300923e-09
12.0,0.0,60.0,630.0,620.0,640.0,5.48068404608e-09,5.48068404608e-09
12.0,0.0,60.0,650.0,640.0,660.0,6.64932656851e-09,6.64932656851e-09
12.0,0.0,60.0,670.0,660.0,680.0,7.79506291961e-09,7.79506291961e-09
12.0,0.0,60.0,690.0,680.0,700.0,8.32358528158e-09,8.32358528158e-09
12.0,0.0,60.0,710.0,700.0,720.0,8.34165453747e-09,8.34165453747e-09
12.0,0.0,60.0,730.0,720.0,740.0,8.02631834695e-09,8.02631834695e-09
12.0,0.0,60.0,750.0,740.0,760.0,7.2448840623e-09,7.2448840623e-09
12.0,0.0,60.0,770.0,760.0,780.0,6.7992346024e-09,6.7992346024e-09
12.0,0.0,90.0,390.0,380.0,400.0,1.11819140553e-08,1.11819140553e-08
12.0,0.0,90.0,410.0,400.0,420.0,1.60152932714e-08,1.60152932714e-08
12.0,0.0,90.0,430.0,420.0,440.0,1.38660772639e-08,1.38660772639e-08
12.0,0.0,90.0,450.0,440.0,460.0,1.44307856833e-08,1.44307856833e-08
12.0,0.0,90.0,470.0,460.0,480.0,1.2728583866e-08,1.2728583866e-08
12.0,0.0,90.0,490.0,480.0,500.0,1.0041305976e-08,1.0041305976e-08
12.0,0.0,90.0,510.0,500.0,520.0,7.18769570009e-09,7.18769570009e-09
12.0,0.0,90.0,530.0,520.0,540.0,4.8305295061e-09,4.8305295061e-09
12.0,0.0,90.0,550.0,540.0,560.0,3.57841069406e-09,3.57841069406e-09
12.0,0.0,90.0,570.0,560.0,580.0,2.25221324941e-09,2.25221324941e-09
12.0,0.0,90.0,590.0,580.0,600.0,2.1000511653e-09,2.1000511653e-09
12.0,0.0,90.0,610.0,600.0,620.0,1.66826587178e-09,1.66826587178e-09
12.0,0.0,90.0,630.0,620.0,640.0,2.03138960077e-09,2.03138960077e-09
12.0,0.0,90.0,650.0,640.0,660.0,2.38823749864e-09,2.38823749864e-09
12.0,0.0,90.0,670.0,660.0,680.0,2.72298907675e-09,2.72298907675e-09
12.0,0.0,90.0,690.0,680.0,700.0,2.8370521233e-09,2.8370521233e-09
12.0,0.0,90.0,710.0,700.0,720.0,2.78203900516e-09,2.78203900516e-09
12.0,0.0,90.0,730.0,720.0,740.0,2.62627710081e-09,2.62627710081e-09
12.0,0.0,90.0,750.0,740.0,760.0,2.33123299885e-09,2.33123299885e-09
12.0,0.0,90.0,770.0,760.0,780.0,2.15626995444e-09,2.15626995444e-09
12.0,90.0,0.0,390.0,380.0,400.0,6.39341055075e-09,6.39341055075e-09
12.0,90.0,0.0,410.0,400.0,420.0,1.01500915553e-08,1.01500915553e-08
12.0,90.0,0.0,430.0,420.0,440.0,9.70473082593e-09,9.70473082593e-09
12.0,90.0,0.0,450.0,440.0,460.0,1.10990556303e-08,1.10990556303e-08
12.0,90.0,0.0,470.0,460.0,480.0,1.07009110405e-08,1.07009110405e-08
12.0,90.0,0.0,490.0,480.0,500.0,9.1780393306e-09,9.1780393306e-09
12.0,90.0,0.0,510.0,500.0,520.0,7.10705617341e-09,7.10705617341e-09
12.0,90.0,0.0,530.0,520.0,540.0,5.14143045812e-09,5.14143045812e-09
12.0,90.0,0.0,550.0,540.0,560.0,4.07943092323e-09,4.07943092323e-09
12.0,90.0,0.0,570.0,560.0,580.0,2.73888823198e-09,2.73888823198e-09
12.0,90.0,0.0,590.0,580.0,600.0,2.7091076355e-09,2.7091076355e-09
12.0,90.0,0.0,610.0,600.0,620.0,2.27551452707e-09,2.27551452707e-09
12.0,90.0,0.0,630.0,620.0,640.0,2.91565492512e-09,2.91565492512e-09
12.0,90.0,0.0,650.0,640.0,660.0,3.59617956236e-09,3.59617956236e-09
12.0,90.0,0.0,670.0,660.0,680.0,4.29058461368e-09,4.29058461368e-09
12.0,90.0,0.0,690.0,680.0,700.0,4.66561808215e-09,4.66561808215e-09
12.0,90.0,0.0,710.0,700.0,720.0,4.76200933924e-09,4.76200933924e-09
12.0,90.0,0.0,730.0,720.0,740.0,4.66844288076e-09,4.66844288076e-09
12.0,90.0,0.0,750.0,740.0,760.0,4.29405285332e-09,4.29405285332e-09
12.0,90.0,0.0,770.0,760.0,780.0,4.10772444735e-09,4.10772444735e-09
12.0,90.0,0.5,390.0,380.0,400.0,6.41835298769e-09,6.41835298769e-09
12.0,90.0,0.5,410.0,400.0,420.0,1.01862826232e-08,1.01862826232e-08
12.0,90.0,0.5,430.0,420.0,440.0,9.73638106177e-09,9.73638106177e-09
12.0,90.0,0.5,450.0,440.0,460.0,1.1132230783e-08,1.1132230783e-08
12.0,90.0,0.5,470.0,460.0,480.0,1.07302833044e-08,1.07302833044e-08
12.0,90.0,0.5,490.0,480.0,500.0,9.20121415003e-09,9.20121415003e-09
12.0,90.0,0.5,510.0,500.0,520.0,7.12359221767e-09,7.12359221767e-09
12.0,90.0,0.5,530.0,520.0,540.0,5.15248432839e-09,5.15248432839e-09
12.0,90.0,0.5,550.0,540.0,560.0,4.0875348512e-09,4.0875348512e-09
12.0,90.0,0.5,570.0,560.0,580.0,2.74392726689e-09,2.74392726689e-09
12.0,90.0,0.5,590.0,580.0,600.0,2.7137168006e-09,2.7137168006e-09
12.0,90.0,0.5,610.0,600.0,620.0,2.27909451276e-09,2.27909451276e-09
12.0,90.0,0.5,630.0,620.0,640.0,2.91988923322e-09,2.91988923322e-09
12.0,90.0,0.5,650.0,640.0,660.0,3.60101202816e-09,3.60101202816e-09
12.0,90.0,0.5,670.0,660.0,680.0,4.29592412239e-09,4.29592412239e-09
12.0,90.0,0.5,690.0,680.0,700.0,4.67100246592e-09,4.67100246592e-09
12.0,90.0,0.5,710.0,700.0,720.0,4.76713151772e-09,4.76713151772e-09
12.0,90.0,0.5,730.0,720.0,740.0,4.67312564161e-09,4.67312564161e-09
12.0,90.0,0.5,750.0,740.0,760.0,4.29807701279e-09,4.29807701279e-09
12.0,90.0,0.5,770.0,760.0,780.0,4.11131789406e-09,4.11131789406e-09
12.0,90.0,1.0,390.0,380.0,400.0,6.71134586769e-09,6.71134586769e-09
12.0,90.0,1.0,410.0,400.0,420.0,1.073593391e-08,1.073593391e-08
12.0,90.0,1.0,430.0,420.0,440.0,1.03460813554e-08,1.03460813554e-08
12.0,90.0,1.0,450.0,440.0,460.0,1.19270782893e-08,1.19270782893e-08
12.0,90.0,1.0,470.0,460.0,480.0,1.15896659646e-08,1.15896659646e-08
12.0,90.0,1.0,490.0,480.0,500.0,1.00159937358e-08,1.00159937358e-08
12.0,90.0,1.0,510.0,500.0,520.0,7.81257108318e-09,7.81257108318e-09
12.0,90.0,1.0,530.0,520.0,540.0,5.6911011963e-09,5.6911011963e-09
12.0,90.0,1.0,550.0,540.0,560.0,4.54476993239e-09,4.54476993239e-09
12.0,90.0,1.0,570.0,560.0,580.0,3.0697706907e-09,3.0697706907e-09
12.0,90.0,1.0,590.0,580.0,600.0,3.05357693332e-09,3.05357693332e-09
12.0,90.0,1.0,610.0,600.0,620.0,2.57819397939e-09,2.57819397939e-09
12.0,90.0,1.0,630.0,620.0,640.0,3.31961877896e-09,3.31961877896e-09
12.0,90.0,1.0,650.0,640.0,660.0,4.11291697664e-09,4.11291697664e-09
12.0,90.0,1.0,670.0,660.0,680.0,4.92730710074e-09,4.92730710074e-09
12.0,90.0,1.0,690.0,680.0,700.0,5.37840841044e-09,5.37840841044e-09
12.0,90.0,1.0,710.0,700.0,720.0,5.50942080931e-09,5.50942080931e-09
12.0,90.0,1.0,730.0,720.0,740.0,5.41918758607e-09,5.41918758607e-09
12.0,90.0,1.0,750.0,740.0,760.0,5.00017263531e-09,5.00017263531e-09
12.0,90.0,1.0,770.0,760.0,780.0,4.79677382951e-09,4.79677382951e-09
12.0,90.0,2.0,390.0,380.0,400.0,7.08409977189e-09,7.08409977189e-09
12.0,90.0,2.0,410.0,400.0,420.0,1.13998872103e-08,1.13998872103e-08
12.0,90.0,2.0,430.0,420.0,440.0,1.10534271228e-08,1.10534271228e-08
12.0,90.0,2.0,450.0,440.0,460.0,1.28210283352e-08,1.28210283352e-08
12.0,90.0,2.0,470.0,460.0,480.0,1.25335730467e-08,1.25335730467e-08
12.0,90.0,2.0,490.0,480.0,500.0,1.08950090672e-08,1.08950090672e-08
12.0,90.0,2.0,510.0,500.0,520.0,8.54579342186e-09,8.54579342186e-09
12.0,90.0,2.0,530.0,520.0,540.0,6.2584937292e-09,6.2584937292e-09
12.0,90.0,2.0,550.0,540.0,560.0,5.02299154191e-09,5.02299154191e-09
12.0,90.0,2.0,570.0,560.0,580.0,3.40883504948e-09,3.40883504948e-09
12.0,90.0,2.0,590.0,580.0,600.0,3.40623136721e-09,3.40623136721e-09
12.0,90.0,2.0,610.0,600.0,620.0,2.88807946429e-09,2.88807946429e-09
12.0,90.0,2.0,630.0,620.0,640.0,3.73380128951e-09,3.73380128951e-09
12.0,90.0,2.0,650.0,640.0,660.0,4.64386555147e-09,4.64386555147e-09
12.0,90.0,2.0,670.0,660.0,680.0,5.5833019461e-09,5.5833019461e-09
12.0,90.0,2.0,690.0,680.0,700.0,6.1150420988e-09,6.1150420988e-09
12.0,90.0,2.0,710.0,700.0,720.0,6.28441796573e-09,6.28441796573e-09
12.0,90.0,2.0,730.0,720.0,740.0,6.20044227444e-09,6.20044227444e-09
12.0,90.0,2.0,750.0,740.0,760.0,5.73770382571e-09,5.73770382571e-09
12.0,90.0,2.0,770.0,760.0,780.0,5.51926932705e-09,5.51926932705e-09
12.0,90.0,3.0,390.0,380.0,400.0,7.51943846025e-09,7.51943846025e-09
12.0,90.0,3.0,410.0,400.0,420.0,1.21783841874e-08,1.21783841874e-08
12.0,90.0,3.0,430.0,420.0,440.0,1.18855250011e-08,1.18855250011e-08
12.0,90.0,3.0,450.0,440.0,460.0,1.38757008568e-08,1.38757008568e-08
12.0,90.0,3.0,470.0,460.0,480.0,1.36502477244e-08,1.36502477244e-08
12.0,90.0,3.0,490.0,480.0,500.0,1.19377394095e-08,1.19377394095e-08
12.0,90.0,3.0,510.0,500.0,520.0,9.41784380753e-09,9.41784380753e-09
12.0,90.0,3.0,530.0,520.0,540.0,6.93499216386e-09,6.93499216386e-09
12.0,90.0,3.0,550.0,540.0,560.0,5.5947069639e-09,5.5947069639e-09
12.0,90.0,3.0,570.0,560.0,580.0,3.81515876095e-09,3.81515876095e-09
12.0,90.0,3.0,590.0,580.0,600.0,3.83011625105e-09,3.83011625105e-09
12.0,90.0,3.0,610.0,600.0,620.0,3.26155002275e-09,3.26155002275e-09
12.0,90.0,3.0,630.0,620.0,640.0,4.23454932352e-09,4.23454932352e-09
12.0,90.0,3.0,650.0,640.0,660.0,5.28760468589e-09,5.28760468589e-09
12.0,90.0,3.0,670.0,660.0,680.0,6.38058621831e-09,6.38058621831e-09
12.0,90.0,3.0,690.0,680.0,700.0,7.01211954024e-09,7.01211954024e-09
12.0,90.0,3.0,710.0,700.0,720.0,7.22965430452e-09,7.22965430452e-09
12.0,90.0,3.0,730.0,720.0,740.0,7.15433407397e-09,7.15433407397e-09
12.0,90.0,3.0,750.0,740.0,760.0,6.63870500799e-09,6.63870500799e-09
12.0,90.0,3.0,770.0,760.0,780.0,6.40206558954e-09,6.40206558954e-09
12.0,90.0,5.0,390.0,380.0,400.0,8.49119701469e-09,8.49119701469e-09
12.0,90.0,5.0,410.0,400.0,420.0,1.39312577956e-08,1.39312577956e-08
12.0,90.0,5.0,430.0,420.0,440.0,1.37706718462e-08,1.37706718462e-08
12.0,90.0,5.0,450.0,440.0,460.0,1.62744826235e-08,1.62744826235e-08
12.0,90.0,5.0,470.0,460.0,480.0,1.61949049357e-08,1.61949049357e-08
12.0,90.0,5.0,490.0,480.0,500.0,1.43140310429e-08,1.43140310429e-08
12.0,90.0,5.0,510.0,500.0,520.0,1.14015236829e-08,1.14015236829e-08
12.0,90.0,5.0,530.0,520.0,540.0,8.46819484158e-09,8.46819484158e-09
12.0,90.0,5.0,550.0,540.0,560.0,6.88428769721e-09,6.88428769721e-09
12.0,90.0,5.0,570.0,560.0,580.0,4.72569816534e-09,4.72569816534e-09
12.0,90.0,5.0,590.0,580.0,600.0,4.77374347093e-09,4.77374347093e-09
12.0,90.0,5.0,610.0,600.0,620.0,4.08619290188e-09,4.08619290188e-09
12.0,90.0,5.0,630.0,620.0,640.0,5.33114398945e-09,5.33114398945e-09
12.0,90.0,5.0,650.0,640.0,660.0,6.68408223076e-09,6.68408223076e-09
12.0,90.0,5.0,670.0,660.0,680.0,8.09196452406e-09,8.09196452406e-09
12.0,90.0,5.0,690.0,680.0,700.0,8.91556418701e-09,8.91556418701e-09
12.0,90.0,5.0,710.0,700.0,720.0,9.21049394819e-09,9.21049394819e-09
12.0,90.0,5.0,730.0,720.0,740.0,9.12722599213e-09,9.12722599213e-09
12.0,90.0,5.0,750.0,740.0,760.0,8.47669822373e-09,8.47669822373e-09
12.0,90.0,5.0,770.0,760.0,780.0,8.17764613683e-09,8.17764613683e-09
12.0,90.0,8.0,390.0,380.0,400.0,1.0120990996e-08,1.0120990996e-08
12.0,90.0,8.0,410.0,400.0,420.0,1.68575453757e-08,1.68575453757e-08
12.0,90.0,8.0,430.0,420.0,440.0,1.68805747478e-08,1.68805747478e-08
12.0,90.0,8.0,450.0,440.0,460.0,2.016399981e-08,2.016399981e-08
12.0,90.0,8.0,470.0,460.0,480.0,2.02347763186e-08,2.02347763186e-08
12.0,90.0,8.0,490.0,480.0,500.0,1.79973995674e-08,1.79973995674e-08
12.0,90.0,8.0,510.0,500.0,520.0,1.43969262276e-08,1.43969262276e-08
12.0,90.0,8.0,530.0,520.0,540.0,1.07197185731e-08,1.07197185731e-08
12.0,90.0,8.0,550.0,540.0,560.0,8.7249862379e-09,8.7249862379e-09
12.0,90.0,8.0,570.0,560.0,580.0,5.98750828482e-09,5.98750828482e-09
12.0,90.0,8.0,590.0,580.0,600.0,6.04405259799e-09,6.04405259799e-09
12.0,90.0,8.0,610.0,600.0,620.0,5.163837063e-09,5.163837063e-09
12.0,90.0,8.0,630.0,620.0,640.0,6.72281939223e-09,6.72281939223e-09
12.0,90.0,8.0,650.0,640.0,660.0,8.4044530604e-09,8.4044530604e-09
12.0,90.0,8.0,670.0,660.0,680.0,1.01379395976e-08,1.01379395976e-08
12.0,90.0,8.0,690.0,680.0,700.0,1.11235007104e-08,1.11235007104e-08
12.0,90.0,8.0,710.0,700.0,720.0,1.14397143948e-08,1.14397143948e-08
12.0,90.0,8.0,730.0,720.0,740.0,1.12814489826e-08,1.12814489826e-08
12.0,90.0,8.0,750.0,740.0,760.0,1.04240983461e-08,1.04240983461e-08
12.0,90.0,8.0,770.0,760.0,780.0,1.00035216525e-08,1.00035216525e-08
12.0,90.0,12.0,390.0,380.0,400.0,1.22709847456e-08,1.22709847456e-08
12.0,90.0,12.0,410.0,400.0,420.0,2.05318252099e-08,2.05318252099e-08
12.0,90.0,12.0,430.0,420.0,440.0,2.05882252349e-08,2.05882252349e-08
12.0,90.0,12.0,450.0,440.0,460.0,2.45665537726e-08,2.45665537726e-08
12.0,90.0,12.0,470.0,460.0,480.0,2.45808385679e-08,2.45808385679e-08
12.0,90.0,12.0,490.0,480.0,500.0,2.17687749527e-08,2.17687749527e-08
12.0,90.0,12.0,510.0,500.0,520.0,1.73199228312e-08,1.73199228312e-08
12.0,90.0,12.0,530.0,520.0,540.0,1.2816224116e-08,1.2816224116e-08
12.0,90.0,12.0,550.0,540.0,560.0,1.03625774213e-08,1.03625774213e-08
12.0,90.0,12.0,570.0,560.0,580.0,7.06082735656e-09,7.06082735656e-09
12.0,90.0,12.0,590.0,580.0,600.0,7.07812479875e-09,7.07812479875e-09
12.0,90.0,12.0,610.0,600.0,620.0,6.00356687491e-09,6.00356687491e-09
12.0,90.0,12.0,630.0,620.0,640.0,7.76102172813e-09,7.76102172813e-09
12.0,90.0,12.0,650.0,640.0,660.0,9.63285030409e-09,9.63285030409e-09
12.0,90.0,12.0,670.0,660.0,680.0,1.15356651283e-08,1.15356651283e-08
12.0,90.0,12.0,690.0,680.0,700.0,1.25658646531e-08,1.25658646531e-08
12.0,90.0,12.0,710.0,700.0,720.0,1.28312542475e-08,1.28312542475e-08
12.0,90.0,12.0,730.0,720.0,740.0,1.25652424602e-08,1.25652424602e-08
12.0,90.0,12.0,750.0,740.0,760.0,1.15308351239e-08,1.15308351239e-08
12.0,90.0,12.0,770.0,760.0,780.0,1.09916626299e-08,1.09916626299e-08
12.0,90.0,20.0,390.0,380.0,400.0,1.50762430488e-08,1.50762430488e-08
12.0,90.0,20.0,410.0,400.0,420.0,2.4838541911e-08,2.4838541911e-08
12.0,90.0,20.0,430.0,420.0,440.0,2.45154876402e-08,2.45154876402e-08
12.0,90.0,20.0,450.0,440.0,460.0,2.88018471115e-08,2.88018471115e-08
12.0,90.0,20.0,470.0,460.0,480.0,2.83910259691e-08,2.83910259691e-08
12.0,90.0,20.0,490.0,480.0,500.0,2.47862544926e-08,2.47862544926e-08
12.0,90.0,20.0,510.0,500.0,520.0,1.94529130845e-08,1.94529130845e-08
12.0,90.0,20.0,530.0,520.0,540.0,1.42075337476e-08,1.42075337476e-08
12.0,90.0,20.0,550.0,540.0,560.0,1.13455372584e-08,1.13455372584e-08
12.0,90.0,20.0,570.0,560.0,580.0,7.6386763612e-09,7.6386763612e-09
12.0,90.0,20.0,590.0,580.0,600.0,7.57153142593e-09,7.57153142593e-09
12.0,90.0,20.0,610.0,600.0,620.0,6.35259924828e-09,6.35259924828e-09
12.0,90.0,20.0,630.0,620.0,640.0,8.12758367414e-09,8.12758367414e-09
12.0,90.0,20.0,650.0,640.0,660.0,9.9874531417e-09,9.9874531417e-09
12.0,90.0,20.0,670.0,660.0,680.0,1.18455886258e-08,1.18455886258e-08
12.0,90.0,20.0,690.0,680.0,700.0,1.27845326906e-08,1.27845326906e-08
12.0,90.0,20.0,710.0,700.0,720.0,1.29392891337e-08,1.29392891337e-08
12.0,90.0,20.0,730.0,720.0,740.0,1.25638213472e-08,1.25638213472e-08
12.0,90.0,20.0,750.0,740.0,760.0,1.14362107518e-08,1.14362107518e-08
12.0,90.0,20.0,770.0,760.0,780.0,1.0816893377e-08,1.0816893377e-08
12.0,90.0,30.0,390.0,380.0,400.0,1.60292414488e-08,1.60292414488e-08
12.0,90.0,30.0,410.0,400.0,420.0,2.58523558954e-08,2.58523558954e-08
12.0,90.0,30.0,430.0,420.0,440.0,2.50480978344e-08,2.50480978344e-08
12.0,90.0,30.0,450.0,440.0,460.0,2.89571695607e-08,2.89571695607e-08
12.0,90.0,30.0,470.0,460.0,480.0,2.8143418164e-08,2.8143418164e-08
12.0,90.0,30.0,490.0,480.0,500.0,2.42636783023e-08,2.42636783023e-08
12.0,90.0,30.0,510.0,500.0,520.0,1.88293928367e-08,1.88293928367e-08
12.0,90.0,30.0,530.0,520.0,540.0,1.36123020755e-08,1.36123020755e-08
12.0,90.0,30.0,550.0,540.0,560.0,1.07686452384e-08,1.07686452384e-08
12.0,90.0,30.0,570.0,560.0,580.0,7.18780222493e-09,7.18780222493e-09
12.0,90.0,30.0,590.0,580.0,600.0,7.0670969423e-09,7.0670969423e-09
12.0,90.0,30.0,610.0,600.0,620.0,5.88471981048e-09,5.88471981048e-09
12.0,90.0,30.0,630.0,620.0,640.0,7.47505637082e-09,7.47505637082e-09
12.0,90.0,30.0,650.0,640.0,660.0,9.12364103938e-09,9.12364103938e-09
12.0,90.0,30.0,670.0,660.0,680.0,1.07522793947e-08,1.07522793947e-08
12.0,90.0,30.0,690.0,680.0,700.0,1.15349694567e-08,1.15349694567e-08
12.0,90.0,30.0,710.0,700.0,720.0,1.16085147291e-08,1.16085147291e-08
12.0,90.0,30.0,730.0,720.0,740.0,1.1211335839e-08,1.1211335839e-08
12.0,90.0,30.0,750.0,740.0,760.0,1.01534976104e-08,1.01534976104e-08
12.0,90.0,30.0,770.0,760.0,780.0,9.5575181928e-09,9.5575181928e-09
12.0,90.0,45.0,390.0,380.0,400.0,1.53650483196e-08,1.53650483196e-08
12.0,90.0,45.0,410.0,400.0,420.0,2.42460888306e-08,2.42460888306e-08
12.0,90.0,45.0,430.0,420.0,440.0,2.30622300571e-08,2.30622300571e-08
12.0,90.0,45.0,450.0,440.0,460.0,2.62456639741e-08,2.62456639741e-08
12.0,90.0,45.0,470.0,460.0,480.0,2.51656081772e-08,2.51656081772e-08
12.0,90.0,45.0,490.0,480.0,500.0,2.14425363283e-08,2.14425363283e-08
12.0,90.0,45.0,510.0,500.0,520.0,1.64687446122e-08,1.64687446122e-08
12.0,90.0,45.0,530.0,520.0,540.0,1.17969095266e-08,1.17969095266e-08
12.0,90.0,45.0,550.0,540.0,560.0,9.25528047521e-09,9.25528047521e-09
12.0,90.0,45.0,570.0,560.0,580.0,6.13173867703e-09,6.13173867703e-09
12.0,90.0,45.0,590.0,580.0,600.0,5.98660816283e-09,5.98660816283e-09
12.0,90.0,45.0,610.0,600.0,620.0,4.95324983723e-09,4.95324983723e-09
12.0,90.0,45.0,630.0,620.0,640.0,6.25350051392e-09,6.25350051392e-09
12.0,90.0,45.0,650.0,640.0,660.0,7.58968366064e-09,7.58968366064e-09
12.0,90.0,45.0,670.0,660.0,680.0,8.89793868776e-09,8.89793868776e-09
12.0,90.0,45.0,690.0,680.0,700.0,9.49952035692e-09,9.49952035692e-09
12.0,90.0,45.0,710.0,700.0,720.0,9.5170588034e-09,9.5170588034e-09
12.0,90.0,45.0,730.0,720.0,740.0,9.15281125786e-09,9.15281125786e-09
12.0,90.0,45.0,750.0,740.0,760.0,8.25666435014e-09,8.25666435014e-09
12.0,90.0,45.0,770.0,760.0,780.0,7.74331178314e-09,7.74331178314e-09
12.0,90.0,60.0,390.0,380.0,400.0,1.39522757397e-08,1.39522757397e-08
12.0,90.0,60.0,410.0,400.0,420.0,2.15739159435e-08,2.15739159435e-08
12.0,90.0,60.0,430.0,420.0,440.0,2.01648801752e-08,2.01648801752e-08
12.0,90.0,60.0,450.0,440.0,460.0,2.26076305703e-08,2.26076305703e-08
12.0,90.0,60.0,470.0,460.0,480.0,2.14019995029e-08,2.14019995029e-08
12.0,90.0,60.0,490.0,480.0,500.0,1.80371593335e-08,1.80371593335e-08
12.0,90.0,60.0,510.0,500.0,520.0,1.37234192892e-08,1.37234192892e-08
12.0,90.0,60.0,530.0,520.0,540.0,9.75054128163e-09,9.75054128163e-09
12.0,90.0,60.0,550.0,540.0,560.0,7.59536571563e-09,7.59536571563e-09
12.0,90.0,60.0,570.0,560.0,580.0,5.00057907024e-09,5.00057907024e-09
12.0,90.0,60.0,590.0,580.0,600.0,4.85528279826e-09,4.85528279826e-09
12.0,90.0,60.0,610.0,600.0,620.0,3.99763666514e-09,3.99763666514e-09
12.0,90.0,60.0,630.0,620.0,640.0,5.0254093599e-09,5.0254093599e-09
12.0,90.0,60.0,650.0,640.0,660.0,6.0758387093e-09,6.0758387093e-09
12.0,90.0,60.0,670.0,660.0,680.0,7.098706507e-09,7.098706507e-09
12.0,90.0,60.0,690.0,680.0,700.0,7.55528297689e-09,7.55528297689e-09
12.0,90.0,60.0,710.0,700.0,720.0,7.54815986687e-09,7.54815986687e-09
12.0,90.0,60.0,730.0,720.0,740.0,7.24112051744e-09,7.24112051744e-09
12.0,90.0,60.0,750.0,740.0,760.0,6.51747199541e-09,6.51747199541e-09
12.0,90.0,60.0,770.0,760.0,780.0,6.09987031071e-09,6.09987031071e-09
12.0,90.0,90.0,390.0,380.0,400.0,1.11819140553e-08,1.11819140553e-08
12.0,90.0,90.0,410.0,400.0,420.0,1.60152932714e-08,1.60152932714e-08
12.0,90.0,90.0,430.0,420.0,440.0,1.38660772639e-08,1.38660772639e-08
12.0,90.0,90.0,450.0,440.0,460.0,1.44307856833e-08,1.44307856833e-08
12.0,90.0,90.0,470.0,460.0,480.0,1.2728583866e-08,1.2728583866e-08
12.0,90.0,90.0,490.0,480.0,500.0,1.0041305976e-08,1.0041305976e-08
12.0,90.0,90.0,510.0,500.0,520.0,7.18769570009e-09,7.18769570009e-09
12.0,90.0,90.0,530.0,520.0,540.0,4.8305295061e-09,4.8305295061e-09
12.0,90.0,90.0,550.0,540.0,560.0,3.57841069406e-09,3.57841069406e-09
12.0,90.0,90.0,570.0,560.0,580.0,2.25221324941e-09,2.25221324941e-09
12.0,90.0,90.0,590.0,580.0,600.0,2.1000511653e-09,2.1000511653e-09
12.0,90.0,90.0,610.0,600.0,620.0,1.66826587178e-09,1.66826587178e-09
12.0,90.0,90.0,630.0,620.0,640.0,2.03138960077e-09,2.03138960077e-09
12.0,90.0,90.0,650.0,640.0,660.0,2.38823749864e-09,2.38823749864e-09
12.0,90.0,90.0,670.0,660.0,680.0,2.72298907675e-09,2.72298907675e-09
12.0,90.0,90.0,690.0,680.0,700.0,2.8370521233e-09,2.8370521233e-09
12.0,90.0,90.0,710.0,700.0,720.0,2.78203900516e-09,2.78203900516e-09
12.0,90.0,90.0,730.0,720.0,740.0,2.62627710081e-09,2.62627710081e-09
12.0,90.0,90.0,750.0,740.0,760.0,2.33123299885e-09,2.33123299885e-09
12.0,90.0,90.0,770.0,760.0,780.0,2.15626995444e-09,2.15626995444e-09
12.0,180.0,0.0,390.0,380.0,400.0,5.13123789426e-09,5.13123789426e-09
12.0,180.0,0.0,410.0,400.0,420.0,7.85847264577e-09,7.85847264577e-09
12.0,180.0,0.0,430.0,420.0,440.0,7.25314951303e-09,7.25314951303e-09
12.0,180.0,0.0,450.0,440.0,460.0,8.01916727575e-09,8.01916727575e-09
12.0,180.0,0.0,470.0,460.0,480.0,7.49044111636e-09,7.49044111636e-09
12.0,180.0,0.0,490.0,480.0,500.0,6.23786149629e-09,6.23786149629e-09
12.0,180.0,0.0,510.0,500.0,520.0,4.69833244476e-09,4.69833244476e-09
12.0,180.0,0.0,530.0,520.0,540.0,3.31023487958e-09,3.31023487958e-09
12.0,180.0,0.0,550.0,540.0,560.0,2.57136081679e-09,2.57136081679e-09
12.0,180.0,0.0,570.0,560.0,580.0,1.68986339105e-09,1.68986339105e-09
12.0,180.0,0.0,590.0,580.0,600.0,1.65377589008e-09,1.65377589008e-09
12.0,180.0,0.0,610.0,600.0,620.0,1.37422634083e-09,1.37422634083e-09
12.0,180.0,0.0,630.0,620.0,640.0,1.75829080275e-09,1.75829080275e-09
12.0,180.0,0.0,650.0,640.0,660.0,2.1662114403e-09,2.1662114403e-09
12.0,180.0,0.0,670.0,660.0,680.0,2.58182426862e-09,2.58182426862e-09
12.0,180.0,0.0,690.0,680.0,700.0,2.80601023278e-09,2.80601023278e-09
12.0,180.0,0.0,710.0,700.0,720.0,2.86463739761e-09,2.86463739761e-09
12.0,180.0,0.0,730.0,720.0,740.0,2.81146051295e-09,2.81146051295e-09
12.0,180.0,0.0,750.0,740.0,760.0,2.59069405346e-09,2.59069405346e-09
12.0,180.0,0.0,770.0,760.0,780.0,2.48576831956e-09,2.48576831956e-09
12.0,180.0,0.5,390.0,380.0,400.0,6.77056071114e-09,6.77056071114e-09
12.0,180.0,0.5,410.0,400.0,420.0,1.03704312476e-08,1.03704312476e-08
12.0,180.0,0.5,430.0,420.0,440.0,9.56781075682e-09,9.56781075682e-09
12.0,180.0,0.5,450.0,440.0,460.0,1.05729487266e-08,1.05729487266e-08
12.0,180.0,0.5,470.0,460.0,480.0,9.87137540595e-09,9.87137540595e-09
12.0,180.0,0.5,490.0,480.0,500.0,8.21998755502e-09,8.21998755502e-09
12.0,180.0,0.5,510.0,500.0,520.0,6.19643746308e-09,6.19643746308e-09
12.0,180.0,0.5,530.0,520.0,540.0,4.37491145072e-09,4.37491145072e-09
12.0,180.0,0.5,550.0,540.0,560.0,3.40108959184e-09,3.40108959184e-09
12.0,180.0,0.5,570.0,560.0,580.0,2.24172622649e-09,2.24172622649e-09
12.0,180.0,0.5,590.0,580.0,600.0,2.18890091585e-09,2.18890091585e-09
12.0,180.0,0.5,610.0,600.0,620.0,1.81824893056e-09,1.81824893056e-09
12.0,180.0,0.5,630.0,620.0,640.0,2.31500135335e-09,2.31500135335e-09
12.0,180.0,0.5,650.0,640.0,660.0,2.84175566826e-09,2.84175566826e-09
12.0,180.0,0.5,670.0,660.0,680.0,3.37917055456e-09,3.37917055456e-09
12.0,180.0,0.5,690.0,680.0,700.0,3.66716142695e-09,3.66716142695e-09
12.0,180.0,0.5,710.0,700.0,720.0,3.74015727274e-09,3.74015727274e-09
12.0,180.0,0.5,730.0,720.0,740.0,3.66846492513e-09,3.66846492513e-09
12.0,180.0,0.5,750.0,740.0,760.0,3.37948106945e-09,3.37948106945e-09
12.0,180.0,0.5,770.0,760.0,780.0,3.24140854653e-09,3.24140854653e-09
12.0,180.0,1.0,390.0,380.0,400.0,7.00454942657e-09,7.00454942657e-09
12.0,180.0,1.0,410.0,400.0,420.0,1.07288692757e-08,1.07288692757e-08
12.0,180.0,1.0,430.0,420.0,440.0,9.89759590274e-09,9.89759590274e-09
12.0,180.0,1.0,450.0,440.0,460.0,1.09357423497e-08,1.09357423497e-08
12.0,180.0,1.0,470.0,460.0,480.0,1.02081701134e-08,1.02081701134e-08
12.0,180.0,1.0,490.0,480.0,500.0,8.49881204167e-09,8.49881204167e-09
12.0,180.0,1.0,510.0,500.0,520.0,6.40563590299e-09,6.40563590299e-09
12.0,180.0,1.0,530.0,520.0,540.0,4.52224898257e-09,4.52224898257e-09
12.0,180.0,1.0,550.0,540.0,560.0,3.51502251495e-09,3.51502251495e-09
12.0,180.0,1.0,570.0,560.0,580.0,2.31675262192e-09,2.31675262192e-09
12.0,180.0,1.0,590.0,580.0,600.0,2.26135214971e-09,2.26135214971e-09
12.0,180.0,1.0,610.0,600.0,620.0,1.87802393016e-09,1.87802393016e-09
12.0,180.0,1.0,630.0,620.0,640.0,2.38993782229e-09,2.38993782229e-09
12.0,180.0,1.0,650.0,640.0,660.0,2.93262240668e-09,2.93262240668e-09
12.0,180.0,1.0,670.0,660.0,680.0,3.48626631458e-09,3.48626631458e-09
12.0,180.0,1.0,690.0,680.0,700.0,3.78263779021e-09,3.78263779021e-09
12.0,180.0,1.0,710.0,700.0,720.0,3.85737283128e-09,3.85737283128e-09
12.0,180.0,1.0,730.0,720.0,740.0,3.78304113153e-09,3.78304113153e-09
12.0,180.0,1.0,750.0,740.0,760.0,3.48481309022e-09,3.48481309022e-09
12.0,180.0,1.0,770.0,760.0,780.0,3.34226784411e-09,3.34226784411e-09
12.0,180.0,2.0,390.0,380.0,400.0,7.24889643636e-09,7.24889643636e-09
12.0,180.0,2.0,410.0,400.0,420.0,1.11122687116e-08,1.11122687116e-08
12.0,180.0,2.0,430.0,420.0,440.0,1.0257006374e-08,1.0257006374e-08
12.0,180.0,2.0,450.0,440.0,460.0,1.13364170155e-08,1.13364170155e-08
12.0,180.0,2.0,470.0,460.0,480.0,1.05831805134e-08,1.05831805134e-08
12.0,180.0,2.0,490.0,480.0,500.0,8.81030442088e-09,8.81030442088e-09
12.0,180.0,2.0,510.0,500.0,520.0,6.63879508483e-09,6.63879508483e-09
12.0,180.0,2.0,530.0,520.0,540.0,4.68518270046e-09,4.68518270046e-09
12.0,180.0,2.0,550.0,540.0,560.0,3.6400935734e-09,3.6400935734e-09
12.0,180.0,2.0,570.0,560.0,580.0,2.39798727855e-09,2.39798727855e-09
12.0,180.0,2.0,590.0,580.0,600.0,2.33956387377e-09,2.33956387377e-09
12.0,180.0,2.0,610.0,600.0,620.0,1.94203569747e-09,1.94203569747e-09
12.0,180.0,2.0,630.0,620.0,640.0,2.47041836375e-09,2.47041836375e-09
12.0,180.0,2.0,650.0,640.0,660.0,3.03025273119e-09,3.03025273119e-09
12.0,180.0,2.0,670.0,660.0,680.0,3.60106677724e-09,3.60106677724e-09
12.0,180.0,2.0,690.0,680.0,700.0,3.90596453229e-09,3.90596453229e-09
12.0,180.0,2.0,710.0,700.0,720.0,3.9820297609e-09,3.9820297609e-09
12.0,180.0,2.0,730.0,720.0,740.0,3.9043489853e-09,3.9043489853e-09
12.0,180.0,2.0,750.0,740.0,760.0,3.59582550397e-09,3.59582550397e-09
12.0,180.0,2.0,770.0,760.0,780.0,3.44819839574e-09,3.44819839574e-09
12.0,180.0,3.0,390.0,380.0,400.0,7.48767899195e-09,7.48767899195e-09
12.0,180.0,3.0,410.0,400.0,420.0,1.1491869384e-08,1.1491869384e-08
12.0,180.0,3.0,430.0,420.0,440.0,1.06158359132e-08,1.06158359132e-08
12.0,180.0,3.0,450.0,440.0,460.0,1.17379622345e-08,1.17379622345e-08
12.0,180.0,3.0,470.0,460.0,480.0,1.09588253218e-08,1.09588253218e-08
12.0,180.0,3.0,490.0,480.0,500.0,9.1208956727e-09,9.1208956727e-09
12.0,180.0,3.0,510.0,500.0,520.0,6.86917529431e-09,6.86917529431e-09
12.0,180.0,3.0,530.0,520.0,540.0,4.84398973212e-09,4.84398973212e-09
12.0,180.0,3.0,550.0,540.0,560.0,3.76012831694e-09,3.76012831694e-09
12.0,180.0,3.0,570.0,560.0,580.0,2.47433917314e-09,2.47433917314e-09
12.0,180.0,3.0,590.0,580.0,600.0,2.41185025785e-09,2.41185025785e-09
12.0,180.0,3.0,610.0,600.0,620.0,1.99993735989e-09,1.99993735989e-09
12.0,180.0,3.0,630.0,620.0,640.0,2.54203503344e-09,2.54203503344e-09
12.0,180.0,3.0,650.0,640.0,660.0,3.11548280042e-09,3.11548280042e-09
12.0,180.0,3.0,670.0,660.0,680.0,3.69907391987e-09,3.69907391987e-09
12.0,180.0,3.0,690.0,680.0,700.0,4.00869230075e-09,4.00869230075e-09
12.0,180.0,3.0,710.0,700.0,720.0,4.08319038025e-09,4.08319038025e-09
12.0,180.0,3.0,730.0,720.0,740.0,4.00011885758e-09,4.00011885758e-09
12.0,180.0,3.0,750.0,740.0,760.0,3.68098423872e-09,3.68098423872e-09
12.0,180.0,3.0,770.0,760.0,780.0,3.52714609226e-09,3.52714609226e-09
12.0,180.0,5.0,390.0,380.0,400.0,7.99763085404e-09,7.99763085404e-09
12.0,180.0,5.0,410.0,400.0,420.0,1.23047408268e-08,1.23047408268e-08
12.0,180.0,5.0,430.0,420.0,440.0,1.13831378345e-08,1.13831378345e-08
12.0,180.0,5.0,450.0,440.0,460.0,1.259201724e-08,1.259201724e-08
12.0,180.0,5.0,470.0,460.0,480.0,1.1750485367e-08,1.1750485367e-08
12.0,180.0,5.0,490.0,480.0,500.0,9.76687444512e-09,9.76687444512e-09
12.0,180.0,5.0,510.0,500.0,520.0,7.33983801626e-09,7.33983801626e-09
12.0,180.0,5.0,530.0,520.0,540.0,5.16097301608e-09,5.16097301608e-09
12.0,180.0,5.0,550.0,540.0,560.0,3.99347964819e-09,3.99347964819e-09
12.0,180.0,5.0,570.0,560.0,580.0,2.61783159276e-09,2.61783159276e-09
12.0,180.0,5.0,590.0,580.0,600.0,2.54348593777e-09,2.54348593777e-09
12.0,180.0,5.0,610.0,600.0,620.0,2.1013108498e-09,2.1013108498e-09
12.0,180.0,5.0,630.0,620.0,640.0,2.66298368696e-09,2.66298368696e-09
12.0,180.0,5.0,650.0,640.0,660.0,3.25342649557e-09,3.25342649557e-09
12.0,180.0,5.0,670.0,660.0,680.0,3.84986847862e-09,3.84986847862e-09
12.0,180.0,5.0,690.0,680.0,700.0,4.15773929431e-09,4.15773929431e-09
12.0,180.0,5.0,710.0,700.0,720.0,4.22046073528e-09,4.22046073528e-09
12.0,180.0,5.0,730.0,720.0,740.0,4.12047587918e-09,4.12047587918e-09
12.0,180.0,5.0,750.0,740.0,760.0,3.77897663035e-09,3.77897663035e-09
12.0,180.0,5.0,770.0,760.0,780.0,3.60935617731e-09,3.60935617731e-09
12.0,180.0,8.0,390.0,380.0,400.0,8.80692669957e-09,8.80692669957e-09
12.0,180.0,8.0,410.0,400.0,420.0,1.35858690832e-08,1.35858690832e-08
12.0,180.0,8.0,430.0,420.0,440.0,1.25775565473e-08,1.25775565473e-08
12.0,180.0,8.0,450.0,440.0,460.0,1.38983001584e-08,1.38983001584e-08
12.0,180.0,8.0,470.0,460.0,480.0,1.29341661685e-08,1.29341661685e-08
12.0,180.0,8.0,490.0,480.0,500.0,1.07058009331e-08,1.07058009331e-08
12.0,180.0,8.0,510.0,500.0,520.0,8.00041249184e-09,8.00041249184e-09
12.0,180.0,8.0,530.0,520.0,540.0,5.58708641958e-09,5.58708641958e-09
12.0,180.0,8.0,550.0,540.0,560.0,4.29224355885e-09,4.29224355885e-09
12.0,180.0,8.0,570.0,560.0,580.0,2.79059190552e-09,2.79059190552e-09
12.0,180.0,8.0,590.0,580.0,600.0,2.69229463973e-09,2.69229463973e-09
12.0,180.0,8.0,610.0,600.0,620.0,2.20703177697e-09,2.20703177697e-09
12.0,180.0,8.0,630.0,620.0,640.0,2.77871074203e-09,2.77871074203e-09
12.0,180.0,8.0,650.0,640.0,660.0,3.37162960466e-09,3.37162960466e-09
12.0,180.0,8.0,670.0,660.0,680.0,3.96141029571e-09,3.96141029571e-09
12.0,180.0,8.0,690.0,680.0,700.0,4.24764111492e-09,4.24764111492e-09
12.0,180.0,8.0,710.0,700.0,720.0,4.28141698763e-09,4.28141698763e-09
12.0,180.0,8.0,730.0,720.0,740.0,4.15121328146e-09,4.15121328146e-09
12.0,180.0,8.0,750.0,740.0,760.0,3.78170428032e-09,3.78170428032e-09
12.0,180.0,8.0,770.0,760.0,780.0,3.58894252826e-09,3.58894252826e-09
12.0,180.0,12.0,390.0,380.0,400.0,1.00499077983e-08,1.00499077983e-08
12.0,180.0,12.0,410.0,400.0,420.0,1.54511703644e-08,1.54511703644e-08
12.0,180.0,12.0,430.0,420.0,440.0,1.42280065545e-08,1.42280065545e-08
12.0,180.0,12.0,450.0,440.0,460.0,1.5611637343e-08,1.5611637343e-08
12.0,180.0,12.0,470.0,460.0,480.0,1.44062792036e-08,1.44062792036e-08
12.0,180.0,12.0,490.0,480.0,500.0,1.18100587829e-08,1.18100587829e-08
12.0,180.0,12.0,510.0,500.0,520.0,8.73173707745e-09,8.73173707745e-09
12.0,180.0,12.0,530.0,520.0,540.0,6.02797606255e-09,6.02797606255e-09
12.0,180.0,12.0,550.0,540.0,560.0,4.57782358081e-09,4.57782358081e-09
12.0,180.0,12.0,570.0,560.0,580.0,2.94035302864e-09,2.94035302864e-09
12.0,180.0,12.0,590.0,580.0,600.0,2.80592489853e-09,2.80592489853e-09
12.0,180.0,12.0,610.0,600.0,620.0,2.27436171435e-09,2.27436171435e-09
12.0,180.0,12.0,630.0,620.0,640.0,2.83448320936e-09,2.83448320936e-09
12.0,180.0,12.0,650.0,640.0,660.0,3.40445651191e-09,3.40445651191e-09
12.0,180.0,12.0,670.0,660.0,680.0,3.95962826995e-09,3.95962826995e-09
12.0,180.0,12.0,690.0,680.0,700.0,4.20392427563e-09,4.20392427563e-09
12.0,180.0,12.0,710.0,700.0,720.0,4.19721690604e-09,4.19721690604e-09
12.0,180.0,12.0,730.0,720.0,740.0,4.03253362993e-09,4.03253362993e-09
12.0,180.0,12.0,750.0,740.0,760.0,3.6416608673e-09,3.6416608673e-09
12.0,180.0,12.0,770.0,760.0,780.0,3.42762969048e-09,3.42762969048e-09
12.0,180.0,20.0,390.0,380.0,400.0,1.22419466225e-08,1.22419466225e-08
12.0,180.0,20.0,410.0,400.0,420.0,1.83686602872e-08,1.83686602872e-08
12.0,180.0,20.0,430.0,420.0,440.0,1.65174105051e-08,1.65174105051e-08
12.0,180.0,20.0,450.0,440.0,460.0,1.77123496181e-08,1.77123496181e-08
12.0,180.0,20.0,470.0,460.0,480.0,1.59875244069e-08,1.59875244069e-08
12.0,180.0,20.0,490.0,480.0,500.0,1.28303388156e-08,1.28303388156e-08
12.0,180.0,20.0,510.0,500.0,520.0,9.29329043628e-09,9.29329043628e-09
12.0,180.0,20.0,530.0,520.0,540.0,6.29039660719e-09,6.29039660719e-09
12.0,180.0,20.0,550.0,540.0,560.0,4.68713665471e-09,4.68713665471e-09
12.0,180.0,20.0,570.0,560.0,580.0,2.95610037823e-09,2.95610037823e-09
12.0,180.0,20.0,590.0,580.0,600.0,2.77119098706e-09,2.77119098706e-09
12.0,180.0,20.0,610.0,600.0,620.0,2.20779041345e-09,2.20779041345e-09
12.0,180.0,20.0,630.0,620.0,640.0,2.7051718892e-09,2.7051718892e-09
12.0,180.0,20.0,650.0,640.0,660.0,3.19632071002e-09,3.19632071002e-09
12.0,180.0,20.0,670.0,660.0,680.0,3.6591678675e-09,3.6591678675e-09
12.0,180.0,20.0,690.0,680.0,700.0,3.82623004424e-09,3.82623004424e-09
12.0,180.0,20.0,710.0,700.0,720.0,3.76499534929e-09,3.76499534929e-09
12.0,180.0,20.0,730.0,720.0,740.0,3.56708002624e-09,3.56708002624e-09
12.0,180.0,20.0,750.0,740.0,760.0,3.17845819353e-09,3.17845819353e-09
12.0,180.0,20.0,770.0,760.0,780.0,2.9533725483e-09,2.9533725483e-09
12.0,180.0,30.0,390.0,380.0,400.0,1.32783571862e-08,1.32783571862e-08
12.0,180.0,30.0,410.0,400.0,420.0,1.94880855951e-08,1.94880855951e-08
12.0,180.0,30.0,430.0,420.0,440.0,1.71660735444e-08,1.71660735444e-08
12.0,180.0,30.0,450.0,440.0,460.0,1.8059609761e-08,1.8059609761e-08
12.0,180.0,30.0,470.0,460.0,480.0,1.60158130032e-08,1.60158130032e-08
12.0,180.0,30.0,490.0,480.0,500.0,1.26451513214e-08,1.26451513214e-08
12.0,180.0,30.0,510.0,500.0,520.0,9.02255105968e-09,9.02255105968e-09
12.0,180.0,30.0,530.0,520.0,540.0,6.02359264878e-09,6.02359264878e-09
12.0,180.0,30.0,550.0,540.0,560.0,4.42949755855e-09,4.42949755855e-09
12.0,180.0,30.0,570.0,560.0,580.0,2.76024945689e-09,2.76024945689e-09
12.0,180.0,30.0,590.0,580.0,600.0,2.55550740248e-09,2.55550740248e-09
12.0,180.0,30.0,610.0,600.0,620.0,2.01250539838e-09,2.01250539838e-09
12.0,180.0,30.0,630.0,620.0,640.0,2.43628072984e-09,2.43628072984e-09
12.0,180.0,30.0,650.0,640.0,660.0,2.8461168089e-09,2.8461168089e-09
12.0,180.0,30.0,670.0,660.0,680.0,3.22360135021e-09,3.22360135021e-09
12.0,180.0,30.0,690.0,680.0,700.0,3.3367903729e-09,3.3367903729e-09
12.0,180.0,30.0,710.0,700.0,720.0,3.251985798e-09,3.251985798e-09
12.0,180.0,30.0,730.0,720.0,740.0,3.05280216132e-09,3.05280216132e-09
12.0,180.0,30.0,750.0,740.0,760.0,2.69632921831e-09,2.69632921831e-09
12.0,180.0,30.0,770.0,760.0,780.0,2.484098263e-09,2.484098263e-09
12.0,180.0,45.0,390.0,380.0,400.0,1.3358405159e-08,1.3358405159e-08
12.0,180.0,45.0,410.0,400.0,420.0,1.92140378811e-08,1.92140378811e-08
12.0,180.0,45.0,430.0,420.0,440.0,1.66189574131e-08,1.66189574131e-08
12.0,180.0,45.0,450.0,440.0,460.0,1.71996397302e-08,1.71996397302e-08
12.0,180.0,45.0,470.0,460.0,480.0,1.50296101142e-08,1.50296101142e-08
12.0,180.0,45.0,490.0,480.0,500.0,1.17096666935e-08,1.17096666935e-08
12.0,180.0,45.0,510.0,500.0,520.0,8.25605569183e-09,8.25605569183e-09
12.0,180.0,45.0,530.0,520.0,540.0,5.45371972893e-09,5.45371972893e-09
12.0,180.0,45.0,550.0,540.0,560.0,3.96997742848e-09,3.96997742848e-09
12.0,180.0,45.0,570.0,560.0,580.0,2.45198671837e-09,2.45198671837e-09
12.0,180.0,45.0,590.0,580.0,600.0,2.24823753897e-09,2.24823753897e-09
12.0,180.0,45.0,610.0,600.0,620.0,1.75513603734e-09,1.75513603734e-09
12.0,180.0,45.0,630.0,620.0,640.0,2.10470000703e-09,2.10470000703e-09
12.0,180.0,45.0,650.0,640.0,660.0,2.43736105982e-09,2.43736105982e-09
12.0,180.0,45.0,670.0,660.0,680.0,2.73838534583e-09,2.73838534583e-09
12.0,180.0,45.0,690.0,680.0,700.0,2.81311004183e-09,2.81311004183e-09
12.0,180.0,45.0,710.0,700.0,720.0,2.72206352379e-09,2.72206352379e-09
12.0,180.0,45.0,730.0,720.0,740.0,2.5379291496e-09,2.5379291496e-09
12.0,180.0,45.0,750.0,740.0,760.0,2.22697305977e-09,2.22697305977e-09
12.0,180.0,45.0,770.0,760.0,780.0,2.03868855404e-09,2.03868855404e-09
12.0,180.0,60.0,390.0,380.0,400.0,1.25899204141e-08,1.25899204141e-08
12.0,180.0,60.0,410.0,400.0,420.0,1.79387090329e-08,1.79387090329e-08
12.0,180.0,60.0,430.0,420.0,440.0,1.54227646153e-08,1.54227646153e-08
12.0,180.0,60.0,450.0,440.0,460.0,1.59150481688e-08,1.59150481688e-08
12.0,180.0,60.0,470.0,460.0,480.0,1.39034299687e-08,1.39034299687e-08
12.0,180.0,60.0,490.0,480.0,500.0,1.08540210307e-08,1.08540210307e-08
12.0,180.0,60.0,510.0,500.0,520.0,7.68340827894e-09,7.68340827894e-09
12.0,180.0,60.0,530.0,520.0,540.0,5.10423092772e-09,5.10423092772e-09
12.0,180.0,60.0,550.0,540.0,560.0,3.73864830079e-09,3.73864830079e-09
12.0,180.0,60.0,570.0,560.0,580.0,2.3261376193e-09,2.3261376193e-09
12.0,180.0,60.0,590.0,580.0,600.0,2.14652724943e-09,2.14652724943e-09
12.0,180.0,60.0,610.0,600.0,620.0,1.68752467322e-09,1.68752467322e-09
12.0,180.0,60.0,630.0,620.0,640.0,2.03568235677e-09,2.03568235677e-09
12.0,180.0,60.0,650.0,640.0,660.0,2.37169334154e-09,2.37169334154e-09
12.0,180.0,60.0,670.0,660.0,680.0,2.680599226e-09,2.680599226e-09
12.0,180.0,60.0,690.0,680.0,700.0,2.76968945711e-09,2.76968945711e-09
12.0,180.0,60.0,710.0,700.0,720.0,2.69470208914e-09,2.69470208914e-09
12.0,180.0,60.0,730.0,720.0,740.0,2.5250736475e-09,2.5250736475e-09
12.0,180.0,60.0,750.0,740.0,760.0,2.22587213291e-09,2.22587213291e-09
12.0,180.0,60.0,770.0,760.0,780.0,2.04570327883e-09,2.04570327883e-09
12.0,180.0,90.0,390.0,380.0,400.0,1.11819140553e-08,1.11819140553e-08
12.0,180.0,90.0,410.0,400.0,420.0,1.60152932714e-08,1.60152932714e-08
12.0,180.0,90.0,430.0,420.0,440.0,1.38660772639e-08,1.38660772639e-08
12.0,180.0,90.0,450.0,440.0,460.0,1.44307856833e-08,1.44307856833e-08
12.0,180.0,90.0,470.0,460.0,480.0,1.2728583866e-08,1.2728583866e-08
12.0,180.0,90.0,490.0,480.0,500.0,1.0041305976e-08,1.0041305976e-08
12.0,180.0,90.0,510.0,500.0,520.0,7.18769570009e-09,7.18769570009e-09
12.0,180.0,90.0,530.0,520.0,540.0,4.8305295061e-09,4.8305295061e-09
12.0,180.0,90.0,550.0,540.0,560.0,3.57841069406e-09,3.57841069406e-09
12.0,180.0,90.0,570.0,560.0,580.0,2.25221324941e-09,2.25221324941e-09
12.0,180.0,90.0,590.0,580.0,600.0,2.1000511653e-09,2.1000511653e-09
12.0,180.0,90.0,610.0,600.0,620.0,1.66826587178e-09,1.66826587178e-09
12.0,180.0,90.0,630.0,620.0,640.0,2.03138960077e-09,2.03138960077e-09
12.0,180.0,90.0,650.0,640.0,660.0,2.38823749864e-09,2.38823749864e-09
12.0,180.0,90.0,670.0,660.0,680.0,2.72298907675e-09,2.72298907675e-09
12.0,180.0,90.0,690.0,680.0,700.0,2.8370521233e-09,2.8370521233e-09
12.0,180.0,90.0,710.0,700.0,720.0,2.78203900516e-09,2.78203900516e-09
12.0,180.0,90.0,730.0,720.0,740.0,2.62627710081e-09,2.62627710081e-09
12.0,180.0,90.0,750.0,740.0,760.0,2.33123299885e-09,2.33123299885e-09
12.0,180.0,90.0,770.0,760.0,780.0,2.15626995444e-09,2.15626995444e-09
15.0,0.0,0.0,390.0,380.0,400.0,5.00784502147e-11,5.00784502147e-11
15.0,0.0,0.0,410.0,400.0,420.0,8.43948725556e-11,8.43948725556e-11
15.0,0.0,0.0,430.0,420.0,440.0,8.53366350342e-11,8.53366350342e-11
15.0,0.0,0.0,450.0,440.0,460.0,1.0218926144e-10,1.0218926144e-10
15.0,0.0,0.0,470.0,460.0,480.0,1.01991298062e-10,1.01991298062e-10
15.0,0.0,0.0,490.0,480.0,500.0,8.9241774015e-11,8.9241774015e-11
15.0,0.0,0.0,510.0,500.0,520.0,6.89786061007e-11,6.89786061007e-11
15.0,0.0,0.0,530.0,520.0,540.0,4.85359902726e-11,4.85359902726e-11
15.0,0.0,0.0,550.0,540.0,560.0,3.80149555808e-11,3.80149555808e-11
15.0,0.0,0.0,570.0,560.0,580.0,2.42254561764e-11,2.42254561764e-11
15.0,0.0,0.0,590.0,580.0,600.0,2.46485678573e-11,2.46485678573e-11
15.0,0.0,0.0,610.0,600.0,620.0,2.05764416964e-11,2.05764416964e-11
15.0,0.0,0.0,630.0,620.0,640.0,2.80192648657e-11,2.80192648657e-11
15.0,0.0,0.0,650.0,640.0,660.0,3.5828517651e-11,3.5828517651e-11
15.0,0.0,0.0,670.0,660.0,680.0,4.33284436374e-11,4.33284436374e-11
15.0,0.0,0.0,690.0,680.0,700.0,4.7098760811e-11,4.7098760811e-11
15.0,0.0,0.0,710.0,700.0,720.0,4.76444403686e-11,4.76444403686e-11
15.0,0.0,0.0,730.0,720.0,740.0,4.59972801646e-11,4.59972801646e-11
15.0,0.0,0.0,750.0,740.0,760.0,4.1416703132e-11,4.1416703132e-11
15.0,0.0,0.0,770.0,760.0,780.0,3.87907343039e-11,3.87907343039e-11
15.0,0.0,0.5,390.0,380.0,400.0,4.70056970404e-11,4.70056970404e-11
15.0,0.0,0.5,410.0,400.0,420.0,7.91898406294e-11,7.91898406294e-11
15.0,0.0,0.5,430.0,420.0,440.0,8.00482063087e-11,8.00482063087e-11
15.0,0.0,0.5,450.0,440.0,460.0,9.5828290355e-11,9.5828290355e-11
15.0,0.0,0.5,470.0,460.0,480.0,9.56167922046e-11,9.56167922046e-11
15.0,0.0,0.5,490.0,480.0,500.0,8.36431174538e-11,8.36431174538e-11
15.0,0.0,0.5,510.0,500.0,520.0,6.46361733706e-11,6.46361733706e-11
15.0,0.0,0.5,530.0,520.0,540.0,4.54706744619e-11,4.54706744619e-11
15.0,0.0,0.5,550.0,540.0,560.0,3.56073912304e-11,3.56073912304e-11
15.0,0.0,0.5,570.0,560.0,580.0,2.26871645482e-11,2.26871645482e-11
15.0,0.0,0.5,590.0,580.0,600.0,2.30801462019e-11,2.30801462019e-11
15.0,0.0,0.5,610.0,600.0,620.0,1.92644696571e-11,1.92644696571e-11
15.0,0.0,0.5,630.0,620.0,640.0,2.62299492646e-11,2.62299492646e-11
15.0,0.0,0.5,650.0,640.0,660.0,3.35372487905e-11,3.35372487905e-11
15.0,0.0,0.5,670.0,660.0,680.0,4.05537957642e-11,4.05537957642e-11
15.0,0.0,0.5,690.0,680.0,700.0,4.40788327762e-11,4.40788327762e-11
15.0,0.0,0.5,710.0,700.0,720.0,4.4586034231e-11,4.4586034231e-11
15.0,0.0,0.5,730.0,720.0,740.0,4.30413876052e-11,4.30413876052e-11
15.0,0.0,0.5,750.0,740.0,760.0,3.87524438469e-11,3.87524438469e-11
15.0,0.0,0.5,770.0,760.0,780.0,3.62931192807e-11,3.62931192807e-11
15.0,0.0,1.0,390.0,380.0,400.0,4.71333035971e-11,4.71333035971e-11
15.0,0.0,1.0,410.0,400.0,420.0,7.94271045149e-11,7.94271045149e-11
15.0,0.0,1.0,430.0,420.0,440.0,8.03068285665e-11,8.03068285665e-11
15.0,0.0,1.0,450.0,440.0,460.0,9.61569382727e-11,9.61569382727e-11
15.0,0.0,1.0,470.0,460.0,480.0,9.59609859144e-11,9.59609859144e-11
15.0,0.0,1.0,490.0,480.0,500.0,8.39563372637e-11,8.39563372637e-11
15.0,0.0,1.0,510.0,500.0,520.0,6.48864113128e-11,6.48864113128e-11
15.0,0.0,1.0,530.0,520.0,540.0,4.56518289616e-11,4.56518289616e-11
15.0,0.0,1.0,550.0,540.0,560.0,3.57535854552e-11,3.57535854552e-11
15.0,0.0,1.0,570.0,560.0,580.0,2.27832700612e-11,2.27832700612e-11
15.0,0.0,1.0,590.0,580.0,600.0,2.31827267898e-11,2.31827267898e-11
15.0,0.0,1.0,610.0,600.0,620.0,1.93556531079e-11,1.93556531079e-11
15.0,0.0,1.0,630.0,620.0,640.0,2.63664850516e-11,2.63664850516e-11
15.0,0.0,1.0,650.0,640.0,660.0,3.37368479432e-11,3.37368479432e-11
15.0,0.0,1.0,670.0,660.0,680.0,4.08438366597e-11,4.08438366597e-11
15.0,0.0,1.0,690.0,680.0,700.0,4.44787409903e-11,4.44787409903e-11
15.0,0.0,1.0,710.0,700.0,720.0,4.51251635771e-11,4.51251635771e-11
15.0,0.0,1.0,730.0,720.0,740.0,4.37601305533e-11,4.37601305533e-11
15.0,0.0,1.0,750.0,740.0,760.0,3.96644702518e-11,3.96644702518e-11
15.0,0.0,1.0,770.0,760.0,780.0,3.7508912394e-11,3.7508912394e-11
15.0,0.0,2.0,390.0,380.0,400.0,4.85488978525e-11,4.85488978525e-11
15.0,0.0,2.0,410.0,400.0,420.0,8.19308571274e-11,8.19308571274e-11
15.0,0.0,2.0,430.0,420.0,440.0,8.29573948353e-11,8.29573948353e-11
15.0,0.0,2.0,450.0,440.0,460.0,9.95097104443e-11,9.95097104443e-11
15.0,0.0,2.0,470.0,460.0,480.0,9.95944151439e-11,9.95944151439e-11
15.0,0.0,2.0,490.0,480.0,500.0,8.75956586441e-11,8.75956586441e-11
15.0,0.0,2.0,510.0,500.0,520.0,6.83669427615e-11,6.83669427615e-11
15.0,0.0,2.0,530.0,520.0,540.0,4.89639675735e-11,4.89639675735e-11
15.0,0.0,2.0,550.0,540.0,560.0,3.95121619064e-11,3.95121619064e-11
15.0,0.0,2.0,570.0,560.0,580.0,2.64410379676e-11,2.64410379676e-11
15.0,0.0,2.0,590.0,580.0,600.0,2.88185261726e-11,2.88185261726e-11
15.0,0.0,2.0,610.0,600.0,620.0,2.65147922544e-11,2.65147922544e-11
15.0,0.0,2.0,630.0,620.0,640.0,4.06908580431e-11,4.06908580431e-11
15.0,0.0,2.0,650.0,640.0,660.0,6.04437353006e-11,6.04437353006e-11
15.0,0.0,2.0,670.0,660.0,680.0,8.7417010636e-11,8.7417010636e-11
15.0,0.0,2.0,690.0,680.0,700.0,1.16386666469e-10,1.16386666469e-10
15.0,0.0,2.0,710.0,700.0,720.0,1.46762273587e-10,1.46762273587e-10
15.0,0.0,2.0,730.0,720.0,740.0,1.78497324752e-10,1.78497324752e-10
15.0,0.0,2.0,750.0,740.0,760.0,2.03377556837e-10,2.03377556837e-10
15.0,0.0,2.0,770.0,760.0,780.0,2.41287959554e-10,2.41287959554e-10
15.0,0.0,3.0,390.0,380.0,400.0,5.05784554052e-11,5.05784554052e-11
15.0,0.0,3.0,410.0,400.0,420.0,8.59366431463e-11,8.59366431463e-11
15.0,0.0,3.0,430.0,420.0,440.0,8.82595101741e-11,8.82595101741e-11
15.0,0.0,3.0,450.0,440.0,460.0,1.08924327999e-10,1.08924327999e-10
15.0,0.0,3.0,470.0,460.0,480.0,1.14764741584e-10,1.14764741584e-10
15.0,0.0,3.0,490.0,480.0,500.0,1.09711378818e-10,1.09711378818e-10
15.0,0.0,3.0,510.0,500.0,520.0,9.67198194634e-11,9.67198194634e-11
15.0,0.0,3.0,530.0,520.0,540.0,8.13622523243e-11,8.13622523243e-11
15.0,0.0,3.0,550.0,540.0,560.0,7.91801578325e-11,7.91801578325e-11
15.0,0.0,3.0,570.0,560.0,580.0,6.50011120656e-11,6.50011120656e-11
15.0,0.0,3.0,590.0,580.0,600.0,8.55121904881e-11,8.55121904881e-11
15.0,0.0,3.0,610.0,600.0,620.0,9.34641562731e-11,9.34641562731e-11
15.0,0.0,3.0,630.0,620.0,640.0,1.64050003433e-10,1.64050003433e-10
15.0,0.0,3.0,650.0,640.0,660.0,2.7042471548e-10,2.7042471548e-10
15.0,0.0,3.0,670.0,660.0,680.0,4.20685464149e-10,4.20685464149e-10
15.0,0.0,3.0,690.0,680.0,700.0,5.84927725104e-10,5.84927725104e-10
15.0,0.0,3.0,710.0,700.0,720.0,7.51187266054e-10,7.51187266054e-10
15.0,0.0,3.0,730.0,720.0,740.0,9.12429433341e-10,9.12429433341e-10
15.0,0.0,3.0,750.0,740.0,760.0,1.02397731568e-09,1.02397731568e-09
15.0,0.0,3.0,770.0,760.0,780.0,1.1837142727e-09,1.1837142727e-09
15.0,0.0,5.0,390.0,380.0,400.0,5.69481697499e-11,5.69481697499e-11
15.0,0.0,5.0,410.0,400.0,420.0,1.02265368099e-10,1.02265368099e-10
15.0,0.0,5.0,430.0,420.0,440.0,1.15432009912e-10,1.15432009912e-10
15.0,0.0,5.0,450.0,440.0,460.0,1.62830974591e-10,1.62830974591e-10
15.0,0.0,5.0,470.0,460.0,480.0,2.01020747806e-10,2.01020747806e-10
15.0,0.0,5.0,490.0,480.0,500.0,2.25069932282e-10,2.25069932282e-10
15.0,0.0,5.0,510.0,500.0,520.0,2.26044836477e-10,2.26044836477e-10
15.0,0.0,5.0,530.0,520.0,540.0,2.06707479917e-10,2.06707479917e-10
15.0,0.0,5.0,550.0,540.0,560.0,2.11384706927e-10,2.11384706927e-10
15.0,0.0,5.0,570.0,560.0,580.0,1.72460151628e-10,1.72460151628e-10
15.0,0.0,5.0,590.0,580.0,600.0,2.28372790027e-10,2.28372790027e-10
15.0,0.0,5.0,610.0,600.0,620.0,2.42293166519e-10,2.42293166519e-10
15.0,0.0,5.0,630.0,620.0,640.0,4.19285095062e-10,4.19285095062e-10
15.0,0.0,5.0,650.0,640.0,660.0,6.654606617e-10,6.654606617e-10
15.0,0.0,5.0,670.0,660.0,680.0,9.82003907301e-10,9.82003907301e-10
15.0,0.0,5.0,690.0,680.0,700.0,1.28652673217e-09,1.28652673217e-09
15.0,0.0,5.0,710.0,700.0,720.0,1.553245226e-09,1.553245226e-09
15.0,0.0,5.0,730.0,720.0,740.0,1.77443067235e-09,1.77443067235e-09
15.0,0.0,5.0,750.0,740.0,760.0,1.87722397407e-09,1.87722397407e-09
15.0,0.0,5.0,770.0,760.0,780.0,2.04898473754e-09,2.04898473754e-09
15.0,0.0,8.0,390.0,380.0,400.0,6.30758994528e-11,6.30758994528e-11
15.0,0.0,8.0,410.0,400.0,420.0,1.07636330976e-10,1.07636330976e-10
15.0,0.0,8.0,430.0,420.0,440.0,1.10096590757e-10,1.10096590757e-10
15.0,0.0,8.0,450.0,440.0,460.0,1.33940327736e-10,1.33940327736e-10
15.0,0.0,8.0,470.0,460.0,480.0,1.37637515157e-10,1.37637515157e-10
15.0,0.0,8.0,490.0,480.0,500.0,1.27080251718e-10,1.27080251718e-10
15.0,0.0,8.0,510.0,500.0,520.0,1.07393755139e-10,1.07393755139e-10
15.0,0.0,8.0,530.0,520.0,540.0,8.62241927537e-11,8.62241927537e-11
15.0,0.0,8.0,550.0,540.0,560.0,7.9799815507e-11,7.9799815507e-11
15.0,0.0,8.0,570.0,560.0,580.0,6.21435706681e-11,6.21435706681e-11
15.0,0.0,8.0,590.0,580.0,600.0,7.6936520501e-11,7.6936520501e-11
15.0,0.0,8.0,610.0,600.0,620.0,7.88916610806e-11,7.88916610806e-11
15.0,0.0,8.0,630.0,620.0,640.0,1.26812972536e-10,1.26812972536e-10
15.0,0.0,8.0,650.0,640.0,660.0,1.88836573416e-10,1.88836573416e-10
15.0,0.0,8.0,670.0,660.0,680.0,2.64780175188e-10,2.64780175188e-10
15.0,0.0,8.0,690.0,680.0,700.0,3.32848913134e-10,3.32848913134e-10
15.0,0.0,8.0,710.0,700.0,720.0,3.88503946875e-10,3.88503946875e-10
15.0,0.0,8.0,730.0,720.0,740.0,4.31913596549e-10,4.31913596549e-10
15.0,0.0,8.0,750.0,740.0,760.0,4.48491849068e-10,4.48491849068e-10
15.0,0.0,8.0,770.0,760.0,780.0,4.78931018805e-10,4.78931018805e-10
15.0,0.0,12.0,390.0,380.0,400.0,7.13538766251e-11,7.13538766251e-11
15.0,0.0,12.0,410.0,400.0,420.0,1.1990766302e-10,1.1990766302e-10
15.0,0.0,12.0,430.0,420.0,440.0,1.20196785076e-10,1.20196785076e-10
15.0,0.0,12.0,450.0,440.0,460.0,1.42058245978e-10,1.42058245978e-10
15.0,0.0,12.0,470.0,460.0,480.0,1.3949284274e-10,1.3949284274e-10
15.0,0.0,12.0,490.0,480.0,500.0,1.19793956652e-10,1.19793956652e-10
15.0,0.0,12.0,510.0,500.0,520.0,9.07041640421e-11,9.07041640421e-11
15.0,0.0,12.0,530.0,520.0,540.0,6.24279024026e-11,6.24279024026e-11
15.0,0.0,12.0,550.0,540.0,560.0,4.78426998985e-11,4.78426998985e-11
15.0,0.0,12.0,570.0,560.0,580.0,2.98010356745e-11,2.98010356745e-11
15.0,0.0,12.0,590.0,580.0,600.0,2.96980106405e-11,2.96980106405e-11
15.0,0.0,12.0,610.0,600.0,620.0,2.42647533093e-11,2.42647533093e-11
15.0,0.0,12.0,630.0,620.0,640.0,3.23997388826e-11,3.23997388826e-11
15.0,0.0,12.0,650.0,640.0,660.0,4.06291755421e-11,4.06291755421e-11
15.0,0.0,12.0,670.0,660.0,680.0,4.81868694096e-11,4.81868694096e-11
15.0,0.0,12.0,690.0,680.0,700.0,5.13758971838e-11,5.13758971838e-11
15.0,0.0,12.0,710.0,700.0,720.0,5.09870933328e-11,5.09870933328e-11
15.0,0.0,12.0,730.0,720.0,740.0,4.83055755958e-11,4.83055755958e-11
15.0,0.0,12.0,750.0,740.0,760.0,4.26934212466e-11,4.26934212466e-11
15.0,0.0,12.0,770.0,760.0,780.0,3.92778322875e-11,3.92778322875e-11
15.0,0.0,20.0,390.0,380.0,400.0,7.70282806448e-11,7.70282806448e-11
15.0,0.0,20.0,410.0,400.0,420.0,1.25101952892e-10,1.25101952892e-10
15.0,0.0,20.0,430.0,420.0,440.0,1.2153371284e-10,1.2153371284e-10
15.0,0.0,20.0,450.0,440.0,460.0,1.3961245245e-10,1.3961245245e-10
15.0,0.0,20.0,470.0,460.0,480.0,1.33621052809e-10,1.33621052809e-10
15.0,0.0,20.0,490.0,480.0,500.0,1.12125660731e-10,1.12125660731e-10
15.0,0.0,20.0,510.0,500.0,520.0,8.31419701984e-11,8.31419701984e-11
15.0,0.0,20.0,530.0,520.0,540.0,5.61514917054e-11,5.61514917054e-11
15.0,0.0,20.0,550.0,540.0,560.0,4.22963880915e-11,4.22963880915e-11
15.0,0.0,20.0,570.0,560.0,580.0,2.59366975189e-11,2.59366975189e-11
15.0,0.0,20.0,590.0,580.0,600.0,2.54707153404e-11,2.54707153404e-11
15.0,0.0,20.0,610.0,600.0,620.0,2.05337321213e-11,2.05337321213e-11
15.0,0.0,20.0,630.0,620.0,640.0,2.70692075884e-11,2.70692075884e-11
15.0,0.0,20.0,650.0,640.0,660.0,3.35421553731e-11,3.35421553731e-11
15.0,0.0,20.0,670.0,660.0,680.0,3.93442463796e-11,3.93442463796e-11
15.0,0.0,20.0,690.0,680.0,700.0,4.15208193023e-11,4.15208193023e-11
15.0,0.0,20.0,710.0,700.0,720.0,4.0817858882e-11,4.0817858882e-11
15.0,0.0,20.0,730.0,720.0,740.0,3.83337941033e-11,3.83337941033e-11
15.0,0.0,20.0,750.0,740.0,760.0,3.36085863263e-11,3.36085863263e-11
15.0,0.0,20.0,770.0,760.0,780.0,3.06873619025e-11,3.06873619025e-11
15.0,0.0,30.0,390.0,380.0,400.0,7.47952183143e-11,7.47952183143e-11
15.0,0.0,30.0,410.0,400.0,420.0,1.18330514647e-10,1.18330514647e-10
15.0,0.0,30.0,430.0,420.0,440.0,1.12411194285e-10,1.12411194285e-10
15.0,0.0,30.0,450.0,440.0,460.0,1.26662971608e-10,1.26662971608e-10
15.0,0.0,30.0,470.0,460.0,480.0,1.19202716315e-10,1.19202716315e-10
15.0,0.0,30.0,490.0,480.0,500.0,9.85501569061e-11,9.85501569061e-11
15.0,0.0,30.0,510.0,500.0,520.0,7.21134156426e-11,7.21134156426e-11
15.0,0.0,30.0,530.0,520.0,540.0,4.81267702468e-11,4.81267702468e-11
15.0,0.0,30.0,550.0,540.0,560.0,3.58652988694e-11,3.58652988694e-11
15.0,0.0,30.0,570.0,560.0,580.0,2.17798171805e-11,2.17798171805e-11
15.0,0.0,30.0,590.0,580.0,600.0,2.11994159254e-11,2.11994159254e-11
15.0,0.0,30.0,610.0,600.0,620.0,1.69516806768e-11,1.69516806768e-11
15.0,0.0,30.0,630.0,620.0,640.0,2.21786584861e-11,2.21786584861e-11
15.0,0.0,30.0,650.0,640.0,660.0,2.72900723192e-11,2.72900723192e-11
15.0,0.0,30.0,670.0,660.0,680.0,3.18037636319e-11,3.18037636319e-11
15.0,0.0,30.0,690.0,680.0,700.0,3.3362486962e-11,3.3362486962e-11
15.0,0.0,30.0,710.0,700.0,720.0,3.26162235605e-11,3.26162235605e-11
15.0,0.0,30.0,730.0,720.0,740.0,3.04745204785e-11,3.04745204785e-11
15.0,0.0,30.0,750.0,740.0,760.0,2.65917573672e-11,2.65917573672e-11
15.0,0.0,30.0,770.0,760.0,780.0,2.41736592751e-11,2.41736592751e-11
15.0,0.0,45.0,390.0,380.0,400.0,6.21083326183e-11,6.21083326183e-11
15.0,0.0,45.0,410.0,400.0,420.0,9.37232885578e-11,9.37232885578e-11
15.0,0.0,45.0,430.0,420.0,440.0,8.54799976894e-11,8.54799976894e-11
15.0,0.0,45.0,450.0,440.0,460.0,9.29794262802e-11,9.29794262802e-11
15.0,0.0,45.0,470.0,460.0,480.0,8.48584158137e-11,8.48584158137e-11
15.0,0.0,45.0,490.0,480.0,500.0,6.82907748247e-11,6.82907748247e-11
15.0,0.0,45.0,510.0,500.0,520.0,4.87948638647e-11,4.87948638647e-11
15.0,0.0,45.0,530.0,520.0,540.0,3.18814775769e-11,3.18814775769e-11
15.0,0.0,45.0,550.0,540.0,560.0,2.33125540152e-11,2.33125540152e-11
15.0,0.0,45.0,570.0,560.0,580.0,1.39180726489e-11,1.39180726489e-11
15.0,0.0,45.0,590.0,580.0,600.0,1.33384017869e-11,1.33384017869e-11
15.0,0.0,45.0,610.0,600.0,620.0,1.05169032661e-11,1.05169032661e-11
15.0,0.0,45.0,630.0,620.0,640.0,1.35835325268e-11,1.35835325268e-11
15.0,0.0,45.0,650.0,640.0,660.0,1.65198829047e-11,1.65198829047e-11
15.0,0.0,45.0,670.0,660.0,680.0,1.90485588121e-11,1.90485588121e-11
15.0,0.0,45.0,690.0,680.0,700.0,1.97888511438e-11,1.97888511438e-11
15.0,0.0,45.0,710.0,700.0,720.0,1.91747140717e-11,1.91747140717e-11
15.0,0.0,45.0,730.0,720.0,740.0,1.7769656987e-11,1.7769656987e-11
15.0,0.0,45.0,750.0,740.0,760.0,1.53892546955e-11,1.53892546955e-11
15.0,0.0,45.0,770.0,760.0,780.0,1.38934059002e-11,1.38934059002e-11
15.0,0.0,60.0,390.0,380.0,400.0,5.11752103208e-11,5.11752103208e-11
15.0,0.0,60.0,410.0,400.0,420.0,7.50179213775e-11,7.50179213775e-11
15.0,0.0,60.0,430.0,420.0,440.0,6.67238357055e-11,6.67238357055e-11
15.0,0.0,60.0,450.0,440.0,460.0,7.1026828379e-11,7.1026828379e-11
15.0,0.0,60.0,470.0,460.0,480.0,6.36331830418e-11,6.36331830418e-11
15.0,0.0,60.0,490.0,480.0,500.0,5.04007798903e-11,5.04007798903e-11
15.0,0.0,60.0,510.0,500.0,520.0,3.55220079134e-11,3.55220079134e-11
15.0,0.0,60.0,530.0,520.0,540.0,2.29367648645e-11,2.29367648645e-11
15.0,0.0,60.0,550.0,540.0,560.0,1.66004212921e-11,1.66004212921e-11
15.0,0.0,60.0,570.0,560.0,580.0,9.82329694304e-12,9.82329694304e-12
15.0,0.0,60.0,590.0,580.0,600.0,9.33916459734e-12,9.33916459734e-12
15.0,0.0,60.0,610.0,600.0,620.0,7.31273029463e-12,7.31273029463e-12
15.0,0.0,60.0,630.0,620.0,640.0,9.38582361667e-12,9.38582361667e-12
15.0,0.0,60.0,650.0,640.0,660.0,1.13522005977e-11,1.13522005977e-11
15.0,0.0,60.0,670.0,660.0,680.0,1.30270768911e-11,1.30270768911e-11
15.0,0.0,60.0,690.0,680.0,700.0,1.34760421786e-11,1.34760421786e-11
15.0,0.0,60.0,710.0,700.0,720.0,1.30083951526e-11,1.30083951526e-11
15.0,0.0,60.0,730.0,720.0,740.0,1.2014674156e-11,1.2014674156e-11
15.0,0.0,60.0,750.0,740.0,760.0,1.03739423555e-11,1.03739423555e-11
15.0,0.0,60.0,770.0,760.0,780.0,9.34057924987e-12,9.34057924987e-12
15.0,0.0,90.0,390.0,380.0,400.0,3.95385357129e-11,3.95385357129e-11
15.0,0.0,90.0,410.0,400.0,420.0,5.33677943308e-11,5.33677943308e-11
15.0,0.0,90.0,430.0,420.0,440.0,4.39003682906e-11,4.39003682906e-11
15.0,0.0,90.0,450.0,440.0,460.0,4.34641238591e-11,4.34641238591e-11
15.0,0.0,90.0,470.0,460.0,480.0,3.64443546908e-11,3.64443546908e-11
15.0,0.0,90.0,490.0,480.0,500.0,2.71852519952e-11,2.71852519952e-11
15.0,0.0,90.0,510.0,500.0,520.0,1.81521297374e-11,1.81521297374e-11
15.0,0.0,90.0,530.0,520.0,540.0,1.11676899572e-11,1.11676899572e-11
15.0,0.0,90.0,550.0,540.0,560.0,7.74066708708e-12,7.74066708708e-12
15.0,0.0,90.0,570.0,560.0,580.0,4.40853695385e-12,4.40853695385e-12
15.0,0.0,90.0,590.0,580.0,600.0,4.04748541242e-12,4.04748541242e-12
15.0,0.0,90.0,610.0,600.0,620.0,3.07301050036e-12,3.07301050036e-12
15.0,0.0,90.0,630.0,620.0,640.0,3.83574319701e-12,3.83574319701e-12
15.0,0.0,90.0,650.0,640.0,660.0,4.52723468793e-12,4.52723468793e-12
15.0,0.0,90.0,670.0,660.0,680.0,5.08442897645e-12,5.08442897645e-12
15.0,0.0,90.0,690.0,680.0,700.0,5.15996775928e-12,5.15996775928e-12
15.0,0.0,90.0,710.0,700.0,720.0,4.8961830683e-12,4.8961830683e-12
15.0,0.0,90.0,730.0,720.0,740.0,4.4536592648e-12,4.4536592648e-12
15.0,0.0,90.0,750.0,740.0,760.0,3.79318329336e-12,3.79318329336e-12
15.0,0.0,90.0,770.0,760.0,780.0,3.3744366838e-12,3.3744366838e-12
15.0,90.0,0.0,390.0,380.0,400.0,2.40690465398e-11,2.40690465398e-11
15.0,90.0,0.0,410.0,400.0,420.0,3.55727058304e-11,3.55727058304e-11
15.0,90.0,0.0,430.0,420.0,440.0,3.19576278693e-11,3.19576278693e-11
15.0,90.0,0.0,450.0,440.0,460.0,3.44504767163e-11,3.44504767163e-11
15.0,90.0,0.0,470.0,460.0,480.0,3.13536921939e-11,3.13536921939e-11
15.0,90.0,0.0,490.0,480.0,500.0,2.53051972645e-11,2.53051972645e-11
15.0,90.0,0.0,510.0,500.0,520.0,1.82253052081e-11,1.82253052081e-11
15.0,90.0,0.0,530.0,520.0,540.0,1.20522232242e-11,1.20522232242e-11
15.0,90.0,0.0,550.0,540.0,560.0,8.9490128826e-12,8.9490128826e-12
15.0,90.0,0.0,570.0,560.0,580.0,5.4416173549e-12,5.4416173549e-12
15.0,90.0,0.0,590.0,580.0,600.0,5.31470455083e-12,5.31470455083e-12
15.0,90.0,0.0,610.0,600.0,620.0,4.28032424975e-12,4.28032424975e-12
15.0,90.0,0.0,630.0,620.0,640.0,5.64829611187e-12,5.64829611187e-12
15.0,90.0,0.0,650.0,640.0,660.0,7.02543466967e-12,7.02543466967e-12
15.0,90.0,0.0,670.0,660.0,680.0,8.29174258724e-12,8.29174258724e-12
15.0,90.0,0.0,690.0,680.0,700.0,8.81802416654e-12,8.81802416654e-12
15.0,90.0,0.0,710.0,700.0,720.0,8.74135165303e-12,8.74135165303e-12
15.0,90.0,0.0,730.0,720.0,740.0,8.28629803751e-12,8.28629803751e-12
15.0,90.0,0.0,750.0,740.0,760.0,7.33643334752e-12,7.33643334752e-12
15.0,90.0,0.0,770.0,760.0,780.0,6.76937298664e-12,6.76937298664e-12
15.0,90.0,0.5,390.0,380.0,400.0,2.41771254981e-11,2.41771254981e-11
15.0,90.0,0.5,410.0,400.0,420.0,3.57109758486e-11,3.57109758486e-11
15.0,90.0,0.5,430.0,420.0,440.0,3.20642630119e-11,3.20642630119e-11
15.0,90.0,0.5,450.0,440.0,460.0,3.45484632073e-11,3.45484632073e-11
15.0,90.0,0.5,470.0,460.0,480.0,3.14291711159e-11,3.14291711159e-11
15.0,90.0,0.5,490.0,480.0,500.0,2.53563778442e-11,2.53563778442e-11
15.0,90.0,0.5,510.0,500.0,520.0,1.82559908278e-11,1.82559908278e-11
15.0,90.0,0.5,530.0,520.0,540.0,1.20689713418e-11,1.20689713418e-11
15.0,90.0,0.5,550.0,540.0,560.0,8.95917497462e-12,8.95917497462e-12
15.0,90.0,0.5,570.0,560.0,580.0,5.44659237399e-12,5.44659237399e-12
15.0,90.0,0.5,590.0,580.0,600.0,5.31859386928e-12,5.31859386928e-12
15.0,90.0,0.5,610.0,600.0,620.0,4.28276813125e-12,4.28276813125e-12
15.0,90.0,0.5,630.0,620.0,640.0,5.65079280332e-12,5.65079280332e-12
15.0,90.0,0.5,650.0,640.0,660.0,7.02778163625e-12,7.02778163625e-12
15.0,90.0,0.5,670.0,660.0,680.0,8.29374348826e-12,8.29374348826e-12
15.0,90.0,0.5,690.0,680.0,700.0,8.81945683261e-12,8.81945683261e-12
15.0,90.0,0.5,710.0,700.0,720.0,8.74222516471e-12,8.74222516471e-12
15.0,90.0,0.5,730.0,720.0,740.0,8.28668871007e-12,8.28668871007e-12
15.0,90.0,0.5,750.0,740.0,760.0,7.33646157687e-12,7.33646157687e-12
15.0,90.0,0.5,770.0,760.0,780.0,6.76915327071e-12,6.76915327071e-12
15.0,90.0,1.0,390.0,380.0,400.0,2.58100731014e-11,2.58100731014e-11
15.0,90.0,1.0,410.0,400.0,420.0,3.85581557728e-11,3.85581557728e-11
15.0,90.0,1.0,430.0,420.0,440.0,3.50170841134e-11,3.50170841134e-11
15.0,90.0,1.0,450.0,440.0,460.0,3.8152029755e-11,3.8152029755e-11
15.0,90.0,1.0,470.0,460.0,480.0,3.50769024594e-11,3.50769024594e-11
15.0,90.0,1.0,490.0,480.0,500.0,2.85808964676e-11,2.85808964676e-11
15.0,90.0,1.0,510.0,500.0,520.0,2.07674029098e-11,2.07674029098e-11
15.0,90.0,1.0,530.0,520.0,540.0,1.38456124305e-11,1.38456124305e-11
15.0,90.0,1.0,550.0,540.0,560.0,1.03560401174e-11,1.03560401174e-11
15.0,90.0,1.0,570.0,560.0,580.0,6.33876871748e-12,6.33876871748e-12
15.0,90.0,1.0,590.0,580.0,600.0,6.2284880338e-12,6.2284880338e-12
15.0,90.0,1.0,610.0,600.0,620.0,5.04303535438e-12,5.04303535438e-12
15.0,90.0,1.0,630.0,620.0,640.0,6.68729041263e-12,6.68729041263e-12
15.0,90.0,1.0,650.0,640.0,660.0,8.35371665839e-12,8.35371665839e-12
15.0,90.0,1.0,670.0,660.0,680.0,9.89670601369e-12,9.89670601369e-12
15.0,90.0,1.0,690.0,680.0,700.0,1.05606439156e-11,1.05606439156e-11
15.0,90.0,1.0,710.0,700.0,720.0,1.05024653232e-11,1.05024653232e-11
15.0,90.0,1.0,730.0,720.0,740.0,9.98432115675e-12,9.98432115675e-12
15.0,90.0,1.0,750.0,740.0,760.0,8.86323907724e-12,8.86323907724e-12
15.0,90.0,1.0,770.0,760.0,780.0,8.1969639988e-12,8.1969639988e-12
15.0,90.0,2.0,390.0,380.0,400.0,2.76307776488e-11,2.76307776488e-11
15.0,90.0,2.0,410.0,400.0,420.0,4.15889143599e-11,4.15889143599e-11
15.0,90.0,2.0,430.0,420.0,440.0,3.80521137239e-11,3.80521137239e-11
15.0,90.0,2.0,450.0,440.0,460.0,4.17593617391e-11,4.17593617391e-11
15.0,90.0,2.0,470.0,460.0,480.0,3.86564523623e-11,3.86564523623e-11
15.0,90.0,2.0,490.0,480.0,500.0,3.16980826973e-11,3.16980826973e-11
15.0,90.0,2.0,510.0,500.0,520.0,2.31675069821e-11,2.31675069821e-11
15.0,90.0,2.0,530.0,520.0,540.0,1.5528779732e-11,1.5528779732e-11
15.0,90.0,2.0,550.0,540.0,560.0,1.16710939185e-11,1.16710939185e-11
15.0,90.0,2.0,570.0,560.0,580.0,7.17466788283e-12,7.17466788283e-12
15.0,90.0,2.0,590.0,580.0,600.0,7.07847331334e-12,7.07847331334e-12
15.0,90.0,2.0,610.0,600.0,620.0,5.75176200225e-12,5.75176200225e-12
15.0,90.0,2.0,630.0,620.0,640.0,7.65276383416e-12,7.65276383416e-12
15.0,90.0,2.0,650.0,640.0,660.0,9.58857267873e-12,9.58857267873e-12
15.0,90.0,2.0,670.0,660.0,680.0,1.13899353968e-11,1.13899353968e-11
15.0,90.0,2.0,690.0,680.0,700.0,1.2183551182e-11,1.2183551182e-11
15.0,90.0,2.0,710.0,700.0,720.0,1.21444457566e-11,1.21444457566e-11
15.0,90.0,2.0,730.0,720.0,740.0,1.15695202565e-11,1.15695202565e-11
15.0,90.0,2.0,750.0,740.0,760.0,1.02905285663e-11,1.02905285663e-11
15.0,90.0,2.0,770.0,760.0,780.0,9.53354644005e-12,9.53354644005e-12
15.0,90.0,3.0,390.0,380.0,400.0,2.96984663333e-11,2.96984663333e-11
15.0,90.0,3.0,410.0,400.0,420.0,4.5036932429e-11,4.5036932429e-11
15.0,90.0,3.0,430.0,420.0,440.0,4.15078575497e-11,4.15078575497e-11
15.0,90.0,3.0,450.0,440.0,460.0,4.58673019633e-11,4.58673019633e-11
15.0,90.0,3.0,470.0,460.0,480.0,4.27313785414e-11,4.27313785414e-11
15.0,90.0,3.0,490.0,480.0,500.0,3.52443371642e-11,3.52443371642e-11
15.0,90.0,3.0,510.0,500.0,520.0,2.5895276416e-11,2.5895276416e-11
15.0,90.0,3.0,530.0,520.0,540.0,1.74393325884e-11,1.74393325884e-11
15.0,90.0,3.0,550.0,540.0,560.0,1.31620509631e-11,1.31620509631e-11
15.0,90.0,3.0,570.0,560.0,580.0,8.12099017514e-12,8.12099017514e-12
15.0,90.0,3.0,590.0,580.0,600.0,8.03978568367e-12,8.03978568367e-12
15.0,90.0,3.0,610.0,600.0,620.0,6.55232795701e-12,6.55232795701e-12
15.0,90.0,3.0,630.0,620.0,640.0,8.74243262537e-12,8.74243262537e-12
15.0,90.0,3.0,650.0,640.0,660.0,1.09809311605e-11,1.09809311605e-11
15.0,90.0,3.0,670.0,660.0,680.0,1.3071772305e-11,1.3071772305e-11
15.0,90.0,3.0,690.0,680.0,700.0,1.40091748555e-11,1.40091748555e-11
15.0,90.0,3.0,710.0,700.0,720.0,1.39889505188e-11,1.39889505188e-11
15.0,90.0,3.0,730.0,720.0,740.0,1.33475714902e-11,1.33475714902e-11
15.0,90.0,3.0,750.0,740.0,760.0,1.18888275369e-11,1.18888275369e-11
15.0,90.0,3.0,770.0,760.0,780.0,1.1027820247e-11,1.1027820247e-11
15.0,90.0,5.0,390.0,380.0,400.0,3.4131077073e-11,3.4131077073e-11
15.0,90.0,5.0,410.0,400.0,420.0,5.24381009832e-11,5.24381009832e-11
15.0,90.0,5.0,430.0,420.0,440.0,4.89169291134e-11,4.89169291134e-11
15.0,90.0,5.0,450.0,440.0,460.0,5.46459561615e-11,5.46459561615e-11
15.0,90.0,5.0,470.0,460.0,480.0,5.13961254815e-11,5.13961254815e-11
15.0,90.0,5.0,490.0,480.0,500.0,4.27365550487e-11,4.27365550487e-11
15.0,90.0,5.0,510.0,500.0,520.0,3.16133946992e-11,3.16133946992e-11
15.0,90.0,5.0,530.0,520.0,540.0,2.14083563282e-11,2.14083563282e-11
15.0,90.0,5.0,550.0,540.0,560.0,1.62300085837e-11,1.62300085837e-11
15.0,90.0,5.0,570.0,560.0,580.0,1.00477256451e-11,1.00477256451e-11
15.0,90.0,5.0,590.0,580.0,600.0,9.97684483807e-12,9.97684483807e-12
15.0,90.0,5.0,610.0,600.0,620.0,8.14749098842e-12,8.14749098842e-12
15.0,90.0,5.0,630.0,620.0,640.0,1.08898747482e-11,1.08898747482e-11
15.0,90.0,5.0,650.0,640.0,660.0,1.3693461056e-11,1.3693461056e-11
15.0,90.0,5.0,670.0,660.0,680.0,1.63091256384e-11,1.63091256384e-11
15.0,90.0,5.0,690.0,680.0,700.0,1.74797878844e-11,1.74797878844e-11
15.0,90.0,5.0,710.0,700.0,720.0,1.74506987721e-11,1.74506987721e-11
15.0,90.0,5.0,730.0,720.0,740.0,1.66411429685e-11,1.66411429685e-11
15.0,90.0,5.0,750.0,740.0,760.0,1.48101672732e-11,1.48101672732e-11
15.0,90.0,5.0,770.0,760.0,780.0,1.37228630196e-11,1.37228630196e-11
15.0,90.0,8.0,390.0,380.0,400.0,4.09208494669e-11,4.09208494669e-11
15.0,90.0,8.0,410.0,400.0,420.0,6.36074653392e-11,6.36074653392e-11
15.0,90.0,8.0,430.0,420.0,440.0,5.98785888218e-11,5.98785888218e-11
15.0,90.0,8.0,450.0,440.0,460.0,6.73322139088e-11,6.73322139088e-11
15.0,90.0,8.0,470.0,460.0,480.0,6.35952896837e-11,6.35952896837e-11
15.0,90.0,8.0,490.0,480.0,500.0,5.29936274812e-11,5.29936274812e-11
15.0,90.0,8.0,510.0,500.0,520.0,3.92133395314e-11,3.92133395314e-11
15.0,90.0,8.0,530.0,520.0,540.0,2.65233969313e-11,2.65233969313e-11
15.0,90.0,8.0,550.0,540.0,560.0,2.00630570841e-11,2.00630570841e-11
15.0,90.0,8.0,570.0,560.0,580.0,1.23793020374e-11,1.23793020374e-11
15.0,90.0,8.0,590.0,580.0,600.0,1.22488307702e-11,1.22488307702e-11
15.0,90.0,8.0,610.0,600.0,620.0,9.95977284442e-12,9.95977284442e-12
15.0,90.0,8.0,630.0,620.0,640.0,1.32543614017e-11,1.32543614017e-11
15.0,90.0,8.0,650.0,640.0,660.0,1.65871222068e-11,1.65871222068e-11
15.0,90.0,8.0,670.0,660.0,680.0,1.96540592958e-11,1.96540592958e-11
15.0,90.0,8.0,690.0,680.0,700.0,2.09521403028e-11,2.09521403028e-11
15.0,90.0,8.0,710.0,700.0,720.0,2.08039641848e-11,2.08039641848e-11
15.0,90.0,8.0,730.0,720.0,740.0,1.97298848113e-11,1.97298848113e-11
15.0,90.0,8.0,750.0,740.0,760.0,1.74626204461e-11,1.74626204461e-11
15.0,90.0,8.0,770.0,760.0,780.0,1.60924435835e-11,1.60924435835e-11
15.0,90.0,12.0,390.0,380.0,400.0,4.88179501147e-11,4.88179501147e-11
15.0,90.0,12.0,410.0,400.0,420.0,7.59448112154e-11,7.59448112154e-11
15.0,90.0,12.0,430.0,420.0,440.0,7.13582480074e-11,7.13582480074e-11
15.0,90.0,12.0,450.0,440.0,460.0,7.99223880472e-11,7.99223880472e-11
15.0,90.0,12.0,470.0,460.0,480.0,7.50691848518e-11,7.50691848518e-11
15.0,90.0,12.0,490.0,480.0,500.0,6.21374787894e-11,6.21374787894e-11
15.0,90.0,12.0,510.0,500.0,520.0,4.56337659195e-11,4.56337659195e-11
15.0,90.0,12.0,530.0,520.0,540.0,3.06167644636e-11,3.06167644636e-11
15.0,90.0,12.0,550.0,540.0,560.0,2.29687322305e-11,2.29687322305e-11
15.0,90.0,12.0,570.0,560.0,580.0,1.40516668057e-11,1.40516668057e-11
15.0,90.0,12.0,590.0,580.0,600.0,1.3790605375e-11,1.3790605375e-11
15.0,90.0,12.0,610.0,600.0,620.0,1.11212070126e-11,1.11212070126e-11
15.0,90.0,12.0,630.0,620.0,640.0,1.46836538212e-11,1.46836538212e-11
15.0,90.0,12.0,650.0,640.0,660.0,1.82328094189e-11,1.82328094189e-11
15.0,90.0,12.0,670.0,660.0,680.0,2.14384179357e-11,2.14384179357e-11
15.0,90.0,12.0,690.0,680.0,700.0,2.26835081444e-11,2.26835081444e-11
15.0,90.0,12.0,710.0,700.0,720.0,2.23605493593e-11,2.23605493593e-11
15.0,90.0,12.0,730.0,720.0,740.0,2.1058347193e-11,2.1058347193e-11
15.0,90.0,12.0,750.0,740.0,760.0,1.85137665248e-11,1.85137665248e-11
15.0,90.0,12.0,770.0,760.0,780.0,1.69517767447e-11,1.69517767447e-11
15.0,90.0,20.0,390.0,380.0,400.0,5.74813169909e-11,5.74813169909e-11
15.0,90.0,20.0,410.0,400.0,420.0,8.79600157057e-11,8.79600157057e-11
15.0,90.0,20.0,430.0,420.0,440.0,8.12785246435e-11,8.12785246435e-11
15.0,90.0,20.0,450.0,440.0,460.0,8.9544073284e-11,8.9544073284e-11
15.0,90.0,20.0,470.0,460.0,480.0,8.27678814476e-11,8.27678814476e-11
15.0,90.0,20.0,490.0,480.0,500.0,6.74560661238e-11,6.74560661238e-11
15.0,90.0,20.0,510.0,500.0,520.0,4.8804733755e-11,4.8804733755e-11
15.0,90.0,20.0,530.0,520.0,540.0,3.22778630083e-11,3.22778630083e-11
15.0,90.0,20.0,550.0,540.0,560.0,2.38884561321e-11,2.38884561321e-11
15.0,90.0,20.0,570.0,560.0,580.0,1.44251871828e-11,1.44251871828e-11
15.0,90.0,20.0,590.0,580.0,600.0,1.39869041396e-11,1.39869041396e-11
15.0,90.0,20.0,610.0,600.0,620.0,1.11493623699e-11,1.11493623699e-11
15.0,90.0,20.0,630.0,620.0,640.0,1.45615075977e-11,1.45615075977e-11
15.0,90.0,20.0,650.0,640.0,660.0,1.78941443489e-11,1.78941443489e-11
15.0,90.0,20.0,670.0,660.0,680.0,2.08327123116e-11,2.08327123116e-11
15.0,90.0,20.0,690.0,680.0,700.0,2.18362522375e-11,2.18362522375e-11
15.0,90.0,20.0,710.0,700.0,720.0,2.13349352988e-11,2.13349352988e-11
15.0,90.0,20.0,730.0,720.0,740.0,1.99244481749e-11,1.99244481749e-11
15.0,90.0,20.0,750.0,740.0,760.0,1.73789200626e-11,1.73789200626e-11
15.0,90.0,20.0,770.0,760.0,780.0,1.57944134331e-11,1.57944134331e-11
15.0,90.0,30.0,390.0,380.0,400.0,5.88509685966e-11,5.88509685966e-11
15.0,90.0,30.0,410.0,400.0,420.0,8.81865655516e-11,8.81865655516e-11
15.0,90.0,30.0,430.0,420.0,440.0,7.99868705129e-11,7.99868705129e-11
15.0,90.0,30.0,450.0,440.0,460.0,8.66746639584e-11,8.66746639584e-11
15.0,90.0,30.0,470.0,460.0,480.0,7.89365343204e-11,7.89365343204e-11
15.0,90.0,30.0,490.0,480.0,500.0,6.34772099502e-11,6.34772099502e-11
15.0,90.0,30.0,510.0,500.0,520.0,4.53683526776e-11,4.53683526776e-11
15.0,90.0,30.0,530.0,520.0,540.0,2.96710675767e-11,2.96710675767e-11
15.0,90.0,30.0,550.0,540.0,560.0,2.17352808984e-11,2.17352808984e-11
15.0,90.0,30.0,570.0,560.0,580.0,1.30008954868e-11,1.30008954868e-11
15.0,90.0,30.0,590.0,580.0,600.0,1.24967417144e-11,1.24967417144e-11
15.0,90.0,30.0,610.0,600.0,620.0,9.88105480192e-12,9.88105480192e-12
15.0,90.0,30.0,630.0,620.0,640.0,1.28085025707e-11,1.28085025707e-11
15.0,90.0,30.0,650.0,640.0,660.0,1.56297553107e-11,1.56297553107e-11
15.0,90.0,30.0,670.0,660.0,680.0,1.80772870684e-11,1.80772870684e-11
15.0,90.0,30.0,690.0,680.0,700.0,1.8832117794e-11,1.8832117794e-11
15.0,90.0,30.0,710.0,700.0,720.0,1.82947143679e-11,1.82947143679e-11
15.0,90.0,30.0,730.0,720.0,740.0,1.69941770911e-11,1.69941770911e-11
15.0,90.0,30.0,750.0,740.0,760.0,1.4749445105e-11,1.4749445105e-11
15.0,90.0,30.0,770.0,760.0,780.0,1.33425534007e-11,1.33425534007e-11
15.0,90.0,45.0,390.0,380.0,400.0,5.41990646005e-11,5.41990646005e-11
15.0,90.0,45.0,410.0,400.0,420.0,7.93487768635e-11,7.93487768635e-11
15.0,90.0,45.0,430.0,420.0,440.0,7.0546682715e-11,7.0546682715e-11
15.0,90.0,45.0,450.0,440.0,460.0,7.51376195299e-11,7.51376195299e-11
15.0,90.0,45.0,470.0,460.0,480.0,6.74119935095e-11,6.74119935095e-11
15.0,90.0,45.0,490.0,480.0,500.0,5.35031249897e-11,5.35031249897e-11
15.0,90.0,45.0,510.0,500.0,520.0,3.7799069765e-11,3.7799069765e-11
15.0,90.0,45.0,530.0,520.0,540.0,2.44674085841e-11,2.44674085841e-11
15.0,90.0,45.0,550.0,540.0,560.0,1.77589605707e-11,1.77589605707e-11
15.0,90.0,45.0,570.0,560.0,580.0,1.05347636189e-11,1.05347636189e-11
15.0,90.0,45.0,590.0,580.0,600.0,1.0050215467e-11,1.0050215467e-11
15.0,90.0,45.0,610.0,600.0,620.0,7.89240994074e-12,7.89240994074e-12
15.0,90.0,45.0,630.0,620.0,640.0,1.01665614883e-11,1.01665614883e-11
15.0,90.0,45.0,650.0,640.0,660.0,1.23347177196e-11,1.23347177196e-11
15.0,90.0,45.0,670.0,660.0,680.0,1.41911850592e-11,1.41911850592e-11
15.0,90.0,45.0,690.0,680.0,700.0,1.4712194219e-11,1.4712194219e-11
15.0,90.0,45.0,710.0,700.0,720.0,1.42286454912e-11,1.42286454912e-11
15.0,90.0,45.0,730.0,720.0,740.0,1.31628687919e-11,1.31628687919e-11
15.0,90.0,45.0,750.0,740.0,760.0,1.1380977929e-11,1.1380977929e-11
15.0,90.0,45.0,770.0,760.0,780.0,1.02594096352e-11,1.02594096352e-11
15.0,90.0,60.0,390.0,380.0,400.0,5.01493539555e-11,5.01493539555e-11
15.0,90.0,60.0,410.0,400.0,420.0,7.2303542219e-11,7.2303542219e-11
15.0,90.0,60.0,430.0,420.0,440.0,6.33980012154e-11,6.33980012154e-11
15.0,90.0,60.0,450.0,440.0,460.0,6.66775213938e-11,6.66775213938e-11
15.0,90.0,60.0,470.0,460.0,480.0,5.91370336092e-11,5.91370336092e-11
15.0,90.0,60.0,490.0,480.0,500.0,4.64435332013e-11,4.64435332013e-11
15.0,90.0,60.0,510.0,500.0,520.0,3.24964690494e-11,3.24964690494e-11
15.0,90.0,60.0,530.0,520.0,540.0,2.08502385657e-11,2.08502385657e-11
15.0,90.0,60.0,550.0,540.0,560.0,1.50106920159e-11,1.50106920159e-11
15.0,90.0,60.0,570.0,560.0,580.0,8.83861061036e-12,8.83861061036e-12
15.0,90.0,60.0,590.0,580.0,600.0,8.37330837115e-12,8.37330837115e-12
15.0,90.0,60.0,610.0,600.0,620.0,6.53387108238e-12,6.53387108238e-12
15.0,90.0,60.0,630.0,620.0,640.0,8.36641117603e-12,8.36641117603e-12
15.0,90.0,60.0,650.0,640.0,660.0,1.00956934534e-11,1.00956934534e-11
15.0,90.0,60.0,670.0,660.0,680.0,1.15581726106e-11,1.15581726106e-11
15.0,90.0,60.0,690.0,680.0,700.0,1.19291542255e-11,1.19291542255e-11
15.0,90.0,60.0,710.0,700.0,720.0,1.14901938367e-11,1.14901938367e-11
15.0,90.0,60.0,730.0,720.0,740.0,1.05902692667e-11,1.05902692667e-11
15.0,90.0,60.0,750.0,740.0,760.0,9.12583468039e-12,9.12583468039e-12
15.0,90.0,60.0,770.0,760.0,780.0,8.20137037483e-12,8.20137037483e-12
15.0,90.0,90.0,390.0,380.0,400.0,3.95385357129e-11,3.95385357129e-11
15.0,90.0,90.0,410.0,400.0,420.0,5.33677943308e-11,5.33677943308e-11
15.0,90.0,90.0,430.0,420.0,440.0,4.39003682906e-11,4.39003682906e-11
15.0,90.0,90.0,450.0,440.0,460.0,4.34641238591e-11,4.34641238591e-11
15.0,90.0,90.0,470.0,460.0,480.0,3.64443546908e-11,3.64443546908e-11
15.0,90.0,90.0,490.0,480.0,500.0,2.71852519952e-11,2.71852519952e-11
15.0,90.0,90.0,510.0,500.0,520.0,1.81521297374e-11,1.81521297374e-11
15.0,90.0,90.0,530.0,520.0,540.0,1.11676899572e-11,1.11676899572e-11
15.0,90.0,90.0,550.0,540.0,560.0,7.74066708708e-12,7.74066708708e-12
15.0,90.0,90.0,570.0,560.0,580.0,4.40853695385e-12,4.40853695385e-12
15.0,90.0,90.0,590.0,580.0,600.0,4.04748541242e-12,4.04748541242e-12
15.0,90.0,90.0,610.0,600.0,620.0,3.07301050036e-12,3.07301050036e-12
15.0,90.0,90.0,630.0,620.0,640.0,3.83574319701e-12,3.83574319701e-12
15.0,90.0,90.0,650.0,640.0,660.0,4.52723468793e-12,4.52723468793e-12
15.0,90.0,90.0,670.0,660.0,680.0,5.08442897645e-12,5.08442897645e-12
15.0,90.0,90.0,690.0,680.0,700.0,5.15996775928e-12,5.15996775928e-12
15.0,90.0,90.0,710.0,700.0,720.0,4.8961830683e-12,4.8961830683e-12
15.0,90.0,90.0,730.0,720.0,740.0,4.4536592648e-12,4.4536592648e-12
15.0,90.0,90.0,750.0,740.0,760.0,3.79318329336e-12,3.79318329336e-12
15.0,90.0,90.0,770.0,760.0,780.0,3.3744366838e-12,3.3744366838e-12
15.0,180.0,0.0,390.0,380.0,400.0,2.32459356447e-11,2.32459356447e-11
15.0,180.0,0.0,410.0,400.0,420.0,3.36221657088e-11,3.36221657088e-11
15.0,180.0,0.0,430.0,420.0,440.0,2.9569783538e-11,2.9569783538e-11
15.0,180.0,0.0,450.0,440.0,460.0,3.12311154802e-11,3.12311154802e-11
15.0,180.0,0.0,470.0,460.0,480.0,2.78816885381e-11,2.78816885381e-11
15.0,180.0,0.0,490.0,480.0,500.0,2.21038843895e-11,2.21038843895e-11
15.0,180.0,0.0,510.0,500.0,520.0,1.56640173893e-11,1.56640173893e-11
15.0,180.0,0.0,530.0,520.0,540.0,1.02094362242e-11,1.02094362242e-11
15.0,180.0,0.0,550.0,540.0,560.0,7.48533348957e-12,7.48533348957e-12
15.0,180.0,0.0,570.0,560.0,580.0,4.50199312398e-12,4.50199312398e-12
15.0,180.0,0.0,590.0,580.0,600.0,4.35675182316e-12,4.35675182316e-12
15.0,180.0,0.0,610.0,600.0,620.0,3.48204785081e-12,3.48204785081e-12
15.0,180.0,0.0,630.0,620.0,640.0,4.56677483748e-12,4.56677483748e-12
15.0,180.0,0.0,650.0,640.0,660.0,5.65309914195e-12,5.65309914195e-12
15.0,180.0,0.0,670.0,660.0,680.0,6.64948836856e-12,6.64948836856e-12
15.0,180.0,0.0,690.0,680.0,700.0,7.05574694475e-12,7.05574694475e-12
15.0,180.0,0.0,710.0,700.0,720.0,6.98709383362e-12,6.98709383362e-12
15.0,180.0,0.0,730.0,720.0,740.0,6.62250658519e-12,6.62250658519e-12
15.0,180.0,0.0,750.0,740.0,760.0,5.86780013433e-12,5.86780013433e-12
15.0,180.0,0.0,770.0,760.0,780.0,5.4220151068e-12,5.4220151068e-12
15.0,180.0,0.5,390.0,380.0,400.0,2.51973841502e-11,2.51973841502e-11
15.0,180.0,0.5,410.0,400.0,420.0,3.64502930856e-11,3.64502930856e-11
15.0,180.0,0.5,430.0,420.0,440.0,3.20603903516e-11,3.20603903516e-11
15.0,180.0,0.5,450.0,440.0,460.0,3.38640953918e-11,3.38640953918e-11
15.0,180.0,0.5,470.0,460.0,480.0,3.02337927163e-11,3.02337927163e-11
15.0,180.0,0.5,490.0,480.0,500.0,2.39695119881e-11,2.39695119881e-11
15.0,180.0,0.5,510.0,500.0,520.0,1.69866508742e-11,1.69866508742e-11
15.0,180.0,0.5,530.0,520.0,540.0,1.10718393519e-11,1.10718393519e-11
15.0,180.0,0.5,550.0,540.0,560.0,8.11780916647e-12,8.11780916647e-12
15.0,180.0,0.5,570.0,560.0,580.0,4.88250007661e-12,4.88250007661e-12
15.0,180.0,0.5,590.0,580.0,600.0,4.72506100531e-12,4.72506100531e-12
15.0,180.0,0.5,610.0,600.0,620.0,3.77648795646e-12,3.77648795646e-12
15.0,180.0,0.5,630.0,620.0,640.0,4.95302562949e-12,4.95302562949e-12
15.0,180.0,0.5,650.0,640.0,660.0,6.1313441516e-12,6.1313441516e-12
15.0,180.0,0.5,670.0,660.0,680.0,7.21218481626e-12,7.21218481626e-12
15.0,180.0,0.5,690.0,680.0,700.0,7.6530145448e-12,7.6530145448e-12
15.0,180.0,0.5,710.0,700.0,720.0,7.5787407274e-12,7.5787407274e-12
15.0,180.0,0.5,730.0,720.0,740.0,7.18345727357e-12,7.18345727357e-12
15.0,180.0,0.5,750.0,740.0,760.0,6.36499116194e-12,6.36499116194e-12
15.0,180.0,0.5,770.0,760.0,780.0,5.8815741535e-12,5.8815741535e-12
15.0,180.0,1.0,390.0,380.0,400.0,2.56026736649e-11,2.56026736649e-11
15.0,180.0,1.0,410.0,400.0,420.0,3.70405443706e-11,3.70405443706e-11
15.0,180.0,1.0,430.0,420.0,440.0,3.25808921315e-11,3.25808921315e-11
15.0,180.0,1.0,450.0,440.0,460.0,3.44134737723e-11,3.44134737723e-11
15.0,180.0,1.0,470.0,460.0,480.0,3.07225882466e-11,3.07225882466e-11
15.0,180.0,1.0,490.0,480.0,500.0,2.43550108069e-11,2.43550108069e-11
15.0,180.0,1.0,510.0,500.0,520.0,1.72579588107e-11,1.72579588107e-11
15.0,180.0,1.0,530.0,520.0,540.0,1.12473030442e-11,1.12473030442e-11
15.0,180.0,1.0,550.0,540.0,560.0,8.24544155427e-12,8.24544155427e-12
15.0,180.0,1.0,570.0,560.0,580.0,4.95861520324e-12,4.95861520324e-12
15.0,180.0,1.0,590.0,580.0,600.0,4.79822301939e-12,4.79822301939e-12
15.0,180.0,1.0,610.0,600.0,620.0,3.83456105592e-12,3.83456105592e-12
15.0,180.0,1.0,630.0,620.0,640.0,5.02881222394e-12,5.02881222394e-12
15.0,180.0,1.0,650.0,640.0,660.0,6.22473427623e-12,6.22473427623e-12
15.0,180.0,1.0,670.0,660.0,680.0,7.32158214059e-12,7.32158214059e-12
15.0,180.0,1.0,690.0,680.0,700.0,7.76868864726e-12,7.76868864726e-12
15.0,180.0,1.0,710.0,700.0,720.0,7.6929461881e-12,7.6929461881e-12
15.0,180.0,1.0,730.0,720.0,740.0,7.29142474275e-12,7.29142474275e-12
15.0,180.0,1.0,750.0,740.0,760.0,6.46046305086e-12,6.46046305086e-12
15.0,180.0,1.0,770.0,760.0,780.0,5.96966152901e-12,5.96966152901e-12
15.0,180.0,2.0,390.0,380.0,400.0,2.63389303871e-11,2.63389303871e-11
15.0,180.0,2.0,410.0,400.0,420.0,3.8131659667e-11,3.8131659667e-11
15.0,180.0,2.0,430.0,420.0,440.0,3.35542814586e-11,3.35542814586e-11
15.0,180.0,2.0,450.0,440.0,460.0,3.54475395689e-11,3.54475395689e-11
15.0,180.0,2.0,470.0,460.0,480.0,3.16444558395e-11,3.16444558395e-11
15.0,180.0,2.0,490.0,480.0,500.0,2.50808140618e-11,2.50808140618e-11
15.0,180.0,2.0,510.0,500.0,520.0,1.77661217963e-11,1.77661217963e-11
15.0,180.0,2.0,530.0,520.0,540.0,1.15733818567e-11,1.15733818567e-11
15.0,180.0,2.0,550.0,540.0,560.0,8.48035452699e-12,8.48035452699e-12
15.0,180.0,2.0,570.0,560.0,580.0,5.0970840437e-12,5.0970840437e-12
15.0,180.0,2.0,590.0,580.0,600.0,4.92981046949e-12,4.92981046949e-12
15.0,180.0,2.0,610.0,600.0,620.0,3.93767638038e-12,3.93767638038e-12
15.0,180.0,2.0,630.0,620.0,640.0,5.1617936242e-12,5.1617936242e-12
15.0,180.0,2.0,650.0,640.0,660.0,6.38662996615e-12,6.38662996615e-12
15.0,180.0,2.0,670.0,660.0,680.0,7.50885883024e-12,7.50885883024e-12
15.0,180.0,2.0,690.0,680.0,700.0,7.96423444429e-12,7.96423444429e-12
15.0,180.0,2.0,710.0,700.0,720.0,7.88364547435e-12,7.88364547435e-12
15.0,180.0,2.0,730.0,720.0,740.0,7.46953931671e-12,7.46953931671e-12
15.0,180.0,2.0,750.0,740.0,760.0,6.61612014515e-12,6.61612014515e-12
15.0,180.0,2.0,770.0,760.0,780.0,6.11169327982e-12,6.11169327982e-12
15.0,180.0,3.0,390.0,380.0,400.0,2.71955759998e-11,2.71955759998e-11
15.0,180.0,3.0,410.0,400.0,420.0,3.94058066051e-11,3.94058066051e-11
15.0,180.0,3.0,430.0,420.0,440.0,3.46908699861e-11,3.46908699861e-11
15.0,180.0,3.0,450.0,440.0,460.0,3.66506749527e-11,3.66506749527e-11
15.0,180.0,3.0,470.0,460.0,480.0,3.27096941989e-11,3.27096941989e-11
15.0,180.0,3.0,490.0,480.0,500.0,2.59111206414e-11,2.59111206414e-11
15.0,180.0,3.0,510.0,500.0,520.0,1.83398224111e-11,1.83398224111e-11
15.0,180.0,3.0,530.0,520.0,540.0,1.19356086916e-11,1.19356086916e-11
15.0,180.0,3.0,550.0,540.0,560.0,8.7364416791e-12,8.7364416791e-12
15.0,180.0,3.0,570.0,560.0,580.0,5.24478251666e-12,5.24478251666e-12
15.0,180.0,3.0,590.0,580.0,600.0,5.06690728482e-12,5.06690728482e-12
15.0,180.0,3.0,610.0,600.0,620.0,4.0422985017e-12,4.0422985017e-12
15.0,180.0,3.0,630.0,620.0,640.0,5.29301038908e-12,5.29301038908e-12
15.0,180.0,3.0,650.0,640.0,660.0,6.54165247144e-12,6.54165247144e-12
15.0,180.0,3.0,670.0,660.0,680.0,7.68244047106e-12,7.68244047106e-12
15.0,180.0,3.0,690.0,680.0,700.0,8.13928531713e-12,8.13928531713e-12
15.0,180.0,3.0,710.0,700.0,720.0,8.04821271393e-12,8.04821271393e-12
15.0,180.0,3.0,730.0,720.0,740.0,7.61740865633e-12,7.61740865633e-12
15.0,180.0,3.0,750.0,740.0,760.0,6.7402014508e-12,6.7402014508e-12
15.0,180.0,3.0,770.0,760.0,780.0,6.22024938428e-12,6.22024938428e-12
15.0,180.0,5.0,390.0,380.0,400.0,2.9102853709e-11,2.9102853709e-11
15.0,180.0,5.0,410.0,400.0,420.0,4.22363937907e-11,4.22363937907e-11
15.0,180.0,5.0,430.0,420.0,440.0,3.71984281806e-11,3.71984281806e-11
15.0,180.0,5.0,450.0,440.0,460.0,3.92746160283e-11,3.92746160283e-11
15.0,180.0,5.0,470.0,460.0,480.0,3.49959218777e-11,3.49959218777e-11
15.0,180.0,5.0,490.0,480.0,500.0,2.76567677349e-11,2.76567677349e-11
15.0,180.0,5.0,510.0,500.0,520.0,1.95156600428e-11,1.95156600428e-11
15.0,180.0,5.0,530.0,520.0,540.0,1.26557453864e-11,1.26557453864e-11
15.0,180.0,5.0,550.0,540.0,560.0,9.22785436813e-12,9.22785436813e-12
15.0,180.0,5.0,570.0,560.0,580.0,5.51670475581e-12,5.51670475581e-12
15.0,180.0,5.0,590.0,580.0,600.0,5.30780658418e-12,5.30780658418e-12
15.0,180.0,5.0,610.0,600.0,620.0,4.21638214995e-12,4.21638214995e-12
15.0,180.0,5.0,630.0,620.0,640.0,5.49835047533e-12,5.49835047533e-12
15.0,180.0,5.0,650.0,640.0,660.0,6.76767555529e-12,6.76767555529e-12
15.0,180.0,5.0,670.0,660.0,680.0,7.91537298853e-12,7.91537298853e-12
15.0,180.0,5.0,690.0,680.0,700.0,8.35230541776e-12,8.35230541776e-12
15.0,180.0,5.0,710.0,700.0,720.0,8.22647755416e-12,8.22647755416e-12
15.0,180.0,5.0,730.0,720.0,740.0,7.75637391152e-12,7.75637391152e-12
15.0,180.0,5.0,750.0,740.0,760.0,6.83778924703e-12,6.83778924703e-12
15.0,180.0,5.0,770.0,760.0,780.0,6.28796246811e-12,6.28796246811e-12
15.0,180.0,8.0,390.0,380.0,400.0,3.21345188594e-11,3.21345188594e-11
15.0,180.0,8.0,410.0,400.0,420.0,4.66588372063e-11,4.66588372063e-11
15.0,180.0,8.0,430.0,420.0,440.0,4.10197553705e-11,4.10197553705e-11
15.0,180.0,8.0,450.0,440.0,460.0,4.31474852046e-11,4.31474852046e-11
15.0,180.0,8.0,470.0,460.0,480.0,3.82422226981e-11,3.82422226981e-11
15.0,180.0,8.0,490.0,480.0,500.0,3.0024585553e-11,3.0024585553e-11
15.0,180.0,8.0,510.0,500.0,520.0,2.10270252921e-11,2.10270252921e-11
15.0,180.0,8.0,530.0,520.0,540.0,1.35245769194e-11,1.35245769194e-11
15.0,180.0,8.0,550.0,540.0,560.0,9.7780609323e-12,9.7780609323e-12
15.0,180.0,8.0,570.0,560.0,580.0,5.79469064754e-12,5.79469064754e-12
15.0,180.0,8.0,590.0,580.0,600.0,5.52806464551e-12,5.52806464551e-12
15.0,180.0,8.0,610.0,600.0,620.0,4.35389752445e-12,4.35389752445e-12
15.0,180.0,8.0,630.0,620.0,640.0,5.63149411676e-12,5.63149411676e-12
15.0,180.0,8.0,650.0,640.0,660.0,6.87660899205e-12,6.87660899205e-12
15.0,180.0,8.0,670.0,660.0,680.0,7.98047018888e-12,7.98047018888e-12
15.0,180.0,8.0,690.0,680.0,700.0,8.35796097236e-12,8.35796097236e-12
15.0,180.0,8.0,710.0,700.0,720.0,8.17297938805e-12,8.17297938805e-12
15.0,180.0,8.0,730.0,720.0,740.0,7.65287589651e-12,7.65287589651e-12
15.0,180.0,8.0,750.0,740.0,760.0,6.70224394211e-12,6.70224394211e-12
15.0,180.0,8.0,770.0,760.0,780.0,6.12497449047e-12,6.12497449047e-12
15.0,180.0,12.0,390.0,380.0,400.0,3.58890674621e-11,3.58890674621e-11
15.0,180.0,12.0,410.0,400.0,420.0,5.18556221399e-11,5.18556221399e-11
15.0,180.0,12.0,430.0,420.0,440.0,4.52494335324e-11,4.52494335324e-11
15.0,180.0,12.0,450.0,440.0,460.0,4.71546437728e-11,4.71546437728e-11
15.0,180.0,12.0,470.0,460.0,480.0,4.1353095422e-11,4.1353095422e-11
15.0,180.0,12.0,490.0,480.0,500.0,3.20989950439e-11,3.20989950439e-11
15.0,180.0,12.0,510.0,500.0,520.0,2.22134642528e-11,2.22134642528e-11
15.0,180.0,12.0,530.0,520.0,540.0,1.4116033035e-11,1.4116033035e-11
15.0,180.0,12.0,550.0,540.0,560.0,1.00849094671e-11,1.00849094671e-11
15.0,180.0,12.0,570.0,560.0,580.0,5.90663690226e-12,5.90663690226e-12
15.0,180.0,12.0,590.0,580.0,600.0,5.57252087051e-12,5.57252087051e-12
15.0,180.0,12.0,610.0,600.0,620.0,4.34156643406e-12,4.34156643406e-12
15.0,180.0,12.0,630.0,620.0,640.0,5.55905434926e-12,5.55905434926e-12
15.0,180.0,12.0,650.0,640.0,660.0,6.72315405195e-12,6.72315405195e-12
15.0,180.0,12.0,670.0,660.0,680.0,7.73091290611e-12,7.73091290611e-12
15.0,180.0,12.0,690.0,680.0,700.0,8.02617046542e-12,8.02617046542e-12
15.0,180.0,12.0,710.0,700.0,720.0,7.78399465387e-12,7.78399465387e-12
15.0,180.0,12.0,730.0,720.0,740.0,7.23191013172e-12,7.23191013172e-12
15.0,180.0,12.0,750.0,740.0,760.0,6.28708667733e-12,6.28708667733e-12
15.0,180.0,12.0,770.0,760.0,780.0,5.70610434324e-12,5.70610434324e-12
15.0,180.0,20.0,390.0,380.0,400.0,4.29926356228e-11,4.29926356228e-11
15.0,180.0,20.0,410.0,400.0,420.0,6.03507055706e-11,6.03507055706e-11
15.0,180.0,20.0,430.0,420.0,440.0,5.12031909445e-11,5.12031909445e-11
15.0,180.0,20.0,450.0,440.0,460.0,5.19426054028e-11,5.19426054028e-11
15.0,180.0,20.0,470.0,460.0,480.0,4.44028985703e-11,4.44028985703e-11
15.0,180.0,20.0,490.0,480.0,500.0,3.3642702677e-11,3.3642702677e-11
15.0,180.0,20.0,510.0,500.0,520.0,2.27536542609e-11,2.27536542609e-11
15.0,180.0,20.0,530.0,520.0,540.0,1.41495164149e-11,1.41495164149e-11
15.0,180.0,20.0,550.0,540.0,560.0,9.90497278193e-12,9.90497278193e-12
15.0,180.0,20.0,570.0,560.0,580.0,5.69071958098e-12,5.69071958098e-12
15.0,180.0,20.0,590.0,580.0,600.0,5.27306311094e-12,5.27306311094e-12
15.0,180.0,20.0,610.0,600.0,620.0,4.03872532208e-12,4.03872532208e-12
15.0,180.0,20.0,630.0,620.0,640.0,5.08988621369e-12,5.08988621369e-12
15.0,180.0,20.0,650.0,640.0,660.0,6.06499127584e-12,6.06499127584e-12
15.0,180.0,20.0,670.0,660.0,680.0,6.87671328176e-12,6.87671328176e-12
15.0,180.0,20.0,690.0,680.0,700.0,7.04515456157e-12,7.04515456157e-12
15.0,180.0,20.0,710.0,700.0,720.0,6.74770591964e-12,6.74770591964e-12
15.0,180.0,20.0,730.0,720.0,740.0,6.19549956325e-12,6.19549956325e-12
15.0,180.0,20.0,750.0,740.0,760.0,5.32624570278e-12,5.32624570278e-12
15.0,180.0,20.0,770.0,760.0,780.0,4.78367870454e-12,4.78367870454e-12
15.0,180.0,30.0,390.0,380.0,400.0,4.60620383777e-11,4.60620383777e-11
15.0,180.0,30.0,410.0,400.0,420.0,6.29175258775e-11,6.29175258775e-11
15.0,180.0,30.0,430.0,420.0,440.0,5.20832006569e-11,5.20832006569e-11
15.0,180.0,30.0,450.0,440.0,460.0,5.16781309584e-11,5.16781309584e-11
15.0,180.0,30.0,470.0,460.0,480.0,4.33029595898e-11,4.33029595898e-11
15.0,180.0,30.0,490.0,480.0,500.0,3.22195480962e-11,3.22195480962e-11
15.0,180.0,30.0,510.0,500.0,520.0,2.1432398987e-11,2.1432398987e-11
15.0,180.0,30.0,530.0,520.0,540.0,1.31264605542e-11,1.31264605542e-11
15.0,180.0,30.0,550.0,540.0,560.0,9.05990588652e-12,9.05990588652e-12
15.0,180.0,30.0,570.0,560.0,580.0,5.13758581867e-12,5.13758581867e-12
15.0,180.0,30.0,590.0,580.0,600.0,4.70199125212e-12,4.70199125212e-12
15.0,180.0,30.0,610.0,600.0,620.0,3.55972868675e-12,3.55972868675e-12
15.0,180.0,30.0,630.0,620.0,640.0,4.43710126694e-12,4.43710126694e-12
15.0,180.0,30.0,650.0,640.0,660.0,5.2329361352e-12,5.2329361352e-12
15.0,180.0,30.0,670.0,660.0,680.0,5.87554980904e-12,5.87554980904e-12
15.0,180.0,30.0,690.0,680.0,700.0,5.96381784957e-12,5.96381784957e-12
15.0,180.0,30.0,710.0,700.0,720.0,5.66201628834e-12,5.66201628834e-12
15.0,180.0,30.0,730.0,720.0,740.0,5.15530520674e-12,5.15530520674e-12
15.0,180.0,30.0,750.0,740.0,760.0,4.39669528095e-12,4.39669528095e-12
15.0,180.0,30.0,770.0,760.0,780.0,3.91893786439e-12,3.91893786439e-12
15.0,180.0,45.0,390.0,380.0,400.0,4.48212837823e-11,4.48212837823e-11
15.0,180.0,45.0,410.0,400.0,420.0,5.99483628516e-11,5.99483628516e-11
15.0,180.0,45.0,430.0,420.0,440.0,4.87138722421e-11,4.87138722421e-11
15.0,180.0,45.0,450.0,440.0,460.0,4.75492302805e-11,4.75492302805e-11
15.0,180.0,45.0,470.0,460.0,480.0,3.92666023373e-11,3.92666023373e-11
15.0,180.0,45.0,490.0,480.0,500.0,2.88367376471e-11,2.88367376471e-11
15.0,180.0,45.0,510.0,500.0,520.0,1.89564883501e-11,1.89564883501e-11
15.0,180.0,45.0,530.0,520.0,540.0,1.14858306769e-11,1.14858306769e-11
15.0,180.0,45.0,550.0,540.0,560.0,7.84906476392e-12,7.84906476392e-12
15.0,180.0,45.0,570.0,560.0,580.0,4.41045061984e-12,4.41045061984e-12
15.0,180.0,45.0,590.0,580.0,600.0,4.00148986551e-12,4.00148986551e-12
15.0,180.0,45.0,610.0,600.0,620.0,3.00481764318e-12,3.00481764318e-12
15.0,180.0,45.0,630.0,620.0,640.0,3.71629712499e-12,3.71629712499e-12
15.0,180.0,45.0,650.0,640.0,660.0,4.35088984362e-12,4.35088984362e-12
15.0,180.0,45.0,670.0,660.0,680.0,4.85134548654e-12,4.85134548654e-12
15.0,180.0,45.0,690.0,680.0,700.0,4.8917560961e-12,4.8917560961e-12
15.0,180.0,45.0,710.0,700.0,720.0,4.61510973712e-12,4.61510973712e-12
15.0,180.0,45.0,730.0,720.0,740.0,4.17691391554e-12,4.17691391554e-12
15.0,180.0,45.0,750.0,740.0,760.0,3.54181280614e-12,3.54181280614e-12
15.0,180.0,45.0,770.0,760.0,780.0,3.13959577122e-12,3.13959577122e-12
15.0,180.0,60.0,390.0,380.0,400.0,4.36480145713e-11,4.36480145713e-11
15.0,180.0,60.0,410.0,400.0,420.0,5.82164280379e-11,5.82164280379e-11
15.0,180.0,60.0,430.0,420.0,440.0,4.72939687283e-11,4.72939687283e-11
15.0,180.0,60.0,450.0,440.0,460.0,4.62406423299e-11,4.62406423299e-11
15.0,180.0,60.0,470.0,460.0,480.0,3.83026891211e-11,3.83026891211e-11
15.0,180.0,60.0,490.0,480.0,500.0,2.82413319103e-11,2.82413319103e-11
15.0,180.0,60.0,510.0,500.0,520.0,1.86512507403e-11,1.86512507403e-11
15.0,180.0,60.0,530.0,520.0,540.0,1.13576629698e-11,1.13576629698e-11
15.0,180.0,60.0,550.0,540.0,560.0,7.7990117447e-12,7.7990117447e-12
15.0,180.0,60.0,570.0,560.0,580.0,4.40366675339e-12,4.40366675339e-12
15.0,180.0,60.0,590.0,580.0,600.0,4.01183605651e-12,4.01183605651e-12
15.0,180.0,60.0,610.0,600.0,620.0,3.02440036881e-12,3.02440036881e-12
15.0,180.0,60.0,630.0,620.0,640.0,3.75165601581e-12,3.75165601581e-12
15.0,180.0,60.0,650.0,640.0,660.0,4.40347279264e-12,4.40347279264e-12
15.0,180.0,60.0,670.0,660.0,680.0,4.92059167142e-12,4.92059167142e-12
15.0,180.0,60.0,690.0,680.0,700.0,4.97070472797e-12,4.97070472797e-12
15.0,180.0,60.0,710.0,700.0,720.0,4.69675897245e-12,4.69675897245e-12
15.0,180.0,60.0,730.0,720.0,740.0,4.25584458772e-12,4.25584458772e-12
15.0,180.0,60.0,750.0,740.0,760.0,3.61189666611e-12,3.61189666611e-12
15.0,180.0,60.0,770.0,760.0,780.0,3.20307898292e-12,3.20307898292e-12
15.0,180.0,90.0,390.0,380.0,400.0,3.95385357129e-11,3.95385357129e-11
15.0,180.0,90.0,410.0,400.0,420.0,5.33677943308e-11,5.33677943308e-11
15.0,180.0,90.0,430.0,420.0,440.0,4.39003682906e-11,4.39003682906e-11
15.0,180.0,90.0,450.0,440.0,460.0,4.34641238591e-11,4.34641238591e-11
15.0,180.0,90.0,470.0,460.0,480.0,3.64443546908e-11,3.64443546908e-11
15.0,180.0,90.0,490.0,480.0,500.0,2.71852519952e-11,2.71852519952e-11
15.0,180.0,90.0,510.0,500.0,520.0,1.81521297374e-11,1.81521297374e-11
15.0,180.0,90.0,530.0,520.0,540.0,1.11676899572e-11,1.11676899572e-11
15.0,180.0,90.0,550.0,540.0,560.0,7.74066708708e-12,7.74066708708e-12
15.0,180.0,90.0,570.0,560.0,580.0,4.40853695385e-12,4.40853695385e-12
15.0,180.0,90.0,590.0,580.0,600.0,4.04748541242e-12,4.04748541242e-12
15.0,180.0,90.0,610.0,600.0,620.0,3.07301050036e-12,3.07301050036e-12
15.0,180.0,90.0,630.0,620.0,640.0,3.83574319701e-12,3.83574319701e-12
15.0,180.0,90.0,650.0,640.0,660.0,4.52723468793e-12,4.52723468793e-12
15.0,180.0,90.0,670.0,660.0,680.0,5.08442897645e-12,5.08442897645e-12
15.0,180.0,90.0,690.0,680.0,700.0,5.15996775928e-12,5.15996775928e-12
15.0,180.0,90.0,710.0,700.0,720.0,4.8961830683e-12,4.8961830683e-12
15.0,180.0,90.0,730.0,720.0,740.0,4.4536592648e-12,4.4536592648e-12
15.0,180.0,90.0,750.0,740.0,760.0,3.79318329336e-12,3.79318329336e-12
15.0,180.0,90.0,770.0,760.0,780.0,3.3744366838e-12,3.3744366838e-12
18.0,0.0,0.0,390.0,380.0,400.0,2.49277261226e-13,2.49277261226e-13
18.0,0.0,0.0,410.0,400.0,420.0,3.81007414475e-13,3.81007414475e-13
18.0,0.0,0.0,430.0,420.0,440.0,3.50782544212e-13,3.50782544212e-13
18.0,0.0,0.0,450.0,440.0,460.0,3.83503752806e-13,3.83503752806e-13
18.0,0.0,0.0,470.0,460.0,480.0,3.5037025256e-13,3.5037025256e-13
18.0,0.0,0.0,490.0,480.0,500.0,2.81093789316e-13,2.81093789316e-13
18.0,0.0,0.0,510.0,500.0,520.0,1.99247680632e-13,1.99247680632e-13
18.0,0.0,0.0,530.0,520.0,540.0,1.28561016617e-13,1.28561016617e-13
18.0,0.0,0.0,550.0,540.0,560.0,9.29900740759e-14,9.29900740759e-14
18.0,0.0,0.0,570.0,560.0,580.0,5.46492915635e-14,5.46492915635e-14
18.0,0.0,0.0,590.0,580.0,600.0,5.19881062682e-14,5.19881062682e-14
18.0,0.0,0.0,610.0,600.0,620.0,4.05197244338e-14,4.05197244338e-14
18.0,0.0,0.0,630.0,620.0,640.0,5.21774858716e-14,5.21774858716e-14
18.0,0.0,0.0,650.0,640.0,660.0,6.31949094778e-14,6.31949094778e-14
18.0,0.0,0.0,670.0,660.0,680.0,7.24044456789e-14,7.24044456789e-14
18.0,0.0,0.0,690.0,680.0,700.0,7.45966514156e-14,7.45966514156e-14
18.0,0.0,0.0,710.0,700.0,720.0,7.15777417496e-14,7.15777417496e-14
18.0,0.0,0.0,730.0,720.0,740.0,6.56082426421e-14,6.56082426421e-14
18.0,0.0,0.0,750.0,740.0,760.0,5.61157926939e-14,5.61157926939e-14
18.0,0.0,0.0,770.0,760.0,780.0,5.00776450828e-14,5.00776450828e-14
18.0,0.0,0.5,390.0,380.0,400.0,1.60625642842e-13,1.60625642842e-13
18.0,0.0,0.5,410.0,400.0,420.0,2.43300160734e-13,2.43300160734e-13
18.0,0.0,0.5,430.0,420.0,440.0,2.22150022769e-13,2.22150022769e-13
18.0,0.0,0.5,450.0,440.0,460.0,2.41007846615e-13,2.41007846615e-13
18.0,0.0,0.5,470.0,460.0,480.0,2.18607462081e-13,2.18607462081e-13
18.0,0.0,0.5,490.0,480.0,500.0,1.74189909788e-13,1.74189909788e-13
18.0,0.0,0.5,510.0,500.0,520.0,1.22649895817e-13,1.22649895817e-13
18.0,0.0,0.5,530.0,520.0,540.0,7.86193188789e-14,7.86193188789e-14
18.0,0.0,0.5,550.0,540.0,560.0,5.65443933886e-14,5.65443933886e-14
18.0,0.0,0.5,570.0,560.0,580.0,3.30386940947e-14,3.30386940947e-14
18.0,0.0,0.5,590.0,580.0,600.0,3.13001678158e-14,3.13001678158e-14
18.0,0.0,0.5,610.0,600.0,620.0,2.42909333624e-14,2.42909333624e-14
18.0,0.0,0.5,630.0,620.0,640.0,3.11909493206e-14,3.11909493206e-14
18.0,0.0,0.5,650.0,640.0,660.0,3.76735234739e-14,3.76735234739e-14
18.0,0.0,0.5,670.0,660.0,680.0,4.30435610359e-14,4.30435610359e-14
18.0,0.0,0.5,690.0,680.0,700.0,4.42231483715e-14,4.42231483715e-14
18.0,0.0,0.5,710.0,700.0,720.0,4.23173368426e-14,4.23173368426e-14
18.0,0.0,0.5,730.0,720.0,740.0,3.8684930563e-14,3.8684930563e-14
18.0,0.0,0.5,750.0,740.0,760.0,3.30020408601e-14,3.30020408601e-14
18.0,0.0,0.5,770.0,760.0,780.0,2.93847054124e-14,2.93847054124e-14
18.0,0.0,1.0,390.0,380.0,400.0,1.53003474405e-13,1.53003474405e-13
18.0,0.0,1.0,410.0,400.0,420.0,2.31649425296e-13,2.31649425296e-13
18.0,0.0,1.0,430.0,420.0,440.0,2.11423807099e-13,2.11423807099e-13
18.0,0.0,1.0,450.0,440.0,460.0,2.29282914536e-13,2.29282914536e-13
18.0,0.0,1.0,470.0,460.0,480.0,2.07899243508e-13,2.07899243508e-13
18.0,0.0,1.0,490.0,480.0,500.0,1.65602726202e-13,1.65602726202e-13
18.0,0.0,1.0,510.0,500.0,520.0,1.16565325211e-13,1.16565325211e-13
18.0,0.0,1.0,530.0,520.0,540.0,7.46968444306e-14,7.46968444306e-14
18.0,0.0,1.0,550.0,540.0,560.0,5.37209452644e-14,5.37209452644e-14
18.0,0.0,1.0,570.0,560.0,580.0,3.13945069249e-14,3.13945069249e-14
18.0,0.0,1.0,590.0,580.0,600.0,2.97781307367e-14,2.97781307367e-14
18.0,0.0,1.0,610.0,600.0,620.0,2.31675341686e-14,2.31675341686e-14
18.0,0.0,1.0,630.0,620.0,640.0,2.99293889327e-14,2.99293889327e-14
18.0,0.0,1.0,650.0,640.0,660.0,3.65815330302e-14,3.65815330302e-14
18.0,0.0,1.0,670.0,660.0,680.0,4.27171135496e-14,4.27171135496e-14
18.0,0.0,1.0,690.0,680.0,700.0,4.55833487931e-14,4.55833487931e-14
18.0,0.0,1.0,710.0,700.0,720.0,4.64181019209e-14,4.64181019209e-14
18.0,0.0,1.0,730.0,720.0,740.0,4.66793540225e-14,4.66793540225e-14
18.0,0.0,1.0,750.0,740.0,760.0,4.56019731611e-14,4.56019731611e-14
18.0,0.0,1.0,770.0,760.0,780.0,4.86825638343e-14,4.86825638343e-14
18.0,0.0,2.0,390.0,380.0,400.0,1.55726690124e-13,1.55726690124e-13
18.0,0.0,2.0,410.0,400.0,420.0,2.36274259897e-13,2.36274259897e-13
18.0,0.0,2.0,430.0,420.0,440.0,2.16076316021e-13,2.16076316021e-13
18.0,0.0,2.0,450.0,440.0,460.0,2.34864527635e-13,2.34864527635e-13
18.0,0.0,2.0,470.0,460.0,480.0,2.13795583812e-13,2.13795583812e-13
18.0,0.0,2.0,490.0,480.0,500.0,1.71876468024e-13,1.71876468024e-13
18.0,0.0,2.0,510.0,500.0,520.0,1.23759412155e-13,1.23759412155e-13
18.0,0.0,2.0,530.0,520.0,540.0,8.34562210844e-14,8.34562210844e-14
18.0,0.0,2.0,550.0,540.0,560.0,6.65935503319e-14,6.65935503319e-14
18.0,0.0,2.0,570.0,560.0,580.0,4.63867189293e-14,4.63867189293e-14
18.0,0.0,2.0,590.0,580.0,600.0,5.82393732292e-14,5.82393732292e-14
18.0,0.0,2.0,610.0,600.0,620.0,6.46952203321e-14,6.46952203321e-14
18.0,0.0,2.0,630.0,620.0,640.0,1.28442866876e-13,1.28442866876e-13
18.0,0.0,2.0,650.0,640.0,660.0,2.44455502211e-13,2.44455502211e-13
18.0,0.0,2.0,670.0,660.0,680.0,4.38826495082e-13,4.38826495082e-13
18.0,0.0,2.0,690.0,680.0,700.0,6.99259199625e-13,6.99259199625e-13
18.0,0.0,2.0,710.0,700.0,720.0,1.01977827155e-12,1.01977827155e-12
18.0,0.0,2.0,730.0,720.0,740.0,1.39251082353e-12,1.39251082353e-12
18.0,0.0,2.0,750.0,740.0,760.0,1.73790987514e-12,1.73790987514e-12
18.0,0.0,2.0,770.0,760.0,780.0,2.22057559457e-12,2.22057559457e-12
18.0,0.0,3.0,390.0,380.0,400.0,1.6276649206e-13,1.6276649206e-13
18.0,0.0,3.0,410.0,400.0,420.0,2.47757981552e-13,2.47757981552e-13
18.0,0.0,3.0,430.0,420.0,440.0,2.27265948118e-13,2.27265948118e-13
18.0,0.0,3.0,450.0,440.0,460.0,2.47714263598e-13,2.47714263598e-13
18.0,0.0,3.0,470.0,460.0,480.0,2.25972967887e-13,2.25972967887e-13
18.0,0.0,3.0,490.0,480.0,500.0,1.81782538274e-13,1.81782538274e-13
18.0,0.0,3.0,510.0,500.0,520.0,1.30710293599e-13,1.30710293599e-13
18.0,0.0,3.0,530.0,520.0,540.0,8.80617921047e-14,8.80617921047e-14
18.0,0.0,3.0,550.0,540.0,560.0,7.05542126648e-14,7.05542126648e-14
18.0,0.0,3.0,570.0,560.0,580.0,5.04073247592e-14,5.04073247592e-14
18.0,0.0,3.0,590.0,580.0,600.0,6.47956041373e-14,6.47956041373e-14
18.0,0.0,3.0,610.0,600.0,620.0,7.47723311585e-14,7.47723311585e-14
18.0,0.0,3.0,630.0,620.0,640.0,1.47754151733e-13,1.47754151733e-13
18.0,0.0,3.0,650.0,640.0,660.0,2.7737591565e-13,2.7737591565e-13
18.0,0.0,3.0,670.0,660.0,680.0,4.91393746307e-13,4.91393746307e-13
18.0,0.0,3.0,690.0,680.0,700.0,7.74306938866e-13,7.74306938866e-13
18.0,0.0,3.0,710.0,700.0,720.0,1.11900696736e-12,1.11900696736e-12
18.0,0.0,3.0,730.0,720.0,740.0,1.5180017089e-12,1.5180017089e-12
18.0,0.0,3.0,750.0,740.0,760.0,1.89166098636e-12,1.89166098636e-12
18.0,0.0,3.0,770.0,760.0,780.0,2.40075860187e-12,2.40075860187e-12
18.0,0.0,5.0,390.0,380.0,400.0,1.81358575893e-13,1.81358575893e-13
18.0,0.0,5.0,410.0,400.0,420.0,2.78548862653e-13,2.78548862653e-13
18.0,0.0,5.0,430.0,420.0,440.0,2.57823978853e-13,2.57823978853e-13
18.0,0.0,5.0,450.0,440.0,460.0,2.83584443993e-13,2.83584443993e-13
18.0,0.0,5.0,470.0,460.0,480.0,2.60885481439e-13,2.60885481439e-13
18.0,0.0,5.0,490.0,480.0,500.0,2.10900529186e-13,2.10900529186e-13
18.0,0.0,5.0,510.0,500.0,520.0,1.5061556706e-13,1.5061556706e-13
18.0,0.0,5.0,530.0,520.0,540.0,9.78232622381e-14,9.78232622381e-14
18.0,0.0,5.0,550.0,540.0,560.0,7.13654865078e-14,7.13654865078e-14
18.0,0.0,5.0,570.0,560.0,580.0,4.21970594297e-14,4.21970594297e-14
18.0,0.0,5.0,590.0,580.0,600.0,4.06856716736e-14,4.06856716736e-14
18.0,0.0,5.0,610.0,600.0,620.0,3.20714012534e-14,3.20714012534e-14
18.0,0.0,5.0,630.0,620.0,640.0,4.22184923302e-14,4.22184923302e-14
18.0,0.0,5.0,650.0,640.0,660.0,5.23849453213e-14,5.23849453213e-14
18.0,0.0,5.0,670.0,660.0,680.0,6.14971471727e-14,6.14971471727e-14
18.0,0.0,5.0,690.0,680.0,700.0,6.48880620533e-14,6.48880620533e-14
18.0,0.0,5.0,710.0,700.0,720.0,6.37131928447e-14,6.37131928447e-14
18.0,0.0,5.0,730.0,720.0,740.0,5.96808841465e-14,5.96808841465e-14
18.0,0.0,5.0,750.0,740.0,760.0,5.20135859145e-14,5.20135859145e-14
18.0,0.0,5.0,770.0,760.0,780.0,4.73725211508e-14,4.73725211508e-14
18.0,0.0,8.0,390.0,380.0,400.0,2.14376570064e-13,2.14376570064e-13
18.0,0.0,8.0,410.0,400.0,420.0,3.30838619457e-13,3.30838619457e-13
18.0,0.0,8.0,430.0,420.0,440.0,3.0659746837e-13,3.0659746837e-13
18.0,0.0,8.0,450.0,440.0,460.0,3.36559694352e-13,3.36559694352e-13
18.0,0.0,8.0,470.0,460.0,480.0,3.08119847948e-13,3.08119847948e-13
18.0,0.0,8.0,490.0,480.0,500.0,2.47226770922e-13,2.47226770922e-13
18.0,0.0,8.0,510.0,500.0,520.0,1.74813315271e-13,1.74813315271e-13
18.0,0.0,8.0,530.0,520.0,540.0,1.12188399078e-13,1.12188399078e-13
18.0,0.0,8.0,550.0,540.0,560.0,8.07909419811e-14,8.07909419811e-14
18.0,0.0,8.0,570.0,560.0,580.0,4.70937562528e-14,4.70937562528e-14
18.0,0.0,8.0,590.0,580.0,600.0,4.47414971543e-14,4.47414971543e-14
18.0,0.0,8.0,610.0,600.0,620.0,3.4717085527e-14,3.4717085527e-14
18.0,0.0,8.0,630.0,620.0,640.0,4.48908038845e-14,4.48908038845e-14
18.0,0.0,8.0,650.0,640.0,660.0,5.45942146523e-14,5.45942146523e-14
18.0,0.0,8.0,670.0,660.0,680.0,6.27221649841e-14,6.27221649841e-14
18.0,0.0,8.0,690.0,680.0,700.0,6.47034108583e-14,6.47034108583e-14
18.0,0.0,8.0,710.0,700.0,720.0,6.20789809908e-14,6.20789809908e-14
18.0,0.0,8.0,730.0,720.0,740.0,5.68164864644e-14,5.68164864644e-14
18.0,0.0,8.0,750.0,740.0,760.0,4.84226834126e-14,4.84226834126e-14
18.0,0.0,8.0,770.0,760.0,780.0,4.30882601106e-14,4.30882601106e-14
18.0,0.0,12.0,390.0,380.0,400.0,2.50707034889e-13,2.50707034889e-13
18.0,0.0,12.0,410.0,400.0,420.0,3.80770405152e-13,3.80770405152e-13
18.0,0.0,12.0,430.0,420.0,440.0,3.4641819718e-13,3.4641819718e-13
18.0,0.0,12.0,450.0,440.0,460.0,3.72854110973e-13,3.72854110973e-13
18.0,0.0,12.0,470.0,460.0,480.0,3.34538407814e-13,3.34538407814e-13
18.0,0.0,12.0,490.0,480.0,500.0,2.63075317317e-13,2.63075317317e-13
18.0,0.0,12.0,510.0,500.0,520.0,1.82395903515e-13,1.82395903515e-13
18.0,0.0,12.0,530.0,520.0,540.0,1.14876819142e-13,1.14876819142e-13
18.0,0.0,12.0,550.0,540.0,560.0,8.12353687432e-14,8.12353687432e-14
18.0,0.0,12.0,570.0,560.0,580.0,4.6564602841e-14,4.6564602841e-14
18.0,0.0,12.0,590.0,580.0,600.0,4.34646809854e-14,4.34646809854e-14
18.0,0.0,12.0,610.0,600.0,620.0,3.31766646988e-14,3.31766646988e-14
18.0,0.0,12.0,630.0,620.0,640.0,4.2106040079e-14,4.2106040079e-14
18.0,0.0,12.0,650.0,640.0,660.0,5.0257943479e-14,5.0257943479e-14
18.0,0.0,12.0,670.0,660.0,680.0,5.66993307856e-14,5.66993307856e-14
18.0,0.0,12.0,690.0,680.0,700.0,5.74757323426e-14,5.74757323426e-14
18.0,0.0,12.0,710.0,700.0,720.0,5.42296326438e-14,5.42296326438e-14
18.0,0.0,12.0,730.0,720.0,740.0,4.88531274567e-14,4.88531274567e-14
18.0,0.0,12.0,750.0,740.0,760.0,4.10341609014e-14,4.10341609014e-14
18.0,0.0,12.0,770.0,760.0,780.0,3.59877469022e-14,3.59877469022e-14
18.0,0.0,20.0,390.0,380.0,400.0,2.75506005665e-13,2.75506005665e-13
18.0,0.0,20.0,410.0,400.0,420.0,4.02622282532e-13,4.02622282532e-13
18.0,0.0,20.0,430.0,420.0,440.0,3.53579261111e-13,3.53579261111e-13
18.0,0.0,20.0,450.0,440.0,460.0,3.68521411915e-13,3.68521411915e-13
18.0,0.0,20.0,470.0,460.0,480.0,3.21137307596e-13,3.21137307596e-13
18.0,0.0,20.0,490.0,480.0,500.0,2.45903844344e-13,2.45903844344e-13
18.0,0.0,20.0,510.0,500.0,520.0,1.66392746168e-13,1.66392746168e-13
18.0,0.0,20.0,530.0,520.0,540.0,1.02492638601e-13,1.02492638601e-13
18.0,0.0,20.0,550.0,540.0,560.0,7.10097032442e-14,7.10097032442e-14
18.0,0.0,20.0,570.0,560.0,580.0,3.99489126208e-14,3.99489126208e-14
18.0,0.0,20.0,590.0,580.0,600.0,3.66302863265e-14,3.66302863265e-14
18.0,0.0,20.0,610.0,600.0,620.0,2.75039073288e-14,2.75039073288e-14
18.0,0.0,20.0,630.0,620.0,640.0,3.43439791025e-14,3.43439791025e-14
18.0,0.0,20.0,650.0,640.0,660.0,4.03662912627e-14,4.03662912627e-14
18.0,0.0,20.0,670.0,660.0,680.0,4.48853935937e-14,4.48853935937e-14
18.0,0.0,20.0,690.0,680.0,700.0,4.48862631832e-14,4.48862631832e-14
18.0,0.0,20.0,710.0,700.0,720.0,4.18152924051e-14,4.18152924051e-14
18.0,0.0,20.0,730.0,720.0,740.0,3.72240394704e-14,3.72240394704e-14
18.0,0.0,20.0,750.0,740.0,760.0,3.09237431619e-14,3.09237431619e-14
18.0,0.0,20.0,770.0,760.0,780.0,2.68378441796e-14,2.68378441796e-14
18.0,0.0,30.0,390.0,380.0,400.0,2.55467886649e-13,2.55467886649e-13
18.0,0.0,30.0,410.0,400.0,420.0,3.56405686286e-13,3.56405686286e-13
18.0,0.0,30.0,430.0,420.0,440.0,3.00757113433e-13,3.00757113433e-13
18.0,0.0,30.0,450.0,440.0,460.0,3.02803743723e-13,3.02803743723e-13
18.0,0.0,30.0,470.0,460.0,480.0,2.55978143636e-13,2.55978143636e-13
18.0,0.0,30.0,490.0,480.0,500.0,1.9078986937e-13,1.9078986937e-13
18.0,0.0,30.0,510.0,500.0,520.0,1.26006175366e-13,1.26006175366e-13
18.0,0.0,30.0,530.0,520.0,540.0,7.59269948153e-14,7.59269948153e-14
18.0,0.0,30.0,550.0,540.0,560.0,5.1565404779e-14,5.1565404779e-14
18.0,0.0,30.0,570.0,560.0,580.0,2.84825650287e-14,2.84825650287e-14
18.0,0.0,30.0,590.0,580.0,600.0,2.5684135208e-14,2.5684135208e-14
18.0,0.0,30.0,610.0,600.0,620.0,1.89888233272e-14,1.89888233272e-14
18.0,0.0,30.0,630.0,620.0,640.0,2.33778160662e-14,2.33778160662e-14
18.0,0.0,30.0,650.0,640.0,660.0,2.71186516963e-14,2.71186516963e-14
18.0,0.0,30.0,670.0,660.0,680.0,2.97885064597e-14,2.97885064597e-14
18.0,0.0,30.0,690.0,680.0,700.0,2.94524080409e-14,2.94524080409e-14
18.0,0.0,30.0,710.0,700.0,720.0,2.71490166072e-14,2.71490166072e-14
18.0,0.0,30.0,730.0,720.0,740.0,2.39315765456e-14,2.39315765456e-14
18.0,0.0,30.0,750.0,740.0,760.0,1.96999370645e-14,1.96999370645e-14
18.0,0.0,30.0,770.0,760.0,780.0,1.69526137981e-14,1.69526137981e-14
18.0,0.0,45.0,390.0,380.0,400.0,2.03677588655e-13,2.03677588655e-13
18.0,0.0,45.0,410.0,400.0,420.0,2.76143694864e-13,2.76143694864e-13
18.0,0.0,45.0,430.0,420.0,440.0,2.27569871525e-13,2.27569871525e-13
18.0,0.0,45.0,450.0,440.0,460.0,2.24614461545e-13,2.24614461545e-13
18.0,0.0,45.0,470.0,460.0,480.0,1.8671501018e-13,1.8671501018e-13
18.0,0.0,45.0,490.0,480.0,500.0,1.37175211185e-13,1.37175211185e-13
18.0,0.0,45.0,510.0,500.0,520.0,8.94741604233e-14,8.94741604233e-14
18.0,0.0,45.0,530.0,520.0,540.0,5.33311874669e-14,5.33311874669e-14
18.0,0.0,45.0,550.0,540.0,560.0,3.5875014229e-14,3.5875014229e-14
18.0,0.0,45.0,570.0,560.0,580.0,1.96496294446e-14,1.96496294446e-14
18.0,0.0,45.0,590.0,580.0,600.0,1.75844561036e-14,1.75844561036e-14
18.0,0.0,45.0,610.0,600.0,620.0,1.29126058266e-14,1.29126058266e-14
18.0,0.0,45.0,630.0,620.0,640.0,1.57975204807e-14,1.57975204807e-14
18.0,0.0,45.0,650.0,640.0,660.0,1.82211683367e-14,1.82211683367e-14
18.0,0.0,45.0,670.0,660.0,680.0,1.9912165898e-14,1.9912165898e-14
18.0,0.0,45.0,690.0,680.0,700.0,1.95957928839e-14,1.95957928839e-14
18.0,0.0,45.0,710.0,700.0,720.0,1.79866924803e-14,1.79866924803e-14
18.0,0.0,45.0,730.0,720.0,740.0,1.57941956329e-14,1.57941956329e-14
18.0,0.0,45.0,750.0,740.0,760.0,1.29562898318e-14,1.29562898318e-14
18.0,0.0,45.0,770.0,760.0,780.0,1.11140549685e-14,1.11140549685e-14
18.0,0.0,60.0,390.0,380.0,400.0,1.57519394418e-13,1.57519394418e-13
18.0,0.0,60.0,410.0,400.0,420.0,2.07410444944e-13,2.07410444944e-13
18.0,0.0,60.0,430.0,420.0,440.0,1.6670475354e-13,1.6670475354e-13
18.0,0.0,60.0,450.0,440.0,460.0,1.61061225585e-13,1.61061225585e-13
18.0,0.0,60.0,470.0,460.0,480.0,1.31462897353e-13,1.31462897353e-13
18.0,0.0,60.0,490.0,480.0,500.0,9.5081774074e-14,9.5081774074e-14
18.0,0.0,60.0,510.0,500.0,520.0,6.11874239827e-14,6.11874239827e-14
18.0,0.0,60.0,530.0,520.0,540.0,3.60486745562e-14,3.60486745562e-14
18.0,0.0,60.0,550.0,540.0,560.0,2.40059378987e-14,2.40059378987e-14
18.0,0.0,60.0,570.0,560.0,580.0,1.30340325214e-14,1.30340325214e-14
18.0,0.0,60.0,590.0,580.0,600.0,1.1574139888e-14,1.1574139888e-14
18.0,0.0,60.0,610.0,600.0,620.0,8.44181946149e-15,8.44181946149e-15
18.0,0.0,60.0,630.0,620.0,640.0,1.02651353271e-14,1.02651353271e-14
18.0,0.0,60.0,650.0,640.0,660.0,1.17761971826e-14,1.17761971826e-14
18.0,0.0,60.0,670.0,660.0,680.0,1.28078587223e-14,1.28078587223e-14
18.0,0.0,60.0,690.0,680.0,700.0,1.25513187423e-14,1.25513187423e-14
18.0,0.0,60.0,710.0,700.0,720.0,1.14774401364e-14,1.14774401364e-14
18.0,0.0,60.0,730.0,720.0,740.0,1.00449186932e-14,1.00449186932e-14
18.0,0.0,60.0,750.0,740.0,760.0,8.21577774354e-15,8.21577774354e-15
18.0,0.0,60.0,770.0,760.0,780.0,7.02909793881e-15,7.02909793881e-15
18.0,0.0,90.0,390.0,380.0,400.0,1.11224431671e-13,1.11224431671e-13
18.0,0.0,90.0,410.0,400.0,420.0,1.36065315171e-13,1.36065315171e-13
18.0,0.0,90.0,430.0,420.0,440.0,1.02127277541e-13,1.02127277541e-13
18.0,0.0,90.0,450.0,440.0,460.0,9.26619807822e-14,9.26619807822e-14
18.0,0.0,90.0,470.0,460.0,480.0,7.14385814542e-14,7.14385814542e-14
18.0,0.0,90.0,490.0,480.0,500.0,4.90718115704e-14,4.90718115704e-14
18.0,0.0,90.0,510.0,500.0,520.0,3.0142886937e-14,3.0142886937e-14
18.0,0.0,90.0,530.0,520.0,540.0,1.70306403841e-14,1.70306403841e-14
18.0,0.0,90.0,550.0,540.0,560.0,1.09286293091e-14,1.09286293091e-14
18.0,0.0,90.0,570.0,560.0,580.0,5.73928506397e-15,5.73928506397e-15
18.0,0.0,90.0,590.0,580.0,600.0,4.95050910605e-15,4.95050910605e-15
18.0,0.0,90.0,610.0,600.0,620.0,3.5177878061e-15,3.5177878061e-15
18.0,0.0,90.0,630.0,620.0,640.0,4.18110902698e-15,4.18110902698e-15
18.0,0.0,90.0,650.0,640.0,660.0,4.69934136701e-15,4.69934136701e-15
18.0,0.0,90.0,670.0,660.0,680.0,5.01809391366e-15,5.01809391366e-15
18.0,0.0,90.0,690.0,680.0,700.0,4.83732456368e-15,4.83732456368e-15
18.0,0.0,90.0,710.0,700.0,720.0,4.35829465976e-15,4.35829465976e-15
18.0,0.0,90.0,730.0,720.0,740.0,3.76400473008e-15,3.76400473008e-15
18.0,0.0,90.0,750.0,740.0,760.0,3.0419819507e-15,3.0419819507e-15
18.0,0.0,90.0,770.0,760.0,780.0,2.57499891571e-15,2.57499891571e-15
18.0,90.0,0.0,390.0,380.0,400.0,7.00151466983e-14,7.00151466983e-14
18.0,90.0,0.0,410.0,400.0,420.0,9.31436909555e-14,9.31436909555e-14
18.0,90.0,0.0,430.0,420.0,440.0,7.58168011663e-14,7.58168011663e-14
18.0,90.0,0.0,450.0,440.0,460.0,7.43611974351e-14,7.43611974351e-14
18.0,90.0,0.0,470.0,460.0,480.0,6.17662805892e-14,6.17662805892e-14
18.0,90.0,0.0,490.0,480.0,500.0,4.55652337644e-14,4.55652337644e-14
18.0,90.0,0.0,510.0,500.0,520.0,2.99720104774e-14,2.99720104774e-14
18.0,90.0,0.0,530.0,520.0,540.0,1.80796871577e-14,1.80796871577e-14
18.0,90.0,0.0,550.0,540.0,560.0,1.23445437984e-14,1.23445437984e-14
18.0,90.0,0.0,570.0,560.0,580.0,6.88106011076e-15,6.88106011076e-15
18.0,90.0,0.0,590.0,580.0,600.0,6.26994178951e-15,6.26994178951e-15
18.0,90.0,0.0,610.0,600.0,620.0,4.69720721186e-15,4.69720721186e-15
18.0,90.0,0.0,630.0,620.0,640.0,5.8587222371e-15,5.8587222371e-15
18.0,90.0,0.0,650.0,640.0,660.0,6.89281854844e-15,6.89281854844e-15
18.0,90.0,0.0,670.0,660.0,680.0,7.6896270772e-15,7.6896270772e-15
18.0,90.0,0.0,690.0,680.0,700.0,7.72823615657e-15,7.72823615657e-15
18.0,90.0,0.0,710.0,700.0,720.0,7.24233443822e-15,7.24233443822e-15
18.0,90.0,0.0,730.0,720.0,740.0,6.49413202826e-15,6.49413202826e-15
18.0,90.0,0.0,750.0,740.0,760.0,5.43955453989e-15,5.43955453989e-15
18.0,90.0,0.0,770.0,760.0,780.0,4.76352970816e-15,4.76352970816e-15
18.0,90.0,0.5,390.0,380.0,400.0,7.04348806055e-14,7.04348806055e-14
18.0,90.0,0.5,410.0,400.0,420.0,9.3635173849e-14,9.3635173849e-14
18.0,90.0,0.5,430.0,420.0,440.0,7.61677803762e-14,7.61677803762e-14
18.0,90.0,0.5,450.0,440.0,460.0,7.46628292397e-14,7.46628292397e-14
18.0,90.0,0.5,470.0,460.0,480.0,6.19857283818e-14,6.19857283818e-14
18.0,90.0,0.5,490.0,480.0,500.0,4.57070899833e-14,4.57070899833e-14
18.0,90.0,0.5,510.0,500.0,520.0,3.00537485056e-14,3.00537485056e-14
18.0,90.0,0.5,530.0,520.0,540.0,1.8122932354e-14,1.8122932354e-14
18.0,90.0,0.5,550.0,540.0,560.0,1.2370544828e-14,1.2370544828e-14
18.0,90.0,0.5,570.0,560.0,580.0,6.89382362188e-15,6.89382362188e-15
18.0,90.0,0.5,590.0,580.0,600.0,6.28033940292e-15,6.28033940292e-15
18.0,90.0,0.5,610.0,600.0,620.0,4.70417274231e-15,4.70417274231e-15
18.0,90.0,0.5,630.0,620.0,640.0,5.86664706944e-15,5.86664706944e-15
18.0,90.0,0.5,650.0,640.0,660.0,6.90138759881e-15,6.90138759881e-15
18.0,90.0,0.5,670.0,660.0,680.0,7.69845560162e-15,7.69845560162e-15
18.0,90.0,0.5,690.0,680.0,700.0,7.73648170021e-15,7.73648170021e-15
18.0,90.0,0.5,710.0,700.0,720.0,7.24959331134e-15,7.24959331134e-15
18.0,90.0,0.5,730.0,720.0,740.0,6.50028651395e-15,6.50028651395e-15
18.0,90.0,0.5,750.0,740.0,760.0,5.4444645991e-15,5.4444645991e-15
18.0,90.0,0.5,770.0,760.0,780.0,4.76765300907e-15,4.76765300907e-15
18.0,90.0,1.0,390.0,380.0,400.0,7.58174440659e-14,7.58174440659e-14
18.0,90.0,1.0,410.0,400.0,420.0,1.02012630715e-13,1.02012630715e-13
18.0,90.0,1.0,430.0,420.0,440.0,8.39576492417e-14,8.39576492417e-14
18.0,90.0,1.0,450.0,440.0,460.0,8.32144226667e-14,8.32144226667e-14
18.0,90.0,1.0,470.0,460.0,480.0,6.9798410208e-14,6.9798410208e-14
18.0,90.0,1.0,490.0,480.0,500.0,5.19549140937e-14,5.19549140937e-14
18.0,90.0,1.0,510.0,500.0,520.0,3.4458495868e-14,3.4458495868e-14
18.0,90.0,1.0,530.0,520.0,540.0,2.09447345869e-14,2.09447345869e-14
18.0,90.0,1.0,550.0,540.0,560.0,1.43967409668e-14,1.43967409668e-14
18.0,90.0,1.0,570.0,560.0,580.0,8.07445802671e-15,8.07445802671e-15
18.0,90.0,1.0,590.0,580.0,600.0,7.39627827872e-15,7.39627827872e-15
18.0,90.0,1.0,610.0,600.0,620.0,5.56735654082e-15,5.56735654082e-15
18.0,90.0,1.0,630.0,620.0,640.0,6.97218384092e-15,6.97218384092e-15
18.0,90.0,1.0,650.0,640.0,660.0,8.23289237734e-15,8.23289237734e-15
18.0,90.0,1.0,670.0,660.0,680.0,9.21480508683e-15,9.21480508683e-15
18.0,90.0,1.0,690.0,680.0,700.0,9.28909955893e-15,9.28909955893e-15
18.0,90.0,1.0,710.0,700.0,720.0,8.73062125786e-15,8.73062125786e-15
18.0,90.0,1.0,730.0,720.0,740.0,7.84964392144e-15,7.84964392144e-15
18.0,90.0,1.0,750.0,740.0,760.0,6.59167489266e-15,6.59167489266e-15
18.0,90.0,1.0,770.0,760.0,780.0,5.78545522461e-15,5.78545522461e-15
18.0,90.0,2.0,390.0,380.0,400.0,8.16264020643e-14,8.16264020643e-14
18.0,90.0,2.0,410.0,400.0,420.0,1.10657131559e-13,1.10657131559e-13
18.0,90.0,2.0,430.0,420.0,440.0,9.17334120753e-14,9.17334120753e-14
18.0,90.0,2.0,450.0,440.0,460.0,9.15428348667e-14,9.15428348667e-14
18.0,90.0,2.0,470.0,460.0,480.0,7.72686443842e-14,7.72686443842e-14
18.0,90.0,2.0,490.0,480.0,500.0,5.78472698944e-14,5.78472698944e-14
18.0,90.0,2.0,510.0,500.0,520.0,3.85689059044e-14,3.85689059044e-14
18.0,90.0,2.0,530.0,520.0,540.0,2.35566494602e-14,2.35566494602e-14
18.0,90.0,2.0,550.0,540.0,560.0,1.62613715118e-14,1.62613715118e-14
18.0,90.0,2.0,570.0,560.0,580.0,9.15599651744e-15,9.15599651744e-15
18.0,90.0,2.0,590.0,580.0,600.0,8.41602199813e-15,8.41602199813e-15
18.0,90.0,2.0,610.0,600.0,620.0,6.35472290313e-15,6.35472290313e-15
18.0,90.0,2.0,630.0,620.0,640.0,7.98044287996e-15,7.98044287996e-15
18.0,90.0,2.0,650.0,640.0,660.0,9.44770885555e-15,9.44770885555e-15
18.0,90.0,2.0,670.0,660.0,680.0,1.05993165087e-14,1.05993165087e-14
18.0,90.0,2.0,690.0,680.0,700.0,1.07081921511e-14,1.07081921511e-14
18.0,90.0,2.0,710.0,700.0,720.0,1.00859697786e-14,1.00859697786e-14
18.0,90.0,2.0,730.0,720.0,740.0,9.08630306166e-15,9.08630306166e-15
18.0,90.0,2.0,750.0,740.0,760.0,7.64471264236e-15,7.64471264236e-15
18.0,90.0,2.0,770.0,760.0,780.0,6.72141719598e-15,6.72141719598e-15
18.0,90.0,3.0,390.0,380.0,400.0,8.80693189189e-14,8.80693189189e-14
18.0,90.0,3.0,410.0,400.0,420.0,1.20265328673e-13,1.20265328673e-13
18.0,90.0,3.0,430.0,420.0,440.0,1.00386244614e-13,1.00386244614e-13
18.0,90.0,3.0,450.0,440.0,460.0,1.00815645261e-13,1.00815645261e-13
18.0,90.0,3.0,470.0,460.0,480.0,8.55869639951e-14,8.55869639951e-14
18.0,90.0,3.0,490.0,480.0,500.0,6.44076334596e-14,6.44076334596e-14
18.0,90.0,3.0,510.0,500.0,520.0,4.31433649571e-14,4.31433649571e-14
18.0,90.0,3.0,530.0,520.0,540.0,2.64615314179e-14,2.64615314179e-14
18.0,90.0,3.0,550.0,540.0,560.0,1.83340427637e-14,1.83340427637e-14
18.0,90.0,3.0,570.0,560.0,580.0,1.03572684613e-14,1.03572684613e-14
18.0,90.0,3.0,590.0,580.0,600.0,9.54843917022e-15,9.54843917022e-15
18.0,90.0,3.0,610.0,600.0,620.0,7.2287874901e-15,7.2287874901e-15
18.0,90.0,3.0,630.0,620.0,640.0,9.10012518063e-15,9.10012518063e-15
18.0,90.0,3.0,650.0,640.0,660.0,1.07973053287e-14,1.07973053287e-14
18.0,90.0,3.0,670.0,660.0,680.0,1.21379338166e-14,1.21379338166e-14
18.0,90.0,3.0,690.0,680.0,700.0,1.22855616586e-14,1.22855616586e-14
18.0,90.0,3.0,710.0,700.0,720.0,1.15925626969e-14,1.15925626969e-14
18.0,90.0,3.0,730.0,720.0,740.0,1.0460847654e-14,1.0460847654e-14
18.0,90.0,3.0,750.0,740.0,760.0,8.8148048551e-15,8.8148048551e-15
18.0,90.0,3.0,770.0,760.0,780.0,7.7610755578e-15,7.7610755578e-15
18.0,90.0,5.0,390.0,380.0,400.0,1.01517796931e-13,1.01517796931e-13
18.0,90.0,5.0,410.0,400.0,420.0,1.40339258026e-13,1.40339258026e-13
18.0,90.0,5.0,430.0,420.0,440.0,1.18445445649e-13,1.18445445649e-13
18.0,90.0,5.0,450.0,440.0,460.0,1.2011863111e-13,1.2011863111e-13
18.0,90.0,5.0,470.0,460.0,480.0,1.02836670817e-13,1.02836670817e-13
18.0,90.0,5.0,490.0,480.0,500.0,7.79452912613e-14,7.79452912613e-14
18.0,90.0,5.0,510.0,500.0,520.0,5.25262212555e-14,5.25262212555e-14
18.0,90.0,5.0,530.0,520.0,540.0,3.23774983309e-14,3.23774983309e-14
18.0,90.0,5.0,550.0,540.0,560.0,2.25236197623e-14,2.25236197623e-14
18.0,90.0,5.0,570.0,560.0,580.0,1.27645978707e-14,1.27645978707e-14
18.0,90.0,5.0,590.0,580.0,600.0,1.17995686028e-14,1.17995686028e-14
18.0,90.0,5.0,610.0,600.0,620.0,8.95079039732e-15,8.95079039732e-15
18.0,90.0,5.0,630.0,620.0,640.0,1.12878656293e-14,1.12878656293e-14
18.0,90.0,5.0,650.0,640.0,660.0,1.34111154898e-14,1.34111154898e-14
18.0,90.0,5.0,670.0,660.0,680.0,1.50896072922e-14,1.50896072922e-14
18.0,90.0,5.0,690.0,680.0,700.0,1.52808494702e-14,1.52808494702e-14
18.0,90.0,5.0,710.0,700.0,720.0,1.44225611153e-14,1.44225611153e-14
18.0,90.0,5.0,730.0,720.0,740.0,1.30135413047e-14,1.30135413047e-14
18.0,90.0,5.0,750.0,740.0,760.0,1.09619406158e-14,1.09619406158e-14
18.0,90.0,5.0,770.0,760.0,780.0,9.64578287548e-15,9.64578287548e-15
18.0,90.0,8.0,390.0,380.0,400.0,1.21344788725e-13,1.21344788725e-13
18.0,90.0,8.0,410.0,400.0,420.0,1.69537509906e-13,1.69537509906e-13
18.0,90.0,8.0,430.0,420.0,440.0,1.44258394344e-13,1.44258394344e-13
18.0,90.0,8.0,450.0,440.0,460.0,1.47151491359e-13,1.47151491359e-13
18.0,90.0,8.0,470.0,460.0,480.0,1.26453515601e-13,1.26453515601e-13
18.0,90.0,8.0,490.0,480.0,500.0,9.60325224659e-14,9.60325224659e-14
18.0,90.0,8.0,510.0,500.0,520.0,6.47383329225e-14,6.47383329225e-14
18.0,90.0,8.0,530.0,520.0,540.0,3.98664556323e-14,3.98664556323e-14
18.0,90.0,8.0,550.0,540.0,560.0,2.76803070872e-14,2.76803070872e-14
18.0,90.0,8.0,570.0,560.0,580.0,1.56414284636e-14,1.56414284636e-14
18.0,90.0,8.0,590.0,580.0,600.0,1.44142203709e-14,1.44142203709e-14
18.0,90.0,8.0,610.0,600.0,620.0,1.08925409906e-14,1.08925409906e-14
18.0,90.0,8.0,630.0,620.0,640.0,1.36854638988e-14,1.36854638988e-14
18.0,90.0,8.0,650.0,640.0,660.0,1.61934635636e-14,1.61934635636e-14
18.0,90.0,8.0,670.0,660.0,680.0,1.81391962273e-14,1.81391962273e-14
18.0,90.0,8.0,690.0,680.0,700.0,1.82824843152e-14,1.82824843152e-14
18.0,90.0,8.0,710.0,700.0,720.0,1.71717916878e-14,1.71717916878e-14
18.0,90.0,8.0,730.0,720.0,740.0,1.54165128217e-14,1.54165128217e-14
18.0,90.0,8.0,750.0,740.0,760.0,1.29196693355e-14,1.29196693355e-14
18.0,90.0,8.0,770.0,760.0,780.0,1.13102503317e-14,1.13102503317e-14
18.0,90.0,12.0,390.0,380.0,400.0,1.43537595744e-13,1.43537595744e-13
18.0,90.0,12.0,410.0,400.0,420.0,2.0068006143e-13,2.0068006143e-13
18.0,90.0,12.0,430.0,420.0,440.0,1.70450914826e-13,1.70450914826e-13
18.0,90.0,12.0,450.0,440.0,460.0,1.73229871738e-13,1.73229871738e-13
18.0,90.0,12.0,470.0,460.0,480.0,1.48108214171e-13,1.48108214171e-13
18.0,90.0,12.0,490.0,480.0,500.0,1.11790408363e-13,1.11790408363e-13
18.0,90.0,12.0,510.0,500.0,520.0,7.48401219991e-14,7.48401219991e-14
18.0,90.0,12.0,530.0,520.0,540.0,4.57423773586e-14,4.57423773586e-14
18.0,90.0,12.0,550.0,540.0,560.0,3.15169490334e-14,3.15169490334e-14
18.0,90.0,12.0,570.0,560.0,580.0,1.76674413044e-14,1.76674413044e-14
18.0,90.0,12.0,590.0,580.0,600.0,1.61574658637e-14,1.61574658637e-14
18.0,90.0,12.0,610.0,600.0,620.0,1.21152528025e-14,1.21152528025e-14
18.0,90.0,12.0,630.0,620.0,640.0,1.51106668074e-14,1.51106668074e-14
18.0,90.0,12.0,650.0,640.0,660.0,1.77506946523e-14,1.77506946523e-14
18.0,90.0,12.0,670.0,660.0,680.0,1.97407959576e-14,1.97407959576e-14
18.0,90.0,12.0,690.0,680.0,700.0,1.97558830583e-14,1.97558830583e-14
18.0,90.0,12.0,710.0,700.0,720.0,1.84274213544e-14,1.84274213544e-14
18.0,90.0,12.0,730.0,720.0,740.0,1.64321348375e-14,1.64321348375e-14
18.0,90.0,12.0,750.0,740.0,760.0,1.36803822086e-14,1.36803822086e-14
18.0,90.0,12.0,770.0,760.0,780.0,1.19004762142e-14,1.19004762142e-14
18.0,90.0,20.0,390.0,380.0,400.0,1.6671806984e-13,1.6671806984e-13
18.0,90.0,20.0,410.0,400.0,420.0,2.29487868046e-13,2.29487868046e-13
18.0,90.0,20.0,430.0,420.0,440.0,1.91860884107e-13,1.91860884107e-13
18.0,90.0,20.0,450.0,440.0,460.0,1.91965053631e-13,1.91965053631e-13
18.0,90.0,20.0,470.0,460.0,480.0,1.61648641261e-13,1.61648641261e-13
18.0,90.0,20.0,490.0,480.0,500.0,1.20227445434e-13,1.20227445434e-13
18.0,90.0,20.0,510.0,500.0,520.0,7.93496161392e-14,7.93496161392e-14
18.0,90.0,20.0,530.0,520.0,540.0,4.78361691721e-14,4.78361691721e-14
18.0,90.0,20.0,550.0,540.0,560.0,3.25325575805e-14,3.25325575805e-14
18.0,90.0,20.0,570.0,560.0,580.0,1.80084208081e-14,1.80084208081e-14
18.0,90.0,20.0,590.0,580.0,600.0,1.6278049509e-14,1.6278049509e-14
18.0,90.0,20.0,610.0,600.0,620.0,1.20688679666e-14,1.20688679666e-14
18.0,90.0,20.0,630.0,620.0,640.0,1.48964744937e-14,1.48964744937e-14
18.0,90.0,20.0,650.0,640.0,660.0,1.73254726955e-14,1.73254726955e-14
18.0,90.0,20.0,670.0,660.0,680.0,1.90844530414e-14,1.90844530414e-14
18.0,90.0,20.0,690.0,680.0,700.0,1.89249168509e-14,1.89249168509e-14
18.0,90.0,20.0,710.0,700.0,720.0,1.74988810688e-14,1.74988810688e-14
18.0,90.0,20.0,730.0,720.0,740.0,1.54747509921e-14,1.54747509921e-14
18.0,90.0,20.0,750.0,740.0,760.0,1.27815504886e-14,1.27815504886e-14
18.0,90.0,20.0,770.0,760.0,780.0,1.10355021716e-14,1.10355021716e-14
18.0,90.0,30.0,390.0,380.0,400.0,1.68928433126e-13,1.68928433126e-13
18.0,90.0,30.0,410.0,400.0,420.0,2.27784400678e-13,2.27784400678e-13
18.0,90.0,30.0,430.0,420.0,440.0,1.8698028051e-13,1.8698028051e-13
18.0,90.0,30.0,450.0,440.0,460.0,1.84054267295e-13,1.84054267295e-13
18.0,90.0,30.0,470.0,460.0,480.0,1.52739009202e-13,1.52739009202e-13
18.0,90.0,30.0,490.0,480.0,500.0,1.12110598964e-13,1.12110598964e-13
18.0,90.0,30.0,510.0,500.0,520.0,7.31056927401e-14,7.31056927401e-14
18.0,90.0,30.0,530.0,520.0,540.0,4.3586222865e-14,4.3586222865e-14
18.0,90.0,30.0,550.0,540.0,560.0,2.93432724754e-14,2.93432724754e-14
18.0,90.0,30.0,570.0,560.0,580.0,1.60903666802e-14,1.60903666802e-14
18.0,90.0,30.0,590.0,580.0,600.0,1.44198447632e-14,1.44198447632e-14
18.0,90.0,30.0,610.0,600.0,620.0,1.06053752537e-14,1.06053752537e-14
18.0,90.0,30.0,630.0,620.0,640.0,1.29940669044e-14,1.29940669044e-14
18.0,90.0,30.0,650.0,640.0,660.0,1.50091747023e-14,1.50091747023e-14
18.0,90.0,30.0,670.0,660.0,680.0,1.64263203471e-14,1.64263203471e-14
18.0,90.0,30.0,690.0,680.0,700.0,1.61900986413e-14,1.61900986413e-14
18.0,90.0,30.0,710.0,700.0,720.0,1.48846891115e-14,1.48846891115e-14
18.0,90.0,30.0,730.0,720.0,740.0,1.30922867703e-14,1.30922867703e-14
18.0,90.0,30.0,750.0,740.0,760.0,1.07590970703e-14,1.07590970703e-14
18.0,90.0,30.0,770.0,760.0,780.0,9.24545789374e-15,9.24545789374e-15
18.0,90.0,45.0,390.0,380.0,400.0,1.20383243863e-13,1.20383243863e-13
18.0,90.0,45.0,410.0,400.0,420.0,1.49215164559e-13,1.49215164559e-13
18.0,90.0,45.0,430.0,420.0,440.0,1.13295769878e-13,1.13295769878e-13
18.0,90.0,45.0,450.0,440.0,460.0,1.03862420036e-13,1.03862420036e-13
18.0,90.0,45.0,470.0,460.0,480.0,8.08317642698e-14,8.08317642698e-14
18.0,90.0,45.0,490.0,480.0,500.0,5.60105804336e-14,5.60105804336e-14
18.0,90.0,45.0,510.0,500.0,520.0,3.46870677444e-14,3.46870677444e-14
18.0,90.0,45.0,530.0,520.0,540.0,1.97498013723e-14,1.97498013723e-14
18.0,90.0,45.0,550.0,540.0,560.0,1.27687088769e-14,1.27687088769e-14
18.0,90.0,45.0,570.0,560.0,580.0,6.75357629098e-15,6.75357629098e-15
18.0,90.0,45.0,590.0,580.0,600.0,5.86615930462e-15,5.86615930462e-15
18.0,90.0,45.0,610.0,600.0,620.0,4.19607451073e-15,4.19607451073e-15
18.0,90.0,45.0,630.0,620.0,640.0,5.01827205848e-15,5.01827205848e-15
18.0,90.0,45.0,650.0,640.0,660.0,5.67253002266e-15,5.67253002266e-15
18.0,90.0,45.0,670.0,660.0,680.0,6.08946783554e-15,6.08946783554e-15
18.0,90.0,45.0,690.0,680.0,700.0,5.89906462819e-15,5.89906462819e-15
18.0,90.0,45.0,710.0,700.0,720.0,5.33925003041e-15,5.33925003041e-15
18.0,90.0,45.0,730.0,720.0,740.0,4.63087782582e-15,4.63087782582e-15
18.0,90.0,45.0,750.0,740.0,760.0,3.75752501815e-15,3.75752501815e-15
18.0,90.0,45.0,770.0,760.0,780.0,3.19218519143e-15,3.19218519143e-15
18.0,90.0,60.0,390.0,380.0,400.0,1.43297467042e-13,1.43297467042e-13
18.0,90.0,60.0,410.0,400.0,420.0,1.85977407248e-13,1.85977407248e-13
18.0,90.0,60.0,430.0,420.0,440.0,1.4763577697e-13,1.4763577697e-13
18.0,90.0,60.0,450.0,440.0,460.0,1.41113764456e-13,1.41113764456e-13
18.0,90.0,60.0,470.0,460.0,480.0,1.14104696612e-13,1.14104696612e-13
18.0,90.0,60.0,490.0,480.0,500.0,8.18427951272e-14,8.18427951272e-14
18.0,90.0,60.0,510.0,500.0,520.0,5.22756696576e-14,5.22756696576e-14
18.0,90.0,60.0,530.0,520.0,540.0,3.05905368864e-14,3.05905368864e-14
18.0,90.0,60.0,550.0,540.0,560.0,2.0249595373e-14,2.0249595373e-14
18.0,90.0,60.0,570.0,560.0,580.0,1.09339036825e-14,1.09339036825e-14
18.0,90.0,60.0,590.0,580.0,600.0,9.66282074196e-15,9.66282074196e-15
18.0,90.0,60.0,610.0,600.0,620.0,7.01605677855e-15,7.01605677855e-15
18.0,90.0,60.0,630.0,620.0,640.0,8.49716052803e-15,8.49716052803e-15
18.0,90.0,60.0,650.0,640.0,660.0,9.71114112291e-15,9.71114112291e-15
18.0,90.0,60.0,670.0,660.0,680.0,1.05244436919e-14,1.05244436919e-14
18.0,90.0,60.0,690.0,680.0,700.0,1.02795895943e-14,1.02795895943e-14
18.0,90.0,60.0,710.0,700.0,720.0,9.3717530289e-15,9.3717530289e-15
18.0,90.0,60.0,730.0,720.0,740.0,8.179372996e-15,8.179372996e-15
18.0,90.0,60.0,750.0,740.0,760.0,6.67328856134e-15,6.67328856134e-15
18.0,90.0,60.0,770.0,760.0,780.0,5.69650258557e-15,5.69650258557e-15
18.0,90.0,90.0,390.0,380.0,400.0,1.11224431671e-13,1.11224431671e-13
18.0,90.0,90.0,410.0,400.0,420.0,1.36065315171e-13,1.36065315171e-13
18.0,90.0,90.0,430.0,420.0,440.0,1.02127277541e-13,1.02127277541e-13
18.0,90.0,90.0,450.0,440.0,460.0,9.26619807822e-14,9.26619807822e-14
18.0,90.0,90.0,470.0,460.0,480.0,7.14385814542e-14,7.14385814542e-14
18.0,90.0,90.0,490.0,480.0,500.0,4.90718115704e-14,4.90718115704e-14
18.0,90.0,90.0,510.0,500.0,520.0,3.0142886937e-14,3.0142886937e-14
18.0,90.0,90.0,530.0,520.0,540.0,1.70306403841e-14,1.70306403841e-14
18.0,90.0,90.0,550.0,540.0,560.0,1.09286293091e-14,1.09286293091e-14
18.0,90.0,90.0,570.0,560.0,580.0,5.73928506397e-15,5.73928506397e-15
18.0,90.0,90.0,590.0,580.0,600.0,4.95050910605e-15,4.95050910605e-15
18.0,90.0,90.0,610.0,600.0,620.0,3.5177878061e-15,3.5177878061e-15
18.0,90.0,90.0,630.0,620.0,640.0,4.18110902698e-15,4.18110902698e-15
18.0,90.0,90.0,650.0,640.0,660.0,4.69934136701e-15,4.69934136701e-15
18.0,90.0,90.0,670.0,660.0,680.0,5.01809391366e-15,5.01809391366e-15
18.0,90.0,90.0,690.0,680.0,700.0,4.83732456368e-15,4.83732456368e-15
18.0,90.0,90.0,710.0,700.0,720.0,4.35829465976e-15,4.35829465976e-15
18.0,90.0,90.0,730.0,720.0,740.0,3.76400473008e-15,3.76400473008e-15
18.0,90.0,90.0,750.0,740.0,760.0,3.0419819507e-15,3.0419819507e-15
18.0,90.0,90.0,770.0,760.0,780.0,2.57499891571e-15,2.57499891571e-15
18.0,180.0,0.0,390.0,380.0,400.0,2.74713227595e-14,2.74713227595e-14
18.0,180.0,0.0,410.0,400.0,420.0,3.44851014995e-14,3.44851014995e-14
18.0,180.0,0.0,430.0,420.0,440.0,2.65228560703e-14,2.65228560703e-14
18.0,180.0,0.0,450.0,440.0,460.0,2.46020644329e-14,2.46020644329e-14
18.0,180.0,0.0,470.0,460.0,480.0,1.93423530435e-14,1.93423530435e-14
18.0,180.0,0.0,490.0,480.0,500.0,1.35081257747e-14,1.35081257747e-14
18.0,180.0,0.0,510.0,500.0,520.0,8.40450302515e-15,8.40450302515e-15
18.0,180.0,0.0,530.0,520.0,540.0,4.78850809245e-15,4.78850809245e-15
18.0,180.0,0.0,550.0,540.0,560.0,3.10282695553e-15,3.10282695553e-15
18.0,180.0,0.0,570.0,560.0,580.0,1.63676816365e-15,1.63676816365e-15
18.0,180.0,0.0,590.0,580.0,600.0,1.42934278332e-15,1.42934278332e-15
18.0,180.0,0.0,610.0,600.0,620.0,1.02371312871e-15,1.02371312871e-15
18.0,180.0,0.0,630.0,620.0,640.0,1.2361906991e-15,1.2361906991e-15
18.0,180.0,0.0,650.0,640.0,660.0,1.40873753573e-15,1.40873753573e-15
18.0,180.0,0.0,670.0,660.0,680.0,1.52119960924e-15,1.52119960924e-15
18.0,180.0,0.0,690.0,680.0,700.0,1.4791211479e-15,1.4791211479e-15
18.0,180.0,0.0,710.0,700.0,720.0,1.34094999786e-15,1.34094999786e-15
18.0,180.0,0.0,730.0,720.0,740.0,1.16303438495e-15,1.16303438495e-15
18.0,180.0,0.0,750.0,740.0,760.0,9.41661300402e-16,9.41661300402e-16
18.0,180.0,0.0,770.0,760.0,780.0,7.98560257513e-16,7.98560257513e-16
18.0,180.0,0.5,390.0,380.0,400.0,5.6756136945e-14,5.6756136945e-14
18.0,180.0,0.5,410.0,400.0,420.0,7.3859148365e-14,7.3859148365e-14
18.0,180.0,0.5,430.0,420.0,440.0,5.88392218601e-14,5.88392218601e-14
18.0,180.0,0.5,450.0,440.0,460.0,5.65256352427e-14,5.65256352427e-14
18.0,180.0,0.5,470.0,460.0,480.0,4.60367085963e-14,4.60367085963e-14
18.0,180.0,0.5,490.0,480.0,500.0,3.3333396328e-14,3.3333396328e-14
18.0,180.0,0.5,510.0,500.0,520.0,2.15456934421e-14,2.15456934421e-14
18.0,180.0,0.5,530.0,520.0,540.0,1.27840385641e-14,1.27840385641e-14
18.0,180.0,0.5,550.0,540.0,560.0,8.60249696906e-15,8.60249696906e-15
18.0,180.0,0.5,570.0,560.0,580.0,4.72973578769e-15,4.72973578769e-15
18.0,180.0,0.5,590.0,580.0,600.0,4.26334363574e-15,4.26334363574e-15
18.0,180.0,0.5,610.0,600.0,620.0,3.16187215489e-15,3.16187215489e-15
18.0,180.0,0.5,630.0,620.0,640.0,3.91460307144e-15,3.91460307144e-15
18.0,180.0,0.5,650.0,640.0,660.0,4.57581203258e-15,4.57581203258e-15
18.0,180.0,0.5,670.0,660.0,680.0,5.07631670735e-15,5.07631670735e-15
18.0,180.0,0.5,690.0,680.0,700.0,5.07707860154e-15,5.07707860154e-15
18.0,180.0,0.5,710.0,700.0,720.0,4.73913236787e-15,4.73913236787e-15
18.0,180.0,0.5,730.0,720.0,740.0,4.23558012563e-15,4.23558012563e-15
18.0,180.0,0.5,750.0,740.0,760.0,3.53842252825e-15,3.53842252825e-15
18.0,180.0,0.5,770.0,760.0,780.0,3.09281812915e-15,3.09281812915e-15
18.0,180.0,1.0,390.0,380.0,400.0,6.20653379858e-14,6.20653379858e-14
18.0,180.0,1.0,410.0,400.0,420.0,8.09294571067e-14,8.09294571067e-14
18.0,180.0,1.0,430.0,420.0,440.0,6.4587235782e-14,6.4587235782e-14
18.0,180.0,1.0,450.0,440.0,460.0,6.21503015587e-14,6.21503015587e-14
18.0,180.0,1.0,470.0,460.0,480.0,5.06962112476e-14,5.06962112476e-14
18.0,180.0,1.0,490.0,480.0,500.0,3.67622422861e-14,3.67622422861e-14
18.0,180.0,1.0,510.0,500.0,520.0,2.37980258329e-14,2.37980258329e-14
18.0,180.0,1.0,530.0,520.0,540.0,1.41423427654e-14,1.41423427654e-14
18.0,180.0,1.0,550.0,540.0,560.0,9.52897872894e-15,9.52897872894e-15
18.0,180.0,1.0,570.0,560.0,580.0,5.2465308489e-15,5.2465308489e-15
18.0,180.0,1.0,590.0,580.0,600.0,4.73332439917e-15,4.73332439917e-15
18.0,180.0,1.0,610.0,600.0,620.0,3.51391522412e-15,3.51391522412e-15
18.0,180.0,1.0,630.0,620.0,640.0,4.35270448785e-15,4.35270448785e-15
18.0,180.0,1.0,650.0,640.0,660.0,5.09062676968e-15,5.09062676968e-15
18.0,180.0,1.0,670.0,660.0,680.0,5.65083257053e-15,5.65083257053e-15
18.0,180.0,1.0,690.0,680.0,700.0,5.65532133242e-15,5.65532133242e-15
18.0,180.0,1.0,710.0,700.0,720.0,5.28242276705e-15,5.28242276705e-15
18.0,180.0,1.0,730.0,720.0,740.0,4.72442063394e-15,4.72442063394e-15
18.0,180.0,1.0,750.0,740.0,760.0,3.94969702748e-15,3.94969702748e-15
18.0,180.0,1.0,770.0,760.0,780.0,3.45468035059e-15,3.45468035059e-15
18.0,180.0,2.0,390.0,380.0,400.0,6.47882976937e-14,6.47882976937e-14
18.0,180.0,2.0,410.0,400.0,420.0,8.44960135066e-14,8.44960135066e-14
18.0,180.0,2.0,430.0,420.0,440.0,6.7429971449e-14,6.7429971449e-14
18.0,180.0,2.0,450.0,440.0,460.0,6.4869683564e-14,6.4869683564e-14
18.0,180.0,2.0,470.0,460.0,480.0,5.28929407274e-14,5.28929407274e-14
18.0,180.0,2.0,490.0,480.0,500.0,3.83353958115e-14,3.83353958115e-14
18.0,180.0,2.0,510.0,500.0,520.0,2.48012991137e-14,2.48012991137e-14
18.0,180.0,2.0,530.0,520.0,540.0,1.47287416195e-14,1.47287416195e-14
18.0,180.0,2.0,550.0,540.0,560.0,9.91690507212e-15,9.91690507212e-15
18.0,180.0,2.0,570.0,560.0,580.0,5.45603662584e-15,5.45603662584e-15
18.0,180.0,2.0,590.0,580.0,600.0,4.91857312969e-15,4.91857312969e-15
18.0,180.0,2.0,610.0,600.0,620.0,3.64867844157e-15,3.64867844157e-15
18.0,180.0,2.0,630.0,620.0,640.0,4.51629535903e-15,4.51629535903e-15
18.0,180.0,2.0,650.0,640.0,660.0,5.27819383522e-15,5.27819383522e-15
18.0,180.0,2.0,670.0,660.0,680.0,5.85504582206e-15,5.85504582206e-15
18.0,180.0,2.0,690.0,680.0,700.0,5.8559008304e-15,5.8559008304e-15
18.0,180.0,2.0,710.0,700.0,720.0,5.46638736504e-15,5.46638736504e-15
18.0,180.0,2.0,730.0,720.0,740.0,4.886077178e-15,4.886077178e-15
18.0,180.0,2.0,750.0,740.0,760.0,4.08258500944e-15,4.08258500944e-15
18.0,180.0,2.0,770.0,760.0,780.0,3.56906974769e-15,3.56906974769e-15
18.0,180.0,3.0,390.0,380.0,400.0,6.64341078827e-14,6.64341078827e-14
18.0,180.0,3.0,410.0,400.0,420.0,8.66146471594e-14,8.66146471594e-14
18.0,180.0,3.0,430.0,420.0,440.0,6.90777103051e-14,6.90777103051e-14
18.0,180.0,3.0,450.0,440.0,460.0,6.63967504008e-14,6.63967504008e-14
18.0,180.0,3.0,470.0,460.0,480.0,5.40794125683e-14,5.40794125683e-14
18.0,180.0,3.0,490.0,480.0,500.0,3.91466845043e-14,3.91466845043e-14
18.0,180.0,3.0,510.0,500.0,520.0,2.52909030837e-14,2.52909030837e-14
18.0,180.0,3.0,530.0,520.0,540.0,1.49970390821e-14,1.49970390821e-14
18.0,180.0,3.0,550.0,540.0,560.0,1.00823637371e-14,1.00823637371e-14
18.0,180.0,3.0,570.0,560.0,580.0,5.538308909e-15,5.538308909e-15
18.0,180.0,3.0,590.0,580.0,600.0,4.98563499356e-15,4.98563499356e-15
18.0,180.0,3.0,610.0,600.0,620.0,3.69303090483e-15,3.69303090483e-15
18.0,180.0,3.0,630.0,620.0,640.0,4.56536036739e-15,4.56536036739e-15
18.0,180.0,3.0,650.0,640.0,660.0,5.32887967826e-15,5.32887967826e-15
18.0,180.0,3.0,670.0,660.0,680.0,5.90396884065e-15,5.90396884065e-15
18.0,180.0,3.0,690.0,680.0,700.0,5.8977119742e-15,5.8977119742e-15
18.0,180.0,3.0,710.0,700.0,720.0,5.49895653994e-15,5.49895653994e-15
18.0,180.0,3.0,730.0,720.0,740.0,4.90959500771e-15,4.90959500771e-15
18.0,180.0,3.0,750.0,740.0,760.0,4.09771460686e-15,4.09771460686e-15
18.0,180.0,3.0,770.0,760.0,780.0,3.57858218493e-15,3.57858218493e-15
18.0,180.0,5.0,390.0,380.0,400.0,6.93987178481e-14,6.93987178481e-14
18.0,180.0,5.0,410.0,400.0,420.0,9.03762265264e-14,9.03762265264e-14
18.0,180.0,5.0,430.0,420.0,440.0,7.19411334444e-14,7.19411334444e-14
18.0,180.0,5.0,450.0,440.0,460.0,6.89742161377e-14,6.89742161377e-14
18.0,180.0,5.0,470.0,460.0,480.0,5.60072599601e-14,5.60072599601e-14
18.0,180.0,5.0,490.0,480.0,500.0,4.04020374126e-14,4.04020374126e-14
18.0,180.0,5.0,510.0,500.0,520.0,2.60015669429e-14,2.60015669429e-14
18.0,180.0,5.0,530.0,520.0,540.0,1.5355002021e-14,1.5355002021e-14
18.0,180.0,5.0,550.0,540.0,560.0,1.02805014316e-14,1.02805014316e-14
18.0,180.0,5.0,570.0,560.0,580.0,5.62278556788e-15,5.62278556788e-15
18.0,180.0,5.0,590.0,580.0,600.0,5.04199799254e-15,5.04199799254e-15
18.0,180.0,5.0,610.0,600.0,620.0,3.71987821813e-15,3.71987821813e-15
18.0,180.0,5.0,630.0,620.0,640.0,4.58238082646e-15,4.58238082646e-15
18.0,180.0,5.0,650.0,640.0,660.0,5.33026816066e-15,5.33026816066e-15
18.0,180.0,5.0,670.0,660.0,680.0,5.88522509958e-15,5.88522509958e-15
18.0,180.0,5.0,690.0,680.0,700.0,5.85920831797e-15,5.85920831797e-15
18.0,180.0,5.0,710.0,700.0,720.0,5.4451572613e-15,5.4451572613e-15
18.0,180.0,5.0,730.0,720.0,740.0,4.84609215235e-15,4.84609215235e-15
18.0,180.0,5.0,750.0,740.0,760.0,4.03224376558e-15,4.03224376558e-15
18.0,180.0,5.0,770.0,760.0,780.0,3.51114093156e-15,3.51114093156e-15
18.0,180.0,8.0,390.0,380.0,400.0,7.3501580526e-14,7.3501580526e-14
18.0,180.0,8.0,410.0,400.0,420.0,9.54662664778e-14,9.54662664778e-14
18.0,180.0,8.0,430.0,420.0,440.0,7.56905734354e-14,7.56905734354e-14
18.0,180.0,8.0,450.0,440.0,460.0,7.22008434702e-14,7.22008434702e-14
18.0,180.0,8.0,470.0,460.0,480.0,5.82790710738e-14,5.82790710738e-14
18.0,180.0,8.0,490.0,480.0,500.0,4.17637087878e-14,4.17637087878e-14
18.0,180.0,8.0,510.0,500.0,520.0,2.66849021256e-14,2.66849021256e-14
18.0,180.0,8.0,530.0,520.0,540.0,1.56393464886e-14,1.56393464886e-14
18.0,180.0,8.0,550.0,540.0,560.0,1.03925158788e-14,1.03925158788e-14
18.0,180.0,8.0,570.0,560.0,580.0,5.64019467732e-15,5.64019467732e-15
18.0,180.0,8.0,590.0,580.0,600.0,5.02238500414e-15,5.02238500414e-15
18.0,180.0,8.0,610.0,600.0,620.0,3.67927458445e-15,3.67927458445e-15
18.0,180.0,8.0,630.0,620.0,640.0,4.50395185905e-15,4.50395185905e-15
18.0,180.0,8.0,650.0,640.0,660.0,5.20696746291e-15,5.20696746291e-15
18.0,180.0,8.0,670.0,660.0,680.0,5.71442991118e-15,5.71442991118e-15
18.0,180.0,8.0,690.0,680.0,700.0,5.65584520836e-15,5.65584520836e-15
18.0,180.0,8.0,710.0,700.0,720.0,5.22646331286e-15,5.22646331286e-15
18.0,180.0,8.0,730.0,720.0,740.0,4.62614509102e-15,4.62614509102e-15
18.0,180.0,8.0,750.0,740.0,760.0,3.82912877076e-15,3.82912877076e-15
18.0,180.0,8.0,770.0,760.0,780.0,3.3178630422e-15,3.3178630422e-15
18.0,180.0,12.0,390.0,380.0,400.0,7.80814468765e-14,7.80814468765e-14
18.0,180.0,12.0,410.0,400.0,420.0,1.00835507608e-13,1.00835507608e-13
18.0,180.0,12.0,430.0,420.0,440.0,7.93681228167e-14,7.93681228167e-14
18.0,180.0,12.0,450.0,440.0,460.0,7.50753861586e-14,7.50753861586e-14
18.0,180.0,12.0,470.0,460.0,480.0,6.00458956526e-14,6.00458956526e-14
18.0,180.0,12.0,490.0,480.0,500.0,4.26156458693e-14,4.26156458693e-14
18.0,180.0,12.0,510.0,500.0,520.0,2.69564598507e-14,2.69564598507e-14
18.0,180.0,12.0,530.0,520.0,540.0,1.56376828872e-14,1.56376828872e-14
18.0,180.0,12.0,550.0,540.0,560.0,1.02891426702e-14,1.02891426702e-14
18.0,180.0,12.0,570.0,560.0,580.0,5.52907321791e-15,5.52907321791e-15
18.0,180.0,12.0,590.0,580.0,600.0,4.8797555585e-15,4.8797555585e-15
18.0,180.0,12.0,610.0,600.0,620.0,3.54343180893e-15,3.54343180893e-15
18.0,180.0,12.0,630.0,620.0,640.0,4.30369549111e-15,4.30369549111e-15
18.0,180.0,12.0,650.0,640.0,660.0,4.9379552355e-15,4.9379552355e-15
18.0,180.0,12.0,670.0,660.0,680.0,5.37965770403e-15,5.37965770403e-15
18.0,180.0,12.0,690.0,680.0,700.0,5.28729778553e-15,5.28729778553e-15
18.0,180.0,12.0,710.0,700.0,720.0,4.85338680056e-15,4.85338680056e-15
18.0,180.0,12.0,730.0,720.0,740.0,4.26871405641e-15,4.26871405641e-15
18.0,180.0,12.0,750.0,740.0,760.0,3.51206396383e-15,3.51206396383e-15
18.0,180.0,12.0,770.0,760.0,780.0,3.02601428091e-15,3.02601428091e-15
18.0,180.0,20.0,390.0,380.0,400.0,8.72353801334e-14,8.72353801334e-14
18.0,180.0,20.0,410.0,400.0,420.0,1.10348938886e-13,1.10348938886e-13
18.0,180.0,20.0,430.0,420.0,440.0,8.50729553397e-14,8.50729553397e-14
18.0,180.0,20.0,450.0,440.0,460.0,7.88461978151e-14,7.88461978151e-14
18.0,180.0,20.0,470.0,460.0,480.0,6.18231593445e-14,6.18231593445e-14
18.0,180.0,20.0,490.0,480.0,500.0,4.30445793602e-14,4.30445793602e-14
18.0,180.0,20.0,510.0,500.0,520.0,2.67278378301e-14,2.67278378301e-14
18.0,180.0,20.0,530.0,520.0,540.0,1.52319458154e-14,1.52319458154e-14
18.0,180.0,20.0,550.0,540.0,560.0,9.85620797152e-15,9.85620797152e-15
18.0,180.0,20.0,570.0,560.0,580.0,5.21232437689e-15,5.21232437689e-15
18.0,180.0,20.0,590.0,580.0,600.0,4.53395349072e-15,4.53395349072e-15
18.0,180.0,20.0,610.0,600.0,620.0,3.24691579144e-15,3.24691579144e-15
18.0,180.0,20.0,630.0,620.0,640.0,3.89440679811e-15,3.89440679811e-15
18.0,180.0,20.0,650.0,640.0,660.0,4.41577973584e-15,4.41577973584e-15
18.0,180.0,20.0,670.0,660.0,680.0,4.75694447189e-15,4.75694447189e-15
18.0,180.0,20.0,690.0,680.0,700.0,4.6258811608e-15,4.6258811608e-15
18.0,180.0,20.0,710.0,700.0,720.0,4.20407041387e-15,4.20407041387e-15
18.0,180.0,20.0,730.0,720.0,740.0,3.66297256177e-15,3.66297256177e-15
18.0,180.0,20.0,750.0,740.0,760.0,2.98709843901e-15,2.98709843901e-15
18.0,180.0,20.0,770.0,760.0,780.0,2.55241038376e-15,2.55241038376e-15
18.0,180.0,30.0,390.0,380.0,400.0,9.78189027947e-14,9.78189027947e-14
18.0,180.0,30.0,410.0,400.0,420.0,1.20344469404e-13,1.20344469404e-13
18.0,180.0,30.0,430.0,420.0,440.0,9.0486662583e-14,9.0486662583e-14
18.0,180.0,30.0,450.0,440.0,460.0,8.19991216822e-14,8.19991216822e-14
18.0,180.0,30.0,470.0,460.0,480.0,6.30069113719e-14,6.30069113719e-14
18.0,180.0,30.0,490.0,480.0,500.0,4.30733679855e-14,4.30733679855e-14
18.0,180.0,30.0,510.0,500.0,520.0,2.6303738498e-14,2.6303738498e-14
18.0,180.0,30.0,530.0,520.0,540.0,1.47646419189e-14,1.47646419189e-14
18.0,180.0,30.0,550.0,540.0,560.0,9.42200711787e-15,9.42200711787e-15
18.0,180.0,30.0,570.0,560.0,580.0,4.91945408169e-15,4.91945408169e-15
18.0,180.0,30.0,590.0,580.0,600.0,4.22943039692e-15,4.22943039692e-15
18.0,180.0,30.0,610.0,600.0,620.0,2.99599184129e-15,2.99599184129e-15
18.0,180.0,30.0,630.0,620.0,640.0,3.55770185671e-15,3.55770185671e-15
18.0,180.0,30.0,650.0,640.0,660.0,3.99671109975e-15,3.99671109975e-15
18.0,180.0,30.0,670.0,660.0,680.0,4.26793892085e-15,4.26793892085e-15
18.0,180.0,30.0,690.0,680.0,700.0,4.11629211416e-15,4.11629211416e-15
18.0,180.0,30.0,710.0,700.0,720.0,3.71219215429e-15,3.71219215429e-15
18.0,180.0,30.0,730.0,720.0,740.0,3.21091861997e-15,3.21091861997e-15
18.0,180.0,30.0,750.0,740.0,760.0,2.6003752018e-15,2.6003752018e-15
18.0,180.0,30.0,770.0,760.0,780.0,2.20740052921e-15,2.20740052921e-15
18.0,180.0,45.0,390.0,380.0,400.0,1.00591361158e-13,1.00591361158e-13
18.0,180.0,45.0,410.0,400.0,420.0,1.21390866917e-13,1.21390866917e-13
18.0,180.0,45.0,430.0,420.0,440.0,8.97121219099e-14,8.97121219099e-14
18.0,180.0,45.0,450.0,440.0,460.0,8.00527339321e-14,8.00527339321e-14
18.0,180.0,45.0,470.0,460.0,480.0,6.06670902447e-14,6.06670902447e-14
18.0,180.0,45.0,490.0,480.0,500.0,4.09617844189e-14,4.09617844189e-14
18.0,180.0,45.0,510.0,500.0,520.0,2.47353701154e-14,2.47353701154e-14
18.0,180.0,45.0,530.0,520.0,540.0,1.37446138393e-14,1.37446138393e-14
18.0,180.0,45.0,550.0,540.0,560.0,8.68961916376e-15,8.68961916376e-15
18.0,180.0,45.0,570.0,560.0,580.0,4.4987553022e-15,4.4987553022e-15
18.0,180.0,45.0,590.0,580.0,600.0,3.8368703843e-15,3.8368703843e-15
18.0,180.0,45.0,610.0,600.0,620.0,2.69788676466e-15,2.69788676466e-15
18.0,180.0,45.0,630.0,620.0,640.0,3.18129795645e-15,3.18129795645e-15
18.0,180.0,45.0,650.0,640.0,660.0,3.55062778959e-15,3.55062778959e-15
18.0,180.0,45.0,670.0,660.0,680.0,3.76837322796e-15,3.76837322796e-15
18.0,180.0,45.0,690.0,680.0,700.0,3.61354763463e-15,3.61354763463e-15
18.0,180.0,45.0,710.0,700.0,720.0,3.24118970781e-15,3.24118970781e-15
18.0,180.0,45.0,730.0,720.0,740.0,2.78914286886e-15,2.78914286886e-15
18.0,180.0,45.0,750.0,740.0,760.0,2.24774435512e-15,2.24774435512e-15
18.0,180.0,45.0,770.0,760.0,780.0,1.89907686853e-15,1.89907686853e-15
18.0,180.0,60.0,390.0,380.0,400.0,1.0085951859e-13,1.0085951859e-13
18.0,180.0,60.0,410.0,400.0,420.0,1.20709539253e-13,1.20709539253e-13
18.0,180.0,60.0,430.0,420.0,440.0,8.85578654939e-14,8.85578654939e-14
18.0,180.0,60.0,450.0,440.0,460.0,7.85136570385e-14,7.85136570385e-14
18.0,180.0,60.0,470.0,460.0,480.0,5.91610913724e-14,5.91610913724e-14
18.0,180.0,60.0,490.0,480.0,500.0,3.97422068878e-14,3.97422068878e-14
18.0,180.0,60.0,510.0,500.0,520.0,2.38906441449e-14,2.38906441449e-14
18.0,180.0,60.0,530.0,520.0,540.0,1.32220735607e-14,1.32220735607e-14
18.0,180.0,60.0,550.0,540.0,560.0,8.32761116154e-15,8.32761116154e-15
18.0,180.0,60.0,570.0,560.0,580.0,4.29678390464e-15,4.29678390464e-15
18.0,180.0,60.0,590.0,580.0,600.0,3.65190152169e-15,3.65190152169e-15
18.0,180.0,60.0,610.0,600.0,620.0,2.55966136462e-15,2.55966136462e-15
18.0,180.0,60.0,630.0,620.0,640.0,3.00833321882e-15,3.00833321882e-15
18.0,180.0,60.0,650.0,640.0,660.0,3.34709079972e-15,3.34709079972e-15
18.0,180.0,60.0,670.0,660.0,680.0,3.54179177801e-15,3.54179177801e-15
18.0,180.0,60.0,690.0,680.0,700.0,3.38665618819e-15,3.38665618819e-15
18.0,180.0,60.0,710.0,700.0,720.0,3.02948445676e-15,3.02948445676e-15
18.0,180.0,60.0,730.0,720.0,740.0,2.60017621721e-15,2.60017621721e-15
18.0,180.0,60.0,750.0,740.0,760.0,2.09018138162e-15,2.09018138162e-15
18.0,180.0,60.0,770.0,760.0,780.0,1.76154299285e-15,1.76154299285e-15
18.0,180.0,90.0,390.0,380.0,400.0,1.11224431671e-13,1.11224431671e-13
18.0,180.0,90.0,410.0,400.0,420.0,1.36065315171e-13,1.36065315171e-13
18.0,180.0,90.0,430.0,420.0,440.0,1.02127277541e-13,1.02127277541e-13
18.0,180.0,90.0,450.0,440.0,460.0,9.26619807822e-14,9.26619807822e-14
18.0,180.0,90.0,470.0,460.0,480.0,7.14385814542e-14,7.14385814542e-14
18.0,180.0,90.0,490.0,480.0,500.0,4.90718115704e-14,4.90718115704e-14
18.0,180.0,90.0,510.0,500.0,520.0,3.0142886937e-14,3.0142886937e-14
18.0,180.0,90.0,530.0,520.0,540.0,1.70306403841e-14,1.70306403841e-14
18.0,180.0,90.0,550.0,540.0,560.0,1.09286293091e-14,1.09286293091e-14
18.0,180.0,90.0,570.0,560.0,580.0,5.73928506397e-15,5.73928506397e-15
18.0,180.0,90.0,590.0,580.0,600.0,4.95050910605e-15,4.95050910605e-15
18.0,180.0,90.0,610.0,600.0,620.0,3.5177878061e-15,3.5177878061e-15
18.0,180.0,90.0,630.0,620.0,640.0,4.18110902698e-15,4.18110902698e-15
18.0,180.0,90.0,650.0,640.0,660.0,4.69934136701e-15,4.69934136701e-15
18.0,180.0,90.0,670.0,660.0,680.0,5.01809391366e-15,5.01809391366e-15
18.0,180.0,90.0,690.0,680.0,700.0,4.83732456368e-15,4.83732456368e-15
18.0,180.0,90.0,710.0,700.0,720.0,4.35829465976e-15,4.35829465976e-15
18.0,180.0,90.0,730.0,720.0,740.0,3.76400473008e-15,3.76400473008e-15
18.0,180.0,90.0,750.0,740.0,760.0,3.0419819507e-15,3.0419819507e-15
18.0,180.0,90.0,770.0,760.0,780.0,2.57499891571e-15,2.57499891571e-15
